I 06.08/06:36:43 main.py:23  ] => Experiment directory: /home/hujiacong/zxd/Huawei/TransNet/exps/WAIRD/seed797/scenario_2/06401_fc_decoder_256_512_torch_independent
I 06.08/06:36:43 main.py:24  ] => PyTorch Version: 2.5.1
I 06.08/06:36:43 main.py:26  ] ==================================================
I 06.08/06:36:43 main.py:30  ] => Arguments:
	train_path: data/scenario_2/06401/train.pt
	val_path: data/scenario_2/06401/test.pt
	test_path: data/scenario_2/06401/test.pt
	batch_size: 32
	workers: 0
	evaluate: False
	pretrained: exps/WAIRD/seed797/base/torch_independent/checkpoints/best_nmse.pth
	resume: None
	seed: 797
	gpu: 3
	cpu: False
	cpu_affinity: None
	epochs: 200
	cr: 4
	exp_name: WAIRD/seed797/scenario_2/06401_fc_decoder_256_512_torch_independent
	channel: 2
	nt: 64
	nc: 64
	d_model: 64
	dim_feedforward: 2048
	fc_lora: False
	fc_lora_rank: None
	layer_sharing: independent
	transformer_backend: torch
	scheduler: cosine
	lr_init: 0.0005
	weight_decay: 0.0
	freeze_components: []
	lora_component: ['fc_decoder']
	lora_pretrained: None
	lora_rank: 256
	lora_alpha: 512
I 06.08/06:36:43 main.py:31  ] ==================================================
I 06.08/06:36:43 init.py:17  ] Random seed set to 797
I 06.08/06:36:43 init.py:236 ] Running on GPU 3
I 06.08/06:36:43 dataloader.py:69  ] data/scenario_2/06401/train.pt loaded.
I 06.08/06:36:43 dataloader.py:74  ] data/scenario_2/06401/test.pt loaded.
I 06.08/06:36:43 dataloader.py:79  ] data/scenario_2/06401/test.pt loaded.
I 06.08/06:36:46 init.py:277 ] pretrained model loaded from exps/WAIRD/seed797/base/torch_independent/checkpoints/best_nmse.pth
I 06.08/06:36:46 init.py:195 ] => LoRA enabled on components: fc_decoder; target_modules=['fc_decoder']; (rank=256, alpha=512); 2621440/37344512 scalar params trainable
I 06.08/06:36:49 init.py:306 ] => Model Name: TransNet [pretrained: exps/WAIRD/seed797/base/torch_independent/checkpoints/best_nmse.pth]
I 06.08/06:36:49 init.py:307 ] => Model Config: compression ratio=1/4; input shape=(2, 64, 64); input dim=8192; layer sharing=independent; transformer backend=torch; fc_lora=False; fc_lora_rank=None
I 06.08/06:36:49 init.py:314 ] => Model Flops: 1.7079e+02M
I 06.08/06:36:49 init.py:315 ] => Model Params Num: 3.7245e+01M

I 06.08/06:36:49 init.py:316 ] 
==================================================
Transformer(
  (encoder): TransformerEncoder(
    (layers): ModuleList(
      (0-1): 2 x TransformerEncoderLayer(
        (self_attn): MultiheadAttention(
          (out_proj): NonDynamicallyQuantizableLinear(in_features=64, out_features=64, bias=True)
        )
        (linear1): Linear(in_features=64, out_features=2048, bias=True)
        (dropout): Dropout(p=0.0, inplace=False)
        (linear2): Linear(in_features=2048, out_features=64, bias=True)
        (norm1): LayerNorm((64,), eps=1e-05, elementwise_affine=True)
        (norm2): LayerNorm((64,), eps=1e-05, elementwise_affine=True)
        (dropout1): Dropout(p=0.0, inplace=False)
        (dropout2): Dropout(p=0.0, inplace=False)
      )
    )
    (norm): LayerNorm((64,), eps=1e-05, elementwise_affine=True)
  )
  (decoder): TransformerDecoder(
    (layers): ModuleList(
      (0-1): 2 x TransformerDecoderLayer(
        (self_attn): MultiheadAttention(
          (out_proj): NonDynamicallyQuantizableLinear(in_features=64, out_features=64, bias=True)
        )
        (multihead_attn): MultiheadAttention(
          (out_proj): NonDynamicallyQuantizableLinear(in_features=64, out_features=64, bias=True)
        )
        (linear1): Linear(in_features=64, out_features=2048, bias=True)
        (dropout): Dropout(p=0.0, inplace=False)
        (linear2): Linear(in_features=2048, out_features=64, bias=True)
        (norm1): LayerNorm((64,), eps=1e-05, elementwise_affine=True)
        (norm2): LayerNorm((64,), eps=1e-05, elementwise_affine=True)
        (norm3): LayerNorm((64,), eps=1e-05, elementwise_affine=True)
        (dropout1): Dropout(p=0.0, inplace=False)
        (dropout2): Dropout(p=0.0, inplace=False)
        (dropout3): Dropout(p=0.0, inplace=False)
      )
    )
    (norm): LayerNorm((64,), eps=1e-05, elementwise_affine=True)
  )
  (fc_encoder): Linear(in_features=8192, out_features=2048, bias=True)
  (fc_decoder): LoRALinear(
    (base_layer): Linear(in_features=2048, out_features=8192, bias=True)
    (lora_A): Linear(in_features=2048, out_features=256, bias=False)
    (lora_B): Linear(in_features=256, out_features=8192, bias=False)
  )
)
==================================================

I 06.08/06:36:49 init.py:216 ] 
encoder.layers.0.self_attn.in_proj_weight                         False    (192, 64)
encoder.layers.0.self_attn.in_proj_bias                           False    (192,)
encoder.layers.0.self_attn.out_proj.weight                        False    (64, 64)
encoder.layers.0.self_attn.out_proj.bias                          False    (64,)
encoder.layers.0.linear1.weight                                   False    (2048, 64)
encoder.layers.0.linear1.bias                                     False    (2048,)
encoder.layers.0.linear2.weight                                   False    (64, 2048)
encoder.layers.0.linear2.bias                                     False    (64,)
encoder.layers.0.norm1.weight                                     False    (64,)
encoder.layers.0.norm1.bias                                       False    (64,)
encoder.layers.0.norm2.weight                                     False    (64,)
encoder.layers.0.norm2.bias                                       False    (64,)
encoder.layers.1.self_attn.in_proj_weight                         False    (192, 64)
encoder.layers.1.self_attn.in_proj_bias                           False    (192,)
encoder.layers.1.self_attn.out_proj.weight                        False    (64, 64)
encoder.layers.1.self_attn.out_proj.bias                          False    (64,)
encoder.layers.1.linear1.weight                                   False    (2048, 64)
encoder.layers.1.linear1.bias                                     False    (2048,)
encoder.layers.1.linear2.weight                                   False    (64, 2048)
encoder.layers.1.linear2.bias                                     False    (64,)
encoder.layers.1.norm1.weight                                     False    (64,)
encoder.layers.1.norm1.bias                                       False    (64,)
encoder.layers.1.norm2.weight                                     False    (64,)
encoder.layers.1.norm2.bias                                       False    (64,)
encoder.norm.weight                                               False    (64,)
encoder.norm.bias                                                 False    (64,)
decoder.layers.0.self_attn.in_proj_weight                         False    (192, 64)
decoder.layers.0.self_attn.in_proj_bias                           False    (192,)
decoder.layers.0.self_attn.out_proj.weight                        False    (64, 64)
decoder.layers.0.self_attn.out_proj.bias                          False    (64,)
decoder.layers.0.multihead_attn.in_proj_weight                    False    (192, 64)
decoder.layers.0.multihead_attn.in_proj_bias                      False    (192,)
decoder.layers.0.multihead_attn.out_proj.weight                   False    (64, 64)
decoder.layers.0.multihead_attn.out_proj.bias                     False    (64,)
decoder.layers.0.linear1.weight                                   False    (2048, 64)
decoder.layers.0.linear1.bias                                     False    (2048,)
decoder.layers.0.linear2.weight                                   False    (64, 2048)
decoder.layers.0.linear2.bias                                     False    (64,)
decoder.layers.0.norm1.weight                                     False    (64,)
decoder.layers.0.norm1.bias                                       False    (64,)
decoder.layers.0.norm2.weight                                     False    (64,)
decoder.layers.0.norm2.bias                                       False    (64,)
decoder.layers.0.norm3.weight                                     False    (64,)
decoder.layers.0.norm3.bias                                       False    (64,)
decoder.layers.1.self_attn.in_proj_weight                         False    (192, 64)
decoder.layers.1.self_attn.in_proj_bias                           False    (192,)
decoder.layers.1.self_attn.out_proj.weight                        False    (64, 64)
decoder.layers.1.self_attn.out_proj.bias                          False    (64,)
decoder.layers.1.multihead_attn.in_proj_weight                    False    (192, 64)
decoder.layers.1.multihead_attn.in_proj_bias                      False    (192,)
decoder.layers.1.multihead_attn.out_proj.weight                   False    (64, 64)
decoder.layers.1.multihead_attn.out_proj.bias                     False    (64,)
decoder.layers.1.linear1.weight                                   False    (2048, 64)
decoder.layers.1.linear1.bias                                     False    (2048,)
decoder.layers.1.linear2.weight                                   False    (64, 2048)
decoder.layers.1.linear2.bias                                     False    (64,)
decoder.layers.1.norm1.weight                                     False    (64,)
decoder.layers.1.norm1.bias                                       False    (64,)
decoder.layers.1.norm2.weight                                     False    (64,)
decoder.layers.1.norm2.bias                                       False    (64,)
decoder.layers.1.norm3.weight                                     False    (64,)
decoder.layers.1.norm3.bias                                       False    (64,)
decoder.norm.weight                                               False    (64,)
decoder.norm.bias                                                 False    (64,)
fc_encoder.weight                                                 False    (2048, 8192)
fc_encoder.bias                                                   False    (2048,)
fc_decoder.base_layer.weight                                      False    (8192, 2048)
fc_decoder.base_layer.bias                                        False    (8192,)
fc_decoder.lora_A.weight                                          True     (256, 2048)
fc_decoder.lora_B.weight                                          True     (8192, 256)
==================================================
I 06.08/06:36:53 solver.py:405 ] [20/32] loss: 9.3748e-03 | NMSE: -1.6774e+01 | time: 0.076
I 06.08/06:36:54 solver.py:413 ] => Test NMSE: -1.7823e+01

I 06.08/06:36:54 solver.py:345 ] => LoRA monitor [before_train] | trainable=2621440/2621440 | non_lora_trainable=0 | lora_l2=9.238143e+00 | lora_A_l2=9.238143e+00 | lora_B_l2=0.000000e+00 | component_l2=fc_decoder:9.238143e+00 | lora_abs_max=2.209706e-02 | delta_l2=0.000000e+00 | delta_rel=0.000000e+00 | test_loss=8.254184e-03 | nmse=-1.782296e+01
I 06.08/06:36:55 solver.py:159 ] Epoch: [1/200][20/282] lr: 1.77e-06 | MSE loss: 7.2724e-03 | time: 0.064
I 06.08/06:36:56 solver.py:159 ] Epoch: [1/200][40/282] lr: 3.55e-06 | MSE loss: 7.7956e-03 | time: 0.061
I 06.08/06:36:57 solver.py:159 ] Epoch: [1/200][60/282] lr: 5.32e-06 | MSE loss: 7.9639e-03 | time: 0.060
I 06.08/06:36:58 solver.py:159 ] Epoch: [1/200][80/282] lr: 7.09e-06 | MSE loss: 7.8999e-03 | time: 0.060
I 06.08/06:37:00 solver.py:159 ] Epoch: [1/200][100/282] lr: 8.87e-06 | MSE loss: 7.8469e-03 | time: 0.060
I 06.08/06:37:03 solver.py:159 ] Epoch: [1/200][120/282] lr: 1.06e-05 | MSE loss: 7.9557e-03 | time: 0.076
I 06.08/06:37:05 solver.py:159 ] Epoch: [1/200][140/282] lr: 1.24e-05 | MSE loss: 8.3679e-03 | time: 0.082
I 06.08/06:37:06 solver.py:159 ] Epoch: [1/200][160/282] lr: 1.42e-05 | MSE loss: 8.4843e-03 | time: 0.080
I 06.08/06:37:08 solver.py:159 ] Epoch: [1/200][180/282] lr: 1.60e-05 | MSE loss: 8.2735e-03 | time: 0.078
I 06.08/06:37:09 solver.py:159 ] Epoch: [1/200][200/282] lr: 1.77e-05 | MSE loss: 8.2483e-03 | time: 0.077
I 06.08/06:37:10 solver.py:159 ] Epoch: [1/200][220/282] lr: 1.95e-05 | MSE loss: 8.1428e-03 | time: 0.076
I 06.08/06:37:12 solver.py:159 ] Epoch: [1/200][240/282] lr: 2.13e-05 | MSE loss: 8.0874e-03 | time: 0.075
I 06.08/06:37:13 solver.py:159 ] Epoch: [1/200][260/282] lr: 2.30e-05 | MSE loss: 8.1226e-03 | time: 0.074
I 06.08/06:37:14 solver.py:159 ] Epoch: [1/200][280/282] lr: 2.48e-05 | MSE loss: 8.1742e-03 | time: 0.073
I 06.08/06:37:14 solver.py:169 ] => Train  Loss: 8.1506e-03

I 06.08/06:37:15 solver.py:405 ] [20/32] loss: 9.3641e-03 | NMSE: -1.6779e+01 | time: 0.058
I 06.08/06:37:16 solver.py:413 ] => Test NMSE: -1.7828e+01

I 06.08/06:37:16 solver.py:345 ] => LoRA monitor [epoch=1] | trainable=2621440/2621440 | non_lora_trainable=0 | lora_l2=9.292808e+00 | lora_A_l2=9.280477e+00 | lora_B_l2=4.785541e-01 | component_l2=fc_decoder:9.292808e+00 | lora_abs_max=2.388791e-02 | delta_l2=5.697059e-01 | delta_rel=6.166888e-02 | train_loss=8.150646e-03 | test_loss=8.243985e-03 | nmse=-1.782833e+01
I 06.08/06:37:17 solver.py:224 ] 
=! Best NMSE: -1.7828e+01 (epoch=1)

I 06.08/06:37:18 solver.py:159 ] Epoch: [2/200][20/282] lr: 2.68e-05 | MSE loss: 6.1417e-03 | time: 0.064
I 06.08/06:37:19 solver.py:159 ] Epoch: [2/200][40/282] lr: 2.85e-05 | MSE loss: 7.1509e-03 | time: 0.065
I 06.08/06:37:20 solver.py:159 ] Epoch: [2/200][60/282] lr: 3.03e-05 | MSE loss: 7.8148e-03 | time: 0.064
I 06.08/06:37:22 solver.py:159 ] Epoch: [2/200][80/282] lr: 3.21e-05 | MSE loss: 8.0557e-03 | time: 0.065
I 06.08/06:37:23 solver.py:159 ] Epoch: [2/200][100/282] lr: 3.39e-05 | MSE loss: 8.0683e-03 | time: 0.065
I 06.08/06:37:24 solver.py:159 ] Epoch: [2/200][120/282] lr: 3.56e-05 | MSE loss: 8.2593e-03 | time: 0.065
I 06.08/06:37:26 solver.py:159 ] Epoch: [2/200][140/282] lr: 3.74e-05 | MSE loss: 7.9717e-03 | time: 0.066
I 06.08/06:37:27 solver.py:159 ] Epoch: [2/200][160/282] lr: 3.92e-05 | MSE loss: 8.1901e-03 | time: 0.067
I 06.08/06:37:29 solver.py:159 ] Epoch: [2/200][180/282] lr: 4.10e-05 | MSE loss: 7.9020e-03 | time: 0.068
I 06.08/06:37:30 solver.py:159 ] Epoch: [2/200][200/282] lr: 4.27e-05 | MSE loss: 7.8492e-03 | time: 0.067
I 06.08/06:37:31 solver.py:159 ] Epoch: [2/200][220/282] lr: 4.45e-05 | MSE loss: 7.9890e-03 | time: 0.067
I 06.08/06:37:33 solver.py:159 ] Epoch: [2/200][240/282] lr: 4.63e-05 | MSE loss: 7.8755e-03 | time: 0.067
I 06.08/06:37:34 solver.py:159 ] Epoch: [2/200][260/282] lr: 4.80e-05 | MSE loss: 7.9549e-03 | time: 0.067
I 06.08/06:37:35 solver.py:159 ] Epoch: [2/200][280/282] lr: 4.98e-05 | MSE loss: 8.1294e-03 | time: 0.068
I 06.08/06:37:36 solver.py:169 ] => Train  Loss: 8.2492e-03

I 06.08/06:37:37 solver.py:405 ] [20/32] loss: 9.3615e-03 | NMSE: -1.6780e+01 | time: 0.056
I 06.08/06:37:37 solver.py:413 ] => Test NMSE: -1.7830e+01

I 06.08/06:37:37 solver.py:345 ] => LoRA monitor [epoch=2] | trainable=2621440/2621440 | non_lora_trainable=0 | lora_l2=9.380245e+00 | lora_A_l2=9.327804e+00 | lora_B_l2=9.904844e-01 | component_l2=fc_decoder:9.380245e+00 | lora_abs_max=2.537338e-02 | delta_l2=1.204652e+00 | delta_rel=1.303998e-01 | train_loss=8.249188e-03 | test_loss=8.241761e-03 | nmse=-1.782950e+01
I 06.08/06:37:38 solver.py:224 ] 
=! Best NMSE: -1.7830e+01 (epoch=2)

I 06.08/06:37:39 solver.py:159 ] Epoch: [3/200][20/282] lr: 5.18e-05 | MSE loss: 8.7048e-03 | time: 0.066
I 06.08/06:37:41 solver.py:159 ] Epoch: [3/200][40/282] lr: 5.35e-05 | MSE loss: 7.4436e-03 | time: 0.064
I 06.08/06:37:42 solver.py:159 ] Epoch: [3/200][60/282] lr: 5.53e-05 | MSE loss: 7.0896e-03 | time: 0.066
I 06.08/06:37:43 solver.py:159 ] Epoch: [3/200][80/282] lr: 5.71e-05 | MSE loss: 7.1664e-03 | time: 0.066
I 06.08/06:37:45 solver.py:159 ] Epoch: [3/200][100/282] lr: 5.89e-05 | MSE loss: 7.4414e-03 | time: 0.067
I 06.08/06:37:46 solver.py:159 ] Epoch: [3/200][120/282] lr: 6.06e-05 | MSE loss: 7.2209e-03 | time: 0.068
I 06.08/06:37:48 solver.py:159 ] Epoch: [3/200][140/282] lr: 6.24e-05 | MSE loss: 7.3559e-03 | time: 0.069
I 06.08/06:37:49 solver.py:159 ] Epoch: [3/200][160/282] lr: 6.42e-05 | MSE loss: 7.6457e-03 | time: 0.069
I 06.08/06:37:50 solver.py:159 ] Epoch: [3/200][180/282] lr: 6.60e-05 | MSE loss: 7.7133e-03 | time: 0.068
I 06.08/06:37:52 solver.py:159 ] Epoch: [3/200][200/282] lr: 6.77e-05 | MSE loss: 7.6945e-03 | time: 0.068
I 06.08/06:37:53 solver.py:159 ] Epoch: [3/200][220/282] lr: 6.95e-05 | MSE loss: 7.9890e-03 | time: 0.067
I 06.08/06:37:54 solver.py:159 ] Epoch: [3/200][240/282] lr: 7.13e-05 | MSE loss: 8.1824e-03 | time: 0.068
I 06.08/06:37:56 solver.py:159 ] Epoch: [3/200][260/282] lr: 7.30e-05 | MSE loss: 8.0632e-03 | time: 0.068
I 06.08/06:37:57 solver.py:159 ] Epoch: [3/200][280/282] lr: 7.48e-05 | MSE loss: 8.1453e-03 | time: 0.068
I 06.08/06:37:57 solver.py:169 ] => Train  Loss: 8.1434e-03

I 06.08/06:37:59 solver.py:405 ] [20/32] loss: 9.3598e-03 | NMSE: -1.6780e+01 | time: 0.070
I 06.08/06:37:59 solver.py:413 ] => Test NMSE: -1.7830e+01

I 06.08/06:37:59 solver.py:345 ] => LoRA monitor [epoch=3] | trainable=2621440/2621440 | non_lora_trainable=0 | lora_l2=9.493345e+00 | lora_A_l2=9.364884e+00 | lora_B_l2=1.556457e+00 | component_l2=fc_decoder:9.493345e+00 | lora_abs_max=2.868504e-02 | delta_l2=1.921701e+00 | delta_rel=2.080181e-01 | train_loss=8.143408e-03 | test_loss=8.240636e-03 | nmse=-1.783009e+01
I 06.08/06:38:00 solver.py:224 ] 
=! Best NMSE: -1.7830e+01 (epoch=3)

I 06.08/06:38:02 solver.py:159 ] Epoch: [4/200][20/282] lr: 7.68e-05 | MSE loss: 7.3430e-03 | time: 0.109
I 06.08/06:38:05 solver.py:159 ] Epoch: [4/200][40/282] lr: 7.85e-05 | MSE loss: 6.2475e-03 | time: 0.127
I 06.08/06:38:06 solver.py:159 ] Epoch: [4/200][60/282] lr: 8.03e-05 | MSE loss: 7.2411e-03 | time: 0.106
I 06.08/06:38:08 solver.py:159 ] Epoch: [4/200][80/282] lr: 8.21e-05 | MSE loss: 7.5985e-03 | time: 0.097
I 06.08/06:38:09 solver.py:159 ] Epoch: [4/200][100/282] lr: 8.39e-05 | MSE loss: 7.8324e-03 | time: 0.091
I 06.08/06:38:10 solver.py:159 ] Epoch: [4/200][120/282] lr: 8.56e-05 | MSE loss: 7.5212e-03 | time: 0.088
I 06.08/06:38:12 solver.py:159 ] Epoch: [4/200][140/282] lr: 8.74e-05 | MSE loss: 7.5096e-03 | time: 0.085
I 06.08/06:38:13 solver.py:159 ] Epoch: [4/200][160/282] lr: 8.92e-05 | MSE loss: 7.8501e-03 | time: 0.082
I 06.08/06:38:14 solver.py:159 ] Epoch: [4/200][180/282] lr: 9.10e-05 | MSE loss: 7.7512e-03 | time: 0.080
I 06.08/06:38:16 solver.py:159 ] Epoch: [4/200][200/282] lr: 9.27e-05 | MSE loss: 7.9238e-03 | time: 0.079
I 06.08/06:38:17 solver.py:159 ] Epoch: [4/200][220/282] lr: 9.45e-05 | MSE loss: 8.0557e-03 | time: 0.078
I 06.08/06:38:19 solver.py:159 ] Epoch: [4/200][240/282] lr: 9.63e-05 | MSE loss: 8.1005e-03 | time: 0.078
I 06.08/06:38:20 solver.py:159 ] Epoch: [4/200][260/282] lr: 9.80e-05 | MSE loss: 8.2574e-03 | time: 0.077
I 06.08/06:38:22 solver.py:159 ] Epoch: [4/200][280/282] lr: 9.98e-05 | MSE loss: 8.1604e-03 | time: 0.077
I 06.08/06:38:22 solver.py:169 ] => Train  Loss: 8.1555e-03

I 06.08/06:38:23 solver.py:405 ] [20/32] loss: 9.3597e-03 | NMSE: -1.6780e+01 | time: 0.074
I 06.08/06:38:24 solver.py:413 ] => Test NMSE: -1.7830e+01

I 06.08/06:38:24 solver.py:345 ] => LoRA monitor [epoch=4] | trainable=2621440/2621440 | non_lora_trainable=0 | lora_l2=9.636651e+00 | lora_A_l2=9.403309e+00 | lora_B_l2=2.107802e+00 | component_l2=fc_decoder:9.636651e+00 | lora_abs_max=3.117234e-02 | delta_l2=2.600437e+00 | delta_rel=2.814892e-01 | train_loss=8.155498e-03 | test_loss=8.240697e-03 | nmse=-1.783006e+01
I 06.08/06:38:24 solver.py:224 ] 
=! Best NMSE: -1.7830e+01 (epoch=3)

I 06.08/06:38:26 solver.py:159 ] Epoch: [5/200][20/282] lr: 1.02e-04 | MSE loss: 7.3212e-03 | time: 0.077
I 06.08/06:38:27 solver.py:159 ] Epoch: [5/200][40/282] lr: 1.04e-04 | MSE loss: 8.4155e-03 | time: 0.081
I 06.08/06:38:29 solver.py:159 ] Epoch: [5/200][60/282] lr: 1.05e-04 | MSE loss: 8.5225e-03 | time: 0.079
I 06.08/06:38:30 solver.py:159 ] Epoch: [5/200][80/282] lr: 1.07e-04 | MSE loss: 8.6671e-03 | time: 0.076
I 06.08/06:38:32 solver.py:159 ] Epoch: [5/200][100/282] lr: 1.09e-04 | MSE loss: 8.4949e-03 | time: 0.074
I 06.08/06:38:33 solver.py:159 ] Epoch: [5/200][120/282] lr: 1.11e-04 | MSE loss: 8.3614e-03 | time: 0.075
I 06.08/06:38:35 solver.py:159 ] Epoch: [5/200][140/282] lr: 1.12e-04 | MSE loss: 8.3658e-03 | time: 0.076
I 06.08/06:38:36 solver.py:159 ] Epoch: [5/200][160/282] lr: 1.14e-04 | MSE loss: 8.4168e-03 | time: 0.076
I 06.08/06:38:38 solver.py:159 ] Epoch: [5/200][180/282] lr: 1.16e-04 | MSE loss: 8.2800e-03 | time: 0.075
I 06.08/06:38:39 solver.py:159 ] Epoch: [5/200][200/282] lr: 1.18e-04 | MSE loss: 8.0244e-03 | time: 0.075
I 06.08/06:38:40 solver.py:159 ] Epoch: [5/200][220/282] lr: 1.20e-04 | MSE loss: 8.0725e-03 | time: 0.074
I 06.08/06:38:42 solver.py:159 ] Epoch: [5/200][240/282] lr: 1.21e-04 | MSE loss: 7.9637e-03 | time: 0.075
I 06.08/06:38:44 solver.py:159 ] Epoch: [5/200][260/282] lr: 1.23e-04 | MSE loss: 8.0655e-03 | time: 0.075
I 06.08/06:38:45 solver.py:159 ] Epoch: [5/200][280/282] lr: 1.25e-04 | MSE loss: 8.1697e-03 | time: 0.075
I 06.08/06:38:45 solver.py:169 ] => Train  Loss: 8.1396e-03

I 06.08/06:38:47 solver.py:405 ] [20/32] loss: 9.3583e-03 | NMSE: -1.6781e+01 | time: 0.088
I 06.08/06:38:48 solver.py:413 ] => Test NMSE: -1.7831e+01

I 06.08/06:38:48 solver.py:345 ] => LoRA monitor [epoch=5] | trainable=2621440/2621440 | non_lora_trainable=0 | lora_l2=9.804225e+00 | lora_A_l2=9.439664e+00 | lora_B_l2=2.648692e+00 | component_l2=fc_decoder:9.804225e+00 | lora_abs_max=3.209458e-02 | delta_l2=3.245997e+00 | delta_rel=3.513690e-01 | train_loss=8.139576e-03 | test_loss=8.239630e-03 | nmse=-1.783062e+01
I 06.08/06:38:48 solver.py:224 ] 
=! Best NMSE: -1.7831e+01 (epoch=5)

I 06.08/06:38:50 solver.py:159 ] Epoch: [6/200][20/282] lr: 1.27e-04 | MSE loss: 9.2685e-03 | time: 0.073
I 06.08/06:38:52 solver.py:159 ] Epoch: [6/200][40/282] lr: 1.29e-04 | MSE loss: 9.1614e-03 | time: 0.080
I 06.08/06:38:53 solver.py:159 ] Epoch: [6/200][60/282] lr: 1.30e-04 | MSE loss: 8.0945e-03 | time: 0.078
I 06.08/06:38:55 solver.py:159 ] Epoch: [6/200][80/282] lr: 1.32e-04 | MSE loss: 8.4314e-03 | time: 0.077
I 06.08/06:38:56 solver.py:159 ] Epoch: [6/200][100/282] lr: 1.34e-04 | MSE loss: 7.9786e-03 | time: 0.077
I 06.08/06:38:58 solver.py:159 ] Epoch: [6/200][120/282] lr: 1.36e-04 | MSE loss: 7.9443e-03 | time: 0.077
I 06.08/06:38:59 solver.py:159 ] Epoch: [6/200][140/282] lr: 1.37e-04 | MSE loss: 7.9623e-03 | time: 0.077
I 06.08/06:39:01 solver.py:159 ] Epoch: [6/200][160/282] lr: 1.39e-04 | MSE loss: 8.1713e-03 | time: 0.081
I 06.08/06:39:05 solver.py:159 ] Epoch: [6/200][180/282] lr: 1.41e-04 | MSE loss: 8.1002e-03 | time: 0.089
I 06.08/06:39:06 solver.py:159 ] Epoch: [6/200][200/282] lr: 1.43e-04 | MSE loss: 8.0230e-03 | time: 0.088
I 06.08/06:39:08 solver.py:159 ] Epoch: [6/200][220/282] lr: 1.45e-04 | MSE loss: 8.0649e-03 | time: 0.087
I 06.08/06:39:09 solver.py:159 ] Epoch: [6/200][240/282] lr: 1.46e-04 | MSE loss: 8.0868e-03 | time: 0.086
I 06.08/06:39:11 solver.py:159 ] Epoch: [6/200][260/282] lr: 1.48e-04 | MSE loss: 8.1357e-03 | time: 0.085
I 06.08/06:39:12 solver.py:159 ] Epoch: [6/200][280/282] lr: 1.50e-04 | MSE loss: 8.1361e-03 | time: 0.084
I 06.08/06:39:12 solver.py:169 ] => Train  Loss: 8.1403e-03

I 06.08/06:39:14 solver.py:405 ] [20/32] loss: 9.3592e-03 | NMSE: -1.6780e+01 | time: 0.073
I 06.08/06:39:15 solver.py:413 ] => Test NMSE: -1.7830e+01

I 06.08/06:39:15 solver.py:345 ] => LoRA monitor [epoch=6] | trainable=2621440/2621440 | non_lora_trainable=0 | lora_l2=1.002457e+01 | lora_A_l2=9.493261e+00 | lora_B_l2=3.220235e+00 | component_l2=fc_decoder:1.002457e+01 | lora_abs_max=3.405838e-02 | delta_l2=3.909433e+00 | delta_rel=4.231838e-01 | train_loss=8.140312e-03 | test_loss=8.240352e-03 | nmse=-1.783024e+01
I 06.08/06:39:15 solver.py:224 ] 
=! Best NMSE: -1.7831e+01 (epoch=5)

I 06.08/06:39:16 solver.py:159 ] Epoch: [7/200][20/282] lr: 1.52e-04 | MSE loss: 1.0082e-02 | time: 0.082
I 06.08/06:39:18 solver.py:159 ] Epoch: [7/200][40/282] lr: 1.54e-04 | MSE loss: 9.0878e-03 | time: 0.080
I 06.08/06:39:19 solver.py:159 ] Epoch: [7/200][60/282] lr: 1.55e-04 | MSE loss: 8.4352e-03 | time: 0.079
I 06.08/06:39:21 solver.py:159 ] Epoch: [7/200][80/282] lr: 1.57e-04 | MSE loss: 8.3276e-03 | time: 0.082
I 06.08/06:39:23 solver.py:159 ] Epoch: [7/200][100/282] lr: 1.59e-04 | MSE loss: 8.3103e-03 | time: 0.082
I 06.08/06:39:24 solver.py:159 ] Epoch: [7/200][120/282] lr: 1.61e-04 | MSE loss: 8.4830e-03 | time: 0.081
I 06.08/06:39:26 solver.py:159 ] Epoch: [7/200][140/282] lr: 1.62e-04 | MSE loss: 8.2466e-03 | time: 0.081
I 06.08/06:39:28 solver.py:159 ] Epoch: [7/200][160/282] lr: 1.64e-04 | MSE loss: 8.2697e-03 | time: 0.081
I 06.08/06:39:29 solver.py:159 ] Epoch: [7/200][180/282] lr: 1.66e-04 | MSE loss: 8.3651e-03 | time: 0.082
I 06.08/06:39:31 solver.py:159 ] Epoch: [7/200][200/282] lr: 1.68e-04 | MSE loss: 8.1129e-03 | time: 0.083
I 06.08/06:39:33 solver.py:159 ] Epoch: [7/200][220/282] lr: 1.70e-04 | MSE loss: 8.1750e-03 | time: 0.082
I 06.08/06:39:34 solver.py:159 ] Epoch: [7/200][240/282] lr: 1.71e-04 | MSE loss: 8.2133e-03 | time: 0.082
I 06.08/06:39:36 solver.py:159 ] Epoch: [7/200][260/282] lr: 1.73e-04 | MSE loss: 8.2389e-03 | time: 0.082
I 06.08/06:39:37 solver.py:159 ] Epoch: [7/200][280/282] lr: 1.75e-04 | MSE loss: 8.1525e-03 | time: 0.082
I 06.08/06:39:38 solver.py:169 ] => Train  Loss: 8.1380e-03

I 06.08/06:39:39 solver.py:405 ] [20/32] loss: 9.3595e-03 | NMSE: -1.6781e+01 | time: 0.086
I 06.08/06:39:40 solver.py:413 ] => Test NMSE: -1.7830e+01

I 06.08/06:39:40 solver.py:345 ] => LoRA monitor [epoch=7] | trainable=2621440/2621440 | non_lora_trainable=0 | lora_l2=1.024652e+01 | lora_A_l2=9.531828e+00 | lora_B_l2=3.759706e+00 | component_l2=fc_decoder:1.024652e+01 | lora_abs_max=3.546914e-02 | delta_l2=4.531685e+00 | delta_rel=4.905407e-01 | train_loss=8.138037e-03 | test_loss=8.240344e-03 | nmse=-1.783025e+01
I 06.08/06:39:40 solver.py:224 ] 
=! Best NMSE: -1.7831e+01 (epoch=5)

I 06.08/06:39:42 solver.py:159 ] Epoch: [8/200][20/282] lr: 1.77e-04 | MSE loss: 8.1312e-03 | time: 0.079
I 06.08/06:39:44 solver.py:159 ] Epoch: [8/200][40/282] lr: 1.79e-04 | MSE loss: 8.0708e-03 | time: 0.081
I 06.08/06:39:45 solver.py:159 ] Epoch: [8/200][60/282] lr: 1.80e-04 | MSE loss: 8.5098e-03 | time: 0.081
I 06.08/06:39:47 solver.py:159 ] Epoch: [8/200][80/282] lr: 1.82e-04 | MSE loss: 8.5298e-03 | time: 0.080
I 06.08/06:39:48 solver.py:159 ] Epoch: [8/200][100/282] lr: 1.84e-04 | MSE loss: 8.1018e-03 | time: 0.081
I 06.08/06:39:50 solver.py:159 ] Epoch: [8/200][120/282] lr: 1.86e-04 | MSE loss: 8.1843e-03 | time: 0.081
I 06.08/06:39:52 solver.py:159 ] Epoch: [8/200][140/282] lr: 1.87e-04 | MSE loss: 8.0957e-03 | time: 0.081
I 06.08/06:39:53 solver.py:159 ] Epoch: [8/200][160/282] lr: 1.89e-04 | MSE loss: 8.1190e-03 | time: 0.081
I 06.08/06:39:55 solver.py:159 ] Epoch: [8/200][180/282] lr: 1.91e-04 | MSE loss: 8.3432e-03 | time: 0.081
I 06.08/06:39:57 solver.py:159 ] Epoch: [8/200][200/282] lr: 1.93e-04 | MSE loss: 8.3364e-03 | time: 0.081
I 06.08/06:39:58 solver.py:159 ] Epoch: [8/200][220/282] lr: 1.95e-04 | MSE loss: 8.3700e-03 | time: 0.081
I 06.08/06:40:00 solver.py:159 ] Epoch: [8/200][240/282] lr: 1.96e-04 | MSE loss: 8.3025e-03 | time: 0.082
I 06.08/06:40:04 solver.py:159 ] Epoch: [8/200][260/282] lr: 1.98e-04 | MSE loss: 8.3085e-03 | time: 0.091
I 06.08/06:40:06 solver.py:159 ] Epoch: [8/200][280/282] lr: 2.00e-04 | MSE loss: 8.1845e-03 | time: 0.093
I 06.08/06:40:06 solver.py:169 ] => Train  Loss: 8.1670e-03

I 06.08/06:40:08 solver.py:405 ] [20/32] loss: 9.4081e-03 | NMSE: -1.6758e+01 | time: 0.076
I 06.08/06:40:09 solver.py:413 ] => Test NMSE: -1.7810e+01

I 06.08/06:40:09 solver.py:345 ] => LoRA monitor [epoch=8] | trainable=2621440/2621440 | non_lora_trainable=0 | lora_l2=1.063714e+01 | lora_A_l2=9.638995e+00 | lora_B_l2=4.498719e+00 | component_l2=fc_decoder:1.063714e+01 | lora_abs_max=3.858676e-02 | delta_l2=5.439442e+00 | delta_rel=5.888025e-01 | train_loss=8.166959e-03 | test_loss=8.278407e-03 | nmse=-1.781023e+01
I 06.08/06:40:09 solver.py:224 ] 
=! Best NMSE: -1.7831e+01 (epoch=5)

I 06.08/06:40:11 solver.py:159 ] Epoch: [9/200][20/282] lr: 2.02e-04 | MSE loss: 7.6243e-03 | time: 0.082
I 06.08/06:40:12 solver.py:159 ] Epoch: [9/200][40/282] lr: 2.04e-04 | MSE loss: 8.1669e-03 | time: 0.085
I 06.08/06:40:14 solver.py:159 ] Epoch: [9/200][60/282] lr: 2.05e-04 | MSE loss: 8.0653e-03 | time: 0.084
I 06.08/06:40:16 solver.py:159 ] Epoch: [9/200][80/282] lr: 2.07e-04 | MSE loss: 7.9932e-03 | time: 0.083
I 06.08/06:40:17 solver.py:159 ] Epoch: [9/200][100/282] lr: 2.09e-04 | MSE loss: 8.0844e-03 | time: 0.083
I 06.08/06:40:19 solver.py:159 ] Epoch: [9/200][120/282] lr: 2.11e-04 | MSE loss: 7.8569e-03 | time: 0.082
I 06.08/06:40:20 solver.py:159 ] Epoch: [9/200][140/282] lr: 2.12e-04 | MSE loss: 8.0462e-03 | time: 0.082
I 06.08/06:40:22 solver.py:159 ] Epoch: [9/200][160/282] lr: 2.14e-04 | MSE loss: 7.9137e-03 | time: 0.082
I 06.08/06:40:24 solver.py:159 ] Epoch: [9/200][180/282] lr: 2.16e-04 | MSE loss: 7.8846e-03 | time: 0.082
I 06.08/06:40:26 solver.py:159 ] Epoch: [9/200][200/282] lr: 2.18e-04 | MSE loss: 7.8760e-03 | time: 0.083
I 06.08/06:40:27 solver.py:159 ] Epoch: [9/200][220/282] lr: 2.20e-04 | MSE loss: 7.9504e-03 | time: 0.084
I 06.08/06:40:29 solver.py:159 ] Epoch: [9/200][240/282] lr: 2.21e-04 | MSE loss: 7.9193e-03 | time: 0.084
I 06.08/06:40:31 solver.py:159 ] Epoch: [9/200][260/282] lr: 2.23e-04 | MSE loss: 7.8849e-03 | time: 0.084
I 06.08/06:40:32 solver.py:159 ] Epoch: [9/200][280/282] lr: 2.25e-04 | MSE loss: 8.1696e-03 | time: 0.084
I 06.08/06:40:33 solver.py:169 ] => Train  Loss: 8.1797e-03

I 06.08/06:40:34 solver.py:405 ] [20/32] loss: 9.4117e-03 | NMSE: -1.6756e+01 | time: 0.087
I 06.08/06:40:35 solver.py:413 ] => Test NMSE: -1.7806e+01

I 06.08/06:40:35 solver.py:345 ] => LoRA monitor [epoch=9] | trainable=2621440/2621440 | non_lora_trainable=0 | lora_l2=1.109484e+01 | lora_A_l2=9.779906e+00 | lora_B_l2=5.239179e+00 | component_l2=fc_decoder:1.109484e+01 | lora_abs_max=4.332691e-02 | delta_l2=6.410244e+00 | delta_rel=6.938888e-01 | train_loss=8.179739e-03 | test_loss=8.286066e-03 | nmse=-1.780622e+01
I 06.08/06:40:35 solver.py:224 ] 
=! Best NMSE: -1.7831e+01 (epoch=5)

I 06.08/06:40:37 solver.py:159 ] Epoch: [10/200][20/282] lr: 2.27e-04 | MSE loss: 7.5117e-03 | time: 0.089
I 06.08/06:40:39 solver.py:159 ] Epoch: [10/200][40/282] lr: 2.29e-04 | MSE loss: 7.7102e-03 | time: 0.084
I 06.08/06:40:40 solver.py:159 ] Epoch: [10/200][60/282] lr: 2.30e-04 | MSE loss: 7.6599e-03 | time: 0.083
I 06.08/06:40:42 solver.py:159 ] Epoch: [10/200][80/282] lr: 2.32e-04 | MSE loss: 7.1745e-03 | time: 0.086
I 06.08/06:40:44 solver.py:159 ] Epoch: [10/200][100/282] lr: 2.34e-04 | MSE loss: 7.5821e-03 | time: 0.086
I 06.08/06:40:45 solver.py:159 ] Epoch: [10/200][120/282] lr: 2.36e-04 | MSE loss: 7.5515e-03 | time: 0.084
I 06.08/06:40:47 solver.py:159 ] Epoch: [10/200][140/282] lr: 2.37e-04 | MSE loss: 7.2988e-03 | time: 0.084
I 06.08/06:40:49 solver.py:159 ] Epoch: [10/200][160/282] lr: 2.39e-04 | MSE loss: 7.5697e-03 | time: 0.084
I 06.08/06:40:50 solver.py:159 ] Epoch: [10/200][180/282] lr: 2.41e-04 | MSE loss: 7.5697e-03 | time: 0.083
I 06.08/06:40:52 solver.py:159 ] Epoch: [10/200][200/282] lr: 2.43e-04 | MSE loss: 7.6283e-03 | time: 0.083
I 06.08/06:40:54 solver.py:159 ] Epoch: [10/200][220/282] lr: 2.45e-04 | MSE loss: 7.6246e-03 | time: 0.083
I 06.08/06:40:55 solver.py:159 ] Epoch: [10/200][240/282] lr: 2.46e-04 | MSE loss: 7.9249e-03 | time: 0.083
I 06.08/06:40:57 solver.py:159 ] Epoch: [10/200][260/282] lr: 2.48e-04 | MSE loss: 8.1600e-03 | time: 0.084
I 06.08/06:40:59 solver.py:159 ] Epoch: [10/200][280/282] lr: 2.50e-04 | MSE loss: 8.2040e-03 | time: 0.083
I 06.08/06:40:59 solver.py:169 ] => Train  Loss: 8.1664e-03

I 06.08/06:41:00 solver.py:159 ] Epoch: [10/200][20/32] lr: 2.50e-04 | MSE loss: 9.3746e-03 | time: 0.085
I 06.08/06:41:02 solver.py:169 ] => Val  Loss: 8.0678e-03

I 06.08/06:41:05 solver.py:405 ] [20/32] loss: 9.3746e-03 | NMSE: -1.6769e+01 | time: 0.162
I 06.08/06:41:06 solver.py:413 ] => Test NMSE: -1.7824e+01

I 06.08/06:41:06 solver.py:345 ] => LoRA monitor [epoch=10] | trainable=2621440/2621440 | non_lora_trainable=0 | lora_l2=1.140232e+01 | lora_A_l2=9.728381e+00 | lora_B_l2=5.947391e+00 | component_l2=fc_decoder:1.140232e+01 | lora_abs_max=4.523767e-02 | delta_l2=6.999139e+00 | delta_rel=7.576348e-01 | train_loss=8.166381e-03 | val_loss=8.067809e-03 | test_loss=8.252775e-03 | nmse=-1.782370e+01
I 06.08/06:41:06 solver.py:224 ] 
=! Best NMSE: -1.7831e+01 (epoch=5)

I 06.08/06:41:08 solver.py:159 ] Epoch: [11/200][20/282] lr: 2.52e-04 | MSE loss: 9.4885e-03 | time: 0.078
I 06.08/06:41:09 solver.py:159 ] Epoch: [11/200][40/282] lr: 2.54e-04 | MSE loss: 8.3985e-03 | time: 0.081
I 06.08/06:41:11 solver.py:159 ] Epoch: [11/200][60/282] lr: 2.55e-04 | MSE loss: 7.7506e-03 | time: 0.082
I 06.08/06:41:12 solver.py:159 ] Epoch: [11/200][80/282] lr: 2.57e-04 | MSE loss: 7.4794e-03 | time: 0.082
I 06.08/06:41:14 solver.py:159 ] Epoch: [11/200][100/282] lr: 2.59e-04 | MSE loss: 8.0260e-03 | time: 0.082
I 06.08/06:41:16 solver.py:159 ] Epoch: [11/200][120/282] lr: 2.61e-04 | MSE loss: 8.7196e-03 | time: 0.082
I 06.08/06:41:17 solver.py:159 ] Epoch: [11/200][140/282] lr: 2.62e-04 | MSE loss: 9.3711e-03 | time: 0.083
I 06.08/06:41:19 solver.py:159 ] Epoch: [11/200][160/282] lr: 2.64e-04 | MSE loss: 9.9450e-03 | time: 0.083
I 06.08/06:41:21 solver.py:159 ] Epoch: [11/200][180/282] lr: 2.66e-04 | MSE loss: 1.0237e-02 | time: 0.083
I 06.08/06:41:23 solver.py:159 ] Epoch: [11/200][200/282] lr: 2.68e-04 | MSE loss: 9.9887e-03 | time: 0.083
I 06.08/06:41:24 solver.py:159 ] Epoch: [11/200][220/282] lr: 2.70e-04 | MSE loss: 9.9293e-03 | time: 0.083
I 06.08/06:41:26 solver.py:159 ] Epoch: [11/200][240/282] lr: 2.71e-04 | MSE loss: 9.9786e-03 | time: 0.083
I 06.08/06:41:27 solver.py:159 ] Epoch: [11/200][260/282] lr: 2.73e-04 | MSE loss: 9.7238e-03 | time: 0.083
I 06.08/06:41:29 solver.py:159 ] Epoch: [11/200][280/282] lr: 2.75e-04 | MSE loss: 9.7407e-03 | time: 0.083
I 06.08/06:41:29 solver.py:169 ] => Train  Loss: 9.6810e-03

I 06.08/06:41:31 solver.py:405 ] [20/32] loss: 9.4539e-03 | NMSE: -1.6739e+01 | time: 0.092
I 06.08/06:41:32 solver.py:413 ] => Test NMSE: -1.7780e+01

I 06.08/06:41:32 solver.py:345 ] => LoRA monitor [epoch=11] | trainable=2621440/2621440 | non_lora_trainable=0 | lora_l2=1.461239e+01 | lora_A_l2=1.021079e+01 | lora_B_l2=1.045283e+01 | component_l2=fc_decoder:1.461239e+01 | lora_abs_max=5.089973e-02 | delta_l2=1.153237e+01 | delta_rel=1.248343e+00 | train_loss=9.680972e-03 | test_loss=8.335338e-03 | nmse=-1.778047e+01
I 06.08/06:41:32 solver.py:224 ] 
=! Best NMSE: -1.7831e+01 (epoch=5)

I 06.08/06:41:34 solver.py:159 ] Epoch: [12/200][20/282] lr: 2.77e-04 | MSE loss: 6.5805e-03 | time: 0.084
I 06.08/06:41:35 solver.py:159 ] Epoch: [12/200][40/282] lr: 2.79e-04 | MSE loss: 7.6107e-03 | time: 0.081
I 06.08/06:41:37 solver.py:159 ] Epoch: [12/200][60/282] lr: 2.80e-04 | MSE loss: 7.9882e-03 | time: 0.081
I 06.08/06:41:39 solver.py:159 ] Epoch: [12/200][80/282] lr: 2.82e-04 | MSE loss: 8.2850e-03 | time: 0.082
I 06.08/06:41:40 solver.py:159 ] Epoch: [12/200][100/282] lr: 2.84e-04 | MSE loss: 8.4566e-03 | time: 0.083
I 06.08/06:41:42 solver.py:159 ] Epoch: [12/200][120/282] lr: 2.86e-04 | MSE loss: 8.2517e-03 | time: 0.082
I 06.08/06:41:44 solver.py:159 ] Epoch: [12/200][140/282] lr: 2.87e-04 | MSE loss: 8.5895e-03 | time: 0.083
I 06.08/06:41:46 solver.py:159 ] Epoch: [12/200][160/282] lr: 2.89e-04 | MSE loss: 8.5215e-03 | time: 0.084
I 06.08/06:41:47 solver.py:159 ] Epoch: [12/200][180/282] lr: 2.91e-04 | MSE loss: 8.4786e-03 | time: 0.084
I 06.08/06:41:49 solver.py:159 ] Epoch: [12/200][200/282] lr: 2.93e-04 | MSE loss: 8.3196e-03 | time: 0.083
I 06.08/06:41:50 solver.py:159 ] Epoch: [12/200][220/282] lr: 2.95e-04 | MSE loss: 8.3962e-03 | time: 0.083
I 06.08/06:41:52 solver.py:159 ] Epoch: [12/200][240/282] lr: 2.96e-04 | MSE loss: 8.4092e-03 | time: 0.082
I 06.08/06:41:54 solver.py:159 ] Epoch: [12/200][260/282] lr: 2.98e-04 | MSE loss: 8.2368e-03 | time: 0.083
I 06.08/06:41:56 solver.py:159 ] Epoch: [12/200][280/282] lr: 3.00e-04 | MSE loss: 8.1816e-03 | time: 0.084
I 06.08/06:41:56 solver.py:169 ] => Train  Loss: 8.1929e-03

I 06.08/06:41:57 solver.py:405 ] [20/32] loss: 9.3813e-03 | NMSE: -1.6770e+01 | time: 0.082
I 06.08/06:41:58 solver.py:413 ] => Test NMSE: -1.7819e+01

I 06.08/06:41:59 solver.py:345 ] => LoRA monitor [epoch=12] | trainable=2621440/2621440 | non_lora_trainable=0 | lora_l2=1.422154e+01 | lora_A_l2=1.008965e+01 | lora_B_l2=1.002254e+01 | component_l2=fc_decoder:1.422154e+01 | lora_abs_max=5.107429e-02 | delta_l2=1.104418e+01 | delta_rel=1.195497e+00 | train_loss=8.192893e-03 | test_loss=8.262052e-03 | nmse=-1.781882e+01
I 06.08/06:41:59 solver.py:224 ] 
=! Best NMSE: -1.7831e+01 (epoch=5)

I 06.08/06:42:00 solver.py:159 ] Epoch: [13/200][20/282] lr: 3.02e-04 | MSE loss: 6.2930e-03 | time: 0.092
I 06.08/06:42:04 solver.py:159 ] Epoch: [13/200][40/282] lr: 3.04e-04 | MSE loss: 7.8804e-03 | time: 0.140
I 06.08/06:42:06 solver.py:159 ] Epoch: [13/200][60/282] lr: 3.05e-04 | MSE loss: 7.8140e-03 | time: 0.125
I 06.08/06:42:08 solver.py:159 ] Epoch: [13/200][80/282] lr: 3.07e-04 | MSE loss: 8.2861e-03 | time: 0.117
I 06.08/06:42:10 solver.py:159 ] Epoch: [13/200][100/282] lr: 3.09e-04 | MSE loss: 8.3059e-03 | time: 0.110
I 06.08/06:42:11 solver.py:159 ] Epoch: [13/200][120/282] lr: 3.11e-04 | MSE loss: 8.2738e-03 | time: 0.105
I 06.08/06:42:13 solver.py:159 ] Epoch: [13/200][140/282] lr: 3.12e-04 | MSE loss: 8.4539e-03 | time: 0.101
I 06.08/06:42:14 solver.py:159 ] Epoch: [13/200][160/282] lr: 3.14e-04 | MSE loss: 8.4761e-03 | time: 0.099
I 06.08/06:42:16 solver.py:159 ] Epoch: [13/200][180/282] lr: 3.16e-04 | MSE loss: 8.5388e-03 | time: 0.098
I 06.08/06:42:18 solver.py:159 ] Epoch: [13/200][200/282] lr: 3.18e-04 | MSE loss: 8.4040e-03 | time: 0.097
I 06.08/06:42:20 solver.py:159 ] Epoch: [13/200][220/282] lr: 3.20e-04 | MSE loss: 8.2984e-03 | time: 0.095
I 06.08/06:42:21 solver.py:159 ] Epoch: [13/200][240/282] lr: 3.21e-04 | MSE loss: 8.2331e-03 | time: 0.094
I 06.08/06:42:23 solver.py:159 ] Epoch: [13/200][260/282] lr: 3.23e-04 | MSE loss: 8.1824e-03 | time: 0.092
I 06.08/06:42:24 solver.py:159 ] Epoch: [13/200][280/282] lr: 3.25e-04 | MSE loss: 8.1803e-03 | time: 0.091
I 06.08/06:42:24 solver.py:169 ] => Train  Loss: 8.1693e-03

I 06.08/06:42:26 solver.py:405 ] [20/32] loss: 9.3691e-03 | NMSE: -1.6776e+01 | time: 0.081
I 06.08/06:42:27 solver.py:413 ] => Test NMSE: -1.7825e+01

I 06.08/06:42:27 solver.py:345 ] => LoRA monitor [epoch=13] | trainable=2621440/2621440 | non_lora_trainable=0 | lora_l2=1.407203e+01 | lora_A_l2=1.004146e+01 | lora_B_l2=9.858545e+00 | component_l2=fc_decoder:1.407203e+01 | lora_abs_max=5.108717e-02 | delta_l2=1.085514e+01 | delta_rel=1.175035e+00 | train_loss=8.169318e-03 | test_loss=8.250006e-03 | nmse=-1.782516e+01
I 06.08/06:42:27 solver.py:224 ] 
=! Best NMSE: -1.7831e+01 (epoch=5)

I 06.08/06:42:29 solver.py:159 ] Epoch: [14/200][20/282] lr: 3.27e-04 | MSE loss: 8.7390e-03 | time: 0.093
I 06.08/06:42:30 solver.py:159 ] Epoch: [14/200][40/282] lr: 3.29e-04 | MSE loss: 9.2474e-03 | time: 0.085
I 06.08/06:42:32 solver.py:159 ] Epoch: [14/200][60/282] lr: 3.30e-04 | MSE loss: 8.7827e-03 | time: 0.087
I 06.08/06:42:34 solver.py:159 ] Epoch: [14/200][80/282] lr: 3.32e-04 | MSE loss: 8.6592e-03 | time: 0.085
I 06.08/06:42:35 solver.py:159 ] Epoch: [14/200][100/282] lr: 3.34e-04 | MSE loss: 8.0195e-03 | time: 0.084
I 06.08/06:42:37 solver.py:159 ] Epoch: [14/200][120/282] lr: 3.36e-04 | MSE loss: 8.2826e-03 | time: 0.084
I 06.08/06:42:39 solver.py:159 ] Epoch: [14/200][140/282] lr: 3.37e-04 | MSE loss: 8.1796e-03 | time: 0.084
I 06.08/06:42:40 solver.py:159 ] Epoch: [14/200][160/282] lr: 3.39e-04 | MSE loss: 8.2447e-03 | time: 0.085
I 06.08/06:42:42 solver.py:159 ] Epoch: [14/200][180/282] lr: 3.41e-04 | MSE loss: 8.3263e-03 | time: 0.085
I 06.08/06:42:44 solver.py:159 ] Epoch: [14/200][200/282] lr: 3.43e-04 | MSE loss: 8.5342e-03 | time: 0.084
I 06.08/06:42:45 solver.py:159 ] Epoch: [14/200][220/282] lr: 3.45e-04 | MSE loss: 8.6379e-03 | time: 0.085
I 06.08/06:42:47 solver.py:159 ] Epoch: [14/200][240/282] lr: 3.46e-04 | MSE loss: 8.4903e-03 | time: 0.085
I 06.08/06:42:49 solver.py:159 ] Epoch: [14/200][260/282] lr: 3.48e-04 | MSE loss: 8.2761e-03 | time: 0.085
I 06.08/06:42:50 solver.py:159 ] Epoch: [14/200][280/282] lr: 3.50e-04 | MSE loss: 8.1619e-03 | time: 0.084
I 06.08/06:42:50 solver.py:169 ] => Train  Loss: 8.1431e-03

I 06.08/06:42:52 solver.py:405 ] [20/32] loss: 9.3643e-03 | NMSE: -1.6778e+01 | time: 0.072
I 06.08/06:42:53 solver.py:413 ] => Test NMSE: -1.7828e+01

I 06.08/06:42:53 solver.py:345 ] => LoRA monitor [epoch=14] | trainable=2621440/2621440 | non_lora_trainable=0 | lora_l2=1.398332e+01 | lora_A_l2=1.001189e+01 | lora_B_l2=9.761922e+00 | component_l2=fc_decoder:1.398332e+01 | lora_abs_max=5.130083e-02 | delta_l2=1.074147e+01 | delta_rel=1.162730e+00 | train_loss=8.143107e-03 | test_loss=8.245481e-03 | nmse=-1.782754e+01
I 06.08/06:42:53 solver.py:224 ] 
=! Best NMSE: -1.7831e+01 (epoch=5)

I 06.08/06:42:54 solver.py:159 ] Epoch: [15/200][20/282] lr: 3.52e-04 | MSE loss: 8.7796e-03 | time: 0.086
I 06.08/06:42:56 solver.py:159 ] Epoch: [15/200][40/282] lr: 3.54e-04 | MSE loss: 8.6031e-03 | time: 0.084
I 06.08/06:42:58 solver.py:159 ] Epoch: [15/200][60/282] lr: 3.55e-04 | MSE loss: 8.3638e-03 | time: 0.081
I 06.08/06:42:59 solver.py:159 ] Epoch: [15/200][80/282] lr: 3.57e-04 | MSE loss: 8.6963e-03 | time: 0.081
I 06.08/06:43:01 solver.py:159 ] Epoch: [15/200][100/282] lr: 3.59e-04 | MSE loss: 8.5962e-03 | time: 0.084
I 06.08/06:43:04 solver.py:159 ] Epoch: [15/200][120/282] lr: 3.61e-04 | MSE loss: 8.2755e-03 | time: 0.090
I 06.08/06:43:06 solver.py:159 ] Epoch: [15/200][140/282] lr: 3.62e-04 | MSE loss: 8.1894e-03 | time: 0.093
I 06.08/06:43:07 solver.py:159 ] Epoch: [15/200][160/282] lr: 3.64e-04 | MSE loss: 7.9069e-03 | time: 0.091
I 06.08/06:43:09 solver.py:159 ] Epoch: [15/200][180/282] lr: 3.66e-04 | MSE loss: 8.0621e-03 | time: 0.090
I 06.08/06:43:10 solver.py:159 ] Epoch: [15/200][200/282] lr: 3.68e-04 | MSE loss: 7.9860e-03 | time: 0.088
I 06.08/06:43:12 solver.py:159 ] Epoch: [15/200][220/282] lr: 3.70e-04 | MSE loss: 7.9823e-03 | time: 0.088
I 06.08/06:43:14 solver.py:159 ] Epoch: [15/200][240/282] lr: 3.71e-04 | MSE loss: 8.1957e-03 | time: 0.088
I 06.08/06:43:16 solver.py:159 ] Epoch: [15/200][260/282] lr: 3.73e-04 | MSE loss: 8.0653e-03 | time: 0.088
I 06.08/06:43:17 solver.py:159 ] Epoch: [15/200][280/282] lr: 3.75e-04 | MSE loss: 8.1186e-03 | time: 0.088
I 06.08/06:43:18 solver.py:169 ] => Train  Loss: 8.2795e-03

I 06.08/06:43:19 solver.py:405 ] [20/32] loss: 9.3613e-03 | NMSE: -1.6779e+01 | time: 0.086
I 06.08/06:43:20 solver.py:413 ] => Test NMSE: -1.7829e+01

I 06.08/06:43:20 solver.py:345 ] => LoRA monitor [epoch=15] | trainable=2621440/2621440 | non_lora_trainable=0 | lora_l2=1.392195e+01 | lora_A_l2=9.990023e+00 | lora_B_l2=9.696401e+00 | component_l2=fc_decoder:1.392195e+01 | lora_abs_max=5.226089e-02 | delta_l2=1.066193e+01 | delta_rel=1.154120e+00 | train_loss=8.279494e-03 | test_loss=8.242645e-03 | nmse=-1.782903e+01
I 06.08/06:43:20 solver.py:224 ] 
=! Best NMSE: -1.7831e+01 (epoch=5)

I 06.08/06:43:22 solver.py:159 ] Epoch: [16/200][20/282] lr: 3.77e-04 | MSE loss: 7.9208e-03 | time: 0.079
I 06.08/06:43:24 solver.py:159 ] Epoch: [16/200][40/282] lr: 3.79e-04 | MSE loss: 8.3463e-03 | time: 0.081
I 06.08/06:43:25 solver.py:159 ] Epoch: [16/200][60/282] lr: 3.80e-04 | MSE loss: 7.5889e-03 | time: 0.081
I 06.08/06:43:27 solver.py:159 ] Epoch: [16/200][80/282] lr: 3.82e-04 | MSE loss: 8.3528e-03 | time: 0.082
I 06.08/06:43:29 solver.py:159 ] Epoch: [16/200][100/282] lr: 3.84e-04 | MSE loss: 8.4547e-03 | time: 0.082
I 06.08/06:43:30 solver.py:159 ] Epoch: [16/200][120/282] lr: 3.86e-04 | MSE loss: 8.2736e-03 | time: 0.083
I 06.08/06:43:32 solver.py:159 ] Epoch: [16/200][140/282] lr: 3.87e-04 | MSE loss: 8.1078e-03 | time: 0.083
I 06.08/06:43:34 solver.py:159 ] Epoch: [16/200][160/282] lr: 3.89e-04 | MSE loss: 8.2046e-03 | time: 0.083
I 06.08/06:43:35 solver.py:159 ] Epoch: [16/200][180/282] lr: 3.91e-04 | MSE loss: 8.1730e-03 | time: 0.083
I 06.08/06:43:37 solver.py:159 ] Epoch: [16/200][200/282] lr: 3.93e-04 | MSE loss: 8.0133e-03 | time: 0.083
I 06.08/06:43:39 solver.py:159 ] Epoch: [16/200][220/282] lr: 3.95e-04 | MSE loss: 7.9836e-03 | time: 0.083
I 06.08/06:43:40 solver.py:159 ] Epoch: [16/200][240/282] lr: 3.96e-04 | MSE loss: 8.0107e-03 | time: 0.083
I 06.08/06:43:42 solver.py:159 ] Epoch: [16/200][260/282] lr: 3.98e-04 | MSE loss: 8.1817e-03 | time: 0.084
I 06.08/06:43:44 solver.py:159 ] Epoch: [16/200][280/282] lr: 4.00e-04 | MSE loss: 8.1718e-03 | time: 0.084
I 06.08/06:43:44 solver.py:169 ] => Train  Loss: 8.1719e-03

I 06.08/06:43:46 solver.py:405 ] [20/32] loss: 9.3598e-03 | NMSE: -1.6779e+01 | time: 0.078
I 06.08/06:43:47 solver.py:413 ] => Test NMSE: -1.7830e+01

I 06.08/06:43:47 solver.py:345 ] => LoRA monitor [epoch=16] | trainable=2621440/2621440 | non_lora_trainable=0 | lora_l2=1.387896e+01 | lora_A_l2=9.972937e+00 | lora_B_l2=9.652257e+00 | component_l2=fc_decoder:1.387896e+01 | lora_abs_max=5.254332e-02 | delta_l2=1.060481e+01 | delta_rel=1.147937e+00 | train_loss=8.171874e-03 | test_loss=8.241203e-03 | nmse=-1.782979e+01
I 06.08/06:43:47 solver.py:224 ] 
=! Best NMSE: -1.7831e+01 (epoch=5)

I 06.08/06:43:48 solver.py:159 ] Epoch: [17/200][20/282] lr: 4.02e-04 | MSE loss: 5.5952e-03 | time: 0.088
I 06.08/06:43:50 solver.py:159 ] Epoch: [17/200][40/282] lr: 4.04e-04 | MSE loss: 6.0037e-03 | time: 0.086
I 06.08/06:43:52 solver.py:159 ] Epoch: [17/200][60/282] lr: 4.05e-04 | MSE loss: 7.1672e-03 | time: 0.086
I 06.08/06:43:54 solver.py:159 ] Epoch: [17/200][80/282] lr: 4.07e-04 | MSE loss: 7.0741e-03 | time: 0.087
I 06.08/06:43:55 solver.py:159 ] Epoch: [17/200][100/282] lr: 4.09e-04 | MSE loss: 7.2601e-03 | time: 0.087
I 06.08/06:43:57 solver.py:159 ] Epoch: [17/200][120/282] lr: 4.11e-04 | MSE loss: 7.5184e-03 | time: 0.087
I 06.08/06:43:59 solver.py:159 ] Epoch: [17/200][140/282] lr: 4.12e-04 | MSE loss: 7.6321e-03 | time: 0.086
I 06.08/06:44:01 solver.py:159 ] Epoch: [17/200][160/282] lr: 4.14e-04 | MSE loss: 7.6098e-03 | time: 0.090
I 06.08/06:44:05 solver.py:159 ] Epoch: [17/200][180/282] lr: 4.16e-04 | MSE loss: 7.7316e-03 | time: 0.101
I 06.08/06:44:06 solver.py:159 ] Epoch: [17/200][200/282] lr: 4.18e-04 | MSE loss: 7.5489e-03 | time: 0.100
I 06.08/06:44:08 solver.py:159 ] Epoch: [17/200][220/282] lr: 4.20e-04 | MSE loss: 7.8974e-03 | time: 0.099
I 06.08/06:44:10 solver.py:159 ] Epoch: [17/200][240/282] lr: 4.21e-04 | MSE loss: 8.0252e-03 | time: 0.098
I 06.08/06:44:12 solver.py:159 ] Epoch: [17/200][260/282] lr: 4.23e-04 | MSE loss: 7.9781e-03 | time: 0.097
I 06.08/06:44:14 solver.py:159 ] Epoch: [17/200][280/282] lr: 4.25e-04 | MSE loss: 8.1007e-03 | time: 0.097
I 06.08/06:44:14 solver.py:169 ] => Train  Loss: 8.2157e-03

I 06.08/06:44:16 solver.py:405 ] [20/32] loss: 9.3586e-03 | NMSE: -1.6780e+01 | time: 0.091
I 06.08/06:44:17 solver.py:413 ] => Test NMSE: -1.7830e+01

I 06.08/06:44:17 solver.py:345 ] => LoRA monitor [epoch=17] | trainable=2621440/2621440 | non_lora_trainable=0 | lora_l2=1.385050e+01 | lora_A_l2=9.959458e+00 | lora_B_l2=9.625251e+00 | component_l2=fc_decoder:1.385050e+01 | lora_abs_max=5.225876e-02 | delta_l2=1.056609e+01 | delta_rel=1.143746e+00 | train_loss=8.215723e-03 | test_loss=8.240034e-03 | nmse=-1.783041e+01
I 06.08/06:44:17 solver.py:224 ] 
=! Best NMSE: -1.7831e+01 (epoch=5)

I 06.08/06:44:18 solver.py:159 ] Epoch: [18/200][20/282] lr: 4.27e-04 | MSE loss: 7.5168e-03 | time: 0.096
I 06.08/06:44:20 solver.py:159 ] Epoch: [18/200][40/282] lr: 4.29e-04 | MSE loss: 7.9672e-03 | time: 0.098
I 06.08/06:44:22 solver.py:159 ] Epoch: [18/200][60/282] lr: 4.30e-04 | MSE loss: 8.0129e-03 | time: 0.094
I 06.08/06:44:24 solver.py:159 ] Epoch: [18/200][80/282] lr: 4.32e-04 | MSE loss: 8.2574e-03 | time: 0.093
I 06.08/06:44:26 solver.py:159 ] Epoch: [18/200][100/282] lr: 4.34e-04 | MSE loss: 7.8586e-03 | time: 0.091
I 06.08/06:44:28 solver.py:159 ] Epoch: [18/200][120/282] lr: 4.36e-04 | MSE loss: 7.5788e-03 | time: 0.092
I 06.08/06:44:29 solver.py:159 ] Epoch: [18/200][140/282] lr: 4.37e-04 | MSE loss: 7.9142e-03 | time: 0.092
I 06.08/06:44:31 solver.py:159 ] Epoch: [18/200][160/282] lr: 4.39e-04 | MSE loss: 7.7524e-03 | time: 0.091
I 06.08/06:44:33 solver.py:159 ] Epoch: [18/200][180/282] lr: 4.41e-04 | MSE loss: 8.0883e-03 | time: 0.090
I 06.08/06:44:35 solver.py:159 ] Epoch: [18/200][200/282] lr: 4.43e-04 | MSE loss: 8.1690e-03 | time: 0.090
I 06.08/06:44:36 solver.py:159 ] Epoch: [18/200][220/282] lr: 4.45e-04 | MSE loss: 8.1972e-03 | time: 0.090
I 06.08/06:44:38 solver.py:159 ] Epoch: [18/200][240/282] lr: 4.46e-04 | MSE loss: 8.1756e-03 | time: 0.091
I 06.08/06:44:40 solver.py:159 ] Epoch: [18/200][260/282] lr: 4.48e-04 | MSE loss: 8.3342e-03 | time: 0.090
I 06.08/06:44:42 solver.py:159 ] Epoch: [18/200][280/282] lr: 4.50e-04 | MSE loss: 8.1717e-03 | time: 0.089
I 06.08/06:44:42 solver.py:169 ] => Train  Loss: 8.1628e-03

I 06.08/06:44:44 solver.py:405 ] [20/32] loss: 9.3576e-03 | NMSE: -1.6780e+01 | time: 0.089
I 06.08/06:44:45 solver.py:413 ] => Test NMSE: -1.7831e+01

I 06.08/06:44:45 solver.py:345 ] => LoRA monitor [epoch=18] | trainable=2621440/2621440 | non_lora_trainable=0 | lora_l2=1.383330e+01 | lora_A_l2=9.948126e+00 | lora_B_l2=9.612230e+00 | component_l2=fc_decoder:1.383330e+01 | lora_abs_max=5.164722e-02 | delta_l2=1.054131e+01 | delta_rel=1.141063e+00 | train_loss=8.162775e-03 | test_loss=8.239190e-03 | nmse=-1.783086e+01
I 06.08/06:44:45 solver.py:224 ] 
=! Best NMSE: -1.7831e+01 (epoch=18)

I 06.08/06:44:47 solver.py:159 ] Epoch: [19/200][20/282] lr: 4.52e-04 | MSE loss: 7.8703e-03 | time: 0.094
I 06.08/06:44:49 solver.py:159 ] Epoch: [19/200][40/282] lr: 4.54e-04 | MSE loss: 7.6567e-03 | time: 0.089
I 06.08/06:44:51 solver.py:159 ] Epoch: [19/200][60/282] lr: 4.55e-04 | MSE loss: 7.8578e-03 | time: 0.091
I 06.08/06:44:52 solver.py:159 ] Epoch: [19/200][80/282] lr: 4.57e-04 | MSE loss: 7.8987e-03 | time: 0.087
I 06.08/06:44:54 solver.py:159 ] Epoch: [19/200][100/282] lr: 4.59e-04 | MSE loss: 8.3365e-03 | time: 0.088
I 06.08/06:44:56 solver.py:159 ] Epoch: [19/200][120/282] lr: 4.61e-04 | MSE loss: 8.1062e-03 | time: 0.087
I 06.08/06:44:57 solver.py:159 ] Epoch: [19/200][140/282] lr: 4.62e-04 | MSE loss: 7.7787e-03 | time: 0.088
I 06.08/06:44:59 solver.py:159 ] Epoch: [19/200][160/282] lr: 4.64e-04 | MSE loss: 7.8609e-03 | time: 0.088
I 06.08/06:45:02 solver.py:159 ] Epoch: [19/200][180/282] lr: 4.66e-04 | MSE loss: 7.7890e-03 | time: 0.095
I 06.08/06:45:05 solver.py:159 ] Epoch: [19/200][200/282] lr: 4.68e-04 | MSE loss: 7.9983e-03 | time: 0.101
I 06.08/06:45:07 solver.py:159 ] Epoch: [19/200][220/282] lr: 4.70e-04 | MSE loss: 7.9203e-03 | time: 0.100
I 06.08/06:45:09 solver.py:159 ] Epoch: [19/200][240/282] lr: 4.71e-04 | MSE loss: 7.9066e-03 | time: 0.098
I 06.08/06:45:11 solver.py:159 ] Epoch: [19/200][260/282] lr: 4.73e-04 | MSE loss: 8.1813e-03 | time: 0.098
I 06.08/06:45:12 solver.py:159 ] Epoch: [19/200][280/282] lr: 4.75e-04 | MSE loss: 8.0886e-03 | time: 0.097
I 06.08/06:45:12 solver.py:169 ] => Train  Loss: 8.1615e-03

I 06.08/06:45:14 solver.py:405 ] [20/32] loss: 9.3570e-03 | NMSE: -1.6781e+01 | time: 0.084
I 06.08/06:45:15 solver.py:413 ] => Test NMSE: -1.7831e+01

I 06.08/06:45:15 solver.py:345 ] => LoRA monitor [epoch=19] | trainable=2621440/2621440 | non_lora_trainable=0 | lora_l2=1.382609e+01 | lora_A_l2=9.938370e+00 | lora_B_l2=9.611953e+00 | component_l2=fc_decoder:1.382609e+01 | lora_abs_max=5.121709e-02 | delta_l2=1.052967e+01 | delta_rel=1.139804e+00 | train_loss=8.161492e-03 | test_loss=8.238575e-03 | nmse=-1.783118e+01
I 06.08/06:45:16 solver.py:224 ] 
=! Best NMSE: -1.7831e+01 (epoch=19)

I 06.08/06:45:17 solver.py:159 ] Epoch: [20/200][20/282] lr: 4.77e-04 | MSE loss: 7.0151e-03 | time: 0.094
I 06.08/06:45:19 solver.py:159 ] Epoch: [20/200][40/282] lr: 4.79e-04 | MSE loss: 8.2842e-03 | time: 0.090
I 06.08/06:45:21 solver.py:159 ] Epoch: [20/200][60/282] lr: 4.80e-04 | MSE loss: 7.9598e-03 | time: 0.092
I 06.08/06:45:23 solver.py:159 ] Epoch: [20/200][80/282] lr: 4.82e-04 | MSE loss: 8.6678e-03 | time: 0.091
I 06.08/06:45:25 solver.py:159 ] Epoch: [20/200][100/282] lr: 4.84e-04 | MSE loss: 8.1628e-03 | time: 0.091
I 06.08/06:45:27 solver.py:159 ] Epoch: [20/200][120/282] lr: 4.86e-04 | MSE loss: 8.2680e-03 | time: 0.091
I 06.08/06:45:28 solver.py:159 ] Epoch: [20/200][140/282] lr: 4.87e-04 | MSE loss: 8.2478e-03 | time: 0.091
I 06.08/06:45:30 solver.py:159 ] Epoch: [20/200][160/282] lr: 4.89e-04 | MSE loss: 8.3742e-03 | time: 0.091
I 06.08/06:45:32 solver.py:159 ] Epoch: [20/200][180/282] lr: 4.91e-04 | MSE loss: 8.4048e-03 | time: 0.094
I 06.08/06:45:34 solver.py:159 ] Epoch: [20/200][200/282] lr: 4.93e-04 | MSE loss: 8.2684e-03 | time: 0.094
I 06.08/06:45:36 solver.py:159 ] Epoch: [20/200][220/282] lr: 4.95e-04 | MSE loss: 8.1754e-03 | time: 0.093
I 06.08/06:45:38 solver.py:159 ] Epoch: [20/200][240/282] lr: 4.96e-04 | MSE loss: 8.1782e-03 | time: 0.092
I 06.08/06:45:39 solver.py:159 ] Epoch: [20/200][260/282] lr: 4.98e-04 | MSE loss: 8.1446e-03 | time: 0.092
I 06.08/06:45:41 solver.py:159 ] Epoch: [20/200][280/282] lr: 5.00e-04 | MSE loss: 8.1743e-03 | time: 0.092
I 06.08/06:45:41 solver.py:169 ] => Train  Loss: 8.1369e-03

I 06.08/06:45:43 solver.py:159 ] Epoch: [20/200][20/32] lr: 5.00e-04 | MSE loss: 9.3565e-03 | time: 0.085
I 06.08/06:45:44 solver.py:169 ] => Val  Loss: 8.0535e-03

I 06.08/06:45:46 solver.py:405 ] [20/32] loss: 9.3565e-03 | NMSE: -1.6781e+01 | time: 0.088
I 06.08/06:45:47 solver.py:413 ] => Test NMSE: -1.7831e+01

I 06.08/06:45:47 solver.py:345 ] => LoRA monitor [epoch=20] | trainable=2621440/2621440 | non_lora_trainable=0 | lora_l2=1.382964e+01 | lora_A_l2=9.930467e+00 | lora_B_l2=9.625221e+00 | component_l2=fc_decoder:1.382964e+01 | lora_abs_max=5.058327e-02 | delta_l2=1.053203e+01 | delta_rel=1.140060e+00 | train_loss=8.136917e-03 | val_loss=8.053480e-03 | test_loss=8.238137e-03 | nmse=-1.783141e+01
I 06.08/06:45:48 solver.py:224 ] 
=! Best NMSE: -1.7831e+01 (epoch=20)

I 06.08/06:45:49 solver.py:159 ] Epoch: [21/200][20/282] lr: 5.00e-04 | MSE loss: 1.0332e-02 | time: 0.090
I 06.08/06:45:51 solver.py:159 ] Epoch: [21/200][40/282] lr: 5.00e-04 | MSE loss: 9.2579e-03 | time: 0.088
I 06.08/06:45:53 solver.py:159 ] Epoch: [21/200][60/282] lr: 5.00e-04 | MSE loss: 8.1845e-03 | time: 0.090
I 06.08/06:45:55 solver.py:159 ] Epoch: [21/200][80/282] lr: 5.00e-04 | MSE loss: 8.3383e-03 | time: 0.090
I 06.08/06:45:57 solver.py:159 ] Epoch: [21/200][100/282] lr: 5.00e-04 | MSE loss: 8.6249e-03 | time: 0.091
I 06.08/06:45:59 solver.py:159 ] Epoch: [21/200][120/282] lr: 5.00e-04 | MSE loss: 8.9327e-03 | time: 0.091
I 06.08/06:46:01 solver.py:159 ] Epoch: [21/200][140/282] lr: 5.00e-04 | MSE loss: 8.6335e-03 | time: 0.093
I 06.08/06:46:05 solver.py:159 ] Epoch: [21/200][160/282] lr: 5.00e-04 | MSE loss: 8.4075e-03 | time: 0.106
I 06.08/06:46:07 solver.py:159 ] Epoch: [21/200][180/282] lr: 5.00e-04 | MSE loss: 8.2832e-03 | time: 0.106
I 06.08/06:46:09 solver.py:159 ] Epoch: [21/200][200/282] lr: 5.00e-04 | MSE loss: 8.1128e-03 | time: 0.105
I 06.08/06:46:10 solver.py:159 ] Epoch: [21/200][220/282] lr: 5.00e-04 | MSE loss: 8.2995e-03 | time: 0.103
I 06.08/06:46:12 solver.py:159 ] Epoch: [21/200][240/282] lr: 5.00e-04 | MSE loss: 8.1508e-03 | time: 0.102
I 06.08/06:46:14 solver.py:159 ] Epoch: [21/200][260/282] lr: 5.00e-04 | MSE loss: 7.9887e-03 | time: 0.101
I 06.08/06:46:16 solver.py:159 ] Epoch: [21/200][280/282] lr: 5.00e-04 | MSE loss: 8.1799e-03 | time: 0.101
I 06.08/06:46:16 solver.py:169 ] => Train  Loss: 8.1349e-03

I 06.08/06:46:18 solver.py:405 ] [20/32] loss: 9.3573e-03 | NMSE: -1.6781e+01 | time: 0.092
I 06.08/06:46:19 solver.py:413 ] => Test NMSE: -1.7831e+01

I 06.08/06:46:19 solver.py:345 ] => LoRA monitor [epoch=21] | trainable=2621440/2621440 | non_lora_trainable=0 | lora_l2=1.382050e+01 | lora_A_l2=9.923876e+00 | lora_B_l2=9.618876e+00 | component_l2=fc_decoder:1.382050e+01 | lora_abs_max=5.005285e-02 | delta_l2=1.051777e+01 | delta_rel=1.138515e+00 | train_loss=8.134935e-03 | test_loss=8.239728e-03 | nmse=-1.783057e+01
I 06.08/06:46:19 solver.py:224 ] 
=! Best NMSE: -1.7831e+01 (epoch=20)

I 06.08/06:46:21 solver.py:159 ] Epoch: [22/200][20/282] lr: 5.00e-04 | MSE loss: 6.8909e-03 | time: 0.087
I 06.08/06:46:23 solver.py:159 ] Epoch: [22/200][40/282] lr: 5.00e-04 | MSE loss: 7.0617e-03 | time: 0.091
I 06.08/06:46:24 solver.py:159 ] Epoch: [22/200][60/282] lr: 5.00e-04 | MSE loss: 7.0157e-03 | time: 0.089
I 06.08/06:46:26 solver.py:159 ] Epoch: [22/200][80/282] lr: 5.00e-04 | MSE loss: 7.3049e-03 | time: 0.087
I 06.08/06:46:28 solver.py:159 ] Epoch: [22/200][100/282] lr: 5.00e-04 | MSE loss: 7.2404e-03 | time: 0.088
I 06.08/06:46:29 solver.py:159 ] Epoch: [22/200][120/282] lr: 5.00e-04 | MSE loss: 7.5366e-03 | time: 0.087
I 06.08/06:46:31 solver.py:159 ] Epoch: [22/200][140/282] lr: 5.00e-04 | MSE loss: 7.7118e-03 | time: 0.088
I 06.08/06:46:34 solver.py:159 ] Epoch: [22/200][160/282] lr: 5.00e-04 | MSE loss: 7.6080e-03 | time: 0.091
I 06.08/06:46:35 solver.py:159 ] Epoch: [22/200][180/282] lr: 5.00e-04 | MSE loss: 7.9826e-03 | time: 0.091
I 06.08/06:46:37 solver.py:159 ] Epoch: [22/200][200/282] lr: 5.00e-04 | MSE loss: 8.0947e-03 | time: 0.091
I 06.08/06:46:39 solver.py:159 ] Epoch: [22/200][220/282] lr: 5.00e-04 | MSE loss: 8.0090e-03 | time: 0.092
I 06.08/06:46:41 solver.py:159 ] Epoch: [22/200][240/282] lr: 5.00e-04 | MSE loss: 7.9046e-03 | time: 0.091
I 06.08/06:46:43 solver.py:159 ] Epoch: [22/200][260/282] lr: 5.00e-04 | MSE loss: 8.0523e-03 | time: 0.091
I 06.08/06:46:44 solver.py:159 ] Epoch: [22/200][280/282] lr: 5.00e-04 | MSE loss: 8.1684e-03 | time: 0.091
I 06.08/06:46:45 solver.py:169 ] => Train  Loss: 8.1541e-03

I 06.08/06:46:46 solver.py:405 ] [20/32] loss: 9.3556e-03 | NMSE: -1.6781e+01 | time: 0.082
I 06.08/06:46:47 solver.py:413 ] => Test NMSE: -1.7832e+01

I 06.08/06:46:47 solver.py:345 ] => LoRA monitor [epoch=22] | trainable=2621440/2621440 | non_lora_trainable=0 | lora_l2=1.381677e+01 | lora_A_l2=9.918116e+00 | lora_B_l2=9.619464e+00 | component_l2=fc_decoder:1.381677e+01 | lora_abs_max=5.006460e-02 | delta_l2=1.051115e+01 | delta_rel=1.137799e+00 | train_loss=8.154064e-03 | test_loss=8.237418e-03 | nmse=-1.783179e+01
I 06.08/06:46:48 solver.py:224 ] 
=! Best NMSE: -1.7832e+01 (epoch=22)

I 06.08/06:46:49 solver.py:159 ] Epoch: [23/200][20/282] lr: 5.00e-04 | MSE loss: 1.1515e-02 | time: 0.088
I 06.08/06:46:51 solver.py:159 ] Epoch: [23/200][40/282] lr: 5.00e-04 | MSE loss: 9.5896e-03 | time: 0.084
I 06.08/06:46:53 solver.py:159 ] Epoch: [23/200][60/282] lr: 5.00e-04 | MSE loss: 8.4081e-03 | time: 0.084
I 06.08/06:46:54 solver.py:159 ] Epoch: [23/200][80/282] lr: 5.00e-04 | MSE loss: 7.8543e-03 | time: 0.086
I 06.08/06:46:56 solver.py:159 ] Epoch: [23/200][100/282] lr: 5.00e-04 | MSE loss: 7.4241e-03 | time: 0.086
I 06.08/06:46:58 solver.py:159 ] Epoch: [23/200][120/282] lr: 5.00e-04 | MSE loss: 7.4406e-03 | time: 0.086
I 06.08/06:47:00 solver.py:159 ] Epoch: [23/200][140/282] lr: 5.00e-04 | MSE loss: 7.5879e-03 | time: 0.086
I 06.08/06:47:03 solver.py:159 ] Epoch: [23/200][160/282] lr: 5.00e-04 | MSE loss: 7.7191e-03 | time: 0.096
I 06.08/06:47:05 solver.py:159 ] Epoch: [23/200][180/282] lr: 5.00e-04 | MSE loss: 7.7822e-03 | time: 0.099
I 06.08/06:47:07 solver.py:159 ] Epoch: [23/200][200/282] lr: 5.00e-04 | MSE loss: 8.0398e-03 | time: 0.098
I 06.08/06:47:09 solver.py:159 ] Epoch: [23/200][220/282] lr: 5.00e-04 | MSE loss: 8.0703e-03 | time: 0.097
I 06.08/06:47:11 solver.py:159 ] Epoch: [23/200][240/282] lr: 5.00e-04 | MSE loss: 8.0769e-03 | time: 0.096
I 06.08/06:47:12 solver.py:159 ] Epoch: [23/200][260/282] lr: 5.00e-04 | MSE loss: 8.0245e-03 | time: 0.095
I 06.08/06:47:14 solver.py:159 ] Epoch: [23/200][280/282] lr: 5.00e-04 | MSE loss: 8.1259e-03 | time: 0.095
I 06.08/06:47:14 solver.py:169 ] => Train  Loss: 8.1629e-03

I 06.08/06:47:16 solver.py:405 ] [20/32] loss: 9.3553e-03 | NMSE: -1.6781e+01 | time: 0.102
I 06.08/06:47:17 solver.py:413 ] => Test NMSE: -1.7832e+01

I 06.08/06:47:17 solver.py:345 ] => LoRA monitor [epoch=23] | trainable=2621440/2621440 | non_lora_trainable=0 | lora_l2=1.384667e+01 | lora_A_l2=9.912687e+00 | lora_B_l2=9.667931e+00 | component_l2=fc_decoder:1.384667e+01 | lora_abs_max=4.970977e-02 | delta_l2=1.054874e+01 | delta_rel=1.141868e+00 | train_loss=8.162868e-03 | test_loss=8.237156e-03 | nmse=-1.783193e+01
I 06.08/06:47:18 solver.py:224 ] 
=! Best NMSE: -1.7832e+01 (epoch=23)

I 06.08/06:47:20 solver.py:159 ] Epoch: [24/200][20/282] lr: 5.00e-04 | MSE loss: 9.4793e-03 | time: 0.087
I 06.08/06:47:22 solver.py:159 ] Epoch: [24/200][40/282] lr: 5.00e-04 | MSE loss: 9.0060e-03 | time: 0.084
I 06.08/06:47:23 solver.py:159 ] Epoch: [24/200][60/282] lr: 5.00e-04 | MSE loss: 8.9367e-03 | time: 0.086
I 06.08/06:47:25 solver.py:159 ] Epoch: [24/200][80/282] lr: 5.00e-04 | MSE loss: 9.0390e-03 | time: 0.085
I 06.08/06:47:27 solver.py:159 ] Epoch: [24/200][100/282] lr: 5.00e-04 | MSE loss: 8.9076e-03 | time: 0.085
I 06.08/06:47:28 solver.py:159 ] Epoch: [24/200][120/282] lr: 5.00e-04 | MSE loss: 8.9521e-03 | time: 0.084
I 06.08/06:47:30 solver.py:159 ] Epoch: [24/200][140/282] lr: 5.00e-04 | MSE loss: 8.8666e-03 | time: 0.085
I 06.08/06:47:32 solver.py:159 ] Epoch: [24/200][160/282] lr: 5.00e-04 | MSE loss: 8.7395e-03 | time: 0.086
I 06.08/06:47:34 solver.py:159 ] Epoch: [24/200][180/282] lr: 5.00e-04 | MSE loss: 8.6049e-03 | time: 0.086
I 06.08/06:47:35 solver.py:159 ] Epoch: [24/200][200/282] lr: 5.00e-04 | MSE loss: 8.6459e-03 | time: 0.085
I 06.08/06:47:37 solver.py:159 ] Epoch: [24/200][220/282] lr: 5.00e-04 | MSE loss: 8.3680e-03 | time: 0.085
I 06.08/06:47:39 solver.py:159 ] Epoch: [24/200][240/282] lr: 4.99e-04 | MSE loss: 8.2704e-03 | time: 0.085
I 06.08/06:47:40 solver.py:159 ] Epoch: [24/200][260/282] lr: 4.99e-04 | MSE loss: 8.2503e-03 | time: 0.085
I 06.08/06:47:42 solver.py:159 ] Epoch: [24/200][280/282] lr: 4.99e-04 | MSE loss: 8.1812e-03 | time: 0.085
I 06.08/06:47:42 solver.py:169 ] => Train  Loss: 8.1329e-03

I 06.08/06:47:44 solver.py:405 ] [20/32] loss: 9.3553e-03 | NMSE: -1.6782e+01 | time: 0.081
I 06.08/06:47:45 solver.py:413 ] => Test NMSE: -1.7832e+01

I 06.08/06:47:45 solver.py:345 ] => LoRA monitor [epoch=24] | trainable=2621440/2621440 | non_lora_trainable=0 | lora_l2=1.388565e+01 | lora_A_l2=9.907482e+00 | lora_B_l2=9.728974e+00 | component_l2=fc_decoder:1.388565e+01 | lora_abs_max=4.972376e-02 | delta_l2=1.059918e+01 | delta_rel=1.147328e+00 | train_loss=8.132852e-03 | test_loss=8.237159e-03 | nmse=-1.783193e+01
I 06.08/06:47:45 solver.py:224 ] 
=! Best NMSE: -1.7832e+01 (epoch=23)

I 06.08/06:47:46 solver.py:159 ] Epoch: [25/200][20/282] lr: 4.99e-04 | MSE loss: 6.9615e-03 | time: 0.084
I 06.08/06:47:48 solver.py:159 ] Epoch: [25/200][40/282] lr: 4.99e-04 | MSE loss: 8.2105e-03 | time: 0.087
I 06.08/06:47:50 solver.py:159 ] Epoch: [25/200][60/282] lr: 4.99e-04 | MSE loss: 9.0974e-03 | time: 0.089
I 06.08/06:47:52 solver.py:159 ] Epoch: [25/200][80/282] lr: 4.99e-04 | MSE loss: 9.0830e-03 | time: 0.086
I 06.08/06:47:53 solver.py:159 ] Epoch: [25/200][100/282] lr: 4.99e-04 | MSE loss: 8.8827e-03 | time: 0.086
I 06.08/06:47:55 solver.py:159 ] Epoch: [25/200][120/282] lr: 4.99e-04 | MSE loss: 8.9872e-03 | time: 0.085
I 06.08/06:47:57 solver.py:159 ] Epoch: [25/200][140/282] lr: 4.99e-04 | MSE loss: 8.7888e-03 | time: 0.085
I 06.08/06:47:58 solver.py:159 ] Epoch: [25/200][160/282] lr: 4.99e-04 | MSE loss: 8.6102e-03 | time: 0.085
I 06.08/06:48:00 solver.py:159 ] Epoch: [25/200][180/282] lr: 4.99e-04 | MSE loss: 8.2955e-03 | time: 0.086
I 06.08/06:48:04 solver.py:159 ] Epoch: [25/200][200/282] lr: 4.99e-04 | MSE loss: 8.4282e-03 | time: 0.096
I 06.08/06:48:06 solver.py:159 ] Epoch: [25/200][220/282] lr: 4.99e-04 | MSE loss: 8.2887e-03 | time: 0.096
I 06.08/06:48:08 solver.py:159 ] Epoch: [25/200][240/282] lr: 4.99e-04 | MSE loss: 8.1288e-03 | time: 0.095
I 06.08/06:48:09 solver.py:159 ] Epoch: [25/200][260/282] lr: 4.99e-04 | MSE loss: 8.2054e-03 | time: 0.094
I 06.08/06:48:11 solver.py:159 ] Epoch: [25/200][280/282] lr: 4.99e-04 | MSE loss: 8.0960e-03 | time: 0.093
I 06.08/06:48:11 solver.py:169 ] => Train  Loss: 8.1331e-03

I 06.08/06:48:12 solver.py:405 ] [20/32] loss: 9.3551e-03 | NMSE: -1.6782e+01 | time: 0.073
I 06.08/06:48:13 solver.py:413 ] => Test NMSE: -1.7832e+01

I 06.08/06:48:13 solver.py:345 ] => LoRA monitor [epoch=25] | trainable=2621440/2621440 | non_lora_trainable=0 | lora_l2=1.392908e+01 | lora_A_l2=9.903484e+00 | lora_B_l2=9.794915e+00 | component_l2=fc_decoder:1.392908e+01 | lora_abs_max=4.972371e-02 | delta_l2=1.065593e+01 | delta_rel=1.153471e+00 | train_loss=8.133124e-03 | test_loss=8.236961e-03 | nmse=-1.783203e+01
I 06.08/06:48:14 solver.py:224 ] 
=! Best NMSE: -1.7832e+01 (epoch=25)

I 06.08/06:48:16 solver.py:159 ] Epoch: [26/200][20/282] lr: 4.99e-04 | MSE loss: 7.6237e-03 | time: 0.084
I 06.08/06:48:17 solver.py:159 ] Epoch: [26/200][40/282] lr: 4.99e-04 | MSE loss: 7.6660e-03 | time: 0.085
I 06.08/06:48:19 solver.py:159 ] Epoch: [26/200][60/282] lr: 4.99e-04 | MSE loss: 7.9555e-03 | time: 0.084
I 06.08/06:48:21 solver.py:159 ] Epoch: [26/200][80/282] lr: 4.99e-04 | MSE loss: 7.8032e-03 | time: 0.085
I 06.08/06:48:22 solver.py:159 ] Epoch: [26/200][100/282] lr: 4.99e-04 | MSE loss: 7.3859e-03 | time: 0.085
I 06.08/06:48:24 solver.py:159 ] Epoch: [26/200][120/282] lr: 4.99e-04 | MSE loss: 7.5758e-03 | time: 0.086
I 06.08/06:48:26 solver.py:159 ] Epoch: [26/200][140/282] lr: 4.99e-04 | MSE loss: 7.6707e-03 | time: 0.085
I 06.08/06:48:27 solver.py:159 ] Epoch: [26/200][160/282] lr: 4.99e-04 | MSE loss: 7.7444e-03 | time: 0.084
I 06.08/06:48:29 solver.py:159 ] Epoch: [26/200][180/282] lr: 4.99e-04 | MSE loss: 7.8205e-03 | time: 0.084
I 06.08/06:48:31 solver.py:159 ] Epoch: [26/200][200/282] lr: 4.99e-04 | MSE loss: 8.0178e-03 | time: 0.084
I 06.08/06:48:32 solver.py:159 ] Epoch: [26/200][220/282] lr: 4.99e-04 | MSE loss: 7.9013e-03 | time: 0.084
I 06.08/06:48:34 solver.py:159 ] Epoch: [26/200][240/282] lr: 4.99e-04 | MSE loss: 7.9489e-03 | time: 0.084
I 06.08/06:48:36 solver.py:159 ] Epoch: [26/200][260/282] lr: 4.99e-04 | MSE loss: 8.0562e-03 | time: 0.084
I 06.08/06:48:37 solver.py:159 ] Epoch: [26/200][280/282] lr: 4.99e-04 | MSE loss: 8.1849e-03 | time: 0.084
I 06.08/06:48:38 solver.py:169 ] => Train  Loss: 8.1370e-03

I 06.08/06:48:39 solver.py:405 ] [20/32] loss: 9.3566e-03 | NMSE: -1.6781e+01 | time: 0.081
I 06.08/06:48:40 solver.py:413 ] => Test NMSE: -1.7832e+01

I 06.08/06:48:40 solver.py:345 ] => LoRA monitor [epoch=26] | trainable=2621440/2621440 | non_lora_trainable=0 | lora_l2=1.396331e+01 | lora_A_l2=9.892075e+00 | lora_B_l2=9.854998e+00 | component_l2=fc_decoder:1.396331e+01 | lora_abs_max=4.946862e-02 | delta_l2=1.070449e+01 | delta_rel=1.158728e+00 | train_loss=8.137044e-03 | test_loss=8.237949e-03 | nmse=-1.783151e+01
I 06.08/06:48:40 solver.py:224 ] 
=! Best NMSE: -1.7832e+01 (epoch=25)

I 06.08/06:48:42 solver.py:159 ] Epoch: [27/200][20/282] lr: 4.99e-04 | MSE loss: 7.8326e-03 | time: 0.080
I 06.08/06:48:43 solver.py:159 ] Epoch: [27/200][40/282] lr: 4.99e-04 | MSE loss: 8.5000e-03 | time: 0.082
I 06.08/06:48:45 solver.py:159 ] Epoch: [27/200][60/282] lr: 4.99e-04 | MSE loss: 7.5987e-03 | time: 0.082
I 06.08/06:48:47 solver.py:159 ] Epoch: [27/200][80/282] lr: 4.99e-04 | MSE loss: 7.5558e-03 | time: 0.081
I 06.08/06:48:48 solver.py:159 ] Epoch: [27/200][100/282] lr: 4.99e-04 | MSE loss: 7.5649e-03 | time: 0.081
I 06.08/06:48:50 solver.py:159 ] Epoch: [27/200][120/282] lr: 4.99e-04 | MSE loss: 8.1160e-03 | time: 0.083
I 06.08/06:48:52 solver.py:159 ] Epoch: [27/200][140/282] lr: 4.99e-04 | MSE loss: 7.8903e-03 | time: 0.083
I 06.08/06:48:53 solver.py:159 ] Epoch: [27/200][160/282] lr: 4.99e-04 | MSE loss: 7.7352e-03 | time: 0.083
I 06.08/06:48:55 solver.py:159 ] Epoch: [27/200][180/282] lr: 4.98e-04 | MSE loss: 8.0286e-03 | time: 0.083
I 06.08/06:48:57 solver.py:159 ] Epoch: [27/200][200/282] lr: 4.98e-04 | MSE loss: 7.9714e-03 | time: 0.082
I 06.08/06:48:59 solver.py:159 ] Epoch: [27/200][220/282] lr: 4.98e-04 | MSE loss: 7.9672e-03 | time: 0.084
I 06.08/06:49:01 solver.py:159 ] Epoch: [27/200][240/282] lr: 4.98e-04 | MSE loss: 7.9440e-03 | time: 0.085
I 06.08/06:49:04 solver.py:159 ] Epoch: [27/200][260/282] lr: 4.98e-04 | MSE loss: 7.9032e-03 | time: 0.090
I 06.08/06:49:06 solver.py:159 ] Epoch: [27/200][280/282] lr: 4.98e-04 | MSE loss: 8.1496e-03 | time: 0.091
I 06.08/06:49:06 solver.py:169 ] => Train  Loss: 8.1335e-03

I 06.08/06:49:08 solver.py:405 ] [20/32] loss: 9.3560e-03 | NMSE: -1.6781e+01 | time: 0.088
I 06.08/06:49:08 solver.py:413 ] => Test NMSE: -1.7832e+01

I 06.08/06:49:09 solver.py:345 ] => LoRA monitor [epoch=27] | trainable=2621440/2621440 | non_lora_trainable=0 | lora_l2=1.399465e+01 | lora_A_l2=9.882229e+00 | lora_B_l2=9.909180e+00 | component_l2=fc_decoder:1.399465e+01 | lora_abs_max=4.841778e-02 | delta_l2=1.074866e+01 | delta_rel=1.163509e+00 | train_loss=8.133519e-03 | test_loss=8.237855e-03 | nmse=-1.783156e+01
I 06.08/06:49:09 solver.py:224 ] 
=! Best NMSE: -1.7832e+01 (epoch=25)

I 06.08/06:49:10 solver.py:159 ] Epoch: [28/200][20/282] lr: 4.98e-04 | MSE loss: 8.9842e-03 | time: 0.077
I 06.08/06:49:12 solver.py:159 ] Epoch: [28/200][40/282] lr: 4.98e-04 | MSE loss: 9.2134e-03 | time: 0.078
I 06.08/06:49:13 solver.py:159 ] Epoch: [28/200][60/282] lr: 4.98e-04 | MSE loss: 8.7561e-03 | time: 0.076
I 06.08/06:49:15 solver.py:159 ] Epoch: [28/200][80/282] lr: 4.98e-04 | MSE loss: 8.8679e-03 | time: 0.080
I 06.08/06:49:17 solver.py:159 ] Epoch: [28/200][100/282] lr: 4.98e-04 | MSE loss: 8.9848e-03 | time: 0.081
I 06.08/06:49:18 solver.py:159 ] Epoch: [28/200][120/282] lr: 4.98e-04 | MSE loss: 8.8739e-03 | time: 0.080
I 06.08/06:49:20 solver.py:159 ] Epoch: [28/200][140/282] lr: 4.98e-04 | MSE loss: 8.8712e-03 | time: 0.080
I 06.08/06:49:21 solver.py:159 ] Epoch: [28/200][160/282] lr: 4.98e-04 | MSE loss: 8.8006e-03 | time: 0.080
I 06.08/06:49:23 solver.py:159 ] Epoch: [28/200][180/282] lr: 4.98e-04 | MSE loss: 8.8884e-03 | time: 0.081
I 06.08/06:49:25 solver.py:159 ] Epoch: [28/200][200/282] lr: 4.98e-04 | MSE loss: 8.5096e-03 | time: 0.082
I 06.08/06:49:27 solver.py:159 ] Epoch: [28/200][220/282] lr: 4.98e-04 | MSE loss: 8.6199e-03 | time: 0.082
I 06.08/06:49:28 solver.py:159 ] Epoch: [28/200][240/282] lr: 4.98e-04 | MSE loss: 8.5282e-03 | time: 0.082
I 06.08/06:49:30 solver.py:159 ] Epoch: [28/200][260/282] lr: 4.98e-04 | MSE loss: 8.3249e-03 | time: 0.082
I 06.08/06:49:31 solver.py:159 ] Epoch: [28/200][280/282] lr: 4.98e-04 | MSE loss: 8.1357e-03 | time: 0.082
I 06.08/06:49:32 solver.py:169 ] => Train  Loss: 8.1394e-03

I 06.08/06:49:33 solver.py:405 ] [20/32] loss: 9.3561e-03 | NMSE: -1.6781e+01 | time: 0.084
I 06.08/06:49:34 solver.py:413 ] => Test NMSE: -1.7832e+01

I 06.08/06:49:34 solver.py:345 ] => LoRA monitor [epoch=28] | trainable=2621440/2621440 | non_lora_trainable=0 | lora_l2=1.404394e+01 | lora_A_l2=9.874105e+00 | lora_B_l2=9.986707e+00 | component_l2=fc_decoder:1.404394e+01 | lora_abs_max=4.913463e-02 | delta_l2=1.081957e+01 | delta_rel=1.171184e+00 | train_loss=8.139392e-03 | test_loss=8.237666e-03 | nmse=-1.783166e+01
I 06.08/06:49:34 solver.py:224 ] 
=! Best NMSE: -1.7832e+01 (epoch=25)

I 06.08/06:49:36 solver.py:159 ] Epoch: [29/200][20/282] lr: 4.98e-04 | MSE loss: 7.3591e-03 | time: 0.076
I 06.08/06:49:38 solver.py:159 ] Epoch: [29/200][40/282] lr: 4.98e-04 | MSE loss: 6.5604e-03 | time: 0.079
I 06.08/06:49:39 solver.py:159 ] Epoch: [29/200][60/282] lr: 4.98e-04 | MSE loss: 7.2511e-03 | time: 0.082
I 06.08/06:49:41 solver.py:159 ] Epoch: [29/200][80/282] lr: 4.98e-04 | MSE loss: 7.5796e-03 | time: 0.082
I 06.08/06:49:43 solver.py:159 ] Epoch: [29/200][100/282] lr: 4.98e-04 | MSE loss: 8.1259e-03 | time: 0.083
I 06.08/06:49:44 solver.py:159 ] Epoch: [29/200][120/282] lr: 4.98e-04 | MSE loss: 8.0512e-03 | time: 0.082
I 06.08/06:49:46 solver.py:159 ] Epoch: [29/200][140/282] lr: 4.98e-04 | MSE loss: 8.1098e-03 | time: 0.082
I 06.08/06:49:47 solver.py:159 ] Epoch: [29/200][160/282] lr: 4.97e-04 | MSE loss: 8.0385e-03 | time: 0.081
I 06.08/06:49:49 solver.py:159 ] Epoch: [29/200][180/282] lr: 4.97e-04 | MSE loss: 8.3025e-03 | time: 0.081
I 06.08/06:49:51 solver.py:159 ] Epoch: [29/200][200/282] lr: 4.97e-04 | MSE loss: 8.3263e-03 | time: 0.081
I 06.08/06:49:52 solver.py:159 ] Epoch: [29/200][220/282] lr: 4.97e-04 | MSE loss: 8.2739e-03 | time: 0.080
I 06.08/06:49:54 solver.py:159 ] Epoch: [29/200][240/282] lr: 4.97e-04 | MSE loss: 8.3195e-03 | time: 0.080
I 06.08/06:49:55 solver.py:159 ] Epoch: [29/200][260/282] lr: 4.97e-04 | MSE loss: 8.2721e-03 | time: 0.080
I 06.08/06:49:57 solver.py:159 ] Epoch: [29/200][280/282] lr: 4.97e-04 | MSE loss: 8.1570e-03 | time: 0.079
I 06.08/06:49:57 solver.py:169 ] => Train  Loss: 8.1350e-03

I 06.08/06:49:59 solver.py:405 ] [20/32] loss: 9.3578e-03 | NMSE: -1.6780e+01 | time: 0.087
I 06.08/06:50:00 solver.py:413 ] => Test NMSE: -1.7831e+01

I 06.08/06:50:00 solver.py:345 ] => LoRA monitor [epoch=29] | trainable=2621440/2621440 | non_lora_trainable=0 | lora_l2=1.411768e+01 | lora_A_l2=9.866673e+00 | lora_B_l2=1.009741e+01 | component_l2=fc_decoder:1.411768e+01 | lora_abs_max=4.881150e-02 | delta_l2=1.092104e+01 | delta_rel=1.182169e+00 | train_loss=8.134954e-03 | test_loss=8.238906e-03 | nmse=-1.783101e+01
I 06.08/06:50:00 solver.py:224 ] 
=! Best NMSE: -1.7832e+01 (epoch=25)

I 06.08/06:50:03 solver.py:159 ] Epoch: [30/200][20/282] lr: 4.97e-04 | MSE loss: 6.3065e-03 | time: 0.152
I 06.08/06:50:05 solver.py:159 ] Epoch: [30/200][40/282] lr: 4.97e-04 | MSE loss: 6.8118e-03 | time: 0.143
I 06.08/06:50:07 solver.py:159 ] Epoch: [30/200][60/282] lr: 4.97e-04 | MSE loss: 7.2745e-03 | time: 0.122
I 06.08/06:50:08 solver.py:159 ] Epoch: [30/200][80/282] lr: 4.97e-04 | MSE loss: 6.9475e-03 | time: 0.111
I 06.08/06:50:10 solver.py:159 ] Epoch: [30/200][100/282] lr: 4.97e-04 | MSE loss: 7.2280e-03 | time: 0.104
I 06.08/06:50:12 solver.py:159 ] Epoch: [30/200][120/282] lr: 4.97e-04 | MSE loss: 7.6100e-03 | time: 0.100
I 06.08/06:50:13 solver.py:159 ] Epoch: [30/200][140/282] lr: 4.97e-04 | MSE loss: 7.7876e-03 | time: 0.096
I 06.08/06:50:15 solver.py:159 ] Epoch: [30/200][160/282] lr: 4.97e-04 | MSE loss: 7.8756e-03 | time: 0.094
I 06.08/06:50:16 solver.py:159 ] Epoch: [30/200][180/282] lr: 4.97e-04 | MSE loss: 8.0588e-03 | time: 0.093
I 06.08/06:50:18 solver.py:159 ] Epoch: [30/200][200/282] lr: 4.97e-04 | MSE loss: 8.3597e-03 | time: 0.091
I 06.08/06:50:19 solver.py:159 ] Epoch: [30/200][220/282] lr: 4.97e-04 | MSE loss: 8.3044e-03 | time: 0.090
I 06.08/06:50:21 solver.py:159 ] Epoch: [30/200][240/282] lr: 4.97e-04 | MSE loss: 8.5084e-03 | time: 0.088
I 06.08/06:50:23 solver.py:159 ] Epoch: [30/200][260/282] lr: 4.97e-04 | MSE loss: 8.3293e-03 | time: 0.089
I 06.08/06:50:24 solver.py:159 ] Epoch: [30/200][280/282] lr: 4.97e-04 | MSE loss: 8.1735e-03 | time: 0.088
I 06.08/06:50:24 solver.py:169 ] => Train  Loss: 8.1378e-03

I 06.08/06:50:26 solver.py:159 ] Epoch: [30/200][20/32] lr: 4.97e-04 | MSE loss: 9.3588e-03 | time: 0.073
I 06.08/06:50:27 solver.py:169 ] => Val  Loss: 8.0550e-03

I 06.08/06:50:28 solver.py:405 ] [20/32] loss: 9.3588e-03 | NMSE: -1.6780e+01 | time: 0.074
I 06.08/06:50:29 solver.py:413 ] => Test NMSE: -1.7831e+01

I 06.08/06:50:29 solver.py:345 ] => LoRA monitor [epoch=30] | trainable=2621440/2621440 | non_lora_trainable=0 | lora_l2=1.419578e+01 | lora_A_l2=9.866524e+00 | lora_B_l2=1.020646e+01 | component_l2=fc_decoder:1.419578e+01 | lora_abs_max=4.904269e-02 | delta_l2=1.103050e+01 | delta_rel=1.194017e+00 | train_loss=8.137804e-03 | val_loss=8.055040e-03 | test_loss=8.239727e-03 | nmse=-1.783057e+01
I 06.08/06:50:29 solver.py:224 ] 
=! Best NMSE: -1.7832e+01 (epoch=25)

I 06.08/06:50:31 solver.py:159 ] Epoch: [31/200][20/282] lr: 4.97e-04 | MSE loss: 8.7972e-03 | time: 0.084
I 06.08/06:50:32 solver.py:159 ] Epoch: [31/200][40/282] lr: 4.96e-04 | MSE loss: 8.1072e-03 | time: 0.083
I 06.08/06:50:34 solver.py:159 ] Epoch: [31/200][60/282] lr: 4.96e-04 | MSE loss: 8.5475e-03 | time: 0.081
I 06.08/06:50:36 solver.py:159 ] Epoch: [31/200][80/282] lr: 4.96e-04 | MSE loss: 8.2636e-03 | time: 0.080
I 06.08/06:50:37 solver.py:159 ] Epoch: [31/200][100/282] lr: 4.96e-04 | MSE loss: 8.0986e-03 | time: 0.079
I 06.08/06:50:39 solver.py:159 ] Epoch: [31/200][120/282] lr: 4.96e-04 | MSE loss: 8.1072e-03 | time: 0.079
I 06.08/06:50:40 solver.py:159 ] Epoch: [31/200][140/282] lr: 4.96e-04 | MSE loss: 8.1218e-03 | time: 0.078
I 06.08/06:50:42 solver.py:159 ] Epoch: [31/200][160/282] lr: 4.96e-04 | MSE loss: 7.7776e-03 | time: 0.078
I 06.08/06:50:43 solver.py:159 ] Epoch: [31/200][180/282] lr: 4.96e-04 | MSE loss: 7.9923e-03 | time: 0.078
I 06.08/06:50:45 solver.py:159 ] Epoch: [31/200][200/282] lr: 4.96e-04 | MSE loss: 7.9678e-03 | time: 0.079
I 06.08/06:50:46 solver.py:159 ] Epoch: [31/200][220/282] lr: 4.96e-04 | MSE loss: 8.2222e-03 | time: 0.079
I 06.08/06:50:48 solver.py:159 ] Epoch: [31/200][240/282] lr: 4.96e-04 | MSE loss: 8.1892e-03 | time: 0.079
I 06.08/06:50:50 solver.py:159 ] Epoch: [31/200][260/282] lr: 4.96e-04 | MSE loss: 8.2196e-03 | time: 0.078
I 06.08/06:50:51 solver.py:159 ] Epoch: [31/200][280/282] lr: 4.96e-04 | MSE loss: 8.1226e-03 | time: 0.079
I 06.08/06:50:51 solver.py:169 ] => Train  Loss: 8.1363e-03

I 06.08/06:50:53 solver.py:405 ] [20/32] loss: 9.3624e-03 | NMSE: -1.6777e+01 | time: 0.076
I 06.08/06:50:54 solver.py:413 ] => Test NMSE: -1.7829e+01

I 06.08/06:50:54 solver.py:345 ] => LoRA monitor [epoch=31] | trainable=2621440/2621440 | non_lora_trainable=0 | lora_l2=1.427081e+01 | lora_A_l2=9.863007e+00 | lora_B_l2=1.031392e+01 | component_l2=fc_decoder:1.427081e+01 | lora_abs_max=4.766061e-02 | delta_l2=1.114423e+01 | delta_rel=1.206328e+00 | train_loss=8.136316e-03 | test_loss=8.243161e-03 | nmse=-1.782876e+01
I 06.08/06:50:54 solver.py:224 ] 
=! Best NMSE: -1.7832e+01 (epoch=25)

I 06.08/06:50:55 solver.py:159 ] Epoch: [32/200][20/282] lr: 4.96e-04 | MSE loss: 7.4553e-03 | time: 0.077
I 06.08/06:50:57 solver.py:159 ] Epoch: [32/200][40/282] lr: 4.96e-04 | MSE loss: 7.5821e-03 | time: 0.077
I 06.08/06:50:59 solver.py:159 ] Epoch: [32/200][60/282] lr: 4.96e-04 | MSE loss: 8.4872e-03 | time: 0.079
I 06.08/06:51:00 solver.py:159 ] Epoch: [32/200][80/282] lr: 4.96e-04 | MSE loss: 8.1099e-03 | time: 0.082
I 06.08/06:51:04 solver.py:159 ] Epoch: [32/200][100/282] lr: 4.96e-04 | MSE loss: 8.4264e-03 | time: 0.098
I 06.08/06:51:06 solver.py:159 ] Epoch: [32/200][120/282] lr: 4.96e-04 | MSE loss: 1.2470e-02 | time: 0.098
I 06.08/06:51:07 solver.py:159 ] Epoch: [32/200][140/282] lr: 4.95e-04 | MSE loss: 1.4053e-02 | time: 0.095
I 06.08/06:51:09 solver.py:159 ] Epoch: [32/200][160/282] lr: 4.95e-04 | MSE loss: 1.4717e-02 | time: 0.093
I 06.08/06:51:10 solver.py:159 ] Epoch: [32/200][180/282] lr: 4.95e-04 | MSE loss: 1.4573e-02 | time: 0.091
I 06.08/06:51:12 solver.py:159 ] Epoch: [32/200][200/282] lr: 4.95e-04 | MSE loss: 1.4266e-02 | time: 0.091
I 06.08/06:51:14 solver.py:159 ] Epoch: [32/200][220/282] lr: 4.95e-04 | MSE loss: 1.3793e-02 | time: 0.090
I 06.08/06:51:16 solver.py:159 ] Epoch: [32/200][240/282] lr: 4.95e-04 | MSE loss: 1.3811e-02 | time: 0.091
I 06.08/06:51:17 solver.py:159 ] Epoch: [32/200][260/282] lr: 4.95e-04 | MSE loss: 1.3739e-02 | time: 0.090
I 06.08/06:51:19 solver.py:159 ] Epoch: [32/200][280/282] lr: 4.95e-04 | MSE loss: 1.3762e-02 | time: 0.089
I 06.08/06:51:19 solver.py:169 ] => Train  Loss: 1.3775e-02

I 06.08/06:51:21 solver.py:405 ] [20/32] loss: 1.6043e-02 | NMSE: -1.4832e+01 | time: 0.078
I 06.08/06:51:21 solver.py:413 ] => Test NMSE: -1.5122e+01

I 06.08/06:51:21 solver.py:345 ] => LoRA monitor [epoch=32] | trainable=2621440/2621440 | non_lora_trainable=0 | lora_l2=2.375282e+01 | lora_A_l2=1.128081e+01 | lora_B_l2=2.090311e+01 | component_l2=fc_decoder:2.375282e+01 | lora_abs_max=8.511634e-02 | delta_l2=2.203779e+01 | delta_rel=2.385522e+00 | train_loss=1.377487e-02 | test_loss=1.537263e-02 | nmse=-1.512222e+01
I 06.08/06:51:21 solver.py:224 ] 
=! Best NMSE: -1.7832e+01 (epoch=25)

I 06.08/06:51:23 solver.py:159 ] Epoch: [33/200][20/282] lr: 4.95e-04 | MSE loss: 1.8755e-02 | time: 0.086
I 06.08/06:51:25 solver.py:159 ] Epoch: [33/200][40/282] lr: 4.95e-04 | MSE loss: 1.3707e-02 | time: 0.083
I 06.08/06:51:26 solver.py:159 ] Epoch: [33/200][60/282] lr: 4.95e-04 | MSE loss: 1.3699e-02 | time: 0.080
I 06.08/06:51:28 solver.py:159 ] Epoch: [33/200][80/282] lr: 4.95e-04 | MSE loss: 1.3355e-02 | time: 0.080
I 06.08/06:51:29 solver.py:159 ] Epoch: [33/200][100/282] lr: 4.95e-04 | MSE loss: 1.3098e-02 | time: 0.081
I 06.08/06:51:31 solver.py:159 ] Epoch: [33/200][120/282] lr: 4.95e-04 | MSE loss: 1.2473e-02 | time: 0.080
I 06.08/06:51:32 solver.py:159 ] Epoch: [33/200][140/282] lr: 4.95e-04 | MSE loss: 1.2197e-02 | time: 0.079
I 06.08/06:51:34 solver.py:159 ] Epoch: [33/200][160/282] lr: 4.95e-04 | MSE loss: 1.2220e-02 | time: 0.079
I 06.08/06:51:36 solver.py:159 ] Epoch: [33/200][180/282] lr: 4.95e-04 | MSE loss: 1.2066e-02 | time: 0.079
I 06.08/06:51:37 solver.py:159 ] Epoch: [33/200][200/282] lr: 4.94e-04 | MSE loss: 1.1838e-02 | time: 0.079
I 06.08/06:51:39 solver.py:159 ] Epoch: [33/200][220/282] lr: 4.94e-04 | MSE loss: 1.1600e-02 | time: 0.079
I 06.08/06:51:41 solver.py:159 ] Epoch: [33/200][240/282] lr: 4.94e-04 | MSE loss: 1.1564e-02 | time: 0.080
I 06.08/06:51:42 solver.py:159 ] Epoch: [33/200][260/282] lr: 4.94e-04 | MSE loss: 1.1371e-02 | time: 0.079
I 06.08/06:51:44 solver.py:159 ] Epoch: [33/200][280/282] lr: 4.94e-04 | MSE loss: 1.1134e-02 | time: 0.079
I 06.08/06:51:44 solver.py:169 ] => Train  Loss: 1.1065e-02

I 06.08/06:51:45 solver.py:405 ] [20/32] loss: 1.0029e-02 | NMSE: -1.6654e+01 | time: 0.080
I 06.08/06:51:46 solver.py:413 ] => Test NMSE: -1.7290e+01

I 06.08/06:51:46 solver.py:345 ] => LoRA monitor [epoch=33] | trainable=2621440/2621440 | non_lora_trainable=0 | lora_l2=2.488645e+01 | lora_A_l2=1.084634e+01 | lora_B_l2=2.239849e+01 | component_l2=fc_decoder:2.488645e+01 | lora_abs_max=9.485819e-02 | delta_l2=2.326841e+01 | delta_rel=2.518733e+00 | train_loss=1.106496e-02 | test_loss=9.331428e-03 | nmse=-1.729022e+01
I 06.08/06:51:46 solver.py:224 ] 
=! Best NMSE: -1.7832e+01 (epoch=25)

I 06.08/06:51:48 solver.py:159 ] Epoch: [34/200][20/282] lr: 4.94e-04 | MSE loss: 5.8903e-03 | time: 0.091
I 06.08/06:51:50 solver.py:159 ] Epoch: [34/200][40/282] lr: 4.94e-04 | MSE loss: 6.7604e-03 | time: 0.087
I 06.08/06:51:51 solver.py:159 ] Epoch: [34/200][60/282] lr: 4.94e-04 | MSE loss: 7.5597e-03 | time: 0.081
I 06.08/06:51:53 solver.py:159 ] Epoch: [34/200][80/282] lr: 4.94e-04 | MSE loss: 7.6424e-03 | time: 0.079
I 06.08/06:51:54 solver.py:159 ] Epoch: [34/200][100/282] lr: 4.94e-04 | MSE loss: 7.6493e-03 | time: 0.080
I 06.08/06:51:56 solver.py:159 ] Epoch: [34/200][120/282] lr: 4.94e-04 | MSE loss: 8.0565e-03 | time: 0.080
I 06.08/06:51:57 solver.py:159 ] Epoch: [34/200][140/282] lr: 4.94e-04 | MSE loss: 8.6157e-03 | time: 0.080
I 06.08/06:51:59 solver.py:159 ] Epoch: [34/200][160/282] lr: 4.94e-04 | MSE loss: 8.6728e-03 | time: 0.079
I 06.08/06:52:01 solver.py:159 ] Epoch: [34/200][180/282] lr: 4.94e-04 | MSE loss: 8.6796e-03 | time: 0.082
I 06.08/06:52:04 solver.py:159 ] Epoch: [34/200][200/282] lr: 4.94e-04 | MSE loss: 8.6241e-03 | time: 0.090
I 06.08/06:52:06 solver.py:159 ] Epoch: [34/200][220/282] lr: 4.94e-04 | MSE loss: 8.5679e-03 | time: 0.090
I 06.08/06:52:08 solver.py:159 ] Epoch: [34/200][240/282] lr: 4.93e-04 | MSE loss: 8.6149e-03 | time: 0.089
I 06.08/06:52:09 solver.py:159 ] Epoch: [34/200][260/282] lr: 4.93e-04 | MSE loss: 8.5768e-03 | time: 0.088
I 06.08/06:52:11 solver.py:159 ] Epoch: [34/200][280/282] lr: 4.93e-04 | MSE loss: 8.4308e-03 | time: 0.088
I 06.08/06:52:11 solver.py:169 ] => Train  Loss: 8.4516e-03

I 06.08/06:52:13 solver.py:405 ] [20/32] loss: 9.4515e-03 | NMSE: -1.6744e+01 | time: 0.084
I 06.08/06:52:14 solver.py:413 ] => Test NMSE: -1.7784e+01

I 06.08/06:52:14 solver.py:345 ] => LoRA monitor [epoch=34] | trainable=2621440/2621440 | non_lora_trainable=0 | lora_l2=2.440743e+01 | lora_A_l2=1.072261e+01 | lora_B_l2=2.192597e+01 | component_l2=fc_decoder:2.440743e+01 | lora_abs_max=9.133912e-02 | delta_l2=2.276127e+01 | delta_rel=2.463836e+00 | train_loss=8.451641e-03 | test_loss=8.328408e-03 | nmse=-1.778408e+01
I 06.08/06:52:14 solver.py:224 ] 
=! Best NMSE: -1.7832e+01 (epoch=25)

I 06.08/06:52:15 solver.py:159 ] Epoch: [35/200][20/282] lr: 4.93e-04 | MSE loss: 8.2821e-03 | time: 0.082
I 06.08/06:52:17 solver.py:159 ] Epoch: [35/200][40/282] lr: 4.93e-04 | MSE loss: 7.7110e-03 | time: 0.083
I 06.08/06:52:19 solver.py:159 ] Epoch: [35/200][60/282] lr: 4.93e-04 | MSE loss: 8.2278e-03 | time: 0.084
I 06.08/06:52:20 solver.py:159 ] Epoch: [35/200][80/282] lr: 4.93e-04 | MSE loss: 8.1043e-03 | time: 0.084
I 06.08/06:52:22 solver.py:159 ] Epoch: [35/200][100/282] lr: 4.93e-04 | MSE loss: 8.6168e-03 | time: 0.084
I 06.08/06:52:24 solver.py:159 ] Epoch: [35/200][120/282] lr: 4.93e-04 | MSE loss: 8.5329e-03 | time: 0.084
I 06.08/06:52:25 solver.py:159 ] Epoch: [35/200][140/282] lr: 4.93e-04 | MSE loss: 8.3257e-03 | time: 0.082
I 06.08/06:52:27 solver.py:159 ] Epoch: [35/200][160/282] lr: 4.93e-04 | MSE loss: 7.9346e-03 | time: 0.081
I 06.08/06:52:28 solver.py:159 ] Epoch: [35/200][180/282] lr: 4.93e-04 | MSE loss: 8.2570e-03 | time: 0.081
I 06.08/06:52:30 solver.py:159 ] Epoch: [35/200][200/282] lr: 4.93e-04 | MSE loss: 8.1773e-03 | time: 0.080
I 06.08/06:52:31 solver.py:159 ] Epoch: [35/200][220/282] lr: 4.93e-04 | MSE loss: 8.2012e-03 | time: 0.079
I 06.08/06:52:33 solver.py:159 ] Epoch: [35/200][240/282] lr: 4.92e-04 | MSE loss: 8.3431e-03 | time: 0.079
I 06.08/06:52:34 solver.py:159 ] Epoch: [35/200][260/282] lr: 4.92e-04 | MSE loss: 8.3785e-03 | time: 0.079
I 06.08/06:52:36 solver.py:159 ] Epoch: [35/200][280/282] lr: 4.92e-04 | MSE loss: 8.2214e-03 | time: 0.079
I 06.08/06:52:36 solver.py:169 ] => Train  Loss: 8.1953e-03

I 06.08/06:52:37 solver.py:405 ] [20/32] loss: 9.4177e-03 | NMSE: -1.6757e+01 | time: 0.069
I 06.08/06:52:38 solver.py:413 ] => Test NMSE: -1.7801e+01

I 06.08/06:52:38 solver.py:345 ] => LoRA monitor [epoch=35] | trainable=2621440/2621440 | non_lora_trainable=0 | lora_l2=2.424315e+01 | lora_A_l2=1.064931e+01 | lora_B_l2=2.177894e+01 | component_l2=fc_decoder:2.424315e+01 | lora_abs_max=9.169871e-02 | delta_l2=2.258946e+01 | delta_rel=2.445238e+00 | train_loss=8.195340e-03 | test_loss=8.295628e-03 | nmse=-1.780121e+01
I 06.08/06:52:38 solver.py:224 ] 
=! Best NMSE: -1.7832e+01 (epoch=25)

I 06.08/06:52:40 solver.py:159 ] Epoch: [36/200][20/282] lr: 4.92e-04 | MSE loss: 8.7623e-03 | time: 0.081
I 06.08/06:52:41 solver.py:159 ] Epoch: [36/200][40/282] lr: 4.92e-04 | MSE loss: 8.0750e-03 | time: 0.077
I 06.08/06:52:43 solver.py:159 ] Epoch: [36/200][60/282] lr: 4.92e-04 | MSE loss: 8.3453e-03 | time: 0.076
I 06.08/06:52:44 solver.py:159 ] Epoch: [36/200][80/282] lr: 4.92e-04 | MSE loss: 7.9153e-03 | time: 0.075
I 06.08/06:52:46 solver.py:159 ] Epoch: [36/200][100/282] lr: 4.92e-04 | MSE loss: 8.4475e-03 | time: 0.074
I 06.08/06:52:47 solver.py:159 ] Epoch: [36/200][120/282] lr: 4.92e-04 | MSE loss: 8.6662e-03 | time: 0.075
I 06.08/06:52:49 solver.py:159 ] Epoch: [36/200][140/282] lr: 4.92e-04 | MSE loss: 8.6291e-03 | time: 0.074
I 06.08/06:52:50 solver.py:159 ] Epoch: [36/200][160/282] lr: 4.92e-04 | MSE loss: 8.5841e-03 | time: 0.074
I 06.08/06:52:52 solver.py:159 ] Epoch: [36/200][180/282] lr: 4.92e-04 | MSE loss: 8.2666e-03 | time: 0.074
I 06.08/06:52:53 solver.py:159 ] Epoch: [36/200][200/282] lr: 4.92e-04 | MSE loss: 8.2048e-03 | time: 0.074
I 06.08/06:52:55 solver.py:159 ] Epoch: [36/200][220/282] lr: 4.92e-04 | MSE loss: 8.2009e-03 | time: 0.073
I 06.08/06:52:56 solver.py:159 ] Epoch: [36/200][240/282] lr: 4.91e-04 | MSE loss: 8.1422e-03 | time: 0.074
I 06.08/06:52:58 solver.py:159 ] Epoch: [36/200][260/282] lr: 4.91e-04 | MSE loss: 8.0510e-03 | time: 0.074
I 06.08/06:52:59 solver.py:159 ] Epoch: [36/200][280/282] lr: 4.91e-04 | MSE loss: 8.1924e-03 | time: 0.074
I 06.08/06:52:59 solver.py:169 ] => Train  Loss: 8.2557e-03

I 06.08/06:53:01 solver.py:405 ] [20/32] loss: 9.4010e-03 | NMSE: -1.6763e+01 | time: 0.076
I 06.08/06:53:02 solver.py:413 ] => Test NMSE: -1.7810e+01

I 06.08/06:53:02 solver.py:345 ] => LoRA monitor [epoch=36] | trainable=2621440/2621440 | non_lora_trainable=0 | lora_l2=2.413047e+01 | lora_A_l2=1.059868e+01 | lora_B_l2=2.167827e+01 | component_l2=fc_decoder:2.413047e+01 | lora_abs_max=9.179131e-02 | delta_l2=2.247184e+01 | delta_rel=2.432506e+00 | train_loss=8.255652e-03 | test_loss=8.279728e-03 | nmse=-1.780954e+01
I 06.08/06:53:02 solver.py:224 ] 
=! Best NMSE: -1.7832e+01 (epoch=25)

I 06.08/06:53:04 solver.py:159 ] Epoch: [37/200][20/282] lr: 4.91e-04 | MSE loss: 1.0341e-02 | time: 0.112
I 06.08/06:53:06 solver.py:159 ] Epoch: [37/200][40/282] lr: 4.91e-04 | MSE loss: 9.0981e-03 | time: 0.093
I 06.08/06:53:07 solver.py:159 ] Epoch: [37/200][60/282] lr: 4.91e-04 | MSE loss: 8.7606e-03 | time: 0.088
I 06.08/06:53:09 solver.py:159 ] Epoch: [37/200][80/282] lr: 4.91e-04 | MSE loss: 8.4194e-03 | time: 0.083
I 06.08/06:53:10 solver.py:159 ] Epoch: [37/200][100/282] lr: 4.91e-04 | MSE loss: 8.6196e-03 | time: 0.082
I 06.08/06:53:12 solver.py:159 ] Epoch: [37/200][120/282] lr: 4.91e-04 | MSE loss: 8.1024e-03 | time: 0.081
I 06.08/06:53:13 solver.py:159 ] Epoch: [37/200][140/282] lr: 4.91e-04 | MSE loss: 8.3579e-03 | time: 0.080
I 06.08/06:53:15 solver.py:159 ] Epoch: [37/200][160/282] lr: 4.91e-04 | MSE loss: 8.4973e-03 | time: 0.079
I 06.08/06:53:16 solver.py:159 ] Epoch: [37/200][180/282] lr: 4.91e-04 | MSE loss: 8.5495e-03 | time: 0.079
I 06.08/06:53:18 solver.py:159 ] Epoch: [37/200][200/282] lr: 4.90e-04 | MSE loss: 8.3569e-03 | time: 0.078
I 06.08/06:53:19 solver.py:159 ] Epoch: [37/200][220/282] lr: 4.90e-04 | MSE loss: 8.3048e-03 | time: 0.078
I 06.08/06:53:21 solver.py:159 ] Epoch: [37/200][240/282] lr: 4.90e-04 | MSE loss: 8.1761e-03 | time: 0.077
I 06.08/06:53:22 solver.py:159 ] Epoch: [37/200][260/282] lr: 4.90e-04 | MSE loss: 8.1637e-03 | time: 0.076
I 06.08/06:53:23 solver.py:159 ] Epoch: [37/200][280/282] lr: 4.90e-04 | MSE loss: 8.1793e-03 | time: 0.075
I 06.08/06:53:23 solver.py:169 ] => Train  Loss: 8.2232e-03

I 06.08/06:53:25 solver.py:405 ] [20/32] loss: 9.3909e-03 | NMSE: -1.6767e+01 | time: 0.060
I 06.08/06:53:25 solver.py:413 ] => Test NMSE: -1.7814e+01

I 06.08/06:53:25 solver.py:345 ] => LoRA monitor [epoch=37] | trainable=2621440/2621440 | non_lora_trainable=0 | lora_l2=2.403911e+01 | lora_A_l2=1.055736e+01 | lora_B_l2=2.159678e+01 | component_l2=fc_decoder:2.403911e+01 | lora_abs_max=9.169074e-02 | delta_l2=2.237660e+01 | delta_rel=2.422196e+00 | train_loss=8.223231e-03 | test_loss=8.270293e-03 | nmse=-1.781449e+01
I 06.08/06:53:25 solver.py:224 ] 
=! Best NMSE: -1.7832e+01 (epoch=25)

I 06.08/06:53:27 solver.py:159 ] Epoch: [38/200][20/282] lr: 4.90e-04 | MSE loss: 6.2814e-03 | time: 0.072
I 06.08/06:53:28 solver.py:159 ] Epoch: [38/200][40/282] lr: 4.90e-04 | MSE loss: 7.2513e-03 | time: 0.069
I 06.08/06:53:30 solver.py:159 ] Epoch: [38/200][60/282] lr: 4.90e-04 | MSE loss: 8.1398e-03 | time: 0.070
I 06.08/06:53:31 solver.py:159 ] Epoch: [38/200][80/282] lr: 4.90e-04 | MSE loss: 8.1265e-03 | time: 0.071
I 06.08/06:53:33 solver.py:159 ] Epoch: [38/200][100/282] lr: 4.90e-04 | MSE loss: 7.8512e-03 | time: 0.071
I 06.08/06:53:34 solver.py:159 ] Epoch: [38/200][120/282] lr: 4.90e-04 | MSE loss: 8.0475e-03 | time: 0.071
I 06.08/06:53:35 solver.py:159 ] Epoch: [38/200][140/282] lr: 4.90e-04 | MSE loss: 7.9608e-03 | time: 0.071
I 06.08/06:53:37 solver.py:159 ] Epoch: [38/200][160/282] lr: 4.90e-04 | MSE loss: 8.0967e-03 | time: 0.071
I 06.08/06:53:38 solver.py:159 ] Epoch: [38/200][180/282] lr: 4.89e-04 | MSE loss: 7.9238e-03 | time: 0.070
I 06.08/06:53:39 solver.py:159 ] Epoch: [38/200][200/282] lr: 4.89e-04 | MSE loss: 8.3129e-03 | time: 0.070
I 06.08/06:53:41 solver.py:159 ] Epoch: [38/200][220/282] lr: 4.89e-04 | MSE loss: 8.3427e-03 | time: 0.070
I 06.08/06:53:42 solver.py:159 ] Epoch: [38/200][240/282] lr: 4.89e-04 | MSE loss: 8.1326e-03 | time: 0.070
I 06.08/06:53:44 solver.py:159 ] Epoch: [38/200][260/282] lr: 4.89e-04 | MSE loss: 8.2506e-03 | time: 0.070
I 06.08/06:53:45 solver.py:159 ] Epoch: [38/200][280/282] lr: 4.89e-04 | MSE loss: 8.1954e-03 | time: 0.070
I 06.08/06:53:45 solver.py:169 ] => Train  Loss: 8.1566e-03

I 06.08/06:53:47 solver.py:405 ] [20/32] loss: 9.3839e-03 | NMSE: -1.6770e+01 | time: 0.075
I 06.08/06:53:48 solver.py:413 ] => Test NMSE: -1.7818e+01

I 06.08/06:53:48 solver.py:345 ] => LoRA monitor [epoch=38] | trainable=2621440/2621440 | non_lora_trainable=0 | lora_l2=2.396163e+01 | lora_A_l2=1.052207e+01 | lora_B_l2=2.152779e+01 | component_l2=fc_decoder:2.396163e+01 | lora_abs_max=9.166604e-02 | delta_l2=2.229579e+01 | delta_rel=2.413449e+00 | train_loss=8.156602e-03 | test_loss=8.263809e-03 | nmse=-1.781790e+01
I 06.08/06:53:48 solver.py:224 ] 
=! Best NMSE: -1.7832e+01 (epoch=25)

I 06.08/06:53:49 solver.py:159 ] Epoch: [39/200][20/282] lr: 4.89e-04 | MSE loss: 6.3990e-03 | time: 0.068
I 06.08/06:53:50 solver.py:159 ] Epoch: [39/200][40/282] lr: 4.89e-04 | MSE loss: 8.1326e-03 | time: 0.071
I 06.08/06:53:52 solver.py:159 ] Epoch: [39/200][60/282] lr: 4.89e-04 | MSE loss: 7.4983e-03 | time: 0.071
I 06.08/06:53:53 solver.py:159 ] Epoch: [39/200][80/282] lr: 4.89e-04 | MSE loss: 7.2909e-03 | time: 0.072
I 06.08/06:53:55 solver.py:159 ] Epoch: [39/200][100/282] lr: 4.89e-04 | MSE loss: 7.3491e-03 | time: 0.072
I 06.08/06:53:56 solver.py:159 ] Epoch: [39/200][120/282] lr: 4.88e-04 | MSE loss: 7.6403e-03 | time: 0.073
I 06.08/06:53:58 solver.py:159 ] Epoch: [39/200][140/282] lr: 4.88e-04 | MSE loss: 7.5951e-03 | time: 0.072
I 06.08/06:53:59 solver.py:159 ] Epoch: [39/200][160/282] lr: 4.88e-04 | MSE loss: 7.7372e-03 | time: 0.072
I 06.08/06:54:01 solver.py:159 ] Epoch: [39/200][180/282] lr: 4.88e-04 | MSE loss: 7.7652e-03 | time: 0.076
I 06.08/06:54:04 solver.py:159 ] Epoch: [39/200][200/282] lr: 4.88e-04 | MSE loss: 7.8129e-03 | time: 0.083
I 06.08/06:54:06 solver.py:159 ] Epoch: [39/200][220/282] lr: 4.88e-04 | MSE loss: 8.1199e-03 | time: 0.083
I 06.08/06:54:07 solver.py:159 ] Epoch: [39/200][240/282] lr: 4.88e-04 | MSE loss: 8.0990e-03 | time: 0.082
I 06.08/06:54:08 solver.py:159 ] Epoch: [39/200][260/282] lr: 4.88e-04 | MSE loss: 8.1213e-03 | time: 0.080
I 06.08/06:54:10 solver.py:159 ] Epoch: [39/200][280/282] lr: 4.88e-04 | MSE loss: 8.1739e-03 | time: 0.079
I 06.08/06:54:10 solver.py:169 ] => Train  Loss: 8.1530e-03

I 06.08/06:54:11 solver.py:405 ] [20/32] loss: 9.3792e-03 | NMSE: -1.6772e+01 | time: 0.066
I 06.08/06:54:12 solver.py:413 ] => Test NMSE: -1.7820e+01

I 06.08/06:54:12 solver.py:345 ] => LoRA monitor [epoch=39] | trainable=2621440/2621440 | non_lora_trainable=0 | lora_l2=2.389264e+01 | lora_A_l2=1.049042e+01 | lora_B_l2=2.146647e+01 | component_l2=fc_decoder:2.389264e+01 | lora_abs_max=9.152932e-02 | delta_l2=2.222392e+01 | delta_rel=2.405670e+00 | train_loss=8.153019e-03 | test_loss=8.259266e-03 | nmse=-1.782029e+01
I 06.08/06:54:12 solver.py:224 ] 
=! Best NMSE: -1.7832e+01 (epoch=25)

I 06.08/06:54:14 solver.py:159 ] Epoch: [40/200][20/282] lr: 4.88e-04 | MSE loss: 7.7091e-03 | time: 0.076
I 06.08/06:54:15 solver.py:159 ] Epoch: [40/200][40/282] lr: 4.88e-04 | MSE loss: 8.4499e-03 | time: 0.077
I 06.08/06:54:17 solver.py:159 ] Epoch: [40/200][60/282] lr: 4.87e-04 | MSE loss: 8.8371e-03 | time: 0.076
I 06.08/06:54:18 solver.py:159 ] Epoch: [40/200][80/282] lr: 4.87e-04 | MSE loss: 8.8633e-03 | time: 0.074
I 06.08/06:54:20 solver.py:159 ] Epoch: [40/200][100/282] lr: 4.87e-04 | MSE loss: 8.3232e-03 | time: 0.075
I 06.08/06:54:21 solver.py:159 ] Epoch: [40/200][120/282] lr: 4.87e-04 | MSE loss: 8.3430e-03 | time: 0.075
I 06.08/06:54:22 solver.py:159 ] Epoch: [40/200][140/282] lr: 4.87e-04 | MSE loss: 8.1971e-03 | time: 0.075
I 06.08/06:54:24 solver.py:159 ] Epoch: [40/200][160/282] lr: 4.87e-04 | MSE loss: 8.0981e-03 | time: 0.074
I 06.08/06:54:25 solver.py:159 ] Epoch: [40/200][180/282] lr: 4.87e-04 | MSE loss: 8.1966e-03 | time: 0.074
I 06.08/06:54:27 solver.py:159 ] Epoch: [40/200][200/282] lr: 4.87e-04 | MSE loss: 8.2129e-03 | time: 0.073
I 06.08/06:54:28 solver.py:159 ] Epoch: [40/200][220/282] lr: 4.87e-04 | MSE loss: 8.1595e-03 | time: 0.074
I 06.08/06:54:30 solver.py:159 ] Epoch: [40/200][240/282] lr: 4.87e-04 | MSE loss: 8.0995e-03 | time: 0.074
I 06.08/06:54:31 solver.py:159 ] Epoch: [40/200][260/282] lr: 4.87e-04 | MSE loss: 8.0725e-03 | time: 0.074
I 06.08/06:54:33 solver.py:159 ] Epoch: [40/200][280/282] lr: 4.86e-04 | MSE loss: 8.1092e-03 | time: 0.074
I 06.08/06:54:33 solver.py:169 ] => Train  Loss: 8.2149e-03

I 06.08/06:54:34 solver.py:159 ] Epoch: [40/200][20/32] lr: 4.86e-04 | MSE loss: 9.3748e-03 | time: 0.060
I 06.08/06:54:35 solver.py:169 ] => Val  Loss: 8.0703e-03

I 06.08/06:54:36 solver.py:405 ] [20/32] loss: 9.3748e-03 | NMSE: -1.6774e+01 | time: 0.070
I 06.08/06:54:37 solver.py:413 ] => Test NMSE: -1.7822e+01

I 06.08/06:54:37 solver.py:345 ] => LoRA monitor [epoch=40] | trainable=2621440/2621440 | non_lora_trainable=0 | lora_l2=2.383183e+01 | lora_A_l2=1.046238e+01 | lora_B_l2=2.141248e+01 | component_l2=fc_decoder:2.383183e+01 | lora_abs_max=9.152676e-02 | delta_l2=2.216063e+01 | delta_rel=2.398819e+00 | train_loss=8.214857e-03 | val_loss=8.070289e-03 | test_loss=8.255266e-03 | nmse=-1.782239e+01
I 06.08/06:54:37 solver.py:224 ] 
=! Best NMSE: -1.7832e+01 (epoch=25)

I 06.08/06:54:38 solver.py:159 ] Epoch: [41/200][20/282] lr: 4.86e-04 | MSE loss: 7.2695e-03 | time: 0.074
I 06.08/06:54:40 solver.py:159 ] Epoch: [41/200][40/282] lr: 4.86e-04 | MSE loss: 7.9774e-03 | time: 0.073
I 06.08/06:54:41 solver.py:159 ] Epoch: [41/200][60/282] lr: 4.86e-04 | MSE loss: 7.7093e-03 | time: 0.071
I 06.08/06:54:43 solver.py:159 ] Epoch: [41/200][80/282] lr: 4.86e-04 | MSE loss: 7.5540e-03 | time: 0.071
I 06.08/06:54:44 solver.py:159 ] Epoch: [41/200][100/282] lr: 4.86e-04 | MSE loss: 7.6848e-03 | time: 0.071
I 06.08/06:54:45 solver.py:159 ] Epoch: [41/200][120/282] lr: 4.86e-04 | MSE loss: 8.1677e-03 | time: 0.071
I 06.08/06:54:47 solver.py:159 ] Epoch: [41/200][140/282] lr: 4.86e-04 | MSE loss: 7.8999e-03 | time: 0.071
I 06.08/06:54:48 solver.py:159 ] Epoch: [41/200][160/282] lr: 4.86e-04 | MSE loss: 8.1087e-03 | time: 0.071
I 06.08/06:54:50 solver.py:159 ] Epoch: [41/200][180/282] lr: 4.86e-04 | MSE loss: 8.2332e-03 | time: 0.070
I 06.08/06:54:51 solver.py:159 ] Epoch: [41/200][200/282] lr: 4.85e-04 | MSE loss: 8.3781e-03 | time: 0.070
I 06.08/06:54:52 solver.py:159 ] Epoch: [41/200][220/282] lr: 4.85e-04 | MSE loss: 8.2557e-03 | time: 0.070
I 06.08/06:54:54 solver.py:159 ] Epoch: [41/200][240/282] lr: 4.85e-04 | MSE loss: 8.3017e-03 | time: 0.070
I 06.08/06:54:55 solver.py:159 ] Epoch: [41/200][260/282] lr: 4.85e-04 | MSE loss: 8.1506e-03 | time: 0.070
I 06.08/06:54:56 solver.py:159 ] Epoch: [41/200][280/282] lr: 4.85e-04 | MSE loss: 8.1939e-03 | time: 0.070
I 06.08/06:54:56 solver.py:169 ] => Train  Loss: 8.1442e-03

I 06.08/06:54:58 solver.py:405 ] [20/32] loss: 9.3715e-03 | NMSE: -1.6775e+01 | time: 0.059
I 06.08/06:54:58 solver.py:413 ] => Test NMSE: -1.7824e+01

I 06.08/06:54:58 solver.py:345 ] => LoRA monitor [epoch=41] | trainable=2621440/2621440 | non_lora_trainable=0 | lora_l2=2.377592e+01 | lora_A_l2=1.043619e+01 | lora_B_l2=2.136306e+01 | component_l2=fc_decoder:2.377592e+01 | lora_abs_max=9.167144e-02 | delta_l2=2.210236e+01 | delta_rel=2.392511e+00 | train_loss=8.144200e-03 | test_loss=8.252075e-03 | nmse=-1.782407e+01
I 06.08/06:54:58 solver.py:224 ] 
=! Best NMSE: -1.7832e+01 (epoch=25)

I 06.08/06:55:00 solver.py:159 ] Epoch: [42/200][20/282] lr: 4.85e-04 | MSE loss: 8.8985e-03 | time: 0.081
I 06.08/06:55:03 solver.py:159 ] Epoch: [42/200][40/282] lr: 4.85e-04 | MSE loss: 9.8869e-03 | time: 0.113
I 06.08/06:55:05 solver.py:159 ] Epoch: [42/200][60/282] lr: 4.85e-04 | MSE loss: 9.5384e-03 | time: 0.113
I 06.08/06:55:07 solver.py:159 ] Epoch: [42/200][80/282] lr: 4.85e-04 | MSE loss: 8.9188e-03 | time: 0.104
I 06.08/06:55:08 solver.py:159 ] Epoch: [42/200][100/282] lr: 4.85e-04 | MSE loss: 9.0767e-03 | time: 0.097
I 06.08/06:55:10 solver.py:159 ] Epoch: [42/200][120/282] lr: 4.84e-04 | MSE loss: 8.6028e-03 | time: 0.093
I 06.08/06:55:11 solver.py:159 ] Epoch: [42/200][140/282] lr: 4.84e-04 | MSE loss: 8.6343e-03 | time: 0.089
I 06.08/06:55:12 solver.py:159 ] Epoch: [42/200][160/282] lr: 4.84e-04 | MSE loss: 8.3554e-03 | time: 0.087
I 06.08/06:55:14 solver.py:159 ] Epoch: [42/200][180/282] lr: 4.84e-04 | MSE loss: 8.1905e-03 | time: 0.086
I 06.08/06:55:15 solver.py:159 ] Epoch: [42/200][200/282] lr: 4.84e-04 | MSE loss: 8.1209e-03 | time: 0.085
I 06.08/06:55:17 solver.py:159 ] Epoch: [42/200][220/282] lr: 4.84e-04 | MSE loss: 8.1008e-03 | time: 0.083
I 06.08/06:55:18 solver.py:159 ] Epoch: [42/200][240/282] lr: 4.84e-04 | MSE loss: 7.9147e-03 | time: 0.082
I 06.08/06:55:19 solver.py:159 ] Epoch: [42/200][260/282] lr: 4.84e-04 | MSE loss: 7.9879e-03 | time: 0.081
I 06.08/06:55:21 solver.py:159 ] Epoch: [42/200][280/282] lr: 4.84e-04 | MSE loss: 8.1926e-03 | time: 0.080
I 06.08/06:55:21 solver.py:169 ] => Train  Loss: 8.1423e-03

I 06.08/06:55:23 solver.py:405 ] [20/32] loss: 9.3688e-03 | NMSE: -1.6776e+01 | time: 0.072
I 06.08/06:55:23 solver.py:413 ] => Test NMSE: -1.7825e+01

I 06.08/06:55:23 solver.py:345 ] => LoRA monitor [epoch=42] | trainable=2621440/2621440 | non_lora_trainable=0 | lora_l2=2.372572e+01 | lora_A_l2=1.041268e+01 | lora_B_l2=2.131867e+01 | component_l2=fc_decoder:2.372572e+01 | lora_abs_max=9.168819e-02 | delta_l2=2.205021e+01 | delta_rel=2.386865e+00 | train_loss=8.142322e-03 | test_loss=8.249584e-03 | nmse=-1.782538e+01
I 06.08/06:55:23 solver.py:224 ] 
=! Best NMSE: -1.7832e+01 (epoch=25)

I 06.08/06:55:25 solver.py:159 ] Epoch: [43/200][20/282] lr: 4.84e-04 | MSE loss: 9.0441e-03 | time: 0.069
I 06.08/06:55:26 solver.py:159 ] Epoch: [43/200][40/282] lr: 4.83e-04 | MSE loss: 8.3796e-03 | time: 0.067
I 06.08/06:55:27 solver.py:159 ] Epoch: [43/200][60/282] lr: 4.83e-04 | MSE loss: 9.0652e-03 | time: 0.070
I 06.08/06:55:29 solver.py:159 ] Epoch: [43/200][80/282] lr: 4.83e-04 | MSE loss: 8.4052e-03 | time: 0.070
I 06.08/06:55:30 solver.py:159 ] Epoch: [43/200][100/282] lr: 4.83e-04 | MSE loss: 8.0495e-03 | time: 0.071
I 06.08/06:55:32 solver.py:159 ] Epoch: [43/200][120/282] lr: 4.83e-04 | MSE loss: 7.9942e-03 | time: 0.072
I 06.08/06:55:33 solver.py:159 ] Epoch: [43/200][140/282] lr: 4.83e-04 | MSE loss: 8.1540e-03 | time: 0.071
I 06.08/06:55:35 solver.py:159 ] Epoch: [43/200][160/282] lr: 4.83e-04 | MSE loss: 8.3760e-03 | time: 0.071
I 06.08/06:55:36 solver.py:159 ] Epoch: [43/200][180/282] lr: 4.83e-04 | MSE loss: 8.1521e-03 | time: 0.071
I 06.08/06:55:38 solver.py:159 ] Epoch: [43/200][200/282] lr: 4.83e-04 | MSE loss: 8.0554e-03 | time: 0.071
I 06.08/06:55:39 solver.py:159 ] Epoch: [43/200][220/282] lr: 4.82e-04 | MSE loss: 8.0112e-03 | time: 0.071
I 06.08/06:55:40 solver.py:159 ] Epoch: [43/200][240/282] lr: 4.82e-04 | MSE loss: 8.1986e-03 | time: 0.071
I 06.08/06:55:42 solver.py:159 ] Epoch: [43/200][260/282] lr: 4.82e-04 | MSE loss: 8.2384e-03 | time: 0.071
I 06.08/06:55:43 solver.py:159 ] Epoch: [43/200][280/282] lr: 4.82e-04 | MSE loss: 8.1869e-03 | time: 0.071
I 06.08/06:55:43 solver.py:169 ] => Train  Loss: 8.1481e-03

I 06.08/06:55:45 solver.py:405 ] [20/32] loss: 9.3666e-03 | NMSE: -1.6777e+01 | time: 0.069
I 06.08/06:55:46 solver.py:413 ] => Test NMSE: -1.7826e+01

I 06.08/06:55:46 solver.py:345 ] => LoRA monitor [epoch=43] | trainable=2621440/2621440 | non_lora_trainable=0 | lora_l2=2.368020e+01 | lora_A_l2=1.039112e+01 | lora_B_l2=2.127854e+01 | component_l2=fc_decoder:2.368020e+01 | lora_abs_max=9.173490e-02 | delta_l2=2.200286e+01 | delta_rel=2.381740e+00 | train_loss=8.148092e-03 | test_loss=8.247666e-03 | nmse=-1.782639e+01
I 06.08/06:55:46 solver.py:224 ] 
=! Best NMSE: -1.7832e+01 (epoch=25)

I 06.08/06:55:47 solver.py:159 ] Epoch: [44/200][20/282] lr: 4.82e-04 | MSE loss: 9.0806e-03 | time: 0.069
I 06.08/06:55:48 solver.py:159 ] Epoch: [44/200][40/282] lr: 4.82e-04 | MSE loss: 9.3062e-03 | time: 0.067
I 06.08/06:55:50 solver.py:159 ] Epoch: [44/200][60/282] lr: 4.82e-04 | MSE loss: 9.2324e-03 | time: 0.069
I 06.08/06:55:51 solver.py:159 ] Epoch: [44/200][80/282] lr: 4.82e-04 | MSE loss: 9.2819e-03 | time: 0.068
I 06.08/06:55:52 solver.py:159 ] Epoch: [44/200][100/282] lr: 4.82e-04 | MSE loss: 8.4309e-03 | time: 0.069
I 06.08/06:55:54 solver.py:159 ] Epoch: [44/200][120/282] lr: 4.81e-04 | MSE loss: 8.5104e-03 | time: 0.069
I 06.08/06:55:55 solver.py:159 ] Epoch: [44/200][140/282] lr: 4.81e-04 | MSE loss: 8.5521e-03 | time: 0.068
I 06.08/06:55:57 solver.py:159 ] Epoch: [44/200][160/282] lr: 4.81e-04 | MSE loss: 8.5338e-03 | time: 0.069
I 06.08/06:55:58 solver.py:159 ] Epoch: [44/200][180/282] lr: 4.81e-04 | MSE loss: 8.7629e-03 | time: 0.069
I 06.08/06:55:59 solver.py:159 ] Epoch: [44/200][200/282] lr: 4.81e-04 | MSE loss: 8.7389e-03 | time: 0.069
I 06.08/06:56:01 solver.py:159 ] Epoch: [44/200][220/282] lr: 4.81e-04 | MSE loss: 8.5822e-03 | time: 0.072
I 06.08/06:56:04 solver.py:159 ] Epoch: [44/200][240/282] lr: 4.81e-04 | MSE loss: 8.3964e-03 | time: 0.078
I 06.08/06:56:06 solver.py:159 ] Epoch: [44/200][260/282] lr: 4.81e-04 | MSE loss: 8.3005e-03 | time: 0.078
I 06.08/06:56:07 solver.py:159 ] Epoch: [44/200][280/282] lr: 4.81e-04 | MSE loss: 8.1394e-03 | time: 0.077
I 06.08/06:56:07 solver.py:169 ] => Train  Loss: 8.1376e-03

I 06.08/06:56:09 solver.py:405 ] [20/32] loss: 9.3648e-03 | NMSE: -1.6778e+01 | time: 0.066
I 06.08/06:56:09 solver.py:413 ] => Test NMSE: -1.7827e+01

I 06.08/06:56:09 solver.py:345 ] => LoRA monitor [epoch=44] | trainable=2621440/2621440 | non_lora_trainable=0 | lora_l2=2.363768e+01 | lora_A_l2=1.037089e+01 | lora_B_l2=2.124111e+01 | component_l2=fc_decoder:2.363768e+01 | lora_abs_max=9.171986e-02 | delta_l2=2.195873e+01 | delta_rel=2.376963e+00 | train_loss=8.137643e-03 | test_loss=8.245967e-03 | nmse=-1.782728e+01
I 06.08/06:56:09 solver.py:224 ] 
=! Best NMSE: -1.7832e+01 (epoch=25)

I 06.08/06:56:11 solver.py:159 ] Epoch: [45/200][20/282] lr: 4.80e-04 | MSE loss: 7.6692e-03 | time: 0.075
I 06.08/06:56:12 solver.py:159 ] Epoch: [45/200][40/282] lr: 4.80e-04 | MSE loss: 7.2102e-03 | time: 0.076
I 06.08/06:56:14 solver.py:159 ] Epoch: [45/200][60/282] lr: 4.80e-04 | MSE loss: 7.6842e-03 | time: 0.075
I 06.08/06:56:15 solver.py:159 ] Epoch: [45/200][80/282] lr: 4.80e-04 | MSE loss: 8.1309e-03 | time: 0.074
I 06.08/06:56:17 solver.py:159 ] Epoch: [45/200][100/282] lr: 4.80e-04 | MSE loss: 8.0030e-03 | time: 0.072
I 06.08/06:56:18 solver.py:159 ] Epoch: [45/200][120/282] lr: 4.80e-04 | MSE loss: 7.8788e-03 | time: 0.071
I 06.08/06:56:19 solver.py:159 ] Epoch: [45/200][140/282] lr: 4.80e-04 | MSE loss: 8.0692e-03 | time: 0.072
I 06.08/06:56:21 solver.py:159 ] Epoch: [45/200][160/282] lr: 4.80e-04 | MSE loss: 8.2790e-03 | time: 0.072
I 06.08/06:56:22 solver.py:159 ] Epoch: [45/200][180/282] lr: 4.80e-04 | MSE loss: 8.4376e-03 | time: 0.073
I 06.08/06:56:24 solver.py:159 ] Epoch: [45/200][200/282] lr: 4.79e-04 | MSE loss: 8.2912e-03 | time: 0.072
I 06.08/06:56:25 solver.py:159 ] Epoch: [45/200][220/282] lr: 4.79e-04 | MSE loss: 8.1763e-03 | time: 0.072
I 06.08/06:56:27 solver.py:159 ] Epoch: [45/200][240/282] lr: 4.79e-04 | MSE loss: 8.2882e-03 | time: 0.072
I 06.08/06:56:28 solver.py:159 ] Epoch: [45/200][260/282] lr: 4.79e-04 | MSE loss: 8.1507e-03 | time: 0.072
I 06.08/06:56:29 solver.py:159 ] Epoch: [45/200][280/282] lr: 4.79e-04 | MSE loss: 8.1851e-03 | time: 0.071
I 06.08/06:56:29 solver.py:169 ] => Train  Loss: 8.1467e-03

I 06.08/06:56:31 solver.py:405 ] [20/32] loss: 9.3632e-03 | NMSE: -1.6778e+01 | time: 0.068
I 06.08/06:56:32 solver.py:413 ] => Test NMSE: -1.7828e+01

I 06.08/06:56:32 solver.py:345 ] => LoRA monitor [epoch=45] | trainable=2621440/2621440 | non_lora_trainable=0 | lora_l2=2.359876e+01 | lora_A_l2=1.035216e+01 | lora_B_l2=2.120694e+01 | component_l2=fc_decoder:2.359876e+01 | lora_abs_max=9.179530e-02 | delta_l2=2.191827e+01 | delta_rel=2.372584e+00 | train_loss=8.146746e-03 | test_loss=8.244585e-03 | nmse=-1.782801e+01
I 06.08/06:56:32 solver.py:224 ] 
=! Best NMSE: -1.7832e+01 (epoch=25)

I 06.08/06:56:33 solver.py:159 ] Epoch: [46/200][20/282] lr: 4.79e-04 | MSE loss: 7.7308e-03 | time: 0.072
I 06.08/06:56:34 solver.py:159 ] Epoch: [46/200][40/282] lr: 4.79e-04 | MSE loss: 6.8241e-03 | time: 0.068
I 06.08/06:56:36 solver.py:159 ] Epoch: [46/200][60/282] lr: 4.79e-04 | MSE loss: 6.7445e-03 | time: 0.067
I 06.08/06:56:37 solver.py:159 ] Epoch: [46/200][80/282] lr: 4.78e-04 | MSE loss: 7.5533e-03 | time: 0.068
I 06.08/06:56:38 solver.py:159 ] Epoch: [46/200][100/282] lr: 4.78e-04 | MSE loss: 7.8605e-03 | time: 0.066
I 06.08/06:56:40 solver.py:159 ] Epoch: [46/200][120/282] lr: 4.78e-04 | MSE loss: 8.1139e-03 | time: 0.069
I 06.08/06:56:41 solver.py:159 ] Epoch: [46/200][140/282] lr: 4.78e-04 | MSE loss: 8.0744e-03 | time: 0.069
I 06.08/06:56:43 solver.py:159 ] Epoch: [46/200][160/282] lr: 4.78e-04 | MSE loss: 8.0827e-03 | time: 0.069
I 06.08/06:56:44 solver.py:159 ] Epoch: [46/200][180/282] lr: 4.78e-04 | MSE loss: 8.2850e-03 | time: 0.069
I 06.08/06:56:45 solver.py:159 ] Epoch: [46/200][200/282] lr: 4.78e-04 | MSE loss: 8.4421e-03 | time: 0.069
I 06.08/06:56:47 solver.py:159 ] Epoch: [46/200][220/282] lr: 4.78e-04 | MSE loss: 8.3752e-03 | time: 0.069
I 06.08/06:56:48 solver.py:159 ] Epoch: [46/200][240/282] lr: 4.77e-04 | MSE loss: 8.2440e-03 | time: 0.069
I 06.08/06:56:49 solver.py:159 ] Epoch: [46/200][260/282] lr: 4.77e-04 | MSE loss: 8.2341e-03 | time: 0.069
I 06.08/06:56:51 solver.py:159 ] Epoch: [46/200][280/282] lr: 4.77e-04 | MSE loss: 8.1631e-03 | time: 0.069
I 06.08/06:56:51 solver.py:169 ] => Train  Loss: 8.1392e-03

I 06.08/06:56:53 solver.py:405 ] [20/32] loss: 9.3619e-03 | NMSE: -1.6779e+01 | time: 0.066
I 06.08/06:56:53 solver.py:413 ] => Test NMSE: -1.7829e+01

I 06.08/06:56:53 solver.py:345 ] => LoRA monitor [epoch=46] | trainable=2621440/2621440 | non_lora_trainable=0 | lora_l2=2.356231e+01 | lora_A_l2=1.033449e+01 | lora_B_l2=2.117501e+01 | component_l2=fc_decoder:2.356231e+01 | lora_abs_max=9.179398e-02 | delta_l2=2.188056e+01 | delta_rel=2.368501e+00 | train_loss=8.139206e-03 | test_loss=8.243253e-03 | nmse=-1.782871e+01
I 06.08/06:56:53 solver.py:224 ] 
=! Best NMSE: -1.7832e+01 (epoch=25)

I 06.08/06:56:55 solver.py:159 ] Epoch: [47/200][20/282] lr: 4.77e-04 | MSE loss: 6.5185e-03 | time: 0.074
I 06.08/06:56:56 solver.py:159 ] Epoch: [47/200][40/282] lr: 4.77e-04 | MSE loss: 8.3197e-03 | time: 0.079
I 06.08/06:56:58 solver.py:159 ] Epoch: [47/200][60/282] lr: 4.77e-04 | MSE loss: 8.2135e-03 | time: 0.080
I 06.08/06:57:00 solver.py:159 ] Epoch: [47/200][80/282] lr: 4.77e-04 | MSE loss: 8.6524e-03 | time: 0.079
I 06.08/06:57:02 solver.py:159 ] Epoch: [47/200][100/282] lr: 4.77e-04 | MSE loss: 8.1382e-03 | time: 0.086
I 06.08/06:57:04 solver.py:159 ] Epoch: [47/200][120/282] lr: 4.76e-04 | MSE loss: 8.4718e-03 | time: 0.092
I 06.08/06:57:06 solver.py:159 ] Epoch: [47/200][140/282] lr: 4.76e-04 | MSE loss: 8.5979e-03 | time: 0.090
I 06.08/06:57:08 solver.py:159 ] Epoch: [47/200][160/282] lr: 4.76e-04 | MSE loss: 8.4034e-03 | time: 0.091
I 06.08/06:57:09 solver.py:159 ] Epoch: [47/200][180/282] lr: 4.76e-04 | MSE loss: 8.2809e-03 | time: 0.088
I 06.08/06:57:10 solver.py:159 ] Epoch: [47/200][200/282] lr: 4.76e-04 | MSE loss: 8.2996e-03 | time: 0.086
I 06.08/06:57:12 solver.py:159 ] Epoch: [47/200][220/282] lr: 4.76e-04 | MSE loss: 8.1845e-03 | time: 0.085
I 06.08/06:57:13 solver.py:159 ] Epoch: [47/200][240/282] lr: 4.76e-04 | MSE loss: 8.0041e-03 | time: 0.084
I 06.08/06:57:15 solver.py:159 ] Epoch: [47/200][260/282] lr: 4.76e-04 | MSE loss: 7.9710e-03 | time: 0.083
I 06.08/06:57:16 solver.py:159 ] Epoch: [47/200][280/282] lr: 4.75e-04 | MSE loss: 8.1810e-03 | time: 0.082
I 06.08/06:57:16 solver.py:169 ] => Train  Loss: 8.1362e-03

I 06.08/06:57:18 solver.py:405 ] [20/32] loss: 9.3614e-03 | NMSE: -1.6779e+01 | time: 0.077
I 06.08/06:57:19 solver.py:413 ] => Test NMSE: -1.7829e+01

I 06.08/06:57:19 solver.py:345 ] => LoRA monitor [epoch=47] | trainable=2621440/2621440 | non_lora_trainable=0 | lora_l2=2.352781e+01 | lora_A_l2=1.031832e+01 | lora_B_l2=2.114450e+01 | component_l2=fc_decoder:2.352781e+01 | lora_abs_max=9.204782e-02 | delta_l2=2.184475e+01 | delta_rel=2.364626e+00 | train_loss=8.136193e-03 | test_loss=8.242837e-03 | nmse=-1.782893e+01
I 06.08/06:57:19 solver.py:224 ] 
=! Best NMSE: -1.7832e+01 (epoch=25)

I 06.08/06:57:20 solver.py:159 ] Epoch: [48/200][20/282] lr: 4.75e-04 | MSE loss: 9.3341e-03 | time: 0.068
I 06.08/06:57:21 solver.py:159 ] Epoch: [48/200][40/282] lr: 4.75e-04 | MSE loss: 8.4615e-03 | time: 0.069
I 06.08/06:57:23 solver.py:159 ] Epoch: [48/200][60/282] lr: 4.75e-04 | MSE loss: 8.1344e-03 | time: 0.067
I 06.08/06:57:24 solver.py:159 ] Epoch: [48/200][80/282] lr: 4.75e-04 | MSE loss: 7.2965e-03 | time: 0.069
I 06.08/06:57:26 solver.py:159 ] Epoch: [48/200][100/282] lr: 4.75e-04 | MSE loss: 7.6473e-03 | time: 0.069
I 06.08/06:57:27 solver.py:159 ] Epoch: [48/200][120/282] lr: 4.75e-04 | MSE loss: 7.5566e-03 | time: 0.070
I 06.08/06:57:29 solver.py:159 ] Epoch: [48/200][140/282] lr: 4.75e-04 | MSE loss: 7.8630e-03 | time: 0.071
I 06.08/06:57:30 solver.py:159 ] Epoch: [48/200][160/282] lr: 4.74e-04 | MSE loss: 7.8908e-03 | time: 0.070
I 06.08/06:57:31 solver.py:159 ] Epoch: [48/200][180/282] lr: 4.74e-04 | MSE loss: 7.8126e-03 | time: 0.071
I 06.08/06:57:33 solver.py:159 ] Epoch: [48/200][200/282] lr: 4.74e-04 | MSE loss: 8.0071e-03 | time: 0.071
I 06.08/06:57:34 solver.py:159 ] Epoch: [48/200][220/282] lr: 4.74e-04 | MSE loss: 7.7225e-03 | time: 0.071
I 06.08/06:57:36 solver.py:159 ] Epoch: [48/200][240/282] lr: 4.74e-04 | MSE loss: 7.9165e-03 | time: 0.070
I 06.08/06:57:37 solver.py:159 ] Epoch: [48/200][260/282] lr: 4.74e-04 | MSE loss: 8.2817e-03 | time: 0.071
I 06.08/06:57:38 solver.py:159 ] Epoch: [48/200][280/282] lr: 4.74e-04 | MSE loss: 8.1463e-03 | time: 0.070
I 06.08/06:57:38 solver.py:169 ] => Train  Loss: 8.1391e-03

I 06.08/06:57:40 solver.py:405 ] [20/32] loss: 9.3687e-03 | NMSE: -1.6776e+01 | time: 0.063
I 06.08/06:57:41 solver.py:413 ] => Test NMSE: -1.7825e+01

I 06.08/06:57:41 solver.py:345 ] => LoRA monitor [epoch=48] | trainable=2621440/2621440 | non_lora_trainable=0 | lora_l2=2.345648e+01 | lora_A_l2=1.030225e+01 | lora_B_l2=2.107297e+01 | component_l2=fc_decoder:2.345648e+01 | lora_abs_max=9.192398e-02 | delta_l2=2.176881e+01 | delta_rel=2.356406e+00 | train_loss=8.139071e-03 | test_loss=8.250478e-03 | nmse=-1.782491e+01
I 06.08/06:57:41 solver.py:224 ] 
=! Best NMSE: -1.7832e+01 (epoch=25)

I 06.08/06:57:42 solver.py:159 ] Epoch: [49/200][20/282] lr: 4.74e-04 | MSE loss: 8.1478e-03 | time: 0.078
I 06.08/06:57:43 solver.py:159 ] Epoch: [49/200][40/282] lr: 4.73e-04 | MSE loss: 7.3567e-03 | time: 0.071
I 06.08/06:57:45 solver.py:159 ] Epoch: [49/200][60/282] lr: 4.73e-04 | MSE loss: 7.9589e-03 | time: 0.072
I 06.08/06:57:46 solver.py:159 ] Epoch: [49/200][80/282] lr: 4.73e-04 | MSE loss: 8.1379e-03 | time: 0.072
I 06.08/06:57:48 solver.py:159 ] Epoch: [49/200][100/282] lr: 4.73e-04 | MSE loss: 8.4875e-03 | time: 0.074
I 06.08/06:57:49 solver.py:159 ] Epoch: [49/200][120/282] lr: 4.73e-04 | MSE loss: 8.2144e-03 | time: 0.073
I 06.08/06:57:51 solver.py:159 ] Epoch: [49/200][140/282] lr: 4.73e-04 | MSE loss: 8.0995e-03 | time: 0.074
I 06.08/06:57:52 solver.py:159 ] Epoch: [49/200][160/282] lr: 4.73e-04 | MSE loss: 8.4308e-03 | time: 0.074
I 06.08/06:57:54 solver.py:159 ] Epoch: [49/200][180/282] lr: 4.72e-04 | MSE loss: 8.5524e-03 | time: 0.074
I 06.08/06:57:55 solver.py:159 ] Epoch: [49/200][200/282] lr: 4.72e-04 | MSE loss: 8.5317e-03 | time: 0.074
I 06.08/06:57:57 solver.py:159 ] Epoch: [49/200][220/282] lr: 4.72e-04 | MSE loss: 8.5162e-03 | time: 0.074
I 06.08/06:57:58 solver.py:159 ] Epoch: [49/200][240/282] lr: 4.72e-04 | MSE loss: 8.3546e-03 | time: 0.074
I 06.08/06:58:00 solver.py:159 ] Epoch: [49/200][260/282] lr: 4.72e-04 | MSE loss: 8.2083e-03 | time: 0.074
I 06.08/06:58:03 solver.py:159 ] Epoch: [49/200][280/282] lr: 4.72e-04 | MSE loss: 8.1737e-03 | time: 0.079
I 06.08/06:58:03 solver.py:169 ] => Train  Loss: 8.1415e-03

I 06.08/06:58:05 solver.py:405 ] [20/32] loss: 9.3594e-03 | NMSE: -1.6780e+01 | time: 0.129
I 06.08/06:58:06 solver.py:413 ] => Test NMSE: -1.7830e+01

I 06.08/06:58:06 solver.py:345 ] => LoRA monitor [epoch=49] | trainable=2621440/2621440 | non_lora_trainable=0 | lora_l2=2.338653e+01 | lora_A_l2=1.028574e+01 | lora_B_l2=2.100318e+01 | component_l2=fc_decoder:2.338653e+01 | lora_abs_max=9.194651e-02 | delta_l2=2.169488e+01 | delta_rel=2.348402e+00 | train_loss=8.141484e-03 | test_loss=8.240965e-03 | nmse=-1.782992e+01
I 06.08/06:58:06 solver.py:224 ] 
=! Best NMSE: -1.7832e+01 (epoch=25)

I 06.08/06:58:08 solver.py:159 ] Epoch: [50/200][20/282] lr: 4.72e-04 | MSE loss: 7.4275e-03 | time: 0.068
I 06.08/06:58:09 solver.py:159 ] Epoch: [50/200][40/282] lr: 4.72e-04 | MSE loss: 7.4609e-03 | time: 0.067
I 06.08/06:58:10 solver.py:159 ] Epoch: [50/200][60/282] lr: 4.71e-04 | MSE loss: 7.2974e-03 | time: 0.066
I 06.08/06:58:12 solver.py:159 ] Epoch: [50/200][80/282] lr: 4.71e-04 | MSE loss: 7.1904e-03 | time: 0.066
I 06.08/06:58:13 solver.py:159 ] Epoch: [50/200][100/282] lr: 4.71e-04 | MSE loss: 7.3000e-03 | time: 0.066
I 06.08/06:58:14 solver.py:159 ] Epoch: [50/200][120/282] lr: 4.71e-04 | MSE loss: 7.4038e-03 | time: 0.068
I 06.08/06:58:16 solver.py:159 ] Epoch: [50/200][140/282] lr: 4.71e-04 | MSE loss: 7.5875e-03 | time: 0.068
I 06.08/06:58:17 solver.py:159 ] Epoch: [50/200][160/282] lr: 4.71e-04 | MSE loss: 7.6062e-03 | time: 0.068
I 06.08/06:58:19 solver.py:159 ] Epoch: [50/200][180/282] lr: 4.71e-04 | MSE loss: 7.6564e-03 | time: 0.068
I 06.08/06:58:20 solver.py:159 ] Epoch: [50/200][200/282] lr: 4.70e-04 | MSE loss: 7.9840e-03 | time: 0.069
I 06.08/06:58:22 solver.py:159 ] Epoch: [50/200][220/282] lr: 4.70e-04 | MSE loss: 8.2862e-03 | time: 0.069
I 06.08/06:58:23 solver.py:159 ] Epoch: [50/200][240/282] lr: 4.70e-04 | MSE loss: 8.2734e-03 | time: 0.069
I 06.08/06:58:24 solver.py:159 ] Epoch: [50/200][260/282] lr: 4.70e-04 | MSE loss: 8.2334e-03 | time: 0.069
I 06.08/06:58:26 solver.py:159 ] Epoch: [50/200][280/282] lr: 4.70e-04 | MSE loss: 8.1465e-03 | time: 0.069
I 06.08/06:58:26 solver.py:169 ] => Train  Loss: 8.1352e-03

I 06.08/06:58:27 solver.py:159 ] Epoch: [50/200][20/32] lr: 4.70e-04 | MSE loss: 9.3592e-03 | time: 0.061
I 06.08/06:58:28 solver.py:169 ] => Val  Loss: 8.0561e-03

I 06.08/06:58:29 solver.py:405 ] [20/32] loss: 9.3592e-03 | NMSE: -1.6780e+01 | time: 0.074
I 06.08/06:58:30 solver.py:413 ] => Test NMSE: -1.7830e+01

I 06.08/06:58:30 solver.py:345 ] => LoRA monitor [epoch=50] | trainable=2621440/2621440 | non_lora_trainable=0 | lora_l2=2.335149e+01 | lora_A_l2=1.027204e+01 | lora_B_l2=2.097086e+01 | component_l2=fc_decoder:2.335149e+01 | lora_abs_max=9.220346e-02 | delta_l2=2.165813e+01 | delta_rel=2.344425e+00 | train_loss=8.135228e-03 | val_loss=8.056123e-03 | test_loss=8.240800e-03 | nmse=-1.783001e+01
I 06.08/06:58:30 solver.py:224 ] 
=! Best NMSE: -1.7832e+01 (epoch=25)

I 06.08/06:58:31 solver.py:159 ] Epoch: [51/200][20/282] lr: 4.70e-04 | MSE loss: 9.3308e-03 | time: 0.067
I 06.08/06:58:33 solver.py:159 ] Epoch: [51/200][40/282] lr: 4.70e-04 | MSE loss: 9.8173e-03 | time: 0.065
I 06.08/06:58:34 solver.py:159 ] Epoch: [51/200][60/282] lr: 4.69e-04 | MSE loss: 8.7389e-03 | time: 0.064
I 06.08/06:58:35 solver.py:159 ] Epoch: [51/200][80/282] lr: 4.69e-04 | MSE loss: 9.0383e-03 | time: 0.066
I 06.08/06:58:37 solver.py:159 ] Epoch: [51/200][100/282] lr: 4.69e-04 | MSE loss: 9.2441e-03 | time: 0.067
I 06.08/06:58:38 solver.py:159 ] Epoch: [51/200][120/282] lr: 4.69e-04 | MSE loss: 8.9272e-03 | time: 0.068
I 06.08/06:58:40 solver.py:159 ] Epoch: [51/200][140/282] lr: 4.69e-04 | MSE loss: 8.8405e-03 | time: 0.068
I 06.08/06:58:41 solver.py:159 ] Epoch: [51/200][160/282] lr: 4.69e-04 | MSE loss: 8.6046e-03 | time: 0.068
I 06.08/06:58:42 solver.py:159 ] Epoch: [51/200][180/282] lr: 4.69e-04 | MSE loss: 8.5186e-03 | time: 0.069
I 06.08/06:58:44 solver.py:159 ] Epoch: [51/200][200/282] lr: 4.68e-04 | MSE loss: 8.3804e-03 | time: 0.070
I 06.08/06:58:45 solver.py:159 ] Epoch: [51/200][220/282] lr: 4.68e-04 | MSE loss: 8.5089e-03 | time: 0.070
I 06.08/06:58:47 solver.py:159 ] Epoch: [51/200][240/282] lr: 4.68e-04 | MSE loss: 8.2751e-03 | time: 0.070
I 06.08/06:58:48 solver.py:159 ] Epoch: [51/200][260/282] lr: 4.68e-04 | MSE loss: 8.0989e-03 | time: 0.070
I 06.08/06:58:50 solver.py:159 ] Epoch: [51/200][280/282] lr: 4.68e-04 | MSE loss: 8.1585e-03 | time: 0.070
I 06.08/06:58:50 solver.py:169 ] => Train  Loss: 8.1362e-03

I 06.08/06:58:51 solver.py:405 ] [20/32] loss: 9.3627e-03 | NMSE: -1.6779e+01 | time: 0.071
I 06.08/06:58:52 solver.py:413 ] => Test NMSE: -1.7828e+01

I 06.08/06:58:52 solver.py:345 ] => LoRA monitor [epoch=51] | trainable=2621440/2621440 | non_lora_trainable=0 | lora_l2=2.328754e+01 | lora_A_l2=1.025894e+01 | lora_B_l2=2.090607e+01 | component_l2=fc_decoder:2.328754e+01 | lora_abs_max=9.220061e-02 | delta_l2=2.159037e+01 | delta_rel=2.337090e+00 | train_loss=8.136196e-03 | test_loss=8.244784e-03 | nmse=-1.782791e+01
I 06.08/06:58:52 solver.py:224 ] 
=! Best NMSE: -1.7832e+01 (epoch=25)

I 06.08/06:58:54 solver.py:159 ] Epoch: [52/200][20/282] lr: 4.68e-04 | MSE loss: 8.4129e-03 | time: 0.075
I 06.08/06:58:55 solver.py:159 ] Epoch: [52/200][40/282] lr: 4.68e-04 | MSE loss: 7.9701e-03 | time: 0.076
I 06.08/06:58:57 solver.py:159 ] Epoch: [52/200][60/282] lr: 4.67e-04 | MSE loss: 8.6360e-03 | time: 0.073
I 06.08/06:58:58 solver.py:159 ] Epoch: [52/200][80/282] lr: 4.67e-04 | MSE loss: 8.2852e-03 | time: 0.072
I 06.08/06:58:59 solver.py:159 ] Epoch: [52/200][100/282] lr: 4.67e-04 | MSE loss: 8.5420e-03 | time: 0.071
I 06.08/06:59:01 solver.py:159 ] Epoch: [52/200][120/282] lr: 4.67e-04 | MSE loss: 7.9965e-03 | time: 0.075
I 06.08/06:59:04 solver.py:159 ] Epoch: [52/200][140/282] lr: 4.67e-04 | MSE loss: 7.8453e-03 | time: 0.084
I 06.08/06:59:05 solver.py:159 ] Epoch: [52/200][160/282] lr: 4.67e-04 | MSE loss: 8.0846e-03 | time: 0.083
I 06.08/06:59:07 solver.py:159 ] Epoch: [52/200][180/282] lr: 4.67e-04 | MSE loss: 8.2527e-03 | time: 0.081
I 06.08/06:59:08 solver.py:159 ] Epoch: [52/200][200/282] lr: 4.66e-04 | MSE loss: 8.1473e-03 | time: 0.080
I 06.08/06:59:09 solver.py:159 ] Epoch: [52/200][220/282] lr: 4.66e-04 | MSE loss: 7.9701e-03 | time: 0.078
I 06.08/06:59:11 solver.py:159 ] Epoch: [52/200][240/282] lr: 4.66e-04 | MSE loss: 7.9190e-03 | time: 0.077
I 06.08/06:59:12 solver.py:159 ] Epoch: [52/200][260/282] lr: 4.66e-04 | MSE loss: 7.8966e-03 | time: 0.077
I 06.08/06:59:13 solver.py:159 ] Epoch: [52/200][280/282] lr: 4.66e-04 | MSE loss: 8.1344e-03 | time: 0.076
I 06.08/06:59:14 solver.py:169 ] => Train  Loss: 8.1707e-03

I 06.08/06:59:15 solver.py:405 ] [20/32] loss: 9.3598e-03 | NMSE: -1.6780e+01 | time: 0.069
I 06.08/06:59:16 solver.py:413 ] => Test NMSE: -1.7829e+01

I 06.08/06:59:16 solver.py:345 ] => LoRA monitor [epoch=52] | trainable=2621440/2621440 | non_lora_trainable=0 | lora_l2=2.321553e+01 | lora_A_l2=1.024485e+01 | lora_B_l2=2.083276e+01 | component_l2=fc_decoder:2.321553e+01 | lora_abs_max=9.237678e-02 | delta_l2=2.151404e+01 | delta_rel=2.328827e+00 | train_loss=8.170652e-03 | test_loss=8.242014e-03 | nmse=-1.782937e+01
I 06.08/06:59:16 solver.py:224 ] 
=! Best NMSE: -1.7832e+01 (epoch=25)

I 06.08/06:59:17 solver.py:159 ] Epoch: [53/200][20/282] lr: 4.66e-04 | MSE loss: 9.0707e-03 | time: 0.071
I 06.08/06:59:19 solver.py:159 ] Epoch: [53/200][40/282] lr: 4.66e-04 | MSE loss: 8.4497e-03 | time: 0.072
I 06.08/06:59:20 solver.py:159 ] Epoch: [53/200][60/282] lr: 4.65e-04 | MSE loss: 8.5865e-03 | time: 0.072
I 06.08/06:59:21 solver.py:159 ] Epoch: [53/200][80/282] lr: 4.65e-04 | MSE loss: 8.4980e-03 | time: 0.071
I 06.08/06:59:23 solver.py:159 ] Epoch: [53/200][100/282] lr: 4.65e-04 | MSE loss: 8.1889e-03 | time: 0.071
I 06.08/06:59:24 solver.py:159 ] Epoch: [53/200][120/282] lr: 4.65e-04 | MSE loss: 7.9025e-03 | time: 0.071
I 06.08/06:59:26 solver.py:159 ] Epoch: [53/200][140/282] lr: 4.65e-04 | MSE loss: 7.8044e-03 | time: 0.072
I 06.08/06:59:27 solver.py:159 ] Epoch: [53/200][160/282] lr: 4.65e-04 | MSE loss: 7.6079e-03 | time: 0.071
I 06.08/06:59:29 solver.py:159 ] Epoch: [53/200][180/282] lr: 4.64e-04 | MSE loss: 7.6200e-03 | time: 0.071
I 06.08/06:59:30 solver.py:159 ] Epoch: [53/200][200/282] lr: 4.64e-04 | MSE loss: 7.6191e-03 | time: 0.071
I 06.08/06:59:31 solver.py:159 ] Epoch: [53/200][220/282] lr: 4.64e-04 | MSE loss: 8.0092e-03 | time: 0.070
I 06.08/06:59:33 solver.py:159 ] Epoch: [53/200][240/282] lr: 4.64e-04 | MSE loss: 8.2344e-03 | time: 0.070
I 06.08/06:59:34 solver.py:159 ] Epoch: [53/200][260/282] lr: 4.64e-04 | MSE loss: 8.1631e-03 | time: 0.070
I 06.08/06:59:35 solver.py:159 ] Epoch: [53/200][280/282] lr: 4.64e-04 | MSE loss: 8.1664e-03 | time: 0.070
I 06.08/06:59:36 solver.py:169 ] => Train  Loss: 8.1429e-03

I 06.08/06:59:37 solver.py:405 ] [20/32] loss: 9.3612e-03 | NMSE: -1.6779e+01 | time: 0.078
I 06.08/06:59:38 solver.py:413 ] => Test NMSE: -1.7829e+01

I 06.08/06:59:38 solver.py:345 ] => LoRA monitor [epoch=53] | trainable=2621440/2621440 | non_lora_trainable=0 | lora_l2=2.305709e+01 | lora_A_l2=1.022800e+01 | lora_B_l2=2.066440e+01 | component_l2=fc_decoder:2.305709e+01 | lora_abs_max=9.205733e-02 | delta_l2=2.134444e+01 | delta_rel=2.310469e+00 | train_loss=8.142879e-03 | test_loss=8.242786e-03 | nmse=-1.782896e+01
I 06.08/06:59:38 solver.py:224 ] 
=! Best NMSE: -1.7832e+01 (epoch=25)

I 06.08/06:59:40 solver.py:159 ] Epoch: [54/200][20/282] lr: 4.64e-04 | MSE loss: 7.6857e-03 | time: 0.078
I 06.08/06:59:41 solver.py:159 ] Epoch: [54/200][40/282] lr: 4.63e-04 | MSE loss: 7.4799e-03 | time: 0.074
I 06.08/06:59:42 solver.py:159 ] Epoch: [54/200][60/282] lr: 4.63e-04 | MSE loss: 7.3352e-03 | time: 0.074
I 06.08/06:59:44 solver.py:159 ] Epoch: [54/200][80/282] lr: 4.63e-04 | MSE loss: 7.5272e-03 | time: 0.072
I 06.08/06:59:45 solver.py:159 ] Epoch: [54/200][100/282] lr: 4.63e-04 | MSE loss: 7.7670e-03 | time: 0.072
I 06.08/06:59:47 solver.py:159 ] Epoch: [54/200][120/282] lr: 4.63e-04 | MSE loss: 8.2277e-03 | time: 0.071
I 06.08/06:59:48 solver.py:159 ] Epoch: [54/200][140/282] lr: 4.63e-04 | MSE loss: 7.8783e-03 | time: 0.071
I 06.08/06:59:49 solver.py:159 ] Epoch: [54/200][160/282] lr: 4.62e-04 | MSE loss: 7.6976e-03 | time: 0.069
I 06.08/06:59:50 solver.py:159 ] Epoch: [54/200][180/282] lr: 4.62e-04 | MSE loss: 7.5857e-03 | time: 0.070
I 06.08/06:59:52 solver.py:159 ] Epoch: [54/200][200/282] lr: 4.62e-04 | MSE loss: 7.7705e-03 | time: 0.070
I 06.08/06:59:53 solver.py:159 ] Epoch: [54/200][220/282] lr: 4.62e-04 | MSE loss: 7.7080e-03 | time: 0.069
I 06.08/06:59:55 solver.py:159 ] Epoch: [54/200][240/282] lr: 4.62e-04 | MSE loss: 7.7831e-03 | time: 0.069
I 06.08/06:59:56 solver.py:159 ] Epoch: [54/200][260/282] lr: 4.62e-04 | MSE loss: 7.9513e-03 | time: 0.069
I 06.08/06:59:57 solver.py:159 ] Epoch: [54/200][280/282] lr: 4.62e-04 | MSE loss: 8.1872e-03 | time: 0.069
I 06.08/06:59:57 solver.py:169 ] => Train  Loss: 8.1384e-03

I 06.08/06:59:59 solver.py:405 ] [20/32] loss: 9.3586e-03 | NMSE: -1.6780e+01 | time: 0.072
I 06.08/07:00:00 solver.py:413 ] => Test NMSE: -1.7830e+01

I 06.08/07:00:00 solver.py:345 ] => LoRA monitor [epoch=54] | trainable=2621440/2621440 | non_lora_trainable=0 | lora_l2=2.292007e+01 | lora_A_l2=1.020743e+01 | lora_B_l2=2.052165e+01 | component_l2=fc_decoder:2.292007e+01 | lora_abs_max=9.243958e-02 | delta_l2=2.119751e+01 | delta_rel=2.294564e+00 | train_loss=8.138443e-03 | test_loss=8.240053e-03 | nmse=-1.783040e+01
I 06.08/07:00:00 solver.py:224 ] 
=! Best NMSE: -1.7832e+01 (epoch=25)

I 06.08/07:00:02 solver.py:159 ] Epoch: [55/200][20/282] lr: 4.61e-04 | MSE loss: 7.7694e-03 | time: 0.119
I 06.08/07:00:05 solver.py:159 ] Epoch: [55/200][40/282] lr: 4.61e-04 | MSE loss: 7.2033e-03 | time: 0.131
I 06.08/07:00:06 solver.py:159 ] Epoch: [55/200][60/282] lr: 4.61e-04 | MSE loss: 7.0362e-03 | time: 0.109
I 06.08/07:00:08 solver.py:159 ] Epoch: [55/200][80/282] lr: 4.61e-04 | MSE loss: 7.0773e-03 | time: 0.098
I 06.08/07:00:09 solver.py:159 ] Epoch: [55/200][100/282] lr: 4.61e-04 | MSE loss: 7.3046e-03 | time: 0.091
I 06.08/07:00:10 solver.py:159 ] Epoch: [55/200][120/282] lr: 4.61e-04 | MSE loss: 7.8479e-03 | time: 0.088
I 06.08/07:00:12 solver.py:159 ] Epoch: [55/200][140/282] lr: 4.60e-04 | MSE loss: 7.9054e-03 | time: 0.086
I 06.08/07:00:13 solver.py:159 ] Epoch: [55/200][160/282] lr: 4.60e-04 | MSE loss: 7.9871e-03 | time: 0.084
I 06.08/07:00:15 solver.py:159 ] Epoch: [55/200][180/282] lr: 4.60e-04 | MSE loss: 7.9434e-03 | time: 0.082
I 06.08/07:00:16 solver.py:159 ] Epoch: [55/200][200/282] lr: 4.60e-04 | MSE loss: 7.9334e-03 | time: 0.080
I 06.08/07:00:17 solver.py:159 ] Epoch: [55/200][220/282] lr: 4.60e-04 | MSE loss: 7.9759e-03 | time: 0.079
I 06.08/07:00:19 solver.py:159 ] Epoch: [55/200][240/282] lr: 4.60e-04 | MSE loss: 8.0988e-03 | time: 0.079
I 06.08/07:00:20 solver.py:159 ] Epoch: [55/200][260/282] lr: 4.59e-04 | MSE loss: 8.1773e-03 | time: 0.078
I 06.08/07:00:21 solver.py:159 ] Epoch: [55/200][280/282] lr: 4.59e-04 | MSE loss: 8.1476e-03 | time: 0.077
I 06.08/07:00:21 solver.py:169 ] => Train  Loss: 8.1547e-03

I 06.08/07:00:23 solver.py:405 ] [20/32] loss: 9.3593e-03 | NMSE: -1.6780e+01 | time: 0.071
I 06.08/07:00:24 solver.py:413 ] => Test NMSE: -1.7830e+01

I 06.08/07:00:24 solver.py:345 ] => LoRA monitor [epoch=55] | trainable=2621440/2621440 | non_lora_trainable=0 | lora_l2=2.282943e+01 | lora_A_l2=1.018787e+01 | lora_B_l2=2.043013e+01 | component_l2=fc_decoder:2.282943e+01 | lora_abs_max=9.207226e-02 | delta_l2=2.110117e+01 | delta_rel=2.284135e+00 | train_loss=8.154688e-03 | test_loss=8.240825e-03 | nmse=-1.782999e+01
I 06.08/07:00:24 solver.py:224 ] 
=! Best NMSE: -1.7832e+01 (epoch=25)

I 06.08/07:00:25 solver.py:159 ] Epoch: [56/200][20/282] lr: 4.59e-04 | MSE loss: 8.6206e-03 | time: 0.072
I 06.08/07:00:26 solver.py:159 ] Epoch: [56/200][40/282] lr: 4.59e-04 | MSE loss: 8.1083e-03 | time: 0.069
I 06.08/07:00:28 solver.py:159 ] Epoch: [56/200][60/282] lr: 4.59e-04 | MSE loss: 8.0977e-03 | time: 0.068
I 06.08/07:00:29 solver.py:159 ] Epoch: [56/200][80/282] lr: 4.59e-04 | MSE loss: 8.2463e-03 | time: 0.069
I 06.08/07:00:31 solver.py:159 ] Epoch: [56/200][100/282] lr: 4.59e-04 | MSE loss: 7.7906e-03 | time: 0.069
I 06.08/07:00:32 solver.py:159 ] Epoch: [56/200][120/282] lr: 4.58e-04 | MSE loss: 7.9285e-03 | time: 0.068
I 06.08/07:00:33 solver.py:159 ] Epoch: [56/200][140/282] lr: 4.58e-04 | MSE loss: 8.3441e-03 | time: 0.069
I 06.08/07:00:35 solver.py:159 ] Epoch: [56/200][160/282] lr: 4.58e-04 | MSE loss: 8.3266e-03 | time: 0.069
I 06.08/07:00:36 solver.py:159 ] Epoch: [56/200][180/282] lr: 4.58e-04 | MSE loss: 8.2108e-03 | time: 0.069
I 06.08/07:00:38 solver.py:159 ] Epoch: [56/200][200/282] lr: 4.58e-04 | MSE loss: 8.1478e-03 | time: 0.070
I 06.08/07:00:39 solver.py:159 ] Epoch: [56/200][220/282] lr: 4.58e-04 | MSE loss: 8.1857e-03 | time: 0.069
I 06.08/07:00:40 solver.py:159 ] Epoch: [56/200][240/282] lr: 4.57e-04 | MSE loss: 8.2351e-03 | time: 0.069
I 06.08/07:00:41 solver.py:159 ] Epoch: [56/200][260/282] lr: 4.57e-04 | MSE loss: 8.2047e-03 | time: 0.069
I 06.08/07:00:43 solver.py:159 ] Epoch: [56/200][280/282] lr: 4.57e-04 | MSE loss: 8.1488e-03 | time: 0.068
I 06.08/07:00:43 solver.py:169 ] => Train  Loss: 8.2486e-03

I 06.08/07:00:44 solver.py:405 ] [20/32] loss: 9.3606e-03 | NMSE: -1.6779e+01 | time: 0.072
I 06.08/07:00:45 solver.py:413 ] => Test NMSE: -1.7829e+01

I 06.08/07:00:45 solver.py:345 ] => LoRA monitor [epoch=56] | trainable=2621440/2621440 | non_lora_trainable=0 | lora_l2=2.274202e+01 | lora_A_l2=1.016771e+01 | lora_B_l2=2.034250e+01 | component_l2=fc_decoder:2.274202e+01 | lora_abs_max=9.182033e-02 | delta_l2=2.100932e+01 | delta_rel=2.274193e+00 | train_loss=8.248578e-03 | test_loss=8.242112e-03 | nmse=-1.782932e+01
I 06.08/07:00:45 solver.py:224 ] 
=! Best NMSE: -1.7832e+01 (epoch=25)

I 06.08/07:00:47 solver.py:159 ] Epoch: [57/200][20/282] lr: 4.57e-04 | MSE loss: 8.1222e-03 | time: 0.076
I 06.08/07:00:48 solver.py:159 ] Epoch: [57/200][40/282] lr: 4.57e-04 | MSE loss: 8.8643e-03 | time: 0.075
I 06.08/07:00:49 solver.py:159 ] Epoch: [57/200][60/282] lr: 4.57e-04 | MSE loss: 8.5697e-03 | time: 0.074
I 06.08/07:00:51 solver.py:159 ] Epoch: [57/200][80/282] lr: 4.56e-04 | MSE loss: 8.1559e-03 | time: 0.070
I 06.08/07:00:52 solver.py:159 ] Epoch: [57/200][100/282] lr: 4.56e-04 | MSE loss: 8.1193e-03 | time: 0.070
I 06.08/07:00:53 solver.py:159 ] Epoch: [57/200][120/282] lr: 4.56e-04 | MSE loss: 8.1416e-03 | time: 0.070
I 06.08/07:00:55 solver.py:159 ] Epoch: [57/200][140/282] lr: 4.56e-04 | MSE loss: 7.9511e-03 | time: 0.071
I 06.08/07:00:56 solver.py:159 ] Epoch: [57/200][160/282] lr: 4.56e-04 | MSE loss: 7.7461e-03 | time: 0.071
I 06.08/07:00:58 solver.py:159 ] Epoch: [57/200][180/282] lr: 4.56e-04 | MSE loss: 7.8763e-03 | time: 0.070
I 06.08/07:00:59 solver.py:159 ] Epoch: [57/200][200/282] lr: 4.55e-04 | MSE loss: 8.0048e-03 | time: 0.071
I 06.08/07:01:02 solver.py:159 ] Epoch: [57/200][220/282] lr: 4.55e-04 | MSE loss: 8.0672e-03 | time: 0.075
I 06.08/07:01:05 solver.py:159 ] Epoch: [57/200][240/282] lr: 4.55e-04 | MSE loss: 8.1440e-03 | time: 0.082
I 06.08/07:01:06 solver.py:159 ] Epoch: [57/200][260/282] lr: 4.55e-04 | MSE loss: 7.9900e-03 | time: 0.082
I 06.08/07:01:08 solver.py:159 ] Epoch: [57/200][280/282] lr: 4.55e-04 | MSE loss: 8.1653e-03 | time: 0.081
I 06.08/07:01:08 solver.py:169 ] => Train  Loss: 8.1376e-03

I 06.08/07:01:09 solver.py:405 ] [20/32] loss: 9.3610e-03 | NMSE: -1.6779e+01 | time: 0.066
I 06.08/07:01:10 solver.py:413 ] => Test NMSE: -1.7829e+01

I 06.08/07:01:10 solver.py:345 ] => LoRA monitor [epoch=57] | trainable=2621440/2621440 | non_lora_trainable=0 | lora_l2=2.263234e+01 | lora_A_l2=1.014931e+01 | lora_B_l2=2.022904e+01 | component_l2=fc_decoder:2.263234e+01 | lora_abs_max=8.933419e-02 | delta_l2=2.089257e+01 | delta_rel=2.261555e+00 | train_loss=8.137596e-03 | test_loss=8.242220e-03 | nmse=-1.782926e+01
I 06.08/07:01:10 solver.py:224 ] 
=! Best NMSE: -1.7832e+01 (epoch=25)

I 06.08/07:01:11 solver.py:159 ] Epoch: [58/200][20/282] lr: 4.55e-04 | MSE loss: 8.3428e-03 | time: 0.072
I 06.08/07:01:13 solver.py:159 ] Epoch: [58/200][40/282] lr: 4.54e-04 | MSE loss: 9.0847e-03 | time: 0.068
I 06.08/07:01:14 solver.py:159 ] Epoch: [58/200][60/282] lr: 4.54e-04 | MSE loss: 8.7093e-03 | time: 0.069
I 06.08/07:01:15 solver.py:159 ] Epoch: [58/200][80/282] lr: 4.54e-04 | MSE loss: 8.9015e-03 | time: 0.069
I 06.08/07:01:17 solver.py:159 ] Epoch: [58/200][100/282] lr: 4.54e-04 | MSE loss: 8.8729e-03 | time: 0.068
I 06.08/07:01:18 solver.py:159 ] Epoch: [58/200][120/282] lr: 4.54e-04 | MSE loss: 9.0805e-03 | time: 0.068
I 06.08/07:01:19 solver.py:159 ] Epoch: [58/200][140/282] lr: 4.54e-04 | MSE loss: 8.7138e-03 | time: 0.067
I 06.08/07:01:21 solver.py:159 ] Epoch: [58/200][160/282] lr: 4.53e-04 | MSE loss: 8.5963e-03 | time: 0.067
I 06.08/07:01:22 solver.py:159 ] Epoch: [58/200][180/282] lr: 4.53e-04 | MSE loss: 8.4844e-03 | time: 0.067
I 06.08/07:01:23 solver.py:159 ] Epoch: [58/200][200/282] lr: 4.53e-04 | MSE loss: 8.3287e-03 | time: 0.067
I 06.08/07:01:25 solver.py:159 ] Epoch: [58/200][220/282] lr: 4.53e-04 | MSE loss: 8.2024e-03 | time: 0.067
I 06.08/07:01:26 solver.py:159 ] Epoch: [58/200][240/282] lr: 4.53e-04 | MSE loss: 8.1410e-03 | time: 0.068
I 06.08/07:01:28 solver.py:159 ] Epoch: [58/200][260/282] lr: 4.52e-04 | MSE loss: 8.0929e-03 | time: 0.068
I 06.08/07:01:29 solver.py:159 ] Epoch: [58/200][280/282] lr: 4.52e-04 | MSE loss: 8.1676e-03 | time: 0.068
I 06.08/07:01:29 solver.py:169 ] => Train  Loss: 8.1401e-03

I 06.08/07:01:31 solver.py:405 ] [20/32] loss: 9.3594e-03 | NMSE: -1.6780e+01 | time: 0.070
I 06.08/07:01:31 solver.py:413 ] => Test NMSE: -1.7830e+01

I 06.08/07:01:31 solver.py:345 ] => LoRA monitor [epoch=58] | trainable=2621440/2621440 | non_lora_trainable=0 | lora_l2=2.249733e+01 | lora_A_l2=1.012950e+01 | lora_B_l2=2.008789e+01 | component_l2=fc_decoder:2.249733e+01 | lora_abs_max=8.936191e-02 | delta_l2=2.074895e+01 | delta_rel=2.246008e+00 | train_loss=8.140055e-03 | test_loss=8.240572e-03 | nmse=-1.783013e+01
I 06.08/07:01:31 solver.py:224 ] 
=! Best NMSE: -1.7832e+01 (epoch=25)

I 06.08/07:01:33 solver.py:159 ] Epoch: [59/200][20/282] lr: 4.52e-04 | MSE loss: 7.6853e-03 | time: 0.066
I 06.08/07:01:34 solver.py:159 ] Epoch: [59/200][40/282] lr: 4.52e-04 | MSE loss: 9.1229e-03 | time: 0.070
I 06.08/07:01:36 solver.py:159 ] Epoch: [59/200][60/282] lr: 4.52e-04 | MSE loss: 8.5877e-03 | time: 0.072
I 06.08/07:01:37 solver.py:159 ] Epoch: [59/200][80/282] lr: 4.52e-04 | MSE loss: 8.5088e-03 | time: 0.073
I 06.08/07:01:38 solver.py:159 ] Epoch: [59/200][100/282] lr: 4.51e-04 | MSE loss: 8.6355e-03 | time: 0.071
I 06.08/07:01:40 solver.py:159 ] Epoch: [59/200][120/282] lr: 4.51e-04 | MSE loss: 8.6039e-03 | time: 0.072
I 06.08/07:01:41 solver.py:159 ] Epoch: [59/200][140/282] lr: 4.51e-04 | MSE loss: 8.1714e-03 | time: 0.072
I 06.08/07:01:43 solver.py:159 ] Epoch: [59/200][160/282] lr: 4.51e-04 | MSE loss: 8.2982e-03 | time: 0.072
I 06.08/07:01:44 solver.py:159 ] Epoch: [59/200][180/282] lr: 4.51e-04 | MSE loss: 8.0451e-03 | time: 0.071
I 06.08/07:01:46 solver.py:159 ] Epoch: [59/200][200/282] lr: 4.51e-04 | MSE loss: 8.2022e-03 | time: 0.072
I 06.08/07:01:47 solver.py:159 ] Epoch: [59/200][220/282] lr: 4.50e-04 | MSE loss: 8.3039e-03 | time: 0.071
I 06.08/07:01:48 solver.py:159 ] Epoch: [59/200][240/282] lr: 4.50e-04 | MSE loss: 8.2319e-03 | time: 0.071
I 06.08/07:01:50 solver.py:159 ] Epoch: [59/200][260/282] lr: 4.50e-04 | MSE loss: 8.1858e-03 | time: 0.071
I 06.08/07:01:51 solver.py:159 ] Epoch: [59/200][280/282] lr: 4.50e-04 | MSE loss: 8.1173e-03 | time: 0.071
I 06.08/07:01:51 solver.py:169 ] => Train  Loss: 8.1918e-03

I 06.08/07:01:53 solver.py:405 ] [20/32] loss: 9.3582e-03 | NMSE: -1.6780e+01 | time: 0.065
I 06.08/07:01:53 solver.py:413 ] => Test NMSE: -1.7830e+01

I 06.08/07:01:53 solver.py:345 ] => LoRA monitor [epoch=59] | trainable=2621440/2621440 | non_lora_trainable=0 | lora_l2=2.242549e+01 | lora_A_l2=1.012191e+01 | lora_B_l2=2.001124e+01 | component_l2=fc_decoder:2.242549e+01 | lora_abs_max=8.856323e-02 | delta_l2=2.067271e+01 | delta_rel=2.237756e+00 | train_loss=8.191774e-03 | test_loss=8.239943e-03 | nmse=-1.783046e+01
I 06.08/07:01:53 solver.py:224 ] 
=! Best NMSE: -1.7832e+01 (epoch=25)

I 06.08/07:01:55 solver.py:159 ] Epoch: [60/200][20/282] lr: 4.50e-04 | MSE loss: 7.4351e-03 | time: 0.064
I 06.08/07:01:56 solver.py:159 ] Epoch: [60/200][40/282] lr: 4.50e-04 | MSE loss: 7.9311e-03 | time: 0.067
I 06.08/07:01:58 solver.py:159 ] Epoch: [60/200][60/282] lr: 4.49e-04 | MSE loss: 8.6558e-03 | time: 0.072
I 06.08/07:01:59 solver.py:159 ] Epoch: [60/200][80/282] lr: 4.49e-04 | MSE loss: 8.0791e-03 | time: 0.071
I 06.08/07:02:01 solver.py:159 ] Epoch: [60/200][100/282] lr: 4.49e-04 | MSE loss: 8.2433e-03 | time: 0.079
I 06.08/07:02:04 solver.py:159 ] Epoch: [60/200][120/282] lr: 4.49e-04 | MSE loss: 8.0065e-03 | time: 0.091
I 06.08/07:02:06 solver.py:159 ] Epoch: [60/200][140/282] lr: 4.49e-04 | MSE loss: 8.2301e-03 | time: 0.090
I 06.08/07:02:08 solver.py:159 ] Epoch: [60/200][160/282] lr: 4.48e-04 | MSE loss: 1.0130e-02 | time: 0.088
I 06.08/07:02:09 solver.py:159 ] Epoch: [60/200][180/282] lr: 4.48e-04 | MSE loss: 1.2045e-02 | time: 0.086
I 06.08/07:02:10 solver.py:159 ] Epoch: [60/200][200/282] lr: 4.48e-04 | MSE loss: 1.3023e-02 | time: 0.084
I 06.08/07:02:12 solver.py:159 ] Epoch: [60/200][220/282] lr: 4.48e-04 | MSE loss: 1.3268e-02 | time: 0.084
I 06.08/07:02:13 solver.py:159 ] Epoch: [60/200][240/282] lr: 4.48e-04 | MSE loss: 1.3579e-02 | time: 0.082
I 06.08/07:02:15 solver.py:159 ] Epoch: [60/200][260/282] lr: 4.48e-04 | MSE loss: 1.3339e-02 | time: 0.081
I 06.08/07:02:16 solver.py:159 ] Epoch: [60/200][280/282] lr: 4.47e-04 | MSE loss: 1.2972e-02 | time: 0.081
I 06.08/07:02:16 solver.py:169 ] => Train  Loss: 1.2904e-02

I 06.08/07:02:18 solver.py:159 ] Epoch: [60/200][20/32] lr: 4.47e-04 | MSE loss: 1.0515e-02 | time: 0.067
I 06.08/07:02:18 solver.py:169 ] => Val  Loss: 9.3642e-03

I 06.08/07:02:20 solver.py:405 ] [20/32] loss: 1.0515e-02 | NMSE: -1.6364e+01 | time: 0.065
I 06.08/07:02:20 solver.py:413 ] => Test NMSE: -1.7178e+01

I 06.08/07:02:20 solver.py:345 ] => LoRA monitor [epoch=60] | trainable=2621440/2621440 | non_lora_trainable=0 | lora_l2=2.975123e+01 | lora_A_l2=1.163634e+01 | lora_B_l2=2.738122e+01 | component_l2=fc_decoder:2.975123e+01 | lora_abs_max=1.164254e-01 | delta_l2=2.846058e+01 | delta_rel=3.080769e+00 | train_loss=1.290370e-02 | val_loss=9.364190e-03 | test_loss=9.575774e-03 | nmse=-1.717796e+01
I 06.08/07:02:20 solver.py:224 ] 
=! Best NMSE: -1.7832e+01 (epoch=25)

I 06.08/07:02:22 solver.py:159 ] Epoch: [61/200][20/282] lr: 4.47e-04 | MSE loss: 1.0661e-02 | time: 0.075
I 06.08/07:02:23 solver.py:159 ] Epoch: [61/200][40/282] lr: 4.47e-04 | MSE loss: 9.9485e-03 | time: 0.072
I 06.08/07:02:25 solver.py:159 ] Epoch: [61/200][60/282] lr: 4.47e-04 | MSE loss: 9.9720e-03 | time: 0.072
I 06.08/07:02:26 solver.py:159 ] Epoch: [61/200][80/282] lr: 4.47e-04 | MSE loss: 9.2357e-03 | time: 0.073
I 06.08/07:02:28 solver.py:159 ] Epoch: [61/200][100/282] lr: 4.46e-04 | MSE loss: 8.8979e-03 | time: 0.073
I 06.08/07:02:29 solver.py:159 ] Epoch: [61/200][120/282] lr: 4.46e-04 | MSE loss: 9.0797e-03 | time: 0.073
I 06.08/07:02:30 solver.py:159 ] Epoch: [61/200][140/282] lr: 4.46e-04 | MSE loss: 8.9423e-03 | time: 0.071
I 06.08/07:02:32 solver.py:159 ] Epoch: [61/200][160/282] lr: 4.46e-04 | MSE loss: 8.9118e-03 | time: 0.072
I 06.08/07:02:33 solver.py:159 ] Epoch: [61/200][180/282] lr: 4.46e-04 | MSE loss: 8.8679e-03 | time: 0.070
I 06.08/07:02:34 solver.py:159 ] Epoch: [61/200][200/282] lr: 4.46e-04 | MSE loss: 8.5723e-03 | time: 0.070
I 06.08/07:02:36 solver.py:159 ] Epoch: [61/200][220/282] lr: 4.45e-04 | MSE loss: 8.6045e-03 | time: 0.070
I 06.08/07:02:37 solver.py:159 ] Epoch: [61/200][240/282] lr: 4.45e-04 | MSE loss: 8.7191e-03 | time: 0.070
I 06.08/07:02:39 solver.py:159 ] Epoch: [61/200][260/282] lr: 4.45e-04 | MSE loss: 8.6859e-03 | time: 0.071
I 06.08/07:02:40 solver.py:159 ] Epoch: [61/200][280/282] lr: 4.45e-04 | MSE loss: 8.6685e-03 | time: 0.070
I 06.08/07:02:40 solver.py:169 ] => Train  Loss: 8.6160e-03

I 06.08/07:02:42 solver.py:405 ] [20/32] loss: 9.4803e-03 | NMSE: -1.6732e+01 | time: 0.070
I 06.08/07:02:42 solver.py:413 ] => Test NMSE: -1.7762e+01

I 06.08/07:02:43 solver.py:345 ] => LoRA monitor [epoch=61] | trainable=2621440/2621440 | non_lora_trainable=0 | lora_l2=2.886015e+01 | lora_A_l2=1.106929e+01 | lora_B_l2=2.665294e+01 | component_l2=fc_decoder:2.886015e+01 | lora_abs_max=1.158535e-01 | delta_l2=2.753775e+01 | delta_rel=2.980875e+00 | train_loss=8.615975e-03 | test_loss=8.371665e-03 | nmse=-1.776158e+01
I 06.08/07:02:43 solver.py:224 ] 
=! Best NMSE: -1.7832e+01 (epoch=25)

I 06.08/07:02:44 solver.py:159 ] Epoch: [62/200][20/282] lr: 4.45e-04 | MSE loss: 9.7044e-03 | time: 0.078
I 06.08/07:02:45 solver.py:159 ] Epoch: [62/200][40/282] lr: 4.44e-04 | MSE loss: 8.3229e-03 | time: 0.072
I 06.08/07:02:47 solver.py:159 ] Epoch: [62/200][60/282] lr: 4.44e-04 | MSE loss: 7.8709e-03 | time: 0.070
I 06.08/07:02:48 solver.py:159 ] Epoch: [62/200][80/282] lr: 4.44e-04 | MSE loss: 7.9202e-03 | time: 0.070
I 06.08/07:02:50 solver.py:159 ] Epoch: [62/200][100/282] lr: 4.44e-04 | MSE loss: 7.8158e-03 | time: 0.072
I 06.08/07:02:51 solver.py:159 ] Epoch: [62/200][120/282] lr: 4.44e-04 | MSE loss: 7.8897e-03 | time: 0.070
I 06.08/07:02:52 solver.py:159 ] Epoch: [62/200][140/282] lr: 4.44e-04 | MSE loss: 8.2494e-03 | time: 0.070
I 06.08/07:02:54 solver.py:159 ] Epoch: [62/200][160/282] lr: 4.43e-04 | MSE loss: 8.2127e-03 | time: 0.071
I 06.08/07:02:55 solver.py:159 ] Epoch: [62/200][180/282] lr: 4.43e-04 | MSE loss: 8.2929e-03 | time: 0.070
I 06.08/07:02:57 solver.py:159 ] Epoch: [62/200][200/282] lr: 4.43e-04 | MSE loss: 8.2366e-03 | time: 0.070
I 06.08/07:02:58 solver.py:159 ] Epoch: [62/200][220/282] lr: 4.43e-04 | MSE loss: 8.2858e-03 | time: 0.069
I 06.08/07:02:59 solver.py:159 ] Epoch: [62/200][240/282] lr: 4.43e-04 | MSE loss: 8.2619e-03 | time: 0.070
I 06.08/07:03:01 solver.py:159 ] Epoch: [62/200][260/282] lr: 4.42e-04 | MSE loss: 8.1569e-03 | time: 0.072
I 06.08/07:03:04 solver.py:159 ] Epoch: [62/200][280/282] lr: 4.42e-04 | MSE loss: 8.2466e-03 | time: 0.076
I 06.08/07:03:04 solver.py:169 ] => Train  Loss: 8.2259e-03

I 06.08/07:03:06 solver.py:405 ] [20/32] loss: 9.4204e-03 | NMSE: -1.6756e+01 | time: 0.081
I 06.08/07:03:06 solver.py:413 ] => Test NMSE: -1.7795e+01

I 06.08/07:03:06 solver.py:345 ] => LoRA monitor [epoch=62] | trainable=2621440/2621440 | non_lora_trainable=0 | lora_l2=2.861480e+01 | lora_A_l2=1.092851e+01 | lora_B_l2=2.644569e+01 | component_l2=fc_decoder:2.861480e+01 | lora_abs_max=1.155610e-01 | delta_l2=2.728398e+01 | delta_rel=2.953405e+00 | train_loss=8.225922e-03 | test_loss=8.306777e-03 | nmse=-1.779538e+01
I 06.08/07:03:06 solver.py:224 ] 
=! Best NMSE: -1.7832e+01 (epoch=25)

I 06.08/07:03:08 solver.py:159 ] Epoch: [63/200][20/282] lr: 4.42e-04 | MSE loss: 6.0369e-03 | time: 0.073
I 06.08/07:03:09 solver.py:159 ] Epoch: [63/200][40/282] lr: 4.42e-04 | MSE loss: 6.9202e-03 | time: 0.071
I 06.08/07:03:11 solver.py:159 ] Epoch: [63/200][60/282] lr: 4.42e-04 | MSE loss: 7.4925e-03 | time: 0.071
I 06.08/07:03:12 solver.py:159 ] Epoch: [63/200][80/282] lr: 4.41e-04 | MSE loss: 8.0615e-03 | time: 0.071
I 06.08/07:03:13 solver.py:159 ] Epoch: [63/200][100/282] lr: 4.41e-04 | MSE loss: 8.0709e-03 | time: 0.071
I 06.08/07:03:15 solver.py:159 ] Epoch: [63/200][120/282] lr: 4.41e-04 | MSE loss: 7.6992e-03 | time: 0.071
I 06.08/07:03:16 solver.py:159 ] Epoch: [63/200][140/282] lr: 4.41e-04 | MSE loss: 7.9584e-03 | time: 0.071
I 06.08/07:03:18 solver.py:159 ] Epoch: [63/200][160/282] lr: 4.41e-04 | MSE loss: 8.0232e-03 | time: 0.071
I 06.08/07:03:19 solver.py:159 ] Epoch: [63/200][180/282] lr: 4.41e-04 | MSE loss: 8.1779e-03 | time: 0.071
I 06.08/07:03:21 solver.py:159 ] Epoch: [63/200][200/282] lr: 4.40e-04 | MSE loss: 8.1390e-03 | time: 0.071
I 06.08/07:03:22 solver.py:159 ] Epoch: [63/200][220/282] lr: 4.40e-04 | MSE loss: 8.3061e-03 | time: 0.070
I 06.08/07:03:23 solver.py:159 ] Epoch: [63/200][240/282] lr: 4.40e-04 | MSE loss: 8.3670e-03 | time: 0.070
I 06.08/07:03:25 solver.py:159 ] Epoch: [63/200][260/282] lr: 4.40e-04 | MSE loss: 8.3991e-03 | time: 0.071
I 06.08/07:03:26 solver.py:159 ] Epoch: [63/200][280/282] lr: 4.40e-04 | MSE loss: 8.1788e-03 | time: 0.071
I 06.08/07:03:26 solver.py:169 ] => Train  Loss: 8.1828e-03

I 06.08/07:03:28 solver.py:405 ] [20/32] loss: 9.3994e-03 | NMSE: -1.6764e+01 | time: 0.063
I 06.08/07:03:28 solver.py:413 ] => Test NMSE: -1.7807e+01

I 06.08/07:03:28 solver.py:345 ] => LoRA monitor [epoch=63] | trainable=2621440/2621440 | non_lora_trainable=0 | lora_l2=2.846571e+01 | lora_A_l2=1.084644e+01 | lora_B_l2=2.631828e+01 | component_l2=fc_decoder:2.846571e+01 | lora_abs_max=1.156660e-01 | delta_l2=2.712992e+01 | delta_rel=2.936729e+00 | train_loss=8.182820e-03 | test_loss=8.283827e-03 | nmse=-1.780739e+01
I 06.08/07:03:28 solver.py:224 ] 
=! Best NMSE: -1.7832e+01 (epoch=25)

I 06.08/07:03:30 solver.py:159 ] Epoch: [64/200][20/282] lr: 4.39e-04 | MSE loss: 1.0519e-02 | time: 0.069
I 06.08/07:03:31 solver.py:159 ] Epoch: [64/200][40/282] lr: 4.39e-04 | MSE loss: 8.6607e-03 | time: 0.069
I 06.08/07:03:33 solver.py:159 ] Epoch: [64/200][60/282] lr: 4.39e-04 | MSE loss: 8.6021e-03 | time: 0.069
I 06.08/07:03:34 solver.py:159 ] Epoch: [64/200][80/282] lr: 4.39e-04 | MSE loss: 8.7726e-03 | time: 0.071
I 06.08/07:03:36 solver.py:159 ] Epoch: [64/200][100/282] lr: 4.39e-04 | MSE loss: 8.6362e-03 | time: 0.071
I 06.08/07:03:37 solver.py:159 ] Epoch: [64/200][120/282] lr: 4.38e-04 | MSE loss: 8.5679e-03 | time: 0.071
I 06.08/07:03:38 solver.py:159 ] Epoch: [64/200][140/282] lr: 4.38e-04 | MSE loss: 8.3402e-03 | time: 0.070
I 06.08/07:03:39 solver.py:159 ] Epoch: [64/200][160/282] lr: 4.38e-04 | MSE loss: 8.4433e-03 | time: 0.069
I 06.08/07:03:41 solver.py:159 ] Epoch: [64/200][180/282] lr: 4.38e-04 | MSE loss: 8.1948e-03 | time: 0.069
I 06.08/07:03:42 solver.py:159 ] Epoch: [64/200][200/282] lr: 4.38e-04 | MSE loss: 8.3363e-03 | time: 0.070
I 06.08/07:03:44 solver.py:159 ] Epoch: [64/200][220/282] lr: 4.37e-04 | MSE loss: 8.2476e-03 | time: 0.070
I 06.08/07:03:45 solver.py:159 ] Epoch: [64/200][240/282] lr: 4.37e-04 | MSE loss: 8.1171e-03 | time: 0.069
I 06.08/07:03:46 solver.py:159 ] Epoch: [64/200][260/282] lr: 4.37e-04 | MSE loss: 8.1110e-03 | time: 0.070
I 06.08/07:03:48 solver.py:159 ] Epoch: [64/200][280/282] lr: 4.37e-04 | MSE loss: 8.1263e-03 | time: 0.069
I 06.08/07:03:48 solver.py:169 ] => Train  Loss: 8.2182e-03

I 06.08/07:03:49 solver.py:405 ] [20/32] loss: 9.3877e-03 | NMSE: -1.6768e+01 | time: 0.071
I 06.08/07:03:50 solver.py:413 ] => Test NMSE: -1.7814e+01

I 06.08/07:03:50 solver.py:345 ] => LoRA monitor [epoch=64] | trainable=2621440/2621440 | non_lora_trainable=0 | lora_l2=2.835583e+01 | lora_A_l2=1.078565e+01 | lora_B_l2=2.622447e+01 | component_l2=fc_decoder:2.835583e+01 | lora_abs_max=1.160088e-01 | delta_l2=2.701643e+01 | delta_rel=2.924443e+00 | train_loss=8.218245e-03 | test_loss=8.271278e-03 | nmse=-1.781397e+01
I 06.08/07:03:50 solver.py:224 ] 
=! Best NMSE: -1.7832e+01 (epoch=25)

I 06.08/07:03:52 solver.py:159 ] Epoch: [65/200][20/282] lr: 4.37e-04 | MSE loss: 6.9222e-03 | time: 0.070
I 06.08/07:03:53 solver.py:159 ] Epoch: [65/200][40/282] lr: 4.36e-04 | MSE loss: 7.8978e-03 | time: 0.066
I 06.08/07:03:54 solver.py:159 ] Epoch: [65/200][60/282] lr: 4.36e-04 | MSE loss: 8.0118e-03 | time: 0.065
I 06.08/07:03:55 solver.py:159 ] Epoch: [65/200][80/282] lr: 4.36e-04 | MSE loss: 8.1526e-03 | time: 0.067
I 06.08/07:03:57 solver.py:159 ] Epoch: [65/200][100/282] lr: 4.36e-04 | MSE loss: 8.3166e-03 | time: 0.068
I 06.08/07:03:58 solver.py:159 ] Epoch: [65/200][120/282] lr: 4.36e-04 | MSE loss: 8.3335e-03 | time: 0.068
I 06.08/07:04:00 solver.py:159 ] Epoch: [65/200][140/282] lr: 4.35e-04 | MSE loss: 8.2356e-03 | time: 0.068
I 06.08/07:04:02 solver.py:159 ] Epoch: [65/200][160/282] lr: 4.35e-04 | MSE loss: 8.0446e-03 | time: 0.074
I 06.08/07:04:05 solver.py:159 ] Epoch: [65/200][180/282] lr: 4.35e-04 | MSE loss: 8.0133e-03 | time: 0.082
I 06.08/07:04:06 solver.py:159 ] Epoch: [65/200][200/282] lr: 4.35e-04 | MSE loss: 8.1029e-03 | time: 0.081
I 06.08/07:04:08 solver.py:159 ] Epoch: [65/200][220/282] lr: 4.35e-04 | MSE loss: 8.0964e-03 | time: 0.080
I 06.08/07:04:09 solver.py:159 ] Epoch: [65/200][240/282] lr: 4.35e-04 | MSE loss: 8.0913e-03 | time: 0.080
I 06.08/07:04:11 solver.py:159 ] Epoch: [65/200][260/282] lr: 4.34e-04 | MSE loss: 8.2425e-03 | time: 0.079
I 06.08/07:04:12 solver.py:159 ] Epoch: [65/200][280/282] lr: 4.34e-04 | MSE loss: 8.1737e-03 | time: 0.079
I 06.08/07:04:12 solver.py:169 ] => Train  Loss: 8.2567e-03

I 06.08/07:04:14 solver.py:405 ] [20/32] loss: 9.3800e-03 | NMSE: -1.6771e+01 | time: 0.063
I 06.08/07:04:14 solver.py:413 ] => Test NMSE: -1.7818e+01

I 06.08/07:04:14 solver.py:345 ] => LoRA monitor [epoch=65] | trainable=2621440/2621440 | non_lora_trainable=0 | lora_l2=2.826721e+01 | lora_A_l2=1.073629e+01 | lora_B_l2=2.614894e+01 | component_l2=fc_decoder:2.826721e+01 | lora_abs_max=1.160938e-01 | delta_l2=2.692497e+01 | delta_rel=2.914543e+00 | train_loss=8.256740e-03 | test_loss=8.263301e-03 | nmse=-1.781817e+01
I 06.08/07:04:14 solver.py:224 ] 
=! Best NMSE: -1.7832e+01 (epoch=25)

I 06.08/07:04:16 solver.py:159 ] Epoch: [66/200][20/282] lr: 4.34e-04 | MSE loss: 9.8223e-03 | time: 0.080
I 06.08/07:04:17 solver.py:159 ] Epoch: [66/200][40/282] lr: 4.34e-04 | MSE loss: 9.5262e-03 | time: 0.076
I 06.08/07:04:19 solver.py:159 ] Epoch: [66/200][60/282] lr: 4.34e-04 | MSE loss: 9.1046e-03 | time: 0.076
I 06.08/07:04:20 solver.py:159 ] Epoch: [66/200][80/282] lr: 4.33e-04 | MSE loss: 9.0146e-03 | time: 0.076
I 06.08/07:04:22 solver.py:159 ] Epoch: [66/200][100/282] lr: 4.33e-04 | MSE loss: 8.7757e-03 | time: 0.075
I 06.08/07:04:23 solver.py:159 ] Epoch: [66/200][120/282] lr: 4.33e-04 | MSE loss: 8.7577e-03 | time: 0.074
I 06.08/07:04:25 solver.py:159 ] Epoch: [66/200][140/282] lr: 4.33e-04 | MSE loss: 8.5349e-03 | time: 0.073
I 06.08/07:04:26 solver.py:159 ] Epoch: [66/200][160/282] lr: 4.33e-04 | MSE loss: 8.2521e-03 | time: 0.072
I 06.08/07:04:27 solver.py:159 ] Epoch: [66/200][180/282] lr: 4.32e-04 | MSE loss: 8.1453e-03 | time: 0.072
I 06.08/07:04:29 solver.py:159 ] Epoch: [66/200][200/282] lr: 4.32e-04 | MSE loss: 8.0887e-03 | time: 0.072
I 06.08/07:04:30 solver.py:159 ] Epoch: [66/200][220/282] lr: 4.32e-04 | MSE loss: 8.1491e-03 | time: 0.072
I 06.08/07:04:31 solver.py:159 ] Epoch: [66/200][240/282] lr: 4.32e-04 | MSE loss: 8.1080e-03 | time: 0.071
I 06.08/07:04:33 solver.py:159 ] Epoch: [66/200][260/282] lr: 4.32e-04 | MSE loss: 8.0849e-03 | time: 0.071
I 06.08/07:04:34 solver.py:159 ] Epoch: [66/200][280/282] lr: 4.31e-04 | MSE loss: 8.1574e-03 | time: 0.071
I 06.08/07:04:34 solver.py:169 ] => Train  Loss: 8.1557e-03

I 06.08/07:04:36 solver.py:405 ] [20/32] loss: 9.3747e-03 | NMSE: -1.6774e+01 | time: 0.084
I 06.08/07:04:37 solver.py:413 ] => Test NMSE: -1.7821e+01

I 06.08/07:04:37 solver.py:345 ] => LoRA monitor [epoch=66] | trainable=2621440/2621440 | non_lora_trainable=0 | lora_l2=2.819197e+01 | lora_A_l2=1.069425e+01 | lora_B_l2=2.608487e+01 | component_l2=fc_decoder:2.819197e+01 | lora_abs_max=1.162089e-01 | delta_l2=2.684740e+01 | delta_rel=2.906147e+00 | train_loss=8.155733e-03 | test_loss=8.257648e-03 | nmse=-1.782114e+01
I 06.08/07:04:37 solver.py:224 ] 
=! Best NMSE: -1.7832e+01 (epoch=25)

I 06.08/07:04:38 solver.py:159 ] Epoch: [67/200][20/282] lr: 4.31e-04 | MSE loss: 8.8162e-03 | time: 0.080
I 06.08/07:04:40 solver.py:159 ] Epoch: [67/200][40/282] lr: 4.31e-04 | MSE loss: 7.6973e-03 | time: 0.073
I 06.08/07:04:41 solver.py:159 ] Epoch: [67/200][60/282] lr: 4.31e-04 | MSE loss: 9.1503e-03 | time: 0.072
I 06.08/07:04:42 solver.py:159 ] Epoch: [67/200][80/282] lr: 4.30e-04 | MSE loss: 8.7448e-03 | time: 0.071
I 06.08/07:04:44 solver.py:159 ] Epoch: [67/200][100/282] lr: 4.30e-04 | MSE loss: 8.8193e-03 | time: 0.072
I 06.08/07:04:45 solver.py:159 ] Epoch: [67/200][120/282] lr: 4.30e-04 | MSE loss: 9.0078e-03 | time: 0.073
I 06.08/07:04:47 solver.py:159 ] Epoch: [67/200][140/282] lr: 4.30e-04 | MSE loss: 8.6251e-03 | time: 0.072
I 06.08/07:04:48 solver.py:159 ] Epoch: [67/200][160/282] lr: 4.30e-04 | MSE loss: 8.7328e-03 | time: 0.072
I 06.08/07:04:50 solver.py:159 ] Epoch: [67/200][180/282] lr: 4.29e-04 | MSE loss: 8.5594e-03 | time: 0.072
I 06.08/07:04:51 solver.py:159 ] Epoch: [67/200][200/282] lr: 4.29e-04 | MSE loss: 8.4247e-03 | time: 0.072
I 06.08/07:04:52 solver.py:159 ] Epoch: [67/200][220/282] lr: 4.29e-04 | MSE loss: 8.2839e-03 | time: 0.072
I 06.08/07:04:54 solver.py:159 ] Epoch: [67/200][240/282] lr: 4.29e-04 | MSE loss: 8.2078e-03 | time: 0.072
I 06.08/07:04:55 solver.py:159 ] Epoch: [67/200][260/282] lr: 4.29e-04 | MSE loss: 8.2692e-03 | time: 0.071
I 06.08/07:04:57 solver.py:159 ] Epoch: [67/200][280/282] lr: 4.28e-04 | MSE loss: 8.1536e-03 | time: 0.071
I 06.08/07:04:57 solver.py:169 ] => Train  Loss: 8.2005e-03

I 06.08/07:04:58 solver.py:405 ] [20/32] loss: 9.3710e-03 | NMSE: -1.6775e+01 | time: 0.067
I 06.08/07:04:59 solver.py:413 ] => Test NMSE: -1.7823e+01

I 06.08/07:04:59 solver.py:345 ] => LoRA monitor [epoch=67] | trainable=2621440/2621440 | non_lora_trainable=0 | lora_l2=2.812717e+01 | lora_A_l2=1.065811e+01 | lora_B_l2=2.602965e+01 | component_l2=fc_decoder:2.812717e+01 | lora_abs_max=1.162147e-01 | delta_l2=2.678063e+01 | delta_rel=2.898919e+00 | train_loss=8.200538e-03 | test_loss=8.253597e-03 | nmse=-1.782327e+01
I 06.08/07:04:59 solver.py:224 ] 
=! Best NMSE: -1.7832e+01 (epoch=25)

I 06.08/07:05:00 solver.py:159 ] Epoch: [68/200][20/282] lr: 4.28e-04 | MSE loss: 1.0177e-02 | time: 0.081
I 06.08/07:05:03 solver.py:159 ] Epoch: [68/200][40/282] lr: 4.28e-04 | MSE loss: 8.7408e-03 | time: 0.099
I 06.08/07:05:05 solver.py:159 ] Epoch: [68/200][60/282] lr: 4.28e-04 | MSE loss: 8.5463e-03 | time: 0.104
I 06.08/07:05:06 solver.py:159 ] Epoch: [68/200][80/282] lr: 4.28e-04 | MSE loss: 8.0108e-03 | time: 0.096
I 06.08/07:05:08 solver.py:159 ] Epoch: [68/200][100/282] lr: 4.27e-04 | MSE loss: 8.0334e-03 | time: 0.093
I 06.08/07:05:10 solver.py:159 ] Epoch: [68/200][120/282] lr: 4.27e-04 | MSE loss: 7.6842e-03 | time: 0.091
I 06.08/07:05:11 solver.py:159 ] Epoch: [68/200][140/282] lr: 4.27e-04 | MSE loss: 7.8491e-03 | time: 0.087
I 06.08/07:05:12 solver.py:159 ] Epoch: [68/200][160/282] lr: 4.27e-04 | MSE loss: 8.3295e-03 | time: 0.085
I 06.08/07:05:14 solver.py:159 ] Epoch: [68/200][180/282] lr: 4.27e-04 | MSE loss: 8.2274e-03 | time: 0.083
I 06.08/07:05:15 solver.py:159 ] Epoch: [68/200][200/282] lr: 4.26e-04 | MSE loss: 8.0940e-03 | time: 0.082
I 06.08/07:05:16 solver.py:159 ] Epoch: [68/200][220/282] lr: 4.26e-04 | MSE loss: 8.2309e-03 | time: 0.080
I 06.08/07:05:18 solver.py:159 ] Epoch: [68/200][240/282] lr: 4.26e-04 | MSE loss: 8.2448e-03 | time: 0.080
I 06.08/07:05:19 solver.py:159 ] Epoch: [68/200][260/282] lr: 4.26e-04 | MSE loss: 8.2669e-03 | time: 0.079
I 06.08/07:05:21 solver.py:159 ] Epoch: [68/200][280/282] lr: 4.26e-04 | MSE loss: 8.1938e-03 | time: 0.079
I 06.08/07:05:21 solver.py:169 ] => Train  Loss: 8.1444e-03

I 06.08/07:05:22 solver.py:405 ] [20/32] loss: 9.3679e-03 | NMSE: -1.6776e+01 | time: 0.062
I 06.08/07:05:23 solver.py:413 ] => Test NMSE: -1.7825e+01

I 06.08/07:05:23 solver.py:345 ] => LoRA monitor [epoch=68] | trainable=2621440/2621440 | non_lora_trainable=0 | lora_l2=2.807012e+01 | lora_A_l2=1.062619e+01 | lora_B_l2=2.598106e+01 | component_l2=fc_decoder:2.807012e+01 | lora_abs_max=1.162501e-01 | delta_l2=2.672187e+01 | delta_rel=2.892558e+00 | train_loss=8.144413e-03 | test_loss=8.250277e-03 | nmse=-1.782501e+01
I 06.08/07:05:23 solver.py:224 ] 
=! Best NMSE: -1.7832e+01 (epoch=25)

I 06.08/07:05:25 solver.py:159 ] Epoch: [69/200][20/282] lr: 4.25e-04 | MSE loss: 8.0097e-03 | time: 0.084
I 06.08/07:05:26 solver.py:159 ] Epoch: [69/200][40/282] lr: 4.25e-04 | MSE loss: 7.8927e-03 | time: 0.078
I 06.08/07:05:27 solver.py:159 ] Epoch: [69/200][60/282] lr: 4.25e-04 | MSE loss: 7.8679e-03 | time: 0.074
I 06.08/07:05:29 solver.py:159 ] Epoch: [69/200][80/282] lr: 4.25e-04 | MSE loss: 7.0039e-03 | time: 0.072
I 06.08/07:05:30 solver.py:159 ] Epoch: [69/200][100/282] lr: 4.25e-04 | MSE loss: 6.8671e-03 | time: 0.071
I 06.08/07:05:32 solver.py:159 ] Epoch: [69/200][120/282] lr: 4.24e-04 | MSE loss: 7.2588e-03 | time: 0.071
I 06.08/07:05:33 solver.py:159 ] Epoch: [69/200][140/282] lr: 4.24e-04 | MSE loss: 7.5171e-03 | time: 0.070
I 06.08/07:05:34 solver.py:159 ] Epoch: [69/200][160/282] lr: 4.24e-04 | MSE loss: 7.5371e-03 | time: 0.070
I 06.08/07:05:35 solver.py:159 ] Epoch: [69/200][180/282] lr: 4.24e-04 | MSE loss: 7.8343e-03 | time: 0.069
I 06.08/07:05:37 solver.py:159 ] Epoch: [69/200][200/282] lr: 4.23e-04 | MSE loss: 7.9044e-03 | time: 0.069
I 06.08/07:05:38 solver.py:159 ] Epoch: [69/200][220/282] lr: 4.23e-04 | MSE loss: 8.0734e-03 | time: 0.069
I 06.08/07:05:40 solver.py:159 ] Epoch: [69/200][240/282] lr: 4.23e-04 | MSE loss: 8.1645e-03 | time: 0.069
I 06.08/07:05:41 solver.py:159 ] Epoch: [69/200][260/282] lr: 4.23e-04 | MSE loss: 8.2870e-03 | time: 0.069
I 06.08/07:05:42 solver.py:159 ] Epoch: [69/200][280/282] lr: 4.23e-04 | MSE loss: 8.1845e-03 | time: 0.068
I 06.08/07:05:42 solver.py:169 ] => Train  Loss: 8.1405e-03

I 06.08/07:05:44 solver.py:405 ] [20/32] loss: 9.3657e-03 | NMSE: -1.6777e+01 | time: 0.071
I 06.08/07:05:45 solver.py:413 ] => Test NMSE: -1.7826e+01

I 06.08/07:05:45 solver.py:345 ] => LoRA monitor [epoch=69] | trainable=2621440/2621440 | non_lora_trainable=0 | lora_l2=2.801935e+01 | lora_A_l2=1.059777e+01 | lora_B_l2=2.593783e+01 | component_l2=fc_decoder:2.801935e+01 | lora_abs_max=1.162902e-01 | delta_l2=2.666963e+01 | delta_rel=2.886903e+00 | train_loss=8.140468e-03 | test_loss=8.248080e-03 | nmse=-1.782617e+01
I 06.08/07:05:45 solver.py:224 ] 
=! Best NMSE: -1.7832e+01 (epoch=25)

I 06.08/07:05:46 solver.py:159 ] Epoch: [70/200][20/282] lr: 4.22e-04 | MSE loss: 8.3666e-03 | time: 0.080
I 06.08/07:05:48 solver.py:159 ] Epoch: [70/200][40/282] lr: 4.22e-04 | MSE loss: 8.5264e-03 | time: 0.077
I 06.08/07:05:49 solver.py:159 ] Epoch: [70/200][60/282] lr: 4.22e-04 | MSE loss: 8.1716e-03 | time: 0.075
I 06.08/07:05:50 solver.py:159 ] Epoch: [70/200][80/282] lr: 4.22e-04 | MSE loss: 8.0786e-03 | time: 0.074
I 06.08/07:05:52 solver.py:159 ] Epoch: [70/200][100/282] lr: 4.22e-04 | MSE loss: 7.9569e-03 | time: 0.073
I 06.08/07:05:53 solver.py:159 ] Epoch: [70/200][120/282] lr: 4.21e-04 | MSE loss: 8.0880e-03 | time: 0.072
I 06.08/07:05:55 solver.py:159 ] Epoch: [70/200][140/282] lr: 4.21e-04 | MSE loss: 8.5996e-03 | time: 0.072
I 06.08/07:05:56 solver.py:159 ] Epoch: [70/200][160/282] lr: 4.21e-04 | MSE loss: 8.3627e-03 | time: 0.071
I 06.08/07:05:57 solver.py:159 ] Epoch: [70/200][180/282] lr: 4.21e-04 | MSE loss: 8.5551e-03 | time: 0.071
I 06.08/07:05:59 solver.py:159 ] Epoch: [70/200][200/282] lr: 4.21e-04 | MSE loss: 8.3111e-03 | time: 0.071
I 06.08/07:06:01 solver.py:159 ] Epoch: [70/200][220/282] lr: 4.20e-04 | MSE loss: 8.1341e-03 | time: 0.073
I 06.08/07:06:04 solver.py:159 ] Epoch: [70/200][240/282] lr: 4.20e-04 | MSE loss: 8.0889e-03 | time: 0.080
I 06.08/07:06:06 solver.py:159 ] Epoch: [70/200][260/282] lr: 4.20e-04 | MSE loss: 8.1748e-03 | time: 0.082
I 06.08/07:06:07 solver.py:159 ] Epoch: [70/200][280/282] lr: 4.20e-04 | MSE loss: 8.1405e-03 | time: 0.081
I 06.08/07:06:07 solver.py:169 ] => Train  Loss: 8.1496e-03

I 06.08/07:06:09 solver.py:159 ] Epoch: [70/200][20/32] lr: 4.20e-04 | MSE loss: 9.3646e-03 | time: 0.066
I 06.08/07:06:10 solver.py:169 ] => Val  Loss: 8.0622e-03

I 06.08/07:06:11 solver.py:405 ] [20/32] loss: 9.3646e-03 | NMSE: -1.6778e+01 | time: 0.074
I 06.08/07:06:12 solver.py:413 ] => Test NMSE: -1.7827e+01

I 06.08/07:06:12 solver.py:345 ] => LoRA monitor [epoch=70] | trainable=2621440/2621440 | non_lora_trainable=0 | lora_l2=2.797224e+01 | lora_A_l2=1.057198e+01 | lora_B_l2=2.589748e+01 | component_l2=fc_decoder:2.797224e+01 | lora_abs_max=1.162940e-01 | delta_l2=2.662109e+01 | delta_rel=2.881649e+00 | train_loss=8.149620e-03 | val_loss=8.062177e-03 | test_loss=8.246955e-03 | nmse=-1.782676e+01
I 06.08/07:06:12 solver.py:224 ] 
=! Best NMSE: -1.7832e+01 (epoch=25)

I 06.08/07:06:14 solver.py:159 ] Epoch: [71/200][20/282] lr: 4.19e-04 | MSE loss: 6.5290e-03 | time: 0.086
I 06.08/07:06:16 solver.py:159 ] Epoch: [71/200][40/282] lr: 4.19e-04 | MSE loss: 6.9792e-03 | time: 0.085
I 06.08/07:06:17 solver.py:159 ] Epoch: [71/200][60/282] lr: 4.19e-04 | MSE loss: 7.8995e-03 | time: 0.082
I 06.08/07:06:18 solver.py:159 ] Epoch: [71/200][80/282] lr: 4.19e-04 | MSE loss: 7.8717e-03 | time: 0.079
I 06.08/07:06:20 solver.py:159 ] Epoch: [71/200][100/282] lr: 4.19e-04 | MSE loss: 7.5853e-03 | time: 0.076
I 06.08/07:06:21 solver.py:159 ] Epoch: [71/200][120/282] lr: 4.18e-04 | MSE loss: 8.0583e-03 | time: 0.075
I 06.08/07:06:23 solver.py:159 ] Epoch: [71/200][140/282] lr: 4.18e-04 | MSE loss: 8.4643e-03 | time: 0.075
I 06.08/07:06:24 solver.py:159 ] Epoch: [71/200][160/282] lr: 4.18e-04 | MSE loss: 8.4420e-03 | time: 0.075
I 06.08/07:06:25 solver.py:159 ] Epoch: [71/200][180/282] lr: 4.18e-04 | MSE loss: 8.2787e-03 | time: 0.074
I 06.08/07:06:27 solver.py:159 ] Epoch: [71/200][200/282] lr: 4.17e-04 | MSE loss: 8.2062e-03 | time: 0.074
I 06.08/07:06:28 solver.py:159 ] Epoch: [71/200][220/282] lr: 4.17e-04 | MSE loss: 8.3222e-03 | time: 0.073
I 06.08/07:06:30 solver.py:159 ] Epoch: [71/200][240/282] lr: 4.17e-04 | MSE loss: 8.2606e-03 | time: 0.073
I 06.08/07:06:31 solver.py:159 ] Epoch: [71/200][260/282] lr: 4.17e-04 | MSE loss: 8.0888e-03 | time: 0.073
I 06.08/07:06:32 solver.py:159 ] Epoch: [71/200][280/282] lr: 4.17e-04 | MSE loss: 8.1926e-03 | time: 0.072
I 06.08/07:06:32 solver.py:169 ] => Train  Loss: 8.1426e-03

I 06.08/07:06:34 solver.py:405 ] [20/32] loss: 9.3662e-03 | NMSE: -1.6777e+01 | time: 0.072
I 06.08/07:06:35 solver.py:413 ] => Test NMSE: -1.7826e+01

I 06.08/07:06:35 solver.py:345 ] => LoRA monitor [epoch=71] | trainable=2621440/2621440 | non_lora_trainable=0 | lora_l2=2.789840e+01 | lora_A_l2=1.054908e+01 | lora_B_l2=2.582707e+01 | component_l2=fc_decoder:2.789840e+01 | lora_abs_max=1.163128e-01 | delta_l2=2.654448e+01 | delta_rel=2.873356e+00 | train_loss=8.142566e-03 | test_loss=8.248596e-03 | nmse=-1.782590e+01
I 06.08/07:06:35 solver.py:224 ] 
=! Best NMSE: -1.7832e+01 (epoch=25)

I 06.08/07:06:36 solver.py:159 ] Epoch: [72/200][20/282] lr: 4.16e-04 | MSE loss: 6.7193e-03 | time: 0.075
I 06.08/07:06:38 solver.py:159 ] Epoch: [72/200][40/282] lr: 4.16e-04 | MSE loss: 6.5120e-03 | time: 0.073
I 06.08/07:06:39 solver.py:159 ] Epoch: [72/200][60/282] lr: 4.16e-04 | MSE loss: 6.9066e-03 | time: 0.071
I 06.08/07:06:40 solver.py:159 ] Epoch: [72/200][80/282] lr: 4.16e-04 | MSE loss: 6.9002e-03 | time: 0.071
I 06.08/07:06:42 solver.py:159 ] Epoch: [72/200][100/282] lr: 4.16e-04 | MSE loss: 7.4789e-03 | time: 0.071
I 06.08/07:06:43 solver.py:159 ] Epoch: [72/200][120/282] lr: 4.15e-04 | MSE loss: 7.4446e-03 | time: 0.072
I 06.08/07:06:45 solver.py:159 ] Epoch: [72/200][140/282] lr: 4.15e-04 | MSE loss: 7.5157e-03 | time: 0.071
I 06.08/07:06:46 solver.py:159 ] Epoch: [72/200][160/282] lr: 4.15e-04 | MSE loss: 7.8992e-03 | time: 0.071
I 06.08/07:06:47 solver.py:159 ] Epoch: [72/200][180/282] lr: 4.15e-04 | MSE loss: 7.9983e-03 | time: 0.071
I 06.08/07:06:49 solver.py:159 ] Epoch: [72/200][200/282] lr: 4.14e-04 | MSE loss: 7.9457e-03 | time: 0.070
I 06.08/07:06:50 solver.py:159 ] Epoch: [72/200][220/282] lr: 4.14e-04 | MSE loss: 8.0452e-03 | time: 0.071
I 06.08/07:06:52 solver.py:159 ] Epoch: [72/200][240/282] lr: 4.14e-04 | MSE loss: 8.1136e-03 | time: 0.070
I 06.08/07:06:53 solver.py:159 ] Epoch: [72/200][260/282] lr: 4.14e-04 | MSE loss: 8.1846e-03 | time: 0.070
I 06.08/07:06:54 solver.py:159 ] Epoch: [72/200][280/282] lr: 4.14e-04 | MSE loss: 8.1905e-03 | time: 0.071
I 06.08/07:06:55 solver.py:169 ] => Train  Loss: 8.1376e-03

I 06.08/07:06:56 solver.py:405 ] [20/32] loss: 9.3615e-03 | NMSE: -1.6779e+01 | time: 0.066
I 06.08/07:06:57 solver.py:413 ] => Test NMSE: -1.7828e+01

I 06.08/07:06:57 solver.py:345 ] => LoRA monitor [epoch=72] | trainable=2621440/2621440 | non_lora_trainable=0 | lora_l2=2.784837e+01 | lora_A_l2=1.052688e+01 | lora_B_l2=2.578209e+01 | component_l2=fc_decoder:2.784837e+01 | lora_abs_max=1.161565e-01 | delta_l2=2.649290e+01 | delta_rel=2.867773e+00 | train_loss=8.137567e-03 | test_loss=8.243694e-03 | nmse=-1.782848e+01
I 06.08/07:06:57 solver.py:224 ] 
=! Best NMSE: -1.7832e+01 (epoch=25)

I 06.08/07:06:58 solver.py:159 ] Epoch: [73/200][20/282] lr: 4.13e-04 | MSE loss: 6.7677e-03 | time: 0.068
I 06.08/07:06:59 solver.py:159 ] Epoch: [73/200][40/282] lr: 4.13e-04 | MSE loss: 7.7365e-03 | time: 0.064
I 06.08/07:07:01 solver.py:159 ] Epoch: [73/200][60/282] lr: 4.13e-04 | MSE loss: 7.9186e-03 | time: 0.069
I 06.08/07:07:03 solver.py:159 ] Epoch: [73/200][80/282] lr: 4.13e-04 | MSE loss: 8.2208e-03 | time: 0.084
I 06.08/07:07:05 solver.py:159 ] Epoch: [73/200][100/282] lr: 4.12e-04 | MSE loss: 8.2577e-03 | time: 0.087
I 06.08/07:07:07 solver.py:159 ] Epoch: [73/200][120/282] lr: 4.12e-04 | MSE loss: 8.0568e-03 | time: 0.085
I 06.08/07:07:08 solver.py:159 ] Epoch: [73/200][140/282] lr: 4.12e-04 | MSE loss: 7.7664e-03 | time: 0.082
I 06.08/07:07:10 solver.py:159 ] Epoch: [73/200][160/282] lr: 4.12e-04 | MSE loss: 7.6610e-03 | time: 0.080
I 06.08/07:07:11 solver.py:159 ] Epoch: [73/200][180/282] lr: 4.12e-04 | MSE loss: 7.7648e-03 | time: 0.079
I 06.08/07:07:12 solver.py:159 ] Epoch: [73/200][200/282] lr: 4.11e-04 | MSE loss: 7.9727e-03 | time: 0.078
I 06.08/07:07:14 solver.py:159 ] Epoch: [73/200][220/282] lr: 4.11e-04 | MSE loss: 8.2598e-03 | time: 0.077
I 06.08/07:07:15 solver.py:159 ] Epoch: [73/200][240/282] lr: 4.11e-04 | MSE loss: 8.3566e-03 | time: 0.076
I 06.08/07:07:16 solver.py:159 ] Epoch: [73/200][260/282] lr: 4.11e-04 | MSE loss: 8.1750e-03 | time: 0.075
I 06.08/07:07:18 solver.py:159 ] Epoch: [73/200][280/282] lr: 4.10e-04 | MSE loss: 8.1690e-03 | time: 0.075
I 06.08/07:07:18 solver.py:169 ] => Train  Loss: 8.1422e-03

I 06.08/07:07:19 solver.py:405 ] [20/32] loss: 9.3745e-03 | NMSE: -1.6773e+01 | time: 0.066
I 06.08/07:07:20 solver.py:413 ] => Test NMSE: -1.7817e+01

I 06.08/07:07:20 solver.py:345 ] => LoRA monitor [epoch=73] | trainable=2621440/2621440 | non_lora_trainable=0 | lora_l2=2.776808e+01 | lora_A_l2=1.051320e+01 | lora_B_l2=2.570095e+01 | component_l2=fc_decoder:2.776808e+01 | lora_abs_max=1.162010e-01 | delta_l2=2.640954e+01 | delta_rel=2.858750e+00 | train_loss=8.142218e-03 | test_loss=8.265333e-03 | nmse=-1.781710e+01
I 06.08/07:07:20 solver.py:224 ] 
=! Best NMSE: -1.7832e+01 (epoch=25)

I 06.08/07:07:21 solver.py:159 ] Epoch: [74/200][20/282] lr: 4.10e-04 | MSE loss: 7.4088e-03 | time: 0.069
I 06.08/07:07:23 solver.py:159 ] Epoch: [74/200][40/282] lr: 4.10e-04 | MSE loss: 8.5278e-03 | time: 0.068
I 06.08/07:07:24 solver.py:159 ] Epoch: [74/200][60/282] lr: 4.10e-04 | MSE loss: 8.9073e-03 | time: 0.066
I 06.08/07:07:25 solver.py:159 ] Epoch: [74/200][80/282] lr: 4.10e-04 | MSE loss: 9.1581e-03 | time: 0.065
I 06.08/07:07:27 solver.py:159 ] Epoch: [74/200][100/282] lr: 4.09e-04 | MSE loss: 9.1205e-03 | time: 0.068
I 06.08/07:07:28 solver.py:159 ] Epoch: [74/200][120/282] lr: 4.09e-04 | MSE loss: 8.9435e-03 | time: 0.068
I 06.08/07:07:29 solver.py:159 ] Epoch: [74/200][140/282] lr: 4.09e-04 | MSE loss: 8.9371e-03 | time: 0.068
I 06.08/07:07:31 solver.py:159 ] Epoch: [74/200][160/282] lr: 4.09e-04 | MSE loss: 8.8484e-03 | time: 0.068
I 06.08/07:07:32 solver.py:159 ] Epoch: [74/200][180/282] lr: 4.08e-04 | MSE loss: 8.6266e-03 | time: 0.068
I 06.08/07:07:33 solver.py:159 ] Epoch: [74/200][200/282] lr: 4.08e-04 | MSE loss: 8.5271e-03 | time: 0.068
I 06.08/07:07:35 solver.py:159 ] Epoch: [74/200][220/282] lr: 4.08e-04 | MSE loss: 8.2365e-03 | time: 0.068
I 06.08/07:07:36 solver.py:159 ] Epoch: [74/200][240/282] lr: 4.08e-04 | MSE loss: 8.2985e-03 | time: 0.069
I 06.08/07:07:38 solver.py:159 ] Epoch: [74/200][260/282] lr: 4.07e-04 | MSE loss: 8.3703e-03 | time: 0.069
I 06.08/07:07:39 solver.py:159 ] Epoch: [74/200][280/282] lr: 4.07e-04 | MSE loss: 8.1716e-03 | time: 0.068
I 06.08/07:07:39 solver.py:169 ] => Train  Loss: 8.2211e-03

I 06.08/07:07:40 solver.py:405 ] [20/32] loss: 9.3623e-03 | NMSE: -1.6778e+01 | time: 0.064
I 06.08/07:07:41 solver.py:413 ] => Test NMSE: -1.7828e+01

I 06.08/07:07:41 solver.py:345 ] => LoRA monitor [epoch=74] | trainable=2621440/2621440 | non_lora_trainable=0 | lora_l2=2.758269e+01 | lora_A_l2=1.049146e+01 | lora_B_l2=2.550949e+01 | component_l2=fc_decoder:2.758269e+01 | lora_abs_max=1.161274e-01 | delta_l2=2.621503e+01 | delta_rel=2.837695e+00 | train_loss=8.221115e-03 | test_loss=8.244433e-03 | nmse=-1.782809e+01
I 06.08/07:07:41 solver.py:224 ] 
=! Best NMSE: -1.7832e+01 (epoch=25)

I 06.08/07:07:42 solver.py:159 ] Epoch: [75/200][20/282] lr: 4.07e-04 | MSE loss: 8.7164e-03 | time: 0.074
I 06.08/07:07:44 solver.py:159 ] Epoch: [75/200][40/282] lr: 4.07e-04 | MSE loss: 8.4119e-03 | time: 0.072
I 06.08/07:07:45 solver.py:159 ] Epoch: [75/200][60/282] lr: 4.07e-04 | MSE loss: 8.6229e-03 | time: 0.070
I 06.08/07:07:47 solver.py:159 ] Epoch: [75/200][80/282] lr: 4.06e-04 | MSE loss: 8.2355e-03 | time: 0.072
I 06.08/07:07:48 solver.py:159 ] Epoch: [75/200][100/282] lr: 4.06e-04 | MSE loss: 8.3506e-03 | time: 0.071
I 06.08/07:07:50 solver.py:159 ] Epoch: [75/200][120/282] lr: 4.06e-04 | MSE loss: 8.3511e-03 | time: 0.072
I 06.08/07:07:51 solver.py:159 ] Epoch: [75/200][140/282] lr: 4.06e-04 | MSE loss: 8.3514e-03 | time: 0.071
I 06.08/07:07:52 solver.py:159 ] Epoch: [75/200][160/282] lr: 4.05e-04 | MSE loss: 8.2503e-03 | time: 0.070
I 06.08/07:07:53 solver.py:159 ] Epoch: [75/200][180/282] lr: 4.05e-04 | MSE loss: 8.5288e-03 | time: 0.069
I 06.08/07:07:55 solver.py:159 ] Epoch: [75/200][200/282] lr: 4.05e-04 | MSE loss: 8.5799e-03 | time: 0.070
I 06.08/07:07:56 solver.py:159 ] Epoch: [75/200][220/282] lr: 4.05e-04 | MSE loss: 8.5699e-03 | time: 0.070
I 06.08/07:07:58 solver.py:159 ] Epoch: [75/200][240/282] lr: 4.05e-04 | MSE loss: 8.2670e-03 | time: 0.070
I 06.08/07:07:59 solver.py:159 ] Epoch: [75/200][260/282] lr: 4.04e-04 | MSE loss: 8.3275e-03 | time: 0.070
I 06.08/07:08:01 solver.py:159 ] Epoch: [75/200][280/282] lr: 4.04e-04 | MSE loss: 8.1808e-03 | time: 0.073
I 06.08/07:08:02 solver.py:169 ] => Train  Loss: 8.1686e-03

I 06.08/07:08:05 solver.py:405 ] [20/32] loss: 9.3597e-03 | NMSE: -1.6780e+01 | time: 0.152
I 06.08/07:08:06 solver.py:413 ] => Test NMSE: -1.7829e+01

I 06.08/07:08:06 solver.py:345 ] => LoRA monitor [epoch=75] | trainable=2621440/2621440 | non_lora_trainable=0 | lora_l2=2.748744e+01 | lora_A_l2=1.047411e+01 | lora_B_l2=2.541362e+01 | component_l2=fc_decoder:2.748744e+01 | lora_abs_max=1.163617e-01 | delta_l2=2.611572e+01 | delta_rel=2.826945e+00 | train_loss=8.168644e-03 | test_loss=8.242033e-03 | nmse=-1.782936e+01
I 06.08/07:08:06 solver.py:224 ] 
=! Best NMSE: -1.7832e+01 (epoch=25)

I 06.08/07:08:07 solver.py:159 ] Epoch: [76/200][20/282] lr: 4.04e-04 | MSE loss: 7.4757e-03 | time: 0.076
I 06.08/07:08:08 solver.py:159 ] Epoch: [76/200][40/282] lr: 4.04e-04 | MSE loss: 8.2630e-03 | time: 0.069
I 06.08/07:08:10 solver.py:159 ] Epoch: [76/200][60/282] lr: 4.03e-04 | MSE loss: 8.2192e-03 | time: 0.069
I 06.08/07:08:11 solver.py:159 ] Epoch: [76/200][80/282] lr: 4.03e-04 | MSE loss: 9.0215e-03 | time: 0.069
I 06.08/07:08:12 solver.py:159 ] Epoch: [76/200][100/282] lr: 4.03e-04 | MSE loss: 9.1405e-03 | time: 0.068
I 06.08/07:08:14 solver.py:159 ] Epoch: [76/200][120/282] lr: 4.03e-04 | MSE loss: 9.0184e-03 | time: 0.069
I 06.08/07:08:15 solver.py:159 ] Epoch: [76/200][140/282] lr: 4.02e-04 | MSE loss: 9.0144e-03 | time: 0.069
I 06.08/07:08:17 solver.py:159 ] Epoch: [76/200][160/282] lr: 4.02e-04 | MSE loss: 8.7925e-03 | time: 0.069
I 06.08/07:08:18 solver.py:159 ] Epoch: [76/200][180/282] lr: 4.02e-04 | MSE loss: 8.5944e-03 | time: 0.069
I 06.08/07:08:19 solver.py:159 ] Epoch: [76/200][200/282] lr: 4.02e-04 | MSE loss: 8.5150e-03 | time: 0.068
I 06.08/07:08:20 solver.py:159 ] Epoch: [76/200][220/282] lr: 4.02e-04 | MSE loss: 8.3713e-03 | time: 0.068
I 06.08/07:08:22 solver.py:159 ] Epoch: [76/200][240/282] lr: 4.01e-04 | MSE loss: 8.2113e-03 | time: 0.068
I 06.08/07:08:23 solver.py:159 ] Epoch: [76/200][260/282] lr: 4.01e-04 | MSE loss: 8.0914e-03 | time: 0.068
I 06.08/07:08:25 solver.py:159 ] Epoch: [76/200][280/282] lr: 4.01e-04 | MSE loss: 8.1838e-03 | time: 0.068
I 06.08/07:08:25 solver.py:169 ] => Train  Loss: 8.1420e-03

I 06.08/07:08:26 solver.py:405 ] [20/32] loss: 9.3598e-03 | NMSE: -1.6780e+01 | time: 0.065
I 06.08/07:08:27 solver.py:413 ] => Test NMSE: -1.7830e+01

I 06.08/07:08:27 solver.py:345 ] => LoRA monitor [epoch=76] | trainable=2621440/2621440 | non_lora_trainable=0 | lora_l2=2.744557e+01 | lora_A_l2=1.045916e+01 | lora_B_l2=2.537450e+01 | component_l2=fc_decoder:2.744557e+01 | lora_abs_max=1.161264e-01 | delta_l2=2.607233e+01 | delta_rel=2.822247e+00 | train_loss=8.142023e-03 | test_loss=8.241702e-03 | nmse=-1.782953e+01
I 06.08/07:08:27 solver.py:224 ] 
=! Best NMSE: -1.7832e+01 (epoch=25)

I 06.08/07:08:28 solver.py:159 ] Epoch: [77/200][20/282] lr: 4.01e-04 | MSE loss: 8.0861e-03 | time: 0.066
I 06.08/07:08:30 solver.py:159 ] Epoch: [77/200][40/282] lr: 4.00e-04 | MSE loss: 9.1858e-03 | time: 0.066
I 06.08/07:08:31 solver.py:159 ] Epoch: [77/200][60/282] lr: 4.00e-04 | MSE loss: 8.2318e-03 | time: 0.066
I 06.08/07:08:32 solver.py:159 ] Epoch: [77/200][80/282] lr: 4.00e-04 | MSE loss: 7.7399e-03 | time: 0.066
I 06.08/07:08:34 solver.py:159 ] Epoch: [77/200][100/282] lr: 4.00e-04 | MSE loss: 7.4998e-03 | time: 0.069
I 06.08/07:08:35 solver.py:159 ] Epoch: [77/200][120/282] lr: 3.99e-04 | MSE loss: 7.9724e-03 | time: 0.069
I 06.08/07:08:37 solver.py:159 ] Epoch: [77/200][140/282] lr: 3.99e-04 | MSE loss: 8.0117e-03 | time: 0.069
I 06.08/07:08:38 solver.py:159 ] Epoch: [77/200][160/282] lr: 3.99e-04 | MSE loss: 7.8276e-03 | time: 0.069
I 06.08/07:08:39 solver.py:159 ] Epoch: [77/200][180/282] lr: 3.99e-04 | MSE loss: 7.8356e-03 | time: 0.069
I 06.08/07:08:41 solver.py:159 ] Epoch: [77/200][200/282] lr: 3.98e-04 | MSE loss: 7.8484e-03 | time: 0.070
I 06.08/07:08:42 solver.py:159 ] Epoch: [77/200][220/282] lr: 3.98e-04 | MSE loss: 7.7952e-03 | time: 0.070
I 06.08/07:08:44 solver.py:159 ] Epoch: [77/200][240/282] lr: 3.98e-04 | MSE loss: 7.9422e-03 | time: 0.069
I 06.08/07:08:45 solver.py:159 ] Epoch: [77/200][260/282] lr: 3.98e-04 | MSE loss: 7.9762e-03 | time: 0.069
I 06.08/07:08:46 solver.py:159 ] Epoch: [77/200][280/282] lr: 3.98e-04 | MSE loss: 8.1778e-03 | time: 0.069
I 06.08/07:08:46 solver.py:169 ] => Train  Loss: 8.1562e-03

I 06.08/07:08:48 solver.py:405 ] [20/32] loss: 9.3590e-03 | NMSE: -1.6780e+01 | time: 0.065
I 06.08/07:08:48 solver.py:413 ] => Test NMSE: -1.7830e+01

I 06.08/07:08:48 solver.py:345 ] => LoRA monitor [epoch=77] | trainable=2621440/2621440 | non_lora_trainable=0 | lora_l2=2.739093e+01 | lora_A_l2=1.044508e+01 | lora_B_l2=2.532120e+01 | component_l2=fc_decoder:2.739093e+01 | lora_abs_max=1.162683e-01 | delta_l2=2.601547e+01 | delta_rel=2.816093e+00 | train_loss=8.156247e-03 | test_loss=8.240839e-03 | nmse=-1.782999e+01
I 06.08/07:08:48 solver.py:224 ] 
=! Best NMSE: -1.7832e+01 (epoch=25)

I 06.08/07:08:50 solver.py:159 ] Epoch: [78/200][20/282] lr: 3.97e-04 | MSE loss: 6.3751e-03 | time: 0.067
I 06.08/07:08:51 solver.py:159 ] Epoch: [78/200][40/282] lr: 3.97e-04 | MSE loss: 8.6506e-03 | time: 0.068
I 06.08/07:08:52 solver.py:159 ] Epoch: [78/200][60/282] lr: 3.97e-04 | MSE loss: 8.5669e-03 | time: 0.068
I 06.08/07:08:54 solver.py:159 ] Epoch: [78/200][80/282] lr: 3.97e-04 | MSE loss: 8.4217e-03 | time: 0.072
I 06.08/07:08:56 solver.py:159 ] Epoch: [78/200][100/282] lr: 3.96e-04 | MSE loss: 8.3658e-03 | time: 0.071
I 06.08/07:08:57 solver.py:159 ] Epoch: [78/200][120/282] lr: 3.96e-04 | MSE loss: 8.2614e-03 | time: 0.072
I 06.08/07:08:58 solver.py:159 ] Epoch: [78/200][140/282] lr: 3.96e-04 | MSE loss: 8.1055e-03 | time: 0.072
I 06.08/07:09:00 solver.py:159 ] Epoch: [78/200][160/282] lr: 3.96e-04 | MSE loss: 8.1567e-03 | time: 0.072
I 06.08/07:09:02 solver.py:159 ] Epoch: [78/200][180/282] lr: 3.95e-04 | MSE loss: 7.9872e-03 | time: 0.077
I 06.08/07:09:05 solver.py:159 ] Epoch: [78/200][200/282] lr: 3.95e-04 | MSE loss: 8.0308e-03 | time: 0.081
I 06.08/07:09:06 solver.py:159 ] Epoch: [78/200][220/282] lr: 3.95e-04 | MSE loss: 8.1298e-03 | time: 0.081
I 06.08/07:09:08 solver.py:159 ] Epoch: [78/200][240/282] lr: 3.95e-04 | MSE loss: 8.0120e-03 | time: 0.080
I 06.08/07:09:09 solver.py:159 ] Epoch: [78/200][260/282] lr: 3.94e-04 | MSE loss: 8.1675e-03 | time: 0.080
I 06.08/07:09:11 solver.py:159 ] Epoch: [78/200][280/282] lr: 3.94e-04 | MSE loss: 8.1885e-03 | time: 0.079
I 06.08/07:09:11 solver.py:169 ] => Train  Loss: 8.1366e-03

I 06.08/07:09:12 solver.py:405 ] [20/32] loss: 9.3601e-03 | NMSE: -1.6779e+01 | time: 0.069
I 06.08/07:09:13 solver.py:413 ] => Test NMSE: -1.7829e+01

I 06.08/07:09:13 solver.py:345 ] => LoRA monitor [epoch=78] | trainable=2621440/2621440 | non_lora_trainable=0 | lora_l2=2.731484e+01 | lora_A_l2=1.043086e+01 | lora_B_l2=2.524475e+01 | component_l2=fc_decoder:2.731484e+01 | lora_abs_max=1.159773e-01 | delta_l2=2.593644e+01 | delta_rel=2.807538e+00 | train_loss=8.136647e-03 | test_loss=8.241854e-03 | nmse=-1.782945e+01
I 06.08/07:09:13 solver.py:224 ] 
=! Best NMSE: -1.7832e+01 (epoch=25)

I 06.08/07:09:14 solver.py:159 ] Epoch: [79/200][20/282] lr: 3.94e-04 | MSE loss: 8.6204e-03 | time: 0.072
I 06.08/07:09:16 solver.py:159 ] Epoch: [79/200][40/282] lr: 3.94e-04 | MSE loss: 8.5262e-03 | time: 0.072
I 06.08/07:09:17 solver.py:159 ] Epoch: [79/200][60/282] lr: 3.94e-04 | MSE loss: 7.6284e-03 | time: 0.072
I 06.08/07:09:18 solver.py:159 ] Epoch: [79/200][80/282] lr: 3.93e-04 | MSE loss: 7.9730e-03 | time: 0.071
I 06.08/07:09:20 solver.py:159 ] Epoch: [79/200][100/282] lr: 3.93e-04 | MSE loss: 8.0343e-03 | time: 0.071
I 06.08/07:09:21 solver.py:159 ] Epoch: [79/200][120/282] lr: 3.93e-04 | MSE loss: 8.2374e-03 | time: 0.071
I 06.08/07:09:23 solver.py:159 ] Epoch: [79/200][140/282] lr: 3.93e-04 | MSE loss: 8.2939e-03 | time: 0.071
I 06.08/07:09:24 solver.py:159 ] Epoch: [79/200][160/282] lr: 3.92e-04 | MSE loss: 8.2878e-03 | time: 0.070
I 06.08/07:09:26 solver.py:159 ] Epoch: [79/200][180/282] lr: 3.92e-04 | MSE loss: 8.1349e-03 | time: 0.071
I 06.08/07:09:27 solver.py:159 ] Epoch: [79/200][200/282] lr: 3.92e-04 | MSE loss: 8.1490e-03 | time: 0.071
I 06.08/07:09:28 solver.py:159 ] Epoch: [79/200][220/282] lr: 3.92e-04 | MSE loss: 8.1243e-03 | time: 0.071
I 06.08/07:09:30 solver.py:159 ] Epoch: [79/200][240/282] lr: 3.91e-04 | MSE loss: 8.0835e-03 | time: 0.070
I 06.08/07:09:31 solver.py:159 ] Epoch: [79/200][260/282] lr: 3.91e-04 | MSE loss: 8.1288e-03 | time: 0.071
I 06.08/07:09:33 solver.py:159 ] Epoch: [79/200][280/282] lr: 3.91e-04 | MSE loss: 8.1780e-03 | time: 0.071
I 06.08/07:09:33 solver.py:169 ] => Train  Loss: 8.1369e-03

I 06.08/07:09:34 solver.py:405 ] [20/32] loss: 9.3587e-03 | NMSE: -1.6780e+01 | time: 0.066
I 06.08/07:09:35 solver.py:413 ] => Test NMSE: -1.7830e+01

I 06.08/07:09:35 solver.py:345 ] => LoRA monitor [epoch=79] | trainable=2621440/2621440 | non_lora_trainable=0 | lora_l2=2.723241e+01 | lora_A_l2=1.041798e+01 | lora_B_l2=2.516088e+01 | component_l2=fc_decoder:2.723241e+01 | lora_abs_max=1.154505e-01 | delta_l2=2.585030e+01 | delta_rel=2.798214e+00 | train_loss=8.136914e-03 | test_loss=8.240701e-03 | nmse=-1.783006e+01
I 06.08/07:09:35 solver.py:224 ] 
=! Best NMSE: -1.7832e+01 (epoch=25)

I 06.08/07:09:36 solver.py:159 ] Epoch: [80/200][20/282] lr: 3.91e-04 | MSE loss: 9.7833e-03 | time: 0.078
I 06.08/07:09:38 solver.py:159 ] Epoch: [80/200][40/282] lr: 3.90e-04 | MSE loss: 9.0532e-03 | time: 0.077
I 06.08/07:09:39 solver.py:159 ] Epoch: [80/200][60/282] lr: 3.90e-04 | MSE loss: 8.4442e-03 | time: 0.074
I 06.08/07:09:41 solver.py:159 ] Epoch: [80/200][80/282] lr: 3.90e-04 | MSE loss: 9.1551e-03 | time: 0.076
I 06.08/07:09:42 solver.py:159 ] Epoch: [80/200][100/282] lr: 3.90e-04 | MSE loss: 8.9963e-03 | time: 0.074
I 06.08/07:09:44 solver.py:159 ] Epoch: [80/200][120/282] lr: 3.89e-04 | MSE loss: 8.5797e-03 | time: 0.074
I 06.08/07:09:45 solver.py:159 ] Epoch: [80/200][140/282] lr: 3.89e-04 | MSE loss: 8.4103e-03 | time: 0.074
I 06.08/07:09:47 solver.py:159 ] Epoch: [80/200][160/282] lr: 3.89e-04 | MSE loss: 8.1520e-03 | time: 0.073
I 06.08/07:09:48 solver.py:159 ] Epoch: [80/200][180/282] lr: 3.89e-04 | MSE loss: 8.3648e-03 | time: 0.073
I 06.08/07:09:49 solver.py:159 ] Epoch: [80/200][200/282] lr: 3.88e-04 | MSE loss: 8.1926e-03 | time: 0.073
I 06.08/07:09:51 solver.py:159 ] Epoch: [80/200][220/282] lr: 3.88e-04 | MSE loss: 8.2724e-03 | time: 0.073
I 06.08/07:09:52 solver.py:159 ] Epoch: [80/200][240/282] lr: 3.88e-04 | MSE loss: 8.2279e-03 | time: 0.073
I 06.08/07:09:54 solver.py:159 ] Epoch: [80/200][260/282] lr: 3.88e-04 | MSE loss: 8.1637e-03 | time: 0.073
I 06.08/07:09:55 solver.py:159 ] Epoch: [80/200][280/282] lr: 3.88e-04 | MSE loss: 8.1685e-03 | time: 0.072
I 06.08/07:09:55 solver.py:169 ] => Train  Loss: 8.1379e-03

I 06.08/07:09:57 solver.py:159 ] Epoch: [80/200][20/32] lr: 3.88e-04 | MSE loss: 9.3591e-03 | time: 0.065
I 06.08/07:09:57 solver.py:169 ] => Val  Loss: 8.0565e-03

I 06.08/07:09:59 solver.py:405 ] [20/32] loss: 9.3591e-03 | NMSE: -1.6780e+01 | time: 0.067
I 06.08/07:10:00 solver.py:413 ] => Test NMSE: -1.7830e+01

I 06.08/07:10:00 solver.py:345 ] => LoRA monitor [epoch=80] | trainable=2621440/2621440 | non_lora_trainable=0 | lora_l2=2.712322e+01 | lora_A_l2=1.040333e+01 | lora_B_l2=2.504875e+01 | component_l2=fc_decoder:2.712322e+01 | lora_abs_max=1.158679e-01 | delta_l2=2.573627e+01 | delta_rel=2.785870e+00 | train_loss=8.137854e-03 | val_loss=8.056492e-03 | test_loss=8.241065e-03 | nmse=-1.782987e+01
I 06.08/07:10:00 solver.py:224 ] 
=! Best NMSE: -1.7832e+01 (epoch=25)

I 06.08/07:10:02 solver.py:159 ] Epoch: [81/200][20/282] lr: 3.87e-04 | MSE loss: 8.1351e-03 | time: 0.108
I 06.08/07:10:05 solver.py:159 ] Epoch: [81/200][40/282] lr: 3.87e-04 | MSE loss: 7.8422e-03 | time: 0.124
I 06.08/07:10:06 solver.py:159 ] Epoch: [81/200][60/282] lr: 3.87e-04 | MSE loss: 8.4532e-03 | time: 0.108
I 06.08/07:10:08 solver.py:159 ] Epoch: [81/200][80/282] lr: 3.87e-04 | MSE loss: 8.3446e-03 | time: 0.101
I 06.08/07:10:09 solver.py:159 ] Epoch: [81/200][100/282] lr: 3.86e-04 | MSE loss: 8.0815e-03 | time: 0.096
I 06.08/07:10:10 solver.py:159 ] Epoch: [81/200][120/282] lr: 3.86e-04 | MSE loss: 7.8792e-03 | time: 0.091
I 06.08/07:10:12 solver.py:159 ] Epoch: [81/200][140/282] lr: 3.86e-04 | MSE loss: 7.9509e-03 | time: 0.089
I 06.08/07:10:13 solver.py:159 ] Epoch: [81/200][160/282] lr: 3.86e-04 | MSE loss: 7.8876e-03 | time: 0.087
I 06.08/07:10:15 solver.py:159 ] Epoch: [81/200][180/282] lr: 3.85e-04 | MSE loss: 8.1634e-03 | time: 0.085
I 06.08/07:10:16 solver.py:159 ] Epoch: [81/200][200/282] lr: 3.85e-04 | MSE loss: 8.4184e-03 | time: 0.083
I 06.08/07:10:17 solver.py:159 ] Epoch: [81/200][220/282] lr: 3.85e-04 | MSE loss: 8.2151e-03 | time: 0.081
I 06.08/07:10:19 solver.py:159 ] Epoch: [81/200][240/282] lr: 3.85e-04 | MSE loss: 8.1340e-03 | time: 0.080
I 06.08/07:10:20 solver.py:159 ] Epoch: [81/200][260/282] lr: 3.84e-04 | MSE loss: 8.2171e-03 | time: 0.080
I 06.08/07:10:22 solver.py:159 ] Epoch: [81/200][280/282] lr: 3.84e-04 | MSE loss: 8.1762e-03 | time: 0.079
I 06.08/07:10:22 solver.py:169 ] => Train  Loss: 8.1622e-03

I 06.08/07:10:23 solver.py:405 ] [20/32] loss: 9.3602e-03 | NMSE: -1.6780e+01 | time: 0.068
I 06.08/07:10:24 solver.py:413 ] => Test NMSE: -1.7829e+01

I 06.08/07:10:24 solver.py:345 ] => LoRA monitor [epoch=81] | trainable=2621440/2621440 | non_lora_trainable=0 | lora_l2=2.700823e+01 | lora_A_l2=1.038876e+01 | lora_B_l2=2.493027e+01 | component_l2=fc_decoder:2.700823e+01 | lora_abs_max=1.153558e-01 | delta_l2=2.561632e+01 | delta_rel=2.772887e+00 | train_loss=8.162246e-03 | test_loss=8.242290e-03 | nmse=-1.782922e+01
I 06.08/07:10:24 solver.py:224 ] 
=! Best NMSE: -1.7832e+01 (epoch=25)

I 06.08/07:10:25 solver.py:159 ] Epoch: [82/200][20/282] lr: 3.84e-04 | MSE loss: 6.4154e-03 | time: 0.072
I 06.08/07:10:27 solver.py:159 ] Epoch: [82/200][40/282] lr: 3.84e-04 | MSE loss: 7.5541e-03 | time: 0.075
I 06.08/07:10:28 solver.py:159 ] Epoch: [82/200][60/282] lr: 3.83e-04 | MSE loss: 7.7945e-03 | time: 0.074
I 06.08/07:10:30 solver.py:159 ] Epoch: [82/200][80/282] lr: 3.83e-04 | MSE loss: 8.3960e-03 | time: 0.074
I 06.08/07:10:31 solver.py:159 ] Epoch: [82/200][100/282] lr: 3.83e-04 | MSE loss: 8.2474e-03 | time: 0.074
I 06.08/07:10:33 solver.py:159 ] Epoch: [82/200][120/282] lr: 3.83e-04 | MSE loss: 8.4576e-03 | time: 0.073
I 06.08/07:10:34 solver.py:159 ] Epoch: [82/200][140/282] lr: 3.82e-04 | MSE loss: 8.4061e-03 | time: 0.072
I 06.08/07:10:35 solver.py:159 ] Epoch: [82/200][160/282] lr: 3.82e-04 | MSE loss: 8.3995e-03 | time: 0.071
I 06.08/07:10:37 solver.py:159 ] Epoch: [82/200][180/282] lr: 3.82e-04 | MSE loss: 8.5278e-03 | time: 0.071
I 06.08/07:10:38 solver.py:159 ] Epoch: [82/200][200/282] lr: 3.82e-04 | MSE loss: 8.4225e-03 | time: 0.071
I 06.08/07:10:39 solver.py:159 ] Epoch: [82/200][220/282] lr: 3.81e-04 | MSE loss: 8.3889e-03 | time: 0.071
I 06.08/07:10:41 solver.py:159 ] Epoch: [82/200][240/282] lr: 3.81e-04 | MSE loss: 8.2713e-03 | time: 0.070
I 06.08/07:10:42 solver.py:159 ] Epoch: [82/200][260/282] lr: 3.81e-04 | MSE loss: 8.3352e-03 | time: 0.071
I 06.08/07:10:44 solver.py:159 ] Epoch: [82/200][280/282] lr: 3.81e-04 | MSE loss: 8.1331e-03 | time: 0.071
I 06.08/07:10:44 solver.py:169 ] => Train  Loss: 8.1513e-03

I 06.08/07:10:46 solver.py:405 ] [20/32] loss: 9.3615e-03 | NMSE: -1.6778e+01 | time: 0.071
I 06.08/07:10:46 solver.py:413 ] => Test NMSE: -1.7829e+01

I 06.08/07:10:46 solver.py:345 ] => LoRA monitor [epoch=82] | trainable=2621440/2621440 | non_lora_trainable=0 | lora_l2=2.684931e+01 | lora_A_l2=1.036235e+01 | lora_B_l2=2.476908e+01 | component_l2=fc_decoder:2.684931e+01 | lora_abs_max=1.142213e-01 | delta_l2=2.545121e+01 | delta_rel=2.755014e+00 | train_loss=8.151302e-03 | test_loss=8.242860e-03 | nmse=-1.782892e+01
I 06.08/07:10:46 solver.py:224 ] 
=! Best NMSE: -1.7832e+01 (epoch=25)

I 06.08/07:10:48 solver.py:159 ] Epoch: [83/200][20/282] lr: 3.80e-04 | MSE loss: 8.0091e-03 | time: 0.071
I 06.08/07:10:49 solver.py:159 ] Epoch: [83/200][40/282] lr: 3.80e-04 | MSE loss: 9.1943e-03 | time: 0.069
I 06.08/07:10:50 solver.py:159 ] Epoch: [83/200][60/282] lr: 3.80e-04 | MSE loss: 9.1786e-03 | time: 0.069
I 06.08/07:10:52 solver.py:159 ] Epoch: [83/200][80/282] lr: 3.80e-04 | MSE loss: 8.9278e-03 | time: 0.070
I 06.08/07:10:53 solver.py:159 ] Epoch: [83/200][100/282] lr: 3.79e-04 | MSE loss: 8.7186e-03 | time: 0.071
I 06.08/07:10:55 solver.py:159 ] Epoch: [83/200][120/282] lr: 3.79e-04 | MSE loss: 8.4373e-03 | time: 0.070
I 06.08/07:10:56 solver.py:159 ] Epoch: [83/200][140/282] lr: 3.79e-04 | MSE loss: 8.0130e-03 | time: 0.070
I 06.08/07:10:57 solver.py:159 ] Epoch: [83/200][160/282] lr: 3.79e-04 | MSE loss: 8.0174e-03 | time: 0.070
I 06.08/07:10:59 solver.py:159 ] Epoch: [83/200][180/282] lr: 3.78e-04 | MSE loss: 7.9249e-03 | time: 0.070
I 06.08/07:11:00 solver.py:159 ] Epoch: [83/200][200/282] lr: 3.78e-04 | MSE loss: 7.9702e-03 | time: 0.070
I 06.08/07:11:03 solver.py:159 ] Epoch: [83/200][220/282] lr: 3.78e-04 | MSE loss: 8.0345e-03 | time: 0.076
I 06.08/07:11:05 solver.py:159 ] Epoch: [83/200][240/282] lr: 3.78e-04 | MSE loss: 7.9649e-03 | time: 0.079
I 06.08/07:11:07 solver.py:159 ] Epoch: [83/200][260/282] lr: 3.77e-04 | MSE loss: 7.9926e-03 | time: 0.079
I 06.08/07:11:08 solver.py:159 ] Epoch: [83/200][280/282] lr: 3.77e-04 | MSE loss: 8.1624e-03 | time: 0.078
I 06.08/07:11:08 solver.py:169 ] => Train  Loss: 8.1916e-03

I 06.08/07:11:10 solver.py:405 ] [20/32] loss: 9.3586e-03 | NMSE: -1.6780e+01 | time: 0.063
I 06.08/07:11:10 solver.py:413 ] => Test NMSE: -1.7830e+01

I 06.08/07:11:10 solver.py:345 ] => LoRA monitor [epoch=83] | trainable=2621440/2621440 | non_lora_trainable=0 | lora_l2=2.672327e+01 | lora_A_l2=1.034472e+01 | lora_B_l2=2.463981e+01 | component_l2=fc_decoder:2.672327e+01 | lora_abs_max=1.141860e-01 | delta_l2=2.531818e+01 | delta_rel=2.740613e+00 | train_loss=8.191619e-03 | test_loss=8.240413e-03 | nmse=-1.783021e+01
I 06.08/07:11:10 solver.py:224 ] 
=! Best NMSE: -1.7832e+01 (epoch=25)

I 06.08/07:11:12 solver.py:159 ] Epoch: [84/200][20/282] lr: 3.77e-04 | MSE loss: 6.5612e-03 | time: 0.083
I 06.08/07:11:13 solver.py:159 ] Epoch: [84/200][40/282] lr: 3.77e-04 | MSE loss: 7.9665e-03 | time: 0.077
I 06.08/07:11:15 solver.py:159 ] Epoch: [84/200][60/282] lr: 3.76e-04 | MSE loss: 7.4343e-03 | time: 0.074
I 06.08/07:11:16 solver.py:159 ] Epoch: [84/200][80/282] lr: 3.76e-04 | MSE loss: 8.0038e-03 | time: 0.074
I 06.08/07:11:18 solver.py:159 ] Epoch: [84/200][100/282] lr: 3.76e-04 | MSE loss: 8.4685e-03 | time: 0.073
I 06.08/07:11:19 solver.py:159 ] Epoch: [84/200][120/282] lr: 3.76e-04 | MSE loss: 8.6930e-03 | time: 0.072
I 06.08/07:11:20 solver.py:159 ] Epoch: [84/200][140/282] lr: 3.75e-04 | MSE loss: 8.4585e-03 | time: 0.071
I 06.08/07:11:22 solver.py:159 ] Epoch: [84/200][160/282] lr: 3.75e-04 | MSE loss: 8.2979e-03 | time: 0.072
I 06.08/07:11:23 solver.py:159 ] Epoch: [84/200][180/282] lr: 3.75e-04 | MSE loss: 8.0211e-03 | time: 0.071
I 06.08/07:11:25 solver.py:159 ] Epoch: [84/200][200/282] lr: 3.75e-04 | MSE loss: 7.8986e-03 | time: 0.071
I 06.08/07:11:26 solver.py:159 ] Epoch: [84/200][220/282] lr: 3.74e-04 | MSE loss: 8.1871e-03 | time: 0.071
I 06.08/07:11:27 solver.py:159 ] Epoch: [84/200][240/282] lr: 3.74e-04 | MSE loss: 8.1058e-03 | time: 0.071
I 06.08/07:11:29 solver.py:159 ] Epoch: [84/200][260/282] lr: 3.74e-04 | MSE loss: 8.1260e-03 | time: 0.070
I 06.08/07:11:30 solver.py:159 ] Epoch: [84/200][280/282] lr: 3.74e-04 | MSE loss: 8.1705e-03 | time: 0.071
I 06.08/07:11:30 solver.py:169 ] => Train  Loss: 8.1360e-03

I 06.08/07:11:32 solver.py:405 ] [20/32] loss: 9.3573e-03 | NMSE: -1.6781e+01 | time: 0.056
I 06.08/07:11:32 solver.py:413 ] => Test NMSE: -1.7831e+01

I 06.08/07:11:32 solver.py:345 ] => LoRA monitor [epoch=84] | trainable=2621440/2621440 | non_lora_trainable=0 | lora_l2=2.661720e+01 | lora_A_l2=1.033242e+01 | lora_B_l2=2.452990e+01 | component_l2=fc_decoder:2.661720e+01 | lora_abs_max=1.129921e-01 | delta_l2=2.520809e+01 | delta_rel=2.728697e+00 | train_loss=8.136001e-03 | test_loss=8.239244e-03 | nmse=-1.783083e+01
I 06.08/07:11:32 solver.py:224 ] 
=! Best NMSE: -1.7832e+01 (epoch=25)

I 06.08/07:11:34 solver.py:159 ] Epoch: [85/200][20/282] lr: 3.73e-04 | MSE loss: 7.4422e-03 | time: 0.071
I 06.08/07:11:35 solver.py:159 ] Epoch: [85/200][40/282] lr: 3.73e-04 | MSE loss: 7.6492e-03 | time: 0.074
I 06.08/07:11:37 solver.py:159 ] Epoch: [85/200][60/282] lr: 3.73e-04 | MSE loss: 7.8472e-03 | time: 0.076
I 06.08/07:11:38 solver.py:159 ] Epoch: [85/200][80/282] lr: 3.73e-04 | MSE loss: 7.9287e-03 | time: 0.074
I 06.08/07:11:40 solver.py:159 ] Epoch: [85/200][100/282] lr: 3.72e-04 | MSE loss: 7.7479e-03 | time: 0.073
I 06.08/07:11:41 solver.py:159 ] Epoch: [85/200][120/282] lr: 3.72e-04 | MSE loss: 8.2090e-03 | time: 0.071
I 06.08/07:11:42 solver.py:159 ] Epoch: [85/200][140/282] lr: 3.72e-04 | MSE loss: 8.1256e-03 | time: 0.071
I 06.08/07:11:44 solver.py:159 ] Epoch: [85/200][160/282] lr: 3.72e-04 | MSE loss: 8.1387e-03 | time: 0.071
I 06.08/07:11:45 solver.py:159 ] Epoch: [85/200][180/282] lr: 3.71e-04 | MSE loss: 8.1582e-03 | time: 0.071
I 06.08/07:11:47 solver.py:159 ] Epoch: [85/200][200/282] lr: 3.71e-04 | MSE loss: 8.3187e-03 | time: 0.072
I 06.08/07:11:48 solver.py:159 ] Epoch: [85/200][220/282] lr: 3.71e-04 | MSE loss: 8.1935e-03 | time: 0.072
I 06.08/07:11:50 solver.py:159 ] Epoch: [85/200][240/282] lr: 3.71e-04 | MSE loss: 8.0135e-03 | time: 0.072
I 06.08/07:11:51 solver.py:159 ] Epoch: [85/200][260/282] lr: 3.70e-04 | MSE loss: 8.1708e-03 | time: 0.072
I 06.08/07:11:52 solver.py:159 ] Epoch: [85/200][280/282] lr: 3.70e-04 | MSE loss: 8.1599e-03 | time: 0.071
I 06.08/07:11:52 solver.py:169 ] => Train  Loss: 8.2122e-03

I 06.08/07:11:54 solver.py:405 ] [20/32] loss: 9.3589e-03 | NMSE: -1.6780e+01 | time: 0.069
I 06.08/07:11:55 solver.py:413 ] => Test NMSE: -1.7830e+01

I 06.08/07:11:55 solver.py:345 ] => LoRA monitor [epoch=85] | trainable=2621440/2621440 | non_lora_trainable=0 | lora_l2=2.653370e+01 | lora_A_l2=1.033035e+01 | lora_B_l2=2.444015e+01 | component_l2=fc_decoder:2.653370e+01 | lora_abs_max=1.131046e-01 | delta_l2=2.511907e+01 | delta_rel=2.719060e+00 | train_loss=8.212227e-03 | test_loss=8.240486e-03 | nmse=-1.783017e+01
I 06.08/07:11:55 solver.py:224 ] 
=! Best NMSE: -1.7832e+01 (epoch=25)

I 06.08/07:11:56 solver.py:159 ] Epoch: [86/200][20/282] lr: 3.70e-04 | MSE loss: 8.1743e-03 | time: 0.074
I 06.08/07:11:57 solver.py:159 ] Epoch: [86/200][40/282] lr: 3.70e-04 | MSE loss: 9.0496e-03 | time: 0.070
I 06.08/07:11:59 solver.py:159 ] Epoch: [86/200][60/282] lr: 3.69e-04 | MSE loss: 8.2590e-03 | time: 0.069
I 06.08/07:12:00 solver.py:159 ] Epoch: [86/200][80/282] lr: 3.69e-04 | MSE loss: 8.0891e-03 | time: 0.071
I 06.08/07:12:03 solver.py:159 ] Epoch: [86/200][100/282] lr: 3.69e-04 | MSE loss: 7.9433e-03 | time: 0.084
I 06.08/07:12:05 solver.py:159 ] Epoch: [86/200][120/282] lr: 3.69e-04 | MSE loss: 7.8310e-03 | time: 0.089
I 06.08/07:12:07 solver.py:159 ] Epoch: [86/200][140/282] lr: 3.68e-04 | MSE loss: 7.7896e-03 | time: 0.087
I 06.08/07:12:08 solver.py:159 ] Epoch: [86/200][160/282] lr: 3.68e-04 | MSE loss: 7.7531e-03 | time: 0.085
I 06.08/07:12:10 solver.py:159 ] Epoch: [86/200][180/282] lr: 3.68e-04 | MSE loss: 7.7455e-03 | time: 0.084
I 06.08/07:12:11 solver.py:159 ] Epoch: [86/200][200/282] lr: 3.68e-04 | MSE loss: 7.8618e-03 | time: 0.085
I 06.08/07:12:13 solver.py:159 ] Epoch: [86/200][220/282] lr: 3.67e-04 | MSE loss: 8.0581e-03 | time: 0.084
I 06.08/07:12:14 solver.py:159 ] Epoch: [86/200][240/282] lr: 3.67e-04 | MSE loss: 7.9848e-03 | time: 0.082
I 06.08/07:12:16 solver.py:159 ] Epoch: [86/200][260/282] lr: 3.67e-04 | MSE loss: 8.1784e-03 | time: 0.082
I 06.08/07:12:17 solver.py:159 ] Epoch: [86/200][280/282] lr: 3.67e-04 | MSE loss: 8.1361e-03 | time: 0.082
I 06.08/07:12:17 solver.py:169 ] => Train  Loss: 8.1565e-03

I 06.08/07:12:19 solver.py:405 ] [20/32] loss: 9.3589e-03 | NMSE: -1.6780e+01 | time: 0.066
I 06.08/07:12:20 solver.py:413 ] => Test NMSE: -1.7830e+01

I 06.08/07:12:20 solver.py:345 ] => LoRA monitor [epoch=86] | trainable=2621440/2621440 | non_lora_trainable=0 | lora_l2=2.641663e+01 | lora_A_l2=1.033050e+01 | lora_B_l2=2.431295e+01 | component_l2=fc_decoder:2.641663e+01 | lora_abs_max=1.131318e-01 | delta_l2=2.499532e+01 | delta_rel=2.705665e+00 | train_loss=8.156450e-03 | test_loss=8.240554e-03 | nmse=-1.783014e+01
I 06.08/07:12:20 solver.py:224 ] 
=! Best NMSE: -1.7832e+01 (epoch=25)

I 06.08/07:12:21 solver.py:159 ] Epoch: [87/200][20/282] lr: 3.66e-04 | MSE loss: 7.4722e-03 | time: 0.076
I 06.08/07:12:23 solver.py:159 ] Epoch: [87/200][40/282] lr: 3.66e-04 | MSE loss: 7.8791e-03 | time: 0.071
I 06.08/07:12:24 solver.py:159 ] Epoch: [87/200][60/282] lr: 3.66e-04 | MSE loss: 7.6235e-03 | time: 0.072
I 06.08/07:12:25 solver.py:159 ] Epoch: [87/200][80/282] lr: 3.65e-04 | MSE loss: 7.1815e-03 | time: 0.070
I 06.08/07:12:27 solver.py:159 ] Epoch: [87/200][100/282] lr: 3.65e-04 | MSE loss: 7.4339e-03 | time: 0.071
I 06.08/07:12:28 solver.py:159 ] Epoch: [87/200][120/282] lr: 3.65e-04 | MSE loss: 7.3159e-03 | time: 0.070
I 06.08/07:12:29 solver.py:159 ] Epoch: [87/200][140/282] lr: 3.65e-04 | MSE loss: 7.8377e-03 | time: 0.070
I 06.08/07:12:31 solver.py:159 ] Epoch: [87/200][160/282] lr: 3.64e-04 | MSE loss: 7.7062e-03 | time: 0.071
I 06.08/07:12:33 solver.py:159 ] Epoch: [87/200][180/282] lr: 3.64e-04 | MSE loss: 7.5735e-03 | time: 0.072
I 06.08/07:12:34 solver.py:159 ] Epoch: [87/200][200/282] lr: 3.64e-04 | MSE loss: 7.6672e-03 | time: 0.071
I 06.08/07:12:36 solver.py:159 ] Epoch: [87/200][220/282] lr: 3.64e-04 | MSE loss: 7.7882e-03 | time: 0.072
I 06.08/07:12:37 solver.py:159 ] Epoch: [87/200][240/282] lr: 3.63e-04 | MSE loss: 7.8153e-03 | time: 0.072
I 06.08/07:12:38 solver.py:159 ] Epoch: [87/200][260/282] lr: 3.63e-04 | MSE loss: 7.9921e-03 | time: 0.072
I 06.08/07:12:40 solver.py:159 ] Epoch: [87/200][280/282] lr: 3.63e-04 | MSE loss: 8.1540e-03 | time: 0.073
I 06.08/07:12:40 solver.py:169 ] => Train  Loss: 8.1373e-03

I 06.08/07:12:42 solver.py:405 ] [20/32] loss: 9.3619e-03 | NMSE: -1.6779e+01 | time: 0.072
I 06.08/07:12:43 solver.py:413 ] => Test NMSE: -1.7829e+01

I 06.08/07:12:43 solver.py:345 ] => LoRA monitor [epoch=87] | trainable=2621440/2621440 | non_lora_trainable=0 | lora_l2=2.627773e+01 | lora_A_l2=1.033132e+01 | lora_B_l2=2.416160e+01 | component_l2=fc_decoder:2.627773e+01 | lora_abs_max=1.151543e-01 | delta_l2=2.485158e+01 | delta_rel=2.690105e+00 | train_loss=8.137311e-03 | test_loss=8.242683e-03 | nmse=-1.782902e+01
I 06.08/07:12:43 solver.py:224 ] 
=! Best NMSE: -1.7832e+01 (epoch=25)

I 06.08/07:12:44 solver.py:159 ] Epoch: [88/200][20/282] lr: 3.63e-04 | MSE loss: 7.3387e-03 | time: 0.084
I 06.08/07:12:46 solver.py:159 ] Epoch: [88/200][40/282] lr: 3.62e-04 | MSE loss: 8.0503e-03 | time: 0.080
I 06.08/07:12:47 solver.py:159 ] Epoch: [88/200][60/282] lr: 3.62e-04 | MSE loss: 9.5314e-03 | time: 0.077
I 06.08/07:12:48 solver.py:159 ] Epoch: [88/200][80/282] lr: 3.62e-04 | MSE loss: 9.0899e-03 | time: 0.074
I 06.08/07:12:50 solver.py:159 ] Epoch: [88/200][100/282] lr: 3.62e-04 | MSE loss: 9.2399e-03 | time: 0.072
I 06.08/07:12:51 solver.py:159 ] Epoch: [88/200][120/282] lr: 3.61e-04 | MSE loss: 8.7628e-03 | time: 0.073
I 06.08/07:12:53 solver.py:159 ] Epoch: [88/200][140/282] lr: 3.61e-04 | MSE loss: 8.9778e-03 | time: 0.073
I 06.08/07:12:54 solver.py:159 ] Epoch: [88/200][160/282] lr: 3.61e-04 | MSE loss: 8.7246e-03 | time: 0.072
I 06.08/07:12:55 solver.py:159 ] Epoch: [88/200][180/282] lr: 3.61e-04 | MSE loss: 8.6003e-03 | time: 0.071
I 06.08/07:12:57 solver.py:159 ] Epoch: [88/200][200/282] lr: 3.60e-04 | MSE loss: 8.3757e-03 | time: 0.071
I 06.08/07:12:58 solver.py:159 ] Epoch: [88/200][220/282] lr: 3.60e-04 | MSE loss: 8.1990e-03 | time: 0.070
I 06.08/07:12:59 solver.py:159 ] Epoch: [88/200][240/282] lr: 3.60e-04 | MSE loss: 8.3257e-03 | time: 0.070
I 06.08/07:13:02 solver.py:159 ] Epoch: [88/200][260/282] lr: 3.60e-04 | MSE loss: 8.2011e-03 | time: 0.074
I 06.08/07:13:05 solver.py:159 ] Epoch: [88/200][280/282] lr: 3.59e-04 | MSE loss: 8.1446e-03 | time: 0.079
I 06.08/07:13:05 solver.py:169 ] => Train  Loss: 8.1400e-03

I 06.08/07:13:06 solver.py:405 ] [20/32] loss: 9.3616e-03 | NMSE: -1.6778e+01 | time: 0.074
I 06.08/07:13:07 solver.py:413 ] => Test NMSE: -1.7829e+01

I 06.08/07:13:07 solver.py:345 ] => LoRA monitor [epoch=88] | trainable=2621440/2621440 | non_lora_trainable=0 | lora_l2=2.610999e+01 | lora_A_l2=1.032822e+01 | lora_B_l2=2.398039e+01 | component_l2=fc_decoder:2.610999e+01 | lora_abs_max=1.134749e-01 | delta_l2=2.467469e+01 | delta_rel=2.670957e+00 | train_loss=8.140018e-03 | test_loss=8.241959e-03 | nmse=-1.782940e+01
I 06.08/07:13:07 solver.py:224 ] 
=! Best NMSE: -1.7832e+01 (epoch=25)

I 06.08/07:13:08 solver.py:159 ] Epoch: [89/200][20/282] lr: 3.59e-04 | MSE loss: 5.1934e-03 | time: 0.065
I 06.08/07:13:10 solver.py:159 ] Epoch: [89/200][40/282] lr: 3.59e-04 | MSE loss: 6.2087e-03 | time: 0.066
I 06.08/07:13:11 solver.py:159 ] Epoch: [89/200][60/282] lr: 3.59e-04 | MSE loss: 6.1496e-03 | time: 0.065
I 06.08/07:13:12 solver.py:159 ] Epoch: [89/200][80/282] lr: 3.58e-04 | MSE loss: 6.5239e-03 | time: 0.066
I 06.08/07:13:14 solver.py:159 ] Epoch: [89/200][100/282] lr: 3.58e-04 | MSE loss: 7.1441e-03 | time: 0.067
I 06.08/07:13:16 solver.py:159 ] Epoch: [89/200][120/282] lr: 3.58e-04 | MSE loss: 7.4498e-03 | time: 0.069
I 06.08/07:13:17 solver.py:159 ] Epoch: [89/200][140/282] lr: 3.57e-04 | MSE loss: 7.6006e-03 | time: 0.069
I 06.08/07:13:18 solver.py:159 ] Epoch: [89/200][160/282] lr: 3.57e-04 | MSE loss: 7.6160e-03 | time: 0.069
I 06.08/07:13:20 solver.py:159 ] Epoch: [89/200][180/282] lr: 3.57e-04 | MSE loss: 7.5705e-03 | time: 0.069
I 06.08/07:13:21 solver.py:159 ] Epoch: [89/200][200/282] lr: 3.57e-04 | MSE loss: 7.6818e-03 | time: 0.069
I 06.08/07:13:22 solver.py:159 ] Epoch: [89/200][220/282] lr: 3.56e-04 | MSE loss: 7.7950e-03 | time: 0.069
I 06.08/07:13:24 solver.py:159 ] Epoch: [89/200][240/282] lr: 3.56e-04 | MSE loss: 8.0786e-03 | time: 0.069
I 06.08/07:13:25 solver.py:159 ] Epoch: [89/200][260/282] lr: 3.56e-04 | MSE loss: 8.0434e-03 | time: 0.069
I 06.08/07:13:26 solver.py:159 ] Epoch: [89/200][280/282] lr: 3.56e-04 | MSE loss: 8.1732e-03 | time: 0.069
I 06.08/07:13:27 solver.py:169 ] => Train  Loss: 8.1399e-03

I 06.08/07:13:28 solver.py:405 ] [20/32] loss: 9.3662e-03 | NMSE: -1.6777e+01 | time: 0.068
I 06.08/07:13:29 solver.py:413 ] => Test NMSE: -1.7827e+01

I 06.08/07:13:29 solver.py:345 ] => LoRA monitor [epoch=89] | trainable=2621440/2621440 | non_lora_trainable=0 | lora_l2=2.598548e+01 | lora_A_l2=1.032912e+01 | lora_B_l2=2.384438e+01 | component_l2=fc_decoder:2.598548e+01 | lora_abs_max=1.141645e-01 | delta_l2=2.454519e+01 | delta_rel=2.656940e+00 | train_loss=8.139904e-03 | test_loss=8.246269e-03 | nmse=-1.782713e+01
I 06.08/07:13:29 solver.py:224 ] 
=! Best NMSE: -1.7832e+01 (epoch=25)

I 06.08/07:13:30 solver.py:159 ] Epoch: [90/200][20/282] lr: 3.55e-04 | MSE loss: 8.2893e-03 | time: 0.072
I 06.08/07:13:32 solver.py:159 ] Epoch: [90/200][40/282] lr: 3.55e-04 | MSE loss: 7.6523e-03 | time: 0.073
I 06.08/07:13:33 solver.py:159 ] Epoch: [90/200][60/282] lr: 3.55e-04 | MSE loss: 7.5899e-03 | time: 0.073
I 06.08/07:13:34 solver.py:159 ] Epoch: [90/200][80/282] lr: 3.55e-04 | MSE loss: 7.4875e-03 | time: 0.072
I 06.08/07:13:36 solver.py:159 ] Epoch: [90/200][100/282] lr: 3.54e-04 | MSE loss: 7.8252e-03 | time: 0.072
I 06.08/07:13:37 solver.py:159 ] Epoch: [90/200][120/282] lr: 3.54e-04 | MSE loss: 8.1303e-03 | time: 0.072
I 06.08/07:13:39 solver.py:159 ] Epoch: [90/200][140/282] lr: 3.54e-04 | MSE loss: 8.1506e-03 | time: 0.070
I 06.08/07:13:40 solver.py:159 ] Epoch: [90/200][160/282] lr: 3.54e-04 | MSE loss: 8.1455e-03 | time: 0.070
I 06.08/07:13:41 solver.py:159 ] Epoch: [90/200][180/282] lr: 3.53e-04 | MSE loss: 8.3003e-03 | time: 0.070
I 06.08/07:13:43 solver.py:159 ] Epoch: [90/200][200/282] lr: 3.53e-04 | MSE loss: 8.3909e-03 | time: 0.070
I 06.08/07:13:44 solver.py:159 ] Epoch: [90/200][220/282] lr: 3.53e-04 | MSE loss: 8.3767e-03 | time: 0.070
I 06.08/07:13:45 solver.py:159 ] Epoch: [90/200][240/282] lr: 3.53e-04 | MSE loss: 8.3450e-03 | time: 0.070
I 06.08/07:13:47 solver.py:159 ] Epoch: [90/200][260/282] lr: 3.52e-04 | MSE loss: 8.5366e-03 | time: 0.070
I 06.08/07:13:48 solver.py:159 ] Epoch: [90/200][280/282] lr: 3.52e-04 | MSE loss: 9.1720e-03 | time: 0.070
I 06.08/07:13:48 solver.py:169 ] => Train  Loss: 9.1801e-03

I 06.08/07:13:50 solver.py:159 ] Epoch: [90/200][20/32] lr: 3.52e-04 | MSE loss: 2.2532e-02 | time: 0.067
I 06.08/07:13:51 solver.py:169 ] => Val  Loss: 2.3116e-02

I 06.08/07:13:52 solver.py:405 ] [20/32] loss: 2.2532e-02 | NMSE: -1.3404e+01 | time: 0.067
I 06.08/07:13:53 solver.py:413 ] => Test NMSE: -1.3255e+01

I 06.08/07:13:53 solver.py:345 ] => LoRA monitor [epoch=90] | trainable=2621440/2621440 | non_lora_trainable=0 | lora_l2=3.007616e+01 | lora_A_l2=1.248756e+01 | lora_B_l2=2.736122e+01 | component_l2=fc_decoder:3.007616e+01 | lora_abs_max=1.230972e-01 | delta_l2=2.884712e+01 | delta_rel=3.122610e+00 | train_loss=9.180083e-03 | val_loss=2.311628e-02 | test_loss=2.362827e-02 | nmse=-1.325538e+01
I 06.08/07:13:53 solver.py:224 ] 
=! Best NMSE: -1.7832e+01 (epoch=25)

I 06.08/07:13:54 solver.py:159 ] Epoch: [91/200][20/282] lr: 3.52e-04 | MSE loss: 2.7681e-02 | time: 0.075
I 06.08/07:13:56 solver.py:159 ] Epoch: [91/200][40/282] lr: 3.51e-04 | MSE loss: 2.1804e-02 | time: 0.075
I 06.08/07:13:57 solver.py:159 ] Epoch: [91/200][60/282] lr: 3.51e-04 | MSE loss: 1.9218e-02 | time: 0.072
I 06.08/07:13:59 solver.py:159 ] Epoch: [91/200][80/282] lr: 3.51e-04 | MSE loss: 1.7295e-02 | time: 0.071
I 06.08/07:14:00 solver.py:159 ] Epoch: [91/200][100/282] lr: 3.51e-04 | MSE loss: 1.6039e-02 | time: 0.072
I 06.08/07:14:03 solver.py:159 ] Epoch: [91/200][120/282] lr: 3.50e-04 | MSE loss: 1.4891e-02 | time: 0.081
I 06.08/07:14:05 solver.py:159 ] Epoch: [91/200][140/282] lr: 3.50e-04 | MSE loss: 1.4471e-02 | time: 0.087
I 06.08/07:14:06 solver.py:159 ] Epoch: [91/200][160/282] lr: 3.50e-04 | MSE loss: 1.3653e-02 | time: 0.084
I 06.08/07:14:08 solver.py:159 ] Epoch: [91/200][180/282] lr: 3.50e-04 | MSE loss: 1.3185e-02 | time: 0.083
I 06.08/07:14:09 solver.py:159 ] Epoch: [91/200][200/282] lr: 3.49e-04 | MSE loss: 1.3088e-02 | time: 0.082
I 06.08/07:14:10 solver.py:159 ] Epoch: [91/200][220/282] lr: 3.49e-04 | MSE loss: 1.2551e-02 | time: 0.080
I 06.08/07:14:12 solver.py:159 ] Epoch: [91/200][240/282] lr: 3.49e-04 | MSE loss: 1.2068e-02 | time: 0.079
I 06.08/07:14:13 solver.py:159 ] Epoch: [91/200][260/282] lr: 3.49e-04 | MSE loss: 1.1692e-02 | time: 0.078
I 06.08/07:14:14 solver.py:159 ] Epoch: [91/200][280/282] lr: 3.48e-04 | MSE loss: 1.1312e-02 | time: 0.077
I 06.08/07:14:15 solver.py:169 ] => Train  Loss: 1.1243e-02

I 06.08/07:14:16 solver.py:405 ] [20/32] loss: 9.5999e-03 | NMSE: -1.6677e+01 | time: 0.067
I 06.08/07:14:17 solver.py:413 ] => Test NMSE: -1.7715e+01

I 06.08/07:14:17 solver.py:345 ] => LoRA monitor [epoch=91] | trainable=2621440/2621440 | non_lora_trainable=0 | lora_l2=3.038204e+01 | lora_A_l2=1.140618e+01 | lora_B_l2=2.815967e+01 | component_l2=fc_decoder:3.038204e+01 | lora_abs_max=1.299962e-01 | delta_l2=2.917183e+01 | delta_rel=3.157759e+00 | train_loss=1.124314e-02 | test_loss=8.461789e-03 | nmse=-1.771508e+01
I 06.08/07:14:17 solver.py:224 ] 
=! Best NMSE: -1.7832e+01 (epoch=25)

I 06.08/07:14:18 solver.py:159 ] Epoch: [92/200][20/282] lr: 3.48e-04 | MSE loss: 6.8882e-03 | time: 0.068
I 06.08/07:14:20 solver.py:159 ] Epoch: [92/200][40/282] lr: 3.48e-04 | MSE loss: 7.5331e-03 | time: 0.069
I 06.08/07:14:21 solver.py:159 ] Epoch: [92/200][60/282] lr: 3.47e-04 | MSE loss: 8.3939e-03 | time: 0.069
I 06.08/07:14:22 solver.py:159 ] Epoch: [92/200][80/282] lr: 3.47e-04 | MSE loss: 8.5286e-03 | time: 0.070
I 06.08/07:14:24 solver.py:159 ] Epoch: [92/200][100/282] lr: 3.47e-04 | MSE loss: 8.9300e-03 | time: 0.073
I 06.08/07:14:26 solver.py:159 ] Epoch: [92/200][120/282] lr: 3.47e-04 | MSE loss: 8.6448e-03 | time: 0.073
I 06.08/07:14:27 solver.py:159 ] Epoch: [92/200][140/282] lr: 3.46e-04 | MSE loss: 8.7244e-03 | time: 0.072
I 06.08/07:14:28 solver.py:159 ] Epoch: [92/200][160/282] lr: 3.46e-04 | MSE loss: 8.4506e-03 | time: 0.071
I 06.08/07:14:29 solver.py:159 ] Epoch: [92/200][180/282] lr: 3.46e-04 | MSE loss: 8.5482e-03 | time: 0.070
I 06.08/07:14:31 solver.py:159 ] Epoch: [92/200][200/282] lr: 3.46e-04 | MSE loss: 8.3666e-03 | time: 0.070
I 06.08/07:14:32 solver.py:159 ] Epoch: [92/200][220/282] lr: 3.45e-04 | MSE loss: 8.3508e-03 | time: 0.070
I 06.08/07:14:33 solver.py:159 ] Epoch: [92/200][240/282] lr: 3.45e-04 | MSE loss: 8.5208e-03 | time: 0.070
I 06.08/07:14:35 solver.py:159 ] Epoch: [92/200][260/282] lr: 3.45e-04 | MSE loss: 8.3541e-03 | time: 0.070
I 06.08/07:14:36 solver.py:159 ] Epoch: [92/200][280/282] lr: 3.45e-04 | MSE loss: 8.2815e-03 | time: 0.070
I 06.08/07:14:36 solver.py:169 ] => Train  Loss: 8.3437e-03

I 06.08/07:14:38 solver.py:405 ] [20/32] loss: 9.4519e-03 | NMSE: -1.6742e+01 | time: 0.067
I 06.08/07:14:39 solver.py:413 ] => Test NMSE: -1.7783e+01

I 06.08/07:14:39 solver.py:345 ] => LoRA monitor [epoch=92] | trainable=2621440/2621440 | non_lora_trainable=0 | lora_l2=3.008247e+01 | lora_A_l2=1.123102e+01 | lora_B_l2=2.790733e+01 | component_l2=fc_decoder:3.008247e+01 | lora_abs_max=1.285985e-01 | delta_l2=2.886301e+01 | delta_rel=3.124331e+00 | train_loss=8.343665e-03 | test_loss=8.330051e-03 | nmse=-1.778322e+01
I 06.08/07:14:39 solver.py:224 ] 
=! Best NMSE: -1.7832e+01 (epoch=25)

I 06.08/07:14:40 solver.py:159 ] Epoch: [93/200][20/282] lr: 3.44e-04 | MSE loss: 6.9501e-03 | time: 0.073
I 06.08/07:14:41 solver.py:159 ] Epoch: [93/200][40/282] lr: 3.44e-04 | MSE loss: 6.9988e-03 | time: 0.069
I 06.08/07:14:43 solver.py:159 ] Epoch: [93/200][60/282] lr: 3.44e-04 | MSE loss: 7.9147e-03 | time: 0.070
I 06.08/07:14:44 solver.py:159 ] Epoch: [93/200][80/282] lr: 3.43e-04 | MSE loss: 7.4001e-03 | time: 0.071
I 06.08/07:14:46 solver.py:159 ] Epoch: [93/200][100/282] lr: 3.43e-04 | MSE loss: 7.5605e-03 | time: 0.071
I 06.08/07:14:47 solver.py:159 ] Epoch: [93/200][120/282] lr: 3.43e-04 | MSE loss: 7.3633e-03 | time: 0.072
I 06.08/07:14:49 solver.py:159 ] Epoch: [93/200][140/282] lr: 3.43e-04 | MSE loss: 7.5415e-03 | time: 0.072
I 06.08/07:14:50 solver.py:159 ] Epoch: [93/200][160/282] lr: 3.42e-04 | MSE loss: 7.8139e-03 | time: 0.072
I 06.08/07:14:51 solver.py:159 ] Epoch: [93/200][180/282] lr: 3.42e-04 | MSE loss: 7.7276e-03 | time: 0.072
I 06.08/07:14:53 solver.py:159 ] Epoch: [93/200][200/282] lr: 3.42e-04 | MSE loss: 7.9795e-03 | time: 0.071
I 06.08/07:14:54 solver.py:159 ] Epoch: [93/200][220/282] lr: 3.42e-04 | MSE loss: 8.0859e-03 | time: 0.072
I 06.08/07:14:56 solver.py:159 ] Epoch: [93/200][240/282] lr: 3.41e-04 | MSE loss: 8.0785e-03 | time: 0.072
I 06.08/07:14:57 solver.py:159 ] Epoch: [93/200][260/282] lr: 3.41e-04 | MSE loss: 8.1242e-03 | time: 0.072
I 06.08/07:14:59 solver.py:159 ] Epoch: [93/200][280/282] lr: 3.41e-04 | MSE loss: 8.2157e-03 | time: 0.072
I 06.08/07:14:59 solver.py:169 ] => Train  Loss: 8.1955e-03

I 06.08/07:15:01 solver.py:405 ] [20/32] loss: 9.4167e-03 | NMSE: -1.6756e+01 | time: 0.076
I 06.08/07:15:02 solver.py:413 ] => Test NMSE: -1.7802e+01

I 06.08/07:15:02 solver.py:345 ] => LoRA monitor [epoch=93] | trainable=2621440/2621440 | non_lora_trainable=0 | lora_l2=2.992659e+01 | lora_A_l2=1.113904e+01 | lora_B_l2=2.777629e+01 | component_l2=fc_decoder:2.992659e+01 | lora_abs_max=1.279821e-01 | delta_l2=2.870231e+01 | delta_rel=3.106935e+00 | train_loss=8.195473e-03 | test_loss=8.294989e-03 | nmse=-1.780154e+01
I 06.08/07:15:02 solver.py:224 ] 
=! Best NMSE: -1.7832e+01 (epoch=25)

I 06.08/07:15:05 solver.py:159 ] Epoch: [94/200][20/282] lr: 3.41e-04 | MSE loss: 8.0721e-03 | time: 0.138
I 06.08/07:15:06 solver.py:159 ] Epoch: [94/200][40/282] lr: 3.40e-04 | MSE loss: 6.9103e-03 | time: 0.107
I 06.08/07:15:08 solver.py:159 ] Epoch: [94/200][60/282] lr: 3.40e-04 | MSE loss: 7.2763e-03 | time: 0.095
I 06.08/07:15:09 solver.py:159 ] Epoch: [94/200][80/282] lr: 3.40e-04 | MSE loss: 7.1873e-03 | time: 0.087
I 06.08/07:15:10 solver.py:159 ] Epoch: [94/200][100/282] lr: 3.39e-04 | MSE loss: 7.5311e-03 | time: 0.084
I 06.08/07:15:12 solver.py:159 ] Epoch: [94/200][120/282] lr: 3.39e-04 | MSE loss: 7.7540e-03 | time: 0.082
I 06.08/07:15:13 solver.py:159 ] Epoch: [94/200][140/282] lr: 3.39e-04 | MSE loss: 7.7948e-03 | time: 0.081
I 06.08/07:15:14 solver.py:159 ] Epoch: [94/200][160/282] lr: 3.39e-04 | MSE loss: 7.9694e-03 | time: 0.079
I 06.08/07:15:16 solver.py:159 ] Epoch: [94/200][180/282] lr: 3.38e-04 | MSE loss: 7.9711e-03 | time: 0.077
I 06.08/07:15:17 solver.py:159 ] Epoch: [94/200][200/282] lr: 3.38e-04 | MSE loss: 8.0155e-03 | time: 0.076
I 06.08/07:15:18 solver.py:159 ] Epoch: [94/200][220/282] lr: 3.38e-04 | MSE loss: 8.0469e-03 | time: 0.075
I 06.08/07:15:20 solver.py:159 ] Epoch: [94/200][240/282] lr: 3.38e-04 | MSE loss: 8.1544e-03 | time: 0.075
I 06.08/07:15:21 solver.py:159 ] Epoch: [94/200][260/282] lr: 3.37e-04 | MSE loss: 8.1415e-03 | time: 0.075
I 06.08/07:15:23 solver.py:159 ] Epoch: [94/200][280/282] lr: 3.37e-04 | MSE loss: 8.1966e-03 | time: 0.074
I 06.08/07:15:23 solver.py:169 ] => Train  Loss: 8.2025e-03

I 06.08/07:15:24 solver.py:405 ] [20/32] loss: 9.3995e-03 | NMSE: -1.6763e+01 | time: 0.081
I 06.08/07:15:25 solver.py:413 ] => Test NMSE: -1.7810e+01

I 06.08/07:15:25 solver.py:345 ] => LoRA monitor [epoch=94] | trainable=2621440/2621440 | non_lora_trainable=0 | lora_l2=2.982138e+01 | lora_A_l2=1.107662e+01 | lora_B_l2=2.768796e+01 | component_l2=fc_decoder:2.982138e+01 | lora_abs_max=1.277464e-01 | delta_l2=2.859366e+01 | delta_rel=3.095174e+00 | train_loss=8.202472e-03 | test_loss=8.279213e-03 | nmse=-1.780981e+01
I 06.08/07:15:25 solver.py:224 ] 
=! Best NMSE: -1.7832e+01 (epoch=25)

I 06.08/07:15:27 solver.py:159 ] Epoch: [95/200][20/282] lr: 3.37e-04 | MSE loss: 8.4051e-03 | time: 0.070
I 06.08/07:15:28 solver.py:159 ] Epoch: [95/200][40/282] lr: 3.36e-04 | MSE loss: 7.4080e-03 | time: 0.070
I 06.08/07:15:30 solver.py:159 ] Epoch: [95/200][60/282] lr: 3.36e-04 | MSE loss: 7.4473e-03 | time: 0.071
I 06.08/07:15:31 solver.py:159 ] Epoch: [95/200][80/282] lr: 3.36e-04 | MSE loss: 7.2124e-03 | time: 0.072
I 06.08/07:15:32 solver.py:159 ] Epoch: [95/200][100/282] lr: 3.36e-04 | MSE loss: 7.5299e-03 | time: 0.071
I 06.08/07:15:34 solver.py:159 ] Epoch: [95/200][120/282] lr: 3.35e-04 | MSE loss: 8.2022e-03 | time: 0.071
I 06.08/07:15:35 solver.py:159 ] Epoch: [95/200][140/282] lr: 3.35e-04 | MSE loss: 8.0773e-03 | time: 0.070
I 06.08/07:15:37 solver.py:159 ] Epoch: [95/200][160/282] lr: 3.35e-04 | MSE loss: 7.8011e-03 | time: 0.070
I 06.08/07:15:38 solver.py:159 ] Epoch: [95/200][180/282] lr: 3.35e-04 | MSE loss: 7.7736e-03 | time: 0.070
I 06.08/07:15:39 solver.py:159 ] Epoch: [95/200][200/282] lr: 3.34e-04 | MSE loss: 7.9655e-03 | time: 0.070
I 06.08/07:15:41 solver.py:159 ] Epoch: [95/200][220/282] lr: 3.34e-04 | MSE loss: 7.9492e-03 | time: 0.070
I 06.08/07:15:42 solver.py:159 ] Epoch: [95/200][240/282] lr: 3.34e-04 | MSE loss: 8.0471e-03 | time: 0.070
I 06.08/07:15:43 solver.py:159 ] Epoch: [95/200][260/282] lr: 3.34e-04 | MSE loss: 8.1131e-03 | time: 0.069
I 06.08/07:15:45 solver.py:159 ] Epoch: [95/200][280/282] lr: 3.33e-04 | MSE loss: 8.1772e-03 | time: 0.069
I 06.08/07:15:45 solver.py:169 ] => Train  Loss: 8.1612e-03

I 06.08/07:15:46 solver.py:405 ] [20/32] loss: 9.3886e-03 | NMSE: -1.6768e+01 | time: 0.062
I 06.08/07:15:47 solver.py:413 ] => Test NMSE: -1.7815e+01

I 06.08/07:15:47 solver.py:345 ] => LoRA monitor [epoch=95] | trainable=2621440/2621440 | non_lora_trainable=0 | lora_l2=2.973849e+01 | lora_A_l2=1.102704e+01 | lora_B_l2=2.761851e+01 | component_l2=fc_decoder:2.973849e+01 | lora_abs_max=1.274239e-01 | delta_l2=2.850803e+01 | delta_rel=3.085905e+00 | train_loss=8.161159e-03 | test_loss=8.268870e-03 | nmse=-1.781524e+01
I 06.08/07:15:47 solver.py:224 ] 
=! Best NMSE: -1.7832e+01 (epoch=25)

I 06.08/07:15:48 solver.py:159 ] Epoch: [96/200][20/282] lr: 3.33e-04 | MSE loss: 7.5380e-03 | time: 0.069
I 06.08/07:15:50 solver.py:159 ] Epoch: [96/200][40/282] lr: 3.33e-04 | MSE loss: 8.0052e-03 | time: 0.075
I 06.08/07:15:52 solver.py:159 ] Epoch: [96/200][60/282] lr: 3.32e-04 | MSE loss: 7.5747e-03 | time: 0.078
I 06.08/07:15:53 solver.py:159 ] Epoch: [96/200][80/282] lr: 3.32e-04 | MSE loss: 7.5386e-03 | time: 0.075
I 06.08/07:15:54 solver.py:159 ] Epoch: [96/200][100/282] lr: 3.32e-04 | MSE loss: 7.8644e-03 | time: 0.073
I 06.08/07:15:56 solver.py:159 ] Epoch: [96/200][120/282] lr: 3.32e-04 | MSE loss: 7.9235e-03 | time: 0.073
I 06.08/07:15:57 solver.py:159 ] Epoch: [96/200][140/282] lr: 3.31e-04 | MSE loss: 7.8922e-03 | time: 0.072
I 06.08/07:15:58 solver.py:159 ] Epoch: [96/200][160/282] lr: 3.31e-04 | MSE loss: 8.0127e-03 | time: 0.072
I 06.08/07:16:00 solver.py:159 ] Epoch: [96/200][180/282] lr: 3.31e-04 | MSE loss: 7.8963e-03 | time: 0.073
I 06.08/07:16:02 solver.py:159 ] Epoch: [96/200][200/282] lr: 3.31e-04 | MSE loss: 7.9913e-03 | time: 0.077
I 06.08/07:16:05 solver.py:159 ] Epoch: [96/200][220/282] lr: 3.30e-04 | MSE loss: 7.9289e-03 | time: 0.082
I 06.08/07:16:06 solver.py:159 ] Epoch: [96/200][240/282] lr: 3.30e-04 | MSE loss: 7.9651e-03 | time: 0.082
I 06.08/07:16:08 solver.py:159 ] Epoch: [96/200][260/282] lr: 3.30e-04 | MSE loss: 8.0772e-03 | time: 0.080
I 06.08/07:16:09 solver.py:159 ] Epoch: [96/200][280/282] lr: 3.29e-04 | MSE loss: 8.1564e-03 | time: 0.080
I 06.08/07:16:09 solver.py:169 ] => Train  Loss: 8.1559e-03

I 06.08/07:16:11 solver.py:405 ] [20/32] loss: 9.3823e-03 | NMSE: -1.6770e+01 | time: 0.066
I 06.08/07:16:11 solver.py:413 ] => Test NMSE: -1.7818e+01

I 06.08/07:16:11 solver.py:345 ] => LoRA monitor [epoch=96] | trainable=2621440/2621440 | non_lora_trainable=0 | lora_l2=2.966896e+01 | lora_A_l2=1.098523e+01 | lora_B_l2=2.756033e+01 | component_l2=fc_decoder:2.966896e+01 | lora_abs_max=1.270911e-01 | delta_l2=2.843618e+01 | delta_rel=3.078127e+00 | train_loss=8.155903e-03 | test_loss=8.262715e-03 | nmse=-1.781847e+01
I 06.08/07:16:11 solver.py:224 ] 
=! Best NMSE: -1.7832e+01 (epoch=25)

I 06.08/07:16:13 solver.py:159 ] Epoch: [97/200][20/282] lr: 3.29e-04 | MSE loss: 7.3513e-03 | time: 0.070
I 06.08/07:16:14 solver.py:159 ] Epoch: [97/200][40/282] lr: 3.29e-04 | MSE loss: 7.6008e-03 | time: 0.067
I 06.08/07:16:16 solver.py:159 ] Epoch: [97/200][60/282] lr: 3.29e-04 | MSE loss: 8.2174e-03 | time: 0.067
I 06.08/07:16:17 solver.py:159 ] Epoch: [97/200][80/282] lr: 3.28e-04 | MSE loss: 8.0645e-03 | time: 0.068
I 06.08/07:16:18 solver.py:159 ] Epoch: [97/200][100/282] lr: 3.28e-04 | MSE loss: 8.3229e-03 | time: 0.067
I 06.08/07:16:19 solver.py:159 ] Epoch: [97/200][120/282] lr: 3.28e-04 | MSE loss: 7.9970e-03 | time: 0.067
I 06.08/07:16:21 solver.py:159 ] Epoch: [97/200][140/282] lr: 3.28e-04 | MSE loss: 7.7962e-03 | time: 0.066
I 06.08/07:16:22 solver.py:159 ] Epoch: [97/200][160/282] lr: 3.27e-04 | MSE loss: 7.8937e-03 | time: 0.068
I 06.08/07:16:24 solver.py:159 ] Epoch: [97/200][180/282] lr: 3.27e-04 | MSE loss: 7.6897e-03 | time: 0.067
I 06.08/07:16:25 solver.py:159 ] Epoch: [97/200][200/282] lr: 3.27e-04 | MSE loss: 7.8016e-03 | time: 0.068
I 06.08/07:16:26 solver.py:159 ] Epoch: [97/200][220/282] lr: 3.26e-04 | MSE loss: 7.7554e-03 | time: 0.068
I 06.08/07:16:28 solver.py:159 ] Epoch: [97/200][240/282] lr: 3.26e-04 | MSE loss: 8.0106e-03 | time: 0.068
I 06.08/07:16:29 solver.py:159 ] Epoch: [97/200][260/282] lr: 3.26e-04 | MSE loss: 8.1321e-03 | time: 0.068
I 06.08/07:16:30 solver.py:159 ] Epoch: [97/200][280/282] lr: 3.26e-04 | MSE loss: 8.1750e-03 | time: 0.068
I 06.08/07:16:31 solver.py:169 ] => Train  Loss: 8.1501e-03

I 06.08/07:16:32 solver.py:405 ] [20/32] loss: 9.3773e-03 | NMSE: -1.6772e+01 | time: 0.064
I 06.08/07:16:33 solver.py:413 ] => Test NMSE: -1.7821e+01

I 06.08/07:16:33 solver.py:345 ] => LoRA monitor [epoch=97] | trainable=2621440/2621440 | non_lora_trainable=0 | lora_l2=2.960970e+01 | lora_A_l2=1.094929e+01 | lora_B_l2=2.751086e+01 | component_l2=fc_decoder:2.960970e+01 | lora_abs_max=1.268432e-01 | delta_l2=2.837491e+01 | delta_rel=3.071495e+00 | train_loss=8.150120e-03 | test_loss=8.257789e-03 | nmse=-1.782106e+01
I 06.08/07:16:33 solver.py:224 ] 
=! Best NMSE: -1.7832e+01 (epoch=25)

I 06.08/07:16:34 solver.py:159 ] Epoch: [98/200][20/282] lr: 3.25e-04 | MSE loss: 8.4432e-03 | time: 0.060
I 06.08/07:16:35 solver.py:159 ] Epoch: [98/200][40/282] lr: 3.25e-04 | MSE loss: 8.3709e-03 | time: 0.065
I 06.08/07:16:37 solver.py:159 ] Epoch: [98/200][60/282] lr: 3.25e-04 | MSE loss: 8.3111e-03 | time: 0.065
I 06.08/07:16:38 solver.py:159 ] Epoch: [98/200][80/282] lr: 3.25e-04 | MSE loss: 8.2736e-03 | time: 0.065
I 06.08/07:16:39 solver.py:159 ] Epoch: [98/200][100/282] lr: 3.24e-04 | MSE loss: 7.6401e-03 | time: 0.066
I 06.08/07:16:41 solver.py:159 ] Epoch: [98/200][120/282] lr: 3.24e-04 | MSE loss: 7.8932e-03 | time: 0.067
I 06.08/07:16:42 solver.py:159 ] Epoch: [98/200][140/282] lr: 3.24e-04 | MSE loss: 8.0982e-03 | time: 0.068
I 06.08/07:16:44 solver.py:159 ] Epoch: [98/200][160/282] lr: 3.23e-04 | MSE loss: 8.3785e-03 | time: 0.069
I 06.08/07:16:45 solver.py:159 ] Epoch: [98/200][180/282] lr: 3.23e-04 | MSE loss: 8.4191e-03 | time: 0.069
I 06.08/07:16:46 solver.py:159 ] Epoch: [98/200][200/282] lr: 3.23e-04 | MSE loss: 8.2272e-03 | time: 0.069
I 06.08/07:16:48 solver.py:159 ] Epoch: [98/200][220/282] lr: 3.23e-04 | MSE loss: 8.3828e-03 | time: 0.069
I 06.08/07:16:49 solver.py:159 ] Epoch: [98/200][240/282] lr: 3.22e-04 | MSE loss: 8.4618e-03 | time: 0.069
I 06.08/07:16:51 solver.py:159 ] Epoch: [98/200][260/282] lr: 3.22e-04 | MSE loss: 8.3759e-03 | time: 0.069
I 06.08/07:16:52 solver.py:159 ] Epoch: [98/200][280/282] lr: 3.22e-04 | MSE loss: 8.1471e-03 | time: 0.071
I 06.08/07:16:53 solver.py:169 ] => Train  Loss: 8.1520e-03

I 06.08/07:16:54 solver.py:405 ] [20/32] loss: 9.3730e-03 | NMSE: -1.6774e+01 | time: 0.064
I 06.08/07:16:55 solver.py:413 ] => Test NMSE: -1.7823e+01

I 06.08/07:16:55 solver.py:345 ] => LoRA monitor [epoch=98] | trainable=2621440/2621440 | non_lora_trainable=0 | lora_l2=2.955720e+01 | lora_A_l2=1.091740e+01 | lora_B_l2=2.746704e+01 | component_l2=fc_decoder:2.955720e+01 | lora_abs_max=1.264642e-01 | delta_l2=2.832064e+01 | delta_rel=3.065620e+00 | train_loss=8.152001e-03 | test_loss=8.253845e-03 | nmse=-1.782314e+01
I 06.08/07:16:55 solver.py:224 ] 
=! Best NMSE: -1.7832e+01 (epoch=25)

I 06.08/07:16:56 solver.py:159 ] Epoch: [99/200][20/282] lr: 3.22e-04 | MSE loss: 7.5064e-03 | time: 0.076
I 06.08/07:16:58 solver.py:159 ] Epoch: [99/200][40/282] lr: 3.21e-04 | MSE loss: 8.7863e-03 | time: 0.069
I 06.08/07:16:59 solver.py:159 ] Epoch: [99/200][60/282] lr: 3.21e-04 | MSE loss: 9.0501e-03 | time: 0.069
I 06.08/07:17:01 solver.py:159 ] Epoch: [99/200][80/282] lr: 3.21e-04 | MSE loss: 8.5574e-03 | time: 0.073
I 06.08/07:17:03 solver.py:159 ] Epoch: [99/200][100/282] lr: 3.20e-04 | MSE loss: 8.6741e-03 | time: 0.087
I 06.08/07:17:06 solver.py:159 ] Epoch: [99/200][120/282] lr: 3.20e-04 | MSE loss: 8.4699e-03 | time: 0.091
I 06.08/07:17:07 solver.py:159 ] Epoch: [99/200][140/282] lr: 3.20e-04 | MSE loss: 8.4037e-03 | time: 0.087
I 06.08/07:17:08 solver.py:159 ] Epoch: [99/200][160/282] lr: 3.20e-04 | MSE loss: 8.6067e-03 | time: 0.085
I 06.08/07:17:10 solver.py:159 ] Epoch: [99/200][180/282] lr: 3.19e-04 | MSE loss: 8.3876e-03 | time: 0.083
I 06.08/07:17:11 solver.py:159 ] Epoch: [99/200][200/282] lr: 3.19e-04 | MSE loss: 8.4021e-03 | time: 0.081
I 06.08/07:17:13 solver.py:159 ] Epoch: [99/200][220/282] lr: 3.19e-04 | MSE loss: 8.3353e-03 | time: 0.081
I 06.08/07:17:14 solver.py:159 ] Epoch: [99/200][240/282] lr: 3.19e-04 | MSE loss: 8.2238e-03 | time: 0.079
I 06.08/07:17:15 solver.py:159 ] Epoch: [99/200][260/282] lr: 3.18e-04 | MSE loss: 8.1450e-03 | time: 0.078
I 06.08/07:17:16 solver.py:159 ] Epoch: [99/200][280/282] lr: 3.18e-04 | MSE loss: 8.1462e-03 | time: 0.077
I 06.08/07:17:17 solver.py:169 ] => Train  Loss: 8.1426e-03

I 06.08/07:17:18 solver.py:405 ] [20/32] loss: 9.3700e-03 | NMSE: -1.6775e+01 | time: 0.065
I 06.08/07:17:19 solver.py:413 ] => Test NMSE: -1.7825e+01

I 06.08/07:17:19 solver.py:345 ] => LoRA monitor [epoch=99] | trainable=2621440/2621440 | non_lora_trainable=0 | lora_l2=2.951124e+01 | lora_A_l2=1.088931e+01 | lora_B_l2=2.742875e+01 | component_l2=fc_decoder:2.951124e+01 | lora_abs_max=1.261139e-01 | delta_l2=2.827305e+01 | delta_rel=3.060469e+00 | train_loss=8.142627e-03 | test_loss=8.250823e-03 | nmse=-1.782473e+01
I 06.08/07:17:19 solver.py:224 ] 
=! Best NMSE: -1.7832e+01 (epoch=25)

I 06.08/07:17:20 solver.py:159 ] Epoch: [100/200][20/282] lr: 3.18e-04 | MSE loss: 8.1479e-03 | time: 0.071
I 06.08/07:17:21 solver.py:159 ] Epoch: [100/200][40/282] lr: 3.17e-04 | MSE loss: 7.8090e-03 | time: 0.068
I 06.08/07:17:23 solver.py:159 ] Epoch: [100/200][60/282] lr: 3.17e-04 | MSE loss: 7.7958e-03 | time: 0.068
I 06.08/07:17:24 solver.py:159 ] Epoch: [100/200][80/282] lr: 3.17e-04 | MSE loss: 7.3236e-03 | time: 0.071
I 06.08/07:17:26 solver.py:159 ] Epoch: [100/200][100/282] lr: 3.17e-04 | MSE loss: 7.6460e-03 | time: 0.069
I 06.08/07:17:27 solver.py:159 ] Epoch: [100/200][120/282] lr: 3.16e-04 | MSE loss: 7.8771e-03 | time: 0.069
I 06.08/07:17:28 solver.py:159 ] Epoch: [100/200][140/282] lr: 3.16e-04 | MSE loss: 7.7597e-03 | time: 0.070
I 06.08/07:17:30 solver.py:159 ] Epoch: [100/200][160/282] lr: 3.16e-04 | MSE loss: 7.8873e-03 | time: 0.070
I 06.08/07:17:31 solver.py:159 ] Epoch: [100/200][180/282] lr: 3.15e-04 | MSE loss: 7.9693e-03 | time: 0.071
I 06.08/07:17:33 solver.py:159 ] Epoch: [100/200][200/282] lr: 3.15e-04 | MSE loss: 8.2236e-03 | time: 0.071
I 06.08/07:17:34 solver.py:159 ] Epoch: [100/200][220/282] lr: 3.15e-04 | MSE loss: 8.2013e-03 | time: 0.070
I 06.08/07:17:36 solver.py:159 ] Epoch: [100/200][240/282] lr: 3.15e-04 | MSE loss: 8.2772e-03 | time: 0.070
I 06.08/07:17:37 solver.py:159 ] Epoch: [100/200][260/282] lr: 3.14e-04 | MSE loss: 8.2324e-03 | time: 0.070
I 06.08/07:17:38 solver.py:159 ] Epoch: [100/200][280/282] lr: 3.14e-04 | MSE loss: 8.1833e-03 | time: 0.070
I 06.08/07:17:38 solver.py:169 ] => Train  Loss: 8.1419e-03

I 06.08/07:17:40 solver.py:159 ] Epoch: [100/200][20/32] lr: 3.14e-04 | MSE loss: 9.3679e-03 | time: 0.064
I 06.08/07:17:40 solver.py:169 ] => Val  Loss: 8.0641e-03

I 06.08/07:17:42 solver.py:405 ] [20/32] loss: 9.3679e-03 | NMSE: -1.6776e+01 | time: 0.070
I 06.08/07:17:43 solver.py:413 ] => Test NMSE: -1.7826e+01

I 06.08/07:17:43 solver.py:345 ] => LoRA monitor [epoch=100] | trainable=2621440/2621440 | non_lora_trainable=0 | lora_l2=2.946834e+01 | lora_A_l2=1.086339e+01 | lora_B_l2=2.739288e+01 | component_l2=fc_decoder:2.946834e+01 | lora_abs_max=1.258113e-01 | delta_l2=2.822854e+01 | delta_rel=3.055651e+00 | train_loss=8.141940e-03 | val_loss=8.064101e-03 | test_loss=8.248971e-03 | nmse=-1.782570e+01
I 06.08/07:17:43 solver.py:224 ] 
=! Best NMSE: -1.7832e+01 (epoch=25)

I 06.08/07:17:44 solver.py:159 ] Epoch: [101/200][20/282] lr: 3.14e-04 | MSE loss: 8.1132e-03 | time: 0.079
I 06.08/07:17:46 solver.py:159 ] Epoch: [101/200][40/282] lr: 3.14e-04 | MSE loss: 8.0668e-03 | time: 0.073
I 06.08/07:17:47 solver.py:159 ] Epoch: [101/200][60/282] lr: 3.13e-04 | MSE loss: 8.7302e-03 | time: 0.074
I 06.08/07:17:49 solver.py:159 ] Epoch: [101/200][80/282] lr: 3.13e-04 | MSE loss: 8.8497e-03 | time: 0.074
I 06.08/07:17:50 solver.py:159 ] Epoch: [101/200][100/282] lr: 3.13e-04 | MSE loss: 8.4856e-03 | time: 0.073
I 06.08/07:17:51 solver.py:159 ] Epoch: [101/200][120/282] lr: 3.12e-04 | MSE loss: 8.1819e-03 | time: 0.072
I 06.08/07:17:53 solver.py:159 ] Epoch: [101/200][140/282] lr: 3.12e-04 | MSE loss: 8.0206e-03 | time: 0.071
I 06.08/07:17:54 solver.py:159 ] Epoch: [101/200][160/282] lr: 3.12e-04 | MSE loss: 8.1189e-03 | time: 0.071
I 06.08/07:17:55 solver.py:159 ] Epoch: [101/200][180/282] lr: 3.12e-04 | MSE loss: 8.1700e-03 | time: 0.071
I 06.08/07:17:57 solver.py:159 ] Epoch: [101/200][200/282] lr: 3.11e-04 | MSE loss: 8.1264e-03 | time: 0.071
I 06.08/07:17:58 solver.py:159 ] Epoch: [101/200][220/282] lr: 3.11e-04 | MSE loss: 8.1348e-03 | time: 0.071
I 06.08/07:17:59 solver.py:159 ] Epoch: [101/200][240/282] lr: 3.11e-04 | MSE loss: 8.0712e-03 | time: 0.070
I 06.08/07:18:01 solver.py:159 ] Epoch: [101/200][260/282] lr: 3.11e-04 | MSE loss: 8.0424e-03 | time: 0.072
I 06.08/07:18:04 solver.py:159 ] Epoch: [101/200][280/282] lr: 3.10e-04 | MSE loss: 8.1792e-03 | time: 0.077
I 06.08/07:18:04 solver.py:169 ] => Train  Loss: 8.1412e-03

I 06.08/07:18:06 solver.py:405 ] [20/32] loss: 9.3659e-03 | NMSE: -1.6777e+01 | time: 0.078
I 06.08/07:18:07 solver.py:413 ] => Test NMSE: -1.7827e+01

I 06.08/07:18:07 solver.py:345 ] => LoRA monitor [epoch=101] | trainable=2621440/2621440 | non_lora_trainable=0 | lora_l2=2.942749e+01 | lora_A_l2=1.083986e+01 | lora_B_l2=2.735826e+01 | component_l2=fc_decoder:2.942749e+01 | lora_abs_max=1.255495e-01 | delta_l2=2.818618e+01 | delta_rel=3.051065e+00 | train_loss=8.141247e-03 | test_loss=8.247214e-03 | nmse=-1.782663e+01
I 06.08/07:18:07 solver.py:224 ] 
=! Best NMSE: -1.7832e+01 (epoch=25)

I 06.08/07:18:08 solver.py:159 ] Epoch: [102/200][20/282] lr: 3.10e-04 | MSE loss: 1.0993e-02 | time: 0.077
I 06.08/07:18:10 solver.py:159 ] Epoch: [102/200][40/282] lr: 3.10e-04 | MSE loss: 9.4197e-03 | time: 0.075
I 06.08/07:18:11 solver.py:159 ] Epoch: [102/200][60/282] lr: 3.09e-04 | MSE loss: 8.7264e-03 | time: 0.072
I 06.08/07:18:12 solver.py:159 ] Epoch: [102/200][80/282] lr: 3.09e-04 | MSE loss: 8.4362e-03 | time: 0.072
I 06.08/07:18:14 solver.py:159 ] Epoch: [102/200][100/282] lr: 3.09e-04 | MSE loss: 8.4196e-03 | time: 0.073
I 06.08/07:18:15 solver.py:159 ] Epoch: [102/200][120/282] lr: 3.09e-04 | MSE loss: 8.3676e-03 | time: 0.071
I 06.08/07:18:16 solver.py:159 ] Epoch: [102/200][140/282] lr: 3.08e-04 | MSE loss: 8.3570e-03 | time: 0.071
I 06.08/07:18:18 solver.py:159 ] Epoch: [102/200][160/282] lr: 3.08e-04 | MSE loss: 8.0081e-03 | time: 0.071
I 06.08/07:18:19 solver.py:159 ] Epoch: [102/200][180/282] lr: 3.08e-04 | MSE loss: 8.1095e-03 | time: 0.071
I 06.08/07:18:21 solver.py:159 ] Epoch: [102/200][200/282] lr: 3.07e-04 | MSE loss: 8.1395e-03 | time: 0.072
I 06.08/07:18:22 solver.py:159 ] Epoch: [102/200][220/282] lr: 3.07e-04 | MSE loss: 8.1855e-03 | time: 0.071
I 06.08/07:18:24 solver.py:159 ] Epoch: [102/200][240/282] lr: 3.07e-04 | MSE loss: 8.1946e-03 | time: 0.071
I 06.08/07:18:25 solver.py:159 ] Epoch: [102/200][260/282] lr: 3.07e-04 | MSE loss: 8.2487e-03 | time: 0.070
I 06.08/07:18:26 solver.py:159 ] Epoch: [102/200][280/282] lr: 3.06e-04 | MSE loss: 8.1440e-03 | time: 0.070
I 06.08/07:18:26 solver.py:169 ] => Train  Loss: 8.2202e-03

I 06.08/07:18:28 solver.py:405 ] [20/32] loss: 9.3645e-03 | NMSE: -1.6778e+01 | time: 0.067
I 06.08/07:18:28 solver.py:413 ] => Test NMSE: -1.7827e+01

I 06.08/07:18:28 solver.py:345 ] => LoRA monitor [epoch=102] | trainable=2621440/2621440 | non_lora_trainable=0 | lora_l2=2.939089e+01 | lora_A_l2=1.081809e+01 | lora_B_l2=2.732752e+01 | component_l2=fc_decoder:2.939089e+01 | lora_abs_max=1.252629e-01 | delta_l2=2.814829e+01 | delta_rel=3.046964e+00 | train_loss=8.220163e-03 | test_loss=8.245769e-03 | nmse=-1.782739e+01
I 06.08/07:18:28 solver.py:224 ] 
=! Best NMSE: -1.7832e+01 (epoch=25)

I 06.08/07:18:30 solver.py:159 ] Epoch: [103/200][20/282] lr: 3.06e-04 | MSE loss: 6.1463e-03 | time: 0.066
I 06.08/07:18:31 solver.py:159 ] Epoch: [103/200][40/282] lr: 3.06e-04 | MSE loss: 6.7322e-03 | time: 0.069
I 06.08/07:18:33 solver.py:159 ] Epoch: [103/200][60/282] lr: 3.05e-04 | MSE loss: 7.4117e-03 | time: 0.068
I 06.08/07:18:34 solver.py:159 ] Epoch: [103/200][80/282] lr: 3.05e-04 | MSE loss: 8.0668e-03 | time: 0.068
I 06.08/07:18:35 solver.py:159 ] Epoch: [103/200][100/282] lr: 3.05e-04 | MSE loss: 8.1766e-03 | time: 0.069
I 06.08/07:18:37 solver.py:159 ] Epoch: [103/200][120/282] lr: 3.05e-04 | MSE loss: 8.2216e-03 | time: 0.069
I 06.08/07:18:38 solver.py:159 ] Epoch: [103/200][140/282] lr: 3.04e-04 | MSE loss: 8.5258e-03 | time: 0.068
I 06.08/07:18:39 solver.py:159 ] Epoch: [103/200][160/282] lr: 3.04e-04 | MSE loss: 8.5661e-03 | time: 0.068
I 06.08/07:18:41 solver.py:159 ] Epoch: [103/200][180/282] lr: 3.04e-04 | MSE loss: 8.2734e-03 | time: 0.068
I 06.08/07:18:42 solver.py:159 ] Epoch: [103/200][200/282] lr: 3.04e-04 | MSE loss: 8.3534e-03 | time: 0.068
I 06.08/07:18:43 solver.py:159 ] Epoch: [103/200][220/282] lr: 3.03e-04 | MSE loss: 8.4404e-03 | time: 0.068
I 06.08/07:18:45 solver.py:159 ] Epoch: [103/200][240/282] lr: 3.03e-04 | MSE loss: 8.3445e-03 | time: 0.068
I 06.08/07:18:46 solver.py:159 ] Epoch: [103/200][260/282] lr: 3.03e-04 | MSE loss: 8.2108e-03 | time: 0.069
I 06.08/07:18:48 solver.py:159 ] Epoch: [103/200][280/282] lr: 3.02e-04 | MSE loss: 8.1501e-03 | time: 0.068
I 06.08/07:18:48 solver.py:169 ] => Train  Loss: 8.1508e-03

I 06.08/07:18:49 solver.py:405 ] [20/32] loss: 9.3632e-03 | NMSE: -1.6778e+01 | time: 0.066
I 06.08/07:18:50 solver.py:413 ] => Test NMSE: -1.7828e+01

I 06.08/07:18:50 solver.py:345 ] => LoRA monitor [epoch=103] | trainable=2621440/2621440 | non_lora_trainable=0 | lora_l2=2.931362e+01 | lora_A_l2=1.079835e+01 | lora_B_l2=2.725223e+01 | component_l2=fc_decoder:2.931362e+01 | lora_abs_max=1.246773e-01 | delta_l2=2.806763e+01 | delta_rel=3.038233e+00 | train_loss=8.150793e-03 | test_loss=8.244773e-03 | nmse=-1.782791e+01
I 06.08/07:18:50 solver.py:224 ] 
=! Best NMSE: -1.7832e+01 (epoch=25)

I 06.08/07:18:51 solver.py:159 ] Epoch: [104/200][20/282] lr: 3.02e-04 | MSE loss: 9.7978e-03 | time: 0.069
I 06.08/07:18:53 solver.py:159 ] Epoch: [104/200][40/282] lr: 3.02e-04 | MSE loss: 9.7637e-03 | time: 0.070
I 06.08/07:18:54 solver.py:159 ] Epoch: [104/200][60/282] lr: 3.02e-04 | MSE loss: 8.7949e-03 | time: 0.069
I 06.08/07:18:55 solver.py:159 ] Epoch: [104/200][80/282] lr: 3.01e-04 | MSE loss: 8.4553e-03 | time: 0.068
I 06.08/07:18:57 solver.py:159 ] Epoch: [104/200][100/282] lr: 3.01e-04 | MSE loss: 8.4480e-03 | time: 0.068
I 06.08/07:18:58 solver.py:159 ] Epoch: [104/200][120/282] lr: 3.01e-04 | MSE loss: 8.3722e-03 | time: 0.068
I 06.08/07:18:59 solver.py:159 ] Epoch: [104/200][140/282] lr: 3.00e-04 | MSE loss: 8.2144e-03 | time: 0.067
I 06.08/07:19:01 solver.py:159 ] Epoch: [104/200][160/282] lr: 3.00e-04 | MSE loss: 8.3020e-03 | time: 0.070
I 06.08/07:19:04 solver.py:159 ] Epoch: [104/200][180/282] lr: 3.00e-04 | MSE loss: 7.9166e-03 | time: 0.077
I 06.08/07:19:05 solver.py:159 ] Epoch: [104/200][200/282] lr: 3.00e-04 | MSE loss: 8.0295e-03 | time: 0.077
I 06.08/07:19:07 solver.py:159 ] Epoch: [104/200][220/282] lr: 2.99e-04 | MSE loss: 7.9987e-03 | time: 0.077
I 06.08/07:19:08 solver.py:159 ] Epoch: [104/200][240/282] lr: 2.99e-04 | MSE loss: 8.0776e-03 | time: 0.076
I 06.08/07:19:10 solver.py:159 ] Epoch: [104/200][260/282] lr: 2.99e-04 | MSE loss: 8.1252e-03 | time: 0.076
I 06.08/07:19:11 solver.py:159 ] Epoch: [104/200][280/282] lr: 2.99e-04 | MSE loss: 8.1666e-03 | time: 0.075
I 06.08/07:19:11 solver.py:169 ] => Train  Loss: 8.1615e-03

I 06.08/07:19:13 solver.py:405 ] [20/32] loss: 9.3619e-03 | NMSE: -1.6779e+01 | time: 0.065
I 06.08/07:19:13 solver.py:413 ] => Test NMSE: -1.7829e+01

I 06.08/07:19:13 solver.py:345 ] => LoRA monitor [epoch=104] | trainable=2621440/2621440 | non_lora_trainable=0 | lora_l2=2.928225e+01 | lora_A_l2=1.078045e+01 | lora_B_l2=2.722558e+01 | component_l2=fc_decoder:2.928225e+01 | lora_abs_max=1.243124e-01 | delta_l2=2.803507e+01 | delta_rel=3.034709e+00 | train_loss=8.161510e-03 | test_loss=8.243293e-03 | nmse=-1.782869e+01
I 06.08/07:19:13 solver.py:224 ] 
=! Best NMSE: -1.7832e+01 (epoch=25)

I 06.08/07:19:15 solver.py:159 ] Epoch: [105/200][20/282] lr: 2.98e-04 | MSE loss: 5.3087e-03 | time: 0.078
I 06.08/07:19:16 solver.py:159 ] Epoch: [105/200][40/282] lr: 2.98e-04 | MSE loss: 7.5484e-03 | time: 0.073
I 06.08/07:19:18 solver.py:159 ] Epoch: [105/200][60/282] lr: 2.98e-04 | MSE loss: 7.5212e-03 | time: 0.072
I 06.08/07:19:19 solver.py:159 ] Epoch: [105/200][80/282] lr: 2.97e-04 | MSE loss: 7.8693e-03 | time: 0.072
I 06.08/07:19:20 solver.py:159 ] Epoch: [105/200][100/282] lr: 2.97e-04 | MSE loss: 7.7965e-03 | time: 0.071
I 06.08/07:19:22 solver.py:159 ] Epoch: [105/200][120/282] lr: 2.97e-04 | MSE loss: 7.8612e-03 | time: 0.070
I 06.08/07:19:23 solver.py:159 ] Epoch: [105/200][140/282] lr: 2.97e-04 | MSE loss: 7.7244e-03 | time: 0.070
I 06.08/07:19:25 solver.py:159 ] Epoch: [105/200][160/282] lr: 2.96e-04 | MSE loss: 7.8121e-03 | time: 0.072
I 06.08/07:19:26 solver.py:159 ] Epoch: [105/200][180/282] lr: 2.96e-04 | MSE loss: 7.9036e-03 | time: 0.071
I 06.08/07:19:27 solver.py:159 ] Epoch: [105/200][200/282] lr: 2.96e-04 | MSE loss: 7.7453e-03 | time: 0.071
I 06.08/07:19:29 solver.py:159 ] Epoch: [105/200][220/282] lr: 2.95e-04 | MSE loss: 8.0487e-03 | time: 0.071
I 06.08/07:19:30 solver.py:159 ] Epoch: [105/200][240/282] lr: 2.95e-04 | MSE loss: 7.9745e-03 | time: 0.071
I 06.08/07:19:32 solver.py:159 ] Epoch: [105/200][260/282] lr: 2.95e-04 | MSE loss: 8.0669e-03 | time: 0.071
I 06.08/07:19:33 solver.py:159 ] Epoch: [105/200][280/282] lr: 2.95e-04 | MSE loss: 8.0951e-03 | time: 0.071
I 06.08/07:19:33 solver.py:169 ] => Train  Loss: 8.2545e-03

I 06.08/07:19:35 solver.py:405 ] [20/32] loss: 9.3692e-03 | NMSE: -1.6776e+01 | time: 0.070
I 06.08/07:19:36 solver.py:413 ] => Test NMSE: -1.7825e+01

I 06.08/07:19:36 solver.py:345 ] => LoRA monitor [epoch=105] | trainable=2621440/2621440 | non_lora_trainable=0 | lora_l2=2.920575e+01 | lora_A_l2=1.076449e+01 | lora_B_l2=2.714961e+01 | component_l2=fc_decoder:2.920575e+01 | lora_abs_max=1.242826e-01 | delta_l2=2.795520e+01 | delta_rel=3.026062e+00 | train_loss=8.254523e-03 | test_loss=8.249515e-03 | nmse=-1.782542e+01
I 06.08/07:19:36 solver.py:224 ] 
=! Best NMSE: -1.7832e+01 (epoch=25)

I 06.08/07:19:37 solver.py:159 ] Epoch: [106/200][20/282] lr: 2.94e-04 | MSE loss: 7.4586e-03 | time: 0.070
I 06.08/07:19:38 solver.py:159 ] Epoch: [106/200][40/282] lr: 2.94e-04 | MSE loss: 8.4475e-03 | time: 0.070
I 06.08/07:19:40 solver.py:159 ] Epoch: [106/200][60/282] lr: 2.94e-04 | MSE loss: 7.8215e-03 | time: 0.068
I 06.08/07:19:41 solver.py:159 ] Epoch: [106/200][80/282] lr: 2.94e-04 | MSE loss: 8.1126e-03 | time: 0.067
I 06.08/07:19:42 solver.py:159 ] Epoch: [106/200][100/282] lr: 2.93e-04 | MSE loss: 8.1214e-03 | time: 0.067
I 06.08/07:19:44 solver.py:159 ] Epoch: [106/200][120/282] lr: 2.93e-04 | MSE loss: 8.4568e-03 | time: 0.067
I 06.08/07:19:45 solver.py:159 ] Epoch: [106/200][140/282] lr: 2.93e-04 | MSE loss: 9.8151e-03 | time: 0.068
I 06.08/07:19:47 solver.py:159 ] Epoch: [106/200][160/282] lr: 2.92e-04 | MSE loss: 1.2364e-02 | time: 0.069
I 06.08/07:19:48 solver.py:159 ] Epoch: [106/200][180/282] lr: 2.92e-04 | MSE loss: 1.3704e-02 | time: 0.069
I 06.08/07:19:50 solver.py:159 ] Epoch: [106/200][200/282] lr: 2.92e-04 | MSE loss: 1.4133e-02 | time: 0.070
I 06.08/07:19:51 solver.py:159 ] Epoch: [106/200][220/282] lr: 2.92e-04 | MSE loss: 1.4082e-02 | time: 0.071
I 06.08/07:19:52 solver.py:159 ] Epoch: [106/200][240/282] lr: 2.91e-04 | MSE loss: 1.4135e-02 | time: 0.070
I 06.08/07:19:54 solver.py:159 ] Epoch: [106/200][260/282] lr: 2.91e-04 | MSE loss: 1.4088e-02 | time: 0.070
I 06.08/07:19:55 solver.py:159 ] Epoch: [106/200][280/282] lr: 2.91e-04 | MSE loss: 1.4120e-02 | time: 0.070
I 06.08/07:19:55 solver.py:169 ] => Train  Loss: 1.4336e-02

I 06.08/07:19:57 solver.py:405 ] [20/32] loss: 1.2651e-02 | NMSE: -1.6140e+01 | time: 0.062
I 06.08/07:19:57 solver.py:413 ] => Test NMSE: -1.6074e+01

I 06.08/07:19:57 solver.py:345 ] => LoRA monitor [epoch=106] | trainable=2621440/2621440 | non_lora_trainable=0 | lora_l2=3.232698e+01 | lora_A_l2=1.140107e+01 | lora_B_l2=3.024978e+01 | component_l2=fc_decoder:3.232698e+01 | lora_abs_max=1.324679e-01 | delta_l2=3.119876e+01 | delta_rel=3.377168e+00 | train_loss=1.433630e-02 | test_loss=1.234688e-02 | nmse=-1.607413e+01
I 06.08/07:19:57 solver.py:224 ] 
=! Best NMSE: -1.7832e+01 (epoch=25)

I 06.08/07:19:59 solver.py:159 ] Epoch: [107/200][20/282] lr: 2.90e-04 | MSE loss: 1.8090e-02 | time: 0.084
I 06.08/07:20:01 solver.py:159 ] Epoch: [107/200][40/282] lr: 2.90e-04 | MSE loss: 1.9167e-02 | time: 0.083
I 06.08/07:20:04 solver.py:159 ] Epoch: [107/200][60/282] lr: 2.90e-04 | MSE loss: 1.9050e-02 | time: 0.103
I 06.08/07:20:05 solver.py:159 ] Epoch: [107/200][80/282] lr: 2.90e-04 | MSE loss: 1.6905e-02 | time: 0.101
I 06.08/07:20:07 solver.py:159 ] Epoch: [107/200][100/282] lr: 2.89e-04 | MSE loss: 1.5585e-02 | time: 0.095
I 06.08/07:20:08 solver.py:159 ] Epoch: [107/200][120/282] lr: 2.89e-04 | MSE loss: 1.4308e-02 | time: 0.090
I 06.08/07:20:10 solver.py:159 ] Epoch: [107/200][140/282] lr: 2.89e-04 | MSE loss: 1.4144e-02 | time: 0.087
I 06.08/07:20:11 solver.py:159 ] Epoch: [107/200][160/282] lr: 2.88e-04 | MSE loss: 1.3977e-02 | time: 0.085
I 06.08/07:20:13 solver.py:159 ] Epoch: [107/200][180/282] lr: 2.88e-04 | MSE loss: 1.3824e-02 | time: 0.084
I 06.08/07:20:14 solver.py:159 ] Epoch: [107/200][200/282] lr: 2.88e-04 | MSE loss: 1.3500e-02 | time: 0.082
I 06.08/07:20:15 solver.py:159 ] Epoch: [107/200][220/282] lr: 2.88e-04 | MSE loss: 1.2960e-02 | time: 0.080
I 06.08/07:20:17 solver.py:159 ] Epoch: [107/200][240/282] lr: 2.87e-04 | MSE loss: 1.2875e-02 | time: 0.080
I 06.08/07:20:18 solver.py:159 ] Epoch: [107/200][260/282] lr: 2.87e-04 | MSE loss: 1.2822e-02 | time: 0.079
I 06.08/07:20:19 solver.py:159 ] Epoch: [107/200][280/282] lr: 2.87e-04 | MSE loss: 1.2679e-02 | time: 0.078
I 06.08/07:20:19 solver.py:169 ] => Train  Loss: 1.2636e-02

I 06.08/07:20:21 solver.py:405 ] [20/32] loss: 1.0591e-02 | NMSE: -1.6506e+01 | time: 0.069
I 06.08/07:20:22 solver.py:413 ] => Test NMSE: -1.7035e+01

I 06.08/07:20:22 solver.py:345 ] => LoRA monitor [epoch=107] | trainable=2621440/2621440 | non_lora_trainable=0 | lora_l2=3.265968e+01 | lora_A_l2=1.137878e+01 | lora_B_l2=3.061337e+01 | component_l2=fc_decoder:3.265968e+01 | lora_abs_max=1.264182e-01 | delta_l2=3.154571e+01 | delta_rel=3.414724e+00 | train_loss=1.263586e-02 | test_loss=9.895409e-03 | nmse=-1.703536e+01
I 06.08/07:20:22 solver.py:224 ] 
=! Best NMSE: -1.7832e+01 (epoch=25)

I 06.08/07:20:23 solver.py:159 ] Epoch: [108/200][20/282] lr: 2.86e-04 | MSE loss: 1.1358e-02 | time: 0.076
I 06.08/07:20:25 solver.py:159 ] Epoch: [108/200][40/282] lr: 2.86e-04 | MSE loss: 1.0698e-02 | time: 0.078
I 06.08/07:20:26 solver.py:159 ] Epoch: [108/200][60/282] lr: 2.86e-04 | MSE loss: 1.0818e-02 | time: 0.075
I 06.08/07:20:28 solver.py:159 ] Epoch: [108/200][80/282] lr: 2.86e-04 | MSE loss: 1.0449e-02 | time: 0.075
I 06.08/07:20:29 solver.py:159 ] Epoch: [108/200][100/282] lr: 2.85e-04 | MSE loss: 1.1479e-02 | time: 0.073
I 06.08/07:20:30 solver.py:159 ] Epoch: [108/200][120/282] lr: 2.85e-04 | MSE loss: 1.1744e-02 | time: 0.074
I 06.08/07:20:32 solver.py:159 ] Epoch: [108/200][140/282] lr: 2.85e-04 | MSE loss: 1.1587e-02 | time: 0.074
I 06.08/07:20:33 solver.py:159 ] Epoch: [108/200][160/282] lr: 2.85e-04 | MSE loss: 1.1754e-02 | time: 0.074
I 06.08/07:20:35 solver.py:159 ] Epoch: [108/200][180/282] lr: 2.84e-04 | MSE loss: 1.1414e-02 | time: 0.073
I 06.08/07:20:36 solver.py:159 ] Epoch: [108/200][200/282] lr: 2.84e-04 | MSE loss: 1.1154e-02 | time: 0.073
I 06.08/07:20:37 solver.py:159 ] Epoch: [108/200][220/282] lr: 2.84e-04 | MSE loss: 1.1018e-02 | time: 0.072
I 06.08/07:20:39 solver.py:159 ] Epoch: [108/200][240/282] lr: 2.83e-04 | MSE loss: 1.1047e-02 | time: 0.072
I 06.08/07:20:40 solver.py:159 ] Epoch: [108/200][260/282] lr: 2.83e-04 | MSE loss: 1.0816e-02 | time: 0.072
I 06.08/07:20:42 solver.py:159 ] Epoch: [108/200][280/282] lr: 2.83e-04 | MSE loss: 1.0879e-02 | time: 0.072
I 06.08/07:20:42 solver.py:169 ] => Train  Loss: 1.0834e-02

I 06.08/07:20:43 solver.py:405 ] [20/32] loss: 1.0836e-02 | NMSE: -1.6148e+01 | time: 0.066
I 06.08/07:20:44 solver.py:413 ] => Test NMSE: -1.7246e+01

I 06.08/07:20:44 solver.py:345 ] => LoRA monitor [epoch=108] | trainable=2621440/2621440 | non_lora_trainable=0 | lora_l2=3.253327e+01 | lora_A_l2=1.120841e+01 | lora_B_l2=3.054154e+01 | component_l2=fc_decoder:3.253327e+01 | lora_abs_max=1.285246e-01 | delta_l2=3.141716e+01 | delta_rel=3.400809e+00 | train_loss=1.083351e-02 | test_loss=9.427504e-03 | nmse=-1.724573e+01
I 06.08/07:20:44 solver.py:224 ] 
=! Best NMSE: -1.7832e+01 (epoch=25)

I 06.08/07:20:45 solver.py:159 ] Epoch: [109/200][20/282] lr: 2.83e-04 | MSE loss: 1.1218e-02 | time: 0.077
I 06.08/07:20:47 solver.py:159 ] Epoch: [109/200][40/282] lr: 2.82e-04 | MSE loss: 1.0251e-02 | time: 0.072
I 06.08/07:20:48 solver.py:159 ] Epoch: [109/200][60/282] lr: 2.82e-04 | MSE loss: 9.7491e-03 | time: 0.069
I 06.08/07:20:50 solver.py:159 ] Epoch: [109/200][80/282] lr: 2.82e-04 | MSE loss: 9.8253e-03 | time: 0.070
I 06.08/07:20:51 solver.py:159 ] Epoch: [109/200][100/282] lr: 2.81e-04 | MSE loss: 1.0097e-02 | time: 0.070
I 06.08/07:20:52 solver.py:159 ] Epoch: [109/200][120/282] lr: 2.81e-04 | MSE loss: 1.0226e-02 | time: 0.070
I 06.08/07:20:54 solver.py:159 ] Epoch: [109/200][140/282] lr: 2.81e-04 | MSE loss: 1.0127e-02 | time: 0.071
I 06.08/07:20:55 solver.py:159 ] Epoch: [109/200][160/282] lr: 2.81e-04 | MSE loss: 9.8261e-03 | time: 0.071
I 06.08/07:20:57 solver.py:159 ] Epoch: [109/200][180/282] lr: 2.80e-04 | MSE loss: 9.9324e-03 | time: 0.073
I 06.08/07:20:59 solver.py:159 ] Epoch: [109/200][200/282] lr: 2.80e-04 | MSE loss: 9.5796e-03 | time: 0.073
I 06.08/07:21:00 solver.py:159 ] Epoch: [109/200][220/282] lr: 2.80e-04 | MSE loss: 9.5772e-03 | time: 0.074
I 06.08/07:21:03 solver.py:159 ] Epoch: [109/200][240/282] lr: 2.80e-04 | MSE loss: 9.6026e-03 | time: 0.081
I 06.08/07:21:05 solver.py:159 ] Epoch: [109/200][260/282] lr: 2.79e-04 | MSE loss: 9.8905e-03 | time: 0.082
I 06.08/07:21:07 solver.py:159 ] Epoch: [109/200][280/282] lr: 2.79e-04 | MSE loss: 9.7223e-03 | time: 0.082
I 06.08/07:21:07 solver.py:169 ] => Train  Loss: 9.7437e-03

I 06.08/07:21:08 solver.py:405 ] [20/32] loss: 9.5525e-03 | NMSE: -1.6725e+01 | time: 0.062
I 06.08/07:21:09 solver.py:413 ] => Test NMSE: -1.7638e+01

I 06.08/07:21:09 solver.py:345 ] => LoRA monitor [epoch=109] | trainable=2621440/2621440 | non_lora_trainable=0 | lora_l2=3.243663e+01 | lora_A_l2=1.106480e+01 | lora_B_l2=3.049107e+01 | component_l2=fc_decoder:3.243663e+01 | lora_abs_max=1.279165e-01 | delta_l2=3.131762e+01 | delta_rel=3.390034e+00 | train_loss=9.743677e-03 | test_loss=8.613534e-03 | nmse=-1.763789e+01
I 06.08/07:21:09 solver.py:224 ] 
=! Best NMSE: -1.7832e+01 (epoch=25)

I 06.08/07:21:11 solver.py:159 ] Epoch: [110/200][20/282] lr: 2.79e-04 | MSE loss: 8.2355e-03 | time: 0.072
I 06.08/07:21:12 solver.py:159 ] Epoch: [110/200][40/282] lr: 2.78e-04 | MSE loss: 9.8605e-03 | time: 0.076
I 06.08/07:21:14 solver.py:159 ] Epoch: [110/200][60/282] lr: 2.78e-04 | MSE loss: 9.5433e-03 | time: 0.074
I 06.08/07:21:15 solver.py:159 ] Epoch: [110/200][80/282] lr: 2.78e-04 | MSE loss: 9.2097e-03 | time: 0.074
I 06.08/07:21:17 solver.py:159 ] Epoch: [110/200][100/282] lr: 2.78e-04 | MSE loss: 9.1634e-03 | time: 0.075
I 06.08/07:21:18 solver.py:159 ] Epoch: [110/200][120/282] lr: 2.77e-04 | MSE loss: 8.9828e-03 | time: 0.074
I 06.08/07:21:19 solver.py:159 ] Epoch: [110/200][140/282] lr: 2.77e-04 | MSE loss: 9.3577e-03 | time: 0.073
I 06.08/07:21:21 solver.py:159 ] Epoch: [110/200][160/282] lr: 2.77e-04 | MSE loss: 9.2967e-03 | time: 0.074
I 06.08/07:21:22 solver.py:159 ] Epoch: [110/200][180/282] lr: 2.76e-04 | MSE loss: 9.2111e-03 | time: 0.073
I 06.08/07:21:24 solver.py:159 ] Epoch: [110/200][200/282] lr: 2.76e-04 | MSE loss: 8.9928e-03 | time: 0.074
I 06.08/07:21:25 solver.py:159 ] Epoch: [110/200][220/282] lr: 2.76e-04 | MSE loss: 9.0525e-03 | time: 0.074
I 06.08/07:21:27 solver.py:159 ] Epoch: [110/200][240/282] lr: 2.76e-04 | MSE loss: 8.9606e-03 | time: 0.074
I 06.08/07:21:28 solver.py:159 ] Epoch: [110/200][260/282] lr: 2.75e-04 | MSE loss: 8.8675e-03 | time: 0.074
I 06.08/07:21:30 solver.py:159 ] Epoch: [110/200][280/282] lr: 2.75e-04 | MSE loss: 8.6740e-03 | time: 0.074
I 06.08/07:21:30 solver.py:169 ] => Train  Loss: 8.6321e-03

I 06.08/07:21:32 solver.py:159 ] Epoch: [110/200][20/32] lr: 2.75e-04 | MSE loss: 9.4129e-03 | time: 0.072
I 06.08/07:21:32 solver.py:169 ] => Val  Loss: 8.1097e-03

I 06.08/07:21:34 solver.py:405 ] [20/32] loss: 9.4129e-03 | NMSE: -1.6761e+01 | time: 0.068
I 06.08/07:21:34 solver.py:413 ] => Test NMSE: -1.7802e+01

I 06.08/07:21:35 solver.py:345 ] => LoRA monitor [epoch=110] | trainable=2621440/2621440 | non_lora_trainable=0 | lora_l2=3.227683e+01 | lora_A_l2=1.090399e+01 | lora_B_l2=3.037921e+01 | component_l2=fc_decoder:3.227683e+01 | lora_abs_max=1.275896e-01 | delta_l2=3.115296e+01 | delta_rel=3.372210e+00 | train_loss=8.632128e-03 | val_loss=8.109679e-03 | test_loss=8.294867e-03 | nmse=-1.780161e+01
I 06.08/07:21:35 solver.py:224 ] 
=! Best NMSE: -1.7832e+01 (epoch=25)

I 06.08/07:21:36 solver.py:159 ] Epoch: [111/200][20/282] lr: 2.75e-04 | MSE loss: 8.6136e-03 | time: 0.081
I 06.08/07:21:37 solver.py:159 ] Epoch: [111/200][40/282] lr: 2.74e-04 | MSE loss: 7.9652e-03 | time: 0.075
I 06.08/07:21:39 solver.py:159 ] Epoch: [111/200][60/282] lr: 2.74e-04 | MSE loss: 8.4469e-03 | time: 0.073
I 06.08/07:21:40 solver.py:159 ] Epoch: [111/200][80/282] lr: 2.74e-04 | MSE loss: 8.4168e-03 | time: 0.074
I 06.08/07:21:42 solver.py:159 ] Epoch: [111/200][100/282] lr: 2.74e-04 | MSE loss: 8.3840e-03 | time: 0.075
I 06.08/07:21:43 solver.py:159 ] Epoch: [111/200][120/282] lr: 2.73e-04 | MSE loss: 8.5022e-03 | time: 0.075
I 06.08/07:21:45 solver.py:159 ] Epoch: [111/200][140/282] lr: 2.73e-04 | MSE loss: 8.7651e-03 | time: 0.074
I 06.08/07:21:46 solver.py:159 ] Epoch: [111/200][160/282] lr: 2.73e-04 | MSE loss: 8.9015e-03 | time: 0.073
I 06.08/07:21:48 solver.py:159 ] Epoch: [111/200][180/282] lr: 2.72e-04 | MSE loss: 8.5672e-03 | time: 0.074
I 06.08/07:21:49 solver.py:159 ] Epoch: [111/200][200/282] lr: 2.72e-04 | MSE loss: 8.4709e-03 | time: 0.074
I 06.08/07:21:51 solver.py:159 ] Epoch: [111/200][220/282] lr: 2.72e-04 | MSE loss: 8.3672e-03 | time: 0.075
I 06.08/07:21:52 solver.py:159 ] Epoch: [111/200][240/282] lr: 2.72e-04 | MSE loss: 8.3004e-03 | time: 0.074
I 06.08/07:21:54 solver.py:159 ] Epoch: [111/200][260/282] lr: 2.71e-04 | MSE loss: 8.2592e-03 | time: 0.073
I 06.08/07:21:55 solver.py:159 ] Epoch: [111/200][280/282] lr: 2.71e-04 | MSE loss: 8.2349e-03 | time: 0.073
I 06.08/07:21:55 solver.py:169 ] => Train  Loss: 8.1882e-03

I 06.08/07:21:56 solver.py:405 ] [20/32] loss: 9.3866e-03 | NMSE: -1.6770e+01 | time: 0.068
I 06.08/07:21:57 solver.py:413 ] => Test NMSE: -1.7816e+01

I 06.08/07:21:57 solver.py:345 ] => LoRA monitor [epoch=111] | trainable=2621440/2621440 | non_lora_trainable=0 | lora_l2=3.222713e+01 | lora_A_l2=1.086970e+01 | lora_B_l2=3.033872e+01 | component_l2=fc_decoder:3.222713e+01 | lora_abs_max=1.273740e-01 | delta_l2=3.110249e+01 | delta_rel=3.366746e+00 | train_loss=8.188157e-03 | test_loss=8.266944e-03 | nmse=-1.781625e+01
I 06.08/07:21:57 solver.py:224 ] 
=! Best NMSE: -1.7832e+01 (epoch=25)

I 06.08/07:21:59 solver.py:159 ] Epoch: [112/200][20/282] lr: 2.71e-04 | MSE loss: 9.4461e-03 | time: 0.068
I 06.08/07:22:00 solver.py:159 ] Epoch: [112/200][40/282] lr: 2.71e-04 | MSE loss: 8.8194e-03 | time: 0.068
I 06.08/07:22:02 solver.py:159 ] Epoch: [112/200][60/282] lr: 2.70e-04 | MSE loss: 8.8718e-03 | time: 0.085
I 06.08/07:22:05 solver.py:159 ] Epoch: [112/200][80/282] lr: 2.70e-04 | MSE loss: 7.8530e-03 | time: 0.093
I 06.08/07:22:06 solver.py:159 ] Epoch: [112/200][100/282] lr: 2.70e-04 | MSE loss: 8.2402e-03 | time: 0.089
I 06.08/07:22:07 solver.py:159 ] Epoch: [112/200][120/282] lr: 2.69e-04 | MSE loss: 7.9319e-03 | time: 0.085
I 06.08/07:22:09 solver.py:159 ] Epoch: [112/200][140/282] lr: 2.69e-04 | MSE loss: 7.9634e-03 | time: 0.082
I 06.08/07:22:10 solver.py:159 ] Epoch: [112/200][160/282] lr: 2.69e-04 | MSE loss: 7.7811e-03 | time: 0.080
I 06.08/07:22:11 solver.py:159 ] Epoch: [112/200][180/282] lr: 2.69e-04 | MSE loss: 7.8767e-03 | time: 0.078
I 06.08/07:22:13 solver.py:159 ] Epoch: [112/200][200/282] lr: 2.68e-04 | MSE loss: 7.7469e-03 | time: 0.078
I 06.08/07:22:14 solver.py:159 ] Epoch: [112/200][220/282] lr: 2.68e-04 | MSE loss: 7.9151e-03 | time: 0.077
I 06.08/07:22:15 solver.py:159 ] Epoch: [112/200][240/282] lr: 2.68e-04 | MSE loss: 7.9842e-03 | time: 0.076
I 06.08/07:22:17 solver.py:159 ] Epoch: [112/200][260/282] lr: 2.67e-04 | MSE loss: 8.0883e-03 | time: 0.076
I 06.08/07:22:18 solver.py:159 ] Epoch: [112/200][280/282] lr: 2.67e-04 | MSE loss: 8.1694e-03 | time: 0.075
I 06.08/07:22:18 solver.py:169 ] => Train  Loss: 8.1582e-03

I 06.08/07:22:20 solver.py:405 ] [20/32] loss: 9.3777e-03 | NMSE: -1.6773e+01 | time: 0.061
I 06.08/07:22:20 solver.py:413 ] => Test NMSE: -1.7821e+01

I 06.08/07:22:20 solver.py:345 ] => LoRA monitor [epoch=112] | trainable=2621440/2621440 | non_lora_trainable=0 | lora_l2=3.219998e+01 | lora_A_l2=1.085081e+01 | lora_B_l2=3.031664e+01 | component_l2=fc_decoder:3.219998e+01 | lora_abs_max=1.272092e-01 | delta_l2=3.107519e+01 | delta_rel=3.363792e+00 | train_loss=8.158190e-03 | test_loss=8.258315e-03 | nmse=-1.782079e+01
I 06.08/07:22:20 solver.py:224 ] 
=! Best NMSE: -1.7832e+01 (epoch=25)

I 06.08/07:22:22 solver.py:159 ] Epoch: [113/200][20/282] lr: 2.67e-04 | MSE loss: 8.5160e-03 | time: 0.072
I 06.08/07:22:23 solver.py:159 ] Epoch: [113/200][40/282] lr: 2.67e-04 | MSE loss: 8.4082e-03 | time: 0.076
I 06.08/07:22:25 solver.py:159 ] Epoch: [113/200][60/282] lr: 2.66e-04 | MSE loss: 8.4679e-03 | time: 0.073
I 06.08/07:22:26 solver.py:159 ] Epoch: [113/200][80/282] lr: 2.66e-04 | MSE loss: 8.4372e-03 | time: 0.072
I 06.08/07:22:27 solver.py:159 ] Epoch: [113/200][100/282] lr: 2.66e-04 | MSE loss: 8.7482e-03 | time: 0.071
I 06.08/07:22:29 solver.py:159 ] Epoch: [113/200][120/282] lr: 2.65e-04 | MSE loss: 8.5677e-03 | time: 0.071
I 06.08/07:22:30 solver.py:159 ] Epoch: [113/200][140/282] lr: 2.65e-04 | MSE loss: 8.6233e-03 | time: 0.071
I 06.08/07:22:32 solver.py:159 ] Epoch: [113/200][160/282] lr: 2.65e-04 | MSE loss: 8.3745e-03 | time: 0.071
I 06.08/07:22:33 solver.py:159 ] Epoch: [113/200][180/282] lr: 2.65e-04 | MSE loss: 8.3186e-03 | time: 0.071
I 06.08/07:22:34 solver.py:159 ] Epoch: [113/200][200/282] lr: 2.64e-04 | MSE loss: 8.0973e-03 | time: 0.070
I 06.08/07:22:36 solver.py:159 ] Epoch: [113/200][220/282] lr: 2.64e-04 | MSE loss: 8.0147e-03 | time: 0.070
I 06.08/07:22:37 solver.py:159 ] Epoch: [113/200][240/282] lr: 2.64e-04 | MSE loss: 7.8714e-03 | time: 0.070
I 06.08/07:22:38 solver.py:159 ] Epoch: [113/200][260/282] lr: 2.64e-04 | MSE loss: 7.8649e-03 | time: 0.070
I 06.08/07:22:40 solver.py:159 ] Epoch: [113/200][280/282] lr: 2.63e-04 | MSE loss: 8.1375e-03 | time: 0.069
I 06.08/07:22:40 solver.py:169 ] => Train  Loss: 8.2504e-03

I 06.08/07:22:41 solver.py:405 ] [20/32] loss: 9.3730e-03 | NMSE: -1.6774e+01 | time: 0.062
I 06.08/07:22:42 solver.py:413 ] => Test NMSE: -1.7823e+01

I 06.08/07:22:42 solver.py:345 ] => LoRA monitor [epoch=113] | trainable=2621440/2621440 | non_lora_trainable=0 | lora_l2=3.217888e+01 | lora_A_l2=1.083628e+01 | lora_B_l2=3.029942e+01 | component_l2=fc_decoder:3.217888e+01 | lora_abs_max=1.270924e-01 | delta_l2=3.105403e+01 | delta_rel=3.361501e+00 | train_loss=8.250448e-03 | test_loss=8.253497e-03 | nmse=-1.782332e+01
I 06.08/07:22:42 solver.py:224 ] 
=! Best NMSE: -1.7832e+01 (epoch=25)

I 06.08/07:22:43 solver.py:159 ] Epoch: [114/200][20/282] lr: 2.63e-04 | MSE loss: 9.6602e-03 | time: 0.072
I 06.08/07:22:45 solver.py:159 ] Epoch: [114/200][40/282] lr: 2.63e-04 | MSE loss: 8.6286e-03 | time: 0.070
I 06.08/07:22:46 solver.py:159 ] Epoch: [114/200][60/282] lr: 2.62e-04 | MSE loss: 8.5068e-03 | time: 0.067
I 06.08/07:22:47 solver.py:159 ] Epoch: [114/200][80/282] lr: 2.62e-04 | MSE loss: 8.0531e-03 | time: 0.068
I 06.08/07:22:49 solver.py:159 ] Epoch: [114/200][100/282] lr: 2.62e-04 | MSE loss: 7.8741e-03 | time: 0.067
I 06.08/07:22:50 solver.py:159 ] Epoch: [114/200][120/282] lr: 2.62e-04 | MSE loss: 7.7763e-03 | time: 0.066
I 06.08/07:22:51 solver.py:159 ] Epoch: [114/200][140/282] lr: 2.61e-04 | MSE loss: 7.8429e-03 | time: 0.067
I 06.08/07:22:53 solver.py:159 ] Epoch: [114/200][160/282] lr: 2.61e-04 | MSE loss: 7.8789e-03 | time: 0.067
I 06.08/07:22:54 solver.py:159 ] Epoch: [114/200][180/282] lr: 2.61e-04 | MSE loss: 7.8919e-03 | time: 0.067
I 06.08/07:22:55 solver.py:159 ] Epoch: [114/200][200/282] lr: 2.60e-04 | MSE loss: 7.7849e-03 | time: 0.066
I 06.08/07:22:57 solver.py:159 ] Epoch: [114/200][220/282] lr: 2.60e-04 | MSE loss: 7.9634e-03 | time: 0.066
I 06.08/07:22:58 solver.py:159 ] Epoch: [114/200][240/282] lr: 2.60e-04 | MSE loss: 7.9401e-03 | time: 0.066
I 06.08/07:22:59 solver.py:159 ] Epoch: [114/200][260/282] lr: 2.60e-04 | MSE loss: 8.0409e-03 | time: 0.067
I 06.08/07:23:01 solver.py:159 ] Epoch: [114/200][280/282] lr: 2.59e-04 | MSE loss: 8.1306e-03 | time: 0.068
I 06.08/07:23:01 solver.py:169 ] => Train  Loss: 8.1516e-03

I 06.08/07:23:04 solver.py:405 ] [20/32] loss: 9.3704e-03 | NMSE: -1.6775e+01 | time: 0.113
I 06.08/07:23:05 solver.py:413 ] => Test NMSE: -1.7825e+01

I 06.08/07:23:05 solver.py:345 ] => LoRA monitor [epoch=114] | trainable=2621440/2621440 | non_lora_trainable=0 | lora_l2=3.216082e+01 | lora_A_l2=1.082414e+01 | lora_B_l2=3.028459e+01 | component_l2=fc_decoder:3.216082e+01 | lora_abs_max=1.270164e-01 | delta_l2=3.103595e+01 | delta_rel=3.359544e+00 | train_loss=8.151568e-03 | test_loss=8.250950e-03 | nmse=-1.782466e+01
I 06.08/07:23:05 solver.py:224 ] 
=! Best NMSE: -1.7832e+01 (epoch=25)

I 06.08/07:23:06 solver.py:159 ] Epoch: [115/200][20/282] lr: 2.59e-04 | MSE loss: 7.2983e-03 | time: 0.064
I 06.08/07:23:07 solver.py:159 ] Epoch: [115/200][40/282] lr: 2.59e-04 | MSE loss: 8.3037e-03 | time: 0.064
I 06.08/07:23:09 solver.py:159 ] Epoch: [115/200][60/282] lr: 2.58e-04 | MSE loss: 8.2538e-03 | time: 0.066
I 06.08/07:23:10 solver.py:159 ] Epoch: [115/200][80/282] lr: 2.58e-04 | MSE loss: 8.3668e-03 | time: 0.067
I 06.08/07:23:11 solver.py:159 ] Epoch: [115/200][100/282] lr: 2.58e-04 | MSE loss: 8.4278e-03 | time: 0.067
I 06.08/07:23:13 solver.py:159 ] Epoch: [115/200][120/282] lr: 2.58e-04 | MSE loss: 8.5692e-03 | time: 0.065
I 06.08/07:23:14 solver.py:159 ] Epoch: [115/200][140/282] lr: 2.57e-04 | MSE loss: 8.5393e-03 | time: 0.065
I 06.08/07:23:15 solver.py:159 ] Epoch: [115/200][160/282] lr: 2.57e-04 | MSE loss: 8.5688e-03 | time: 0.066
I 06.08/07:23:17 solver.py:159 ] Epoch: [115/200][180/282] lr: 2.57e-04 | MSE loss: 8.4831e-03 | time: 0.067
I 06.08/07:23:18 solver.py:159 ] Epoch: [115/200][200/282] lr: 2.57e-04 | MSE loss: 8.3934e-03 | time: 0.067
I 06.08/07:23:19 solver.py:159 ] Epoch: [115/200][220/282] lr: 2.56e-04 | MSE loss: 8.3971e-03 | time: 0.067
I 06.08/07:23:21 solver.py:159 ] Epoch: [115/200][240/282] lr: 2.56e-04 | MSE loss: 8.1666e-03 | time: 0.067
I 06.08/07:23:22 solver.py:159 ] Epoch: [115/200][260/282] lr: 2.56e-04 | MSE loss: 8.0398e-03 | time: 0.067
I 06.08/07:23:23 solver.py:159 ] Epoch: [115/200][280/282] lr: 2.55e-04 | MSE loss: 8.1236e-03 | time: 0.067
I 06.08/07:23:23 solver.py:169 ] => Train  Loss: 8.2111e-03

I 06.08/07:23:25 solver.py:405 ] [20/32] loss: 9.3683e-03 | NMSE: -1.6776e+01 | time: 0.066
I 06.08/07:23:26 solver.py:413 ] => Test NMSE: -1.7826e+01

I 06.08/07:23:26 solver.py:345 ] => LoRA monitor [epoch=115] | trainable=2621440/2621440 | non_lora_trainable=0 | lora_l2=3.214422e+01 | lora_A_l2=1.081302e+01 | lora_B_l2=3.027094e+01 | component_l2=fc_decoder:3.214422e+01 | lora_abs_max=1.269430e-01 | delta_l2=3.101933e+01 | delta_rel=3.357745e+00 | train_loss=8.211104e-03 | test_loss=8.249037e-03 | nmse=-1.782567e+01
I 06.08/07:23:26 solver.py:224 ] 
=! Best NMSE: -1.7832e+01 (epoch=25)

I 06.08/07:23:27 solver.py:159 ] Epoch: [116/200][20/282] lr: 2.55e-04 | MSE loss: 9.2288e-03 | time: 0.070
I 06.08/07:23:28 solver.py:159 ] Epoch: [116/200][40/282] lr: 2.55e-04 | MSE loss: 8.3133e-03 | time: 0.068
I 06.08/07:23:30 solver.py:159 ] Epoch: [116/200][60/282] lr: 2.55e-04 | MSE loss: 8.5425e-03 | time: 0.065
I 06.08/07:23:31 solver.py:159 ] Epoch: [116/200][80/282] lr: 2.54e-04 | MSE loss: 8.8216e-03 | time: 0.065
I 06.08/07:23:32 solver.py:159 ] Epoch: [116/200][100/282] lr: 2.54e-04 | MSE loss: 8.5819e-03 | time: 0.066
I 06.08/07:23:33 solver.py:159 ] Epoch: [116/200][120/282] lr: 2.54e-04 | MSE loss: 8.7901e-03 | time: 0.066
I 06.08/07:23:35 solver.py:159 ] Epoch: [116/200][140/282] lr: 2.53e-04 | MSE loss: 8.8737e-03 | time: 0.066
I 06.08/07:23:36 solver.py:159 ] Epoch: [116/200][160/282] lr: 2.53e-04 | MSE loss: 8.6415e-03 | time: 0.067
I 06.08/07:23:38 solver.py:159 ] Epoch: [116/200][180/282] lr: 2.53e-04 | MSE loss: 8.4615e-03 | time: 0.067
I 06.08/07:23:39 solver.py:159 ] Epoch: [116/200][200/282] lr: 2.53e-04 | MSE loss: 8.2302e-03 | time: 0.067
I 06.08/07:23:40 solver.py:159 ] Epoch: [116/200][220/282] lr: 2.52e-04 | MSE loss: 8.2098e-03 | time: 0.067
I 06.08/07:23:42 solver.py:159 ] Epoch: [116/200][240/282] lr: 2.52e-04 | MSE loss: 8.1805e-03 | time: 0.067
I 06.08/07:23:43 solver.py:159 ] Epoch: [116/200][260/282] lr: 2.52e-04 | MSE loss: 8.0306e-03 | time: 0.067
I 06.08/07:23:44 solver.py:159 ] Epoch: [116/200][280/282] lr: 2.52e-04 | MSE loss: 8.1925e-03 | time: 0.067
I 06.08/07:23:45 solver.py:169 ] => Train  Loss: 8.1408e-03

I 06.08/07:23:46 solver.py:405 ] [20/32] loss: 9.3666e-03 | NMSE: -1.6777e+01 | time: 0.067
I 06.08/07:23:47 solver.py:413 ] => Test NMSE: -1.7827e+01

I 06.08/07:23:47 solver.py:345 ] => LoRA monitor [epoch=116] | trainable=2621440/2621440 | non_lora_trainable=0 | lora_l2=3.212897e+01 | lora_A_l2=1.080290e+01 | lora_B_l2=3.025835e+01 | component_l2=fc_decoder:3.212897e+01 | lora_abs_max=1.268454e-01 | delta_l2=3.100409e+01 | delta_rel=3.356096e+00 | train_loss=8.140760e-03 | test_loss=8.247438e-03 | nmse=-1.782651e+01
I 06.08/07:23:47 solver.py:224 ] 
=! Best NMSE: -1.7832e+01 (epoch=25)

I 06.08/07:23:48 solver.py:159 ] Epoch: [117/200][20/282] lr: 2.51e-04 | MSE loss: 9.3538e-03 | time: 0.067
I 06.08/07:23:50 solver.py:159 ] Epoch: [117/200][40/282] lr: 2.51e-04 | MSE loss: 8.4877e-03 | time: 0.069
I 06.08/07:23:51 solver.py:159 ] Epoch: [117/200][60/282] lr: 2.51e-04 | MSE loss: 8.1282e-03 | time: 0.067
I 06.08/07:23:52 solver.py:159 ] Epoch: [117/200][80/282] lr: 2.50e-04 | MSE loss: 8.7049e-03 | time: 0.065
I 06.08/07:23:53 solver.py:159 ] Epoch: [117/200][100/282] lr: 2.50e-04 | MSE loss: 8.6949e-03 | time: 0.066
I 06.08/07:23:55 solver.py:159 ] Epoch: [117/200][120/282] lr: 2.50e-04 | MSE loss: 8.3119e-03 | time: 0.065
I 06.08/07:23:56 solver.py:159 ] Epoch: [117/200][140/282] lr: 2.50e-04 | MSE loss: 8.5475e-03 | time: 0.065
I 06.08/07:23:57 solver.py:159 ] Epoch: [117/200][160/282] lr: 2.49e-04 | MSE loss: 8.6480e-03 | time: 0.066
I 06.08/07:23:59 solver.py:159 ] Epoch: [117/200][180/282] lr: 2.49e-04 | MSE loss: 8.4928e-03 | time: 0.066
I 06.08/07:24:00 solver.py:159 ] Epoch: [117/200][200/282] lr: 2.49e-04 | MSE loss: 8.3470e-03 | time: 0.066
I 06.08/07:24:03 solver.py:159 ] Epoch: [117/200][220/282] lr: 2.48e-04 | MSE loss: 8.2474e-03 | time: 0.072
I 06.08/07:24:05 solver.py:159 ] Epoch: [117/200][240/282] lr: 2.48e-04 | MSE loss: 8.2881e-03 | time: 0.075
I 06.08/07:24:06 solver.py:159 ] Epoch: [117/200][260/282] lr: 2.48e-04 | MSE loss: 8.2367e-03 | time: 0.075
I 06.08/07:24:08 solver.py:159 ] Epoch: [117/200][280/282] lr: 2.48e-04 | MSE loss: 8.1308e-03 | time: 0.074
I 06.08/07:24:08 solver.py:169 ] => Train  Loss: 8.2038e-03

I 06.08/07:24:09 solver.py:405 ] [20/32] loss: 9.3654e-03 | NMSE: -1.6777e+01 | time: 0.061
I 06.08/07:24:10 solver.py:413 ] => Test NMSE: -1.7827e+01

I 06.08/07:24:10 solver.py:345 ] => LoRA monitor [epoch=117] | trainable=2621440/2621440 | non_lora_trainable=0 | lora_l2=3.211462e+01 | lora_A_l2=1.079341e+01 | lora_B_l2=3.024651e+01 | component_l2=fc_decoder:3.211462e+01 | lora_abs_max=1.268224e-01 | delta_l2=3.098975e+01 | delta_rel=3.354543e+00 | train_loss=8.203804e-03 | test_loss=8.246228e-03 | nmse=-1.782715e+01
I 06.08/07:24:10 solver.py:224 ] 
=! Best NMSE: -1.7832e+01 (epoch=25)

I 06.08/07:24:11 solver.py:159 ] Epoch: [118/200][20/282] lr: 2.47e-04 | MSE loss: 8.2981e-03 | time: 0.067
I 06.08/07:24:12 solver.py:159 ] Epoch: [118/200][40/282] lr: 2.47e-04 | MSE loss: 9.4265e-03 | time: 0.065
I 06.08/07:24:14 solver.py:159 ] Epoch: [118/200][60/282] lr: 2.47e-04 | MSE loss: 8.6467e-03 | time: 0.068
I 06.08/07:24:15 solver.py:159 ] Epoch: [118/200][80/282] lr: 2.46e-04 | MSE loss: 8.3311e-03 | time: 0.067
I 06.08/07:24:16 solver.py:159 ] Epoch: [118/200][100/282] lr: 2.46e-04 | MSE loss: 8.3874e-03 | time: 0.066
I 06.08/07:24:18 solver.py:159 ] Epoch: [118/200][120/282] lr: 2.46e-04 | MSE loss: 8.3518e-03 | time: 0.066
I 06.08/07:24:19 solver.py:159 ] Epoch: [118/200][140/282] lr: 2.46e-04 | MSE loss: 8.3166e-03 | time: 0.065
I 06.08/07:24:20 solver.py:159 ] Epoch: [118/200][160/282] lr: 2.45e-04 | MSE loss: 8.4367e-03 | time: 0.065
I 06.08/07:24:21 solver.py:159 ] Epoch: [118/200][180/282] lr: 2.45e-04 | MSE loss: 8.3391e-03 | time: 0.065
I 06.08/07:24:23 solver.py:159 ] Epoch: [118/200][200/282] lr: 2.45e-04 | MSE loss: 8.3501e-03 | time: 0.065
I 06.08/07:24:24 solver.py:159 ] Epoch: [118/200][220/282] lr: 2.45e-04 | MSE loss: 8.4704e-03 | time: 0.066
I 06.08/07:24:26 solver.py:159 ] Epoch: [118/200][240/282] lr: 2.44e-04 | MSE loss: 8.4503e-03 | time: 0.067
I 06.08/07:24:27 solver.py:159 ] Epoch: [118/200][260/282] lr: 2.44e-04 | MSE loss: 8.3212e-03 | time: 0.067
I 06.08/07:24:28 solver.py:159 ] Epoch: [118/200][280/282] lr: 2.44e-04 | MSE loss: 8.1566e-03 | time: 0.067
I 06.08/07:24:29 solver.py:169 ] => Train  Loss: 8.2233e-03

I 06.08/07:24:30 solver.py:405 ] [20/32] loss: 9.3642e-03 | NMSE: -1.6778e+01 | time: 0.069
I 06.08/07:24:31 solver.py:413 ] => Test NMSE: -1.7828e+01

I 06.08/07:24:31 solver.py:345 ] => LoRA monitor [epoch=118] | trainable=2621440/2621440 | non_lora_trainable=0 | lora_l2=3.210076e+01 | lora_A_l2=1.078434e+01 | lora_B_l2=3.023502e+01 | component_l2=fc_decoder:3.210076e+01 | lora_abs_max=1.267937e-01 | delta_l2=3.097591e+01 | delta_rel=3.353045e+00 | train_loss=8.223333e-03 | test_loss=8.245144e-03 | nmse=-1.782772e+01
I 06.08/07:24:31 solver.py:224 ] 
=! Best NMSE: -1.7832e+01 (epoch=25)

I 06.08/07:24:32 solver.py:159 ] Epoch: [119/200][20/282] lr: 2.43e-04 | MSE loss: 7.9968e-03 | time: 0.075
I 06.08/07:24:34 solver.py:159 ] Epoch: [119/200][40/282] lr: 2.43e-04 | MSE loss: 8.2545e-03 | time: 0.071
I 06.08/07:24:35 solver.py:159 ] Epoch: [119/200][60/282] lr: 2.43e-04 | MSE loss: 7.7488e-03 | time: 0.069
I 06.08/07:24:36 solver.py:159 ] Epoch: [119/200][80/282] lr: 2.43e-04 | MSE loss: 8.4393e-03 | time: 0.068
I 06.08/07:24:38 solver.py:159 ] Epoch: [119/200][100/282] lr: 2.42e-04 | MSE loss: 8.3074e-03 | time: 0.068
I 06.08/07:24:39 solver.py:159 ] Epoch: [119/200][120/282] lr: 2.42e-04 | MSE loss: 7.9021e-03 | time: 0.068
I 06.08/07:24:40 solver.py:159 ] Epoch: [119/200][140/282] lr: 2.42e-04 | MSE loss: 8.0445e-03 | time: 0.067
I 06.08/07:24:42 solver.py:159 ] Epoch: [119/200][160/282] lr: 2.41e-04 | MSE loss: 8.2336e-03 | time: 0.067
I 06.08/07:24:43 solver.py:159 ] Epoch: [119/200][180/282] lr: 2.41e-04 | MSE loss: 8.0808e-03 | time: 0.067
I 06.08/07:24:44 solver.py:159 ] Epoch: [119/200][200/282] lr: 2.41e-04 | MSE loss: 8.0189e-03 | time: 0.067
I 06.08/07:24:46 solver.py:159 ] Epoch: [119/200][220/282] lr: 2.41e-04 | MSE loss: 8.1191e-03 | time: 0.067
I 06.08/07:24:47 solver.py:159 ] Epoch: [119/200][240/282] lr: 2.40e-04 | MSE loss: 8.2088e-03 | time: 0.067
I 06.08/07:24:48 solver.py:159 ] Epoch: [119/200][260/282] lr: 2.40e-04 | MSE loss: 8.1349e-03 | time: 0.066
I 06.08/07:24:49 solver.py:159 ] Epoch: [119/200][280/282] lr: 2.40e-04 | MSE loss: 8.1243e-03 | time: 0.066
I 06.08/07:24:49 solver.py:169 ] => Train  Loss: 8.1395e-03

I 06.08/07:24:51 solver.py:405 ] [20/32] loss: 9.3632e-03 | NMSE: -1.6778e+01 | time: 0.065
I 06.08/07:24:52 solver.py:413 ] => Test NMSE: -1.7828e+01

I 06.08/07:24:52 solver.py:345 ] => LoRA monitor [epoch=119] | trainable=2621440/2621440 | non_lora_trainable=0 | lora_l2=3.208710e+01 | lora_A_l2=1.077555e+01 | lora_B_l2=3.022366e+01 | component_l2=fc_decoder:3.208710e+01 | lora_abs_max=1.267826e-01 | delta_l2=3.096229e+01 | delta_rel=3.351571e+00 | train_loss=8.139491e-03 | test_loss=8.244272e-03 | nmse=-1.782818e+01
I 06.08/07:24:52 solver.py:224 ] 
=! Best NMSE: -1.7832e+01 (epoch=25)

I 06.08/07:24:53 solver.py:159 ] Epoch: [120/200][20/282] lr: 2.40e-04 | MSE loss: 7.5429e-03 | time: 0.071
I 06.08/07:24:54 solver.py:159 ] Epoch: [120/200][40/282] lr: 2.39e-04 | MSE loss: 7.9300e-03 | time: 0.069
I 06.08/07:24:56 solver.py:159 ] Epoch: [120/200][60/282] lr: 2.39e-04 | MSE loss: 7.7473e-03 | time: 0.069
I 06.08/07:24:57 solver.py:159 ] Epoch: [120/200][80/282] lr: 2.39e-04 | MSE loss: 7.5391e-03 | time: 0.069
I 06.08/07:24:59 solver.py:159 ] Epoch: [120/200][100/282] lr: 2.38e-04 | MSE loss: 7.7324e-03 | time: 0.070
I 06.08/07:25:00 solver.py:159 ] Epoch: [120/200][120/282] lr: 2.38e-04 | MSE loss: 8.0968e-03 | time: 0.073
I 06.08/07:25:03 solver.py:159 ] Epoch: [120/200][140/282] lr: 2.38e-04 | MSE loss: 7.9004e-03 | time: 0.081
I 06.08/07:25:05 solver.py:159 ] Epoch: [120/200][160/282] lr: 2.38e-04 | MSE loss: 7.8814e-03 | time: 0.083
I 06.08/07:25:06 solver.py:159 ] Epoch: [120/200][180/282] lr: 2.37e-04 | MSE loss: 7.7854e-03 | time: 0.082
I 06.08/07:25:08 solver.py:159 ] Epoch: [120/200][200/282] lr: 2.37e-04 | MSE loss: 7.8669e-03 | time: 0.080
I 06.08/07:25:09 solver.py:159 ] Epoch: [120/200][220/282] lr: 2.37e-04 | MSE loss: 7.9632e-03 | time: 0.079
I 06.08/07:25:11 solver.py:159 ] Epoch: [120/200][240/282] lr: 2.37e-04 | MSE loss: 8.0387e-03 | time: 0.078
I 06.08/07:25:12 solver.py:159 ] Epoch: [120/200][260/282] lr: 2.36e-04 | MSE loss: 8.0601e-03 | time: 0.077
I 06.08/07:25:13 solver.py:159 ] Epoch: [120/200][280/282] lr: 2.36e-04 | MSE loss: 8.1570e-03 | time: 0.076
I 06.08/07:25:13 solver.py:169 ] => Train  Loss: 8.1815e-03

I 06.08/07:25:14 solver.py:159 ] Epoch: [120/200][20/32] lr: 2.36e-04 | MSE loss: 9.3626e-03 | time: 0.063
I 06.08/07:25:15 solver.py:169 ] => Val  Loss: 8.0590e-03

I 06.08/07:25:16 solver.py:405 ] [20/32] loss: 9.3626e-03 | NMSE: -1.6779e+01 | time: 0.064
I 06.08/07:25:17 solver.py:413 ] => Test NMSE: -1.7828e+01

I 06.08/07:25:17 solver.py:345 ] => LoRA monitor [epoch=120] | trainable=2621440/2621440 | non_lora_trainable=0 | lora_l2=3.207374e+01 | lora_A_l2=1.076708e+01 | lora_B_l2=3.021249e+01 | component_l2=fc_decoder:3.207374e+01 | lora_abs_max=1.267750e-01 | delta_l2=3.094894e+01 | delta_rel=3.350125e+00 | train_loss=8.181480e-03 | val_loss=8.058988e-03 | test_loss=8.243730e-03 | nmse=-1.782846e+01
I 06.08/07:25:17 solver.py:224 ] 
=! Best NMSE: -1.7832e+01 (epoch=25)

I 06.08/07:25:18 solver.py:159 ] Epoch: [121/200][20/282] lr: 2.36e-04 | MSE loss: 9.6698e-03 | time: 0.064
I 06.08/07:25:19 solver.py:159 ] Epoch: [121/200][40/282] lr: 2.35e-04 | MSE loss: 9.3244e-03 | time: 0.062
I 06.08/07:25:21 solver.py:159 ] Epoch: [121/200][60/282] lr: 2.35e-04 | MSE loss: 8.9378e-03 | time: 0.064
I 06.08/07:25:22 solver.py:159 ] Epoch: [121/200][80/282] lr: 2.35e-04 | MSE loss: 8.7929e-03 | time: 0.065
I 06.08/07:25:23 solver.py:159 ] Epoch: [121/200][100/282] lr: 2.35e-04 | MSE loss: 8.3521e-03 | time: 0.064
I 06.08/07:25:25 solver.py:159 ] Epoch: [121/200][120/282] lr: 2.34e-04 | MSE loss: 8.1689e-03 | time: 0.065
I 06.08/07:25:26 solver.py:159 ] Epoch: [121/200][140/282] lr: 2.34e-04 | MSE loss: 8.0220e-03 | time: 0.065
I 06.08/07:25:27 solver.py:159 ] Epoch: [121/200][160/282] lr: 2.34e-04 | MSE loss: 8.2106e-03 | time: 0.065
I 06.08/07:25:29 solver.py:159 ] Epoch: [121/200][180/282] lr: 2.33e-04 | MSE loss: 8.1273e-03 | time: 0.065
I 06.08/07:25:30 solver.py:159 ] Epoch: [121/200][200/282] lr: 2.33e-04 | MSE loss: 8.1320e-03 | time: 0.065
I 06.08/07:25:31 solver.py:159 ] Epoch: [121/200][220/282] lr: 2.33e-04 | MSE loss: 8.2620e-03 | time: 0.065
I 06.08/07:25:33 solver.py:159 ] Epoch: [121/200][240/282] lr: 2.33e-04 | MSE loss: 8.3411e-03 | time: 0.065
I 06.08/07:25:34 solver.py:159 ] Epoch: [121/200][260/282] lr: 2.32e-04 | MSE loss: 8.3028e-03 | time: 0.065
I 06.08/07:25:35 solver.py:159 ] Epoch: [121/200][280/282] lr: 2.32e-04 | MSE loss: 8.1646e-03 | time: 0.065
I 06.08/07:25:35 solver.py:169 ] => Train  Loss: 8.1360e-03

I 06.08/07:25:37 solver.py:405 ] [20/32] loss: 9.3620e-03 | NMSE: -1.6779e+01 | time: 0.059
I 06.08/07:25:37 solver.py:413 ] => Test NMSE: -1.7829e+01

I 06.08/07:25:37 solver.py:345 ] => LoRA monitor [epoch=121] | trainable=2621440/2621440 | non_lora_trainable=0 | lora_l2=3.206029e+01 | lora_A_l2=1.075882e+01 | lora_B_l2=3.020115e+01 | component_l2=fc_decoder:3.206029e+01 | lora_abs_max=1.267900e-01 | delta_l2=3.093546e+01 | delta_rel=3.348667e+00 | train_loss=8.136014e-03 | test_loss=8.243171e-03 | nmse=-1.782876e+01
I 06.08/07:25:37 solver.py:224 ] 
=! Best NMSE: -1.7832e+01 (epoch=25)

I 06.08/07:25:39 solver.py:159 ] Epoch: [122/200][20/282] lr: 2.32e-04 | MSE loss: 6.8430e-03 | time: 0.061
I 06.08/07:25:40 solver.py:159 ] Epoch: [122/200][40/282] lr: 2.32e-04 | MSE loss: 7.7683e-03 | time: 0.063
I 06.08/07:25:41 solver.py:159 ] Epoch: [122/200][60/282] lr: 2.31e-04 | MSE loss: 8.0311e-03 | time: 0.064
I 06.08/07:25:42 solver.py:159 ] Epoch: [122/200][80/282] lr: 2.31e-04 | MSE loss: 8.4115e-03 | time: 0.064
I 06.08/07:25:43 solver.py:159 ] Epoch: [122/200][100/282] lr: 2.31e-04 | MSE loss: 8.3846e-03 | time: 0.062
I 06.08/07:25:45 solver.py:159 ] Epoch: [122/200][120/282] lr: 2.30e-04 | MSE loss: 8.3242e-03 | time: 0.063
I 06.08/07:25:46 solver.py:159 ] Epoch: [122/200][140/282] lr: 2.30e-04 | MSE loss: 8.3695e-03 | time: 0.064
I 06.08/07:25:47 solver.py:159 ] Epoch: [122/200][160/282] lr: 2.30e-04 | MSE loss: 8.2087e-03 | time: 0.064
I 06.08/07:25:49 solver.py:159 ] Epoch: [122/200][180/282] lr: 2.30e-04 | MSE loss: 8.2631e-03 | time: 0.063
I 06.08/07:25:50 solver.py:159 ] Epoch: [122/200][200/282] lr: 2.29e-04 | MSE loss: 8.3971e-03 | time: 0.063
I 06.08/07:25:51 solver.py:159 ] Epoch: [122/200][220/282] lr: 2.29e-04 | MSE loss: 8.4338e-03 | time: 0.064
I 06.08/07:25:53 solver.py:159 ] Epoch: [122/200][240/282] lr: 2.29e-04 | MSE loss: 8.3891e-03 | time: 0.064
I 06.08/07:25:54 solver.py:159 ] Epoch: [122/200][260/282] lr: 2.29e-04 | MSE loss: 8.4210e-03 | time: 0.064
I 06.08/07:25:55 solver.py:159 ] Epoch: [122/200][280/282] lr: 2.28e-04 | MSE loss: 8.1616e-03 | time: 0.065
I 06.08/07:25:55 solver.py:169 ] => Train  Loss: 8.1373e-03

I 06.08/07:25:57 solver.py:405 ] [20/32] loss: 9.3647e-03 | NMSE: -1.6778e+01 | time: 0.062
I 06.08/07:25:57 solver.py:413 ] => Test NMSE: -1.7827e+01

I 06.08/07:25:57 solver.py:345 ] => LoRA monitor [epoch=122] | trainable=2621440/2621440 | non_lora_trainable=0 | lora_l2=3.204192e+01 | lora_A_l2=1.075099e+01 | lora_B_l2=3.018444e+01 | component_l2=fc_decoder:3.204192e+01 | lora_abs_max=1.267347e-01 | delta_l2=3.091689e+01 | delta_rel=3.346657e+00 | train_loss=8.137295e-03 | test_loss=8.246067e-03 | nmse=-1.782723e+01
I 06.08/07:25:57 solver.py:224 ] 
=! Best NMSE: -1.7832e+01 (epoch=25)

I 06.08/07:25:59 solver.py:159 ] Epoch: [123/200][20/282] lr: 2.28e-04 | MSE loss: 9.8935e-03 | time: 0.068
I 06.08/07:26:00 solver.py:159 ] Epoch: [123/200][40/282] lr: 2.28e-04 | MSE loss: 8.6180e-03 | time: 0.066
I 06.08/07:26:02 solver.py:159 ] Epoch: [123/200][60/282] lr: 2.27e-04 | MSE loss: 8.4423e-03 | time: 0.077
I 06.08/07:26:04 solver.py:159 ] Epoch: [123/200][80/282] lr: 2.27e-04 | MSE loss: 8.2493e-03 | time: 0.086
I 06.08/07:26:06 solver.py:159 ] Epoch: [123/200][100/282] lr: 2.27e-04 | MSE loss: 8.1796e-03 | time: 0.081
I 06.08/07:26:07 solver.py:159 ] Epoch: [123/200][120/282] lr: 2.27e-04 | MSE loss: 8.4971e-03 | time: 0.078
I 06.08/07:26:08 solver.py:159 ] Epoch: [123/200][140/282] lr: 2.26e-04 | MSE loss: 8.3186e-03 | time: 0.075
I 06.08/07:26:09 solver.py:159 ] Epoch: [123/200][160/282] lr: 2.26e-04 | MSE loss: 8.2630e-03 | time: 0.073
I 06.08/07:26:10 solver.py:159 ] Epoch: [123/200][180/282] lr: 2.26e-04 | MSE loss: 8.0629e-03 | time: 0.072
I 06.08/07:26:12 solver.py:159 ] Epoch: [123/200][200/282] lr: 2.25e-04 | MSE loss: 7.9827e-03 | time: 0.071
I 06.08/07:26:13 solver.py:159 ] Epoch: [123/200][220/282] lr: 2.25e-04 | MSE loss: 8.0746e-03 | time: 0.070
I 06.08/07:26:14 solver.py:159 ] Epoch: [123/200][240/282] lr: 2.25e-04 | MSE loss: 8.1975e-03 | time: 0.069
I 06.08/07:26:15 solver.py:159 ] Epoch: [123/200][260/282] lr: 2.25e-04 | MSE loss: 8.2004e-03 | time: 0.069
I 06.08/07:26:16 solver.py:159 ] Epoch: [123/200][280/282] lr: 2.24e-04 | MSE loss: 8.1182e-03 | time: 0.068
I 06.08/07:26:17 solver.py:169 ] => Train  Loss: 8.1718e-03

I 06.08/07:26:18 solver.py:405 ] [20/32] loss: 9.3651e-03 | NMSE: -1.6777e+01 | time: 0.055
I 06.08/07:26:18 solver.py:413 ] => Test NMSE: -1.7827e+01

I 06.08/07:26:18 solver.py:345 ] => LoRA monitor [epoch=123] | trainable=2621440/2621440 | non_lora_trainable=0 | lora_l2=3.198715e+01 | lora_A_l2=1.074315e+01 | lora_B_l2=3.012909e+01 | component_l2=fc_decoder:3.198715e+01 | lora_abs_max=1.259093e-01 | delta_l2=3.086053e+01 | delta_rel=3.340556e+00 | train_loss=8.171785e-03 | test_loss=8.246131e-03 | nmse=-1.782720e+01
I 06.08/07:26:18 solver.py:224 ] 
=! Best NMSE: -1.7832e+01 (epoch=25)

I 06.08/07:26:20 solver.py:159 ] Epoch: [124/200][20/282] lr: 2.24e-04 | MSE loss: 9.2487e-03 | time: 0.061
I 06.08/07:26:21 solver.py:159 ] Epoch: [124/200][40/282] lr: 2.24e-04 | MSE loss: 8.8642e-03 | time: 0.059
I 06.08/07:26:22 solver.py:159 ] Epoch: [124/200][60/282] lr: 2.24e-04 | MSE loss: 8.5300e-03 | time: 0.060
I 06.08/07:26:23 solver.py:159 ] Epoch: [124/200][80/282] lr: 2.23e-04 | MSE loss: 8.2388e-03 | time: 0.062
I 06.08/07:26:25 solver.py:159 ] Epoch: [124/200][100/282] lr: 2.23e-04 | MSE loss: 8.2460e-03 | time: 0.063
I 06.08/07:26:26 solver.py:159 ] Epoch: [124/200][120/282] lr: 2.23e-04 | MSE loss: 8.3483e-03 | time: 0.062
I 06.08/07:26:27 solver.py:159 ] Epoch: [124/200][140/282] lr: 2.22e-04 | MSE loss: 8.3079e-03 | time: 0.063
I 06.08/07:26:28 solver.py:159 ] Epoch: [124/200][160/282] lr: 2.22e-04 | MSE loss: 8.5165e-03 | time: 0.063
I 06.08/07:26:30 solver.py:159 ] Epoch: [124/200][180/282] lr: 2.22e-04 | MSE loss: 8.5259e-03 | time: 0.063
I 06.08/07:26:31 solver.py:159 ] Epoch: [124/200][200/282] lr: 2.22e-04 | MSE loss: 8.3419e-03 | time: 0.063
I 06.08/07:26:32 solver.py:159 ] Epoch: [124/200][220/282] lr: 2.21e-04 | MSE loss: 8.2124e-03 | time: 0.063
I 06.08/07:26:33 solver.py:159 ] Epoch: [124/200][240/282] lr: 2.21e-04 | MSE loss: 8.3992e-03 | time: 0.063
I 06.08/07:26:35 solver.py:159 ] Epoch: [124/200][260/282] lr: 2.21e-04 | MSE loss: 8.3125e-03 | time: 0.063
I 06.08/07:26:36 solver.py:159 ] Epoch: [124/200][280/282] lr: 2.21e-04 | MSE loss: 8.1749e-03 | time: 0.063
I 06.08/07:26:36 solver.py:169 ] => Train  Loss: 8.1486e-03

I 06.08/07:26:37 solver.py:405 ] [20/32] loss: 9.3642e-03 | NMSE: -1.6778e+01 | time: 0.050
I 06.08/07:26:38 solver.py:413 ] => Test NMSE: -1.7828e+01

I 06.08/07:26:38 solver.py:345 ] => LoRA monitor [epoch=124] | trainable=2621440/2621440 | non_lora_trainable=0 | lora_l2=3.196719e+01 | lora_A_l2=1.073577e+01 | lora_B_l2=3.011054e+01 | component_l2=fc_decoder:3.196719e+01 | lora_abs_max=1.257816e-01 | delta_l2=3.084030e+01 | delta_rel=3.338366e+00 | train_loss=8.148553e-03 | test_loss=8.245265e-03 | nmse=-1.782765e+01
I 06.08/07:26:38 solver.py:224 ] 
=! Best NMSE: -1.7832e+01 (epoch=25)

I 06.08/07:26:39 solver.py:159 ] Epoch: [125/200][20/282] lr: 2.20e-04 | MSE loss: 8.6383e-03 | time: 0.063
I 06.08/07:26:40 solver.py:159 ] Epoch: [125/200][40/282] lr: 2.20e-04 | MSE loss: 7.2954e-03 | time: 0.064
I 06.08/07:26:42 solver.py:159 ] Epoch: [125/200][60/282] lr: 2.20e-04 | MSE loss: 8.2873e-03 | time: 0.065
I 06.08/07:26:43 solver.py:159 ] Epoch: [125/200][80/282] lr: 2.19e-04 | MSE loss: 7.9512e-03 | time: 0.066
I 06.08/07:26:44 solver.py:159 ] Epoch: [125/200][100/282] lr: 2.19e-04 | MSE loss: 7.8265e-03 | time: 0.066
I 06.08/07:26:46 solver.py:159 ] Epoch: [125/200][120/282] lr: 2.19e-04 | MSE loss: 7.7563e-03 | time: 0.066
I 06.08/07:26:47 solver.py:159 ] Epoch: [125/200][140/282] lr: 2.19e-04 | MSE loss: 7.7018e-03 | time: 0.065
I 06.08/07:26:48 solver.py:159 ] Epoch: [125/200][160/282] lr: 2.18e-04 | MSE loss: 7.8572e-03 | time: 0.065
I 06.08/07:26:50 solver.py:159 ] Epoch: [125/200][180/282] lr: 2.18e-04 | MSE loss: 7.9017e-03 | time: 0.065
I 06.08/07:26:51 solver.py:159 ] Epoch: [125/200][200/282] lr: 2.18e-04 | MSE loss: 8.0840e-03 | time: 0.065
I 06.08/07:26:52 solver.py:159 ] Epoch: [125/200][220/282] lr: 2.18e-04 | MSE loss: 8.0723e-03 | time: 0.065
I 06.08/07:26:53 solver.py:159 ] Epoch: [125/200][240/282] lr: 2.17e-04 | MSE loss: 8.1360e-03 | time: 0.065
I 06.08/07:26:55 solver.py:159 ] Epoch: [125/200][260/282] lr: 2.17e-04 | MSE loss: 8.2570e-03 | time: 0.064
I 06.08/07:26:56 solver.py:159 ] Epoch: [125/200][280/282] lr: 2.17e-04 | MSE loss: 8.1931e-03 | time: 0.064
I 06.08/07:26:56 solver.py:169 ] => Train  Loss: 8.1435e-03

I 06.08/07:26:57 solver.py:405 ] [20/32] loss: 9.3643e-03 | NMSE: -1.6778e+01 | time: 0.057
I 06.08/07:26:58 solver.py:413 ] => Test NMSE: -1.7827e+01

I 06.08/07:26:58 solver.py:345 ] => LoRA monitor [epoch=125] | trainable=2621440/2621440 | non_lora_trainable=0 | lora_l2=3.192629e+01 | lora_A_l2=1.072867e+01 | lora_B_l2=3.006965e+01 | component_l2=fc_decoder:3.192629e+01 | lora_abs_max=1.257393e-01 | delta_l2=3.079841e+01 | delta_rel=3.333831e+00 | train_loss=8.143536e-03 | test_loss=8.245995e-03 | nmse=-1.782727e+01
I 06.08/07:26:58 solver.py:224 ] 
=! Best NMSE: -1.7832e+01 (epoch=25)

I 06.08/07:26:59 solver.py:159 ] Epoch: [126/200][20/282] lr: 2.16e-04 | MSE loss: 9.3096e-03 | time: 0.065
I 06.08/07:27:01 solver.py:159 ] Epoch: [126/200][40/282] lr: 2.16e-04 | MSE loss: 8.7693e-03 | time: 0.070
I 06.08/07:27:03 solver.py:159 ] Epoch: [126/200][60/282] lr: 2.16e-04 | MSE loss: 8.3352e-03 | time: 0.081
I 06.08/07:27:04 solver.py:159 ] Epoch: [126/200][80/282] lr: 2.16e-04 | MSE loss: 8.1537e-03 | time: 0.084
I 06.08/07:27:06 solver.py:159 ] Epoch: [126/200][100/282] lr: 2.15e-04 | MSE loss: 7.9100e-03 | time: 0.080
I 06.08/07:27:07 solver.py:159 ] Epoch: [126/200][120/282] lr: 2.15e-04 | MSE loss: 7.7032e-03 | time: 0.077
I 06.08/07:27:08 solver.py:159 ] Epoch: [126/200][140/282] lr: 2.15e-04 | MSE loss: 7.8213e-03 | time: 0.076
I 06.08/07:27:10 solver.py:159 ] Epoch: [126/200][160/282] lr: 2.15e-04 | MSE loss: 7.7785e-03 | time: 0.075
I 06.08/07:27:11 solver.py:159 ] Epoch: [126/200][180/282] lr: 2.14e-04 | MSE loss: 7.8452e-03 | time: 0.073
I 06.08/07:27:12 solver.py:159 ] Epoch: [126/200][200/282] lr: 2.14e-04 | MSE loss: 8.0573e-03 | time: 0.072
I 06.08/07:27:14 solver.py:159 ] Epoch: [126/200][220/282] lr: 2.14e-04 | MSE loss: 8.0438e-03 | time: 0.072
I 06.08/07:27:15 solver.py:159 ] Epoch: [126/200][240/282] lr: 2.14e-04 | MSE loss: 7.9525e-03 | time: 0.071
I 06.08/07:27:16 solver.py:159 ] Epoch: [126/200][260/282] lr: 2.13e-04 | MSE loss: 8.0218e-03 | time: 0.071
I 06.08/07:27:18 solver.py:159 ] Epoch: [126/200][280/282] lr: 2.13e-04 | MSE loss: 8.1782e-03 | time: 0.071
I 06.08/07:27:18 solver.py:169 ] => Train  Loss: 8.1626e-03

I 06.08/07:27:19 solver.py:405 ] [20/32] loss: 9.4028e-03 | NMSE: -1.6765e+01 | time: 0.063
I 06.08/07:27:20 solver.py:413 ] => Test NMSE: -1.7806e+01

I 06.08/07:27:20 solver.py:345 ] => LoRA monitor [epoch=126] | trainable=2621440/2621440 | non_lora_trainable=0 | lora_l2=3.188361e+01 | lora_A_l2=1.072296e+01 | lora_B_l2=3.002637e+01 | component_l2=fc_decoder:3.188361e+01 | lora_abs_max=1.255014e-01 | delta_l2=3.075445e+01 | delta_rel=3.329073e+00 | train_loss=8.162642e-03 | test_loss=8.286006e-03 | nmse=-1.780625e+01
I 06.08/07:27:20 solver.py:224 ] 
=! Best NMSE: -1.7832e+01 (epoch=25)

I 06.08/07:27:21 solver.py:159 ] Epoch: [127/200][20/282] lr: 2.13e-04 | MSE loss: 1.0485e-02 | time: 0.063
I 06.08/07:27:22 solver.py:159 ] Epoch: [127/200][40/282] lr: 2.12e-04 | MSE loss: 1.0104e-02 | time: 0.062
I 06.08/07:27:23 solver.py:159 ] Epoch: [127/200][60/282] lr: 2.12e-04 | MSE loss: 8.3445e-03 | time: 0.062
I 06.08/07:27:25 solver.py:159 ] Epoch: [127/200][80/282] lr: 2.12e-04 | MSE loss: 8.1527e-03 | time: 0.063
I 06.08/07:27:26 solver.py:159 ] Epoch: [127/200][100/282] lr: 2.12e-04 | MSE loss: 8.3031e-03 | time: 0.062
I 06.08/07:27:27 solver.py:159 ] Epoch: [127/200][120/282] lr: 2.11e-04 | MSE loss: 8.2173e-03 | time: 0.063
I 06.08/07:27:28 solver.py:159 ] Epoch: [127/200][140/282] lr: 2.11e-04 | MSE loss: 8.0120e-03 | time: 0.062
I 06.08/07:27:30 solver.py:159 ] Epoch: [127/200][160/282] lr: 2.11e-04 | MSE loss: 7.8877e-03 | time: 0.063
I 06.08/07:27:31 solver.py:159 ] Epoch: [127/200][180/282] lr: 2.11e-04 | MSE loss: 8.0400e-03 | time: 0.063
I 06.08/07:27:32 solver.py:159 ] Epoch: [127/200][200/282] lr: 2.10e-04 | MSE loss: 8.1258e-03 | time: 0.063
I 06.08/07:27:34 solver.py:159 ] Epoch: [127/200][220/282] lr: 2.10e-04 | MSE loss: 8.0099e-03 | time: 0.063
I 06.08/07:27:35 solver.py:159 ] Epoch: [127/200][240/282] lr: 2.10e-04 | MSE loss: 8.0781e-03 | time: 0.063
I 06.08/07:27:36 solver.py:159 ] Epoch: [127/200][260/282] lr: 2.10e-04 | MSE loss: 8.1238e-03 | time: 0.063
I 06.08/07:27:37 solver.py:159 ] Epoch: [127/200][280/282] lr: 2.09e-04 | MSE loss: 8.1721e-03 | time: 0.063
I 06.08/07:27:37 solver.py:169 ] => Train  Loss: 8.1694e-03

I 06.08/07:27:39 solver.py:405 ] [20/32] loss: 9.3667e-03 | NMSE: -1.6777e+01 | time: 0.058
I 06.08/07:27:39 solver.py:413 ] => Test NMSE: -1.7826e+01

I 06.08/07:27:39 solver.py:345 ] => LoRA monitor [epoch=127] | trainable=2621440/2621440 | non_lora_trainable=0 | lora_l2=3.175883e+01 | lora_A_l2=1.071536e+01 | lora_B_l2=2.989656e+01 | component_l2=fc_decoder:3.175883e+01 | lora_abs_max=1.252356e-01 | delta_l2=3.062556e+01 | delta_rel=3.315121e+00 | train_loss=8.169412e-03 | test_loss=8.247799e-03 | nmse=-1.782632e+01
I 06.08/07:27:39 solver.py:224 ] 
=! Best NMSE: -1.7832e+01 (epoch=25)

I 06.08/07:27:41 solver.py:159 ] Epoch: [128/200][20/282] lr: 2.09e-04 | MSE loss: 6.5299e-03 | time: 0.061
I 06.08/07:27:42 solver.py:159 ] Epoch: [128/200][40/282] lr: 2.09e-04 | MSE loss: 7.2269e-03 | time: 0.063
I 06.08/07:27:43 solver.py:159 ] Epoch: [128/200][60/282] lr: 2.08e-04 | MSE loss: 7.1099e-03 | time: 0.063
I 06.08/07:27:45 solver.py:159 ] Epoch: [128/200][80/282] lr: 2.08e-04 | MSE loss: 8.0821e-03 | time: 0.064
I 06.08/07:27:46 solver.py:159 ] Epoch: [128/200][100/282] lr: 2.08e-04 | MSE loss: 7.6791e-03 | time: 0.064
I 06.08/07:27:47 solver.py:159 ] Epoch: [128/200][120/282] lr: 2.08e-04 | MSE loss: 7.7645e-03 | time: 0.064
I 06.08/07:27:48 solver.py:159 ] Epoch: [128/200][140/282] lr: 2.07e-04 | MSE loss: 7.9175e-03 | time: 0.065
I 06.08/07:27:50 solver.py:159 ] Epoch: [128/200][160/282] lr: 2.07e-04 | MSE loss: 7.8219e-03 | time: 0.065
I 06.08/07:27:51 solver.py:159 ] Epoch: [128/200][180/282] lr: 2.07e-04 | MSE loss: 7.9415e-03 | time: 0.064
I 06.08/07:27:52 solver.py:159 ] Epoch: [128/200][200/282] lr: 2.07e-04 | MSE loss: 8.2087e-03 | time: 0.065
I 06.08/07:27:54 solver.py:159 ] Epoch: [128/200][220/282] lr: 2.06e-04 | MSE loss: 8.1774e-03 | time: 0.065
I 06.08/07:27:55 solver.py:159 ] Epoch: [128/200][240/282] lr: 2.06e-04 | MSE loss: 8.1834e-03 | time: 0.065
I 06.08/07:27:56 solver.py:159 ] Epoch: [128/200][260/282] lr: 2.06e-04 | MSE loss: 8.1064e-03 | time: 0.065
I 06.08/07:27:57 solver.py:159 ] Epoch: [128/200][280/282] lr: 2.05e-04 | MSE loss: 8.1525e-03 | time: 0.064
I 06.08/07:27:57 solver.py:169 ] => Train  Loss: 8.1436e-03

I 06.08/07:27:59 solver.py:405 ] [20/32] loss: 9.3589e-03 | NMSE: -1.6780e+01 | time: 0.064
I 06.08/07:27:59 solver.py:413 ] => Test NMSE: -1.7830e+01

I 06.08/07:28:00 solver.py:345 ] => LoRA monitor [epoch=128] | trainable=2621440/2621440 | non_lora_trainable=0 | lora_l2=3.168196e+01 | lora_A_l2=1.070804e+01 | lora_B_l2=2.981752e+01 | component_l2=fc_decoder:3.168196e+01 | lora_abs_max=1.238950e-01 | delta_l2=3.054636e+01 | delta_rel=3.306547e+00 | train_loss=8.143645e-03 | test_loss=8.240310e-03 | nmse=-1.783027e+01
I 06.08/07:28:00 solver.py:224 ] 
=! Best NMSE: -1.7832e+01 (epoch=25)

I 06.08/07:28:01 solver.py:159 ] Epoch: [129/200][20/282] lr: 2.05e-04 | MSE loss: 5.3386e-03 | time: 0.078
I 06.08/07:28:04 solver.py:159 ] Epoch: [129/200][40/282] lr: 2.05e-04 | MSE loss: 7.3997e-03 | time: 0.102
I 06.08/07:28:05 solver.py:159 ] Epoch: [129/200][60/282] lr: 2.05e-04 | MSE loss: 8.6821e-03 | time: 0.095
I 06.08/07:28:07 solver.py:159 ] Epoch: [129/200][80/282] lr: 2.04e-04 | MSE loss: 8.8042e-03 | time: 0.087
I 06.08/07:28:08 solver.py:159 ] Epoch: [129/200][100/282] lr: 2.04e-04 | MSE loss: 8.6035e-03 | time: 0.083
I 06.08/07:28:09 solver.py:159 ] Epoch: [129/200][120/282] lr: 2.04e-04 | MSE loss: 8.3378e-03 | time: 0.079
I 06.08/07:28:10 solver.py:159 ] Epoch: [129/200][140/282] lr: 2.04e-04 | MSE loss: 8.2272e-03 | time: 0.077
I 06.08/07:28:12 solver.py:159 ] Epoch: [129/200][160/282] lr: 2.03e-04 | MSE loss: 8.0009e-03 | time: 0.076
I 06.08/07:28:13 solver.py:159 ] Epoch: [129/200][180/282] lr: 2.03e-04 | MSE loss: 7.8359e-03 | time: 0.075
I 06.08/07:28:14 solver.py:159 ] Epoch: [129/200][200/282] lr: 2.03e-04 | MSE loss: 7.9031e-03 | time: 0.074
I 06.08/07:28:16 solver.py:159 ] Epoch: [129/200][220/282] lr: 2.03e-04 | MSE loss: 7.9347e-03 | time: 0.073
I 06.08/07:28:17 solver.py:159 ] Epoch: [129/200][240/282] lr: 2.02e-04 | MSE loss: 7.9509e-03 | time: 0.073
I 06.08/07:28:18 solver.py:159 ] Epoch: [129/200][260/282] lr: 2.02e-04 | MSE loss: 8.1173e-03 | time: 0.072
I 06.08/07:28:20 solver.py:159 ] Epoch: [129/200][280/282] lr: 2.02e-04 | MSE loss: 8.1184e-03 | time: 0.071
I 06.08/07:28:20 solver.py:169 ] => Train  Loss: 8.1441e-03

I 06.08/07:28:21 solver.py:405 ] [20/32] loss: 9.3593e-03 | NMSE: -1.6780e+01 | time: 0.059
I 06.08/07:28:22 solver.py:413 ] => Test NMSE: -1.7830e+01

I 06.08/07:28:22 solver.py:345 ] => LoRA monitor [epoch=129] | trainable=2621440/2621440 | non_lora_trainable=0 | lora_l2=3.166555e+01 | lora_A_l2=1.070267e+01 | lora_B_l2=2.980201e+01 | component_l2=fc_decoder:3.166555e+01 | lora_abs_max=1.237366e-01 | delta_l2=3.052951e+01 | delta_rel=3.304724e+00 | train_loss=8.144068e-03 | test_loss=8.240807e-03 | nmse=-1.783000e+01
I 06.08/07:28:22 solver.py:224 ] 
=! Best NMSE: -1.7832e+01 (epoch=25)

I 06.08/07:28:23 solver.py:159 ] Epoch: [130/200][20/282] lr: 2.01e-04 | MSE loss: 7.3989e-03 | time: 0.070
I 06.08/07:28:24 solver.py:159 ] Epoch: [130/200][40/282] lr: 2.01e-04 | MSE loss: 7.4094e-03 | time: 0.066
I 06.08/07:28:26 solver.py:159 ] Epoch: [130/200][60/282] lr: 2.01e-04 | MSE loss: 7.9093e-03 | time: 0.066
I 06.08/07:28:27 solver.py:159 ] Epoch: [130/200][80/282] lr: 2.01e-04 | MSE loss: 7.7937e-03 | time: 0.065
I 06.08/07:28:28 solver.py:159 ] Epoch: [130/200][100/282] lr: 2.00e-04 | MSE loss: 8.5894e-03 | time: 0.064
I 06.08/07:28:29 solver.py:159 ] Epoch: [130/200][120/282] lr: 2.00e-04 | MSE loss: 8.3207e-03 | time: 0.064
I 06.08/07:28:31 solver.py:159 ] Epoch: [130/200][140/282] lr: 2.00e-04 | MSE loss: 8.1619e-03 | time: 0.064
I 06.08/07:28:32 solver.py:159 ] Epoch: [130/200][160/282] lr: 2.00e-04 | MSE loss: 8.1874e-03 | time: 0.065
I 06.08/07:28:33 solver.py:159 ] Epoch: [130/200][180/282] lr: 1.99e-04 | MSE loss: 8.1505e-03 | time: 0.065
I 06.08/07:28:35 solver.py:159 ] Epoch: [130/200][200/282] lr: 1.99e-04 | MSE loss: 8.0254e-03 | time: 0.066
I 06.08/07:28:36 solver.py:159 ] Epoch: [130/200][220/282] lr: 1.99e-04 | MSE loss: 8.0131e-03 | time: 0.066
I 06.08/07:28:37 solver.py:159 ] Epoch: [130/200][240/282] lr: 1.99e-04 | MSE loss: 7.9414e-03 | time: 0.065
I 06.08/07:28:39 solver.py:159 ] Epoch: [130/200][260/282] lr: 1.98e-04 | MSE loss: 8.0308e-03 | time: 0.066
I 06.08/07:28:40 solver.py:159 ] Epoch: [130/200][280/282] lr: 1.98e-04 | MSE loss: 8.1669e-03 | time: 0.066
I 06.08/07:28:40 solver.py:169 ] => Train  Loss: 8.1594e-03

I 06.08/07:28:42 solver.py:159 ] Epoch: [130/200][20/32] lr: 1.98e-04 | MSE loss: 9.3610e-03 | time: 0.059
I 06.08/07:28:42 solver.py:169 ] => Val  Loss: 8.0585e-03

I 06.08/07:28:43 solver.py:405 ] [20/32] loss: 9.3610e-03 | NMSE: -1.6779e+01 | time: 0.059
I 06.08/07:28:44 solver.py:413 ] => Test NMSE: -1.7829e+01

I 06.08/07:28:44 solver.py:345 ] => LoRA monitor [epoch=130] | trainable=2621440/2621440 | non_lora_trainable=0 | lora_l2=3.164485e+01 | lora_A_l2=1.069751e+01 | lora_B_l2=2.978187e+01 | component_l2=fc_decoder:3.164485e+01 | lora_abs_max=1.238313e-01 | delta_l2=3.050840e+01 | delta_rel=3.302438e+00 | train_loss=8.159360e-03 | val_loss=8.058469e-03 | test_loss=8.243102e-03 | nmse=-1.782880e+01
I 06.08/07:28:44 solver.py:224 ] 
=! Best NMSE: -1.7832e+01 (epoch=25)

I 06.08/07:28:45 solver.py:159 ] Epoch: [131/200][20/282] lr: 1.98e-04 | MSE loss: 7.8782e-03 | time: 0.053
I 06.08/07:28:46 solver.py:159 ] Epoch: [131/200][40/282] lr: 1.98e-04 | MSE loss: 8.5662e-03 | time: 0.056
I 06.08/07:28:47 solver.py:159 ] Epoch: [131/200][60/282] lr: 1.97e-04 | MSE loss: 8.0920e-03 | time: 0.058
I 06.08/07:28:49 solver.py:159 ] Epoch: [131/200][80/282] lr: 1.97e-04 | MSE loss: 8.0062e-03 | time: 0.059
I 06.08/07:28:50 solver.py:159 ] Epoch: [131/200][100/282] lr: 1.97e-04 | MSE loss: 8.2125e-03 | time: 0.057
I 06.08/07:28:51 solver.py:159 ] Epoch: [131/200][120/282] lr: 1.96e-04 | MSE loss: 8.0695e-03 | time: 0.055
I 06.08/07:28:52 solver.py:159 ] Epoch: [131/200][140/282] lr: 1.96e-04 | MSE loss: 8.2618e-03 | time: 0.054
I 06.08/07:28:52 solver.py:159 ] Epoch: [131/200][160/282] lr: 1.96e-04 | MSE loss: 7.8742e-03 | time: 0.053
I 06.08/07:28:53 solver.py:159 ] Epoch: [131/200][180/282] lr: 1.96e-04 | MSE loss: 8.1381e-03 | time: 0.052
I 06.08/07:28:54 solver.py:159 ] Epoch: [131/200][200/282] lr: 1.95e-04 | MSE loss: 8.1693e-03 | time: 0.051
I 06.08/07:28:55 solver.py:159 ] Epoch: [131/200][220/282] lr: 1.95e-04 | MSE loss: 8.1378e-03 | time: 0.051
I 06.08/07:28:56 solver.py:159 ] Epoch: [131/200][240/282] lr: 1.95e-04 | MSE loss: 8.2246e-03 | time: 0.050
I 06.08/07:28:57 solver.py:159 ] Epoch: [131/200][260/282] lr: 1.95e-04 | MSE loss: 8.2661e-03 | time: 0.049
I 06.08/07:28:58 solver.py:159 ] Epoch: [131/200][280/282] lr: 1.94e-04 | MSE loss: 8.1682e-03 | time: 0.049
I 06.08/07:28:58 solver.py:169 ] => Train  Loss: 8.1400e-03

I 06.08/07:28:59 solver.py:405 ] [20/32] loss: 9.3649e-03 | NMSE: -1.6777e+01 | time: 0.040
I 06.08/07:28:59 solver.py:413 ] => Test NMSE: -1.7827e+01

I 06.08/07:28:59 solver.py:345 ] => LoRA monitor [epoch=131] | trainable=2621440/2621440 | non_lora_trainable=0 | lora_l2=3.158953e+01 | lora_A_l2=1.069216e+01 | lora_B_l2=2.972500e+01 | component_l2=fc_decoder:3.158953e+01 | lora_abs_max=1.238057e-01 | delta_l2=3.045115e+01 | delta_rel=3.296241e+00 | train_loss=8.139991e-03 | test_loss=8.246046e-03 | nmse=-1.782724e+01
I 06.08/07:28:59 solver.py:224 ] 
=! Best NMSE: -1.7832e+01 (epoch=25)

I 06.08/07:29:00 solver.py:159 ] Epoch: [132/200][20/282] lr: 1.94e-04 | MSE loss: 9.0107e-03 | time: 0.049
I 06.08/07:29:01 solver.py:159 ] Epoch: [132/200][40/282] lr: 1.94e-04 | MSE loss: 9.1077e-03 | time: 0.059
I 06.08/07:29:03 solver.py:159 ] Epoch: [132/200][60/282] lr: 1.94e-04 | MSE loss: 8.5897e-03 | time: 0.068
I 06.08/07:29:04 solver.py:159 ] Epoch: [132/200][80/282] lr: 1.93e-04 | MSE loss: 8.4303e-03 | time: 0.066
I 06.08/07:29:05 solver.py:159 ] Epoch: [132/200][100/282] lr: 1.93e-04 | MSE loss: 8.5140e-03 | time: 0.060
I 06.08/07:29:06 solver.py:159 ] Epoch: [132/200][120/282] lr: 1.93e-04 | MSE loss: 8.4320e-03 | time: 0.057
I 06.08/07:29:07 solver.py:159 ] Epoch: [132/200][140/282] lr: 1.93e-04 | MSE loss: 8.5096e-03 | time: 0.055
I 06.08/07:29:08 solver.py:159 ] Epoch: [132/200][160/282] lr: 1.92e-04 | MSE loss: 8.5121e-03 | time: 0.053
I 06.08/07:29:08 solver.py:159 ] Epoch: [132/200][180/282] lr: 1.92e-04 | MSE loss: 8.2938e-03 | time: 0.052
I 06.08/07:29:09 solver.py:159 ] Epoch: [132/200][200/282] lr: 1.92e-04 | MSE loss: 8.0782e-03 | time: 0.051
I 06.08/07:29:10 solver.py:159 ] Epoch: [132/200][220/282] lr: 1.92e-04 | MSE loss: 8.1724e-03 | time: 0.050
I 06.08/07:29:11 solver.py:159 ] Epoch: [132/200][240/282] lr: 1.91e-04 | MSE loss: 8.0074e-03 | time: 0.050
I 06.08/07:29:12 solver.py:159 ] Epoch: [132/200][260/282] lr: 1.91e-04 | MSE loss: 8.0769e-03 | time: 0.050
I 06.08/07:29:13 solver.py:159 ] Epoch: [132/200][280/282] lr: 1.91e-04 | MSE loss: 8.1591e-03 | time: 0.049
I 06.08/07:29:13 solver.py:169 ] => Train  Loss: 8.1376e-03

I 06.08/07:29:14 solver.py:405 ] [20/32] loss: 9.3594e-03 | NMSE: -1.6780e+01 | time: 0.029
I 06.08/07:29:14 solver.py:413 ] => Test NMSE: -1.7830e+01

I 06.08/07:29:14 solver.py:345 ] => LoRA monitor [epoch=132] | trainable=2621440/2621440 | non_lora_trainable=0 | lora_l2=3.152900e+01 | lora_A_l2=1.068740e+01 | lora_B_l2=2.966239e+01 | component_l2=fc_decoder:3.152900e+01 | lora_abs_max=1.235733e-01 | delta_l2=3.038886e+01 | delta_rel=3.289498e+00 | train_loss=8.137621e-03 | test_loss=8.240689e-03 | nmse=-1.783006e+01
I 06.08/07:29:14 solver.py:224 ] 
=! Best NMSE: -1.7832e+01 (epoch=25)

I 06.08/07:29:15 solver.py:159 ] Epoch: [133/200][20/282] lr: 1.90e-04 | MSE loss: 8.8014e-03 | time: 0.041
I 06.08/07:29:16 solver.py:159 ] Epoch: [133/200][40/282] lr: 1.90e-04 | MSE loss: 9.7970e-03 | time: 0.041
I 06.08/07:29:16 solver.py:159 ] Epoch: [133/200][60/282] lr: 1.90e-04 | MSE loss: 9.5487e-03 | time: 0.041
I 06.08/07:29:17 solver.py:159 ] Epoch: [133/200][80/282] lr: 1.90e-04 | MSE loss: 8.7673e-03 | time: 0.041
I 06.08/07:29:18 solver.py:159 ] Epoch: [133/200][100/282] lr: 1.89e-04 | MSE loss: 8.7985e-03 | time: 0.041
I 06.08/07:29:19 solver.py:159 ] Epoch: [133/200][120/282] lr: 1.89e-04 | MSE loss: 8.3416e-03 | time: 0.041
I 06.08/07:29:20 solver.py:159 ] Epoch: [133/200][140/282] lr: 1.89e-04 | MSE loss: 8.2569e-03 | time: 0.040
I 06.08/07:29:20 solver.py:159 ] Epoch: [133/200][160/282] lr: 1.89e-04 | MSE loss: 7.9107e-03 | time: 0.039
I 06.08/07:29:21 solver.py:159 ] Epoch: [133/200][180/282] lr: 1.88e-04 | MSE loss: 7.8083e-03 | time: 0.039
I 06.08/07:29:22 solver.py:159 ] Epoch: [133/200][200/282] lr: 1.88e-04 | MSE loss: 7.6876e-03 | time: 0.039
I 06.08/07:29:23 solver.py:159 ] Epoch: [133/200][220/282] lr: 1.88e-04 | MSE loss: 7.7441e-03 | time: 0.040
I 06.08/07:29:24 solver.py:159 ] Epoch: [133/200][240/282] lr: 1.88e-04 | MSE loss: 7.9651e-03 | time: 0.040
I 06.08/07:29:24 solver.py:159 ] Epoch: [133/200][260/282] lr: 1.87e-04 | MSE loss: 8.1992e-03 | time: 0.040
I 06.08/07:29:25 solver.py:159 ] Epoch: [133/200][280/282] lr: 1.87e-04 | MSE loss: 8.1659e-03 | time: 0.040
I 06.08/07:29:25 solver.py:169 ] => Train  Loss: 8.1360e-03

I 06.08/07:29:26 solver.py:405 ] [20/32] loss: 9.3616e-03 | NMSE: -1.6779e+01 | time: 0.037
I 06.08/07:29:26 solver.py:413 ] => Test NMSE: -1.7829e+01

I 06.08/07:29:26 solver.py:345 ] => LoRA monitor [epoch=133] | trainable=2621440/2621440 | non_lora_trainable=0 | lora_l2=3.148102e+01 | lora_A_l2=1.068297e+01 | lora_B_l2=2.961299e+01 | component_l2=fc_decoder:3.148102e+01 | lora_abs_max=1.234352e-01 | delta_l2=3.033929e+01 | delta_rel=3.284133e+00 | train_loss=8.136002e-03 | test_loss=8.242755e-03 | nmse=-1.782898e+01
I 06.08/07:29:26 solver.py:224 ] 
=! Best NMSE: -1.7832e+01 (epoch=25)

I 06.08/07:29:27 solver.py:159 ] Epoch: [134/200][20/282] lr: 1.87e-04 | MSE loss: 9.5711e-03 | time: 0.046
I 06.08/07:29:28 solver.py:159 ] Epoch: [134/200][40/282] lr: 1.87e-04 | MSE loss: 9.9682e-03 | time: 0.044
I 06.08/07:29:29 solver.py:159 ] Epoch: [134/200][60/282] lr: 1.86e-04 | MSE loss: 8.8279e-03 | time: 0.042
I 06.08/07:29:30 solver.py:159 ] Epoch: [134/200][80/282] lr: 1.86e-04 | MSE loss: 8.1751e-03 | time: 0.043
I 06.08/07:29:31 solver.py:159 ] Epoch: [134/200][100/282] lr: 1.86e-04 | MSE loss: 8.3878e-03 | time: 0.042
I 06.08/07:29:31 solver.py:159 ] Epoch: [134/200][120/282] lr: 1.86e-04 | MSE loss: 8.2643e-03 | time: 0.041
I 06.08/07:29:32 solver.py:159 ] Epoch: [134/200][140/282] lr: 1.85e-04 | MSE loss: 8.2677e-03 | time: 0.041
I 06.08/07:29:33 solver.py:159 ] Epoch: [134/200][160/282] lr: 1.85e-04 | MSE loss: 8.3705e-03 | time: 0.041
I 06.08/07:29:34 solver.py:159 ] Epoch: [134/200][180/282] lr: 1.85e-04 | MSE loss: 8.3440e-03 | time: 0.041
I 06.08/07:29:35 solver.py:159 ] Epoch: [134/200][200/282] lr: 1.85e-04 | MSE loss: 8.2731e-03 | time: 0.041
I 06.08/07:29:35 solver.py:159 ] Epoch: [134/200][220/282] lr: 1.84e-04 | MSE loss: 8.1687e-03 | time: 0.041
I 06.08/07:29:36 solver.py:159 ] Epoch: [134/200][240/282] lr: 1.84e-04 | MSE loss: 8.0998e-03 | time: 0.041
I 06.08/07:29:37 solver.py:159 ] Epoch: [134/200][260/282] lr: 1.84e-04 | MSE loss: 8.2146e-03 | time: 0.041
I 06.08/07:29:38 solver.py:159 ] Epoch: [134/200][280/282] lr: 1.84e-04 | MSE loss: 8.1876e-03 | time: 0.040
I 06.08/07:29:38 solver.py:169 ] => Train  Loss: 8.1410e-03

I 06.08/07:29:38 solver.py:405 ] [20/32] loss: 9.3616e-03 | NMSE: -1.6779e+01 | time: 0.034
I 06.08/07:29:39 solver.py:413 ] => Test NMSE: -1.7829e+01

I 06.08/07:29:39 solver.py:345 ] => LoRA monitor [epoch=134] | trainable=2621440/2621440 | non_lora_trainable=0 | lora_l2=3.139315e+01 | lora_A_l2=1.067782e+01 | lora_B_l2=2.952142e+01 | component_l2=fc_decoder:3.139315e+01 | lora_abs_max=1.232024e-01 | delta_l2=3.024836e+01 | delta_rel=3.274290e+00 | train_loss=8.140967e-03 | test_loss=8.242965e-03 | nmse=-1.782887e+01
I 06.08/07:29:39 solver.py:224 ] 
=! Best NMSE: -1.7832e+01 (epoch=25)

I 06.08/07:29:40 solver.py:159 ] Epoch: [135/200][20/282] lr: 1.83e-04 | MSE loss: 8.2684e-03 | time: 0.040
I 06.08/07:29:40 solver.py:159 ] Epoch: [135/200][40/282] lr: 1.83e-04 | MSE loss: 8.0585e-03 | time: 0.042
I 06.08/07:29:41 solver.py:159 ] Epoch: [135/200][60/282] lr: 1.83e-04 | MSE loss: 7.1433e-03 | time: 0.042
I 06.08/07:29:42 solver.py:159 ] Epoch: [135/200][80/282] lr: 1.82e-04 | MSE loss: 7.4703e-03 | time: 0.042
I 06.08/07:29:43 solver.py:159 ] Epoch: [135/200][100/282] lr: 1.82e-04 | MSE loss: 7.6259e-03 | time: 0.042
I 06.08/07:29:44 solver.py:159 ] Epoch: [135/200][120/282] lr: 1.82e-04 | MSE loss: 8.0440e-03 | time: 0.042
I 06.08/07:29:45 solver.py:159 ] Epoch: [135/200][140/282] lr: 1.82e-04 | MSE loss: 7.8058e-03 | time: 0.041
I 06.08/07:29:45 solver.py:159 ] Epoch: [135/200][160/282] lr: 1.81e-04 | MSE loss: 7.8593e-03 | time: 0.041
I 06.08/07:29:46 solver.py:159 ] Epoch: [135/200][180/282] lr: 1.81e-04 | MSE loss: 8.1367e-03 | time: 0.042
I 06.08/07:29:47 solver.py:159 ] Epoch: [135/200][200/282] lr: 1.81e-04 | MSE loss: 7.9747e-03 | time: 0.042
I 06.08/07:29:48 solver.py:159 ] Epoch: [135/200][220/282] lr: 1.81e-04 | MSE loss: 8.0000e-03 | time: 0.042
I 06.08/07:29:49 solver.py:159 ] Epoch: [135/200][240/282] lr: 1.80e-04 | MSE loss: 8.1254e-03 | time: 0.042
I 06.08/07:29:50 solver.py:159 ] Epoch: [135/200][260/282] lr: 1.80e-04 | MSE loss: 8.1166e-03 | time: 0.042
I 06.08/07:29:51 solver.py:159 ] Epoch: [135/200][280/282] lr: 1.80e-04 | MSE loss: 8.1245e-03 | time: 0.042
I 06.08/07:29:51 solver.py:169 ] => Train  Loss: 8.2096e-03

I 06.08/07:29:52 solver.py:405 ] [20/32] loss: 9.3609e-03 | NMSE: -1.6779e+01 | time: 0.041
I 06.08/07:29:52 solver.py:413 ] => Test NMSE: -1.7829e+01

I 06.08/07:29:52 solver.py:345 ] => LoRA monitor [epoch=135] | trainable=2621440/2621440 | non_lora_trainable=0 | lora_l2=3.130926e+01 | lora_A_l2=1.067404e+01 | lora_B_l2=2.943357e+01 | component_l2=fc_decoder:3.130926e+01 | lora_abs_max=1.244458e-01 | delta_l2=3.016160e+01 | delta_rel=3.264898e+00 | train_loss=8.209560e-03 | test_loss=8.242639e-03 | nmse=-1.782904e+01
I 06.08/07:29:52 solver.py:224 ] 
=! Best NMSE: -1.7832e+01 (epoch=25)

I 06.08/07:29:53 solver.py:159 ] Epoch: [136/200][20/282] lr: 1.80e-04 | MSE loss: 6.8267e-03 | time: 0.045
I 06.08/07:29:54 solver.py:159 ] Epoch: [136/200][40/282] lr: 1.79e-04 | MSE loss: 6.4778e-03 | time: 0.043
I 06.08/07:29:55 solver.py:159 ] Epoch: [136/200][60/282] lr: 1.79e-04 | MSE loss: 7.5412e-03 | time: 0.044
I 06.08/07:29:55 solver.py:159 ] Epoch: [136/200][80/282] lr: 1.79e-04 | MSE loss: 7.9043e-03 | time: 0.044
I 06.08/07:29:56 solver.py:159 ] Epoch: [136/200][100/282] lr: 1.79e-04 | MSE loss: 8.4262e-03 | time: 0.043
I 06.08/07:29:57 solver.py:159 ] Epoch: [136/200][120/282] lr: 1.78e-04 | MSE loss: 8.5688e-03 | time: 0.043
I 06.08/07:29:58 solver.py:159 ] Epoch: [136/200][140/282] lr: 1.78e-04 | MSE loss: 8.4754e-03 | time: 0.043
I 06.08/07:29:59 solver.py:159 ] Epoch: [136/200][160/282] lr: 1.78e-04 | MSE loss: 8.2135e-03 | time: 0.043
I 06.08/07:30:00 solver.py:159 ] Epoch: [136/200][180/282] lr: 1.78e-04 | MSE loss: 8.3147e-03 | time: 0.043
I 06.08/07:30:01 solver.py:159 ] Epoch: [136/200][200/282] lr: 1.77e-04 | MSE loss: 8.0938e-03 | time: 0.046
I 06.08/07:30:03 solver.py:159 ] Epoch: [136/200][220/282] lr: 1.77e-04 | MSE loss: 7.9830e-03 | time: 0.050
I 06.08/07:30:04 solver.py:159 ] Epoch: [136/200][240/282] lr: 1.77e-04 | MSE loss: 8.0949e-03 | time: 0.051
I 06.08/07:30:05 solver.py:159 ] Epoch: [136/200][260/282] lr: 1.77e-04 | MSE loss: 8.1864e-03 | time: 0.051
I 06.08/07:30:06 solver.py:159 ] Epoch: [136/200][280/282] lr: 1.76e-04 | MSE loss: 8.1044e-03 | time: 0.050
I 06.08/07:30:06 solver.py:169 ] => Train  Loss: 8.1853e-03

I 06.08/07:30:07 solver.py:405 ] [20/32] loss: 9.3572e-03 | NMSE: -1.6781e+01 | time: 0.036
I 06.08/07:30:07 solver.py:413 ] => Test NMSE: -1.7831e+01

I 06.08/07:30:07 solver.py:345 ] => LoRA monitor [epoch=136] | trainable=2621440/2621440 | non_lora_trainable=0 | lora_l2=3.127093e+01 | lora_A_l2=1.066883e+01 | lora_B_l2=2.939467e+01 | component_l2=fc_decoder:3.127093e+01 | lora_abs_max=1.240918e-01 | delta_l2=3.012202e+01 | delta_rel=3.260614e+00 | train_loss=8.185265e-03 | test_loss=8.238791e-03 | nmse=-1.783107e+01
I 06.08/07:30:07 solver.py:224 ] 
=! Best NMSE: -1.7832e+01 (epoch=25)

I 06.08/07:30:08 solver.py:159 ] Epoch: [137/200][20/282] lr: 1.76e-04 | MSE loss: 7.4413e-03 | time: 0.045
I 06.08/07:30:09 solver.py:159 ] Epoch: [137/200][40/282] lr: 1.76e-04 | MSE loss: 8.2990e-03 | time: 0.045
I 06.08/07:30:10 solver.py:159 ] Epoch: [137/200][60/282] lr: 1.76e-04 | MSE loss: 8.9788e-03 | time: 0.044
I 06.08/07:30:11 solver.py:159 ] Epoch: [137/200][80/282] lr: 1.75e-04 | MSE loss: 8.3840e-03 | time: 0.043
I 06.08/07:30:12 solver.py:159 ] Epoch: [137/200][100/282] lr: 1.75e-04 | MSE loss: 8.4471e-03 | time: 0.044
I 06.08/07:30:12 solver.py:159 ] Epoch: [137/200][120/282] lr: 1.75e-04 | MSE loss: 8.5542e-03 | time: 0.044
I 06.08/07:30:13 solver.py:159 ] Epoch: [137/200][140/282] lr: 1.75e-04 | MSE loss: 8.6652e-03 | time: 0.042
I 06.08/07:30:14 solver.py:159 ] Epoch: [137/200][160/282] lr: 1.74e-04 | MSE loss: 8.6724e-03 | time: 0.040
I 06.08/07:30:14 solver.py:159 ] Epoch: [137/200][180/282] lr: 1.74e-04 | MSE loss: 8.7908e-03 | time: 0.040
I 06.08/07:30:15 solver.py:159 ] Epoch: [137/200][200/282] lr: 1.74e-04 | MSE loss: 8.6396e-03 | time: 0.039
I 06.08/07:30:16 solver.py:159 ] Epoch: [137/200][220/282] lr: 1.74e-04 | MSE loss: 8.3915e-03 | time: 0.038
I 06.08/07:30:16 solver.py:159 ] Epoch: [137/200][240/282] lr: 1.73e-04 | MSE loss: 8.3284e-03 | time: 0.037
I 06.08/07:30:17 solver.py:159 ] Epoch: [137/200][260/282] lr: 1.73e-04 | MSE loss: 8.3259e-03 | time: 0.036
I 06.08/07:30:17 solver.py:159 ] Epoch: [137/200][280/282] lr: 1.73e-04 | MSE loss: 8.1757e-03 | time: 0.036
I 06.08/07:30:17 solver.py:169 ] => Train  Loss: 8.1365e-03

I 06.08/07:30:18 solver.py:405 ] [20/32] loss: 9.3636e-03 | NMSE: -1.6778e+01 | time: 0.017
I 06.08/07:30:18 solver.py:413 ] => Test NMSE: -1.7828e+01

I 06.08/07:30:18 solver.py:345 ] => LoRA monitor [epoch=137] | trainable=2621440/2621440 | non_lora_trainable=0 | lora_l2=3.121448e+01 | lora_A_l2=1.066630e+01 | lora_B_l2=2.933554e+01 | component_l2=fc_decoder:3.121448e+01 | lora_abs_max=1.232568e-01 | delta_l2=3.006365e+01 | delta_rel=3.254296e+00 | train_loss=8.136492e-03 | test_loss=8.244112e-03 | nmse=-1.782826e+01
I 06.08/07:30:18 solver.py:224 ] 
=! Best NMSE: -1.7832e+01 (epoch=25)

I 06.08/07:30:18 solver.py:159 ] Epoch: [138/200][20/282] lr: 1.73e-04 | MSE loss: 9.0271e-03 | time: 0.021
I 06.08/07:30:19 solver.py:159 ] Epoch: [138/200][40/282] lr: 1.72e-04 | MSE loss: 9.2432e-03 | time: 0.022
I 06.08/07:30:19 solver.py:159 ] Epoch: [138/200][60/282] lr: 1.72e-04 | MSE loss: 8.3570e-03 | time: 0.022
I 06.08/07:30:20 solver.py:159 ] Epoch: [138/200][80/282] lr: 1.72e-04 | MSE loss: 8.8270e-03 | time: 0.022
I 06.08/07:30:20 solver.py:159 ] Epoch: [138/200][100/282] lr: 1.72e-04 | MSE loss: 8.4301e-03 | time: 0.022
I 06.08/07:30:20 solver.py:159 ] Epoch: [138/200][120/282] lr: 1.71e-04 | MSE loss: 8.4053e-03 | time: 0.023
I 06.08/07:30:21 solver.py:159 ] Epoch: [138/200][140/282] lr: 1.71e-04 | MSE loss: 8.5615e-03 | time: 0.023
I 06.08/07:30:21 solver.py:159 ] Epoch: [138/200][160/282] lr: 1.71e-04 | MSE loss: 8.6172e-03 | time: 0.023
I 06.08/07:30:22 solver.py:159 ] Epoch: [138/200][180/282] lr: 1.71e-04 | MSE loss: 8.3814e-03 | time: 0.023
I 06.08/07:30:22 solver.py:159 ] Epoch: [138/200][200/282] lr: 1.70e-04 | MSE loss: 8.3477e-03 | time: 0.023
I 06.08/07:30:23 solver.py:159 ] Epoch: [138/200][220/282] lr: 1.70e-04 | MSE loss: 8.5670e-03 | time: 0.023
I 06.08/07:30:23 solver.py:159 ] Epoch: [138/200][240/282] lr: 1.70e-04 | MSE loss: 8.3752e-03 | time: 0.023
I 06.08/07:30:24 solver.py:159 ] Epoch: [138/200][260/282] lr: 1.70e-04 | MSE loss: 8.2955e-03 | time: 0.023
I 06.08/07:30:24 solver.py:159 ] Epoch: [138/200][280/282] lr: 1.69e-04 | MSE loss: 8.1417e-03 | time: 0.023
I 06.08/07:30:24 solver.py:169 ] => Train  Loss: 8.1370e-03

I 06.08/07:30:25 solver.py:405 ] [20/32] loss: 9.3584e-03 | NMSE: -1.6780e+01 | time: 0.019
I 06.08/07:30:25 solver.py:413 ] => Test NMSE: -1.7830e+01

I 06.08/07:30:25 solver.py:345 ] => LoRA monitor [epoch=138] | trainable=2621440/2621440 | non_lora_trainable=0 | lora_l2=3.114103e+01 | lora_A_l2=1.066045e+01 | lora_B_l2=2.925950e+01 | component_l2=fc_decoder:3.114103e+01 | lora_abs_max=1.228587e-01 | delta_l2=2.998785e+01 | delta_rel=3.246090e+00 | train_loss=8.136964e-03 | test_loss=8.239912e-03 | nmse=-1.783047e+01
I 06.08/07:30:25 solver.py:224 ] 
=! Best NMSE: -1.7832e+01 (epoch=25)

I 06.08/07:30:25 solver.py:159 ] Epoch: [139/200][20/282] lr: 1.69e-04 | MSE loss: 9.0101e-03 | time: 0.025
I 06.08/07:30:26 solver.py:159 ] Epoch: [139/200][40/282] lr: 1.69e-04 | MSE loss: 8.2541e-03 | time: 0.024
I 06.08/07:30:26 solver.py:159 ] Epoch: [139/200][60/282] lr: 1.69e-04 | MSE loss: 8.0463e-03 | time: 0.024
I 06.08/07:30:27 solver.py:159 ] Epoch: [139/200][80/282] lr: 1.68e-04 | MSE loss: 8.1631e-03 | time: 0.024
I 06.08/07:30:27 solver.py:159 ] Epoch: [139/200][100/282] lr: 1.68e-04 | MSE loss: 7.8201e-03 | time: 0.024
I 06.08/07:30:28 solver.py:159 ] Epoch: [139/200][120/282] lr: 1.68e-04 | MSE loss: 7.7967e-03 | time: 0.024
I 06.08/07:30:28 solver.py:159 ] Epoch: [139/200][140/282] lr: 1.68e-04 | MSE loss: 7.8863e-03 | time: 0.024
I 06.08/07:30:28 solver.py:159 ] Epoch: [139/200][160/282] lr: 1.67e-04 | MSE loss: 7.8684e-03 | time: 0.023
I 06.08/07:30:29 solver.py:159 ] Epoch: [139/200][180/282] lr: 1.67e-04 | MSE loss: 8.0036e-03 | time: 0.023
I 06.08/07:30:29 solver.py:159 ] Epoch: [139/200][200/282] lr: 1.67e-04 | MSE loss: 7.9897e-03 | time: 0.023
I 06.08/07:30:30 solver.py:159 ] Epoch: [139/200][220/282] lr: 1.67e-04 | MSE loss: 8.0287e-03 | time: 0.023
I 06.08/07:30:30 solver.py:159 ] Epoch: [139/200][240/282] lr: 1.66e-04 | MSE loss: 7.9404e-03 | time: 0.023
I 06.08/07:30:31 solver.py:159 ] Epoch: [139/200][260/282] lr: 1.66e-04 | MSE loss: 8.1366e-03 | time: 0.023
I 06.08/07:30:31 solver.py:159 ] Epoch: [139/200][280/282] lr: 1.66e-04 | MSE loss: 8.1737e-03 | time: 0.023
I 06.08/07:30:31 solver.py:169 ] => Train  Loss: 8.1332e-03

I 06.08/07:30:32 solver.py:405 ] [20/32] loss: 9.3582e-03 | NMSE: -1.6780e+01 | time: 0.016
I 06.08/07:30:32 solver.py:413 ] => Test NMSE: -1.7831e+01

I 06.08/07:30:32 solver.py:345 ] => LoRA monitor [epoch=139] | trainable=2621440/2621440 | non_lora_trainable=0 | lora_l2=3.108652e+01 | lora_A_l2=1.065584e+01 | lora_B_l2=2.920316e+01 | component_l2=fc_decoder:3.108652e+01 | lora_abs_max=1.230165e-01 | delta_l2=2.993163e+01 | delta_rel=3.240004e+00 | train_loss=8.133166e-03 | test_loss=8.239651e-03 | nmse=-1.783061e+01
I 06.08/07:30:32 solver.py:224 ] 
=! Best NMSE: -1.7832e+01 (epoch=25)

I 06.08/07:30:32 solver.py:159 ] Epoch: [140/200][20/282] lr: 1.66e-04 | MSE loss: 9.8941e-03 | time: 0.024
I 06.08/07:30:33 solver.py:159 ] Epoch: [140/200][40/282] lr: 1.65e-04 | MSE loss: 9.0388e-03 | time: 0.023
I 06.08/07:30:33 solver.py:159 ] Epoch: [140/200][60/282] lr: 1.65e-04 | MSE loss: 8.5209e-03 | time: 0.023
I 06.08/07:30:34 solver.py:159 ] Epoch: [140/200][80/282] lr: 1.65e-04 | MSE loss: 8.3901e-03 | time: 0.022
I 06.08/07:30:34 solver.py:159 ] Epoch: [140/200][100/282] lr: 1.65e-04 | MSE loss: 8.7416e-03 | time: 0.022
I 06.08/07:30:34 solver.py:159 ] Epoch: [140/200][120/282] lr: 1.64e-04 | MSE loss: 8.5780e-03 | time: 0.022
I 06.08/07:30:35 solver.py:159 ] Epoch: [140/200][140/282] lr: 1.64e-04 | MSE loss: 8.4707e-03 | time: 0.022
I 06.08/07:30:35 solver.py:159 ] Epoch: [140/200][160/282] lr: 1.64e-04 | MSE loss: 8.4569e-03 | time: 0.022
I 06.08/07:30:36 solver.py:159 ] Epoch: [140/200][180/282] lr: 1.64e-04 | MSE loss: 8.4024e-03 | time: 0.022
I 06.08/07:30:36 solver.py:159 ] Epoch: [140/200][200/282] lr: 1.63e-04 | MSE loss: 8.1114e-03 | time: 0.022
I 06.08/07:30:37 solver.py:159 ] Epoch: [140/200][220/282] lr: 1.63e-04 | MSE loss: 8.1357e-03 | time: 0.022
I 06.08/07:30:37 solver.py:159 ] Epoch: [140/200][240/282] lr: 1.63e-04 | MSE loss: 8.1208e-03 | time: 0.022
I 06.08/07:30:38 solver.py:159 ] Epoch: [140/200][260/282] lr: 1.63e-04 | MSE loss: 8.1212e-03 | time: 0.022
I 06.08/07:30:38 solver.py:159 ] Epoch: [140/200][280/282] lr: 1.63e-04 | MSE loss: 8.1415e-03 | time: 0.022
I 06.08/07:30:38 solver.py:169 ] => Train  Loss: 8.1540e-03

I 06.08/07:30:38 solver.py:159 ] Epoch: [140/200][20/32] lr: 1.62e-04 | MSE loss: 9.3602e-03 | time: 0.018
I 06.08/07:30:39 solver.py:169 ] => Val  Loss: 8.0568e-03

I 06.08/07:30:39 solver.py:405 ] [20/32] loss: 9.3602e-03 | NMSE: -1.6779e+01 | time: 0.017
I 06.08/07:30:39 solver.py:413 ] => Test NMSE: -1.7830e+01

I 06.08/07:30:39 solver.py:345 ] => LoRA monitor [epoch=140] | trainable=2621440/2621440 | non_lora_trainable=0 | lora_l2=3.103618e+01 | lora_A_l2=1.065358e+01 | lora_B_l2=2.915040e+01 | component_l2=fc_decoder:3.103618e+01 | lora_abs_max=1.233190e-01 | delta_l2=2.987927e+01 | delta_rel=3.234337e+00 | train_loss=8.154022e-03 | val_loss=8.056805e-03 | test_loss=8.241435e-03 | nmse=-1.782967e+01
I 06.08/07:30:39 solver.py:224 ] 
=! Best NMSE: -1.7832e+01 (epoch=25)

I 06.08/07:30:40 solver.py:159 ] Epoch: [141/200][20/282] lr: 1.62e-04 | MSE loss: 8.0477e-03 | time: 0.023
I 06.08/07:30:40 solver.py:159 ] Epoch: [141/200][40/282] lr: 1.62e-04 | MSE loss: 7.4042e-03 | time: 0.022
I 06.08/07:30:41 solver.py:159 ] Epoch: [141/200][60/282] lr: 1.62e-04 | MSE loss: 7.0487e-03 | time: 0.023
I 06.08/07:30:41 solver.py:159 ] Epoch: [141/200][80/282] lr: 1.62e-04 | MSE loss: 6.9987e-03 | time: 0.023
I 06.08/07:30:41 solver.py:159 ] Epoch: [141/200][100/282] lr: 1.61e-04 | MSE loss: 7.0824e-03 | time: 0.023
I 06.08/07:30:42 solver.py:159 ] Epoch: [141/200][120/282] lr: 1.61e-04 | MSE loss: 6.9672e-03 | time: 0.023
I 06.08/07:30:42 solver.py:159 ] Epoch: [141/200][140/282] lr: 1.61e-04 | MSE loss: 7.4901e-03 | time: 0.022
I 06.08/07:30:43 solver.py:159 ] Epoch: [141/200][160/282] lr: 1.61e-04 | MSE loss: 7.8001e-03 | time: 0.022
I 06.08/07:30:43 solver.py:159 ] Epoch: [141/200][180/282] lr: 1.60e-04 | MSE loss: 7.9118e-03 | time: 0.022
I 06.08/07:30:44 solver.py:159 ] Epoch: [141/200][200/282] lr: 1.60e-04 | MSE loss: 7.9116e-03 | time: 0.022
I 06.08/07:30:44 solver.py:159 ] Epoch: [141/200][220/282] lr: 1.60e-04 | MSE loss: 7.8844e-03 | time: 0.022
I 06.08/07:30:44 solver.py:159 ] Epoch: [141/200][240/282] lr: 1.60e-04 | MSE loss: 8.0038e-03 | time: 0.022
I 06.08/07:30:45 solver.py:159 ] Epoch: [141/200][260/282] lr: 1.59e-04 | MSE loss: 8.0389e-03 | time: 0.022
I 06.08/07:30:45 solver.py:159 ] Epoch: [141/200][280/282] lr: 1.59e-04 | MSE loss: 8.2034e-03 | time: 0.022
I 06.08/07:30:45 solver.py:169 ] => Train  Loss: 8.2970e-03

I 06.08/07:30:46 solver.py:405 ] [20/32] loss: 1.0427e-02 | NMSE: -1.6555e+01 | time: 0.017
I 06.08/07:30:46 solver.py:413 ] => Test NMSE: -1.7288e+01

I 06.08/07:30:46 solver.py:345 ] => LoRA monitor [epoch=141] | trainable=2621440/2621440 | non_lora_trainable=0 | lora_l2=3.119107e+01 | lora_A_l2=1.084593e+01 | lora_B_l2=2.924464e+01 | component_l2=fc_decoder:3.119107e+01 | lora_abs_max=1.266186e-01 | delta_l2=3.004158e+01 | delta_rel=3.251907e+00 | train_loss=8.296964e-03 | test_loss=9.336395e-03 | nmse=-1.728791e+01
I 06.08/07:30:46 solver.py:224 ] 
=! Best NMSE: -1.7832e+01 (epoch=25)

I 06.08/07:30:46 solver.py:159 ] Epoch: [142/200][20/282] lr: 1.59e-04 | MSE loss: 1.0532e-02 | time: 0.022
I 06.08/07:30:47 solver.py:159 ] Epoch: [142/200][40/282] lr: 1.59e-04 | MSE loss: 1.1642e-02 | time: 0.021
I 06.08/07:30:47 solver.py:159 ] Epoch: [142/200][60/282] lr: 1.58e-04 | MSE loss: 1.2705e-02 | time: 0.021
I 06.08/07:30:48 solver.py:159 ] Epoch: [142/200][80/282] lr: 1.58e-04 | MSE loss: 1.2243e-02 | time: 0.021
I 06.08/07:30:48 solver.py:159 ] Epoch: [142/200][100/282] lr: 1.58e-04 | MSE loss: 1.1871e-02 | time: 0.021
I 06.08/07:30:48 solver.py:159 ] Epoch: [142/200][120/282] lr: 1.58e-04 | MSE loss: 1.1982e-02 | time: 0.021
I 06.08/07:30:49 solver.py:159 ] Epoch: [142/200][140/282] lr: 1.57e-04 | MSE loss: 1.1780e-02 | time: 0.021
I 06.08/07:30:49 solver.py:159 ] Epoch: [142/200][160/282] lr: 1.57e-04 | MSE loss: 1.1473e-02 | time: 0.021
I 06.08/07:30:50 solver.py:159 ] Epoch: [142/200][180/282] lr: 1.57e-04 | MSE loss: 1.1585e-02 | time: 0.022
I 06.08/07:30:50 solver.py:159 ] Epoch: [142/200][200/282] lr: 1.57e-04 | MSE loss: 1.1356e-02 | time: 0.022
I 06.08/07:30:51 solver.py:159 ] Epoch: [142/200][220/282] lr: 1.57e-04 | MSE loss: 1.1294e-02 | time: 0.021
I 06.08/07:30:51 solver.py:159 ] Epoch: [142/200][240/282] lr: 1.56e-04 | MSE loss: 1.1170e-02 | time: 0.022
I 06.08/07:30:52 solver.py:159 ] Epoch: [142/200][260/282] lr: 1.56e-04 | MSE loss: 1.1061e-02 | time: 0.022
I 06.08/07:30:52 solver.py:159 ] Epoch: [142/200][280/282] lr: 1.56e-04 | MSE loss: 1.0797e-02 | time: 0.022
I 06.08/07:30:52 solver.py:169 ] => Train  Loss: 1.0764e-02

I 06.08/07:30:52 solver.py:405 ] [20/32] loss: 9.4880e-03 | NMSE: -1.6748e+01 | time: 0.016
I 06.08/07:30:53 solver.py:413 ] => Test NMSE: -1.7767e+01

I 06.08/07:30:53 solver.py:345 ] => LoRA monitor [epoch=142] | trainable=2621440/2621440 | non_lora_trainable=0 | lora_l2=3.173968e+01 | lora_A_l2=1.086318e+01 | lora_B_l2=2.982278e+01 | component_l2=fc_decoder:3.173968e+01 | lora_abs_max=1.220011e-01 | delta_l2=3.061037e+01 | delta_rel=3.313477e+00 | train_loss=1.076374e-02 | test_loss=8.361642e-03 | nmse=-1.776678e+01
I 06.08/07:30:53 solver.py:224 ] 
=! Best NMSE: -1.7832e+01 (epoch=25)

I 06.08/07:30:53 solver.py:159 ] Epoch: [143/200][20/282] lr: 1.56e-04 | MSE loss: 8.1960e-03 | time: 0.023
I 06.08/07:30:53 solver.py:159 ] Epoch: [143/200][40/282] lr: 1.55e-04 | MSE loss: 8.6744e-03 | time: 0.021
I 06.08/07:30:54 solver.py:159 ] Epoch: [143/200][60/282] lr: 1.55e-04 | MSE loss: 8.5125e-03 | time: 0.023
I 06.08/07:30:54 solver.py:159 ] Epoch: [143/200][80/282] lr: 1.55e-04 | MSE loss: 8.6486e-03 | time: 0.022
I 06.08/07:30:55 solver.py:159 ] Epoch: [143/200][100/282] lr: 1.55e-04 | MSE loss: 8.4999e-03 | time: 0.022
I 06.08/07:30:55 solver.py:159 ] Epoch: [143/200][120/282] lr: 1.54e-04 | MSE loss: 8.4011e-03 | time: 0.022
I 06.08/07:30:56 solver.py:159 ] Epoch: [143/200][140/282] lr: 1.54e-04 | MSE loss: 8.4843e-03 | time: 0.023
I 06.08/07:30:56 solver.py:159 ] Epoch: [143/200][160/282] lr: 1.54e-04 | MSE loss: 8.3910e-03 | time: 0.023
I 06.08/07:30:57 solver.py:159 ] Epoch: [143/200][180/282] lr: 1.54e-04 | MSE loss: 8.6813e-03 | time: 0.023
I 06.08/07:30:57 solver.py:159 ] Epoch: [143/200][200/282] lr: 1.53e-04 | MSE loss: 8.7864e-03 | time: 0.023
I 06.08/07:30:58 solver.py:159 ] Epoch: [143/200][220/282] lr: 1.53e-04 | MSE loss: 8.7711e-03 | time: 0.023
I 06.08/07:30:58 solver.py:159 ] Epoch: [143/200][240/282] lr: 1.53e-04 | MSE loss: 8.6624e-03 | time: 0.023
I 06.08/07:30:58 solver.py:159 ] Epoch: [143/200][260/282] lr: 1.53e-04 | MSE loss: 8.6653e-03 | time: 0.022
I 06.08/07:30:59 solver.py:159 ] Epoch: [143/200][280/282] lr: 1.52e-04 | MSE loss: 8.5412e-03 | time: 0.022
I 06.08/07:30:59 solver.py:169 ] => Train  Loss: 8.5292e-03

I 06.08/07:30:59 solver.py:405 ] [20/32] loss: 9.3940e-03 | NMSE: -1.6769e+01 | time: 0.017
I 06.08/07:30:59 solver.py:413 ] => Test NMSE: -1.7813e+01

I 06.08/07:30:59 solver.py:345 ] => LoRA monitor [epoch=143] | trainable=2621440/2621440 | non_lora_trainable=0 | lora_l2=3.166168e+01 | lora_A_l2=1.075313e+01 | lora_B_l2=2.977973e+01 | component_l2=fc_decoder:3.166168e+01 | lora_abs_max=1.214528e-01 | delta_l2=3.052902e+01 | delta_rel=3.304670e+00 | train_loss=8.529174e-03 | test_loss=8.273354e-03 | nmse=-1.781289e+01
I 06.08/07:30:59 solver.py:224 ] 
=! Best NMSE: -1.7832e+01 (epoch=25)

I 06.08/07:31:00 solver.py:159 ] Epoch: [144/200][20/282] lr: 1.52e-04 | MSE loss: 7.7989e-03 | time: 0.025
I 06.08/07:31:01 solver.py:159 ] Epoch: [144/200][40/282] lr: 1.52e-04 | MSE loss: 7.3470e-03 | time: 0.030
I 06.08/07:31:02 solver.py:159 ] Epoch: [144/200][60/282] lr: 1.52e-04 | MSE loss: 7.6819e-03 | time: 0.035
I 06.08/07:31:03 solver.py:159 ] Epoch: [144/200][80/282] lr: 1.52e-04 | MSE loss: 8.2292e-03 | time: 0.040
I 06.08/07:31:04 solver.py:159 ] Epoch: [144/200][100/282] lr: 1.51e-04 | MSE loss: 8.2294e-03 | time: 0.043
I 06.08/07:31:04 solver.py:159 ] Epoch: [144/200][120/282] lr: 1.51e-04 | MSE loss: 8.4152e-03 | time: 0.042
I 06.08/07:31:05 solver.py:159 ] Epoch: [144/200][140/282] lr: 1.51e-04 | MSE loss: 8.3624e-03 | time: 0.039
I 06.08/07:31:05 solver.py:159 ] Epoch: [144/200][160/282] lr: 1.51e-04 | MSE loss: 8.2772e-03 | time: 0.037
I 06.08/07:31:06 solver.py:159 ] Epoch: [144/200][180/282] lr: 1.50e-04 | MSE loss: 8.4674e-03 | time: 0.035
I 06.08/07:31:06 solver.py:159 ] Epoch: [144/200][200/282] lr: 1.50e-04 | MSE loss: 8.4601e-03 | time: 0.034
I 06.08/07:31:07 solver.py:159 ] Epoch: [144/200][220/282] lr: 1.50e-04 | MSE loss: 8.2306e-03 | time: 0.033
I 06.08/07:31:07 solver.py:159 ] Epoch: [144/200][240/282] lr: 1.50e-04 | MSE loss: 8.0806e-03 | time: 0.032
I 06.08/07:31:08 solver.py:159 ] Epoch: [144/200][260/282] lr: 1.49e-04 | MSE loss: 8.0120e-03 | time: 0.031
I 06.08/07:31:08 solver.py:159 ] Epoch: [144/200][280/282] lr: 1.49e-04 | MSE loss: 8.1984e-03 | time: 0.030
I 06.08/07:31:08 solver.py:169 ] => Train  Loss: 8.1574e-03

I 06.08/07:31:08 solver.py:405 ] [20/32] loss: 9.3672e-03 | NMSE: -1.6778e+01 | time: 0.016
I 06.08/07:31:09 solver.py:413 ] => Test NMSE: -1.7826e+01

I 06.08/07:31:09 solver.py:345 ] => LoRA monitor [epoch=144] | trainable=2621440/2621440 | non_lora_trainable=0 | lora_l2=3.162809e+01 | lora_A_l2=1.073012e+01 | lora_B_l2=2.975232e+01 | component_l2=fc_decoder:3.162809e+01 | lora_abs_max=1.215772e-01 | delta_l2=3.049518e+01 | delta_rel=3.301008e+00 | train_loss=8.157378e-03 | test_loss=8.248644e-03 | nmse=-1.782587e+01
I 06.08/07:31:09 solver.py:224 ] 
=! Best NMSE: -1.7832e+01 (epoch=25)

I 06.08/07:31:09 solver.py:159 ] Epoch: [145/200][20/282] lr: 1.49e-04 | MSE loss: 1.1191e-02 | time: 0.026
I 06.08/07:31:10 solver.py:159 ] Epoch: [145/200][40/282] lr: 1.49e-04 | MSE loss: 1.0657e-02 | time: 0.027
I 06.08/07:31:10 solver.py:159 ] Epoch: [145/200][60/282] lr: 1.48e-04 | MSE loss: 9.3259e-03 | time: 0.025
I 06.08/07:31:10 solver.py:159 ] Epoch: [145/200][80/282] lr: 1.48e-04 | MSE loss: 8.4521e-03 | time: 0.024
I 06.08/07:31:11 solver.py:159 ] Epoch: [145/200][100/282] lr: 1.48e-04 | MSE loss: 8.4104e-03 | time: 0.024
I 06.08/07:31:11 solver.py:159 ] Epoch: [145/200][120/282] lr: 1.48e-04 | MSE loss: 8.2936e-03 | time: 0.024
I 06.08/07:31:12 solver.py:159 ] Epoch: [145/200][140/282] lr: 1.48e-04 | MSE loss: 8.1528e-03 | time: 0.024
I 06.08/07:31:12 solver.py:159 ] Epoch: [145/200][160/282] lr: 1.47e-04 | MSE loss: 7.8135e-03 | time: 0.023
I 06.08/07:31:13 solver.py:159 ] Epoch: [145/200][180/282] lr: 1.47e-04 | MSE loss: 7.7988e-03 | time: 0.023
I 06.08/07:31:13 solver.py:159 ] Epoch: [145/200][200/282] lr: 1.47e-04 | MSE loss: 8.0001e-03 | time: 0.023
I 06.08/07:31:14 solver.py:159 ] Epoch: [145/200][220/282] lr: 1.47e-04 | MSE loss: 8.2275e-03 | time: 0.023
I 06.08/07:31:14 solver.py:159 ] Epoch: [145/200][240/282] lr: 1.46e-04 | MSE loss: 8.1857e-03 | time: 0.023
I 06.08/07:31:15 solver.py:159 ] Epoch: [145/200][260/282] lr: 1.46e-04 | MSE loss: 8.3545e-03 | time: 0.023
I 06.08/07:31:15 solver.py:159 ] Epoch: [145/200][280/282] lr: 1.46e-04 | MSE loss: 8.1884e-03 | time: 0.023
I 06.08/07:31:15 solver.py:169 ] => Train  Loss: 8.1403e-03

I 06.08/07:31:15 solver.py:405 ] [20/32] loss: 9.3627e-03 | NMSE: -1.6779e+01 | time: 0.018
I 06.08/07:31:16 solver.py:413 ] => Test NMSE: -1.7828e+01

I 06.08/07:31:16 solver.py:345 ] => LoRA monitor [epoch=145] | trainable=2621440/2621440 | non_lora_trainable=0 | lora_l2=3.161650e+01 | lora_A_l2=1.072126e+01 | lora_B_l2=2.974319e+01 | component_l2=fc_decoder:3.161650e+01 | lora_abs_max=1.217566e-01 | delta_l2=3.048368e+01 | delta_rel=3.299763e+00 | train_loss=8.140291e-03 | test_loss=8.244250e-03 | nmse=-1.782819e+01
I 06.08/07:31:16 solver.py:224 ] 
=! Best NMSE: -1.7832e+01 (epoch=25)

I 06.08/07:31:16 solver.py:159 ] Epoch: [146/200][20/282] lr: 1.46e-04 | MSE loss: 8.2292e-03 | time: 0.023
I 06.08/07:31:17 solver.py:159 ] Epoch: [146/200][40/282] lr: 1.45e-04 | MSE loss: 7.6420e-03 | time: 0.023
I 06.08/07:31:17 solver.py:159 ] Epoch: [146/200][60/282] lr: 1.45e-04 | MSE loss: 7.7572e-03 | time: 0.023
I 06.08/07:31:17 solver.py:159 ] Epoch: [146/200][80/282] lr: 1.45e-04 | MSE loss: 8.2583e-03 | time: 0.022
I 06.08/07:31:18 solver.py:159 ] Epoch: [146/200][100/282] lr: 1.45e-04 | MSE loss: 8.2799e-03 | time: 0.023
I 06.08/07:31:18 solver.py:159 ] Epoch: [146/200][120/282] lr: 1.45e-04 | MSE loss: 8.1889e-03 | time: 0.022
I 06.08/07:31:19 solver.py:159 ] Epoch: [146/200][140/282] lr: 1.44e-04 | MSE loss: 8.6792e-03 | time: 0.023
I 06.08/07:31:19 solver.py:159 ] Epoch: [146/200][160/282] lr: 1.44e-04 | MSE loss: 8.5961e-03 | time: 0.022
I 06.08/07:31:20 solver.py:159 ] Epoch: [146/200][180/282] lr: 1.44e-04 | MSE loss: 8.3731e-03 | time: 0.022
I 06.08/07:31:20 solver.py:159 ] Epoch: [146/200][200/282] lr: 1.44e-04 | MSE loss: 8.3213e-03 | time: 0.022
I 06.08/07:31:21 solver.py:159 ] Epoch: [146/200][220/282] lr: 1.43e-04 | MSE loss: 8.2141e-03 | time: 0.022
I 06.08/07:31:21 solver.py:159 ] Epoch: [146/200][240/282] lr: 1.43e-04 | MSE loss: 8.3163e-03 | time: 0.022
I 06.08/07:31:21 solver.py:159 ] Epoch: [146/200][260/282] lr: 1.43e-04 | MSE loss: 8.2433e-03 | time: 0.022
I 06.08/07:31:22 solver.py:159 ] Epoch: [146/200][280/282] lr: 1.43e-04 | MSE loss: 8.1501e-03 | time: 0.022
I 06.08/07:31:22 solver.py:169 ] => Train  Loss: 8.1359e-03

I 06.08/07:31:22 solver.py:405 ] [20/32] loss: 9.3606e-03 | NMSE: -1.6780e+01 | time: 0.019
I 06.08/07:31:22 solver.py:413 ] => Test NMSE: -1.7829e+01

I 06.08/07:31:22 solver.py:345 ] => LoRA monitor [epoch=146] | trainable=2621440/2621440 | non_lora_trainable=0 | lora_l2=3.160846e+01 | lora_A_l2=1.071511e+01 | lora_B_l2=2.973687e+01 | component_l2=fc_decoder:3.160846e+01 | lora_abs_max=1.218308e-01 | delta_l2=3.047575e+01 | delta_rel=3.298904e+00 | train_loss=8.135896e-03 | test_loss=8.242145e-03 | nmse=-1.782930e+01
I 06.08/07:31:22 solver.py:224 ] 
=! Best NMSE: -1.7832e+01 (epoch=25)

I 06.08/07:31:23 solver.py:159 ] Epoch: [147/200][20/282] lr: 1.43e-04 | MSE loss: 5.7293e-03 | time: 0.023
I 06.08/07:31:23 solver.py:159 ] Epoch: [147/200][40/282] lr: 1.42e-04 | MSE loss: 7.0635e-03 | time: 0.023
I 06.08/07:31:24 solver.py:159 ] Epoch: [147/200][60/282] lr: 1.42e-04 | MSE loss: 7.2415e-03 | time: 0.022
I 06.08/07:31:24 solver.py:159 ] Epoch: [147/200][80/282] lr: 1.42e-04 | MSE loss: 7.3897e-03 | time: 0.022
I 06.08/07:31:25 solver.py:159 ] Epoch: [147/200][100/282] lr: 1.42e-04 | MSE loss: 7.1856e-03 | time: 0.022
I 06.08/07:31:25 solver.py:159 ] Epoch: [147/200][120/282] lr: 1.41e-04 | MSE loss: 7.6159e-03 | time: 0.022
I 06.08/07:31:26 solver.py:159 ] Epoch: [147/200][140/282] lr: 1.41e-04 | MSE loss: 7.7786e-03 | time: 0.022
I 06.08/07:31:26 solver.py:159 ] Epoch: [147/200][160/282] lr: 1.41e-04 | MSE loss: 7.7155e-03 | time: 0.022
I 06.08/07:31:26 solver.py:159 ] Epoch: [147/200][180/282] lr: 1.41e-04 | MSE loss: 7.9775e-03 | time: 0.022
I 06.08/07:31:27 solver.py:159 ] Epoch: [147/200][200/282] lr: 1.41e-04 | MSE loss: 8.0116e-03 | time: 0.022
I 06.08/07:31:27 solver.py:159 ] Epoch: [147/200][220/282] lr: 1.40e-04 | MSE loss: 7.9147e-03 | time: 0.022
I 06.08/07:31:28 solver.py:159 ] Epoch: [147/200][240/282] lr: 1.40e-04 | MSE loss: 8.0168e-03 | time: 0.022
I 06.08/07:31:28 solver.py:159 ] Epoch: [147/200][260/282] lr: 1.40e-04 | MSE loss: 8.0138e-03 | time: 0.022
I 06.08/07:31:29 solver.py:159 ] Epoch: [147/200][280/282] lr: 1.40e-04 | MSE loss: 8.1432e-03 | time: 0.022
I 06.08/07:31:29 solver.py:169 ] => Train  Loss: 8.1362e-03

I 06.08/07:31:29 solver.py:405 ] [20/32] loss: 9.3593e-03 | NMSE: -1.6780e+01 | time: 0.016
I 06.08/07:31:29 solver.py:413 ] => Test NMSE: -1.7830e+01

I 06.08/07:31:29 solver.py:345 ] => LoRA monitor [epoch=147] | trainable=2621440/2621440 | non_lora_trainable=0 | lora_l2=3.160222e+01 | lora_A_l2=1.071031e+01 | lora_B_l2=2.973196e+01 | component_l2=fc_decoder:3.160222e+01 | lora_abs_max=1.219050e-01 | delta_l2=3.046958e+01 | delta_rel=3.298236e+00 | train_loss=8.136183e-03 | test_loss=8.240814e-03 | nmse=-1.783000e+01
I 06.08/07:31:29 solver.py:224 ] 
=! Best NMSE: -1.7832e+01 (epoch=25)

I 06.08/07:31:30 solver.py:159 ] Epoch: [148/200][20/282] lr: 1.39e-04 | MSE loss: 1.1046e-02 | time: 0.022
I 06.08/07:31:30 solver.py:159 ] Epoch: [148/200][40/282] lr: 1.39e-04 | MSE loss: 9.3598e-03 | time: 0.021
I 06.08/07:31:31 solver.py:159 ] Epoch: [148/200][60/282] lr: 1.39e-04 | MSE loss: 8.7443e-03 | time: 0.021
I 06.08/07:31:31 solver.py:159 ] Epoch: [148/200][80/282] lr: 1.39e-04 | MSE loss: 8.0961e-03 | time: 0.021
I 06.08/07:31:31 solver.py:159 ] Epoch: [148/200][100/282] lr: 1.38e-04 | MSE loss: 7.4495e-03 | time: 0.021
I 06.08/07:31:32 solver.py:159 ] Epoch: [148/200][120/282] lr: 1.38e-04 | MSE loss: 7.7700e-03 | time: 0.021
I 06.08/07:31:32 solver.py:159 ] Epoch: [148/200][140/282] lr: 1.38e-04 | MSE loss: 7.8951e-03 | time: 0.022
I 06.08/07:31:33 solver.py:159 ] Epoch: [148/200][160/282] lr: 1.38e-04 | MSE loss: 7.9655e-03 | time: 0.022
I 06.08/07:31:33 solver.py:159 ] Epoch: [148/200][180/282] lr: 1.38e-04 | MSE loss: 8.0220e-03 | time: 0.022
I 06.08/07:31:34 solver.py:159 ] Epoch: [148/200][200/282] lr: 1.37e-04 | MSE loss: 7.8733e-03 | time: 0.022
I 06.08/07:31:34 solver.py:159 ] Epoch: [148/200][220/282] lr: 1.37e-04 | MSE loss: 8.0659e-03 | time: 0.022
I 06.08/07:31:35 solver.py:159 ] Epoch: [148/200][240/282] lr: 1.37e-04 | MSE loss: 7.9542e-03 | time: 0.022
I 06.08/07:31:35 solver.py:159 ] Epoch: [148/200][260/282] lr: 1.37e-04 | MSE loss: 8.2373e-03 | time: 0.022
I 06.08/07:31:36 solver.py:159 ] Epoch: [148/200][280/282] lr: 1.36e-04 | MSE loss: 8.1455e-03 | time: 0.022
I 06.08/07:31:36 solver.py:169 ] => Train  Loss: 8.1564e-03

I 06.08/07:31:36 solver.py:405 ] [20/32] loss: 9.3583e-03 | NMSE: -1.6781e+01 | time: 0.019
I 06.08/07:31:36 solver.py:413 ] => Test NMSE: -1.7830e+01

I 06.08/07:31:36 solver.py:345 ] => LoRA monitor [epoch=148] | trainable=2621440/2621440 | non_lora_trainable=0 | lora_l2=3.159712e+01 | lora_A_l2=1.070638e+01 | lora_B_l2=2.972796e+01 | component_l2=fc_decoder:3.159712e+01 | lora_abs_max=1.219253e-01 | delta_l2=3.046455e+01 | delta_rel=3.297692e+00 | train_loss=8.156421e-03 | test_loss=8.239900e-03 | nmse=-1.783048e+01
I 06.08/07:31:36 solver.py:224 ] 
=! Best NMSE: -1.7832e+01 (epoch=25)

I 06.08/07:31:37 solver.py:159 ] Epoch: [149/200][20/282] lr: 1.36e-04 | MSE loss: 9.1959e-03 | time: 0.020
I 06.08/07:31:37 solver.py:159 ] Epoch: [149/200][40/282] lr: 1.36e-04 | MSE loss: 8.9484e-03 | time: 0.021
I 06.08/07:31:37 solver.py:159 ] Epoch: [149/200][60/282] lr: 1.36e-04 | MSE loss: 8.7877e-03 | time: 0.021
I 06.08/07:31:38 solver.py:159 ] Epoch: [149/200][80/282] lr: 1.36e-04 | MSE loss: 8.5495e-03 | time: 0.022
I 06.08/07:31:38 solver.py:159 ] Epoch: [149/200][100/282] lr: 1.35e-04 | MSE loss: 8.7180e-03 | time: 0.021
I 06.08/07:31:39 solver.py:159 ] Epoch: [149/200][120/282] lr: 1.35e-04 | MSE loss: 8.4160e-03 | time: 0.021
I 06.08/07:31:39 solver.py:159 ] Epoch: [149/200][140/282] lr: 1.35e-04 | MSE loss: 8.2306e-03 | time: 0.021
I 06.08/07:31:40 solver.py:159 ] Epoch: [149/200][160/282] lr: 1.35e-04 | MSE loss: 8.1906e-03 | time: 0.021
I 06.08/07:31:40 solver.py:159 ] Epoch: [149/200][180/282] lr: 1.35e-04 | MSE loss: 8.3644e-03 | time: 0.021
I 06.08/07:31:40 solver.py:159 ] Epoch: [149/200][200/282] lr: 1.34e-04 | MSE loss: 8.2263e-03 | time: 0.021
I 06.08/07:31:41 solver.py:159 ] Epoch: [149/200][220/282] lr: 1.34e-04 | MSE loss: 8.2734e-03 | time: 0.021
I 06.08/07:31:41 solver.py:159 ] Epoch: [149/200][240/282] lr: 1.34e-04 | MSE loss: 8.2914e-03 | time: 0.021
I 06.08/07:31:42 solver.py:159 ] Epoch: [149/200][260/282] lr: 1.34e-04 | MSE loss: 8.1925e-03 | time: 0.021
I 06.08/07:31:42 solver.py:159 ] Epoch: [149/200][280/282] lr: 1.33e-04 | MSE loss: 8.1832e-03 | time: 0.021
I 06.08/07:31:42 solver.py:169 ] => Train  Loss: 8.1342e-03

I 06.08/07:31:42 solver.py:405 ] [20/32] loss: 9.3577e-03 | NMSE: -1.6781e+01 | time: 0.018
I 06.08/07:31:43 solver.py:413 ] => Test NMSE: -1.7831e+01

I 06.08/07:31:43 solver.py:345 ] => LoRA monitor [epoch=149] | trainable=2621440/2621440 | non_lora_trainable=0 | lora_l2=3.159283e+01 | lora_A_l2=1.070310e+01 | lora_B_l2=2.972457e+01 | component_l2=fc_decoder:3.159283e+01 | lora_abs_max=1.219526e-01 | delta_l2=3.046032e+01 | delta_rel=3.297234e+00 | train_loss=8.134223e-03 | test_loss=8.239243e-03 | nmse=-1.783083e+01
I 06.08/07:31:43 solver.py:224 ] 
=! Best NMSE: -1.7832e+01 (epoch=25)

I 06.08/07:31:43 solver.py:159 ] Epoch: [150/200][20/282] lr: 1.33e-04 | MSE loss: 7.0246e-03 | time: 0.022
I 06.08/07:31:44 solver.py:159 ] Epoch: [150/200][40/282] lr: 1.33e-04 | MSE loss: 6.9188e-03 | time: 0.022
I 06.08/07:31:44 solver.py:159 ] Epoch: [150/200][60/282] lr: 1.33e-04 | MSE loss: 7.4358e-03 | time: 0.022
I 06.08/07:31:44 solver.py:159 ] Epoch: [150/200][80/282] lr: 1.33e-04 | MSE loss: 7.5194e-03 | time: 0.022
I 06.08/07:31:45 solver.py:159 ] Epoch: [150/200][100/282] lr: 1.32e-04 | MSE loss: 7.9533e-03 | time: 0.022
I 06.08/07:31:45 solver.py:159 ] Epoch: [150/200][120/282] lr: 1.32e-04 | MSE loss: 7.7368e-03 | time: 0.022
I 06.08/07:31:46 solver.py:159 ] Epoch: [150/200][140/282] lr: 1.32e-04 | MSE loss: 7.7593e-03 | time: 0.022
I 06.08/07:31:46 solver.py:159 ] Epoch: [150/200][160/282] lr: 1.32e-04 | MSE loss: 7.9180e-03 | time: 0.022
I 06.08/07:31:47 solver.py:159 ] Epoch: [150/200][180/282] lr: 1.31e-04 | MSE loss: 7.6739e-03 | time: 0.022
I 06.08/07:31:47 solver.py:159 ] Epoch: [150/200][200/282] lr: 1.31e-04 | MSE loss: 7.7882e-03 | time: 0.022
I 06.08/07:31:48 solver.py:159 ] Epoch: [150/200][220/282] lr: 1.31e-04 | MSE loss: 7.8571e-03 | time: 0.022
I 06.08/07:31:48 solver.py:159 ] Epoch: [150/200][240/282] lr: 1.31e-04 | MSE loss: 7.9647e-03 | time: 0.022
I 06.08/07:31:48 solver.py:159 ] Epoch: [150/200][260/282] lr: 1.31e-04 | MSE loss: 8.1455e-03 | time: 0.022
I 06.08/07:31:49 solver.py:159 ] Epoch: [150/200][280/282] lr: 1.30e-04 | MSE loss: 8.1373e-03 | time: 0.022
I 06.08/07:31:49 solver.py:169 ] => Train  Loss: 8.1726e-03

I 06.08/07:31:49 solver.py:159 ] Epoch: [150/200][20/32] lr: 1.30e-04 | MSE loss: 9.3571e-03 | time: 0.018
I 06.08/07:31:49 solver.py:169 ] => Val  Loss: 8.0541e-03

I 06.08/07:31:50 solver.py:405 ] [20/32] loss: 9.3571e-03 | NMSE: -1.6781e+01 | time: 0.017
I 06.08/07:31:50 solver.py:413 ] => Test NMSE: -1.7831e+01

I 06.08/07:31:50 solver.py:345 ] => LoRA monitor [epoch=150] | trainable=2621440/2621440 | non_lora_trainable=0 | lora_l2=3.158903e+01 | lora_A_l2=1.070016e+01 | lora_B_l2=2.972160e+01 | component_l2=fc_decoder:3.158903e+01 | lora_abs_max=1.219837e-01 | delta_l2=3.045658e+01 | delta_rel=3.296829e+00 | train_loss=8.172614e-03 | val_loss=8.054107e-03 | test_loss=8.238760e-03 | nmse=-1.783108e+01
I 06.08/07:31:50 solver.py:224 ] 
=! Best NMSE: -1.7832e+01 (epoch=25)

I 06.08/07:31:51 solver.py:159 ] Epoch: [151/200][20/282] lr: 1.30e-04 | MSE loss: 8.0668e-03 | time: 0.025
I 06.08/07:31:51 solver.py:159 ] Epoch: [151/200][40/282] lr: 1.30e-04 | MSE loss: 7.6003e-03 | time: 0.023
I 06.08/07:31:51 solver.py:159 ] Epoch: [151/200][60/282] lr: 1.30e-04 | MSE loss: 7.0329e-03 | time: 0.022
I 06.08/07:31:52 solver.py:159 ] Epoch: [151/200][80/282] lr: 1.30e-04 | MSE loss: 7.5333e-03 | time: 0.022
I 06.08/07:31:52 solver.py:159 ] Epoch: [151/200][100/282] lr: 1.29e-04 | MSE loss: 7.7810e-03 | time: 0.022
I 06.08/07:31:53 solver.py:159 ] Epoch: [151/200][120/282] lr: 1.29e-04 | MSE loss: 7.5871e-03 | time: 0.022
I 06.08/07:31:53 solver.py:159 ] Epoch: [151/200][140/282] lr: 1.29e-04 | MSE loss: 7.8812e-03 | time: 0.022
I 06.08/07:31:54 solver.py:159 ] Epoch: [151/200][160/282] lr: 1.29e-04 | MSE loss: 7.9076e-03 | time: 0.022
I 06.08/07:31:54 solver.py:159 ] Epoch: [151/200][180/282] lr: 1.28e-04 | MSE loss: 7.8037e-03 | time: 0.023
I 06.08/07:31:55 solver.py:159 ] Epoch: [151/200][200/282] lr: 1.28e-04 | MSE loss: 8.1680e-03 | time: 0.023
I 06.08/07:31:55 solver.py:159 ] Epoch: [151/200][220/282] lr: 1.28e-04 | MSE loss: 8.0899e-03 | time: 0.022
I 06.08/07:31:55 solver.py:159 ] Epoch: [151/200][240/282] lr: 1.28e-04 | MSE loss: 8.1064e-03 | time: 0.022
I 06.08/07:31:56 solver.py:159 ] Epoch: [151/200][260/282] lr: 1.28e-04 | MSE loss: 8.1428e-03 | time: 0.022
I 06.08/07:31:56 solver.py:159 ] Epoch: [151/200][280/282] lr: 1.27e-04 | MSE loss: 8.1423e-03 | time: 0.022
I 06.08/07:31:56 solver.py:169 ] => Train  Loss: 8.1840e-03

I 06.08/07:31:57 solver.py:405 ] [20/32] loss: 9.3568e-03 | NMSE: -1.6781e+01 | time: 0.015
I 06.08/07:31:57 solver.py:413 ] => Test NMSE: -1.7831e+01

I 06.08/07:31:57 solver.py:345 ] => LoRA monitor [epoch=151] | trainable=2621440/2621440 | non_lora_trainable=0 | lora_l2=3.158573e+01 | lora_A_l2=1.069763e+01 | lora_B_l2=2.971900e+01 | component_l2=fc_decoder:3.158573e+01 | lora_abs_max=1.219673e-01 | delta_l2=3.045329e+01 | delta_rel=3.296473e+00 | train_loss=8.184017e-03 | test_loss=8.238405e-03 | nmse=-1.783127e+01
I 06.08/07:31:57 solver.py:224 ] 
=! Best NMSE: -1.7832e+01 (epoch=25)

I 06.08/07:31:57 solver.py:159 ] Epoch: [152/200][20/282] lr: 1.27e-04 | MSE loss: 9.5271e-03 | time: 0.021
I 06.08/07:31:58 solver.py:159 ] Epoch: [152/200][40/282] lr: 1.27e-04 | MSE loss: 8.8439e-03 | time: 0.022
I 06.08/07:31:58 solver.py:159 ] Epoch: [152/200][60/282] lr: 1.27e-04 | MSE loss: 8.6764e-03 | time: 0.022
I 06.08/07:31:59 solver.py:159 ] Epoch: [152/200][80/282] lr: 1.27e-04 | MSE loss: 8.4321e-03 | time: 0.022
I 06.08/07:31:59 solver.py:159 ] Epoch: [152/200][100/282] lr: 1.26e-04 | MSE loss: 8.0467e-03 | time: 0.022
I 06.08/07:31:59 solver.py:159 ] Epoch: [152/200][120/282] lr: 1.26e-04 | MSE loss: 8.2154e-03 | time: 0.022
I 06.08/07:32:00 solver.py:159 ] Epoch: [152/200][140/282] lr: 1.26e-04 | MSE loss: 8.3760e-03 | time: 0.022
I 06.08/07:32:01 solver.py:159 ] Epoch: [152/200][160/282] lr: 1.26e-04 | MSE loss: 8.2196e-03 | time: 0.023
I 06.08/07:32:01 solver.py:159 ] Epoch: [152/200][180/282] lr: 1.26e-04 | MSE loss: 8.3814e-03 | time: 0.025
I 06.08/07:32:02 solver.py:159 ] Epoch: [152/200][200/282] lr: 1.25e-04 | MSE loss: 8.2529e-03 | time: 0.028
I 06.08/07:32:03 solver.py:159 ] Epoch: [152/200][220/282] lr: 1.25e-04 | MSE loss: 8.1448e-03 | time: 0.030
I 06.08/07:32:04 solver.py:159 ] Epoch: [152/200][240/282] lr: 1.25e-04 | MSE loss: 8.1808e-03 | time: 0.031
I 06.08/07:32:05 solver.py:159 ] Epoch: [152/200][260/282] lr: 1.25e-04 | MSE loss: 8.1978e-03 | time: 0.031
I 06.08/07:32:05 solver.py:159 ] Epoch: [152/200][280/282] lr: 1.24e-04 | MSE loss: 8.1696e-03 | time: 0.030
I 06.08/07:32:05 solver.py:169 ] => Train  Loss: 8.1325e-03

I 06.08/07:32:06 solver.py:405 ] [20/32] loss: 9.3564e-03 | NMSE: -1.6781e+01 | time: 0.019
I 06.08/07:32:06 solver.py:413 ] => Test NMSE: -1.7831e+01

I 06.08/07:32:06 solver.py:345 ] => LoRA monitor [epoch=152] | trainable=2621440/2621440 | non_lora_trainable=0 | lora_l2=3.158282e+01 | lora_A_l2=1.069539e+01 | lora_B_l2=2.971672e+01 | component_l2=fc_decoder:3.158282e+01 | lora_abs_max=1.219663e-01 | delta_l2=3.045045e+01 | delta_rel=3.296166e+00 | train_loss=8.132503e-03 | test_loss=8.238119e-03 | nmse=-1.783142e+01
I 06.08/07:32:06 solver.py:224 ] 
=! Best NMSE: -1.7832e+01 (epoch=25)

I 06.08/07:32:06 solver.py:159 ] Epoch: [153/200][20/282] lr: 1.24e-04 | MSE loss: 7.2893e-03 | time: 0.020
I 06.08/07:32:07 solver.py:159 ] Epoch: [153/200][40/282] lr: 1.24e-04 | MSE loss: 8.2146e-03 | time: 0.021
I 06.08/07:32:07 solver.py:159 ] Epoch: [153/200][60/282] lr: 1.24e-04 | MSE loss: 8.0077e-03 | time: 0.021
I 06.08/07:32:08 solver.py:159 ] Epoch: [153/200][80/282] lr: 1.24e-04 | MSE loss: 8.3674e-03 | time: 0.021
I 06.08/07:32:08 solver.py:159 ] Epoch: [153/200][100/282] lr: 1.23e-04 | MSE loss: 8.5187e-03 | time: 0.021
I 06.08/07:32:09 solver.py:159 ] Epoch: [153/200][120/282] lr: 1.23e-04 | MSE loss: 8.5383e-03 | time: 0.021
I 06.08/07:32:09 solver.py:159 ] Epoch: [153/200][140/282] lr: 1.23e-04 | MSE loss: 8.4602e-03 | time: 0.021
I 06.08/07:32:09 solver.py:159 ] Epoch: [153/200][160/282] lr: 1.23e-04 | MSE loss: 8.3876e-03 | time: 0.021
I 06.08/07:32:10 solver.py:159 ] Epoch: [153/200][180/282] lr: 1.23e-04 | MSE loss: 8.5822e-03 | time: 0.021
I 06.08/07:32:10 solver.py:159 ] Epoch: [153/200][200/282] lr: 1.22e-04 | MSE loss: 8.4321e-03 | time: 0.022
I 06.08/07:32:11 solver.py:159 ] Epoch: [153/200][220/282] lr: 1.22e-04 | MSE loss: 8.2836e-03 | time: 0.022
I 06.08/07:32:11 solver.py:159 ] Epoch: [153/200][240/282] lr: 1.22e-04 | MSE loss: 8.0214e-03 | time: 0.022
I 06.08/07:32:12 solver.py:159 ] Epoch: [153/200][260/282] lr: 1.22e-04 | MSE loss: 8.0550e-03 | time: 0.022
I 06.08/07:32:12 solver.py:159 ] Epoch: [153/200][280/282] lr: 1.22e-04 | MSE loss: 8.1592e-03 | time: 0.022
I 06.08/07:32:12 solver.py:169 ] => Train  Loss: 8.1357e-03

I 06.08/07:32:13 solver.py:405 ] [20/32] loss: 9.3562e-03 | NMSE: -1.6781e+01 | time: 0.018
I 06.08/07:32:13 solver.py:413 ] => Test NMSE: -1.7832e+01

I 06.08/07:32:13 solver.py:345 ] => LoRA monitor [epoch=153] | trainable=2621440/2621440 | non_lora_trainable=0 | lora_l2=3.158020e+01 | lora_A_l2=1.069341e+01 | lora_B_l2=2.971465e+01 | component_l2=fc_decoder:3.158020e+01 | lora_abs_max=1.220416e-01 | delta_l2=3.044786e+01 | delta_rel=3.295885e+00 | train_loss=8.135706e-03 | test_loss=8.237849e-03 | nmse=-1.783156e+01
I 06.08/07:32:13 solver.py:224 ] 
=! Best NMSE: -1.7832e+01 (epoch=25)

I 06.08/07:32:13 solver.py:159 ] Epoch: [154/200][20/282] lr: 1.21e-04 | MSE loss: 9.4102e-03 | time: 0.022
I 06.08/07:32:14 solver.py:159 ] Epoch: [154/200][40/282] lr: 1.21e-04 | MSE loss: 8.9615e-03 | time: 0.023
I 06.08/07:32:14 solver.py:159 ] Epoch: [154/200][60/282] lr: 1.21e-04 | MSE loss: 9.1783e-03 | time: 0.023
I 06.08/07:32:15 solver.py:159 ] Epoch: [154/200][80/282] lr: 1.21e-04 | MSE loss: 9.2662e-03 | time: 0.023
I 06.08/07:32:15 solver.py:159 ] Epoch: [154/200][100/282] lr: 1.21e-04 | MSE loss: 9.1167e-03 | time: 0.023
I 06.08/07:32:16 solver.py:159 ] Epoch: [154/200][120/282] lr: 1.20e-04 | MSE loss: 8.6071e-03 | time: 0.023
I 06.08/07:32:16 solver.py:159 ] Epoch: [154/200][140/282] lr: 1.20e-04 | MSE loss: 8.3129e-03 | time: 0.023
I 06.08/07:32:16 solver.py:159 ] Epoch: [154/200][160/282] lr: 1.20e-04 | MSE loss: 8.4317e-03 | time: 0.023
I 06.08/07:32:17 solver.py:159 ] Epoch: [154/200][180/282] lr: 1.20e-04 | MSE loss: 8.2276e-03 | time: 0.023
I 06.08/07:32:17 solver.py:159 ] Epoch: [154/200][200/282] lr: 1.20e-04 | MSE loss: 8.3076e-03 | time: 0.023
I 06.08/07:32:18 solver.py:159 ] Epoch: [154/200][220/282] lr: 1.19e-04 | MSE loss: 8.3701e-03 | time: 0.023
I 06.08/07:32:18 solver.py:159 ] Epoch: [154/200][240/282] lr: 1.19e-04 | MSE loss: 8.2608e-03 | time: 0.023
I 06.08/07:32:19 solver.py:159 ] Epoch: [154/200][260/282] lr: 1.19e-04 | MSE loss: 8.1371e-03 | time: 0.023
I 06.08/07:32:19 solver.py:159 ] Epoch: [154/200][280/282] lr: 1.19e-04 | MSE loss: 8.1146e-03 | time: 0.023
I 06.08/07:32:19 solver.py:169 ] => Train  Loss: 8.1346e-03

I 06.08/07:32:20 solver.py:405 ] [20/32] loss: 9.3559e-03 | NMSE: -1.6781e+01 | time: 0.017
I 06.08/07:32:20 solver.py:413 ] => Test NMSE: -1.7832e+01

I 06.08/07:32:20 solver.py:345 ] => LoRA monitor [epoch=154] | trainable=2621440/2621440 | non_lora_trainable=0 | lora_l2=3.157793e+01 | lora_A_l2=1.069167e+01 | lora_B_l2=2.971286e+01 | component_l2=fc_decoder:3.157793e+01 | lora_abs_max=1.219670e-01 | delta_l2=3.044563e+01 | delta_rel=3.295643e+00 | train_loss=8.134646e-03 | test_loss=8.237663e-03 | nmse=-1.783166e+01
I 06.08/07:32:20 solver.py:224 ] 
=! Best NMSE: -1.7832e+01 (epoch=25)

I 06.08/07:32:20 solver.py:159 ] Epoch: [155/200][20/282] lr: 1.19e-04 | MSE loss: 7.3581e-03 | time: 0.026
I 06.08/07:32:21 solver.py:159 ] Epoch: [155/200][40/282] lr: 1.18e-04 | MSE loss: 7.5377e-03 | time: 0.023
I 06.08/07:32:21 solver.py:159 ] Epoch: [155/200][60/282] lr: 1.18e-04 | MSE loss: 8.2129e-03 | time: 0.023
I 06.08/07:32:22 solver.py:159 ] Epoch: [155/200][80/282] lr: 1.18e-04 | MSE loss: 7.9724e-03 | time: 0.023
I 06.08/07:32:22 solver.py:159 ] Epoch: [155/200][100/282] lr: 1.18e-04 | MSE loss: 8.0883e-03 | time: 0.023
I 06.08/07:32:22 solver.py:159 ] Epoch: [155/200][120/282] lr: 1.18e-04 | MSE loss: 7.8677e-03 | time: 0.023
I 06.08/07:32:23 solver.py:159 ] Epoch: [155/200][140/282] lr: 1.17e-04 | MSE loss: 8.0586e-03 | time: 0.023
I 06.08/07:32:23 solver.py:159 ] Epoch: [155/200][160/282] lr: 1.17e-04 | MSE loss: 7.8288e-03 | time: 0.023
I 06.08/07:32:24 solver.py:159 ] Epoch: [155/200][180/282] lr: 1.17e-04 | MSE loss: 8.0306e-03 | time: 0.023
I 06.08/07:32:24 solver.py:159 ] Epoch: [155/200][200/282] lr: 1.17e-04 | MSE loss: 8.1404e-03 | time: 0.023
I 06.08/07:32:25 solver.py:159 ] Epoch: [155/200][220/282] lr: 1.17e-04 | MSE loss: 8.1369e-03 | time: 0.023
I 06.08/07:32:25 solver.py:159 ] Epoch: [155/200][240/282] lr: 1.16e-04 | MSE loss: 8.1385e-03 | time: 0.023
I 06.08/07:32:26 solver.py:159 ] Epoch: [155/200][260/282] lr: 1.16e-04 | MSE loss: 8.0449e-03 | time: 0.023
I 06.08/07:32:26 solver.py:159 ] Epoch: [155/200][280/282] lr: 1.16e-04 | MSE loss: 8.1811e-03 | time: 0.023
I 06.08/07:32:26 solver.py:169 ] => Train  Loss: 8.1312e-03

I 06.08/07:32:27 solver.py:405 ] [20/32] loss: 9.3557e-03 | NMSE: -1.6781e+01 | time: 0.019
I 06.08/07:32:27 solver.py:413 ] => Test NMSE: -1.7832e+01

I 06.08/07:32:27 solver.py:345 ] => LoRA monitor [epoch=155] | trainable=2621440/2621440 | non_lora_trainable=0 | lora_l2=3.157594e+01 | lora_A_l2=1.069019e+01 | lora_B_l2=2.971127e+01 | component_l2=fc_decoder:3.157594e+01 | lora_abs_max=1.219636e-01 | delta_l2=3.044365e+01 | delta_rel=3.295430e+00 | train_loss=8.131232e-03 | test_loss=8.237480e-03 | nmse=-1.783176e+01
I 06.08/07:32:27 solver.py:224 ] 
=! Best NMSE: -1.7832e+01 (epoch=25)

I 06.08/07:32:27 solver.py:159 ] Epoch: [156/200][20/282] lr: 1.16e-04 | MSE loss: 6.9489e-03 | time: 0.023
I 06.08/07:32:28 solver.py:159 ] Epoch: [156/200][40/282] lr: 1.16e-04 | MSE loss: 7.2596e-03 | time: 0.022
I 06.08/07:32:28 solver.py:159 ] Epoch: [156/200][60/282] lr: 1.15e-04 | MSE loss: 7.8059e-03 | time: 0.022
I 06.08/07:32:29 solver.py:159 ] Epoch: [156/200][80/282] lr: 1.15e-04 | MSE loss: 8.0112e-03 | time: 0.022
I 06.08/07:32:29 solver.py:159 ] Epoch: [156/200][100/282] lr: 1.15e-04 | MSE loss: 8.2599e-03 | time: 0.022
I 06.08/07:32:30 solver.py:159 ] Epoch: [156/200][120/282] lr: 1.15e-04 | MSE loss: 8.2880e-03 | time: 0.023
I 06.08/07:32:30 solver.py:159 ] Epoch: [156/200][140/282] lr: 1.15e-04 | MSE loss: 8.2960e-03 | time: 0.023
I 06.08/07:32:30 solver.py:159 ] Epoch: [156/200][160/282] lr: 1.14e-04 | MSE loss: 8.2464e-03 | time: 0.023
I 06.08/07:32:31 solver.py:159 ] Epoch: [156/200][180/282] lr: 1.14e-04 | MSE loss: 8.2291e-03 | time: 0.023
I 06.08/07:32:31 solver.py:159 ] Epoch: [156/200][200/282] lr: 1.14e-04 | MSE loss: 8.1378e-03 | time: 0.023
I 06.08/07:32:32 solver.py:159 ] Epoch: [156/200][220/282] lr: 1.14e-04 | MSE loss: 8.1367e-03 | time: 0.023
I 06.08/07:32:32 solver.py:159 ] Epoch: [156/200][240/282] lr: 1.14e-04 | MSE loss: 8.2572e-03 | time: 0.023
I 06.08/07:32:33 solver.py:159 ] Epoch: [156/200][260/282] lr: 1.13e-04 | MSE loss: 8.2289e-03 | time: 0.023
I 06.08/07:32:33 solver.py:159 ] Epoch: [156/200][280/282] lr: 1.13e-04 | MSE loss: 8.1279e-03 | time: 0.023
I 06.08/07:32:33 solver.py:169 ] => Train  Loss: 8.2339e-03

I 06.08/07:32:34 solver.py:405 ] [20/32] loss: 9.3556e-03 | NMSE: -1.6781e+01 | time: 0.018
I 06.08/07:32:34 solver.py:413 ] => Test NMSE: -1.7832e+01

I 06.08/07:32:34 solver.py:345 ] => LoRA monitor [epoch=156] | trainable=2621440/2621440 | non_lora_trainable=0 | lora_l2=3.157417e+01 | lora_A_l2=1.068894e+01 | lora_B_l2=2.970984e+01 | component_l2=fc_decoder:3.157417e+01 | lora_abs_max=1.218194e-01 | delta_l2=3.044191e+01 | delta_rel=3.295241e+00 | train_loss=8.233874e-03 | test_loss=8.237356e-03 | nmse=-1.783182e+01
I 06.08/07:32:34 solver.py:224 ] 
=! Best NMSE: -1.7832e+01 (epoch=25)

I 06.08/07:32:34 solver.py:159 ] Epoch: [157/200][20/282] lr: 1.13e-04 | MSE loss: 1.0698e-02 | time: 0.023
I 06.08/07:32:35 solver.py:159 ] Epoch: [157/200][40/282] lr: 1.13e-04 | MSE loss: 9.6520e-03 | time: 0.022
I 06.08/07:32:35 solver.py:159 ] Epoch: [157/200][60/282] lr: 1.13e-04 | MSE loss: 8.4204e-03 | time: 0.023
I 06.08/07:32:36 solver.py:159 ] Epoch: [157/200][80/282] lr: 1.12e-04 | MSE loss: 8.8058e-03 | time: 0.023
I 06.08/07:32:36 solver.py:159 ] Epoch: [157/200][100/282] lr: 1.12e-04 | MSE loss: 9.0973e-03 | time: 0.023
I 06.08/07:32:37 solver.py:159 ] Epoch: [157/200][120/282] lr: 1.12e-04 | MSE loss: 8.9935e-03 | time: 0.022
I 06.08/07:32:37 solver.py:159 ] Epoch: [157/200][140/282] lr: 1.12e-04 | MSE loss: 8.6597e-03 | time: 0.022
I 06.08/07:32:37 solver.py:159 ] Epoch: [157/200][160/282] lr: 1.12e-04 | MSE loss: 8.7316e-03 | time: 0.022
I 06.08/07:32:38 solver.py:159 ] Epoch: [157/200][180/282] lr: 1.11e-04 | MSE loss: 8.8545e-03 | time: 0.022
I 06.08/07:32:38 solver.py:159 ] Epoch: [157/200][200/282] lr: 1.11e-04 | MSE loss: 8.6343e-03 | time: 0.022
I 06.08/07:32:39 solver.py:159 ] Epoch: [157/200][220/282] lr: 1.11e-04 | MSE loss: 8.4287e-03 | time: 0.022
I 06.08/07:32:39 solver.py:159 ] Epoch: [157/200][240/282] lr: 1.11e-04 | MSE loss: 8.1041e-03 | time: 0.022
I 06.08/07:32:40 solver.py:159 ] Epoch: [157/200][260/282] lr: 1.11e-04 | MSE loss: 8.1517e-03 | time: 0.022
I 06.08/07:32:40 solver.py:159 ] Epoch: [157/200][280/282] lr: 1.10e-04 | MSE loss: 8.1121e-03 | time: 0.022
I 06.08/07:32:40 solver.py:169 ] => Train  Loss: 8.1321e-03

I 06.08/07:32:40 solver.py:405 ] [20/32] loss: 9.3554e-03 | NMSE: -1.6782e+01 | time: 0.020
I 06.08/07:32:41 solver.py:413 ] => Test NMSE: -1.7832e+01

I 06.08/07:32:41 solver.py:345 ] => LoRA monitor [epoch=157] | trainable=2621440/2621440 | non_lora_trainable=0 | lora_l2=3.157238e+01 | lora_A_l2=1.068780e+01 | lora_B_l2=2.970835e+01 | component_l2=fc_decoder:3.157238e+01 | lora_abs_max=1.217156e-01 | delta_l2=3.044014e+01 | delta_rel=3.295050e+00 | train_loss=8.132097e-03 | test_loss=8.237213e-03 | nmse=-1.783190e+01
I 06.08/07:32:41 solver.py:224 ] 
=! Best NMSE: -1.7832e+01 (epoch=25)

I 06.08/07:32:41 solver.py:159 ] Epoch: [158/200][20/282] lr: 1.10e-04 | MSE loss: 9.0230e-03 | time: 0.025
I 06.08/07:32:42 solver.py:159 ] Epoch: [158/200][40/282] lr: 1.10e-04 | MSE loss: 9.3579e-03 | time: 0.023
I 06.08/07:32:42 solver.py:159 ] Epoch: [158/200][60/282] lr: 1.10e-04 | MSE loss: 9.0819e-03 | time: 0.024
I 06.08/07:32:43 solver.py:159 ] Epoch: [158/200][80/282] lr: 1.10e-04 | MSE loss: 8.3333e-03 | time: 0.023
I 06.08/07:32:43 solver.py:159 ] Epoch: [158/200][100/282] lr: 1.09e-04 | MSE loss: 8.5184e-03 | time: 0.023
I 06.08/07:32:43 solver.py:159 ] Epoch: [158/200][120/282] lr: 1.09e-04 | MSE loss: 8.6834e-03 | time: 0.023
I 06.08/07:32:44 solver.py:159 ] Epoch: [158/200][140/282] lr: 1.09e-04 | MSE loss: 8.4791e-03 | time: 0.023
I 06.08/07:32:44 solver.py:159 ] Epoch: [158/200][160/282] lr: 1.09e-04 | MSE loss: 8.5179e-03 | time: 0.023
I 06.08/07:32:45 solver.py:159 ] Epoch: [158/200][180/282] lr: 1.09e-04 | MSE loss: 8.2349e-03 | time: 0.023
I 06.08/07:32:45 solver.py:159 ] Epoch: [158/200][200/282] lr: 1.09e-04 | MSE loss: 8.2412e-03 | time: 0.023
I 06.08/07:32:46 solver.py:159 ] Epoch: [158/200][220/282] lr: 1.08e-04 | MSE loss: 8.3520e-03 | time: 0.023
I 06.08/07:32:46 solver.py:159 ] Epoch: [158/200][240/282] lr: 1.08e-04 | MSE loss: 8.2091e-03 | time: 0.023
I 06.08/07:32:47 solver.py:159 ] Epoch: [158/200][260/282] lr: 1.08e-04 | MSE loss: 8.1324e-03 | time: 0.023
I 06.08/07:32:47 solver.py:159 ] Epoch: [158/200][280/282] lr: 1.08e-04 | MSE loss: 8.1481e-03 | time: 0.023
I 06.08/07:32:47 solver.py:169 ] => Train  Loss: 8.1340e-03

I 06.08/07:32:47 solver.py:405 ] [20/32] loss: 9.3555e-03 | NMSE: -1.6781e+01 | time: 0.019
I 06.08/07:32:48 solver.py:413 ] => Test NMSE: -1.7832e+01

I 06.08/07:32:48 solver.py:345 ] => LoRA monitor [epoch=158] | trainable=2621440/2621440 | non_lora_trainable=0 | lora_l2=3.157072e+01 | lora_A_l2=1.068692e+01 | lora_B_l2=2.970690e+01 | component_l2=fc_decoder:3.157072e+01 | lora_abs_max=1.217474e-01 | delta_l2=3.043853e+01 | delta_rel=3.294875e+00 | train_loss=8.134037e-03 | test_loss=8.237222e-03 | nmse=-1.783189e+01
I 06.08/07:32:48 solver.py:224 ] 
=! Best NMSE: -1.7832e+01 (epoch=25)

I 06.08/07:32:48 solver.py:159 ] Epoch: [159/200][20/282] lr: 1.08e-04 | MSE loss: 7.8544e-03 | time: 0.024
I 06.08/07:32:49 solver.py:159 ] Epoch: [159/200][40/282] lr: 1.07e-04 | MSE loss: 8.7173e-03 | time: 0.023
I 06.08/07:32:49 solver.py:159 ] Epoch: [159/200][60/282] lr: 1.07e-04 | MSE loss: 7.7607e-03 | time: 0.023
I 06.08/07:32:50 solver.py:159 ] Epoch: [159/200][80/282] lr: 1.07e-04 | MSE loss: 8.1847e-03 | time: 0.023
I 06.08/07:32:50 solver.py:159 ] Epoch: [159/200][100/282] lr: 1.07e-04 | MSE loss: 8.4498e-03 | time: 0.022
I 06.08/07:32:50 solver.py:159 ] Epoch: [159/200][120/282] lr: 1.07e-04 | MSE loss: 8.2074e-03 | time: 0.022
I 06.08/07:32:51 solver.py:159 ] Epoch: [159/200][140/282] lr: 1.06e-04 | MSE loss: 8.1430e-03 | time: 0.022
I 06.08/07:32:51 solver.py:159 ] Epoch: [159/200][160/282] lr: 1.06e-04 | MSE loss: 8.3373e-03 | time: 0.022
I 06.08/07:32:52 solver.py:159 ] Epoch: [159/200][180/282] lr: 1.06e-04 | MSE loss: 8.3252e-03 | time: 0.022
I 06.08/07:32:52 solver.py:159 ] Epoch: [159/200][200/282] lr: 1.06e-04 | MSE loss: 8.2931e-03 | time: 0.022
I 06.08/07:32:53 solver.py:159 ] Epoch: [159/200][220/282] lr: 1.06e-04 | MSE loss: 8.1400e-03 | time: 0.022
I 06.08/07:32:53 solver.py:159 ] Epoch: [159/200][240/282] lr: 1.06e-04 | MSE loss: 8.2120e-03 | time: 0.022
I 06.08/07:32:54 solver.py:159 ] Epoch: [159/200][260/282] lr: 1.05e-04 | MSE loss: 8.2003e-03 | time: 0.022
I 06.08/07:32:54 solver.py:159 ] Epoch: [159/200][280/282] lr: 1.05e-04 | MSE loss: 8.1564e-03 | time: 0.022
I 06.08/07:32:54 solver.py:169 ] => Train  Loss: 8.1334e-03

I 06.08/07:32:54 solver.py:405 ] [20/32] loss: 9.3557e-03 | NMSE: -1.6781e+01 | time: 0.019
I 06.08/07:32:55 solver.py:413 ] => Test NMSE: -1.7832e+01

I 06.08/07:32:55 solver.py:345 ] => LoRA monitor [epoch=159] | trainable=2621440/2621440 | non_lora_trainable=0 | lora_l2=3.156724e+01 | lora_A_l2=1.068620e+01 | lora_B_l2=2.970347e+01 | component_l2=fc_decoder:3.156724e+01 | lora_abs_max=1.216746e-01 | delta_l2=3.043501e+01 | delta_rel=3.294495e+00 | train_loss=8.133392e-03 | test_loss=8.237423e-03 | nmse=-1.783179e+01
I 06.08/07:32:55 solver.py:224 ] 
=! Best NMSE: -1.7832e+01 (epoch=25)

I 06.08/07:32:55 solver.py:159 ] Epoch: [160/200][20/282] lr: 1.05e-04 | MSE loss: 7.7469e-03 | time: 0.025
I 06.08/07:32:56 solver.py:159 ] Epoch: [160/200][40/282] lr: 1.05e-04 | MSE loss: 7.4984e-03 | time: 0.024
I 06.08/07:32:56 solver.py:159 ] Epoch: [160/200][60/282] lr: 1.05e-04 | MSE loss: 8.0555e-03 | time: 0.023
I 06.08/07:32:56 solver.py:159 ] Epoch: [160/200][80/282] lr: 1.04e-04 | MSE loss: 8.0771e-03 | time: 0.023
I 06.08/07:32:57 solver.py:159 ] Epoch: [160/200][100/282] lr: 1.04e-04 | MSE loss: 8.2685e-03 | time: 0.023
I 06.08/07:32:57 solver.py:159 ] Epoch: [160/200][120/282] lr: 1.04e-04 | MSE loss: 8.1525e-03 | time: 0.023
I 06.08/07:32:58 solver.py:159 ] Epoch: [160/200][140/282] lr: 1.04e-04 | MSE loss: 8.1709e-03 | time: 0.023
I 06.08/07:32:58 solver.py:159 ] Epoch: [160/200][160/282] lr: 1.04e-04 | MSE loss: 8.1029e-03 | time: 0.023
I 06.08/07:32:59 solver.py:159 ] Epoch: [160/200][180/282] lr: 1.04e-04 | MSE loss: 8.3079e-03 | time: 0.023
I 06.08/07:32:59 solver.py:159 ] Epoch: [160/200][200/282] lr: 1.03e-04 | MSE loss: 8.3346e-03 | time: 0.023
I 06.08/07:33:00 solver.py:159 ] Epoch: [160/200][220/282] lr: 1.03e-04 | MSE loss: 8.2252e-03 | time: 0.023
I 06.08/07:33:00 solver.py:159 ] Epoch: [160/200][240/282] lr: 1.03e-04 | MSE loss: 8.3818e-03 | time: 0.023
I 06.08/07:33:01 solver.py:159 ] Epoch: [160/200][260/282] lr: 1.03e-04 | MSE loss: 8.2305e-03 | time: 0.024
I 06.08/07:33:02 solver.py:159 ] Epoch: [160/200][280/282] lr: 1.03e-04 | MSE loss: 8.1308e-03 | time: 0.025
I 06.08/07:33:02 solver.py:169 ] => Train  Loss: 8.1349e-03

I 06.08/07:33:03 solver.py:159 ] Epoch: [160/200][20/32] lr: 1.03e-04 | MSE loss: 9.3690e-03 | time: 0.055
I 06.08/07:33:03 solver.py:169 ] => Val  Loss: 8.0676e-03

I 06.08/07:33:04 solver.py:405 ] [20/32] loss: 9.3690e-03 | NMSE: -1.6776e+01 | time: 0.044
I 06.08/07:33:05 solver.py:413 ] => Test NMSE: -1.7824e+01

I 06.08/07:33:05 solver.py:345 ] => LoRA monitor [epoch=160] | trainable=2621440/2621440 | non_lora_trainable=0 | lora_l2=3.155443e+01 | lora_A_l2=1.068632e+01 | lora_B_l2=2.968981e+01 | component_l2=fc_decoder:3.155443e+01 | lora_abs_max=1.214639e-01 | delta_l2=3.042172e+01 | delta_rel=3.293056e+00 | train_loss=8.134865e-03 | val_loss=8.067608e-03 | test_loss=8.251259e-03 | nmse=-1.782450e+01
I 06.08/07:33:05 solver.py:224 ] 
=! Best NMSE: -1.7832e+01 (epoch=25)

I 06.08/07:33:05 solver.py:159 ] Epoch: [161/200][20/282] lr: 1.02e-04 | MSE loss: 9.5169e-03 | time: 0.025
I 06.08/07:33:05 solver.py:159 ] Epoch: [161/200][40/282] lr: 1.02e-04 | MSE loss: 9.1463e-03 | time: 0.024
I 06.08/07:33:06 solver.py:159 ] Epoch: [161/200][60/282] lr: 1.02e-04 | MSE loss: 8.8189e-03 | time: 0.023
I 06.08/07:33:06 solver.py:159 ] Epoch: [161/200][80/282] lr: 1.02e-04 | MSE loss: 8.8799e-03 | time: 0.023
I 06.08/07:33:07 solver.py:159 ] Epoch: [161/200][100/282] lr: 1.02e-04 | MSE loss: 8.8068e-03 | time: 0.023
I 06.08/07:33:07 solver.py:159 ] Epoch: [161/200][120/282] lr: 1.02e-04 | MSE loss: 8.4260e-03 | time: 0.023
I 06.08/07:33:08 solver.py:159 ] Epoch: [161/200][140/282] lr: 1.01e-04 | MSE loss: 8.3614e-03 | time: 0.023
I 06.08/07:33:08 solver.py:159 ] Epoch: [161/200][160/282] lr: 1.01e-04 | MSE loss: 8.1810e-03 | time: 0.022
I 06.08/07:33:09 solver.py:159 ] Epoch: [161/200][180/282] lr: 1.01e-04 | MSE loss: 7.9685e-03 | time: 0.022
I 06.08/07:33:09 solver.py:159 ] Epoch: [161/200][200/282] lr: 1.01e-04 | MSE loss: 7.9778e-03 | time: 0.022
I 06.08/07:33:09 solver.py:159 ] Epoch: [161/200][220/282] lr: 1.01e-04 | MSE loss: 7.8719e-03 | time: 0.022
I 06.08/07:33:10 solver.py:159 ] Epoch: [161/200][240/282] lr: 1.01e-04 | MSE loss: 8.0215e-03 | time: 0.022
I 06.08/07:33:10 solver.py:159 ] Epoch: [161/200][260/282] lr: 1.00e-04 | MSE loss: 8.1164e-03 | time: 0.022
I 06.08/07:33:11 solver.py:159 ] Epoch: [161/200][280/282] lr: 1.00e-04 | MSE loss: 8.1660e-03 | time: 0.022
I 06.08/07:33:11 solver.py:169 ] => Train  Loss: 8.1634e-03

I 06.08/07:33:11 solver.py:405 ] [20/32] loss: 9.3551e-03 | NMSE: -1.6782e+01 | time: 0.016
I 06.08/07:33:11 solver.py:413 ] => Test NMSE: -1.7832e+01

I 06.08/07:33:11 solver.py:345 ] => LoRA monitor [epoch=161] | trainable=2621440/2621440 | non_lora_trainable=0 | lora_l2=3.153245e+01 | lora_A_l2=1.068532e+01 | lora_B_l2=2.966680e+01 | component_l2=fc_decoder:3.153245e+01 | lora_abs_max=1.217829e-01 | delta_l2=3.039901e+01 | delta_rel=3.290598e+00 | train_loss=8.163370e-03 | test_loss=8.236819e-03 | nmse=-1.783211e+01
I 06.08/07:33:12 solver.py:224 ] 
=! Best NMSE: -1.7832e+01 (epoch=161)

I 06.08/07:33:12 solver.py:159 ] Epoch: [162/200][20/282] lr: 1.00e-04 | MSE loss: 7.0661e-03 | time: 0.021
I 06.08/07:33:13 solver.py:159 ] Epoch: [162/200][40/282] lr: 9.98e-05 | MSE loss: 8.0115e-03 | time: 0.022
I 06.08/07:33:13 solver.py:159 ] Epoch: [162/200][60/282] lr: 9.96e-05 | MSE loss: 8.6496e-03 | time: 0.023
I 06.08/07:33:13 solver.py:159 ] Epoch: [162/200][80/282] lr: 9.94e-05 | MSE loss: 9.0253e-03 | time: 0.023
I 06.08/07:33:14 solver.py:159 ] Epoch: [162/200][100/282] lr: 9.93e-05 | MSE loss: 8.4670e-03 | time: 0.023
I 06.08/07:33:14 solver.py:159 ] Epoch: [162/200][120/282] lr: 9.91e-05 | MSE loss: 8.0914e-03 | time: 0.023
I 06.08/07:33:15 solver.py:159 ] Epoch: [162/200][140/282] lr: 9.89e-05 | MSE loss: 7.9151e-03 | time: 0.023
I 06.08/07:33:15 solver.py:159 ] Epoch: [162/200][160/282] lr: 9.87e-05 | MSE loss: 8.0980e-03 | time: 0.022
I 06.08/07:33:16 solver.py:159 ] Epoch: [162/200][180/282] lr: 9.86e-05 | MSE loss: 7.9147e-03 | time: 0.022
I 06.08/07:33:16 solver.py:159 ] Epoch: [162/200][200/282] lr: 9.84e-05 | MSE loss: 7.9294e-03 | time: 0.023
I 06.08/07:33:17 solver.py:159 ] Epoch: [162/200][220/282] lr: 9.82e-05 | MSE loss: 8.0981e-03 | time: 0.023
I 06.08/07:33:17 solver.py:159 ] Epoch: [162/200][240/282] lr: 9.81e-05 | MSE loss: 8.2300e-03 | time: 0.023
I 06.08/07:33:18 solver.py:159 ] Epoch: [162/200][260/282] lr: 9.79e-05 | MSE loss: 8.2044e-03 | time: 0.023
I 06.08/07:33:18 solver.py:159 ] Epoch: [162/200][280/282] lr: 9.77e-05 | MSE loss: 8.1449e-03 | time: 0.024
I 06.08/07:33:18 solver.py:169 ] => Train  Loss: 8.1312e-03

I 06.08/07:33:19 solver.py:405 ] [20/32] loss: 9.3549e-03 | NMSE: -1.6782e+01 | time: 0.018
I 06.08/07:33:19 solver.py:413 ] => Test NMSE: -1.7832e+01

I 06.08/07:33:19 solver.py:345 ] => LoRA monitor [epoch=162] | trainable=2621440/2621440 | non_lora_trainable=0 | lora_l2=3.153111e+01 | lora_A_l2=1.068529e+01 | lora_B_l2=2.966539e+01 | component_l2=fc_decoder:3.153111e+01 | lora_abs_max=1.218102e-01 | delta_l2=3.039772e+01 | delta_rel=3.290457e+00 | train_loss=8.131180e-03 | test_loss=8.236730e-03 | nmse=-1.783215e+01
I 06.08/07:33:19 solver.py:224 ] 
=! Best NMSE: -1.7832e+01 (epoch=162)

I 06.08/07:33:20 solver.py:159 ] Epoch: [163/200][20/282] lr: 9.75e-05 | MSE loss: 1.0078e-02 | time: 0.025
I 06.08/07:33:20 solver.py:159 ] Epoch: [163/200][40/282] lr: 9.74e-05 | MSE loss: 9.2720e-03 | time: 0.023
I 06.08/07:33:20 solver.py:159 ] Epoch: [163/200][60/282] lr: 9.72e-05 | MSE loss: 9.4470e-03 | time: 0.023
I 06.08/07:33:21 solver.py:159 ] Epoch: [163/200][80/282] lr: 9.70e-05 | MSE loss: 8.9356e-03 | time: 0.023
I 06.08/07:33:21 solver.py:159 ] Epoch: [163/200][100/282] lr: 9.68e-05 | MSE loss: 8.8050e-03 | time: 0.023
I 06.08/07:33:22 solver.py:159 ] Epoch: [163/200][120/282] lr: 9.67e-05 | MSE loss: 8.8493e-03 | time: 0.023
I 06.08/07:33:22 solver.py:159 ] Epoch: [163/200][140/282] lr: 9.65e-05 | MSE loss: 8.4036e-03 | time: 0.022
I 06.08/07:33:23 solver.py:159 ] Epoch: [163/200][160/282] lr: 9.63e-05 | MSE loss: 8.0669e-03 | time: 0.022
I 06.08/07:33:23 solver.py:159 ] Epoch: [163/200][180/282] lr: 9.62e-05 | MSE loss: 8.1032e-03 | time: 0.022
I 06.08/07:33:24 solver.py:159 ] Epoch: [163/200][200/282] lr: 9.60e-05 | MSE loss: 7.9849e-03 | time: 0.022
I 06.08/07:33:24 solver.py:159 ] Epoch: [163/200][220/282] lr: 9.58e-05 | MSE loss: 7.9416e-03 | time: 0.022
I 06.08/07:33:24 solver.py:159 ] Epoch: [163/200][240/282] lr: 9.57e-05 | MSE loss: 7.9324e-03 | time: 0.022
I 06.08/07:33:25 solver.py:159 ] Epoch: [163/200][260/282] lr: 9.55e-05 | MSE loss: 7.9723e-03 | time: 0.022
I 06.08/07:33:25 solver.py:159 ] Epoch: [163/200][280/282] lr: 9.53e-05 | MSE loss: 8.1510e-03 | time: 0.022
I 06.08/07:33:25 solver.py:169 ] => Train  Loss: 8.1432e-03

I 06.08/07:33:26 solver.py:405 ] [20/32] loss: 9.3549e-03 | NMSE: -1.6782e+01 | time: 0.019
I 06.08/07:33:26 solver.py:413 ] => Test NMSE: -1.7832e+01

I 06.08/07:33:26 solver.py:345 ] => LoRA monitor [epoch=163] | trainable=2621440/2621440 | non_lora_trainable=0 | lora_l2=3.152995e+01 | lora_A_l2=1.068538e+01 | lora_B_l2=2.966413e+01 | component_l2=fc_decoder:3.152995e+01 | lora_abs_max=1.217922e-01 | delta_l2=3.039654e+01 | delta_rel=3.290330e+00 | train_loss=8.143159e-03 | test_loss=8.236719e-03 | nmse=-1.783216e+01
I 06.08/07:33:26 solver.py:224 ] 
=! Best NMSE: -1.7832e+01 (epoch=163)

I 06.08/07:33:27 solver.py:159 ] Epoch: [164/200][20/282] lr: 9.51e-05 | MSE loss: 5.9894e-03 | time: 0.025
I 06.08/07:33:27 solver.py:159 ] Epoch: [164/200][40/282] lr: 9.50e-05 | MSE loss: 7.3459e-03 | time: 0.024
I 06.08/07:33:28 solver.py:159 ] Epoch: [164/200][60/282] lr: 9.48e-05 | MSE loss: 7.1872e-03 | time: 0.024
I 06.08/07:33:28 solver.py:159 ] Epoch: [164/200][80/282] lr: 9.46e-05 | MSE loss: 7.4524e-03 | time: 0.024
I 06.08/07:33:28 solver.py:159 ] Epoch: [164/200][100/282] lr: 9.45e-05 | MSE loss: 7.4130e-03 | time: 0.023
I 06.08/07:33:29 solver.py:159 ] Epoch: [164/200][120/282] lr: 9.43e-05 | MSE loss: 8.0555e-03 | time: 0.023
I 06.08/07:33:29 solver.py:159 ] Epoch: [164/200][140/282] lr: 9.41e-05 | MSE loss: 8.1492e-03 | time: 0.023
I 06.08/07:33:30 solver.py:159 ] Epoch: [164/200][160/282] lr: 9.40e-05 | MSE loss: 7.9302e-03 | time: 0.023
I 06.08/07:33:30 solver.py:159 ] Epoch: [164/200][180/282] lr: 9.38e-05 | MSE loss: 8.1756e-03 | time: 0.023
I 06.08/07:33:31 solver.py:159 ] Epoch: [164/200][200/282] lr: 9.36e-05 | MSE loss: 8.1588e-03 | time: 0.023
I 06.08/07:33:31 solver.py:159 ] Epoch: [164/200][220/282] lr: 9.35e-05 | MSE loss: 8.2946e-03 | time: 0.022
I 06.08/07:33:31 solver.py:159 ] Epoch: [164/200][240/282] lr: 9.33e-05 | MSE loss: 8.2230e-03 | time: 0.022
I 06.08/07:33:32 solver.py:159 ] Epoch: [164/200][260/282] lr: 9.32e-05 | MSE loss: 8.1581e-03 | time: 0.022
I 06.08/07:33:32 solver.py:159 ] Epoch: [164/200][280/282] lr: 9.30e-05 | MSE loss: 8.1524e-03 | time: 0.022
I 06.08/07:33:32 solver.py:169 ] => Train  Loss: 8.1296e-03

I 06.08/07:33:33 solver.py:405 ] [20/32] loss: 9.3554e-03 | NMSE: -1.6781e+01 | time: 0.017
I 06.08/07:33:33 solver.py:413 ] => Test NMSE: -1.7832e+01

I 06.08/07:33:33 solver.py:345 ] => LoRA monitor [epoch=164] | trainable=2621440/2621440 | non_lora_trainable=0 | lora_l2=3.152646e+01 | lora_A_l2=1.068567e+01 | lora_B_l2=2.966032e+01 | component_l2=fc_decoder:3.152646e+01 | lora_abs_max=1.217744e-01 | delta_l2=3.039301e+01 | delta_rel=3.289948e+00 | train_loss=8.129641e-03 | test_loss=8.237146e-03 | nmse=-1.783193e+01
I 06.08/07:33:33 solver.py:224 ] 
=! Best NMSE: -1.7832e+01 (epoch=163)

I 06.08/07:33:33 solver.py:159 ] Epoch: [165/200][20/282] lr: 9.28e-05 | MSE loss: 7.5375e-03 | time: 0.023
I 06.08/07:33:34 solver.py:159 ] Epoch: [165/200][40/282] lr: 9.26e-05 | MSE loss: 7.4234e-03 | time: 0.022
I 06.08/07:33:34 solver.py:159 ] Epoch: [165/200][60/282] lr: 9.25e-05 | MSE loss: 8.1203e-03 | time: 0.022
I 06.08/07:33:35 solver.py:159 ] Epoch: [165/200][80/282] lr: 9.23e-05 | MSE loss: 8.1759e-03 | time: 0.022
I 06.08/07:33:35 solver.py:159 ] Epoch: [165/200][100/282] lr: 9.22e-05 | MSE loss: 8.0160e-03 | time: 0.022
I 06.08/07:33:36 solver.py:159 ] Epoch: [165/200][120/282] lr: 9.20e-05 | MSE loss: 8.3948e-03 | time: 0.023
I 06.08/07:33:36 solver.py:159 ] Epoch: [165/200][140/282] lr: 9.18e-05 | MSE loss: 8.1686e-03 | time: 0.022
I 06.08/07:33:37 solver.py:159 ] Epoch: [165/200][160/282] lr: 9.17e-05 | MSE loss: 8.0944e-03 | time: 0.022
I 06.08/07:33:37 solver.py:159 ] Epoch: [165/200][180/282] lr: 9.15e-05 | MSE loss: 8.1419e-03 | time: 0.022
I 06.08/07:33:37 solver.py:159 ] Epoch: [165/200][200/282] lr: 9.13e-05 | MSE loss: 7.9381e-03 | time: 0.022
I 06.08/07:33:38 solver.py:159 ] Epoch: [165/200][220/282] lr: 9.12e-05 | MSE loss: 7.9504e-03 | time: 0.022
I 06.08/07:33:38 solver.py:159 ] Epoch: [165/200][240/282] lr: 9.10e-05 | MSE loss: 7.9551e-03 | time: 0.022
I 06.08/07:33:39 solver.py:159 ] Epoch: [165/200][260/282] lr: 9.09e-05 | MSE loss: 8.1741e-03 | time: 0.022
I 06.08/07:33:39 solver.py:159 ] Epoch: [165/200][280/282] lr: 9.07e-05 | MSE loss: 8.1771e-03 | time: 0.022
I 06.08/07:33:39 solver.py:169 ] => Train  Loss: 8.1339e-03

I 06.08/07:33:40 solver.py:405 ] [20/32] loss: 9.3553e-03 | NMSE: -1.6782e+01 | time: 0.017
I 06.08/07:33:40 solver.py:413 ] => Test NMSE: -1.7832e+01

I 06.08/07:33:40 solver.py:345 ] => LoRA monitor [epoch=165] | trainable=2621440/2621440 | non_lora_trainable=0 | lora_l2=3.151770e+01 | lora_A_l2=1.068650e+01 | lora_B_l2=2.965070e+01 | component_l2=fc_decoder:3.151770e+01 | lora_abs_max=1.217807e-01 | delta_l2=3.038392e+01 | delta_rel=3.288963e+00 | train_loss=8.133925e-03 | test_loss=8.237088e-03 | nmse=-1.783196e+01
I 06.08/07:33:40 solver.py:224 ] 
=! Best NMSE: -1.7832e+01 (epoch=163)

I 06.08/07:33:40 solver.py:159 ] Epoch: [166/200][20/282] lr: 9.05e-05 | MSE loss: 7.6646e-03 | time: 0.025
I 06.08/07:33:41 solver.py:159 ] Epoch: [166/200][40/282] lr: 9.04e-05 | MSE loss: 7.4330e-03 | time: 0.024
I 06.08/07:33:41 solver.py:159 ] Epoch: [166/200][60/282] lr: 9.02e-05 | MSE loss: 7.5271e-03 | time: 0.024
I 06.08/07:33:42 solver.py:159 ] Epoch: [166/200][80/282] lr: 9.01e-05 | MSE loss: 7.6471e-03 | time: 0.024
I 06.08/07:33:42 solver.py:159 ] Epoch: [166/200][100/282] lr: 8.99e-05 | MSE loss: 7.7855e-03 | time: 0.024
I 06.08/07:33:43 solver.py:159 ] Epoch: [166/200][120/282] lr: 8.97e-05 | MSE loss: 8.0248e-03 | time: 0.024
I 06.08/07:33:43 solver.py:159 ] Epoch: [166/200][140/282] lr: 8.96e-05 | MSE loss: 8.0560e-03 | time: 0.023
I 06.08/07:33:44 solver.py:159 ] Epoch: [166/200][160/282] lr: 8.94e-05 | MSE loss: 8.1985e-03 | time: 0.023
I 06.08/07:33:44 solver.py:159 ] Epoch: [166/200][180/282] lr: 8.93e-05 | MSE loss: 8.2470e-03 | time: 0.023
I 06.08/07:33:44 solver.py:159 ] Epoch: [166/200][200/282] lr: 8.91e-05 | MSE loss: 8.1525e-03 | time: 0.023
I 06.08/07:33:45 solver.py:159 ] Epoch: [166/200][220/282] lr: 8.90e-05 | MSE loss: 8.0403e-03 | time: 0.023
I 06.08/07:33:45 solver.py:159 ] Epoch: [166/200][240/282] lr: 8.88e-05 | MSE loss: 8.0502e-03 | time: 0.023
I 06.08/07:33:46 solver.py:159 ] Epoch: [166/200][260/282] lr: 8.86e-05 | MSE loss: 7.9762e-03 | time: 0.023
I 06.08/07:33:46 solver.py:159 ] Epoch: [166/200][280/282] lr: 8.85e-05 | MSE loss: 8.1782e-03 | time: 0.023
I 06.08/07:33:46 solver.py:169 ] => Train  Loss: 8.1389e-03

I 06.08/07:33:47 solver.py:405 ] [20/32] loss: 9.3559e-03 | NMSE: -1.6781e+01 | time: 0.018
I 06.08/07:33:47 solver.py:413 ] => Test NMSE: -1.7832e+01

I 06.08/07:33:47 solver.py:345 ] => LoRA monitor [epoch=166] | trainable=2621440/2621440 | non_lora_trainable=0 | lora_l2=3.150630e+01 | lora_A_l2=1.068747e+01 | lora_B_l2=2.963824e+01 | component_l2=fc_decoder:3.150630e+01 | lora_abs_max=1.219582e-01 | delta_l2=3.037210e+01 | delta_rel=3.287685e+00 | train_loss=8.138896e-03 | test_loss=8.237829e-03 | nmse=-1.783157e+01
I 06.08/07:33:47 solver.py:224 ] 
=! Best NMSE: -1.7832e+01 (epoch=163)

I 06.08/07:33:47 solver.py:159 ] Epoch: [167/200][20/282] lr: 8.83e-05 | MSE loss: 9.7983e-03 | time: 0.023
I 06.08/07:33:48 solver.py:159 ] Epoch: [167/200][40/282] lr: 8.82e-05 | MSE loss: 8.4432e-03 | time: 0.022
I 06.08/07:33:48 solver.py:159 ] Epoch: [167/200][60/282] lr: 8.80e-05 | MSE loss: 7.8890e-03 | time: 0.022
I 06.08/07:33:49 solver.py:159 ] Epoch: [167/200][80/282] lr: 8.78e-05 | MSE loss: 8.2910e-03 | time: 0.022
I 06.08/07:33:49 solver.py:159 ] Epoch: [167/200][100/282] lr: 8.77e-05 | MSE loss: 8.0668e-03 | time: 0.022
I 06.08/07:33:49 solver.py:159 ] Epoch: [167/200][120/282] lr: 8.75e-05 | MSE loss: 8.1796e-03 | time: 0.022
I 06.08/07:33:50 solver.py:159 ] Epoch: [167/200][140/282] lr: 8.74e-05 | MSE loss: 7.9915e-03 | time: 0.022
I 06.08/07:33:50 solver.py:159 ] Epoch: [167/200][160/282] lr: 8.72e-05 | MSE loss: 8.0884e-03 | time: 0.022
I 06.08/07:33:51 solver.py:159 ] Epoch: [167/200][180/282] lr: 8.71e-05 | MSE loss: 7.9012e-03 | time: 0.022
I 06.08/07:33:51 solver.py:159 ] Epoch: [167/200][200/282] lr: 8.69e-05 | MSE loss: 7.9382e-03 | time: 0.022
I 06.08/07:33:52 solver.py:159 ] Epoch: [167/200][220/282] lr: 8.68e-05 | MSE loss: 7.9083e-03 | time: 0.022
I 06.08/07:33:52 solver.py:159 ] Epoch: [167/200][240/282] lr: 8.66e-05 | MSE loss: 8.0204e-03 | time: 0.022
I 06.08/07:33:53 solver.py:159 ] Epoch: [167/200][260/282] lr: 8.65e-05 | MSE loss: 8.0767e-03 | time: 0.022
I 06.08/07:33:53 solver.py:159 ] Epoch: [167/200][280/282] lr: 8.63e-05 | MSE loss: 8.1138e-03 | time: 0.022
I 06.08/07:33:53 solver.py:169 ] => Train  Loss: 8.1833e-03

I 06.08/07:33:53 solver.py:405 ] [20/32] loss: 9.3549e-03 | NMSE: -1.6782e+01 | time: 0.021
I 06.08/07:33:54 solver.py:413 ] => Test NMSE: -1.7832e+01

I 06.08/07:33:54 solver.py:345 ] => LoRA monitor [epoch=167] | trainable=2621440/2621440 | non_lora_trainable=0 | lora_l2=3.149500e+01 | lora_A_l2=1.068842e+01 | lora_B_l2=2.962588e+01 | component_l2=fc_decoder:3.149500e+01 | lora_abs_max=1.220342e-01 | delta_l2=3.036038e+01 | delta_rel=3.286416e+00 | train_loss=8.183349e-03 | test_loss=8.236772e-03 | nmse=-1.783213e+01
I 06.08/07:33:54 solver.py:224 ] 
=! Best NMSE: -1.7832e+01 (epoch=163)

I 06.08/07:33:54 solver.py:159 ] Epoch: [168/200][20/282] lr: 8.61e-05 | MSE loss: 7.8253e-03 | time: 0.024
I 06.08/07:33:55 solver.py:159 ] Epoch: [168/200][40/282] lr: 8.60e-05 | MSE loss: 7.3859e-03 | time: 0.023
I 06.08/07:33:55 solver.py:159 ] Epoch: [168/200][60/282] lr: 8.58e-05 | MSE loss: 7.1854e-03 | time: 0.023
I 06.08/07:33:55 solver.py:159 ] Epoch: [168/200][80/282] lr: 8.57e-05 | MSE loss: 7.5333e-03 | time: 0.023
I 06.08/07:33:56 solver.py:159 ] Epoch: [168/200][100/282] lr: 8.55e-05 | MSE loss: 8.2288e-03 | time: 0.023
I 06.08/07:33:56 solver.py:159 ] Epoch: [168/200][120/282] lr: 8.54e-05 | MSE loss: 8.0693e-03 | time: 0.023
I 06.08/07:33:57 solver.py:159 ] Epoch: [168/200][140/282] lr: 8.52e-05 | MSE loss: 8.0032e-03 | time: 0.023
I 06.08/07:33:57 solver.py:159 ] Epoch: [168/200][160/282] lr: 8.51e-05 | MSE loss: 7.9288e-03 | time: 0.023
I 06.08/07:33:58 solver.py:159 ] Epoch: [168/200][180/282] lr: 8.49e-05 | MSE loss: 8.0691e-03 | time: 0.022
I 06.08/07:33:58 solver.py:159 ] Epoch: [168/200][200/282] lr: 8.48e-05 | MSE loss: 8.2506e-03 | time: 0.023
I 06.08/07:33:59 solver.py:159 ] Epoch: [168/200][220/282] lr: 8.46e-05 | MSE loss: 8.1881e-03 | time: 0.023
I 06.08/07:33:59 solver.py:159 ] Epoch: [168/200][240/282] lr: 8.45e-05 | MSE loss: 8.1613e-03 | time: 0.023
I 06.08/07:34:00 solver.py:159 ] Epoch: [168/200][260/282] lr: 8.44e-05 | MSE loss: 8.0215e-03 | time: 0.023
I 06.08/07:34:00 solver.py:159 ] Epoch: [168/200][280/282] lr: 8.42e-05 | MSE loss: 8.1529e-03 | time: 0.023
I 06.08/07:34:00 solver.py:169 ] => Train  Loss: 8.1310e-03

I 06.08/07:34:01 solver.py:405 ] [20/32] loss: 9.3549e-03 | NMSE: -1.6782e+01 | time: 0.030
I 06.08/07:34:01 solver.py:413 ] => Test NMSE: -1.7832e+01

I 06.08/07:34:01 solver.py:345 ] => LoRA monitor [epoch=168] | trainable=2621440/2621440 | non_lora_trainable=0 | lora_l2=3.149077e+01 | lora_A_l2=1.068940e+01 | lora_B_l2=2.962103e+01 | component_l2=fc_decoder:3.149077e+01 | lora_abs_max=1.220241e-01 | delta_l2=3.035610e+01 | delta_rel=3.285952e+00 | train_loss=8.130964e-03 | test_loss=8.236670e-03 | nmse=-1.783218e+01
I 06.08/07:34:01 solver.py:224 ] 
=! Best NMSE: -1.7832e+01 (epoch=168)

I 06.08/07:34:03 solver.py:159 ] Epoch: [169/200][20/282] lr: 8.40e-05 | MSE loss: 6.1835e-03 | time: 0.059
I 06.08/07:34:04 solver.py:159 ] Epoch: [169/200][40/282] lr: 8.39e-05 | MSE loss: 7.4744e-03 | time: 0.055
I 06.08/07:34:04 solver.py:159 ] Epoch: [169/200][60/282] lr: 8.37e-05 | MSE loss: 8.1131e-03 | time: 0.050
I 06.08/07:34:05 solver.py:159 ] Epoch: [169/200][80/282] lr: 8.36e-05 | MSE loss: 7.8145e-03 | time: 0.044
I 06.08/07:34:05 solver.py:159 ] Epoch: [169/200][100/282] lr: 8.35e-05 | MSE loss: 8.0930e-03 | time: 0.040
I 06.08/07:34:06 solver.py:159 ] Epoch: [169/200][120/282] lr: 8.33e-05 | MSE loss: 8.0010e-03 | time: 0.038
I 06.08/07:34:06 solver.py:159 ] Epoch: [169/200][140/282] lr: 8.32e-05 | MSE loss: 8.0620e-03 | time: 0.035
I 06.08/07:34:07 solver.py:159 ] Epoch: [169/200][160/282] lr: 8.30e-05 | MSE loss: 8.0157e-03 | time: 0.034
I 06.08/07:34:07 solver.py:159 ] Epoch: [169/200][180/282] lr: 8.29e-05 | MSE loss: 8.0616e-03 | time: 0.033
I 06.08/07:34:08 solver.py:159 ] Epoch: [169/200][200/282] lr: 8.27e-05 | MSE loss: 8.0455e-03 | time: 0.032
I 06.08/07:34:08 solver.py:159 ] Epoch: [169/200][220/282] lr: 8.26e-05 | MSE loss: 8.1895e-03 | time: 0.031
I 06.08/07:34:09 solver.py:159 ] Epoch: [169/200][240/282] lr: 8.24e-05 | MSE loss: 8.0988e-03 | time: 0.030
I 06.08/07:34:09 solver.py:159 ] Epoch: [169/200][260/282] lr: 8.23e-05 | MSE loss: 8.2622e-03 | time: 0.029
I 06.08/07:34:09 solver.py:159 ] Epoch: [169/200][280/282] lr: 8.22e-05 | MSE loss: 8.1307e-03 | time: 0.029
I 06.08/07:34:10 solver.py:169 ] => Train  Loss: 8.2272e-03

I 06.08/07:34:10 solver.py:405 ] [20/32] loss: 9.3554e-03 | NMSE: -1.6781e+01 | time: 0.018
I 06.08/07:34:10 solver.py:413 ] => Test NMSE: -1.7832e+01

I 06.08/07:34:10 solver.py:345 ] => LoRA monitor [epoch=169] | trainable=2621440/2621440 | non_lora_trainable=0 | lora_l2=3.148485e+01 | lora_A_l2=1.069106e+01 | lora_B_l2=2.961414e+01 | component_l2=fc_decoder:3.148485e+01 | lora_abs_max=1.220289e-01 | delta_l2=3.034982e+01 | delta_rel=3.285273e+00 | train_loss=8.227222e-03 | test_loss=8.237218e-03 | nmse=-1.783190e+01
I 06.08/07:34:10 solver.py:224 ] 
=! Best NMSE: -1.7832e+01 (epoch=168)

I 06.08/07:34:11 solver.py:159 ] Epoch: [170/200][20/282] lr: 8.20e-05 | MSE loss: 7.7254e-03 | time: 0.022
I 06.08/07:34:11 solver.py:159 ] Epoch: [170/200][40/282] lr: 8.19e-05 | MSE loss: 6.6991e-03 | time: 0.023
I 06.08/07:34:11 solver.py:159 ] Epoch: [170/200][60/282] lr: 8.17e-05 | MSE loss: 7.4793e-03 | time: 0.022
I 06.08/07:34:12 solver.py:159 ] Epoch: [170/200][80/282] lr: 8.16e-05 | MSE loss: 8.5748e-03 | time: 0.022
I 06.08/07:34:12 solver.py:159 ] Epoch: [170/200][100/282] lr: 8.14e-05 | MSE loss: 8.3252e-03 | time: 0.022
I 06.08/07:34:13 solver.py:159 ] Epoch: [170/200][120/282] lr: 8.13e-05 | MSE loss: 8.3016e-03 | time: 0.022
I 06.08/07:34:13 solver.py:159 ] Epoch: [170/200][140/282] lr: 8.11e-05 | MSE loss: 8.3518e-03 | time: 0.023
I 06.08/07:34:14 solver.py:159 ] Epoch: [170/200][160/282] lr: 8.10e-05 | MSE loss: 8.2363e-03 | time: 0.023
I 06.08/07:34:14 solver.py:159 ] Epoch: [170/200][180/282] lr: 8.09e-05 | MSE loss: 8.4529e-03 | time: 0.023
I 06.08/07:34:15 solver.py:159 ] Epoch: [170/200][200/282] lr: 8.07e-05 | MSE loss: 8.4829e-03 | time: 0.022
I 06.08/07:34:15 solver.py:159 ] Epoch: [170/200][220/282] lr: 8.06e-05 | MSE loss: 8.3943e-03 | time: 0.022
I 06.08/07:34:15 solver.py:159 ] Epoch: [170/200][240/282] lr: 8.04e-05 | MSE loss: 8.1867e-03 | time: 0.022
I 06.08/07:34:16 solver.py:159 ] Epoch: [170/200][260/282] lr: 8.03e-05 | MSE loss: 8.2645e-03 | time: 0.022
I 06.08/07:34:16 solver.py:159 ] Epoch: [170/200][280/282] lr: 8.02e-05 | MSE loss: 8.1299e-03 | time: 0.022
I 06.08/07:34:16 solver.py:169 ] => Train  Loss: 8.1356e-03

I 06.08/07:34:17 solver.py:159 ] Epoch: [170/200][20/32] lr: 8.01e-05 | MSE loss: 9.3570e-03 | time: 0.018
I 06.08/07:34:17 solver.py:169 ] => Val  Loss: 8.0542e-03

I 06.08/07:34:17 solver.py:405 ] [20/32] loss: 9.3570e-03 | NMSE: -1.6781e+01 | time: 0.017
I 06.08/07:34:18 solver.py:413 ] => Test NMSE: -1.7831e+01

I 06.08/07:34:18 solver.py:345 ] => LoRA monitor [epoch=170] | trainable=2621440/2621440 | non_lora_trainable=0 | lora_l2=3.146822e+01 | lora_A_l2=1.069254e+01 | lora_B_l2=2.959592e+01 | component_l2=fc_decoder:3.146822e+01 | lora_abs_max=1.221972e-01 | delta_l2=3.033274e+01 | delta_rel=3.283423e+00 | train_loss=8.135553e-03 | val_loss=8.054188e-03 | test_loss=8.238853e-03 | nmse=-1.783103e+01
I 06.08/07:34:18 solver.py:224 ] 
=! Best NMSE: -1.7832e+01 (epoch=168)

I 06.08/07:34:18 solver.py:159 ] Epoch: [171/200][20/282] lr: 8.00e-05 | MSE loss: 8.0738e-03 | time: 0.023
I 06.08/07:34:18 solver.py:159 ] Epoch: [171/200][40/282] lr: 7.99e-05 | MSE loss: 7.3573e-03 | time: 0.022
I 06.08/07:34:19 solver.py:159 ] Epoch: [171/200][60/282] lr: 7.97e-05 | MSE loss: 6.7574e-03 | time: 0.022
I 06.08/07:34:19 solver.py:159 ] Epoch: [171/200][80/282] lr: 7.96e-05 | MSE loss: 7.3887e-03 | time: 0.022
I 06.08/07:34:20 solver.py:159 ] Epoch: [171/200][100/282] lr: 7.95e-05 | MSE loss: 7.5344e-03 | time: 0.022
I 06.08/07:34:20 solver.py:159 ] Epoch: [171/200][120/282] lr: 7.93e-05 | MSE loss: 7.6504e-03 | time: 0.022
I 06.08/07:34:21 solver.py:159 ] Epoch: [171/200][140/282] lr: 7.92e-05 | MSE loss: 7.4209e-03 | time: 0.022
I 06.08/07:34:21 solver.py:159 ] Epoch: [171/200][160/282] lr: 7.90e-05 | MSE loss: 7.5332e-03 | time: 0.022
I 06.08/07:34:21 solver.py:159 ] Epoch: [171/200][180/282] lr: 7.89e-05 | MSE loss: 7.9418e-03 | time: 0.022
I 06.08/07:34:22 solver.py:159 ] Epoch: [171/200][200/282] lr: 7.88e-05 | MSE loss: 7.8468e-03 | time: 0.022
I 06.08/07:34:22 solver.py:159 ] Epoch: [171/200][220/282] lr: 7.86e-05 | MSE loss: 7.6631e-03 | time: 0.022
I 06.08/07:34:23 solver.py:159 ] Epoch: [171/200][240/282] lr: 7.85e-05 | MSE loss: 7.8760e-03 | time: 0.022
I 06.08/07:34:23 solver.py:159 ] Epoch: [171/200][260/282] lr: 7.84e-05 | MSE loss: 8.0453e-03 | time: 0.022
I 06.08/07:34:24 solver.py:159 ] Epoch: [171/200][280/282] lr: 7.82e-05 | MSE loss: 8.1588e-03 | time: 0.022
I 06.08/07:34:24 solver.py:169 ] => Train  Loss: 8.1319e-03

I 06.08/07:34:24 solver.py:405 ] [20/32] loss: 9.3550e-03 | NMSE: -1.6782e+01 | time: 0.018
I 06.08/07:34:24 solver.py:413 ] => Test NMSE: -1.7832e+01

I 06.08/07:34:24 solver.py:345 ] => LoRA monitor [epoch=171] | trainable=2621440/2621440 | non_lora_trainable=0 | lora_l2=3.145665e+01 | lora_A_l2=1.069423e+01 | lora_B_l2=2.958301e+01 | component_l2=fc_decoder:3.145665e+01 | lora_abs_max=1.224025e-01 | delta_l2=3.032061e+01 | delta_rel=3.282110e+00 | train_loss=8.131939e-03 | test_loss=8.236755e-03 | nmse=-1.783214e+01
I 06.08/07:34:24 solver.py:224 ] 
=! Best NMSE: -1.7832e+01 (epoch=168)

I 06.08/07:34:25 solver.py:159 ] Epoch: [172/200][20/282] lr: 7.81e-05 | MSE loss: 8.8446e-03 | time: 0.024
I 06.08/07:34:25 solver.py:159 ] Epoch: [172/200][40/282] lr: 7.79e-05 | MSE loss: 7.2134e-03 | time: 0.023
I 06.08/07:34:26 solver.py:159 ] Epoch: [172/200][60/282] lr: 7.78e-05 | MSE loss: 7.4976e-03 | time: 0.023
I 06.08/07:34:26 solver.py:159 ] Epoch: [172/200][80/282] lr: 7.77e-05 | MSE loss: 7.1071e-03 | time: 0.022
I 06.08/07:34:26 solver.py:159 ] Epoch: [172/200][100/282] lr: 7.75e-05 | MSE loss: 7.2112e-03 | time: 0.023
I 06.08/07:34:27 solver.py:159 ] Epoch: [172/200][120/282] lr: 7.74e-05 | MSE loss: 7.0848e-03 | time: 0.023
I 06.08/07:34:27 solver.py:159 ] Epoch: [172/200][140/282] lr: 7.73e-05 | MSE loss: 7.8336e-03 | time: 0.023
I 06.08/07:34:28 solver.py:159 ] Epoch: [172/200][160/282] lr: 7.71e-05 | MSE loss: 7.8365e-03 | time: 0.023
I 06.08/07:34:28 solver.py:159 ] Epoch: [172/200][180/282] lr: 7.70e-05 | MSE loss: 8.1183e-03 | time: 0.023
I 06.08/07:34:29 solver.py:159 ] Epoch: [172/200][200/282] lr: 7.69e-05 | MSE loss: 8.1310e-03 | time: 0.023
I 06.08/07:34:29 solver.py:159 ] Epoch: [172/200][220/282] lr: 7.67e-05 | MSE loss: 7.9769e-03 | time: 0.023
I 06.08/07:34:30 solver.py:159 ] Epoch: [172/200][240/282] lr: 7.66e-05 | MSE loss: 8.0338e-03 | time: 0.023
I 06.08/07:34:30 solver.py:159 ] Epoch: [172/200][260/282] lr: 7.65e-05 | MSE loss: 8.0740e-03 | time: 0.023
I 06.08/07:34:31 solver.py:159 ] Epoch: [172/200][280/282] lr: 7.63e-05 | MSE loss: 8.1752e-03 | time: 0.023
I 06.08/07:34:31 solver.py:169 ] => Train  Loss: 8.1399e-03

I 06.08/07:34:31 solver.py:405 ] [20/32] loss: 9.3563e-03 | NMSE: -1.6781e+01 | time: 0.019
I 06.08/07:34:31 solver.py:413 ] => Test NMSE: -1.7831e+01

I 06.08/07:34:31 solver.py:345 ] => LoRA monitor [epoch=172] | trainable=2621440/2621440 | non_lora_trainable=0 | lora_l2=3.143976e+01 | lora_A_l2=1.069609e+01 | lora_B_l2=2.956437e+01 | component_l2=fc_decoder:3.143976e+01 | lora_abs_max=1.222251e-01 | delta_l2=3.030305e+01 | delta_rel=3.280210e+00 | train_loss=8.139891e-03 | test_loss=8.238025e-03 | nmse=-1.783147e+01
I 06.08/07:34:31 solver.py:224 ] 
=! Best NMSE: -1.7832e+01 (epoch=168)

I 06.08/07:34:32 solver.py:159 ] Epoch: [173/200][20/282] lr: 7.62e-05 | MSE loss: 6.7528e-03 | time: 0.024
I 06.08/07:34:32 solver.py:159 ] Epoch: [173/200][40/282] lr: 7.61e-05 | MSE loss: 6.0580e-03 | time: 0.024
I 06.08/07:34:33 solver.py:159 ] Epoch: [173/200][60/282] lr: 7.59e-05 | MSE loss: 6.4589e-03 | time: 0.023
I 06.08/07:34:33 solver.py:159 ] Epoch: [173/200][80/282] lr: 7.58e-05 | MSE loss: 6.7875e-03 | time: 0.023
I 06.08/07:34:34 solver.py:159 ] Epoch: [173/200][100/282] lr: 7.57e-05 | MSE loss: 6.6887e-03 | time: 0.023
I 06.08/07:34:34 solver.py:159 ] Epoch: [173/200][120/282] lr: 7.56e-05 | MSE loss: 7.1383e-03 | time: 0.023
I 06.08/07:34:35 solver.py:159 ] Epoch: [173/200][140/282] lr: 7.54e-05 | MSE loss: 7.4672e-03 | time: 0.023
I 06.08/07:34:35 solver.py:159 ] Epoch: [173/200][160/282] lr: 7.53e-05 | MSE loss: 7.8733e-03 | time: 0.023
I 06.08/07:34:35 solver.py:159 ] Epoch: [173/200][180/282] lr: 7.52e-05 | MSE loss: 7.8789e-03 | time: 0.023
I 06.08/07:34:36 solver.py:159 ] Epoch: [173/200][200/282] lr: 7.50e-05 | MSE loss: 8.0281e-03 | time: 0.023
I 06.08/07:34:36 solver.py:159 ] Epoch: [173/200][220/282] lr: 7.49e-05 | MSE loss: 7.9583e-03 | time: 0.022
I 06.08/07:34:37 solver.py:159 ] Epoch: [173/200][240/282] lr: 7.48e-05 | MSE loss: 7.9494e-03 | time: 0.022
I 06.08/07:34:37 solver.py:159 ] Epoch: [173/200][260/282] lr: 7.47e-05 | MSE loss: 7.9651e-03 | time: 0.022
I 06.08/07:34:38 solver.py:159 ] Epoch: [173/200][280/282] lr: 7.45e-05 | MSE loss: 8.1431e-03 | time: 0.022
I 06.08/07:34:38 solver.py:169 ] => Train  Loss: 8.1563e-03

I 06.08/07:34:38 solver.py:405 ] [20/32] loss: 9.3548e-03 | NMSE: -1.6782e+01 | time: 0.018
I 06.08/07:34:38 solver.py:413 ] => Test NMSE: -1.7832e+01

I 06.08/07:34:38 solver.py:345 ] => LoRA monitor [epoch=173] | trainable=2621440/2621440 | non_lora_trainable=0 | lora_l2=3.142696e+01 | lora_A_l2=1.069771e+01 | lora_B_l2=2.955018e+01 | component_l2=fc_decoder:3.142696e+01 | lora_abs_max=1.220876e-01 | delta_l2=3.028975e+01 | delta_rel=3.278770e+00 | train_loss=8.156347e-03 | test_loss=8.236554e-03 | nmse=-1.783224e+01
I 06.08/07:34:39 solver.py:224 ] 
=! Best NMSE: -1.7832e+01 (epoch=173)

I 06.08/07:34:39 solver.py:159 ] Epoch: [174/200][20/282] lr: 7.44e-05 | MSE loss: 9.0010e-03 | time: 0.024
I 06.08/07:34:40 solver.py:159 ] Epoch: [174/200][40/282] lr: 7.43e-05 | MSE loss: 8.0870e-03 | time: 0.024
I 06.08/07:34:40 solver.py:159 ] Epoch: [174/200][60/282] lr: 7.41e-05 | MSE loss: 8.2780e-03 | time: 0.025
I 06.08/07:34:41 solver.py:159 ] Epoch: [174/200][80/282] lr: 7.40e-05 | MSE loss: 8.5298e-03 | time: 0.025
I 06.08/07:34:41 solver.py:159 ] Epoch: [174/200][100/282] lr: 7.39e-05 | MSE loss: 8.2316e-03 | time: 0.025
I 06.08/07:34:41 solver.py:159 ] Epoch: [174/200][120/282] lr: 7.38e-05 | MSE loss: 8.1288e-03 | time: 0.024
I 06.08/07:34:42 solver.py:159 ] Epoch: [174/200][140/282] lr: 7.36e-05 | MSE loss: 8.1752e-03 | time: 0.024
I 06.08/07:34:42 solver.py:159 ] Epoch: [174/200][160/282] lr: 7.35e-05 | MSE loss: 8.1808e-03 | time: 0.024
I 06.08/07:34:43 solver.py:159 ] Epoch: [174/200][180/282] lr: 7.34e-05 | MSE loss: 8.2962e-03 | time: 0.024
I 06.08/07:34:43 solver.py:159 ] Epoch: [174/200][200/282] lr: 7.33e-05 | MSE loss: 8.3609e-03 | time: 0.023
I 06.08/07:34:44 solver.py:159 ] Epoch: [174/200][220/282] lr: 7.32e-05 | MSE loss: 8.2866e-03 | time: 0.023
I 06.08/07:34:44 solver.py:159 ] Epoch: [174/200][240/282] lr: 7.30e-05 | MSE loss: 8.2157e-03 | time: 0.023
I 06.08/07:34:44 solver.py:159 ] Epoch: [174/200][260/282] lr: 7.29e-05 | MSE loss: 8.1750e-03 | time: 0.023
I 06.08/07:34:45 solver.py:159 ] Epoch: [174/200][280/282] lr: 7.28e-05 | MSE loss: 8.1594e-03 | time: 0.023
I 06.08/07:34:45 solver.py:169 ] => Train  Loss: 8.1687e-03

I 06.08/07:34:45 solver.py:405 ] [20/32] loss: 9.3546e-03 | NMSE: -1.6782e+01 | time: 0.020
I 06.08/07:34:46 solver.py:413 ] => Test NMSE: -1.7832e+01

I 06.08/07:34:46 solver.py:345 ] => LoRA monitor [epoch=174] | trainable=2621440/2621440 | non_lora_trainable=0 | lora_l2=3.142229e+01 | lora_A_l2=1.070034e+01 | lora_B_l2=2.954426e+01 | component_l2=fc_decoder:3.142229e+01 | lora_abs_max=1.219969e-01 | delta_l2=3.028496e+01 | delta_rel=3.278252e+00 | train_loss=8.168739e-03 | test_loss=8.236379e-03 | nmse=-1.783234e+01
I 06.08/07:34:46 solver.py:224 ] 
=! Best NMSE: -1.7832e+01 (epoch=174)

I 06.08/07:34:46 solver.py:159 ] Epoch: [175/200][20/282] lr: 7.26e-05 | MSE loss: 1.0051e-02 | time: 0.024
I 06.08/07:34:47 solver.py:159 ] Epoch: [175/200][40/282] lr: 7.25e-05 | MSE loss: 8.9889e-03 | time: 0.023
I 06.08/07:34:47 solver.py:159 ] Epoch: [175/200][60/282] lr: 7.24e-05 | MSE loss: 8.9628e-03 | time: 0.023
I 06.08/07:34:48 solver.py:159 ] Epoch: [175/200][80/282] lr: 7.23e-05 | MSE loss: 8.1138e-03 | time: 0.024
I 06.08/07:34:48 solver.py:159 ] Epoch: [175/200][100/282] lr: 7.22e-05 | MSE loss: 7.8944e-03 | time: 0.024
I 06.08/07:34:49 solver.py:159 ] Epoch: [175/200][120/282] lr: 7.20e-05 | MSE loss: 7.9604e-03 | time: 0.024
I 06.08/07:34:49 solver.py:159 ] Epoch: [175/200][140/282] lr: 7.19e-05 | MSE loss: 7.9997e-03 | time: 0.024
I 06.08/07:34:50 solver.py:159 ] Epoch: [175/200][160/282] lr: 7.18e-05 | MSE loss: 7.9551e-03 | time: 0.023
I 06.08/07:34:50 solver.py:159 ] Epoch: [175/200][180/282] lr: 7.17e-05 | MSE loss: 7.9272e-03 | time: 0.023
I 06.08/07:34:51 solver.py:159 ] Epoch: [175/200][200/282] lr: 7.16e-05 | MSE loss: 8.2235e-03 | time: 0.024
I 06.08/07:34:51 solver.py:159 ] Epoch: [175/200][220/282] lr: 7.14e-05 | MSE loss: 8.0352e-03 | time: 0.024
I 06.08/07:34:52 solver.py:159 ] Epoch: [175/200][240/282] lr: 7.13e-05 | MSE loss: 7.8770e-03 | time: 0.024
I 06.08/07:34:52 solver.py:159 ] Epoch: [175/200][260/282] lr: 7.12e-05 | MSE loss: 8.0600e-03 | time: 0.024
I 06.08/07:34:52 solver.py:159 ] Epoch: [175/200][280/282] lr: 7.11e-05 | MSE loss: 8.1260e-03 | time: 0.024
I 06.08/07:34:52 solver.py:169 ] => Train  Loss: 8.2031e-03

I 06.08/07:34:53 solver.py:405 ] [20/32] loss: 9.3548e-03 | NMSE: -1.6782e+01 | time: 0.019
I 06.08/07:34:53 solver.py:413 ] => Test NMSE: -1.7832e+01

I 06.08/07:34:53 solver.py:345 ] => LoRA monitor [epoch=175] | trainable=2621440/2621440 | non_lora_trainable=0 | lora_l2=3.141568e+01 | lora_A_l2=1.070290e+01 | lora_B_l2=2.953629e+01 | component_l2=fc_decoder:3.141568e+01 | lora_abs_max=1.218106e-01 | delta_l2=3.027788e+01 | delta_rel=3.277486e+00 | train_loss=8.203143e-03 | test_loss=8.236641e-03 | nmse=-1.783220e+01
I 06.08/07:34:53 solver.py:224 ] 
=! Best NMSE: -1.7832e+01 (epoch=174)

I 06.08/07:34:54 solver.py:159 ] Epoch: [176/200][20/282] lr: 7.10e-05 | MSE loss: 6.9441e-03 | time: 0.024
I 06.08/07:34:54 solver.py:159 ] Epoch: [176/200][40/282] lr: 7.08e-05 | MSE loss: 7.2363e-03 | time: 0.023
I 06.08/07:34:55 solver.py:159 ] Epoch: [176/200][60/282] lr: 7.07e-05 | MSE loss: 7.7931e-03 | time: 0.025
I 06.08/07:34:55 solver.py:159 ] Epoch: [176/200][80/282] lr: 7.06e-05 | MSE loss: 8.3507e-03 | time: 0.024
I 06.08/07:34:55 solver.py:159 ] Epoch: [176/200][100/282] lr: 7.05e-05 | MSE loss: 7.4358e-03 | time: 0.024
I 06.08/07:34:56 solver.py:159 ] Epoch: [176/200][120/282] lr: 7.04e-05 | MSE loss: 7.6706e-03 | time: 0.023
I 06.08/07:34:56 solver.py:159 ] Epoch: [176/200][140/282] lr: 7.03e-05 | MSE loss: 7.5895e-03 | time: 0.023
I 06.08/07:34:57 solver.py:159 ] Epoch: [176/200][160/282] lr: 7.01e-05 | MSE loss: 7.8911e-03 | time: 0.023
I 06.08/07:34:57 solver.py:159 ] Epoch: [176/200][180/282] lr: 7.00e-05 | MSE loss: 7.9176e-03 | time: 0.023
I 06.08/07:34:58 solver.py:159 ] Epoch: [176/200][200/282] lr: 6.99e-05 | MSE loss: 7.8175e-03 | time: 0.023
I 06.08/07:34:58 solver.py:159 ] Epoch: [176/200][220/282] lr: 6.98e-05 | MSE loss: 7.9099e-03 | time: 0.023
I 06.08/07:34:59 solver.py:159 ] Epoch: [176/200][240/282] lr: 6.97e-05 | MSE loss: 7.9074e-03 | time: 0.023
I 06.08/07:34:59 solver.py:159 ] Epoch: [176/200][260/282] lr: 6.96e-05 | MSE loss: 8.0241e-03 | time: 0.023
I 06.08/07:35:00 solver.py:159 ] Epoch: [176/200][280/282] lr: 6.95e-05 | MSE loss: 8.1126e-03 | time: 0.023
I 06.08/07:35:00 solver.py:169 ] => Train  Loss: 8.2803e-03

I 06.08/07:35:00 solver.py:405 ] [20/32] loss: 9.3549e-03 | NMSE: -1.6782e+01 | time: 0.021
I 06.08/07:35:00 solver.py:413 ] => Test NMSE: -1.7832e+01

I 06.08/07:35:00 solver.py:345 ] => LoRA monitor [epoch=176] | trainable=2621440/2621440 | non_lora_trainable=0 | lora_l2=3.140659e+01 | lora_A_l2=1.070568e+01 | lora_B_l2=2.952562e+01 | component_l2=fc_decoder:3.140659e+01 | lora_abs_max=1.217626e-01 | delta_l2=3.026848e+01 | delta_rel=3.276468e+00 | train_loss=8.280259e-03 | test_loss=8.236569e-03 | nmse=-1.783224e+01
I 06.08/07:35:00 solver.py:224 ] 
=! Best NMSE: -1.7832e+01 (epoch=174)

I 06.08/07:35:01 solver.py:159 ] Epoch: [177/200][20/282] lr: 6.93e-05 | MSE loss: 9.2123e-03 | time: 0.033
I 06.08/07:35:02 solver.py:159 ] Epoch: [177/200][40/282] lr: 6.92e-05 | MSE loss: 8.9348e-03 | time: 0.034
I 06.08/07:35:03 solver.py:159 ] Epoch: [177/200][60/282] lr: 6.91e-05 | MSE loss: 8.7625e-03 | time: 0.040
I 06.08/07:35:04 solver.py:159 ] Epoch: [177/200][80/282] lr: 6.90e-05 | MSE loss: 8.5986e-03 | time: 0.044
I 06.08/07:35:05 solver.py:159 ] Epoch: [177/200][100/282] lr: 6.89e-05 | MSE loss: 8.7278e-03 | time: 0.043
I 06.08/07:35:05 solver.py:159 ] Epoch: [177/200][120/282] lr: 6.88e-05 | MSE loss: 8.4526e-03 | time: 0.042
I 06.08/07:35:06 solver.py:159 ] Epoch: [177/200][140/282] lr: 6.87e-05 | MSE loss: 8.4405e-03 | time: 0.040
I 06.08/07:35:06 solver.py:159 ] Epoch: [177/200][160/282] lr: 6.86e-05 | MSE loss: 8.4500e-03 | time: 0.038
I 06.08/07:35:07 solver.py:159 ] Epoch: [177/200][180/282] lr: 6.84e-05 | MSE loss: 8.4466e-03 | time: 0.036
I 06.08/07:35:07 solver.py:159 ] Epoch: [177/200][200/282] lr: 6.83e-05 | MSE loss: 8.4671e-03 | time: 0.035
I 06.08/07:35:08 solver.py:159 ] Epoch: [177/200][220/282] lr: 6.82e-05 | MSE loss: 8.3393e-03 | time: 0.034
I 06.08/07:35:08 solver.py:159 ] Epoch: [177/200][240/282] lr: 6.81e-05 | MSE loss: 8.2005e-03 | time: 0.033
I 06.08/07:35:09 solver.py:159 ] Epoch: [177/200][260/282] lr: 6.80e-05 | MSE loss: 8.2583e-03 | time: 0.032
I 06.08/07:35:09 solver.py:159 ] Epoch: [177/200][280/282] lr: 6.79e-05 | MSE loss: 8.1633e-03 | time: 0.031
I 06.08/07:35:09 solver.py:169 ] => Train  Loss: 8.1311e-03

I 06.08/07:35:09 solver.py:405 ] [20/32] loss: 9.3547e-03 | NMSE: -1.6782e+01 | time: 0.015
I 06.08/07:35:10 solver.py:413 ] => Test NMSE: -1.7832e+01

I 06.08/07:35:10 solver.py:345 ] => LoRA monitor [epoch=177] | trainable=2621440/2621440 | non_lora_trainable=0 | lora_l2=3.139658e+01 | lora_A_l2=1.070895e+01 | lora_B_l2=2.951379e+01 | component_l2=fc_decoder:3.139658e+01 | lora_abs_max=1.215751e-01 | delta_l2=3.025790e+01 | delta_rel=3.275322e+00 | train_loss=8.131118e-03 | test_loss=8.236600e-03 | nmse=-1.783222e+01
I 06.08/07:35:10 solver.py:224 ] 
=! Best NMSE: -1.7832e+01 (epoch=174)

I 06.08/07:35:10 solver.py:159 ] Epoch: [178/200][20/282] lr: 6.78e-05 | MSE loss: 6.6321e-03 | time: 0.023
I 06.08/07:35:11 solver.py:159 ] Epoch: [178/200][40/282] lr: 6.77e-05 | MSE loss: 7.2907e-03 | time: 0.022
I 06.08/07:35:11 solver.py:159 ] Epoch: [178/200][60/282] lr: 6.76e-05 | MSE loss: 7.3982e-03 | time: 0.022
I 06.08/07:35:12 solver.py:159 ] Epoch: [178/200][80/282] lr: 6.75e-05 | MSE loss: 7.7174e-03 | time: 0.023
I 06.08/07:35:12 solver.py:159 ] Epoch: [178/200][100/282] lr: 6.73e-05 | MSE loss: 8.0229e-03 | time: 0.023
I 06.08/07:35:12 solver.py:159 ] Epoch: [178/200][120/282] lr: 6.72e-05 | MSE loss: 8.0117e-03 | time: 0.022
I 06.08/07:35:13 solver.py:159 ] Epoch: [178/200][140/282] lr: 6.71e-05 | MSE loss: 7.8426e-03 | time: 0.023
I 06.08/07:35:13 solver.py:159 ] Epoch: [178/200][160/282] lr: 6.70e-05 | MSE loss: 8.1947e-03 | time: 0.022
I 06.08/07:35:14 solver.py:159 ] Epoch: [178/200][180/282] lr: 6.69e-05 | MSE loss: 8.2400e-03 | time: 0.022
I 06.08/07:35:14 solver.py:159 ] Epoch: [178/200][200/282] lr: 6.68e-05 | MSE loss: 8.1292e-03 | time: 0.022
I 06.08/07:35:15 solver.py:159 ] Epoch: [178/200][220/282] lr: 6.67e-05 | MSE loss: 7.9035e-03 | time: 0.022
I 06.08/07:35:15 solver.py:159 ] Epoch: [178/200][240/282] lr: 6.66e-05 | MSE loss: 7.9769e-03 | time: 0.022
I 06.08/07:35:16 solver.py:159 ] Epoch: [178/200][260/282] lr: 6.65e-05 | MSE loss: 7.9261e-03 | time: 0.022
I 06.08/07:35:16 solver.py:159 ] Epoch: [178/200][280/282] lr: 6.64e-05 | MSE loss: 8.1614e-03 | time: 0.022
I 06.08/07:35:16 solver.py:169 ] => Train  Loss: 8.1296e-03

I 06.08/07:35:16 solver.py:405 ] [20/32] loss: 9.3545e-03 | NMSE: -1.6782e+01 | time: 0.017
I 06.08/07:35:17 solver.py:413 ] => Test NMSE: -1.7832e+01

I 06.08/07:35:17 solver.py:345 ] => LoRA monitor [epoch=178] | trainable=2621440/2621440 | non_lora_trainable=0 | lora_l2=3.138651e+01 | lora_A_l2=1.071229e+01 | lora_B_l2=2.950187e+01 | component_l2=fc_decoder:3.138651e+01 | lora_abs_max=1.213727e-01 | delta_l2=3.024728e+01 | delta_rel=3.274173e+00 | train_loss=8.129600e-03 | test_loss=8.236374e-03 | nmse=-1.783234e+01
I 06.08/07:35:17 solver.py:224 ] 
=! Best NMSE: -1.7832e+01 (epoch=178)

I 06.08/07:35:17 solver.py:159 ] Epoch: [179/200][20/282] lr: 6.63e-05 | MSE loss: 7.6809e-03 | time: 0.022
I 06.08/07:35:18 solver.py:159 ] Epoch: [179/200][40/282] lr: 6.62e-05 | MSE loss: 8.4902e-03 | time: 0.024
I 06.08/07:35:18 solver.py:159 ] Epoch: [179/200][60/282] lr: 6.61e-05 | MSE loss: 7.9666e-03 | time: 0.022
I 06.08/07:35:19 solver.py:159 ] Epoch: [179/200][80/282] lr: 6.60e-05 | MSE loss: 7.8192e-03 | time: 0.022
I 06.08/07:35:19 solver.py:159 ] Epoch: [179/200][100/282] lr: 6.59e-05 | MSE loss: 7.5551e-03 | time: 0.022
I 06.08/07:35:19 solver.py:159 ] Epoch: [179/200][120/282] lr: 6.58e-05 | MSE loss: 7.9608e-03 | time: 0.022
I 06.08/07:35:20 solver.py:159 ] Epoch: [179/200][140/282] lr: 6.57e-05 | MSE loss: 8.1048e-03 | time: 0.022
I 06.08/07:35:20 solver.py:159 ] Epoch: [179/200][160/282] lr: 6.56e-05 | MSE loss: 8.0954e-03 | time: 0.022
I 06.08/07:35:21 solver.py:159 ] Epoch: [179/200][180/282] lr: 6.55e-05 | MSE loss: 8.0512e-03 | time: 0.022
I 06.08/07:35:21 solver.py:159 ] Epoch: [179/200][200/282] lr: 6.54e-05 | MSE loss: 7.9635e-03 | time: 0.022
I 06.08/07:35:22 solver.py:159 ] Epoch: [179/200][220/282] lr: 6.53e-05 | MSE loss: 8.0798e-03 | time: 0.022
I 06.08/07:35:22 solver.py:159 ] Epoch: [179/200][240/282] lr: 6.52e-05 | MSE loss: 8.1866e-03 | time: 0.022
I 06.08/07:35:22 solver.py:159 ] Epoch: [179/200][260/282] lr: 6.51e-05 | MSE loss: 8.3691e-03 | time: 0.022
I 06.08/07:35:23 solver.py:159 ] Epoch: [179/200][280/282] lr: 6.50e-05 | MSE loss: 8.1313e-03 | time: 0.022
I 06.08/07:35:23 solver.py:169 ] => Train  Loss: 8.1978e-03

I 06.08/07:35:23 solver.py:405 ] [20/32] loss: 9.3543e-03 | NMSE: -1.6782e+01 | time: 0.018
I 06.08/07:35:24 solver.py:413 ] => Test NMSE: -1.7832e+01

I 06.08/07:35:24 solver.py:345 ] => LoRA monitor [epoch=179] | trainable=2621440/2621440 | non_lora_trainable=0 | lora_l2=3.137757e+01 | lora_A_l2=1.071482e+01 | lora_B_l2=2.949143e+01 | component_l2=fc_decoder:3.137757e+01 | lora_abs_max=1.211159e-01 | delta_l2=3.023800e+01 | delta_rel=3.273169e+00 | train_loss=8.197820e-03 | test_loss=8.236158e-03 | nmse=-1.783245e+01
I 06.08/07:35:24 solver.py:224 ] 
=! Best NMSE: -1.7832e+01 (epoch=179)

I 06.08/07:35:24 solver.py:159 ] Epoch: [180/200][20/282] lr: 6.48e-05 | MSE loss: 6.8836e-03 | time: 0.023
I 06.08/07:35:25 solver.py:159 ] Epoch: [180/200][40/282] lr: 6.47e-05 | MSE loss: 8.0813e-03 | time: 0.023
I 06.08/07:35:25 solver.py:159 ] Epoch: [180/200][60/282] lr: 6.46e-05 | MSE loss: 7.5747e-03 | time: 0.022
I 06.08/07:35:26 solver.py:159 ] Epoch: [180/200][80/282] lr: 6.45e-05 | MSE loss: 7.6330e-03 | time: 0.022
I 06.08/07:35:26 solver.py:159 ] Epoch: [180/200][100/282] lr: 6.44e-05 | MSE loss: 7.6297e-03 | time: 0.022
I 06.08/07:35:26 solver.py:159 ] Epoch: [180/200][120/282] lr: 6.44e-05 | MSE loss: 8.0933e-03 | time: 0.022
I 06.08/07:35:27 solver.py:159 ] Epoch: [180/200][140/282] lr: 6.43e-05 | MSE loss: 7.9657e-03 | time: 0.022
I 06.08/07:35:27 solver.py:159 ] Epoch: [180/200][160/282] lr: 6.42e-05 | MSE loss: 7.8144e-03 | time: 0.022
I 06.08/07:35:28 solver.py:159 ] Epoch: [180/200][180/282] lr: 6.41e-05 | MSE loss: 7.8231e-03 | time: 0.022
I 06.08/07:35:28 solver.py:159 ] Epoch: [180/200][200/282] lr: 6.40e-05 | MSE loss: 7.9983e-03 | time: 0.022
I 06.08/07:35:29 solver.py:159 ] Epoch: [180/200][220/282] lr: 6.39e-05 | MSE loss: 8.0448e-03 | time: 0.022
I 06.08/07:35:29 solver.py:159 ] Epoch: [180/200][240/282] lr: 6.38e-05 | MSE loss: 7.9140e-03 | time: 0.022
I 06.08/07:35:30 solver.py:159 ] Epoch: [180/200][260/282] lr: 6.37e-05 | MSE loss: 8.0723e-03 | time: 0.022
I 06.08/07:35:30 solver.py:159 ] Epoch: [180/200][280/282] lr: 6.36e-05 | MSE loss: 8.1264e-03 | time: 0.022
I 06.08/07:35:30 solver.py:169 ] => Train  Loss: 8.1439e-03

I 06.08/07:35:30 solver.py:159 ] Epoch: [180/200][20/32] lr: 6.36e-05 | MSE loss: 9.3550e-03 | time: 0.019
I 06.08/07:35:31 solver.py:169 ] => Val  Loss: 8.0523e-03

I 06.08/07:35:31 solver.py:405 ] [20/32] loss: 9.3550e-03 | NMSE: -1.6782e+01 | time: 0.018
I 06.08/07:35:31 solver.py:413 ] => Test NMSE: -1.7832e+01

I 06.08/07:35:31 solver.py:345 ] => LoRA monitor [epoch=180] | trainable=2621440/2621440 | non_lora_trainable=0 | lora_l2=3.136947e+01 | lora_A_l2=1.071864e+01 | lora_B_l2=2.948142e+01 | component_l2=fc_decoder:3.136947e+01 | lora_abs_max=1.209927e-01 | delta_l2=3.022937e+01 | delta_rel=3.272235e+00 | train_loss=8.143922e-03 | val_loss=8.052254e-03 | test_loss=8.236834e-03 | nmse=-1.783210e+01
I 06.08/07:35:31 solver.py:224 ] 
=! Best NMSE: -1.7832e+01 (epoch=179)

I 06.08/07:35:32 solver.py:159 ] Epoch: [181/200][20/282] lr: 6.35e-05 | MSE loss: 7.0622e-03 | time: 0.022
I 06.08/07:35:32 solver.py:159 ] Epoch: [181/200][40/282] lr: 6.34e-05 | MSE loss: 7.3631e-03 | time: 0.022
I 06.08/07:35:32 solver.py:159 ] Epoch: [181/200][60/282] lr: 6.33e-05 | MSE loss: 7.0954e-03 | time: 0.023
I 06.08/07:35:33 solver.py:159 ] Epoch: [181/200][80/282] lr: 6.32e-05 | MSE loss: 7.9157e-03 | time: 0.022
I 06.08/07:35:33 solver.py:159 ] Epoch: [181/200][100/282] lr: 6.31e-05 | MSE loss: 8.4429e-03 | time: 0.022
I 06.08/07:35:34 solver.py:159 ] Epoch: [181/200][120/282] lr: 6.30e-05 | MSE loss: 8.0980e-03 | time: 0.022
I 06.08/07:35:34 solver.py:159 ] Epoch: [181/200][140/282] lr: 6.29e-05 | MSE loss: 8.2468e-03 | time: 0.022
I 06.08/07:35:35 solver.py:159 ] Epoch: [181/200][160/282] lr: 6.28e-05 | MSE loss: 8.0247e-03 | time: 0.023
I 06.08/07:35:35 solver.py:159 ] Epoch: [181/200][180/282] lr: 6.27e-05 | MSE loss: 7.7934e-03 | time: 0.023
I 06.08/07:35:36 solver.py:159 ] Epoch: [181/200][200/282] lr: 6.26e-05 | MSE loss: 7.8077e-03 | time: 0.023
I 06.08/07:35:36 solver.py:159 ] Epoch: [181/200][220/282] lr: 6.25e-05 | MSE loss: 7.9634e-03 | time: 0.022
I 06.08/07:35:36 solver.py:159 ] Epoch: [181/200][240/282] lr: 6.24e-05 | MSE loss: 8.0129e-03 | time: 0.022
I 06.08/07:35:37 solver.py:159 ] Epoch: [181/200][260/282] lr: 6.24e-05 | MSE loss: 8.1523e-03 | time: 0.022
I 06.08/07:35:37 solver.py:159 ] Epoch: [181/200][280/282] lr: 6.23e-05 | MSE loss: 8.1205e-03 | time: 0.022
I 06.08/07:35:37 solver.py:169 ] => Train  Loss: 8.1888e-03

I 06.08/07:35:38 solver.py:405 ] [20/32] loss: 9.3544e-03 | NMSE: -1.6782e+01 | time: 0.018
I 06.08/07:35:38 solver.py:413 ] => Test NMSE: -1.7832e+01

I 06.08/07:35:38 solver.py:345 ] => LoRA monitor [epoch=181] | trainable=2621440/2621440 | non_lora_trainable=0 | lora_l2=3.135749e+01 | lora_A_l2=1.072126e+01 | lora_B_l2=2.946773e+01 | component_l2=fc_decoder:3.135749e+01 | lora_abs_max=1.211441e-01 | delta_l2=3.021689e+01 | delta_rel=3.270884e+00 | train_loss=8.188847e-03 | test_loss=8.236102e-03 | nmse=-1.783249e+01
I 06.08/07:35:38 solver.py:224 ] 
=! Best NMSE: -1.7832e+01 (epoch=181)

I 06.08/07:35:39 solver.py:159 ] Epoch: [182/200][20/282] lr: 6.22e-05 | MSE loss: 7.2498e-03 | time: 0.026
I 06.08/07:35:39 solver.py:159 ] Epoch: [182/200][40/282] lr: 6.21e-05 | MSE loss: 8.3588e-03 | time: 0.023
I 06.08/07:35:40 solver.py:159 ] Epoch: [182/200][60/282] lr: 6.20e-05 | MSE loss: 8.3682e-03 | time: 0.023
I 06.08/07:35:40 solver.py:159 ] Epoch: [182/200][80/282] lr: 6.19e-05 | MSE loss: 8.5515e-03 | time: 0.022
I 06.08/07:35:41 solver.py:159 ] Epoch: [182/200][100/282] lr: 6.18e-05 | MSE loss: 8.6317e-03 | time: 0.022
I 06.08/07:35:41 solver.py:159 ] Epoch: [182/200][120/282] lr: 6.17e-05 | MSE loss: 8.3408e-03 | time: 0.022
I 06.08/07:35:41 solver.py:159 ] Epoch: [182/200][140/282] lr: 6.16e-05 | MSE loss: 8.1651e-03 | time: 0.022
I 06.08/07:35:42 solver.py:159 ] Epoch: [182/200][160/282] lr: 6.15e-05 | MSE loss: 8.1899e-03 | time: 0.022
I 06.08/07:35:42 solver.py:159 ] Epoch: [182/200][180/282] lr: 6.15e-05 | MSE loss: 8.0301e-03 | time: 0.022
I 06.08/07:35:43 solver.py:159 ] Epoch: [182/200][200/282] lr: 6.14e-05 | MSE loss: 7.8987e-03 | time: 0.022
I 06.08/07:35:43 solver.py:159 ] Epoch: [182/200][220/282] lr: 6.13e-05 | MSE loss: 7.9309e-03 | time: 0.022
I 06.08/07:35:44 solver.py:159 ] Epoch: [182/200][240/282] lr: 6.12e-05 | MSE loss: 8.1194e-03 | time: 0.022
I 06.08/07:35:44 solver.py:159 ] Epoch: [182/200][260/282] lr: 6.11e-05 | MSE loss: 8.0158e-03 | time: 0.022
I 06.08/07:35:45 solver.py:159 ] Epoch: [182/200][280/282] lr: 6.10e-05 | MSE loss: 8.1775e-03 | time: 0.022
I 06.08/07:35:45 solver.py:169 ] => Train  Loss: 8.1307e-03

I 06.08/07:35:45 solver.py:405 ] [20/32] loss: 9.3540e-03 | NMSE: -1.6782e+01 | time: 0.020
I 06.08/07:35:45 solver.py:413 ] => Test NMSE: -1.7833e+01

I 06.08/07:35:45 solver.py:345 ] => LoRA monitor [epoch=182] | trainable=2621440/2621440 | non_lora_trainable=0 | lora_l2=3.135144e+01 | lora_A_l2=1.072455e+01 | lora_B_l2=2.946008e+01 | component_l2=fc_decoder:3.135144e+01 | lora_abs_max=1.210866e-01 | delta_l2=3.021038e+01 | delta_rel=3.270179e+00 | train_loss=8.130745e-03 | test_loss=8.235971e-03 | nmse=-1.783255e+01
I 06.08/07:35:45 solver.py:224 ] 
=! Best NMSE: -1.7833e+01 (epoch=182)

I 06.08/07:35:46 solver.py:159 ] Epoch: [183/200][20/282] lr: 6.09e-05 | MSE loss: 6.5280e-03 | time: 0.022
I 06.08/07:35:46 solver.py:159 ] Epoch: [183/200][40/282] lr: 6.08e-05 | MSE loss: 8.0900e-03 | time: 0.022
I 06.08/07:35:47 solver.py:159 ] Epoch: [183/200][60/282] lr: 6.08e-05 | MSE loss: 7.6932e-03 | time: 0.022
I 06.08/07:35:47 solver.py:159 ] Epoch: [183/200][80/282] lr: 6.07e-05 | MSE loss: 7.5627e-03 | time: 0.021
I 06.08/07:35:48 solver.py:159 ] Epoch: [183/200][100/282] lr: 6.06e-05 | MSE loss: 7.7318e-03 | time: 0.021
I 06.08/07:35:48 solver.py:159 ] Epoch: [183/200][120/282] lr: 6.05e-05 | MSE loss: 7.8652e-03 | time: 0.022
I 06.08/07:35:48 solver.py:159 ] Epoch: [183/200][140/282] lr: 6.04e-05 | MSE loss: 7.7543e-03 | time: 0.022
I 06.08/07:35:49 solver.py:159 ] Epoch: [183/200][160/282] lr: 6.03e-05 | MSE loss: 7.9369e-03 | time: 0.022
I 06.08/07:35:49 solver.py:159 ] Epoch: [183/200][180/282] lr: 6.03e-05 | MSE loss: 8.0610e-03 | time: 0.022
I 06.08/07:35:50 solver.py:159 ] Epoch: [183/200][200/282] lr: 6.02e-05 | MSE loss: 8.1642e-03 | time: 0.022
I 06.08/07:35:50 solver.py:159 ] Epoch: [183/200][220/282] lr: 6.01e-05 | MSE loss: 8.1473e-03 | time: 0.022
I 06.08/07:35:51 solver.py:159 ] Epoch: [183/200][240/282] lr: 6.00e-05 | MSE loss: 8.2174e-03 | time: 0.022
I 06.08/07:35:51 solver.py:159 ] Epoch: [183/200][260/282] lr: 5.99e-05 | MSE loss: 8.2219e-03 | time: 0.022
I 06.08/07:35:52 solver.py:159 ] Epoch: [183/200][280/282] lr: 5.98e-05 | MSE loss: 8.1256e-03 | time: 0.022
I 06.08/07:35:52 solver.py:169 ] => Train  Loss: 8.1314e-03

I 06.08/07:35:52 solver.py:405 ] [20/32] loss: 9.3540e-03 | NMSE: -1.6782e+01 | time: 0.017
I 06.08/07:35:52 solver.py:413 ] => Test NMSE: -1.7833e+01

I 06.08/07:35:52 solver.py:345 ] => LoRA monitor [epoch=183] | trainable=2621440/2621440 | non_lora_trainable=0 | lora_l2=3.134746e+01 | lora_A_l2=1.072835e+01 | lora_B_l2=2.945447e+01 | component_l2=fc_decoder:3.134746e+01 | lora_abs_max=1.207822e-01 | delta_l2=3.020621e+01 | delta_rel=3.269727e+00 | train_loss=8.131449e-03 | test_loss=8.235903e-03 | nmse=-1.783259e+01
I 06.08/07:35:52 solver.py:224 ] 
=! Best NMSE: -1.7833e+01 (epoch=183)

I 06.08/07:35:53 solver.py:159 ] Epoch: [184/200][20/282] lr: 5.98e-05 | MSE loss: 8.0454e-03 | time: 0.024
I 06.08/07:35:53 solver.py:159 ] Epoch: [184/200][40/282] lr: 5.97e-05 | MSE loss: 8.8767e-03 | time: 0.023
I 06.08/07:35:54 solver.py:159 ] Epoch: [184/200][60/282] lr: 5.96e-05 | MSE loss: 8.5173e-03 | time: 0.022
I 06.08/07:35:54 solver.py:159 ] Epoch: [184/200][80/282] lr: 5.95e-05 | MSE loss: 8.2694e-03 | time: 0.022
I 06.08/07:35:55 solver.py:159 ] Epoch: [184/200][100/282] lr: 5.94e-05 | MSE loss: 8.2306e-03 | time: 0.022
I 06.08/07:35:55 solver.py:159 ] Epoch: [184/200][120/282] lr: 5.93e-05 | MSE loss: 8.3758e-03 | time: 0.022
I 06.08/07:35:55 solver.py:159 ] Epoch: [184/200][140/282] lr: 5.93e-05 | MSE loss: 8.1394e-03 | time: 0.022
I 06.08/07:35:56 solver.py:159 ] Epoch: [184/200][160/282] lr: 5.92e-05 | MSE loss: 8.3540e-03 | time: 0.022
I 06.08/07:35:56 solver.py:159 ] Epoch: [184/200][180/282] lr: 5.91e-05 | MSE loss: 8.1298e-03 | time: 0.022
I 06.08/07:35:57 solver.py:159 ] Epoch: [184/200][200/282] lr: 5.90e-05 | MSE loss: 8.2352e-03 | time: 0.022
I 06.08/07:35:57 solver.py:159 ] Epoch: [184/200][220/282] lr: 5.90e-05 | MSE loss: 8.4138e-03 | time: 0.022
I 06.08/07:35:58 solver.py:159 ] Epoch: [184/200][240/282] lr: 5.89e-05 | MSE loss: 8.5310e-03 | time: 0.022
I 06.08/07:35:58 solver.py:159 ] Epoch: [184/200][260/282] lr: 5.88e-05 | MSE loss: 8.4561e-03 | time: 0.022
I 06.08/07:35:58 solver.py:159 ] Epoch: [184/200][280/282] lr: 5.87e-05 | MSE loss: 8.1639e-03 | time: 0.022
I 06.08/07:35:58 solver.py:169 ] => Train  Loss: 8.1621e-03

I 06.08/07:35:59 solver.py:405 ] [20/32] loss: 9.3543e-03 | NMSE: -1.6782e+01 | time: 0.018
I 06.08/07:35:59 solver.py:413 ] => Test NMSE: -1.7832e+01

I 06.08/07:35:59 solver.py:345 ] => LoRA monitor [epoch=184] | trainable=2621440/2621440 | non_lora_trainable=0 | lora_l2=3.134600e+01 | lora_A_l2=1.073290e+01 | lora_B_l2=2.945126e+01 | component_l2=fc_decoder:3.134600e+01 | lora_abs_max=1.208716e-01 | delta_l2=3.020439e+01 | delta_rel=3.269530e+00 | train_loss=8.162071e-03 | test_loss=8.236106e-03 | nmse=-1.783248e+01
I 06.08/07:35:59 solver.py:224 ] 
=! Best NMSE: -1.7833e+01 (epoch=183)

I 06.08/07:36:00 solver.py:159 ] Epoch: [185/200][20/282] lr: 5.86e-05 | MSE loss: 7.7627e-03 | time: 0.023
I 06.08/07:36:00 solver.py:159 ] Epoch: [185/200][40/282] lr: 5.86e-05 | MSE loss: 8.7265e-03 | time: 0.023
I 06.08/07:36:01 solver.py:159 ] Epoch: [185/200][60/282] lr: 5.85e-05 | MSE loss: 8.2538e-03 | time: 0.026
I 06.08/07:36:01 solver.py:159 ] Epoch: [185/200][80/282] lr: 5.84e-05 | MSE loss: 8.4069e-03 | time: 0.031
I 06.08/07:36:03 solver.py:159 ] Epoch: [185/200][100/282] lr: 5.83e-05 | MSE loss: 8.8440e-03 | time: 0.035
I 06.08/07:36:04 solver.py:159 ] Epoch: [185/200][120/282] lr: 5.83e-05 | MSE loss: 8.7102e-03 | time: 0.039
I 06.08/07:36:05 solver.py:159 ] Epoch: [185/200][140/282] lr: 5.82e-05 | MSE loss: 8.5621e-03 | time: 0.039
I 06.08/07:36:05 solver.py:159 ] Epoch: [185/200][160/282] lr: 5.81e-05 | MSE loss: 8.4263e-03 | time: 0.037
I 06.08/07:36:05 solver.py:159 ] Epoch: [185/200][180/282] lr: 5.80e-05 | MSE loss: 8.4030e-03 | time: 0.036
I 06.08/07:36:06 solver.py:159 ] Epoch: [185/200][200/282] lr: 5.80e-05 | MSE loss: 8.2946e-03 | time: 0.034
I 06.08/07:36:06 solver.py:159 ] Epoch: [185/200][220/282] lr: 5.79e-05 | MSE loss: 8.2705e-03 | time: 0.033
I 06.08/07:36:07 solver.py:159 ] Epoch: [185/200][240/282] lr: 5.78e-05 | MSE loss: 8.1265e-03 | time: 0.032
I 06.08/07:36:07 solver.py:159 ] Epoch: [185/200][260/282] lr: 5.77e-05 | MSE loss: 8.1679e-03 | time: 0.031
I 06.08/07:36:08 solver.py:159 ] Epoch: [185/200][280/282] lr: 5.77e-05 | MSE loss: 8.1544e-03 | time: 0.031
I 06.08/07:36:08 solver.py:169 ] => Train  Loss: 8.2094e-03

I 06.08/07:36:08 solver.py:405 ] [20/32] loss: 9.3544e-03 | NMSE: -1.6782e+01 | time: 0.018
I 06.08/07:36:08 solver.py:413 ] => Test NMSE: -1.7832e+01

I 06.08/07:36:08 solver.py:345 ] => LoRA monitor [epoch=185] | trainable=2621440/2621440 | non_lora_trainable=0 | lora_l2=3.134074e+01 | lora_A_l2=1.073702e+01 | lora_B_l2=2.944415e+01 | component_l2=fc_decoder:3.134074e+01 | lora_abs_max=1.203804e-01 | delta_l2=3.019878e+01 | delta_rel=3.268923e+00 | train_loss=8.209355e-03 | test_loss=8.236201e-03 | nmse=-1.783243e+01
I 06.08/07:36:08 solver.py:224 ] 
=! Best NMSE: -1.7833e+01 (epoch=183)

I 06.08/07:36:09 solver.py:159 ] Epoch: [186/200][20/282] lr: 5.76e-05 | MSE loss: 5.8916e-03 | time: 0.023
I 06.08/07:36:09 solver.py:159 ] Epoch: [186/200][40/282] lr: 5.75e-05 | MSE loss: 6.4761e-03 | time: 0.022
I 06.08/07:36:10 solver.py:159 ] Epoch: [186/200][60/282] lr: 5.75e-05 | MSE loss: 6.9397e-03 | time: 0.022
I 06.08/07:36:10 solver.py:159 ] Epoch: [186/200][80/282] lr: 5.74e-05 | MSE loss: 7.5390e-03 | time: 0.021
I 06.08/07:36:10 solver.py:159 ] Epoch: [186/200][100/282] lr: 5.73e-05 | MSE loss: 7.9398e-03 | time: 0.021
I 06.08/07:36:11 solver.py:159 ] Epoch: [186/200][120/282] lr: 5.72e-05 | MSE loss: 7.7314e-03 | time: 0.022
I 06.08/07:36:11 solver.py:159 ] Epoch: [186/200][140/282] lr: 5.72e-05 | MSE loss: 7.4183e-03 | time: 0.022
I 06.08/07:36:12 solver.py:159 ] Epoch: [186/200][160/282] lr: 5.71e-05 | MSE loss: 7.1979e-03 | time: 0.022
I 06.08/07:36:12 solver.py:159 ] Epoch: [186/200][180/282] lr: 5.70e-05 | MSE loss: 7.2177e-03 | time: 0.022
I 06.08/07:36:13 solver.py:159 ] Epoch: [186/200][200/282] lr: 5.70e-05 | MSE loss: 7.3329e-03 | time: 0.022
I 06.08/07:36:13 solver.py:159 ] Epoch: [186/200][220/282] lr: 5.69e-05 | MSE loss: 7.5159e-03 | time: 0.022
I 06.08/07:36:14 solver.py:159 ] Epoch: [186/200][240/282] lr: 5.68e-05 | MSE loss: 7.7247e-03 | time: 0.022
I 06.08/07:36:14 solver.py:159 ] Epoch: [186/200][260/282] lr: 5.68e-05 | MSE loss: 7.9740e-03 | time: 0.022
I 06.08/07:36:14 solver.py:159 ] Epoch: [186/200][280/282] lr: 5.67e-05 | MSE loss: 8.0978e-03 | time: 0.022
I 06.08/07:36:14 solver.py:169 ] => Train  Loss: 8.1313e-03

I 06.08/07:36:15 solver.py:405 ] [20/32] loss: 9.3540e-03 | NMSE: -1.6782e+01 | time: 0.018
I 06.08/07:36:15 solver.py:413 ] => Test NMSE: -1.7833e+01

I 06.08/07:36:15 solver.py:345 ] => LoRA monitor [epoch=186] | trainable=2621440/2621440 | non_lora_trainable=0 | lora_l2=3.133780e+01 | lora_A_l2=1.074105e+01 | lora_B_l2=2.943956e+01 | component_l2=fc_decoder:3.133780e+01 | lora_abs_max=1.204268e-01 | delta_l2=3.019539e+01 | delta_rel=3.268557e+00 | train_loss=8.131269e-03 | test_loss=8.235831e-03 | nmse=-1.783263e+01
I 06.08/07:36:15 solver.py:224 ] 
=! Best NMSE: -1.7833e+01 (epoch=186)

I 06.08/07:36:16 solver.py:159 ] Epoch: [187/200][20/282] lr: 5.66e-05 | MSE loss: 8.7758e-03 | time: 0.028
I 06.08/07:36:16 solver.py:159 ] Epoch: [187/200][40/282] lr: 5.65e-05 | MSE loss: 7.6133e-03 | time: 0.024
I 06.08/07:36:17 solver.py:159 ] Epoch: [187/200][60/282] lr: 5.65e-05 | MSE loss: 7.6557e-03 | time: 0.024
I 06.08/07:36:17 solver.py:159 ] Epoch: [187/200][80/282] lr: 5.64e-05 | MSE loss: 7.5223e-03 | time: 0.024
I 06.08/07:36:18 solver.py:159 ] Epoch: [187/200][100/282] lr: 5.64e-05 | MSE loss: 7.6433e-03 | time: 0.024
I 06.08/07:36:18 solver.py:159 ] Epoch: [187/200][120/282] lr: 5.63e-05 | MSE loss: 7.8520e-03 | time: 0.023
I 06.08/07:36:18 solver.py:159 ] Epoch: [187/200][140/282] lr: 5.62e-05 | MSE loss: 7.9589e-03 | time: 0.023
I 06.08/07:36:19 solver.py:159 ] Epoch: [187/200][160/282] lr: 5.62e-05 | MSE loss: 8.0539e-03 | time: 0.023
I 06.08/07:36:19 solver.py:159 ] Epoch: [187/200][180/282] lr: 5.61e-05 | MSE loss: 8.0010e-03 | time: 0.023
I 06.08/07:36:20 solver.py:159 ] Epoch: [187/200][200/282] lr: 5.60e-05 | MSE loss: 8.0015e-03 | time: 0.023
I 06.08/07:36:20 solver.py:159 ] Epoch: [187/200][220/282] lr: 5.60e-05 | MSE loss: 7.9074e-03 | time: 0.023
I 06.08/07:36:21 solver.py:159 ] Epoch: [187/200][240/282] lr: 5.59e-05 | MSE loss: 7.8638e-03 | time: 0.023
I 06.08/07:36:21 solver.py:159 ] Epoch: [187/200][260/282] lr: 5.58e-05 | MSE loss: 7.9951e-03 | time: 0.023
I 06.08/07:36:22 solver.py:159 ] Epoch: [187/200][280/282] lr: 5.58e-05 | MSE loss: 8.1526e-03 | time: 0.023
I 06.08/07:36:22 solver.py:169 ] => Train  Loss: 8.1303e-03

I 06.08/07:36:22 solver.py:405 ] [20/32] loss: 9.3541e-03 | NMSE: -1.6782e+01 | time: 0.015
I 06.08/07:36:22 solver.py:413 ] => Test NMSE: -1.7833e+01

I 06.08/07:36:22 solver.py:345 ] => LoRA monitor [epoch=187] | trainable=2621440/2621440 | non_lora_trainable=0 | lora_l2=3.133614e+01 | lora_A_l2=1.074559e+01 | lora_B_l2=2.943613e+01 | component_l2=fc_decoder:3.133614e+01 | lora_abs_max=1.205344e-01 | delta_l2=3.019337e+01 | delta_rel=3.268337e+00 | train_loss=8.130275e-03 | test_loss=8.236025e-03 | nmse=-1.783253e+01
I 06.08/07:36:22 solver.py:224 ] 
=! Best NMSE: -1.7833e+01 (epoch=186)

I 06.08/07:36:23 solver.py:159 ] Epoch: [188/200][20/282] lr: 5.57e-05 | MSE loss: 9.0837e-03 | time: 0.022
I 06.08/07:36:23 solver.py:159 ] Epoch: [188/200][40/282] lr: 5.56e-05 | MSE loss: 8.6827e-03 | time: 0.022
I 06.08/07:36:24 solver.py:159 ] Epoch: [188/200][60/282] lr: 5.56e-05 | MSE loss: 8.4421e-03 | time: 0.022
I 06.08/07:36:24 solver.py:159 ] Epoch: [188/200][80/282] lr: 5.55e-05 | MSE loss: 8.2576e-03 | time: 0.022
I 06.08/07:36:24 solver.py:159 ] Epoch: [188/200][100/282] lr: 5.55e-05 | MSE loss: 8.3155e-03 | time: 0.022
I 06.08/07:36:25 solver.py:159 ] Epoch: [188/200][120/282] lr: 5.54e-05 | MSE loss: 8.7020e-03 | time: 0.022
I 06.08/07:36:25 solver.py:159 ] Epoch: [188/200][140/282] lr: 5.53e-05 | MSE loss: 8.2666e-03 | time: 0.022
I 06.08/07:36:26 solver.py:159 ] Epoch: [188/200][160/282] lr: 5.53e-05 | MSE loss: 8.0074e-03 | time: 0.022
I 06.08/07:36:26 solver.py:159 ] Epoch: [188/200][180/282] lr: 5.52e-05 | MSE loss: 7.9476e-03 | time: 0.022
I 06.08/07:36:27 solver.py:159 ] Epoch: [188/200][200/282] lr: 5.52e-05 | MSE loss: 7.8952e-03 | time: 0.022
I 06.08/07:36:27 solver.py:159 ] Epoch: [188/200][220/282] lr: 5.51e-05 | MSE loss: 8.0720e-03 | time: 0.022
I 06.08/07:36:27 solver.py:159 ] Epoch: [188/200][240/282] lr: 5.50e-05 | MSE loss: 8.0066e-03 | time: 0.022
I 06.08/07:36:28 solver.py:159 ] Epoch: [188/200][260/282] lr: 5.50e-05 | MSE loss: 8.0379e-03 | time: 0.022
I 06.08/07:36:28 solver.py:159 ] Epoch: [188/200][280/282] lr: 5.49e-05 | MSE loss: 8.1621e-03 | time: 0.022
I 06.08/07:36:28 solver.py:169 ] => Train  Loss: 8.1285e-03

I 06.08/07:36:29 solver.py:405 ] [20/32] loss: 9.3536e-03 | NMSE: -1.6782e+01 | time: 0.017
I 06.08/07:36:29 solver.py:413 ] => Test NMSE: -1.7833e+01

I 06.08/07:36:29 solver.py:345 ] => LoRA monitor [epoch=188] | trainable=2621440/2621440 | non_lora_trainable=0 | lora_l2=3.133152e+01 | lora_A_l2=1.074973e+01 | lora_B_l2=2.942970e+01 | component_l2=fc_decoder:3.133152e+01 | lora_abs_max=1.203695e-01 | delta_l2=3.018852e+01 | delta_rel=3.267812e+00 | train_loss=8.128488e-03 | test_loss=8.235588e-03 | nmse=-1.783275e+01
I 06.08/07:36:29 solver.py:224 ] 
=! Best NMSE: -1.7833e+01 (epoch=188)

I 06.08/07:36:30 solver.py:159 ] Epoch: [189/200][20/282] lr: 5.49e-05 | MSE loss: 9.6076e-03 | time: 0.023
I 06.08/07:36:30 solver.py:159 ] Epoch: [189/200][40/282] lr: 5.48e-05 | MSE loss: 7.4313e-03 | time: 0.022
I 06.08/07:36:31 solver.py:159 ] Epoch: [189/200][60/282] lr: 5.47e-05 | MSE loss: 7.3457e-03 | time: 0.023
I 06.08/07:36:31 solver.py:159 ] Epoch: [189/200][80/282] lr: 5.47e-05 | MSE loss: 7.2674e-03 | time: 0.023
I 06.08/07:36:32 solver.py:159 ] Epoch: [189/200][100/282] lr: 5.46e-05 | MSE loss: 7.3015e-03 | time: 0.023
I 06.08/07:36:32 solver.py:159 ] Epoch: [189/200][120/282] lr: 5.46e-05 | MSE loss: 7.3877e-03 | time: 0.023
I 06.08/07:36:32 solver.py:159 ] Epoch: [189/200][140/282] lr: 5.45e-05 | MSE loss: 7.4017e-03 | time: 0.023
I 06.08/07:36:33 solver.py:159 ] Epoch: [189/200][160/282] lr: 5.45e-05 | MSE loss: 7.4251e-03 | time: 0.023
I 06.08/07:36:33 solver.py:159 ] Epoch: [189/200][180/282] lr: 5.44e-05 | MSE loss: 7.6099e-03 | time: 0.023
I 06.08/07:36:34 solver.py:159 ] Epoch: [189/200][200/282] lr: 5.44e-05 | MSE loss: 7.6671e-03 | time: 0.023
I 06.08/07:36:34 solver.py:159 ] Epoch: [189/200][220/282] lr: 5.43e-05 | MSE loss: 7.9552e-03 | time: 0.024
I 06.08/07:36:35 solver.py:159 ] Epoch: [189/200][240/282] lr: 5.42e-05 | MSE loss: 8.1340e-03 | time: 0.023
I 06.08/07:36:35 solver.py:159 ] Epoch: [189/200][260/282] lr: 5.42e-05 | MSE loss: 8.0614e-03 | time: 0.023
I 06.08/07:36:36 solver.py:159 ] Epoch: [189/200][280/282] lr: 5.41e-05 | MSE loss: 8.1455e-03 | time: 0.023
I 06.08/07:36:36 solver.py:169 ] => Train  Loss: 8.1318e-03

I 06.08/07:36:36 solver.py:405 ] [20/32] loss: 9.3542e-03 | NMSE: -1.6782e+01 | time: 0.018
I 06.08/07:36:36 solver.py:413 ] => Test NMSE: -1.7832e+01

I 06.08/07:36:36 solver.py:345 ] => LoRA monitor [epoch=189] | trainable=2621440/2621440 | non_lora_trainable=0 | lora_l2=3.133111e+01 | lora_A_l2=1.075461e+01 | lora_B_l2=2.942748e+01 | component_l2=fc_decoder:3.133111e+01 | lora_abs_max=1.204679e-01 | delta_l2=3.018777e+01 | delta_rel=3.267732e+00 | train_loss=8.131759e-03 | test_loss=8.236230e-03 | nmse=-1.783241e+01
I 06.08/07:36:36 solver.py:224 ] 
=! Best NMSE: -1.7833e+01 (epoch=188)

I 06.08/07:36:37 solver.py:159 ] Epoch: [190/200][20/282] lr: 5.41e-05 | MSE loss: 8.7400e-03 | time: 0.023
I 06.08/07:36:37 solver.py:159 ] Epoch: [190/200][40/282] lr: 5.40e-05 | MSE loss: 8.6823e-03 | time: 0.022
I 06.08/07:36:38 solver.py:159 ] Epoch: [190/200][60/282] lr: 5.40e-05 | MSE loss: 8.2116e-03 | time: 0.022
I 06.08/07:36:38 solver.py:159 ] Epoch: [190/200][80/282] lr: 5.39e-05 | MSE loss: 7.9109e-03 | time: 0.022
I 06.08/07:36:38 solver.py:159 ] Epoch: [190/200][100/282] lr: 5.39e-05 | MSE loss: 7.4477e-03 | time: 0.022
I 06.08/07:36:39 solver.py:159 ] Epoch: [190/200][120/282] lr: 5.38e-05 | MSE loss: 7.6435e-03 | time: 0.022
I 06.08/07:36:39 solver.py:159 ] Epoch: [190/200][140/282] lr: 5.38e-05 | MSE loss: 7.8840e-03 | time: 0.022
I 06.08/07:36:40 solver.py:159 ] Epoch: [190/200][160/282] lr: 5.37e-05 | MSE loss: 7.8135e-03 | time: 0.022
I 06.08/07:36:40 solver.py:159 ] Epoch: [190/200][180/282] lr: 5.37e-05 | MSE loss: 7.8427e-03 | time: 0.022
I 06.08/07:36:41 solver.py:159 ] Epoch: [190/200][200/282] lr: 5.36e-05 | MSE loss: 7.9413e-03 | time: 0.022
I 06.08/07:36:41 solver.py:159 ] Epoch: [190/200][220/282] lr: 5.36e-05 | MSE loss: 8.1715e-03 | time: 0.022
I 06.08/07:36:41 solver.py:159 ] Epoch: [190/200][240/282] lr: 5.35e-05 | MSE loss: 7.9690e-03 | time: 0.022
I 06.08/07:36:42 solver.py:159 ] Epoch: [190/200][260/282] lr: 5.35e-05 | MSE loss: 8.0171e-03 | time: 0.022
I 06.08/07:36:42 solver.py:159 ] Epoch: [190/200][280/282] lr: 5.34e-05 | MSE loss: 8.1649e-03 | time: 0.022
I 06.08/07:36:42 solver.py:169 ] => Train  Loss: 8.1281e-03

I 06.08/07:36:43 solver.py:159 ] Epoch: [190/200][20/32] lr: 5.34e-05 | MSE loss: 9.3537e-03 | time: 0.019
I 06.08/07:36:43 solver.py:169 ] => Val  Loss: 8.0511e-03

I 06.08/07:36:43 solver.py:405 ] [20/32] loss: 9.3537e-03 | NMSE: -1.6782e+01 | time: 0.017
I 06.08/07:36:44 solver.py:413 ] => Test NMSE: -1.7833e+01

I 06.08/07:36:44 solver.py:345 ] => LoRA monitor [epoch=190] | trainable=2621440/2621440 | non_lora_trainable=0 | lora_l2=3.133102e+01 | lora_A_l2=1.075994e+01 | lora_B_l2=2.942544e+01 | component_l2=fc_decoder:3.133102e+01 | lora_abs_max=1.204177e-01 | delta_l2=3.018731e+01 | delta_rel=3.267681e+00 | train_loss=8.128083e-03 | val_loss=8.051118e-03 | test_loss=8.235714e-03 | nmse=-1.783269e+01
I 06.08/07:36:44 solver.py:224 ] 
=! Best NMSE: -1.7833e+01 (epoch=188)

I 06.08/07:36:44 solver.py:159 ] Epoch: [191/200][20/282] lr: 5.34e-05 | MSE loss: 1.0897e-02 | time: 0.024
I 06.08/07:36:44 solver.py:159 ] Epoch: [191/200][40/282] lr: 5.33e-05 | MSE loss: 9.0942e-03 | time: 0.023
I 06.08/07:36:45 solver.py:159 ] Epoch: [191/200][60/282] lr: 5.33e-05 | MSE loss: 8.3097e-03 | time: 0.023
I 06.08/07:36:45 solver.py:159 ] Epoch: [191/200][80/282] lr: 5.32e-05 | MSE loss: 8.1754e-03 | time: 0.023
I 06.08/07:36:46 solver.py:159 ] Epoch: [191/200][100/282] lr: 5.32e-05 | MSE loss: 8.7274e-03 | time: 0.023
I 06.08/07:36:46 solver.py:159 ] Epoch: [191/200][120/282] lr: 5.31e-05 | MSE loss: 8.3153e-03 | time: 0.023
I 06.08/07:36:47 solver.py:159 ] Epoch: [191/200][140/282] lr: 5.31e-05 | MSE loss: 8.3799e-03 | time: 0.023
I 06.08/07:36:47 solver.py:159 ] Epoch: [191/200][160/282] lr: 5.30e-05 | MSE loss: 8.1832e-03 | time: 0.023
I 06.08/07:36:48 solver.py:159 ] Epoch: [191/200][180/282] lr: 5.30e-05 | MSE loss: 8.2638e-03 | time: 0.023
I 06.08/07:36:48 solver.py:159 ] Epoch: [191/200][200/282] lr: 5.30e-05 | MSE loss: 8.2395e-03 | time: 0.023
I 06.08/07:36:49 solver.py:159 ] Epoch: [191/200][220/282] lr: 5.29e-05 | MSE loss: 8.0566e-03 | time: 0.023
I 06.08/07:36:49 solver.py:159 ] Epoch: [191/200][240/282] lr: 5.29e-05 | MSE loss: 8.0645e-03 | time: 0.023
I 06.08/07:36:49 solver.py:159 ] Epoch: [191/200][260/282] lr: 5.28e-05 | MSE loss: 8.1315e-03 | time: 0.023
I 06.08/07:36:50 solver.py:159 ] Epoch: [191/200][280/282] lr: 5.28e-05 | MSE loss: 8.1487e-03 | time: 0.023
I 06.08/07:36:50 solver.py:169 ] => Train  Loss: 8.1503e-03

I 06.08/07:36:50 solver.py:405 ] [20/32] loss: 9.3539e-03 | NMSE: -1.6782e+01 | time: 0.016
I 06.08/07:36:50 solver.py:413 ] => Test NMSE: -1.7833e+01

I 06.08/07:36:50 solver.py:345 ] => LoRA monitor [epoch=191] | trainable=2621440/2621440 | non_lora_trainable=0 | lora_l2=3.132842e+01 | lora_A_l2=1.076401e+01 | lora_B_l2=2.942118e+01 | component_l2=fc_decoder:3.132842e+01 | lora_abs_max=1.203219e-01 | delta_l2=3.018440e+01 | delta_rel=3.267366e+00 | train_loss=8.150332e-03 | test_loss=8.235680e-03 | nmse=-1.783271e+01
I 06.08/07:36:50 solver.py:224 ] 
=! Best NMSE: -1.7833e+01 (epoch=188)

I 06.08/07:36:51 solver.py:159 ] Epoch: [192/200][20/282] lr: 5.27e-05 | MSE loss: 8.2317e-03 | time: 0.022
I 06.08/07:36:51 solver.py:159 ] Epoch: [192/200][40/282] lr: 5.27e-05 | MSE loss: 9.1956e-03 | time: 0.023
I 06.08/07:36:52 solver.py:159 ] Epoch: [192/200][60/282] lr: 5.26e-05 | MSE loss: 8.8341e-03 | time: 0.022
I 06.08/07:36:52 solver.py:159 ] Epoch: [192/200][80/282] lr: 5.26e-05 | MSE loss: 8.9791e-03 | time: 0.022
I 06.08/07:36:53 solver.py:159 ] Epoch: [192/200][100/282] lr: 5.26e-05 | MSE loss: 8.7157e-03 | time: 0.023
I 06.08/07:36:53 solver.py:159 ] Epoch: [192/200][120/282] lr: 5.25e-05 | MSE loss: 8.6076e-03 | time: 0.023
I 06.08/07:36:54 solver.py:159 ] Epoch: [192/200][140/282] lr: 5.25e-05 | MSE loss: 8.5620e-03 | time: 0.023
I 06.08/07:36:54 solver.py:159 ] Epoch: [192/200][160/282] lr: 5.24e-05 | MSE loss: 8.3950e-03 | time: 0.023
I 06.08/07:36:55 solver.py:159 ] Epoch: [192/200][180/282] lr: 5.24e-05 | MSE loss: 8.4013e-03 | time: 0.023
I 06.08/07:36:55 solver.py:159 ] Epoch: [192/200][200/282] lr: 5.24e-05 | MSE loss: 8.6393e-03 | time: 0.022
I 06.08/07:36:55 solver.py:159 ] Epoch: [192/200][220/282] lr: 5.23e-05 | MSE loss: 8.5208e-03 | time: 0.022
I 06.08/07:36:56 solver.py:159 ] Epoch: [192/200][240/282] lr: 5.23e-05 | MSE loss: 8.5140e-03 | time: 0.022
I 06.08/07:36:56 solver.py:159 ] Epoch: [192/200][260/282] lr: 5.22e-05 | MSE loss: 8.3147e-03 | time: 0.022
I 06.08/07:36:57 solver.py:159 ] Epoch: [192/200][280/282] lr: 5.22e-05 | MSE loss: 8.1596e-03 | time: 0.022
I 06.08/07:36:57 solver.py:169 ] => Train  Loss: 8.1453e-03

I 06.08/07:36:57 solver.py:405 ] [20/32] loss: 9.3535e-03 | NMSE: -1.6782e+01 | time: 0.016
I 06.08/07:36:57 solver.py:413 ] => Test NMSE: -1.7833e+01

I 06.08/07:36:57 solver.py:345 ] => LoRA monitor [epoch=192] | trainable=2621440/2621440 | non_lora_trainable=0 | lora_l2=3.132955e+01 | lora_A_l2=1.076950e+01 | lora_B_l2=2.942037e+01 | component_l2=fc_decoder:3.132955e+01 | lora_abs_max=1.200020e-01 | delta_l2=3.018520e+01 | delta_rel=3.267453e+00 | train_loss=8.145274e-03 | test_loss=8.235506e-03 | nmse=-1.783280e+01
I 06.08/07:36:58 solver.py:224 ] 
=! Best NMSE: -1.7833e+01 (epoch=192)

I 06.08/07:36:58 solver.py:159 ] Epoch: [193/200][20/282] lr: 5.22e-05 | MSE loss: 8.5890e-03 | time: 0.024
I 06.08/07:36:58 solver.py:159 ] Epoch: [193/200][40/282] lr: 5.21e-05 | MSE loss: 7.2028e-03 | time: 0.023
I 06.08/07:36:59 solver.py:159 ] Epoch: [193/200][60/282] lr: 5.21e-05 | MSE loss: 7.4988e-03 | time: 0.023
I 06.08/07:36:59 solver.py:159 ] Epoch: [193/200][80/282] lr: 5.20e-05 | MSE loss: 7.7009e-03 | time: 0.023
I 06.08/07:37:00 solver.py:159 ] Epoch: [193/200][100/282] lr: 5.20e-05 | MSE loss: 8.5776e-03 | time: 0.023
I 06.08/07:37:00 solver.py:159 ] Epoch: [193/200][120/282] lr: 5.20e-05 | MSE loss: 8.4894e-03 | time: 0.024
I 06.08/07:37:01 solver.py:159 ] Epoch: [193/200][140/282] lr: 5.19e-05 | MSE loss: 8.3769e-03 | time: 0.027
I 06.08/07:37:02 solver.py:159 ] Epoch: [193/200][160/282] lr: 5.19e-05 | MSE loss: 8.2305e-03 | time: 0.030
I 06.08/07:37:03 solver.py:159 ] Epoch: [193/200][180/282] lr: 5.19e-05 | MSE loss: 8.4154e-03 | time: 0.033
I 06.08/07:37:04 solver.py:159 ] Epoch: [193/200][200/282] lr: 5.18e-05 | MSE loss: 8.4752e-03 | time: 0.034
I 06.08/07:37:05 solver.py:159 ] Epoch: [193/200][220/282] lr: 5.18e-05 | MSE loss: 8.5734e-03 | time: 0.033
I 06.08/07:37:05 solver.py:159 ] Epoch: [193/200][240/282] lr: 5.17e-05 | MSE loss: 8.4254e-03 | time: 0.032
I 06.08/07:37:06 solver.py:159 ] Epoch: [193/200][260/282] lr: 5.17e-05 | MSE loss: 8.3686e-03 | time: 0.032
I 06.08/07:37:06 solver.py:159 ] Epoch: [193/200][280/282] lr: 5.17e-05 | MSE loss: 8.1675e-03 | time: 0.031
I 06.08/07:37:06 solver.py:169 ] => Train  Loss: 8.1359e-03

I 06.08/07:37:07 solver.py:405 ] [20/32] loss: 9.3535e-03 | NMSE: -1.6782e+01 | time: 0.018
I 06.08/07:37:07 solver.py:413 ] => Test NMSE: -1.7833e+01

I 06.08/07:37:07 solver.py:345 ] => LoRA monitor [epoch=193] | trainable=2621440/2621440 | non_lora_trainable=0 | lora_l2=3.132764e+01 | lora_A_l2=1.077389e+01 | lora_B_l2=2.941674e+01 | component_l2=fc_decoder:3.132764e+01 | lora_abs_max=1.201743e-01 | delta_l2=3.018310e+01 | delta_rel=3.267226e+00 | train_loss=8.135896e-03 | test_loss=8.235495e-03 | nmse=-1.783280e+01
I 06.08/07:37:07 solver.py:224 ] 
=! Best NMSE: -1.7833e+01 (epoch=193)

I 06.08/07:37:08 solver.py:159 ] Epoch: [194/200][20/282] lr: 5.16e-05 | MSE loss: 7.2863e-03 | time: 0.027
I 06.08/07:37:08 solver.py:159 ] Epoch: [194/200][40/282] lr: 5.16e-05 | MSE loss: 7.8522e-03 | time: 0.024
I 06.08/07:37:09 solver.py:159 ] Epoch: [194/200][60/282] lr: 5.16e-05 | MSE loss: 7.2159e-03 | time: 0.023
I 06.08/07:37:09 solver.py:159 ] Epoch: [194/200][80/282] lr: 5.15e-05 | MSE loss: 7.0446e-03 | time: 0.023
I 06.08/07:37:09 solver.py:159 ] Epoch: [194/200][100/282] lr: 5.15e-05 | MSE loss: 7.3703e-03 | time: 0.022
I 06.08/07:37:10 solver.py:159 ] Epoch: [194/200][120/282] lr: 5.15e-05 | MSE loss: 7.5430e-03 | time: 0.022
I 06.08/07:37:10 solver.py:159 ] Epoch: [194/200][140/282] lr: 5.14e-05 | MSE loss: 7.8987e-03 | time: 0.022
I 06.08/07:37:11 solver.py:159 ] Epoch: [194/200][160/282] lr: 5.14e-05 | MSE loss: 7.7345e-03 | time: 0.022
I 06.08/07:37:11 solver.py:159 ] Epoch: [194/200][180/282] lr: 5.14e-05 | MSE loss: 7.9105e-03 | time: 0.022
I 06.08/07:37:12 solver.py:159 ] Epoch: [194/200][200/282] lr: 5.14e-05 | MSE loss: 8.0245e-03 | time: 0.022
I 06.08/07:37:12 solver.py:159 ] Epoch: [194/200][220/282] lr: 5.13e-05 | MSE loss: 7.9772e-03 | time: 0.022
I 06.08/07:37:13 solver.py:159 ] Epoch: [194/200][240/282] lr: 5.13e-05 | MSE loss: 8.0082e-03 | time: 0.022
I 06.08/07:37:13 solver.py:159 ] Epoch: [194/200][260/282] lr: 5.13e-05 | MSE loss: 8.2059e-03 | time: 0.022
I 06.08/07:37:13 solver.py:159 ] Epoch: [194/200][280/282] lr: 5.12e-05 | MSE loss: 8.1356e-03 | time: 0.022
I 06.08/07:37:13 solver.py:169 ] => Train  Loss: 8.1441e-03

I 06.08/07:37:14 solver.py:405 ] [20/32] loss: 9.3535e-03 | NMSE: -1.6782e+01 | time: 0.018
I 06.08/07:37:14 solver.py:413 ] => Test NMSE: -1.7833e+01

I 06.08/07:37:14 solver.py:345 ] => LoRA monitor [epoch=194] | trainable=2621440/2621440 | non_lora_trainable=0 | lora_l2=3.132564e+01 | lora_A_l2=1.077948e+01 | lora_B_l2=2.941256e+01 | component_l2=fc_decoder:3.132564e+01 | lora_abs_max=1.199840e-01 | delta_l2=3.018062e+01 | delta_rel=3.266958e+00 | train_loss=8.144114e-03 | test_loss=8.235469e-03 | nmse=-1.783282e+01
I 06.08/07:37:14 solver.py:224 ] 
=! Best NMSE: -1.7833e+01 (epoch=194)

I 06.08/07:37:15 solver.py:159 ] Epoch: [195/200][20/282] lr: 5.12e-05 | MSE loss: 7.9195e-03 | time: 0.024
I 06.08/07:37:15 solver.py:159 ] Epoch: [195/200][40/282] lr: 5.12e-05 | MSE loss: 7.5344e-03 | time: 0.024
I 06.08/07:37:16 solver.py:159 ] Epoch: [195/200][60/282] lr: 5.11e-05 | MSE loss: 8.2870e-03 | time: 0.022
I 06.08/07:37:16 solver.py:159 ] Epoch: [195/200][80/282] lr: 5.11e-05 | MSE loss: 8.5958e-03 | time: 0.022
I 06.08/07:37:16 solver.py:159 ] Epoch: [195/200][100/282] lr: 5.11e-05 | MSE loss: 8.0992e-03 | time: 0.022
I 06.08/07:37:17 solver.py:159 ] Epoch: [195/200][120/282] lr: 5.11e-05 | MSE loss: 8.5127e-03 | time: 0.022
I 06.08/07:37:17 solver.py:159 ] Epoch: [195/200][140/282] lr: 5.10e-05 | MSE loss: 8.9121e-03 | time: 0.022
I 06.08/07:37:18 solver.py:159 ] Epoch: [195/200][160/282] lr: 5.10e-05 | MSE loss: 8.3508e-03 | time: 0.023
I 06.08/07:37:18 solver.py:159 ] Epoch: [195/200][180/282] lr: 5.10e-05 | MSE loss: 8.1378e-03 | time: 0.023
I 06.08/07:37:19 solver.py:159 ] Epoch: [195/200][200/282] lr: 5.10e-05 | MSE loss: 8.2056e-03 | time: 0.022
I 06.08/07:37:19 solver.py:159 ] Epoch: [195/200][220/282] lr: 5.09e-05 | MSE loss: 8.0684e-03 | time: 0.022
I 06.08/07:37:20 solver.py:159 ] Epoch: [195/200][240/282] lr: 5.09e-05 | MSE loss: 8.2215e-03 | time: 0.022
I 06.08/07:37:20 solver.py:159 ] Epoch: [195/200][260/282] lr: 5.09e-05 | MSE loss: 8.2505e-03 | time: 0.022
I 06.08/07:37:20 solver.py:159 ] Epoch: [195/200][280/282] lr: 5.09e-05 | MSE loss: 8.1387e-03 | time: 0.022
I 06.08/07:37:21 solver.py:169 ] => Train  Loss: 8.2312e-03

I 06.08/07:37:21 solver.py:405 ] [20/32] loss: 9.3537e-03 | NMSE: -1.6782e+01 | time: 0.016
I 06.08/07:37:21 solver.py:413 ] => Test NMSE: -1.7833e+01

I 06.08/07:37:21 solver.py:345 ] => LoRA monitor [epoch=195] | trainable=2621440/2621440 | non_lora_trainable=0 | lora_l2=3.132645e+01 | lora_A_l2=1.078413e+01 | lora_B_l2=2.941171e+01 | component_l2=fc_decoder:3.132645e+01 | lora_abs_max=1.201581e-01 | delta_l2=3.018116e+01 | delta_rel=3.267016e+00 | train_loss=8.231235e-03 | test_loss=8.235528e-03 | nmse=-1.783279e+01
I 06.08/07:37:21 solver.py:224 ] 
=! Best NMSE: -1.7833e+01 (epoch=194)

I 06.08/07:37:21 solver.py:159 ] Epoch: [196/200][20/282] lr: 5.08e-05 | MSE loss: 8.7630e-03 | time: 0.021
I 06.08/07:37:22 solver.py:159 ] Epoch: [196/200][40/282] lr: 5.08e-05 | MSE loss: 9.0165e-03 | time: 0.022
I 06.08/07:37:22 solver.py:159 ] Epoch: [196/200][60/282] lr: 5.08e-05 | MSE loss: 8.5459e-03 | time: 0.021
I 06.08/07:37:23 solver.py:159 ] Epoch: [196/200][80/282] lr: 5.08e-05 | MSE loss: 8.8992e-03 | time: 0.021
I 06.08/07:37:23 solver.py:159 ] Epoch: [196/200][100/282] lr: 5.07e-05 | MSE loss: 8.7926e-03 | time: 0.021
I 06.08/07:37:24 solver.py:159 ] Epoch: [196/200][120/282] lr: 5.07e-05 | MSE loss: 8.6592e-03 | time: 0.021
I 06.08/07:37:24 solver.py:159 ] Epoch: [196/200][140/282] lr: 5.07e-05 | MSE loss: 8.6392e-03 | time: 0.022
I 06.08/07:37:25 solver.py:159 ] Epoch: [196/200][160/282] lr: 5.07e-05 | MSE loss: 8.4583e-03 | time: 0.022
I 06.08/07:37:25 solver.py:159 ] Epoch: [196/200][180/282] lr: 5.07e-05 | MSE loss: 8.5405e-03 | time: 0.021
I 06.08/07:37:25 solver.py:159 ] Epoch: [196/200][200/282] lr: 5.06e-05 | MSE loss: 8.5216e-03 | time: 0.021
I 06.08/07:37:26 solver.py:159 ] Epoch: [196/200][220/282] lr: 5.06e-05 | MSE loss: 8.3941e-03 | time: 0.022
I 06.08/07:37:26 solver.py:159 ] Epoch: [196/200][240/282] lr: 5.06e-05 | MSE loss: 8.3119e-03 | time: 0.022
I 06.08/07:37:27 solver.py:159 ] Epoch: [196/200][260/282] lr: 5.06e-05 | MSE loss: 8.2395e-03 | time: 0.022
I 06.08/07:37:27 solver.py:159 ] Epoch: [196/200][280/282] lr: 5.06e-05 | MSE loss: 8.1472e-03 | time: 0.022
I 06.08/07:37:27 solver.py:169 ] => Train  Loss: 8.1861e-03

I 06.08/07:37:28 solver.py:405 ] [20/32] loss: 9.3533e-03 | NMSE: -1.6782e+01 | time: 0.020
I 06.08/07:37:28 solver.py:413 ] => Test NMSE: -1.7833e+01

I 06.08/07:37:28 solver.py:345 ] => LoRA monitor [epoch=196] | trainable=2621440/2621440 | non_lora_trainable=0 | lora_l2=3.132779e+01 | lora_A_l2=1.078940e+01 | lora_B_l2=2.941121e+01 | component_l2=fc_decoder:3.132779e+01 | lora_abs_max=1.198178e-01 | delta_l2=3.018238e+01 | delta_rel=3.267148e+00 | train_loss=8.186135e-03 | test_loss=8.235247e-03 | nmse=-1.783293e+01
I 06.08/07:37:28 solver.py:224 ] 
=! Best NMSE: -1.7833e+01 (epoch=196)

I 06.08/07:37:29 solver.py:159 ] Epoch: [197/200][20/282] lr: 5.05e-05 | MSE loss: 8.1476e-03 | time: 0.023
I 06.08/07:37:29 solver.py:159 ] Epoch: [197/200][40/282] lr: 5.05e-05 | MSE loss: 8.8371e-03 | time: 0.023
I 06.08/07:37:29 solver.py:159 ] Epoch: [197/200][60/282] lr: 5.05e-05 | MSE loss: 9.0499e-03 | time: 0.023
I 06.08/07:37:30 solver.py:159 ] Epoch: [197/200][80/282] lr: 5.05e-05 | MSE loss: 8.5476e-03 | time: 0.023
I 06.08/07:37:30 solver.py:159 ] Epoch: [197/200][100/282] lr: 5.05e-05 | MSE loss: 8.2793e-03 | time: 0.023
I 06.08/07:37:31 solver.py:159 ] Epoch: [197/200][120/282] lr: 5.04e-05 | MSE loss: 7.9871e-03 | time: 0.023
I 06.08/07:37:31 solver.py:159 ] Epoch: [197/200][140/282] lr: 5.04e-05 | MSE loss: 7.6859e-03 | time: 0.022
I 06.08/07:37:32 solver.py:159 ] Epoch: [197/200][160/282] lr: 5.04e-05 | MSE loss: 8.0032e-03 | time: 0.022
I 06.08/07:37:32 solver.py:159 ] Epoch: [197/200][180/282] lr: 5.04e-05 | MSE loss: 7.7811e-03 | time: 0.022
I 06.08/07:37:33 solver.py:159 ] Epoch: [197/200][200/282] lr: 5.04e-05 | MSE loss: 7.9921e-03 | time: 0.022
I 06.08/07:37:33 solver.py:159 ] Epoch: [197/200][220/282] lr: 5.04e-05 | MSE loss: 7.9502e-03 | time: 0.022
I 06.08/07:37:33 solver.py:159 ] Epoch: [197/200][240/282] lr: 5.03e-05 | MSE loss: 8.0649e-03 | time: 0.022
I 06.08/07:37:34 solver.py:159 ] Epoch: [197/200][260/282] lr: 5.03e-05 | MSE loss: 8.1272e-03 | time: 0.022
I 06.08/07:37:34 solver.py:159 ] Epoch: [197/200][280/282] lr: 5.03e-05 | MSE loss: 8.1704e-03 | time: 0.022
I 06.08/07:37:34 solver.py:169 ] => Train  Loss: 8.1287e-03

I 06.08/07:37:35 solver.py:405 ] [20/32] loss: 9.3535e-03 | NMSE: -1.6782e+01 | time: 0.014
I 06.08/07:37:35 solver.py:413 ] => Test NMSE: -1.7833e+01

I 06.08/07:37:35 solver.py:345 ] => LoRA monitor [epoch=197] | trainable=2621440/2621440 | non_lora_trainable=0 | lora_l2=3.132849e+01 | lora_A_l2=1.079449e+01 | lora_B_l2=2.941009e+01 | component_l2=fc_decoder:3.132849e+01 | lora_abs_max=1.201327e-01 | delta_l2=3.018276e+01 | delta_rel=3.267189e+00 | train_loss=8.128712e-03 | test_loss=8.235398e-03 | nmse=-1.783285e+01
I 06.08/07:37:35 solver.py:224 ] 
=! Best NMSE: -1.7833e+01 (epoch=196)

I 06.08/07:37:35 solver.py:159 ] Epoch: [198/200][20/282] lr: 5.03e-05 | MSE loss: 8.1677e-03 | time: 0.023
I 06.08/07:37:36 solver.py:159 ] Epoch: [198/200][40/282] lr: 5.03e-05 | MSE loss: 7.9905e-03 | time: 0.023
I 06.08/07:37:36 solver.py:159 ] Epoch: [198/200][60/282] lr: 5.03e-05 | MSE loss: 7.7019e-03 | time: 0.022
I 06.08/07:37:37 solver.py:159 ] Epoch: [198/200][80/282] lr: 5.03e-05 | MSE loss: 7.9768e-03 | time: 0.022
I 06.08/07:37:37 solver.py:159 ] Epoch: [198/200][100/282] lr: 5.02e-05 | MSE loss: 7.7560e-03 | time: 0.022
I 06.08/07:37:38 solver.py:159 ] Epoch: [198/200][120/282] lr: 5.02e-05 | MSE loss: 7.6961e-03 | time: 0.023
I 06.08/07:37:38 solver.py:159 ] Epoch: [198/200][140/282] lr: 5.02e-05 | MSE loss: 7.8011e-03 | time: 0.023
I 06.08/07:37:38 solver.py:159 ] Epoch: [198/200][160/282] lr: 5.02e-05 | MSE loss: 7.9687e-03 | time: 0.023
I 06.08/07:37:39 solver.py:159 ] Epoch: [198/200][180/282] lr: 5.02e-05 | MSE loss: 8.0394e-03 | time: 0.022
I 06.08/07:37:39 solver.py:159 ] Epoch: [198/200][200/282] lr: 5.02e-05 | MSE loss: 8.0253e-03 | time: 0.022
I 06.08/07:37:40 solver.py:159 ] Epoch: [198/200][220/282] lr: 5.02e-05 | MSE loss: 8.1981e-03 | time: 0.022
I 06.08/07:37:40 solver.py:159 ] Epoch: [198/200][240/282] lr: 5.02e-05 | MSE loss: 8.1122e-03 | time: 0.022
I 06.08/07:37:41 solver.py:159 ] Epoch: [198/200][260/282] lr: 5.01e-05 | MSE loss: 8.2033e-03 | time: 0.022
I 06.08/07:37:41 solver.py:159 ] Epoch: [198/200][280/282] lr: 5.01e-05 | MSE loss: 8.1434e-03 | time: 0.022
I 06.08/07:37:41 solver.py:169 ] => Train  Loss: 8.1324e-03

I 06.08/07:37:42 solver.py:405 ] [20/32] loss: 9.3536e-03 | NMSE: -1.6782e+01 | time: 0.018
I 06.08/07:37:42 solver.py:413 ] => Test NMSE: -1.7833e+01

I 06.08/07:37:42 solver.py:345 ] => LoRA monitor [epoch=198] | trainable=2621440/2621440 | non_lora_trainable=0 | lora_l2=3.132796e+01 | lora_A_l2=1.079921e+01 | lora_B_l2=2.940779e+01 | component_l2=fc_decoder:3.132796e+01 | lora_abs_max=1.203406e-01 | delta_l2=3.018182e+01 | delta_rel=3.267087e+00 | train_loss=8.132368e-03 | test_loss=8.235462e-03 | nmse=-1.783282e+01
I 06.08/07:37:42 solver.py:224 ] 
=! Best NMSE: -1.7833e+01 (epoch=196)

I 06.08/07:37:42 solver.py:159 ] Epoch: [199/200][20/282] lr: 5.01e-05 | MSE loss: 1.0875e-02 | time: 0.023
I 06.08/07:37:43 solver.py:159 ] Epoch: [199/200][40/282] lr: 5.01e-05 | MSE loss: 1.0392e-02 | time: 0.023
I 06.08/07:37:43 solver.py:159 ] Epoch: [199/200][60/282] lr: 5.01e-05 | MSE loss: 9.6591e-03 | time: 0.023
I 06.08/07:37:44 solver.py:159 ] Epoch: [199/200][80/282] lr: 5.01e-05 | MSE loss: 8.9766e-03 | time: 0.023
I 06.08/07:37:44 solver.py:159 ] Epoch: [199/200][100/282] lr: 5.01e-05 | MSE loss: 8.7831e-03 | time: 0.023
I 06.08/07:37:45 solver.py:159 ] Epoch: [199/200][120/282] lr: 5.01e-05 | MSE loss: 8.4137e-03 | time: 0.023
I 06.08/07:37:45 solver.py:159 ] Epoch: [199/200][140/282] lr: 5.01e-05 | MSE loss: 8.3365e-03 | time: 0.023
I 06.08/07:37:45 solver.py:159 ] Epoch: [199/200][160/282] lr: 5.01e-05 | MSE loss: 8.4045e-03 | time: 0.023
I 06.08/07:37:46 solver.py:159 ] Epoch: [199/200][180/282] lr: 5.01e-05 | MSE loss: 8.4110e-03 | time: 0.023
I 06.08/07:37:46 solver.py:159 ] Epoch: [199/200][200/282] lr: 5.01e-05 | MSE loss: 8.3246e-03 | time: 0.023
I 06.08/07:37:47 solver.py:159 ] Epoch: [199/200][220/282] lr: 5.01e-05 | MSE loss: 8.2161e-03 | time: 0.023
I 06.08/07:37:47 solver.py:159 ] Epoch: [199/200][240/282] lr: 5.00e-05 | MSE loss: 8.1327e-03 | time: 0.023
I 06.08/07:37:48 solver.py:159 ] Epoch: [199/200][260/282] lr: 5.00e-05 | MSE loss: 8.1630e-03 | time: 0.023
I 06.08/07:37:48 solver.py:159 ] Epoch: [199/200][280/282] lr: 5.00e-05 | MSE loss: 8.1628e-03 | time: 0.023
I 06.08/07:37:48 solver.py:169 ] => Train  Loss: 8.1316e-03

I 06.08/07:37:48 solver.py:405 ] [20/32] loss: 9.3536e-03 | NMSE: -1.6782e+01 | time: 0.019
I 06.08/07:37:49 solver.py:413 ] => Test NMSE: -1.7833e+01

I 06.08/07:37:49 solver.py:345 ] => LoRA monitor [epoch=199] | trainable=2621440/2621440 | non_lora_trainable=0 | lora_l2=3.132947e+01 | lora_A_l2=1.080471e+01 | lora_B_l2=2.940738e+01 | component_l2=fc_decoder:3.132947e+01 | lora_abs_max=1.200936e-01 | delta_l2=3.018305e+01 | delta_rel=3.267220e+00 | train_loss=8.131593e-03 | test_loss=8.235422e-03 | nmse=-1.783284e+01
I 06.08/07:37:49 solver.py:224 ] 
=! Best NMSE: -1.7833e+01 (epoch=196)

I 06.08/07:37:49 solver.py:159 ] Epoch: [200/200][20/282] lr: 5.00e-05 | MSE loss: 7.1600e-03 | time: 0.026
I 06.08/07:37:50 solver.py:159 ] Epoch: [200/200][40/282] lr: 5.00e-05 | MSE loss: 8.0386e-03 | time: 0.024
I 06.08/07:37:50 solver.py:159 ] Epoch: [200/200][60/282] lr: 5.00e-05 | MSE loss: 8.1427e-03 | time: 0.024
I 06.08/07:37:51 solver.py:159 ] Epoch: [200/200][80/282] lr: 5.00e-05 | MSE loss: 8.1869e-03 | time: 0.024
I 06.08/07:37:51 solver.py:159 ] Epoch: [200/200][100/282] lr: 5.00e-05 | MSE loss: 8.4717e-03 | time: 0.023
I 06.08/07:37:51 solver.py:159 ] Epoch: [200/200][120/282] lr: 5.00e-05 | MSE loss: 8.2792e-03 | time: 0.023
I 06.08/07:37:52 solver.py:159 ] Epoch: [200/200][140/282] lr: 5.00e-05 | MSE loss: 8.2198e-03 | time: 0.023
I 06.08/07:37:52 solver.py:159 ] Epoch: [200/200][160/282] lr: 5.00e-05 | MSE loss: 8.1342e-03 | time: 0.023
I 06.08/07:37:53 solver.py:159 ] Epoch: [200/200][180/282] lr: 5.00e-05 | MSE loss: 8.4381e-03 | time: 0.023
I 06.08/07:37:53 solver.py:159 ] Epoch: [200/200][200/282] lr: 5.00e-05 | MSE loss: 8.3950e-03 | time: 0.022
I 06.08/07:37:54 solver.py:159 ] Epoch: [200/200][220/282] lr: 5.00e-05 | MSE loss: 8.2084e-03 | time: 0.023
I 06.08/07:37:54 solver.py:159 ] Epoch: [200/200][240/282] lr: 5.00e-05 | MSE loss: 8.2140e-03 | time: 0.022
I 06.08/07:37:54 solver.py:159 ] Epoch: [200/200][260/282] lr: 5.00e-05 | MSE loss: 8.0331e-03 | time: 0.022
I 06.08/07:37:55 solver.py:159 ] Epoch: [200/200][280/282] lr: 5.00e-05 | MSE loss: 8.1682e-03 | time: 0.022
I 06.08/07:37:55 solver.py:169 ] => Train  Loss: 8.1326e-03

I 06.08/07:37:55 solver.py:159 ] Epoch: [200/200][20/32] lr: 5.00e-05 | MSE loss: 9.3534e-03 | time: 0.019
I 06.08/07:37:56 solver.py:169 ] => Val  Loss: 8.0507e-03

I 06.08/07:37:56 solver.py:405 ] [20/32] loss: 9.3534e-03 | NMSE: -1.6782e+01 | time: 0.018
I 06.08/07:37:56 solver.py:413 ] => Test NMSE: -1.7833e+01

I 06.08/07:37:56 solver.py:345 ] => LoRA monitor [epoch=200] | trainable=2621440/2621440 | non_lora_trainable=0 | lora_l2=3.133132e+01 | lora_A_l2=1.080992e+01 | lora_B_l2=2.940743e+01 | component_l2=fc_decoder:3.133132e+01 | lora_abs_max=1.204507e-01 | delta_l2=3.018470e+01 | delta_rel=3.267399e+00 | train_loss=8.132636e-03 | val_loss=8.050727e-03 | test_loss=8.235330e-03 | nmse=-1.783289e+01
I 06.08/07:37:56 solver.py:224 ] 
=! Best NMSE: -1.7833e+01 (epoch=196)

I 06.08/07:38:09 solver.py:247 ] => Saved encoder outputs to /home/hujiacong/zxd/Huawei/TransNet/exps/WAIRD/seed797/scenario_2/06401_fc_decoder_256_512_torch_independent/encoder_output.pth
I 06.08/07:38:10 solver.py:405 ] [20/32] loss: 9.3534e-03 | NMSE: -1.6782e+01 | time: 0.019
I 06.08/07:38:10 solver.py:413 ] => Test NMSE: -1.7833e+01

I 06.08/07:38:10 solver.py:370 ] 
=> Test result: 
loss: 8.2353e-03    NMSE: -1.7833e+01

I 06.08/07:38:10 main.py:110 ] 
=! Final test loss: 8.2353e-03
         test NMSE: -1.7833e+01

