I 06.07/21:55:42 main.py:23  ] => Experiment directory: /home/hujiacong/zxd/Huawei/TransNet/exps/WAIRD/seed797/scenario_2/01105_encoder_ffn_8_64_torch_shared
I 06.07/21:55:42 main.py:24  ] => PyTorch Version: 2.5.1
I 06.07/21:55:42 main.py:26  ] ==================================================
I 06.07/21:55:42 main.py:30  ] => Arguments:
	train_path: data/scenario_2/01105/train.pt
	val_path: data/scenario_2/01105/test.pt
	test_path: data/scenario_2/01105/test.pt
	batch_size: 32
	workers: 0
	evaluate: False
	pretrained: exps/WAIRD/seed797/base/torch_shared/checkpoints/best_nmse.pth
	resume: None
	seed: 797
	gpu: 0
	cpu: False
	cpu_affinity: None
	epochs: 200
	cr: 4
	exp_name: WAIRD/seed797/scenario_2/01105_encoder_ffn_8_64_torch_shared
	channel: 2
	nt: 64
	nc: 64
	d_model: 64
	dim_feedforward: 2048
	layer_sharing: shared
	transformer_backend: torch
	scheduler: cosine
	lr_init: 0.0005
	weight_decay: 0.0
	freeze_components: []
	lora_component: ['encoder_ffn']
	lora_pretrained: None
	lora_rank: 8
	lora_alpha: 64
I 06.07/21:55:42 main.py:31  ] ==================================================
I 06.07/21:55:42 init.py:17  ] Random seed set to 797
I 06.07/21:55:42 init.py:220 ] Running on GPU 0
I 06.07/21:55:43 dataloader.py:69  ] data/scenario_2/01105/train.pt loaded.
I 06.07/21:55:43 dataloader.py:74  ] data/scenario_2/01105/test.pt loaded.
I 06.07/21:55:43 dataloader.py:79  ] data/scenario_2/01105/test.pt loaded.
I 06.07/21:55:44 init.py:259 ] pretrained model loaded from exps/WAIRD/seed797/base/torch_shared/checkpoints/best_nmse.pth
I 06.07/21:55:44 init.py:179 ] => LoRA enabled on components: encoder_ffn; target_modules=['encoder.layer.linear1', 'encoder.layer.linear2']; (rank=8, alpha=64); 33792/34177792 scalar params trainable
I 06.07/21:55:44 init.py:288 ] => Model Name: TransNet [pretrained: exps/WAIRD/seed797/base/torch_shared/checkpoints/best_nmse.pth]
I 06.07/21:55:44 init.py:289 ] => Model Config: compression ratio=1/4; input shape=(2, 64, 64); input dim=8192; layer sharing=shared; transformer backend=torch
I 06.07/21:55:44 init.py:294 ] => Model Flops: 1.7682e+02M
I 06.07/21:55:44 init.py:295 ] => Model Params Num: 3.4128e+01M

I 06.07/21:55:44 init.py:296 ] 
==================================================
Transformer(
  (encoder): SharedTransformerEncoder(
    (layer): TransformerEncoderLayer(
      (self_attn): MultiheadAttention(
        (out_proj): NonDynamicallyQuantizableLinear(in_features=64, out_features=64, bias=True)
      )
      (linear1): LoRALinear(
        (base_layer): Linear(in_features=64, out_features=2048, bias=True)
        (lora_A): Linear(in_features=64, out_features=8, bias=False)
        (lora_B): Linear(in_features=8, out_features=2048, bias=False)
      )
      (dropout): Dropout(p=0.0, inplace=False)
      (linear2): LoRALinear(
        (base_layer): Linear(in_features=2048, out_features=64, bias=True)
        (lora_A): Linear(in_features=2048, out_features=8, bias=False)
        (lora_B): Linear(in_features=8, out_features=64, bias=False)
      )
      (norm1): LayerNorm((64,), eps=1e-05, elementwise_affine=True)
      (norm2): LayerNorm((64,), eps=1e-05, elementwise_affine=True)
      (dropout1): Dropout(p=0.0, inplace=False)
      (dropout2): Dropout(p=0.0, inplace=False)
    )
    (norm): LayerNorm((64,), eps=1e-05, elementwise_affine=True)
  )
  (decoder): SharedTransformerDecoder(
    (layer): TransformerDecoderLayer(
      (self_attn): MultiheadAttention(
        (out_proj): NonDynamicallyQuantizableLinear(in_features=64, out_features=64, bias=True)
      )
      (multihead_attn): MultiheadAttention(
        (out_proj): NonDynamicallyQuantizableLinear(in_features=64, out_features=64, bias=True)
      )
      (linear1): Linear(in_features=64, out_features=2048, bias=True)
      (dropout): Dropout(p=0.0, inplace=False)
      (linear2): Linear(in_features=2048, out_features=64, bias=True)
      (norm1): LayerNorm((64,), eps=1e-05, elementwise_affine=True)
      (norm2): LayerNorm((64,), eps=1e-05, elementwise_affine=True)
      (norm3): LayerNorm((64,), eps=1e-05, elementwise_affine=True)
      (dropout1): Dropout(p=0.0, inplace=False)
      (dropout2): Dropout(p=0.0, inplace=False)
      (dropout3): Dropout(p=0.0, inplace=False)
    )
    (norm): LayerNorm((64,), eps=1e-05, elementwise_affine=True)
  )
  (fc_encoder): Linear(in_features=8192, out_features=2048, bias=True)
  (fc_decoder): Linear(in_features=2048, out_features=8192, bias=True)
)
==================================================

I 06.07/21:55:44 init.py:200 ] 
encoder.layer.self_attn.in_proj_weight                            False    (192, 64)
encoder.layer.self_attn.in_proj_bias                              False    (192,)
encoder.layer.self_attn.out_proj.weight                           False    (64, 64)
encoder.layer.self_attn.out_proj.bias                             False    (64,)
encoder.layer.linear1.base_layer.weight                           False    (2048, 64)
encoder.layer.linear1.base_layer.bias                             False    (2048,)
encoder.layer.linear1.lora_A.weight                               True     (8, 64)
encoder.layer.linear1.lora_B.weight                               True     (2048, 8)
encoder.layer.linear2.base_layer.weight                           False    (64, 2048)
encoder.layer.linear2.base_layer.bias                             False    (64,)
encoder.layer.linear2.lora_A.weight                               True     (8, 2048)
encoder.layer.linear2.lora_B.weight                               True     (64, 8)
encoder.layer.norm1.weight                                        False    (64,)
encoder.layer.norm1.bias                                          False    (64,)
encoder.layer.norm2.weight                                        False    (64,)
encoder.layer.norm2.bias                                          False    (64,)
encoder.norm.weight                                               False    (64,)
encoder.norm.bias                                                 False    (64,)
decoder.layer.self_attn.in_proj_weight                            False    (192, 64)
decoder.layer.self_attn.in_proj_bias                              False    (192,)
decoder.layer.self_attn.out_proj.weight                           False    (64, 64)
decoder.layer.self_attn.out_proj.bias                             False    (64,)
decoder.layer.multihead_attn.in_proj_weight                       False    (192, 64)
decoder.layer.multihead_attn.in_proj_bias                         False    (192,)
decoder.layer.multihead_attn.out_proj.weight                      False    (64, 64)
decoder.layer.multihead_attn.out_proj.bias                        False    (64,)
decoder.layer.linear1.weight                                      False    (2048, 64)
decoder.layer.linear1.bias                                        False    (2048,)
decoder.layer.linear2.weight                                      False    (64, 2048)
decoder.layer.linear2.bias                                        False    (64,)
decoder.layer.norm1.weight                                        False    (64,)
decoder.layer.norm1.bias                                          False    (64,)
decoder.layer.norm2.weight                                        False    (64,)
decoder.layer.norm2.bias                                          False    (64,)
decoder.layer.norm3.weight                                        False    (64,)
decoder.layer.norm3.bias                                          False    (64,)
decoder.norm.weight                                               False    (64,)
decoder.norm.bias                                                 False    (64,)
fc_encoder.weight                                                 False    (2048, 8192)
fc_encoder.bias                                                   False    (2048,)
fc_decoder.weight                                                 False    (8192, 2048)
fc_decoder.bias                                                   False    (8192,)
==================================================
I 06.07/21:55:45 solver.py:405 ] [20/32] loss: 8.3896e-03 | NMSE: -1.7377e+01 | time: 0.022
I 06.07/21:55:45 solver.py:413 ] => Test NMSE: -1.8190e+01

I 06.07/21:55:46 solver.py:345 ] => LoRA monitor [before_train] | trainable=33792/33792 | non_lora_trainable=0 | lora_l2=2.318234e+00 | lora_A_l2=2.318234e+00 | lora_B_l2=0.000000e+00 | component_l2=encoder:2.318234e+00 | lora_abs_max=1.247471e-01 | delta_l2=0.000000e+00 | delta_rel=0.000000e+00 | test_loss=7.585587e-03 | nmse=-1.818981e+01
I 06.07/21:55:46 solver.py:159 ] Epoch: [1/200][20/282] lr: 1.77e-06 | MSE loss: 8.5300e-03 | time: 0.024
I 06.07/21:55:46 solver.py:159 ] Epoch: [1/200][40/282] lr: 3.55e-06 | MSE loss: 7.6090e-03 | time: 0.024
I 06.07/21:55:47 solver.py:159 ] Epoch: [1/200][60/282] lr: 5.32e-06 | MSE loss: 7.7458e-03 | time: 0.025
I 06.07/21:55:48 solver.py:159 ] Epoch: [1/200][80/282] lr: 7.09e-06 | MSE loss: 7.7273e-03 | time: 0.025
I 06.07/21:55:48 solver.py:159 ] Epoch: [1/200][100/282] lr: 8.87e-06 | MSE loss: 7.5265e-03 | time: 0.025
I 06.07/21:55:49 solver.py:159 ] Epoch: [1/200][120/282] lr: 1.06e-05 | MSE loss: 7.2649e-03 | time: 0.025
I 06.07/21:55:49 solver.py:159 ] Epoch: [1/200][140/282] lr: 1.24e-05 | MSE loss: 7.2776e-03 | time: 0.025
I 06.07/21:55:50 solver.py:159 ] Epoch: [1/200][160/282] lr: 1.42e-05 | MSE loss: 7.4643e-03 | time: 0.025
I 06.07/21:55:50 solver.py:159 ] Epoch: [1/200][180/282] lr: 1.60e-05 | MSE loss: 7.4931e-03 | time: 0.025
I 06.07/21:55:50 solver.py:159 ] Epoch: [1/200][200/282] lr: 1.77e-05 | MSE loss: 7.5174e-03 | time: 0.025
I 06.07/21:55:51 solver.py:159 ] Epoch: [1/200][220/282] lr: 1.95e-05 | MSE loss: 7.4826e-03 | time: 0.025
I 06.07/21:55:51 solver.py:159 ] Epoch: [1/200][240/282] lr: 2.13e-05 | MSE loss: 7.4269e-03 | time: 0.025
I 06.07/21:55:52 solver.py:159 ] Epoch: [1/200][260/282] lr: 2.30e-05 | MSE loss: 7.3731e-03 | time: 0.025
I 06.07/21:55:52 solver.py:159 ] Epoch: [1/200][280/282] lr: 2.48e-05 | MSE loss: 7.2326e-03 | time: 0.025
I 06.07/21:55:52 solver.py:169 ] => Train  Loss: 7.2659e-03

I 06.07/21:55:53 solver.py:405 ] [20/32] loss: 8.0342e-03 | NMSE: -1.7573e+01 | time: 0.016
I 06.07/21:55:53 solver.py:413 ] => Test NMSE: -1.8412e+01

I 06.07/21:55:53 solver.py:345 ] => LoRA monitor [epoch=1] | trainable=33792/33792 | non_lora_trainable=0 | lora_l2=2.366986e+00 | lora_A_l2=2.364450e+00 | lora_B_l2=1.095435e-01 | component_l2=encoder:2.366986e+00 | lora_abs_max=1.285106e-01 | delta_l2=4.035088e-01 | delta_rel=1.740587e-01 | train_loss=7.265870e-03 | test_loss=7.207808e-03 | nmse=-1.841167e+01
I 06.07/21:55:53 solver.py:224 ] 
=! Best NMSE: -1.8412e+01 (epoch=1)

I 06.07/21:55:54 solver.py:159 ] Epoch: [2/200][20/282] lr: 2.68e-05 | MSE loss: 6.4844e-03 | time: 0.029
I 06.07/21:55:54 solver.py:159 ] Epoch: [2/200][40/282] lr: 2.85e-05 | MSE loss: 6.6022e-03 | time: 0.028
I 06.07/21:55:55 solver.py:159 ] Epoch: [2/200][60/282] lr: 3.03e-05 | MSE loss: 6.6622e-03 | time: 0.027
I 06.07/21:55:55 solver.py:159 ] Epoch: [2/200][80/282] lr: 3.21e-05 | MSE loss: 6.7044e-03 | time: 0.026
I 06.07/21:55:56 solver.py:159 ] Epoch: [2/200][100/282] lr: 3.39e-05 | MSE loss: 6.8357e-03 | time: 0.026
I 06.07/21:55:56 solver.py:159 ] Epoch: [2/200][120/282] lr: 3.56e-05 | MSE loss: 7.0875e-03 | time: 0.026
I 06.07/21:55:57 solver.py:159 ] Epoch: [2/200][140/282] lr: 3.74e-05 | MSE loss: 7.1097e-03 | time: 0.026
I 06.07/21:55:57 solver.py:159 ] Epoch: [2/200][160/282] lr: 3.92e-05 | MSE loss: 7.2102e-03 | time: 0.026
I 06.07/21:55:58 solver.py:159 ] Epoch: [2/200][180/282] lr: 4.10e-05 | MSE loss: 7.0571e-03 | time: 0.025
I 06.07/21:55:58 solver.py:159 ] Epoch: [2/200][200/282] lr: 4.27e-05 | MSE loss: 7.0220e-03 | time: 0.025
I 06.07/21:55:59 solver.py:159 ] Epoch: [2/200][220/282] lr: 4.45e-05 | MSE loss: 6.8867e-03 | time: 0.025
I 06.07/21:55:59 solver.py:159 ] Epoch: [2/200][240/282] lr: 4.63e-05 | MSE loss: 6.8817e-03 | time: 0.025
I 06.07/21:56:00 solver.py:159 ] Epoch: [2/200][260/282] lr: 4.80e-05 | MSE loss: 6.9247e-03 | time: 0.025
I 06.07/21:56:00 solver.py:159 ] Epoch: [2/200][280/282] lr: 4.98e-05 | MSE loss: 6.8180e-03 | time: 0.026
I 06.07/21:56:00 solver.py:169 ] => Train  Loss: 6.7888e-03

I 06.07/21:56:01 solver.py:405 ] [20/32] loss: 7.7710e-03 | NMSE: -1.7714e+01 | time: 0.038
I 06.07/21:56:02 solver.py:413 ] => Test NMSE: -1.8575e+01

I 06.07/21:56:02 solver.py:345 ] => LoRA monitor [epoch=2] | trainable=33792/33792 | non_lora_trainable=0 | lora_l2=2.548219e+00 | lora_A_l2=2.536420e+00 | lora_B_l2=2.449355e-01 | component_l2=encoder:2.548219e+00 | lora_abs_max=1.353192e-01 | delta_l2=9.703088e-01 | delta_rel=4.185551e-01 | train_loss=6.788843e-03 | test_loss=6.942486e-03 | nmse=-1.857455e+01
I 06.07/21:56:02 solver.py:224 ] 
=! Best NMSE: -1.8575e+01 (epoch=2)

I 06.07/21:56:04 solver.py:159 ] Epoch: [3/200][20/282] lr: 5.18e-05 | MSE loss: 6.0601e-03 | time: 0.071
I 06.07/21:56:05 solver.py:159 ] Epoch: [3/200][40/282] lr: 5.35e-05 | MSE loss: 6.2865e-03 | time: 0.058
I 06.07/21:56:05 solver.py:159 ] Epoch: [3/200][60/282] lr: 5.53e-05 | MSE loss: 6.5677e-03 | time: 0.048
I 06.07/21:56:06 solver.py:159 ] Epoch: [3/200][80/282] lr: 5.71e-05 | MSE loss: 6.6162e-03 | time: 0.042
I 06.07/21:56:06 solver.py:159 ] Epoch: [3/200][100/282] lr: 5.89e-05 | MSE loss: 6.7776e-03 | time: 0.038
I 06.07/21:56:07 solver.py:159 ] Epoch: [3/200][120/282] lr: 6.06e-05 | MSE loss: 6.8802e-03 | time: 0.036
I 06.07/21:56:07 solver.py:159 ] Epoch: [3/200][140/282] lr: 6.24e-05 | MSE loss: 6.6721e-03 | time: 0.034
I 06.07/21:56:08 solver.py:159 ] Epoch: [3/200][160/282] lr: 6.42e-05 | MSE loss: 6.7635e-03 | time: 0.033
I 06.07/21:56:08 solver.py:159 ] Epoch: [3/200][180/282] lr: 6.60e-05 | MSE loss: 6.7798e-03 | time: 0.032
I 06.07/21:56:09 solver.py:159 ] Epoch: [3/200][200/282] lr: 6.77e-05 | MSE loss: 6.7049e-03 | time: 0.032
I 06.07/21:56:09 solver.py:159 ] Epoch: [3/200][220/282] lr: 6.95e-05 | MSE loss: 6.7819e-03 | time: 0.031
I 06.07/21:56:10 solver.py:159 ] Epoch: [3/200][240/282] lr: 7.13e-05 | MSE loss: 6.7964e-03 | time: 0.031
I 06.07/21:56:10 solver.py:159 ] Epoch: [3/200][260/282] lr: 7.30e-05 | MSE loss: 6.6878e-03 | time: 0.030
I 06.07/21:56:11 solver.py:159 ] Epoch: [3/200][280/282] lr: 7.48e-05 | MSE loss: 6.5953e-03 | time: 0.030
I 06.07/21:56:11 solver.py:169 ] => Train  Loss: 6.6257e-03

I 06.07/21:56:11 solver.py:405 ] [20/32] loss: 7.6596e-03 | NMSE: -1.7772e+01 | time: 0.018
I 06.07/21:56:11 solver.py:413 ] => Test NMSE: -1.8647e+01

I 06.07/21:56:11 solver.py:345 ] => LoRA monitor [epoch=3] | trainable=33792/33792 | non_lora_trainable=0 | lora_l2=2.732101e+00 | lora_A_l2=2.709050e+00 | lora_B_l2=3.541504e-01 | component_l2=encoder:2.732101e+00 | lora_abs_max=1.416482e-01 | delta_l2=1.351023e+00 | delta_rel=5.827811e-01 | train_loss=6.625710e-03 | test_loss=6.827424e-03 | nmse=-1.864713e+01
I 06.07/21:56:11 solver.py:224 ] 
=! Best NMSE: -1.8647e+01 (epoch=3)

I 06.07/21:56:12 solver.py:159 ] Epoch: [4/200][20/282] lr: 7.68e-05 | MSE loss: 6.9179e-03 | time: 0.025
I 06.07/21:56:12 solver.py:159 ] Epoch: [4/200][40/282] lr: 7.85e-05 | MSE loss: 5.9948e-03 | time: 0.025
I 06.07/21:56:13 solver.py:159 ] Epoch: [4/200][60/282] lr: 8.03e-05 | MSE loss: 6.3591e-03 | time: 0.025
I 06.07/21:56:14 solver.py:159 ] Epoch: [4/200][80/282] lr: 8.21e-05 | MSE loss: 6.3292e-03 | time: 0.025
I 06.07/21:56:14 solver.py:159 ] Epoch: [4/200][100/282] lr: 8.39e-05 | MSE loss: 6.4401e-03 | time: 0.025
I 06.07/21:56:15 solver.py:159 ] Epoch: [4/200][120/282] lr: 8.56e-05 | MSE loss: 6.4425e-03 | time: 0.025
I 06.07/21:56:15 solver.py:159 ] Epoch: [4/200][140/282] lr: 8.74e-05 | MSE loss: 6.3581e-03 | time: 0.026
I 06.07/21:56:16 solver.py:159 ] Epoch: [4/200][160/282] lr: 8.92e-05 | MSE loss: 6.3513e-03 | time: 0.025
I 06.07/21:56:16 solver.py:159 ] Epoch: [4/200][180/282] lr: 9.10e-05 | MSE loss: 6.2574e-03 | time: 0.025
I 06.07/21:56:17 solver.py:159 ] Epoch: [4/200][200/282] lr: 9.27e-05 | MSE loss: 6.2037e-03 | time: 0.025
I 06.07/21:56:17 solver.py:159 ] Epoch: [4/200][220/282] lr: 9.45e-05 | MSE loss: 6.3977e-03 | time: 0.025
I 06.07/21:56:18 solver.py:159 ] Epoch: [4/200][240/282] lr: 9.63e-05 | MSE loss: 6.4617e-03 | time: 0.025
I 06.07/21:56:18 solver.py:159 ] Epoch: [4/200][260/282] lr: 9.80e-05 | MSE loss: 6.4071e-03 | time: 0.025
I 06.07/21:56:19 solver.py:159 ] Epoch: [4/200][280/282] lr: 9.98e-05 | MSE loss: 6.4826e-03 | time: 0.025
I 06.07/21:56:19 solver.py:169 ] => Train  Loss: 6.5040e-03

I 06.07/21:56:19 solver.py:405 ] [20/32] loss: 7.5773e-03 | NMSE: -1.7813e+01 | time: 0.018
I 06.07/21:56:19 solver.py:413 ] => Test NMSE: -1.8702e+01

I 06.07/21:56:19 solver.py:345 ] => LoRA monitor [epoch=4] | trainable=33792/33792 | non_lora_trainable=0 | lora_l2=2.933537e+00 | lora_A_l2=2.899693e+00 | lora_B_l2=4.443243e-01 | component_l2=encoder:2.933537e+00 | lora_abs_max=1.481626e-01 | delta_l2=1.709564e+00 | delta_rel=7.374424e-01 | train_loss=6.504040e-03 | test_loss=6.741615e-03 | nmse=-1.870206e+01
I 06.07/21:56:20 solver.py:224 ] 
=! Best NMSE: -1.8702e+01 (epoch=4)

I 06.07/21:56:20 solver.py:159 ] Epoch: [5/200][20/282] lr: 1.02e-04 | MSE loss: 6.4070e-03 | time: 0.028
I 06.07/21:56:21 solver.py:159 ] Epoch: [5/200][40/282] lr: 1.04e-04 | MSE loss: 5.6859e-03 | time: 0.028
I 06.07/21:56:21 solver.py:159 ] Epoch: [5/200][60/282] lr: 1.05e-04 | MSE loss: 5.8726e-03 | time: 0.027
I 06.07/21:56:22 solver.py:159 ] Epoch: [5/200][80/282] lr: 1.07e-04 | MSE loss: 6.4514e-03 | time: 0.026
I 06.07/21:56:22 solver.py:159 ] Epoch: [5/200][100/282] lr: 1.09e-04 | MSE loss: 6.3558e-03 | time: 0.026
I 06.07/21:56:23 solver.py:159 ] Epoch: [5/200][120/282] lr: 1.11e-04 | MSE loss: 6.2648e-03 | time: 0.025
I 06.07/21:56:23 solver.py:159 ] Epoch: [5/200][140/282] lr: 1.12e-04 | MSE loss: 6.1704e-03 | time: 0.026
I 06.07/21:56:24 solver.py:159 ] Epoch: [5/200][160/282] lr: 1.14e-04 | MSE loss: 6.0568e-03 | time: 0.026
I 06.07/21:56:24 solver.py:159 ] Epoch: [5/200][180/282] lr: 1.16e-04 | MSE loss: 6.0772e-03 | time: 0.026
I 06.07/21:56:25 solver.py:159 ] Epoch: [5/200][200/282] lr: 1.18e-04 | MSE loss: 6.3197e-03 | time: 0.026
I 06.07/21:56:25 solver.py:159 ] Epoch: [5/200][220/282] lr: 1.20e-04 | MSE loss: 6.2514e-03 | time: 0.026
I 06.07/21:56:26 solver.py:159 ] Epoch: [5/200][240/282] lr: 1.21e-04 | MSE loss: 6.2219e-03 | time: 0.026
I 06.07/21:56:26 solver.py:159 ] Epoch: [5/200][260/282] lr: 1.23e-04 | MSE loss: 6.2675e-03 | time: 0.026
I 06.07/21:56:27 solver.py:159 ] Epoch: [5/200][280/282] lr: 1.25e-04 | MSE loss: 6.4097e-03 | time: 0.026
I 06.07/21:56:27 solver.py:169 ] => Train  Loss: 6.4108e-03

I 06.07/21:56:27 solver.py:405 ] [20/32] loss: 7.5374e-03 | NMSE: -1.7834e+01 | time: 0.017
I 06.07/21:56:28 solver.py:413 ] => Test NMSE: -1.8730e+01

I 06.07/21:56:28 solver.py:345 ] => LoRA monitor [epoch=5] | trainable=33792/33792 | non_lora_trainable=0 | lora_l2=3.128556e+00 | lora_A_l2=3.085132e+00 | lora_B_l2=5.194491e-01 | component_l2=encoder:3.128556e+00 | lora_abs_max=1.509295e-01 | delta_l2=2.028912e+00 | delta_rel=8.751972e-01 | train_loss=6.410758e-03 | test_loss=6.698211e-03 | nmse=-1.873011e+01
I 06.07/21:56:28 solver.py:224 ] 
=! Best NMSE: -1.8730e+01 (epoch=5)

I 06.07/21:56:28 solver.py:159 ] Epoch: [6/200][20/282] lr: 1.27e-04 | MSE loss: 7.0895e-03 | time: 0.028
I 06.07/21:56:29 solver.py:159 ] Epoch: [6/200][40/282] lr: 1.29e-04 | MSE loss: 7.1739e-03 | time: 0.028
I 06.07/21:56:29 solver.py:159 ] Epoch: [6/200][60/282] lr: 1.30e-04 | MSE loss: 6.6972e-03 | time: 0.028
I 06.07/21:56:30 solver.py:159 ] Epoch: [6/200][80/282] lr: 1.32e-04 | MSE loss: 6.3436e-03 | time: 0.029
I 06.07/21:56:31 solver.py:159 ] Epoch: [6/200][100/282] lr: 1.34e-04 | MSE loss: 6.2076e-03 | time: 0.028
I 06.07/21:56:31 solver.py:159 ] Epoch: [6/200][120/282] lr: 1.36e-04 | MSE loss: 6.2872e-03 | time: 0.028
I 06.07/21:56:32 solver.py:159 ] Epoch: [6/200][140/282] lr: 1.37e-04 | MSE loss: 6.2105e-03 | time: 0.028
I 06.07/21:56:32 solver.py:159 ] Epoch: [6/200][160/282] lr: 1.39e-04 | MSE loss: 6.3542e-03 | time: 0.028
I 06.07/21:56:33 solver.py:159 ] Epoch: [6/200][180/282] lr: 1.41e-04 | MSE loss: 6.3079e-03 | time: 0.028
I 06.07/21:56:33 solver.py:159 ] Epoch: [6/200][200/282] lr: 1.43e-04 | MSE loss: 6.3258e-03 | time: 0.028
I 06.07/21:56:34 solver.py:159 ] Epoch: [6/200][220/282] lr: 1.45e-04 | MSE loss: 6.3172e-03 | time: 0.028
I 06.07/21:56:35 solver.py:159 ] Epoch: [6/200][240/282] lr: 1.46e-04 | MSE loss: 6.3637e-03 | time: 0.028
I 06.07/21:56:35 solver.py:159 ] Epoch: [6/200][260/282] lr: 1.48e-04 | MSE loss: 6.3788e-03 | time: 0.028
I 06.07/21:56:36 solver.py:159 ] Epoch: [6/200][280/282] lr: 1.50e-04 | MSE loss: 6.3502e-03 | time: 0.028
I 06.07/21:56:36 solver.py:169 ] => Train  Loss: 6.3438e-03

I 06.07/21:56:36 solver.py:405 ] [20/32] loss: 7.5057e-03 | NMSE: -1.7853e+01 | time: 0.018
I 06.07/21:56:36 solver.py:413 ] => Test NMSE: -1.8753e+01

I 06.07/21:56:36 solver.py:345 ] => LoRA monitor [epoch=6] | trainable=33792/33792 | non_lora_trainable=0 | lora_l2=3.298479e+00 | lora_A_l2=3.246527e+00 | lora_B_l2=5.831141e-01 | component_l2=encoder:3.298479e+00 | lora_abs_max=1.540310e-01 | delta_l2=2.295447e+00 | delta_rel=9.901705e-01 | train_loss=6.343828e-03 | test_loss=6.663659e-03 | nmse=-1.875257e+01
I 06.07/21:56:37 solver.py:224 ] 
=! Best NMSE: -1.8753e+01 (epoch=6)

I 06.07/21:56:37 solver.py:159 ] Epoch: [7/200][20/282] lr: 1.52e-04 | MSE loss: 6.0176e-03 | time: 0.028
I 06.07/21:56:38 solver.py:159 ] Epoch: [7/200][40/282] lr: 1.54e-04 | MSE loss: 5.9109e-03 | time: 0.027
I 06.07/21:56:38 solver.py:159 ] Epoch: [7/200][60/282] lr: 1.55e-04 | MSE loss: 6.4673e-03 | time: 0.027
I 06.07/21:56:39 solver.py:159 ] Epoch: [7/200][80/282] lr: 1.57e-04 | MSE loss: 6.2039e-03 | time: 0.027
I 06.07/21:56:39 solver.py:159 ] Epoch: [7/200][100/282] lr: 1.59e-04 | MSE loss: 6.1841e-03 | time: 0.027
I 06.07/21:56:40 solver.py:159 ] Epoch: [7/200][120/282] lr: 1.61e-04 | MSE loss: 6.2932e-03 | time: 0.027
I 06.07/21:56:40 solver.py:159 ] Epoch: [7/200][140/282] lr: 1.62e-04 | MSE loss: 6.3567e-03 | time: 0.027
I 06.07/21:56:41 solver.py:159 ] Epoch: [7/200][160/282] lr: 1.64e-04 | MSE loss: 6.3763e-03 | time: 0.027
I 06.07/21:56:41 solver.py:159 ] Epoch: [7/200][180/282] lr: 1.66e-04 | MSE loss: 6.2394e-03 | time: 0.027
I 06.07/21:56:42 solver.py:159 ] Epoch: [7/200][200/282] lr: 1.68e-04 | MSE loss: 6.2627e-03 | time: 0.027
I 06.07/21:56:43 solver.py:159 ] Epoch: [7/200][220/282] lr: 1.70e-04 | MSE loss: 6.2731e-03 | time: 0.027
I 06.07/21:56:43 solver.py:159 ] Epoch: [7/200][240/282] lr: 1.71e-04 | MSE loss: 6.2346e-03 | time: 0.027
I 06.07/21:56:44 solver.py:159 ] Epoch: [7/200][260/282] lr: 1.73e-04 | MSE loss: 6.2501e-03 | time: 0.028
I 06.07/21:56:44 solver.py:159 ] Epoch: [7/200][280/282] lr: 1.75e-04 | MSE loss: 6.3347e-03 | time: 0.028
I 06.07/21:56:44 solver.py:169 ] => Train  Loss: 6.3330e-03

I 06.07/21:56:45 solver.py:405 ] [20/32] loss: 7.4691e-03 | NMSE: -1.7875e+01 | time: 0.033
I 06.07/21:56:45 solver.py:413 ] => Test NMSE: -1.8770e+01

I 06.07/21:56:45 solver.py:345 ] => LoRA monitor [epoch=7] | trainable=33792/33792 | non_lora_trainable=0 | lora_l2=3.471463e+00 | lora_A_l2=3.410763e+00 | lora_B_l2=6.463375e-01 | component_l2=encoder:3.471463e+00 | lora_abs_max=1.560143e-01 | delta_l2=2.552945e+00 | delta_rel=1.101245e+00 | train_loss=6.332950e-03 | test_loss=6.636214e-03 | nmse=-1.877050e+01
I 06.07/21:56:46 solver.py:224 ] 
=! Best NMSE: -1.8770e+01 (epoch=7)

I 06.07/21:56:47 solver.py:159 ] Epoch: [8/200][20/282] lr: 1.77e-04 | MSE loss: 6.7760e-03 | time: 0.052
I 06.07/21:56:48 solver.py:159 ] Epoch: [8/200][40/282] lr: 1.79e-04 | MSE loss: 6.9857e-03 | time: 0.050
I 06.07/21:56:49 solver.py:159 ] Epoch: [8/200][60/282] lr: 1.80e-04 | MSE loss: 7.0630e-03 | time: 0.046
I 06.07/21:56:49 solver.py:159 ] Epoch: [8/200][80/282] lr: 1.82e-04 | MSE loss: 6.5799e-03 | time: 0.044
I 06.07/21:56:50 solver.py:159 ] Epoch: [8/200][100/282] lr: 1.84e-04 | MSE loss: 6.5302e-03 | time: 0.045
I 06.07/21:56:51 solver.py:159 ] Epoch: [8/200][120/282] lr: 1.86e-04 | MSE loss: 6.5276e-03 | time: 0.046
I 06.07/21:56:52 solver.py:159 ] Epoch: [8/200][140/282] lr: 1.87e-04 | MSE loss: 6.2968e-03 | time: 0.047
I 06.07/21:56:54 solver.py:159 ] Epoch: [8/200][160/282] lr: 1.89e-04 | MSE loss: 6.1571e-03 | time: 0.048
I 06.07/21:56:55 solver.py:159 ] Epoch: [8/200][180/282] lr: 1.91e-04 | MSE loss: 6.1548e-03 | time: 0.049
I 06.07/21:56:55 solver.py:159 ] Epoch: [8/200][200/282] lr: 1.93e-04 | MSE loss: 6.1061e-03 | time: 0.048
I 06.07/21:56:57 solver.py:159 ] Epoch: [8/200][220/282] lr: 1.95e-04 | MSE loss: 6.0852e-03 | time: 0.049
I 06.07/21:56:58 solver.py:159 ] Epoch: [8/200][240/282] lr: 1.96e-04 | MSE loss: 6.0729e-03 | time: 0.050
I 06.07/21:56:59 solver.py:159 ] Epoch: [8/200][260/282] lr: 1.98e-04 | MSE loss: 6.1774e-03 | time: 0.050
I 06.07/21:57:00 solver.py:159 ] Epoch: [8/200][280/282] lr: 2.00e-04 | MSE loss: 6.2983e-03 | time: 0.051
I 06.07/21:57:00 solver.py:169 ] => Train  Loss: 6.2791e-03

I 06.07/21:57:02 solver.py:405 ] [20/32] loss: 7.4487e-03 | NMSE: -1.7880e+01 | time: 0.091
I 06.07/21:57:03 solver.py:413 ] => Test NMSE: -1.8786e+01

I 06.07/21:57:03 solver.py:345 ] => LoRA monitor [epoch=8] | trainable=33792/33792 | non_lora_trainable=0 | lora_l2=3.649645e+00 | lora_A_l2=3.580286e+00 | lora_B_l2=7.081388e-01 | component_l2=encoder:3.649645e+00 | lora_abs_max=1.588055e-01 | delta_l2=2.811530e+00 | delta_rel=1.212789e+00 | train_loss=6.279140e-03 | test_loss=6.612012e-03 | nmse=-1.878637e+01
I 06.07/21:57:04 solver.py:224 ] 
=! Best NMSE: -1.8786e+01 (epoch=8)

I 06.07/21:57:05 solver.py:159 ] Epoch: [9/200][20/282] lr: 2.02e-04 | MSE loss: 5.1141e-03 | time: 0.077
I 06.07/21:57:07 solver.py:159 ] Epoch: [9/200][40/282] lr: 2.04e-04 | MSE loss: 5.4269e-03 | time: 0.066
I 06.07/21:57:08 solver.py:159 ] Epoch: [9/200][60/282] lr: 2.05e-04 | MSE loss: 5.6561e-03 | time: 0.063
I 06.07/21:57:09 solver.py:159 ] Epoch: [9/200][80/282] lr: 2.07e-04 | MSE loss: 5.9111e-03 | time: 0.062
I 06.07/21:57:10 solver.py:159 ] Epoch: [9/200][100/282] lr: 2.09e-04 | MSE loss: 6.3223e-03 | time: 0.060
I 06.07/21:57:11 solver.py:159 ] Epoch: [9/200][120/282] lr: 2.11e-04 | MSE loss: 6.1259e-03 | time: 0.060
I 06.07/21:57:12 solver.py:159 ] Epoch: [9/200][140/282] lr: 2.12e-04 | MSE loss: 5.9807e-03 | time: 0.058
I 06.07/21:57:13 solver.py:159 ] Epoch: [9/200][160/282] lr: 2.14e-04 | MSE loss: 6.0567e-03 | time: 0.058
I 06.07/21:57:14 solver.py:159 ] Epoch: [9/200][180/282] lr: 2.16e-04 | MSE loss: 6.1826e-03 | time: 0.057
I 06.07/21:57:15 solver.py:159 ] Epoch: [9/200][200/282] lr: 2.18e-04 | MSE loss: 6.2643e-03 | time: 0.057
I 06.07/21:57:16 solver.py:159 ] Epoch: [9/200][220/282] lr: 2.20e-04 | MSE loss: 6.2221e-03 | time: 0.057
I 06.07/21:57:17 solver.py:159 ] Epoch: [9/200][240/282] lr: 2.21e-04 | MSE loss: 6.1993e-03 | time: 0.056
I 06.07/21:57:19 solver.py:159 ] Epoch: [9/200][260/282] lr: 2.23e-04 | MSE loss: 6.2522e-03 | time: 0.056
I 06.07/21:57:20 solver.py:159 ] Epoch: [9/200][280/282] lr: 2.25e-04 | MSE loss: 6.2796e-03 | time: 0.056
I 06.07/21:57:20 solver.py:169 ] => Train  Loss: 6.2519e-03

I 06.07/21:57:21 solver.py:405 ] [20/32] loss: 7.4202e-03 | NMSE: -1.7900e+01 | time: 0.049
I 06.07/21:57:21 solver.py:413 ] => Test NMSE: -1.8805e+01

I 06.07/21:57:21 solver.py:345 ] => LoRA monitor [epoch=9] | trainable=33792/33792 | non_lora_trainable=0 | lora_l2=3.834931e+00 | lora_A_l2=3.755961e+00 | lora_B_l2=7.742435e-01 | component_l2=encoder:3.834931e+00 | lora_abs_max=1.615873e-01 | delta_l2=3.071490e+00 | delta_rel=1.324926e+00 | train_loss=6.251880e-03 | test_loss=6.583824e-03 | nmse=-1.880492e+01
I 06.07/21:57:22 solver.py:224 ] 
=! Best NMSE: -1.8805e+01 (epoch=9)

I 06.07/21:57:23 solver.py:159 ] Epoch: [10/200][20/282] lr: 2.27e-04 | MSE loss: 5.1489e-03 | time: 0.061
I 06.07/21:57:24 solver.py:159 ] Epoch: [10/200][40/282] lr: 2.29e-04 | MSE loss: 5.2968e-03 | time: 0.054
I 06.07/21:57:25 solver.py:159 ] Epoch: [10/200][60/282] lr: 2.30e-04 | MSE loss: 5.7586e-03 | time: 0.054
I 06.07/21:57:26 solver.py:159 ] Epoch: [10/200][80/282] lr: 2.32e-04 | MSE loss: 5.7194e-03 | time: 0.052
I 06.07/21:57:27 solver.py:159 ] Epoch: [10/200][100/282] lr: 2.34e-04 | MSE loss: 5.8413e-03 | time: 0.052
I 06.07/21:57:28 solver.py:159 ] Epoch: [10/200][120/282] lr: 2.36e-04 | MSE loss: 6.1283e-03 | time: 0.052
I 06.07/21:57:29 solver.py:159 ] Epoch: [10/200][140/282] lr: 2.37e-04 | MSE loss: 6.0710e-03 | time: 0.051
I 06.07/21:57:30 solver.py:159 ] Epoch: [10/200][160/282] lr: 2.39e-04 | MSE loss: 6.2502e-03 | time: 0.052
I 06.07/21:57:31 solver.py:159 ] Epoch: [10/200][180/282] lr: 2.41e-04 | MSE loss: 6.1727e-03 | time: 0.052
I 06.07/21:57:32 solver.py:159 ] Epoch: [10/200][200/282] lr: 2.43e-04 | MSE loss: 6.2377e-03 | time: 0.052
I 06.07/21:57:33 solver.py:159 ] Epoch: [10/200][220/282] lr: 2.45e-04 | MSE loss: 6.1764e-03 | time: 0.053
I 06.07/21:57:34 solver.py:159 ] Epoch: [10/200][240/282] lr: 2.46e-04 | MSE loss: 6.1898e-03 | time: 0.053
I 06.07/21:57:35 solver.py:159 ] Epoch: [10/200][260/282] lr: 2.48e-04 | MSE loss: 6.3000e-03 | time: 0.053
I 06.07/21:57:36 solver.py:159 ] Epoch: [10/200][280/282] lr: 2.50e-04 | MSE loss: 6.2467e-03 | time: 0.053
I 06.07/21:57:37 solver.py:169 ] => Train  Loss: 6.2409e-03

I 06.07/21:57:38 solver.py:159 ] Epoch: [10/200][20/32] lr: 2.50e-04 | MSE loss: 7.4154e-03 | time: 0.048
I 06.07/21:57:38 solver.py:169 ] => Val  Loss: 6.4906e-03

I 06.07/21:57:39 solver.py:405 ] [20/32] loss: 7.4154e-03 | NMSE: -1.7905e+01 | time: 0.050
I 06.07/21:57:40 solver.py:413 ] => Test NMSE: -1.8807e+01

I 06.07/21:57:40 solver.py:345 ] => LoRA monitor [epoch=10] | trainable=33792/33792 | non_lora_trainable=0 | lora_l2=4.016083e+00 | lora_A_l2=3.925832e+00 | lora_B_l2=8.466212e-01 | component_l2=encoder:4.016083e+00 | lora_abs_max=1.875085e-01 | delta_l2=3.321589e+00 | delta_rel=1.432810e+00 | train_loss=6.240905e-03 | val_loss=6.490580e-03 | test_loss=6.580241e-03 | nmse=-1.880728e+01
I 06.07/21:57:40 solver.py:224 ] 
=! Best NMSE: -1.8807e+01 (epoch=10)

I 06.07/21:57:41 solver.py:159 ] Epoch: [11/200][20/282] lr: 2.52e-04 | MSE loss: 5.6327e-03 | time: 0.048
I 06.07/21:57:42 solver.py:159 ] Epoch: [11/200][40/282] lr: 2.54e-04 | MSE loss: 5.9329e-03 | time: 0.051
I 06.07/21:57:43 solver.py:159 ] Epoch: [11/200][60/282] lr: 2.55e-04 | MSE loss: 5.8389e-03 | time: 0.053
I 06.07/21:57:44 solver.py:159 ] Epoch: [11/200][80/282] lr: 2.57e-04 | MSE loss: 5.7583e-03 | time: 0.053
I 06.07/21:57:45 solver.py:159 ] Epoch: [11/200][100/282] lr: 2.59e-04 | MSE loss: 5.8904e-03 | time: 0.053
I 06.07/21:57:46 solver.py:159 ] Epoch: [11/200][120/282] lr: 2.61e-04 | MSE loss: 5.8660e-03 | time: 0.053
I 06.07/21:57:47 solver.py:159 ] Epoch: [11/200][140/282] lr: 2.62e-04 | MSE loss: 5.8375e-03 | time: 0.052
I 06.07/21:57:48 solver.py:159 ] Epoch: [11/200][160/282] lr: 2.64e-04 | MSE loss: 5.7457e-03 | time: 0.052
I 06.07/21:57:49 solver.py:159 ] Epoch: [11/200][180/282] lr: 2.66e-04 | MSE loss: 5.7724e-03 | time: 0.052
I 06.07/21:57:51 solver.py:159 ] Epoch: [11/200][200/282] lr: 2.68e-04 | MSE loss: 5.7737e-03 | time: 0.053
I 06.07/21:57:52 solver.py:159 ] Epoch: [11/200][220/282] lr: 2.70e-04 | MSE loss: 5.8695e-03 | time: 0.053
I 06.07/21:57:53 solver.py:159 ] Epoch: [11/200][240/282] lr: 2.71e-04 | MSE loss: 5.9532e-03 | time: 0.053
I 06.07/21:57:54 solver.py:159 ] Epoch: [11/200][260/282] lr: 2.73e-04 | MSE loss: 6.1438e-03 | time: 0.053
I 06.07/21:57:55 solver.py:159 ] Epoch: [11/200][280/282] lr: 2.75e-04 | MSE loss: 6.2227e-03 | time: 0.054
I 06.07/21:57:55 solver.py:169 ] => Train  Loss: 6.2319e-03

I 06.07/21:57:56 solver.py:405 ] [20/32] loss: 7.4328e-03 | NMSE: -1.7892e+01 | time: 0.047
I 06.07/21:57:57 solver.py:413 ] => Test NMSE: -1.8790e+01

I 06.07/21:57:57 solver.py:345 ] => LoRA monitor [epoch=11] | trainable=33792/33792 | non_lora_trainable=0 | lora_l2=4.192510e+00 | lora_A_l2=4.090174e+00 | lora_B_l2=9.206622e-01 | component_l2=encoder:4.192510e+00 | lora_abs_max=2.081835e-01 | delta_l2=3.564919e+00 | delta_rel=1.537773e+00 | train_loss=6.231904e-03 | test_loss=6.607187e-03 | nmse=-1.878953e+01
I 06.07/21:57:57 solver.py:224 ] 
=! Best NMSE: -1.8807e+01 (epoch=10)

I 06.07/21:57:58 solver.py:159 ] Epoch: [12/200][20/282] lr: 2.77e-04 | MSE loss: 6.2118e-03 | time: 0.051
I 06.07/21:57:59 solver.py:159 ] Epoch: [12/200][40/282] lr: 2.79e-04 | MSE loss: 6.2078e-03 | time: 0.052
I 06.07/21:58:00 solver.py:159 ] Epoch: [12/200][60/282] lr: 2.80e-04 | MSE loss: 5.9183e-03 | time: 0.053
I 06.07/21:58:02 solver.py:159 ] Epoch: [12/200][80/282] lr: 2.82e-04 | MSE loss: 5.8770e-03 | time: 0.063
I 06.07/21:58:04 solver.py:159 ] Epoch: [12/200][100/282] lr: 2.84e-04 | MSE loss: 6.1352e-03 | time: 0.075
I 06.07/21:58:05 solver.py:159 ] Epoch: [12/200][120/282] lr: 2.86e-04 | MSE loss: 6.2379e-03 | time: 0.073
I 06.07/21:58:06 solver.py:159 ] Epoch: [12/200][140/282] lr: 2.87e-04 | MSE loss: 6.4527e-03 | time: 0.070
I 06.07/21:58:07 solver.py:159 ] Epoch: [12/200][160/282] lr: 2.89e-04 | MSE loss: 6.4188e-03 | time: 0.068
I 06.07/21:58:08 solver.py:159 ] Epoch: [12/200][180/282] lr: 2.91e-04 | MSE loss: 6.4250e-03 | time: 0.066
I 06.07/21:58:10 solver.py:159 ] Epoch: [12/200][200/282] lr: 2.93e-04 | MSE loss: 6.3191e-03 | time: 0.065
I 06.07/21:58:11 solver.py:159 ] Epoch: [12/200][220/282] lr: 2.95e-04 | MSE loss: 6.2656e-03 | time: 0.064
I 06.07/21:58:12 solver.py:159 ] Epoch: [12/200][240/282] lr: 2.96e-04 | MSE loss: 6.2248e-03 | time: 0.063
I 06.07/21:58:13 solver.py:159 ] Epoch: [12/200][260/282] lr: 2.98e-04 | MSE loss: 6.2604e-03 | time: 0.063
I 06.07/21:58:14 solver.py:159 ] Epoch: [12/200][280/282] lr: 3.00e-04 | MSE loss: 6.2244e-03 | time: 0.062
I 06.07/21:58:14 solver.py:169 ] => Train  Loss: 6.2087e-03

I 06.07/21:58:15 solver.py:405 ] [20/32] loss: 7.3793e-03 | NMSE: -1.7925e+01 | time: 0.045
I 06.07/21:58:16 solver.py:413 ] => Test NMSE: -1.8830e+01

I 06.07/21:58:16 solver.py:345 ] => LoRA monitor [epoch=12] | trainable=33792/33792 | non_lora_trainable=0 | lora_l2=4.379466e+00 | lora_A_l2=4.264581e+00 | lora_B_l2=9.965298e-01 | component_l2=encoder:4.379466e+00 | lora_abs_max=2.360010e-01 | delta_l2=3.815396e+00 | delta_rel=1.645820e+00 | train_loss=6.208702e-03 | test_loss=6.545488e-03 | nmse=-1.883028e+01
I 06.07/21:58:16 solver.py:224 ] 
=! Best NMSE: -1.8830e+01 (epoch=12)

I 06.07/21:58:17 solver.py:159 ] Epoch: [13/200][20/282] lr: 3.02e-04 | MSE loss: 6.2859e-03 | time: 0.049
I 06.07/21:58:18 solver.py:159 ] Epoch: [13/200][40/282] lr: 3.04e-04 | MSE loss: 6.6640e-03 | time: 0.051
I 06.07/21:58:19 solver.py:159 ] Epoch: [13/200][60/282] lr: 3.05e-04 | MSE loss: 6.6408e-03 | time: 0.054
I 06.07/21:58:20 solver.py:159 ] Epoch: [13/200][80/282] lr: 3.07e-04 | MSE loss: 6.2018e-03 | time: 0.054
I 06.07/21:58:21 solver.py:159 ] Epoch: [13/200][100/282] lr: 3.09e-04 | MSE loss: 6.2311e-03 | time: 0.054
I 06.07/21:58:23 solver.py:159 ] Epoch: [13/200][120/282] lr: 3.11e-04 | MSE loss: 6.2410e-03 | time: 0.054
I 06.07/21:58:24 solver.py:159 ] Epoch: [13/200][140/282] lr: 3.12e-04 | MSE loss: 6.3984e-03 | time: 0.054
I 06.07/21:58:25 solver.py:159 ] Epoch: [13/200][160/282] lr: 3.14e-04 | MSE loss: 6.4938e-03 | time: 0.054
I 06.07/21:58:26 solver.py:159 ] Epoch: [13/200][180/282] lr: 3.16e-04 | MSE loss: 6.3212e-03 | time: 0.054
I 06.07/21:58:27 solver.py:159 ] Epoch: [13/200][200/282] lr: 3.18e-04 | MSE loss: 6.2587e-03 | time: 0.054
I 06.07/21:58:28 solver.py:159 ] Epoch: [13/200][220/282] lr: 3.20e-04 | MSE loss: 6.1648e-03 | time: 0.054
I 06.07/21:58:29 solver.py:159 ] Epoch: [13/200][240/282] lr: 3.21e-04 | MSE loss: 6.2486e-03 | time: 0.054
I 06.07/21:58:30 solver.py:159 ] Epoch: [13/200][260/282] lr: 3.23e-04 | MSE loss: 6.2379e-03 | time: 0.054
I 06.07/21:58:31 solver.py:159 ] Epoch: [13/200][280/282] lr: 3.25e-04 | MSE loss: 6.1998e-03 | time: 0.054
I 06.07/21:58:31 solver.py:169 ] => Train  Loss: 6.2146e-03

I 06.07/21:58:32 solver.py:405 ] [20/32] loss: 7.4185e-03 | NMSE: -1.7904e+01 | time: 0.051
I 06.07/21:58:33 solver.py:413 ] => Test NMSE: -1.8804e+01

I 06.07/21:58:33 solver.py:345 ] => LoRA monitor [epoch=13] | trainable=33792/33792 | non_lora_trainable=0 | lora_l2=4.558411e+00 | lora_A_l2=4.429316e+00 | lora_B_l2=1.077158e+00 | component_l2=encoder:4.558411e+00 | lora_abs_max=2.597047e-01 | delta_l2=4.050475e+00 | delta_rel=1.747224e+00 | train_loss=6.214630e-03 | test_loss=6.585694e-03 | nmse=-1.880369e+01
I 06.07/21:58:33 solver.py:224 ] 
=! Best NMSE: -1.8830e+01 (epoch=12)

I 06.07/21:58:34 solver.py:159 ] Epoch: [14/200][20/282] lr: 3.27e-04 | MSE loss: 6.2380e-03 | time: 0.059
I 06.07/21:58:35 solver.py:159 ] Epoch: [14/200][40/282] lr: 3.29e-04 | MSE loss: 6.7129e-03 | time: 0.059
I 06.07/21:58:36 solver.py:159 ] Epoch: [14/200][60/282] lr: 3.30e-04 | MSE loss: 6.3827e-03 | time: 0.060
I 06.07/21:58:38 solver.py:159 ] Epoch: [14/200][80/282] lr: 3.32e-04 | MSE loss: 6.4390e-03 | time: 0.058
I 06.07/21:58:39 solver.py:159 ] Epoch: [14/200][100/282] lr: 3.34e-04 | MSE loss: 6.1620e-03 | time: 0.058
I 06.07/21:58:40 solver.py:159 ] Epoch: [14/200][120/282] lr: 3.36e-04 | MSE loss: 6.2355e-03 | time: 0.058
I 06.07/21:58:41 solver.py:159 ] Epoch: [14/200][140/282] lr: 3.37e-04 | MSE loss: 6.3304e-03 | time: 0.057
I 06.07/21:58:42 solver.py:159 ] Epoch: [14/200][160/282] lr: 3.39e-04 | MSE loss: 6.3909e-03 | time: 0.057
I 06.07/21:58:43 solver.py:159 ] Epoch: [14/200][180/282] lr: 3.41e-04 | MSE loss: 6.2121e-03 | time: 0.057
I 06.07/21:58:44 solver.py:159 ] Epoch: [14/200][200/282] lr: 3.43e-04 | MSE loss: 6.2561e-03 | time: 0.057
I 06.07/21:58:45 solver.py:159 ] Epoch: [14/200][220/282] lr: 3.45e-04 | MSE loss: 6.2748e-03 | time: 0.057
I 06.07/21:58:46 solver.py:159 ] Epoch: [14/200][240/282] lr: 3.46e-04 | MSE loss: 6.2666e-03 | time: 0.057
I 06.07/21:58:48 solver.py:159 ] Epoch: [14/200][260/282] lr: 3.48e-04 | MSE loss: 6.2342e-03 | time: 0.056
I 06.07/21:58:49 solver.py:159 ] Epoch: [14/200][280/282] lr: 3.50e-04 | MSE loss: 6.2231e-03 | time: 0.056
I 06.07/21:58:49 solver.py:169 ] => Train  Loss: 6.1973e-03

I 06.07/21:58:50 solver.py:405 ] [20/32] loss: 7.3863e-03 | NMSE: -1.7920e+01 | time: 0.044
I 06.07/21:58:50 solver.py:413 ] => Test NMSE: -1.8828e+01

I 06.07/21:58:50 solver.py:345 ] => LoRA monitor [epoch=14] | trainable=33792/33792 | non_lora_trainable=0 | lora_l2=4.720888e+00 | lora_A_l2=4.576922e+00 | lora_B_l2=1.156965e+00 | component_l2=encoder:4.720888e+00 | lora_abs_max=2.775843e-01 | delta_l2=4.266658e+00 | delta_rel=1.840477e+00 | train_loss=6.197288e-03 | test_loss=6.548275e-03 | nmse=-1.882843e+01
I 06.07/21:58:50 solver.py:224 ] 
=! Best NMSE: -1.8830e+01 (epoch=12)

I 06.07/21:58:52 solver.py:159 ] Epoch: [15/200][20/282] lr: 3.52e-04 | MSE loss: 4.7797e-03 | time: 0.061
I 06.07/21:58:53 solver.py:159 ] Epoch: [15/200][40/282] lr: 3.54e-04 | MSE loss: 5.1209e-03 | time: 0.060
I 06.07/21:58:54 solver.py:159 ] Epoch: [15/200][60/282] lr: 3.55e-04 | MSE loss: 5.3542e-03 | time: 0.057
I 06.07/21:58:55 solver.py:159 ] Epoch: [15/200][80/282] lr: 3.57e-04 | MSE loss: 5.5621e-03 | time: 0.057
I 06.07/21:58:56 solver.py:159 ] Epoch: [15/200][100/282] lr: 3.59e-04 | MSE loss: 5.6124e-03 | time: 0.056
I 06.07/21:58:57 solver.py:159 ] Epoch: [15/200][120/282] lr: 3.61e-04 | MSE loss: 5.6957e-03 | time: 0.056
I 06.07/21:58:58 solver.py:159 ] Epoch: [15/200][140/282] lr: 3.62e-04 | MSE loss: 5.8700e-03 | time: 0.056
I 06.07/21:58:59 solver.py:159 ] Epoch: [15/200][160/282] lr: 3.64e-04 | MSE loss: 6.1154e-03 | time: 0.056
I 06.07/21:59:01 solver.py:159 ] Epoch: [15/200][180/282] lr: 3.66e-04 | MSE loss: 6.2422e-03 | time: 0.057
I 06.07/21:59:03 solver.py:159 ] Epoch: [15/200][200/282] lr: 3.68e-04 | MSE loss: 6.2486e-03 | time: 0.064
I 06.07/21:59:05 solver.py:159 ] Epoch: [15/200][220/282] lr: 3.70e-04 | MSE loss: 6.3877e-03 | time: 0.067
I 06.07/21:59:06 solver.py:159 ] Epoch: [15/200][240/282] lr: 3.71e-04 | MSE loss: 6.3107e-03 | time: 0.066
I 06.07/21:59:07 solver.py:159 ] Epoch: [15/200][260/282] lr: 3.73e-04 | MSE loss: 6.2054e-03 | time: 0.065
I 06.07/21:59:08 solver.py:159 ] Epoch: [15/200][280/282] lr: 3.75e-04 | MSE loss: 6.2016e-03 | time: 0.064
I 06.07/21:59:08 solver.py:169 ] => Train  Loss: 6.1882e-03

I 06.07/21:59:09 solver.py:405 ] [20/32] loss: 7.3658e-03 | NMSE: -1.7929e+01 | time: 0.042
I 06.07/21:59:10 solver.py:413 ] => Test NMSE: -1.8840e+01

I 06.07/21:59:10 solver.py:345 ] => LoRA monitor [epoch=15] | trainable=33792/33792 | non_lora_trainable=0 | lora_l2=4.883243e+00 | lora_A_l2=4.722473e+00 | lora_B_l2=1.242706e+00 | component_l2=encoder:4.883243e+00 | lora_abs_max=2.942655e-01 | delta_l2=4.478572e+00 | delta_rel=1.931889e+00 | train_loss=6.188186e-03 | test_loss=6.530634e-03 | nmse=-1.884015e+01
I 06.07/21:59:11 solver.py:224 ] 
=! Best NMSE: -1.8840e+01 (epoch=15)

I 06.07/21:59:12 solver.py:159 ] Epoch: [16/200][20/282] lr: 3.77e-04 | MSE loss: 5.9017e-03 | time: 0.056
I 06.07/21:59:13 solver.py:159 ] Epoch: [16/200][40/282] lr: 3.79e-04 | MSE loss: 5.8767e-03 | time: 0.056
I 06.07/21:59:14 solver.py:159 ] Epoch: [16/200][60/282] lr: 3.80e-04 | MSE loss: 5.9207e-03 | time: 0.056
I 06.07/21:59:15 solver.py:159 ] Epoch: [16/200][80/282] lr: 3.82e-04 | MSE loss: 5.9465e-03 | time: 0.056
I 06.07/21:59:16 solver.py:159 ] Epoch: [16/200][100/282] lr: 3.84e-04 | MSE loss: 5.8891e-03 | time: 0.055
I 06.07/21:59:17 solver.py:159 ] Epoch: [16/200][120/282] lr: 3.86e-04 | MSE loss: 5.9632e-03 | time: 0.056
I 06.07/21:59:18 solver.py:159 ] Epoch: [16/200][140/282] lr: 3.87e-04 | MSE loss: 6.0910e-03 | time: 0.056
I 06.07/21:59:20 solver.py:159 ] Epoch: [16/200][160/282] lr: 3.89e-04 | MSE loss: 6.0220e-03 | time: 0.056
I 06.07/21:59:21 solver.py:159 ] Epoch: [16/200][180/282] lr: 3.91e-04 | MSE loss: 6.1269e-03 | time: 0.056
I 06.07/21:59:22 solver.py:159 ] Epoch: [16/200][200/282] lr: 3.93e-04 | MSE loss: 5.9940e-03 | time: 0.056
I 06.07/21:59:23 solver.py:159 ] Epoch: [16/200][220/282] lr: 3.95e-04 | MSE loss: 6.1128e-03 | time: 0.056
I 06.07/21:59:24 solver.py:159 ] Epoch: [16/200][240/282] lr: 3.96e-04 | MSE loss: 6.1146e-03 | time: 0.056
I 06.07/21:59:25 solver.py:159 ] Epoch: [16/200][260/282] lr: 3.98e-04 | MSE loss: 6.1522e-03 | time: 0.056
I 06.07/21:59:26 solver.py:159 ] Epoch: [16/200][280/282] lr: 4.00e-04 | MSE loss: 6.1413e-03 | time: 0.056
I 06.07/21:59:26 solver.py:169 ] => Train  Loss: 6.1931e-03

I 06.07/21:59:27 solver.py:405 ] [20/32] loss: 7.3714e-03 | NMSE: -1.7929e+01 | time: 0.047
I 06.07/21:59:28 solver.py:413 ] => Test NMSE: -1.8839e+01

I 06.07/21:59:28 solver.py:345 ] => LoRA monitor [epoch=16] | trainable=33792/33792 | non_lora_trainable=0 | lora_l2=5.049156e+00 | lora_A_l2=4.872360e+00 | lora_B_l2=1.324418e+00 | component_l2=encoder:5.049156e+00 | lora_abs_max=3.100759e-01 | delta_l2=4.683675e+00 | delta_rel=2.020363e+00 | train_loss=6.193052e-03 | test_loss=6.532440e-03 | nmse=-1.883895e+01
I 06.07/21:59:28 solver.py:224 ] 
=! Best NMSE: -1.8840e+01 (epoch=15)

I 06.07/21:59:29 solver.py:159 ] Epoch: [17/200][20/282] lr: 4.02e-04 | MSE loss: 6.2985e-03 | time: 0.062
I 06.07/21:59:30 solver.py:159 ] Epoch: [17/200][40/282] lr: 4.04e-04 | MSE loss: 6.3599e-03 | time: 0.059
I 06.07/21:59:31 solver.py:159 ] Epoch: [17/200][60/282] lr: 4.05e-04 | MSE loss: 5.8502e-03 | time: 0.059
I 06.07/21:59:32 solver.py:159 ] Epoch: [17/200][80/282] lr: 4.07e-04 | MSE loss: 5.5986e-03 | time: 0.058
I 06.07/21:59:34 solver.py:159 ] Epoch: [17/200][100/282] lr: 4.09e-04 | MSE loss: 5.8561e-03 | time: 0.057
I 06.07/21:59:35 solver.py:159 ] Epoch: [17/200][120/282] lr: 4.11e-04 | MSE loss: 5.9749e-03 | time: 0.057
I 06.07/21:59:36 solver.py:159 ] Epoch: [17/200][140/282] lr: 4.12e-04 | MSE loss: 6.2373e-03 | time: 0.057
I 06.07/21:59:37 solver.py:159 ] Epoch: [17/200][160/282] lr: 4.14e-04 | MSE loss: 6.0754e-03 | time: 0.056
I 06.07/21:59:38 solver.py:159 ] Epoch: [17/200][180/282] lr: 4.16e-04 | MSE loss: 6.1312e-03 | time: 0.056
I 06.07/21:59:39 solver.py:159 ] Epoch: [17/200][200/282] lr: 4.18e-04 | MSE loss: 6.1746e-03 | time: 0.056
I 06.07/21:59:40 solver.py:159 ] Epoch: [17/200][220/282] lr: 4.20e-04 | MSE loss: 6.2301e-03 | time: 0.056
I 06.07/21:59:41 solver.py:159 ] Epoch: [17/200][240/282] lr: 4.21e-04 | MSE loss: 6.2457e-03 | time: 0.056
I 06.07/21:59:42 solver.py:159 ] Epoch: [17/200][260/282] lr: 4.23e-04 | MSE loss: 6.1882e-03 | time: 0.056
I 06.07/21:59:44 solver.py:159 ] Epoch: [17/200][280/282] lr: 4.25e-04 | MSE loss: 6.1712e-03 | time: 0.056
I 06.07/21:59:44 solver.py:169 ] => Train  Loss: 6.1562e-03

I 06.07/21:59:45 solver.py:405 ] [20/32] loss: 7.3753e-03 | NMSE: -1.7927e+01 | time: 0.047
I 06.07/21:59:45 solver.py:413 ] => Test NMSE: -1.8826e+01

I 06.07/21:59:45 solver.py:345 ] => LoRA monitor [epoch=17] | trainable=33792/33792 | non_lora_trainable=0 | lora_l2=5.219338e+00 | lora_A_l2=5.025786e+00 | lora_B_l2=1.408178e+00 | component_l2=encoder:5.219338e+00 | lora_abs_max=3.234343e-01 | delta_l2=4.890360e+00 | delta_rel=2.109519e+00 | train_loss=6.156239e-03 | test_loss=6.551691e-03 | nmse=-1.882617e+01
I 06.07/21:59:45 solver.py:224 ] 
=! Best NMSE: -1.8840e+01 (epoch=15)

I 06.07/21:59:47 solver.py:159 ] Epoch: [18/200][20/282] lr: 4.27e-04 | MSE loss: 6.8407e-03 | time: 0.058
I 06.07/21:59:48 solver.py:159 ] Epoch: [18/200][40/282] lr: 4.29e-04 | MSE loss: 6.2652e-03 | time: 0.060
I 06.07/21:59:49 solver.py:159 ] Epoch: [18/200][60/282] lr: 4.30e-04 | MSE loss: 6.3022e-03 | time: 0.059
I 06.07/21:59:50 solver.py:159 ] Epoch: [18/200][80/282] lr: 4.32e-04 | MSE loss: 6.2707e-03 | time: 0.058
I 06.07/21:59:51 solver.py:159 ] Epoch: [18/200][100/282] lr: 4.34e-04 | MSE loss: 6.1388e-03 | time: 0.057
I 06.07/21:59:52 solver.py:159 ] Epoch: [18/200][120/282] lr: 4.36e-04 | MSE loss: 5.9856e-03 | time: 0.057
I 06.07/21:59:53 solver.py:159 ] Epoch: [18/200][140/282] lr: 4.37e-04 | MSE loss: 6.0887e-03 | time: 0.057
I 06.07/21:59:55 solver.py:159 ] Epoch: [18/200][160/282] lr: 4.39e-04 | MSE loss: 6.0576e-03 | time: 0.057
I 06.07/21:59:56 solver.py:159 ] Epoch: [18/200][180/282] lr: 4.41e-04 | MSE loss: 6.1670e-03 | time: 0.057
I 06.07/21:59:57 solver.py:159 ] Epoch: [18/200][200/282] lr: 4.43e-04 | MSE loss: 6.2897e-03 | time: 0.057
I 06.07/21:59:58 solver.py:159 ] Epoch: [18/200][220/282] lr: 4.45e-04 | MSE loss: 6.3469e-03 | time: 0.057
I 06.07/21:59:59 solver.py:159 ] Epoch: [18/200][240/282] lr: 4.46e-04 | MSE loss: 6.2703e-03 | time: 0.057
I 06.07/22:00:00 solver.py:159 ] Epoch: [18/200][260/282] lr: 4.48e-04 | MSE loss: 6.1881e-03 | time: 0.058
I 06.07/22:00:02 solver.py:159 ] Epoch: [18/200][280/282] lr: 4.50e-04 | MSE loss: 6.1821e-03 | time: 0.061
I 06.07/22:00:03 solver.py:169 ] => Train  Loss: 6.1726e-03

I 06.07/22:00:05 solver.py:405 ] [20/32] loss: 7.3855e-03 | NMSE: -1.7921e+01 | time: 0.101
I 06.07/22:00:05 solver.py:413 ] => Test NMSE: -1.8824e+01

I 06.07/22:00:05 solver.py:345 ] => LoRA monitor [epoch=18] | trainable=33792/33792 | non_lora_trainable=0 | lora_l2=5.375957e+00 | lora_A_l2=5.163660e+00 | lora_B_l2=1.495840e+00 | component_l2=encoder:5.375957e+00 | lora_abs_max=3.358984e-01 | delta_l2=5.082542e+00 | delta_rel=2.192419e+00 | train_loss=6.172621e-03 | test_loss=6.555212e-03 | nmse=-1.882383e+01
I 06.07/22:00:05 solver.py:224 ] 
=! Best NMSE: -1.8840e+01 (epoch=15)

I 06.07/22:00:06 solver.py:159 ] Epoch: [19/200][20/282] lr: 4.52e-04 | MSE loss: 5.4457e-03 | time: 0.058
I 06.07/22:00:08 solver.py:159 ] Epoch: [19/200][40/282] lr: 4.54e-04 | MSE loss: 5.3478e-03 | time: 0.059
I 06.07/22:00:09 solver.py:159 ] Epoch: [19/200][60/282] lr: 4.55e-04 | MSE loss: 5.2527e-03 | time: 0.058
I 06.07/22:00:10 solver.py:159 ] Epoch: [19/200][80/282] lr: 4.57e-04 | MSE loss: 5.3231e-03 | time: 0.058
I 06.07/22:00:11 solver.py:159 ] Epoch: [19/200][100/282] lr: 4.59e-04 | MSE loss: 5.4329e-03 | time: 0.058
I 06.07/22:00:12 solver.py:159 ] Epoch: [19/200][120/282] lr: 4.61e-04 | MSE loss: 5.6886e-03 | time: 0.058
I 06.07/22:00:13 solver.py:159 ] Epoch: [19/200][140/282] lr: 4.62e-04 | MSE loss: 5.8799e-03 | time: 0.058
I 06.07/22:00:15 solver.py:159 ] Epoch: [19/200][160/282] lr: 4.64e-04 | MSE loss: 6.0991e-03 | time: 0.058
I 06.07/22:00:16 solver.py:159 ] Epoch: [19/200][180/282] lr: 4.66e-04 | MSE loss: 6.0416e-03 | time: 0.057
I 06.07/22:00:17 solver.py:159 ] Epoch: [19/200][200/282] lr: 4.68e-04 | MSE loss: 5.9386e-03 | time: 0.057
I 06.07/22:00:18 solver.py:159 ] Epoch: [19/200][220/282] lr: 4.70e-04 | MSE loss: 6.0015e-03 | time: 0.058
I 06.07/22:00:19 solver.py:159 ] Epoch: [19/200][240/282] lr: 4.71e-04 | MSE loss: 5.9998e-03 | time: 0.058
I 06.07/22:00:20 solver.py:159 ] Epoch: [19/200][260/282] lr: 4.73e-04 | MSE loss: 6.0467e-03 | time: 0.058
I 06.07/22:00:21 solver.py:159 ] Epoch: [19/200][280/282] lr: 4.75e-04 | MSE loss: 6.1561e-03 | time: 0.057
I 06.07/22:00:21 solver.py:169 ] => Train  Loss: 6.1637e-03

I 06.07/22:00:22 solver.py:405 ] [20/32] loss: 7.3457e-03 | NMSE: -1.7944e+01 | time: 0.050
I 06.07/22:00:23 solver.py:413 ] => Test NMSE: -1.8847e+01

I 06.07/22:00:23 solver.py:345 ] => LoRA monitor [epoch=19] | trainable=33792/33792 | non_lora_trainable=0 | lora_l2=5.535644e+00 | lora_A_l2=5.302374e+00 | lora_B_l2=1.590024e+00 | component_l2=encoder:5.535644e+00 | lora_abs_max=3.420972e-01 | delta_l2=5.273680e+00 | delta_rel=2.274869e+00 | train_loss=6.163699e-03 | test_loss=6.519977e-03 | nmse=-1.884724e+01
I 06.07/22:00:23 solver.py:224 ] 
=! Best NMSE: -1.8847e+01 (epoch=19)

I 06.07/22:00:25 solver.py:159 ] Epoch: [20/200][20/282] lr: 4.77e-04 | MSE loss: 5.1782e-03 | time: 0.058
I 06.07/22:00:26 solver.py:159 ] Epoch: [20/200][40/282] lr: 4.79e-04 | MSE loss: 5.5679e-03 | time: 0.059
I 06.07/22:00:27 solver.py:159 ] Epoch: [20/200][60/282] lr: 4.80e-04 | MSE loss: 5.7979e-03 | time: 0.060
I 06.07/22:00:28 solver.py:159 ] Epoch: [20/200][80/282] lr: 4.82e-04 | MSE loss: 5.8998e-03 | time: 0.058
I 06.07/22:00:29 solver.py:159 ] Epoch: [20/200][100/282] lr: 4.84e-04 | MSE loss: 5.8870e-03 | time: 0.057
I 06.07/22:00:30 solver.py:159 ] Epoch: [20/200][120/282] lr: 4.86e-04 | MSE loss: 5.9569e-03 | time: 0.056
I 06.07/22:00:31 solver.py:159 ] Epoch: [20/200][140/282] lr: 4.87e-04 | MSE loss: 6.0003e-03 | time: 0.056
I 06.07/22:00:32 solver.py:159 ] Epoch: [20/200][160/282] lr: 4.89e-04 | MSE loss: 6.0274e-03 | time: 0.055
I 06.07/22:00:33 solver.py:159 ] Epoch: [20/200][180/282] lr: 4.91e-04 | MSE loss: 6.0389e-03 | time: 0.055
I 06.07/22:00:34 solver.py:159 ] Epoch: [20/200][200/282] lr: 4.93e-04 | MSE loss: 6.0689e-03 | time: 0.055
I 06.07/22:00:36 solver.py:159 ] Epoch: [20/200][220/282] lr: 4.95e-04 | MSE loss: 6.0807e-03 | time: 0.055
I 06.07/22:00:37 solver.py:159 ] Epoch: [20/200][240/282] lr: 4.96e-04 | MSE loss: 6.1133e-03 | time: 0.055
I 06.07/22:00:38 solver.py:159 ] Epoch: [20/200][260/282] lr: 4.98e-04 | MSE loss: 6.1136e-03 | time: 0.055
I 06.07/22:00:39 solver.py:159 ] Epoch: [20/200][280/282] lr: 5.00e-04 | MSE loss: 6.1684e-03 | time: 0.055
I 06.07/22:00:39 solver.py:169 ] => Train  Loss: 6.1444e-03

I 06.07/22:00:40 solver.py:159 ] Epoch: [20/200][20/32] lr: 5.00e-04 | MSE loss: 7.3472e-03 | time: 0.051
I 06.07/22:00:41 solver.py:169 ] => Val  Loss: 6.4266e-03

I 06.07/22:00:42 solver.py:405 ] [20/32] loss: 7.3472e-03 | NMSE: -1.7948e+01 | time: 0.054
I 06.07/22:00:42 solver.py:413 ] => Test NMSE: -1.8848e+01

I 06.07/22:00:42 solver.py:345 ] => LoRA monitor [epoch=20] | trainable=33792/33792 | non_lora_trainable=0 | lora_l2=5.711757e+00 | lora_A_l2=5.457723e+00 | lora_B_l2=1.684465e+00 | component_l2=encoder:5.711757e+00 | lora_abs_max=3.527015e-01 | delta_l2=5.478300e+00 | delta_rel=2.363135e+00 | train_loss=6.144428e-03 | val_loss=6.426589e-03 | test_loss=6.518441e-03 | nmse=-1.884826e+01
I 06.07/22:00:43 solver.py:224 ] 
=! Best NMSE: -1.8848e+01 (epoch=20)

I 06.07/22:00:44 solver.py:159 ] Epoch: [21/200][20/282] lr: 5.00e-04 | MSE loss: 5.6843e-03 | time: 0.062
I 06.07/22:00:45 solver.py:159 ] Epoch: [21/200][40/282] lr: 5.00e-04 | MSE loss: 6.4018e-03 | time: 0.062
I 06.07/22:00:46 solver.py:159 ] Epoch: [21/200][60/282] lr: 5.00e-04 | MSE loss: 6.1422e-03 | time: 0.059
I 06.07/22:00:47 solver.py:159 ] Epoch: [21/200][80/282] lr: 5.00e-04 | MSE loss: 6.2690e-03 | time: 0.058
I 06.07/22:00:49 solver.py:159 ] Epoch: [21/200][100/282] lr: 5.00e-04 | MSE loss: 6.3630e-03 | time: 0.057
I 06.07/22:00:50 solver.py:159 ] Epoch: [21/200][120/282] lr: 5.00e-04 | MSE loss: 6.4284e-03 | time: 0.057
I 06.07/22:00:51 solver.py:159 ] Epoch: [21/200][140/282] lr: 5.00e-04 | MSE loss: 6.1869e-03 | time: 0.057
I 06.07/22:00:52 solver.py:159 ] Epoch: [21/200][160/282] lr: 5.00e-04 | MSE loss: 6.2867e-03 | time: 0.057
I 06.07/22:00:53 solver.py:159 ] Epoch: [21/200][180/282] lr: 5.00e-04 | MSE loss: 6.1474e-03 | time: 0.057
I 06.07/22:00:54 solver.py:159 ] Epoch: [21/200][200/282] lr: 5.00e-04 | MSE loss: 6.1155e-03 | time: 0.057
I 06.07/22:00:55 solver.py:159 ] Epoch: [21/200][220/282] lr: 5.00e-04 | MSE loss: 6.1182e-03 | time: 0.057
I 06.07/22:00:56 solver.py:159 ] Epoch: [21/200][240/282] lr: 5.00e-04 | MSE loss: 6.0885e-03 | time: 0.057
I 06.07/22:00:58 solver.py:159 ] Epoch: [21/200][260/282] lr: 5.00e-04 | MSE loss: 6.1301e-03 | time: 0.057
I 06.07/22:00:59 solver.py:159 ] Epoch: [21/200][280/282] lr: 5.00e-04 | MSE loss: 6.1605e-03 | time: 0.057
I 06.07/22:00:59 solver.py:169 ] => Train  Loss: 6.1425e-03

I 06.07/22:01:00 solver.py:405 ] [20/32] loss: 7.3437e-03 | NMSE: -1.7948e+01 | time: 0.050
I 06.07/22:01:01 solver.py:413 ] => Test NMSE: -1.8846e+01

I 06.07/22:01:01 solver.py:345 ] => LoRA monitor [epoch=21] | trainable=33792/33792 | non_lora_trainable=0 | lora_l2=5.883891e+00 | lora_A_l2=5.604809e+00 | lora_B_l2=1.790610e+00 | component_l2=encoder:5.883891e+00 | lora_abs_max=3.642874e-01 | delta_l2=5.673297e+00 | delta_rel=2.447249e+00 | train_loss=6.142451e-03 | test_loss=6.522488e-03 | nmse=-1.884557e+01
I 06.07/22:01:01 solver.py:224 ] 
=! Best NMSE: -1.8848e+01 (epoch=20)

I 06.07/22:01:03 solver.py:159 ] Epoch: [22/200][20/282] lr: 5.00e-04 | MSE loss: 6.0043e-03 | time: 0.127
I 06.07/22:01:05 solver.py:159 ] Epoch: [22/200][40/282] lr: 5.00e-04 | MSE loss: 5.8697e-03 | time: 0.105
I 06.07/22:01:06 solver.py:159 ] Epoch: [22/200][60/282] lr: 5.00e-04 | MSE loss: 6.1236e-03 | time: 0.088
I 06.07/22:01:07 solver.py:159 ] Epoch: [22/200][80/282] lr: 5.00e-04 | MSE loss: 6.3393e-03 | time: 0.079
I 06.07/22:01:08 solver.py:159 ] Epoch: [22/200][100/282] lr: 5.00e-04 | MSE loss: 6.1100e-03 | time: 0.074
I 06.07/22:01:09 solver.py:159 ] Epoch: [22/200][120/282] lr: 5.00e-04 | MSE loss: 5.9491e-03 | time: 0.071
I 06.07/22:01:10 solver.py:159 ] Epoch: [22/200][140/282] lr: 5.00e-04 | MSE loss: 6.0195e-03 | time: 0.069
I 06.07/22:01:12 solver.py:159 ] Epoch: [22/200][160/282] lr: 5.00e-04 | MSE loss: 5.9158e-03 | time: 0.067
I 06.07/22:01:13 solver.py:159 ] Epoch: [22/200][180/282] lr: 5.00e-04 | MSE loss: 6.1369e-03 | time: 0.065
I 06.07/22:01:14 solver.py:159 ] Epoch: [22/200][200/282] lr: 5.00e-04 | MSE loss: 6.1337e-03 | time: 0.064
I 06.07/22:01:15 solver.py:159 ] Epoch: [22/200][220/282] lr: 5.00e-04 | MSE loss: 6.1651e-03 | time: 0.064
I 06.07/22:01:16 solver.py:159 ] Epoch: [22/200][240/282] lr: 5.00e-04 | MSE loss: 6.1177e-03 | time: 0.063
I 06.07/22:01:17 solver.py:159 ] Epoch: [22/200][260/282] lr: 5.00e-04 | MSE loss: 6.1979e-03 | time: 0.063
I 06.07/22:01:18 solver.py:159 ] Epoch: [22/200][280/282] lr: 5.00e-04 | MSE loss: 6.1700e-03 | time: 0.062
I 06.07/22:01:18 solver.py:169 ] => Train  Loss: 6.1348e-03

I 06.07/22:01:20 solver.py:405 ] [20/32] loss: 7.3450e-03 | NMSE: -1.7954e+01 | time: 0.053
I 06.07/22:01:20 solver.py:413 ] => Test NMSE: -1.8852e+01

I 06.07/22:01:20 solver.py:345 ] => LoRA monitor [epoch=22] | trainable=33792/33792 | non_lora_trainable=0 | lora_l2=6.028598e+00 | lora_A_l2=5.728758e+00 | lora_B_l2=1.877586e+00 | component_l2=encoder:6.028598e+00 | lora_abs_max=3.742054e-01 | delta_l2=5.841904e+00 | delta_rel=2.519980e+00 | train_loss=6.134846e-03 | test_loss=6.512128e-03 | nmse=-1.885247e+01
I 06.07/22:01:21 solver.py:224 ] 
=! Best NMSE: -1.8852e+01 (epoch=22)

I 06.07/22:01:22 solver.py:159 ] Epoch: [23/200][20/282] lr: 5.00e-04 | MSE loss: 5.1634e-03 | time: 0.061
I 06.07/22:01:23 solver.py:159 ] Epoch: [23/200][40/282] lr: 5.00e-04 | MSE loss: 5.5788e-03 | time: 0.062
I 06.07/22:01:24 solver.py:159 ] Epoch: [23/200][60/282] lr: 5.00e-04 | MSE loss: 6.3064e-03 | time: 0.061
I 06.07/22:01:25 solver.py:159 ] Epoch: [23/200][80/282] lr: 5.00e-04 | MSE loss: 6.2670e-03 | time: 0.059
I 06.07/22:01:26 solver.py:159 ] Epoch: [23/200][100/282] lr: 5.00e-04 | MSE loss: 6.2675e-03 | time: 0.059
I 06.07/22:01:28 solver.py:159 ] Epoch: [23/200][120/282] lr: 5.00e-04 | MSE loss: 6.2717e-03 | time: 0.058
I 06.07/22:01:29 solver.py:159 ] Epoch: [23/200][140/282] lr: 5.00e-04 | MSE loss: 6.1731e-03 | time: 0.058
I 06.07/22:01:30 solver.py:159 ] Epoch: [23/200][160/282] lr: 5.00e-04 | MSE loss: 6.2080e-03 | time: 0.057
I 06.07/22:01:31 solver.py:159 ] Epoch: [23/200][180/282] lr: 5.00e-04 | MSE loss: 6.1828e-03 | time: 0.057
I 06.07/22:01:32 solver.py:159 ] Epoch: [23/200][200/282] lr: 5.00e-04 | MSE loss: 6.3005e-03 | time: 0.056
I 06.07/22:01:33 solver.py:159 ] Epoch: [23/200][220/282] lr: 5.00e-04 | MSE loss: 6.3612e-03 | time: 0.057
I 06.07/22:01:34 solver.py:159 ] Epoch: [23/200][240/282] lr: 5.00e-04 | MSE loss: 6.2531e-03 | time: 0.057
I 06.07/22:01:35 solver.py:159 ] Epoch: [23/200][260/282] lr: 5.00e-04 | MSE loss: 6.1588e-03 | time: 0.057
I 06.07/22:01:37 solver.py:159 ] Epoch: [23/200][280/282] lr: 5.00e-04 | MSE loss: 6.1511e-03 | time: 0.057
I 06.07/22:01:37 solver.py:169 ] => Train  Loss: 6.1252e-03

I 06.07/22:01:38 solver.py:405 ] [20/32] loss: 7.3043e-03 | NMSE: -1.7975e+01 | time: 0.047
I 06.07/22:01:38 solver.py:413 ] => Test NMSE: -1.8877e+01

I 06.07/22:01:38 solver.py:345 ] => LoRA monitor [epoch=23] | trainable=33792/33792 | non_lora_trainable=0 | lora_l2=6.182336e+00 | lora_A_l2=5.860999e+00 | lora_B_l2=1.967225e+00 | component_l2=encoder:6.182336e+00 | lora_abs_max=3.939034e-01 | delta_l2=6.014136e+00 | delta_rel=2.594274e+00 | train_loss=6.125222e-03 | test_loss=6.475334e-03 | nmse=-1.887708e+01
I 06.07/22:01:38 solver.py:224 ] 
=! Best NMSE: -1.8877e+01 (epoch=23)

I 06.07/22:01:40 solver.py:159 ] Epoch: [24/200][20/282] lr: 5.00e-04 | MSE loss: 5.8403e-03 | time: 0.058
I 06.07/22:01:41 solver.py:159 ] Epoch: [24/200][40/282] lr: 5.00e-04 | MSE loss: 5.7943e-03 | time: 0.054
I 06.07/22:01:42 solver.py:159 ] Epoch: [24/200][60/282] lr: 5.00e-04 | MSE loss: 5.3627e-03 | time: 0.055
I 06.07/22:01:43 solver.py:159 ] Epoch: [24/200][80/282] lr: 5.00e-04 | MSE loss: 5.5340e-03 | time: 0.056
I 06.07/22:01:44 solver.py:159 ] Epoch: [24/200][100/282] lr: 5.00e-04 | MSE loss: 5.5732e-03 | time: 0.057
I 06.07/22:01:45 solver.py:159 ] Epoch: [24/200][120/282] lr: 5.00e-04 | MSE loss: 5.6465e-03 | time: 0.057
I 06.07/22:01:46 solver.py:159 ] Epoch: [24/200][140/282] lr: 5.00e-04 | MSE loss: 5.5651e-03 | time: 0.057
I 06.07/22:01:48 solver.py:159 ] Epoch: [24/200][160/282] lr: 5.00e-04 | MSE loss: 5.5848e-03 | time: 0.057
I 06.07/22:01:49 solver.py:159 ] Epoch: [24/200][180/282] lr: 5.00e-04 | MSE loss: 5.6360e-03 | time: 0.057
I 06.07/22:01:50 solver.py:159 ] Epoch: [24/200][200/282] lr: 5.00e-04 | MSE loss: 5.8384e-03 | time: 0.057
I 06.07/22:01:51 solver.py:159 ] Epoch: [24/200][220/282] lr: 5.00e-04 | MSE loss: 5.9510e-03 | time: 0.057
I 06.07/22:01:52 solver.py:159 ] Epoch: [24/200][240/282] lr: 4.99e-04 | MSE loss: 6.0758e-03 | time: 0.057
I 06.07/22:01:53 solver.py:159 ] Epoch: [24/200][260/282] lr: 4.99e-04 | MSE loss: 6.1145e-03 | time: 0.057
I 06.07/22:01:55 solver.py:159 ] Epoch: [24/200][280/282] lr: 4.99e-04 | MSE loss: 6.1465e-03 | time: 0.057
I 06.07/22:01:55 solver.py:169 ] => Train  Loss: 6.1182e-03

I 06.07/22:01:56 solver.py:405 ] [20/32] loss: 7.3076e-03 | NMSE: -1.7967e+01 | time: 0.051
I 06.07/22:01:56 solver.py:413 ] => Test NMSE: -1.8871e+01

I 06.07/22:01:56 solver.py:345 ] => LoRA monitor [epoch=24] | trainable=33792/33792 | non_lora_trainable=0 | lora_l2=6.331920e+00 | lora_A_l2=5.986077e+00 | lora_B_l2=2.063998e+00 | component_l2=encoder:6.331920e+00 | lora_abs_max=4.086791e-01 | delta_l2=6.178317e+00 | delta_rel=2.665096e+00 | train_loss=6.118177e-03 | test_loss=6.485101e-03 | nmse=-1.887053e+01
I 06.07/22:01:56 solver.py:224 ] 
=! Best NMSE: -1.8877e+01 (epoch=23)

I 06.07/22:01:57 solver.py:159 ] Epoch: [25/200][20/282] lr: 4.99e-04 | MSE loss: 6.7701e-03 | time: 0.060
I 06.07/22:01:59 solver.py:159 ] Epoch: [25/200][40/282] lr: 4.99e-04 | MSE loss: 6.8507e-03 | time: 0.058
I 06.07/22:02:00 solver.py:159 ] Epoch: [25/200][60/282] lr: 4.99e-04 | MSE loss: 6.5820e-03 | time: 0.059
I 06.07/22:02:02 solver.py:159 ] Epoch: [25/200][80/282] lr: 4.99e-04 | MSE loss: 6.5837e-03 | time: 0.069
I 06.07/22:02:04 solver.py:159 ] Epoch: [25/200][100/282] lr: 4.99e-04 | MSE loss: 6.6813e-03 | time: 0.079
I 06.07/22:02:05 solver.py:159 ] Epoch: [25/200][120/282] lr: 4.99e-04 | MSE loss: 6.6950e-03 | time: 0.076
I 06.07/22:02:07 solver.py:159 ] Epoch: [25/200][140/282] lr: 4.99e-04 | MSE loss: 6.4429e-03 | time: 0.073
I 06.07/22:02:08 solver.py:159 ] Epoch: [25/200][160/282] lr: 4.99e-04 | MSE loss: 6.3494e-03 | time: 0.072
I 06.07/22:02:09 solver.py:159 ] Epoch: [25/200][180/282] lr: 4.99e-04 | MSE loss: 6.2264e-03 | time: 0.070
I 06.07/22:02:10 solver.py:159 ] Epoch: [25/200][200/282] lr: 4.99e-04 | MSE loss: 6.1606e-03 | time: 0.069
I 06.07/22:02:11 solver.py:159 ] Epoch: [25/200][220/282] lr: 4.99e-04 | MSE loss: 6.2692e-03 | time: 0.068
I 06.07/22:02:12 solver.py:159 ] Epoch: [25/200][240/282] lr: 4.99e-04 | MSE loss: 6.2411e-03 | time: 0.067
I 06.07/22:02:13 solver.py:159 ] Epoch: [25/200][260/282] lr: 4.99e-04 | MSE loss: 6.1483e-03 | time: 0.066
I 06.07/22:02:15 solver.py:159 ] Epoch: [25/200][280/282] lr: 4.99e-04 | MSE loss: 6.1199e-03 | time: 0.065
I 06.07/22:02:15 solver.py:169 ] => Train  Loss: 6.1309e-03

I 06.07/22:02:16 solver.py:405 ] [20/32] loss: 7.2862e-03 | NMSE: -1.7983e+01 | time: 0.048
I 06.07/22:02:16 solver.py:413 ] => Test NMSE: -1.8885e+01

I 06.07/22:02:16 solver.py:345 ] => LoRA monitor [epoch=25] | trainable=33792/33792 | non_lora_trainable=0 | lora_l2=6.473933e+00 | lora_A_l2=6.107900e+00 | lora_B_l2=2.146012e+00 | component_l2=encoder:6.473933e+00 | lora_abs_max=4.286942e-01 | delta_l2=6.334779e+00 | delta_rel=2.732588e+00 | train_loss=6.130925e-03 | test_loss=6.463089e-03 | nmse=-1.888530e+01
I 06.07/22:02:17 solver.py:224 ] 
=! Best NMSE: -1.8885e+01 (epoch=25)

I 06.07/22:02:18 solver.py:159 ] Epoch: [26/200][20/282] lr: 4.99e-04 | MSE loss: 6.2998e-03 | time: 0.059
I 06.07/22:02:19 solver.py:159 ] Epoch: [26/200][40/282] lr: 4.99e-04 | MSE loss: 6.2234e-03 | time: 0.060
I 06.07/22:02:20 solver.py:159 ] Epoch: [26/200][60/282] lr: 4.99e-04 | MSE loss: 6.3218e-03 | time: 0.058
I 06.07/22:02:22 solver.py:159 ] Epoch: [26/200][80/282] lr: 4.99e-04 | MSE loss: 6.1777e-03 | time: 0.059
I 06.07/22:02:23 solver.py:159 ] Epoch: [26/200][100/282] lr: 4.99e-04 | MSE loss: 6.4423e-03 | time: 0.058
I 06.07/22:02:24 solver.py:159 ] Epoch: [26/200][120/282] lr: 4.99e-04 | MSE loss: 6.2443e-03 | time: 0.057
I 06.07/22:02:25 solver.py:159 ] Epoch: [26/200][140/282] lr: 4.99e-04 | MSE loss: 6.2075e-03 | time: 0.057
I 06.07/22:02:26 solver.py:159 ] Epoch: [26/200][160/282] lr: 4.99e-04 | MSE loss: 6.1650e-03 | time: 0.057
I 06.07/22:02:27 solver.py:159 ] Epoch: [26/200][180/282] lr: 4.99e-04 | MSE loss: 6.3695e-03 | time: 0.056
I 06.07/22:02:28 solver.py:159 ] Epoch: [26/200][200/282] lr: 4.99e-04 | MSE loss: 6.3049e-03 | time: 0.056
I 06.07/22:02:29 solver.py:159 ] Epoch: [26/200][220/282] lr: 4.99e-04 | MSE loss: 6.2415e-03 | time: 0.056
I 06.07/22:02:30 solver.py:159 ] Epoch: [26/200][240/282] lr: 4.99e-04 | MSE loss: 6.1826e-03 | time: 0.056
I 06.07/22:02:31 solver.py:159 ] Epoch: [26/200][260/282] lr: 4.99e-04 | MSE loss: 6.1626e-03 | time: 0.056
I 06.07/22:02:32 solver.py:159 ] Epoch: [26/200][280/282] lr: 4.99e-04 | MSE loss: 6.1350e-03 | time: 0.056
I 06.07/22:02:32 solver.py:169 ] => Train  Loss: 6.1107e-03

I 06.07/22:02:34 solver.py:405 ] [20/32] loss: 7.2911e-03 | NMSE: -1.7981e+01 | time: 0.052
I 06.07/22:02:34 solver.py:413 ] => Test NMSE: -1.8879e+01

I 06.07/22:02:34 solver.py:345 ] => LoRA monitor [epoch=26] | trainable=33792/33792 | non_lora_trainable=0 | lora_l2=6.605022e+00 | lora_A_l2=6.216742e+00 | lora_B_l2=2.231241e+00 | component_l2=encoder:6.605022e+00 | lora_abs_max=4.421000e-01 | delta_l2=6.477436e+00 | delta_rel=2.794125e+00 | train_loss=6.110709e-03 | test_loss=6.472284e-03 | nmse=-1.887913e+01
I 06.07/22:02:34 solver.py:224 ] 
=! Best NMSE: -1.8885e+01 (epoch=25)

I 06.07/22:02:35 solver.py:159 ] Epoch: [27/200][20/282] lr: 4.99e-04 | MSE loss: 7.4143e-03 | time: 0.062
I 06.07/22:02:36 solver.py:159 ] Epoch: [27/200][40/282] lr: 4.99e-04 | MSE loss: 6.4616e-03 | time: 0.059
I 06.07/22:02:38 solver.py:159 ] Epoch: [27/200][60/282] lr: 4.99e-04 | MSE loss: 5.8600e-03 | time: 0.059
I 06.07/22:02:39 solver.py:159 ] Epoch: [27/200][80/282] lr: 4.99e-04 | MSE loss: 5.7831e-03 | time: 0.059
I 06.07/22:02:40 solver.py:159 ] Epoch: [27/200][100/282] lr: 4.99e-04 | MSE loss: 5.8331e-03 | time: 0.058
I 06.07/22:02:41 solver.py:159 ] Epoch: [27/200][120/282] lr: 4.99e-04 | MSE loss: 5.6657e-03 | time: 0.057
I 06.07/22:02:42 solver.py:159 ] Epoch: [27/200][140/282] lr: 4.99e-04 | MSE loss: 5.8564e-03 | time: 0.057
I 06.07/22:02:43 solver.py:159 ] Epoch: [27/200][160/282] lr: 4.99e-04 | MSE loss: 6.0062e-03 | time: 0.057
I 06.07/22:02:44 solver.py:159 ] Epoch: [27/200][180/282] lr: 4.98e-04 | MSE loss: 6.0112e-03 | time: 0.057
I 06.07/22:02:46 solver.py:159 ] Epoch: [27/200][200/282] lr: 4.98e-04 | MSE loss: 6.0858e-03 | time: 0.057
I 06.07/22:02:47 solver.py:159 ] Epoch: [27/200][220/282] lr: 4.98e-04 | MSE loss: 5.9708e-03 | time: 0.057
I 06.07/22:02:48 solver.py:159 ] Epoch: [27/200][240/282] lr: 4.98e-04 | MSE loss: 6.0355e-03 | time: 0.057
I 06.07/22:02:49 solver.py:159 ] Epoch: [27/200][260/282] lr: 4.98e-04 | MSE loss: 6.1193e-03 | time: 0.057
I 06.07/22:02:50 solver.py:159 ] Epoch: [27/200][280/282] lr: 4.98e-04 | MSE loss: 6.1156e-03 | time: 0.057
I 06.07/22:02:50 solver.py:169 ] => Train  Loss: 6.0993e-03

I 06.07/22:02:51 solver.py:405 ] [20/32] loss: 7.3128e-03 | NMSE: -1.7968e+01 | time: 0.052
I 06.07/22:02:52 solver.py:413 ] => Test NMSE: -1.8866e+01

I 06.07/22:02:52 solver.py:345 ] => LoRA monitor [epoch=27] | trainable=33792/33792 | non_lora_trainable=0 | lora_l2=6.744469e+00 | lora_A_l2=6.335061e+00 | lora_B_l2=2.314058e+00 | component_l2=encoder:6.744469e+00 | lora_abs_max=4.611557e-01 | delta_l2=6.627842e+00 | delta_rel=2.859004e+00 | train_loss=6.099306e-03 | test_loss=6.491286e-03 | nmse=-1.886639e+01
I 06.07/22:02:52 solver.py:224 ] 
=! Best NMSE: -1.8885e+01 (epoch=25)

I 06.07/22:02:53 solver.py:159 ] Epoch: [28/200][20/282] lr: 4.98e-04 | MSE loss: 6.3282e-03 | time: 0.061
I 06.07/22:02:54 solver.py:159 ] Epoch: [28/200][40/282] lr: 4.98e-04 | MSE loss: 5.6176e-03 | time: 0.056
I 06.07/22:02:55 solver.py:159 ] Epoch: [28/200][60/282] lr: 4.98e-04 | MSE loss: 5.9159e-03 | time: 0.055
I 06.07/22:02:56 solver.py:159 ] Epoch: [28/200][80/282] lr: 4.98e-04 | MSE loss: 5.9007e-03 | time: 0.055
I 06.07/22:02:57 solver.py:159 ] Epoch: [28/200][100/282] lr: 4.98e-04 | MSE loss: 5.9982e-03 | time: 0.056
I 06.07/22:02:58 solver.py:159 ] Epoch: [28/200][120/282] lr: 4.98e-04 | MSE loss: 6.0081e-03 | time: 0.056
I 06.07/22:03:00 solver.py:159 ] Epoch: [28/200][140/282] lr: 4.98e-04 | MSE loss: 6.2950e-03 | time: 0.055
I 06.07/22:03:01 solver.py:159 ] Epoch: [28/200][160/282] lr: 4.98e-04 | MSE loss: 6.0858e-03 | time: 0.058
I 06.07/22:03:03 solver.py:159 ] Epoch: [28/200][180/282] lr: 4.98e-04 | MSE loss: 6.1456e-03 | time: 0.064
I 06.07/22:03:05 solver.py:159 ] Epoch: [28/200][200/282] lr: 4.98e-04 | MSE loss: 6.1745e-03 | time: 0.066
I 06.07/22:03:06 solver.py:159 ] Epoch: [28/200][220/282] lr: 4.98e-04 | MSE loss: 6.1696e-03 | time: 0.065
I 06.07/22:03:07 solver.py:159 ] Epoch: [28/200][240/282] lr: 4.98e-04 | MSE loss: 6.1973e-03 | time: 0.064
I 06.07/22:03:08 solver.py:159 ] Epoch: [28/200][260/282] lr: 4.98e-04 | MSE loss: 6.1294e-03 | time: 0.064
I 06.07/22:03:09 solver.py:159 ] Epoch: [28/200][280/282] lr: 4.98e-04 | MSE loss: 6.1213e-03 | time: 0.063
I 06.07/22:03:09 solver.py:169 ] => Train  Loss: 6.1074e-03

I 06.07/22:03:11 solver.py:405 ] [20/32] loss: 7.3361e-03 | NMSE: -1.7954e+01 | time: 0.049
I 06.07/22:03:11 solver.py:413 ] => Test NMSE: -1.8857e+01

I 06.07/22:03:11 solver.py:345 ] => LoRA monitor [epoch=28] | trainable=33792/33792 | non_lora_trainable=0 | lora_l2=6.876289e+00 | lora_A_l2=6.447374e+00 | lora_B_l2=2.390547e+00 | component_l2=encoder:6.876289e+00 | lora_abs_max=4.818909e-01 | delta_l2=6.771300e+00 | delta_rel=2.920887e+00 | train_loss=6.107450e-03 | test_loss=6.505044e-03 | nmse=-1.885720e+01
I 06.07/22:03:11 solver.py:224 ] 
=! Best NMSE: -1.8885e+01 (epoch=25)

I 06.07/22:03:12 solver.py:159 ] Epoch: [29/200][20/282] lr: 4.98e-04 | MSE loss: 6.2061e-03 | time: 0.058
I 06.07/22:03:13 solver.py:159 ] Epoch: [29/200][40/282] lr: 4.98e-04 | MSE loss: 6.1856e-03 | time: 0.057
I 06.07/22:03:14 solver.py:159 ] Epoch: [29/200][60/282] lr: 4.98e-04 | MSE loss: 6.1931e-03 | time: 0.057
I 06.07/22:03:15 solver.py:159 ] Epoch: [29/200][80/282] lr: 4.98e-04 | MSE loss: 6.0693e-03 | time: 0.055
I 06.07/22:03:17 solver.py:159 ] Epoch: [29/200][100/282] lr: 4.98e-04 | MSE loss: 6.2274e-03 | time: 0.054
I 06.07/22:03:18 solver.py:159 ] Epoch: [29/200][120/282] lr: 4.98e-04 | MSE loss: 6.0496e-03 | time: 0.055
I 06.07/22:03:19 solver.py:159 ] Epoch: [29/200][140/282] lr: 4.98e-04 | MSE loss: 6.1492e-03 | time: 0.055
I 06.07/22:03:20 solver.py:159 ] Epoch: [29/200][160/282] lr: 4.97e-04 | MSE loss: 6.0909e-03 | time: 0.055
I 06.07/22:03:21 solver.py:159 ] Epoch: [29/200][180/282] lr: 4.97e-04 | MSE loss: 6.2173e-03 | time: 0.055
I 06.07/22:03:22 solver.py:159 ] Epoch: [29/200][200/282] lr: 4.97e-04 | MSE loss: 6.2333e-03 | time: 0.055
I 06.07/22:03:23 solver.py:159 ] Epoch: [29/200][220/282] lr: 4.97e-04 | MSE loss: 6.3467e-03 | time: 0.055
I 06.07/22:03:24 solver.py:159 ] Epoch: [29/200][240/282] lr: 4.97e-04 | MSE loss: 6.1613e-03 | time: 0.055
I 06.07/22:03:25 solver.py:159 ] Epoch: [29/200][260/282] lr: 4.97e-04 | MSE loss: 6.1783e-03 | time: 0.055
I 06.07/22:03:27 solver.py:159 ] Epoch: [29/200][280/282] lr: 4.97e-04 | MSE loss: 6.0966e-03 | time: 0.055
I 06.07/22:03:27 solver.py:169 ] => Train  Loss: 6.1128e-03

I 06.07/22:03:28 solver.py:405 ] [20/32] loss: 7.2861e-03 | NMSE: -1.7981e+01 | time: 0.050
I 06.07/22:03:28 solver.py:413 ] => Test NMSE: -1.8886e+01

I 06.07/22:03:28 solver.py:345 ] => LoRA monitor [epoch=29] | trainable=33792/33792 | non_lora_trainable=0 | lora_l2=7.009948e+00 | lora_A_l2=6.560785e+00 | lora_B_l2=2.468903e+00 | component_l2=encoder:7.009948e+00 | lora_abs_max=4.978288e-01 | delta_l2=6.912901e+00 | delta_rel=2.981968e+00 | train_loss=6.112849e-03 | test_loss=6.462479e-03 | nmse=-1.888571e+01
I 06.07/22:03:29 solver.py:224 ] 
=! Best NMSE: -1.8886e+01 (epoch=29)

I 06.07/22:03:30 solver.py:159 ] Epoch: [30/200][20/282] lr: 4.97e-04 | MSE loss: 7.1886e-03 | time: 0.056
I 06.07/22:03:31 solver.py:159 ] Epoch: [30/200][40/282] lr: 4.97e-04 | MSE loss: 6.6490e-03 | time: 0.055
I 06.07/22:03:32 solver.py:159 ] Epoch: [30/200][60/282] lr: 4.97e-04 | MSE loss: 6.2691e-03 | time: 0.055
I 06.07/22:03:33 solver.py:159 ] Epoch: [30/200][80/282] lr: 4.97e-04 | MSE loss: 5.9379e-03 | time: 0.057
I 06.07/22:03:34 solver.py:159 ] Epoch: [30/200][100/282] lr: 4.97e-04 | MSE loss: 5.7951e-03 | time: 0.056
I 06.07/22:03:36 solver.py:159 ] Epoch: [30/200][120/282] lr: 4.97e-04 | MSE loss: 5.8702e-03 | time: 0.057
I 06.07/22:03:37 solver.py:159 ] Epoch: [30/200][140/282] lr: 4.97e-04 | MSE loss: 5.7141e-03 | time: 0.056
I 06.07/22:03:38 solver.py:159 ] Epoch: [30/200][160/282] lr: 4.97e-04 | MSE loss: 5.7577e-03 | time: 0.056
I 06.07/22:03:39 solver.py:159 ] Epoch: [30/200][180/282] lr: 4.97e-04 | MSE loss: 5.7538e-03 | time: 0.057
I 06.07/22:03:40 solver.py:159 ] Epoch: [30/200][200/282] lr: 4.97e-04 | MSE loss: 5.8805e-03 | time: 0.057
I 06.07/22:03:41 solver.py:159 ] Epoch: [30/200][220/282] lr: 4.97e-04 | MSE loss: 5.9231e-03 | time: 0.056
I 06.07/22:03:42 solver.py:159 ] Epoch: [30/200][240/282] lr: 4.97e-04 | MSE loss: 6.0271e-03 | time: 0.056
I 06.07/22:03:43 solver.py:159 ] Epoch: [30/200][260/282] lr: 4.97e-04 | MSE loss: 6.0102e-03 | time: 0.056
I 06.07/22:03:44 solver.py:159 ] Epoch: [30/200][280/282] lr: 4.97e-04 | MSE loss: 6.0927e-03 | time: 0.056
I 06.07/22:03:44 solver.py:169 ] => Train  Loss: 6.1034e-03

I 06.07/22:03:45 solver.py:159 ] Epoch: [30/200][20/32] lr: 4.97e-04 | MSE loss: 7.2799e-03 | time: 0.045
I 06.07/22:03:46 solver.py:169 ] => Val  Loss: 6.3628e-03

I 06.07/22:03:47 solver.py:405 ] [20/32] loss: 7.2799e-03 | NMSE: -1.7989e+01 | time: 0.054
I 06.07/22:03:47 solver.py:413 ] => Test NMSE: -1.8890e+01

I 06.07/22:03:47 solver.py:345 ] => LoRA monitor [epoch=30] | trainable=33792/33792 | non_lora_trainable=0 | lora_l2=7.137763e+00 | lora_A_l2=6.663663e+00 | lora_B_l2=2.557977e+00 | component_l2=encoder:7.137763e+00 | lora_abs_max=5.133113e-01 | delta_l2=7.048619e+00 | delta_rel=3.040512e+00 | train_loss=6.103356e-03 | val_loss=6.362815e-03 | test_loss=6.455762e-03 | nmse=-1.889023e+01
I 06.07/22:03:48 solver.py:224 ] 
=! Best NMSE: -1.8890e+01 (epoch=30)

I 06.07/22:03:49 solver.py:159 ] Epoch: [31/200][20/282] lr: 4.97e-04 | MSE loss: 5.0936e-03 | time: 0.058
I 06.07/22:03:50 solver.py:159 ] Epoch: [31/200][40/282] lr: 4.96e-04 | MSE loss: 5.8839e-03 | time: 0.060
I 06.07/22:03:51 solver.py:159 ] Epoch: [31/200][60/282] lr: 4.96e-04 | MSE loss: 5.7956e-03 | time: 0.057
I 06.07/22:03:52 solver.py:159 ] Epoch: [31/200][80/282] lr: 4.96e-04 | MSE loss: 5.7729e-03 | time: 0.058
I 06.07/22:03:53 solver.py:159 ] Epoch: [31/200][100/282] lr: 4.96e-04 | MSE loss: 5.8422e-03 | time: 0.057
I 06.07/22:03:55 solver.py:159 ] Epoch: [31/200][120/282] lr: 4.96e-04 | MSE loss: 5.8796e-03 | time: 0.057
I 06.07/22:03:56 solver.py:159 ] Epoch: [31/200][140/282] lr: 4.96e-04 | MSE loss: 5.9723e-03 | time: 0.057
I 06.07/22:03:57 solver.py:159 ] Epoch: [31/200][160/282] lr: 4.96e-04 | MSE loss: 5.8058e-03 | time: 0.056
I 06.07/22:03:58 solver.py:159 ] Epoch: [31/200][180/282] lr: 4.96e-04 | MSE loss: 5.8909e-03 | time: 0.056
I 06.07/22:03:59 solver.py:159 ] Epoch: [31/200][200/282] lr: 4.96e-04 | MSE loss: 5.9689e-03 | time: 0.056
I 06.07/22:04:00 solver.py:159 ] Epoch: [31/200][220/282] lr: 4.96e-04 | MSE loss: 5.9248e-03 | time: 0.056
I 06.07/22:04:02 solver.py:159 ] Epoch: [31/200][240/282] lr: 4.96e-04 | MSE loss: 5.9215e-03 | time: 0.059
I 06.07/22:04:04 solver.py:159 ] Epoch: [31/200][260/282] lr: 4.96e-04 | MSE loss: 5.9683e-03 | time: 0.063
I 06.07/22:04:06 solver.py:159 ] Epoch: [31/200][280/282] lr: 4.96e-04 | MSE loss: 6.1097e-03 | time: 0.064
I 06.07/22:04:06 solver.py:169 ] => Train  Loss: 6.0939e-03

I 06.07/22:04:07 solver.py:405 ] [20/32] loss: 7.2650e-03 | NMSE: -1.8000e+01 | time: 0.050
I 06.07/22:04:07 solver.py:413 ] => Test NMSE: -1.8895e+01

I 06.07/22:04:07 solver.py:345 ] => LoRA monitor [epoch=31] | trainable=33792/33792 | non_lora_trainable=0 | lora_l2=7.252891e+00 | lora_A_l2=6.757971e+00 | lora_B_l2=2.633298e+00 | component_l2=encoder:7.252891e+00 | lora_abs_max=5.265352e-01 | delta_l2=7.171732e+00 | delta_rel=3.093618e+00 | train_loss=6.093864e-03 | test_loss=6.449217e-03 | nmse=-1.889463e+01
I 06.07/22:04:08 solver.py:224 ] 
=! Best NMSE: -1.8895e+01 (epoch=31)

I 06.07/22:04:09 solver.py:159 ] Epoch: [32/200][20/282] lr: 4.96e-04 | MSE loss: 6.4717e-03 | time: 0.059
I 06.07/22:04:10 solver.py:159 ] Epoch: [32/200][40/282] lr: 4.96e-04 | MSE loss: 6.0537e-03 | time: 0.058
I 06.07/22:04:11 solver.py:159 ] Epoch: [32/200][60/282] lr: 4.96e-04 | MSE loss: 6.0555e-03 | time: 0.057
I 06.07/22:04:12 solver.py:159 ] Epoch: [32/200][80/282] lr: 4.96e-04 | MSE loss: 6.1518e-03 | time: 0.057
I 06.07/22:04:13 solver.py:159 ] Epoch: [32/200][100/282] lr: 4.96e-04 | MSE loss: 5.9035e-03 | time: 0.057
I 06.07/22:04:14 solver.py:159 ] Epoch: [32/200][120/282] lr: 4.96e-04 | MSE loss: 5.9028e-03 | time: 0.057
I 06.07/22:04:16 solver.py:159 ] Epoch: [32/200][140/282] lr: 4.95e-04 | MSE loss: 5.8406e-03 | time: 0.056
I 06.07/22:04:17 solver.py:159 ] Epoch: [32/200][160/282] lr: 4.95e-04 | MSE loss: 5.8879e-03 | time: 0.057
I 06.07/22:04:18 solver.py:159 ] Epoch: [32/200][180/282] lr: 4.95e-04 | MSE loss: 5.8451e-03 | time: 0.056
I 06.07/22:04:19 solver.py:159 ] Epoch: [32/200][200/282] lr: 4.95e-04 | MSE loss: 5.9016e-03 | time: 0.056
I 06.07/22:04:20 solver.py:159 ] Epoch: [32/200][220/282] lr: 4.95e-04 | MSE loss: 6.0603e-03 | time: 0.056
I 06.07/22:04:21 solver.py:159 ] Epoch: [32/200][240/282] lr: 4.95e-04 | MSE loss: 6.0318e-03 | time: 0.056
I 06.07/22:04:22 solver.py:159 ] Epoch: [32/200][260/282] lr: 4.95e-04 | MSE loss: 6.0331e-03 | time: 0.056
I 06.07/22:04:23 solver.py:159 ] Epoch: [32/200][280/282] lr: 4.95e-04 | MSE loss: 6.0860e-03 | time: 0.056
I 06.07/22:04:23 solver.py:169 ] => Train  Loss: 6.1714e-03

I 06.07/22:04:24 solver.py:405 ] [20/32] loss: 7.2806e-03 | NMSE: -1.7983e+01 | time: 0.041
I 06.07/22:04:25 solver.py:413 ] => Test NMSE: -1.8884e+01

I 06.07/22:04:25 solver.py:345 ] => LoRA monitor [epoch=32] | trainable=33792/33792 | non_lora_trainable=0 | lora_l2=7.367902e+00 | lora_A_l2=6.849827e+00 | lora_B_l2=2.714011e+00 | component_l2=encoder:7.367902e+00 | lora_abs_max=5.411457e-01 | delta_l2=7.293354e+00 | delta_rel=3.146081e+00 | train_loss=6.171444e-03 | test_loss=6.464915e-03 | nmse=-1.888407e+01
I 06.07/22:04:25 solver.py:224 ] 
=! Best NMSE: -1.8895e+01 (epoch=31)

I 06.07/22:04:26 solver.py:159 ] Epoch: [33/200][20/282] lr: 4.95e-04 | MSE loss: 6.6355e-03 | time: 0.058
I 06.07/22:04:27 solver.py:159 ] Epoch: [33/200][40/282] lr: 4.95e-04 | MSE loss: 6.3666e-03 | time: 0.057
I 06.07/22:04:28 solver.py:159 ] Epoch: [33/200][60/282] lr: 4.95e-04 | MSE loss: 6.3283e-03 | time: 0.057
I 06.07/22:04:29 solver.py:159 ] Epoch: [33/200][80/282] lr: 4.95e-04 | MSE loss: 6.0642e-03 | time: 0.057
I 06.07/22:04:31 solver.py:159 ] Epoch: [33/200][100/282] lr: 4.95e-04 | MSE loss: 6.0963e-03 | time: 0.056
I 06.07/22:04:31 solver.py:159 ] Epoch: [33/200][120/282] lr: 4.95e-04 | MSE loss: 6.0015e-03 | time: 0.055
I 06.07/22:04:33 solver.py:159 ] Epoch: [33/200][140/282] lr: 4.95e-04 | MSE loss: 5.9019e-03 | time: 0.055
I 06.07/22:04:34 solver.py:159 ] Epoch: [33/200][160/282] lr: 4.95e-04 | MSE loss: 5.9153e-03 | time: 0.055
I 06.07/22:04:35 solver.py:159 ] Epoch: [33/200][180/282] lr: 4.95e-04 | MSE loss: 5.7542e-03 | time: 0.055
I 06.07/22:04:36 solver.py:159 ] Epoch: [33/200][200/282] lr: 4.94e-04 | MSE loss: 5.8043e-03 | time: 0.055
I 06.07/22:04:37 solver.py:159 ] Epoch: [33/200][220/282] lr: 4.94e-04 | MSE loss: 6.1598e-03 | time: 0.056
I 06.07/22:04:38 solver.py:159 ] Epoch: [33/200][240/282] lr: 4.94e-04 | MSE loss: 6.2037e-03 | time: 0.055
I 06.07/22:04:39 solver.py:159 ] Epoch: [33/200][260/282] lr: 4.94e-04 | MSE loss: 6.2272e-03 | time: 0.055
I 06.07/22:04:40 solver.py:159 ] Epoch: [33/200][280/282] lr: 4.94e-04 | MSE loss: 6.1101e-03 | time: 0.055
I 06.07/22:04:40 solver.py:169 ] => Train  Loss: 6.0862e-03

I 06.07/22:04:42 solver.py:405 ] [20/32] loss: 7.2926e-03 | NMSE: -1.7985e+01 | time: 0.052
I 06.07/22:04:42 solver.py:413 ] => Test NMSE: -1.8882e+01

I 06.07/22:04:42 solver.py:345 ] => LoRA monitor [epoch=33] | trainable=33792/33792 | non_lora_trainable=0 | lora_l2=7.485561e+00 | lora_A_l2=6.948318e+00 | lora_B_l2=2.784692e+00 | component_l2=encoder:7.485561e+00 | lora_abs_max=5.532384e-01 | delta_l2=7.418556e+00 | delta_rel=3.200089e+00 | train_loss=6.086171e-03 | test_loss=6.468405e-03 | nmse=-1.888173e+01
I 06.07/22:04:42 solver.py:224 ] 
=! Best NMSE: -1.8895e+01 (epoch=31)

I 06.07/22:04:43 solver.py:159 ] Epoch: [34/200][20/282] lr: 4.94e-04 | MSE loss: 5.1941e-03 | time: 0.057
I 06.07/22:04:44 solver.py:159 ] Epoch: [34/200][40/282] lr: 4.94e-04 | MSE loss: 5.1275e-03 | time: 0.057
I 06.07/22:04:46 solver.py:159 ] Epoch: [34/200][60/282] lr: 4.94e-04 | MSE loss: 5.2225e-03 | time: 0.057
I 06.07/22:04:47 solver.py:159 ] Epoch: [34/200][80/282] lr: 4.94e-04 | MSE loss: 5.6135e-03 | time: 0.058
I 06.07/22:04:48 solver.py:159 ] Epoch: [34/200][100/282] lr: 4.94e-04 | MSE loss: 6.0774e-03 | time: 0.057
I 06.07/22:04:49 solver.py:159 ] Epoch: [34/200][120/282] lr: 4.94e-04 | MSE loss: 5.7434e-03 | time: 0.056
I 06.07/22:04:50 solver.py:159 ] Epoch: [34/200][140/282] lr: 4.94e-04 | MSE loss: 5.9060e-03 | time: 0.056
I 06.07/22:04:51 solver.py:159 ] Epoch: [34/200][160/282] lr: 4.94e-04 | MSE loss: 5.9864e-03 | time: 0.055
I 06.07/22:04:52 solver.py:159 ] Epoch: [34/200][180/282] lr: 4.94e-04 | MSE loss: 5.9754e-03 | time: 0.055
I 06.07/22:04:53 solver.py:159 ] Epoch: [34/200][200/282] lr: 4.94e-04 | MSE loss: 6.0622e-03 | time: 0.055
I 06.07/22:04:54 solver.py:159 ] Epoch: [34/200][220/282] lr: 4.94e-04 | MSE loss: 5.9800e-03 | time: 0.055
I 06.07/22:04:55 solver.py:159 ] Epoch: [34/200][240/282] lr: 4.93e-04 | MSE loss: 5.8799e-03 | time: 0.055
I 06.07/22:04:57 solver.py:159 ] Epoch: [34/200][260/282] lr: 4.93e-04 | MSE loss: 5.9708e-03 | time: 0.055
I 06.07/22:04:58 solver.py:159 ] Epoch: [34/200][280/282] lr: 4.93e-04 | MSE loss: 6.0792e-03 | time: 0.055
I 06.07/22:04:58 solver.py:169 ] => Train  Loss: 6.0746e-03

I 06.07/22:04:59 solver.py:405 ] [20/32] loss: 7.2883e-03 | NMSE: -1.7978e+01 | time: 0.052
I 06.07/22:04:59 solver.py:413 ] => Test NMSE: -1.8880e+01

I 06.07/22:04:59 solver.py:345 ] => LoRA monitor [epoch=34] | trainable=33792/33792 | non_lora_trainable=0 | lora_l2=7.603018e+00 | lora_A_l2=7.042319e+00 | lora_B_l2=2.865594e+00 | component_l2=encoder:7.603018e+00 | lora_abs_max=5.678582e-01 | delta_l2=7.540497e+00 | delta_rel=3.252690e+00 | train_loss=6.074587e-03 | test_loss=6.471056e-03 | nmse=-1.887995e+01
I 06.07/22:04:59 solver.py:224 ] 
=! Best NMSE: -1.8895e+01 (epoch=31)

I 06.07/22:05:01 solver.py:159 ] Epoch: [35/200][20/282] lr: 4.93e-04 | MSE loss: 5.0003e-03 | time: 0.078
I 06.07/22:05:03 solver.py:159 ] Epoch: [35/200][40/282] lr: 4.93e-04 | MSE loss: 5.6177e-03 | time: 0.099
I 06.07/22:05:05 solver.py:159 ] Epoch: [35/200][60/282] lr: 4.93e-04 | MSE loss: 5.8833e-03 | time: 0.094
I 06.07/22:05:06 solver.py:159 ] Epoch: [35/200][80/282] lr: 4.93e-04 | MSE loss: 5.5206e-03 | time: 0.086
I 06.07/22:05:07 solver.py:159 ] Epoch: [35/200][100/282] lr: 4.93e-04 | MSE loss: 5.5413e-03 | time: 0.079
I 06.07/22:05:08 solver.py:159 ] Epoch: [35/200][120/282] lr: 4.93e-04 | MSE loss: 5.7831e-03 | time: 0.075
I 06.07/22:05:09 solver.py:159 ] Epoch: [35/200][140/282] lr: 4.93e-04 | MSE loss: 5.8679e-03 | time: 0.072
I 06.07/22:05:10 solver.py:159 ] Epoch: [35/200][160/282] lr: 4.93e-04 | MSE loss: 5.8565e-03 | time: 0.070
I 06.07/22:05:12 solver.py:159 ] Epoch: [35/200][180/282] lr: 4.93e-04 | MSE loss: 5.9393e-03 | time: 0.068
I 06.07/22:05:13 solver.py:159 ] Epoch: [35/200][200/282] lr: 4.93e-04 | MSE loss: 6.0748e-03 | time: 0.067
I 06.07/22:05:14 solver.py:159 ] Epoch: [35/200][220/282] lr: 4.93e-04 | MSE loss: 6.0793e-03 | time: 0.066
I 06.07/22:05:15 solver.py:159 ] Epoch: [35/200][240/282] lr: 4.92e-04 | MSE loss: 6.0887e-03 | time: 0.065
I 06.07/22:05:16 solver.py:159 ] Epoch: [35/200][260/282] lr: 4.92e-04 | MSE loss: 6.0977e-03 | time: 0.064
I 06.07/22:05:17 solver.py:159 ] Epoch: [35/200][280/282] lr: 4.92e-04 | MSE loss: 6.0848e-03 | time: 0.064
I 06.07/22:05:17 solver.py:169 ] => Train  Loss: 6.0903e-03

I 06.07/22:05:18 solver.py:405 ] [20/32] loss: 7.2950e-03 | NMSE: -1.7973e+01 | time: 0.050
I 06.07/22:05:19 solver.py:413 ] => Test NMSE: -1.8876e+01

I 06.07/22:05:19 solver.py:345 ] => LoRA monitor [epoch=35] | trainable=33792/33792 | non_lora_trainable=0 | lora_l2=7.718101e+00 | lora_A_l2=7.137145e+00 | lora_B_l2=2.937728e+00 | component_l2=encoder:7.718101e+00 | lora_abs_max=5.779710e-01 | delta_l2=7.660915e+00 | delta_rel=3.304633e+00 | train_loss=6.090283e-03 | test_loss=6.477456e-03 | nmse=-1.887566e+01
I 06.07/22:05:19 solver.py:224 ] 
=! Best NMSE: -1.8895e+01 (epoch=31)

I 06.07/22:05:20 solver.py:159 ] Epoch: [36/200][20/282] lr: 4.92e-04 | MSE loss: 5.8896e-03 | time: 0.057
I 06.07/22:05:21 solver.py:159 ] Epoch: [36/200][40/282] lr: 4.92e-04 | MSE loss: 5.5694e-03 | time: 0.057
I 06.07/22:05:22 solver.py:159 ] Epoch: [36/200][60/282] lr: 4.92e-04 | MSE loss: 5.4093e-03 | time: 0.056
I 06.07/22:05:23 solver.py:159 ] Epoch: [36/200][80/282] lr: 4.92e-04 | MSE loss: 5.9590e-03 | time: 0.056
I 06.07/22:05:25 solver.py:159 ] Epoch: [36/200][100/282] lr: 4.92e-04 | MSE loss: 6.1495e-03 | time: 0.056
I 06.07/22:05:26 solver.py:159 ] Epoch: [36/200][120/282] lr: 4.92e-04 | MSE loss: 6.0879e-03 | time: 0.056
I 06.07/22:05:27 solver.py:159 ] Epoch: [36/200][140/282] lr: 4.92e-04 | MSE loss: 5.9278e-03 | time: 0.055
I 06.07/22:05:28 solver.py:159 ] Epoch: [36/200][160/282] lr: 4.92e-04 | MSE loss: 5.9007e-03 | time: 0.055
I 06.07/22:05:29 solver.py:159 ] Epoch: [36/200][180/282] lr: 4.92e-04 | MSE loss: 6.0142e-03 | time: 0.055
I 06.07/22:05:30 solver.py:159 ] Epoch: [36/200][200/282] lr: 4.92e-04 | MSE loss: 6.1198e-03 | time: 0.055
I 06.07/22:05:31 solver.py:159 ] Epoch: [36/200][220/282] lr: 4.92e-04 | MSE loss: 6.0806e-03 | time: 0.055
I 06.07/22:05:32 solver.py:159 ] Epoch: [36/200][240/282] lr: 4.91e-04 | MSE loss: 6.1367e-03 | time: 0.056
I 06.07/22:05:34 solver.py:159 ] Epoch: [36/200][260/282] lr: 4.91e-04 | MSE loss: 6.0747e-03 | time: 0.056
I 06.07/22:05:35 solver.py:159 ] Epoch: [36/200][280/282] lr: 4.91e-04 | MSE loss: 6.0778e-03 | time: 0.056
I 06.07/22:05:35 solver.py:169 ] => Train  Loss: 6.0911e-03

I 06.07/22:05:36 solver.py:405 ] [20/32] loss: 7.3081e-03 | NMSE: -1.7969e+01 | time: 0.048
I 06.07/22:05:36 solver.py:413 ] => Test NMSE: -1.8868e+01

I 06.07/22:05:36 solver.py:345 ] => LoRA monitor [epoch=36] | trainable=33792/33792 | non_lora_trainable=0 | lora_l2=7.820121e+00 | lora_A_l2=7.218259e+00 | lora_B_l2=3.008492e+00 | component_l2=encoder:7.820121e+00 | lora_abs_max=5.902761e-01 | delta_l2=7.767914e+00 | delta_rel=3.350789e+00 | train_loss=6.091089e-03 | test_loss=6.489197e-03 | nmse=-1.886779e+01
I 06.07/22:05:36 solver.py:224 ] 
=! Best NMSE: -1.8895e+01 (epoch=31)

I 06.07/22:05:38 solver.py:159 ] Epoch: [37/200][20/282] lr: 4.91e-04 | MSE loss: 5.4717e-03 | time: 0.058
I 06.07/22:05:39 solver.py:159 ] Epoch: [37/200][40/282] lr: 4.91e-04 | MSE loss: 5.1486e-03 | time: 0.056
I 06.07/22:05:40 solver.py:159 ] Epoch: [37/200][60/282] lr: 4.91e-04 | MSE loss: 5.4637e-03 | time: 0.055
I 06.07/22:05:41 solver.py:159 ] Epoch: [37/200][80/282] lr: 4.91e-04 | MSE loss: 5.6388e-03 | time: 0.055
I 06.07/22:05:42 solver.py:159 ] Epoch: [37/200][100/282] lr: 4.91e-04 | MSE loss: 5.7396e-03 | time: 0.055
I 06.07/22:05:43 solver.py:159 ] Epoch: [37/200][120/282] lr: 4.91e-04 | MSE loss: 5.6261e-03 | time: 0.055
I 06.07/22:05:44 solver.py:159 ] Epoch: [37/200][140/282] lr: 4.91e-04 | MSE loss: 5.7642e-03 | time: 0.055
I 06.07/22:05:45 solver.py:159 ] Epoch: [37/200][160/282] lr: 4.91e-04 | MSE loss: 5.8733e-03 | time: 0.055
I 06.07/22:05:46 solver.py:159 ] Epoch: [37/200][180/282] lr: 4.91e-04 | MSE loss: 5.7276e-03 | time: 0.056
I 06.07/22:05:47 solver.py:159 ] Epoch: [37/200][200/282] lr: 4.90e-04 | MSE loss: 5.8657e-03 | time: 0.056
I 06.07/22:05:49 solver.py:159 ] Epoch: [37/200][220/282] lr: 4.90e-04 | MSE loss: 5.7777e-03 | time: 0.056
I 06.07/22:05:50 solver.py:159 ] Epoch: [37/200][240/282] lr: 4.90e-04 | MSE loss: 5.7869e-03 | time: 0.055
I 06.07/22:05:51 solver.py:159 ] Epoch: [37/200][260/282] lr: 4.90e-04 | MSE loss: 6.0348e-03 | time: 0.056
I 06.07/22:05:52 solver.py:159 ] Epoch: [37/200][280/282] lr: 4.90e-04 | MSE loss: 6.0763e-03 | time: 0.056
I 06.07/22:05:52 solver.py:169 ] => Train  Loss: 6.0654e-03

I 06.07/22:05:53 solver.py:405 ] [20/32] loss: 7.2702e-03 | NMSE: -1.7998e+01 | time: 0.052
I 06.07/22:05:54 solver.py:413 ] => Test NMSE: -1.8887e+01

I 06.07/22:05:54 solver.py:345 ] => LoRA monitor [epoch=37] | trainable=33792/33792 | non_lora_trainable=0 | lora_l2=7.933211e+00 | lora_A_l2=7.309254e+00 | lora_B_l2=3.083933e+00 | component_l2=encoder:7.933211e+00 | lora_abs_max=5.989530e-01 | delta_l2=7.884980e+00 | delta_rel=3.401287e+00 | train_loss=6.065434e-03 | test_loss=6.460475e-03 | nmse=-1.888705e+01
I 06.07/22:05:54 solver.py:224 ] 
=! Best NMSE: -1.8895e+01 (epoch=31)

I 06.07/22:05:55 solver.py:159 ] Epoch: [38/200][20/282] lr: 4.90e-04 | MSE loss: 6.4471e-03 | time: 0.055
I 06.07/22:05:56 solver.py:159 ] Epoch: [38/200][40/282] lr: 4.90e-04 | MSE loss: 5.8371e-03 | time: 0.056
I 06.07/22:05:57 solver.py:159 ] Epoch: [38/200][60/282] lr: 4.90e-04 | MSE loss: 5.9164e-03 | time: 0.057
I 06.07/22:05:58 solver.py:159 ] Epoch: [38/200][80/282] lr: 4.90e-04 | MSE loss: 5.8875e-03 | time: 0.057
I 06.07/22:05:59 solver.py:159 ] Epoch: [38/200][100/282] lr: 4.90e-04 | MSE loss: 5.9246e-03 | time: 0.057
I 06.07/22:06:01 solver.py:159 ] Epoch: [38/200][120/282] lr: 4.90e-04 | MSE loss: 5.9357e-03 | time: 0.061
I 06.07/22:06:03 solver.py:159 ] Epoch: [38/200][140/282] lr: 4.90e-04 | MSE loss: 5.9613e-03 | time: 0.068
I 06.07/22:06:05 solver.py:159 ] Epoch: [38/200][160/282] lr: 4.90e-04 | MSE loss: 6.0107e-03 | time: 0.070
I 06.07/22:06:06 solver.py:159 ] Epoch: [38/200][180/282] lr: 4.89e-04 | MSE loss: 5.8615e-03 | time: 0.068
I 06.07/22:06:07 solver.py:159 ] Epoch: [38/200][200/282] lr: 4.89e-04 | MSE loss: 5.8119e-03 | time: 0.067
I 06.07/22:06:08 solver.py:159 ] Epoch: [38/200][220/282] lr: 4.89e-04 | MSE loss: 5.9054e-03 | time: 0.066
I 06.07/22:06:09 solver.py:159 ] Epoch: [38/200][240/282] lr: 4.89e-04 | MSE loss: 5.9961e-03 | time: 0.065
I 06.07/22:06:10 solver.py:159 ] Epoch: [38/200][260/282] lr: 4.89e-04 | MSE loss: 6.0919e-03 | time: 0.064
I 06.07/22:06:12 solver.py:159 ] Epoch: [38/200][280/282] lr: 4.89e-04 | MSE loss: 6.0942e-03 | time: 0.063
I 06.07/22:06:12 solver.py:169 ] => Train  Loss: 6.0686e-03

I 06.07/22:06:13 solver.py:405 ] [20/32] loss: 7.2685e-03 | NMSE: -1.7996e+01 | time: 0.050
I 06.07/22:06:13 solver.py:413 ] => Test NMSE: -1.8891e+01

I 06.07/22:06:13 solver.py:345 ] => LoRA monitor [epoch=38] | trainable=33792/33792 | non_lora_trainable=0 | lora_l2=8.033112e+00 | lora_A_l2=7.388307e+00 | lora_B_l2=3.153383e+00 | component_l2=encoder:8.033112e+00 | lora_abs_max=6.096780e-01 | delta_l2=7.988799e+00 | delta_rel=3.446070e+00 | train_loss=6.068588e-03 | test_loss=6.454661e-03 | nmse=-1.889096e+01
I 06.07/22:06:13 solver.py:224 ] 
=! Best NMSE: -1.8895e+01 (epoch=31)

I 06.07/22:06:14 solver.py:159 ] Epoch: [39/200][20/282] lr: 4.89e-04 | MSE loss: 5.5030e-03 | time: 0.058
I 06.07/22:06:16 solver.py:159 ] Epoch: [39/200][40/282] lr: 4.89e-04 | MSE loss: 5.3525e-03 | time: 0.057
I 06.07/22:06:17 solver.py:159 ] Epoch: [39/200][60/282] lr: 4.89e-04 | MSE loss: 5.6330e-03 | time: 0.055
I 06.07/22:06:18 solver.py:159 ] Epoch: [39/200][80/282] lr: 4.89e-04 | MSE loss: 5.8439e-03 | time: 0.056
I 06.07/22:06:19 solver.py:159 ] Epoch: [39/200][100/282] lr: 4.89e-04 | MSE loss: 5.7225e-03 | time: 0.055
I 06.07/22:06:20 solver.py:159 ] Epoch: [39/200][120/282] lr: 4.88e-04 | MSE loss: 5.6680e-03 | time: 0.057
I 06.07/22:06:21 solver.py:159 ] Epoch: [39/200][140/282] lr: 4.88e-04 | MSE loss: 5.7275e-03 | time: 0.056
I 06.07/22:06:22 solver.py:159 ] Epoch: [39/200][160/282] lr: 4.88e-04 | MSE loss: 5.7993e-03 | time: 0.056
I 06.07/22:06:23 solver.py:159 ] Epoch: [39/200][180/282] lr: 4.88e-04 | MSE loss: 5.8796e-03 | time: 0.056
I 06.07/22:06:24 solver.py:159 ] Epoch: [39/200][200/282] lr: 4.88e-04 | MSE loss: 5.9715e-03 | time: 0.056
I 06.07/22:06:26 solver.py:159 ] Epoch: [39/200][220/282] lr: 4.88e-04 | MSE loss: 6.1460e-03 | time: 0.056
I 06.07/22:06:27 solver.py:159 ] Epoch: [39/200][240/282] lr: 4.88e-04 | MSE loss: 6.0200e-03 | time: 0.055
I 06.07/22:06:28 solver.py:159 ] Epoch: [39/200][260/282] lr: 4.88e-04 | MSE loss: 6.0620e-03 | time: 0.055
I 06.07/22:06:29 solver.py:159 ] Epoch: [39/200][280/282] lr: 4.88e-04 | MSE loss: 6.0664e-03 | time: 0.055
I 06.07/22:06:29 solver.py:169 ] => Train  Loss: 6.0588e-03

I 06.07/22:06:30 solver.py:405 ] [20/32] loss: 7.2636e-03 | NMSE: -1.7997e+01 | time: 0.052
I 06.07/22:06:31 solver.py:413 ] => Test NMSE: -1.8901e+01

I 06.07/22:06:31 solver.py:345 ] => LoRA monitor [epoch=39] | trainable=33792/33792 | non_lora_trainable=0 | lora_l2=8.129536e+00 | lora_A_l2=7.466771e+00 | lora_B_l2=3.215073e+00 | component_l2=encoder:8.129536e+00 | lora_abs_max=6.191314e-01 | delta_l2=8.089640e+00 | delta_rel=3.489569e+00 | train_loss=6.058787e-03 | test_loss=6.439526e-03 | nmse=-1.890116e+01
I 06.07/22:06:31 solver.py:224 ] 
=! Best NMSE: -1.8901e+01 (epoch=39)

I 06.07/22:06:32 solver.py:159 ] Epoch: [40/200][20/282] lr: 4.88e-04 | MSE loss: 5.9750e-03 | time: 0.058
I 06.07/22:06:33 solver.py:159 ] Epoch: [40/200][40/282] lr: 4.88e-04 | MSE loss: 6.1178e-03 | time: 0.057
I 06.07/22:06:34 solver.py:159 ] Epoch: [40/200][60/282] lr: 4.87e-04 | MSE loss: 6.2108e-03 | time: 0.058
I 06.07/22:06:35 solver.py:159 ] Epoch: [40/200][80/282] lr: 4.87e-04 | MSE loss: 6.2342e-03 | time: 0.056
I 06.07/22:06:37 solver.py:159 ] Epoch: [40/200][100/282] lr: 4.87e-04 | MSE loss: 6.2067e-03 | time: 0.057
I 06.07/22:06:38 solver.py:159 ] Epoch: [40/200][120/282] lr: 4.87e-04 | MSE loss: 5.9387e-03 | time: 0.056
I 06.07/22:06:39 solver.py:159 ] Epoch: [40/200][140/282] lr: 4.87e-04 | MSE loss: 5.8109e-03 | time: 0.056
I 06.07/22:06:40 solver.py:159 ] Epoch: [40/200][160/282] lr: 4.87e-04 | MSE loss: 5.7728e-03 | time: 0.057
I 06.07/22:06:41 solver.py:159 ] Epoch: [40/200][180/282] lr: 4.87e-04 | MSE loss: 5.9955e-03 | time: 0.056
I 06.07/22:06:42 solver.py:159 ] Epoch: [40/200][200/282] lr: 4.87e-04 | MSE loss: 6.0333e-03 | time: 0.057
I 06.07/22:06:44 solver.py:159 ] Epoch: [40/200][220/282] lr: 4.87e-04 | MSE loss: 6.0442e-03 | time: 0.057
I 06.07/22:06:45 solver.py:159 ] Epoch: [40/200][240/282] lr: 4.87e-04 | MSE loss: 6.0259e-03 | time: 0.057
I 06.07/22:06:46 solver.py:159 ] Epoch: [40/200][260/282] lr: 4.87e-04 | MSE loss: 6.0579e-03 | time: 0.056
I 06.07/22:06:47 solver.py:159 ] Epoch: [40/200][280/282] lr: 4.86e-04 | MSE loss: 6.0303e-03 | time: 0.056
I 06.07/22:06:47 solver.py:169 ] => Train  Loss: 6.0606e-03

I 06.07/22:06:48 solver.py:159 ] Epoch: [40/200][20/32] lr: 4.86e-04 | MSE loss: 7.2609e-03 | time: 0.046
I 06.07/22:06:48 solver.py:169 ] => Val  Loss: 6.3622e-03

I 06.07/22:06:49 solver.py:405 ] [20/32] loss: 7.2609e-03 | NMSE: -1.7998e+01 | time: 0.052
I 06.07/22:06:50 solver.py:413 ] => Test NMSE: -1.8894e+01

I 06.07/22:06:50 solver.py:345 ] => LoRA monitor [epoch=40] | trainable=33792/33792 | non_lora_trainable=0 | lora_l2=8.226020e+00 | lora_A_l2=7.541829e+00 | lora_B_l2=3.284542e+00 | component_l2=encoder:8.226020e+00 | lora_abs_max=6.257600e-01 | delta_l2=8.189884e+00 | delta_rel=3.532811e+00 | train_loss=6.060610e-03 | val_loss=6.362202e-03 | test_loss=6.450894e-03 | nmse=-1.889350e+01
I 06.07/22:06:50 solver.py:224 ] 
=! Best NMSE: -1.8901e+01 (epoch=39)

I 06.07/22:06:51 solver.py:159 ] Epoch: [41/200][20/282] lr: 4.86e-04 | MSE loss: 6.4069e-03 | time: 0.061
I 06.07/22:06:52 solver.py:159 ] Epoch: [41/200][40/282] lr: 4.86e-04 | MSE loss: 6.2202e-03 | time: 0.060
I 06.07/22:06:54 solver.py:159 ] Epoch: [41/200][60/282] lr: 4.86e-04 | MSE loss: 6.6992e-03 | time: 0.059
I 06.07/22:06:55 solver.py:159 ] Epoch: [41/200][80/282] lr: 4.86e-04 | MSE loss: 6.5948e-03 | time: 0.057
I 06.07/22:06:56 solver.py:159 ] Epoch: [41/200][100/282] lr: 4.86e-04 | MSE loss: 6.5386e-03 | time: 0.058
I 06.07/22:06:57 solver.py:159 ] Epoch: [41/200][120/282] lr: 4.86e-04 | MSE loss: 6.4074e-03 | time: 0.057
I 06.07/22:06:58 solver.py:159 ] Epoch: [41/200][140/282] lr: 4.86e-04 | MSE loss: 6.2771e-03 | time: 0.058
I 06.07/22:06:59 solver.py:159 ] Epoch: [41/200][160/282] lr: 4.86e-04 | MSE loss: 6.0581e-03 | time: 0.058
I 06.07/22:07:01 solver.py:159 ] Epoch: [41/200][180/282] lr: 4.86e-04 | MSE loss: 5.9777e-03 | time: 0.058
I 06.07/22:07:02 solver.py:159 ] Epoch: [41/200][200/282] lr: 4.85e-04 | MSE loss: 5.9685e-03 | time: 0.062
I 06.07/22:07:04 solver.py:159 ] Epoch: [41/200][220/282] lr: 4.85e-04 | MSE loss: 5.9099e-03 | time: 0.065
I 06.07/22:07:06 solver.py:159 ] Epoch: [41/200][240/282] lr: 4.85e-04 | MSE loss: 5.9738e-03 | time: 0.065
I 06.07/22:07:07 solver.py:159 ] Epoch: [41/200][260/282] lr: 4.85e-04 | MSE loss: 6.0850e-03 | time: 0.064
I 06.07/22:07:08 solver.py:159 ] Epoch: [41/200][280/282] lr: 4.85e-04 | MSE loss: 6.0797e-03 | time: 0.063
I 06.07/22:07:08 solver.py:169 ] => Train  Loss: 6.0662e-03

I 06.07/22:07:09 solver.py:405 ] [20/32] loss: 7.2655e-03 | NMSE: -1.7991e+01 | time: 0.055
I 06.07/22:07:10 solver.py:413 ] => Test NMSE: -1.8900e+01

I 06.07/22:07:10 solver.py:345 ] => LoRA monitor [epoch=41] | trainable=33792/33792 | non_lora_trainable=0 | lora_l2=8.326047e+00 | lora_A_l2=7.622746e+00 | lora_B_l2=3.349148e+00 | component_l2=encoder:8.326047e+00 | lora_abs_max=6.374351e-01 | delta_l2=8.292794e+00 | delta_rel=3.577202e+00 | train_loss=6.066163e-03 | test_loss=6.440534e-03 | nmse=-1.890048e+01
I 06.07/22:07:10 solver.py:224 ] 
=! Best NMSE: -1.8901e+01 (epoch=39)

I 06.07/22:07:11 solver.py:159 ] Epoch: [42/200][20/282] lr: 4.85e-04 | MSE loss: 6.0213e-03 | time: 0.063
I 06.07/22:07:12 solver.py:159 ] Epoch: [42/200][40/282] lr: 4.85e-04 | MSE loss: 5.9198e-03 | time: 0.059
I 06.07/22:07:13 solver.py:159 ] Epoch: [42/200][60/282] lr: 4.85e-04 | MSE loss: 5.9947e-03 | time: 0.058
I 06.07/22:07:14 solver.py:159 ] Epoch: [42/200][80/282] lr: 4.85e-04 | MSE loss: 5.8108e-03 | time: 0.058
I 06.07/22:07:15 solver.py:159 ] Epoch: [42/200][100/282] lr: 4.85e-04 | MSE loss: 6.1887e-03 | time: 0.058
I 06.07/22:07:17 solver.py:159 ] Epoch: [42/200][120/282] lr: 4.84e-04 | MSE loss: 5.9149e-03 | time: 0.058
I 06.07/22:07:18 solver.py:159 ] Epoch: [42/200][140/282] lr: 4.84e-04 | MSE loss: 5.9317e-03 | time: 0.057
I 06.07/22:07:19 solver.py:159 ] Epoch: [42/200][160/282] lr: 4.84e-04 | MSE loss: 6.0434e-03 | time: 0.057
I 06.07/22:07:20 solver.py:159 ] Epoch: [42/200][180/282] lr: 4.84e-04 | MSE loss: 6.1166e-03 | time: 0.057
I 06.07/22:07:21 solver.py:159 ] Epoch: [42/200][200/282] lr: 4.84e-04 | MSE loss: 6.1400e-03 | time: 0.057
I 06.07/22:07:22 solver.py:159 ] Epoch: [42/200][220/282] lr: 4.84e-04 | MSE loss: 6.1206e-03 | time: 0.057
I 06.07/22:07:23 solver.py:159 ] Epoch: [42/200][240/282] lr: 4.84e-04 | MSE loss: 6.1679e-03 | time: 0.057
I 06.07/22:07:24 solver.py:159 ] Epoch: [42/200][260/282] lr: 4.84e-04 | MSE loss: 6.1311e-03 | time: 0.057
I 06.07/22:07:25 solver.py:159 ] Epoch: [42/200][280/282] lr: 4.84e-04 | MSE loss: 6.0728e-03 | time: 0.056
I 06.07/22:07:25 solver.py:169 ] => Train  Loss: 6.0895e-03

I 06.07/22:07:27 solver.py:405 ] [20/32] loss: 7.2671e-03 | NMSE: -1.8000e+01 | time: 0.052
I 06.07/22:07:27 solver.py:413 ] => Test NMSE: -1.8892e+01

I 06.07/22:07:27 solver.py:345 ] => LoRA monitor [epoch=42] | trainable=33792/33792 | non_lora_trainable=0 | lora_l2=8.432023e+00 | lora_A_l2=7.708473e+00 | lora_B_l2=3.417375e+00 | component_l2=encoder:8.432023e+00 | lora_abs_max=6.418537e-01 | delta_l2=8.401972e+00 | delta_rel=3.624298e+00 | train_loss=6.089526e-03 | test_loss=6.452718e-03 | nmse=-1.889227e+01
I 06.07/22:07:27 solver.py:224 ] 
=! Best NMSE: -1.8901e+01 (epoch=39)

I 06.07/22:07:28 solver.py:159 ] Epoch: [43/200][20/282] lr: 4.84e-04 | MSE loss: 7.5662e-03 | time: 0.059
I 06.07/22:07:29 solver.py:159 ] Epoch: [43/200][40/282] lr: 4.83e-04 | MSE loss: 5.8814e-03 | time: 0.056
I 06.07/22:07:30 solver.py:159 ] Epoch: [43/200][60/282] lr: 4.83e-04 | MSE loss: 5.8534e-03 | time: 0.055
I 06.07/22:07:32 solver.py:159 ] Epoch: [43/200][80/282] lr: 4.83e-04 | MSE loss: 6.3225e-03 | time: 0.056
I 06.07/22:07:33 solver.py:159 ] Epoch: [43/200][100/282] lr: 4.83e-04 | MSE loss: 6.1640e-03 | time: 0.058
I 06.07/22:07:34 solver.py:159 ] Epoch: [43/200][120/282] lr: 4.83e-04 | MSE loss: 6.2157e-03 | time: 0.058
I 06.07/22:07:35 solver.py:159 ] Epoch: [43/200][140/282] lr: 4.83e-04 | MSE loss: 6.0505e-03 | time: 0.058
I 06.07/22:07:36 solver.py:159 ] Epoch: [43/200][160/282] lr: 4.83e-04 | MSE loss: 6.0634e-03 | time: 0.058
I 06.07/22:07:38 solver.py:159 ] Epoch: [43/200][180/282] lr: 4.83e-04 | MSE loss: 5.9092e-03 | time: 0.058
I 06.07/22:07:39 solver.py:159 ] Epoch: [43/200][200/282] lr: 4.83e-04 | MSE loss: 5.8964e-03 | time: 0.058
I 06.07/22:07:40 solver.py:159 ] Epoch: [43/200][220/282] lr: 4.82e-04 | MSE loss: 5.9168e-03 | time: 0.058
I 06.07/22:07:41 solver.py:159 ] Epoch: [43/200][240/282] lr: 4.82e-04 | MSE loss: 6.0071e-03 | time: 0.058
I 06.07/22:07:42 solver.py:159 ] Epoch: [43/200][260/282] lr: 4.82e-04 | MSE loss: 6.0276e-03 | time: 0.059
I 06.07/22:07:43 solver.py:159 ] Epoch: [43/200][280/282] lr: 4.82e-04 | MSE loss: 6.0687e-03 | time: 0.058
I 06.07/22:07:44 solver.py:169 ] => Train  Loss: 6.0524e-03

I 06.07/22:07:45 solver.py:405 ] [20/32] loss: 7.2491e-03 | NMSE: -1.8005e+01 | time: 0.053
I 06.07/22:07:45 solver.py:413 ] => Test NMSE: -1.8910e+01

I 06.07/22:07:45 solver.py:345 ] => LoRA monitor [epoch=43] | trainable=33792/33792 | non_lora_trainable=0 | lora_l2=8.527446e+00 | lora_A_l2=7.783444e+00 | lora_B_l2=3.483581e+00 | component_l2=encoder:8.527446e+00 | lora_abs_max=6.488730e-01 | delta_l2=8.500192e+00 | delta_rel=3.666666e+00 | train_loss=6.052398e-03 | test_loss=6.425723e-03 | nmse=-1.891048e+01
I 06.07/22:07:46 solver.py:224 ] 
=! Best NMSE: -1.8910e+01 (epoch=43)

I 06.07/22:07:47 solver.py:159 ] Epoch: [44/200][20/282] lr: 4.82e-04 | MSE loss: 4.5781e-03 | time: 0.060
I 06.07/22:07:48 solver.py:159 ] Epoch: [44/200][40/282] lr: 4.82e-04 | MSE loss: 5.2600e-03 | time: 0.058
I 06.07/22:07:49 solver.py:159 ] Epoch: [44/200][60/282] lr: 4.82e-04 | MSE loss: 5.5445e-03 | time: 0.057
I 06.07/22:07:50 solver.py:159 ] Epoch: [44/200][80/282] lr: 4.82e-04 | MSE loss: 5.7455e-03 | time: 0.057
I 06.07/22:07:51 solver.py:159 ] Epoch: [44/200][100/282] lr: 4.82e-04 | MSE loss: 5.7362e-03 | time: 0.057
I 06.07/22:07:53 solver.py:159 ] Epoch: [44/200][120/282] lr: 4.81e-04 | MSE loss: 5.9660e-03 | time: 0.057
I 06.07/22:07:54 solver.py:159 ] Epoch: [44/200][140/282] lr: 4.81e-04 | MSE loss: 5.8746e-03 | time: 0.057
I 06.07/22:07:55 solver.py:159 ] Epoch: [44/200][160/282] lr: 4.81e-04 | MSE loss: 5.8356e-03 | time: 0.057
I 06.07/22:07:56 solver.py:159 ] Epoch: [44/200][180/282] lr: 4.81e-04 | MSE loss: 5.9090e-03 | time: 0.057
I 06.07/22:07:57 solver.py:159 ] Epoch: [44/200][200/282] lr: 4.81e-04 | MSE loss: 6.0363e-03 | time: 0.057
I 06.07/22:07:58 solver.py:159 ] Epoch: [44/200][220/282] lr: 4.81e-04 | MSE loss: 5.9070e-03 | time: 0.057
I 06.07/22:07:59 solver.py:159 ] Epoch: [44/200][240/282] lr: 4.81e-04 | MSE loss: 5.9747e-03 | time: 0.057
I 06.07/22:08:01 solver.py:159 ] Epoch: [44/200][260/282] lr: 4.81e-04 | MSE loss: 6.0677e-03 | time: 0.059
I 06.07/22:08:03 solver.py:159 ] Epoch: [44/200][280/282] lr: 4.81e-04 | MSE loss: 6.0773e-03 | time: 0.063
I 06.07/22:08:04 solver.py:169 ] => Train  Loss: 6.0547e-03

I 06.07/22:08:05 solver.py:405 ] [20/32] loss: 7.2342e-03 | NMSE: -1.8009e+01 | time: 0.068
I 06.07/22:08:06 solver.py:413 ] => Test NMSE: -1.8920e+01

I 06.07/22:08:06 solver.py:345 ] => LoRA monitor [epoch=44] | trainable=33792/33792 | non_lora_trainable=0 | lora_l2=8.617744e+00 | lora_A_l2=7.855334e+00 | lora_B_l2=3.543901e+00 | component_l2=encoder:8.617744e+00 | lora_abs_max=6.576769e-01 | delta_l2=8.593472e+00 | delta_rel=3.706904e+00 | train_loss=6.054690e-03 | test_loss=6.411157e-03 | nmse=-1.892034e+01
I 06.07/22:08:06 solver.py:224 ] 
=! Best NMSE: -1.8920e+01 (epoch=44)

I 06.07/22:08:07 solver.py:159 ] Epoch: [45/200][20/282] lr: 4.80e-04 | MSE loss: 4.9089e-03 | time: 0.060
I 06.07/22:08:08 solver.py:159 ] Epoch: [45/200][40/282] lr: 4.80e-04 | MSE loss: 5.7627e-03 | time: 0.058
I 06.07/22:08:09 solver.py:159 ] Epoch: [45/200][60/282] lr: 4.80e-04 | MSE loss: 6.1353e-03 | time: 0.057
I 06.07/22:08:11 solver.py:159 ] Epoch: [45/200][80/282] lr: 4.80e-04 | MSE loss: 5.9726e-03 | time: 0.058
I 06.07/22:08:12 solver.py:159 ] Epoch: [45/200][100/282] lr: 4.80e-04 | MSE loss: 5.9223e-03 | time: 0.058
I 06.07/22:08:13 solver.py:159 ] Epoch: [45/200][120/282] lr: 4.80e-04 | MSE loss: 5.8516e-03 | time: 0.057
I 06.07/22:08:14 solver.py:159 ] Epoch: [45/200][140/282] lr: 4.80e-04 | MSE loss: 5.7908e-03 | time: 0.057
I 06.07/22:08:15 solver.py:159 ] Epoch: [45/200][160/282] lr: 4.80e-04 | MSE loss: 5.7952e-03 | time: 0.058
I 06.07/22:08:17 solver.py:159 ] Epoch: [45/200][180/282] lr: 4.80e-04 | MSE loss: 6.0976e-03 | time: 0.058
I 06.07/22:08:18 solver.py:159 ] Epoch: [45/200][200/282] lr: 4.79e-04 | MSE loss: 6.0365e-03 | time: 0.058
I 06.07/22:08:19 solver.py:159 ] Epoch: [45/200][220/282] lr: 4.79e-04 | MSE loss: 6.0502e-03 | time: 0.058
I 06.07/22:08:20 solver.py:159 ] Epoch: [45/200][240/282] lr: 4.79e-04 | MSE loss: 5.9953e-03 | time: 0.058
I 06.07/22:08:21 solver.py:159 ] Epoch: [45/200][260/282] lr: 4.79e-04 | MSE loss: 6.1281e-03 | time: 0.058
I 06.07/22:08:22 solver.py:159 ] Epoch: [45/200][280/282] lr: 4.79e-04 | MSE loss: 6.0654e-03 | time: 0.058
I 06.07/22:08:22 solver.py:169 ] => Train  Loss: 6.0440e-03

I 06.07/22:08:23 solver.py:405 ] [20/32] loss: 7.2296e-03 | NMSE: -1.8011e+01 | time: 0.052
I 06.07/22:08:24 solver.py:413 ] => Test NMSE: -1.8921e+01

I 06.07/22:08:24 solver.py:345 ] => LoRA monitor [epoch=45] | trainable=33792/33792 | non_lora_trainable=0 | lora_l2=8.709577e+00 | lora_A_l2=7.928915e+00 | lora_B_l2=3.604030e+00 | component_l2=encoder:8.709577e+00 | lora_abs_max=6.622794e-01 | delta_l2=8.687327e+00 | delta_rel=3.747389e+00 | train_loss=6.044000e-03 | test_loss=6.410828e-03 | nmse=-1.892056e+01
I 06.07/22:08:24 solver.py:224 ] 
=! Best NMSE: -1.8921e+01 (epoch=45)

I 06.07/22:08:26 solver.py:159 ] Epoch: [46/200][20/282] lr: 4.79e-04 | MSE loss: 6.1972e-03 | time: 0.060
I 06.07/22:08:27 solver.py:159 ] Epoch: [46/200][40/282] lr: 4.79e-04 | MSE loss: 6.1368e-03 | time: 0.058
I 06.07/22:08:28 solver.py:159 ] Epoch: [46/200][60/282] lr: 4.79e-04 | MSE loss: 6.4760e-03 | time: 0.057
I 06.07/22:08:29 solver.py:159 ] Epoch: [46/200][80/282] lr: 4.78e-04 | MSE loss: 6.2460e-03 | time: 0.058
I 06.07/22:08:30 solver.py:159 ] Epoch: [46/200][100/282] lr: 4.78e-04 | MSE loss: 6.5626e-03 | time: 0.057
I 06.07/22:08:31 solver.py:159 ] Epoch: [46/200][120/282] lr: 4.78e-04 | MSE loss: 6.8107e-03 | time: 0.057
I 06.07/22:08:32 solver.py:159 ] Epoch: [46/200][140/282] lr: 4.78e-04 | MSE loss: 6.6887e-03 | time: 0.057
I 06.07/22:08:34 solver.py:159 ] Epoch: [46/200][160/282] lr: 4.78e-04 | MSE loss: 6.5493e-03 | time: 0.057
I 06.07/22:08:35 solver.py:159 ] Epoch: [46/200][180/282] lr: 4.78e-04 | MSE loss: 6.4974e-03 | time: 0.057
I 06.07/22:08:36 solver.py:159 ] Epoch: [46/200][200/282] lr: 4.78e-04 | MSE loss: 6.4099e-03 | time: 0.057
I 06.07/22:08:37 solver.py:159 ] Epoch: [46/200][220/282] lr: 4.78e-04 | MSE loss: 6.2806e-03 | time: 0.057
I 06.07/22:08:38 solver.py:159 ] Epoch: [46/200][240/282] lr: 4.77e-04 | MSE loss: 6.0748e-03 | time: 0.057
I 06.07/22:08:39 solver.py:159 ] Epoch: [46/200][260/282] lr: 4.77e-04 | MSE loss: 6.1854e-03 | time: 0.057
I 06.07/22:08:40 solver.py:159 ] Epoch: [46/200][280/282] lr: 4.77e-04 | MSE loss: 6.0637e-03 | time: 0.056
I 06.07/22:08:40 solver.py:169 ] => Train  Loss: 6.0449e-03

I 06.07/22:08:42 solver.py:405 ] [20/32] loss: 7.2497e-03 | NMSE: -1.8003e+01 | time: 0.054
I 06.07/22:08:42 solver.py:413 ] => Test NMSE: -1.8906e+01

I 06.07/22:08:42 solver.py:345 ] => LoRA monitor [epoch=46] | trainable=33792/33792 | non_lora_trainable=0 | lora_l2=8.797715e+00 | lora_A_l2=7.999692e+00 | lora_B_l2=3.661245e+00 | component_l2=encoder:8.797715e+00 | lora_abs_max=6.655559e-01 | delta_l2=8.778400e+00 | delta_rel=3.786675e+00 | train_loss=6.044902e-03 | test_loss=6.431740e-03 | nmse=-1.890642e+01
I 06.07/22:08:42 solver.py:224 ] 
=! Best NMSE: -1.8921e+01 (epoch=45)

I 06.07/22:08:43 solver.py:159 ] Epoch: [47/200][20/282] lr: 4.77e-04 | MSE loss: 5.7708e-03 | time: 0.063
I 06.07/22:08:45 solver.py:159 ] Epoch: [47/200][40/282] lr: 4.77e-04 | MSE loss: 6.0431e-03 | time: 0.060
I 06.07/22:08:46 solver.py:159 ] Epoch: [47/200][60/282] lr: 4.77e-04 | MSE loss: 5.9573e-03 | time: 0.058
I 06.07/22:08:47 solver.py:159 ] Epoch: [47/200][80/282] lr: 4.77e-04 | MSE loss: 5.5324e-03 | time: 0.059
I 06.07/22:08:48 solver.py:159 ] Epoch: [47/200][100/282] lr: 4.77e-04 | MSE loss: 5.7646e-03 | time: 0.057
I 06.07/22:08:49 solver.py:159 ] Epoch: [47/200][120/282] lr: 4.76e-04 | MSE loss: 5.6889e-03 | time: 0.058
I 06.07/22:08:50 solver.py:159 ] Epoch: [47/200][140/282] lr: 4.76e-04 | MSE loss: 5.8817e-03 | time: 0.057
I 06.07/22:08:51 solver.py:159 ] Epoch: [47/200][160/282] lr: 4.76e-04 | MSE loss: 6.0464e-03 | time: 0.057
I 06.07/22:08:52 solver.py:159 ] Epoch: [47/200][180/282] lr: 4.76e-04 | MSE loss: 6.0184e-03 | time: 0.057
I 06.07/22:08:53 solver.py:159 ] Epoch: [47/200][200/282] lr: 4.76e-04 | MSE loss: 5.9969e-03 | time: 0.057
I 06.07/22:08:55 solver.py:159 ] Epoch: [47/200][220/282] lr: 4.76e-04 | MSE loss: 6.0502e-03 | time: 0.057
I 06.07/22:08:56 solver.py:159 ] Epoch: [47/200][240/282] lr: 4.76e-04 | MSE loss: 6.0041e-03 | time: 0.057
I 06.07/22:08:57 solver.py:159 ] Epoch: [47/200][260/282] lr: 4.76e-04 | MSE loss: 6.0731e-03 | time: 0.057
I 06.07/22:08:58 solver.py:159 ] Epoch: [47/200][280/282] lr: 4.75e-04 | MSE loss: 6.0472e-03 | time: 0.057
I 06.07/22:08:58 solver.py:169 ] => Train  Loss: 6.0368e-03

I 06.07/22:08:59 solver.py:405 ] [20/32] loss: 7.2374e-03 | NMSE: -1.8018e+01 | time: 0.048
I 06.07/22:09:00 solver.py:413 ] => Test NMSE: -1.8909e+01

I 06.07/22:09:00 solver.py:345 ] => LoRA monitor [epoch=47] | trainable=33792/33792 | non_lora_trainable=0 | lora_l2=8.888932e+00 | lora_A_l2=8.072464e+00 | lora_B_l2=3.721349e+00 | component_l2=encoder:8.888932e+00 | lora_abs_max=6.689419e-01 | delta_l2=8.871512e+00 | delta_rel=3.826840e+00 | train_loss=6.036841e-03 | test_loss=6.427745e-03 | nmse=-1.890911e+01
I 06.07/22:09:00 solver.py:224 ] 
=! Best NMSE: -1.8921e+01 (epoch=45)

I 06.07/22:09:02 solver.py:159 ] Epoch: [48/200][20/282] lr: 4.75e-04 | MSE loss: 5.2816e-03 | time: 0.099
I 06.07/22:09:05 solver.py:159 ] Epoch: [48/200][40/282] lr: 4.75e-04 | MSE loss: 5.6101e-03 | time: 0.119
I 06.07/22:09:06 solver.py:159 ] Epoch: [48/200][60/282] lr: 4.75e-04 | MSE loss: 5.5167e-03 | time: 0.101
I 06.07/22:09:07 solver.py:159 ] Epoch: [48/200][80/282] lr: 4.75e-04 | MSE loss: 5.5493e-03 | time: 0.091
I 06.07/22:09:08 solver.py:159 ] Epoch: [48/200][100/282] lr: 4.75e-04 | MSE loss: 5.6712e-03 | time: 0.084
I 06.07/22:09:09 solver.py:159 ] Epoch: [48/200][120/282] lr: 4.75e-04 | MSE loss: 5.6639e-03 | time: 0.079
I 06.07/22:09:10 solver.py:159 ] Epoch: [48/200][140/282] lr: 4.75e-04 | MSE loss: 5.7309e-03 | time: 0.076
I 06.07/22:09:11 solver.py:159 ] Epoch: [48/200][160/282] lr: 4.74e-04 | MSE loss: 5.7322e-03 | time: 0.073
I 06.07/22:09:13 solver.py:159 ] Epoch: [48/200][180/282] lr: 4.74e-04 | MSE loss: 5.7361e-03 | time: 0.071
I 06.07/22:09:14 solver.py:159 ] Epoch: [48/200][200/282] lr: 4.74e-04 | MSE loss: 5.7476e-03 | time: 0.069
I 06.07/22:09:15 solver.py:159 ] Epoch: [48/200][220/282] lr: 4.74e-04 | MSE loss: 5.7894e-03 | time: 0.068
I 06.07/22:09:16 solver.py:159 ] Epoch: [48/200][240/282] lr: 4.74e-04 | MSE loss: 5.8504e-03 | time: 0.067
I 06.07/22:09:17 solver.py:159 ] Epoch: [48/200][260/282] lr: 4.74e-04 | MSE loss: 5.8881e-03 | time: 0.066
I 06.07/22:09:18 solver.py:159 ] Epoch: [48/200][280/282] lr: 4.74e-04 | MSE loss: 6.0346e-03 | time: 0.065
I 06.07/22:09:18 solver.py:169 ] => Train  Loss: 6.0466e-03

I 06.07/22:09:19 solver.py:405 ] [20/32] loss: 7.2802e-03 | NMSE: -1.7977e+01 | time: 0.051
I 06.07/22:09:20 solver.py:413 ] => Test NMSE: -1.8887e+01

I 06.07/22:09:20 solver.py:345 ] => LoRA monitor [epoch=48] | trainable=33792/33792 | non_lora_trainable=0 | lora_l2=8.970251e+00 | lora_A_l2=8.135337e+00 | lora_B_l2=3.779112e+00 | component_l2=encoder:8.970251e+00 | lora_abs_max=6.716625e-01 | delta_l2=8.955465e+00 | delta_rel=3.863054e+00 | train_loss=6.046616e-03 | test_loss=6.460227e-03 | nmse=-1.888722e+01
I 06.07/22:09:20 solver.py:224 ] 
=! Best NMSE: -1.8921e+01 (epoch=45)

I 06.07/22:09:21 solver.py:159 ] Epoch: [49/200][20/282] lr: 4.74e-04 | MSE loss: 5.2149e-03 | time: 0.056
I 06.07/22:09:22 solver.py:159 ] Epoch: [49/200][40/282] lr: 4.73e-04 | MSE loss: 5.6768e-03 | time: 0.057
I 06.07/22:09:24 solver.py:159 ] Epoch: [49/200][60/282] lr: 4.73e-04 | MSE loss: 5.9297e-03 | time: 0.059
I 06.07/22:09:25 solver.py:159 ] Epoch: [49/200][80/282] lr: 4.73e-04 | MSE loss: 6.0877e-03 | time: 0.060
I 06.07/22:09:26 solver.py:159 ] Epoch: [49/200][100/282] lr: 4.73e-04 | MSE loss: 5.9646e-03 | time: 0.059
I 06.07/22:09:27 solver.py:159 ] Epoch: [49/200][120/282] lr: 4.73e-04 | MSE loss: 5.9074e-03 | time: 0.059
I 06.07/22:09:28 solver.py:159 ] Epoch: [49/200][140/282] lr: 4.73e-04 | MSE loss: 5.9493e-03 | time: 0.058
I 06.07/22:09:29 solver.py:159 ] Epoch: [49/200][160/282] lr: 4.73e-04 | MSE loss: 6.1555e-03 | time: 0.058
I 06.07/22:09:30 solver.py:159 ] Epoch: [49/200][180/282] lr: 4.72e-04 | MSE loss: 6.0186e-03 | time: 0.058
I 06.07/22:09:32 solver.py:159 ] Epoch: [49/200][200/282] lr: 4.72e-04 | MSE loss: 6.0135e-03 | time: 0.058
I 06.07/22:09:33 solver.py:159 ] Epoch: [49/200][220/282] lr: 4.72e-04 | MSE loss: 5.9911e-03 | time: 0.058
I 06.07/22:09:34 solver.py:159 ] Epoch: [49/200][240/282] lr: 4.72e-04 | MSE loss: 6.0183e-03 | time: 0.058
I 06.07/22:09:35 solver.py:159 ] Epoch: [49/200][260/282] lr: 4.72e-04 | MSE loss: 5.9994e-03 | time: 0.058
I 06.07/22:09:36 solver.py:159 ] Epoch: [49/200][280/282] lr: 4.72e-04 | MSE loss: 6.0164e-03 | time: 0.057
I 06.07/22:09:36 solver.py:169 ] => Train  Loss: 6.1139e-03

I 06.07/22:09:37 solver.py:405 ] [20/32] loss: 7.2190e-03 | NMSE: -1.8019e+01 | time: 0.052
I 06.07/22:09:38 solver.py:413 ] => Test NMSE: -1.8922e+01

I 06.07/22:09:38 solver.py:345 ] => LoRA monitor [epoch=49] | trainable=33792/33792 | non_lora_trainable=0 | lora_l2=9.061355e+00 | lora_A_l2=8.210459e+00 | lora_B_l2=3.833603e+00 | component_l2=encoder:9.061355e+00 | lora_abs_max=6.811539e-01 | delta_l2=9.048219e+00 | delta_rel=3.903065e+00 | train_loss=6.113941e-03 | test_loss=6.408819e-03 | nmse=-1.892192e+01
I 06.07/22:09:38 solver.py:224 ] 
=! Best NMSE: -1.8922e+01 (epoch=49)

I 06.07/22:09:39 solver.py:159 ] Epoch: [50/200][20/282] lr: 4.72e-04 | MSE loss: 7.2104e-03 | time: 0.061
I 06.07/22:09:41 solver.py:159 ] Epoch: [50/200][40/282] lr: 4.72e-04 | MSE loss: 6.7243e-03 | time: 0.058
I 06.07/22:09:42 solver.py:159 ] Epoch: [50/200][60/282] lr: 4.71e-04 | MSE loss: 6.6391e-03 | time: 0.058
I 06.07/22:09:43 solver.py:159 ] Epoch: [50/200][80/282] lr: 4.71e-04 | MSE loss: 6.4868e-03 | time: 0.058
I 06.07/22:09:44 solver.py:159 ] Epoch: [50/200][100/282] lr: 4.71e-04 | MSE loss: 6.4964e-03 | time: 0.058
I 06.07/22:09:45 solver.py:159 ] Epoch: [50/200][120/282] lr: 4.71e-04 | MSE loss: 6.4548e-03 | time: 0.058
I 06.07/22:09:46 solver.py:159 ] Epoch: [50/200][140/282] lr: 4.71e-04 | MSE loss: 6.4231e-03 | time: 0.057
I 06.07/22:09:47 solver.py:159 ] Epoch: [50/200][160/282] lr: 4.71e-04 | MSE loss: 6.5529e-03 | time: 0.057
I 06.07/22:09:49 solver.py:159 ] Epoch: [50/200][180/282] lr: 4.71e-04 | MSE loss: 6.4047e-03 | time: 0.058
I 06.07/22:09:50 solver.py:159 ] Epoch: [50/200][200/282] lr: 4.70e-04 | MSE loss: 6.3153e-03 | time: 0.057
I 06.07/22:09:51 solver.py:159 ] Epoch: [50/200][220/282] lr: 4.70e-04 | MSE loss: 6.1835e-03 | time: 0.057
I 06.07/22:09:52 solver.py:159 ] Epoch: [50/200][240/282] lr: 4.70e-04 | MSE loss: 6.1282e-03 | time: 0.058
I 06.07/22:09:53 solver.py:159 ] Epoch: [50/200][260/282] lr: 4.70e-04 | MSE loss: 6.0993e-03 | time: 0.057
I 06.07/22:09:54 solver.py:159 ] Epoch: [50/200][280/282] lr: 4.70e-04 | MSE loss: 6.0626e-03 | time: 0.057
I 06.07/22:09:54 solver.py:169 ] => Train  Loss: 6.0416e-03

I 06.07/22:09:55 solver.py:159 ] Epoch: [50/200][20/32] lr: 4.70e-04 | MSE loss: 7.2214e-03 | time: 0.054
I 06.07/22:09:56 solver.py:169 ] => Val  Loss: 6.3208e-03

I 06.07/22:09:57 solver.py:405 ] [20/32] loss: 7.2214e-03 | NMSE: -1.8020e+01 | time: 0.054
I 06.07/22:09:58 solver.py:413 ] => Test NMSE: -1.8920e+01

I 06.07/22:09:58 solver.py:345 ] => LoRA monitor [epoch=50] | trainable=33792/33792 | non_lora_trainable=0 | lora_l2=9.148637e+00 | lora_A_l2=8.279146e+00 | lora_B_l2=3.892724e+00 | component_l2=encoder:9.148637e+00 | lora_abs_max=6.840543e-01 | delta_l2=9.137421e+00 | delta_rel=3.941543e+00 | train_loss=6.041595e-03 | val_loss=6.320829e-03 | test_loss=6.411809e-03 | nmse=-1.891990e+01
I 06.07/22:09:58 solver.py:224 ] 
=! Best NMSE: -1.8922e+01 (epoch=49)

I 06.07/22:09:59 solver.py:159 ] Epoch: [51/200][20/282] lr: 4.70e-04 | MSE loss: 7.9797e-03 | time: 0.060
I 06.07/22:10:00 solver.py:159 ] Epoch: [51/200][40/282] lr: 4.70e-04 | MSE loss: 6.6408e-03 | time: 0.063
I 06.07/22:10:02 solver.py:159 ] Epoch: [51/200][60/282] lr: 4.69e-04 | MSE loss: 6.5770e-03 | time: 0.077
I 06.07/22:10:04 solver.py:159 ] Epoch: [51/200][80/282] lr: 4.69e-04 | MSE loss: 6.4763e-03 | time: 0.085
I 06.07/22:10:06 solver.py:159 ] Epoch: [51/200][100/282] lr: 4.69e-04 | MSE loss: 6.1044e-03 | time: 0.080
I 06.07/22:10:07 solver.py:159 ] Epoch: [51/200][120/282] lr: 4.69e-04 | MSE loss: 6.1199e-03 | time: 0.077
I 06.07/22:10:08 solver.py:159 ] Epoch: [51/200][140/282] lr: 4.69e-04 | MSE loss: 6.0935e-03 | time: 0.074
I 06.07/22:10:09 solver.py:159 ] Epoch: [51/200][160/282] lr: 4.69e-04 | MSE loss: 6.0387e-03 | time: 0.072
I 06.07/22:10:10 solver.py:159 ] Epoch: [51/200][180/282] lr: 4.69e-04 | MSE loss: 5.9939e-03 | time: 0.070
I 06.07/22:10:11 solver.py:159 ] Epoch: [51/200][200/282] lr: 4.68e-04 | MSE loss: 5.9910e-03 | time: 0.068
I 06.07/22:10:12 solver.py:159 ] Epoch: [51/200][220/282] lr: 4.68e-04 | MSE loss: 5.9475e-03 | time: 0.067
I 06.07/22:10:14 solver.py:159 ] Epoch: [51/200][240/282] lr: 4.68e-04 | MSE loss: 5.9164e-03 | time: 0.066
I 06.07/22:10:15 solver.py:159 ] Epoch: [51/200][260/282] lr: 4.68e-04 | MSE loss: 5.8779e-03 | time: 0.065
I 06.07/22:10:16 solver.py:159 ] Epoch: [51/200][280/282] lr: 4.68e-04 | MSE loss: 6.0579e-03 | time: 0.065
I 06.07/22:10:16 solver.py:169 ] => Train  Loss: 6.0485e-03

I 06.07/22:10:17 solver.py:405 ] [20/32] loss: 7.2503e-03 | NMSE: -1.7998e+01 | time: 0.051
I 06.07/22:10:18 solver.py:413 ] => Test NMSE: -1.8900e+01

I 06.07/22:10:18 solver.py:345 ] => LoRA monitor [epoch=51] | trainable=33792/33792 | non_lora_trainable=0 | lora_l2=9.228130e+00 | lora_A_l2=8.342147e+00 | lora_B_l2=3.945500e+00 | component_l2=encoder:9.228130e+00 | lora_abs_max=6.878367e-01 | delta_l2=9.218748e+00 | delta_rel=3.976624e+00 | train_loss=6.048489e-03 | test_loss=6.441444e-03 | nmse=-1.889987e+01
I 06.07/22:10:18 solver.py:224 ] 
=! Best NMSE: -1.8922e+01 (epoch=49)

I 06.07/22:10:19 solver.py:159 ] Epoch: [52/200][20/282] lr: 4.68e-04 | MSE loss: 6.0459e-03 | time: 0.066
I 06.07/22:10:20 solver.py:159 ] Epoch: [52/200][40/282] lr: 4.68e-04 | MSE loss: 6.6040e-03 | time: 0.065
I 06.07/22:10:21 solver.py:159 ] Epoch: [52/200][60/282] lr: 4.67e-04 | MSE loss: 6.5362e-03 | time: 0.062
I 06.07/22:10:22 solver.py:159 ] Epoch: [52/200][80/282] lr: 4.67e-04 | MSE loss: 6.6145e-03 | time: 0.061
I 06.07/22:10:24 solver.py:159 ] Epoch: [52/200][100/282] lr: 4.67e-04 | MSE loss: 6.4707e-03 | time: 0.061
I 06.07/22:10:25 solver.py:159 ] Epoch: [52/200][120/282] lr: 4.67e-04 | MSE loss: 6.4724e-03 | time: 0.061
I 06.07/22:10:26 solver.py:159 ] Epoch: [52/200][140/282] lr: 4.67e-04 | MSE loss: 6.2995e-03 | time: 0.060
I 06.07/22:10:27 solver.py:159 ] Epoch: [52/200][160/282] lr: 4.67e-04 | MSE loss: 6.1374e-03 | time: 0.059
I 06.07/22:10:28 solver.py:159 ] Epoch: [52/200][180/282] lr: 4.67e-04 | MSE loss: 6.1380e-03 | time: 0.059
I 06.07/22:10:29 solver.py:159 ] Epoch: [52/200][200/282] lr: 4.66e-04 | MSE loss: 6.1787e-03 | time: 0.059
I 06.07/22:10:30 solver.py:159 ] Epoch: [52/200][220/282] lr: 4.66e-04 | MSE loss: 6.1657e-03 | time: 0.058
I 06.07/22:10:32 solver.py:159 ] Epoch: [52/200][240/282] lr: 4.66e-04 | MSE loss: 6.1019e-03 | time: 0.058
I 06.07/22:10:33 solver.py:159 ] Epoch: [52/200][260/282] lr: 4.66e-04 | MSE loss: 6.0085e-03 | time: 0.058
I 06.07/22:10:34 solver.py:159 ] Epoch: [52/200][280/282] lr: 4.66e-04 | MSE loss: 6.0573e-03 | time: 0.058
I 06.07/22:10:34 solver.py:169 ] => Train  Loss: 6.0636e-03

I 06.07/22:10:35 solver.py:405 ] [20/32] loss: 7.2371e-03 | NMSE: -1.8009e+01 | time: 0.052
I 06.07/22:10:36 solver.py:413 ] => Test NMSE: -1.8915e+01

I 06.07/22:10:36 solver.py:345 ] => LoRA monitor [epoch=52] | trainable=33792/33792 | non_lora_trainable=0 | lora_l2=9.302774e+00 | lora_A_l2=8.398273e+00 | lora_B_l2=4.001327e+00 | component_l2=encoder:9.302774e+00 | lora_abs_max=6.911239e-01 | delta_l2=9.295486e+00 | delta_rel=4.009727e+00 | train_loss=6.063637e-03 | test_loss=6.419043e-03 | nmse=-1.891500e+01
I 06.07/22:10:36 solver.py:224 ] 
=! Best NMSE: -1.8922e+01 (epoch=49)

I 06.07/22:10:37 solver.py:159 ] Epoch: [53/200][20/282] lr: 4.66e-04 | MSE loss: 6.4929e-03 | time: 0.063
I 06.07/22:10:38 solver.py:159 ] Epoch: [53/200][40/282] lr: 4.66e-04 | MSE loss: 5.9583e-03 | time: 0.061
I 06.07/22:10:39 solver.py:159 ] Epoch: [53/200][60/282] lr: 4.65e-04 | MSE loss: 5.5366e-03 | time: 0.060
I 06.07/22:10:40 solver.py:159 ] Epoch: [53/200][80/282] lr: 4.65e-04 | MSE loss: 5.8003e-03 | time: 0.059
I 06.07/22:10:41 solver.py:159 ] Epoch: [53/200][100/282] lr: 4.65e-04 | MSE loss: 5.7881e-03 | time: 0.059
I 06.07/22:10:43 solver.py:159 ] Epoch: [53/200][120/282] lr: 4.65e-04 | MSE loss: 5.5029e-03 | time: 0.058
I 06.07/22:10:44 solver.py:159 ] Epoch: [53/200][140/282] lr: 4.65e-04 | MSE loss: 5.7531e-03 | time: 0.059
I 06.07/22:10:45 solver.py:159 ] Epoch: [53/200][160/282] lr: 4.65e-04 | MSE loss: 5.7782e-03 | time: 0.059
I 06.07/22:10:46 solver.py:159 ] Epoch: [53/200][180/282] lr: 4.64e-04 | MSE loss: 5.8119e-03 | time: 0.059
I 06.07/22:10:47 solver.py:159 ] Epoch: [53/200][200/282] lr: 4.64e-04 | MSE loss: 5.8457e-03 | time: 0.058
I 06.07/22:10:48 solver.py:159 ] Epoch: [53/200][220/282] lr: 4.64e-04 | MSE loss: 5.9108e-03 | time: 0.058
I 06.07/22:10:49 solver.py:159 ] Epoch: [53/200][240/282] lr: 4.64e-04 | MSE loss: 5.9753e-03 | time: 0.058
I 06.07/22:10:51 solver.py:159 ] Epoch: [53/200][260/282] lr: 4.64e-04 | MSE loss: 5.9457e-03 | time: 0.058
I 06.07/22:10:52 solver.py:159 ] Epoch: [53/200][280/282] lr: 4.64e-04 | MSE loss: 6.0553e-03 | time: 0.058
I 06.07/22:10:52 solver.py:169 ] => Train  Loss: 6.0477e-03

I 06.07/22:10:53 solver.py:405 ] [20/32] loss: 7.2222e-03 | NMSE: -1.8025e+01 | time: 0.051
I 06.07/22:10:54 solver.py:413 ] => Test NMSE: -1.8913e+01

I 06.07/22:10:54 solver.py:345 ] => LoRA monitor [epoch=53] | trainable=33792/33792 | non_lora_trainable=0 | lora_l2=9.381280e+00 | lora_A_l2=8.460364e+00 | lora_B_l2=4.053473e+00 | component_l2=encoder:9.381280e+00 | lora_abs_max=6.951829e-01 | delta_l2=9.375578e+00 | delta_rel=4.044275e+00 | train_loss=6.047716e-03 | test_loss=6.421922e-03 | nmse=-1.891305e+01
I 06.07/22:10:54 solver.py:224 ] 
=! Best NMSE: -1.8922e+01 (epoch=49)

I 06.07/22:10:55 solver.py:159 ] Epoch: [54/200][20/282] lr: 4.64e-04 | MSE loss: 5.3908e-03 | time: 0.063
I 06.07/22:10:56 solver.py:159 ] Epoch: [54/200][40/282] lr: 4.63e-04 | MSE loss: 5.6659e-03 | time: 0.062
I 06.07/22:10:57 solver.py:159 ] Epoch: [54/200][60/282] lr: 4.63e-04 | MSE loss: 5.7589e-03 | time: 0.061
I 06.07/22:10:59 solver.py:159 ] Epoch: [54/200][80/282] lr: 4.63e-04 | MSE loss: 5.8021e-03 | time: 0.060
I 06.07/22:11:00 solver.py:159 ] Epoch: [54/200][100/282] lr: 4.63e-04 | MSE loss: 5.7136e-03 | time: 0.060
I 06.07/22:11:01 solver.py:159 ] Epoch: [54/200][120/282] lr: 4.63e-04 | MSE loss: 5.7173e-03 | time: 0.063
I 06.07/22:11:04 solver.py:159 ] Epoch: [54/200][140/282] lr: 4.63e-04 | MSE loss: 5.8601e-03 | time: 0.071
I 06.07/22:11:05 solver.py:159 ] Epoch: [54/200][160/282] lr: 4.62e-04 | MSE loss: 5.8008e-03 | time: 0.072
I 06.07/22:11:06 solver.py:159 ] Epoch: [54/200][180/282] lr: 4.62e-04 | MSE loss: 5.9336e-03 | time: 0.070
I 06.07/22:11:07 solver.py:159 ] Epoch: [54/200][200/282] lr: 4.62e-04 | MSE loss: 6.1112e-03 | time: 0.069
I 06.07/22:11:09 solver.py:159 ] Epoch: [54/200][220/282] lr: 4.62e-04 | MSE loss: 5.9962e-03 | time: 0.068
I 06.07/22:11:10 solver.py:159 ] Epoch: [54/200][240/282] lr: 4.62e-04 | MSE loss: 6.0383e-03 | time: 0.067
I 06.07/22:11:11 solver.py:159 ] Epoch: [54/200][260/282] lr: 4.62e-04 | MSE loss: 6.1000e-03 | time: 0.066
I 06.07/22:11:12 solver.py:159 ] Epoch: [54/200][280/282] lr: 4.62e-04 | MSE loss: 6.0432e-03 | time: 0.066
I 06.07/22:11:12 solver.py:169 ] => Train  Loss: 6.1292e-03

I 06.07/22:11:13 solver.py:405 ] [20/32] loss: 7.2427e-03 | NMSE: -1.8005e+01 | time: 0.055
I 06.07/22:11:14 solver.py:413 ] => Test NMSE: -1.8908e+01

I 06.07/22:11:14 solver.py:345 ] => LoRA monitor [epoch=54] | trainable=33792/33792 | non_lora_trainable=0 | lora_l2=9.449562e+00 | lora_A_l2=8.514221e+00 | lora_B_l2=4.099057e+00 | component_l2=encoder:9.449562e+00 | lora_abs_max=7.006298e-01 | delta_l2=9.445838e+00 | delta_rel=4.074583e+00 | train_loss=6.129208e-03 | test_loss=6.428780e-03 | nmse=-1.890841e+01
I 06.07/22:11:14 solver.py:224 ] 
=! Best NMSE: -1.8922e+01 (epoch=49)

I 06.07/22:11:15 solver.py:159 ] Epoch: [55/200][20/282] lr: 4.61e-04 | MSE loss: 4.5730e-03 | time: 0.065
I 06.07/22:11:16 solver.py:159 ] Epoch: [55/200][40/282] lr: 4.61e-04 | MSE loss: 5.4987e-03 | time: 0.063
I 06.07/22:11:17 solver.py:159 ] Epoch: [55/200][60/282] lr: 4.61e-04 | MSE loss: 5.7498e-03 | time: 0.061
I 06.07/22:11:19 solver.py:159 ] Epoch: [55/200][80/282] lr: 4.61e-04 | MSE loss: 5.6083e-03 | time: 0.060
I 06.07/22:11:20 solver.py:159 ] Epoch: [55/200][100/282] lr: 4.61e-04 | MSE loss: 5.5615e-03 | time: 0.059
I 06.07/22:11:21 solver.py:159 ] Epoch: [55/200][120/282] lr: 4.61e-04 | MSE loss: 5.6277e-03 | time: 0.059
I 06.07/22:11:22 solver.py:159 ] Epoch: [55/200][140/282] lr: 4.60e-04 | MSE loss: 5.9175e-03 | time: 0.059
I 06.07/22:11:23 solver.py:159 ] Epoch: [55/200][160/282] lr: 4.60e-04 | MSE loss: 6.0245e-03 | time: 0.059
I 06.07/22:11:24 solver.py:159 ] Epoch: [55/200][180/282] lr: 4.60e-04 | MSE loss: 6.0132e-03 | time: 0.059
I 06.07/22:11:25 solver.py:159 ] Epoch: [55/200][200/282] lr: 4.60e-04 | MSE loss: 6.0800e-03 | time: 0.058
I 06.07/22:11:27 solver.py:159 ] Epoch: [55/200][220/282] lr: 4.60e-04 | MSE loss: 5.9936e-03 | time: 0.058
I 06.07/22:11:28 solver.py:159 ] Epoch: [55/200][240/282] lr: 4.60e-04 | MSE loss: 6.1099e-03 | time: 0.058
I 06.07/22:11:29 solver.py:159 ] Epoch: [55/200][260/282] lr: 4.59e-04 | MSE loss: 6.0657e-03 | time: 0.057
I 06.07/22:11:30 solver.py:159 ] Epoch: [55/200][280/282] lr: 4.59e-04 | MSE loss: 6.0442e-03 | time: 0.057
I 06.07/22:11:30 solver.py:169 ] => Train  Loss: 6.0336e-03

I 06.07/22:11:31 solver.py:405 ] [20/32] loss: 7.2167e-03 | NMSE: -1.8029e+01 | time: 0.052
I 06.07/22:11:32 solver.py:413 ] => Test NMSE: -1.8922e+01

I 06.07/22:11:32 solver.py:345 ] => LoRA monitor [epoch=55] | trainable=33792/33792 | non_lora_trainable=0 | lora_l2=9.539225e+00 | lora_A_l2=8.586175e+00 | lora_B_l2=4.156250e+00 | component_l2=encoder:9.539225e+00 | lora_abs_max=7.021633e-01 | delta_l2=9.536568e+00 | delta_rel=4.113720e+00 | train_loss=6.033619e-03 | test_loss=6.408049e-03 | nmse=-1.892244e+01
I 06.07/22:11:32 solver.py:224 ] 
=! Best NMSE: -1.8922e+01 (epoch=55)

I 06.07/22:11:33 solver.py:159 ] Epoch: [56/200][20/282] lr: 4.59e-04 | MSE loss: 5.7650e-03 | time: 0.058
I 06.07/22:11:34 solver.py:159 ] Epoch: [56/200][40/282] lr: 4.59e-04 | MSE loss: 5.2248e-03 | time: 0.057
I 06.07/22:11:36 solver.py:159 ] Epoch: [56/200][60/282] lr: 4.59e-04 | MSE loss: 5.4809e-03 | time: 0.057
I 06.07/22:11:37 solver.py:159 ] Epoch: [56/200][80/282] lr: 4.59e-04 | MSE loss: 5.8618e-03 | time: 0.057
I 06.07/22:11:38 solver.py:159 ] Epoch: [56/200][100/282] lr: 4.59e-04 | MSE loss: 5.8553e-03 | time: 0.057
I 06.07/22:11:39 solver.py:159 ] Epoch: [56/200][120/282] lr: 4.58e-04 | MSE loss: 5.8783e-03 | time: 0.057
I 06.07/22:11:40 solver.py:159 ] Epoch: [56/200][140/282] lr: 4.58e-04 | MSE loss: 5.8660e-03 | time: 0.056
I 06.07/22:11:41 solver.py:159 ] Epoch: [56/200][160/282] lr: 4.58e-04 | MSE loss: 5.8269e-03 | time: 0.056
I 06.07/22:11:42 solver.py:159 ] Epoch: [56/200][180/282] lr: 4.58e-04 | MSE loss: 5.9386e-03 | time: 0.057
I 06.07/22:11:44 solver.py:159 ] Epoch: [56/200][200/282] lr: 4.58e-04 | MSE loss: 5.9898e-03 | time: 0.057
I 06.07/22:11:45 solver.py:159 ] Epoch: [56/200][220/282] lr: 4.58e-04 | MSE loss: 5.9036e-03 | time: 0.056
I 06.07/22:11:46 solver.py:159 ] Epoch: [56/200][240/282] lr: 4.57e-04 | MSE loss: 5.9832e-03 | time: 0.057
I 06.07/22:11:47 solver.py:159 ] Epoch: [56/200][260/282] lr: 4.57e-04 | MSE loss: 6.0008e-03 | time: 0.057
I 06.07/22:11:48 solver.py:159 ] Epoch: [56/200][280/282] lr: 4.57e-04 | MSE loss: 6.0470e-03 | time: 0.057
I 06.07/22:11:48 solver.py:169 ] => Train  Loss: 6.0613e-03

I 06.07/22:11:49 solver.py:405 ] [20/32] loss: 7.2321e-03 | NMSE: -1.8017e+01 | time: 0.054
I 06.07/22:11:50 solver.py:413 ] => Test NMSE: -1.8910e+01

I 06.07/22:11:50 solver.py:345 ] => LoRA monitor [epoch=56] | trainable=33792/33792 | non_lora_trainable=0 | lora_l2=9.611891e+00 | lora_A_l2=8.644099e+00 | lora_B_l2=4.203334e+00 | component_l2=encoder:9.611891e+00 | lora_abs_max=7.028787e-01 | delta_l2=9.610569e+00 | delta_rel=4.145641e+00 | train_loss=6.061350e-03 | test_loss=6.426149e-03 | nmse=-1.891019e+01
I 06.07/22:11:50 solver.py:224 ] 
=! Best NMSE: -1.8922e+01 (epoch=55)

I 06.07/22:11:51 solver.py:159 ] Epoch: [57/200][20/282] lr: 4.57e-04 | MSE loss: 6.4244e-03 | time: 0.062
I 06.07/22:11:52 solver.py:159 ] Epoch: [57/200][40/282] lr: 4.57e-04 | MSE loss: 6.5857e-03 | time: 0.062
I 06.07/22:11:54 solver.py:159 ] Epoch: [57/200][60/282] lr: 4.57e-04 | MSE loss: 6.1238e-03 | time: 0.060
I 06.07/22:11:55 solver.py:159 ] Epoch: [57/200][80/282] lr: 4.56e-04 | MSE loss: 6.1445e-03 | time: 0.059
I 06.07/22:11:56 solver.py:159 ] Epoch: [57/200][100/282] lr: 4.56e-04 | MSE loss: 6.2702e-03 | time: 0.057
I 06.07/22:11:57 solver.py:159 ] Epoch: [57/200][120/282] lr: 4.56e-04 | MSE loss: 6.1294e-03 | time: 0.057
I 06.07/22:11:58 solver.py:159 ] Epoch: [57/200][140/282] lr: 4.56e-04 | MSE loss: 6.2865e-03 | time: 0.057
I 06.07/22:11:59 solver.py:159 ] Epoch: [57/200][160/282] lr: 4.56e-04 | MSE loss: 6.2968e-03 | time: 0.057
I 06.07/22:12:00 solver.py:159 ] Epoch: [57/200][180/282] lr: 4.56e-04 | MSE loss: 6.2210e-03 | time: 0.058
I 06.07/22:12:03 solver.py:159 ] Epoch: [57/200][200/282] lr: 4.55e-04 | MSE loss: 6.2428e-03 | time: 0.063
I 06.07/22:12:05 solver.py:159 ] Epoch: [57/200][220/282] lr: 4.55e-04 | MSE loss: 6.1340e-03 | time: 0.068
I 06.07/22:12:06 solver.py:159 ] Epoch: [57/200][240/282] lr: 4.55e-04 | MSE loss: 6.1640e-03 | time: 0.067
I 06.07/22:12:07 solver.py:159 ] Epoch: [57/200][260/282] lr: 4.55e-04 | MSE loss: 6.1172e-03 | time: 0.066
I 06.07/22:12:08 solver.py:159 ] Epoch: [57/200][280/282] lr: 4.55e-04 | MSE loss: 6.0371e-03 | time: 0.066
I 06.07/22:12:08 solver.py:169 ] => Train  Loss: 6.0289e-03

I 06.07/22:12:10 solver.py:405 ] [20/32] loss: 7.2122e-03 | NMSE: -1.8024e+01 | time: 0.055
I 06.07/22:12:10 solver.py:413 ] => Test NMSE: -1.8927e+01

I 06.07/22:12:10 solver.py:345 ] => LoRA monitor [epoch=57] | trainable=33792/33792 | non_lora_trainable=0 | lora_l2=9.685546e+00 | lora_A_l2=8.704466e+00 | lora_B_l2=4.247595e+00 | component_l2=encoder:9.685546e+00 | lora_abs_max=7.053531e-01 | delta_l2=9.685797e+00 | delta_rel=4.178092e+00 | train_loss=6.028917e-03 | test_loss=6.401778e-03 | nmse=-1.892669e+01
I 06.07/22:12:11 solver.py:224 ] 
=! Best NMSE: -1.8927e+01 (epoch=57)

I 06.07/22:12:12 solver.py:159 ] Epoch: [58/200][20/282] lr: 4.55e-04 | MSE loss: 5.5464e-03 | time: 0.059
I 06.07/22:12:13 solver.py:159 ] Epoch: [58/200][40/282] lr: 4.54e-04 | MSE loss: 5.7555e-03 | time: 0.062
I 06.07/22:12:14 solver.py:159 ] Epoch: [58/200][60/282] lr: 4.54e-04 | MSE loss: 5.8769e-03 | time: 0.059
I 06.07/22:12:15 solver.py:159 ] Epoch: [58/200][80/282] lr: 4.54e-04 | MSE loss: 5.9940e-03 | time: 0.058
I 06.07/22:12:16 solver.py:159 ] Epoch: [58/200][100/282] lr: 4.54e-04 | MSE loss: 6.0570e-03 | time: 0.058
I 06.07/22:12:18 solver.py:159 ] Epoch: [58/200][120/282] lr: 4.54e-04 | MSE loss: 6.4907e-03 | time: 0.058
I 06.07/22:12:19 solver.py:159 ] Epoch: [58/200][140/282] lr: 4.54e-04 | MSE loss: 6.3897e-03 | time: 0.058
I 06.07/22:12:20 solver.py:159 ] Epoch: [58/200][160/282] lr: 4.53e-04 | MSE loss: 6.2561e-03 | time: 0.057
I 06.07/22:12:21 solver.py:159 ] Epoch: [58/200][180/282] lr: 4.53e-04 | MSE loss: 6.1583e-03 | time: 0.058
I 06.07/22:12:22 solver.py:159 ] Epoch: [58/200][200/282] lr: 4.53e-04 | MSE loss: 6.0881e-03 | time: 0.057
I 06.07/22:12:23 solver.py:159 ] Epoch: [58/200][220/282] lr: 4.53e-04 | MSE loss: 6.0927e-03 | time: 0.057
I 06.07/22:12:24 solver.py:159 ] Epoch: [58/200][240/282] lr: 4.53e-04 | MSE loss: 6.0246e-03 | time: 0.057
I 06.07/22:12:25 solver.py:159 ] Epoch: [58/200][260/282] lr: 4.52e-04 | MSE loss: 6.0351e-03 | time: 0.057
I 06.07/22:12:27 solver.py:159 ] Epoch: [58/200][280/282] lr: 4.52e-04 | MSE loss: 6.0401e-03 | time: 0.057
I 06.07/22:12:27 solver.py:169 ] => Train  Loss: 6.0220e-03

I 06.07/22:12:28 solver.py:405 ] [20/32] loss: 7.2129e-03 | NMSE: -1.8026e+01 | time: 0.059
I 06.07/22:12:29 solver.py:413 ] => Test NMSE: -1.8931e+01

I 06.07/22:12:29 solver.py:345 ] => LoRA monitor [epoch=58] | trainable=33792/33792 | non_lora_trainable=0 | lora_l2=9.755181e+00 | lora_A_l2=8.760176e+00 | lora_B_l2=4.292187e+00 | component_l2=encoder:9.755181e+00 | lora_abs_max=7.095371e-01 | delta_l2=9.757047e+00 | delta_rel=4.208827e+00 | train_loss=6.022014e-03 | test_loss=6.395407e-03 | nmse=-1.893102e+01
I 06.07/22:12:29 solver.py:224 ] 
=! Best NMSE: -1.8931e+01 (epoch=58)

I 06.07/22:12:30 solver.py:159 ] Epoch: [59/200][20/282] lr: 4.52e-04 | MSE loss: 5.9765e-03 | time: 0.062
I 06.07/22:12:32 solver.py:159 ] Epoch: [59/200][40/282] lr: 4.52e-04 | MSE loss: 5.3333e-03 | time: 0.062
I 06.07/22:12:33 solver.py:159 ] Epoch: [59/200][60/282] lr: 4.52e-04 | MSE loss: 5.3261e-03 | time: 0.064
I 06.07/22:12:34 solver.py:159 ] Epoch: [59/200][80/282] lr: 4.52e-04 | MSE loss: 5.5912e-03 | time: 0.063
I 06.07/22:12:35 solver.py:159 ] Epoch: [59/200][100/282] lr: 4.51e-04 | MSE loss: 5.6534e-03 | time: 0.062
I 06.07/22:12:36 solver.py:159 ] Epoch: [59/200][120/282] lr: 4.51e-04 | MSE loss: 5.6436e-03 | time: 0.061
I 06.07/22:12:38 solver.py:159 ] Epoch: [59/200][140/282] lr: 4.51e-04 | MSE loss: 5.6524e-03 | time: 0.061
I 06.07/22:12:39 solver.py:159 ] Epoch: [59/200][160/282] lr: 4.51e-04 | MSE loss: 5.5323e-03 | time: 0.061
I 06.07/22:12:40 solver.py:159 ] Epoch: [59/200][180/282] lr: 4.51e-04 | MSE loss: 5.5958e-03 | time: 0.061
I 06.07/22:12:41 solver.py:159 ] Epoch: [59/200][200/282] lr: 4.51e-04 | MSE loss: 5.6632e-03 | time: 0.061
I 06.07/22:12:43 solver.py:159 ] Epoch: [59/200][220/282] lr: 4.50e-04 | MSE loss: 5.8687e-03 | time: 0.061
I 06.07/22:12:44 solver.py:159 ] Epoch: [59/200][240/282] lr: 4.50e-04 | MSE loss: 5.8786e-03 | time: 0.060
I 06.07/22:12:45 solver.py:159 ] Epoch: [59/200][260/282] lr: 4.50e-04 | MSE loss: 5.9587e-03 | time: 0.060
I 06.07/22:12:46 solver.py:159 ] Epoch: [59/200][280/282] lr: 4.50e-04 | MSE loss: 6.0427e-03 | time: 0.060
I 06.07/22:12:46 solver.py:169 ] => Train  Loss: 6.0385e-03

I 06.07/22:12:47 solver.py:405 ] [20/32] loss: 7.2190e-03 | NMSE: -1.8017e+01 | time: 0.052
I 06.07/22:12:48 solver.py:413 ] => Test NMSE: -1.8923e+01

I 06.07/22:12:48 solver.py:345 ] => LoRA monitor [epoch=59] | trainable=33792/33792 | non_lora_trainable=0 | lora_l2=9.826346e+00 | lora_A_l2=8.815016e+00 | lora_B_l2=4.341954e+00 | component_l2=encoder:9.826346e+00 | lora_abs_max=7.119176e-01 | delta_l2=9.829302e+00 | delta_rel=4.239995e+00 | train_loss=6.038516e-03 | test_loss=6.407341e-03 | nmse=-1.892292e+01
I 06.07/22:12:48 solver.py:224 ] 
=! Best NMSE: -1.8931e+01 (epoch=58)

I 06.07/22:12:49 solver.py:159 ] Epoch: [60/200][20/282] lr: 4.50e-04 | MSE loss: 5.4974e-03 | time: 0.057
I 06.07/22:12:50 solver.py:159 ] Epoch: [60/200][40/282] lr: 4.50e-04 | MSE loss: 5.5060e-03 | time: 0.055
I 06.07/22:12:51 solver.py:159 ] Epoch: [60/200][60/282] lr: 4.49e-04 | MSE loss: 5.9672e-03 | time: 0.057
I 06.07/22:12:52 solver.py:159 ] Epoch: [60/200][80/282] lr: 4.49e-04 | MSE loss: 6.0351e-03 | time: 0.056
I 06.07/22:12:54 solver.py:159 ] Epoch: [60/200][100/282] lr: 4.49e-04 | MSE loss: 5.7393e-03 | time: 0.056
I 06.07/22:12:55 solver.py:159 ] Epoch: [60/200][120/282] lr: 4.49e-04 | MSE loss: 5.8677e-03 | time: 0.057
I 06.07/22:12:56 solver.py:159 ] Epoch: [60/200][140/282] lr: 4.49e-04 | MSE loss: 5.8225e-03 | time: 0.057
I 06.07/22:12:57 solver.py:159 ] Epoch: [60/200][160/282] lr: 4.48e-04 | MSE loss: 5.8262e-03 | time: 0.057
I 06.07/22:12:58 solver.py:159 ] Epoch: [60/200][180/282] lr: 4.48e-04 | MSE loss: 5.7277e-03 | time: 0.057
I 06.07/22:12:59 solver.py:159 ] Epoch: [60/200][200/282] lr: 4.48e-04 | MSE loss: 5.8982e-03 | time: 0.057
I 06.07/22:13:01 solver.py:159 ] Epoch: [60/200][220/282] lr: 4.48e-04 | MSE loss: 6.1470e-03 | time: 0.059
I 06.07/22:13:03 solver.py:159 ] Epoch: [60/200][240/282] lr: 4.48e-04 | MSE loss: 6.0452e-03 | time: 0.064
I 06.07/22:13:05 solver.py:159 ] Epoch: [60/200][260/282] lr: 4.48e-04 | MSE loss: 6.0099e-03 | time: 0.066
I 06.07/22:13:06 solver.py:159 ] Epoch: [60/200][280/282] lr: 4.47e-04 | MSE loss: 6.0346e-03 | time: 0.065
I 06.07/22:13:06 solver.py:169 ] => Train  Loss: 6.0162e-03

I 06.07/22:13:07 solver.py:159 ] Epoch: [60/200][20/32] lr: 4.47e-04 | MSE loss: 7.2269e-03 | time: 0.052
I 06.07/22:13:08 solver.py:169 ] => Val  Loss: 6.3216e-03

I 06.07/22:13:09 solver.py:405 ] [20/32] loss: 7.2269e-03 | NMSE: -1.8018e+01 | time: 0.057
I 06.07/22:13:10 solver.py:413 ] => Test NMSE: -1.8918e+01

I 06.07/22:13:10 solver.py:345 ] => LoRA monitor [epoch=60] | trainable=33792/33792 | non_lora_trainable=0 | lora_l2=9.894267e+00 | lora_A_l2=8.870169e+00 | lora_B_l2=4.383676e+00 | component_l2=encoder:9.894267e+00 | lora_abs_max=7.139038e-01 | delta_l2=9.897744e+00 | delta_rel=4.269518e+00 | train_loss=6.016210e-03 | val_loss=6.321569e-03 | test_loss=6.413981e-03 | nmse=-1.891842e+01
I 06.07/22:13:10 solver.py:224 ] 
=! Best NMSE: -1.8931e+01 (epoch=58)

I 06.07/22:13:11 solver.py:159 ] Epoch: [61/200][20/282] lr: 4.47e-04 | MSE loss: 5.8808e-03 | time: 0.057
I 06.07/22:13:12 solver.py:159 ] Epoch: [61/200][40/282] lr: 4.47e-04 | MSE loss: 6.1457e-03 | time: 0.059
I 06.07/22:13:13 solver.py:159 ] Epoch: [61/200][60/282] lr: 4.47e-04 | MSE loss: 6.1088e-03 | time: 0.059
I 06.07/22:13:15 solver.py:159 ] Epoch: [61/200][80/282] lr: 4.47e-04 | MSE loss: 6.3067e-03 | time: 0.059
I 06.07/22:13:16 solver.py:159 ] Epoch: [61/200][100/282] lr: 4.46e-04 | MSE loss: 6.0484e-03 | time: 0.059
I 06.07/22:13:17 solver.py:159 ] Epoch: [61/200][120/282] lr: 4.46e-04 | MSE loss: 5.7469e-03 | time: 0.060
I 06.07/22:13:18 solver.py:159 ] Epoch: [61/200][140/282] lr: 4.46e-04 | MSE loss: 5.6520e-03 | time: 0.060
I 06.07/22:13:19 solver.py:159 ] Epoch: [61/200][160/282] lr: 4.46e-04 | MSE loss: 5.7294e-03 | time: 0.060
I 06.07/22:13:21 solver.py:159 ] Epoch: [61/200][180/282] lr: 4.46e-04 | MSE loss: 5.8417e-03 | time: 0.060
I 06.07/22:13:22 solver.py:159 ] Epoch: [61/200][200/282] lr: 4.46e-04 | MSE loss: 5.9043e-03 | time: 0.059
I 06.07/22:13:23 solver.py:159 ] Epoch: [61/200][220/282] lr: 4.45e-04 | MSE loss: 5.9637e-03 | time: 0.059
I 06.07/22:13:24 solver.py:159 ] Epoch: [61/200][240/282] lr: 4.45e-04 | MSE loss: 5.9424e-03 | time: 0.060
I 06.07/22:13:25 solver.py:159 ] Epoch: [61/200][260/282] lr: 4.45e-04 | MSE loss: 6.0080e-03 | time: 0.059
I 06.07/22:13:26 solver.py:159 ] Epoch: [61/200][280/282] lr: 4.45e-04 | MSE loss: 6.0211e-03 | time: 0.059
I 06.07/22:13:27 solver.py:169 ] => Train  Loss: 6.0177e-03

I 06.07/22:13:28 solver.py:405 ] [20/32] loss: 7.2256e-03 | NMSE: -1.8018e+01 | time: 0.054
I 06.07/22:13:28 solver.py:413 ] => Test NMSE: -1.8916e+01

I 06.07/22:13:28 solver.py:345 ] => LoRA monitor [epoch=61] | trainable=33792/33792 | non_lora_trainable=0 | lora_l2=9.957746e+00 | lora_A_l2=8.919781e+00 | lora_B_l2=4.426535e+00 | component_l2=encoder:9.957746e+00 | lora_abs_max=7.171532e-01 | delta_l2=9.962488e+00 | delta_rel=4.297446e+00 | train_loss=6.017652e-03 | test_loss=6.417978e-03 | nmse=-1.891572e+01
I 06.07/22:13:28 solver.py:224 ] 
=! Best NMSE: -1.8931e+01 (epoch=58)

I 06.07/22:13:30 solver.py:159 ] Epoch: [62/200][20/282] lr: 4.45e-04 | MSE loss: 6.2802e-03 | time: 0.059
I 06.07/22:13:31 solver.py:159 ] Epoch: [62/200][40/282] lr: 4.44e-04 | MSE loss: 5.8552e-03 | time: 0.056
I 06.07/22:13:32 solver.py:159 ] Epoch: [62/200][60/282] lr: 4.44e-04 | MSE loss: 5.9827e-03 | time: 0.056
I 06.07/22:13:33 solver.py:159 ] Epoch: [62/200][80/282] lr: 4.44e-04 | MSE loss: 6.0657e-03 | time: 0.057
I 06.07/22:13:34 solver.py:159 ] Epoch: [62/200][100/282] lr: 4.44e-04 | MSE loss: 6.1010e-03 | time: 0.057
I 06.07/22:13:35 solver.py:159 ] Epoch: [62/200][120/282] lr: 4.44e-04 | MSE loss: 6.2129e-03 | time: 0.058
I 06.07/22:13:36 solver.py:159 ] Epoch: [62/200][140/282] lr: 4.44e-04 | MSE loss: 6.2186e-03 | time: 0.058
I 06.07/22:13:38 solver.py:159 ] Epoch: [62/200][160/282] lr: 4.43e-04 | MSE loss: 6.0684e-03 | time: 0.058
I 06.07/22:13:39 solver.py:159 ] Epoch: [62/200][180/282] lr: 4.43e-04 | MSE loss: 6.0345e-03 | time: 0.058
I 06.07/22:13:40 solver.py:159 ] Epoch: [62/200][200/282] lr: 4.43e-04 | MSE loss: 6.0670e-03 | time: 0.057
I 06.07/22:13:41 solver.py:159 ] Epoch: [62/200][220/282] lr: 4.43e-04 | MSE loss: 6.0939e-03 | time: 0.057
I 06.07/22:13:42 solver.py:159 ] Epoch: [62/200][240/282] lr: 4.43e-04 | MSE loss: 6.0453e-03 | time: 0.058
I 06.07/22:13:43 solver.py:159 ] Epoch: [62/200][260/282] lr: 4.42e-04 | MSE loss: 6.1296e-03 | time: 0.058
I 06.07/22:13:45 solver.py:159 ] Epoch: [62/200][280/282] lr: 4.42e-04 | MSE loss: 6.0259e-03 | time: 0.058
I 06.07/22:13:45 solver.py:169 ] => Train  Loss: 6.0273e-03

I 06.07/22:13:46 solver.py:405 ] [20/32] loss: 7.1996e-03 | NMSE: -1.8036e+01 | time: 0.053
I 06.07/22:13:46 solver.py:413 ] => Test NMSE: -1.8940e+01

I 06.07/22:13:46 solver.py:345 ] => LoRA monitor [epoch=62] | trainable=33792/33792 | non_lora_trainable=0 | lora_l2=1.002362e+01 | lora_A_l2=8.972738e+00 | lora_B_l2=4.467996e+00 | component_l2=encoder:1.002362e+01 | lora_abs_max=7.222571e-01 | delta_l2=1.002962e+01 | delta_rel=4.326407e+00 | train_loss=6.027298e-03 | test_loss=6.381500e-03 | nmse=-1.894047e+01
I 06.07/22:13:47 solver.py:224 ] 
=! Best NMSE: -1.8940e+01 (epoch=62)

I 06.07/22:13:48 solver.py:159 ] Epoch: [63/200][20/282] lr: 4.42e-04 | MSE loss: 6.5363e-03 | time: 0.060
I 06.07/22:13:49 solver.py:159 ] Epoch: [63/200][40/282] lr: 4.42e-04 | MSE loss: 6.1411e-03 | time: 0.058
I 06.07/22:13:50 solver.py:159 ] Epoch: [63/200][60/282] lr: 4.42e-04 | MSE loss: 6.0534e-03 | time: 0.058
I 06.07/22:13:51 solver.py:159 ] Epoch: [63/200][80/282] lr: 4.41e-04 | MSE loss: 6.2418e-03 | time: 0.057
I 06.07/22:13:53 solver.py:159 ] Epoch: [63/200][100/282] lr: 4.41e-04 | MSE loss: 6.2927e-03 | time: 0.058
I 06.07/22:13:54 solver.py:159 ] Epoch: [63/200][120/282] lr: 4.41e-04 | MSE loss: 6.1537e-03 | time: 0.057
I 06.07/22:13:55 solver.py:159 ] Epoch: [63/200][140/282] lr: 4.41e-04 | MSE loss: 6.1676e-03 | time: 0.057
I 06.07/22:13:56 solver.py:159 ] Epoch: [63/200][160/282] lr: 4.41e-04 | MSE loss: 6.0891e-03 | time: 0.058
I 06.07/22:13:57 solver.py:159 ] Epoch: [63/200][180/282] lr: 4.41e-04 | MSE loss: 6.0324e-03 | time: 0.058
I 06.07/22:13:58 solver.py:159 ] Epoch: [63/200][200/282] lr: 4.40e-04 | MSE loss: 6.0065e-03 | time: 0.057
I 06.07/22:13:59 solver.py:159 ] Epoch: [63/200][220/282] lr: 4.40e-04 | MSE loss: 6.0118e-03 | time: 0.057
I 06.07/22:14:01 solver.py:159 ] Epoch: [63/200][240/282] lr: 4.40e-04 | MSE loss: 6.0355e-03 | time: 0.058
I 06.07/22:14:03 solver.py:159 ] Epoch: [63/200][260/282] lr: 4.40e-04 | MSE loss: 6.0132e-03 | time: 0.063
I 06.07/22:14:05 solver.py:159 ] Epoch: [63/200][280/282] lr: 4.40e-04 | MSE loss: 6.0280e-03 | time: 0.065
I 06.07/22:14:05 solver.py:169 ] => Train  Loss: 6.0124e-03

I 06.07/22:14:06 solver.py:405 ] [20/32] loss: 7.2178e-03 | NMSE: -1.8023e+01 | time: 0.050
I 06.07/22:14:07 solver.py:413 ] => Test NMSE: -1.8926e+01

I 06.07/22:14:07 solver.py:345 ] => LoRA monitor [epoch=63] | trainable=33792/33792 | non_lora_trainable=0 | lora_l2=1.008988e+01 | lora_A_l2=9.025033e+00 | lora_B_l2=4.511586e+00 | component_l2=encoder:1.008988e+01 | lora_abs_max=7.272900e-01 | delta_l2=1.009666e+01 | delta_rel=4.355324e+00 | train_loss=6.012388e-03 | test_loss=6.403301e-03 | nmse=-1.892566e+01
I 06.07/22:14:07 solver.py:224 ] 
=! Best NMSE: -1.8940e+01 (epoch=62)

I 06.07/22:14:08 solver.py:159 ] Epoch: [64/200][20/282] lr: 4.39e-04 | MSE loss: 5.4394e-03 | time: 0.055
I 06.07/22:14:09 solver.py:159 ] Epoch: [64/200][40/282] lr: 4.39e-04 | MSE loss: 5.4685e-03 | time: 0.058
I 06.07/22:14:10 solver.py:159 ] Epoch: [64/200][60/282] lr: 4.39e-04 | MSE loss: 5.4363e-03 | time: 0.059
I 06.07/22:14:12 solver.py:159 ] Epoch: [64/200][80/282] lr: 4.39e-04 | MSE loss: 5.1524e-03 | time: 0.059
I 06.07/22:14:13 solver.py:159 ] Epoch: [64/200][100/282] lr: 4.39e-04 | MSE loss: 5.4432e-03 | time: 0.058
I 06.07/22:14:14 solver.py:159 ] Epoch: [64/200][120/282] lr: 4.38e-04 | MSE loss: 5.4224e-03 | time: 0.057
I 06.07/22:14:15 solver.py:159 ] Epoch: [64/200][140/282] lr: 4.38e-04 | MSE loss: 5.5128e-03 | time: 0.057
I 06.07/22:14:16 solver.py:159 ] Epoch: [64/200][160/282] lr: 4.38e-04 | MSE loss: 5.5919e-03 | time: 0.057
I 06.07/22:14:17 solver.py:159 ] Epoch: [64/200][180/282] lr: 4.38e-04 | MSE loss: 5.6576e-03 | time: 0.057
I 06.07/22:14:18 solver.py:159 ] Epoch: [64/200][200/282] lr: 4.38e-04 | MSE loss: 5.8060e-03 | time: 0.057
I 06.07/22:14:19 solver.py:159 ] Epoch: [64/200][220/282] lr: 4.37e-04 | MSE loss: 5.9068e-03 | time: 0.057
I 06.07/22:14:21 solver.py:159 ] Epoch: [64/200][240/282] lr: 4.37e-04 | MSE loss: 6.0441e-03 | time: 0.057
I 06.07/22:14:22 solver.py:159 ] Epoch: [64/200][260/282] lr: 4.37e-04 | MSE loss: 6.1095e-03 | time: 0.057
I 06.07/22:14:23 solver.py:159 ] Epoch: [64/200][280/282] lr: 4.37e-04 | MSE loss: 6.0331e-03 | time: 0.058
I 06.07/22:14:23 solver.py:169 ] => Train  Loss: 6.0753e-03

I 06.07/22:14:24 solver.py:405 ] [20/32] loss: 7.2553e-03 | NMSE: -1.8003e+01 | time: 0.055
I 06.07/22:14:25 solver.py:413 ] => Test NMSE: -1.8906e+01

I 06.07/22:14:25 solver.py:345 ] => LoRA monitor [epoch=64] | trainable=33792/33792 | non_lora_trainable=0 | lora_l2=1.014997e+01 | lora_A_l2=9.071344e+00 | lora_B_l2=4.553314e+00 | component_l2=encoder:1.014997e+01 | lora_abs_max=7.322508e-01 | delta_l2=1.015832e+01 | delta_rel=4.381920e+00 | train_loss=6.075333e-03 | test_loss=6.432878e-03 | nmse=-1.890565e+01
I 06.07/22:14:25 solver.py:224 ] 
=! Best NMSE: -1.8940e+01 (epoch=62)

I 06.07/22:14:26 solver.py:159 ] Epoch: [65/200][20/282] lr: 4.37e-04 | MSE loss: 6.2726e-03 | time: 0.058
I 06.07/22:14:27 solver.py:159 ] Epoch: [65/200][40/282] lr: 4.36e-04 | MSE loss: 6.0255e-03 | time: 0.057
I 06.07/22:14:28 solver.py:159 ] Epoch: [65/200][60/282] lr: 4.36e-04 | MSE loss: 5.9442e-03 | time: 0.058
I 06.07/22:14:29 solver.py:159 ] Epoch: [65/200][80/282] lr: 4.36e-04 | MSE loss: 5.8611e-03 | time: 0.058
I 06.07/22:14:31 solver.py:159 ] Epoch: [65/200][100/282] lr: 4.36e-04 | MSE loss: 5.9689e-03 | time: 0.057
I 06.07/22:14:32 solver.py:159 ] Epoch: [65/200][120/282] lr: 4.36e-04 | MSE loss: 5.9120e-03 | time: 0.057
I 06.07/22:14:33 solver.py:159 ] Epoch: [65/200][140/282] lr: 4.35e-04 | MSE loss: 5.8322e-03 | time: 0.057
I 06.07/22:14:34 solver.py:159 ] Epoch: [65/200][160/282] lr: 4.35e-04 | MSE loss: 5.6764e-03 | time: 0.057
I 06.07/22:14:35 solver.py:159 ] Epoch: [65/200][180/282] lr: 4.35e-04 | MSE loss: 5.8776e-03 | time: 0.057
I 06.07/22:14:36 solver.py:159 ] Epoch: [65/200][200/282] lr: 4.35e-04 | MSE loss: 5.8955e-03 | time: 0.057
I 06.07/22:14:37 solver.py:159 ] Epoch: [65/200][220/282] lr: 4.35e-04 | MSE loss: 5.8860e-03 | time: 0.057
I 06.07/22:14:39 solver.py:159 ] Epoch: [65/200][240/282] lr: 4.35e-04 | MSE loss: 5.9348e-03 | time: 0.057
I 06.07/22:14:40 solver.py:159 ] Epoch: [65/200][260/282] lr: 4.34e-04 | MSE loss: 5.9681e-03 | time: 0.058
I 06.07/22:14:41 solver.py:159 ] Epoch: [65/200][280/282] lr: 4.34e-04 | MSE loss: 6.0173e-03 | time: 0.057
I 06.07/22:14:41 solver.py:169 ] => Train  Loss: 6.0131e-03

I 06.07/22:14:42 solver.py:405 ] [20/32] loss: 7.2331e-03 | NMSE: -1.8009e+01 | time: 0.051
I 06.07/22:14:43 solver.py:413 ] => Test NMSE: -1.8914e+01

I 06.07/22:14:43 solver.py:345 ] => LoRA monitor [epoch=65] | trainable=33792/33792 | non_lora_trainable=0 | lora_l2=1.021095e+01 | lora_A_l2=9.119642e+00 | lora_B_l2=4.593005e+00 | component_l2=encoder:1.021095e+01 | lora_abs_max=7.357627e-01 | delta_l2=1.022018e+01 | delta_rel=4.408607e+00 | train_loss=6.013094e-03 | test_loss=6.421101e-03 | nmse=-1.891361e+01
I 06.07/22:14:43 solver.py:224 ] 
=! Best NMSE: -1.8940e+01 (epoch=62)

I 06.07/22:14:44 solver.py:159 ] Epoch: [66/200][20/282] lr: 4.34e-04 | MSE loss: 6.6833e-03 | time: 0.059
I 06.07/22:14:45 solver.py:159 ] Epoch: [66/200][40/282] lr: 4.34e-04 | MSE loss: 6.2814e-03 | time: 0.060
I 06.07/22:14:46 solver.py:159 ] Epoch: [66/200][60/282] lr: 4.34e-04 | MSE loss: 6.2142e-03 | time: 0.058
I 06.07/22:14:47 solver.py:159 ] Epoch: [66/200][80/282] lr: 4.33e-04 | MSE loss: 6.4699e-03 | time: 0.058
I 06.07/22:14:48 solver.py:159 ] Epoch: [66/200][100/282] lr: 4.33e-04 | MSE loss: 6.5822e-03 | time: 0.058
I 06.07/22:14:50 solver.py:159 ] Epoch: [66/200][120/282] lr: 4.33e-04 | MSE loss: 6.3579e-03 | time: 0.057
I 06.07/22:14:51 solver.py:159 ] Epoch: [66/200][140/282] lr: 4.33e-04 | MSE loss: 6.5743e-03 | time: 0.057
I 06.07/22:14:52 solver.py:159 ] Epoch: [66/200][160/282] lr: 4.33e-04 | MSE loss: 6.4860e-03 | time: 0.057
I 06.07/22:14:53 solver.py:159 ] Epoch: [66/200][180/282] lr: 4.32e-04 | MSE loss: 6.3049e-03 | time: 0.057
I 06.07/22:14:54 solver.py:159 ] Epoch: [66/200][200/282] lr: 4.32e-04 | MSE loss: 6.1419e-03 | time: 0.057
I 06.07/22:14:55 solver.py:159 ] Epoch: [66/200][220/282] lr: 4.32e-04 | MSE loss: 6.1207e-03 | time: 0.057
I 06.07/22:14:56 solver.py:159 ] Epoch: [66/200][240/282] lr: 4.32e-04 | MSE loss: 6.0008e-03 | time: 0.057
I 06.07/22:14:57 solver.py:159 ] Epoch: [66/200][260/282] lr: 4.32e-04 | MSE loss: 6.0091e-03 | time: 0.057
I 06.07/22:14:59 solver.py:159 ] Epoch: [66/200][280/282] lr: 4.31e-04 | MSE loss: 6.0259e-03 | time: 0.057
I 06.07/22:14:59 solver.py:169 ] => Train  Loss: 6.0258e-03

I 06.07/22:15:00 solver.py:405 ] [20/32] loss: 7.2185e-03 | NMSE: -1.8024e+01 | time: 0.057
I 06.07/22:15:01 solver.py:413 ] => Test NMSE: -1.8923e+01

I 06.07/22:15:01 solver.py:345 ] => LoRA monitor [epoch=66] | trainable=33792/33792 | non_lora_trainable=0 | lora_l2=1.027865e+01 | lora_A_l2=9.173468e+00 | lora_B_l2=4.636610e+00 | component_l2=encoder:1.027865e+01 | lora_abs_max=7.388839e-01 | delta_l2=1.028837e+01 | delta_rel=4.438020e+00 | train_loss=6.025841e-03 | test_loss=6.406670e-03 | nmse=-1.892338e+01
I 06.07/22:15:01 solver.py:224 ] 
=! Best NMSE: -1.8940e+01 (epoch=62)

I 06.07/22:15:03 solver.py:159 ] Epoch: [67/200][20/282] lr: 4.31e-04 | MSE loss: 5.8906e-03 | time: 0.121
I 06.07/22:15:05 solver.py:159 ] Epoch: [67/200][40/282] lr: 4.31e-04 | MSE loss: 6.2991e-03 | time: 0.104
I 06.07/22:15:06 solver.py:159 ] Epoch: [67/200][60/282] lr: 4.31e-04 | MSE loss: 6.5712e-03 | time: 0.088
I 06.07/22:15:07 solver.py:159 ] Epoch: [67/200][80/282] lr: 4.30e-04 | MSE loss: 6.3864e-03 | time: 0.080
I 06.07/22:15:09 solver.py:159 ] Epoch: [67/200][100/282] lr: 4.30e-04 | MSE loss: 6.0361e-03 | time: 0.077
I 06.07/22:15:10 solver.py:159 ] Epoch: [67/200][120/282] lr: 4.30e-04 | MSE loss: 6.1994e-03 | time: 0.074
I 06.07/22:15:11 solver.py:159 ] Epoch: [67/200][140/282] lr: 4.30e-04 | MSE loss: 6.2827e-03 | time: 0.072
I 06.07/22:15:12 solver.py:159 ] Epoch: [67/200][160/282] lr: 4.30e-04 | MSE loss: 6.1629e-03 | time: 0.071
I 06.07/22:15:13 solver.py:159 ] Epoch: [67/200][180/282] lr: 4.29e-04 | MSE loss: 6.0507e-03 | time: 0.069
I 06.07/22:15:14 solver.py:159 ] Epoch: [67/200][200/282] lr: 4.29e-04 | MSE loss: 6.0208e-03 | time: 0.068
I 06.07/22:15:16 solver.py:159 ] Epoch: [67/200][220/282] lr: 4.29e-04 | MSE loss: 6.0940e-03 | time: 0.066
I 06.07/22:15:17 solver.py:159 ] Epoch: [67/200][240/282] lr: 4.29e-04 | MSE loss: 6.1070e-03 | time: 0.065
I 06.07/22:15:18 solver.py:159 ] Epoch: [67/200][260/282] lr: 4.29e-04 | MSE loss: 6.0509e-03 | time: 0.065
I 06.07/22:15:19 solver.py:159 ] Epoch: [67/200][280/282] lr: 4.28e-04 | MSE loss: 6.0244e-03 | time: 0.064
I 06.07/22:15:19 solver.py:169 ] => Train  Loss: 6.0384e-03

I 06.07/22:15:20 solver.py:405 ] [20/32] loss: 7.2085e-03 | NMSE: -1.8030e+01 | time: 0.054
I 06.07/22:15:21 solver.py:413 ] => Test NMSE: -1.8936e+01

I 06.07/22:15:21 solver.py:345 ] => LoRA monitor [epoch=67] | trainable=33792/33792 | non_lora_trainable=0 | lora_l2=1.033342e+01 | lora_A_l2=9.217286e+00 | lora_B_l2=4.671322e+00 | component_l2=encoder:1.033342e+01 | lora_abs_max=7.447774e-01 | delta_l2=1.034415e+01 | delta_rel=4.462083e+00 | train_loss=6.038441e-03 | test_loss=6.388744e-03 | nmse=-1.893555e+01
I 06.07/22:15:21 solver.py:224 ] 
=! Best NMSE: -1.8940e+01 (epoch=62)

I 06.07/22:15:22 solver.py:159 ] Epoch: [68/200][20/282] lr: 4.28e-04 | MSE loss: 6.5918e-03 | time: 0.056
I 06.07/22:15:23 solver.py:159 ] Epoch: [68/200][40/282] lr: 4.28e-04 | MSE loss: 5.8983e-03 | time: 0.057
I 06.07/22:15:24 solver.py:159 ] Epoch: [68/200][60/282] lr: 4.28e-04 | MSE loss: 6.2706e-03 | time: 0.056
I 06.07/22:15:25 solver.py:159 ] Epoch: [68/200][80/282] lr: 4.28e-04 | MSE loss: 5.9920e-03 | time: 0.057
I 06.07/22:15:26 solver.py:159 ] Epoch: [68/200][100/282] lr: 4.27e-04 | MSE loss: 6.1853e-03 | time: 0.057
I 06.07/22:15:28 solver.py:159 ] Epoch: [68/200][120/282] lr: 4.27e-04 | MSE loss: 6.1202e-03 | time: 0.057
I 06.07/22:15:29 solver.py:159 ] Epoch: [68/200][140/282] lr: 4.27e-04 | MSE loss: 5.9828e-03 | time: 0.057
I 06.07/22:15:30 solver.py:159 ] Epoch: [68/200][160/282] lr: 4.27e-04 | MSE loss: 6.0406e-03 | time: 0.056
I 06.07/22:15:31 solver.py:159 ] Epoch: [68/200][180/282] lr: 4.27e-04 | MSE loss: 6.0739e-03 | time: 0.056
I 06.07/22:15:32 solver.py:159 ] Epoch: [68/200][200/282] lr: 4.26e-04 | MSE loss: 6.1039e-03 | time: 0.056
I 06.07/22:15:33 solver.py:159 ] Epoch: [68/200][220/282] lr: 4.26e-04 | MSE loss: 6.1395e-03 | time: 0.056
I 06.07/22:15:34 solver.py:159 ] Epoch: [68/200][240/282] lr: 4.26e-04 | MSE loss: 6.1010e-03 | time: 0.056
I 06.07/22:15:35 solver.py:159 ] Epoch: [68/200][260/282] lr: 4.26e-04 | MSE loss: 6.0019e-03 | time: 0.057
I 06.07/22:15:37 solver.py:159 ] Epoch: [68/200][280/282] lr: 4.26e-04 | MSE loss: 6.0105e-03 | time: 0.057
I 06.07/22:15:37 solver.py:169 ] => Train  Loss: 6.0076e-03

I 06.07/22:15:38 solver.py:405 ] [20/32] loss: 7.1979e-03 | NMSE: -1.8035e+01 | time: 0.054
I 06.07/22:15:39 solver.py:413 ] => Test NMSE: -1.8938e+01

I 06.07/22:15:39 solver.py:345 ] => LoRA monitor [epoch=68] | trainable=33792/33792 | non_lora_trainable=0 | lora_l2=1.039614e+01 | lora_A_l2=9.269057e+00 | lora_B_l2=4.707889e+00 | component_l2=encoder:1.039614e+01 | lora_abs_max=7.516751e-01 | delta_l2=1.040754e+01 | delta_rel=4.489425e+00 | train_loss=6.007554e-03 | test_loss=6.385457e-03 | nmse=-1.893778e+01
I 06.07/22:15:39 solver.py:224 ] 
=! Best NMSE: -1.8940e+01 (epoch=62)

I 06.07/22:15:40 solver.py:159 ] Epoch: [69/200][20/282] lr: 4.25e-04 | MSE loss: 5.0110e-03 | time: 0.057
I 06.07/22:15:41 solver.py:159 ] Epoch: [69/200][40/282] lr: 4.25e-04 | MSE loss: 5.4837e-03 | time: 0.057
I 06.07/22:15:42 solver.py:159 ] Epoch: [69/200][60/282] lr: 4.25e-04 | MSE loss: 5.4846e-03 | time: 0.057
I 06.07/22:15:43 solver.py:159 ] Epoch: [69/200][80/282] lr: 4.25e-04 | MSE loss: 5.5253e-03 | time: 0.057
I 06.07/22:15:44 solver.py:159 ] Epoch: [69/200][100/282] lr: 4.25e-04 | MSE loss: 5.3998e-03 | time: 0.057
I 06.07/22:15:45 solver.py:159 ] Epoch: [69/200][120/282] lr: 4.24e-04 | MSE loss: 5.6314e-03 | time: 0.057
I 06.07/22:15:47 solver.py:159 ] Epoch: [69/200][140/282] lr: 4.24e-04 | MSE loss: 5.7617e-03 | time: 0.057
I 06.07/22:15:48 solver.py:159 ] Epoch: [69/200][160/282] lr: 4.24e-04 | MSE loss: 5.8266e-03 | time: 0.057
I 06.07/22:15:49 solver.py:159 ] Epoch: [69/200][180/282] lr: 4.24e-04 | MSE loss: 5.6868e-03 | time: 0.057
I 06.07/22:15:50 solver.py:159 ] Epoch: [69/200][200/282] lr: 4.23e-04 | MSE loss: 5.6417e-03 | time: 0.057
I 06.07/22:15:51 solver.py:159 ] Epoch: [69/200][220/282] lr: 4.23e-04 | MSE loss: 5.7656e-03 | time: 0.057
I 06.07/22:15:52 solver.py:159 ] Epoch: [69/200][240/282] lr: 4.23e-04 | MSE loss: 5.7500e-03 | time: 0.057
I 06.07/22:15:53 solver.py:159 ] Epoch: [69/200][260/282] lr: 4.23e-04 | MSE loss: 5.8648e-03 | time: 0.057
I 06.07/22:15:54 solver.py:159 ] Epoch: [69/200][280/282] lr: 4.23e-04 | MSE loss: 5.9968e-03 | time: 0.057
I 06.07/22:15:55 solver.py:169 ] => Train  Loss: 5.9996e-03

I 06.07/22:15:56 solver.py:405 ] [20/32] loss: 7.2284e-03 | NMSE: -1.8019e+01 | time: 0.054
I 06.07/22:15:56 solver.py:413 ] => Test NMSE: -1.8913e+01

I 06.07/22:15:56 solver.py:345 ] => LoRA monitor [epoch=69] | trainable=33792/33792 | non_lora_trainable=0 | lora_l2=1.045766e+01 | lora_A_l2=9.317972e+00 | lora_B_l2=4.747434e+00 | component_l2=encoder:1.045766e+01 | lora_abs_max=7.582949e-01 | delta_l2=1.046986e+01 | delta_rel=4.516307e+00 | train_loss=5.999554e-03 | test_loss=6.421969e-03 | nmse=-1.891302e+01
I 06.07/22:15:56 solver.py:224 ] 
=! Best NMSE: -1.8940e+01 (epoch=62)

I 06.07/22:15:57 solver.py:159 ] Epoch: [70/200][20/282] lr: 4.22e-04 | MSE loss: 5.8545e-03 | time: 0.057
I 06.07/22:15:58 solver.py:159 ] Epoch: [70/200][40/282] lr: 4.22e-04 | MSE loss: 5.6681e-03 | time: 0.056
I 06.07/22:16:00 solver.py:159 ] Epoch: [70/200][60/282] lr: 4.22e-04 | MSE loss: 5.8158e-03 | time: 0.057
I 06.07/22:16:01 solver.py:159 ] Epoch: [70/200][80/282] lr: 4.22e-04 | MSE loss: 5.9909e-03 | time: 0.062
I 06.07/22:16:04 solver.py:159 ] Epoch: [70/200][100/282] lr: 4.22e-04 | MSE loss: 6.0841e-03 | time: 0.074
I 06.07/22:16:05 solver.py:159 ] Epoch: [70/200][120/282] lr: 4.21e-04 | MSE loss: 6.1048e-03 | time: 0.074
I 06.07/22:16:06 solver.py:159 ] Epoch: [70/200][140/282] lr: 4.21e-04 | MSE loss: 6.0756e-03 | time: 0.072
I 06.07/22:16:07 solver.py:159 ] Epoch: [70/200][160/282] lr: 4.21e-04 | MSE loss: 6.1953e-03 | time: 0.070
I 06.07/22:16:09 solver.py:159 ] Epoch: [70/200][180/282] lr: 4.21e-04 | MSE loss: 6.1259e-03 | time: 0.069
I 06.07/22:16:10 solver.py:159 ] Epoch: [70/200][200/282] lr: 4.21e-04 | MSE loss: 6.0627e-03 | time: 0.067
I 06.07/22:16:11 solver.py:159 ] Epoch: [70/200][220/282] lr: 4.20e-04 | MSE loss: 6.0079e-03 | time: 0.066
I 06.07/22:16:12 solver.py:159 ] Epoch: [70/200][240/282] lr: 4.20e-04 | MSE loss: 6.1360e-03 | time: 0.065
I 06.07/22:16:13 solver.py:159 ] Epoch: [70/200][260/282] lr: 4.20e-04 | MSE loss: 6.1239e-03 | time: 0.065
I 06.07/22:16:14 solver.py:159 ] Epoch: [70/200][280/282] lr: 4.20e-04 | MSE loss: 6.0361e-03 | time: 0.064
I 06.07/22:16:14 solver.py:169 ] => Train  Loss: 6.0047e-03

I 06.07/22:16:15 solver.py:159 ] Epoch: [70/200][20/32] lr: 4.20e-04 | MSE loss: 7.1873e-03 | time: 0.052
I 06.07/22:16:16 solver.py:169 ] => Val  Loss: 6.2841e-03

I 06.07/22:16:17 solver.py:405 ] [20/32] loss: 7.1873e-03 | NMSE: -1.8038e+01 | time: 0.051
I 06.07/22:16:18 solver.py:413 ] => Test NMSE: -1.8944e+01

I 06.07/22:16:18 solver.py:345 ] => LoRA monitor [epoch=70] | trainable=33792/33792 | non_lora_trainable=0 | lora_l2=1.051399e+01 | lora_A_l2=9.364437e+00 | lora_B_l2=4.780297e+00 | component_l2=encoder:1.051399e+01 | lora_abs_max=7.660561e-01 | delta_l2=1.052678e+01 | delta_rel=4.540860e+00 | train_loss=6.004685e-03 | val_loss=6.284087e-03 | test_loss=6.375737e-03 | nmse=-1.894440e+01
I 06.07/22:16:18 solver.py:224 ] 
=! Best NMSE: -1.8944e+01 (epoch=70)

I 06.07/22:16:19 solver.py:159 ] Epoch: [71/200][20/282] lr: 4.19e-04 | MSE loss: 6.9114e-03 | time: 0.057
I 06.07/22:16:20 solver.py:159 ] Epoch: [71/200][40/282] lr: 4.19e-04 | MSE loss: 6.2700e-03 | time: 0.057
I 06.07/22:16:21 solver.py:159 ] Epoch: [71/200][60/282] lr: 4.19e-04 | MSE loss: 6.3523e-03 | time: 0.056
I 06.07/22:16:23 solver.py:159 ] Epoch: [71/200][80/282] lr: 4.19e-04 | MSE loss: 6.2655e-03 | time: 0.056
I 06.07/22:16:24 solver.py:159 ] Epoch: [71/200][100/282] lr: 4.19e-04 | MSE loss: 6.4057e-03 | time: 0.057
I 06.07/22:16:25 solver.py:159 ] Epoch: [71/200][120/282] lr: 4.18e-04 | MSE loss: 6.4957e-03 | time: 0.056
I 06.07/22:16:26 solver.py:159 ] Epoch: [71/200][140/282] lr: 4.18e-04 | MSE loss: 6.4905e-03 | time: 0.056
I 06.07/22:16:27 solver.py:159 ] Epoch: [71/200][160/282] lr: 4.18e-04 | MSE loss: 6.4108e-03 | time: 0.056
I 06.07/22:16:28 solver.py:159 ] Epoch: [71/200][180/282] lr: 4.18e-04 | MSE loss: 6.1734e-03 | time: 0.056
I 06.07/22:16:29 solver.py:159 ] Epoch: [71/200][200/282] lr: 4.17e-04 | MSE loss: 6.2497e-03 | time: 0.056
I 06.07/22:16:30 solver.py:159 ] Epoch: [71/200][220/282] lr: 4.17e-04 | MSE loss: 6.2084e-03 | time: 0.056
I 06.07/22:16:32 solver.py:159 ] Epoch: [71/200][240/282] lr: 4.17e-04 | MSE loss: 6.1261e-03 | time: 0.056
I 06.07/22:16:33 solver.py:159 ] Epoch: [71/200][260/282] lr: 4.17e-04 | MSE loss: 6.0038e-03 | time: 0.056
I 06.07/22:16:34 solver.py:159 ] Epoch: [71/200][280/282] lr: 4.17e-04 | MSE loss: 6.0269e-03 | time: 0.056
I 06.07/22:16:34 solver.py:169 ] => Train  Loss: 6.0036e-03

I 06.07/22:16:35 solver.py:405 ] [20/32] loss: 7.2236e-03 | NMSE: -1.8023e+01 | time: 0.051
I 06.07/22:16:35 solver.py:413 ] => Test NMSE: -1.8920e+01

I 06.07/22:16:35 solver.py:345 ] => LoRA monitor [epoch=71] | trainable=33792/33792 | non_lora_trainable=0 | lora_l2=1.056807e+01 | lora_A_l2=9.405708e+00 | lora_B_l2=4.818369e+00 | component_l2=encoder:1.056807e+01 | lora_abs_max=7.715862e-01 | delta_l2=1.058175e+01 | delta_rel=4.564573e+00 | train_loss=6.003604e-03 | test_loss=6.411051e-03 | nmse=-1.892041e+01
I 06.07/22:16:35 solver.py:224 ] 
=! Best NMSE: -1.8944e+01 (epoch=70)

I 06.07/22:16:37 solver.py:159 ] Epoch: [72/200][20/282] lr: 4.16e-04 | MSE loss: 6.3873e-03 | time: 0.059
I 06.07/22:16:38 solver.py:159 ] Epoch: [72/200][40/282] lr: 4.16e-04 | MSE loss: 5.7185e-03 | time: 0.059
I 06.07/22:16:39 solver.py:159 ] Epoch: [72/200][60/282] lr: 4.16e-04 | MSE loss: 5.9145e-03 | time: 0.058
I 06.07/22:16:40 solver.py:159 ] Epoch: [72/200][80/282] lr: 4.16e-04 | MSE loss: 5.7096e-03 | time: 0.058
I 06.07/22:16:41 solver.py:159 ] Epoch: [72/200][100/282] lr: 4.16e-04 | MSE loss: 5.5512e-03 | time: 0.057
I 06.07/22:16:42 solver.py:159 ] Epoch: [72/200][120/282] lr: 4.15e-04 | MSE loss: 5.5793e-03 | time: 0.058
I 06.07/22:16:43 solver.py:159 ] Epoch: [72/200][140/282] lr: 4.15e-04 | MSE loss: 5.5994e-03 | time: 0.057
I 06.07/22:16:45 solver.py:159 ] Epoch: [72/200][160/282] lr: 4.15e-04 | MSE loss: 5.7484e-03 | time: 0.057
I 06.07/22:16:46 solver.py:159 ] Epoch: [72/200][180/282] lr: 4.15e-04 | MSE loss: 5.8847e-03 | time: 0.057
I 06.07/22:16:47 solver.py:159 ] Epoch: [72/200][200/282] lr: 4.14e-04 | MSE loss: 6.0351e-03 | time: 0.057
I 06.07/22:16:48 solver.py:159 ] Epoch: [72/200][220/282] lr: 4.14e-04 | MSE loss: 6.2055e-03 | time: 0.057
I 06.07/22:16:49 solver.py:159 ] Epoch: [72/200][240/282] lr: 4.14e-04 | MSE loss: 6.1250e-03 | time: 0.057
I 06.07/22:16:50 solver.py:159 ] Epoch: [72/200][260/282] lr: 4.14e-04 | MSE loss: 6.0551e-03 | time: 0.058
I 06.07/22:16:52 solver.py:159 ] Epoch: [72/200][280/282] lr: 4.14e-04 | MSE loss: 6.0161e-03 | time: 0.057
I 06.07/22:16:52 solver.py:169 ] => Train  Loss: 6.0127e-03

I 06.07/22:16:53 solver.py:405 ] [20/32] loss: 7.1853e-03 | NMSE: -1.8042e+01 | time: 0.052
I 06.07/22:16:53 solver.py:413 ] => Test NMSE: -1.8944e+01

I 06.07/22:16:53 solver.py:345 ] => LoRA monitor [epoch=72] | trainable=33792/33792 | non_lora_trainable=0 | lora_l2=1.062344e+01 | lora_A_l2=9.450217e+00 | lora_B_l2=4.852928e+00 | component_l2=encoder:1.062344e+01 | lora_abs_max=7.789035e-01 | delta_l2=1.063755e+01 | delta_rel=4.588644e+00 | train_loss=6.012723e-03 | test_loss=6.376427e-03 | nmse=-1.894393e+01
I 06.07/22:16:53 solver.py:224 ] 
=! Best NMSE: -1.8944e+01 (epoch=70)

I 06.07/22:16:55 solver.py:159 ] Epoch: [73/200][20/282] lr: 4.13e-04 | MSE loss: 7.0712e-03 | time: 0.063
I 06.07/22:16:56 solver.py:159 ] Epoch: [73/200][40/282] lr: 4.13e-04 | MSE loss: 6.2459e-03 | time: 0.059
I 06.07/22:16:57 solver.py:159 ] Epoch: [73/200][60/282] lr: 4.13e-04 | MSE loss: 6.0635e-03 | time: 0.057
I 06.07/22:16:58 solver.py:159 ] Epoch: [73/200][80/282] lr: 4.13e-04 | MSE loss: 6.1316e-03 | time: 0.058
I 06.07/22:16:59 solver.py:159 ] Epoch: [73/200][100/282] lr: 4.12e-04 | MSE loss: 6.0817e-03 | time: 0.057
I 06.07/22:17:00 solver.py:159 ] Epoch: [73/200][120/282] lr: 4.12e-04 | MSE loss: 6.1229e-03 | time: 0.058
I 06.07/22:17:02 solver.py:159 ] Epoch: [73/200][140/282] lr: 4.12e-04 | MSE loss: 6.1775e-03 | time: 0.063
I 06.07/22:17:04 solver.py:159 ] Epoch: [73/200][160/282] lr: 4.12e-04 | MSE loss: 6.0740e-03 | time: 0.069
I 06.07/22:17:06 solver.py:159 ] Epoch: [73/200][180/282] lr: 4.12e-04 | MSE loss: 5.9477e-03 | time: 0.068
I 06.07/22:17:07 solver.py:159 ] Epoch: [73/200][200/282] lr: 4.11e-04 | MSE loss: 6.0019e-03 | time: 0.067
I 06.07/22:17:08 solver.py:159 ] Epoch: [73/200][220/282] lr: 4.11e-04 | MSE loss: 6.0053e-03 | time: 0.066
I 06.07/22:17:09 solver.py:159 ] Epoch: [73/200][240/282] lr: 4.11e-04 | MSE loss: 5.9349e-03 | time: 0.065
I 06.07/22:17:10 solver.py:159 ] Epoch: [73/200][260/282] lr: 4.11e-04 | MSE loss: 5.9340e-03 | time: 0.064
I 06.07/22:17:11 solver.py:159 ] Epoch: [73/200][280/282] lr: 4.10e-04 | MSE loss: 6.0169e-03 | time: 0.064
I 06.07/22:17:11 solver.py:169 ] => Train  Loss: 6.0037e-03

I 06.07/22:17:12 solver.py:405 ] [20/32] loss: 7.1875e-03 | NMSE: -1.8035e+01 | time: 0.052
I 06.07/22:17:13 solver.py:413 ] => Test NMSE: -1.8945e+01

I 06.07/22:17:13 solver.py:345 ] => LoRA monitor [epoch=73] | trainable=33792/33792 | non_lora_trainable=0 | lora_l2=1.067395e+01 | lora_A_l2=9.490401e+00 | lora_B_l2=4.885236e+00 | component_l2=encoder:1.067395e+01 | lora_abs_max=7.847514e-01 | delta_l2=1.068894e+01 | delta_rel=4.610812e+00 | train_loss=6.003718e-03 | test_loss=6.375237e-03 | nmse=-1.894474e+01
I 06.07/22:17:13 solver.py:224 ] 
=! Best NMSE: -1.8945e+01 (epoch=73)

I 06.07/22:17:15 solver.py:159 ] Epoch: [74/200][20/282] lr: 4.10e-04 | MSE loss: 5.1331e-03 | time: 0.059
I 06.07/22:17:16 solver.py:159 ] Epoch: [74/200][40/282] lr: 4.10e-04 | MSE loss: 5.5314e-03 | time: 0.060
I 06.07/22:17:17 solver.py:159 ] Epoch: [74/200][60/282] lr: 4.10e-04 | MSE loss: 5.9613e-03 | time: 0.059
I 06.07/22:17:18 solver.py:159 ] Epoch: [74/200][80/282] lr: 4.10e-04 | MSE loss: 5.5824e-03 | time: 0.058
I 06.07/22:17:19 solver.py:159 ] Epoch: [74/200][100/282] lr: 4.09e-04 | MSE loss: 5.5587e-03 | time: 0.058
I 06.07/22:17:20 solver.py:159 ] Epoch: [74/200][120/282] lr: 4.09e-04 | MSE loss: 5.6418e-03 | time: 0.057
I 06.07/22:17:21 solver.py:159 ] Epoch: [74/200][140/282] lr: 4.09e-04 | MSE loss: 5.6330e-03 | time: 0.056
I 06.07/22:17:22 solver.py:159 ] Epoch: [74/200][160/282] lr: 4.09e-04 | MSE loss: 5.7333e-03 | time: 0.056
I 06.07/22:17:23 solver.py:159 ] Epoch: [74/200][180/282] lr: 4.08e-04 | MSE loss: 5.8525e-03 | time: 0.056
I 06.07/22:17:25 solver.py:159 ] Epoch: [74/200][200/282] lr: 4.08e-04 | MSE loss: 5.9339e-03 | time: 0.056
I 06.07/22:17:26 solver.py:159 ] Epoch: [74/200][220/282] lr: 4.08e-04 | MSE loss: 5.9738e-03 | time: 0.056
I 06.07/22:17:27 solver.py:159 ] Epoch: [74/200][240/282] lr: 4.08e-04 | MSE loss: 6.0466e-03 | time: 0.056
I 06.07/22:17:28 solver.py:159 ] Epoch: [74/200][260/282] lr: 4.07e-04 | MSE loss: 6.0108e-03 | time: 0.056
I 06.07/22:17:29 solver.py:159 ] Epoch: [74/200][280/282] lr: 4.07e-04 | MSE loss: 6.0201e-03 | time: 0.056
I 06.07/22:17:29 solver.py:169 ] => Train  Loss: 6.0029e-03

I 06.07/22:17:30 solver.py:405 ] [20/32] loss: 7.2122e-03 | NMSE: -1.8022e+01 | time: 0.051
I 06.07/22:17:31 solver.py:413 ] => Test NMSE: -1.8926e+01

I 06.07/22:17:31 solver.py:345 ] => LoRA monitor [epoch=74] | trainable=33792/33792 | non_lora_trainable=0 | lora_l2=1.072473e+01 | lora_A_l2=9.531073e+00 | lora_B_l2=4.917171e+00 | component_l2=encoder:1.072473e+01 | lora_abs_max=7.917396e-01 | delta_l2=1.074064e+01 | delta_rel=4.633113e+00 | train_loss=6.002906e-03 | test_loss=6.403010e-03 | nmse=-1.892586e+01
I 06.07/22:17:31 solver.py:224 ] 
=! Best NMSE: -1.8945e+01 (epoch=73)

I 06.07/22:17:32 solver.py:159 ] Epoch: [75/200][20/282] lr: 4.07e-04 | MSE loss: 5.7055e-03 | time: 0.061
I 06.07/22:17:33 solver.py:159 ] Epoch: [75/200][40/282] lr: 4.07e-04 | MSE loss: 5.4164e-03 | time: 0.058
I 06.07/22:17:34 solver.py:159 ] Epoch: [75/200][60/282] lr: 4.07e-04 | MSE loss: 5.9332e-03 | time: 0.058
I 06.07/22:17:36 solver.py:159 ] Epoch: [75/200][80/282] lr: 4.06e-04 | MSE loss: 6.1395e-03 | time: 0.058
I 06.07/22:17:37 solver.py:159 ] Epoch: [75/200][100/282] lr: 4.06e-04 | MSE loss: 6.2231e-03 | time: 0.058
I 06.07/22:17:38 solver.py:159 ] Epoch: [75/200][120/282] lr: 4.06e-04 | MSE loss: 6.1990e-03 | time: 0.057
I 06.07/22:17:39 solver.py:159 ] Epoch: [75/200][140/282] lr: 4.06e-04 | MSE loss: 6.1191e-03 | time: 0.057
I 06.07/22:17:40 solver.py:159 ] Epoch: [75/200][160/282] lr: 4.05e-04 | MSE loss: 6.0845e-03 | time: 0.057
I 06.07/22:17:41 solver.py:159 ] Epoch: [75/200][180/282] lr: 4.05e-04 | MSE loss: 6.1753e-03 | time: 0.056
I 06.07/22:17:42 solver.py:159 ] Epoch: [75/200][200/282] lr: 4.05e-04 | MSE loss: 6.2025e-03 | time: 0.056
I 06.07/22:17:43 solver.py:159 ] Epoch: [75/200][220/282] lr: 4.05e-04 | MSE loss: 6.1450e-03 | time: 0.056
I 06.07/22:17:44 solver.py:159 ] Epoch: [75/200][240/282] lr: 4.05e-04 | MSE loss: 6.0460e-03 | time: 0.056
I 06.07/22:17:46 solver.py:159 ] Epoch: [75/200][260/282] lr: 4.04e-04 | MSE loss: 5.9929e-03 | time: 0.056
I 06.07/22:17:47 solver.py:159 ] Epoch: [75/200][280/282] lr: 4.04e-04 | MSE loss: 5.9988e-03 | time: 0.056
I 06.07/22:17:47 solver.py:169 ] => Train  Loss: 6.0364e-03

I 06.07/22:17:48 solver.py:405 ] [20/32] loss: 7.1904e-03 | NMSE: -1.8036e+01 | time: 0.052
I 06.07/22:17:48 solver.py:413 ] => Test NMSE: -1.8942e+01

I 06.07/22:17:48 solver.py:345 ] => LoRA monitor [epoch=75] | trainable=33792/33792 | non_lora_trainable=0 | lora_l2=1.077753e+01 | lora_A_l2=9.574144e+00 | lora_B_l2=4.948828e+00 | component_l2=encoder:1.077753e+01 | lora_abs_max=7.997122e-01 | delta_l2=1.079385e+01 | delta_rel=4.656067e+00 | train_loss=6.036437e-03 | test_loss=6.378593e-03 | nmse=-1.894245e+01
I 06.07/22:17:48 solver.py:224 ] 
=! Best NMSE: -1.8945e+01 (epoch=73)

I 06.07/22:17:50 solver.py:159 ] Epoch: [76/200][20/282] lr: 4.04e-04 | MSE loss: 6.8945e-03 | time: 0.057
I 06.07/22:17:51 solver.py:159 ] Epoch: [76/200][40/282] lr: 4.04e-04 | MSE loss: 6.7747e-03 | time: 0.056
I 06.07/22:17:52 solver.py:159 ] Epoch: [76/200][60/282] lr: 4.03e-04 | MSE loss: 6.6945e-03 | time: 0.055
I 06.07/22:17:53 solver.py:159 ] Epoch: [76/200][80/282] lr: 4.03e-04 | MSE loss: 6.5167e-03 | time: 0.055
I 06.07/22:17:54 solver.py:159 ] Epoch: [76/200][100/282] lr: 4.03e-04 | MSE loss: 6.2799e-03 | time: 0.056
I 06.07/22:17:55 solver.py:159 ] Epoch: [76/200][120/282] lr: 4.03e-04 | MSE loss: 6.2866e-03 | time: 0.056
I 06.07/22:17:56 solver.py:159 ] Epoch: [76/200][140/282] lr: 4.02e-04 | MSE loss: 6.3050e-03 | time: 0.056
I 06.07/22:17:57 solver.py:159 ] Epoch: [76/200][160/282] lr: 4.02e-04 | MSE loss: 6.5101e-03 | time: 0.056
I 06.07/22:17:58 solver.py:159 ] Epoch: [76/200][180/282] lr: 4.02e-04 | MSE loss: 6.3552e-03 | time: 0.056
I 06.07/22:18:00 solver.py:159 ] Epoch: [76/200][200/282] lr: 4.02e-04 | MSE loss: 6.3339e-03 | time: 0.056
I 06.07/22:18:01 solver.py:159 ] Epoch: [76/200][220/282] lr: 4.02e-04 | MSE loss: 6.2870e-03 | time: 0.057
I 06.07/22:18:03 solver.py:159 ] Epoch: [76/200][240/282] lr: 4.01e-04 | MSE loss: 6.1397e-03 | time: 0.060
I 06.07/22:18:05 solver.py:159 ] Epoch: [76/200][260/282] lr: 4.01e-04 | MSE loss: 6.0706e-03 | time: 0.062
I 06.07/22:18:06 solver.py:159 ] Epoch: [76/200][280/282] lr: 4.01e-04 | MSE loss: 6.0276e-03 | time: 0.062
I 06.07/22:18:06 solver.py:169 ] => Train  Loss: 6.0054e-03

I 06.07/22:18:07 solver.py:405 ] [20/32] loss: 7.1875e-03 | NMSE: -1.8042e+01 | time: 0.054
I 06.07/22:18:08 solver.py:413 ] => Test NMSE: -1.8943e+01

I 06.07/22:18:08 solver.py:345 ] => LoRA monitor [epoch=76] | trainable=33792/33792 | non_lora_trainable=0 | lora_l2=1.082791e+01 | lora_A_l2=9.615189e+00 | lora_B_l2=4.979131e+00 | component_l2=encoder:1.082791e+01 | lora_abs_max=8.041597e-01 | delta_l2=1.084503e+01 | delta_rel=4.678144e+00 | train_loss=6.005422e-03 | test_loss=6.377364e-03 | nmse=-1.894329e+01
I 06.07/22:18:08 solver.py:224 ] 
=! Best NMSE: -1.8945e+01 (epoch=73)

I 06.07/22:18:09 solver.py:159 ] Epoch: [77/200][20/282] lr: 4.01e-04 | MSE loss: 6.8830e-03 | time: 0.061
I 06.07/22:18:10 solver.py:159 ] Epoch: [77/200][40/282] lr: 4.00e-04 | MSE loss: 6.4781e-03 | time: 0.059
I 06.07/22:18:11 solver.py:159 ] Epoch: [77/200][60/282] lr: 4.00e-04 | MSE loss: 6.5695e-03 | time: 0.059
I 06.07/22:18:12 solver.py:159 ] Epoch: [77/200][80/282] lr: 4.00e-04 | MSE loss: 6.6218e-03 | time: 0.060
I 06.07/22:18:14 solver.py:159 ] Epoch: [77/200][100/282] lr: 4.00e-04 | MSE loss: 6.4590e-03 | time: 0.059
I 06.07/22:18:15 solver.py:159 ] Epoch: [77/200][120/282] lr: 3.99e-04 | MSE loss: 6.3595e-03 | time: 0.059
I 06.07/22:18:16 solver.py:159 ] Epoch: [77/200][140/282] lr: 3.99e-04 | MSE loss: 6.2033e-03 | time: 0.059
I 06.07/22:18:17 solver.py:159 ] Epoch: [77/200][160/282] lr: 3.99e-04 | MSE loss: 6.0869e-03 | time: 0.059
I 06.07/22:18:18 solver.py:159 ] Epoch: [77/200][180/282] lr: 3.99e-04 | MSE loss: 6.2977e-03 | time: 0.058
I 06.07/22:18:19 solver.py:159 ] Epoch: [77/200][200/282] lr: 3.98e-04 | MSE loss: 6.1756e-03 | time: 0.058
I 06.07/22:18:20 solver.py:159 ] Epoch: [77/200][220/282] lr: 3.98e-04 | MSE loss: 6.0888e-03 | time: 0.058
I 06.07/22:18:22 solver.py:159 ] Epoch: [77/200][240/282] lr: 3.98e-04 | MSE loss: 6.1724e-03 | time: 0.058
I 06.07/22:18:23 solver.py:159 ] Epoch: [77/200][260/282] lr: 3.98e-04 | MSE loss: 6.1031e-03 | time: 0.058
I 06.07/22:18:24 solver.py:159 ] Epoch: [77/200][280/282] lr: 3.98e-04 | MSE loss: 6.0252e-03 | time: 0.058
I 06.07/22:18:24 solver.py:169 ] => Train  Loss: 5.9977e-03

I 06.07/22:18:25 solver.py:405 ] [20/32] loss: 7.1881e-03 | NMSE: -1.8039e+01 | time: 0.047
I 06.07/22:18:26 solver.py:413 ] => Test NMSE: -1.8945e+01

I 06.07/22:18:26 solver.py:345 ] => LoRA monitor [epoch=77] | trainable=33792/33792 | non_lora_trainable=0 | lora_l2=1.087436e+01 | lora_A_l2=9.651407e+00 | lora_B_l2=5.010187e+00 | component_l2=encoder:1.087436e+01 | lora_abs_max=8.103909e-01 | delta_l2=1.089217e+01 | delta_rel=4.698478e+00 | train_loss=5.997702e-03 | test_loss=6.374766e-03 | nmse=-1.894506e+01
I 06.07/22:18:26 solver.py:224 ] 
=! Best NMSE: -1.8945e+01 (epoch=77)

I 06.07/22:18:27 solver.py:159 ] Epoch: [78/200][20/282] lr: 3.97e-04 | MSE loss: 6.0910e-03 | time: 0.058
I 06.07/22:18:28 solver.py:159 ] Epoch: [78/200][40/282] lr: 3.97e-04 | MSE loss: 6.2646e-03 | time: 0.058
I 06.07/22:18:29 solver.py:159 ] Epoch: [78/200][60/282] lr: 3.97e-04 | MSE loss: 5.8719e-03 | time: 0.054
I 06.07/22:18:31 solver.py:159 ] Epoch: [78/200][80/282] lr: 3.97e-04 | MSE loss: 5.5977e-03 | time: 0.055
I 06.07/22:18:32 solver.py:159 ] Epoch: [78/200][100/282] lr: 3.96e-04 | MSE loss: 6.0782e-03 | time: 0.056
I 06.07/22:18:33 solver.py:159 ] Epoch: [78/200][120/282] lr: 3.96e-04 | MSE loss: 6.0561e-03 | time: 0.056
I 06.07/22:18:34 solver.py:159 ] Epoch: [78/200][140/282] lr: 3.96e-04 | MSE loss: 6.0094e-03 | time: 0.056
I 06.07/22:18:35 solver.py:159 ] Epoch: [78/200][160/282] lr: 3.96e-04 | MSE loss: 5.9983e-03 | time: 0.056
I 06.07/22:18:36 solver.py:159 ] Epoch: [78/200][180/282] lr: 3.95e-04 | MSE loss: 5.9176e-03 | time: 0.055
I 06.07/22:18:37 solver.py:159 ] Epoch: [78/200][200/282] lr: 3.95e-04 | MSE loss: 5.8239e-03 | time: 0.056
I 06.07/22:18:38 solver.py:159 ] Epoch: [78/200][220/282] lr: 3.95e-04 | MSE loss: 5.8424e-03 | time: 0.055
I 06.07/22:18:39 solver.py:159 ] Epoch: [78/200][240/282] lr: 3.95e-04 | MSE loss: 5.8372e-03 | time: 0.055
I 06.07/22:18:41 solver.py:159 ] Epoch: [78/200][260/282] lr: 3.94e-04 | MSE loss: 5.8579e-03 | time: 0.056
I 06.07/22:18:42 solver.py:159 ] Epoch: [78/200][280/282] lr: 3.94e-04 | MSE loss: 5.9693e-03 | time: 0.056
I 06.07/22:18:42 solver.py:169 ] => Train  Loss: 6.0036e-03

I 06.07/22:18:43 solver.py:405 ] [20/32] loss: 7.1837e-03 | NMSE: -1.8045e+01 | time: 0.049
I 06.07/22:18:43 solver.py:413 ] => Test NMSE: -1.8939e+01

I 06.07/22:18:43 solver.py:345 ] => LoRA monitor [epoch=78] | trainable=33792/33792 | non_lora_trainable=0 | lora_l2=1.092546e+01 | lora_A_l2=9.692383e+00 | lora_B_l2=5.042171e+00 | component_l2=encoder:1.092546e+01 | lora_abs_max=8.146272e-01 | delta_l2=1.094367e+01 | delta_rel=4.720690e+00 | train_loss=6.003567e-03 | test_loss=6.383372e-03 | nmse=-1.893920e+01
I 06.07/22:18:43 solver.py:224 ] 
=! Best NMSE: -1.8945e+01 (epoch=77)

I 06.07/22:18:45 solver.py:159 ] Epoch: [79/200][20/282] lr: 3.94e-04 | MSE loss: 7.3010e-03 | time: 0.053
I 06.07/22:18:46 solver.py:159 ] Epoch: [79/200][40/282] lr: 3.94e-04 | MSE loss: 6.8839e-03 | time: 0.054
I 06.07/22:18:47 solver.py:159 ] Epoch: [79/200][60/282] lr: 3.94e-04 | MSE loss: 6.1955e-03 | time: 0.056
I 06.07/22:18:48 solver.py:159 ] Epoch: [79/200][80/282] lr: 3.93e-04 | MSE loss: 6.0668e-03 | time: 0.057
I 06.07/22:18:49 solver.py:159 ] Epoch: [79/200][100/282] lr: 3.93e-04 | MSE loss: 5.8029e-03 | time: 0.056
I 06.07/22:18:50 solver.py:159 ] Epoch: [79/200][120/282] lr: 3.93e-04 | MSE loss: 5.9789e-03 | time: 0.056
I 06.07/22:18:51 solver.py:159 ] Epoch: [79/200][140/282] lr: 3.93e-04 | MSE loss: 6.0617e-03 | time: 0.056
I 06.07/22:18:52 solver.py:159 ] Epoch: [79/200][160/282] lr: 3.92e-04 | MSE loss: 6.0143e-03 | time: 0.056
I 06.07/22:18:54 solver.py:159 ] Epoch: [79/200][180/282] lr: 3.92e-04 | MSE loss: 6.0192e-03 | time: 0.056
I 06.07/22:18:55 solver.py:159 ] Epoch: [79/200][200/282] lr: 3.92e-04 | MSE loss: 5.9495e-03 | time: 0.056
I 06.07/22:18:56 solver.py:159 ] Epoch: [79/200][220/282] lr: 3.92e-04 | MSE loss: 5.9513e-03 | time: 0.056
I 06.07/22:18:57 solver.py:159 ] Epoch: [79/200][240/282] lr: 3.91e-04 | MSE loss: 5.9497e-03 | time: 0.056
I 06.07/22:18:58 solver.py:159 ] Epoch: [79/200][260/282] lr: 3.91e-04 | MSE loss: 6.0235e-03 | time: 0.056
I 06.07/22:18:59 solver.py:159 ] Epoch: [79/200][280/282] lr: 3.91e-04 | MSE loss: 6.0050e-03 | time: 0.056
I 06.07/22:18:59 solver.py:169 ] => Train  Loss: 6.0000e-03

I 06.07/22:19:01 solver.py:405 ] [20/32] loss: 7.1984e-03 | NMSE: -1.8033e+01 | time: 0.064
I 06.07/22:19:02 solver.py:413 ] => Test NMSE: -1.8938e+01

I 06.07/22:19:02 solver.py:345 ] => LoRA monitor [epoch=79] | trainable=33792/33792 | non_lora_trainable=0 | lora_l2=1.096907e+01 | lora_A_l2=9.724845e+00 | lora_B_l2=5.074239e+00 | component_l2=encoder:1.096907e+01 | lora_abs_max=8.214353e-01 | delta_l2=1.098767e+01 | delta_rel=4.739670e+00 | train_loss=6.000025e-03 | test_loss=6.384881e-03 | nmse=-1.893817e+01
I 06.07/22:19:02 solver.py:224 ] 
=! Best NMSE: -1.8945e+01 (epoch=77)

I 06.07/22:19:04 solver.py:159 ] Epoch: [80/200][20/282] lr: 3.91e-04 | MSE loss: 5.4230e-03 | time: 0.123
I 06.07/22:19:05 solver.py:159 ] Epoch: [80/200][40/282] lr: 3.90e-04 | MSE loss: 5.8657e-03 | time: 0.093
I 06.07/22:19:06 solver.py:159 ] Epoch: [80/200][60/282] lr: 3.90e-04 | MSE loss: 5.8734e-03 | time: 0.080
I 06.07/22:19:08 solver.py:159 ] Epoch: [80/200][80/282] lr: 3.90e-04 | MSE loss: 5.8694e-03 | time: 0.074
I 06.07/22:19:09 solver.py:159 ] Epoch: [80/200][100/282] lr: 3.90e-04 | MSE loss: 6.0911e-03 | time: 0.071
I 06.07/22:19:10 solver.py:159 ] Epoch: [80/200][120/282] lr: 3.89e-04 | MSE loss: 6.2026e-03 | time: 0.069
I 06.07/22:19:11 solver.py:159 ] Epoch: [80/200][140/282] lr: 3.89e-04 | MSE loss: 6.1121e-03 | time: 0.066
I 06.07/22:19:12 solver.py:159 ] Epoch: [80/200][160/282] lr: 3.89e-04 | MSE loss: 6.0987e-03 | time: 0.065
I 06.07/22:19:13 solver.py:159 ] Epoch: [80/200][180/282] lr: 3.89e-04 | MSE loss: 6.0886e-03 | time: 0.064
I 06.07/22:19:14 solver.py:159 ] Epoch: [80/200][200/282] lr: 3.88e-04 | MSE loss: 6.0746e-03 | time: 0.064
I 06.07/22:19:15 solver.py:159 ] Epoch: [80/200][220/282] lr: 3.88e-04 | MSE loss: 6.1553e-03 | time: 0.063
I 06.07/22:19:16 solver.py:159 ] Epoch: [80/200][240/282] lr: 3.88e-04 | MSE loss: 6.1456e-03 | time: 0.062
I 06.07/22:19:18 solver.py:159 ] Epoch: [80/200][260/282] lr: 3.88e-04 | MSE loss: 6.0162e-03 | time: 0.061
I 06.07/22:19:19 solver.py:159 ] Epoch: [80/200][280/282] lr: 3.88e-04 | MSE loss: 6.0175e-03 | time: 0.061
I 06.07/22:19:19 solver.py:169 ] => Train  Loss: 5.9963e-03

I 06.07/22:19:20 solver.py:159 ] Epoch: [80/200][20/32] lr: 3.88e-04 | MSE loss: 7.2088e-03 | time: 0.052
I 06.07/22:19:20 solver.py:169 ] => Val  Loss: 6.3042e-03

I 06.07/22:19:22 solver.py:405 ] [20/32] loss: 7.2088e-03 | NMSE: -1.8030e+01 | time: 0.057
I 06.07/22:19:22 solver.py:413 ] => Test NMSE: -1.8932e+01

I 06.07/22:19:22 solver.py:345 ] => LoRA monitor [epoch=80] | trainable=33792/33792 | non_lora_trainable=0 | lora_l2=1.101340e+01 | lora_A_l2=9.759335e+00 | lora_B_l2=5.103949e+00 | component_l2=encoder:1.101340e+01 | lora_abs_max=8.253134e-01 | delta_l2=1.103250e+01 | delta_rel=4.759009e+00 | train_loss=5.996331e-03 | val_loss=6.304249e-03 | test_loss=6.394317e-03 | nmse=-1.893176e+01
I 06.07/22:19:22 solver.py:224 ] 
=! Best NMSE: -1.8945e+01 (epoch=77)

I 06.07/22:19:23 solver.py:159 ] Epoch: [81/200][20/282] lr: 3.87e-04 | MSE loss: 6.2254e-03 | time: 0.063
I 06.07/22:19:24 solver.py:159 ] Epoch: [81/200][40/282] lr: 3.87e-04 | MSE loss: 5.6895e-03 | time: 0.060
I 06.07/22:19:26 solver.py:159 ] Epoch: [81/200][60/282] lr: 3.87e-04 | MSE loss: 5.4946e-03 | time: 0.058
I 06.07/22:19:27 solver.py:159 ] Epoch: [81/200][80/282] lr: 3.87e-04 | MSE loss: 5.4727e-03 | time: 0.058
I 06.07/22:19:28 solver.py:159 ] Epoch: [81/200][100/282] lr: 3.86e-04 | MSE loss: 5.6119e-03 | time: 0.058
I 06.07/22:19:29 solver.py:159 ] Epoch: [81/200][120/282] lr: 3.86e-04 | MSE loss: 5.7824e-03 | time: 0.058
I 06.07/22:19:30 solver.py:159 ] Epoch: [81/200][140/282] lr: 3.86e-04 | MSE loss: 5.9492e-03 | time: 0.058
I 06.07/22:19:31 solver.py:159 ] Epoch: [81/200][160/282] lr: 3.86e-04 | MSE loss: 6.0406e-03 | time: 0.058
I 06.07/22:19:32 solver.py:159 ] Epoch: [81/200][180/282] lr: 3.85e-04 | MSE loss: 6.1889e-03 | time: 0.057
I 06.07/22:19:33 solver.py:159 ] Epoch: [81/200][200/282] lr: 3.85e-04 | MSE loss: 6.1099e-03 | time: 0.057
I 06.07/22:19:35 solver.py:159 ] Epoch: [81/200][220/282] lr: 3.85e-04 | MSE loss: 6.0025e-03 | time: 0.057
I 06.07/22:19:36 solver.py:159 ] Epoch: [81/200][240/282] lr: 3.85e-04 | MSE loss: 5.9884e-03 | time: 0.057
I 06.07/22:19:37 solver.py:159 ] Epoch: [81/200][260/282] lr: 3.84e-04 | MSE loss: 6.0454e-03 | time: 0.057
I 06.07/22:19:38 solver.py:159 ] Epoch: [81/200][280/282] lr: 3.84e-04 | MSE loss: 6.0218e-03 | time: 0.057
I 06.07/22:19:38 solver.py:169 ] => Train  Loss: 5.9949e-03

I 06.07/22:19:39 solver.py:405 ] [20/32] loss: 7.2162e-03 | NMSE: -1.8023e+01 | time: 0.055
I 06.07/22:19:40 solver.py:413 ] => Test NMSE: -1.8927e+01

I 06.07/22:19:40 solver.py:345 ] => LoRA monitor [epoch=81] | trainable=33792/33792 | non_lora_trainable=0 | lora_l2=1.106055e+01 | lora_A_l2=9.796569e+00 | lora_B_l2=5.134499e+00 | component_l2=encoder:1.106055e+01 | lora_abs_max=8.298516e-01 | delta_l2=1.107996e+01 | delta_rel=4.779483e+00 | train_loss=5.994929e-03 | test_loss=6.401652e-03 | nmse=-1.892678e+01
I 06.07/22:19:40 solver.py:224 ] 
=! Best NMSE: -1.8945e+01 (epoch=77)

I 06.07/22:19:41 solver.py:159 ] Epoch: [82/200][20/282] lr: 3.84e-04 | MSE loss: 5.9500e-03 | time: 0.056
I 06.07/22:19:42 solver.py:159 ] Epoch: [82/200][40/282] lr: 3.84e-04 | MSE loss: 5.7737e-03 | time: 0.055
I 06.07/22:19:43 solver.py:159 ] Epoch: [82/200][60/282] lr: 3.83e-04 | MSE loss: 5.9751e-03 | time: 0.056
I 06.07/22:19:44 solver.py:159 ] Epoch: [82/200][80/282] lr: 3.83e-04 | MSE loss: 5.9340e-03 | time: 0.056
I 06.07/22:19:45 solver.py:159 ] Epoch: [82/200][100/282] lr: 3.83e-04 | MSE loss: 5.6576e-03 | time: 0.056
I 06.07/22:19:46 solver.py:159 ] Epoch: [82/200][120/282] lr: 3.83e-04 | MSE loss: 5.4837e-03 | time: 0.056
I 06.07/22:19:48 solver.py:159 ] Epoch: [82/200][140/282] lr: 3.82e-04 | MSE loss: 5.4981e-03 | time: 0.057
I 06.07/22:19:49 solver.py:159 ] Epoch: [82/200][160/282] lr: 3.82e-04 | MSE loss: 5.5659e-03 | time: 0.056
I 06.07/22:19:50 solver.py:159 ] Epoch: [82/200][180/282] lr: 3.82e-04 | MSE loss: 5.5845e-03 | time: 0.057
I 06.07/22:19:51 solver.py:159 ] Epoch: [82/200][200/282] lr: 3.82e-04 | MSE loss: 5.7211e-03 | time: 0.056
I 06.07/22:19:52 solver.py:159 ] Epoch: [82/200][220/282] lr: 3.81e-04 | MSE loss: 5.7947e-03 | time: 0.056
I 06.07/22:19:53 solver.py:159 ] Epoch: [82/200][240/282] lr: 3.81e-04 | MSE loss: 5.8157e-03 | time: 0.056
I 06.07/22:19:54 solver.py:159 ] Epoch: [82/200][260/282] lr: 3.81e-04 | MSE loss: 5.9685e-03 | time: 0.057
I 06.07/22:19:56 solver.py:159 ] Epoch: [82/200][280/282] lr: 3.81e-04 | MSE loss: 6.0036e-03 | time: 0.057
I 06.07/22:19:56 solver.py:169 ] => Train  Loss: 5.9921e-03

I 06.07/22:19:57 solver.py:405 ] [20/32] loss: 7.1719e-03 | NMSE: -1.8049e+01 | time: 0.052
I 06.07/22:19:57 solver.py:413 ] => Test NMSE: -1.8951e+01

I 06.07/22:19:57 solver.py:345 ] => LoRA monitor [epoch=82] | trainable=33792/33792 | non_lora_trainable=0 | lora_l2=1.110565e+01 | lora_A_l2=9.832019e+00 | lora_B_l2=5.164003e+00 | component_l2=encoder:1.110565e+01 | lora_abs_max=8.363258e-01 | delta_l2=1.112555e+01 | delta_rel=4.799147e+00 | train_loss=5.992088e-03 | test_loss=6.366597e-03 | nmse=-1.895063e+01
I 06.07/22:19:58 solver.py:224 ] 
=! Best NMSE: -1.8951e+01 (epoch=82)

I 06.07/22:19:59 solver.py:159 ] Epoch: [83/200][20/282] lr: 3.80e-04 | MSE loss: 6.9499e-03 | time: 0.058
I 06.07/22:20:00 solver.py:159 ] Epoch: [83/200][40/282] lr: 3.80e-04 | MSE loss: 6.3336e-03 | time: 0.057
I 06.07/22:20:02 solver.py:159 ] Epoch: [83/200][60/282] lr: 3.80e-04 | MSE loss: 6.1132e-03 | time: 0.071
I 06.07/22:20:04 solver.py:159 ] Epoch: [83/200][80/282] lr: 3.80e-04 | MSE loss: 6.0122e-03 | time: 0.084
I 06.07/22:20:06 solver.py:159 ] Epoch: [83/200][100/282] lr: 3.79e-04 | MSE loss: 6.1552e-03 | time: 0.079
I 06.07/22:20:07 solver.py:159 ] Epoch: [83/200][120/282] lr: 3.79e-04 | MSE loss: 6.1918e-03 | time: 0.075
I 06.07/22:20:08 solver.py:159 ] Epoch: [83/200][140/282] lr: 3.79e-04 | MSE loss: 6.0958e-03 | time: 0.073
I 06.07/22:20:09 solver.py:159 ] Epoch: [83/200][160/282] lr: 3.79e-04 | MSE loss: 5.9654e-03 | time: 0.071
I 06.07/22:20:10 solver.py:159 ] Epoch: [83/200][180/282] lr: 3.78e-04 | MSE loss: 6.0793e-03 | time: 0.069
I 06.07/22:20:11 solver.py:159 ] Epoch: [83/200][200/282] lr: 3.78e-04 | MSE loss: 6.1000e-03 | time: 0.068
I 06.07/22:20:13 solver.py:159 ] Epoch: [83/200][220/282] lr: 3.78e-04 | MSE loss: 6.1659e-03 | time: 0.067
I 06.07/22:20:14 solver.py:159 ] Epoch: [83/200][240/282] lr: 3.78e-04 | MSE loss: 6.0580e-03 | time: 0.066
I 06.07/22:20:15 solver.py:159 ] Epoch: [83/200][260/282] lr: 3.77e-04 | MSE loss: 6.0074e-03 | time: 0.065
I 06.07/22:20:16 solver.py:159 ] Epoch: [83/200][280/282] lr: 3.77e-04 | MSE loss: 6.0149e-03 | time: 0.064
I 06.07/22:20:16 solver.py:169 ] => Train  Loss: 6.0420e-03

I 06.07/22:20:17 solver.py:405 ] [20/32] loss: 7.1883e-03 | NMSE: -1.8044e+01 | time: 0.051
I 06.07/22:20:17 solver.py:413 ] => Test NMSE: -1.8940e+01

I 06.07/22:20:17 solver.py:345 ] => LoRA monitor [epoch=83] | trainable=33792/33792 | non_lora_trainable=0 | lora_l2=1.115466e+01 | lora_A_l2=9.872237e+00 | lora_B_l2=5.192829e+00 | component_l2=encoder:1.115466e+01 | lora_abs_max=8.430380e-01 | delta_l2=1.117499e+01 | delta_rel=4.820473e+00 | train_loss=6.042012e-03 | test_loss=6.382564e-03 | nmse=-1.893975e+01
I 06.07/22:20:17 solver.py:224 ] 
=! Best NMSE: -1.8951e+01 (epoch=82)

I 06.07/22:20:19 solver.py:159 ] Epoch: [84/200][20/282] lr: 3.77e-04 | MSE loss: 4.9039e-03 | time: 0.056
I 06.07/22:20:20 solver.py:159 ] Epoch: [84/200][40/282] lr: 3.77e-04 | MSE loss: 5.2935e-03 | time: 0.056
I 06.07/22:20:21 solver.py:159 ] Epoch: [84/200][60/282] lr: 3.76e-04 | MSE loss: 5.4391e-03 | time: 0.056
I 06.07/22:20:22 solver.py:159 ] Epoch: [84/200][80/282] lr: 3.76e-04 | MSE loss: 5.8665e-03 | time: 0.056
I 06.07/22:20:23 solver.py:159 ] Epoch: [84/200][100/282] lr: 3.76e-04 | MSE loss: 5.8339e-03 | time: 0.056
I 06.07/22:20:24 solver.py:159 ] Epoch: [84/200][120/282] lr: 3.76e-04 | MSE loss: 5.7677e-03 | time: 0.055
I 06.07/22:20:25 solver.py:159 ] Epoch: [84/200][140/282] lr: 3.75e-04 | MSE loss: 5.8611e-03 | time: 0.055
I 06.07/22:20:26 solver.py:159 ] Epoch: [84/200][160/282] lr: 3.75e-04 | MSE loss: 5.9542e-03 | time: 0.055
I 06.07/22:20:27 solver.py:159 ] Epoch: [84/200][180/282] lr: 3.75e-04 | MSE loss: 6.1660e-03 | time: 0.055
I 06.07/22:20:29 solver.py:159 ] Epoch: [84/200][200/282] lr: 3.75e-04 | MSE loss: 6.1447e-03 | time: 0.055
I 06.07/22:20:30 solver.py:159 ] Epoch: [84/200][220/282] lr: 3.74e-04 | MSE loss: 6.0333e-03 | time: 0.056
I 06.07/22:20:31 solver.py:159 ] Epoch: [84/200][240/282] lr: 3.74e-04 | MSE loss: 6.0838e-03 | time: 0.056
I 06.07/22:20:32 solver.py:159 ] Epoch: [84/200][260/282] lr: 3.74e-04 | MSE loss: 5.9837e-03 | time: 0.055
I 06.07/22:20:33 solver.py:159 ] Epoch: [84/200][280/282] lr: 3.74e-04 | MSE loss: 6.0083e-03 | time: 0.056
I 06.07/22:20:33 solver.py:169 ] => Train  Loss: 6.0195e-03

I 06.07/22:20:34 solver.py:405 ] [20/32] loss: 7.1932e-03 | NMSE: -1.8030e+01 | time: 0.054
I 06.07/22:20:35 solver.py:413 ] => Test NMSE: -1.8943e+01

I 06.07/22:20:35 solver.py:345 ] => LoRA monitor [epoch=84] | trainable=33792/33792 | non_lora_trainable=0 | lora_l2=1.119812e+01 | lora_A_l2=9.907476e+00 | lora_B_l2=5.219186e+00 | component_l2=encoder:1.119812e+01 | lora_abs_max=8.477380e-01 | delta_l2=1.121922e+01 | delta_rel=4.839553e+00 | train_loss=6.019543e-03 | test_loss=6.377683e-03 | nmse=-1.894307e+01
I 06.07/22:20:35 solver.py:224 ] 
=! Best NMSE: -1.8951e+01 (epoch=82)

I 06.07/22:20:36 solver.py:159 ] Epoch: [85/200][20/282] lr: 3.73e-04 | MSE loss: 5.6671e-03 | time: 0.057
I 06.07/22:20:37 solver.py:159 ] Epoch: [85/200][40/282] lr: 3.73e-04 | MSE loss: 5.4612e-03 | time: 0.059
I 06.07/22:20:38 solver.py:159 ] Epoch: [85/200][60/282] lr: 3.73e-04 | MSE loss: 5.8537e-03 | time: 0.057
I 06.07/22:20:39 solver.py:159 ] Epoch: [85/200][80/282] lr: 3.73e-04 | MSE loss: 5.7920e-03 | time: 0.056
I 06.07/22:20:41 solver.py:159 ] Epoch: [85/200][100/282] lr: 3.72e-04 | MSE loss: 5.8769e-03 | time: 0.057
I 06.07/22:20:42 solver.py:159 ] Epoch: [85/200][120/282] lr: 3.72e-04 | MSE loss: 5.8633e-03 | time: 0.056
I 06.07/22:20:43 solver.py:159 ] Epoch: [85/200][140/282] lr: 3.72e-04 | MSE loss: 5.8784e-03 | time: 0.057
I 06.07/22:20:44 solver.py:159 ] Epoch: [85/200][160/282] lr: 3.72e-04 | MSE loss: 6.0175e-03 | time: 0.057
I 06.07/22:20:45 solver.py:159 ] Epoch: [85/200][180/282] lr: 3.71e-04 | MSE loss: 5.9254e-03 | time: 0.057
I 06.07/22:20:46 solver.py:159 ] Epoch: [85/200][200/282] lr: 3.71e-04 | MSE loss: 5.9549e-03 | time: 0.056
I 06.07/22:20:47 solver.py:159 ] Epoch: [85/200][220/282] lr: 3.71e-04 | MSE loss: 5.9688e-03 | time: 0.056
I 06.07/22:20:48 solver.py:159 ] Epoch: [85/200][240/282] lr: 3.71e-04 | MSE loss: 5.9285e-03 | time: 0.056
I 06.07/22:20:49 solver.py:159 ] Epoch: [85/200][260/282] lr: 3.70e-04 | MSE loss: 5.9775e-03 | time: 0.056
I 06.07/22:20:51 solver.py:159 ] Epoch: [85/200][280/282] lr: 3.70e-04 | MSE loss: 5.9628e-03 | time: 0.056
I 06.07/22:20:51 solver.py:169 ] => Train  Loss: 5.9892e-03

I 06.07/22:20:52 solver.py:405 ] [20/32] loss: 7.1705e-03 | NMSE: -1.8050e+01 | time: 0.049
I 06.07/22:20:52 solver.py:413 ] => Test NMSE: -1.8949e+01

I 06.07/22:20:52 solver.py:345 ] => LoRA monitor [epoch=85] | trainable=33792/33792 | non_lora_trainable=0 | lora_l2=1.124020e+01 | lora_A_l2=9.940883e+00 | lora_B_l2=5.246048e+00 | component_l2=encoder:1.124020e+01 | lora_abs_max=8.514124e-01 | delta_l2=1.126135e+01 | delta_rel=4.857727e+00 | train_loss=5.989175e-03 | test_loss=6.368704e-03 | nmse=-1.894919e+01
I 06.07/22:20:52 solver.py:224 ] 
=! Best NMSE: -1.8951e+01 (epoch=82)

I 06.07/22:20:54 solver.py:159 ] Epoch: [86/200][20/282] lr: 3.70e-04 | MSE loss: 6.6692e-03 | time: 0.055
I 06.07/22:20:55 solver.py:159 ] Epoch: [86/200][40/282] lr: 3.70e-04 | MSE loss: 6.4440e-03 | time: 0.054
I 06.07/22:20:56 solver.py:159 ] Epoch: [86/200][60/282] lr: 3.69e-04 | MSE loss: 5.6234e-03 | time: 0.056
I 06.07/22:20:57 solver.py:159 ] Epoch: [86/200][80/282] lr: 3.69e-04 | MSE loss: 5.9181e-03 | time: 0.056
I 06.07/22:20:58 solver.py:159 ] Epoch: [86/200][100/282] lr: 3.69e-04 | MSE loss: 6.1091e-03 | time: 0.057
I 06.07/22:20:59 solver.py:159 ] Epoch: [86/200][120/282] lr: 3.69e-04 | MSE loss: 6.1605e-03 | time: 0.057
I 06.07/22:21:01 solver.py:159 ] Epoch: [86/200][140/282] lr: 3.68e-04 | MSE loss: 6.1207e-03 | time: 0.058
I 06.07/22:21:02 solver.py:159 ] Epoch: [86/200][160/282] lr: 3.68e-04 | MSE loss: 6.2196e-03 | time: 0.062
I 06.07/22:21:04 solver.py:159 ] Epoch: [86/200][180/282] lr: 3.68e-04 | MSE loss: 6.2412e-03 | time: 0.067
I 06.07/22:21:06 solver.py:159 ] Epoch: [86/200][200/282] lr: 3.68e-04 | MSE loss: 6.1323e-03 | time: 0.066
I 06.07/22:21:07 solver.py:159 ] Epoch: [86/200][220/282] lr: 3.67e-04 | MSE loss: 5.9900e-03 | time: 0.066
I 06.07/22:21:08 solver.py:159 ] Epoch: [86/200][240/282] lr: 3.67e-04 | MSE loss: 6.0112e-03 | time: 0.065
I 06.07/22:21:09 solver.py:159 ] Epoch: [86/200][260/282] lr: 3.67e-04 | MSE loss: 5.9217e-03 | time: 0.064
I 06.07/22:21:10 solver.py:159 ] Epoch: [86/200][280/282] lr: 3.67e-04 | MSE loss: 6.0091e-03 | time: 0.063
I 06.07/22:21:10 solver.py:169 ] => Train  Loss: 5.9954e-03

I 06.07/22:21:11 solver.py:405 ] [20/32] loss: 7.2026e-03 | NMSE: -1.8030e+01 | time: 0.049
I 06.07/22:21:12 solver.py:413 ] => Test NMSE: -1.8931e+01

I 06.07/22:21:12 solver.py:345 ] => LoRA monitor [epoch=86] | trainable=33792/33792 | non_lora_trainable=0 | lora_l2=1.128179e+01 | lora_A_l2=9.974896e+00 | lora_B_l2=5.270693e+00 | component_l2=encoder:1.128179e+01 | lora_abs_max=8.579263e-01 | delta_l2=1.130338e+01 | delta_rel=4.875855e+00 | train_loss=5.995442e-03 | test_loss=6.396118e-03 | nmse=-1.893054e+01
I 06.07/22:21:12 solver.py:224 ] 
=! Best NMSE: -1.8951e+01 (epoch=82)

I 06.07/22:21:13 solver.py:159 ] Epoch: [87/200][20/282] lr: 3.66e-04 | MSE loss: 5.2671e-03 | time: 0.057
I 06.07/22:21:14 solver.py:159 ] Epoch: [87/200][40/282] lr: 3.66e-04 | MSE loss: 5.9611e-03 | time: 0.054
I 06.07/22:21:15 solver.py:159 ] Epoch: [87/200][60/282] lr: 3.66e-04 | MSE loss: 5.8365e-03 | time: 0.054
I 06.07/22:21:16 solver.py:159 ] Epoch: [87/200][80/282] lr: 3.65e-04 | MSE loss: 5.6542e-03 | time: 0.055
I 06.07/22:21:17 solver.py:159 ] Epoch: [87/200][100/282] lr: 3.65e-04 | MSE loss: 5.8561e-03 | time: 0.056
I 06.07/22:21:19 solver.py:159 ] Epoch: [87/200][120/282] lr: 3.65e-04 | MSE loss: 5.6559e-03 | time: 0.056
I 06.07/22:21:20 solver.py:159 ] Epoch: [87/200][140/282] lr: 3.65e-04 | MSE loss: 5.6131e-03 | time: 0.056
I 06.07/22:21:21 solver.py:159 ] Epoch: [87/200][160/282] lr: 3.64e-04 | MSE loss: 5.6301e-03 | time: 0.057
I 06.07/22:21:22 solver.py:159 ] Epoch: [87/200][180/282] lr: 3.64e-04 | MSE loss: 5.6380e-03 | time: 0.057
I 06.07/22:21:23 solver.py:159 ] Epoch: [87/200][200/282] lr: 3.64e-04 | MSE loss: 5.7590e-03 | time: 0.057
I 06.07/22:21:24 solver.py:159 ] Epoch: [87/200][220/282] lr: 3.64e-04 | MSE loss: 5.8201e-03 | time: 0.056
I 06.07/22:21:25 solver.py:159 ] Epoch: [87/200][240/282] lr: 3.63e-04 | MSE loss: 5.9167e-03 | time: 0.056
I 06.07/22:21:26 solver.py:159 ] Epoch: [87/200][260/282] lr: 3.63e-04 | MSE loss: 5.9238e-03 | time: 0.056
I 06.07/22:21:28 solver.py:159 ] Epoch: [87/200][280/282] lr: 3.63e-04 | MSE loss: 5.9946e-03 | time: 0.056
I 06.07/22:21:28 solver.py:169 ] => Train  Loss: 6.0283e-03

I 06.07/22:21:29 solver.py:405 ] [20/32] loss: 7.1830e-03 | NMSE: -1.8044e+01 | time: 0.055
I 06.07/22:21:29 solver.py:413 ] => Test NMSE: -1.8941e+01

I 06.07/22:21:29 solver.py:345 ] => LoRA monitor [epoch=87] | trainable=33792/33792 | non_lora_trainable=0 | lora_l2=1.132620e+01 | lora_A_l2=1.001011e+01 | lora_B_l2=5.299100e+00 | component_l2=encoder:1.132620e+01 | lora_abs_max=8.641880e-01 | delta_l2=1.134819e+01 | delta_rel=4.895188e+00 | train_loss=6.028294e-03 | test_loss=6.380873e-03 | nmse=-1.894090e+01
I 06.07/22:21:29 solver.py:224 ] 
=! Best NMSE: -1.8951e+01 (epoch=82)

I 06.07/22:21:31 solver.py:159 ] Epoch: [88/200][20/282] lr: 3.63e-04 | MSE loss: 5.4877e-03 | time: 0.060
I 06.07/22:21:32 solver.py:159 ] Epoch: [88/200][40/282] lr: 3.62e-04 | MSE loss: 5.4765e-03 | time: 0.060
I 06.07/22:21:33 solver.py:159 ] Epoch: [88/200][60/282] lr: 3.62e-04 | MSE loss: 5.7850e-03 | time: 0.058
I 06.07/22:21:34 solver.py:159 ] Epoch: [88/200][80/282] lr: 3.62e-04 | MSE loss: 5.7604e-03 | time: 0.057
I 06.07/22:21:35 solver.py:159 ] Epoch: [88/200][100/282] lr: 3.62e-04 | MSE loss: 6.0467e-03 | time: 0.057
I 06.07/22:21:36 solver.py:159 ] Epoch: [88/200][120/282] lr: 3.61e-04 | MSE loss: 5.9930e-03 | time: 0.056
I 06.07/22:21:37 solver.py:159 ] Epoch: [88/200][140/282] lr: 3.61e-04 | MSE loss: 6.1101e-03 | time: 0.057
I 06.07/22:21:38 solver.py:159 ] Epoch: [88/200][160/282] lr: 3.61e-04 | MSE loss: 6.1166e-03 | time: 0.057
I 06.07/22:21:40 solver.py:159 ] Epoch: [88/200][180/282] lr: 3.61e-04 | MSE loss: 6.1396e-03 | time: 0.057
I 06.07/22:21:41 solver.py:159 ] Epoch: [88/200][200/282] lr: 3.60e-04 | MSE loss: 6.0188e-03 | time: 0.057
I 06.07/22:21:42 solver.py:159 ] Epoch: [88/200][220/282] lr: 3.60e-04 | MSE loss: 5.9743e-03 | time: 0.057
I 06.07/22:21:43 solver.py:159 ] Epoch: [88/200][240/282] lr: 3.60e-04 | MSE loss: 5.9429e-03 | time: 0.057
I 06.07/22:21:44 solver.py:159 ] Epoch: [88/200][260/282] lr: 3.60e-04 | MSE loss: 5.9856e-03 | time: 0.057
I 06.07/22:21:45 solver.py:159 ] Epoch: [88/200][280/282] lr: 3.59e-04 | MSE loss: 5.9728e-03 | time: 0.057
I 06.07/22:21:45 solver.py:169 ] => Train  Loss: 5.9938e-03

I 06.07/22:21:47 solver.py:405 ] [20/32] loss: 7.1665e-03 | NMSE: -1.8054e+01 | time: 0.052
I 06.07/22:21:47 solver.py:413 ] => Test NMSE: -1.8951e+01

I 06.07/22:21:47 solver.py:345 ] => LoRA monitor [epoch=88] | trainable=33792/33792 | non_lora_trainable=0 | lora_l2=1.136198e+01 | lora_A_l2=1.003880e+01 | lora_B_l2=5.321384e+00 | component_l2=encoder:1.136198e+01 | lora_abs_max=8.686365e-01 | delta_l2=1.138442e+01 | delta_rel=4.910816e+00 | train_loss=5.993842e-03 | test_loss=6.365395e-03 | nmse=-1.895145e+01
I 06.07/22:21:48 solver.py:224 ] 
=! Best NMSE: -1.8951e+01 (epoch=88)

I 06.07/22:21:49 solver.py:159 ] Epoch: [89/200][20/282] lr: 3.59e-04 | MSE loss: 5.3487e-03 | time: 0.058
I 06.07/22:21:50 solver.py:159 ] Epoch: [89/200][40/282] lr: 3.59e-04 | MSE loss: 5.4468e-03 | time: 0.059
I 06.07/22:21:51 solver.py:159 ] Epoch: [89/200][60/282] lr: 3.59e-04 | MSE loss: 6.1203e-03 | time: 0.059
I 06.07/22:21:52 solver.py:159 ] Epoch: [89/200][80/282] lr: 3.58e-04 | MSE loss: 5.9454e-03 | time: 0.058
I 06.07/22:21:53 solver.py:159 ] Epoch: [89/200][100/282] lr: 3.58e-04 | MSE loss: 5.8295e-03 | time: 0.057
I 06.07/22:21:55 solver.py:159 ] Epoch: [89/200][120/282] lr: 3.58e-04 | MSE loss: 6.1023e-03 | time: 0.058
I 06.07/22:21:56 solver.py:159 ] Epoch: [89/200][140/282] lr: 3.57e-04 | MSE loss: 6.0218e-03 | time: 0.057
I 06.07/22:21:57 solver.py:159 ] Epoch: [89/200][160/282] lr: 3.57e-04 | MSE loss: 5.8594e-03 | time: 0.057
I 06.07/22:21:58 solver.py:159 ] Epoch: [89/200][180/282] lr: 3.57e-04 | MSE loss: 5.8236e-03 | time: 0.057
I 06.07/22:21:59 solver.py:159 ] Epoch: [89/200][200/282] lr: 3.57e-04 | MSE loss: 5.8801e-03 | time: 0.057
I 06.07/22:22:00 solver.py:159 ] Epoch: [89/200][220/282] lr: 3.56e-04 | MSE loss: 5.9482e-03 | time: 0.058
I 06.07/22:22:03 solver.py:159 ] Epoch: [89/200][240/282] lr: 3.56e-04 | MSE loss: 5.9753e-03 | time: 0.063
I 06.07/22:22:05 solver.py:159 ] Epoch: [89/200][260/282] lr: 3.56e-04 | MSE loss: 5.9881e-03 | time: 0.067
I 06.07/22:22:06 solver.py:159 ] Epoch: [89/200][280/282] lr: 3.56e-04 | MSE loss: 6.0066e-03 | time: 0.066
I 06.07/22:22:06 solver.py:169 ] => Train  Loss: 5.9905e-03

I 06.07/22:22:08 solver.py:405 ] [20/32] loss: 7.2006e-03 | NMSE: -1.8033e+01 | time: 0.056
I 06.07/22:22:08 solver.py:413 ] => Test NMSE: -1.8935e+01

I 06.07/22:22:08 solver.py:345 ] => LoRA monitor [epoch=89] | trainable=33792/33792 | non_lora_trainable=0 | lora_l2=1.140002e+01 | lora_A_l2=1.006935e+01 | lora_B_l2=5.344977e+00 | component_l2=encoder:1.140002e+01 | lora_abs_max=8.763841e-01 | delta_l2=1.142281e+01 | delta_rel=4.927376e+00 | train_loss=5.990470e-03 | test_loss=6.389646e-03 | nmse=-1.893493e+01
I 06.07/22:22:08 solver.py:224 ] 
=! Best NMSE: -1.8951e+01 (epoch=88)

I 06.07/22:22:09 solver.py:159 ] Epoch: [90/200][20/282] lr: 3.55e-04 | MSE loss: 3.9488e-03 | time: 0.062
I 06.07/22:22:11 solver.py:159 ] Epoch: [90/200][40/282] lr: 3.55e-04 | MSE loss: 5.2225e-03 | time: 0.061
I 06.07/22:22:12 solver.py:159 ] Epoch: [90/200][60/282] lr: 3.55e-04 | MSE loss: 5.6014e-03 | time: 0.059
I 06.07/22:22:13 solver.py:159 ] Epoch: [90/200][80/282] lr: 3.55e-04 | MSE loss: 5.9224e-03 | time: 0.058
I 06.07/22:22:14 solver.py:159 ] Epoch: [90/200][100/282] lr: 3.54e-04 | MSE loss: 6.0036e-03 | time: 0.057
I 06.07/22:22:15 solver.py:159 ] Epoch: [90/200][120/282] lr: 3.54e-04 | MSE loss: 5.9575e-03 | time: 0.057
I 06.07/22:22:16 solver.py:159 ] Epoch: [90/200][140/282] lr: 3.54e-04 | MSE loss: 5.9870e-03 | time: 0.057
I 06.07/22:22:17 solver.py:159 ] Epoch: [90/200][160/282] lr: 3.54e-04 | MSE loss: 5.9444e-03 | time: 0.057
I 06.07/22:22:18 solver.py:159 ] Epoch: [90/200][180/282] lr: 3.53e-04 | MSE loss: 6.1118e-03 | time: 0.057
I 06.07/22:22:19 solver.py:159 ] Epoch: [90/200][200/282] lr: 3.53e-04 | MSE loss: 5.9915e-03 | time: 0.057
I 06.07/22:22:21 solver.py:159 ] Epoch: [90/200][220/282] lr: 3.53e-04 | MSE loss: 6.0964e-03 | time: 0.057
I 06.07/22:22:22 solver.py:159 ] Epoch: [90/200][240/282] lr: 3.53e-04 | MSE loss: 6.0539e-03 | time: 0.057
I 06.07/22:22:23 solver.py:159 ] Epoch: [90/200][260/282] lr: 3.52e-04 | MSE loss: 5.9991e-03 | time: 0.057
I 06.07/22:22:24 solver.py:159 ] Epoch: [90/200][280/282] lr: 3.52e-04 | MSE loss: 5.9793e-03 | time: 0.057
I 06.07/22:22:24 solver.py:169 ] => Train  Loss: 6.0117e-03

I 06.07/22:22:25 solver.py:159 ] Epoch: [90/200][20/32] lr: 3.52e-04 | MSE loss: 7.1856e-03 | time: 0.047
I 06.07/22:22:26 solver.py:169 ] => Val  Loss: 6.2930e-03

I 06.07/22:22:27 solver.py:405 ] [20/32] loss: 7.1856e-03 | NMSE: -1.8047e+01 | time: 0.050
I 06.07/22:22:27 solver.py:413 ] => Test NMSE: -1.8939e+01

I 06.07/22:22:27 solver.py:345 ] => LoRA monitor [epoch=90] | trainable=33792/33792 | non_lora_trainable=0 | lora_l2=1.143865e+01 | lora_A_l2=1.010104e+01 | lora_B_l2=5.367642e+00 | component_l2=encoder:1.143865e+01 | lora_abs_max=8.806519e-01 | delta_l2=1.146172e+01 | delta_rel=4.944160e+00 | train_loss=6.011678e-03 | val_loss=6.293009e-03 | test_loss=6.383569e-03 | nmse=-1.893907e+01
I 06.07/22:22:27 solver.py:224 ] 
=! Best NMSE: -1.8951e+01 (epoch=88)

I 06.07/22:22:28 solver.py:159 ] Epoch: [91/200][20/282] lr: 3.52e-04 | MSE loss: 6.2245e-03 | time: 0.057
I 06.07/22:22:30 solver.py:159 ] Epoch: [91/200][40/282] lr: 3.51e-04 | MSE loss: 6.4296e-03 | time: 0.057
I 06.07/22:22:31 solver.py:159 ] Epoch: [91/200][60/282] lr: 3.51e-04 | MSE loss: 6.4933e-03 | time: 0.054
I 06.07/22:22:32 solver.py:159 ] Epoch: [91/200][80/282] lr: 3.51e-04 | MSE loss: 6.2332e-03 | time: 0.054
I 06.07/22:22:33 solver.py:159 ] Epoch: [91/200][100/282] lr: 3.51e-04 | MSE loss: 6.3035e-03 | time: 0.054
I 06.07/22:22:34 solver.py:159 ] Epoch: [91/200][120/282] lr: 3.50e-04 | MSE loss: 6.1780e-03 | time: 0.054
I 06.07/22:22:35 solver.py:159 ] Epoch: [91/200][140/282] lr: 3.50e-04 | MSE loss: 6.2936e-03 | time: 0.055
I 06.07/22:22:36 solver.py:159 ] Epoch: [91/200][160/282] lr: 3.50e-04 | MSE loss: 6.1562e-03 | time: 0.055
I 06.07/22:22:37 solver.py:159 ] Epoch: [91/200][180/282] lr: 3.50e-04 | MSE loss: 6.1045e-03 | time: 0.055
I 06.07/22:22:38 solver.py:159 ] Epoch: [91/200][200/282] lr: 3.49e-04 | MSE loss: 6.0882e-03 | time: 0.056
I 06.07/22:22:40 solver.py:159 ] Epoch: [91/200][220/282] lr: 3.49e-04 | MSE loss: 5.9064e-03 | time: 0.056
I 06.07/22:22:41 solver.py:159 ] Epoch: [91/200][240/282] lr: 3.49e-04 | MSE loss: 5.9578e-03 | time: 0.056
I 06.07/22:22:42 solver.py:159 ] Epoch: [91/200][260/282] lr: 3.49e-04 | MSE loss: 6.1546e-03 | time: 0.056
I 06.07/22:22:43 solver.py:159 ] Epoch: [91/200][280/282] lr: 3.48e-04 | MSE loss: 6.0012e-03 | time: 0.056
I 06.07/22:22:43 solver.py:169 ] => Train  Loss: 5.9811e-03

I 06.07/22:22:44 solver.py:405 ] [20/32] loss: 7.1929e-03 | NMSE: -1.8039e+01 | time: 0.051
I 06.07/22:22:45 solver.py:413 ] => Test NMSE: -1.8938e+01

I 06.07/22:22:45 solver.py:345 ] => LoRA monitor [epoch=91] | trainable=33792/33792 | non_lora_trainable=0 | lora_l2=1.148112e+01 | lora_A_l2=1.013572e+01 | lora_B_l2=5.392900e+00 | component_l2=encoder:1.148112e+01 | lora_abs_max=8.869165e-01 | delta_l2=1.150425e+01 | delta_rel=4.962503e+00 | train_loss=5.981090e-03 | test_loss=6.384504e-03 | nmse=-1.893843e+01
I 06.07/22:22:45 solver.py:224 ] 
=! Best NMSE: -1.8951e+01 (epoch=88)

I 06.07/22:22:46 solver.py:159 ] Epoch: [92/200][20/282] lr: 3.48e-04 | MSE loss: 5.8359e-03 | time: 0.063
I 06.07/22:22:47 solver.py:159 ] Epoch: [92/200][40/282] lr: 3.48e-04 | MSE loss: 6.3824e-03 | time: 0.060
I 06.07/22:22:48 solver.py:159 ] Epoch: [92/200][60/282] lr: 3.47e-04 | MSE loss: 6.7084e-03 | time: 0.058
I 06.07/22:22:49 solver.py:159 ] Epoch: [92/200][80/282] lr: 3.47e-04 | MSE loss: 6.2691e-03 | time: 0.058
I 06.07/22:22:50 solver.py:159 ] Epoch: [92/200][100/282] lr: 3.47e-04 | MSE loss: 6.3008e-03 | time: 0.057
I 06.07/22:22:52 solver.py:159 ] Epoch: [92/200][120/282] lr: 3.47e-04 | MSE loss: 6.0008e-03 | time: 0.056
I 06.07/22:22:53 solver.py:159 ] Epoch: [92/200][140/282] lr: 3.46e-04 | MSE loss: 6.0101e-03 | time: 0.057
I 06.07/22:22:54 solver.py:159 ] Epoch: [92/200][160/282] lr: 3.46e-04 | MSE loss: 5.9573e-03 | time: 0.057
I 06.07/22:22:55 solver.py:159 ] Epoch: [92/200][180/282] lr: 3.46e-04 | MSE loss: 6.0085e-03 | time: 0.056
I 06.07/22:22:56 solver.py:159 ] Epoch: [92/200][200/282] lr: 3.46e-04 | MSE loss: 6.0779e-03 | time: 0.057
I 06.07/22:22:57 solver.py:159 ] Epoch: [92/200][220/282] lr: 3.45e-04 | MSE loss: 6.0661e-03 | time: 0.056
I 06.07/22:22:58 solver.py:159 ] Epoch: [92/200][240/282] lr: 3.45e-04 | MSE loss: 5.9358e-03 | time: 0.057
I 06.07/22:23:00 solver.py:159 ] Epoch: [92/200][260/282] lr: 3.45e-04 | MSE loss: 5.9669e-03 | time: 0.057
I 06.07/22:23:01 solver.py:159 ] Epoch: [92/200][280/282] lr: 3.45e-04 | MSE loss: 5.9924e-03 | time: 0.060
I 06.07/22:23:02 solver.py:169 ] => Train  Loss: 5.9948e-03

I 06.07/22:23:04 solver.py:405 ] [20/32] loss: 7.2118e-03 | NMSE: -1.8030e+01 | time: 0.105
I 06.07/22:23:05 solver.py:413 ] => Test NMSE: -1.8923e+01

I 06.07/22:23:05 solver.py:345 ] => LoRA monitor [epoch=92] | trainable=33792/33792 | non_lora_trainable=0 | lora_l2=1.151225e+01 | lora_A_l2=1.016047e+01 | lora_B_l2=5.412633e+00 | component_l2=encoder:1.151225e+01 | lora_abs_max=8.932422e-01 | delta_l2=1.153614e+01 | delta_rel=4.976262e+00 | train_loss=5.994816e-03 | test_loss=6.407733e-03 | nmse=-1.892266e+01
I 06.07/22:23:05 solver.py:224 ] 
=! Best NMSE: -1.8951e+01 (epoch=88)

I 06.07/22:23:06 solver.py:159 ] Epoch: [93/200][20/282] lr: 3.44e-04 | MSE loss: 4.4244e-03 | time: 0.063
I 06.07/22:23:07 solver.py:159 ] Epoch: [93/200][40/282] lr: 3.44e-04 | MSE loss: 4.9929e-03 | time: 0.058
I 06.07/22:23:08 solver.py:159 ] Epoch: [93/200][60/282] lr: 3.44e-04 | MSE loss: 5.5005e-03 | time: 0.057
I 06.07/22:23:09 solver.py:159 ] Epoch: [93/200][80/282] lr: 3.43e-04 | MSE loss: 5.8621e-03 | time: 0.056
I 06.07/22:23:11 solver.py:159 ] Epoch: [93/200][100/282] lr: 3.43e-04 | MSE loss: 5.8276e-03 | time: 0.056
I 06.07/22:23:12 solver.py:159 ] Epoch: [93/200][120/282] lr: 3.43e-04 | MSE loss: 5.7708e-03 | time: 0.056
I 06.07/22:23:13 solver.py:159 ] Epoch: [93/200][140/282] lr: 3.43e-04 | MSE loss: 5.9935e-03 | time: 0.056
I 06.07/22:23:14 solver.py:159 ] Epoch: [93/200][160/282] lr: 3.42e-04 | MSE loss: 5.8071e-03 | time: 0.057
I 06.07/22:23:15 solver.py:159 ] Epoch: [93/200][180/282] lr: 3.42e-04 | MSE loss: 5.8295e-03 | time: 0.057
I 06.07/22:23:16 solver.py:159 ] Epoch: [93/200][200/282] lr: 3.42e-04 | MSE loss: 5.8663e-03 | time: 0.056
I 06.07/22:23:17 solver.py:159 ] Epoch: [93/200][220/282] lr: 3.42e-04 | MSE loss: 5.9297e-03 | time: 0.056
I 06.07/22:23:18 solver.py:159 ] Epoch: [93/200][240/282] lr: 3.41e-04 | MSE loss: 5.9602e-03 | time: 0.056
I 06.07/22:23:20 solver.py:159 ] Epoch: [93/200][260/282] lr: 3.41e-04 | MSE loss: 5.8745e-03 | time: 0.056
I 06.07/22:23:21 solver.py:159 ] Epoch: [93/200][280/282] lr: 3.41e-04 | MSE loss: 6.0175e-03 | time: 0.056
I 06.07/22:23:21 solver.py:169 ] => Train  Loss: 5.9913e-03

I 06.07/22:23:22 solver.py:405 ] [20/32] loss: 7.1972e-03 | NMSE: -1.8034e+01 | time: 0.049
I 06.07/22:23:23 solver.py:413 ] => Test NMSE: -1.8942e+01

I 06.07/22:23:23 solver.py:345 ] => LoRA monitor [epoch=93] | trainable=33792/33792 | non_lora_trainable=0 | lora_l2=1.154405e+01 | lora_A_l2=1.018811e+01 | lora_B_l2=5.428385e+00 | component_l2=encoder:1.154405e+01 | lora_abs_max=8.966804e-01 | delta_l2=1.156829e+01 | delta_rel=4.990130e+00 | train_loss=5.991258e-03 | test_loss=6.379942e-03 | nmse=-1.894153e+01
I 06.07/22:23:23 solver.py:224 ] 
=! Best NMSE: -1.8951e+01 (epoch=88)

I 06.07/22:23:24 solver.py:159 ] Epoch: [94/200][20/282] lr: 3.41e-04 | MSE loss: 5.4096e-03 | time: 0.060
I 06.07/22:23:25 solver.py:159 ] Epoch: [94/200][40/282] lr: 3.40e-04 | MSE loss: 5.8934e-03 | time: 0.057
I 06.07/22:23:26 solver.py:159 ] Epoch: [94/200][60/282] lr: 3.40e-04 | MSE loss: 6.1415e-03 | time: 0.057
I 06.07/22:23:27 solver.py:159 ] Epoch: [94/200][80/282] lr: 3.40e-04 | MSE loss: 5.8739e-03 | time: 0.057
I 06.07/22:23:28 solver.py:159 ] Epoch: [94/200][100/282] lr: 3.39e-04 | MSE loss: 5.8677e-03 | time: 0.057
I 06.07/22:23:29 solver.py:159 ] Epoch: [94/200][120/282] lr: 3.39e-04 | MSE loss: 5.8692e-03 | time: 0.057
I 06.07/22:23:30 solver.py:159 ] Epoch: [94/200][140/282] lr: 3.39e-04 | MSE loss: 5.9494e-03 | time: 0.056
I 06.07/22:23:32 solver.py:159 ] Epoch: [94/200][160/282] lr: 3.39e-04 | MSE loss: 6.1868e-03 | time: 0.056
I 06.07/22:23:33 solver.py:159 ] Epoch: [94/200][180/282] lr: 3.38e-04 | MSE loss: 6.0543e-03 | time: 0.056
I 06.07/22:23:34 solver.py:159 ] Epoch: [94/200][200/282] lr: 3.38e-04 | MSE loss: 6.0833e-03 | time: 0.056
I 06.07/22:23:35 solver.py:159 ] Epoch: [94/200][220/282] lr: 3.38e-04 | MSE loss: 6.0429e-03 | time: 0.056
I 06.07/22:23:36 solver.py:159 ] Epoch: [94/200][240/282] lr: 3.38e-04 | MSE loss: 6.0445e-03 | time: 0.056
I 06.07/22:23:37 solver.py:159 ] Epoch: [94/200][260/282] lr: 3.37e-04 | MSE loss: 5.9593e-03 | time: 0.057
I 06.07/22:23:38 solver.py:159 ] Epoch: [94/200][280/282] lr: 3.37e-04 | MSE loss: 5.9996e-03 | time: 0.056
I 06.07/22:23:39 solver.py:169 ] => Train  Loss: 5.9750e-03

I 06.07/22:23:40 solver.py:405 ] [20/32] loss: 7.1851e-03 | NMSE: -1.8039e+01 | time: 0.051
I 06.07/22:23:40 solver.py:413 ] => Test NMSE: -1.8944e+01

I 06.07/22:23:40 solver.py:345 ] => LoRA monitor [epoch=94] | trainable=33792/33792 | non_lora_trainable=0 | lora_l2=1.158001e+01 | lora_A_l2=1.021736e+01 | lora_B_l2=5.449957e+00 | component_l2=encoder:1.158001e+01 | lora_abs_max=9.003110e-01 | delta_l2=1.160459e+01 | delta_rel=5.005789e+00 | train_loss=5.974958e-03 | test_loss=6.376802e-03 | nmse=-1.894367e+01
I 06.07/22:23:40 solver.py:224 ] 
=! Best NMSE: -1.8951e+01 (epoch=88)

I 06.07/22:23:41 solver.py:159 ] Epoch: [95/200][20/282] lr: 3.37e-04 | MSE loss: 5.8421e-03 | time: 0.051
I 06.07/22:23:42 solver.py:159 ] Epoch: [95/200][40/282] lr: 3.36e-04 | MSE loss: 6.1388e-03 | time: 0.055
I 06.07/22:23:43 solver.py:159 ] Epoch: [95/200][60/282] lr: 3.36e-04 | MSE loss: 6.2541e-03 | time: 0.055
I 06.07/22:23:45 solver.py:159 ] Epoch: [95/200][80/282] lr: 3.36e-04 | MSE loss: 6.3844e-03 | time: 0.055
I 06.07/22:23:46 solver.py:159 ] Epoch: [95/200][100/282] lr: 3.36e-04 | MSE loss: 6.3033e-03 | time: 0.055
I 06.07/22:23:47 solver.py:159 ] Epoch: [95/200][120/282] lr: 3.35e-04 | MSE loss: 6.1688e-03 | time: 0.056
I 06.07/22:23:48 solver.py:159 ] Epoch: [95/200][140/282] lr: 3.35e-04 | MSE loss: 5.8718e-03 | time: 0.055
I 06.07/22:23:49 solver.py:159 ] Epoch: [95/200][160/282] lr: 3.35e-04 | MSE loss: 5.9602e-03 | time: 0.055
I 06.07/22:23:50 solver.py:159 ] Epoch: [95/200][180/282] lr: 3.35e-04 | MSE loss: 5.8718e-03 | time: 0.055
I 06.07/22:23:51 solver.py:159 ] Epoch: [95/200][200/282] lr: 3.34e-04 | MSE loss: 5.8997e-03 | time: 0.055
I 06.07/22:23:52 solver.py:159 ] Epoch: [95/200][220/282] lr: 3.34e-04 | MSE loss: 5.9388e-03 | time: 0.055
I 06.07/22:23:53 solver.py:159 ] Epoch: [95/200][240/282] lr: 3.34e-04 | MSE loss: 5.9711e-03 | time: 0.055
I 06.07/22:23:55 solver.py:159 ] Epoch: [95/200][260/282] lr: 3.34e-04 | MSE loss: 6.0041e-03 | time: 0.055
I 06.07/22:23:56 solver.py:159 ] Epoch: [95/200][280/282] lr: 3.33e-04 | MSE loss: 5.9915e-03 | time: 0.055
I 06.07/22:23:56 solver.py:169 ] => Train  Loss: 5.9864e-03

I 06.07/22:23:57 solver.py:405 ] [20/32] loss: 7.1888e-03 | NMSE: -1.8035e+01 | time: 0.053
I 06.07/22:23:58 solver.py:413 ] => Test NMSE: -1.8947e+01

I 06.07/22:23:58 solver.py:345 ] => LoRA monitor [epoch=95] | trainable=33792/33792 | non_lora_trainable=0 | lora_l2=1.161199e+01 | lora_A_l2=1.024291e+01 | lora_B_l2=5.470018e+00 | component_l2=encoder:1.161199e+01 | lora_abs_max=9.036995e-01 | delta_l2=1.163710e+01 | delta_rel=5.019811e+00 | train_loss=5.986401e-03 | test_loss=6.372559e-03 | nmse=-1.894656e+01
I 06.07/22:23:58 solver.py:224 ] 
=! Best NMSE: -1.8951e+01 (epoch=88)

I 06.07/22:23:59 solver.py:159 ] Epoch: [96/200][20/282] lr: 3.33e-04 | MSE loss: 7.8644e-03 | time: 0.059
I 06.07/22:24:00 solver.py:159 ] Epoch: [96/200][40/282] lr: 3.33e-04 | MSE loss: 7.0038e-03 | time: 0.058
I 06.07/22:24:02 solver.py:159 ] Epoch: [96/200][60/282] lr: 3.32e-04 | MSE loss: 6.8032e-03 | time: 0.069
I 06.07/22:24:04 solver.py:159 ] Epoch: [96/200][80/282] lr: 3.32e-04 | MSE loss: 6.4302e-03 | time: 0.082
I 06.07/22:24:06 solver.py:159 ] Epoch: [96/200][100/282] lr: 3.32e-04 | MSE loss: 6.4310e-03 | time: 0.080
I 06.07/22:24:07 solver.py:159 ] Epoch: [96/200][120/282] lr: 3.32e-04 | MSE loss: 6.2977e-03 | time: 0.076
I 06.07/22:24:08 solver.py:159 ] Epoch: [96/200][140/282] lr: 3.31e-04 | MSE loss: 6.3661e-03 | time: 0.073
I 06.07/22:24:09 solver.py:159 ] Epoch: [96/200][160/282] lr: 3.31e-04 | MSE loss: 6.1449e-03 | time: 0.071
I 06.07/22:24:10 solver.py:159 ] Epoch: [96/200][180/282] lr: 3.31e-04 | MSE loss: 6.0141e-03 | time: 0.070
I 06.07/22:24:11 solver.py:159 ] Epoch: [96/200][200/282] lr: 3.31e-04 | MSE loss: 6.0345e-03 | time: 0.069
I 06.07/22:24:12 solver.py:159 ] Epoch: [96/200][220/282] lr: 3.30e-04 | MSE loss: 5.9088e-03 | time: 0.068
I 06.07/22:24:14 solver.py:159 ] Epoch: [96/200][240/282] lr: 3.30e-04 | MSE loss: 6.0069e-03 | time: 0.067
I 06.07/22:24:15 solver.py:159 ] Epoch: [96/200][260/282] lr: 3.30e-04 | MSE loss: 6.0047e-03 | time: 0.066
I 06.07/22:24:16 solver.py:159 ] Epoch: [96/200][280/282] lr: 3.29e-04 | MSE loss: 5.9744e-03 | time: 0.065
I 06.07/22:24:16 solver.py:169 ] => Train  Loss: 5.9742e-03

I 06.07/22:24:17 solver.py:405 ] [20/32] loss: 7.1723e-03 | NMSE: -1.8048e+01 | time: 0.047
I 06.07/22:24:17 solver.py:413 ] => Test NMSE: -1.8953e+01

I 06.07/22:24:17 solver.py:345 ] => LoRA monitor [epoch=96] | trainable=33792/33792 | non_lora_trainable=0 | lora_l2=1.165001e+01 | lora_A_l2=1.027311e+01 | lora_B_l2=5.494178e+00 | component_l2=encoder:1.165001e+01 | lora_abs_max=9.079610e-01 | delta_l2=1.167523e+01 | delta_rel=5.036261e+00 | train_loss=5.974165e-03 | test_loss=6.362599e-03 | nmse=-1.895335e+01
I 06.07/22:24:18 solver.py:224 ] 
=! Best NMSE: -1.8953e+01 (epoch=96)

I 06.07/22:24:19 solver.py:159 ] Epoch: [97/200][20/282] lr: 3.29e-04 | MSE loss: 7.3798e-03 | time: 0.064
I 06.07/22:24:20 solver.py:159 ] Epoch: [97/200][40/282] lr: 3.29e-04 | MSE loss: 6.8722e-03 | time: 0.061
I 06.07/22:24:22 solver.py:159 ] Epoch: [97/200][60/282] lr: 3.29e-04 | MSE loss: 6.3192e-03 | time: 0.061
I 06.07/22:24:23 solver.py:159 ] Epoch: [97/200][80/282] lr: 3.28e-04 | MSE loss: 6.0239e-03 | time: 0.060
I 06.07/22:24:24 solver.py:159 ] Epoch: [97/200][100/282] lr: 3.28e-04 | MSE loss: 5.8457e-03 | time: 0.059
I 06.07/22:24:25 solver.py:159 ] Epoch: [97/200][120/282] lr: 3.28e-04 | MSE loss: 5.9672e-03 | time: 0.058
I 06.07/22:24:26 solver.py:159 ] Epoch: [97/200][140/282] lr: 3.28e-04 | MSE loss: 6.0496e-03 | time: 0.058
I 06.07/22:24:27 solver.py:159 ] Epoch: [97/200][160/282] lr: 3.27e-04 | MSE loss: 5.9354e-03 | time: 0.057
I 06.07/22:24:28 solver.py:159 ] Epoch: [97/200][180/282] lr: 3.27e-04 | MSE loss: 5.8351e-03 | time: 0.057
I 06.07/22:24:29 solver.py:159 ] Epoch: [97/200][200/282] lr: 3.27e-04 | MSE loss: 6.0153e-03 | time: 0.056
I 06.07/22:24:30 solver.py:159 ] Epoch: [97/200][220/282] lr: 3.26e-04 | MSE loss: 6.0772e-03 | time: 0.057
I 06.07/22:24:31 solver.py:159 ] Epoch: [97/200][240/282] lr: 3.26e-04 | MSE loss: 6.0926e-03 | time: 0.057
I 06.07/22:24:33 solver.py:159 ] Epoch: [97/200][260/282] lr: 3.26e-04 | MSE loss: 6.0636e-03 | time: 0.056
I 06.07/22:24:34 solver.py:159 ] Epoch: [97/200][280/282] lr: 3.26e-04 | MSE loss: 5.9836e-03 | time: 0.057
I 06.07/22:24:34 solver.py:169 ] => Train  Loss: 5.9791e-03

I 06.07/22:24:35 solver.py:405 ] [20/32] loss: 7.1620e-03 | NMSE: -1.8052e+01 | time: 0.053
I 06.07/22:24:36 solver.py:413 ] => Test NMSE: -1.8958e+01

I 06.07/22:24:36 solver.py:345 ] => LoRA monitor [epoch=97] | trainable=33792/33792 | non_lora_trainable=0 | lora_l2=1.168103e+01 | lora_A_l2=1.029802e+01 | lora_B_l2=5.513374e+00 | component_l2=encoder:1.168103e+01 | lora_abs_max=9.097258e-01 | delta_l2=1.170654e+01 | delta_rel=5.049767e+00 | train_loss=5.979056e-03 | test_loss=6.355844e-03 | nmse=-1.895797e+01
I 06.07/22:24:36 solver.py:224 ] 
=! Best NMSE: -1.8958e+01 (epoch=97)

I 06.07/22:24:37 solver.py:159 ] Epoch: [98/200][20/282] lr: 3.25e-04 | MSE loss: 5.6728e-03 | time: 0.058
I 06.07/22:24:38 solver.py:159 ] Epoch: [98/200][40/282] lr: 3.25e-04 | MSE loss: 6.1700e-03 | time: 0.058
I 06.07/22:24:39 solver.py:159 ] Epoch: [98/200][60/282] lr: 3.25e-04 | MSE loss: 5.9806e-03 | time: 0.059
I 06.07/22:24:41 solver.py:159 ] Epoch: [98/200][80/282] lr: 3.25e-04 | MSE loss: 6.3397e-03 | time: 0.059
I 06.07/22:24:42 solver.py:159 ] Epoch: [98/200][100/282] lr: 3.24e-04 | MSE loss: 6.2583e-03 | time: 0.058
I 06.07/22:24:43 solver.py:159 ] Epoch: [98/200][120/282] lr: 3.24e-04 | MSE loss: 6.3308e-03 | time: 0.057
I 06.07/22:24:44 solver.py:159 ] Epoch: [98/200][140/282] lr: 3.24e-04 | MSE loss: 6.4121e-03 | time: 0.057
I 06.07/22:24:45 solver.py:159 ] Epoch: [98/200][160/282] lr: 3.23e-04 | MSE loss: 6.3312e-03 | time: 0.056
I 06.07/22:24:46 solver.py:159 ] Epoch: [98/200][180/282] lr: 3.23e-04 | MSE loss: 6.2533e-03 | time: 0.056
I 06.07/22:24:47 solver.py:159 ] Epoch: [98/200][200/282] lr: 3.23e-04 | MSE loss: 6.1814e-03 | time: 0.056
I 06.07/22:24:48 solver.py:159 ] Epoch: [98/200][220/282] lr: 3.23e-04 | MSE loss: 6.1106e-03 | time: 0.056
I 06.07/22:24:49 solver.py:159 ] Epoch: [98/200][240/282] lr: 3.22e-04 | MSE loss: 6.0313e-03 | time: 0.056
I 06.07/22:24:50 solver.py:159 ] Epoch: [98/200][260/282] lr: 3.22e-04 | MSE loss: 5.9997e-03 | time: 0.056
I 06.07/22:24:52 solver.py:159 ] Epoch: [98/200][280/282] lr: 3.22e-04 | MSE loss: 5.9865e-03 | time: 0.056
I 06.07/22:24:52 solver.py:169 ] => Train  Loss: 5.9722e-03

I 06.07/22:24:53 solver.py:405 ] [20/32] loss: 7.1642e-03 | NMSE: -1.8054e+01 | time: 0.050
I 06.07/22:24:53 solver.py:413 ] => Test NMSE: -1.8958e+01

I 06.07/22:24:53 solver.py:345 ] => LoRA monitor [epoch=98] | trainable=33792/33792 | non_lora_trainable=0 | lora_l2=1.171574e+01 | lora_A_l2=1.032582e+01 | lora_B_l2=5.534977e+00 | component_l2=encoder:1.171574e+01 | lora_abs_max=9.152134e-01 | delta_l2=1.174146e+01 | delta_rel=5.064827e+00 | train_loss=5.972164e-03 | test_loss=6.355718e-03 | nmse=-1.895805e+01
I 06.07/22:24:54 solver.py:224 ] 
=! Best NMSE: -1.8958e+01 (epoch=98)

I 06.07/22:24:55 solver.py:159 ] Epoch: [99/200][20/282] lr: 3.22e-04 | MSE loss: 6.7234e-03 | time: 0.057
I 06.07/22:24:56 solver.py:159 ] Epoch: [99/200][40/282] lr: 3.21e-04 | MSE loss: 6.8850e-03 | time: 0.059
I 06.07/22:24:57 solver.py:159 ] Epoch: [99/200][60/282] lr: 3.21e-04 | MSE loss: 6.3455e-03 | time: 0.058
I 06.07/22:24:58 solver.py:159 ] Epoch: [99/200][80/282] lr: 3.21e-04 | MSE loss: 6.2340e-03 | time: 0.057
I 06.07/22:24:59 solver.py:159 ] Epoch: [99/200][100/282] lr: 3.20e-04 | MSE loss: 6.1461e-03 | time: 0.057
I 06.07/22:25:01 solver.py:159 ] Epoch: [99/200][120/282] lr: 3.20e-04 | MSE loss: 6.1889e-03 | time: 0.061
I 06.07/22:25:03 solver.py:159 ] Epoch: [99/200][140/282] lr: 3.20e-04 | MSE loss: 6.2686e-03 | time: 0.068
I 06.07/22:25:05 solver.py:159 ] Epoch: [99/200][160/282] lr: 3.20e-04 | MSE loss: 6.2797e-03 | time: 0.070
I 06.07/22:25:06 solver.py:159 ] Epoch: [99/200][180/282] lr: 3.19e-04 | MSE loss: 6.0971e-03 | time: 0.069
I 06.07/22:25:07 solver.py:159 ] Epoch: [99/200][200/282] lr: 3.19e-04 | MSE loss: 6.0005e-03 | time: 0.067
I 06.07/22:25:08 solver.py:159 ] Epoch: [99/200][220/282] lr: 3.19e-04 | MSE loss: 6.1289e-03 | time: 0.066
I 06.07/22:25:09 solver.py:159 ] Epoch: [99/200][240/282] lr: 3.19e-04 | MSE loss: 6.1587e-03 | time: 0.065
I 06.07/22:25:10 solver.py:159 ] Epoch: [99/200][260/282] lr: 3.18e-04 | MSE loss: 6.0359e-03 | time: 0.064
I 06.07/22:25:12 solver.py:159 ] Epoch: [99/200][280/282] lr: 3.18e-04 | MSE loss: 5.9938e-03 | time: 0.064
I 06.07/22:25:12 solver.py:169 ] => Train  Loss: 5.9944e-03

I 06.07/22:25:13 solver.py:405 ] [20/32] loss: 7.1823e-03 | NMSE: -1.8043e+01 | time: 0.046
I 06.07/22:25:13 solver.py:413 ] => Test NMSE: -1.8939e+01

I 06.07/22:25:13 solver.py:345 ] => LoRA monitor [epoch=99] | trainable=33792/33792 | non_lora_trainable=0 | lora_l2=1.174622e+01 | lora_A_l2=1.035046e+01 | lora_B_l2=5.553539e+00 | component_l2=encoder:1.174622e+01 | lora_abs_max=9.169174e-01 | delta_l2=1.177217e+01 | delta_rel=5.078076e+00 | train_loss=5.994393e-03 | test_loss=6.384016e-03 | nmse=-1.893876e+01
I 06.07/22:25:13 solver.py:224 ] 
=! Best NMSE: -1.8958e+01 (epoch=98)

I 06.07/22:25:14 solver.py:159 ] Epoch: [100/200][20/282] lr: 3.18e-04 | MSE loss: 5.5139e-03 | time: 0.058
I 06.07/22:25:15 solver.py:159 ] Epoch: [100/200][40/282] lr: 3.17e-04 | MSE loss: 5.8620e-03 | time: 0.055
I 06.07/22:25:17 solver.py:159 ] Epoch: [100/200][60/282] lr: 3.17e-04 | MSE loss: 5.9118e-03 | time: 0.055
I 06.07/22:25:18 solver.py:159 ] Epoch: [100/200][80/282] lr: 3.17e-04 | MSE loss: 5.3503e-03 | time: 0.055
I 06.07/22:25:19 solver.py:159 ] Epoch: [100/200][100/282] lr: 3.17e-04 | MSE loss: 5.3209e-03 | time: 0.056
I 06.07/22:25:20 solver.py:159 ] Epoch: [100/200][120/282] lr: 3.16e-04 | MSE loss: 5.7426e-03 | time: 0.055
I 06.07/22:25:21 solver.py:159 ] Epoch: [100/200][140/282] lr: 3.16e-04 | MSE loss: 5.7241e-03 | time: 0.055
I 06.07/22:25:22 solver.py:159 ] Epoch: [100/200][160/282] lr: 3.16e-04 | MSE loss: 5.7111e-03 | time: 0.055
I 06.07/22:25:23 solver.py:159 ] Epoch: [100/200][180/282] lr: 3.15e-04 | MSE loss: 5.7703e-03 | time: 0.055
I 06.07/22:25:24 solver.py:159 ] Epoch: [100/200][200/282] lr: 3.15e-04 | MSE loss: 5.8366e-03 | time: 0.055
I 06.07/22:25:25 solver.py:159 ] Epoch: [100/200][220/282] lr: 3.15e-04 | MSE loss: 5.8655e-03 | time: 0.055
I 06.07/22:25:26 solver.py:159 ] Epoch: [100/200][240/282] lr: 3.15e-04 | MSE loss: 5.9256e-03 | time: 0.055
I 06.07/22:25:28 solver.py:159 ] Epoch: [100/200][260/282] lr: 3.14e-04 | MSE loss: 5.9733e-03 | time: 0.056
I 06.07/22:25:29 solver.py:159 ] Epoch: [100/200][280/282] lr: 3.14e-04 | MSE loss: 5.9889e-03 | time: 0.056
I 06.07/22:25:29 solver.py:169 ] => Train  Loss: 5.9707e-03

I 06.07/22:25:30 solver.py:159 ] Epoch: [100/200][20/32] lr: 3.14e-04 | MSE loss: 7.1821e-03 | time: 0.055
I 06.07/22:25:31 solver.py:169 ] => Val  Loss: 6.2863e-03

I 06.07/22:25:32 solver.py:405 ] [20/32] loss: 7.1821e-03 | NMSE: -1.8046e+01 | time: 0.053
I 06.07/22:25:33 solver.py:413 ] => Test NMSE: -1.8945e+01

I 06.07/22:25:33 solver.py:345 ] => LoRA monitor [epoch=100] | trainable=33792/33792 | non_lora_trainable=0 | lora_l2=1.177504e+01 | lora_A_l2=1.037279e+01 | lora_B_l2=5.572855e+00 | component_l2=encoder:1.177504e+01 | lora_abs_max=9.221857e-01 | delta_l2=1.180140e+01 | delta_rel=5.090686e+00 | train_loss=5.970744e-03 | val_loss=6.286252e-03 | test_loss=6.375425e-03 | nmse=-1.894461e+01
I 06.07/22:25:33 solver.py:224 ] 
=! Best NMSE: -1.8958e+01 (epoch=98)

I 06.07/22:25:34 solver.py:159 ] Epoch: [101/200][20/282] lr: 3.14e-04 | MSE loss: 5.4503e-03 | time: 0.061
I 06.07/22:25:35 solver.py:159 ] Epoch: [101/200][40/282] lr: 3.14e-04 | MSE loss: 4.8639e-03 | time: 0.059
I 06.07/22:25:36 solver.py:159 ] Epoch: [101/200][60/282] lr: 3.13e-04 | MSE loss: 5.2866e-03 | time: 0.058
I 06.07/22:25:37 solver.py:159 ] Epoch: [101/200][80/282] lr: 3.13e-04 | MSE loss: 5.2840e-03 | time: 0.058
I 06.07/22:25:38 solver.py:159 ] Epoch: [101/200][100/282] lr: 3.13e-04 | MSE loss: 5.7749e-03 | time: 0.058
I 06.07/22:25:39 solver.py:159 ] Epoch: [101/200][120/282] lr: 3.12e-04 | MSE loss: 6.0118e-03 | time: 0.057
I 06.07/22:25:41 solver.py:159 ] Epoch: [101/200][140/282] lr: 3.12e-04 | MSE loss: 5.9287e-03 | time: 0.057
I 06.07/22:25:42 solver.py:159 ] Epoch: [101/200][160/282] lr: 3.12e-04 | MSE loss: 6.0802e-03 | time: 0.057
I 06.07/22:25:43 solver.py:159 ] Epoch: [101/200][180/282] lr: 3.12e-04 | MSE loss: 6.1465e-03 | time: 0.057
I 06.07/22:25:44 solver.py:159 ] Epoch: [101/200][200/282] lr: 3.11e-04 | MSE loss: 6.1530e-03 | time: 0.056
I 06.07/22:25:45 solver.py:159 ] Epoch: [101/200][220/282] lr: 3.11e-04 | MSE loss: 6.0886e-03 | time: 0.056
I 06.07/22:25:46 solver.py:159 ] Epoch: [101/200][240/282] lr: 3.11e-04 | MSE loss: 6.0965e-03 | time: 0.056
I 06.07/22:25:47 solver.py:159 ] Epoch: [101/200][260/282] lr: 3.11e-04 | MSE loss: 6.0437e-03 | time: 0.056
I 06.07/22:25:48 solver.py:159 ] Epoch: [101/200][280/282] lr: 3.10e-04 | MSE loss: 5.9833e-03 | time: 0.056
I 06.07/22:25:48 solver.py:169 ] => Train  Loss: 6.0077e-03

I 06.07/22:25:50 solver.py:405 ] [20/32] loss: 7.1771e-03 | NMSE: -1.8045e+01 | time: 0.055
I 06.07/22:25:50 solver.py:413 ] => Test NMSE: -1.8949e+01

I 06.07/22:25:50 solver.py:345 ] => LoRA monitor [epoch=101] | trainable=33792/33792 | non_lora_trainable=0 | lora_l2=1.180768e+01 | lora_A_l2=1.040022e+01 | lora_B_l2=5.590775e+00 | component_l2=encoder:1.180768e+01 | lora_abs_max=9.263725e-01 | delta_l2=1.183437e+01 | delta_rel=5.104907e+00 | train_loss=6.007705e-03 | test_loss=6.368718e-03 | nmse=-1.894918e+01
I 06.07/22:25:50 solver.py:224 ] 
=! Best NMSE: -1.8958e+01 (epoch=98)

I 06.07/22:25:51 solver.py:159 ] Epoch: [102/200][20/282] lr: 3.10e-04 | MSE loss: 4.2693e-03 | time: 0.057
I 06.07/22:25:53 solver.py:159 ] Epoch: [102/200][40/282] lr: 3.10e-04 | MSE loss: 4.9612e-03 | time: 0.057
I 06.07/22:25:54 solver.py:159 ] Epoch: [102/200][60/282] lr: 3.09e-04 | MSE loss: 5.2751e-03 | time: 0.058
I 06.07/22:25:55 solver.py:159 ] Epoch: [102/200][80/282] lr: 3.09e-04 | MSE loss: 5.1562e-03 | time: 0.058
I 06.07/22:25:56 solver.py:159 ] Epoch: [102/200][100/282] lr: 3.09e-04 | MSE loss: 5.5722e-03 | time: 0.057
I 06.07/22:25:57 solver.py:159 ] Epoch: [102/200][120/282] lr: 3.09e-04 | MSE loss: 5.7239e-03 | time: 0.058
I 06.07/22:25:58 solver.py:159 ] Epoch: [102/200][140/282] lr: 3.08e-04 | MSE loss: 5.8212e-03 | time: 0.058
I 06.07/22:26:00 solver.py:159 ] Epoch: [102/200][160/282] lr: 3.08e-04 | MSE loss: 5.7327e-03 | time: 0.058
I 06.07/22:26:01 solver.py:159 ] Epoch: [102/200][180/282] lr: 3.08e-04 | MSE loss: 5.9083e-03 | time: 0.061
I 06.07/22:26:04 solver.py:159 ] Epoch: [102/200][200/282] lr: 3.07e-04 | MSE loss: 5.9810e-03 | time: 0.067
I 06.07/22:26:05 solver.py:159 ] Epoch: [102/200][220/282] lr: 3.07e-04 | MSE loss: 5.8517e-03 | time: 0.068
I 06.07/22:26:07 solver.py:159 ] Epoch: [102/200][240/282] lr: 3.07e-04 | MSE loss: 5.8947e-03 | time: 0.068
I 06.07/22:26:08 solver.py:159 ] Epoch: [102/200][260/282] lr: 3.07e-04 | MSE loss: 5.9660e-03 | time: 0.067
I 06.07/22:26:09 solver.py:159 ] Epoch: [102/200][280/282] lr: 3.06e-04 | MSE loss: 5.9931e-03 | time: 0.066
I 06.07/22:26:09 solver.py:169 ] => Train  Loss: 5.9907e-03

I 06.07/22:26:10 solver.py:405 ] [20/32] loss: 7.1694e-03 | NMSE: -1.8054e+01 | time: 0.054
I 06.07/22:26:11 solver.py:413 ] => Test NMSE: -1.8951e+01

I 06.07/22:26:11 solver.py:345 ] => LoRA monitor [epoch=102] | trainable=33792/33792 | non_lora_trainable=0 | lora_l2=1.184004e+01 | lora_A_l2=1.042612e+01 | lora_B_l2=5.610934e+00 | component_l2=encoder:1.184004e+01 | lora_abs_max=9.325443e-01 | delta_l2=1.186678e+01 | delta_rel=5.118886e+00 | train_loss=5.990733e-03 | test_loss=6.365859e-03 | nmse=-1.895113e+01
I 06.07/22:26:11 solver.py:224 ] 
=! Best NMSE: -1.8958e+01 (epoch=98)

I 06.07/22:26:12 solver.py:159 ] Epoch: [103/200][20/282] lr: 3.06e-04 | MSE loss: 5.4487e-03 | time: 0.063
I 06.07/22:26:13 solver.py:159 ] Epoch: [103/200][40/282] lr: 3.06e-04 | MSE loss: 5.4884e-03 | time: 0.060
I 06.07/22:26:14 solver.py:159 ] Epoch: [103/200][60/282] lr: 3.05e-04 | MSE loss: 5.5795e-03 | time: 0.059
I 06.07/22:26:16 solver.py:159 ] Epoch: [103/200][80/282] lr: 3.05e-04 | MSE loss: 5.6000e-03 | time: 0.059
I 06.07/22:26:17 solver.py:159 ] Epoch: [103/200][100/282] lr: 3.05e-04 | MSE loss: 5.6072e-03 | time: 0.060
I 06.07/22:26:18 solver.py:159 ] Epoch: [103/200][120/282] lr: 3.05e-04 | MSE loss: 5.7494e-03 | time: 0.059
I 06.07/22:26:19 solver.py:159 ] Epoch: [103/200][140/282] lr: 3.04e-04 | MSE loss: 5.8704e-03 | time: 0.059
I 06.07/22:26:20 solver.py:159 ] Epoch: [103/200][160/282] lr: 3.04e-04 | MSE loss: 5.8211e-03 | time: 0.059
I 06.07/22:26:21 solver.py:159 ] Epoch: [103/200][180/282] lr: 3.04e-04 | MSE loss: 5.8766e-03 | time: 0.059
I 06.07/22:26:23 solver.py:159 ] Epoch: [103/200][200/282] lr: 3.04e-04 | MSE loss: 5.8704e-03 | time: 0.059
I 06.07/22:26:24 solver.py:159 ] Epoch: [103/200][220/282] lr: 3.03e-04 | MSE loss: 5.8765e-03 | time: 0.059
I 06.07/22:26:25 solver.py:159 ] Epoch: [103/200][240/282] lr: 3.03e-04 | MSE loss: 5.9384e-03 | time: 0.059
I 06.07/22:26:26 solver.py:159 ] Epoch: [103/200][260/282] lr: 3.03e-04 | MSE loss: 6.0034e-03 | time: 0.059
I 06.07/22:26:27 solver.py:159 ] Epoch: [103/200][280/282] lr: 3.02e-04 | MSE loss: 5.9694e-03 | time: 0.059
I 06.07/22:26:27 solver.py:169 ] => Train  Loss: 5.9679e-03

I 06.07/22:26:29 solver.py:405 ] [20/32] loss: 7.1651e-03 | NMSE: -1.8056e+01 | time: 0.051
I 06.07/22:26:29 solver.py:413 ] => Test NMSE: -1.8954e+01

I 06.07/22:26:29 solver.py:345 ] => LoRA monitor [epoch=103] | trainable=33792/33792 | non_lora_trainable=0 | lora_l2=1.186549e+01 | lora_A_l2=1.044715e+01 | lora_B_l2=5.625563e+00 | component_l2=encoder:1.186549e+01 | lora_abs_max=9.359413e-01 | delta_l2=1.189249e+01 | delta_rel=5.129978e+00 | train_loss=5.967913e-03 | test_loss=6.361966e-03 | nmse=-1.895379e+01
I 06.07/22:26:29 solver.py:224 ] 
=! Best NMSE: -1.8958e+01 (epoch=98)

I 06.07/22:26:30 solver.py:159 ] Epoch: [104/200][20/282] lr: 3.02e-04 | MSE loss: 5.7404e-03 | time: 0.062
I 06.07/22:26:32 solver.py:159 ] Epoch: [104/200][40/282] lr: 3.02e-04 | MSE loss: 6.2845e-03 | time: 0.062
I 06.07/22:26:33 solver.py:159 ] Epoch: [104/200][60/282] lr: 3.02e-04 | MSE loss: 6.0892e-03 | time: 0.060
I 06.07/22:26:34 solver.py:159 ] Epoch: [104/200][80/282] lr: 3.01e-04 | MSE loss: 6.0682e-03 | time: 0.059
I 06.07/22:26:35 solver.py:159 ] Epoch: [104/200][100/282] lr: 3.01e-04 | MSE loss: 6.1856e-03 | time: 0.059
I 06.07/22:26:36 solver.py:159 ] Epoch: [104/200][120/282] lr: 3.01e-04 | MSE loss: 6.0311e-03 | time: 0.059
I 06.07/22:26:37 solver.py:159 ] Epoch: [104/200][140/282] lr: 3.00e-04 | MSE loss: 6.1693e-03 | time: 0.058
I 06.07/22:26:38 solver.py:159 ] Epoch: [104/200][160/282] lr: 3.00e-04 | MSE loss: 6.1094e-03 | time: 0.058
I 06.07/22:26:40 solver.py:159 ] Epoch: [104/200][180/282] lr: 3.00e-04 | MSE loss: 5.8880e-03 | time: 0.058
I 06.07/22:26:41 solver.py:159 ] Epoch: [104/200][200/282] lr: 3.00e-04 | MSE loss: 5.9006e-03 | time: 0.058
I 06.07/22:26:42 solver.py:159 ] Epoch: [104/200][220/282] lr: 2.99e-04 | MSE loss: 5.9880e-03 | time: 0.058
I 06.07/22:26:43 solver.py:159 ] Epoch: [104/200][240/282] lr: 2.99e-04 | MSE loss: 5.9990e-03 | time: 0.058
I 06.07/22:26:44 solver.py:159 ] Epoch: [104/200][260/282] lr: 2.99e-04 | MSE loss: 5.9972e-03 | time: 0.058
I 06.07/22:26:45 solver.py:159 ] Epoch: [104/200][280/282] lr: 2.99e-04 | MSE loss: 5.9782e-03 | time: 0.058
I 06.07/22:26:46 solver.py:169 ] => Train  Loss: 6.0130e-03

I 06.07/22:26:47 solver.py:405 ] [20/32] loss: 7.1945e-03 | NMSE: -1.8035e+01 | time: 0.050
I 06.07/22:26:47 solver.py:413 ] => Test NMSE: -1.8941e+01

I 06.07/22:26:47 solver.py:345 ] => LoRA monitor [epoch=104] | trainable=33792/33792 | non_lora_trainable=0 | lora_l2=1.189166e+01 | lora_A_l2=1.046777e+01 | lora_B_l2=5.642465e+00 | component_l2=encoder:1.189166e+01 | lora_abs_max=9.381665e-01 | delta_l2=1.191905e+01 | delta_rel=5.141433e+00 | train_loss=6.012954e-03 | test_loss=6.380392e-03 | nmse=-1.894123e+01
I 06.07/22:26:47 solver.py:224 ] 
=! Best NMSE: -1.8958e+01 (epoch=98)

I 06.07/22:26:48 solver.py:159 ] Epoch: [105/200][20/282] lr: 2.98e-04 | MSE loss: 7.9174e-03 | time: 0.058
I 06.07/22:26:50 solver.py:159 ] Epoch: [105/200][40/282] lr: 2.98e-04 | MSE loss: 7.0372e-03 | time: 0.057
I 06.07/22:26:51 solver.py:159 ] Epoch: [105/200][60/282] lr: 2.98e-04 | MSE loss: 6.7427e-03 | time: 0.057
I 06.07/22:26:52 solver.py:159 ] Epoch: [105/200][80/282] lr: 2.97e-04 | MSE loss: 6.3950e-03 | time: 0.057
I 06.07/22:26:53 solver.py:159 ] Epoch: [105/200][100/282] lr: 2.97e-04 | MSE loss: 5.9125e-03 | time: 0.057
I 06.07/22:26:54 solver.py:159 ] Epoch: [105/200][120/282] lr: 2.97e-04 | MSE loss: 5.8660e-03 | time: 0.057
I 06.07/22:26:55 solver.py:159 ] Epoch: [105/200][140/282] lr: 2.97e-04 | MSE loss: 5.9659e-03 | time: 0.057
I 06.07/22:26:56 solver.py:159 ] Epoch: [105/200][160/282] lr: 2.96e-04 | MSE loss: 5.9398e-03 | time: 0.057
I 06.07/22:26:58 solver.py:159 ] Epoch: [105/200][180/282] lr: 2.96e-04 | MSE loss: 5.8451e-03 | time: 0.057
I 06.07/22:26:59 solver.py:159 ] Epoch: [105/200][200/282] lr: 2.96e-04 | MSE loss: 5.9694e-03 | time: 0.057
I 06.07/22:27:00 solver.py:159 ] Epoch: [105/200][220/282] lr: 2.95e-04 | MSE loss: 6.0762e-03 | time: 0.057
I 06.07/22:27:02 solver.py:159 ] Epoch: [105/200][240/282] lr: 2.95e-04 | MSE loss: 6.0498e-03 | time: 0.060
I 06.07/22:27:04 solver.py:159 ] Epoch: [105/200][260/282] lr: 2.95e-04 | MSE loss: 6.0245e-03 | time: 0.063
I 06.07/22:27:05 solver.py:159 ] Epoch: [105/200][280/282] lr: 2.95e-04 | MSE loss: 5.9932e-03 | time: 0.064
I 06.07/22:27:05 solver.py:169 ] => Train  Loss: 5.9669e-03

I 06.07/22:27:06 solver.py:405 ] [20/32] loss: 7.1788e-03 | NMSE: -1.8044e+01 | time: 0.047
I 06.07/22:27:07 solver.py:413 ] => Test NMSE: -1.8946e+01

I 06.07/22:27:07 solver.py:345 ] => LoRA monitor [epoch=105] | trainable=33792/33792 | non_lora_trainable=0 | lora_l2=1.192355e+01 | lora_A_l2=1.049318e+01 | lora_B_l2=5.662544e+00 | component_l2=encoder:1.192355e+01 | lora_abs_max=9.417301e-01 | delta_l2=1.195098e+01 | delta_rel=5.155208e+00 | train_loss=5.966889e-03 | test_loss=6.372818e-03 | nmse=-1.894638e+01
I 06.07/22:27:07 solver.py:224 ] 
=! Best NMSE: -1.8958e+01 (epoch=98)

I 06.07/22:27:08 solver.py:159 ] Epoch: [106/200][20/282] lr: 2.94e-04 | MSE loss: 4.7593e-03 | time: 0.061
I 06.07/22:27:09 solver.py:159 ] Epoch: [106/200][40/282] lr: 2.94e-04 | MSE loss: 5.6226e-03 | time: 0.056
I 06.07/22:27:10 solver.py:159 ] Epoch: [106/200][60/282] lr: 2.94e-04 | MSE loss: 5.5894e-03 | time: 0.056
I 06.07/22:27:11 solver.py:159 ] Epoch: [106/200][80/282] lr: 2.94e-04 | MSE loss: 5.5069e-03 | time: 0.056
I 06.07/22:27:12 solver.py:159 ] Epoch: [106/200][100/282] lr: 2.93e-04 | MSE loss: 5.7834e-03 | time: 0.056
I 06.07/22:27:13 solver.py:159 ] Epoch: [106/200][120/282] lr: 2.93e-04 | MSE loss: 6.0773e-03 | time: 0.056
I 06.07/22:27:15 solver.py:159 ] Epoch: [106/200][140/282] lr: 2.93e-04 | MSE loss: 5.8513e-03 | time: 0.056
I 06.07/22:27:16 solver.py:159 ] Epoch: [106/200][160/282] lr: 2.92e-04 | MSE loss: 5.9584e-03 | time: 0.055
I 06.07/22:27:17 solver.py:159 ] Epoch: [106/200][180/282] lr: 2.92e-04 | MSE loss: 5.9924e-03 | time: 0.055
I 06.07/22:27:18 solver.py:159 ] Epoch: [106/200][200/282] lr: 2.92e-04 | MSE loss: 5.9131e-03 | time: 0.055
I 06.07/22:27:19 solver.py:159 ] Epoch: [106/200][220/282] lr: 2.92e-04 | MSE loss: 5.9077e-03 | time: 0.055
I 06.07/22:27:20 solver.py:159 ] Epoch: [106/200][240/282] lr: 2.91e-04 | MSE loss: 5.9001e-03 | time: 0.055
I 06.07/22:27:21 solver.py:159 ] Epoch: [106/200][260/282] lr: 2.91e-04 | MSE loss: 5.8888e-03 | time: 0.055
I 06.07/22:27:22 solver.py:159 ] Epoch: [106/200][280/282] lr: 2.91e-04 | MSE loss: 5.9765e-03 | time: 0.055
I 06.07/22:27:22 solver.py:169 ] => Train  Loss: 5.9639e-03

I 06.07/22:27:23 solver.py:405 ] [20/32] loss: 7.1935e-03 | NMSE: -1.8039e+01 | time: 0.050
I 06.07/22:27:24 solver.py:413 ] => Test NMSE: -1.8936e+01

I 06.07/22:27:24 solver.py:345 ] => LoRA monitor [epoch=106] | trainable=33792/33792 | non_lora_trainable=0 | lora_l2=1.194546e+01 | lora_A_l2=1.051089e+01 | lora_B_l2=5.675857e+00 | component_l2=encoder:1.194546e+01 | lora_abs_max=9.457466e-01 | delta_l2=1.197314e+01 | delta_rel=5.164767e+00 | train_loss=5.963853e-03 | test_loss=6.387567e-03 | nmse=-1.893635e+01
I 06.07/22:27:24 solver.py:224 ] 
=! Best NMSE: -1.8958e+01 (epoch=98)

I 06.07/22:27:25 solver.py:159 ] Epoch: [107/200][20/282] lr: 2.90e-04 | MSE loss: 6.7020e-03 | time: 0.059
I 06.07/22:27:26 solver.py:159 ] Epoch: [107/200][40/282] lr: 2.90e-04 | MSE loss: 7.0416e-03 | time: 0.057
I 06.07/22:27:27 solver.py:159 ] Epoch: [107/200][60/282] lr: 2.90e-04 | MSE loss: 6.4355e-03 | time: 0.055
I 06.07/22:27:28 solver.py:159 ] Epoch: [107/200][80/282] lr: 2.90e-04 | MSE loss: 6.4070e-03 | time: 0.054
I 06.07/22:27:29 solver.py:159 ] Epoch: [107/200][100/282] lr: 2.89e-04 | MSE loss: 6.4776e-03 | time: 0.052
I 06.07/22:27:30 solver.py:159 ] Epoch: [107/200][120/282] lr: 2.89e-04 | MSE loss: 6.4400e-03 | time: 0.053
I 06.07/22:27:31 solver.py:159 ] Epoch: [107/200][140/282] lr: 2.89e-04 | MSE loss: 6.2424e-03 | time: 0.053
I 06.07/22:27:33 solver.py:159 ] Epoch: [107/200][160/282] lr: 2.88e-04 | MSE loss: 6.0273e-03 | time: 0.054
I 06.07/22:27:34 solver.py:159 ] Epoch: [107/200][180/282] lr: 2.88e-04 | MSE loss: 6.1465e-03 | time: 0.055
I 06.07/22:27:35 solver.py:159 ] Epoch: [107/200][200/282] lr: 2.88e-04 | MSE loss: 5.9867e-03 | time: 0.055
I 06.07/22:27:36 solver.py:159 ] Epoch: [107/200][220/282] lr: 2.88e-04 | MSE loss: 6.0334e-03 | time: 0.055
I 06.07/22:27:37 solver.py:159 ] Epoch: [107/200][240/282] lr: 2.87e-04 | MSE loss: 6.0206e-03 | time: 0.055
I 06.07/22:27:38 solver.py:159 ] Epoch: [107/200][260/282] lr: 2.87e-04 | MSE loss: 6.0920e-03 | time: 0.055
I 06.07/22:27:40 solver.py:159 ] Epoch: [107/200][280/282] lr: 2.87e-04 | MSE loss: 5.9653e-03 | time: 0.056
I 06.07/22:27:40 solver.py:169 ] => Train  Loss: 5.9624e-03

I 06.07/22:27:41 solver.py:405 ] [20/32] loss: 7.1598e-03 | NMSE: -1.8056e+01 | time: 0.050
I 06.07/22:27:41 solver.py:413 ] => Test NMSE: -1.8963e+01

I 06.07/22:27:41 solver.py:345 ] => LoRA monitor [epoch=107] | trainable=33792/33792 | non_lora_trainable=0 | lora_l2=1.197383e+01 | lora_A_l2=1.053528e+01 | lora_B_l2=5.690382e+00 | component_l2=encoder:1.197383e+01 | lora_abs_max=9.482811e-01 | delta_l2=1.200184e+01 | delta_rel=5.177146e+00 | train_loss=5.962402e-03 | test_loss=6.348800e-03 | nmse=-1.896278e+01
I 06.07/22:27:42 solver.py:224 ] 
=! Best NMSE: -1.8963e+01 (epoch=107)

I 06.07/22:27:43 solver.py:159 ] Epoch: [108/200][20/282] lr: 2.86e-04 | MSE loss: 5.3276e-03 | time: 0.061
I 06.07/22:27:44 solver.py:159 ] Epoch: [108/200][40/282] lr: 2.86e-04 | MSE loss: 5.2101e-03 | time: 0.057
I 06.07/22:27:45 solver.py:159 ] Epoch: [108/200][60/282] lr: 2.86e-04 | MSE loss: 5.4219e-03 | time: 0.056
I 06.07/22:27:46 solver.py:159 ] Epoch: [108/200][80/282] lr: 2.86e-04 | MSE loss: 5.5605e-03 | time: 0.056
I 06.07/22:27:47 solver.py:159 ] Epoch: [108/200][100/282] lr: 2.85e-04 | MSE loss: 5.4761e-03 | time: 0.056
I 06.07/22:27:48 solver.py:159 ] Epoch: [108/200][120/282] lr: 2.85e-04 | MSE loss: 5.6540e-03 | time: 0.055
I 06.07/22:27:50 solver.py:159 ] Epoch: [108/200][140/282] lr: 2.85e-04 | MSE loss: 5.8643e-03 | time: 0.055
I 06.07/22:27:51 solver.py:159 ] Epoch: [108/200][160/282] lr: 2.85e-04 | MSE loss: 5.9150e-03 | time: 0.055
I 06.07/22:27:52 solver.py:159 ] Epoch: [108/200][180/282] lr: 2.84e-04 | MSE loss: 5.9119e-03 | time: 0.055
I 06.07/22:27:53 solver.py:159 ] Epoch: [108/200][200/282] lr: 2.84e-04 | MSE loss: 6.0438e-03 | time: 0.055
I 06.07/22:27:54 solver.py:159 ] Epoch: [108/200][220/282] lr: 2.84e-04 | MSE loss: 5.9925e-03 | time: 0.055
I 06.07/22:27:55 solver.py:159 ] Epoch: [108/200][240/282] lr: 2.83e-04 | MSE loss: 5.9692e-03 | time: 0.055
I 06.07/22:27:56 solver.py:159 ] Epoch: [108/200][260/282] lr: 2.83e-04 | MSE loss: 5.9494e-03 | time: 0.055
I 06.07/22:27:57 solver.py:159 ] Epoch: [108/200][280/282] lr: 2.83e-04 | MSE loss: 5.9749e-03 | time: 0.055
I 06.07/22:27:57 solver.py:169 ] => Train  Loss: 5.9630e-03

I 06.07/22:27:59 solver.py:405 ] [20/32] loss: 7.1687e-03 | NMSE: -1.8051e+01 | time: 0.050
I 06.07/22:27:59 solver.py:413 ] => Test NMSE: -1.8950e+01

I 06.07/22:27:59 solver.py:345 ] => LoRA monitor [epoch=108] | trainable=33792/33792 | non_lora_trainable=0 | lora_l2=1.200139e+01 | lora_A_l2=1.055698e+01 | lora_B_l2=5.708192e+00 | component_l2=encoder:1.200139e+01 | lora_abs_max=9.498190e-01 | delta_l2=1.202937e+01 | delta_rel=5.189021e+00 | train_loss=5.963008e-03 | test_loss=6.367201e-03 | nmse=-1.895021e+01
I 06.07/22:27:59 solver.py:224 ] 
=! Best NMSE: -1.8963e+01 (epoch=107)

I 06.07/22:28:00 solver.py:159 ] Epoch: [109/200][20/282] lr: 2.83e-04 | MSE loss: 4.1456e-03 | time: 0.062
I 06.07/22:28:02 solver.py:159 ] Epoch: [109/200][40/282] lr: 2.82e-04 | MSE loss: 4.6333e-03 | time: 0.077
I 06.07/22:28:04 solver.py:159 ] Epoch: [109/200][60/282] lr: 2.82e-04 | MSE loss: 5.3443e-03 | time: 0.084
I 06.07/22:28:05 solver.py:159 ] Epoch: [109/200][80/282] lr: 2.82e-04 | MSE loss: 5.6201e-03 | time: 0.080
I 06.07/22:28:07 solver.py:159 ] Epoch: [109/200][100/282] lr: 2.81e-04 | MSE loss: 5.9439e-03 | time: 0.075
I 06.07/22:28:08 solver.py:159 ] Epoch: [109/200][120/282] lr: 2.81e-04 | MSE loss: 6.1677e-03 | time: 0.071
I 06.07/22:28:09 solver.py:159 ] Epoch: [109/200][140/282] lr: 2.81e-04 | MSE loss: 6.1347e-03 | time: 0.069
I 06.07/22:28:10 solver.py:159 ] Epoch: [109/200][160/282] lr: 2.81e-04 | MSE loss: 6.1720e-03 | time: 0.068
I 06.07/22:28:11 solver.py:159 ] Epoch: [109/200][180/282] lr: 2.80e-04 | MSE loss: 6.0852e-03 | time: 0.067
I 06.07/22:28:12 solver.py:159 ] Epoch: [109/200][200/282] lr: 2.80e-04 | MSE loss: 6.1052e-03 | time: 0.066
I 06.07/22:28:13 solver.py:159 ] Epoch: [109/200][220/282] lr: 2.80e-04 | MSE loss: 6.0803e-03 | time: 0.064
I 06.07/22:28:14 solver.py:159 ] Epoch: [109/200][240/282] lr: 2.80e-04 | MSE loss: 6.1090e-03 | time: 0.063
I 06.07/22:28:15 solver.py:159 ] Epoch: [109/200][260/282] lr: 2.79e-04 | MSE loss: 6.0638e-03 | time: 0.063
I 06.07/22:28:16 solver.py:159 ] Epoch: [109/200][280/282] lr: 2.79e-04 | MSE loss: 5.9761e-03 | time: 0.062
I 06.07/22:28:17 solver.py:169 ] => Train  Loss: 5.9905e-03

I 06.07/22:28:18 solver.py:405 ] [20/32] loss: 7.1548e-03 | NMSE: -1.8061e+01 | time: 0.052
I 06.07/22:28:18 solver.py:413 ] => Test NMSE: -1.8962e+01

I 06.07/22:28:18 solver.py:345 ] => LoRA monitor [epoch=109] | trainable=33792/33792 | non_lora_trainable=0 | lora_l2=1.202520e+01 | lora_A_l2=1.057716e+01 | lora_B_l2=5.720933e+00 | component_l2=encoder:1.202520e+01 | lora_abs_max=9.538529e-01 | delta_l2=1.205383e+01 | delta_rel=5.199572e+00 | train_loss=5.990520e-03 | test_loss=6.350119e-03 | nmse=-1.896188e+01
I 06.07/22:28:18 solver.py:224 ] 
=! Best NMSE: -1.8963e+01 (epoch=107)

I 06.07/22:28:19 solver.py:159 ] Epoch: [110/200][20/282] lr: 2.79e-04 | MSE loss: 5.7010e-03 | time: 0.058
I 06.07/22:28:21 solver.py:159 ] Epoch: [110/200][40/282] lr: 2.78e-04 | MSE loss: 5.7577e-03 | time: 0.058
I 06.07/22:28:22 solver.py:159 ] Epoch: [110/200][60/282] lr: 2.78e-04 | MSE loss: 5.3554e-03 | time: 0.057
I 06.07/22:28:23 solver.py:159 ] Epoch: [110/200][80/282] lr: 2.78e-04 | MSE loss: 5.7583e-03 | time: 0.057
I 06.07/22:28:24 solver.py:159 ] Epoch: [110/200][100/282] lr: 2.78e-04 | MSE loss: 5.7442e-03 | time: 0.057
I 06.07/22:28:25 solver.py:159 ] Epoch: [110/200][120/282] lr: 2.77e-04 | MSE loss: 5.7474e-03 | time: 0.056
I 06.07/22:28:26 solver.py:159 ] Epoch: [110/200][140/282] lr: 2.77e-04 | MSE loss: 5.8183e-03 | time: 0.056
I 06.07/22:28:27 solver.py:159 ] Epoch: [110/200][160/282] lr: 2.77e-04 | MSE loss: 5.7438e-03 | time: 0.056
I 06.07/22:28:28 solver.py:159 ] Epoch: [110/200][180/282] lr: 2.76e-04 | MSE loss: 5.9355e-03 | time: 0.056
I 06.07/22:28:29 solver.py:159 ] Epoch: [110/200][200/282] lr: 2.76e-04 | MSE loss: 6.0063e-03 | time: 0.056
I 06.07/22:28:30 solver.py:159 ] Epoch: [110/200][220/282] lr: 2.76e-04 | MSE loss: 6.0526e-03 | time: 0.056
I 06.07/22:28:32 solver.py:159 ] Epoch: [110/200][240/282] lr: 2.76e-04 | MSE loss: 5.9669e-03 | time: 0.056
I 06.07/22:28:33 solver.py:159 ] Epoch: [110/200][260/282] lr: 2.75e-04 | MSE loss: 5.9939e-03 | time: 0.056
I 06.07/22:28:34 solver.py:159 ] Epoch: [110/200][280/282] lr: 2.75e-04 | MSE loss: 5.9676e-03 | time: 0.056
I 06.07/22:28:34 solver.py:169 ] => Train  Loss: 5.9890e-03

I 06.07/22:28:35 solver.py:159 ] Epoch: [110/200][20/32] lr: 2.75e-04 | MSE loss: 7.1654e-03 | time: 0.046
I 06.07/22:28:36 solver.py:169 ] => Val  Loss: 6.2641e-03

I 06.07/22:28:37 solver.py:405 ] [20/32] loss: 7.1654e-03 | NMSE: -1.8055e+01 | time: 0.049
I 06.07/22:28:37 solver.py:413 ] => Test NMSE: -1.8959e+01

I 06.07/22:28:37 solver.py:345 ] => LoRA monitor [epoch=110] | trainable=33792/33792 | non_lora_trainable=0 | lora_l2=1.204987e+01 | lora_A_l2=1.059664e+01 | lora_B_l2=5.736760e+00 | component_l2=encoder:1.204987e+01 | lora_abs_max=9.587101e-01 | delta_l2=1.207842e+01 | delta_rel=5.210178e+00 | train_loss=5.988999e-03 | val_loss=6.264140e-03 | test_loss=6.354700e-03 | nmse=-1.895875e+01
I 06.07/22:28:37 solver.py:224 ] 
=! Best NMSE: -1.8963e+01 (epoch=107)

I 06.07/22:28:38 solver.py:159 ] Epoch: [111/200][20/282] lr: 2.75e-04 | MSE loss: 6.2063e-03 | time: 0.056
I 06.07/22:28:39 solver.py:159 ] Epoch: [111/200][40/282] lr: 2.74e-04 | MSE loss: 6.1123e-03 | time: 0.051
I 06.07/22:28:40 solver.py:159 ] Epoch: [111/200][60/282] lr: 2.74e-04 | MSE loss: 5.8066e-03 | time: 0.054
I 06.07/22:28:42 solver.py:159 ] Epoch: [111/200][80/282] lr: 2.74e-04 | MSE loss: 5.9594e-03 | time: 0.055
I 06.07/22:28:43 solver.py:159 ] Epoch: [111/200][100/282] lr: 2.74e-04 | MSE loss: 5.9344e-03 | time: 0.056
I 06.07/22:28:44 solver.py:159 ] Epoch: [111/200][120/282] lr: 2.73e-04 | MSE loss: 5.8360e-03 | time: 0.055
I 06.07/22:28:45 solver.py:159 ] Epoch: [111/200][140/282] lr: 2.73e-04 | MSE loss: 6.0265e-03 | time: 0.055
I 06.07/22:28:46 solver.py:159 ] Epoch: [111/200][160/282] lr: 2.73e-04 | MSE loss: 5.9698e-03 | time: 0.055
I 06.07/22:28:47 solver.py:159 ] Epoch: [111/200][180/282] lr: 2.72e-04 | MSE loss: 6.0552e-03 | time: 0.055
I 06.07/22:28:48 solver.py:159 ] Epoch: [111/200][200/282] lr: 2.72e-04 | MSE loss: 5.9334e-03 | time: 0.055
I 06.07/22:28:49 solver.py:159 ] Epoch: [111/200][220/282] lr: 2.72e-04 | MSE loss: 5.9807e-03 | time: 0.055
I 06.07/22:28:50 solver.py:159 ] Epoch: [111/200][240/282] lr: 2.72e-04 | MSE loss: 6.0722e-03 | time: 0.055
I 06.07/22:28:51 solver.py:159 ] Epoch: [111/200][260/282] lr: 2.71e-04 | MSE loss: 6.0226e-03 | time: 0.055
I 06.07/22:28:53 solver.py:159 ] Epoch: [111/200][280/282] lr: 2.71e-04 | MSE loss: 5.9765e-03 | time: 0.055
I 06.07/22:28:53 solver.py:169 ] => Train  Loss: 5.9925e-03

I 06.07/22:28:54 solver.py:405 ] [20/32] loss: 7.1959e-03 | NMSE: -1.8032e+01 | time: 0.047
I 06.07/22:28:54 solver.py:413 ] => Test NMSE: -1.8939e+01

I 06.07/22:28:54 solver.py:345 ] => LoRA monitor [epoch=111] | trainable=33792/33792 | non_lora_trainable=0 | lora_l2=1.207392e+01 | lora_A_l2=1.061681e+01 | lora_B_l2=5.750016e+00 | component_l2=encoder:1.207392e+01 | lora_abs_max=9.589334e-01 | delta_l2=1.210300e+01 | delta_rel=5.220783e+00 | train_loss=5.992467e-03 | test_loss=6.383623e-03 | nmse=-1.893903e+01
I 06.07/22:28:54 solver.py:224 ] 
=! Best NMSE: -1.8963e+01 (epoch=107)

I 06.07/22:28:55 solver.py:159 ] Epoch: [112/200][20/282] lr: 2.71e-04 | MSE loss: 6.3256e-03 | time: 0.054
I 06.07/22:28:56 solver.py:159 ] Epoch: [112/200][40/282] lr: 2.71e-04 | MSE loss: 6.5844e-03 | time: 0.056
I 06.07/22:28:58 solver.py:159 ] Epoch: [112/200][60/282] lr: 2.70e-04 | MSE loss: 6.3714e-03 | time: 0.055
I 06.07/22:28:59 solver.py:159 ] Epoch: [112/200][80/282] lr: 2.70e-04 | MSE loss: 6.5190e-03 | time: 0.056
I 06.07/22:29:00 solver.py:159 ] Epoch: [112/200][100/282] lr: 2.70e-04 | MSE loss: 6.5553e-03 | time: 0.057
I 06.07/22:29:02 solver.py:159 ] Epoch: [112/200][120/282] lr: 2.69e-04 | MSE loss: 6.3630e-03 | time: 0.062
I 06.07/22:29:04 solver.py:159 ] Epoch: [112/200][140/282] lr: 2.69e-04 | MSE loss: 6.2143e-03 | time: 0.067
I 06.07/22:29:05 solver.py:159 ] Epoch: [112/200][160/282] lr: 2.69e-04 | MSE loss: 6.0036e-03 | time: 0.068
I 06.07/22:29:06 solver.py:159 ] Epoch: [112/200][180/282] lr: 2.69e-04 | MSE loss: 6.0904e-03 | time: 0.066
I 06.07/22:29:07 solver.py:159 ] Epoch: [112/200][200/282] lr: 2.68e-04 | MSE loss: 6.1984e-03 | time: 0.065
I 06.07/22:29:08 solver.py:159 ] Epoch: [112/200][220/282] lr: 2.68e-04 | MSE loss: 6.0975e-03 | time: 0.064
I 06.07/22:29:09 solver.py:159 ] Epoch: [112/200][240/282] lr: 2.68e-04 | MSE loss: 6.1116e-03 | time: 0.063
I 06.07/22:29:10 solver.py:159 ] Epoch: [112/200][260/282] lr: 2.67e-04 | MSE loss: 6.0823e-03 | time: 0.062
I 06.07/22:29:12 solver.py:159 ] Epoch: [112/200][280/282] lr: 2.67e-04 | MSE loss: 5.9791e-03 | time: 0.062
I 06.07/22:29:12 solver.py:169 ] => Train  Loss: 5.9553e-03

I 06.07/22:29:13 solver.py:405 ] [20/32] loss: 7.1645e-03 | NMSE: -1.8051e+01 | time: 0.049
I 06.07/22:29:13 solver.py:413 ] => Test NMSE: -1.8955e+01

I 06.07/22:29:13 solver.py:345 ] => LoRA monitor [epoch=112] | trainable=33792/33792 | non_lora_trainable=0 | lora_l2=1.209705e+01 | lora_A_l2=1.063538e+01 | lora_B_l2=5.764301e+00 | component_l2=encoder:1.209705e+01 | lora_abs_max=9.609702e-01 | delta_l2=1.212589e+01 | delta_rel=5.230656e+00 | train_loss=5.955291e-03 | test_loss=6.360832e-03 | nmse=-1.895456e+01
I 06.07/22:29:13 solver.py:224 ] 
=! Best NMSE: -1.8963e+01 (epoch=107)

I 06.07/22:29:14 solver.py:159 ] Epoch: [113/200][20/282] lr: 2.67e-04 | MSE loss: 6.4512e-03 | time: 0.056
I 06.07/22:29:15 solver.py:159 ] Epoch: [113/200][40/282] lr: 2.67e-04 | MSE loss: 6.1726e-03 | time: 0.059
I 06.07/22:29:17 solver.py:159 ] Epoch: [113/200][60/282] lr: 2.66e-04 | MSE loss: 5.9135e-03 | time: 0.057
I 06.07/22:29:18 solver.py:159 ] Epoch: [113/200][80/282] lr: 2.66e-04 | MSE loss: 5.6123e-03 | time: 0.055
I 06.07/22:29:19 solver.py:159 ] Epoch: [113/200][100/282] lr: 2.66e-04 | MSE loss: 5.7021e-03 | time: 0.055
I 06.07/22:29:20 solver.py:159 ] Epoch: [113/200][120/282] lr: 2.65e-04 | MSE loss: 5.8131e-03 | time: 0.057
I 06.07/22:29:21 solver.py:159 ] Epoch: [113/200][140/282] lr: 2.65e-04 | MSE loss: 5.9978e-03 | time: 0.056
I 06.07/22:29:22 solver.py:159 ] Epoch: [113/200][160/282] lr: 2.65e-04 | MSE loss: 5.9650e-03 | time: 0.057
I 06.07/22:29:23 solver.py:159 ] Epoch: [113/200][180/282] lr: 2.65e-04 | MSE loss: 6.0159e-03 | time: 0.056
I 06.07/22:29:24 solver.py:159 ] Epoch: [113/200][200/282] lr: 2.64e-04 | MSE loss: 5.9237e-03 | time: 0.056
I 06.07/22:29:25 solver.py:159 ] Epoch: [113/200][220/282] lr: 2.64e-04 | MSE loss: 5.9685e-03 | time: 0.056
I 06.07/22:29:27 solver.py:159 ] Epoch: [113/200][240/282] lr: 2.64e-04 | MSE loss: 5.9582e-03 | time: 0.056
I 06.07/22:29:28 solver.py:159 ] Epoch: [113/200][260/282] lr: 2.64e-04 | MSE loss: 6.0126e-03 | time: 0.056
I 06.07/22:29:29 solver.py:159 ] Epoch: [113/200][280/282] lr: 2.63e-04 | MSE loss: 5.9594e-03 | time: 0.055
I 06.07/22:29:29 solver.py:169 ] => Train  Loss: 5.9525e-03

I 06.07/22:29:30 solver.py:405 ] [20/32] loss: 7.1478e-03 | NMSE: -1.8060e+01 | time: 0.051
I 06.07/22:29:30 solver.py:413 ] => Test NMSE: -1.8966e+01

I 06.07/22:29:30 solver.py:345 ] => LoRA monitor [epoch=113] | trainable=33792/33792 | non_lora_trainable=0 | lora_l2=1.212154e+01 | lora_A_l2=1.065529e+01 | lora_B_l2=5.778972e+00 | component_l2=encoder:1.212154e+01 | lora_abs_max=9.648122e-01 | delta_l2=1.215055e+01 | delta_rel=5.241293e+00 | train_loss=5.952536e-03 | test_loss=6.343952e-03 | nmse=-1.896610e+01
I 06.07/22:29:31 solver.py:224 ] 
=! Best NMSE: -1.8966e+01 (epoch=113)

I 06.07/22:29:32 solver.py:159 ] Epoch: [114/200][20/282] lr: 2.63e-04 | MSE loss: 6.0725e-03 | time: 0.054
I 06.07/22:29:33 solver.py:159 ] Epoch: [114/200][40/282] lr: 2.63e-04 | MSE loss: 5.5848e-03 | time: 0.053
I 06.07/22:29:34 solver.py:159 ] Epoch: [114/200][60/282] lr: 2.62e-04 | MSE loss: 5.7838e-03 | time: 0.054
I 06.07/22:29:35 solver.py:159 ] Epoch: [114/200][80/282] lr: 2.62e-04 | MSE loss: 5.8209e-03 | time: 0.055
I 06.07/22:29:36 solver.py:159 ] Epoch: [114/200][100/282] lr: 2.62e-04 | MSE loss: 5.6672e-03 | time: 0.055
I 06.07/22:29:37 solver.py:159 ] Epoch: [114/200][120/282] lr: 2.62e-04 | MSE loss: 5.7904e-03 | time: 0.055
I 06.07/22:29:39 solver.py:159 ] Epoch: [114/200][140/282] lr: 2.61e-04 | MSE loss: 5.6260e-03 | time: 0.055
I 06.07/22:29:40 solver.py:159 ] Epoch: [114/200][160/282] lr: 2.61e-04 | MSE loss: 5.8578e-03 | time: 0.055
I 06.07/22:29:41 solver.py:159 ] Epoch: [114/200][180/282] lr: 2.61e-04 | MSE loss: 5.7708e-03 | time: 0.055
I 06.07/22:29:42 solver.py:159 ] Epoch: [114/200][200/282] lr: 2.60e-04 | MSE loss: 5.8489e-03 | time: 0.055
I 06.07/22:29:43 solver.py:159 ] Epoch: [114/200][220/282] lr: 2.60e-04 | MSE loss: 5.8684e-03 | time: 0.055
I 06.07/22:29:44 solver.py:159 ] Epoch: [114/200][240/282] lr: 2.60e-04 | MSE loss: 6.0113e-03 | time: 0.055
I 06.07/22:29:45 solver.py:159 ] Epoch: [114/200][260/282] lr: 2.60e-04 | MSE loss: 5.8853e-03 | time: 0.055
I 06.07/22:29:46 solver.py:159 ] Epoch: [114/200][280/282] lr: 2.59e-04 | MSE loss: 5.9832e-03 | time: 0.055
I 06.07/22:29:46 solver.py:169 ] => Train  Loss: 5.9597e-03

I 06.07/22:29:48 solver.py:405 ] [20/32] loss: 7.1495e-03 | NMSE: -1.8059e+01 | time: 0.051
I 06.07/22:29:48 solver.py:413 ] => Test NMSE: -1.8965e+01

I 06.07/22:29:48 solver.py:345 ] => LoRA monitor [epoch=114] | trainable=33792/33792 | non_lora_trainable=0 | lora_l2=1.213931e+01 | lora_A_l2=1.066936e+01 | lora_B_l2=5.790304e+00 | component_l2=encoder:1.213931e+01 | lora_abs_max=9.682313e-01 | delta_l2=1.216858e+01 | delta_rel=5.249070e+00 | train_loss=5.959725e-03 | test_loss=6.346102e-03 | nmse=-1.896463e+01
I 06.07/22:29:48 solver.py:224 ] 
=! Best NMSE: -1.8966e+01 (epoch=113)

I 06.07/22:29:49 solver.py:159 ] Epoch: [115/200][20/282] lr: 2.59e-04 | MSE loss: 6.1745e-03 | time: 0.053
I 06.07/22:29:50 solver.py:159 ] Epoch: [115/200][40/282] lr: 2.59e-04 | MSE loss: 6.8105e-03 | time: 0.057
I 06.07/22:29:51 solver.py:159 ] Epoch: [115/200][60/282] lr: 2.58e-04 | MSE loss: 6.3736e-03 | time: 0.056
I 06.07/22:29:53 solver.py:159 ] Epoch: [115/200][80/282] lr: 2.58e-04 | MSE loss: 6.4292e-03 | time: 0.056
I 06.07/22:29:54 solver.py:159 ] Epoch: [115/200][100/282] lr: 2.58e-04 | MSE loss: 6.2663e-03 | time: 0.057
I 06.07/22:29:55 solver.py:159 ] Epoch: [115/200][120/282] lr: 2.58e-04 | MSE loss: 6.0969e-03 | time: 0.056
I 06.07/22:29:56 solver.py:159 ] Epoch: [115/200][140/282] lr: 2.57e-04 | MSE loss: 6.1544e-03 | time: 0.057
I 06.07/22:29:57 solver.py:159 ] Epoch: [115/200][160/282] lr: 2.57e-04 | MSE loss: 5.9012e-03 | time: 0.056
I 06.07/22:29:58 solver.py:159 ] Epoch: [115/200][180/282] lr: 2.57e-04 | MSE loss: 5.9111e-03 | time: 0.056
I 06.07/22:29:59 solver.py:159 ] Epoch: [115/200][200/282] lr: 2.57e-04 | MSE loss: 5.9847e-03 | time: 0.056
I 06.07/22:30:00 solver.py:159 ] Epoch: [115/200][220/282] lr: 2.56e-04 | MSE loss: 5.8824e-03 | time: 0.056
I 06.07/22:30:02 solver.py:159 ] Epoch: [115/200][240/282] lr: 2.56e-04 | MSE loss: 5.8226e-03 | time: 0.059
I 06.07/22:30:04 solver.py:159 ] Epoch: [115/200][260/282] lr: 2.56e-04 | MSE loss: 5.8621e-03 | time: 0.062
I 06.07/22:30:05 solver.py:159 ] Epoch: [115/200][280/282] lr: 2.55e-04 | MSE loss: 5.9703e-03 | time: 0.062
I 06.07/22:30:06 solver.py:169 ] => Train  Loss: 5.9623e-03

I 06.07/22:30:07 solver.py:405 ] [20/32] loss: 7.1494e-03 | NMSE: -1.8064e+01 | time: 0.048
I 06.07/22:30:07 solver.py:413 ] => Test NMSE: -1.8960e+01

I 06.07/22:30:07 solver.py:345 ] => LoRA monitor [epoch=115] | trainable=33792/33792 | non_lora_trainable=0 | lora_l2=1.216274e+01 | lora_A_l2=1.068892e+01 | lora_B_l2=5.803383e+00 | component_l2=encoder:1.216274e+01 | lora_abs_max=9.718805e-01 | delta_l2=1.219200e+01 | delta_rel=5.259176e+00 | train_loss=5.962342e-03 | test_loss=6.352694e-03 | nmse=-1.896012e+01
I 06.07/22:30:07 solver.py:224 ] 
=! Best NMSE: -1.8966e+01 (epoch=113)

I 06.07/22:30:08 solver.py:159 ] Epoch: [116/200][20/282] lr: 2.55e-04 | MSE loss: 6.1651e-03 | time: 0.058
I 06.07/22:30:09 solver.py:159 ] Epoch: [116/200][40/282] lr: 2.55e-04 | MSE loss: 6.6596e-03 | time: 0.056
I 06.07/22:30:11 solver.py:159 ] Epoch: [116/200][60/282] lr: 2.55e-04 | MSE loss: 6.8403e-03 | time: 0.056
I 06.07/22:30:12 solver.py:159 ] Epoch: [116/200][80/282] lr: 2.54e-04 | MSE loss: 6.4976e-03 | time: 0.056
I 06.07/22:30:13 solver.py:159 ] Epoch: [116/200][100/282] lr: 2.54e-04 | MSE loss: 6.2501e-03 | time: 0.056
I 06.07/22:30:14 solver.py:159 ] Epoch: [116/200][120/282] lr: 2.54e-04 | MSE loss: 6.4310e-03 | time: 0.056
I 06.07/22:30:15 solver.py:159 ] Epoch: [116/200][140/282] lr: 2.53e-04 | MSE loss: 6.3483e-03 | time: 0.056
I 06.07/22:30:16 solver.py:159 ] Epoch: [116/200][160/282] lr: 2.53e-04 | MSE loss: 6.2366e-03 | time: 0.055
I 06.07/22:30:17 solver.py:159 ] Epoch: [116/200][180/282] lr: 2.53e-04 | MSE loss: 6.1279e-03 | time: 0.056
I 06.07/22:30:18 solver.py:159 ] Epoch: [116/200][200/282] lr: 2.53e-04 | MSE loss: 6.0499e-03 | time: 0.056
I 06.07/22:30:19 solver.py:159 ] Epoch: [116/200][220/282] lr: 2.52e-04 | MSE loss: 6.1118e-03 | time: 0.056
I 06.07/22:30:21 solver.py:159 ] Epoch: [116/200][240/282] lr: 2.52e-04 | MSE loss: 6.0510e-03 | time: 0.056
I 06.07/22:30:22 solver.py:159 ] Epoch: [116/200][260/282] lr: 2.52e-04 | MSE loss: 5.9703e-03 | time: 0.056
I 06.07/22:30:23 solver.py:159 ] Epoch: [116/200][280/282] lr: 2.52e-04 | MSE loss: 5.9597e-03 | time: 0.056
I 06.07/22:30:23 solver.py:169 ] => Train  Loss: 5.9526e-03

I 06.07/22:30:24 solver.py:405 ] [20/32] loss: 7.1490e-03 | NMSE: -1.8061e+01 | time: 0.048
I 06.07/22:30:25 solver.py:413 ] => Test NMSE: -1.8967e+01

I 06.07/22:30:25 solver.py:345 ] => LoRA monitor [epoch=116] | trainable=33792/33792 | non_lora_trainable=0 | lora_l2=1.218271e+01 | lora_A_l2=1.070552e+01 | lora_B_l2=5.814658e+00 | component_l2=encoder:1.218271e+01 | lora_abs_max=9.729052e-01 | delta_l2=1.221242e+01 | delta_rel=5.267983e+00 | train_loss=5.952572e-03 | test_loss=6.342825e-03 | nmse=-1.896687e+01
I 06.07/22:30:25 solver.py:224 ] 
=! Best NMSE: -1.8967e+01 (epoch=116)

I 06.07/22:30:26 solver.py:159 ] Epoch: [117/200][20/282] lr: 2.51e-04 | MSE loss: 6.5769e-03 | time: 0.060
I 06.07/22:30:27 solver.py:159 ] Epoch: [117/200][40/282] lr: 2.51e-04 | MSE loss: 6.2896e-03 | time: 0.058
I 06.07/22:30:29 solver.py:159 ] Epoch: [117/200][60/282] lr: 2.51e-04 | MSE loss: 6.0355e-03 | time: 0.057
I 06.07/22:30:30 solver.py:159 ] Epoch: [117/200][80/282] lr: 2.50e-04 | MSE loss: 6.2909e-03 | time: 0.058
I 06.07/22:30:31 solver.py:159 ] Epoch: [117/200][100/282] lr: 2.50e-04 | MSE loss: 6.0938e-03 | time: 0.058
I 06.07/22:30:32 solver.py:159 ] Epoch: [117/200][120/282] lr: 2.50e-04 | MSE loss: 6.0497e-03 | time: 0.057
I 06.07/22:30:33 solver.py:159 ] Epoch: [117/200][140/282] lr: 2.50e-04 | MSE loss: 6.0327e-03 | time: 0.057
I 06.07/22:30:34 solver.py:159 ] Epoch: [117/200][160/282] lr: 2.49e-04 | MSE loss: 6.0445e-03 | time: 0.056
I 06.07/22:30:35 solver.py:159 ] Epoch: [117/200][180/282] lr: 2.49e-04 | MSE loss: 5.9728e-03 | time: 0.056
I 06.07/22:30:36 solver.py:159 ] Epoch: [117/200][200/282] lr: 2.49e-04 | MSE loss: 5.8623e-03 | time: 0.056
I 06.07/22:30:37 solver.py:159 ] Epoch: [117/200][220/282] lr: 2.48e-04 | MSE loss: 5.8476e-03 | time: 0.056
I 06.07/22:30:39 solver.py:159 ] Epoch: [117/200][240/282] lr: 2.48e-04 | MSE loss: 5.8157e-03 | time: 0.056
I 06.07/22:30:40 solver.py:159 ] Epoch: [117/200][260/282] lr: 2.48e-04 | MSE loss: 5.9412e-03 | time: 0.056
I 06.07/22:30:41 solver.py:159 ] Epoch: [117/200][280/282] lr: 2.48e-04 | MSE loss: 5.9643e-03 | time: 0.056
I 06.07/22:30:41 solver.py:169 ] => Train  Loss: 5.9941e-03

I 06.07/22:30:42 solver.py:405 ] [20/32] loss: 7.1746e-03 | NMSE: -1.8047e+01 | time: 0.048
I 06.07/22:30:43 solver.py:413 ] => Test NMSE: -1.8947e+01

I 06.07/22:30:43 solver.py:345 ] => LoRA monitor [epoch=117] | trainable=33792/33792 | non_lora_trainable=0 | lora_l2=1.219843e+01 | lora_A_l2=1.071675e+01 | lora_B_l2=5.826927e+00 | component_l2=encoder:1.219843e+01 | lora_abs_max=9.740857e-01 | delta_l2=1.222834e+01 | delta_rel=5.274851e+00 | train_loss=5.994068e-03 | test_loss=6.372592e-03 | nmse=-1.894654e+01
I 06.07/22:30:43 solver.py:224 ] 
=! Best NMSE: -1.8967e+01 (epoch=116)

I 06.07/22:30:44 solver.py:159 ] Epoch: [118/200][20/282] lr: 2.47e-04 | MSE loss: 6.9282e-03 | time: 0.062
I 06.07/22:30:45 solver.py:159 ] Epoch: [118/200][40/282] lr: 2.47e-04 | MSE loss: 6.4981e-03 | time: 0.059
I 06.07/22:30:46 solver.py:159 ] Epoch: [118/200][60/282] lr: 2.47e-04 | MSE loss: 6.1807e-03 | time: 0.057
I 06.07/22:30:47 solver.py:159 ] Epoch: [118/200][80/282] lr: 2.46e-04 | MSE loss: 5.9120e-03 | time: 0.057
I 06.07/22:30:48 solver.py:159 ] Epoch: [118/200][100/282] lr: 2.46e-04 | MSE loss: 5.8308e-03 | time: 0.057
I 06.07/22:30:49 solver.py:159 ] Epoch: [118/200][120/282] lr: 2.46e-04 | MSE loss: 5.5144e-03 | time: 0.057
I 06.07/22:30:51 solver.py:159 ] Epoch: [118/200][140/282] lr: 2.46e-04 | MSE loss: 5.5728e-03 | time: 0.057
I 06.07/22:30:52 solver.py:159 ] Epoch: [118/200][160/282] lr: 2.45e-04 | MSE loss: 5.5632e-03 | time: 0.056
I 06.07/22:30:53 solver.py:159 ] Epoch: [118/200][180/282] lr: 2.45e-04 | MSE loss: 5.6677e-03 | time: 0.056
I 06.07/22:30:54 solver.py:159 ] Epoch: [118/200][200/282] lr: 2.45e-04 | MSE loss: 5.8745e-03 | time: 0.056
I 06.07/22:30:55 solver.py:159 ] Epoch: [118/200][220/282] lr: 2.45e-04 | MSE loss: 5.9882e-03 | time: 0.057
I 06.07/22:30:56 solver.py:159 ] Epoch: [118/200][240/282] lr: 2.44e-04 | MSE loss: 5.9622e-03 | time: 0.057
I 06.07/22:30:57 solver.py:159 ] Epoch: [118/200][260/282] lr: 2.44e-04 | MSE loss: 5.9535e-03 | time: 0.057
I 06.07/22:30:59 solver.py:159 ] Epoch: [118/200][280/282] lr: 2.44e-04 | MSE loss: 5.9846e-03 | time: 0.057
I 06.07/22:30:59 solver.py:169 ] => Train  Loss: 5.9560e-03

I 06.07/22:31:00 solver.py:405 ] [20/32] loss: 7.1553e-03 | NMSE: -1.8061e+01 | time: 0.051
I 06.07/22:31:00 solver.py:413 ] => Test NMSE: -1.8963e+01

I 06.07/22:31:00 solver.py:345 ] => LoRA monitor [epoch=118] | trainable=33792/33792 | non_lora_trainable=0 | lora_l2=1.221708e+01 | lora_A_l2=1.073198e+01 | lora_B_l2=5.837962e+00 | component_l2=encoder:1.221708e+01 | lora_abs_max=9.770615e-01 | delta_l2=1.224735e+01 | delta_rel=5.283052e+00 | train_loss=5.956008e-03 | test_loss=6.348274e-03 | nmse=-1.896314e+01
I 06.07/22:31:00 solver.py:224 ] 
=! Best NMSE: -1.8967e+01 (epoch=116)

I 06.07/22:31:02 solver.py:159 ] Epoch: [119/200][20/282] lr: 2.43e-04 | MSE loss: 5.1350e-03 | time: 0.093
I 06.07/22:31:04 solver.py:159 ] Epoch: [119/200][40/282] lr: 2.43e-04 | MSE loss: 6.1305e-03 | time: 0.096
I 06.07/22:31:05 solver.py:159 ] Epoch: [119/200][60/282] lr: 2.43e-04 | MSE loss: 5.7202e-03 | time: 0.084
I 06.07/22:31:07 solver.py:159 ] Epoch: [119/200][80/282] lr: 2.43e-04 | MSE loss: 6.1706e-03 | time: 0.077
I 06.07/22:31:08 solver.py:159 ] Epoch: [119/200][100/282] lr: 2.42e-04 | MSE loss: 6.1274e-03 | time: 0.073
I 06.07/22:31:09 solver.py:159 ] Epoch: [119/200][120/282] lr: 2.42e-04 | MSE loss: 6.1283e-03 | time: 0.070
I 06.07/22:31:10 solver.py:159 ] Epoch: [119/200][140/282] lr: 2.42e-04 | MSE loss: 6.0526e-03 | time: 0.068
I 06.07/22:31:11 solver.py:159 ] Epoch: [119/200][160/282] lr: 2.41e-04 | MSE loss: 5.9459e-03 | time: 0.067
I 06.07/22:31:12 solver.py:159 ] Epoch: [119/200][180/282] lr: 2.41e-04 | MSE loss: 5.9942e-03 | time: 0.066
I 06.07/22:31:13 solver.py:159 ] Epoch: [119/200][200/282] lr: 2.41e-04 | MSE loss: 5.8992e-03 | time: 0.064
I 06.07/22:31:14 solver.py:159 ] Epoch: [119/200][220/282] lr: 2.41e-04 | MSE loss: 5.9877e-03 | time: 0.063
I 06.07/22:31:16 solver.py:159 ] Epoch: [119/200][240/282] lr: 2.40e-04 | MSE loss: 6.1069e-03 | time: 0.063
I 06.07/22:31:17 solver.py:159 ] Epoch: [119/200][260/282] lr: 2.40e-04 | MSE loss: 5.9943e-03 | time: 0.062
I 06.07/22:31:18 solver.py:159 ] Epoch: [119/200][280/282] lr: 2.40e-04 | MSE loss: 5.9726e-03 | time: 0.062
I 06.07/22:31:18 solver.py:169 ] => Train  Loss: 5.9505e-03

I 06.07/22:31:19 solver.py:405 ] [20/32] loss: 7.1554e-03 | NMSE: -1.8058e+01 | time: 0.053
I 06.07/22:31:20 solver.py:413 ] => Test NMSE: -1.8964e+01

I 06.07/22:31:20 solver.py:345 ] => LoRA monitor [epoch=119] | trainable=33792/33792 | non_lora_trainable=0 | lora_l2=1.223922e+01 | lora_A_l2=1.075016e+01 | lora_B_l2=5.850855e+00 | component_l2=encoder:1.223922e+01 | lora_abs_max=9.794825e-01 | delta_l2=1.226953e+01 | delta_rel=5.292619e+00 | train_loss=5.950478e-03 | test_loss=6.347267e-03 | nmse=-1.896383e+01
I 06.07/22:31:20 solver.py:224 ] 
=! Best NMSE: -1.8967e+01 (epoch=116)

I 06.07/22:31:21 solver.py:159 ] Epoch: [120/200][20/282] lr: 2.40e-04 | MSE loss: 5.5023e-03 | time: 0.058
I 06.07/22:31:22 solver.py:159 ] Epoch: [120/200][40/282] lr: 2.39e-04 | MSE loss: 5.9247e-03 | time: 0.056
I 06.07/22:31:23 solver.py:159 ] Epoch: [120/200][60/282] lr: 2.39e-04 | MSE loss: 5.8323e-03 | time: 0.055
I 06.07/22:31:24 solver.py:159 ] Epoch: [120/200][80/282] lr: 2.39e-04 | MSE loss: 6.0383e-03 | time: 0.054
I 06.07/22:31:25 solver.py:159 ] Epoch: [120/200][100/282] lr: 2.38e-04 | MSE loss: 5.7907e-03 | time: 0.055
I 06.07/22:31:26 solver.py:159 ] Epoch: [120/200][120/282] lr: 2.38e-04 | MSE loss: 5.6733e-03 | time: 0.055
I 06.07/22:31:27 solver.py:159 ] Epoch: [120/200][140/282] lr: 2.38e-04 | MSE loss: 5.7640e-03 | time: 0.055
I 06.07/22:31:28 solver.py:159 ] Epoch: [120/200][160/282] lr: 2.38e-04 | MSE loss: 5.7327e-03 | time: 0.055
I 06.07/22:31:29 solver.py:159 ] Epoch: [120/200][180/282] lr: 2.37e-04 | MSE loss: 5.7882e-03 | time: 0.055
I 06.07/22:31:31 solver.py:159 ] Epoch: [120/200][200/282] lr: 2.37e-04 | MSE loss: 5.8531e-03 | time: 0.055
I 06.07/22:31:32 solver.py:159 ] Epoch: [120/200][220/282] lr: 2.37e-04 | MSE loss: 5.8531e-03 | time: 0.055
I 06.07/22:31:33 solver.py:159 ] Epoch: [120/200][240/282] lr: 2.37e-04 | MSE loss: 5.8118e-03 | time: 0.056
I 06.07/22:31:34 solver.py:159 ] Epoch: [120/200][260/282] lr: 2.36e-04 | MSE loss: 5.8281e-03 | time: 0.056
I 06.07/22:31:35 solver.py:159 ] Epoch: [120/200][280/282] lr: 2.36e-04 | MSE loss: 5.9657e-03 | time: 0.056
I 06.07/22:31:35 solver.py:169 ] => Train  Loss: 5.9465e-03

I 06.07/22:31:36 solver.py:159 ] Epoch: [120/200][20/32] lr: 2.36e-04 | MSE loss: 7.1453e-03 | time: 0.050
I 06.07/22:31:37 solver.py:169 ] => Val  Loss: 6.2513e-03

I 06.07/22:31:38 solver.py:405 ] [20/32] loss: 7.1453e-03 | NMSE: -1.8062e+01 | time: 0.049
I 06.07/22:31:39 solver.py:413 ] => Test NMSE: -1.8968e+01

I 06.07/22:31:39 solver.py:345 ] => LoRA monitor [epoch=120] | trainable=33792/33792 | non_lora_trainable=0 | lora_l2=1.225649e+01 | lora_A_l2=1.076389e+01 | lora_B_l2=5.861756e+00 | component_l2=encoder:1.225649e+01 | lora_abs_max=9.815784e-01 | delta_l2=1.228695e+01 | delta_rel=5.300134e+00 | train_loss=5.946494e-03 | val_loss=6.251339e-03 | test_loss=6.341479e-03 | nmse=-1.896779e+01
I 06.07/22:31:39 solver.py:224 ] 
=! Best NMSE: -1.8968e+01 (epoch=120)

I 06.07/22:31:40 solver.py:159 ] Epoch: [121/200][20/282] lr: 2.36e-04 | MSE loss: 5.5442e-03 | time: 0.058
I 06.07/22:31:41 solver.py:159 ] Epoch: [121/200][40/282] lr: 2.35e-04 | MSE loss: 5.5500e-03 | time: 0.056
I 06.07/22:31:42 solver.py:159 ] Epoch: [121/200][60/282] lr: 2.35e-04 | MSE loss: 5.8229e-03 | time: 0.055
I 06.07/22:31:43 solver.py:159 ] Epoch: [121/200][80/282] lr: 2.35e-04 | MSE loss: 5.8031e-03 | time: 0.055
I 06.07/22:31:44 solver.py:159 ] Epoch: [121/200][100/282] lr: 2.35e-04 | MSE loss: 5.9414e-03 | time: 0.054
I 06.07/22:31:45 solver.py:159 ] Epoch: [121/200][120/282] lr: 2.34e-04 | MSE loss: 6.0066e-03 | time: 0.054
I 06.07/22:31:46 solver.py:159 ] Epoch: [121/200][140/282] lr: 2.34e-04 | MSE loss: 6.0238e-03 | time: 0.054
I 06.07/22:31:48 solver.py:159 ] Epoch: [121/200][160/282] lr: 2.34e-04 | MSE loss: 5.8473e-03 | time: 0.055
I 06.07/22:31:49 solver.py:159 ] Epoch: [121/200][180/282] lr: 2.33e-04 | MSE loss: 5.8891e-03 | time: 0.054
I 06.07/22:31:50 solver.py:159 ] Epoch: [121/200][200/282] lr: 2.33e-04 | MSE loss: 5.8786e-03 | time: 0.055
I 06.07/22:31:51 solver.py:159 ] Epoch: [121/200][220/282] lr: 2.33e-04 | MSE loss: 5.9594e-03 | time: 0.054
I 06.07/22:31:52 solver.py:159 ] Epoch: [121/200][240/282] lr: 2.33e-04 | MSE loss: 5.9715e-03 | time: 0.054
I 06.07/22:31:53 solver.py:159 ] Epoch: [121/200][260/282] lr: 2.32e-04 | MSE loss: 5.9088e-03 | time: 0.055
I 06.07/22:31:54 solver.py:159 ] Epoch: [121/200][280/282] lr: 2.32e-04 | MSE loss: 5.9722e-03 | time: 0.055
I 06.07/22:31:54 solver.py:169 ] => Train  Loss: 5.9762e-03

I 06.07/22:31:55 solver.py:405 ] [20/32] loss: 7.1632e-03 | NMSE: -1.8057e+01 | time: 0.048
I 06.07/22:31:56 solver.py:413 ] => Test NMSE: -1.8958e+01

I 06.07/22:31:56 solver.py:345 ] => LoRA monitor [epoch=121] | trainable=33792/33792 | non_lora_trainable=0 | lora_l2=1.227458e+01 | lora_A_l2=1.077832e+01 | lora_B_l2=5.873096e+00 | component_l2=encoder:1.227458e+01 | lora_abs_max=9.834070e-01 | delta_l2=1.230506e+01 | delta_rel=5.307946e+00 | train_loss=5.976158e-03 | test_loss=6.356371e-03 | nmse=-1.895761e+01
I 06.07/22:31:56 solver.py:224 ] 
=! Best NMSE: -1.8968e+01 (epoch=120)

I 06.07/22:31:57 solver.py:159 ] Epoch: [122/200][20/282] lr: 2.32e-04 | MSE loss: 6.3875e-03 | time: 0.059
I 06.07/22:31:58 solver.py:159 ] Epoch: [122/200][40/282] lr: 2.32e-04 | MSE loss: 6.6119e-03 | time: 0.056
I 06.07/22:31:59 solver.py:159 ] Epoch: [122/200][60/282] lr: 2.31e-04 | MSE loss: 6.1267e-03 | time: 0.056
I 06.07/22:32:00 solver.py:159 ] Epoch: [122/200][80/282] lr: 2.31e-04 | MSE loss: 5.9794e-03 | time: 0.058
I 06.07/22:32:02 solver.py:159 ] Epoch: [122/200][100/282] lr: 2.31e-04 | MSE loss: 6.0679e-03 | time: 0.066
I 06.07/22:32:04 solver.py:159 ] Epoch: [122/200][120/282] lr: 2.30e-04 | MSE loss: 5.9664e-03 | time: 0.071
I 06.07/22:32:06 solver.py:159 ] Epoch: [122/200][140/282] lr: 2.30e-04 | MSE loss: 5.8861e-03 | time: 0.070
I 06.07/22:32:07 solver.py:159 ] Epoch: [122/200][160/282] lr: 2.30e-04 | MSE loss: 6.1071e-03 | time: 0.069
I 06.07/22:32:08 solver.py:159 ] Epoch: [122/200][180/282] lr: 2.30e-04 | MSE loss: 6.2053e-03 | time: 0.067
I 06.07/22:32:09 solver.py:159 ] Epoch: [122/200][200/282] lr: 2.29e-04 | MSE loss: 6.2127e-03 | time: 0.066
I 06.07/22:32:10 solver.py:159 ] Epoch: [122/200][220/282] lr: 2.29e-04 | MSE loss: 6.2694e-03 | time: 0.065
I 06.07/22:32:11 solver.py:159 ] Epoch: [122/200][240/282] lr: 2.29e-04 | MSE loss: 6.1648e-03 | time: 0.064
I 06.07/22:32:12 solver.py:159 ] Epoch: [122/200][260/282] lr: 2.29e-04 | MSE loss: 6.0750e-03 | time: 0.063
I 06.07/22:32:13 solver.py:159 ] Epoch: [122/200][280/282] lr: 2.28e-04 | MSE loss: 5.9757e-03 | time: 0.063
I 06.07/22:32:13 solver.py:169 ] => Train  Loss: 5.9555e-03

I 06.07/22:32:15 solver.py:405 ] [20/32] loss: 7.1725e-03 | NMSE: -1.8048e+01 | time: 0.052
I 06.07/22:32:15 solver.py:413 ] => Test NMSE: -1.8951e+01

I 06.07/22:32:15 solver.py:345 ] => LoRA monitor [epoch=122] | trainable=33792/33792 | non_lora_trainable=0 | lora_l2=1.229190e+01 | lora_A_l2=1.079294e+01 | lora_B_l2=5.882446e+00 | component_l2=encoder:1.229190e+01 | lora_abs_max=9.857763e-01 | delta_l2=1.232276e+01 | delta_rel=5.315580e+00 | train_loss=5.955542e-03 | test_loss=6.366034e-03 | nmse=-1.895101e+01
I 06.07/22:32:15 solver.py:224 ] 
=! Best NMSE: -1.8968e+01 (epoch=120)

I 06.07/22:32:16 solver.py:159 ] Epoch: [123/200][20/282] lr: 2.28e-04 | MSE loss: 6.1401e-03 | time: 0.053
I 06.07/22:32:17 solver.py:159 ] Epoch: [123/200][40/282] lr: 2.28e-04 | MSE loss: 5.9313e-03 | time: 0.054
I 06.07/22:32:18 solver.py:159 ] Epoch: [123/200][60/282] lr: 2.27e-04 | MSE loss: 5.6252e-03 | time: 0.053
I 06.07/22:32:19 solver.py:159 ] Epoch: [123/200][80/282] lr: 2.27e-04 | MSE loss: 5.6752e-03 | time: 0.054
I 06.07/22:32:20 solver.py:159 ] Epoch: [123/200][100/282] lr: 2.27e-04 | MSE loss: 5.7747e-03 | time: 0.053
I 06.07/22:32:22 solver.py:159 ] Epoch: [123/200][120/282] lr: 2.27e-04 | MSE loss: 5.9506e-03 | time: 0.053
I 06.07/22:32:23 solver.py:159 ] Epoch: [123/200][140/282] lr: 2.26e-04 | MSE loss: 6.2186e-03 | time: 0.053
I 06.07/22:32:24 solver.py:159 ] Epoch: [123/200][160/282] lr: 2.26e-04 | MSE loss: 6.1172e-03 | time: 0.053
I 06.07/22:32:25 solver.py:159 ] Epoch: [123/200][180/282] lr: 2.26e-04 | MSE loss: 6.0366e-03 | time: 0.054
I 06.07/22:32:26 solver.py:159 ] Epoch: [123/200][200/282] lr: 2.25e-04 | MSE loss: 6.0817e-03 | time: 0.055
I 06.07/22:32:27 solver.py:159 ] Epoch: [123/200][220/282] lr: 2.25e-04 | MSE loss: 6.0320e-03 | time: 0.055
I 06.07/22:32:28 solver.py:159 ] Epoch: [123/200][240/282] lr: 2.25e-04 | MSE loss: 6.0803e-03 | time: 0.055
I 06.07/22:32:29 solver.py:159 ] Epoch: [123/200][260/282] lr: 2.25e-04 | MSE loss: 6.0133e-03 | time: 0.055
I 06.07/22:32:31 solver.py:159 ] Epoch: [123/200][280/282] lr: 2.24e-04 | MSE loss: 5.9843e-03 | time: 0.055
I 06.07/22:32:31 solver.py:169 ] => Train  Loss: 5.9530e-03

I 06.07/22:32:32 solver.py:405 ] [20/32] loss: 7.1651e-03 | NMSE: -1.8053e+01 | time: 0.051
I 06.07/22:32:32 solver.py:413 ] => Test NMSE: -1.8959e+01

I 06.07/22:32:32 solver.py:345 ] => LoRA monitor [epoch=123] | trainable=33792/33792 | non_lora_trainable=0 | lora_l2=1.230838e+01 | lora_A_l2=1.080615e+01 | lora_B_l2=5.892651e+00 | component_l2=encoder:1.230838e+01 | lora_abs_max=9.887519e-01 | delta_l2=1.233910e+01 | delta_rel=5.322629e+00 | train_loss=5.953009e-03 | test_loss=6.353965e-03 | nmse=-1.895925e+01
I 06.07/22:32:32 solver.py:224 ] 
=! Best NMSE: -1.8968e+01 (epoch=120)

I 06.07/22:32:34 solver.py:159 ] Epoch: [124/200][20/282] lr: 2.24e-04 | MSE loss: 5.8352e-03 | time: 0.063
I 06.07/22:32:35 solver.py:159 ] Epoch: [124/200][40/282] lr: 2.24e-04 | MSE loss: 5.2153e-03 | time: 0.063
I 06.07/22:32:36 solver.py:159 ] Epoch: [124/200][60/282] lr: 2.24e-04 | MSE loss: 5.4194e-03 | time: 0.062
I 06.07/22:32:37 solver.py:159 ] Epoch: [124/200][80/282] lr: 2.23e-04 | MSE loss: 5.2510e-03 | time: 0.060
I 06.07/22:32:38 solver.py:159 ] Epoch: [124/200][100/282] lr: 2.23e-04 | MSE loss: 5.4158e-03 | time: 0.059
I 06.07/22:32:39 solver.py:159 ] Epoch: [124/200][120/282] lr: 2.23e-04 | MSE loss: 5.7069e-03 | time: 0.059
I 06.07/22:32:41 solver.py:159 ] Epoch: [124/200][140/282] lr: 2.22e-04 | MSE loss: 5.4954e-03 | time: 0.059
I 06.07/22:32:42 solver.py:159 ] Epoch: [124/200][160/282] lr: 2.22e-04 | MSE loss: 5.4848e-03 | time: 0.058
I 06.07/22:32:43 solver.py:159 ] Epoch: [124/200][180/282] lr: 2.22e-04 | MSE loss: 5.5684e-03 | time: 0.058
I 06.07/22:32:44 solver.py:159 ] Epoch: [124/200][200/282] lr: 2.22e-04 | MSE loss: 5.6858e-03 | time: 0.058
I 06.07/22:32:45 solver.py:159 ] Epoch: [124/200][220/282] lr: 2.21e-04 | MSE loss: 5.7445e-03 | time: 0.057
I 06.07/22:32:46 solver.py:159 ] Epoch: [124/200][240/282] lr: 2.21e-04 | MSE loss: 5.8071e-03 | time: 0.057
I 06.07/22:32:47 solver.py:159 ] Epoch: [124/200][260/282] lr: 2.21e-04 | MSE loss: 5.9233e-03 | time: 0.057
I 06.07/22:32:48 solver.py:159 ] Epoch: [124/200][280/282] lr: 2.21e-04 | MSE loss: 5.9637e-03 | time: 0.057
I 06.07/22:32:48 solver.py:169 ] => Train  Loss: 5.9546e-03

I 06.07/22:32:50 solver.py:405 ] [20/32] loss: 7.1406e-03 | NMSE: -1.8067e+01 | time: 0.047
I 06.07/22:32:50 solver.py:413 ] => Test NMSE: -1.8970e+01

I 06.07/22:32:50 solver.py:345 ] => LoRA monitor [epoch=124] | trainable=33792/33792 | non_lora_trainable=0 | lora_l2=1.232520e+01 | lora_A_l2=1.081987e+01 | lora_B_l2=5.902628e+00 | component_l2=encoder:1.232520e+01 | lora_abs_max=9.913384e-01 | delta_l2=1.235607e+01 | delta_rel=5.329950e+00 | train_loss=5.954639e-03 | test_loss=6.337691e-03 | nmse=-1.897039e+01
I 06.07/22:32:50 solver.py:224 ] 
=! Best NMSE: -1.8970e+01 (epoch=124)

I 06.07/22:32:52 solver.py:159 ] Epoch: [125/200][20/282] lr: 2.20e-04 | MSE loss: 5.0812e-03 | time: 0.055
I 06.07/22:32:53 solver.py:159 ] Epoch: [125/200][40/282] lr: 2.20e-04 | MSE loss: 6.1641e-03 | time: 0.054
I 06.07/22:32:54 solver.py:159 ] Epoch: [125/200][60/282] lr: 2.20e-04 | MSE loss: 6.4054e-03 | time: 0.055
I 06.07/22:32:55 solver.py:159 ] Epoch: [125/200][80/282] lr: 2.19e-04 | MSE loss: 6.3327e-03 | time: 0.056
I 06.07/22:32:56 solver.py:159 ] Epoch: [125/200][100/282] lr: 2.19e-04 | MSE loss: 6.3372e-03 | time: 0.055
I 06.07/22:32:57 solver.py:159 ] Epoch: [125/200][120/282] lr: 2.19e-04 | MSE loss: 6.2239e-03 | time: 0.055
I 06.07/22:32:58 solver.py:159 ] Epoch: [125/200][140/282] lr: 2.19e-04 | MSE loss: 6.0602e-03 | time: 0.055
I 06.07/22:32:59 solver.py:159 ] Epoch: [125/200][160/282] lr: 2.18e-04 | MSE loss: 5.9642e-03 | time: 0.055
I 06.07/22:33:01 solver.py:159 ] Epoch: [125/200][180/282] lr: 2.18e-04 | MSE loss: 5.9580e-03 | time: 0.057
I 06.07/22:33:03 solver.py:159 ] Epoch: [125/200][200/282] lr: 2.18e-04 | MSE loss: 6.0484e-03 | time: 0.063
I 06.07/22:33:05 solver.py:159 ] Epoch: [125/200][220/282] lr: 2.18e-04 | MSE loss: 6.0253e-03 | time: 0.066
I 06.07/22:33:06 solver.py:159 ] Epoch: [125/200][240/282] lr: 2.17e-04 | MSE loss: 6.0261e-03 | time: 0.065
I 06.07/22:33:07 solver.py:159 ] Epoch: [125/200][260/282] lr: 2.17e-04 | MSE loss: 6.0131e-03 | time: 0.064
I 06.07/22:33:08 solver.py:159 ] Epoch: [125/200][280/282] lr: 2.17e-04 | MSE loss: 5.9747e-03 | time: 0.063
I 06.07/22:33:08 solver.py:169 ] => Train  Loss: 5.9525e-03

I 06.07/22:33:09 solver.py:405 ] [20/32] loss: 7.1505e-03 | NMSE: -1.8062e+01 | time: 0.048
I 06.07/22:33:10 solver.py:413 ] => Test NMSE: -1.8962e+01

I 06.07/22:33:10 solver.py:345 ] => LoRA monitor [epoch=125] | trainable=33792/33792 | non_lora_trainable=0 | lora_l2=1.234117e+01 | lora_A_l2=1.083281e+01 | lora_B_l2=5.912253e+00 | component_l2=encoder:1.234117e+01 | lora_abs_max=9.909009e-01 | delta_l2=1.237222e+01 | delta_rel=5.336914e+00 | train_loss=5.952546e-03 | test_loss=6.349855e-03 | nmse=-1.896206e+01
I 06.07/22:33:10 solver.py:224 ] 
=! Best NMSE: -1.8970e+01 (epoch=124)

I 06.07/22:33:11 solver.py:159 ] Epoch: [126/200][20/282] lr: 2.16e-04 | MSE loss: 4.6260e-03 | time: 0.061
I 06.07/22:33:12 solver.py:159 ] Epoch: [126/200][40/282] lr: 2.16e-04 | MSE loss: 4.8976e-03 | time: 0.058
I 06.07/22:33:13 solver.py:159 ] Epoch: [126/200][60/282] lr: 2.16e-04 | MSE loss: 5.3483e-03 | time: 0.055
I 06.07/22:33:14 solver.py:159 ] Epoch: [126/200][80/282] lr: 2.16e-04 | MSE loss: 5.4417e-03 | time: 0.056
I 06.07/22:33:15 solver.py:159 ] Epoch: [126/200][100/282] lr: 2.15e-04 | MSE loss: 5.7380e-03 | time: 0.056
I 06.07/22:33:17 solver.py:159 ] Epoch: [126/200][120/282] lr: 2.15e-04 | MSE loss: 5.7066e-03 | time: 0.056
I 06.07/22:33:18 solver.py:159 ] Epoch: [126/200][140/282] lr: 2.15e-04 | MSE loss: 5.9037e-03 | time: 0.056
I 06.07/22:33:19 solver.py:159 ] Epoch: [126/200][160/282] lr: 2.15e-04 | MSE loss: 5.9019e-03 | time: 0.056
I 06.07/22:33:20 solver.py:159 ] Epoch: [126/200][180/282] lr: 2.14e-04 | MSE loss: 5.8652e-03 | time: 0.056
I 06.07/22:33:21 solver.py:159 ] Epoch: [126/200][200/282] lr: 2.14e-04 | MSE loss: 5.8365e-03 | time: 0.056
I 06.07/22:33:22 solver.py:159 ] Epoch: [126/200][220/282] lr: 2.14e-04 | MSE loss: 5.7330e-03 | time: 0.056
I 06.07/22:33:23 solver.py:159 ] Epoch: [126/200][240/282] lr: 2.14e-04 | MSE loss: 5.8731e-03 | time: 0.056
I 06.07/22:33:24 solver.py:159 ] Epoch: [126/200][260/282] lr: 2.13e-04 | MSE loss: 5.9479e-03 | time: 0.056
I 06.07/22:33:26 solver.py:159 ] Epoch: [126/200][280/282] lr: 2.13e-04 | MSE loss: 5.9781e-03 | time: 0.056
I 06.07/22:33:26 solver.py:169 ] => Train  Loss: 5.9459e-03

I 06.07/22:33:27 solver.py:405 ] [20/32] loss: 7.1528e-03 | NMSE: -1.8058e+01 | time: 0.050
I 06.07/22:33:27 solver.py:413 ] => Test NMSE: -1.8961e+01

I 06.07/22:33:27 solver.py:345 ] => LoRA monitor [epoch=126] | trainable=33792/33792 | non_lora_trainable=0 | lora_l2=1.235651e+01 | lora_A_l2=1.084530e+01 | lora_B_l2=5.921376e+00 | component_l2=encoder:1.235651e+01 | lora_abs_max=9.949596e-01 | delta_l2=1.238764e+01 | delta_rel=5.343565e+00 | train_loss=5.945909e-03 | test_loss=6.351874e-03 | nmse=-1.896068e+01
I 06.07/22:33:27 solver.py:224 ] 
=! Best NMSE: -1.8970e+01 (epoch=124)

I 06.07/22:33:28 solver.py:159 ] Epoch: [127/200][20/282] lr: 2.13e-04 | MSE loss: 6.3057e-03 | time: 0.058
I 06.07/22:33:30 solver.py:159 ] Epoch: [127/200][40/282] lr: 2.12e-04 | MSE loss: 6.4059e-03 | time: 0.057
I 06.07/22:33:31 solver.py:159 ] Epoch: [127/200][60/282] lr: 2.12e-04 | MSE loss: 6.0955e-03 | time: 0.057
I 06.07/22:33:32 solver.py:159 ] Epoch: [127/200][80/282] lr: 2.12e-04 | MSE loss: 6.2230e-03 | time: 0.057
I 06.07/22:33:33 solver.py:159 ] Epoch: [127/200][100/282] lr: 2.12e-04 | MSE loss: 6.2974e-03 | time: 0.057
I 06.07/22:33:34 solver.py:159 ] Epoch: [127/200][120/282] lr: 2.11e-04 | MSE loss: 6.2194e-03 | time: 0.057
I 06.07/22:33:35 solver.py:159 ] Epoch: [127/200][140/282] lr: 2.11e-04 | MSE loss: 5.9885e-03 | time: 0.057
I 06.07/22:33:36 solver.py:159 ] Epoch: [127/200][160/282] lr: 2.11e-04 | MSE loss: 5.9768e-03 | time: 0.057
I 06.07/22:33:37 solver.py:159 ] Epoch: [127/200][180/282] lr: 2.11e-04 | MSE loss: 5.9247e-03 | time: 0.056
I 06.07/22:33:39 solver.py:159 ] Epoch: [127/200][200/282] lr: 2.10e-04 | MSE loss: 5.8928e-03 | time: 0.057
I 06.07/22:33:40 solver.py:159 ] Epoch: [127/200][220/282] lr: 2.10e-04 | MSE loss: 5.8482e-03 | time: 0.056
I 06.07/22:33:41 solver.py:159 ] Epoch: [127/200][240/282] lr: 2.10e-04 | MSE loss: 5.8680e-03 | time: 0.056
I 06.07/22:33:42 solver.py:159 ] Epoch: [127/200][260/282] lr: 2.10e-04 | MSE loss: 5.9047e-03 | time: 0.056
I 06.07/22:33:43 solver.py:159 ] Epoch: [127/200][280/282] lr: 2.09e-04 | MSE loss: 5.9450e-03 | time: 0.057
I 06.07/22:33:43 solver.py:169 ] => Train  Loss: 5.9451e-03

I 06.07/22:33:44 solver.py:405 ] [20/32] loss: 7.1434e-03 | NMSE: -1.8064e+01 | time: 0.048
I 06.07/22:33:45 solver.py:413 ] => Test NMSE: -1.8970e+01

I 06.07/22:33:45 solver.py:345 ] => LoRA monitor [epoch=127] | trainable=33792/33792 | non_lora_trainable=0 | lora_l2=1.237050e+01 | lora_A_l2=1.085738e+01 | lora_B_l2=5.928439e+00 | component_l2=encoder:1.237050e+01 | lora_abs_max=9.960418e-01 | delta_l2=1.240169e+01 | delta_rel=5.349628e+00 | train_loss=5.945138e-03 | test_loss=6.338770e-03 | nmse=-1.896965e+01
I 06.07/22:33:45 solver.py:224 ] 
=! Best NMSE: -1.8970e+01 (epoch=124)

I 06.07/22:33:46 solver.py:159 ] Epoch: [128/200][20/282] lr: 2.09e-04 | MSE loss: 5.8431e-03 | time: 0.060
I 06.07/22:33:47 solver.py:159 ] Epoch: [128/200][40/282] lr: 2.09e-04 | MSE loss: 5.7283e-03 | time: 0.060
I 06.07/22:33:48 solver.py:159 ] Epoch: [128/200][60/282] lr: 2.08e-04 | MSE loss: 6.3396e-03 | time: 0.059
I 06.07/22:33:49 solver.py:159 ] Epoch: [128/200][80/282] lr: 2.08e-04 | MSE loss: 6.2105e-03 | time: 0.057
I 06.07/22:33:51 solver.py:159 ] Epoch: [128/200][100/282] lr: 2.08e-04 | MSE loss: 6.1872e-03 | time: 0.057
I 06.07/22:33:52 solver.py:159 ] Epoch: [128/200][120/282] lr: 2.08e-04 | MSE loss: 6.3320e-03 | time: 0.057
I 06.07/22:33:53 solver.py:159 ] Epoch: [128/200][140/282] lr: 2.07e-04 | MSE loss: 6.2302e-03 | time: 0.057
I 06.07/22:33:54 solver.py:159 ] Epoch: [128/200][160/282] lr: 2.07e-04 | MSE loss: 6.1471e-03 | time: 0.057
I 06.07/22:33:55 solver.py:159 ] Epoch: [128/200][180/282] lr: 2.07e-04 | MSE loss: 6.0994e-03 | time: 0.056
I 06.07/22:33:56 solver.py:159 ] Epoch: [128/200][200/282] lr: 2.07e-04 | MSE loss: 5.9908e-03 | time: 0.056
I 06.07/22:33:57 solver.py:159 ] Epoch: [128/200][220/282] lr: 2.06e-04 | MSE loss: 5.9161e-03 | time: 0.056
I 06.07/22:33:58 solver.py:159 ] Epoch: [128/200][240/282] lr: 2.06e-04 | MSE loss: 5.8890e-03 | time: 0.056
I 06.07/22:34:00 solver.py:159 ] Epoch: [128/200][260/282] lr: 2.06e-04 | MSE loss: 5.9605e-03 | time: 0.057
I 06.07/22:34:01 solver.py:159 ] Epoch: [128/200][280/282] lr: 2.05e-04 | MSE loss: 5.9500e-03 | time: 0.059
I 06.07/22:34:01 solver.py:169 ] => Train  Loss: 5.9656e-03

I 06.07/22:34:03 solver.py:405 ] [20/32] loss: 7.1705e-03 | NMSE: -1.8051e+01 | time: 0.100
I 06.07/22:34:04 solver.py:413 ] => Test NMSE: -1.8952e+01

I 06.07/22:34:04 solver.py:345 ] => LoRA monitor [epoch=128] | trainable=33792/33792 | non_lora_trainable=0 | lora_l2=1.238552e+01 | lora_A_l2=1.086903e+01 | lora_B_l2=5.938460e+00 | component_l2=encoder:1.238552e+01 | lora_abs_max=9.975147e-01 | delta_l2=1.241683e+01 | delta_rel=5.356158e+00 | train_loss=5.965644e-03 | test_loss=6.364445e-03 | nmse=-1.895210e+01
I 06.07/22:34:04 solver.py:224 ] 
=! Best NMSE: -1.8970e+01 (epoch=124)

I 06.07/22:34:06 solver.py:159 ] Epoch: [129/200][20/282] lr: 2.05e-04 | MSE loss: 4.3627e-03 | time: 0.062
I 06.07/22:34:07 solver.py:159 ] Epoch: [129/200][40/282] lr: 2.05e-04 | MSE loss: 5.3134e-03 | time: 0.059
I 06.07/22:34:08 solver.py:159 ] Epoch: [129/200][60/282] lr: 2.05e-04 | MSE loss: 5.3558e-03 | time: 0.057
I 06.07/22:34:09 solver.py:159 ] Epoch: [129/200][80/282] lr: 2.04e-04 | MSE loss: 5.4151e-03 | time: 0.057
I 06.07/22:34:10 solver.py:159 ] Epoch: [129/200][100/282] lr: 2.04e-04 | MSE loss: 5.4471e-03 | time: 0.057
I 06.07/22:34:11 solver.py:159 ] Epoch: [129/200][120/282] lr: 2.04e-04 | MSE loss: 5.5000e-03 | time: 0.057
I 06.07/22:34:12 solver.py:159 ] Epoch: [129/200][140/282] lr: 2.04e-04 | MSE loss: 5.6367e-03 | time: 0.057
I 06.07/22:34:13 solver.py:159 ] Epoch: [129/200][160/282] lr: 2.03e-04 | MSE loss: 5.6362e-03 | time: 0.057
I 06.07/22:34:15 solver.py:159 ] Epoch: [129/200][180/282] lr: 2.03e-04 | MSE loss: 5.6977e-03 | time: 0.057
I 06.07/22:34:16 solver.py:159 ] Epoch: [129/200][200/282] lr: 2.03e-04 | MSE loss: 5.7740e-03 | time: 0.057
I 06.07/22:34:17 solver.py:159 ] Epoch: [129/200][220/282] lr: 2.03e-04 | MSE loss: 5.9278e-03 | time: 0.057
I 06.07/22:34:18 solver.py:159 ] Epoch: [129/200][240/282] lr: 2.02e-04 | MSE loss: 5.9201e-03 | time: 0.057
I 06.07/22:34:19 solver.py:159 ] Epoch: [129/200][260/282] lr: 2.02e-04 | MSE loss: 5.9633e-03 | time: 0.056
I 06.07/22:34:20 solver.py:159 ] Epoch: [129/200][280/282] lr: 2.02e-04 | MSE loss: 5.9601e-03 | time: 0.057
I 06.07/22:34:20 solver.py:169 ] => Train  Loss: 5.9400e-03

I 06.07/22:34:21 solver.py:405 ] [20/32] loss: 7.1473e-03 | NMSE: -1.8063e+01 | time: 0.049
I 06.07/22:34:22 solver.py:413 ] => Test NMSE: -1.8965e+01

I 06.07/22:34:22 solver.py:345 ] => LoRA monitor [epoch=129] | trainable=33792/33792 | non_lora_trainable=0 | lora_l2=1.239865e+01 | lora_A_l2=1.087951e+01 | lora_B_l2=5.946674e+00 | component_l2=encoder:1.239865e+01 | lora_abs_max=9.999198e-01 | delta_l2=1.243007e+01 | delta_rel=5.361871e+00 | train_loss=5.940032e-03 | test_loss=6.345174e-03 | nmse=-1.896527e+01
I 06.07/22:34:22 solver.py:224 ] 
=! Best NMSE: -1.8970e+01 (epoch=124)

I 06.07/22:34:23 solver.py:159 ] Epoch: [130/200][20/282] lr: 2.01e-04 | MSE loss: 6.3490e-03 | time: 0.062
I 06.07/22:34:24 solver.py:159 ] Epoch: [130/200][40/282] lr: 2.01e-04 | MSE loss: 7.0778e-03 | time: 0.060
I 06.07/22:34:25 solver.py:159 ] Epoch: [130/200][60/282] lr: 2.01e-04 | MSE loss: 6.7852e-03 | time: 0.058
I 06.07/22:34:26 solver.py:159 ] Epoch: [130/200][80/282] lr: 2.01e-04 | MSE loss: 6.5497e-03 | time: 0.057
I 06.07/22:34:27 solver.py:159 ] Epoch: [130/200][100/282] lr: 2.00e-04 | MSE loss: 6.3742e-03 | time: 0.057
I 06.07/22:34:29 solver.py:159 ] Epoch: [130/200][120/282] lr: 2.00e-04 | MSE loss: 6.5424e-03 | time: 0.058
I 06.07/22:34:30 solver.py:159 ] Epoch: [130/200][140/282] lr: 2.00e-04 | MSE loss: 6.2760e-03 | time: 0.057
I 06.07/22:34:31 solver.py:159 ] Epoch: [130/200][160/282] lr: 2.00e-04 | MSE loss: 6.1836e-03 | time: 0.057
I 06.07/22:34:32 solver.py:159 ] Epoch: [130/200][180/282] lr: 1.99e-04 | MSE loss: 6.0921e-03 | time: 0.056
I 06.07/22:34:33 solver.py:159 ] Epoch: [130/200][200/282] lr: 1.99e-04 | MSE loss: 6.0330e-03 | time: 0.056
I 06.07/22:34:34 solver.py:159 ] Epoch: [130/200][220/282] lr: 1.99e-04 | MSE loss: 6.0868e-03 | time: 0.056
I 06.07/22:34:35 solver.py:159 ] Epoch: [130/200][240/282] lr: 1.99e-04 | MSE loss: 6.1058e-03 | time: 0.056
I 06.07/22:34:36 solver.py:159 ] Epoch: [130/200][260/282] lr: 1.98e-04 | MSE loss: 6.0231e-03 | time: 0.056
I 06.07/22:34:37 solver.py:159 ] Epoch: [130/200][280/282] lr: 1.98e-04 | MSE loss: 5.9742e-03 | time: 0.056
I 06.07/22:34:37 solver.py:169 ] => Train  Loss: 5.9412e-03

I 06.07/22:34:38 solver.py:159 ] Epoch: [130/200][20/32] lr: 1.98e-04 | MSE loss: 7.1564e-03 | time: 0.039
I 06.07/22:34:39 solver.py:169 ] => Val  Loss: 6.2647e-03

I 06.07/22:34:40 solver.py:405 ] [20/32] loss: 7.1564e-03 | NMSE: -1.8057e+01 | time: 0.048
I 06.07/22:34:40 solver.py:413 ] => Test NMSE: -1.8959e+01

I 06.07/22:34:40 solver.py:345 ] => LoRA monitor [epoch=130] | trainable=33792/33792 | non_lora_trainable=0 | lora_l2=1.241004e+01 | lora_A_l2=1.088920e+01 | lora_B_l2=5.952692e+00 | component_l2=encoder:1.241004e+01 | lora_abs_max=1.001626e+00 | delta_l2=1.244171e+01 | delta_rel=5.366891e+00 | train_loss=5.941204e-03 | val_loss=6.264668e-03 | test_loss=6.354576e-03 | nmse=-1.895883e+01
I 06.07/22:34:40 solver.py:224 ] 
=! Best NMSE: -1.8970e+01 (epoch=124)

I 06.07/22:34:41 solver.py:159 ] Epoch: [131/200][20/282] lr: 1.98e-04 | MSE loss: 6.0725e-03 | time: 0.057
I 06.07/22:34:42 solver.py:159 ] Epoch: [131/200][40/282] lr: 1.98e-04 | MSE loss: 5.3963e-03 | time: 0.055
I 06.07/22:34:44 solver.py:159 ] Epoch: [131/200][60/282] lr: 1.97e-04 | MSE loss: 5.5293e-03 | time: 0.055
I 06.07/22:34:45 solver.py:159 ] Epoch: [131/200][80/282] lr: 1.97e-04 | MSE loss: 5.3397e-03 | time: 0.054
I 06.07/22:34:46 solver.py:159 ] Epoch: [131/200][100/282] lr: 1.97e-04 | MSE loss: 5.5594e-03 | time: 0.054
I 06.07/22:34:47 solver.py:159 ] Epoch: [131/200][120/282] lr: 1.96e-04 | MSE loss: 5.5385e-03 | time: 0.054
I 06.07/22:34:48 solver.py:159 ] Epoch: [131/200][140/282] lr: 1.96e-04 | MSE loss: 5.6458e-03 | time: 0.055
I 06.07/22:34:49 solver.py:159 ] Epoch: [131/200][160/282] lr: 1.96e-04 | MSE loss: 5.7440e-03 | time: 0.055
I 06.07/22:34:50 solver.py:159 ] Epoch: [131/200][180/282] lr: 1.96e-04 | MSE loss: 5.7948e-03 | time: 0.054
I 06.07/22:34:51 solver.py:159 ] Epoch: [131/200][200/282] lr: 1.95e-04 | MSE loss: 5.8661e-03 | time: 0.055
I 06.07/22:34:52 solver.py:159 ] Epoch: [131/200][220/282] lr: 1.95e-04 | MSE loss: 5.8971e-03 | time: 0.055
I 06.07/22:34:53 solver.py:159 ] Epoch: [131/200][240/282] lr: 1.95e-04 | MSE loss: 5.9120e-03 | time: 0.055
I 06.07/22:34:54 solver.py:159 ] Epoch: [131/200][260/282] lr: 1.95e-04 | MSE loss: 5.9910e-03 | time: 0.055
I 06.07/22:34:55 solver.py:159 ] Epoch: [131/200][280/282] lr: 1.94e-04 | MSE loss: 5.9632e-03 | time: 0.054
I 06.07/22:34:56 solver.py:169 ] => Train  Loss: 5.9411e-03

I 06.07/22:34:57 solver.py:405 ] [20/32] loss: 7.1407e-03 | NMSE: -1.8064e+01 | time: 0.048
I 06.07/22:34:57 solver.py:413 ] => Test NMSE: -1.8970e+01

I 06.07/22:34:57 solver.py:345 ] => LoRA monitor [epoch=131] | trainable=33792/33792 | non_lora_trainable=0 | lora_l2=1.242407e+01 | lora_A_l2=1.090033e+01 | lora_B_l2=5.961575e+00 | component_l2=encoder:1.242407e+01 | lora_abs_max=1.004295e+00 | delta_l2=1.245590e+01 | delta_rel=5.373013e+00 | train_loss=5.941141e-03 | test_loss=6.338924e-03 | nmse=-1.896954e+01
I 06.07/22:34:57 solver.py:224 ] 
=! Best NMSE: -1.8970e+01 (epoch=124)

I 06.07/22:34:58 solver.py:159 ] Epoch: [132/200][20/282] lr: 1.94e-04 | MSE loss: 6.4695e-03 | time: 0.056
I 06.07/22:34:59 solver.py:159 ] Epoch: [132/200][40/282] lr: 1.94e-04 | MSE loss: 6.2484e-03 | time: 0.055
I 06.07/22:35:01 solver.py:159 ] Epoch: [132/200][60/282] lr: 1.94e-04 | MSE loss: 5.9116e-03 | time: 0.061
I 06.07/22:35:03 solver.py:159 ] Epoch: [132/200][80/282] lr: 1.93e-04 | MSE loss: 5.8976e-03 | time: 0.072
I 06.07/22:35:05 solver.py:159 ] Epoch: [132/200][100/282] lr: 1.93e-04 | MSE loss: 5.9260e-03 | time: 0.075
I 06.07/22:35:06 solver.py:159 ] Epoch: [132/200][120/282] lr: 1.93e-04 | MSE loss: 5.9585e-03 | time: 0.072
I 06.07/22:35:07 solver.py:159 ] Epoch: [132/200][140/282] lr: 1.93e-04 | MSE loss: 5.8451e-03 | time: 0.069
I 06.07/22:35:08 solver.py:159 ] Epoch: [132/200][160/282] lr: 1.92e-04 | MSE loss: 5.9900e-03 | time: 0.067
I 06.07/22:35:09 solver.py:159 ] Epoch: [132/200][180/282] lr: 1.92e-04 | MSE loss: 6.0600e-03 | time: 0.066
I 06.07/22:35:10 solver.py:159 ] Epoch: [132/200][200/282] lr: 1.92e-04 | MSE loss: 6.0259e-03 | time: 0.065
I 06.07/22:35:11 solver.py:159 ] Epoch: [132/200][220/282] lr: 1.92e-04 | MSE loss: 6.1434e-03 | time: 0.064
I 06.07/22:35:13 solver.py:159 ] Epoch: [132/200][240/282] lr: 1.91e-04 | MSE loss: 6.0790e-03 | time: 0.064
I 06.07/22:35:14 solver.py:159 ] Epoch: [132/200][260/282] lr: 1.91e-04 | MSE loss: 6.0830e-03 | time: 0.063
I 06.07/22:35:15 solver.py:159 ] Epoch: [132/200][280/282] lr: 1.91e-04 | MSE loss: 5.9677e-03 | time: 0.063
I 06.07/22:35:15 solver.py:169 ] => Train  Loss: 5.9403e-03

I 06.07/22:35:16 solver.py:405 ] [20/32] loss: 7.1406e-03 | NMSE: -1.8067e+01 | time: 0.055
I 06.07/22:35:17 solver.py:413 ] => Test NMSE: -1.8973e+01

I 06.07/22:35:17 solver.py:345 ] => LoRA monitor [epoch=132] | trainable=33792/33792 | non_lora_trainable=0 | lora_l2=1.243715e+01 | lora_A_l2=1.091153e+01 | lora_B_l2=5.968361e+00 | component_l2=encoder:1.243715e+01 | lora_abs_max=1.004546e+00 | delta_l2=1.246916e+01 | delta_rel=5.378730e+00 | train_loss=5.940348e-03 | test_loss=6.333542e-03 | nmse=-1.897323e+01
I 06.07/22:35:17 solver.py:224 ] 
=! Best NMSE: -1.8973e+01 (epoch=132)

I 06.07/22:35:18 solver.py:159 ] Epoch: [133/200][20/282] lr: 1.90e-04 | MSE loss: 6.4629e-03 | time: 0.058
I 06.07/22:35:19 solver.py:159 ] Epoch: [133/200][40/282] lr: 1.90e-04 | MSE loss: 6.5922e-03 | time: 0.057
I 06.07/22:35:20 solver.py:159 ] Epoch: [133/200][60/282] lr: 1.90e-04 | MSE loss: 6.4479e-03 | time: 0.057
I 06.07/22:35:21 solver.py:159 ] Epoch: [133/200][80/282] lr: 1.90e-04 | MSE loss: 6.3883e-03 | time: 0.057
I 06.07/22:35:22 solver.py:159 ] Epoch: [133/200][100/282] lr: 1.89e-04 | MSE loss: 6.1806e-03 | time: 0.056
I 06.07/22:35:24 solver.py:159 ] Epoch: [133/200][120/282] lr: 1.89e-04 | MSE loss: 6.1938e-03 | time: 0.056
I 06.07/22:35:24 solver.py:159 ] Epoch: [133/200][140/282] lr: 1.89e-04 | MSE loss: 6.2245e-03 | time: 0.054
I 06.07/22:35:26 solver.py:159 ] Epoch: [133/200][160/282] lr: 1.89e-04 | MSE loss: 6.1312e-03 | time: 0.055
I 06.07/22:35:27 solver.py:159 ] Epoch: [133/200][180/282] lr: 1.88e-04 | MSE loss: 6.1726e-03 | time: 0.055
I 06.07/22:35:28 solver.py:159 ] Epoch: [133/200][200/282] lr: 1.88e-04 | MSE loss: 6.1948e-03 | time: 0.055
I 06.07/22:35:29 solver.py:159 ] Epoch: [133/200][220/282] lr: 1.88e-04 | MSE loss: 6.0476e-03 | time: 0.054
I 06.07/22:35:30 solver.py:159 ] Epoch: [133/200][240/282] lr: 1.88e-04 | MSE loss: 6.0119e-03 | time: 0.054
I 06.07/22:35:31 solver.py:159 ] Epoch: [133/200][260/282] lr: 1.87e-04 | MSE loss: 6.0143e-03 | time: 0.054
I 06.07/22:35:32 solver.py:159 ] Epoch: [133/200][280/282] lr: 1.87e-04 | MSE loss: 5.9513e-03 | time: 0.054
I 06.07/22:35:32 solver.py:169 ] => Train  Loss: 5.9674e-03

I 06.07/22:35:33 solver.py:405 ] [20/32] loss: 7.1364e-03 | NMSE: -1.8070e+01 | time: 0.050
I 06.07/22:35:34 solver.py:413 ] => Test NMSE: -1.8972e+01

I 06.07/22:35:34 solver.py:345 ] => LoRA monitor [epoch=133] | trainable=33792/33792 | non_lora_trainable=0 | lora_l2=1.245027e+01 | lora_A_l2=1.092198e+01 | lora_B_l2=5.976591e+00 | component_l2=encoder:1.245027e+01 | lora_abs_max=1.004824e+00 | delta_l2=1.248219e+01 | delta_rel=5.384350e+00 | train_loss=5.967369e-03 | test_loss=6.334964e-03 | nmse=-1.897226e+01
I 06.07/22:35:34 solver.py:224 ] 
=! Best NMSE: -1.8973e+01 (epoch=132)

I 06.07/22:35:35 solver.py:159 ] Epoch: [134/200][20/282] lr: 1.87e-04 | MSE loss: 5.0812e-03 | time: 0.058
I 06.07/22:35:36 solver.py:159 ] Epoch: [134/200][40/282] lr: 1.87e-04 | MSE loss: 5.5890e-03 | time: 0.059
I 06.07/22:35:37 solver.py:159 ] Epoch: [134/200][60/282] lr: 1.86e-04 | MSE loss: 5.6050e-03 | time: 0.059
I 06.07/22:35:39 solver.py:159 ] Epoch: [134/200][80/282] lr: 1.86e-04 | MSE loss: 5.9858e-03 | time: 0.059
I 06.07/22:35:40 solver.py:159 ] Epoch: [134/200][100/282] lr: 1.86e-04 | MSE loss: 6.1215e-03 | time: 0.058
I 06.07/22:35:41 solver.py:159 ] Epoch: [134/200][120/282] lr: 1.86e-04 | MSE loss: 6.1742e-03 | time: 0.057
I 06.07/22:35:42 solver.py:159 ] Epoch: [134/200][140/282] lr: 1.85e-04 | MSE loss: 6.0645e-03 | time: 0.057
I 06.07/22:35:43 solver.py:159 ] Epoch: [134/200][160/282] lr: 1.85e-04 | MSE loss: 6.0423e-03 | time: 0.056
I 06.07/22:35:44 solver.py:159 ] Epoch: [134/200][180/282] lr: 1.85e-04 | MSE loss: 5.9186e-03 | time: 0.057
I 06.07/22:35:45 solver.py:159 ] Epoch: [134/200][200/282] lr: 1.85e-04 | MSE loss: 5.8341e-03 | time: 0.057
I 06.07/22:35:46 solver.py:159 ] Epoch: [134/200][220/282] lr: 1.84e-04 | MSE loss: 5.8089e-03 | time: 0.057
I 06.07/22:35:47 solver.py:159 ] Epoch: [134/200][240/282] lr: 1.84e-04 | MSE loss: 5.7735e-03 | time: 0.056
I 06.07/22:35:48 solver.py:159 ] Epoch: [134/200][260/282] lr: 1.84e-04 | MSE loss: 5.8515e-03 | time: 0.056
I 06.07/22:35:50 solver.py:159 ] Epoch: [134/200][280/282] lr: 1.84e-04 | MSE loss: 5.9220e-03 | time: 0.056
I 06.07/22:35:50 solver.py:169 ] => Train  Loss: 5.9662e-03

I 06.07/22:35:51 solver.py:405 ] [20/32] loss: 7.1580e-03 | NMSE: -1.8054e+01 | time: 0.049
I 06.07/22:35:51 solver.py:413 ] => Test NMSE: -1.8960e+01

I 06.07/22:35:51 solver.py:345 ] => LoRA monitor [epoch=134] | trainable=33792/33792 | non_lora_trainable=0 | lora_l2=1.246140e+01 | lora_A_l2=1.093059e+01 | lora_B_l2=5.984020e+00 | component_l2=encoder:1.246140e+01 | lora_abs_max=1.005751e+00 | delta_l2=1.249349e+01 | delta_rel=5.389228e+00 | train_loss=5.966198e-03 | test_loss=6.352784e-03 | nmse=-1.896006e+01
I 06.07/22:35:51 solver.py:224 ] 
=! Best NMSE: -1.8973e+01 (epoch=132)

I 06.07/22:35:52 solver.py:159 ] Epoch: [135/200][20/282] lr: 1.83e-04 | MSE loss: 5.8694e-03 | time: 0.060
I 06.07/22:35:54 solver.py:159 ] Epoch: [135/200][40/282] lr: 1.83e-04 | MSE loss: 5.7067e-03 | time: 0.057
I 06.07/22:35:55 solver.py:159 ] Epoch: [135/200][60/282] lr: 1.83e-04 | MSE loss: 5.8456e-03 | time: 0.057
I 06.07/22:35:56 solver.py:159 ] Epoch: [135/200][80/282] lr: 1.82e-04 | MSE loss: 5.7493e-03 | time: 0.056
I 06.07/22:35:57 solver.py:159 ] Epoch: [135/200][100/282] lr: 1.82e-04 | MSE loss: 5.8466e-03 | time: 0.057
I 06.07/22:35:58 solver.py:159 ] Epoch: [135/200][120/282] lr: 1.82e-04 | MSE loss: 6.0557e-03 | time: 0.056
I 06.07/22:35:59 solver.py:159 ] Epoch: [135/200][140/282] lr: 1.82e-04 | MSE loss: 6.1604e-03 | time: 0.056
I 06.07/22:36:00 solver.py:159 ] Epoch: [135/200][160/282] lr: 1.81e-04 | MSE loss: 6.1351e-03 | time: 0.056
I 06.07/22:36:02 solver.py:159 ] Epoch: [135/200][180/282] lr: 1.81e-04 | MSE loss: 6.0180e-03 | time: 0.059
I 06.07/22:36:04 solver.py:159 ] Epoch: [135/200][200/282] lr: 1.81e-04 | MSE loss: 5.8589e-03 | time: 0.063
I 06.07/22:36:05 solver.py:159 ] Epoch: [135/200][220/282] lr: 1.81e-04 | MSE loss: 5.8690e-03 | time: 0.063
I 06.07/22:36:06 solver.py:159 ] Epoch: [135/200][240/282] lr: 1.80e-04 | MSE loss: 5.9001e-03 | time: 0.062
I 06.07/22:36:07 solver.py:159 ] Epoch: [135/200][260/282] lr: 1.80e-04 | MSE loss: 5.9783e-03 | time: 0.062
I 06.07/22:36:09 solver.py:159 ] Epoch: [135/200][280/282] lr: 1.80e-04 | MSE loss: 5.9543e-03 | time: 0.061
I 06.07/22:36:09 solver.py:169 ] => Train  Loss: 5.9701e-03

I 06.07/22:36:10 solver.py:405 ] [20/32] loss: 7.1470e-03 | NMSE: -1.8064e+01 | time: 0.049
I 06.07/22:36:10 solver.py:413 ] => Test NMSE: -1.8966e+01

I 06.07/22:36:10 solver.py:345 ] => LoRA monitor [epoch=135] | trainable=33792/33792 | non_lora_trainable=0 | lora_l2=1.247212e+01 | lora_A_l2=1.093894e+01 | lora_B_l2=5.991101e+00 | component_l2=encoder:1.247212e+01 | lora_abs_max=1.006792e+00 | delta_l2=1.250436e+01 | delta_rel=5.393914e+00 | train_loss=5.970124e-03 | test_loss=6.344231e-03 | nmse=-1.896591e+01
I 06.07/22:36:10 solver.py:224 ] 
=! Best NMSE: -1.8973e+01 (epoch=132)

I 06.07/22:36:11 solver.py:159 ] Epoch: [136/200][20/282] lr: 1.80e-04 | MSE loss: 5.1085e-03 | time: 0.061
I 06.07/22:36:13 solver.py:159 ] Epoch: [136/200][40/282] lr: 1.79e-04 | MSE loss: 6.0155e-03 | time: 0.058
I 06.07/22:36:14 solver.py:159 ] Epoch: [136/200][60/282] lr: 1.79e-04 | MSE loss: 6.1202e-03 | time: 0.057
I 06.07/22:36:15 solver.py:159 ] Epoch: [136/200][80/282] lr: 1.79e-04 | MSE loss: 5.9175e-03 | time: 0.059
I 06.07/22:36:16 solver.py:159 ] Epoch: [136/200][100/282] lr: 1.79e-04 | MSE loss: 5.8626e-03 | time: 0.058
I 06.07/22:36:17 solver.py:159 ] Epoch: [136/200][120/282] lr: 1.78e-04 | MSE loss: 6.0817e-03 | time: 0.058
I 06.07/22:36:18 solver.py:159 ] Epoch: [136/200][140/282] lr: 1.78e-04 | MSE loss: 6.0816e-03 | time: 0.057
I 06.07/22:36:19 solver.py:159 ] Epoch: [136/200][160/282] lr: 1.78e-04 | MSE loss: 6.2128e-03 | time: 0.057
I 06.07/22:36:20 solver.py:159 ] Epoch: [136/200][180/282] lr: 1.78e-04 | MSE loss: 6.2561e-03 | time: 0.056
I 06.07/22:36:22 solver.py:159 ] Epoch: [136/200][200/282] lr: 1.77e-04 | MSE loss: 6.1901e-03 | time: 0.057
I 06.07/22:36:23 solver.py:159 ] Epoch: [136/200][220/282] lr: 1.77e-04 | MSE loss: 6.0903e-03 | time: 0.057
I 06.07/22:36:24 solver.py:159 ] Epoch: [136/200][240/282] lr: 1.77e-04 | MSE loss: 6.0304e-03 | time: 0.057
I 06.07/22:36:25 solver.py:159 ] Epoch: [136/200][260/282] lr: 1.77e-04 | MSE loss: 5.9753e-03 | time: 0.057
I 06.07/22:36:26 solver.py:159 ] Epoch: [136/200][280/282] lr: 1.76e-04 | MSE loss: 5.9604e-03 | time: 0.057
I 06.07/22:36:26 solver.py:169 ] => Train  Loss: 5.9614e-03

I 06.07/22:36:27 solver.py:405 ] [20/32] loss: 7.1406e-03 | NMSE: -1.8070e+01 | time: 0.049
I 06.07/22:36:28 solver.py:413 ] => Test NMSE: -1.8972e+01

I 06.07/22:36:28 solver.py:345 ] => LoRA monitor [epoch=136] | trainable=33792/33792 | non_lora_trainable=0 | lora_l2=1.248371e+01 | lora_A_l2=1.094897e+01 | lora_B_l2=5.996914e+00 | component_l2=encoder:1.248371e+01 | lora_abs_max=1.008219e+00 | delta_l2=1.251600e+01 | delta_rel=5.398937e+00 | train_loss=5.961353e-03 | test_loss=6.335739e-03 | nmse=-1.897173e+01
I 06.07/22:36:28 solver.py:224 ] 
=! Best NMSE: -1.8973e+01 (epoch=132)

I 06.07/22:36:29 solver.py:159 ] Epoch: [137/200][20/282] lr: 1.76e-04 | MSE loss: 6.2265e-03 | time: 0.062
I 06.07/22:36:30 solver.py:159 ] Epoch: [137/200][40/282] lr: 1.76e-04 | MSE loss: 6.0094e-03 | time: 0.060
I 06.07/22:36:31 solver.py:159 ] Epoch: [137/200][60/282] lr: 1.76e-04 | MSE loss: 6.4780e-03 | time: 0.059
I 06.07/22:36:33 solver.py:159 ] Epoch: [137/200][80/282] lr: 1.75e-04 | MSE loss: 6.4463e-03 | time: 0.058
I 06.07/22:36:34 solver.py:159 ] Epoch: [137/200][100/282] lr: 1.75e-04 | MSE loss: 6.4324e-03 | time: 0.057
I 06.07/22:36:35 solver.py:159 ] Epoch: [137/200][120/282] lr: 1.75e-04 | MSE loss: 6.3089e-03 | time: 0.057
I 06.07/22:36:36 solver.py:159 ] Epoch: [137/200][140/282] lr: 1.75e-04 | MSE loss: 6.2709e-03 | time: 0.057
I 06.07/22:36:37 solver.py:159 ] Epoch: [137/200][160/282] lr: 1.74e-04 | MSE loss: 6.1905e-03 | time: 0.056
I 06.07/22:36:38 solver.py:159 ] Epoch: [137/200][180/282] lr: 1.74e-04 | MSE loss: 5.9491e-03 | time: 0.056
I 06.07/22:36:39 solver.py:159 ] Epoch: [137/200][200/282] lr: 1.74e-04 | MSE loss: 5.9749e-03 | time: 0.055
I 06.07/22:36:40 solver.py:159 ] Epoch: [137/200][220/282] lr: 1.74e-04 | MSE loss: 6.0933e-03 | time: 0.055
I 06.07/22:36:41 solver.py:159 ] Epoch: [137/200][240/282] lr: 1.73e-04 | MSE loss: 6.1375e-03 | time: 0.055
I 06.07/22:36:42 solver.py:159 ] Epoch: [137/200][260/282] lr: 1.73e-04 | MSE loss: 6.0138e-03 | time: 0.055
I 06.07/22:36:43 solver.py:159 ] Epoch: [137/200][280/282] lr: 1.73e-04 | MSE loss: 5.9583e-03 | time: 0.055
I 06.07/22:36:43 solver.py:169 ] => Train  Loss: 5.9331e-03

I 06.07/22:36:45 solver.py:405 ] [20/32] loss: 7.1489e-03 | NMSE: -1.8062e+01 | time: 0.052
I 06.07/22:36:45 solver.py:413 ] => Test NMSE: -1.8969e+01

I 06.07/22:36:45 solver.py:345 ] => LoRA monitor [epoch=137] | trainable=33792/33792 | non_lora_trainable=0 | lora_l2=1.249583e+01 | lora_A_l2=1.095927e+01 | lora_B_l2=6.003341e+00 | component_l2=encoder:1.249583e+01 | lora_abs_max=1.008670e+00 | delta_l2=1.252837e+01 | delta_rel=5.404274e+00 | train_loss=5.933123e-03 | test_loss=6.339296e-03 | nmse=-1.896929e+01
I 06.07/22:36:45 solver.py:224 ] 
=! Best NMSE: -1.8973e+01 (epoch=132)

I 06.07/22:36:46 solver.py:159 ] Epoch: [138/200][20/282] lr: 1.73e-04 | MSE loss: 5.5502e-03 | time: 0.059
I 06.07/22:36:47 solver.py:159 ] Epoch: [138/200][40/282] lr: 1.72e-04 | MSE loss: 5.6422e-03 | time: 0.058
I 06.07/22:36:49 solver.py:159 ] Epoch: [138/200][60/282] lr: 1.72e-04 | MSE loss: 5.7623e-03 | time: 0.055
I 06.07/22:36:50 solver.py:159 ] Epoch: [138/200][80/282] lr: 1.72e-04 | MSE loss: 6.0021e-03 | time: 0.056
I 06.07/22:36:51 solver.py:159 ] Epoch: [138/200][100/282] lr: 1.72e-04 | MSE loss: 5.9793e-03 | time: 0.057
I 06.07/22:36:52 solver.py:159 ] Epoch: [138/200][120/282] lr: 1.71e-04 | MSE loss: 6.0421e-03 | time: 0.056
I 06.07/22:36:53 solver.py:159 ] Epoch: [138/200][140/282] lr: 1.71e-04 | MSE loss: 6.0370e-03 | time: 0.056
I 06.07/22:36:54 solver.py:159 ] Epoch: [138/200][160/282] lr: 1.71e-04 | MSE loss: 6.0916e-03 | time: 0.056
I 06.07/22:36:55 solver.py:159 ] Epoch: [138/200][180/282] lr: 1.71e-04 | MSE loss: 5.9941e-03 | time: 0.056
I 06.07/22:36:56 solver.py:159 ] Epoch: [138/200][200/282] lr: 1.70e-04 | MSE loss: 6.0731e-03 | time: 0.056
I 06.07/22:36:57 solver.py:159 ] Epoch: [138/200][220/282] lr: 1.70e-04 | MSE loss: 5.9964e-03 | time: 0.056
I 06.07/22:36:59 solver.py:159 ] Epoch: [138/200][240/282] lr: 1.70e-04 | MSE loss: 5.9060e-03 | time: 0.056
I 06.07/22:37:00 solver.py:159 ] Epoch: [138/200][260/282] lr: 1.70e-04 | MSE loss: 5.9558e-03 | time: 0.056
I 06.07/22:37:01 solver.py:159 ] Epoch: [138/200][280/282] lr: 1.69e-04 | MSE loss: 5.9586e-03 | time: 0.057
I 06.07/22:37:01 solver.py:169 ] => Train  Loss: 5.9333e-03

I 06.07/22:37:03 solver.py:405 ] [20/32] loss: 7.1330e-03 | NMSE: -1.8068e+01 | time: 0.082
I 06.07/22:37:04 solver.py:413 ] => Test NMSE: -1.8976e+01

I 06.07/22:37:04 solver.py:345 ] => LoRA monitor [epoch=138] | trainable=33792/33792 | non_lora_trainable=0 | lora_l2=1.250544e+01 | lora_A_l2=1.096666e+01 | lora_B_l2=6.009871e+00 | component_l2=encoder:1.250544e+01 | lora_abs_max=1.010061e+00 | delta_l2=1.253806e+01 | delta_rel=5.408453e+00 | train_loss=5.933284e-03 | test_loss=6.330031e-03 | nmse=-1.897564e+01
I 06.07/22:37:04 solver.py:224 ] 
=! Best NMSE: -1.8976e+01 (epoch=138)

I 06.07/22:37:05 solver.py:159 ] Epoch: [139/200][20/282] lr: 1.69e-04 | MSE loss: 5.8872e-03 | time: 0.061
I 06.07/22:37:07 solver.py:159 ] Epoch: [139/200][40/282] lr: 1.69e-04 | MSE loss: 6.0225e-03 | time: 0.059
I 06.07/22:37:08 solver.py:159 ] Epoch: [139/200][60/282] lr: 1.69e-04 | MSE loss: 6.5112e-03 | time: 0.057
I 06.07/22:37:09 solver.py:159 ] Epoch: [139/200][80/282] lr: 1.68e-04 | MSE loss: 6.4284e-03 | time: 0.057
I 06.07/22:37:10 solver.py:159 ] Epoch: [139/200][100/282] lr: 1.68e-04 | MSE loss: 6.2273e-03 | time: 0.057
I 06.07/22:37:11 solver.py:159 ] Epoch: [139/200][120/282] lr: 1.68e-04 | MSE loss: 6.2417e-03 | time: 0.056
I 06.07/22:37:12 solver.py:159 ] Epoch: [139/200][140/282] lr: 1.68e-04 | MSE loss: 5.9993e-03 | time: 0.055
I 06.07/22:37:13 solver.py:159 ] Epoch: [139/200][160/282] lr: 1.67e-04 | MSE loss: 5.8520e-03 | time: 0.055
I 06.07/22:37:14 solver.py:159 ] Epoch: [139/200][180/282] lr: 1.67e-04 | MSE loss: 5.7972e-03 | time: 0.055
I 06.07/22:37:15 solver.py:159 ] Epoch: [139/200][200/282] lr: 1.67e-04 | MSE loss: 5.8034e-03 | time: 0.055
I 06.07/22:37:16 solver.py:159 ] Epoch: [139/200][220/282] lr: 1.67e-04 | MSE loss: 5.8379e-03 | time: 0.055
I 06.07/22:37:18 solver.py:159 ] Epoch: [139/200][240/282] lr: 1.66e-04 | MSE loss: 5.9588e-03 | time: 0.055
I 06.07/22:37:19 solver.py:159 ] Epoch: [139/200][260/282] lr: 1.66e-04 | MSE loss: 5.9062e-03 | time: 0.055
I 06.07/22:37:20 solver.py:159 ] Epoch: [139/200][280/282] lr: 1.66e-04 | MSE loss: 5.9248e-03 | time: 0.055
I 06.07/22:37:20 solver.py:169 ] => Train  Loss: 5.9556e-03

I 06.07/22:37:21 solver.py:405 ] [20/32] loss: 7.1301e-03 | NMSE: -1.8071e+01 | time: 0.049
I 06.07/22:37:21 solver.py:413 ] => Test NMSE: -1.8976e+01

I 06.07/22:37:21 solver.py:345 ] => LoRA monitor [epoch=139] | trainable=33792/33792 | non_lora_trainable=0 | lora_l2=1.251637e+01 | lora_A_l2=1.097513e+01 | lora_B_l2=6.017136e+00 | component_l2=encoder:1.251637e+01 | lora_abs_max=1.010451e+00 | delta_l2=1.254893e+01 | delta_rel=5.413143e+00 | train_loss=5.955600e-03 | test_loss=6.328926e-03 | nmse=-1.897640e+01
I 06.07/22:37:22 solver.py:224 ] 
=! Best NMSE: -1.8976e+01 (epoch=139)

I 06.07/22:37:23 solver.py:159 ] Epoch: [140/200][20/282] lr: 1.66e-04 | MSE loss: 6.0294e-03 | time: 0.058
I 06.07/22:37:24 solver.py:159 ] Epoch: [140/200][40/282] lr: 1.65e-04 | MSE loss: 6.4372e-03 | time: 0.057
I 06.07/22:37:25 solver.py:159 ] Epoch: [140/200][60/282] lr: 1.65e-04 | MSE loss: 5.9531e-03 | time: 0.057
I 06.07/22:37:26 solver.py:159 ] Epoch: [140/200][80/282] lr: 1.65e-04 | MSE loss: 6.0277e-03 | time: 0.056
I 06.07/22:37:27 solver.py:159 ] Epoch: [140/200][100/282] lr: 1.65e-04 | MSE loss: 5.9655e-03 | time: 0.055
I 06.07/22:37:28 solver.py:159 ] Epoch: [140/200][120/282] lr: 1.64e-04 | MSE loss: 5.8736e-03 | time: 0.055
I 06.07/22:37:29 solver.py:159 ] Epoch: [140/200][140/282] lr: 1.64e-04 | MSE loss: 5.7355e-03 | time: 0.055
I 06.07/22:37:30 solver.py:159 ] Epoch: [140/200][160/282] lr: 1.64e-04 | MSE loss: 6.0046e-03 | time: 0.054
I 06.07/22:37:31 solver.py:159 ] Epoch: [140/200][180/282] lr: 1.64e-04 | MSE loss: 6.0566e-03 | time: 0.053
I 06.07/22:37:32 solver.py:159 ] Epoch: [140/200][200/282] lr: 1.63e-04 | MSE loss: 6.1428e-03 | time: 0.053
I 06.07/22:37:33 solver.py:159 ] Epoch: [140/200][220/282] lr: 1.63e-04 | MSE loss: 6.1918e-03 | time: 0.052
I 06.07/22:37:34 solver.py:159 ] Epoch: [140/200][240/282] lr: 1.63e-04 | MSE loss: 6.0897e-03 | time: 0.052
I 06.07/22:37:36 solver.py:159 ] Epoch: [140/200][260/282] lr: 1.63e-04 | MSE loss: 5.9572e-03 | time: 0.053
I 06.07/22:37:37 solver.py:159 ] Epoch: [140/200][280/282] lr: 1.63e-04 | MSE loss: 5.9042e-03 | time: 0.053
I 06.07/22:37:37 solver.py:169 ] => Train  Loss: 5.9462e-03

I 06.07/22:37:38 solver.py:159 ] Epoch: [140/200][20/32] lr: 1.62e-04 | MSE loss: 7.1344e-03 | time: 0.045
I 06.07/22:37:38 solver.py:169 ] => Val  Loss: 6.2380e-03

I 06.07/22:37:39 solver.py:405 ] [20/32] loss: 7.1344e-03 | NMSE: -1.8070e+01 | time: 0.044
I 06.07/22:37:40 solver.py:413 ] => Test NMSE: -1.8977e+01

I 06.07/22:37:40 solver.py:345 ] => LoRA monitor [epoch=140] | trainable=33792/33792 | non_lora_trainable=0 | lora_l2=1.252541e+01 | lora_A_l2=1.098320e+01 | lora_B_l2=6.021235e+00 | component_l2=encoder:1.252541e+01 | lora_abs_max=1.011214e+00 | delta_l2=1.255818e+01 | delta_rel=5.417130e+00 | train_loss=5.946155e-03 | val_loss=6.237997e-03 | test_loss=6.328724e-03 | nmse=-1.897654e+01
I 06.07/22:37:40 solver.py:224 ] 
=! Best NMSE: -1.8977e+01 (epoch=140)

I 06.07/22:37:41 solver.py:159 ] Epoch: [141/200][20/282] lr: 1.62e-04 | MSE loss: 5.5065e-03 | time: 0.054
I 06.07/22:37:42 solver.py:159 ] Epoch: [141/200][40/282] lr: 1.62e-04 | MSE loss: 5.6115e-03 | time: 0.053
I 06.07/22:37:43 solver.py:159 ] Epoch: [141/200][60/282] lr: 1.62e-04 | MSE loss: 6.0309e-03 | time: 0.056
I 06.07/22:37:44 solver.py:159 ] Epoch: [141/200][80/282] lr: 1.62e-04 | MSE loss: 5.5713e-03 | time: 0.055
I 06.07/22:37:45 solver.py:159 ] Epoch: [141/200][100/282] lr: 1.61e-04 | MSE loss: 5.3782e-03 | time: 0.056
I 06.07/22:37:47 solver.py:159 ] Epoch: [141/200][120/282] lr: 1.61e-04 | MSE loss: 5.3555e-03 | time: 0.056
I 06.07/22:37:48 solver.py:159 ] Epoch: [141/200][140/282] lr: 1.61e-04 | MSE loss: 5.6683e-03 | time: 0.055
I 06.07/22:37:49 solver.py:159 ] Epoch: [141/200][160/282] lr: 1.61e-04 | MSE loss: 5.7716e-03 | time: 0.055
I 06.07/22:37:50 solver.py:159 ] Epoch: [141/200][180/282] lr: 1.60e-04 | MSE loss: 5.8268e-03 | time: 0.055
I 06.07/22:37:51 solver.py:159 ] Epoch: [141/200][200/282] lr: 1.60e-04 | MSE loss: 5.8169e-03 | time: 0.054
I 06.07/22:37:52 solver.py:159 ] Epoch: [141/200][220/282] lr: 1.60e-04 | MSE loss: 5.7748e-03 | time: 0.054
I 06.07/22:37:53 solver.py:159 ] Epoch: [141/200][240/282] lr: 1.60e-04 | MSE loss: 5.9108e-03 | time: 0.054
I 06.07/22:37:54 solver.py:159 ] Epoch: [141/200][260/282] lr: 1.59e-04 | MSE loss: 5.9412e-03 | time: 0.054
I 06.07/22:37:55 solver.py:159 ] Epoch: [141/200][280/282] lr: 1.59e-04 | MSE loss: 5.9323e-03 | time: 0.054
I 06.07/22:37:55 solver.py:169 ] => Train  Loss: 5.9558e-03

I 06.07/22:37:56 solver.py:405 ] [20/32] loss: 7.1291e-03 | NMSE: -1.8074e+01 | time: 0.046
I 06.07/22:37:56 solver.py:413 ] => Test NMSE: -1.8976e+01

I 06.07/22:37:56 solver.py:345 ] => LoRA monitor [epoch=141] | trainable=33792/33792 | non_lora_trainable=0 | lora_l2=1.253464e+01 | lora_A_l2=1.099037e+01 | lora_B_l2=6.027339e+00 | component_l2=encoder:1.253464e+01 | lora_abs_max=1.011854e+00 | delta_l2=1.256742e+01 | delta_rel=5.421116e+00 | train_loss=5.955830e-03 | test_loss=6.329824e-03 | nmse=-1.897578e+01
I 06.07/22:37:56 solver.py:224 ] 
=! Best NMSE: -1.8977e+01 (epoch=140)

I 06.07/22:37:58 solver.py:159 ] Epoch: [142/200][20/282] lr: 1.59e-04 | MSE loss: 6.4010e-03 | time: 0.056
I 06.07/22:37:59 solver.py:159 ] Epoch: [142/200][40/282] lr: 1.59e-04 | MSE loss: 6.5797e-03 | time: 0.056
I 06.07/22:38:00 solver.py:159 ] Epoch: [142/200][60/282] lr: 1.58e-04 | MSE loss: 6.1186e-03 | time: 0.056
I 06.07/22:38:01 solver.py:159 ] Epoch: [142/200][80/282] lr: 1.58e-04 | MSE loss: 5.9433e-03 | time: 0.061
I 06.07/22:38:03 solver.py:159 ] Epoch: [142/200][100/282] lr: 1.58e-04 | MSE loss: 5.8528e-03 | time: 0.069
I 06.07/22:38:05 solver.py:159 ] Epoch: [142/200][120/282] lr: 1.58e-04 | MSE loss: 5.7828e-03 | time: 0.069
I 06.07/22:38:06 solver.py:159 ] Epoch: [142/200][140/282] lr: 1.57e-04 | MSE loss: 5.7414e-03 | time: 0.067
I 06.07/22:38:07 solver.py:159 ] Epoch: [142/200][160/282] lr: 1.57e-04 | MSE loss: 5.6000e-03 | time: 0.066
I 06.07/22:38:08 solver.py:159 ] Epoch: [142/200][180/282] lr: 1.57e-04 | MSE loss: 5.5060e-03 | time: 0.065
I 06.07/22:38:09 solver.py:159 ] Epoch: [142/200][200/282] lr: 1.57e-04 | MSE loss: 5.6397e-03 | time: 0.063
I 06.07/22:38:10 solver.py:159 ] Epoch: [142/200][220/282] lr: 1.57e-04 | MSE loss: 5.7908e-03 | time: 0.063
I 06.07/22:38:11 solver.py:159 ] Epoch: [142/200][240/282] lr: 1.56e-04 | MSE loss: 5.8802e-03 | time: 0.062
I 06.07/22:38:12 solver.py:159 ] Epoch: [142/200][260/282] lr: 1.56e-04 | MSE loss: 5.8819e-03 | time: 0.061
I 06.07/22:38:14 solver.py:159 ] Epoch: [142/200][280/282] lr: 1.56e-04 | MSE loss: 5.9568e-03 | time: 0.061
I 06.07/22:38:14 solver.py:169 ] => Train  Loss: 5.9366e-03

I 06.07/22:38:15 solver.py:405 ] [20/32] loss: 7.1291e-03 | NMSE: -1.8075e+01 | time: 0.047
I 06.07/22:38:15 solver.py:413 ] => Test NMSE: -1.8977e+01

I 06.07/22:38:15 solver.py:345 ] => LoRA monitor [epoch=142] | trainable=33792/33792 | non_lora_trainable=0 | lora_l2=1.254286e+01 | lora_A_l2=1.099701e+01 | lora_B_l2=6.032344e+00 | component_l2=encoder:1.254286e+01 | lora_abs_max=1.012082e+00 | delta_l2=1.257575e+01 | delta_rel=5.424710e+00 | train_loss=5.936600e-03 | test_loss=6.327843e-03 | nmse=-1.897714e+01
I 06.07/22:38:16 solver.py:224 ] 
=! Best NMSE: -1.8977e+01 (epoch=142)

I 06.07/22:38:17 solver.py:159 ] Epoch: [143/200][20/282] lr: 1.56e-04 | MSE loss: 5.8633e-03 | time: 0.058
I 06.07/22:38:18 solver.py:159 ] Epoch: [143/200][40/282] lr: 1.55e-04 | MSE loss: 5.5547e-03 | time: 0.058
I 06.07/22:38:19 solver.py:159 ] Epoch: [143/200][60/282] lr: 1.55e-04 | MSE loss: 5.8612e-03 | time: 0.057
I 06.07/22:38:20 solver.py:159 ] Epoch: [143/200][80/282] lr: 1.55e-04 | MSE loss: 5.7085e-03 | time: 0.058
I 06.07/22:38:21 solver.py:159 ] Epoch: [143/200][100/282] lr: 1.55e-04 | MSE loss: 5.8726e-03 | time: 0.057
I 06.07/22:38:22 solver.py:159 ] Epoch: [143/200][120/282] lr: 1.54e-04 | MSE loss: 5.8990e-03 | time: 0.056
I 06.07/22:38:23 solver.py:159 ] Epoch: [143/200][140/282] lr: 1.54e-04 | MSE loss: 5.9549e-03 | time: 0.056
I 06.07/22:38:25 solver.py:159 ] Epoch: [143/200][160/282] lr: 1.54e-04 | MSE loss: 6.1807e-03 | time: 0.056
I 06.07/22:38:26 solver.py:159 ] Epoch: [143/200][180/282] lr: 1.54e-04 | MSE loss: 6.1305e-03 | time: 0.056
I 06.07/22:38:27 solver.py:159 ] Epoch: [143/200][200/282] lr: 1.53e-04 | MSE loss: 6.0183e-03 | time: 0.056
I 06.07/22:38:28 solver.py:159 ] Epoch: [143/200][220/282] lr: 1.53e-04 | MSE loss: 6.0093e-03 | time: 0.056
I 06.07/22:38:29 solver.py:159 ] Epoch: [143/200][240/282] lr: 1.53e-04 | MSE loss: 6.0292e-03 | time: 0.056
I 06.07/22:38:30 solver.py:159 ] Epoch: [143/200][260/282] lr: 1.53e-04 | MSE loss: 5.9422e-03 | time: 0.056
I 06.07/22:38:31 solver.py:159 ] Epoch: [143/200][280/282] lr: 1.52e-04 | MSE loss: 5.9517e-03 | time: 0.056
I 06.07/22:38:31 solver.py:169 ] => Train  Loss: 5.9314e-03

I 06.07/22:38:32 solver.py:405 ] [20/32] loss: 7.1322e-03 | NMSE: -1.8070e+01 | time: 0.046
I 06.07/22:38:33 solver.py:413 ] => Test NMSE: -1.8975e+01

I 06.07/22:38:33 solver.py:345 ] => LoRA monitor [epoch=143] | trainable=33792/33792 | non_lora_trainable=0 | lora_l2=1.255177e+01 | lora_A_l2=1.100403e+01 | lora_B_l2=6.038057e+00 | component_l2=encoder:1.255177e+01 | lora_abs_max=1.014019e+00 | delta_l2=1.258477e+01 | delta_rel=5.428600e+00 | train_loss=5.931434e-03 | test_loss=6.330260e-03 | nmse=-1.897548e+01
I 06.07/22:38:33 solver.py:224 ] 
=! Best NMSE: -1.8977e+01 (epoch=142)

I 06.07/22:38:34 solver.py:159 ] Epoch: [144/200][20/282] lr: 1.52e-04 | MSE loss: 5.5669e-03 | time: 0.060
I 06.07/22:38:35 solver.py:159 ] Epoch: [144/200][40/282] lr: 1.52e-04 | MSE loss: 5.8065e-03 | time: 0.057
I 06.07/22:38:36 solver.py:159 ] Epoch: [144/200][60/282] lr: 1.52e-04 | MSE loss: 5.4185e-03 | time: 0.058
I 06.07/22:38:37 solver.py:159 ] Epoch: [144/200][80/282] lr: 1.52e-04 | MSE loss: 5.5491e-03 | time: 0.057
I 06.07/22:38:38 solver.py:159 ] Epoch: [144/200][100/282] lr: 1.51e-04 | MSE loss: 5.4915e-03 | time: 0.057
I 06.07/22:38:40 solver.py:159 ] Epoch: [144/200][120/282] lr: 1.51e-04 | MSE loss: 5.5090e-03 | time: 0.057
I 06.07/22:38:41 solver.py:159 ] Epoch: [144/200][140/282] lr: 1.51e-04 | MSE loss: 5.6507e-03 | time: 0.057
I 06.07/22:38:42 solver.py:159 ] Epoch: [144/200][160/282] lr: 1.51e-04 | MSE loss: 5.7016e-03 | time: 0.057
I 06.07/22:38:43 solver.py:159 ] Epoch: [144/200][180/282] lr: 1.50e-04 | MSE loss: 5.6683e-03 | time: 0.057
I 06.07/22:38:44 solver.py:159 ] Epoch: [144/200][200/282] lr: 1.50e-04 | MSE loss: 5.7608e-03 | time: 0.056
I 06.07/22:38:45 solver.py:159 ] Epoch: [144/200][220/282] lr: 1.50e-04 | MSE loss: 5.7683e-03 | time: 0.056
I 06.07/22:38:46 solver.py:159 ] Epoch: [144/200][240/282] lr: 1.50e-04 | MSE loss: 5.8552e-03 | time: 0.056
I 06.07/22:38:47 solver.py:159 ] Epoch: [144/200][260/282] lr: 1.49e-04 | MSE loss: 5.8513e-03 | time: 0.056
I 06.07/22:38:48 solver.py:159 ] Epoch: [144/200][280/282] lr: 1.49e-04 | MSE loss: 5.9431e-03 | time: 0.056
I 06.07/22:38:48 solver.py:169 ] => Train  Loss: 5.9411e-03

I 06.07/22:38:50 solver.py:405 ] [20/32] loss: 7.1361e-03 | NMSE: -1.8072e+01 | time: 0.062
I 06.07/22:38:50 solver.py:413 ] => Test NMSE: -1.8973e+01

I 06.07/22:38:50 solver.py:345 ] => LoRA monitor [epoch=144] | trainable=33792/33792 | non_lora_trainable=0 | lora_l2=1.256113e+01 | lora_A_l2=1.101192e+01 | lora_B_l2=6.043160e+00 | component_l2=encoder:1.256113e+01 | lora_abs_max=1.015133e+00 | delta_l2=1.259417e+01 | delta_rel=5.432656e+00 | train_loss=5.941100e-03 | test_loss=6.333851e-03 | nmse=-1.897302e+01
I 06.07/22:38:50 solver.py:224 ] 
=! Best NMSE: -1.8977e+01 (epoch=142)

I 06.07/22:38:52 solver.py:159 ] Epoch: [145/200][20/282] lr: 1.49e-04 | MSE loss: 5.4082e-03 | time: 0.062
I 06.07/22:38:53 solver.py:159 ] Epoch: [145/200][40/282] lr: 1.49e-04 | MSE loss: 5.5937e-03 | time: 0.059
I 06.07/22:38:54 solver.py:159 ] Epoch: [145/200][60/282] lr: 1.48e-04 | MSE loss: 5.7938e-03 | time: 0.055
I 06.07/22:38:55 solver.py:159 ] Epoch: [145/200][80/282] lr: 1.48e-04 | MSE loss: 5.7533e-03 | time: 0.053
I 06.07/22:38:56 solver.py:159 ] Epoch: [145/200][100/282] lr: 1.48e-04 | MSE loss: 6.1361e-03 | time: 0.052
I 06.07/22:38:57 solver.py:159 ] Epoch: [145/200][120/282] lr: 1.48e-04 | MSE loss: 5.9671e-03 | time: 0.051
I 06.07/22:38:58 solver.py:159 ] Epoch: [145/200][140/282] lr: 1.48e-04 | MSE loss: 5.9262e-03 | time: 0.051
I 06.07/22:38:59 solver.py:159 ] Epoch: [145/200][160/282] lr: 1.47e-04 | MSE loss: 6.0111e-03 | time: 0.050
I 06.07/22:39:00 solver.py:159 ] Epoch: [145/200][180/282] lr: 1.47e-04 | MSE loss: 6.0500e-03 | time: 0.051
I 06.07/22:39:01 solver.py:159 ] Epoch: [145/200][200/282] lr: 1.47e-04 | MSE loss: 5.9801e-03 | time: 0.051
I 06.07/22:39:02 solver.py:159 ] Epoch: [145/200][220/282] lr: 1.47e-04 | MSE loss: 5.8708e-03 | time: 0.052
I 06.07/22:39:04 solver.py:159 ] Epoch: [145/200][240/282] lr: 1.46e-04 | MSE loss: 5.9510e-03 | time: 0.055
I 06.07/22:39:05 solver.py:159 ] Epoch: [145/200][260/282] lr: 1.46e-04 | MSE loss: 5.9956e-03 | time: 0.055
I 06.07/22:39:06 solver.py:159 ] Epoch: [145/200][280/282] lr: 1.46e-04 | MSE loss: 5.9372e-03 | time: 0.055
I 06.07/22:39:06 solver.py:169 ] => Train  Loss: 5.9752e-03

I 06.07/22:39:07 solver.py:405 ] [20/32] loss: 7.1550e-03 | NMSE: -1.8058e+01 | time: 0.046
I 06.07/22:39:08 solver.py:413 ] => Test NMSE: -1.8958e+01

I 06.07/22:39:08 solver.py:345 ] => LoRA monitor [epoch=145] | trainable=33792/33792 | non_lora_trainable=0 | lora_l2=1.256908e+01 | lora_A_l2=1.101803e+01 | lora_B_l2=6.048532e+00 | component_l2=encoder:1.256908e+01 | lora_abs_max=1.015629e+00 | delta_l2=1.260229e+01 | delta_rel=5.436158e+00 | train_loss=5.975237e-03 | test_loss=6.356389e-03 | nmse=-1.895760e+01
I 06.07/22:39:08 solver.py:224 ] 
=! Best NMSE: -1.8977e+01 (epoch=142)

I 06.07/22:39:09 solver.py:159 ] Epoch: [146/200][20/282] lr: 1.46e-04 | MSE loss: 5.3824e-03 | time: 0.053
I 06.07/22:39:10 solver.py:159 ] Epoch: [146/200][40/282] lr: 1.45e-04 | MSE loss: 6.1325e-03 | time: 0.052
I 06.07/22:39:11 solver.py:159 ] Epoch: [146/200][60/282] lr: 1.45e-04 | MSE loss: 6.5783e-03 | time: 0.051
I 06.07/22:39:12 solver.py:159 ] Epoch: [146/200][80/282] lr: 1.45e-04 | MSE loss: 6.3863e-03 | time: 0.051
I 06.07/22:39:13 solver.py:159 ] Epoch: [146/200][100/282] lr: 1.45e-04 | MSE loss: 6.1917e-03 | time: 0.051
I 06.07/22:39:14 solver.py:159 ] Epoch: [146/200][120/282] lr: 1.45e-04 | MSE loss: 5.9731e-03 | time: 0.051
I 06.07/22:39:14 solver.py:159 ] Epoch: [146/200][140/282] lr: 1.44e-04 | MSE loss: 5.8914e-03 | time: 0.050
I 06.07/22:39:15 solver.py:159 ] Epoch: [146/200][160/282] lr: 1.44e-04 | MSE loss: 5.8168e-03 | time: 0.047
I 06.07/22:39:16 solver.py:159 ] Epoch: [146/200][180/282] lr: 1.44e-04 | MSE loss: 6.0440e-03 | time: 0.046
I 06.07/22:39:16 solver.py:159 ] Epoch: [146/200][200/282] lr: 1.44e-04 | MSE loss: 6.0794e-03 | time: 0.045
I 06.07/22:39:17 solver.py:159 ] Epoch: [146/200][220/282] lr: 1.43e-04 | MSE loss: 6.0402e-03 | time: 0.044
I 06.07/22:39:18 solver.py:159 ] Epoch: [146/200][240/282] lr: 1.43e-04 | MSE loss: 6.0056e-03 | time: 0.044
I 06.07/22:39:19 solver.py:159 ] Epoch: [146/200][260/282] lr: 1.43e-04 | MSE loss: 5.9999e-03 | time: 0.044
I 06.07/22:39:20 solver.py:159 ] Epoch: [146/200][280/282] lr: 1.43e-04 | MSE loss: 5.9565e-03 | time: 0.045
I 06.07/22:39:20 solver.py:169 ] => Train  Loss: 5.9288e-03

I 06.07/22:39:21 solver.py:405 ] [20/32] loss: 7.1273e-03 | NMSE: -1.8075e+01 | time: 0.038
I 06.07/22:39:21 solver.py:413 ] => Test NMSE: -1.8980e+01

I 06.07/22:39:21 solver.py:345 ] => LoRA monitor [epoch=146] | trainable=33792/33792 | non_lora_trainable=0 | lora_l2=1.257509e+01 | lora_A_l2=1.102331e+01 | lora_B_l2=6.051404e+00 | component_l2=encoder:1.257509e+01 | lora_abs_max=1.017192e+00 | delta_l2=1.260852e+01 | delta_rel=5.438845e+00 | train_loss=5.928841e-03 | test_loss=6.324041e-03 | nmse=-1.897976e+01
I 06.07/22:39:22 solver.py:224 ] 
=! Best NMSE: -1.8980e+01 (epoch=146)

I 06.07/22:39:23 solver.py:159 ] Epoch: [147/200][20/282] lr: 1.43e-04 | MSE loss: 5.5210e-03 | time: 0.050
I 06.07/22:39:24 solver.py:159 ] Epoch: [147/200][40/282] lr: 1.42e-04 | MSE loss: 5.6311e-03 | time: 0.047
I 06.07/22:39:24 solver.py:159 ] Epoch: [147/200][60/282] lr: 1.42e-04 | MSE loss: 5.6464e-03 | time: 0.045
I 06.07/22:39:25 solver.py:159 ] Epoch: [147/200][80/282] lr: 1.42e-04 | MSE loss: 6.2101e-03 | time: 0.045
I 06.07/22:39:26 solver.py:159 ] Epoch: [147/200][100/282] lr: 1.42e-04 | MSE loss: 6.0686e-03 | time: 0.046
I 06.07/22:39:27 solver.py:159 ] Epoch: [147/200][120/282] lr: 1.41e-04 | MSE loss: 6.1053e-03 | time: 0.046
I 06.07/22:39:28 solver.py:159 ] Epoch: [147/200][140/282] lr: 1.41e-04 | MSE loss: 6.1023e-03 | time: 0.045
I 06.07/22:39:29 solver.py:159 ] Epoch: [147/200][160/282] lr: 1.41e-04 | MSE loss: 5.9794e-03 | time: 0.044
I 06.07/22:39:30 solver.py:159 ] Epoch: [147/200][180/282] lr: 1.41e-04 | MSE loss: 5.9487e-03 | time: 0.045
I 06.07/22:39:31 solver.py:159 ] Epoch: [147/200][200/282] lr: 1.41e-04 | MSE loss: 5.9058e-03 | time: 0.045
I 06.07/22:39:32 solver.py:159 ] Epoch: [147/200][220/282] lr: 1.40e-04 | MSE loss: 5.9128e-03 | time: 0.045
I 06.07/22:39:32 solver.py:159 ] Epoch: [147/200][240/282] lr: 1.40e-04 | MSE loss: 5.9121e-03 | time: 0.045
I 06.07/22:39:33 solver.py:159 ] Epoch: [147/200][260/282] lr: 1.40e-04 | MSE loss: 5.8828e-03 | time: 0.045
I 06.07/22:39:34 solver.py:159 ] Epoch: [147/200][280/282] lr: 1.40e-04 | MSE loss: 5.9172e-03 | time: 0.045
I 06.07/22:39:34 solver.py:169 ] => Train  Loss: 5.9390e-03

I 06.07/22:39:35 solver.py:405 ] [20/32] loss: 7.1365e-03 | NMSE: -1.8071e+01 | time: 0.037
I 06.07/22:39:35 solver.py:413 ] => Test NMSE: -1.8969e+01

I 06.07/22:39:35 solver.py:345 ] => LoRA monitor [epoch=147] | trainable=33792/33792 | non_lora_trainable=0 | lora_l2=1.258456e+01 | lora_A_l2=1.103063e+01 | lora_B_l2=6.057755e+00 | component_l2=encoder:1.258456e+01 | lora_abs_max=1.017264e+00 | delta_l2=1.261798e+01 | delta_rel=5.442928e+00 | train_loss=5.939044e-03 | test_loss=6.339940e-03 | nmse=-1.896885e+01
I 06.07/22:39:35 solver.py:224 ] 
=! Best NMSE: -1.8980e+01 (epoch=146)

I 06.07/22:39:36 solver.py:159 ] Epoch: [148/200][20/282] lr: 1.39e-04 | MSE loss: 4.3451e-03 | time: 0.046
I 06.07/22:39:37 solver.py:159 ] Epoch: [148/200][40/282] lr: 1.39e-04 | MSE loss: 5.7847e-03 | time: 0.045
I 06.07/22:39:38 solver.py:159 ] Epoch: [148/200][60/282] lr: 1.39e-04 | MSE loss: 6.3327e-03 | time: 0.046
I 06.07/22:39:39 solver.py:159 ] Epoch: [148/200][80/282] lr: 1.39e-04 | MSE loss: 6.4665e-03 | time: 0.045
I 06.07/22:39:40 solver.py:159 ] Epoch: [148/200][100/282] lr: 1.38e-04 | MSE loss: 6.2103e-03 | time: 0.044
I 06.07/22:39:41 solver.py:159 ] Epoch: [148/200][120/282] lr: 1.38e-04 | MSE loss: 6.1920e-03 | time: 0.043
I 06.07/22:39:42 solver.py:159 ] Epoch: [148/200][140/282] lr: 1.38e-04 | MSE loss: 6.0349e-03 | time: 0.043
I 06.07/22:39:42 solver.py:159 ] Epoch: [148/200][160/282] lr: 1.38e-04 | MSE loss: 5.9235e-03 | time: 0.043
I 06.07/22:39:43 solver.py:159 ] Epoch: [148/200][180/282] lr: 1.38e-04 | MSE loss: 6.0331e-03 | time: 0.042
I 06.07/22:39:44 solver.py:159 ] Epoch: [148/200][200/282] lr: 1.37e-04 | MSE loss: 6.0037e-03 | time: 0.042
I 06.07/22:39:45 solver.py:159 ] Epoch: [148/200][220/282] lr: 1.37e-04 | MSE loss: 5.9126e-03 | time: 0.042
I 06.07/22:39:46 solver.py:159 ] Epoch: [148/200][240/282] lr: 1.37e-04 | MSE loss: 5.9939e-03 | time: 0.043
I 06.07/22:39:47 solver.py:159 ] Epoch: [148/200][260/282] lr: 1.37e-04 | MSE loss: 5.9991e-03 | time: 0.043
I 06.07/22:39:48 solver.py:159 ] Epoch: [148/200][280/282] lr: 1.36e-04 | MSE loss: 5.9222e-03 | time: 0.043
I 06.07/22:39:48 solver.py:169 ] => Train  Loss: 5.9278e-03

I 06.07/22:39:48 solver.py:405 ] [20/32] loss: 7.1260e-03 | NMSE: -1.8077e+01 | time: 0.039
I 06.07/22:39:49 solver.py:413 ] => Test NMSE: -1.8979e+01

I 06.07/22:39:49 solver.py:345 ] => LoRA monitor [epoch=148] | trainable=33792/33792 | non_lora_trainable=0 | lora_l2=1.259180e+01 | lora_A_l2=1.103657e+01 | lora_B_l2=6.061984e+00 | component_l2=encoder:1.259180e+01 | lora_abs_max=1.018575e+00 | delta_l2=1.262533e+01 | delta_rel=5.446095e+00 | train_loss=5.927806e-03 | test_loss=6.324469e-03 | nmse=-1.897946e+01
I 06.07/22:39:49 solver.py:224 ] 
=! Best NMSE: -1.8980e+01 (epoch=146)

I 06.07/22:39:50 solver.py:159 ] Epoch: [149/200][20/282] lr: 1.36e-04 | MSE loss: 6.8186e-03 | time: 0.043
I 06.07/22:39:50 solver.py:159 ] Epoch: [149/200][40/282] lr: 1.36e-04 | MSE loss: 6.6496e-03 | time: 0.040
I 06.07/22:39:51 solver.py:159 ] Epoch: [149/200][60/282] lr: 1.36e-04 | MSE loss: 6.2349e-03 | time: 0.042
I 06.07/22:39:52 solver.py:159 ] Epoch: [149/200][80/282] lr: 1.36e-04 | MSE loss: 6.1250e-03 | time: 0.041
I 06.07/22:39:53 solver.py:159 ] Epoch: [149/200][100/282] lr: 1.35e-04 | MSE loss: 6.0663e-03 | time: 0.041
I 06.07/22:39:54 solver.py:159 ] Epoch: [149/200][120/282] lr: 1.35e-04 | MSE loss: 5.8534e-03 | time: 0.041
I 06.07/22:39:55 solver.py:159 ] Epoch: [149/200][140/282] lr: 1.35e-04 | MSE loss: 5.6773e-03 | time: 0.041
I 06.07/22:39:55 solver.py:159 ] Epoch: [149/200][160/282] lr: 1.35e-04 | MSE loss: 5.7685e-03 | time: 0.041
I 06.07/22:39:56 solver.py:159 ] Epoch: [149/200][180/282] lr: 1.35e-04 | MSE loss: 5.7078e-03 | time: 0.041
I 06.07/22:39:57 solver.py:159 ] Epoch: [149/200][200/282] lr: 1.34e-04 | MSE loss: 5.8258e-03 | time: 0.041
I 06.07/22:39:58 solver.py:159 ] Epoch: [149/200][220/282] lr: 1.34e-04 | MSE loss: 5.7905e-03 | time: 0.041
I 06.07/22:39:59 solver.py:159 ] Epoch: [149/200][240/282] lr: 1.34e-04 | MSE loss: 5.8435e-03 | time: 0.041
I 06.07/22:40:00 solver.py:159 ] Epoch: [149/200][260/282] lr: 1.34e-04 | MSE loss: 5.8938e-03 | time: 0.041
I 06.07/22:40:00 solver.py:159 ] Epoch: [149/200][280/282] lr: 1.33e-04 | MSE loss: 5.9159e-03 | time: 0.042
I 06.07/22:40:01 solver.py:169 ] => Train  Loss: 5.9355e-03

I 06.07/22:40:02 solver.py:405 ] [20/32] loss: 7.1352e-03 | NMSE: -1.8072e+01 | time: 0.073
I 06.07/22:40:03 solver.py:413 ] => Test NMSE: -1.8974e+01

I 06.07/22:40:03 solver.py:345 ] => LoRA monitor [epoch=149] | trainable=33792/33792 | non_lora_trainable=0 | lora_l2=1.259877e+01 | lora_A_l2=1.104234e+01 | lora_B_l2=6.065936e+00 | component_l2=encoder:1.259877e+01 | lora_abs_max=1.019607e+00 | delta_l2=1.263222e+01 | delta_rel=5.449071e+00 | train_loss=5.935505e-03 | test_loss=6.333126e-03 | nmse=-1.897352e+01
I 06.07/22:40:03 solver.py:224 ] 
=! Best NMSE: -1.8980e+01 (epoch=146)

I 06.07/22:40:05 solver.py:159 ] Epoch: [150/200][20/282] lr: 1.33e-04 | MSE loss: 4.4914e-03 | time: 0.077
I 06.07/22:40:06 solver.py:159 ] Epoch: [150/200][40/282] lr: 1.33e-04 | MSE loss: 5.2548e-03 | time: 0.058
I 06.07/22:40:06 solver.py:159 ] Epoch: [150/200][60/282] lr: 1.33e-04 | MSE loss: 5.4521e-03 | time: 0.051
I 06.07/22:40:07 solver.py:159 ] Epoch: [150/200][80/282] lr: 1.33e-04 | MSE loss: 5.6027e-03 | time: 0.048
I 06.07/22:40:08 solver.py:159 ] Epoch: [150/200][100/282] lr: 1.32e-04 | MSE loss: 5.9916e-03 | time: 0.047
I 06.07/22:40:09 solver.py:159 ] Epoch: [150/200][120/282] lr: 1.32e-04 | MSE loss: 6.0677e-03 | time: 0.047
I 06.07/22:40:10 solver.py:159 ] Epoch: [150/200][140/282] lr: 1.32e-04 | MSE loss: 6.0752e-03 | time: 0.047
I 06.07/22:40:11 solver.py:159 ] Epoch: [150/200][160/282] lr: 1.32e-04 | MSE loss: 5.9142e-03 | time: 0.046
I 06.07/22:40:11 solver.py:159 ] Epoch: [150/200][180/282] lr: 1.31e-04 | MSE loss: 5.8548e-03 | time: 0.045
I 06.07/22:40:12 solver.py:159 ] Epoch: [150/200][200/282] lr: 1.31e-04 | MSE loss: 5.9278e-03 | time: 0.044
I 06.07/22:40:13 solver.py:159 ] Epoch: [150/200][220/282] lr: 1.31e-04 | MSE loss: 5.9453e-03 | time: 0.044
I 06.07/22:40:14 solver.py:159 ] Epoch: [150/200][240/282] lr: 1.31e-04 | MSE loss: 5.9052e-03 | time: 0.044
I 06.07/22:40:15 solver.py:159 ] Epoch: [150/200][260/282] lr: 1.31e-04 | MSE loss: 5.9288e-03 | time: 0.044
I 06.07/22:40:16 solver.py:159 ] Epoch: [150/200][280/282] lr: 1.30e-04 | MSE loss: 5.9528e-03 | time: 0.044
I 06.07/22:40:16 solver.py:169 ] => Train  Loss: 5.9466e-03

I 06.07/22:40:16 solver.py:159 ] Epoch: [150/200][20/32] lr: 1.30e-04 | MSE loss: 7.1469e-03 | time: 0.037
I 06.07/22:40:17 solver.py:169 ] => Val  Loss: 6.2515e-03

I 06.07/22:40:18 solver.py:405 ] [20/32] loss: 7.1469e-03 | NMSE: -1.8065e+01 | time: 0.034
I 06.07/22:40:18 solver.py:413 ] => Test NMSE: -1.8968e+01

I 06.07/22:40:18 solver.py:345 ] => LoRA monitor [epoch=150] | trainable=33792/33792 | non_lora_trainable=0 | lora_l2=1.260519e+01 | lora_A_l2=1.104782e+01 | lora_B_l2=6.069306e+00 | component_l2=encoder:1.260519e+01 | lora_abs_max=1.021109e+00 | delta_l2=1.263885e+01 | delta_rel=5.451931e+00 | train_loss=5.946616e-03 | val_loss=6.251549e-03 | test_loss=6.341767e-03 | nmse=-1.896760e+01
I 06.07/22:40:18 solver.py:224 ] 
=! Best NMSE: -1.8980e+01 (epoch=146)

I 06.07/22:40:19 solver.py:159 ] Epoch: [151/200][20/282] lr: 1.30e-04 | MSE loss: 6.0611e-03 | time: 0.039
I 06.07/22:40:19 solver.py:159 ] Epoch: [151/200][40/282] lr: 1.30e-04 | MSE loss: 7.1394e-03 | time: 0.039
I 06.07/22:40:20 solver.py:159 ] Epoch: [151/200][60/282] lr: 1.30e-04 | MSE loss: 6.9426e-03 | time: 0.040
I 06.07/22:40:21 solver.py:159 ] Epoch: [151/200][80/282] lr: 1.30e-04 | MSE loss: 6.1729e-03 | time: 0.039
I 06.07/22:40:22 solver.py:159 ] Epoch: [151/200][100/282] lr: 1.29e-04 | MSE loss: 5.7838e-03 | time: 0.040
I 06.07/22:40:23 solver.py:159 ] Epoch: [151/200][120/282] lr: 1.29e-04 | MSE loss: 5.8126e-03 | time: 0.041
I 06.07/22:40:24 solver.py:159 ] Epoch: [151/200][140/282] lr: 1.29e-04 | MSE loss: 5.8853e-03 | time: 0.040
I 06.07/22:40:24 solver.py:159 ] Epoch: [151/200][160/282] lr: 1.29e-04 | MSE loss: 5.7971e-03 | time: 0.040
I 06.07/22:40:25 solver.py:159 ] Epoch: [151/200][180/282] lr: 1.28e-04 | MSE loss: 5.6894e-03 | time: 0.040
I 06.07/22:40:26 solver.py:159 ] Epoch: [151/200][200/282] lr: 1.28e-04 | MSE loss: 5.6804e-03 | time: 0.041
I 06.07/22:40:27 solver.py:159 ] Epoch: [151/200][220/282] lr: 1.28e-04 | MSE loss: 5.7770e-03 | time: 0.041
I 06.07/22:40:28 solver.py:159 ] Epoch: [151/200][240/282] lr: 1.28e-04 | MSE loss: 6.0262e-03 | time: 0.041
I 06.07/22:40:28 solver.py:159 ] Epoch: [151/200][260/282] lr: 1.28e-04 | MSE loss: 6.0561e-03 | time: 0.041
I 06.07/22:40:29 solver.py:159 ] Epoch: [151/200][280/282] lr: 1.27e-04 | MSE loss: 5.9381e-03 | time: 0.041
I 06.07/22:40:29 solver.py:169 ] => Train  Loss: 5.9319e-03

I 06.07/22:40:30 solver.py:405 ] [20/32] loss: 7.1380e-03 | NMSE: -1.8071e+01 | time: 0.033
I 06.07/22:40:30 solver.py:413 ] => Test NMSE: -1.8974e+01

I 06.07/22:40:30 solver.py:345 ] => LoRA monitor [epoch=151] | trainable=33792/33792 | non_lora_trainable=0 | lora_l2=1.261217e+01 | lora_A_l2=1.105332e+01 | lora_B_l2=6.073783e+00 | component_l2=encoder:1.261217e+01 | lora_abs_max=1.021920e+00 | delta_l2=1.264583e+01 | delta_rel=5.454942e+00 | train_loss=5.931868e-03 | test_loss=6.332641e-03 | nmse=-1.897385e+01
I 06.07/22:40:30 solver.py:224 ] 
=! Best NMSE: -1.8980e+01 (epoch=146)

I 06.07/22:40:31 solver.py:159 ] Epoch: [152/200][20/282] lr: 1.27e-04 | MSE loss: 7.5264e-03 | time: 0.043
I 06.07/22:40:32 solver.py:159 ] Epoch: [152/200][40/282] lr: 1.27e-04 | MSE loss: 7.1185e-03 | time: 0.042
I 06.07/22:40:33 solver.py:159 ] Epoch: [152/200][60/282] lr: 1.27e-04 | MSE loss: 6.7197e-03 | time: 0.040
I 06.07/22:40:34 solver.py:159 ] Epoch: [152/200][80/282] lr: 1.27e-04 | MSE loss: 6.6023e-03 | time: 0.040
I 06.07/22:40:34 solver.py:159 ] Epoch: [152/200][100/282] lr: 1.26e-04 | MSE loss: 6.3642e-03 | time: 0.040
I 06.07/22:40:35 solver.py:159 ] Epoch: [152/200][120/282] lr: 1.26e-04 | MSE loss: 6.3206e-03 | time: 0.040
I 06.07/22:40:36 solver.py:159 ] Epoch: [152/200][140/282] lr: 1.26e-04 | MSE loss: 6.2347e-03 | time: 0.040
I 06.07/22:40:37 solver.py:159 ] Epoch: [152/200][160/282] lr: 1.26e-04 | MSE loss: 6.0106e-03 | time: 0.040
I 06.07/22:40:38 solver.py:159 ] Epoch: [152/200][180/282] lr: 1.26e-04 | MSE loss: 5.9302e-03 | time: 0.040
I 06.07/22:40:38 solver.py:159 ] Epoch: [152/200][200/282] lr: 1.25e-04 | MSE loss: 5.9564e-03 | time: 0.039
I 06.07/22:40:39 solver.py:159 ] Epoch: [152/200][220/282] lr: 1.25e-04 | MSE loss: 5.9796e-03 | time: 0.039
I 06.07/22:40:40 solver.py:159 ] Epoch: [152/200][240/282] lr: 1.25e-04 | MSE loss: 5.8938e-03 | time: 0.039
I 06.07/22:40:41 solver.py:159 ] Epoch: [152/200][260/282] lr: 1.25e-04 | MSE loss: 5.8327e-03 | time: 0.039
I 06.07/22:40:42 solver.py:159 ] Epoch: [152/200][280/282] lr: 1.24e-04 | MSE loss: 5.9223e-03 | time: 0.040
I 06.07/22:40:42 solver.py:169 ] => Train  Loss: 5.9231e-03

I 06.07/22:40:42 solver.py:405 ] [20/32] loss: 7.1316e-03 | NMSE: -1.8072e+01 | time: 0.031
I 06.07/22:40:43 solver.py:413 ] => Test NMSE: -1.8976e+01

I 06.07/22:40:43 solver.py:345 ] => LoRA monitor [epoch=152] | trainable=33792/33792 | non_lora_trainable=0 | lora_l2=1.261963e+01 | lora_A_l2=1.105959e+01 | lora_B_l2=6.077881e+00 | component_l2=encoder:1.261963e+01 | lora_abs_max=1.022129e+00 | delta_l2=1.265342e+01 | delta_rel=5.458216e+00 | train_loss=5.923094e-03 | test_loss=6.330049e-03 | nmse=-1.897563e+01
I 06.07/22:40:43 solver.py:224 ] 
=! Best NMSE: -1.8980e+01 (epoch=146)

I 06.07/22:40:43 solver.py:159 ] Epoch: [153/200][20/282] lr: 1.24e-04 | MSE loss: 5.2644e-03 | time: 0.040
I 06.07/22:40:44 solver.py:159 ] Epoch: [153/200][40/282] lr: 1.24e-04 | MSE loss: 5.2291e-03 | time: 0.040
I 06.07/22:40:45 solver.py:159 ] Epoch: [153/200][60/282] lr: 1.24e-04 | MSE loss: 5.6351e-03 | time: 0.040
I 06.07/22:40:46 solver.py:159 ] Epoch: [153/200][80/282] lr: 1.24e-04 | MSE loss: 5.6794e-03 | time: 0.039
I 06.07/22:40:46 solver.py:159 ] Epoch: [153/200][100/282] lr: 1.23e-04 | MSE loss: 5.7454e-03 | time: 0.039
I 06.07/22:40:47 solver.py:159 ] Epoch: [153/200][120/282] lr: 1.23e-04 | MSE loss: 5.6050e-03 | time: 0.039
I 06.07/22:40:48 solver.py:159 ] Epoch: [153/200][140/282] lr: 1.23e-04 | MSE loss: 5.6856e-03 | time: 0.039
I 06.07/22:40:49 solver.py:159 ] Epoch: [153/200][160/282] lr: 1.23e-04 | MSE loss: 5.9552e-03 | time: 0.039
I 06.07/22:40:50 solver.py:159 ] Epoch: [153/200][180/282] lr: 1.23e-04 | MSE loss: 5.9138e-03 | time: 0.039
I 06.07/22:40:50 solver.py:159 ] Epoch: [153/200][200/282] lr: 1.22e-04 | MSE loss: 5.9667e-03 | time: 0.039
I 06.07/22:40:51 solver.py:159 ] Epoch: [153/200][220/282] lr: 1.22e-04 | MSE loss: 6.0455e-03 | time: 0.039
I 06.07/22:40:52 solver.py:159 ] Epoch: [153/200][240/282] lr: 1.22e-04 | MSE loss: 5.9952e-03 | time: 0.039
I 06.07/22:40:53 solver.py:159 ] Epoch: [153/200][260/282] lr: 1.22e-04 | MSE loss: 5.9732e-03 | time: 0.039
I 06.07/22:40:53 solver.py:159 ] Epoch: [153/200][280/282] lr: 1.22e-04 | MSE loss: 5.9344e-03 | time: 0.039
I 06.07/22:40:53 solver.py:169 ] => Train  Loss: 5.9218e-03

I 06.07/22:40:54 solver.py:405 ] [20/32] loss: 7.1253e-03 | NMSE: -1.8077e+01 | time: 0.025
I 06.07/22:40:54 solver.py:413 ] => Test NMSE: -1.8977e+01

I 06.07/22:40:54 solver.py:345 ] => LoRA monitor [epoch=153] | trainable=33792/33792 | non_lora_trainable=0 | lora_l2=1.262647e+01 | lora_A_l2=1.106554e+01 | lora_B_l2=6.081250e+00 | component_l2=encoder:1.262647e+01 | lora_abs_max=1.022807e+00 | delta_l2=1.266041e+01 | delta_rel=5.461228e+00 | train_loss=5.921795e-03 | test_loss=6.328052e-03 | nmse=-1.897700e+01
I 06.07/22:40:54 solver.py:224 ] 
=! Best NMSE: -1.8980e+01 (epoch=146)

I 06.07/22:40:55 solver.py:159 ] Epoch: [154/200][20/282] lr: 1.21e-04 | MSE loss: 5.3652e-03 | time: 0.038
I 06.07/22:40:56 solver.py:159 ] Epoch: [154/200][40/282] lr: 1.21e-04 | MSE loss: 5.2936e-03 | time: 0.038
I 06.07/22:40:57 solver.py:159 ] Epoch: [154/200][60/282] lr: 1.21e-04 | MSE loss: 5.4740e-03 | time: 0.039
I 06.07/22:40:57 solver.py:159 ] Epoch: [154/200][80/282] lr: 1.21e-04 | MSE loss: 5.5595e-03 | time: 0.038
I 06.07/22:40:58 solver.py:159 ] Epoch: [154/200][100/282] lr: 1.21e-04 | MSE loss: 5.7212e-03 | time: 0.038
I 06.07/22:40:59 solver.py:159 ] Epoch: [154/200][120/282] lr: 1.20e-04 | MSE loss: 5.7402e-03 | time: 0.038
I 06.07/22:41:00 solver.py:159 ] Epoch: [154/200][140/282] lr: 1.20e-04 | MSE loss: 5.8732e-03 | time: 0.038
I 06.07/22:41:01 solver.py:159 ] Epoch: [154/200][160/282] lr: 1.20e-04 | MSE loss: 5.9460e-03 | time: 0.040
I 06.07/22:41:03 solver.py:159 ] Epoch: [154/200][180/282] lr: 1.20e-04 | MSE loss: 6.0234e-03 | time: 0.046
I 06.07/22:41:04 solver.py:159 ] Epoch: [154/200][200/282] lr: 1.20e-04 | MSE loss: 6.0760e-03 | time: 0.050
I 06.07/22:41:05 solver.py:159 ] Epoch: [154/200][220/282] lr: 1.19e-04 | MSE loss: 6.0501e-03 | time: 0.049
I 06.07/22:41:06 solver.py:159 ] Epoch: [154/200][240/282] lr: 1.19e-04 | MSE loss: 5.9490e-03 | time: 0.048
I 06.07/22:41:07 solver.py:159 ] Epoch: [154/200][260/282] lr: 1.19e-04 | MSE loss: 5.8654e-03 | time: 0.047
I 06.07/22:41:07 solver.py:159 ] Epoch: [154/200][280/282] lr: 1.19e-04 | MSE loss: 5.9156e-03 | time: 0.047
I 06.07/22:41:07 solver.py:169 ] => Train  Loss: 5.9451e-03

I 06.07/22:41:08 solver.py:405 ] [20/32] loss: 7.1261e-03 | NMSE: -1.8076e+01 | time: 0.033
I 06.07/22:41:09 solver.py:413 ] => Test NMSE: -1.8979e+01

I 06.07/22:41:09 solver.py:345 ] => LoRA monitor [epoch=154] | trainable=33792/33792 | non_lora_trainable=0 | lora_l2=1.263245e+01 | lora_A_l2=1.107004e+01 | lora_B_l2=6.085470e+00 | component_l2=encoder:1.263245e+01 | lora_abs_max=1.023362e+00 | delta_l2=1.266640e+01 | delta_rel=5.463812e+00 | train_loss=5.945130e-03 | test_loss=6.325570e-03 | nmse=-1.897870e+01
I 06.07/22:41:09 solver.py:224 ] 
=! Best NMSE: -1.8980e+01 (epoch=146)

I 06.07/22:41:09 solver.py:159 ] Epoch: [155/200][20/282] lr: 1.19e-04 | MSE loss: 5.3849e-03 | time: 0.043
I 06.07/22:41:10 solver.py:159 ] Epoch: [155/200][40/282] lr: 1.18e-04 | MSE loss: 5.3978e-03 | time: 0.043
I 06.07/22:41:11 solver.py:159 ] Epoch: [155/200][60/282] lr: 1.18e-04 | MSE loss: 5.7755e-03 | time: 0.043
I 06.07/22:41:12 solver.py:159 ] Epoch: [155/200][80/282] lr: 1.18e-04 | MSE loss: 5.7901e-03 | time: 0.042
I 06.07/22:41:13 solver.py:159 ] Epoch: [155/200][100/282] lr: 1.18e-04 | MSE loss: 5.7681e-03 | time: 0.041
I 06.07/22:41:13 solver.py:159 ] Epoch: [155/200][120/282] lr: 1.18e-04 | MSE loss: 6.0005e-03 | time: 0.040
I 06.07/22:41:14 solver.py:159 ] Epoch: [155/200][140/282] lr: 1.17e-04 | MSE loss: 5.9620e-03 | time: 0.039
I 06.07/22:41:15 solver.py:159 ] Epoch: [155/200][160/282] lr: 1.17e-04 | MSE loss: 5.7883e-03 | time: 0.039
I 06.07/22:41:16 solver.py:159 ] Epoch: [155/200][180/282] lr: 1.17e-04 | MSE loss: 5.7371e-03 | time: 0.039
I 06.07/22:41:16 solver.py:159 ] Epoch: [155/200][200/282] lr: 1.17e-04 | MSE loss: 5.7621e-03 | time: 0.039
I 06.07/22:41:17 solver.py:159 ] Epoch: [155/200][220/282] lr: 1.17e-04 | MSE loss: 5.9364e-03 | time: 0.038
I 06.07/22:41:18 solver.py:159 ] Epoch: [155/200][240/282] lr: 1.16e-04 | MSE loss: 5.9596e-03 | time: 0.038
I 06.07/22:41:18 solver.py:159 ] Epoch: [155/200][260/282] lr: 1.16e-04 | MSE loss: 5.9540e-03 | time: 0.038
I 06.07/22:41:19 solver.py:159 ] Epoch: [155/200][280/282] lr: 1.16e-04 | MSE loss: 5.9456e-03 | time: 0.038
I 06.07/22:41:19 solver.py:169 ] => Train  Loss: 5.9265e-03

I 06.07/22:41:20 solver.py:405 ] [20/32] loss: 7.1264e-03 | NMSE: -1.8072e+01 | time: 0.032
I 06.07/22:41:20 solver.py:413 ] => Test NMSE: -1.8980e+01

I 06.07/22:41:20 solver.py:345 ] => LoRA monitor [epoch=155] | trainable=33792/33792 | non_lora_trainable=0 | lora_l2=1.263748e+01 | lora_A_l2=1.107391e+01 | lora_B_l2=6.088876e+00 | component_l2=encoder:1.263748e+01 | lora_abs_max=1.023807e+00 | delta_l2=1.267154e+01 | delta_rel=5.466029e+00 | train_loss=5.926495e-03 | test_loss=6.323966e-03 | nmse=-1.897980e+01
I 06.07/22:41:21 solver.py:224 ] 
=! Best NMSE: -1.8980e+01 (epoch=155)

I 06.07/22:41:21 solver.py:159 ] Epoch: [156/200][20/282] lr: 1.16e-04 | MSE loss: 7.7135e-03 | time: 0.040
I 06.07/22:41:22 solver.py:159 ] Epoch: [156/200][40/282] lr: 1.16e-04 | MSE loss: 6.9307e-03 | time: 0.039
I 06.07/22:41:23 solver.py:159 ] Epoch: [156/200][60/282] lr: 1.15e-04 | MSE loss: 6.9104e-03 | time: 0.039
I 06.07/22:41:24 solver.py:159 ] Epoch: [156/200][80/282] lr: 1.15e-04 | MSE loss: 6.4777e-03 | time: 0.038
I 06.07/22:41:24 solver.py:159 ] Epoch: [156/200][100/282] lr: 1.15e-04 | MSE loss: 6.2857e-03 | time: 0.037
I 06.07/22:41:25 solver.py:159 ] Epoch: [156/200][120/282] lr: 1.15e-04 | MSE loss: 6.3615e-03 | time: 0.038
I 06.07/22:41:26 solver.py:159 ] Epoch: [156/200][140/282] lr: 1.15e-04 | MSE loss: 6.2411e-03 | time: 0.038
I 06.07/22:41:27 solver.py:159 ] Epoch: [156/200][160/282] lr: 1.14e-04 | MSE loss: 6.1579e-03 | time: 0.038
I 06.07/22:41:27 solver.py:159 ] Epoch: [156/200][180/282] lr: 1.14e-04 | MSE loss: 6.1504e-03 | time: 0.038
I 06.07/22:41:28 solver.py:159 ] Epoch: [156/200][200/282] lr: 1.14e-04 | MSE loss: 6.2474e-03 | time: 0.038
I 06.07/22:41:29 solver.py:159 ] Epoch: [156/200][220/282] lr: 1.14e-04 | MSE loss: 6.0849e-03 | time: 0.037
I 06.07/22:41:30 solver.py:159 ] Epoch: [156/200][240/282] lr: 1.14e-04 | MSE loss: 6.0366e-03 | time: 0.038
I 06.07/22:41:30 solver.py:159 ] Epoch: [156/200][260/282] lr: 1.13e-04 | MSE loss: 5.9792e-03 | time: 0.038
I 06.07/22:41:31 solver.py:159 ] Epoch: [156/200][280/282] lr: 1.13e-04 | MSE loss: 5.9260e-03 | time: 0.037
I 06.07/22:41:31 solver.py:169 ] => Train  Loss: 5.9376e-03

I 06.07/22:41:32 solver.py:405 ] [20/32] loss: 7.1242e-03 | NMSE: -1.8077e+01 | time: 0.029
I 06.07/22:41:32 solver.py:413 ] => Test NMSE: -1.8980e+01

I 06.07/22:41:32 solver.py:345 ] => LoRA monitor [epoch=156] | trainable=33792/33792 | non_lora_trainable=0 | lora_l2=1.264375e+01 | lora_A_l2=1.107896e+01 | lora_B_l2=6.092692e+00 | component_l2=encoder:1.264375e+01 | lora_abs_max=1.023853e+00 | delta_l2=1.267778e+01 | delta_rel=5.468722e+00 | train_loss=5.937553e-03 | test_loss=6.323495e-03 | nmse=-1.898013e+01
I 06.07/22:41:32 solver.py:224 ] 
=! Best NMSE: -1.8980e+01 (epoch=156)

I 06.07/22:41:33 solver.py:159 ] Epoch: [157/200][20/282] lr: 1.13e-04 | MSE loss: 6.5926e-03 | time: 0.043
I 06.07/22:41:34 solver.py:159 ] Epoch: [157/200][40/282] lr: 1.13e-04 | MSE loss: 6.5125e-03 | time: 0.042
I 06.07/22:41:35 solver.py:159 ] Epoch: [157/200][60/282] lr: 1.13e-04 | MSE loss: 6.4665e-03 | time: 0.041
I 06.07/22:41:36 solver.py:159 ] Epoch: [157/200][80/282] lr: 1.12e-04 | MSE loss: 6.1114e-03 | time: 0.041
I 06.07/22:41:36 solver.py:159 ] Epoch: [157/200][100/282] lr: 1.12e-04 | MSE loss: 5.9753e-03 | time: 0.040
I 06.07/22:41:37 solver.py:159 ] Epoch: [157/200][120/282] lr: 1.12e-04 | MSE loss: 6.0156e-03 | time: 0.040
I 06.07/22:41:38 solver.py:159 ] Epoch: [157/200][140/282] lr: 1.12e-04 | MSE loss: 6.0653e-03 | time: 0.040
I 06.07/22:41:39 solver.py:159 ] Epoch: [157/200][160/282] lr: 1.12e-04 | MSE loss: 5.9476e-03 | time: 0.039
I 06.07/22:41:39 solver.py:159 ] Epoch: [157/200][180/282] lr: 1.11e-04 | MSE loss: 5.9197e-03 | time: 0.039
I 06.07/22:41:40 solver.py:159 ] Epoch: [157/200][200/282] lr: 1.11e-04 | MSE loss: 5.8491e-03 | time: 0.039
I 06.07/22:41:41 solver.py:159 ] Epoch: [157/200][220/282] lr: 1.11e-04 | MSE loss: 5.9157e-03 | time: 0.039
I 06.07/22:41:42 solver.py:159 ] Epoch: [157/200][240/282] lr: 1.11e-04 | MSE loss: 5.9290e-03 | time: 0.039
I 06.07/22:41:42 solver.py:159 ] Epoch: [157/200][260/282] lr: 1.11e-04 | MSE loss: 5.8947e-03 | time: 0.039
I 06.07/22:41:43 solver.py:159 ] Epoch: [157/200][280/282] lr: 1.10e-04 | MSE loss: 5.9298e-03 | time: 0.038
I 06.07/22:41:43 solver.py:169 ] => Train  Loss: 5.9564e-03

I 06.07/22:41:44 solver.py:405 ] [20/32] loss: 7.1215e-03 | NMSE: -1.8080e+01 | time: 0.031
I 06.07/22:41:44 solver.py:413 ] => Test NMSE: -1.8982e+01

I 06.07/22:41:44 solver.py:345 ] => LoRA monitor [epoch=157] | trainable=33792/33792 | non_lora_trainable=0 | lora_l2=1.264874e+01 | lora_A_l2=1.108317e+01 | lora_B_l2=6.095399e+00 | component_l2=encoder:1.264874e+01 | lora_abs_max=1.023036e+00 | delta_l2=1.268285e+01 | delta_rel=5.470911e+00 | train_loss=5.956412e-03 | test_loss=6.320987e-03 | nmse=-1.898185e+01
I 06.07/22:41:44 solver.py:224 ] 
=! Best NMSE: -1.8982e+01 (epoch=157)

I 06.07/22:41:45 solver.py:159 ] Epoch: [158/200][20/282] lr: 1.10e-04 | MSE loss: 6.7257e-03 | time: 0.038
I 06.07/22:41:46 solver.py:159 ] Epoch: [158/200][40/282] lr: 1.10e-04 | MSE loss: 7.1200e-03 | time: 0.038
I 06.07/22:41:47 solver.py:159 ] Epoch: [158/200][60/282] lr: 1.10e-04 | MSE loss: 6.8512e-03 | time: 0.038
I 06.07/22:41:47 solver.py:159 ] Epoch: [158/200][80/282] lr: 1.10e-04 | MSE loss: 6.7029e-03 | time: 0.037
I 06.07/22:41:48 solver.py:159 ] Epoch: [158/200][100/282] lr: 1.09e-04 | MSE loss: 6.4588e-03 | time: 0.037
I 06.07/22:41:49 solver.py:159 ] Epoch: [158/200][120/282] lr: 1.09e-04 | MSE loss: 6.2415e-03 | time: 0.037
I 06.07/22:41:49 solver.py:159 ] Epoch: [158/200][140/282] lr: 1.09e-04 | MSE loss: 5.9687e-03 | time: 0.037
I 06.07/22:41:50 solver.py:159 ] Epoch: [158/200][160/282] lr: 1.09e-04 | MSE loss: 5.9517e-03 | time: 0.037
I 06.07/22:41:51 solver.py:159 ] Epoch: [158/200][180/282] lr: 1.09e-04 | MSE loss: 5.8754e-03 | time: 0.037
I 06.07/22:41:52 solver.py:159 ] Epoch: [158/200][200/282] lr: 1.09e-04 | MSE loss: 5.8930e-03 | time: 0.037
I 06.07/22:41:52 solver.py:159 ] Epoch: [158/200][220/282] lr: 1.08e-04 | MSE loss: 6.0111e-03 | time: 0.037
I 06.07/22:41:53 solver.py:159 ] Epoch: [158/200][240/282] lr: 1.08e-04 | MSE loss: 5.9536e-03 | time: 0.036
I 06.07/22:41:54 solver.py:159 ] Epoch: [158/200][260/282] lr: 1.08e-04 | MSE loss: 5.9853e-03 | time: 0.037
I 06.07/22:41:55 solver.py:159 ] Epoch: [158/200][280/282] lr: 1.08e-04 | MSE loss: 5.9298e-03 | time: 0.037
I 06.07/22:41:55 solver.py:169 ] => Train  Loss: 5.9482e-03

I 06.07/22:41:55 solver.py:405 ] [20/32] loss: 7.1236e-03 | NMSE: -1.8078e+01 | time: 0.030
I 06.07/22:41:56 solver.py:413 ] => Test NMSE: -1.8981e+01

I 06.07/22:41:56 solver.py:345 ] => LoRA monitor [epoch=158] | trainable=33792/33792 | non_lora_trainable=0 | lora_l2=1.265403e+01 | lora_A_l2=1.108704e+01 | lora_B_l2=6.099336e+00 | component_l2=encoder:1.265403e+01 | lora_abs_max=1.023664e+00 | delta_l2=1.268815e+01 | delta_rel=5.473197e+00 | train_loss=5.948156e-03 | test_loss=6.322429e-03 | nmse=-1.898086e+01
I 06.07/22:41:56 solver.py:224 ] 
=! Best NMSE: -1.8982e+01 (epoch=157)

I 06.07/22:41:56 solver.py:159 ] Epoch: [159/200][20/282] lr: 1.08e-04 | MSE loss: 6.7767e-03 | time: 0.037
I 06.07/22:41:57 solver.py:159 ] Epoch: [159/200][40/282] lr: 1.07e-04 | MSE loss: 5.7403e-03 | time: 0.036
I 06.07/22:41:58 solver.py:159 ] Epoch: [159/200][60/282] lr: 1.07e-04 | MSE loss: 5.8109e-03 | time: 0.036
I 06.07/22:41:59 solver.py:159 ] Epoch: [159/200][80/282] lr: 1.07e-04 | MSE loss: 6.0140e-03 | time: 0.036
I 06.07/22:41:59 solver.py:159 ] Epoch: [159/200][100/282] lr: 1.07e-04 | MSE loss: 5.9278e-03 | time: 0.036
I 06.07/22:42:00 solver.py:159 ] Epoch: [159/200][120/282] lr: 1.07e-04 | MSE loss: 5.6980e-03 | time: 0.037
I 06.07/22:42:01 solver.py:159 ] Epoch: [159/200][140/282] lr: 1.06e-04 | MSE loss: 5.7543e-03 | time: 0.037
I 06.07/22:42:02 solver.py:159 ] Epoch: [159/200][160/282] lr: 1.06e-04 | MSE loss: 5.6192e-03 | time: 0.042
I 06.07/22:42:04 solver.py:159 ] Epoch: [159/200][180/282] lr: 1.06e-04 | MSE loss: 5.7456e-03 | time: 0.046
I 06.07/22:42:05 solver.py:159 ] Epoch: [159/200][200/282] lr: 1.06e-04 | MSE loss: 5.7580e-03 | time: 0.047
I 06.07/22:42:06 solver.py:159 ] Epoch: [159/200][220/282] lr: 1.06e-04 | MSE loss: 5.8306e-03 | time: 0.046
I 06.07/22:42:06 solver.py:159 ] Epoch: [159/200][240/282] lr: 1.06e-04 | MSE loss: 5.8597e-03 | time: 0.045
I 06.07/22:42:07 solver.py:159 ] Epoch: [159/200][260/282] lr: 1.05e-04 | MSE loss: 5.9129e-03 | time: 0.044
I 06.07/22:42:08 solver.py:159 ] Epoch: [159/200][280/282] lr: 1.05e-04 | MSE loss: 5.9345e-03 | time: 0.044
I 06.07/22:42:08 solver.py:169 ] => Train  Loss: 5.9211e-03

I 06.07/22:42:09 solver.py:405 ] [20/32] loss: 7.1137e-03 | NMSE: -1.8084e+01 | time: 0.033
I 06.07/22:42:09 solver.py:413 ] => Test NMSE: -1.8986e+01

I 06.07/22:42:09 solver.py:345 ] => LoRA monitor [epoch=159] | trainable=33792/33792 | non_lora_trainable=0 | lora_l2=1.265921e+01 | lora_A_l2=1.109118e+01 | lora_B_l2=6.102571e+00 | component_l2=encoder:1.265921e+01 | lora_abs_max=1.023553e+00 | delta_l2=1.269343e+01 | delta_rel=5.475473e+00 | train_loss=5.921120e-03 | test_loss=6.315563e-03 | nmse=-1.898558e+01
I 06.07/22:42:09 solver.py:224 ] 
=! Best NMSE: -1.8986e+01 (epoch=159)

I 06.07/22:42:10 solver.py:159 ] Epoch: [160/200][20/282] lr: 1.05e-04 | MSE loss: 5.7659e-03 | time: 0.038
I 06.07/22:42:11 solver.py:159 ] Epoch: [160/200][40/282] lr: 1.05e-04 | MSE loss: 5.7567e-03 | time: 0.039
I 06.07/22:42:12 solver.py:159 ] Epoch: [160/200][60/282] lr: 1.05e-04 | MSE loss: 5.8103e-03 | time: 0.038
I 06.07/22:42:12 solver.py:159 ] Epoch: [160/200][80/282] lr: 1.04e-04 | MSE loss: 5.6721e-03 | time: 0.038
I 06.07/22:42:13 solver.py:159 ] Epoch: [160/200][100/282] lr: 1.04e-04 | MSE loss: 5.8341e-03 | time: 0.038
I 06.07/22:42:14 solver.py:159 ] Epoch: [160/200][120/282] lr: 1.04e-04 | MSE loss: 5.7814e-03 | time: 0.038
I 06.07/22:42:15 solver.py:159 ] Epoch: [160/200][140/282] lr: 1.04e-04 | MSE loss: 5.9413e-03 | time: 0.038
I 06.07/22:42:16 solver.py:159 ] Epoch: [160/200][160/282] lr: 1.04e-04 | MSE loss: 5.8661e-03 | time: 0.038
I 06.07/22:42:16 solver.py:159 ] Epoch: [160/200][180/282] lr: 1.04e-04 | MSE loss: 5.9603e-03 | time: 0.038
I 06.07/22:42:17 solver.py:159 ] Epoch: [160/200][200/282] lr: 1.03e-04 | MSE loss: 5.8940e-03 | time: 0.038
I 06.07/22:42:18 solver.py:159 ] Epoch: [160/200][220/282] lr: 1.03e-04 | MSE loss: 5.8566e-03 | time: 0.038
I 06.07/22:42:19 solver.py:159 ] Epoch: [160/200][240/282] lr: 1.03e-04 | MSE loss: 5.9284e-03 | time: 0.038
I 06.07/22:42:19 solver.py:159 ] Epoch: [160/200][260/282] lr: 1.03e-04 | MSE loss: 5.8775e-03 | time: 0.038
I 06.07/22:42:20 solver.py:159 ] Epoch: [160/200][280/282] lr: 1.03e-04 | MSE loss: 5.9334e-03 | time: 0.038
I 06.07/22:42:20 solver.py:169 ] => Train  Loss: 5.9452e-03

I 06.07/22:42:21 solver.py:159 ] Epoch: [160/200][20/32] lr: 1.03e-04 | MSE loss: 7.1412e-03 | time: 0.032
I 06.07/22:42:21 solver.py:169 ] => Val  Loss: 6.2538e-03

I 06.07/22:42:22 solver.py:405 ] [20/32] loss: 7.1412e-03 | NMSE: -1.8070e+01 | time: 0.032
I 06.07/22:42:22 solver.py:413 ] => Test NMSE: -1.8966e+01

I 06.07/22:42:22 solver.py:345 ] => LoRA monitor [epoch=160] | trainable=33792/33792 | non_lora_trainable=0 | lora_l2=1.266413e+01 | lora_A_l2=1.109518e+01 | lora_B_l2=6.105515e+00 | component_l2=encoder:1.266413e+01 | lora_abs_max=1.023700e+00 | delta_l2=1.269843e+01 | delta_rel=5.477628e+00 | train_loss=5.945172e-03 | val_loss=6.253752e-03 | test_loss=6.344231e-03 | nmse=-1.896591e+01
I 06.07/22:42:22 solver.py:224 ] 
=! Best NMSE: -1.8986e+01 (epoch=159)

I 06.07/22:42:23 solver.py:159 ] Epoch: [161/200][20/282] lr: 1.02e-04 | MSE loss: 6.1600e-03 | time: 0.039
I 06.07/22:42:24 solver.py:159 ] Epoch: [161/200][40/282] lr: 1.02e-04 | MSE loss: 5.4913e-03 | time: 0.037
I 06.07/22:42:24 solver.py:159 ] Epoch: [161/200][60/282] lr: 1.02e-04 | MSE loss: 5.2071e-03 | time: 0.037
I 06.07/22:42:25 solver.py:159 ] Epoch: [161/200][80/282] lr: 1.02e-04 | MSE loss: 5.4937e-03 | time: 0.037
I 06.07/22:42:26 solver.py:159 ] Epoch: [161/200][100/282] lr: 1.02e-04 | MSE loss: 5.4503e-03 | time: 0.037
I 06.07/22:42:26 solver.py:159 ] Epoch: [161/200][120/282] lr: 1.02e-04 | MSE loss: 5.5201e-03 | time: 0.037
I 06.07/22:42:27 solver.py:159 ] Epoch: [161/200][140/282] lr: 1.01e-04 | MSE loss: 5.6947e-03 | time: 0.037
I 06.07/22:42:28 solver.py:159 ] Epoch: [161/200][160/282] lr: 1.01e-04 | MSE loss: 5.7482e-03 | time: 0.037
I 06.07/22:42:29 solver.py:159 ] Epoch: [161/200][180/282] lr: 1.01e-04 | MSE loss: 5.7889e-03 | time: 0.037
I 06.07/22:42:29 solver.py:159 ] Epoch: [161/200][200/282] lr: 1.01e-04 | MSE loss: 5.8054e-03 | time: 0.037
I 06.07/22:42:30 solver.py:159 ] Epoch: [161/200][220/282] lr: 1.01e-04 | MSE loss: 5.9068e-03 | time: 0.037
I 06.07/22:42:31 solver.py:159 ] Epoch: [161/200][240/282] lr: 1.01e-04 | MSE loss: 5.9476e-03 | time: 0.037
I 06.07/22:42:32 solver.py:159 ] Epoch: [161/200][260/282] lr: 1.00e-04 | MSE loss: 5.9349e-03 | time: 0.037
I 06.07/22:42:32 solver.py:159 ] Epoch: [161/200][280/282] lr: 1.00e-04 | MSE loss: 5.9236e-03 | time: 0.037
I 06.07/22:42:32 solver.py:169 ] => Train  Loss: 5.9200e-03

I 06.07/22:42:33 solver.py:405 ] [20/32] loss: 7.1195e-03 | NMSE: -1.8081e+01 | time: 0.029
I 06.07/22:42:33 solver.py:413 ] => Test NMSE: -1.8982e+01

I 06.07/22:42:33 solver.py:345 ] => LoRA monitor [epoch=161] | trainable=33792/33792 | non_lora_trainable=0 | lora_l2=1.266888e+01 | lora_A_l2=1.109887e+01 | lora_B_l2=6.108645e+00 | component_l2=encoder:1.266888e+01 | lora_abs_max=1.023706e+00 | delta_l2=1.270326e+01 | delta_rel=5.479714e+00 | train_loss=5.920015e-03 | test_loss=6.321485e-03 | nmse=-1.898151e+01
I 06.07/22:42:33 solver.py:224 ] 
=! Best NMSE: -1.8986e+01 (epoch=159)

I 06.07/22:42:34 solver.py:159 ] Epoch: [162/200][20/282] lr: 1.00e-04 | MSE loss: 6.5271e-03 | time: 0.039
I 06.07/22:42:35 solver.py:159 ] Epoch: [162/200][40/282] lr: 9.98e-05 | MSE loss: 5.7620e-03 | time: 0.038
I 06.07/22:42:36 solver.py:159 ] Epoch: [162/200][60/282] lr: 9.96e-05 | MSE loss: 5.3248e-03 | time: 0.037
I 06.07/22:42:36 solver.py:159 ] Epoch: [162/200][80/282] lr: 9.94e-05 | MSE loss: 5.4566e-03 | time: 0.037
I 06.07/22:42:37 solver.py:159 ] Epoch: [162/200][100/282] lr: 9.93e-05 | MSE loss: 5.8091e-03 | time: 0.037
I 06.07/22:42:38 solver.py:159 ] Epoch: [162/200][120/282] lr: 9.91e-05 | MSE loss: 5.7445e-03 | time: 0.037
I 06.07/22:42:38 solver.py:159 ] Epoch: [162/200][140/282] lr: 9.89e-05 | MSE loss: 5.7492e-03 | time: 0.037
I 06.07/22:42:39 solver.py:159 ] Epoch: [162/200][160/282] lr: 9.87e-05 | MSE loss: 5.7664e-03 | time: 0.037
I 06.07/22:42:40 solver.py:159 ] Epoch: [162/200][180/282] lr: 9.86e-05 | MSE loss: 5.8059e-03 | time: 0.037
I 06.07/22:42:41 solver.py:159 ] Epoch: [162/200][200/282] lr: 9.84e-05 | MSE loss: 5.7169e-03 | time: 0.037
I 06.07/22:42:42 solver.py:159 ] Epoch: [162/200][220/282] lr: 9.82e-05 | MSE loss: 5.8171e-03 | time: 0.037
I 06.07/22:42:42 solver.py:159 ] Epoch: [162/200][240/282] lr: 9.81e-05 | MSE loss: 5.8537e-03 | time: 0.037
I 06.07/22:42:43 solver.py:159 ] Epoch: [162/200][260/282] lr: 9.79e-05 | MSE loss: 5.9504e-03 | time: 0.037
I 06.07/22:42:44 solver.py:159 ] Epoch: [162/200][280/282] lr: 9.77e-05 | MSE loss: 5.8954e-03 | time: 0.037
I 06.07/22:42:44 solver.py:169 ] => Train  Loss: 5.9146e-03

I 06.07/22:42:45 solver.py:405 ] [20/32] loss: 7.1187e-03 | NMSE: -1.8080e+01 | time: 0.031
I 06.07/22:42:45 solver.py:413 ] => Test NMSE: -1.8983e+01

I 06.07/22:42:45 solver.py:345 ] => LoRA monitor [epoch=162] | trainable=33792/33792 | non_lora_trainable=0 | lora_l2=1.267245e+01 | lora_A_l2=1.110187e+01 | lora_B_l2=6.110607e+00 | component_l2=encoder:1.267245e+01 | lora_abs_max=1.025141e+00 | delta_l2=1.270688e+01 | delta_rel=5.481274e+00 | train_loss=5.914570e-03 | test_loss=6.319011e-03 | nmse=-1.898321e+01
I 06.07/22:42:45 solver.py:224 ] 
=! Best NMSE: -1.8986e+01 (epoch=159)

I 06.07/22:42:46 solver.py:159 ] Epoch: [163/200][20/282] lr: 9.75e-05 | MSE loss: 5.8712e-03 | time: 0.038
I 06.07/22:42:46 solver.py:159 ] Epoch: [163/200][40/282] lr: 9.74e-05 | MSE loss: 5.4958e-03 | time: 0.037
I 06.07/22:42:47 solver.py:159 ] Epoch: [163/200][60/282] lr: 9.72e-05 | MSE loss: 5.6102e-03 | time: 0.038
I 06.07/22:42:48 solver.py:159 ] Epoch: [163/200][80/282] lr: 9.70e-05 | MSE loss: 5.5871e-03 | time: 0.038
I 06.07/22:42:49 solver.py:159 ] Epoch: [163/200][100/282] lr: 9.68e-05 | MSE loss: 5.6469e-03 | time: 0.038
I 06.07/22:42:49 solver.py:159 ] Epoch: [163/200][120/282] lr: 9.67e-05 | MSE loss: 5.6251e-03 | time: 0.038
I 06.07/22:42:50 solver.py:159 ] Epoch: [163/200][140/282] lr: 9.65e-05 | MSE loss: 5.8407e-03 | time: 0.038
I 06.07/22:42:51 solver.py:159 ] Epoch: [163/200][160/282] lr: 9.63e-05 | MSE loss: 5.7306e-03 | time: 0.038
I 06.07/22:42:52 solver.py:159 ] Epoch: [163/200][180/282] lr: 9.62e-05 | MSE loss: 5.7082e-03 | time: 0.038
I 06.07/22:42:52 solver.py:159 ] Epoch: [163/200][200/282] lr: 9.60e-05 | MSE loss: 5.8223e-03 | time: 0.038
I 06.07/22:42:53 solver.py:159 ] Epoch: [163/200][220/282] lr: 9.58e-05 | MSE loss: 5.8136e-03 | time: 0.038
I 06.07/22:42:54 solver.py:159 ] Epoch: [163/200][240/282] lr: 9.57e-05 | MSE loss: 5.8128e-03 | time: 0.038
I 06.07/22:42:55 solver.py:159 ] Epoch: [163/200][260/282] lr: 9.55e-05 | MSE loss: 5.9117e-03 | time: 0.037
I 06.07/22:42:55 solver.py:159 ] Epoch: [163/200][280/282] lr: 9.53e-05 | MSE loss: 5.9208e-03 | time: 0.037
I 06.07/22:42:55 solver.py:169 ] => Train  Loss: 5.9196e-03

I 06.07/22:42:56 solver.py:405 ] [20/32] loss: 7.1163e-03 | NMSE: -1.8080e+01 | time: 0.026
I 06.07/22:42:56 solver.py:413 ] => Test NMSE: -1.8983e+01

I 06.07/22:42:56 solver.py:345 ] => LoRA monitor [epoch=163] | trainable=33792/33792 | non_lora_trainable=0 | lora_l2=1.267646e+01 | lora_A_l2=1.110493e+01 | lora_B_l2=6.113348e+00 | component_l2=encoder:1.267646e+01 | lora_abs_max=1.025549e+00 | delta_l2=1.271101e+01 | delta_rel=5.483056e+00 | train_loss=5.919564e-03 | test_loss=6.319769e-03 | nmse=-1.898269e+01
I 06.07/22:42:56 solver.py:224 ] 
=! Best NMSE: -1.8986e+01 (epoch=159)

I 06.07/22:42:57 solver.py:159 ] Epoch: [164/200][20/282] lr: 9.51e-05 | MSE loss: 6.0905e-03 | time: 0.037
I 06.07/22:42:58 solver.py:159 ] Epoch: [164/200][40/282] lr: 9.50e-05 | MSE loss: 6.0254e-03 | time: 0.036
I 06.07/22:42:59 solver.py:159 ] Epoch: [164/200][60/282] lr: 9.48e-05 | MSE loss: 5.8844e-03 | time: 0.037
I 06.07/22:42:59 solver.py:159 ] Epoch: [164/200][80/282] lr: 9.46e-05 | MSE loss: 5.8975e-03 | time: 0.037
I 06.07/22:43:00 solver.py:159 ] Epoch: [164/200][100/282] lr: 9.45e-05 | MSE loss: 6.0602e-03 | time: 0.039
I 06.07/22:43:01 solver.py:159 ] Epoch: [164/200][120/282] lr: 9.43e-05 | MSE loss: 6.0749e-03 | time: 0.041
I 06.07/22:43:03 solver.py:159 ] Epoch: [164/200][140/282] lr: 9.41e-05 | MSE loss: 5.9090e-03 | time: 0.047
I 06.07/22:43:04 solver.py:159 ] Epoch: [164/200][160/282] lr: 9.40e-05 | MSE loss: 5.9814e-03 | time: 0.051
I 06.07/22:43:05 solver.py:159 ] Epoch: [164/200][180/282] lr: 9.38e-05 | MSE loss: 5.9949e-03 | time: 0.050
I 06.07/22:43:06 solver.py:159 ] Epoch: [164/200][200/282] lr: 9.36e-05 | MSE loss: 6.0202e-03 | time: 0.049
I 06.07/22:43:07 solver.py:159 ] Epoch: [164/200][220/282] lr: 9.35e-05 | MSE loss: 5.9491e-03 | time: 0.048
I 06.07/22:43:08 solver.py:159 ] Epoch: [164/200][240/282] lr: 9.33e-05 | MSE loss: 5.9585e-03 | time: 0.047
I 06.07/22:43:08 solver.py:159 ] Epoch: [164/200][260/282] lr: 9.32e-05 | MSE loss: 5.8788e-03 | time: 0.046
I 06.07/22:43:09 solver.py:159 ] Epoch: [164/200][280/282] lr: 9.30e-05 | MSE loss: 5.9252e-03 | time: 0.046
I 06.07/22:43:09 solver.py:169 ] => Train  Loss: 5.9153e-03

I 06.07/22:43:10 solver.py:405 ] [20/32] loss: 7.1203e-03 | NMSE: -1.8080e+01 | time: 0.032
I 06.07/22:43:10 solver.py:413 ] => Test NMSE: -1.8981e+01

I 06.07/22:43:10 solver.py:345 ] => LoRA monitor [epoch=164] | trainable=33792/33792 | non_lora_trainable=0 | lora_l2=1.268115e+01 | lora_A_l2=1.110880e+01 | lora_B_l2=6.116051e+00 | component_l2=encoder:1.268115e+01 | lora_abs_max=1.025514e+00 | delta_l2=1.271572e+01 | delta_rel=5.485089e+00 | train_loss=5.915320e-03 | test_loss=6.321987e-03 | nmse=-1.898116e+01
I 06.07/22:43:10 solver.py:224 ] 
=! Best NMSE: -1.8986e+01 (epoch=159)

I 06.07/22:43:11 solver.py:159 ] Epoch: [165/200][20/282] lr: 9.28e-05 | MSE loss: 4.5753e-03 | time: 0.039
I 06.07/22:43:12 solver.py:159 ] Epoch: [165/200][40/282] lr: 9.26e-05 | MSE loss: 4.7544e-03 | time: 0.039
I 06.07/22:43:13 solver.py:159 ] Epoch: [165/200][60/282] lr: 9.25e-05 | MSE loss: 4.9020e-03 | time: 0.038
I 06.07/22:43:13 solver.py:159 ] Epoch: [165/200][80/282] lr: 9.23e-05 | MSE loss: 5.3882e-03 | time: 0.038
I 06.07/22:43:14 solver.py:159 ] Epoch: [165/200][100/282] lr: 9.22e-05 | MSE loss: 5.2892e-03 | time: 0.037
I 06.07/22:43:15 solver.py:159 ] Epoch: [165/200][120/282] lr: 9.20e-05 | MSE loss: 5.6145e-03 | time: 0.037
I 06.07/22:43:15 solver.py:159 ] Epoch: [165/200][140/282] lr: 9.18e-05 | MSE loss: 5.8025e-03 | time: 0.037
I 06.07/22:43:16 solver.py:159 ] Epoch: [165/200][160/282] lr: 9.17e-05 | MSE loss: 5.7442e-03 | time: 0.037
I 06.07/22:43:17 solver.py:159 ] Epoch: [165/200][180/282] lr: 9.15e-05 | MSE loss: 5.8794e-03 | time: 0.037
I 06.07/22:43:18 solver.py:159 ] Epoch: [165/200][200/282] lr: 9.13e-05 | MSE loss: 5.7703e-03 | time: 0.037
I 06.07/22:43:18 solver.py:159 ] Epoch: [165/200][220/282] lr: 9.12e-05 | MSE loss: 5.8033e-03 | time: 0.037
I 06.07/22:43:19 solver.py:159 ] Epoch: [165/200][240/282] lr: 9.10e-05 | MSE loss: 5.7937e-03 | time: 0.037
I 06.07/22:43:20 solver.py:159 ] Epoch: [165/200][260/282] lr: 9.09e-05 | MSE loss: 5.8159e-03 | time: 0.037
I 06.07/22:43:21 solver.py:159 ] Epoch: [165/200][280/282] lr: 9.07e-05 | MSE loss: 5.9201e-03 | time: 0.037
I 06.07/22:43:21 solver.py:169 ] => Train  Loss: 5.9954e-03

I 06.07/22:43:22 solver.py:405 ] [20/32] loss: 7.1224e-03 | NMSE: -1.8078e+01 | time: 0.033
I 06.07/22:43:22 solver.py:413 ] => Test NMSE: -1.8979e+01

I 06.07/22:43:22 solver.py:345 ] => LoRA monitor [epoch=165] | trainable=33792/33792 | non_lora_trainable=0 | lora_l2=1.268420e+01 | lora_A_l2=1.111113e+01 | lora_B_l2=6.118152e+00 | component_l2=encoder:1.268420e+01 | lora_abs_max=1.025242e+00 | delta_l2=1.271892e+01 | delta_rel=5.486467e+00 | train_loss=5.995360e-03 | test_loss=6.324659e-03 | nmse=-1.897933e+01
I 06.07/22:43:22 solver.py:224 ] 
=! Best NMSE: -1.8986e+01 (epoch=159)

I 06.07/22:43:23 solver.py:159 ] Epoch: [166/200][20/282] lr: 9.05e-05 | MSE loss: 6.3598e-03 | time: 0.042
I 06.07/22:43:24 solver.py:159 ] Epoch: [166/200][40/282] lr: 9.04e-05 | MSE loss: 5.9319e-03 | time: 0.041
I 06.07/22:43:24 solver.py:159 ] Epoch: [166/200][60/282] lr: 9.02e-05 | MSE loss: 5.6903e-03 | time: 0.040
I 06.07/22:43:25 solver.py:159 ] Epoch: [166/200][80/282] lr: 9.01e-05 | MSE loss: 5.6045e-03 | time: 0.039
I 06.07/22:43:26 solver.py:159 ] Epoch: [166/200][100/282] lr: 8.99e-05 | MSE loss: 5.6691e-03 | time: 0.040
I 06.07/22:43:27 solver.py:159 ] Epoch: [166/200][120/282] lr: 8.97e-05 | MSE loss: 5.5970e-03 | time: 0.039
I 06.07/22:43:27 solver.py:159 ] Epoch: [166/200][140/282] lr: 8.96e-05 | MSE loss: 5.4872e-03 | time: 0.039
I 06.07/22:43:28 solver.py:159 ] Epoch: [166/200][160/282] lr: 8.94e-05 | MSE loss: 5.5235e-03 | time: 0.039
I 06.07/22:43:29 solver.py:159 ] Epoch: [166/200][180/282] lr: 8.93e-05 | MSE loss: 5.5409e-03 | time: 0.039
I 06.07/22:43:30 solver.py:159 ] Epoch: [166/200][200/282] lr: 8.91e-05 | MSE loss: 5.5098e-03 | time: 0.039
I 06.07/22:43:30 solver.py:159 ] Epoch: [166/200][220/282] lr: 8.90e-05 | MSE loss: 5.5864e-03 | time: 0.039
I 06.07/22:43:31 solver.py:159 ] Epoch: [166/200][240/282] lr: 8.88e-05 | MSE loss: 5.7479e-03 | time: 0.039
I 06.07/22:43:32 solver.py:159 ] Epoch: [166/200][260/282] lr: 8.86e-05 | MSE loss: 5.8489e-03 | time: 0.038
I 06.07/22:43:33 solver.py:159 ] Epoch: [166/200][280/282] lr: 8.85e-05 | MSE loss: 5.9458e-03 | time: 0.038
I 06.07/22:43:33 solver.py:169 ] => Train  Loss: 5.9145e-03

I 06.07/22:43:33 solver.py:405 ] [20/32] loss: 7.1197e-03 | NMSE: -1.8078e+01 | time: 0.031
I 06.07/22:43:34 solver.py:413 ] => Test NMSE: -1.8982e+01

I 06.07/22:43:34 solver.py:345 ] => LoRA monitor [epoch=166] | trainable=33792/33792 | non_lora_trainable=0 | lora_l2=1.268858e+01 | lora_A_l2=1.111479e+01 | lora_B_l2=6.120577e+00 | component_l2=encoder:1.268858e+01 | lora_abs_max=1.025051e+00 | delta_l2=1.272326e+01 | delta_rel=5.488341e+00 | train_loss=5.914526e-03 | test_loss=6.320544e-03 | nmse=-1.898216e+01
I 06.07/22:43:34 solver.py:224 ] 
=! Best NMSE: -1.8986e+01 (epoch=159)

I 06.07/22:43:34 solver.py:159 ] Epoch: [167/200][20/282] lr: 8.83e-05 | MSE loss: 7.1659e-03 | time: 0.041
I 06.07/22:43:35 solver.py:159 ] Epoch: [167/200][40/282] lr: 8.82e-05 | MSE loss: 6.6177e-03 | time: 0.040
I 06.07/22:43:36 solver.py:159 ] Epoch: [167/200][60/282] lr: 8.80e-05 | MSE loss: 6.1797e-03 | time: 0.038
I 06.07/22:43:37 solver.py:159 ] Epoch: [167/200][80/282] lr: 8.78e-05 | MSE loss: 5.9013e-03 | time: 0.038
I 06.07/22:43:38 solver.py:159 ] Epoch: [167/200][100/282] lr: 8.77e-05 | MSE loss: 5.8823e-03 | time: 0.039
I 06.07/22:43:38 solver.py:159 ] Epoch: [167/200][120/282] lr: 8.75e-05 | MSE loss: 5.9759e-03 | time: 0.039
I 06.07/22:43:39 solver.py:159 ] Epoch: [167/200][140/282] lr: 8.74e-05 | MSE loss: 5.9988e-03 | time: 0.039
I 06.07/22:43:40 solver.py:159 ] Epoch: [167/200][160/282] lr: 8.72e-05 | MSE loss: 5.9159e-03 | time: 0.039
I 06.07/22:43:41 solver.py:159 ] Epoch: [167/200][180/282] lr: 8.71e-05 | MSE loss: 5.9312e-03 | time: 0.039
I 06.07/22:43:41 solver.py:159 ] Epoch: [167/200][200/282] lr: 8.69e-05 | MSE loss: 5.9055e-03 | time: 0.038
I 06.07/22:43:42 solver.py:159 ] Epoch: [167/200][220/282] lr: 8.68e-05 | MSE loss: 6.0229e-03 | time: 0.038
I 06.07/22:43:43 solver.py:159 ] Epoch: [167/200][240/282] lr: 8.66e-05 | MSE loss: 6.0202e-03 | time: 0.038
I 06.07/22:43:44 solver.py:159 ] Epoch: [167/200][260/282] lr: 8.65e-05 | MSE loss: 5.9371e-03 | time: 0.038
I 06.07/22:43:44 solver.py:159 ] Epoch: [167/200][280/282] lr: 8.63e-05 | MSE loss: 5.9296e-03 | time: 0.038
I 06.07/22:43:44 solver.py:169 ] => Train  Loss: 5.9211e-03

I 06.07/22:43:45 solver.py:405 ] [20/32] loss: 7.1170e-03 | NMSE: -1.8080e+01 | time: 0.032
I 06.07/22:43:45 solver.py:413 ] => Test NMSE: -1.8985e+01

I 06.07/22:43:45 solver.py:345 ] => LoRA monitor [epoch=167] | trainable=33792/33792 | non_lora_trainable=0 | lora_l2=1.269258e+01 | lora_A_l2=1.111801e+01 | lora_B_l2=6.123031e+00 | component_l2=encoder:1.269258e+01 | lora_abs_max=1.025548e+00 | delta_l2=1.272733e+01 | delta_rel=5.490095e+00 | train_loss=5.921088e-03 | test_loss=6.317127e-03 | nmse=-1.898450e+01
I 06.07/22:43:45 solver.py:224 ] 
=! Best NMSE: -1.8986e+01 (epoch=159)

I 06.07/22:43:46 solver.py:159 ] Epoch: [168/200][20/282] lr: 8.61e-05 | MSE loss: 6.7913e-03 | time: 0.038
I 06.07/22:43:47 solver.py:159 ] Epoch: [168/200][40/282] lr: 8.60e-05 | MSE loss: 5.7837e-03 | time: 0.039
I 06.07/22:43:48 solver.py:159 ] Epoch: [168/200][60/282] lr: 8.58e-05 | MSE loss: 5.7287e-03 | time: 0.039
I 06.07/22:43:48 solver.py:159 ] Epoch: [168/200][80/282] lr: 8.57e-05 | MSE loss: 6.4409e-03 | time: 0.038
I 06.07/22:43:49 solver.py:159 ] Epoch: [168/200][100/282] lr: 8.55e-05 | MSE loss: 6.2092e-03 | time: 0.038
I 06.07/22:43:50 solver.py:159 ] Epoch: [168/200][120/282] lr: 8.54e-05 | MSE loss: 6.1824e-03 | time: 0.038
I 06.07/22:43:51 solver.py:159 ] Epoch: [168/200][140/282] lr: 8.52e-05 | MSE loss: 6.1009e-03 | time: 0.038
I 06.07/22:43:51 solver.py:159 ] Epoch: [168/200][160/282] lr: 8.51e-05 | MSE loss: 6.0383e-03 | time: 0.038
I 06.07/22:43:52 solver.py:159 ] Epoch: [168/200][180/282] lr: 8.49e-05 | MSE loss: 6.0567e-03 | time: 0.037
I 06.07/22:43:53 solver.py:159 ] Epoch: [168/200][200/282] lr: 8.48e-05 | MSE loss: 6.1181e-03 | time: 0.037
I 06.07/22:43:54 solver.py:159 ] Epoch: [168/200][220/282] lr: 8.46e-05 | MSE loss: 6.1029e-03 | time: 0.037
I 06.07/22:43:54 solver.py:159 ] Epoch: [168/200][240/282] lr: 8.45e-05 | MSE loss: 6.0012e-03 | time: 0.037
I 06.07/22:43:55 solver.py:159 ] Epoch: [168/200][260/282] lr: 8.44e-05 | MSE loss: 5.9479e-03 | time: 0.038
I 06.07/22:43:56 solver.py:159 ] Epoch: [168/200][280/282] lr: 8.42e-05 | MSE loss: 5.9354e-03 | time: 0.037
I 06.07/22:43:56 solver.py:169 ] => Train  Loss: 5.9114e-03

I 06.07/22:43:57 solver.py:405 ] [20/32] loss: 7.1193e-03 | NMSE: -1.8079e+01 | time: 0.031
I 06.07/22:43:57 solver.py:413 ] => Test NMSE: -1.8984e+01

I 06.07/22:43:57 solver.py:345 ] => LoRA monitor [epoch=168] | trainable=33792/33792 | non_lora_trainable=0 | lora_l2=1.269577e+01 | lora_A_l2=1.112070e+01 | lora_B_l2=6.124766e+00 | component_l2=encoder:1.269577e+01 | lora_abs_max=1.025615e+00 | delta_l2=1.273062e+01 | delta_rel=5.491513e+00 | train_loss=5.911358e-03 | test_loss=6.317695e-03 | nmse=-1.898412e+01
I 06.07/22:43:57 solver.py:224 ] 
=! Best NMSE: -1.8986e+01 (epoch=159)

I 06.07/22:43:58 solver.py:159 ] Epoch: [169/200][20/282] lr: 8.40e-05 | MSE loss: 7.3902e-03 | time: 0.035
I 06.07/22:43:58 solver.py:159 ] Epoch: [169/200][40/282] lr: 8.39e-05 | MSE loss: 6.3179e-03 | time: 0.037
I 06.07/22:43:59 solver.py:159 ] Epoch: [169/200][60/282] lr: 8.37e-05 | MSE loss: 6.3106e-03 | time: 0.037
I 06.07/22:44:00 solver.py:159 ] Epoch: [169/200][80/282] lr: 8.36e-05 | MSE loss: 6.4959e-03 | time: 0.038
I 06.07/22:44:01 solver.py:159 ] Epoch: [169/200][100/282] lr: 8.35e-05 | MSE loss: 6.2749e-03 | time: 0.040
I 06.07/22:44:02 solver.py:159 ] Epoch: [169/200][120/282] lr: 8.33e-05 | MSE loss: 5.9671e-03 | time: 0.045
I 06.07/22:44:04 solver.py:159 ] Epoch: [169/200][140/282] lr: 8.32e-05 | MSE loss: 5.9268e-03 | time: 0.050
I 06.07/22:44:05 solver.py:159 ] Epoch: [169/200][160/282] lr: 8.30e-05 | MSE loss: 5.8874e-03 | time: 0.050
I 06.07/22:44:06 solver.py:159 ] Epoch: [169/200][180/282] lr: 8.29e-05 | MSE loss: 5.8100e-03 | time: 0.049
I 06.07/22:44:07 solver.py:159 ] Epoch: [169/200][200/282] lr: 8.27e-05 | MSE loss: 5.7590e-03 | time: 0.049
I 06.07/22:44:07 solver.py:159 ] Epoch: [169/200][220/282] lr: 8.26e-05 | MSE loss: 5.9183e-03 | time: 0.048
I 06.07/22:44:08 solver.py:159 ] Epoch: [169/200][240/282] lr: 8.24e-05 | MSE loss: 5.9697e-03 | time: 0.047
I 06.07/22:44:09 solver.py:159 ] Epoch: [169/200][260/282] lr: 8.23e-05 | MSE loss: 5.9213e-03 | time: 0.046
I 06.07/22:44:10 solver.py:159 ] Epoch: [169/200][280/282] lr: 8.22e-05 | MSE loss: 5.9267e-03 | time: 0.046
I 06.07/22:44:10 solver.py:169 ] => Train  Loss: 5.9188e-03

I 06.07/22:44:11 solver.py:405 ] [20/32] loss: 7.1202e-03 | NMSE: -1.8080e+01 | time: 0.033
I 06.07/22:44:11 solver.py:413 ] => Test NMSE: -1.8983e+01

I 06.07/22:44:11 solver.py:345 ] => LoRA monitor [epoch=169] | trainable=33792/33792 | non_lora_trainable=0 | lora_l2=1.269849e+01 | lora_A_l2=1.112268e+01 | lora_B_l2=6.126798e+00 | component_l2=encoder:1.269849e+01 | lora_abs_max=1.025461e+00 | delta_l2=1.273340e+01 | delta_rel=5.492713e+00 | train_loss=5.918786e-03 | test_loss=6.319236e-03 | nmse=-1.898306e+01
I 06.07/22:44:11 solver.py:224 ] 
=! Best NMSE: -1.8986e+01 (epoch=159)

I 06.07/22:44:12 solver.py:159 ] Epoch: [170/200][20/282] lr: 8.20e-05 | MSE loss: 6.9347e-03 | time: 0.038
I 06.07/22:44:12 solver.py:159 ] Epoch: [170/200][40/282] lr: 8.19e-05 | MSE loss: 5.8816e-03 | time: 0.039
I 06.07/22:44:13 solver.py:159 ] Epoch: [170/200][60/282] lr: 8.17e-05 | MSE loss: 5.8338e-03 | time: 0.039
I 06.07/22:44:14 solver.py:159 ] Epoch: [170/200][80/282] lr: 8.16e-05 | MSE loss: 5.7452e-03 | time: 0.039
I 06.07/22:44:15 solver.py:159 ] Epoch: [170/200][100/282] lr: 8.14e-05 | MSE loss: 5.9585e-03 | time: 0.039
I 06.07/22:44:16 solver.py:159 ] Epoch: [170/200][120/282] lr: 8.13e-05 | MSE loss: 6.0096e-03 | time: 0.040
I 06.07/22:44:16 solver.py:159 ] Epoch: [170/200][140/282] lr: 8.11e-05 | MSE loss: 6.0829e-03 | time: 0.040
I 06.07/22:44:17 solver.py:159 ] Epoch: [170/200][160/282] lr: 8.10e-05 | MSE loss: 5.9564e-03 | time: 0.040
I 06.07/22:44:18 solver.py:159 ] Epoch: [170/200][180/282] lr: 8.09e-05 | MSE loss: 5.8445e-03 | time: 0.040
I 06.07/22:44:19 solver.py:159 ] Epoch: [170/200][200/282] lr: 8.07e-05 | MSE loss: 6.0191e-03 | time: 0.040
I 06.07/22:44:20 solver.py:159 ] Epoch: [170/200][220/282] lr: 8.06e-05 | MSE loss: 5.9697e-03 | time: 0.040
I 06.07/22:44:21 solver.py:159 ] Epoch: [170/200][240/282] lr: 8.04e-05 | MSE loss: 5.9261e-03 | time: 0.040
I 06.07/22:44:21 solver.py:159 ] Epoch: [170/200][260/282] lr: 8.03e-05 | MSE loss: 5.9220e-03 | time: 0.040
I 06.07/22:44:22 solver.py:159 ] Epoch: [170/200][280/282] lr: 8.02e-05 | MSE loss: 5.8919e-03 | time: 0.040
I 06.07/22:44:22 solver.py:169 ] => Train  Loss: 5.9807e-03

I 06.07/22:44:23 solver.py:159 ] Epoch: [170/200][20/32] lr: 8.01e-05 | MSE loss: 7.1251e-03 | time: 0.034
I 06.07/22:44:23 solver.py:169 ] => Val  Loss: 6.2397e-03

I 06.07/22:44:24 solver.py:405 ] [20/32] loss: 7.1251e-03 | NMSE: -1.8079e+01 | time: 0.030
I 06.07/22:44:24 solver.py:413 ] => Test NMSE: -1.8976e+01

I 06.07/22:44:24 solver.py:345 ] => LoRA monitor [epoch=170] | trainable=33792/33792 | non_lora_trainable=0 | lora_l2=1.270203e+01 | lora_A_l2=1.112580e+01 | lora_B_l2=6.128479e+00 | component_l2=encoder:1.270203e+01 | lora_abs_max=1.025710e+00 | delta_l2=1.273705e+01 | delta_rel=5.494289e+00 | train_loss=5.980724e-03 | val_loss=6.239731e-03 | test_loss=6.329327e-03 | nmse=-1.897613e+01
I 06.07/22:44:24 solver.py:224 ] 
=! Best NMSE: -1.8986e+01 (epoch=159)

I 06.07/22:44:25 solver.py:159 ] Epoch: [171/200][20/282] lr: 8.00e-05 | MSE loss: 4.7236e-03 | time: 0.034
I 06.07/22:44:25 solver.py:159 ] Epoch: [171/200][40/282] lr: 7.99e-05 | MSE loss: 5.5696e-03 | time: 0.035
I 06.07/22:44:26 solver.py:159 ] Epoch: [171/200][60/282] lr: 7.97e-05 | MSE loss: 5.8596e-03 | time: 0.034
I 06.07/22:44:27 solver.py:159 ] Epoch: [171/200][80/282] lr: 7.96e-05 | MSE loss: 5.6977e-03 | time: 0.034
I 06.07/22:44:28 solver.py:159 ] Epoch: [171/200][100/282] lr: 7.95e-05 | MSE loss: 5.4171e-03 | time: 0.034
I 06.07/22:44:28 solver.py:159 ] Epoch: [171/200][120/282] lr: 7.93e-05 | MSE loss: 5.5322e-03 | time: 0.034
I 06.07/22:44:29 solver.py:159 ] Epoch: [171/200][140/282] lr: 7.92e-05 | MSE loss: 5.6547e-03 | time: 0.034
I 06.07/22:44:30 solver.py:159 ] Epoch: [171/200][160/282] lr: 7.90e-05 | MSE loss: 5.8239e-03 | time: 0.034
I 06.07/22:44:30 solver.py:159 ] Epoch: [171/200][180/282] lr: 7.89e-05 | MSE loss: 5.8962e-03 | time: 0.034
I 06.07/22:44:31 solver.py:159 ] Epoch: [171/200][200/282] lr: 7.88e-05 | MSE loss: 5.9605e-03 | time: 0.034
I 06.07/22:44:32 solver.py:159 ] Epoch: [171/200][220/282] lr: 7.86e-05 | MSE loss: 5.8713e-03 | time: 0.034
I 06.07/22:44:32 solver.py:159 ] Epoch: [171/200][240/282] lr: 7.85e-05 | MSE loss: 5.8841e-03 | time: 0.035
I 06.07/22:44:33 solver.py:159 ] Epoch: [171/200][260/282] lr: 7.84e-05 | MSE loss: 5.8709e-03 | time: 0.034
I 06.07/22:44:34 solver.py:159 ] Epoch: [171/200][280/282] lr: 7.82e-05 | MSE loss: 5.9228e-03 | time: 0.034
I 06.07/22:44:34 solver.py:169 ] => Train  Loss: 5.9142e-03

I 06.07/22:44:34 solver.py:405 ] [20/32] loss: 7.1136e-03 | NMSE: -1.8083e+01 | time: 0.027
I 06.07/22:44:35 solver.py:413 ] => Test NMSE: -1.8985e+01

I 06.07/22:44:35 solver.py:345 ] => LoRA monitor [epoch=171] | trainable=33792/33792 | non_lora_trainable=0 | lora_l2=1.270520e+01 | lora_A_l2=1.112826e+01 | lora_B_l2=6.130567e+00 | component_l2=encoder:1.270520e+01 | lora_abs_max=1.024730e+00 | delta_l2=1.274026e+01 | delta_rel=5.495675e+00 | train_loss=5.914154e-03 | test_loss=6.316882e-03 | nmse=-1.898467e+01
I 06.07/22:44:35 solver.py:224 ] 
=! Best NMSE: -1.8986e+01 (epoch=159)

I 06.07/22:44:35 solver.py:159 ] Epoch: [172/200][20/282] lr: 7.81e-05 | MSE loss: 5.7019e-03 | time: 0.035
I 06.07/22:44:36 solver.py:159 ] Epoch: [172/200][40/282] lr: 7.79e-05 | MSE loss: 6.1600e-03 | time: 0.035
I 06.07/22:44:37 solver.py:159 ] Epoch: [172/200][60/282] lr: 7.78e-05 | MSE loss: 5.9208e-03 | time: 0.035
I 06.07/22:44:37 solver.py:159 ] Epoch: [172/200][80/282] lr: 7.77e-05 | MSE loss: 5.7446e-03 | time: 0.034
I 06.07/22:44:38 solver.py:159 ] Epoch: [172/200][100/282] lr: 7.75e-05 | MSE loss: 5.7368e-03 | time: 0.035
I 06.07/22:44:39 solver.py:159 ] Epoch: [172/200][120/282] lr: 7.74e-05 | MSE loss: 5.8667e-03 | time: 0.036
I 06.07/22:44:40 solver.py:159 ] Epoch: [172/200][140/282] lr: 7.73e-05 | MSE loss: 5.8107e-03 | time: 0.035
I 06.07/22:44:40 solver.py:159 ] Epoch: [172/200][160/282] lr: 7.71e-05 | MSE loss: 5.8394e-03 | time: 0.035
I 06.07/22:44:41 solver.py:159 ] Epoch: [172/200][180/282] lr: 7.70e-05 | MSE loss: 5.8977e-03 | time: 0.035
I 06.07/22:44:42 solver.py:159 ] Epoch: [172/200][200/282] lr: 7.69e-05 | MSE loss: 5.9049e-03 | time: 0.035
I 06.07/22:44:42 solver.py:159 ] Epoch: [172/200][220/282] lr: 7.67e-05 | MSE loss: 5.8747e-03 | time: 0.035
I 06.07/22:44:43 solver.py:159 ] Epoch: [172/200][240/282] lr: 7.66e-05 | MSE loss: 6.0453e-03 | time: 0.035
I 06.07/22:44:44 solver.py:159 ] Epoch: [172/200][260/282] lr: 7.65e-05 | MSE loss: 5.9378e-03 | time: 0.035
I 06.07/22:44:45 solver.py:159 ] Epoch: [172/200][280/282] lr: 7.63e-05 | MSE loss: 5.9099e-03 | time: 0.035
I 06.07/22:44:45 solver.py:169 ] => Train  Loss: 5.9110e-03

I 06.07/22:44:45 solver.py:405 ] [20/32] loss: 7.1121e-03 | NMSE: -1.8084e+01 | time: 0.029
I 06.07/22:44:46 solver.py:413 ] => Test NMSE: -1.8987e+01

I 06.07/22:44:46 solver.py:345 ] => LoRA monitor [epoch=172] | trainable=33792/33792 | non_lora_trainable=0 | lora_l2=1.270822e+01 | lora_A_l2=1.113080e+01 | lora_B_l2=6.132225e+00 | component_l2=encoder:1.270822e+01 | lora_abs_max=1.024855e+00 | delta_l2=1.274338e+01 | delta_rel=5.497019e+00 | train_loss=5.911023e-03 | test_loss=6.313527e-03 | nmse=-1.898698e+01
I 06.07/22:44:46 solver.py:224 ] 
=! Best NMSE: -1.8987e+01 (epoch=172)

I 06.07/22:44:47 solver.py:159 ] Epoch: [173/200][20/282] lr: 7.62e-05 | MSE loss: 5.5608e-03 | time: 0.033
I 06.07/22:44:47 solver.py:159 ] Epoch: [173/200][40/282] lr: 7.61e-05 | MSE loss: 6.3186e-03 | time: 0.034
I 06.07/22:44:48 solver.py:159 ] Epoch: [173/200][60/282] lr: 7.59e-05 | MSE loss: 5.8482e-03 | time: 0.034
I 06.07/22:44:49 solver.py:159 ] Epoch: [173/200][80/282] lr: 7.58e-05 | MSE loss: 5.6543e-03 | time: 0.034
I 06.07/22:44:49 solver.py:159 ] Epoch: [173/200][100/282] lr: 7.57e-05 | MSE loss: 5.9073e-03 | time: 0.035
I 06.07/22:44:50 solver.py:159 ] Epoch: [173/200][120/282] lr: 7.56e-05 | MSE loss: 6.3507e-03 | time: 0.034
I 06.07/22:44:51 solver.py:159 ] Epoch: [173/200][140/282] lr: 7.54e-05 | MSE loss: 6.2315e-03 | time: 0.034
I 06.07/22:44:51 solver.py:159 ] Epoch: [173/200][160/282] lr: 7.53e-05 | MSE loss: 6.0731e-03 | time: 0.034
I 06.07/22:44:52 solver.py:159 ] Epoch: [173/200][180/282] lr: 7.52e-05 | MSE loss: 6.0532e-03 | time: 0.034
I 06.07/22:44:53 solver.py:159 ] Epoch: [173/200][200/282] lr: 7.50e-05 | MSE loss: 6.0129e-03 | time: 0.034
I 06.07/22:44:53 solver.py:159 ] Epoch: [173/200][220/282] lr: 7.49e-05 | MSE loss: 5.9751e-03 | time: 0.034
I 06.07/22:44:54 solver.py:159 ] Epoch: [173/200][240/282] lr: 7.48e-05 | MSE loss: 6.0140e-03 | time: 0.034
I 06.07/22:44:55 solver.py:159 ] Epoch: [173/200][260/282] lr: 7.47e-05 | MSE loss: 5.9753e-03 | time: 0.034
I 06.07/22:44:56 solver.py:159 ] Epoch: [173/200][280/282] lr: 7.45e-05 | MSE loss: 5.9274e-03 | time: 0.034
I 06.07/22:44:56 solver.py:169 ] => Train  Loss: 5.9103e-03

I 06.07/22:44:56 solver.py:405 ] [20/32] loss: 7.1170e-03 | NMSE: -1.8082e+01 | time: 0.025
I 06.07/22:44:56 solver.py:413 ] => Test NMSE: -1.8984e+01

I 06.07/22:44:56 solver.py:345 ] => LoRA monitor [epoch=173] | trainable=33792/33792 | non_lora_trainable=0 | lora_l2=1.271062e+01 | lora_A_l2=1.113250e+01 | lora_B_l2=6.134121e+00 | component_l2=encoder:1.271062e+01 | lora_abs_max=1.023827e+00 | delta_l2=1.274585e+01 | delta_rel=5.498084e+00 | train_loss=5.910314e-03 | test_loss=6.318300e-03 | nmse=-1.898370e+01
I 06.07/22:44:56 solver.py:224 ] 
=! Best NMSE: -1.8987e+01 (epoch=172)

I 06.07/22:44:57 solver.py:159 ] Epoch: [174/200][20/282] lr: 7.44e-05 | MSE loss: 7.2987e-03 | time: 0.034
I 06.07/22:44:58 solver.py:159 ] Epoch: [174/200][40/282] lr: 7.43e-05 | MSE loss: 6.6537e-03 | time: 0.033
I 06.07/22:44:58 solver.py:159 ] Epoch: [174/200][60/282] lr: 7.41e-05 | MSE loss: 6.5299e-03 | time: 0.034
I 06.07/22:44:59 solver.py:159 ] Epoch: [174/200][80/282] lr: 7.40e-05 | MSE loss: 6.3257e-03 | time: 0.034
I 06.07/22:45:00 solver.py:159 ] Epoch: [174/200][100/282] lr: 7.39e-05 | MSE loss: 6.0352e-03 | time: 0.034
I 06.07/22:45:01 solver.py:159 ] Epoch: [174/200][120/282] lr: 7.38e-05 | MSE loss: 6.1397e-03 | time: 0.036
I 06.07/22:45:02 solver.py:159 ] Epoch: [174/200][140/282] lr: 7.36e-05 | MSE loss: 6.1395e-03 | time: 0.039
I 06.07/22:45:03 solver.py:159 ] Epoch: [174/200][160/282] lr: 7.35e-05 | MSE loss: 6.1492e-03 | time: 0.043
I 06.07/22:45:04 solver.py:159 ] Epoch: [174/200][180/282] lr: 7.34e-05 | MSE loss: 6.1649e-03 | time: 0.044
I 06.07/22:45:05 solver.py:159 ] Epoch: [174/200][200/282] lr: 7.33e-05 | MSE loss: 6.0650e-03 | time: 0.044
I 06.07/22:45:06 solver.py:159 ] Epoch: [174/200][220/282] lr: 7.32e-05 | MSE loss: 6.0527e-03 | time: 0.043
I 06.07/22:45:06 solver.py:159 ] Epoch: [174/200][240/282] lr: 7.30e-05 | MSE loss: 5.9607e-03 | time: 0.042
I 06.07/22:45:07 solver.py:159 ] Epoch: [174/200][260/282] lr: 7.29e-05 | MSE loss: 5.8815e-03 | time: 0.041
I 06.07/22:45:08 solver.py:159 ] Epoch: [174/200][280/282] lr: 7.28e-05 | MSE loss: 5.9256e-03 | time: 0.041
I 06.07/22:45:08 solver.py:169 ] => Train  Loss: 5.9345e-03

I 06.07/22:45:09 solver.py:405 ] [20/32] loss: 7.1376e-03 | NMSE: -1.8072e+01 | time: 0.037
I 06.07/22:45:09 solver.py:413 ] => Test NMSE: -1.8971e+01

I 06.07/22:45:09 solver.py:345 ] => LoRA monitor [epoch=174] | trainable=33792/33792 | non_lora_trainable=0 | lora_l2=1.271382e+01 | lora_A_l2=1.113514e+01 | lora_B_l2=6.135941e+00 | component_l2=encoder:1.271382e+01 | lora_abs_max=1.023978e+00 | delta_l2=1.274907e+01 | delta_rel=5.499475e+00 | train_loss=5.934488e-03 | test_loss=6.337257e-03 | nmse=-1.897069e+01
I 06.07/22:45:09 solver.py:224 ] 
=! Best NMSE: -1.8987e+01 (epoch=172)

I 06.07/22:45:11 solver.py:159 ] Epoch: [175/200][20/282] lr: 7.26e-05 | MSE loss: 4.8657e-03 | time: 0.063
I 06.07/22:45:12 solver.py:159 ] Epoch: [175/200][40/282] lr: 7.25e-05 | MSE loss: 5.0647e-03 | time: 0.058
I 06.07/22:45:13 solver.py:159 ] Epoch: [175/200][60/282] lr: 7.24e-05 | MSE loss: 5.4589e-03 | time: 0.052
I 06.07/22:45:13 solver.py:159 ] Epoch: [175/200][80/282] lr: 7.23e-05 | MSE loss: 5.7279e-03 | time: 0.049
I 06.07/22:45:14 solver.py:159 ] Epoch: [175/200][100/282] lr: 7.22e-05 | MSE loss: 5.5997e-03 | time: 0.049
I 06.07/22:45:15 solver.py:159 ] Epoch: [175/200][120/282] lr: 7.20e-05 | MSE loss: 5.4902e-03 | time: 0.049
I 06.07/22:45:16 solver.py:159 ] Epoch: [175/200][140/282] lr: 7.19e-05 | MSE loss: 5.7196e-03 | time: 0.050
I 06.07/22:45:17 solver.py:159 ] Epoch: [175/200][160/282] lr: 7.18e-05 | MSE loss: 5.6731e-03 | time: 0.050
I 06.07/22:45:18 solver.py:159 ] Epoch: [175/200][180/282] lr: 7.17e-05 | MSE loss: 5.6606e-03 | time: 0.050
I 06.07/22:45:19 solver.py:159 ] Epoch: [175/200][200/282] lr: 7.16e-05 | MSE loss: 5.7455e-03 | time: 0.050
I 06.07/22:45:20 solver.py:159 ] Epoch: [175/200][220/282] lr: 7.14e-05 | MSE loss: 5.8735e-03 | time: 0.050
I 06.07/22:45:21 solver.py:159 ] Epoch: [175/200][240/282] lr: 7.13e-05 | MSE loss: 5.7448e-03 | time: 0.050
I 06.07/22:45:22 solver.py:159 ] Epoch: [175/200][260/282] lr: 7.12e-05 | MSE loss: 5.8376e-03 | time: 0.050
I 06.07/22:45:23 solver.py:159 ] Epoch: [175/200][280/282] lr: 7.11e-05 | MSE loss: 5.9263e-03 | time: 0.050
I 06.07/22:45:23 solver.py:169 ] => Train  Loss: 5.9102e-03

I 06.07/22:45:25 solver.py:405 ] [20/32] loss: 7.1199e-03 | NMSE: -1.8081e+01 | time: 0.045
I 06.07/22:45:25 solver.py:413 ] => Test NMSE: -1.8981e+01

I 06.07/22:45:25 solver.py:345 ] => LoRA monitor [epoch=175] | trainable=33792/33792 | non_lora_trainable=0 | lora_l2=1.271648e+01 | lora_A_l2=1.113697e+01 | lora_B_l2=6.138143e+00 | component_l2=encoder:1.271648e+01 | lora_abs_max=1.023848e+00 | delta_l2=1.275168e+01 | delta_rel=5.500599e+00 | train_loss=5.910219e-03 | test_loss=6.321656e-03 | nmse=-1.898139e+01
I 06.07/22:45:25 solver.py:224 ] 
=! Best NMSE: -1.8987e+01 (epoch=172)

I 06.07/22:45:26 solver.py:159 ] Epoch: [176/200][20/282] lr: 7.10e-05 | MSE loss: 6.5534e-03 | time: 0.048
I 06.07/22:45:27 solver.py:159 ] Epoch: [176/200][40/282] lr: 7.08e-05 | MSE loss: 6.0877e-03 | time: 0.047
I 06.07/22:45:28 solver.py:159 ] Epoch: [176/200][60/282] lr: 7.07e-05 | MSE loss: 5.5929e-03 | time: 0.049
I 06.07/22:45:29 solver.py:159 ] Epoch: [176/200][80/282] lr: 7.06e-05 | MSE loss: 5.7483e-03 | time: 0.049
I 06.07/22:45:30 solver.py:159 ] Epoch: [176/200][100/282] lr: 7.05e-05 | MSE loss: 5.9637e-03 | time: 0.049
I 06.07/22:45:31 solver.py:159 ] Epoch: [176/200][120/282] lr: 7.04e-05 | MSE loss: 6.0112e-03 | time: 0.049
I 06.07/22:45:32 solver.py:159 ] Epoch: [176/200][140/282] lr: 7.03e-05 | MSE loss: 5.9710e-03 | time: 0.050
I 06.07/22:45:33 solver.py:159 ] Epoch: [176/200][160/282] lr: 7.01e-05 | MSE loss: 6.1064e-03 | time: 0.051
I 06.07/22:45:34 solver.py:159 ] Epoch: [176/200][180/282] lr: 7.00e-05 | MSE loss: 6.0598e-03 | time: 0.050
I 06.07/22:45:35 solver.py:159 ] Epoch: [176/200][200/282] lr: 6.99e-05 | MSE loss: 5.9719e-03 | time: 0.050
I 06.07/22:45:36 solver.py:159 ] Epoch: [176/200][220/282] lr: 6.98e-05 | MSE loss: 5.9246e-03 | time: 0.049
I 06.07/22:45:37 solver.py:159 ] Epoch: [176/200][240/282] lr: 6.97e-05 | MSE loss: 5.8517e-03 | time: 0.049
I 06.07/22:45:38 solver.py:159 ] Epoch: [176/200][260/282] lr: 6.96e-05 | MSE loss: 5.9581e-03 | time: 0.049
I 06.07/22:45:38 solver.py:159 ] Epoch: [176/200][280/282] lr: 6.95e-05 | MSE loss: 5.9123e-03 | time: 0.048
I 06.07/22:45:38 solver.py:169 ] => Train  Loss: 5.9233e-03

I 06.07/22:45:39 solver.py:405 ] [20/32] loss: 7.1176e-03 | NMSE: -1.8081e+01 | time: 0.038
I 06.07/22:45:40 solver.py:413 ] => Test NMSE: -1.8985e+01

I 06.07/22:45:40 solver.py:345 ] => LoRA monitor [epoch=176] | trainable=33792/33792 | non_lora_trainable=0 | lora_l2=1.271853e+01 | lora_A_l2=1.113862e+01 | lora_B_l2=6.139393e+00 | component_l2=encoder:1.271853e+01 | lora_abs_max=1.023748e+00 | delta_l2=1.275383e+01 | delta_rel=5.501526e+00 | train_loss=5.923306e-03 | test_loss=6.316558e-03 | nmse=-1.898490e+01
I 06.07/22:45:40 solver.py:224 ] 
=! Best NMSE: -1.8987e+01 (epoch=172)

I 06.07/22:45:41 solver.py:159 ] Epoch: [177/200][20/282] lr: 6.93e-05 | MSE loss: 5.0501e-03 | time: 0.047
I 06.07/22:45:42 solver.py:159 ] Epoch: [177/200][40/282] lr: 6.92e-05 | MSE loss: 6.2869e-03 | time: 0.046
I 06.07/22:45:42 solver.py:159 ] Epoch: [177/200][60/282] lr: 6.91e-05 | MSE loss: 6.1697e-03 | time: 0.046
I 06.07/22:45:43 solver.py:159 ] Epoch: [177/200][80/282] lr: 6.90e-05 | MSE loss: 6.1834e-03 | time: 0.045
I 06.07/22:45:44 solver.py:159 ] Epoch: [177/200][100/282] lr: 6.89e-05 | MSE loss: 6.0591e-03 | time: 0.045
I 06.07/22:45:45 solver.py:159 ] Epoch: [177/200][120/282] lr: 6.88e-05 | MSE loss: 5.9922e-03 | time: 0.046
I 06.07/22:45:46 solver.py:159 ] Epoch: [177/200][140/282] lr: 6.87e-05 | MSE loss: 5.8750e-03 | time: 0.046
I 06.07/22:45:47 solver.py:159 ] Epoch: [177/200][160/282] lr: 6.86e-05 | MSE loss: 5.9400e-03 | time: 0.046
I 06.07/22:45:48 solver.py:159 ] Epoch: [177/200][180/282] lr: 6.84e-05 | MSE loss: 6.0288e-03 | time: 0.046
I 06.07/22:45:49 solver.py:159 ] Epoch: [177/200][200/282] lr: 6.83e-05 | MSE loss: 5.9415e-03 | time: 0.046
I 06.07/22:45:50 solver.py:159 ] Epoch: [177/200][220/282] lr: 6.82e-05 | MSE loss: 5.9064e-03 | time: 0.046
I 06.07/22:45:51 solver.py:159 ] Epoch: [177/200][240/282] lr: 6.81e-05 | MSE loss: 5.8962e-03 | time: 0.046
I 06.07/22:45:52 solver.py:159 ] Epoch: [177/200][260/282] lr: 6.80e-05 | MSE loss: 5.8485e-03 | time: 0.046
I 06.07/22:45:53 solver.py:159 ] Epoch: [177/200][280/282] lr: 6.79e-05 | MSE loss: 5.9254e-03 | time: 0.046
I 06.07/22:45:53 solver.py:169 ] => Train  Loss: 5.9470e-03

I 06.07/22:45:54 solver.py:405 ] [20/32] loss: 7.1245e-03 | NMSE: -1.8079e+01 | time: 0.039
I 06.07/22:45:54 solver.py:413 ] => Test NMSE: -1.8981e+01

I 06.07/22:45:54 solver.py:345 ] => LoRA monitor [epoch=177] | trainable=33792/33792 | non_lora_trainable=0 | lora_l2=1.272100e+01 | lora_A_l2=1.114073e+01 | lora_B_l2=6.140677e+00 | component_l2=encoder:1.272100e+01 | lora_abs_max=1.023737e+00 | delta_l2=1.275639e+01 | delta_rel=5.502631e+00 | train_loss=5.947009e-03 | test_loss=6.321741e-03 | nmse=-1.898133e+01
I 06.07/22:45:54 solver.py:224 ] 
=! Best NMSE: -1.8987e+01 (epoch=172)

I 06.07/22:45:55 solver.py:159 ] Epoch: [178/200][20/282] lr: 6.78e-05 | MSE loss: 4.5234e-03 | time: 0.047
I 06.07/22:45:56 solver.py:159 ] Epoch: [178/200][40/282] lr: 6.77e-05 | MSE loss: 4.9226e-03 | time: 0.045
I 06.07/22:45:57 solver.py:159 ] Epoch: [178/200][60/282] lr: 6.76e-05 | MSE loss: 5.0022e-03 | time: 0.045
I 06.07/22:45:58 solver.py:159 ] Epoch: [178/200][80/282] lr: 6.75e-05 | MSE loss: 5.2933e-03 | time: 0.045
I 06.07/22:45:58 solver.py:159 ] Epoch: [178/200][100/282] lr: 6.73e-05 | MSE loss: 5.7740e-03 | time: 0.045
I 06.07/22:45:59 solver.py:159 ] Epoch: [178/200][120/282] lr: 6.72e-05 | MSE loss: 5.5857e-03 | time: 0.045
I 06.07/22:46:00 solver.py:159 ] Epoch: [178/200][140/282] lr: 6.71e-05 | MSE loss: 5.7217e-03 | time: 0.045
I 06.07/22:46:02 solver.py:159 ] Epoch: [178/200][160/282] lr: 6.70e-05 | MSE loss: 5.7920e-03 | time: 0.047
I 06.07/22:46:03 solver.py:159 ] Epoch: [178/200][180/282] lr: 6.69e-05 | MSE loss: 5.9132e-03 | time: 0.051
I 06.07/22:46:05 solver.py:159 ] Epoch: [178/200][200/282] lr: 6.68e-05 | MSE loss: 5.9153e-03 | time: 0.053
I 06.07/22:46:06 solver.py:159 ] Epoch: [178/200][220/282] lr: 6.67e-05 | MSE loss: 5.9810e-03 | time: 0.052
I 06.07/22:46:06 solver.py:159 ] Epoch: [178/200][240/282] lr: 6.66e-05 | MSE loss: 5.9622e-03 | time: 0.052
I 06.07/22:46:07 solver.py:159 ] Epoch: [178/200][260/282] lr: 6.65e-05 | MSE loss: 5.8624e-03 | time: 0.051
I 06.07/22:46:08 solver.py:159 ] Epoch: [178/200][280/282] lr: 6.64e-05 | MSE loss: 5.9016e-03 | time: 0.051
I 06.07/22:46:08 solver.py:169 ] => Train  Loss: 5.9510e-03

I 06.07/22:46:09 solver.py:405 ] [20/32] loss: 7.1219e-03 | NMSE: -1.8077e+01 | time: 0.047
I 06.07/22:46:10 solver.py:413 ] => Test NMSE: -1.8981e+01

I 06.07/22:46:10 solver.py:345 ] => LoRA monitor [epoch=178] | trainable=33792/33792 | non_lora_trainable=0 | lora_l2=1.272404e+01 | lora_A_l2=1.114278e+01 | lora_B_l2=6.143258e+00 | component_l2=encoder:1.272404e+01 | lora_abs_max=1.023883e+00 | delta_l2=1.275938e+01 | delta_rel=5.503921e+00 | train_loss=5.951029e-03 | test_loss=6.321906e-03 | nmse=-1.898122e+01
I 06.07/22:46:10 solver.py:224 ] 
=! Best NMSE: -1.8987e+01 (epoch=172)

I 06.07/22:46:11 solver.py:159 ] Epoch: [179/200][20/282] lr: 6.63e-05 | MSE loss: 5.4111e-03 | time: 0.066
I 06.07/22:46:13 solver.py:159 ] Epoch: [179/200][40/282] lr: 6.62e-05 | MSE loss: 5.5863e-03 | time: 0.072
I 06.07/22:46:14 solver.py:159 ] Epoch: [179/200][60/282] lr: 6.61e-05 | MSE loss: 5.5382e-03 | time: 0.075
I 06.07/22:46:16 solver.py:159 ] Epoch: [179/200][80/282] lr: 6.60e-05 | MSE loss: 5.4479e-03 | time: 0.071
I 06.07/22:46:17 solver.py:159 ] Epoch: [179/200][100/282] lr: 6.59e-05 | MSE loss: 5.7126e-03 | time: 0.069
I 06.07/22:46:18 solver.py:159 ] Epoch: [179/200][120/282] lr: 6.58e-05 | MSE loss: 5.7848e-03 | time: 0.067
I 06.07/22:46:19 solver.py:159 ] Epoch: [179/200][140/282] lr: 6.57e-05 | MSE loss: 5.6664e-03 | time: 0.067
I 06.07/22:46:21 solver.py:159 ] Epoch: [179/200][160/282] lr: 6.56e-05 | MSE loss: 5.7810e-03 | time: 0.066
I 06.07/22:46:22 solver.py:159 ] Epoch: [179/200][180/282] lr: 6.55e-05 | MSE loss: 5.7839e-03 | time: 0.067
I 06.07/22:46:23 solver.py:159 ] Epoch: [179/200][200/282] lr: 6.54e-05 | MSE loss: 5.8821e-03 | time: 0.067
I 06.07/22:46:25 solver.py:159 ] Epoch: [179/200][220/282] lr: 6.53e-05 | MSE loss: 5.9293e-03 | time: 0.067
I 06.07/22:46:26 solver.py:159 ] Epoch: [179/200][240/282] lr: 6.52e-05 | MSE loss: 5.8326e-03 | time: 0.067
I 06.07/22:46:27 solver.py:159 ] Epoch: [179/200][260/282] lr: 6.51e-05 | MSE loss: 5.8225e-03 | time: 0.067
I 06.07/22:46:29 solver.py:159 ] Epoch: [179/200][280/282] lr: 6.50e-05 | MSE loss: 5.9090e-03 | time: 0.068
I 06.07/22:46:29 solver.py:169 ] => Train  Loss: 5.9730e-03

I 06.07/22:46:30 solver.py:405 ] [20/32] loss: 7.1147e-03 | NMSE: -1.8083e+01 | time: 0.065
I 06.07/22:46:31 solver.py:413 ] => Test NMSE: -1.8987e+01

I 06.07/22:46:31 solver.py:345 ] => LoRA monitor [epoch=179] | trainable=33792/33792 | non_lora_trainable=0 | lora_l2=1.272636e+01 | lora_A_l2=1.114476e+01 | lora_B_l2=6.144465e+00 | component_l2=encoder:1.272636e+01 | lora_abs_max=1.023696e+00 | delta_l2=1.276179e+01 | delta_rel=5.504961e+00 | train_loss=5.973002e-03 | test_loss=6.313451e-03 | nmse=-1.898703e+01
I 06.07/22:46:32 solver.py:224 ] 
=! Best NMSE: -1.8987e+01 (epoch=179)

I 06.07/22:46:33 solver.py:159 ] Epoch: [180/200][20/282] lr: 6.48e-05 | MSE loss: 6.9619e-03 | time: 0.068
I 06.07/22:46:34 solver.py:159 ] Epoch: [180/200][40/282] lr: 6.47e-05 | MSE loss: 6.3041e-03 | time: 0.067
I 06.07/22:46:36 solver.py:159 ] Epoch: [180/200][60/282] lr: 6.46e-05 | MSE loss: 6.3600e-03 | time: 0.067
I 06.07/22:46:37 solver.py:159 ] Epoch: [180/200][80/282] lr: 6.45e-05 | MSE loss: 6.0773e-03 | time: 0.067
I 06.07/22:46:38 solver.py:159 ] Epoch: [180/200][100/282] lr: 6.44e-05 | MSE loss: 6.0262e-03 | time: 0.066
I 06.07/22:46:40 solver.py:159 ] Epoch: [180/200][120/282] lr: 6.44e-05 | MSE loss: 5.9938e-03 | time: 0.066
I 06.07/22:46:41 solver.py:159 ] Epoch: [180/200][140/282] lr: 6.43e-05 | MSE loss: 5.9292e-03 | time: 0.066
I 06.07/22:46:42 solver.py:159 ] Epoch: [180/200][160/282] lr: 6.42e-05 | MSE loss: 5.9163e-03 | time: 0.065
I 06.07/22:46:43 solver.py:159 ] Epoch: [180/200][180/282] lr: 6.41e-05 | MSE loss: 5.8261e-03 | time: 0.064
I 06.07/22:46:44 solver.py:159 ] Epoch: [180/200][200/282] lr: 6.40e-05 | MSE loss: 5.9735e-03 | time: 0.063
I 06.07/22:46:45 solver.py:159 ] Epoch: [180/200][220/282] lr: 6.39e-05 | MSE loss: 5.9839e-03 | time: 0.062
I 06.07/22:46:47 solver.py:159 ] Epoch: [180/200][240/282] lr: 6.38e-05 | MSE loss: 5.9453e-03 | time: 0.062
I 06.07/22:46:48 solver.py:159 ] Epoch: [180/200][260/282] lr: 6.37e-05 | MSE loss: 5.7905e-03 | time: 0.062
I 06.07/22:46:49 solver.py:159 ] Epoch: [180/200][280/282] lr: 6.36e-05 | MSE loss: 5.9156e-03 | time: 0.062
I 06.07/22:46:49 solver.py:169 ] => Train  Loss: 5.9252e-03

I 06.07/22:46:51 solver.py:159 ] Epoch: [180/200][20/32] lr: 6.36e-05 | MSE loss: 7.1173e-03 | time: 0.057
I 06.07/22:46:51 solver.py:169 ] => Val  Loss: 6.2271e-03

I 06.07/22:46:52 solver.py:405 ] [20/32] loss: 7.1173e-03 | NMSE: -1.8082e+01 | time: 0.054
I 06.07/22:46:53 solver.py:413 ] => Test NMSE: -1.8985e+01

I 06.07/22:46:53 solver.py:345 ] => LoRA monitor [epoch=180] | trainable=33792/33792 | non_lora_trainable=0 | lora_l2=1.272815e+01 | lora_A_l2=1.114636e+01 | lora_B_l2=6.145277e+00 | component_l2=encoder:1.272815e+01 | lora_abs_max=1.023694e+00 | delta_l2=1.276364e+01 | delta_rel=5.505758e+00 | train_loss=5.925168e-03 | val_loss=6.227099e-03 | test_loss=6.317007e-03 | nmse=-1.898459e+01
I 06.07/22:46:53 solver.py:224 ] 
=! Best NMSE: -1.8987e+01 (epoch=179)

I 06.07/22:46:54 solver.py:159 ] Epoch: [181/200][20/282] lr: 6.35e-05 | MSE loss: 7.0572e-03 | time: 0.066
I 06.07/22:46:55 solver.py:159 ] Epoch: [181/200][40/282] lr: 6.34e-05 | MSE loss: 6.2519e-03 | time: 0.064
I 06.07/22:46:57 solver.py:159 ] Epoch: [181/200][60/282] lr: 6.33e-05 | MSE loss: 6.3201e-03 | time: 0.064
I 06.07/22:46:58 solver.py:159 ] Epoch: [181/200][80/282] lr: 6.32e-05 | MSE loss: 6.1038e-03 | time: 0.064
I 06.07/22:46:59 solver.py:159 ] Epoch: [181/200][100/282] lr: 6.31e-05 | MSE loss: 6.3009e-03 | time: 0.064
I 06.07/22:47:01 solver.py:159 ] Epoch: [181/200][120/282] lr: 6.30e-05 | MSE loss: 6.3633e-03 | time: 0.069
I 06.07/22:47:04 solver.py:159 ] Epoch: [181/200][140/282] lr: 6.29e-05 | MSE loss: 6.2832e-03 | time: 0.080
I 06.07/22:47:06 solver.py:159 ] Epoch: [181/200][160/282] lr: 6.28e-05 | MSE loss: 6.2300e-03 | time: 0.080
I 06.07/22:47:07 solver.py:159 ] Epoch: [181/200][180/282] lr: 6.27e-05 | MSE loss: 6.2884e-03 | time: 0.079
I 06.07/22:47:08 solver.py:159 ] Epoch: [181/200][200/282] lr: 6.26e-05 | MSE loss: 6.1977e-03 | time: 0.077
I 06.07/22:47:10 solver.py:159 ] Epoch: [181/200][220/282] lr: 6.25e-05 | MSE loss: 6.1350e-03 | time: 0.076
I 06.07/22:47:11 solver.py:159 ] Epoch: [181/200][240/282] lr: 6.24e-05 | MSE loss: 6.0472e-03 | time: 0.074
I 06.07/22:47:12 solver.py:159 ] Epoch: [181/200][260/282] lr: 6.24e-05 | MSE loss: 6.0174e-03 | time: 0.073
I 06.07/22:47:13 solver.py:159 ] Epoch: [181/200][280/282] lr: 6.23e-05 | MSE loss: 5.9379e-03 | time: 0.073
I 06.07/22:47:13 solver.py:169 ] => Train  Loss: 5.9073e-03

I 06.07/22:47:15 solver.py:405 ] [20/32] loss: 7.1140e-03 | NMSE: -1.8084e+01 | time: 0.053
I 06.07/22:47:15 solver.py:413 ] => Test NMSE: -1.8986e+01

I 06.07/22:47:15 solver.py:345 ] => LoRA monitor [epoch=181] | trainable=33792/33792 | non_lora_trainable=0 | lora_l2=1.273054e+01 | lora_A_l2=1.114833e+01 | lora_B_l2=6.146668e+00 | component_l2=encoder:1.273054e+01 | lora_abs_max=1.023464e+00 | delta_l2=1.276605e+01 | delta_rel=5.506799e+00 | train_loss=5.907257e-03 | test_loss=6.315080e-03 | nmse=-1.898591e+01
I 06.07/22:47:15 solver.py:224 ] 
=! Best NMSE: -1.8987e+01 (epoch=179)

I 06.07/22:47:17 solver.py:159 ] Epoch: [182/200][20/282] lr: 6.22e-05 | MSE loss: 5.2186e-03 | time: 0.071
I 06.07/22:47:18 solver.py:159 ] Epoch: [182/200][40/282] lr: 6.21e-05 | MSE loss: 4.7913e-03 | time: 0.068
I 06.07/22:47:19 solver.py:159 ] Epoch: [182/200][60/282] lr: 6.20e-05 | MSE loss: 5.4726e-03 | time: 0.071
I 06.07/22:47:21 solver.py:159 ] Epoch: [182/200][80/282] lr: 6.19e-05 | MSE loss: 5.8756e-03 | time: 0.070
I 06.07/22:47:22 solver.py:159 ] Epoch: [182/200][100/282] lr: 6.18e-05 | MSE loss: 6.0570e-03 | time: 0.071
I 06.07/22:47:24 solver.py:159 ] Epoch: [182/200][120/282] lr: 6.17e-05 | MSE loss: 6.2142e-03 | time: 0.069
I 06.07/22:47:25 solver.py:159 ] Epoch: [182/200][140/282] lr: 6.16e-05 | MSE loss: 6.1154e-03 | time: 0.068
I 06.07/22:47:26 solver.py:159 ] Epoch: [182/200][160/282] lr: 6.15e-05 | MSE loss: 5.9914e-03 | time: 0.067
I 06.07/22:47:27 solver.py:159 ] Epoch: [182/200][180/282] lr: 6.15e-05 | MSE loss: 5.9639e-03 | time: 0.067
I 06.07/22:47:28 solver.py:159 ] Epoch: [182/200][200/282] lr: 6.14e-05 | MSE loss: 5.9534e-03 | time: 0.065
I 06.07/22:47:29 solver.py:159 ] Epoch: [182/200][220/282] lr: 6.13e-05 | MSE loss: 5.8886e-03 | time: 0.064
I 06.07/22:47:31 solver.py:159 ] Epoch: [182/200][240/282] lr: 6.12e-05 | MSE loss: 5.8588e-03 | time: 0.064
I 06.07/22:47:32 solver.py:159 ] Epoch: [182/200][260/282] lr: 6.11e-05 | MSE loss: 5.8102e-03 | time: 0.064
I 06.07/22:47:33 solver.py:159 ] Epoch: [182/200][280/282] lr: 6.10e-05 | MSE loss: 5.9086e-03 | time: 0.064
I 06.07/22:47:33 solver.py:169 ] => Train  Loss: 5.9108e-03

I 06.07/22:47:34 solver.py:405 ] [20/32] loss: 7.1137e-03 | NMSE: -1.8084e+01 | time: 0.058
I 06.07/22:47:35 solver.py:413 ] => Test NMSE: -1.8986e+01

I 06.07/22:47:35 solver.py:345 ] => LoRA monitor [epoch=182] | trainable=33792/33792 | non_lora_trainable=0 | lora_l2=1.273281e+01 | lora_A_l2=1.115003e+01 | lora_B_l2=6.148281e+00 | component_l2=encoder:1.273281e+01 | lora_abs_max=1.022928e+00 | delta_l2=1.276840e+01 | delta_rel=5.507814e+00 | train_loss=5.910785e-03 | test_loss=6.315485e-03 | nmse=-1.898563e+01
I 06.07/22:47:35 solver.py:224 ] 
=! Best NMSE: -1.8987e+01 (epoch=179)

I 06.07/22:47:36 solver.py:159 ] Epoch: [183/200][20/282] lr: 6.09e-05 | MSE loss: 5.4744e-03 | time: 0.072
I 06.07/22:47:38 solver.py:159 ] Epoch: [183/200][40/282] lr: 6.08e-05 | MSE loss: 5.6783e-03 | time: 0.066
I 06.07/22:47:39 solver.py:159 ] Epoch: [183/200][60/282] lr: 6.08e-05 | MSE loss: 5.6419e-03 | time: 0.066
I 06.07/22:47:40 solver.py:159 ] Epoch: [183/200][80/282] lr: 6.07e-05 | MSE loss: 5.4673e-03 | time: 0.067
I 06.07/22:47:42 solver.py:159 ] Epoch: [183/200][100/282] lr: 6.06e-05 | MSE loss: 5.7276e-03 | time: 0.067
I 06.07/22:47:43 solver.py:159 ] Epoch: [183/200][120/282] lr: 6.05e-05 | MSE loss: 5.5754e-03 | time: 0.069
I 06.07/22:47:45 solver.py:159 ] Epoch: [183/200][140/282] lr: 6.04e-05 | MSE loss: 5.5931e-03 | time: 0.070
I 06.07/22:47:46 solver.py:159 ] Epoch: [183/200][160/282] lr: 6.03e-05 | MSE loss: 5.6989e-03 | time: 0.070
I 06.07/22:47:48 solver.py:159 ] Epoch: [183/200][180/282] lr: 6.03e-05 | MSE loss: 5.6659e-03 | time: 0.070
I 06.07/22:47:49 solver.py:159 ] Epoch: [183/200][200/282] lr: 6.02e-05 | MSE loss: 5.7254e-03 | time: 0.070
I 06.07/22:47:50 solver.py:159 ] Epoch: [183/200][220/282] lr: 6.01e-05 | MSE loss: 5.9275e-03 | time: 0.070
I 06.07/22:47:52 solver.py:159 ] Epoch: [183/200][240/282] lr: 6.00e-05 | MSE loss: 5.9496e-03 | time: 0.069
I 06.07/22:47:53 solver.py:159 ] Epoch: [183/200][260/282] lr: 5.99e-05 | MSE loss: 5.9233e-03 | time: 0.069
I 06.07/22:47:54 solver.py:159 ] Epoch: [183/200][280/282] lr: 5.98e-05 | MSE loss: 5.9271e-03 | time: 0.069
I 06.07/22:47:54 solver.py:169 ] => Train  Loss: 5.9132e-03

I 06.07/22:47:56 solver.py:405 ] [20/32] loss: 7.1134e-03 | NMSE: -1.8084e+01 | time: 0.062
I 06.07/22:47:56 solver.py:413 ] => Test NMSE: -1.8985e+01

I 06.07/22:47:56 solver.py:345 ] => LoRA monitor [epoch=183] | trainable=33792/33792 | non_lora_trainable=0 | lora_l2=1.273524e+01 | lora_A_l2=1.115189e+01 | lora_B_l2=6.149920e+00 | component_l2=encoder:1.273524e+01 | lora_abs_max=1.022621e+00 | delta_l2=1.277079e+01 | delta_rel=5.508843e+00 | train_loss=5.913173e-03 | test_loss=6.316782e-03 | nmse=-1.898474e+01
I 06.07/22:47:56 solver.py:224 ] 
=! Best NMSE: -1.8987e+01 (epoch=179)

I 06.07/22:47:58 solver.py:159 ] Epoch: [184/200][20/282] lr: 5.98e-05 | MSE loss: 5.9277e-03 | time: 0.074
I 06.07/22:47:59 solver.py:159 ] Epoch: [184/200][40/282] lr: 5.97e-05 | MSE loss: 6.6811e-03 | time: 0.070
I 06.07/22:48:01 solver.py:159 ] Epoch: [184/200][60/282] lr: 5.96e-05 | MSE loss: 6.3241e-03 | time: 0.074
I 06.07/22:48:03 solver.py:159 ] Epoch: [184/200][80/282] lr: 5.95e-05 | MSE loss: 6.1142e-03 | time: 0.088
I 06.07/22:48:05 solver.py:159 ] Epoch: [184/200][100/282] lr: 5.94e-05 | MSE loss: 6.1244e-03 | time: 0.086
I 06.07/22:48:06 solver.py:159 ] Epoch: [184/200][120/282] lr: 5.93e-05 | MSE loss: 6.1197e-03 | time: 0.082
I 06.07/22:48:08 solver.py:159 ] Epoch: [184/200][140/282] lr: 5.93e-05 | MSE loss: 5.9854e-03 | time: 0.080
I 06.07/22:48:09 solver.py:159 ] Epoch: [184/200][160/282] lr: 5.92e-05 | MSE loss: 5.8333e-03 | time: 0.078
I 06.07/22:48:10 solver.py:159 ] Epoch: [184/200][180/282] lr: 5.91e-05 | MSE loss: 5.8287e-03 | time: 0.076
I 06.07/22:48:12 solver.py:159 ] Epoch: [184/200][200/282] lr: 5.90e-05 | MSE loss: 5.8662e-03 | time: 0.076
I 06.07/22:48:13 solver.py:159 ] Epoch: [184/200][220/282] lr: 5.90e-05 | MSE loss: 5.8533e-03 | time: 0.076
I 06.07/22:48:15 solver.py:159 ] Epoch: [184/200][240/282] lr: 5.89e-05 | MSE loss: 5.9127e-03 | time: 0.077
I 06.07/22:48:17 solver.py:159 ] Epoch: [184/200][260/282] lr: 5.88e-05 | MSE loss: 5.8674e-03 | time: 0.077
I 06.07/22:48:18 solver.py:159 ] Epoch: [184/200][280/282] lr: 5.87e-05 | MSE loss: 5.9194e-03 | time: 0.078
I 06.07/22:48:18 solver.py:169 ] => Train  Loss: 5.9055e-03

I 06.07/22:48:21 solver.py:405 ] [20/32] loss: 7.1097e-03 | NMSE: -1.8085e+01 | time: 0.104
I 06.07/22:48:22 solver.py:413 ] => Test NMSE: -1.8988e+01

I 06.07/22:48:22 solver.py:345 ] => LoRA monitor [epoch=184] | trainable=33792/33792 | non_lora_trainable=0 | lora_l2=1.273680e+01 | lora_A_l2=1.115318e+01 | lora_B_l2=6.150830e+00 | component_l2=encoder:1.273680e+01 | lora_abs_max=1.022841e+00 | delta_l2=1.277249e+01 | delta_rel=5.509575e+00 | train_loss=5.905506e-03 | test_loss=6.311656e-03 | nmse=-1.898827e+01
I 06.07/22:48:22 solver.py:224 ] 
=! Best NMSE: -1.8988e+01 (epoch=184)

I 06.07/22:48:25 solver.py:159 ] Epoch: [185/200][20/282] lr: 5.86e-05 | MSE loss: 6.5922e-03 | time: 0.108
I 06.07/22:48:26 solver.py:159 ] Epoch: [185/200][40/282] lr: 5.86e-05 | MSE loss: 6.3084e-03 | time: 0.101
I 06.07/22:48:28 solver.py:159 ] Epoch: [185/200][60/282] lr: 5.85e-05 | MSE loss: 6.1605e-03 | time: 0.093
I 06.07/22:48:30 solver.py:159 ] Epoch: [185/200][80/282] lr: 5.84e-05 | MSE loss: 6.0970e-03 | time: 0.094
I 06.07/22:48:32 solver.py:159 ] Epoch: [185/200][100/282] lr: 5.83e-05 | MSE loss: 6.3435e-03 | time: 0.098
I 06.07/22:48:35 solver.py:159 ] Epoch: [185/200][120/282] lr: 5.83e-05 | MSE loss: 6.2914e-03 | time: 0.104
I 06.07/22:48:38 solver.py:159 ] Epoch: [185/200][140/282] lr: 5.82e-05 | MSE loss: 6.2628e-03 | time: 0.112
I 06.07/22:48:41 solver.py:159 ] Epoch: [185/200][160/282] lr: 5.81e-05 | MSE loss: 6.2838e-03 | time: 0.117
I 06.07/22:48:44 solver.py:159 ] Epoch: [185/200][180/282] lr: 5.80e-05 | MSE loss: 6.2561e-03 | time: 0.122
I 06.07/22:48:48 solver.py:159 ] Epoch: [185/200][200/282] lr: 5.80e-05 | MSE loss: 6.2862e-03 | time: 0.126
I 06.07/22:48:51 solver.py:159 ] Epoch: [185/200][220/282] lr: 5.79e-05 | MSE loss: 6.1190e-03 | time: 0.130
I 06.07/22:48:54 solver.py:159 ] Epoch: [185/200][240/282] lr: 5.78e-05 | MSE loss: 6.0199e-03 | time: 0.133
I 06.07/22:48:58 solver.py:159 ] Epoch: [185/200][260/282] lr: 5.77e-05 | MSE loss: 5.9236e-03 | time: 0.137
I 06.07/22:49:02 solver.py:159 ] Epoch: [185/200][280/282] lr: 5.77e-05 | MSE loss: 5.9349e-03 | time: 0.142
I 06.07/22:49:02 solver.py:169 ] => Train  Loss: 5.9056e-03

I 06.07/22:49:07 solver.py:405 ] [20/32] loss: 7.1174e-03 | NMSE: -1.8081e+01 | time: 0.207
I 06.07/22:49:09 solver.py:413 ] => Test NMSE: -1.8985e+01

I 06.07/22:49:09 solver.py:345 ] => LoRA monitor [epoch=185] | trainable=33792/33792 | non_lora_trainable=0 | lora_l2=1.273841e+01 | lora_A_l2=1.115438e+01 | lora_B_l2=6.151983e+00 | component_l2=encoder:1.273841e+01 | lora_abs_max=1.022461e+00 | delta_l2=1.277412e+01 | delta_rel=5.510279e+00 | train_loss=5.905628e-03 | test_loss=6.316070e-03 | nmse=-1.898523e+01
I 06.07/22:49:09 solver.py:224 ] 
=! Best NMSE: -1.8988e+01 (epoch=184)

I 06.07/22:49:12 solver.py:159 ] Epoch: [186/200][20/282] lr: 5.76e-05 | MSE loss: 6.7736e-03 | time: 0.177
I 06.07/22:49:16 solver.py:159 ] Epoch: [186/200][40/282] lr: 5.75e-05 | MSE loss: 6.0816e-03 | time: 0.171
I 06.07/22:49:19 solver.py:159 ] Epoch: [186/200][60/282] lr: 5.75e-05 | MSE loss: 5.7971e-03 | time: 0.175
I 06.07/22:49:23 solver.py:159 ] Epoch: [186/200][80/282] lr: 5.74e-05 | MSE loss: 5.9392e-03 | time: 0.173
I 06.07/22:49:26 solver.py:159 ] Epoch: [186/200][100/282] lr: 5.73e-05 | MSE loss: 6.0347e-03 | time: 0.172
I 06.07/22:49:30 solver.py:159 ] Epoch: [186/200][120/282] lr: 5.72e-05 | MSE loss: 5.9739e-03 | time: 0.174
I 06.07/22:49:33 solver.py:159 ] Epoch: [186/200][140/282] lr: 5.72e-05 | MSE loss: 5.9144e-03 | time: 0.173
I 06.07/22:49:36 solver.py:159 ] Epoch: [186/200][160/282] lr: 5.71e-05 | MSE loss: 5.9225e-03 | time: 0.173
I 06.07/22:49:40 solver.py:159 ] Epoch: [186/200][180/282] lr: 5.70e-05 | MSE loss: 5.8250e-03 | time: 0.172
I 06.07/22:49:43 solver.py:159 ] Epoch: [186/200][200/282] lr: 5.70e-05 | MSE loss: 5.7888e-03 | time: 0.171
I 06.07/22:49:46 solver.py:159 ] Epoch: [186/200][220/282] lr: 5.69e-05 | MSE loss: 5.8497e-03 | time: 0.171
I 06.07/22:49:50 solver.py:159 ] Epoch: [186/200][240/282] lr: 5.68e-05 | MSE loss: 5.8962e-03 | time: 0.171
I 06.07/22:49:53 solver.py:159 ] Epoch: [186/200][260/282] lr: 5.68e-05 | MSE loss: 5.8720e-03 | time: 0.170
I 06.07/22:49:56 solver.py:159 ] Epoch: [186/200][280/282] lr: 5.67e-05 | MSE loss: 5.8956e-03 | time: 0.170
I 06.07/22:49:57 solver.py:169 ] => Train  Loss: 5.9738e-03

I 06.07/22:50:02 solver.py:405 ] [20/32] loss: 7.1096e-03 | NMSE: -1.8085e+01 | time: 0.212
I 06.07/22:50:05 solver.py:413 ] => Test NMSE: -1.8988e+01

I 06.07/22:50:05 solver.py:345 ] => LoRA monitor [epoch=186] | trainable=33792/33792 | non_lora_trainable=0 | lora_l2=1.274068e+01 | lora_A_l2=1.115609e+01 | lora_B_l2=6.153580e+00 | component_l2=encoder:1.274068e+01 | lora_abs_max=1.022072e+00 | delta_l2=1.277641e+01 | delta_rel=5.511268e+00 | train_loss=5.973843e-03 | test_loss=6.311514e-03 | nmse=-1.898837e+01
I 06.07/22:50:06 solver.py:224 ] 
=! Best NMSE: -1.8988e+01 (epoch=186)

I 06.07/22:50:09 solver.py:159 ] Epoch: [187/200][20/282] lr: 5.66e-05 | MSE loss: 6.0022e-03 | time: 0.185
I 06.07/22:50:13 solver.py:159 ] Epoch: [187/200][40/282] lr: 5.65e-05 | MSE loss: 6.2955e-03 | time: 0.182
I 06.07/22:50:17 solver.py:159 ] Epoch: [187/200][60/282] lr: 5.65e-05 | MSE loss: 6.4338e-03 | time: 0.179
I 06.07/22:50:20 solver.py:159 ] Epoch: [187/200][80/282] lr: 5.64e-05 | MSE loss: 6.1688e-03 | time: 0.179
I 06.07/22:50:24 solver.py:159 ] Epoch: [187/200][100/282] lr: 5.64e-05 | MSE loss: 6.0930e-03 | time: 0.178
I 06.07/22:50:27 solver.py:159 ] Epoch: [187/200][120/282] lr: 5.63e-05 | MSE loss: 6.1073e-03 | time: 0.177
I 06.07/22:50:30 solver.py:159 ] Epoch: [187/200][140/282] lr: 5.62e-05 | MSE loss: 5.9880e-03 | time: 0.175
I 06.07/22:50:34 solver.py:159 ] Epoch: [187/200][160/282] lr: 5.62e-05 | MSE loss: 5.8860e-03 | time: 0.173
I 06.07/22:50:37 solver.py:159 ] Epoch: [187/200][180/282] lr: 5.61e-05 | MSE loss: 5.7553e-03 | time: 0.173
I 06.07/22:50:40 solver.py:159 ] Epoch: [187/200][200/282] lr: 5.60e-05 | MSE loss: 5.8513e-03 | time: 0.173
I 06.07/22:50:44 solver.py:159 ] Epoch: [187/200][220/282] lr: 5.60e-05 | MSE loss: 5.8903e-03 | time: 0.173
I 06.07/22:50:47 solver.py:159 ] Epoch: [187/200][240/282] lr: 5.59e-05 | MSE loss: 5.9073e-03 | time: 0.173
I 06.07/22:50:51 solver.py:159 ] Epoch: [187/200][260/282] lr: 5.58e-05 | MSE loss: 5.9132e-03 | time: 0.175
I 06.07/22:50:55 solver.py:159 ] Epoch: [187/200][280/282] lr: 5.58e-05 | MSE loss: 5.9074e-03 | time: 0.176
I 06.07/22:50:55 solver.py:169 ] => Train  Loss: 5.9355e-03

I 06.07/22:50:59 solver.py:405 ] [20/32] loss: 7.1115e-03 | NMSE: -1.8086e+01 | time: 0.171
I 06.07/22:51:01 solver.py:413 ] => Test NMSE: -1.8987e+01

I 06.07/22:51:01 solver.py:345 ] => LoRA monitor [epoch=187] | trainable=33792/33792 | non_lora_trainable=0 | lora_l2=1.274215e+01 | lora_A_l2=1.115721e+01 | lora_B_l2=6.154598e+00 | component_l2=encoder:1.274215e+01 | lora_abs_max=1.022014e+00 | delta_l2=1.277792e+01 | delta_rel=5.511917e+00 | train_loss=5.935544e-03 | test_loss=6.313486e-03 | nmse=-1.898701e+01
I 06.07/22:51:01 solver.py:224 ] 
=! Best NMSE: -1.8988e+01 (epoch=186)

I 06.07/22:51:07 solver.py:159 ] Epoch: [188/200][20/282] lr: 5.57e-05 | MSE loss: 6.8398e-03 | time: 0.279
I 06.07/22:51:10 solver.py:159 ] Epoch: [188/200][40/282] lr: 5.56e-05 | MSE loss: 6.7573e-03 | time: 0.227
I 06.07/22:51:14 solver.py:159 ] Epoch: [188/200][60/282] lr: 5.56e-05 | MSE loss: 6.8011e-03 | time: 0.214
I 06.07/22:51:18 solver.py:159 ] Epoch: [188/200][80/282] lr: 5.55e-05 | MSE loss: 6.4708e-03 | time: 0.207
I 06.07/22:51:21 solver.py:159 ] Epoch: [188/200][100/282] lr: 5.55e-05 | MSE loss: 6.6329e-03 | time: 0.200
I 06.07/22:51:25 solver.py:159 ] Epoch: [188/200][120/282] lr: 5.54e-05 | MSE loss: 6.3712e-03 | time: 0.195
I 06.07/22:51:28 solver.py:159 ] Epoch: [188/200][140/282] lr: 5.53e-05 | MSE loss: 6.2918e-03 | time: 0.191
I 06.07/22:51:32 solver.py:159 ] Epoch: [188/200][160/282] lr: 5.53e-05 | MSE loss: 6.0340e-03 | time: 0.190
I 06.07/22:51:35 solver.py:159 ] Epoch: [188/200][180/282] lr: 5.52e-05 | MSE loss: 5.9102e-03 | time: 0.188
I 06.07/22:51:38 solver.py:159 ] Epoch: [188/200][200/282] lr: 5.52e-05 | MSE loss: 5.9702e-03 | time: 0.184
I 06.07/22:51:42 solver.py:159 ] Epoch: [188/200][220/282] lr: 5.51e-05 | MSE loss: 6.0250e-03 | time: 0.184
I 06.07/22:51:45 solver.py:159 ] Epoch: [188/200][240/282] lr: 5.50e-05 | MSE loss: 6.0044e-03 | time: 0.183
I 06.07/22:51:49 solver.py:159 ] Epoch: [188/200][260/282] lr: 5.50e-05 | MSE loss: 5.9414e-03 | time: 0.182
I 06.07/22:51:52 solver.py:159 ] Epoch: [188/200][280/282] lr: 5.49e-05 | MSE loss: 5.9082e-03 | time: 0.183
I 06.07/22:51:53 solver.py:169 ] => Train  Loss: 5.9083e-03

I 06.07/22:51:57 solver.py:405 ] [20/32] loss: 7.1223e-03 | NMSE: -1.8080e+01 | time: 0.189
I 06.07/22:51:59 solver.py:413 ] => Test NMSE: -1.8982e+01

I 06.07/22:51:59 solver.py:345 ] => LoRA monitor [epoch=188] | trainable=33792/33792 | non_lora_trainable=0 | lora_l2=1.274402e+01 | lora_A_l2=1.115871e+01 | lora_B_l2=6.155736e+00 | component_l2=encoder:1.274402e+01 | lora_abs_max=1.021974e+00 | delta_l2=1.277986e+01 | delta_rel=5.512754e+00 | train_loss=5.908333e-03 | test_loss=6.320400e-03 | nmse=-1.898226e+01
I 06.07/22:51:59 solver.py:224 ] 
=! Best NMSE: -1.8988e+01 (epoch=186)

I 06.07/22:52:05 solver.py:159 ] Epoch: [189/200][20/282] lr: 5.49e-05 | MSE loss: 6.3700e-03 | time: 0.311
I 06.07/22:52:09 solver.py:159 ] Epoch: [189/200][40/282] lr: 5.48e-05 | MSE loss: 6.4935e-03 | time: 0.245
I 06.07/22:52:12 solver.py:159 ] Epoch: [189/200][60/282] lr: 5.47e-05 | MSE loss: 6.1330e-03 | time: 0.222
I 06.07/22:52:16 solver.py:159 ] Epoch: [189/200][80/282] lr: 5.47e-05 | MSE loss: 6.1541e-03 | time: 0.210
I 06.07/22:52:19 solver.py:159 ] Epoch: [189/200][100/282] lr: 5.46e-05 | MSE loss: 5.8887e-03 | time: 0.202
I 06.07/22:52:23 solver.py:159 ] Epoch: [189/200][120/282] lr: 5.46e-05 | MSE loss: 5.9061e-03 | time: 0.199
I 06.07/22:52:26 solver.py:159 ] Epoch: [189/200][140/282] lr: 5.45e-05 | MSE loss: 5.8054e-03 | time: 0.195
I 06.07/22:52:30 solver.py:159 ] Epoch: [189/200][160/282] lr: 5.45e-05 | MSE loss: 5.7975e-03 | time: 0.193
I 06.07/22:52:33 solver.py:159 ] Epoch: [189/200][180/282] lr: 5.44e-05 | MSE loss: 5.8937e-03 | time: 0.191
I 06.07/22:52:37 solver.py:159 ] Epoch: [189/200][200/282] lr: 5.44e-05 | MSE loss: 5.9397e-03 | time: 0.189
I 06.07/22:52:40 solver.py:159 ] Epoch: [189/200][220/282] lr: 5.43e-05 | MSE loss: 5.8906e-03 | time: 0.188
I 06.07/22:52:44 solver.py:159 ] Epoch: [189/200][240/282] lr: 5.42e-05 | MSE loss: 5.7732e-03 | time: 0.187
I 06.07/22:52:47 solver.py:159 ] Epoch: [189/200][260/282] lr: 5.42e-05 | MSE loss: 5.7710e-03 | time: 0.187
I 06.07/22:52:51 solver.py:159 ] Epoch: [189/200][280/282] lr: 5.41e-05 | MSE loss: 5.8967e-03 | time: 0.187
I 06.07/22:52:51 solver.py:169 ] => Train  Loss: 5.9395e-03

I 06.07/22:52:55 solver.py:405 ] [20/32] loss: 7.1189e-03 | NMSE: -1.8082e+01 | time: 0.169
I 06.07/22:52:57 solver.py:413 ] => Test NMSE: -1.8984e+01

I 06.07/22:52:57 solver.py:345 ] => LoRA monitor [epoch=189] | trainable=33792/33792 | non_lora_trainable=0 | lora_l2=1.274513e+01 | lora_A_l2=1.115955e+01 | lora_B_l2=6.156515e+00 | component_l2=encoder:1.274513e+01 | lora_abs_max=1.021619e+00 | delta_l2=1.278102e+01 | delta_rel=5.513255e+00 | train_loss=5.939541e-03 | test_loss=6.318181e-03 | nmse=-1.898378e+01
I 06.07/22:52:57 solver.py:224 ] 
=! Best NMSE: -1.8988e+01 (epoch=186)

I 06.07/22:53:02 solver.py:159 ] Epoch: [190/200][20/282] lr: 5.41e-05 | MSE loss: 5.9013e-03 | time: 0.250
I 06.07/22:53:07 solver.py:159 ] Epoch: [190/200][40/282] lr: 5.40e-05 | MSE loss: 5.7624e-03 | time: 0.244
I 06.07/22:53:10 solver.py:159 ] Epoch: [190/200][60/282] lr: 5.40e-05 | MSE loss: 6.1412e-03 | time: 0.219
I 06.07/22:53:14 solver.py:159 ] Epoch: [190/200][80/282] lr: 5.39e-05 | MSE loss: 6.3342e-03 | time: 0.208
I 06.07/22:53:17 solver.py:159 ] Epoch: [190/200][100/282] lr: 5.39e-05 | MSE loss: 6.2303e-03 | time: 0.199
I 06.07/22:53:21 solver.py:159 ] Epoch: [190/200][120/282] lr: 5.38e-05 | MSE loss: 6.2274e-03 | time: 0.196
I 06.07/22:53:24 solver.py:159 ] Epoch: [190/200][140/282] lr: 5.38e-05 | MSE loss: 6.1121e-03 | time: 0.191
I 06.07/22:53:27 solver.py:159 ] Epoch: [190/200][160/282] lr: 5.37e-05 | MSE loss: 6.1819e-03 | time: 0.187
I 06.07/22:53:31 solver.py:159 ] Epoch: [190/200][180/282] lr: 5.37e-05 | MSE loss: 6.1895e-03 | time: 0.186
I 06.07/22:53:34 solver.py:159 ] Epoch: [190/200][200/282] lr: 5.36e-05 | MSE loss: 6.1722e-03 | time: 0.185
I 06.07/22:53:38 solver.py:159 ] Epoch: [190/200][220/282] lr: 5.36e-05 | MSE loss: 6.1875e-03 | time: 0.185
I 06.07/22:53:41 solver.py:159 ] Epoch: [190/200][240/282] lr: 5.35e-05 | MSE loss: 6.0436e-03 | time: 0.185
I 06.07/22:53:45 solver.py:159 ] Epoch: [190/200][260/282] lr: 5.35e-05 | MSE loss: 6.0137e-03 | time: 0.183
I 06.07/22:53:48 solver.py:159 ] Epoch: [190/200][280/282] lr: 5.34e-05 | MSE loss: 5.9096e-03 | time: 0.182
I 06.07/22:53:48 solver.py:169 ] => Train  Loss: 5.9108e-03

I 06.07/22:53:52 solver.py:159 ] Epoch: [190/200][20/32] lr: 5.34e-05 | MSE loss: 7.1108e-03 | time: 0.162
I 06.07/22:53:54 solver.py:169 ] => Val  Loss: 6.2214e-03

I 06.07/22:53:57 solver.py:405 ] [20/32] loss: 7.1108e-03 | NMSE: -1.8084e+01 | time: 0.170
I 06.07/22:53:59 solver.py:413 ] => Test NMSE: -1.8988e+01

I 06.07/22:53:59 solver.py:345 ] => LoRA monitor [epoch=190] | trainable=33792/33792 | non_lora_trainable=0 | lora_l2=1.274676e+01 | lora_A_l2=1.116081e+01 | lora_B_l2=6.157604e+00 | component_l2=encoder:1.274676e+01 | lora_abs_max=1.021469e+00 | delta_l2=1.278270e+01 | delta_rel=5.513982e+00 | train_loss=5.910831e-03 | val_loss=6.221400e-03 | test_loss=6.311456e-03 | nmse=-1.898841e+01
I 06.07/22:54:00 solver.py:224 ] 
=! Best NMSE: -1.8988e+01 (epoch=190)

I 06.07/22:54:06 solver.py:159 ] Epoch: [191/200][20/282] lr: 5.34e-05 | MSE loss: 4.5610e-03 | time: 0.292
I 06.07/22:54:09 solver.py:159 ] Epoch: [191/200][40/282] lr: 5.33e-05 | MSE loss: 4.7575e-03 | time: 0.229
I 06.07/22:54:13 solver.py:159 ] Epoch: [191/200][60/282] lr: 5.33e-05 | MSE loss: 4.9324e-03 | time: 0.212
I 06.07/22:54:17 solver.py:159 ] Epoch: [191/200][80/282] lr: 5.32e-05 | MSE loss: 5.3297e-03 | time: 0.206
I 06.07/22:54:20 solver.py:159 ] Epoch: [191/200][100/282] lr: 5.32e-05 | MSE loss: 5.5704e-03 | time: 0.199
I 06.07/22:54:24 solver.py:159 ] Epoch: [191/200][120/282] lr: 5.31e-05 | MSE loss: 5.5912e-03 | time: 0.195
I 06.07/22:54:27 solver.py:159 ] Epoch: [191/200][140/282] lr: 5.31e-05 | MSE loss: 5.5418e-03 | time: 0.192
I 06.07/22:54:30 solver.py:159 ] Epoch: [191/200][160/282] lr: 5.30e-05 | MSE loss: 5.6933e-03 | time: 0.189
I 06.07/22:54:34 solver.py:159 ] Epoch: [191/200][180/282] lr: 5.30e-05 | MSE loss: 5.9748e-03 | time: 0.188
I 06.07/22:54:38 solver.py:159 ] Epoch: [191/200][200/282] lr: 5.30e-05 | MSE loss: 5.9431e-03 | time: 0.187
I 06.07/22:54:41 solver.py:159 ] Epoch: [191/200][220/282] lr: 5.29e-05 | MSE loss: 6.0106e-03 | time: 0.186
I 06.07/22:54:44 solver.py:159 ] Epoch: [191/200][240/282] lr: 5.29e-05 | MSE loss: 5.9576e-03 | time: 0.185
I 06.07/22:54:48 solver.py:159 ] Epoch: [191/200][260/282] lr: 5.28e-05 | MSE loss: 5.9282e-03 | time: 0.184
I 06.07/22:54:51 solver.py:159 ] Epoch: [191/200][280/282] lr: 5.28e-05 | MSE loss: 5.9111e-03 | time: 0.183
I 06.07/22:54:51 solver.py:169 ] => Train  Loss: 5.9331e-03

I 06.07/22:54:55 solver.py:405 ] [20/32] loss: 7.1101e-03 | NMSE: -1.8085e+01 | time: 0.178
I 06.07/22:54:57 solver.py:413 ] => Test NMSE: -1.8989e+01

I 06.07/22:54:57 solver.py:345 ] => LoRA monitor [epoch=191] | trainable=33792/33792 | non_lora_trainable=0 | lora_l2=1.274845e+01 | lora_A_l2=1.116211e+01 | lora_B_l2=6.158746e+00 | component_l2=encoder:1.274845e+01 | lora_abs_max=1.021224e+00 | delta_l2=1.278442e+01 | delta_rel=5.514724e+00 | train_loss=5.933085e-03 | test_loss=6.311188e-03 | nmse=-1.898859e+01
I 06.07/22:54:58 solver.py:224 ] 
=! Best NMSE: -1.8989e+01 (epoch=191)

I 06.07/22:55:03 solver.py:159 ] Epoch: [192/200][20/282] lr: 5.27e-05 | MSE loss: 6.4586e-03 | time: 0.252
I 06.07/22:55:07 solver.py:159 ] Epoch: [192/200][40/282] lr: 5.27e-05 | MSE loss: 5.8756e-03 | time: 0.236
I 06.07/22:55:11 solver.py:159 ] Epoch: [192/200][60/282] lr: 5.26e-05 | MSE loss: 5.5582e-03 | time: 0.218
I 06.07/22:55:15 solver.py:159 ] Epoch: [192/200][80/282] lr: 5.26e-05 | MSE loss: 5.7846e-03 | time: 0.208
I 06.07/22:55:18 solver.py:159 ] Epoch: [192/200][100/282] lr: 5.26e-05 | MSE loss: 5.9121e-03 | time: 0.203
I 06.07/22:55:22 solver.py:159 ] Epoch: [192/200][120/282] lr: 5.25e-05 | MSE loss: 5.8484e-03 | time: 0.198
I 06.07/22:55:25 solver.py:159 ] Epoch: [192/200][140/282] lr: 5.25e-05 | MSE loss: 5.7097e-03 | time: 0.195
I 06.07/22:55:29 solver.py:159 ] Epoch: [192/200][160/282] lr: 5.24e-05 | MSE loss: 5.8487e-03 | time: 0.193
I 06.07/22:55:33 solver.py:159 ] Epoch: [192/200][180/282] lr: 5.24e-05 | MSE loss: 5.8992e-03 | time: 0.193
I 06.07/22:55:36 solver.py:159 ] Epoch: [192/200][200/282] lr: 5.24e-05 | MSE loss: 5.8870e-03 | time: 0.191
I 06.07/22:55:40 solver.py:159 ] Epoch: [192/200][220/282] lr: 5.23e-05 | MSE loss: 5.8120e-03 | time: 0.190
I 06.07/22:55:43 solver.py:159 ] Epoch: [192/200][240/282] lr: 5.23e-05 | MSE loss: 5.7894e-03 | time: 0.188
I 06.07/22:55:47 solver.py:159 ] Epoch: [192/200][260/282] lr: 5.22e-05 | MSE loss: 5.9226e-03 | time: 0.187
I 06.07/22:55:50 solver.py:159 ] Epoch: [192/200][280/282] lr: 5.22e-05 | MSE loss: 5.9074e-03 | time: 0.186
I 06.07/22:55:50 solver.py:169 ] => Train  Loss: 5.9049e-03

I 06.07/22:55:54 solver.py:405 ] [20/32] loss: 7.1161e-03 | NMSE: -1.8082e+01 | time: 0.161
I 06.07/22:55:56 solver.py:413 ] => Test NMSE: -1.8986e+01

I 06.07/22:55:56 solver.py:345 ] => LoRA monitor [epoch=192] | trainable=33792/33792 | non_lora_trainable=0 | lora_l2=1.274926e+01 | lora_A_l2=1.116238e+01 | lora_B_l2=6.159952e+00 | component_l2=encoder:1.274926e+01 | lora_abs_max=1.020892e+00 | delta_l2=1.278532e+01 | delta_rel=5.515110e+00 | train_loss=5.904933e-03 | test_loss=6.314238e-03 | nmse=-1.898649e+01
I 06.07/22:55:56 solver.py:224 ] 
=! Best NMSE: -1.8989e+01 (epoch=191)

I 06.07/22:55:59 solver.py:159 ] Epoch: [193/200][20/282] lr: 5.22e-05 | MSE loss: 6.0141e-03 | time: 0.184
I 06.07/22:56:05 solver.py:159 ] Epoch: [193/200][40/282] lr: 5.21e-05 | MSE loss: 5.6909e-03 | time: 0.233
I 06.07/22:56:09 solver.py:159 ] Epoch: [193/200][60/282] lr: 5.21e-05 | MSE loss: 5.7589e-03 | time: 0.218
I 06.07/22:56:12 solver.py:159 ] Epoch: [193/200][80/282] lr: 5.20e-05 | MSE loss: 5.9822e-03 | time: 0.208
I 06.07/22:56:16 solver.py:159 ] Epoch: [193/200][100/282] lr: 5.20e-05 | MSE loss: 5.6085e-03 | time: 0.199
I 06.07/22:56:19 solver.py:159 ] Epoch: [193/200][120/282] lr: 5.20e-05 | MSE loss: 5.5343e-03 | time: 0.195
I 06.07/22:56:23 solver.py:159 ] Epoch: [193/200][140/282] lr: 5.19e-05 | MSE loss: 5.6565e-03 | time: 0.192
I 06.07/22:56:26 solver.py:159 ] Epoch: [193/200][160/282] lr: 5.19e-05 | MSE loss: 5.7676e-03 | time: 0.188
I 06.07/22:56:29 solver.py:159 ] Epoch: [193/200][180/282] lr: 5.19e-05 | MSE loss: 5.8195e-03 | time: 0.184
I 06.07/22:56:32 solver.py:159 ] Epoch: [193/200][200/282] lr: 5.18e-05 | MSE loss: 5.9441e-03 | time: 0.182
I 06.07/22:56:36 solver.py:159 ] Epoch: [193/200][220/282] lr: 5.18e-05 | MSE loss: 5.8427e-03 | time: 0.181
I 06.07/22:56:39 solver.py:159 ] Epoch: [193/200][240/282] lr: 5.17e-05 | MSE loss: 5.9720e-03 | time: 0.179
I 06.07/22:56:42 solver.py:159 ] Epoch: [193/200][260/282] lr: 5.17e-05 | MSE loss: 5.9244e-03 | time: 0.179
I 06.07/22:56:45 solver.py:159 ] Epoch: [193/200][280/282] lr: 5.17e-05 | MSE loss: 5.9042e-03 | time: 0.177
I 06.07/22:56:46 solver.py:169 ] => Train  Loss: 5.9675e-03

I 06.07/22:56:50 solver.py:405 ] [20/32] loss: 7.1141e-03 | NMSE: -1.8083e+01 | time: 0.175
I 06.07/22:56:51 solver.py:413 ] => Test NMSE: -1.8988e+01

I 06.07/22:56:51 solver.py:345 ] => LoRA monitor [epoch=193] | trainable=33792/33792 | non_lora_trainable=0 | lora_l2=1.275061e+01 | lora_A_l2=1.116351e+01 | lora_B_l2=6.160694e+00 | component_l2=encoder:1.275061e+01 | lora_abs_max=1.020463e+00 | delta_l2=1.278674e+01 | delta_rel=5.515725e+00 | train_loss=5.967499e-03 | test_loss=6.312299e-03 | nmse=-1.898782e+01
I 06.07/22:56:51 solver.py:224 ] 
=! Best NMSE: -1.8989e+01 (epoch=191)

I 06.07/22:56:55 solver.py:159 ] Epoch: [194/200][20/282] lr: 5.16e-05 | MSE loss: 8.1255e-03 | time: 0.167
I 06.07/22:56:58 solver.py:159 ] Epoch: [194/200][40/282] lr: 5.16e-05 | MSE loss: 6.6104e-03 | time: 0.169
I 06.07/22:57:03 solver.py:159 ] Epoch: [194/200][60/282] lr: 5.16e-05 | MSE loss: 6.4540e-03 | time: 0.191
I 06.07/22:57:07 solver.py:159 ] Epoch: [194/200][80/282] lr: 5.15e-05 | MSE loss: 6.4803e-03 | time: 0.196
I 06.07/22:57:10 solver.py:159 ] Epoch: [194/200][100/282] lr: 5.15e-05 | MSE loss: 6.1942e-03 | time: 0.189
I 06.07/22:57:14 solver.py:159 ] Epoch: [194/200][120/282] lr: 5.15e-05 | MSE loss: 6.0068e-03 | time: 0.186
I 06.07/22:57:17 solver.py:159 ] Epoch: [194/200][140/282] lr: 5.14e-05 | MSE loss: 5.9040e-03 | time: 0.182
I 06.07/22:57:20 solver.py:159 ] Epoch: [194/200][160/282] lr: 5.14e-05 | MSE loss: 5.8424e-03 | time: 0.180
I 06.07/22:57:23 solver.py:159 ] Epoch: [194/200][180/282] lr: 5.14e-05 | MSE loss: 5.9747e-03 | time: 0.178
I 06.07/22:57:27 solver.py:159 ] Epoch: [194/200][200/282] lr: 5.14e-05 | MSE loss: 5.9913e-03 | time: 0.176
I 06.07/22:57:30 solver.py:159 ] Epoch: [194/200][220/282] lr: 5.13e-05 | MSE loss: 6.0730e-03 | time: 0.177
I 06.07/22:57:33 solver.py:159 ] Epoch: [194/200][240/282] lr: 5.13e-05 | MSE loss: 6.0251e-03 | time: 0.174
I 06.07/22:57:37 solver.py:159 ] Epoch: [194/200][260/282] lr: 5.13e-05 | MSE loss: 6.0013e-03 | time: 0.174
I 06.07/22:57:40 solver.py:159 ] Epoch: [194/200][280/282] lr: 5.12e-05 | MSE loss: 5.9343e-03 | time: 0.174
I 06.07/22:57:40 solver.py:169 ] => Train  Loss: 5.9028e-03

I 06.07/22:57:44 solver.py:405 ] [20/32] loss: 7.1146e-03 | NMSE: -1.8084e+01 | time: 0.161
I 06.07/22:57:46 solver.py:413 ] => Test NMSE: -1.8987e+01

I 06.07/22:57:46 solver.py:345 ] => LoRA monitor [epoch=194] | trainable=33792/33792 | non_lora_trainable=0 | lora_l2=1.275273e+01 | lora_A_l2=1.116518e+01 | lora_B_l2=6.162058e+00 | component_l2=encoder:1.275273e+01 | lora_abs_max=1.020176e+00 | delta_l2=1.278885e+01 | delta_rel=5.516634e+00 | train_loss=5.902841e-03 | test_loss=6.314075e-03 | nmse=-1.898660e+01
I 06.07/22:57:46 solver.py:224 ] 
=! Best NMSE: -1.8989e+01 (epoch=191)

I 06.07/22:57:49 solver.py:159 ] Epoch: [195/200][20/282] lr: 5.12e-05 | MSE loss: 7.7724e-03 | time: 0.182
I 06.07/22:57:52 solver.py:159 ] Epoch: [195/200][40/282] lr: 5.12e-05 | MSE loss: 6.6929e-03 | time: 0.168
I 06.07/22:57:56 solver.py:159 ] Epoch: [195/200][60/282] lr: 5.11e-05 | MSE loss: 6.1711e-03 | time: 0.166
I 06.07/22:57:59 solver.py:159 ] Epoch: [195/200][80/282] lr: 5.11e-05 | MSE loss: 6.0395e-03 | time: 0.165
I 06.07/22:58:05 solver.py:159 ] Epoch: [195/200][100/282] lr: 5.11e-05 | MSE loss: 6.0131e-03 | time: 0.189
I 06.07/22:58:08 solver.py:159 ] Epoch: [195/200][120/282] lr: 5.11e-05 | MSE loss: 5.6717e-03 | time: 0.182
I 06.07/22:58:11 solver.py:159 ] Epoch: [195/200][140/282] lr: 5.10e-05 | MSE loss: 5.6946e-03 | time: 0.180
I 06.07/22:58:14 solver.py:159 ] Epoch: [195/200][160/282] lr: 5.10e-05 | MSE loss: 5.7692e-03 | time: 0.179
I 06.07/22:58:18 solver.py:159 ] Epoch: [195/200][180/282] lr: 5.10e-05 | MSE loss: 5.7517e-03 | time: 0.178
I 06.07/22:58:21 solver.py:159 ] Epoch: [195/200][200/282] lr: 5.10e-05 | MSE loss: 5.7324e-03 | time: 0.177
I 06.07/22:58:25 solver.py:159 ] Epoch: [195/200][220/282] lr: 5.09e-05 | MSE loss: 5.8661e-03 | time: 0.177
I 06.07/22:58:28 solver.py:159 ] Epoch: [195/200][240/282] lr: 5.09e-05 | MSE loss: 5.8484e-03 | time: 0.176
I 06.07/22:58:31 solver.py:159 ] Epoch: [195/200][260/282] lr: 5.09e-05 | MSE loss: 5.9084e-03 | time: 0.175
I 06.07/22:58:34 solver.py:159 ] Epoch: [195/200][280/282] lr: 5.09e-05 | MSE loss: 5.8994e-03 | time: 0.174
I 06.07/22:58:35 solver.py:169 ] => Train  Loss: 5.9630e-03

I 06.07/22:58:38 solver.py:405 ] [20/32] loss: 7.1126e-03 | NMSE: -1.8084e+01 | time: 0.158
I 06.07/22:58:40 solver.py:413 ] => Test NMSE: -1.8986e+01

I 06.07/22:58:40 solver.py:345 ] => LoRA monitor [epoch=195] | trainable=33792/33792 | non_lora_trainable=0 | lora_l2=1.275392e+01 | lora_A_l2=1.116622e+01 | lora_B_l2=6.162619e+00 | component_l2=encoder:1.275392e+01 | lora_abs_max=1.019570e+00 | delta_l2=1.279010e+01 | delta_rel=5.517171e+00 | train_loss=5.962992e-03 | test_loss=6.314855e-03 | nmse=-1.898607e+01
I 06.07/22:58:40 solver.py:224 ] 
=! Best NMSE: -1.8989e+01 (epoch=191)

I 06.07/22:58:43 solver.py:159 ] Epoch: [196/200][20/282] lr: 5.08e-05 | MSE loss: 4.8639e-03 | time: 0.177
I 06.07/22:58:47 solver.py:159 ] Epoch: [196/200][40/282] lr: 5.08e-05 | MSE loss: 4.9389e-03 | time: 0.175
I 06.07/22:58:50 solver.py:159 ] Epoch: [196/200][60/282] lr: 5.08e-05 | MSE loss: 5.0949e-03 | time: 0.171
I 06.07/22:58:53 solver.py:159 ] Epoch: [196/200][80/282] lr: 5.08e-05 | MSE loss: 5.2764e-03 | time: 0.168
I 06.07/22:58:56 solver.py:159 ] Epoch: [196/200][100/282] lr: 5.07e-05 | MSE loss: 5.9159e-03 | time: 0.164
I 06.07/22:59:00 solver.py:159 ] Epoch: [196/200][120/282] lr: 5.07e-05 | MSE loss: 6.1365e-03 | time: 0.165
I 06.07/22:59:06 solver.py:159 ] Epoch: [196/200][140/282] lr: 5.07e-05 | MSE loss: 5.9647e-03 | time: 0.185
I 06.07/22:59:09 solver.py:159 ] Epoch: [196/200][160/282] lr: 5.07e-05 | MSE loss: 5.8684e-03 | time: 0.181
I 06.07/22:59:12 solver.py:159 ] Epoch: [196/200][180/282] lr: 5.07e-05 | MSE loss: 5.9948e-03 | time: 0.180
I 06.07/22:59:16 solver.py:159 ] Epoch: [196/200][200/282] lr: 5.06e-05 | MSE loss: 5.9864e-03 | time: 0.179
I 06.07/22:59:19 solver.py:159 ] Epoch: [196/200][220/282] lr: 5.06e-05 | MSE loss: 5.9649e-03 | time: 0.178
I 06.07/22:59:22 solver.py:159 ] Epoch: [196/200][240/282] lr: 5.06e-05 | MSE loss: 6.0020e-03 | time: 0.177
I 06.07/22:59:26 solver.py:159 ] Epoch: [196/200][260/282] lr: 5.06e-05 | MSE loss: 5.9079e-03 | time: 0.176
I 06.07/22:59:29 solver.py:159 ] Epoch: [196/200][280/282] lr: 5.06e-05 | MSE loss: 5.9114e-03 | time: 0.175
I 06.07/22:59:29 solver.py:169 ] => Train  Loss: 5.9233e-03

I 06.07/22:59:32 solver.py:405 ] [20/32] loss: 7.1104e-03 | NMSE: -1.8086e+01 | time: 0.164
I 06.07/22:59:34 solver.py:413 ] => Test NMSE: -1.8988e+01

I 06.07/22:59:34 solver.py:345 ] => LoRA monitor [epoch=196] | trainable=33792/33792 | non_lora_trainable=0 | lora_l2=1.275569e+01 | lora_A_l2=1.116750e+01 | lora_B_l2=6.163980e+00 | component_l2=encoder:1.275569e+01 | lora_abs_max=1.019625e+00 | delta_l2=1.279190e+01 | delta_rel=5.517949e+00 | train_loss=5.923316e-03 | test_loss=6.311923e-03 | nmse=-1.898808e+01
I 06.07/22:59:34 solver.py:224 ] 
=! Best NMSE: -1.8989e+01 (epoch=191)

I 06.07/22:59:38 solver.py:159 ] Epoch: [197/200][20/282] lr: 5.05e-05 | MSE loss: 6.4759e-03 | time: 0.172
I 06.07/22:59:41 solver.py:159 ] Epoch: [197/200][40/282] lr: 5.05e-05 | MSE loss: 6.4523e-03 | time: 0.169
I 06.07/22:59:44 solver.py:159 ] Epoch: [197/200][60/282] lr: 5.05e-05 | MSE loss: 6.1567e-03 | time: 0.167
I 06.07/22:59:47 solver.py:159 ] Epoch: [197/200][80/282] lr: 5.05e-05 | MSE loss: 5.9713e-03 | time: 0.166
I 06.07/22:59:51 solver.py:159 ] Epoch: [197/200][100/282] lr: 5.05e-05 | MSE loss: 5.8289e-03 | time: 0.169
I 06.07/22:59:54 solver.py:159 ] Epoch: [197/200][120/282] lr: 5.04e-05 | MSE loss: 5.9052e-03 | time: 0.169
I 06.07/22:59:57 solver.py:159 ] Epoch: [197/200][140/282] lr: 5.04e-05 | MSE loss: 5.8121e-03 | time: 0.167
I 06.07/23:00:02 solver.py:159 ] Epoch: [197/200][160/282] lr: 5.04e-05 | MSE loss: 5.8377e-03 | time: 0.175
I 06.07/23:00:07 solver.py:159 ] Epoch: [197/200][180/282] lr: 5.04e-05 | MSE loss: 5.9347e-03 | time: 0.181
I 06.07/23:00:10 solver.py:159 ] Epoch: [197/200][200/282] lr: 5.04e-05 | MSE loss: 5.9146e-03 | time: 0.180
I 06.07/23:00:13 solver.py:159 ] Epoch: [197/200][220/282] lr: 5.04e-05 | MSE loss: 5.9210e-03 | time: 0.177
I 06.07/23:00:16 solver.py:159 ] Epoch: [197/200][240/282] lr: 5.03e-05 | MSE loss: 5.9656e-03 | time: 0.175
I 06.07/23:00:19 solver.py:159 ] Epoch: [197/200][260/282] lr: 5.03e-05 | MSE loss: 5.9204e-03 | time: 0.173
I 06.07/23:00:22 solver.py:159 ] Epoch: [197/200][280/282] lr: 5.03e-05 | MSE loss: 5.8973e-03 | time: 0.172
I 06.07/23:00:22 solver.py:169 ] => Train  Loss: 5.9032e-03

I 06.07/23:00:25 solver.py:405 ] [20/32] loss: 7.1121e-03 | NMSE: -1.8084e+01 | time: 0.135
I 06.07/23:00:27 solver.py:413 ] => Test NMSE: -1.8988e+01

I 06.07/23:00:27 solver.py:345 ] => LoRA monitor [epoch=197] | trainable=33792/33792 | non_lora_trainable=0 | lora_l2=1.275693e+01 | lora_A_l2=1.116848e+01 | lora_B_l2=6.164754e+00 | component_l2=encoder:1.275693e+01 | lora_abs_max=1.019294e+00 | delta_l2=1.279321e+01 | delta_rel=5.518515e+00 | train_loss=5.903162e-03 | test_loss=6.312472e-03 | nmse=-1.898771e+01
I 06.07/23:00:27 solver.py:224 ] 
=! Best NMSE: -1.8989e+01 (epoch=191)

I 06.07/23:00:30 solver.py:159 ] Epoch: [198/200][20/282] lr: 5.03e-05 | MSE loss: 5.7174e-03 | time: 0.154
I 06.07/23:00:33 solver.py:159 ] Epoch: [198/200][40/282] lr: 5.03e-05 | MSE loss: 6.3611e-03 | time: 0.145
I 06.07/23:00:36 solver.py:159 ] Epoch: [198/200][60/282] lr: 5.03e-05 | MSE loss: 6.1472e-03 | time: 0.146
I 06.07/23:00:39 solver.py:159 ] Epoch: [198/200][80/282] lr: 5.03e-05 | MSE loss: 6.0542e-03 | time: 0.146
I 06.07/23:00:42 solver.py:159 ] Epoch: [198/200][100/282] lr: 5.02e-05 | MSE loss: 6.1896e-03 | time: 0.146
I 06.07/23:00:45 solver.py:159 ] Epoch: [198/200][120/282] lr: 5.02e-05 | MSE loss: 6.1717e-03 | time: 0.144
I 06.07/23:00:48 solver.py:159 ] Epoch: [198/200][140/282] lr: 5.02e-05 | MSE loss: 6.2151e-03 | time: 0.147
I 06.07/23:00:51 solver.py:159 ] Epoch: [198/200][160/282] lr: 5.02e-05 | MSE loss: 6.0302e-03 | time: 0.146
I 06.07/23:00:54 solver.py:159 ] Epoch: [198/200][180/282] lr: 5.02e-05 | MSE loss: 5.9336e-03 | time: 0.147
I 06.07/23:00:57 solver.py:159 ] Epoch: [198/200][200/282] lr: 5.02e-05 | MSE loss: 5.8680e-03 | time: 0.148
I 06.07/23:01:00 solver.py:159 ] Epoch: [198/200][220/282] lr: 5.02e-05 | MSE loss: 5.9208e-03 | time: 0.148
I 06.07/23:01:05 solver.py:159 ] Epoch: [198/200][240/282] lr: 5.02e-05 | MSE loss: 6.0166e-03 | time: 0.158
I 06.07/23:01:08 solver.py:159 ] Epoch: [198/200][260/282] lr: 5.01e-05 | MSE loss: 6.0069e-03 | time: 0.156
I 06.07/23:01:11 solver.py:159 ] Epoch: [198/200][280/282] lr: 5.01e-05 | MSE loss: 5.9326e-03 | time: 0.155
I 06.07/23:01:11 solver.py:169 ] => Train  Loss: 5.9011e-03

I 06.07/23:01:14 solver.py:405 ] [20/32] loss: 7.1114e-03 | NMSE: -1.8084e+01 | time: 0.155
I 06.07/23:01:16 solver.py:413 ] => Test NMSE: -1.8989e+01

I 06.07/23:01:16 solver.py:345 ] => LoRA monitor [epoch=198] | trainable=33792/33792 | non_lora_trainable=0 | lora_l2=1.275853e+01 | lora_A_l2=1.116970e+01 | lora_B_l2=6.165868e+00 | component_l2=encoder:1.275853e+01 | lora_abs_max=1.019013e+00 | delta_l2=1.279481e+01 | delta_rel=5.519206e+00 | train_loss=5.901071e-03 | test_loss=6.310750e-03 | nmse=-1.898889e+01
I 06.07/23:01:17 solver.py:224 ] 
=! Best NMSE: -1.8989e+01 (epoch=198)

I 06.07/23:01:20 solver.py:159 ] Epoch: [199/200][20/282] lr: 5.01e-05 | MSE loss: 5.8121e-03 | time: 0.171
I 06.07/23:01:23 solver.py:159 ] Epoch: [199/200][40/282] lr: 5.01e-05 | MSE loss: 6.2118e-03 | time: 0.162
I 06.07/23:01:27 solver.py:159 ] Epoch: [199/200][60/282] lr: 5.01e-05 | MSE loss: 5.9778e-03 | time: 0.161
I 06.07/23:01:30 solver.py:159 ] Epoch: [199/200][80/282] lr: 5.01e-05 | MSE loss: 5.8151e-03 | time: 0.159
I 06.07/23:01:33 solver.py:159 ] Epoch: [199/200][100/282] lr: 5.01e-05 | MSE loss: 5.6037e-03 | time: 0.160
I 06.07/23:01:36 solver.py:159 ] Epoch: [199/200][120/282] lr: 5.01e-05 | MSE loss: 5.6032e-03 | time: 0.158
I 06.07/23:01:39 solver.py:159 ] Epoch: [199/200][140/282] lr: 5.01e-05 | MSE loss: 5.7301e-03 | time: 0.156
I 06.07/23:01:42 solver.py:159 ] Epoch: [199/200][160/282] lr: 5.01e-05 | MSE loss: 5.7740e-03 | time: 0.156
I 06.07/23:01:45 solver.py:159 ] Epoch: [199/200][180/282] lr: 5.01e-05 | MSE loss: 6.0025e-03 | time: 0.156
I 06.07/23:01:48 solver.py:159 ] Epoch: [199/200][200/282] lr: 5.01e-05 | MSE loss: 5.9325e-03 | time: 0.155
I 06.07/23:01:51 solver.py:159 ] Epoch: [199/200][220/282] lr: 5.01e-05 | MSE loss: 5.9528e-03 | time: 0.154
I 06.07/23:01:54 solver.py:159 ] Epoch: [199/200][240/282] lr: 5.00e-05 | MSE loss: 5.9588e-03 | time: 0.154
I 06.07/23:01:57 solver.py:159 ] Epoch: [199/200][260/282] lr: 5.00e-05 | MSE loss: 5.9711e-03 | time: 0.153
I 06.07/23:02:00 solver.py:159 ] Epoch: [199/200][280/282] lr: 5.00e-05 | MSE loss: 5.9312e-03 | time: 0.152
I 06.07/23:02:00 solver.py:169 ] => Train  Loss: 5.9049e-03

I 06.07/23:02:05 solver.py:405 ] [20/32] loss: 7.1131e-03 | NMSE: -1.8086e+01 | time: 0.247
I 06.07/23:02:07 solver.py:413 ] => Test NMSE: -1.8987e+01

I 06.07/23:02:07 solver.py:345 ] => LoRA monitor [epoch=199] | trainable=33792/33792 | non_lora_trainable=0 | lora_l2=1.275979e+01 | lora_A_l2=1.117063e+01 | lora_B_l2=6.166784e+00 | component_l2=encoder:1.275979e+01 | lora_abs_max=1.018831e+00 | delta_l2=1.279611e+01 | delta_rel=5.519766e+00 | train_loss=5.904900e-03 | test_loss=6.312848e-03 | nmse=-1.898745e+01
I 06.07/23:02:07 solver.py:224 ] 
=! Best NMSE: -1.8989e+01 (epoch=198)

I 06.07/23:02:10 solver.py:159 ] Epoch: [200/200][20/282] lr: 5.00e-05 | MSE loss: 4.9847e-03 | time: 0.147
I 06.07/23:02:12 solver.py:159 ] Epoch: [200/200][40/282] lr: 5.00e-05 | MSE loss: 5.1262e-03 | time: 0.144
I 06.07/23:02:15 solver.py:159 ] Epoch: [200/200][60/282] lr: 5.00e-05 | MSE loss: 5.8242e-03 | time: 0.142
I 06.07/23:02:18 solver.py:159 ] Epoch: [200/200][80/282] lr: 5.00e-05 | MSE loss: 5.8261e-03 | time: 0.140
I 06.07/23:02:21 solver.py:159 ] Epoch: [200/200][100/282] lr: 5.00e-05 | MSE loss: 5.7931e-03 | time: 0.141
I 06.07/23:02:24 solver.py:159 ] Epoch: [200/200][120/282] lr: 5.00e-05 | MSE loss: 5.9875e-03 | time: 0.143
I 06.07/23:02:27 solver.py:159 ] Epoch: [200/200][140/282] lr: 5.00e-05 | MSE loss: 5.7353e-03 | time: 0.144
I 06.07/23:02:29 solver.py:159 ] Epoch: [200/200][160/282] lr: 5.00e-05 | MSE loss: 5.6953e-03 | time: 0.142
I 06.07/23:02:32 solver.py:159 ] Epoch: [200/200][180/282] lr: 5.00e-05 | MSE loss: 5.8355e-03 | time: 0.141
I 06.07/23:02:35 solver.py:159 ] Epoch: [200/200][200/282] lr: 5.00e-05 | MSE loss: 5.8097e-03 | time: 0.141
I 06.07/23:02:37 solver.py:159 ] Epoch: [200/200][220/282] lr: 5.00e-05 | MSE loss: 5.8113e-03 | time: 0.140
I 06.07/23:02:40 solver.py:159 ] Epoch: [200/200][240/282] lr: 5.00e-05 | MSE loss: 5.7926e-03 | time: 0.139
I 06.07/23:02:43 solver.py:159 ] Epoch: [200/200][260/282] lr: 5.00e-05 | MSE loss: 5.8993e-03 | time: 0.140
I 06.07/23:02:46 solver.py:159 ] Epoch: [200/200][280/282] lr: 5.00e-05 | MSE loss: 5.9179e-03 | time: 0.139
I 06.07/23:02:46 solver.py:169 ] => Train  Loss: 5.9011e-03

I 06.07/23:02:49 solver.py:159 ] Epoch: [200/200][20/32] lr: 5.00e-05 | MSE loss: 7.1134e-03 | time: 0.132
I 06.07/23:02:50 solver.py:169 ] => Val  Loss: 6.2248e-03

I 06.07/23:02:53 solver.py:405 ] [20/32] loss: 7.1134e-03 | NMSE: -1.8084e+01 | time: 0.133
I 06.07/23:02:54 solver.py:413 ] => Test NMSE: -1.8986e+01

I 06.07/23:02:55 solver.py:345 ] => LoRA monitor [epoch=200] | trainable=33792/33792 | non_lora_trainable=0 | lora_l2=1.276059e+01 | lora_A_l2=1.117114e+01 | lora_B_l2=6.167516e+00 | component_l2=encoder:1.276059e+01 | lora_abs_max=1.018905e+00 | delta_l2=1.279701e+01 | delta_rel=5.520155e+00 | train_loss=5.901141e-03 | val_loss=6.224807e-03 | test_loss=6.314350e-03 | nmse=-1.898641e+01
I 06.07/23:02:55 solver.py:224 ] 
=! Best NMSE: -1.8989e+01 (epoch=198)

I 06.07/23:04:44 solver.py:247 ] => Saved encoder outputs to /home/hujiacong/zxd/Huawei/TransNet/exps/WAIRD/seed797/scenario_2/01105_encoder_ffn_8_64_torch_shared/encoder_output.pth
I 06.07/23:04:46 solver.py:405 ] [20/32] loss: 7.1134e-03 | NMSE: -1.8084e+01 | time: 0.117
I 06.07/23:04:48 solver.py:413 ] => Test NMSE: -1.8986e+01

I 06.07/23:04:48 solver.py:370 ] 
=> Test result: 
loss: 6.3143e-03    NMSE: -1.8986e+01

I 06.07/23:04:48 main.py:110 ] 
=! Final test loss: 6.3143e-03
         test NMSE: -1.8986e+01

