I 06.07/22:48:11 main.py:23  ] => Experiment directory: /home/hujiacong/zxd/Huawei/TransNet/exps/WAIRD/seed797/scenario_2/06401_decoder_ffn_8_64_original_shared
I 06.07/22:48:11 main.py:24  ] => PyTorch Version: 2.5.1
I 06.07/22:48:11 main.py:26  ] ==================================================
I 06.07/22:48:11 main.py:30  ] => Arguments:
	train_path: data/scenario_2/06401/train.pt
	val_path: data/scenario_2/06401/test.pt
	test_path: data/scenario_2/06401/test.pt
	batch_size: 32
	workers: 0
	evaluate: False
	pretrained: exps/WAIRD/seed797/base/original_shared/checkpoints/best_nmse.pth
	resume: None
	seed: 797
	gpu: 4
	cpu: False
	cpu_affinity: None
	epochs: 200
	cr: 4
	exp_name: WAIRD/seed797/scenario_2/06401_decoder_ffn_8_64_original_shared
	channel: 2
	nt: 64
	nc: 64
	d_model: 64
	dim_feedforward: 2048
	layer_sharing: shared
	transformer_backend: original
	scheduler: cosine
	lr_init: 0.0005
	weight_decay: 0.0
	freeze_components: []
	lora_component: ['decoder_ffn']
	lora_pretrained: None
	lora_rank: 8
	lora_alpha: 64
I 06.07/22:48:11 main.py:31  ] ==================================================
I 06.07/22:48:11 init.py:17  ] Random seed set to 797
I 06.07/22:48:12 init.py:220 ] Running on GPU 4
I 06.07/22:48:12 dataloader.py:69  ] data/scenario_2/06401/train.pt loaded.
I 06.07/22:48:12 dataloader.py:74  ] data/scenario_2/06401/test.pt loaded.
I 06.07/22:48:12 dataloader.py:79  ] data/scenario_2/06401/test.pt loaded.
I 06.07/22:48:17 init.py:259 ] pretrained model loaded from exps/WAIRD/seed797/base/original_shared/checkpoints/best_nmse.pth
I 06.07/22:48:17 init.py:179 ] => LoRA enabled on components: decoder_ffn; target_modules=['decoder.layer.linear1', 'decoder.layer.linear2']; (rank=8, alpha=64); 33792/34177792 scalar params trainable
I 06.07/22:48:26 init.py:288 ] => Model Name: TransNet [pretrained: exps/WAIRD/seed797/base/original_shared/checkpoints/best_nmse.pth]
I 06.07/22:48:26 init.py:289 ] => Model Config: compression ratio=1/4; input shape=(2, 64, 64); input dim=8192; layer sharing=shared; transformer backend=original
I 06.07/22:48:26 init.py:294 ] => Model Flops: 1.7682e+02M
I 06.07/22:48:26 init.py:295 ] => Model Params Num: 3.4128e+01M

I 06.07/22:48:26 init.py:296 ] 
==================================================
Transformer(
  (encoder): SharedTransformerEncoder(
    (layer): OriginalTransformerEncoderLayer(
      (self_attn): OriginalMultiheadAttention(
        (out_proj): Linear(in_features=64, out_features=64, bias=True)
      )
      (linear1): Linear(in_features=64, out_features=2048, bias=True)
      (dropout): Dropout(p=0.0, inplace=False)
      (linear2): Linear(in_features=2048, out_features=64, bias=True)
      (norm1): LayerNorm((64,), eps=1e-05, elementwise_affine=True)
      (norm2): LayerNorm((64,), eps=1e-05, elementwise_affine=True)
      (dropout1): Dropout(p=0.0, inplace=False)
      (dropout2): Dropout(p=0.0, inplace=False)
    )
    (norm): LayerNorm((64,), eps=1e-05, elementwise_affine=True)
  )
  (decoder): SharedTransformerDecoder(
    (layer): OriginalTransformerDecoderLayer(
      (self_attn): OriginalMultiheadAttention(
        (out_proj): Linear(in_features=64, out_features=64, bias=True)
      )
      (multihead_attn): OriginalMultiheadAttention(
        (out_proj): Linear(in_features=64, out_features=64, bias=True)
      )
      (linear1): LoRALinear(
        (base_layer): Linear(in_features=64, out_features=2048, bias=True)
        (lora_A): Linear(in_features=64, out_features=8, bias=False)
        (lora_B): Linear(in_features=8, out_features=2048, bias=False)
      )
      (dropout): Dropout(p=0.0, inplace=False)
      (linear2): LoRALinear(
        (base_layer): Linear(in_features=2048, out_features=64, bias=True)
        (lora_A): Linear(in_features=2048, out_features=8, bias=False)
        (lora_B): Linear(in_features=8, out_features=64, bias=False)
      )
      (norm1): LayerNorm((64,), eps=1e-05, elementwise_affine=True)
      (norm2): LayerNorm((64,), eps=1e-05, elementwise_affine=True)
      (norm3): LayerNorm((64,), eps=1e-05, elementwise_affine=True)
      (dropout1): Dropout(p=0.0, inplace=False)
      (dropout2): Dropout(p=0.0, inplace=False)
      (dropout3): Dropout(p=0.0, inplace=False)
    )
    (norm): LayerNorm((64,), eps=1e-05, elementwise_affine=True)
  )
  (fc_encoder): Linear(in_features=8192, out_features=2048, bias=True)
  (fc_decoder): Linear(in_features=2048, out_features=8192, bias=True)
)
==================================================

I 06.07/22:48:26 init.py:200 ] 
encoder.layer.self_attn.in_proj_weight                            False    (192, 64)
encoder.layer.self_attn.in_proj_bias                              False    (192,)
encoder.layer.self_attn.out_proj.weight                           False    (64, 64)
encoder.layer.self_attn.out_proj.bias                             False    (64,)
encoder.layer.linear1.weight                                      False    (2048, 64)
encoder.layer.linear1.bias                                        False    (2048,)
encoder.layer.linear2.weight                                      False    (64, 2048)
encoder.layer.linear2.bias                                        False    (64,)
encoder.layer.norm1.weight                                        False    (64,)
encoder.layer.norm1.bias                                          False    (64,)
encoder.layer.norm2.weight                                        False    (64,)
encoder.layer.norm2.bias                                          False    (64,)
encoder.norm.weight                                               False    (64,)
encoder.norm.bias                                                 False    (64,)
decoder.layer.self_attn.in_proj_weight                            False    (192, 64)
decoder.layer.self_attn.in_proj_bias                              False    (192,)
decoder.layer.self_attn.out_proj.weight                           False    (64, 64)
decoder.layer.self_attn.out_proj.bias                             False    (64,)
decoder.layer.multihead_attn.in_proj_weight                       False    (192, 64)
decoder.layer.multihead_attn.in_proj_bias                         False    (192,)
decoder.layer.multihead_attn.out_proj.weight                      False    (64, 64)
decoder.layer.multihead_attn.out_proj.bias                        False    (64,)
decoder.layer.linear1.base_layer.weight                           False    (2048, 64)
decoder.layer.linear1.base_layer.bias                             False    (2048,)
decoder.layer.linear1.lora_A.weight                               True     (8, 64)
decoder.layer.linear1.lora_B.weight                               True     (2048, 8)
decoder.layer.linear2.base_layer.weight                           False    (64, 2048)
decoder.layer.linear2.base_layer.bias                             False    (64,)
decoder.layer.linear2.lora_A.weight                               True     (8, 2048)
decoder.layer.linear2.lora_B.weight                               True     (64, 8)
decoder.layer.norm1.weight                                        False    (64,)
decoder.layer.norm1.bias                                          False    (64,)
decoder.layer.norm2.weight                                        False    (64,)
decoder.layer.norm2.bias                                          False    (64,)
decoder.layer.norm3.weight                                        False    (64,)
decoder.layer.norm3.bias                                          False    (64,)
decoder.norm.weight                                               False    (64,)
decoder.norm.bias                                                 False    (64,)
fc_encoder.weight                                                 False    (2048, 8192)
fc_encoder.bias                                                   False    (2048,)
fc_decoder.weight                                                 False    (8192, 2048)
fc_decoder.bias                                                   False    (8192,)
==================================================
I 06.07/22:48:31 solver.py:405 ] [20/32] loss: 9.2786e-03 | NMSE: -1.6824e+01 | time: 0.136
I 06.07/22:48:32 solver.py:413 ] => Test NMSE: -1.7864e+01

I 06.07/22:48:32 solver.py:345 ] => LoRA monitor [before_train] | trainable=33792/33792 | non_lora_trainable=0 | lora_l2=2.318234e+00 | lora_A_l2=2.318234e+00 | lora_B_l2=0.000000e+00 | component_l2=decoder:2.318234e+00 | lora_abs_max=1.247471e-01 | delta_l2=0.000000e+00 | delta_rel=0.000000e+00 | test_loss=8.176164e-03 | nmse=-1.786421e+01
I 06.07/22:48:35 solver.py:159 ] Epoch: [1/200][20/282] lr: 1.77e-06 | MSE loss: 7.4434e-03 | time: 0.164
I 06.07/22:48:39 solver.py:159 ] Epoch: [1/200][40/282] lr: 3.55e-06 | MSE loss: 7.5933e-03 | time: 0.161
I 06.07/22:48:42 solver.py:159 ] Epoch: [1/200][60/282] lr: 5.32e-06 | MSE loss: 7.9021e-03 | time: 0.166
I 06.07/22:48:46 solver.py:159 ] Epoch: [1/200][80/282] lr: 7.09e-06 | MSE loss: 7.8581e-03 | time: 0.166
I 06.07/22:48:49 solver.py:159 ] Epoch: [1/200][100/282] lr: 8.87e-06 | MSE loss: 8.1513e-03 | time: 0.164
I 06.07/22:48:52 solver.py:159 ] Epoch: [1/200][120/282] lr: 1.06e-05 | MSE loss: 7.7920e-03 | time: 0.162
I 06.07/22:48:55 solver.py:159 ] Epoch: [1/200][140/282] lr: 1.24e-05 | MSE loss: 8.1278e-03 | time: 0.161
I 06.07/22:48:58 solver.py:159 ] Epoch: [1/200][160/282] lr: 1.42e-05 | MSE loss: 8.0464e-03 | time: 0.162
I 06.07/22:49:03 solver.py:159 ] Epoch: [1/200][180/282] lr: 1.60e-05 | MSE loss: 8.0310e-03 | time: 0.171
I 06.07/22:49:07 solver.py:159 ] Epoch: [1/200][200/282] lr: 1.77e-05 | MSE loss: 8.0182e-03 | time: 0.175
I 06.07/22:49:11 solver.py:159 ] Epoch: [1/200][220/282] lr: 1.95e-05 | MSE loss: 8.1214e-03 | time: 0.175
I 06.07/22:49:14 solver.py:159 ] Epoch: [1/200][240/282] lr: 2.13e-05 | MSE loss: 8.0790e-03 | time: 0.174
I 06.07/22:49:18 solver.py:159 ] Epoch: [1/200][260/282] lr: 2.30e-05 | MSE loss: 8.1137e-03 | time: 0.174
I 06.07/22:49:21 solver.py:159 ] Epoch: [1/200][280/282] lr: 2.48e-05 | MSE loss: 8.1367e-03 | time: 0.174
I 06.07/22:49:21 solver.py:169 ] => Train  Loss: 8.1047e-03

I 06.07/22:49:24 solver.py:405 ] [20/32] loss: 9.2750e-03 | NMSE: -1.6825e+01 | time: 0.154
I 06.07/22:49:26 solver.py:413 ] => Test NMSE: -1.7866e+01

I 06.07/22:49:26 solver.py:345 ] => LoRA monitor [epoch=1] | trainable=33792/33792 | non_lora_trainable=0 | lora_l2=2.315104e+00 | lora_A_l2=2.314983e+00 | lora_B_l2=2.366760e-02 | component_l2=decoder:2.315104e+00 | lora_abs_max=1.259270e-01 | delta_l2=5.277174e-02 | delta_rel=2.276376e-02 | train_loss=8.104721e-03 | test_loss=8.172947e-03 | nmse=-1.786591e+01
I 06.07/22:49:26 solver.py:224 ] 
=! Best NMSE: -1.7866e+01 (epoch=1)

I 06.07/22:49:30 solver.py:159 ] Epoch: [2/200][20/282] lr: 2.68e-05 | MSE loss: 1.0089e-02 | time: 0.186
I 06.07/22:49:33 solver.py:159 ] Epoch: [2/200][40/282] lr: 2.85e-05 | MSE loss: 7.9551e-03 | time: 0.175
I 06.07/22:49:37 solver.py:159 ] Epoch: [2/200][60/282] lr: 3.03e-05 | MSE loss: 7.8836e-03 | time: 0.177
I 06.07/22:49:41 solver.py:159 ] Epoch: [2/200][80/282] lr: 3.21e-05 | MSE loss: 8.0533e-03 | time: 0.178
I 06.07/22:49:44 solver.py:159 ] Epoch: [2/200][100/282] lr: 3.39e-05 | MSE loss: 8.1104e-03 | time: 0.177
I 06.07/22:49:47 solver.py:159 ] Epoch: [2/200][120/282] lr: 3.56e-05 | MSE loss: 8.1712e-03 | time: 0.175
I 06.07/22:49:51 solver.py:159 ] Epoch: [2/200][140/282] lr: 3.74e-05 | MSE loss: 8.1988e-03 | time: 0.175
I 06.07/22:49:55 solver.py:159 ] Epoch: [2/200][160/282] lr: 3.92e-05 | MSE loss: 8.2460e-03 | time: 0.176
I 06.07/22:49:58 solver.py:159 ] Epoch: [2/200][180/282] lr: 4.10e-05 | MSE loss: 7.9796e-03 | time: 0.175
I 06.07/22:50:03 solver.py:159 ] Epoch: [2/200][200/282] lr: 4.27e-05 | MSE loss: 8.0657e-03 | time: 0.183
I 06.07/22:50:07 solver.py:159 ] Epoch: [2/200][220/282] lr: 4.45e-05 | MSE loss: 8.0857e-03 | time: 0.186
I 06.07/22:50:11 solver.py:159 ] Epoch: [2/200][240/282] lr: 4.63e-05 | MSE loss: 8.0510e-03 | time: 0.185
I 06.07/22:50:14 solver.py:159 ] Epoch: [2/200][260/282] lr: 4.80e-05 | MSE loss: 8.0203e-03 | time: 0.184
I 06.07/22:50:18 solver.py:159 ] Epoch: [2/200][280/282] lr: 4.98e-05 | MSE loss: 8.1529e-03 | time: 0.183
I 06.07/22:50:18 solver.py:169 ] => Train  Loss: 8.1037e-03

I 06.07/22:50:21 solver.py:405 ] [20/32] loss: 9.2744e-03 | NMSE: -1.6826e+01 | time: 0.161
I 06.07/22:50:23 solver.py:413 ] => Test NMSE: -1.7866e+01

I 06.07/22:50:23 solver.py:345 ] => LoRA monitor [epoch=2] | trainable=33792/33792 | non_lora_trainable=0 | lora_l2=2.296983e+00 | lora_A_l2=2.296502e+00 | lora_B_l2=4.701156e-02 | component_l2=decoder:2.296983e+00 | lora_abs_max=1.313615e-01 | delta_l2=1.677079e-01 | delta_rel=7.234295e-02 | train_loss=8.103708e-03 | test_loss=8.172438e-03 | nmse=-1.786618e+01
I 06.07/22:50:24 solver.py:224 ] 
=! Best NMSE: -1.7866e+01 (epoch=2)

I 06.07/22:50:28 solver.py:159 ] Epoch: [3/200][20/282] lr: 5.18e-05 | MSE loss: 6.2677e-03 | time: 0.176
I 06.07/22:50:31 solver.py:159 ] Epoch: [3/200][40/282] lr: 5.35e-05 | MSE loss: 6.0849e-03 | time: 0.172
I 06.07/22:50:35 solver.py:159 ] Epoch: [3/200][60/282] lr: 5.53e-05 | MSE loss: 7.0164e-03 | time: 0.175
I 06.07/22:50:38 solver.py:159 ] Epoch: [3/200][80/282] lr: 5.71e-05 | MSE loss: 7.1253e-03 | time: 0.175
I 06.07/22:50:42 solver.py:159 ] Epoch: [3/200][100/282] lr: 5.89e-05 | MSE loss: 7.0515e-03 | time: 0.175
I 06.07/22:50:46 solver.py:159 ] Epoch: [3/200][120/282] lr: 6.06e-05 | MSE loss: 7.7248e-03 | time: 0.178
I 06.07/22:50:49 solver.py:159 ] Epoch: [3/200][140/282] lr: 6.24e-05 | MSE loss: 7.8650e-03 | time: 0.177
I 06.07/22:50:52 solver.py:159 ] Epoch: [3/200][160/282] lr: 6.42e-05 | MSE loss: 7.8401e-03 | time: 0.175
I 06.07/22:50:56 solver.py:159 ] Epoch: [3/200][180/282] lr: 6.60e-05 | MSE loss: 7.7631e-03 | time: 0.175
I 06.07/22:50:59 solver.py:159 ] Epoch: [3/200][200/282] lr: 6.77e-05 | MSE loss: 7.8273e-03 | time: 0.176
I 06.07/22:51:05 solver.py:159 ] Epoch: [3/200][220/282] lr: 6.95e-05 | MSE loss: 7.8423e-03 | time: 0.186
I 06.07/22:51:09 solver.py:159 ] Epoch: [3/200][240/282] lr: 7.13e-05 | MSE loss: 7.8815e-03 | time: 0.185
I 06.07/22:51:12 solver.py:159 ] Epoch: [3/200][260/282] lr: 7.30e-05 | MSE loss: 7.9265e-03 | time: 0.184
I 06.07/22:51:15 solver.py:159 ] Epoch: [3/200][280/282] lr: 7.48e-05 | MSE loss: 8.1158e-03 | time: 0.183
I 06.07/22:51:16 solver.py:169 ] => Train  Loss: 8.1048e-03

I 06.07/22:51:19 solver.py:405 ] [20/32] loss: 9.2749e-03 | NMSE: -1.6826e+01 | time: 0.166
I 06.07/22:51:21 solver.py:413 ] => Test NMSE: -1.7866e+01

I 06.07/22:51:21 solver.py:345 ] => LoRA monitor [epoch=3] | trainable=33792/33792 | non_lora_trainable=0 | lora_l2=2.263543e+00 | lora_A_l2=2.262402e+00 | lora_B_l2=7.185868e-02 | component_l2=decoder:2.263543e+00 | lora_abs_max=1.386041e-01 | delta_l2=3.031340e-01 | delta_rel=1.307607e-01 | train_loss=8.104820e-03 | test_loss=8.172876e-03 | nmse=-1.786595e+01
I 06.07/22:51:22 solver.py:224 ] 
=! Best NMSE: -1.7866e+01 (epoch=2)

I 06.07/22:51:25 solver.py:159 ] Epoch: [4/200][20/282] lr: 7.68e-05 | MSE loss: 6.2809e-03 | time: 0.158
I 06.07/22:51:28 solver.py:159 ] Epoch: [4/200][40/282] lr: 7.85e-05 | MSE loss: 7.1621e-03 | time: 0.167
I 06.07/22:51:32 solver.py:159 ] Epoch: [4/200][60/282] lr: 8.03e-05 | MSE loss: 6.8515e-03 | time: 0.169
I 06.07/22:51:35 solver.py:159 ] Epoch: [4/200][80/282] lr: 8.21e-05 | MSE loss: 7.3966e-03 | time: 0.169
I 06.07/22:51:38 solver.py:159 ] Epoch: [4/200][100/282] lr: 8.39e-05 | MSE loss: 7.2883e-03 | time: 0.169
I 06.07/22:51:42 solver.py:159 ] Epoch: [4/200][120/282] lr: 8.56e-05 | MSE loss: 7.7304e-03 | time: 0.171
I 06.07/22:51:46 solver.py:159 ] Epoch: [4/200][140/282] lr: 8.74e-05 | MSE loss: 7.8127e-03 | time: 0.172
I 06.07/22:51:49 solver.py:159 ] Epoch: [4/200][160/282] lr: 8.92e-05 | MSE loss: 7.7727e-03 | time: 0.172
I 06.07/22:51:52 solver.py:159 ] Epoch: [4/200][180/282] lr: 9.10e-05 | MSE loss: 7.7261e-03 | time: 0.171
I 06.07/22:51:56 solver.py:159 ] Epoch: [4/200][200/282] lr: 9.27e-05 | MSE loss: 7.8594e-03 | time: 0.172
I 06.07/22:52:00 solver.py:159 ] Epoch: [4/200][220/282] lr: 9.45e-05 | MSE loss: 7.9747e-03 | time: 0.173
I 06.07/22:52:06 solver.py:159 ] Epoch: [4/200][240/282] lr: 9.63e-05 | MSE loss: 8.1760e-03 | time: 0.183
I 06.07/22:52:09 solver.py:159 ] Epoch: [4/200][260/282] lr: 9.80e-05 | MSE loss: 8.0944e-03 | time: 0.182
I 06.07/22:52:12 solver.py:159 ] Epoch: [4/200][280/282] lr: 9.98e-05 | MSE loss: 8.0918e-03 | time: 0.181
I 06.07/22:52:13 solver.py:169 ] => Train  Loss: 8.1065e-03

I 06.07/22:52:17 solver.py:405 ] [20/32] loss: 9.2746e-03 | NMSE: -1.6826e+01 | time: 0.173
I 06.07/22:52:18 solver.py:413 ] => Test NMSE: -1.7866e+01

I 06.07/22:52:18 solver.py:345 ] => LoRA monitor [epoch=4] | trainable=33792/33792 | non_lora_trainable=0 | lora_l2=2.222304e+00 | lora_A_l2=2.220208e+00 | lora_B_l2=9.648842e-02 | component_l2=decoder:2.222304e+00 | lora_abs_max=1.439649e-01 | delta_l2=4.442024e-01 | delta_rel=1.916124e-01 | train_loss=8.106549e-03 | test_loss=8.172679e-03 | nmse=-1.786606e+01
I 06.07/22:52:18 solver.py:224 ] 
=! Best NMSE: -1.7866e+01 (epoch=2)

I 06.07/22:52:22 solver.py:159 ] Epoch: [5/200][20/282] lr: 1.02e-04 | MSE loss: 6.8334e-03 | time: 0.176
I 06.07/22:52:25 solver.py:159 ] Epoch: [5/200][40/282] lr: 1.04e-04 | MSE loss: 7.8093e-03 | time: 0.176
I 06.07/22:52:29 solver.py:159 ] Epoch: [5/200][60/282] lr: 1.05e-04 | MSE loss: 7.5383e-03 | time: 0.171
I 06.07/22:52:32 solver.py:159 ] Epoch: [5/200][80/282] lr: 1.07e-04 | MSE loss: 7.6947e-03 | time: 0.168
I 06.07/22:52:35 solver.py:159 ] Epoch: [5/200][100/282] lr: 1.09e-04 | MSE loss: 7.8432e-03 | time: 0.169
I 06.07/22:52:39 solver.py:159 ] Epoch: [5/200][120/282] lr: 1.11e-04 | MSE loss: 8.2928e-03 | time: 0.171
I 06.07/22:52:42 solver.py:159 ] Epoch: [5/200][140/282] lr: 1.12e-04 | MSE loss: 8.0370e-03 | time: 0.171
I 06.07/22:52:46 solver.py:159 ] Epoch: [5/200][160/282] lr: 1.14e-04 | MSE loss: 8.3294e-03 | time: 0.170
I 06.07/22:52:49 solver.py:159 ] Epoch: [5/200][180/282] lr: 1.16e-04 | MSE loss: 8.0536e-03 | time: 0.170
I 06.07/22:52:52 solver.py:159 ] Epoch: [5/200][200/282] lr: 1.18e-04 | MSE loss: 8.2362e-03 | time: 0.170
I 06.07/22:52:56 solver.py:159 ] Epoch: [5/200][220/282] lr: 1.20e-04 | MSE loss: 8.2021e-03 | time: 0.172
I 06.07/22:53:00 solver.py:159 ] Epoch: [5/200][240/282] lr: 1.21e-04 | MSE loss: 8.1274e-03 | time: 0.172
I 06.07/22:53:05 solver.py:159 ] Epoch: [5/200][260/282] lr: 1.23e-04 | MSE loss: 8.1471e-03 | time: 0.181
I 06.07/22:53:09 solver.py:159 ] Epoch: [5/200][280/282] lr: 1.25e-04 | MSE loss: 8.1121e-03 | time: 0.181
I 06.07/22:53:09 solver.py:169 ] => Train  Loss: 8.1054e-03

I 06.07/22:53:13 solver.py:405 ] [20/32] loss: 9.2746e-03 | NMSE: -1.6825e+01 | time: 0.179
I 06.07/22:53:14 solver.py:413 ] => Test NMSE: -1.7866e+01

I 06.07/22:53:14 solver.py:345 ] => LoRA monitor [epoch=5] | trainable=33792/33792 | non_lora_trainable=0 | lora_l2=2.183389e+00 | lora_A_l2=2.179880e+00 | lora_B_l2=1.237354e-01 | component_l2=decoder:2.183389e+00 | lora_abs_max=1.476129e-01 | delta_l2=5.888897e-01 | delta_rel=2.540251e-01 | train_loss=8.105386e-03 | test_loss=8.172721e-03 | nmse=-1.786604e+01
I 06.07/22:53:14 solver.py:224 ] 
=! Best NMSE: -1.7866e+01 (epoch=2)

I 06.07/22:53:18 solver.py:159 ] Epoch: [6/200][20/282] lr: 1.27e-04 | MSE loss: 7.7454e-03 | time: 0.196
I 06.07/22:53:22 solver.py:159 ] Epoch: [6/200][40/282] lr: 1.29e-04 | MSE loss: 7.9892e-03 | time: 0.180
I 06.07/22:53:25 solver.py:159 ] Epoch: [6/200][60/282] lr: 1.30e-04 | MSE loss: 7.8687e-03 | time: 0.179
I 06.07/22:53:29 solver.py:159 ] Epoch: [6/200][80/282] lr: 1.32e-04 | MSE loss: 7.4900e-03 | time: 0.178
I 06.07/22:53:32 solver.py:159 ] Epoch: [6/200][100/282] lr: 1.34e-04 | MSE loss: 7.5262e-03 | time: 0.180
I 06.07/22:53:36 solver.py:159 ] Epoch: [6/200][120/282] lr: 1.36e-04 | MSE loss: 8.0961e-03 | time: 0.178
I 06.07/22:53:39 solver.py:159 ] Epoch: [6/200][140/282] lr: 1.37e-04 | MSE loss: 8.1502e-03 | time: 0.178
I 06.07/22:53:43 solver.py:159 ] Epoch: [6/200][160/282] lr: 1.39e-04 | MSE loss: 7.9521e-03 | time: 0.179
I 06.07/22:53:47 solver.py:159 ] Epoch: [6/200][180/282] lr: 1.41e-04 | MSE loss: 8.0782e-03 | time: 0.179
I 06.07/22:53:50 solver.py:159 ] Epoch: [6/200][200/282] lr: 1.43e-04 | MSE loss: 8.1367e-03 | time: 0.179
I 06.07/22:53:54 solver.py:159 ] Epoch: [6/200][220/282] lr: 1.45e-04 | MSE loss: 8.1000e-03 | time: 0.179
I 06.07/22:53:57 solver.py:159 ] Epoch: [6/200][240/282] lr: 1.46e-04 | MSE loss: 7.9072e-03 | time: 0.178
I 06.07/22:54:01 solver.py:159 ] Epoch: [6/200][260/282] lr: 1.48e-04 | MSE loss: 8.0388e-03 | time: 0.181
I 06.07/22:54:07 solver.py:159 ] Epoch: [6/200][280/282] lr: 1.50e-04 | MSE loss: 8.1522e-03 | time: 0.187
I 06.07/22:54:07 solver.py:169 ] => Train  Loss: 8.1111e-03

I 06.07/22:54:10 solver.py:405 ] [20/32] loss: 9.2745e-03 | NMSE: -1.6826e+01 | time: 0.172
I 06.07/22:54:12 solver.py:413 ] => Test NMSE: -1.7866e+01

I 06.07/22:54:12 solver.py:345 ] => LoRA monitor [epoch=6] | trainable=33792/33792 | non_lora_trainable=0 | lora_l2=2.151985e+00 | lora_A_l2=2.146600e+00 | lora_B_l2=1.521452e-01 | component_l2=decoder:2.151985e+00 | lora_abs_max=1.511413e-01 | delta_l2=7.330056e-01 | delta_rel=3.161913e-01 | train_loss=8.111068e-03 | test_loss=8.172673e-03 | nmse=-1.786606e+01
I 06.07/22:54:12 solver.py:224 ] 
=! Best NMSE: -1.7866e+01 (epoch=2)

I 06.07/22:54:16 solver.py:159 ] Epoch: [7/200][20/282] lr: 1.52e-04 | MSE loss: 5.4624e-03 | time: 0.185
I 06.07/22:54:20 solver.py:159 ] Epoch: [7/200][40/282] lr: 1.54e-04 | MSE loss: 7.6578e-03 | time: 0.183
I 06.07/22:54:23 solver.py:159 ] Epoch: [7/200][60/282] lr: 1.55e-04 | MSE loss: 8.0656e-03 | time: 0.182
I 06.07/22:54:27 solver.py:159 ] Epoch: [7/200][80/282] lr: 1.57e-04 | MSE loss: 7.9230e-03 | time: 0.179
I 06.07/22:54:30 solver.py:159 ] Epoch: [7/200][100/282] lr: 1.59e-04 | MSE loss: 8.1978e-03 | time: 0.178
I 06.07/22:54:33 solver.py:159 ] Epoch: [7/200][120/282] lr: 1.61e-04 | MSE loss: 8.2556e-03 | time: 0.176
I 06.07/22:54:37 solver.py:159 ] Epoch: [7/200][140/282] lr: 1.62e-04 | MSE loss: 8.3844e-03 | time: 0.176
I 06.07/22:54:41 solver.py:159 ] Epoch: [7/200][160/282] lr: 1.64e-04 | MSE loss: 8.5646e-03 | time: 0.177
I 06.07/22:54:44 solver.py:159 ] Epoch: [7/200][180/282] lr: 1.66e-04 | MSE loss: 8.3217e-03 | time: 0.177
I 06.07/22:54:48 solver.py:159 ] Epoch: [7/200][200/282] lr: 1.68e-04 | MSE loss: 8.1673e-03 | time: 0.178
I 06.07/22:54:52 solver.py:159 ] Epoch: [7/200][220/282] lr: 1.70e-04 | MSE loss: 8.1609e-03 | time: 0.180
I 06.07/22:54:56 solver.py:159 ] Epoch: [7/200][240/282] lr: 1.71e-04 | MSE loss: 8.0978e-03 | time: 0.180
I 06.07/22:54:59 solver.py:159 ] Epoch: [7/200][260/282] lr: 1.73e-04 | MSE loss: 8.1677e-03 | time: 0.179
I 06.07/22:55:05 solver.py:159 ] Epoch: [7/200][280/282] lr: 1.75e-04 | MSE loss: 8.1066e-03 | time: 0.189
I 06.07/22:55:05 solver.py:169 ] => Train  Loss: 8.1301e-03

I 06.07/22:55:09 solver.py:405 ] [20/32] loss: 9.2737e-03 | NMSE: -1.6826e+01 | time: 0.169
I 06.07/22:55:11 solver.py:413 ] => Test NMSE: -1.7866e+01

I 06.07/22:55:11 solver.py:345 ] => LoRA monitor [epoch=7] | trainable=33792/33792 | non_lora_trainable=0 | lora_l2=2.132202e+00 | lora_A_l2=2.124293e+00 | lora_B_l2=1.834790e-01 | component_l2=decoder:2.132202e+00 | lora_abs_max=1.516417e-01 | delta_l2=8.660717e-01 | delta_rel=3.735910e-01 | train_loss=8.130099e-03 | test_loss=8.171899e-03 | nmse=-1.786647e+01
I 06.07/22:55:12 solver.py:224 ] 
=! Best NMSE: -1.7866e+01 (epoch=7)

I 06.07/22:55:15 solver.py:159 ] Epoch: [8/200][20/282] lr: 1.77e-04 | MSE loss: 8.4558e-03 | time: 0.168
I 06.07/22:55:19 solver.py:159 ] Epoch: [8/200][40/282] lr: 1.79e-04 | MSE loss: 8.7099e-03 | time: 0.171
I 06.07/22:55:22 solver.py:159 ] Epoch: [8/200][60/282] lr: 1.80e-04 | MSE loss: 8.1673e-03 | time: 0.168
I 06.07/22:55:25 solver.py:159 ] Epoch: [8/200][80/282] lr: 1.82e-04 | MSE loss: 8.0016e-03 | time: 0.171
I 06.07/22:55:29 solver.py:159 ] Epoch: [8/200][100/282] lr: 1.84e-04 | MSE loss: 7.8983e-03 | time: 0.171
I 06.07/22:55:33 solver.py:159 ] Epoch: [8/200][120/282] lr: 1.86e-04 | MSE loss: 8.0186e-03 | time: 0.173
I 06.07/22:55:36 solver.py:159 ] Epoch: [8/200][140/282] lr: 1.87e-04 | MSE loss: 7.8685e-03 | time: 0.172
I 06.07/22:55:39 solver.py:159 ] Epoch: [8/200][160/282] lr: 1.89e-04 | MSE loss: 7.9997e-03 | time: 0.173
I 06.07/22:55:43 solver.py:159 ] Epoch: [8/200][180/282] lr: 1.91e-04 | MSE loss: 8.0748e-03 | time: 0.173
I 06.07/22:55:47 solver.py:159 ] Epoch: [8/200][200/282] lr: 1.93e-04 | MSE loss: 8.0725e-03 | time: 0.176
I 06.07/22:55:51 solver.py:159 ] Epoch: [8/200][220/282] lr: 1.95e-04 | MSE loss: 8.1979e-03 | time: 0.179
I 06.07/22:55:55 solver.py:159 ] Epoch: [8/200][240/282] lr: 1.96e-04 | MSE loss: 8.1079e-03 | time: 0.178
I 06.07/22:55:58 solver.py:159 ] Epoch: [8/200][260/282] lr: 1.98e-04 | MSE loss: 8.1284e-03 | time: 0.178
I 06.07/22:56:03 solver.py:159 ] Epoch: [8/200][280/282] lr: 2.00e-04 | MSE loss: 8.1413e-03 | time: 0.182
I 06.07/22:56:03 solver.py:169 ] => Train  Loss: 8.1111e-03

I 06.07/22:56:08 solver.py:405 ] [20/32] loss: 9.2746e-03 | NMSE: -1.6825e+01 | time: 0.215
I 06.07/22:56:10 solver.py:413 ] => Test NMSE: -1.7866e+01

I 06.07/22:56:10 solver.py:345 ] => LoRA monitor [epoch=8] | trainable=33792/33792 | non_lora_trainable=0 | lora_l2=2.120116e+00 | lora_A_l2=2.108850e+00 | lora_B_l2=2.182704e-01 | component_l2=decoder:2.120116e+00 | lora_abs_max=1.532683e-01 | delta_l2=1.004474e+00 | delta_rel=4.332928e-01 | train_loss=8.111078e-03 | test_loss=8.172867e-03 | nmse=-1.786596e+01
I 06.07/22:56:10 solver.py:224 ] 
=! Best NMSE: -1.7866e+01 (epoch=7)

I 06.07/22:56:13 solver.py:159 ] Epoch: [9/200][20/282] lr: 2.02e-04 | MSE loss: 8.9278e-03 | time: 0.180
I 06.07/22:56:17 solver.py:159 ] Epoch: [9/200][40/282] lr: 2.04e-04 | MSE loss: 9.2497e-03 | time: 0.178
I 06.07/22:56:20 solver.py:159 ] Epoch: [9/200][60/282] lr: 2.05e-04 | MSE loss: 9.0617e-03 | time: 0.174
I 06.07/22:56:23 solver.py:159 ] Epoch: [9/200][80/282] lr: 2.07e-04 | MSE loss: 8.6691e-03 | time: 0.173
I 06.07/22:56:27 solver.py:159 ] Epoch: [9/200][100/282] lr: 2.09e-04 | MSE loss: 8.2490e-03 | time: 0.173
I 06.07/22:56:31 solver.py:159 ] Epoch: [9/200][120/282] lr: 2.11e-04 | MSE loss: 8.2297e-03 | time: 0.175
I 06.07/22:56:34 solver.py:159 ] Epoch: [9/200][140/282] lr: 2.12e-04 | MSE loss: 8.0111e-03 | time: 0.176
I 06.07/22:56:38 solver.py:159 ] Epoch: [9/200][160/282] lr: 2.14e-04 | MSE loss: 8.0142e-03 | time: 0.175
I 06.07/22:56:41 solver.py:159 ] Epoch: [9/200][180/282] lr: 2.16e-04 | MSE loss: 8.2888e-03 | time: 0.174
I 06.07/22:56:44 solver.py:159 ] Epoch: [9/200][200/282] lr: 2.18e-04 | MSE loss: 8.2012e-03 | time: 0.174
I 06.07/22:56:48 solver.py:159 ] Epoch: [9/200][220/282] lr: 2.20e-04 | MSE loss: 7.9747e-03 | time: 0.174
I 06.07/22:56:51 solver.py:159 ] Epoch: [9/200][240/282] lr: 2.21e-04 | MSE loss: 8.1034e-03 | time: 0.174
I 06.07/22:56:55 solver.py:159 ] Epoch: [9/200][260/282] lr: 2.23e-04 | MSE loss: 8.2693e-03 | time: 0.173
I 06.07/22:56:58 solver.py:159 ] Epoch: [9/200][280/282] lr: 2.25e-04 | MSE loss: 8.1176e-03 | time: 0.173
I 06.07/22:56:58 solver.py:169 ] => Train  Loss: 8.1899e-03

I 06.07/22:57:03 solver.py:405 ] [20/32] loss: 9.2749e-03 | NMSE: -1.6825e+01 | time: 0.231
I 06.07/22:57:06 solver.py:413 ] => Test NMSE: -1.7866e+01

I 06.07/22:57:06 solver.py:345 ] => LoRA monitor [epoch=9] | trainable=33792/33792 | non_lora_trainable=0 | lora_l2=2.118586e+00 | lora_A_l2=2.103076e+00 | lora_B_l2=2.558908e-01 | component_l2=decoder:2.118586e+00 | lora_abs_max=1.548013e-01 | delta_l2=1.131506e+00 | delta_rel=4.880895e-01 | train_loss=8.189916e-03 | test_loss=8.173073e-03 | nmse=-1.786585e+01
I 06.07/22:57:06 solver.py:224 ] 
=! Best NMSE: -1.7866e+01 (epoch=7)

I 06.07/22:57:09 solver.py:159 ] Epoch: [10/200][20/282] lr: 2.27e-04 | MSE loss: 9.7404e-03 | time: 0.160
I 06.07/22:57:13 solver.py:159 ] Epoch: [10/200][40/282] lr: 2.29e-04 | MSE loss: 7.6217e-03 | time: 0.176
I 06.07/22:57:16 solver.py:159 ] Epoch: [10/200][60/282] lr: 2.30e-04 | MSE loss: 8.0448e-03 | time: 0.173
I 06.07/22:57:20 solver.py:159 ] Epoch: [10/200][80/282] lr: 2.32e-04 | MSE loss: 7.7392e-03 | time: 0.175
I 06.07/22:57:23 solver.py:159 ] Epoch: [10/200][100/282] lr: 2.34e-04 | MSE loss: 7.7509e-03 | time: 0.173
I 06.07/22:57:26 solver.py:159 ] Epoch: [10/200][120/282] lr: 2.36e-04 | MSE loss: 7.8706e-03 | time: 0.174
I 06.07/22:57:30 solver.py:159 ] Epoch: [10/200][140/282] lr: 2.37e-04 | MSE loss: 7.9368e-03 | time: 0.174
I 06.07/22:57:33 solver.py:159 ] Epoch: [10/200][160/282] lr: 2.39e-04 | MSE loss: 7.8785e-03 | time: 0.173
I 06.07/22:57:37 solver.py:159 ] Epoch: [10/200][180/282] lr: 2.41e-04 | MSE loss: 7.7252e-03 | time: 0.174
I 06.07/22:57:40 solver.py:159 ] Epoch: [10/200][200/282] lr: 2.43e-04 | MSE loss: 7.7625e-03 | time: 0.173
I 06.07/22:57:44 solver.py:159 ] Epoch: [10/200][220/282] lr: 2.45e-04 | MSE loss: 7.6916e-03 | time: 0.173
I 06.07/22:57:47 solver.py:159 ] Epoch: [10/200][240/282] lr: 2.46e-04 | MSE loss: 7.9182e-03 | time: 0.171
I 06.07/22:57:50 solver.py:159 ] Epoch: [10/200][260/282] lr: 2.48e-04 | MSE loss: 7.9009e-03 | time: 0.171
I 06.07/22:57:53 solver.py:159 ] Epoch: [10/200][280/282] lr: 2.50e-04 | MSE loss: 8.1124e-03 | time: 0.171
I 06.07/22:57:54 solver.py:169 ] => Train  Loss: 8.1314e-03

I 06.07/22:57:57 solver.py:159 ] Epoch: [10/200][20/32] lr: 2.50e-04 | MSE loss: 9.2744e-03 | time: 0.159
I 06.07/22:57:59 solver.py:169 ] => Val  Loss: 7.9901e-03

I 06.07/22:58:04 solver.py:405 ] [20/32] loss: 9.2744e-03 | NMSE: -1.6826e+01 | time: 0.278
I 06.07/22:58:06 solver.py:413 ] => Test NMSE: -1.7866e+01

I 06.07/22:58:06 solver.py:345 ] => LoRA monitor [epoch=10] | trainable=33792/33792 | non_lora_trainable=0 | lora_l2=2.124719e+00 | lora_A_l2=2.103776e+00 | lora_B_l2=2.975844e-01 | component_l2=decoder:2.124719e+00 | lora_abs_max=1.543598e-01 | delta_l2=1.253271e+00 | delta_rel=5.406144e-01 | train_loss=8.131374e-03 | val_loss=7.990077e-03 | test_loss=8.172614e-03 | nmse=-1.786609e+01
I 06.07/22:58:06 solver.py:224 ] 
=! Best NMSE: -1.7866e+01 (epoch=7)

I 06.07/22:58:09 solver.py:159 ] Epoch: [11/200][20/282] lr: 2.52e-04 | MSE loss: 8.6757e-03 | time: 0.154
I 06.07/22:58:13 solver.py:159 ] Epoch: [11/200][40/282] lr: 2.54e-04 | MSE loss: 7.7351e-03 | time: 0.157
I 06.07/22:58:16 solver.py:159 ] Epoch: [11/200][60/282] lr: 2.55e-04 | MSE loss: 7.8200e-03 | time: 0.158
I 06.07/22:58:19 solver.py:159 ] Epoch: [11/200][80/282] lr: 2.57e-04 | MSE loss: 7.8194e-03 | time: 0.158
I 06.07/22:58:22 solver.py:159 ] Epoch: [11/200][100/282] lr: 2.59e-04 | MSE loss: 8.3650e-03 | time: 0.160
I 06.07/22:58:26 solver.py:159 ] Epoch: [11/200][120/282] lr: 2.61e-04 | MSE loss: 8.4825e-03 | time: 0.162
I 06.07/22:58:29 solver.py:159 ] Epoch: [11/200][140/282] lr: 2.62e-04 | MSE loss: 8.5249e-03 | time: 0.162
I 06.07/22:58:32 solver.py:159 ] Epoch: [11/200][160/282] lr: 2.64e-04 | MSE loss: 8.4129e-03 | time: 0.160
I 06.07/22:58:35 solver.py:159 ] Epoch: [11/200][180/282] lr: 2.66e-04 | MSE loss: 8.3338e-03 | time: 0.160
I 06.07/22:58:39 solver.py:159 ] Epoch: [11/200][200/282] lr: 2.68e-04 | MSE loss: 8.1704e-03 | time: 0.162
I 06.07/22:58:42 solver.py:159 ] Epoch: [11/200][220/282] lr: 2.70e-04 | MSE loss: 8.2219e-03 | time: 0.161
I 06.07/22:58:45 solver.py:159 ] Epoch: [11/200][240/282] lr: 2.71e-04 | MSE loss: 8.0966e-03 | time: 0.162
I 06.07/22:58:49 solver.py:159 ] Epoch: [11/200][260/282] lr: 2.73e-04 | MSE loss: 8.0180e-03 | time: 0.164
I 06.07/22:58:52 solver.py:159 ] Epoch: [11/200][280/282] lr: 2.75e-04 | MSE loss: 8.1419e-03 | time: 0.164
I 06.07/22:58:53 solver.py:169 ] => Train  Loss: 8.1026e-03

I 06.07/22:58:56 solver.py:405 ] [20/32] loss: 9.2738e-03 | NMSE: -1.6826e+01 | time: 0.161
I 06.07/22:58:58 solver.py:413 ] => Test NMSE: -1.7866e+01

I 06.07/22:58:58 solver.py:345 ] => LoRA monitor [epoch=11] | trainable=33792/33792 | non_lora_trainable=0 | lora_l2=2.144499e+00 | lora_A_l2=2.117040e+00 | lora_B_l2=3.420794e-01 | component_l2=decoder:2.144499e+00 | lora_abs_max=1.527575e-01 | delta_l2=1.366462e+00 | delta_rel=5.894407e-01 | train_loss=8.102626e-03 | test_loss=8.172026e-03 | nmse=-1.786640e+01
I 06.07/22:58:58 solver.py:224 ] 
=! Best NMSE: -1.7866e+01 (epoch=7)

I 06.07/22:59:02 solver.py:159 ] Epoch: [12/200][20/282] lr: 2.77e-04 | MSE loss: 7.9339e-03 | time: 0.244
I 06.07/22:59:07 solver.py:159 ] Epoch: [12/200][40/282] lr: 2.79e-04 | MSE loss: 7.9383e-03 | time: 0.236
I 06.07/22:59:11 solver.py:159 ] Epoch: [12/200][60/282] lr: 2.80e-04 | MSE loss: 8.2313e-03 | time: 0.216
I 06.07/22:59:14 solver.py:159 ] Epoch: [12/200][80/282] lr: 2.82e-04 | MSE loss: 8.1175e-03 | time: 0.206
I 06.07/22:59:18 solver.py:159 ] Epoch: [12/200][100/282] lr: 2.84e-04 | MSE loss: 8.1579e-03 | time: 0.202
I 06.07/22:59:21 solver.py:159 ] Epoch: [12/200][120/282] lr: 2.86e-04 | MSE loss: 8.0534e-03 | time: 0.196
I 06.07/22:59:24 solver.py:159 ] Epoch: [12/200][140/282] lr: 2.87e-04 | MSE loss: 8.3881e-03 | time: 0.191
I 06.07/22:59:28 solver.py:159 ] Epoch: [12/200][160/282] lr: 2.89e-04 | MSE loss: 8.2145e-03 | time: 0.189
I 06.07/22:59:31 solver.py:159 ] Epoch: [12/200][180/282] lr: 2.91e-04 | MSE loss: 8.3149e-03 | time: 0.186
I 06.07/22:59:35 solver.py:159 ] Epoch: [12/200][200/282] lr: 2.93e-04 | MSE loss: 8.4681e-03 | time: 0.185
I 06.07/22:59:38 solver.py:159 ] Epoch: [12/200][220/282] lr: 2.95e-04 | MSE loss: 8.4238e-03 | time: 0.183
I 06.07/22:59:41 solver.py:159 ] Epoch: [12/200][240/282] lr: 2.96e-04 | MSE loss: 8.2115e-03 | time: 0.182
I 06.07/22:59:45 solver.py:159 ] Epoch: [12/200][260/282] lr: 2.98e-04 | MSE loss: 8.0784e-03 | time: 0.182
I 06.07/22:59:48 solver.py:159 ] Epoch: [12/200][280/282] lr: 3.00e-04 | MSE loss: 8.1543e-03 | time: 0.181
I 06.07/22:59:48 solver.py:169 ] => Train  Loss: 8.1028e-03

I 06.07/22:59:52 solver.py:405 ] [20/32] loss: 9.2737e-03 | NMSE: -1.6826e+01 | time: 0.172
I 06.07/22:59:54 solver.py:413 ] => Test NMSE: -1.7867e+01

I 06.07/22:59:54 solver.py:345 ] => LoRA monitor [epoch=12] | trainable=33792/33792 | non_lora_trainable=0 | lora_l2=2.168577e+00 | lora_A_l2=2.133299e+00 | lora_B_l2=3.895636e-01 | component_l2=decoder:2.168577e+00 | lora_abs_max=1.527007e-01 | delta_l2=1.472682e+00 | delta_rel=6.352600e-01 | train_loss=8.102757e-03 | test_loss=8.171834e-03 | nmse=-1.786650e+01
I 06.07/22:59:55 solver.py:224 ] 
=! Best NMSE: -1.7867e+01 (epoch=12)

I 06.07/22:59:58 solver.py:159 ] Epoch: [13/200][20/282] lr: 3.02e-04 | MSE loss: 9.2833e-03 | time: 0.169
I 06.07/23:00:03 solver.py:159 ] Epoch: [13/200][40/282] lr: 3.04e-04 | MSE loss: 8.7296e-03 | time: 0.209
I 06.07/23:00:07 solver.py:159 ] Epoch: [13/200][60/282] lr: 3.05e-04 | MSE loss: 8.4029e-03 | time: 0.212
I 06.07/23:00:10 solver.py:159 ] Epoch: [13/200][80/282] lr: 3.07e-04 | MSE loss: 8.0050e-03 | time: 0.198
I 06.07/23:00:14 solver.py:159 ] Epoch: [13/200][100/282] lr: 3.09e-04 | MSE loss: 7.8342e-03 | time: 0.189
I 06.07/23:00:17 solver.py:159 ] Epoch: [13/200][120/282] lr: 3.11e-04 | MSE loss: 8.0830e-03 | time: 0.186
I 06.07/23:00:20 solver.py:159 ] Epoch: [13/200][140/282] lr: 3.12e-04 | MSE loss: 8.1870e-03 | time: 0.180
I 06.07/23:00:23 solver.py:159 ] Epoch: [13/200][160/282] lr: 3.14e-04 | MSE loss: 8.0357e-03 | time: 0.175
I 06.07/23:00:26 solver.py:159 ] Epoch: [13/200][180/282] lr: 3.16e-04 | MSE loss: 8.0099e-03 | time: 0.172
I 06.07/23:00:28 solver.py:159 ] Epoch: [13/200][200/282] lr: 3.18e-04 | MSE loss: 8.0222e-03 | time: 0.169
I 06.07/23:00:31 solver.py:159 ] Epoch: [13/200][220/282] lr: 3.20e-04 | MSE loss: 8.0857e-03 | time: 0.166
I 06.07/23:00:34 solver.py:159 ] Epoch: [13/200][240/282] lr: 3.21e-04 | MSE loss: 8.0795e-03 | time: 0.165
I 06.07/23:00:37 solver.py:159 ] Epoch: [13/200][260/282] lr: 3.23e-04 | MSE loss: 8.1020e-03 | time: 0.164
I 06.07/23:00:40 solver.py:159 ] Epoch: [13/200][280/282] lr: 3.25e-04 | MSE loss: 8.1412e-03 | time: 0.162
I 06.07/23:00:40 solver.py:169 ] => Train  Loss: 8.1028e-03

I 06.07/23:00:44 solver.py:405 ] [20/32] loss: 9.2738e-03 | NMSE: -1.6826e+01 | time: 0.147
I 06.07/23:00:45 solver.py:413 ] => Test NMSE: -1.7866e+01

I 06.07/23:00:45 solver.py:345 ] => LoRA monitor [epoch=13] | trainable=33792/33792 | non_lora_trainable=0 | lora_l2=2.201323e+00 | lora_A_l2=2.156723e+00 | lora_B_l2=4.408711e-01 | component_l2=decoder:2.201323e+00 | lora_abs_max=1.528904e-01 | delta_l2=1.571754e+00 | delta_rel=6.779962e-01 | train_loss=8.102833e-03 | test_loss=8.172017e-03 | nmse=-1.786641e+01
I 06.07/23:00:45 solver.py:224 ] 
=! Best NMSE: -1.7867e+01 (epoch=12)

I 06.07/23:00:48 solver.py:159 ] Epoch: [14/200][20/282] lr: 3.27e-04 | MSE loss: 1.0863e-02 | time: 0.149
I 06.07/23:00:51 solver.py:159 ] Epoch: [14/200][40/282] lr: 3.29e-04 | MSE loss: 1.0152e-02 | time: 0.153
I 06.07/23:00:54 solver.py:159 ] Epoch: [14/200][60/282] lr: 3.30e-04 | MSE loss: 9.8014e-03 | time: 0.151
I 06.07/23:00:57 solver.py:159 ] Epoch: [14/200][80/282] lr: 3.32e-04 | MSE loss: 9.4817e-03 | time: 0.151
I 06.07/23:01:01 solver.py:159 ] Epoch: [14/200][100/282] lr: 3.34e-04 | MSE loss: 8.8828e-03 | time: 0.155
I 06.07/23:01:05 solver.py:159 ] Epoch: [14/200][120/282] lr: 3.36e-04 | MSE loss: 8.8460e-03 | time: 0.169
I 06.07/23:01:08 solver.py:159 ] Epoch: [14/200][140/282] lr: 3.37e-04 | MSE loss: 8.6189e-03 | time: 0.165
I 06.07/23:01:12 solver.py:159 ] Epoch: [14/200][160/282] lr: 3.39e-04 | MSE loss: 8.6745e-03 | time: 0.165
I 06.07/23:01:15 solver.py:159 ] Epoch: [14/200][180/282] lr: 3.41e-04 | MSE loss: 8.6296e-03 | time: 0.163
I 06.07/23:01:18 solver.py:159 ] Epoch: [14/200][200/282] lr: 3.43e-04 | MSE loss: 8.5549e-03 | time: 0.162
I 06.07/23:01:20 solver.py:159 ] Epoch: [14/200][220/282] lr: 3.45e-04 | MSE loss: 8.4529e-03 | time: 0.160
I 06.07/23:01:24 solver.py:159 ] Epoch: [14/200][240/282] lr: 3.46e-04 | MSE loss: 8.3652e-03 | time: 0.160
I 06.07/23:01:27 solver.py:159 ] Epoch: [14/200][260/282] lr: 3.48e-04 | MSE loss: 8.2984e-03 | time: 0.159
I 06.07/23:01:30 solver.py:159 ] Epoch: [14/200][280/282] lr: 3.50e-04 | MSE loss: 8.1200e-03 | time: 0.159
I 06.07/23:01:30 solver.py:169 ] => Train  Loss: 8.1914e-03

I 06.07/23:01:33 solver.py:405 ] [20/32] loss: 9.2734e-03 | NMSE: -1.6826e+01 | time: 0.145
I 06.07/23:01:35 solver.py:413 ] => Test NMSE: -1.7867e+01

I 06.07/23:01:35 solver.py:345 ] => LoRA monitor [epoch=14] | trainable=33792/33792 | non_lora_trainable=0 | lora_l2=2.233967e+00 | lora_A_l2=2.178432e+00 | lora_B_l2=4.950189e-01 | component_l2=decoder:2.233967e+00 | lora_abs_max=1.526770e-01 | delta_l2=1.667975e+00 | delta_rel=7.195024e-01 | train_loss=8.191372e-03 | test_loss=8.171636e-03 | nmse=-1.786661e+01
I 06.07/23:01:35 solver.py:224 ] 
=! Best NMSE: -1.7867e+01 (epoch=14)

I 06.07/23:01:38 solver.py:159 ] Epoch: [15/200][20/282] lr: 3.52e-04 | MSE loss: 7.3466e-03 | time: 0.151
I 06.07/23:01:42 solver.py:159 ] Epoch: [15/200][40/282] lr: 3.54e-04 | MSE loss: 8.1971e-03 | time: 0.160
I 06.07/23:01:45 solver.py:159 ] Epoch: [15/200][60/282] lr: 3.55e-04 | MSE loss: 7.2246e-03 | time: 0.160
I 06.07/23:01:48 solver.py:159 ] Epoch: [15/200][80/282] lr: 3.57e-04 | MSE loss: 7.8067e-03 | time: 0.160
I 06.07/23:01:51 solver.py:159 ] Epoch: [15/200][100/282] lr: 3.59e-04 | MSE loss: 7.9128e-03 | time: 0.157
I 06.07/23:01:54 solver.py:159 ] Epoch: [15/200][120/282] lr: 3.61e-04 | MSE loss: 7.7113e-03 | time: 0.156
I 06.07/23:01:57 solver.py:159 ] Epoch: [15/200][140/282] lr: 3.62e-04 | MSE loss: 7.7647e-03 | time: 0.154
I 06.07/23:02:00 solver.py:159 ] Epoch: [15/200][160/282] lr: 3.64e-04 | MSE loss: 7.5884e-03 | time: 0.153
I 06.07/23:02:05 solver.py:159 ] Epoch: [15/200][180/282] lr: 3.66e-04 | MSE loss: 7.8590e-03 | time: 0.163
I 06.07/23:02:08 solver.py:159 ] Epoch: [15/200][200/282] lr: 3.68e-04 | MSE loss: 7.8869e-03 | time: 0.163
I 06.07/23:02:11 solver.py:159 ] Epoch: [15/200][220/282] lr: 3.70e-04 | MSE loss: 7.9752e-03 | time: 0.160
I 06.07/23:02:13 solver.py:159 ] Epoch: [15/200][240/282] lr: 3.71e-04 | MSE loss: 8.0119e-03 | time: 0.158
I 06.07/23:02:16 solver.py:159 ] Epoch: [15/200][260/282] lr: 3.73e-04 | MSE loss: 8.2534e-03 | time: 0.158
I 06.07/23:02:19 solver.py:159 ] Epoch: [15/200][280/282] lr: 3.75e-04 | MSE loss: 8.1505e-03 | time: 0.157
I 06.07/23:02:20 solver.py:169 ] => Train  Loss: 8.1029e-03

I 06.07/23:02:22 solver.py:405 ] [20/32] loss: 9.2740e-03 | NMSE: -1.6826e+01 | time: 0.137
I 06.07/23:02:24 solver.py:413 ] => Test NMSE: -1.7866e+01

I 06.07/23:02:24 solver.py:345 ] => LoRA monitor [epoch=15] | trainable=33792/33792 | non_lora_trainable=0 | lora_l2=2.276524e+00 | lora_A_l2=2.208615e+00 | lora_B_l2=5.518890e-01 | component_l2=decoder:2.276524e+00 | lora_abs_max=1.513450e-01 | delta_l2=1.759758e+00 | delta_rel=7.590942e-01 | train_loss=8.102868e-03 | test_loss=8.172189e-03 | nmse=-1.786632e+01
I 06.07/23:02:24 solver.py:224 ] 
=! Best NMSE: -1.7867e+01 (epoch=14)

I 06.07/23:02:27 solver.py:159 ] Epoch: [16/200][20/282] lr: 3.77e-04 | MSE loss: 1.0037e-02 | time: 0.140
I 06.07/23:02:30 solver.py:159 ] Epoch: [16/200][40/282] lr: 3.79e-04 | MSE loss: 8.2901e-03 | time: 0.140
I 06.07/23:02:32 solver.py:159 ] Epoch: [16/200][60/282] lr: 3.80e-04 | MSE loss: 8.0785e-03 | time: 0.139
I 06.07/23:02:35 solver.py:159 ] Epoch: [16/200][80/282] lr: 3.82e-04 | MSE loss: 7.8544e-03 | time: 0.138
I 06.07/23:02:38 solver.py:159 ] Epoch: [16/200][100/282] lr: 3.84e-04 | MSE loss: 8.1327e-03 | time: 0.141
I 06.07/23:02:41 solver.py:159 ] Epoch: [16/200][120/282] lr: 3.86e-04 | MSE loss: 8.0242e-03 | time: 0.143
I 06.07/23:02:44 solver.py:159 ] Epoch: [16/200][140/282] lr: 3.87e-04 | MSE loss: 8.1008e-03 | time: 0.142
I 06.07/23:02:47 solver.py:159 ] Epoch: [16/200][160/282] lr: 3.89e-04 | MSE loss: 8.0865e-03 | time: 0.142
I 06.07/23:02:49 solver.py:159 ] Epoch: [16/200][180/282] lr: 3.91e-04 | MSE loss: 8.0570e-03 | time: 0.140
I 06.07/23:02:52 solver.py:159 ] Epoch: [16/200][200/282] lr: 3.93e-04 | MSE loss: 8.1832e-03 | time: 0.142
I 06.07/23:02:55 solver.py:159 ] Epoch: [16/200][220/282] lr: 3.95e-04 | MSE loss: 8.2276e-03 | time: 0.141
I 06.07/23:02:58 solver.py:159 ] Epoch: [16/200][240/282] lr: 3.96e-04 | MSE loss: 8.1239e-03 | time: 0.141
I 06.07/23:03:01 solver.py:159 ] Epoch: [16/200][260/282] lr: 3.98e-04 | MSE loss: 8.1414e-03 | time: 0.142
I 06.07/23:03:06 solver.py:159 ] Epoch: [16/200][280/282] lr: 4.00e-04 | MSE loss: 8.1523e-03 | time: 0.149
I 06.07/23:03:06 solver.py:169 ] => Train  Loss: 8.1122e-03

I 06.07/23:03:09 solver.py:405 ] [20/32] loss: 9.2733e-03 | NMSE: -1.6826e+01 | time: 0.142
I 06.07/23:03:10 solver.py:413 ] => Test NMSE: -1.7867e+01

I 06.07/23:03:10 solver.py:345 ] => LoRA monitor [epoch=16] | trainable=33792/33792 | non_lora_trainable=0 | lora_l2=2.311613e+00 | lora_A_l2=2.229963e+00 | lora_B_l2=6.089484e-01 | component_l2=decoder:2.311613e+00 | lora_abs_max=1.497631e-01 | delta_l2=1.845792e+00 | delta_rel=7.962059e-01 | train_loss=8.112243e-03 | test_loss=8.171512e-03 | nmse=-1.786668e+01
I 06.07/23:03:11 solver.py:224 ] 
=! Best NMSE: -1.7867e+01 (epoch=16)

I 06.07/23:03:14 solver.py:159 ] Epoch: [17/200][20/282] lr: 4.02e-04 | MSE loss: 8.3631e-03 | time: 0.150
I 06.07/23:03:17 solver.py:159 ] Epoch: [17/200][40/282] lr: 4.04e-04 | MSE loss: 7.7554e-03 | time: 0.145
I 06.07/23:03:20 solver.py:159 ] Epoch: [17/200][60/282] lr: 4.05e-04 | MSE loss: 8.1956e-03 | time: 0.145
I 06.07/23:03:23 solver.py:159 ] Epoch: [17/200][80/282] lr: 4.07e-04 | MSE loss: 8.3256e-03 | time: 0.141
I 06.07/23:03:25 solver.py:159 ] Epoch: [17/200][100/282] lr: 4.09e-04 | MSE loss: 8.3634e-03 | time: 0.140
I 06.07/23:03:28 solver.py:159 ] Epoch: [17/200][120/282] lr: 4.11e-04 | MSE loss: 8.4530e-03 | time: 0.139
I 06.07/23:03:31 solver.py:159 ] Epoch: [17/200][140/282] lr: 4.12e-04 | MSE loss: 8.2542e-03 | time: 0.140
I 06.07/23:03:34 solver.py:159 ] Epoch: [17/200][160/282] lr: 4.14e-04 | MSE loss: 8.3722e-03 | time: 0.140
I 06.07/23:03:37 solver.py:159 ] Epoch: [17/200][180/282] lr: 4.16e-04 | MSE loss: 8.2715e-03 | time: 0.140
I 06.07/23:03:40 solver.py:159 ] Epoch: [17/200][200/282] lr: 4.18e-04 | MSE loss: 8.1770e-03 | time: 0.141
I 06.07/23:03:42 solver.py:159 ] Epoch: [17/200][220/282] lr: 4.20e-04 | MSE loss: 8.1528e-03 | time: 0.140
I 06.07/23:03:45 solver.py:159 ] Epoch: [17/200][240/282] lr: 4.21e-04 | MSE loss: 7.9795e-03 | time: 0.140
I 06.07/23:03:48 solver.py:159 ] Epoch: [17/200][260/282] lr: 4.23e-04 | MSE loss: 8.0628e-03 | time: 0.140
I 06.07/23:03:51 solver.py:159 ] Epoch: [17/200][280/282] lr: 4.25e-04 | MSE loss: 8.1229e-03 | time: 0.140
I 06.07/23:03:51 solver.py:169 ] => Train  Loss: 8.1097e-03

I 06.07/23:03:54 solver.py:405 ] [20/32] loss: 9.2730e-03 | NMSE: -1.6826e+01 | time: 0.140
I 06.07/23:03:55 solver.py:413 ] => Test NMSE: -1.7867e+01

I 06.07/23:03:56 solver.py:345 ] => LoRA monitor [epoch=17] | trainable=33792/33792 | non_lora_trainable=0 | lora_l2=2.361998e+00 | lora_A_l2=2.264902e+00 | lora_B_l2=6.702636e-01 | component_l2=decoder:2.361998e+00 | lora_abs_max=1.473886e-01 | delta_l2=1.933049e+00 | delta_rel=8.338455e-01 | train_loss=8.109687e-03 | test_loss=8.171335e-03 | nmse=-1.786677e+01
I 06.07/23:03:56 solver.py:224 ] 
=! Best NMSE: -1.7867e+01 (epoch=17)

I 06.07/23:03:59 solver.py:159 ] Epoch: [18/200][20/282] lr: 4.27e-04 | MSE loss: 7.4317e-03 | time: 0.146
I 06.07/23:04:05 solver.py:159 ] Epoch: [18/200][40/282] lr: 4.29e-04 | MSE loss: 7.6889e-03 | time: 0.201
I 06.07/23:04:07 solver.py:159 ] Epoch: [18/200][60/282] lr: 4.30e-04 | MSE loss: 7.6519e-03 | time: 0.182
I 06.07/23:04:10 solver.py:159 ] Epoch: [18/200][80/282] lr: 4.32e-04 | MSE loss: 7.3854e-03 | time: 0.171
I 06.07/23:04:13 solver.py:159 ] Epoch: [18/200][100/282] lr: 4.34e-04 | MSE loss: 7.1108e-03 | time: 0.165
I 06.07/23:04:16 solver.py:159 ] Epoch: [18/200][120/282] lr: 4.36e-04 | MSE loss: 7.4746e-03 | time: 0.164
I 06.07/23:04:19 solver.py:159 ] Epoch: [18/200][140/282] lr: 4.37e-04 | MSE loss: 7.6603e-03 | time: 0.161
I 06.07/23:04:22 solver.py:159 ] Epoch: [18/200][160/282] lr: 4.39e-04 | MSE loss: 7.6973e-03 | time: 0.157
I 06.07/23:04:24 solver.py:159 ] Epoch: [18/200][180/282] lr: 4.41e-04 | MSE loss: 7.5721e-03 | time: 0.155
I 06.07/23:04:27 solver.py:159 ] Epoch: [18/200][200/282] lr: 4.43e-04 | MSE loss: 7.6472e-03 | time: 0.155
I 06.07/23:04:30 solver.py:159 ] Epoch: [18/200][220/282] lr: 4.45e-04 | MSE loss: 7.6809e-03 | time: 0.154
I 06.07/23:04:33 solver.py:159 ] Epoch: [18/200][240/282] lr: 4.46e-04 | MSE loss: 7.9015e-03 | time: 0.153
I 06.07/23:04:36 solver.py:159 ] Epoch: [18/200][260/282] lr: 4.48e-04 | MSE loss: 7.9736e-03 | time: 0.152
I 06.07/23:04:39 solver.py:159 ] Epoch: [18/200][280/282] lr: 4.50e-04 | MSE loss: 8.0637e-03 | time: 0.151
I 06.07/23:04:39 solver.py:169 ] => Train  Loss: 8.2014e-03

I 06.07/23:04:42 solver.py:405 ] [20/32] loss: 9.2730e-03 | NMSE: -1.6826e+01 | time: 0.134
I 06.07/23:04:43 solver.py:413 ] => Test NMSE: -1.7867e+01

I 06.07/23:04:43 solver.py:345 ] => LoRA monitor [epoch=18] | trainable=33792/33792 | non_lora_trainable=0 | lora_l2=2.418658e+00 | lora_A_l2=2.304405e+00 | lora_B_l2=7.345912e-01 | component_l2=decoder:2.418658e+00 | lora_abs_max=1.463619e-01 | delta_l2=2.022057e+00 | delta_rel=8.722400e-01 | train_loss=8.201437e-03 | test_loss=8.171228e-03 | nmse=-1.786683e+01
I 06.07/23:04:44 solver.py:224 ] 
=! Best NMSE: -1.7867e+01 (epoch=18)

I 06.07/23:04:47 solver.py:159 ] Epoch: [19/200][20/282] lr: 4.52e-04 | MSE loss: 9.1850e-03 | time: 0.150
I 06.07/23:04:50 solver.py:159 ] Epoch: [19/200][40/282] lr: 4.54e-04 | MSE loss: 9.0254e-03 | time: 0.136
I 06.07/23:04:53 solver.py:159 ] Epoch: [19/200][60/282] lr: 4.55e-04 | MSE loss: 8.3961e-03 | time: 0.139
I 06.07/23:04:55 solver.py:159 ] Epoch: [19/200][80/282] lr: 4.57e-04 | MSE loss: 8.3303e-03 | time: 0.137
I 06.07/23:04:58 solver.py:159 ] Epoch: [19/200][100/282] lr: 4.59e-04 | MSE loss: 8.0556e-03 | time: 0.134
I 06.07/23:05:00 solver.py:159 ] Epoch: [19/200][120/282] lr: 4.61e-04 | MSE loss: 7.9978e-03 | time: 0.134
I 06.07/23:05:05 solver.py:159 ] Epoch: [19/200][140/282] lr: 4.62e-04 | MSE loss: 8.1889e-03 | time: 0.149
I 06.07/23:05:07 solver.py:159 ] Epoch: [19/200][160/282] lr: 4.64e-04 | MSE loss: 7.9942e-03 | time: 0.146
I 06.07/23:05:10 solver.py:159 ] Epoch: [19/200][180/282] lr: 4.66e-04 | MSE loss: 8.0877e-03 | time: 0.146
I 06.07/23:05:13 solver.py:159 ] Epoch: [19/200][200/282] lr: 4.68e-04 | MSE loss: 8.0281e-03 | time: 0.145
I 06.07/23:05:16 solver.py:159 ] Epoch: [19/200][220/282] lr: 4.70e-04 | MSE loss: 8.0636e-03 | time: 0.143
I 06.07/23:05:19 solver.py:159 ] Epoch: [19/200][240/282] lr: 4.71e-04 | MSE loss: 8.0741e-03 | time: 0.143
I 06.07/23:05:21 solver.py:159 ] Epoch: [19/200][260/282] lr: 4.73e-04 | MSE loss: 7.9566e-03 | time: 0.144
I 06.07/23:05:24 solver.py:159 ] Epoch: [19/200][280/282] lr: 4.75e-04 | MSE loss: 8.1390e-03 | time: 0.143
I 06.07/23:05:24 solver.py:169 ] => Train  Loss: 8.1029e-03

I 06.07/23:05:27 solver.py:405 ] [20/32] loss: 9.2727e-03 | NMSE: -1.6826e+01 | time: 0.119
I 06.07/23:05:28 solver.py:413 ] => Test NMSE: -1.7867e+01

I 06.07/23:05:28 solver.py:345 ] => LoRA monitor [epoch=19] | trainable=33792/33792 | non_lora_trainable=0 | lora_l2=2.475927e+00 | lora_A_l2=2.343256e+00 | lora_B_l2=7.996029e-01 | component_l2=decoder:2.475927e+00 | lora_abs_max=1.427903e-01 | delta_l2=2.113886e+00 | delta_rel=9.118519e-01 | train_loss=8.102873e-03 | test_loss=8.171035e-03 | nmse=-1.786693e+01
I 06.07/23:05:29 solver.py:224 ] 
=! Best NMSE: -1.7867e+01 (epoch=19)

I 06.07/23:05:32 solver.py:159 ] Epoch: [20/200][20/282] lr: 4.77e-04 | MSE loss: 6.8411e-03 | time: 0.122
I 06.07/23:05:34 solver.py:159 ] Epoch: [20/200][40/282] lr: 4.79e-04 | MSE loss: 6.8941e-03 | time: 0.125
I 06.07/23:05:37 solver.py:159 ] Epoch: [20/200][60/282] lr: 4.80e-04 | MSE loss: 7.3359e-03 | time: 0.122
I 06.07/23:05:40 solver.py:159 ] Epoch: [20/200][80/282] lr: 4.82e-04 | MSE loss: 7.9012e-03 | time: 0.127
I 06.07/23:05:42 solver.py:159 ] Epoch: [20/200][100/282] lr: 4.84e-04 | MSE loss: 8.0848e-03 | time: 0.128
I 06.07/23:05:45 solver.py:159 ] Epoch: [20/200][120/282] lr: 4.86e-04 | MSE loss: 8.2367e-03 | time: 0.128
I 06.07/23:05:47 solver.py:159 ] Epoch: [20/200][140/282] lr: 4.87e-04 | MSE loss: 8.3018e-03 | time: 0.127
I 06.07/23:05:49 solver.py:159 ] Epoch: [20/200][160/282] lr: 4.89e-04 | MSE loss: 8.2691e-03 | time: 0.125
I 06.07/23:05:52 solver.py:159 ] Epoch: [20/200][180/282] lr: 4.91e-04 | MSE loss: 8.2597e-03 | time: 0.125
I 06.07/23:05:54 solver.py:159 ] Epoch: [20/200][200/282] lr: 4.93e-04 | MSE loss: 8.0290e-03 | time: 0.125
I 06.07/23:05:57 solver.py:159 ] Epoch: [20/200][220/282] lr: 4.95e-04 | MSE loss: 8.2323e-03 | time: 0.126
I 06.07/23:05:59 solver.py:159 ] Epoch: [20/200][240/282] lr: 4.96e-04 | MSE loss: 8.1851e-03 | time: 0.125
I 06.07/23:06:04 solver.py:159 ] Epoch: [20/200][260/282] lr: 4.98e-04 | MSE loss: 8.0920e-03 | time: 0.134
I 06.07/23:06:07 solver.py:159 ] Epoch: [20/200][280/282] lr: 5.00e-04 | MSE loss: 8.1532e-03 | time: 0.134
I 06.07/23:06:07 solver.py:169 ] => Train  Loss: 8.1026e-03

I 06.07/23:06:10 solver.py:159 ] Epoch: [20/200][20/32] lr: 5.00e-04 | MSE loss: 9.2727e-03 | time: 0.128
I 06.07/23:06:11 solver.py:169 ] => Val  Loss: 7.9885e-03

I 06.07/23:06:14 solver.py:405 ] [20/32] loss: 9.2727e-03 | NMSE: -1.6827e+01 | time: 0.123
I 06.07/23:06:15 solver.py:413 ] => Test NMSE: -1.7867e+01

I 06.07/23:06:15 solver.py:345 ] => LoRA monitor [epoch=20] | trainable=33792/33792 | non_lora_trainable=0 | lora_l2=2.537162e+00 | lora_A_l2=2.384058e+00 | lora_B_l2=8.680187e-01 | component_l2=decoder:2.537162e+00 | lora_abs_max=1.405465e-01 | delta_l2=2.206595e+00 | delta_rel=9.518428e-01 | train_loss=8.102592e-03 | val_loss=7.988502e-03 | test_loss=8.171035e-03 | nmse=-1.786693e+01
I 06.07/23:06:15 solver.py:224 ] 
=! Best NMSE: -1.7867e+01 (epoch=19)

I 06.07/23:06:18 solver.py:159 ] Epoch: [21/200][20/282] lr: 5.00e-04 | MSE loss: 7.9350e-03 | time: 0.144
I 06.07/23:06:20 solver.py:159 ] Epoch: [21/200][40/282] lr: 5.00e-04 | MSE loss: 8.9400e-03 | time: 0.136
I 06.07/23:06:23 solver.py:159 ] Epoch: [21/200][60/282] lr: 5.00e-04 | MSE loss: 8.0801e-03 | time: 0.134
I 06.07/23:06:25 solver.py:159 ] Epoch: [21/200][80/282] lr: 5.00e-04 | MSE loss: 8.0295e-03 | time: 0.132
I 06.07/23:06:28 solver.py:159 ] Epoch: [21/200][100/282] lr: 5.00e-04 | MSE loss: 8.0820e-03 | time: 0.132
I 06.07/23:06:31 solver.py:159 ] Epoch: [21/200][120/282] lr: 5.00e-04 | MSE loss: 8.0053e-03 | time: 0.131
I 06.07/23:06:33 solver.py:159 ] Epoch: [21/200][140/282] lr: 5.00e-04 | MSE loss: 8.1387e-03 | time: 0.129
I 06.07/23:06:36 solver.py:159 ] Epoch: [21/200][160/282] lr: 5.00e-04 | MSE loss: 8.2999e-03 | time: 0.129
I 06.07/23:06:38 solver.py:159 ] Epoch: [21/200][180/282] lr: 5.00e-04 | MSE loss: 8.1784e-03 | time: 0.129
I 06.07/23:06:41 solver.py:159 ] Epoch: [21/200][200/282] lr: 5.00e-04 | MSE loss: 8.1622e-03 | time: 0.129
I 06.07/23:06:43 solver.py:159 ] Epoch: [21/200][220/282] lr: 5.00e-04 | MSE loss: 8.2303e-03 | time: 0.128
I 06.07/23:06:46 solver.py:159 ] Epoch: [21/200][240/282] lr: 5.00e-04 | MSE loss: 8.1235e-03 | time: 0.128
I 06.07/23:06:48 solver.py:159 ] Epoch: [21/200][260/282] lr: 5.00e-04 | MSE loss: 8.0178e-03 | time: 0.129
I 06.07/23:06:51 solver.py:159 ] Epoch: [21/200][280/282] lr: 5.00e-04 | MSE loss: 8.1102e-03 | time: 0.129
I 06.07/23:06:51 solver.py:169 ] => Train  Loss: 8.1035e-03

I 06.07/23:06:53 solver.py:405 ] [20/32] loss: 9.2725e-03 | NMSE: -1.6827e+01 | time: 0.105
I 06.07/23:06:55 solver.py:413 ] => Test NMSE: -1.7867e+01

I 06.07/23:06:55 solver.py:345 ] => LoRA monitor [epoch=21] | trainable=33792/33792 | non_lora_trainable=0 | lora_l2=2.600999e+00 | lora_A_l2=2.425681e+00 | lora_B_l2=9.387580e-01 | component_l2=decoder:2.600999e+00 | lora_abs_max=1.370949e-01 | delta_l2=2.301517e+00 | delta_rel=9.927889e-01 | train_loss=8.103520e-03 | test_loss=8.170852e-03 | nmse=-1.786703e+01
I 06.07/23:06:56 solver.py:224 ] 
=! Best NMSE: -1.7867e+01 (epoch=21)

I 06.07/23:06:58 solver.py:159 ] Epoch: [22/200][20/282] lr: 5.00e-04 | MSE loss: 9.3625e-03 | time: 0.130
I 06.07/23:07:02 solver.py:159 ] Epoch: [22/200][40/282] lr: 5.00e-04 | MSE loss: 7.7559e-03 | time: 0.150
I 06.07/23:07:06 solver.py:159 ] Epoch: [22/200][60/282] lr: 5.00e-04 | MSE loss: 8.3165e-03 | time: 0.168
I 06.07/23:07:08 solver.py:159 ] Epoch: [22/200][80/282] lr: 5.00e-04 | MSE loss: 8.0616e-03 | time: 0.154
I 06.07/23:07:11 solver.py:159 ] Epoch: [22/200][100/282] lr: 5.00e-04 | MSE loss: 8.2293e-03 | time: 0.151
I 06.07/23:07:14 solver.py:159 ] Epoch: [22/200][120/282] lr: 5.00e-04 | MSE loss: 8.4700e-03 | time: 0.147
I 06.07/23:07:16 solver.py:159 ] Epoch: [22/200][140/282] lr: 5.00e-04 | MSE loss: 8.2812e-03 | time: 0.143
I 06.07/23:07:19 solver.py:159 ] Epoch: [22/200][160/282] lr: 5.00e-04 | MSE loss: 8.7018e-03 | time: 0.142
I 06.07/23:07:21 solver.py:159 ] Epoch: [22/200][180/282] lr: 5.00e-04 | MSE loss: 8.4440e-03 | time: 0.140
I 06.07/23:07:24 solver.py:159 ] Epoch: [22/200][200/282] lr: 5.00e-04 | MSE loss: 8.3732e-03 | time: 0.139
I 06.07/23:07:26 solver.py:159 ] Epoch: [22/200][220/282] lr: 5.00e-04 | MSE loss: 8.3178e-03 | time: 0.138
I 06.07/23:07:29 solver.py:159 ] Epoch: [22/200][240/282] lr: 5.00e-04 | MSE loss: 8.4496e-03 | time: 0.137
I 06.07/23:07:31 solver.py:159 ] Epoch: [22/200][260/282] lr: 5.00e-04 | MSE loss: 8.3390e-03 | time: 0.136
I 06.07/23:07:34 solver.py:159 ] Epoch: [22/200][280/282] lr: 5.00e-04 | MSE loss: 8.0927e-03 | time: 0.136
I 06.07/23:07:34 solver.py:169 ] => Train  Loss: 8.1036e-03

I 06.07/23:07:37 solver.py:405 ] [20/32] loss: 9.2729e-03 | NMSE: -1.6826e+01 | time: 0.121
I 06.07/23:07:38 solver.py:413 ] => Test NMSE: -1.7867e+01

I 06.07/23:07:38 solver.py:345 ] => LoRA monitor [epoch=22] | trainable=33792/33792 | non_lora_trainable=0 | lora_l2=2.665778e+00 | lora_A_l2=2.467106e+00 | lora_B_l2=1.009833e+00 | component_l2=decoder:2.665778e+00 | lora_abs_max=1.495740e-01 | delta_l2=2.390310e+00 | delta_rel=1.031091e+00 | train_loss=8.103639e-03 | test_loss=8.171238e-03 | nmse=-1.786682e+01
I 06.07/23:07:38 solver.py:224 ] 
=! Best NMSE: -1.7867e+01 (epoch=21)

I 06.07/23:07:41 solver.py:159 ] Epoch: [23/200][20/282] lr: 5.00e-04 | MSE loss: 6.1995e-03 | time: 0.147
I 06.07/23:07:44 solver.py:159 ] Epoch: [23/200][40/282] lr: 5.00e-04 | MSE loss: 7.5265e-03 | time: 0.136
I 06.07/23:07:46 solver.py:159 ] Epoch: [23/200][60/282] lr: 5.00e-04 | MSE loss: 7.7029e-03 | time: 0.135
I 06.07/23:07:48 solver.py:159 ] Epoch: [23/200][80/282] lr: 5.00e-04 | MSE loss: 7.8000e-03 | time: 0.130
I 06.07/23:07:51 solver.py:159 ] Epoch: [23/200][100/282] lr: 5.00e-04 | MSE loss: 7.7415e-03 | time: 0.130
I 06.07/23:07:54 solver.py:159 ] Epoch: [23/200][120/282] lr: 5.00e-04 | MSE loss: 7.9396e-03 | time: 0.130
I 06.07/23:07:57 solver.py:159 ] Epoch: [23/200][140/282] lr: 5.00e-04 | MSE loss: 7.8896e-03 | time: 0.132
I 06.07/23:07:59 solver.py:159 ] Epoch: [23/200][160/282] lr: 5.00e-04 | MSE loss: 7.7929e-03 | time: 0.130
I 06.07/23:08:03 solver.py:159 ] Epoch: [23/200][180/282] lr: 5.00e-04 | MSE loss: 7.9123e-03 | time: 0.138
I 06.07/23:08:06 solver.py:159 ] Epoch: [23/200][200/282] lr: 5.00e-04 | MSE loss: 7.8995e-03 | time: 0.142
I 06.07/23:08:09 solver.py:159 ] Epoch: [23/200][220/282] lr: 5.00e-04 | MSE loss: 7.9001e-03 | time: 0.141
I 06.07/23:08:12 solver.py:159 ] Epoch: [23/200][240/282] lr: 5.00e-04 | MSE loss: 8.0419e-03 | time: 0.139
I 06.07/23:08:14 solver.py:159 ] Epoch: [23/200][260/282] lr: 5.00e-04 | MSE loss: 8.2174e-03 | time: 0.138
I 06.07/23:08:17 solver.py:159 ] Epoch: [23/200][280/282] lr: 5.00e-04 | MSE loss: 8.1111e-03 | time: 0.138
I 06.07/23:08:17 solver.py:169 ] => Train  Loss: 8.1701e-03

I 06.07/23:08:19 solver.py:405 ] [20/32] loss: 9.2729e-03 | NMSE: -1.6826e+01 | time: 0.125
I 06.07/23:08:21 solver.py:413 ] => Test NMSE: -1.7867e+01

I 06.07/23:08:21 solver.py:345 ] => LoRA monitor [epoch=23] | trainable=33792/33792 | non_lora_trainable=0 | lora_l2=2.735959e+00 | lora_A_l2=2.516015e+00 | lora_B_l2=1.074776e+00 | component_l2=decoder:2.735959e+00 | lora_abs_max=1.566343e-01 | delta_l2=2.481099e+00 | delta_rel=1.070254e+00 | train_loss=8.170051e-03 | test_loss=8.171307e-03 | nmse=-1.786679e+01
I 06.07/23:08:21 solver.py:224 ] 
=! Best NMSE: -1.7867e+01 (epoch=21)

I 06.07/23:08:24 solver.py:159 ] Epoch: [24/200][20/282] lr: 5.00e-04 | MSE loss: 6.8162e-03 | time: 0.135
I 06.07/23:08:26 solver.py:159 ] Epoch: [24/200][40/282] lr: 5.00e-04 | MSE loss: 7.4765e-03 | time: 0.129
I 06.07/23:08:29 solver.py:159 ] Epoch: [24/200][60/282] lr: 5.00e-04 | MSE loss: 8.2723e-03 | time: 0.134
I 06.07/23:08:31 solver.py:159 ] Epoch: [24/200][80/282] lr: 5.00e-04 | MSE loss: 8.1266e-03 | time: 0.132
I 06.07/23:08:34 solver.py:159 ] Epoch: [24/200][100/282] lr: 5.00e-04 | MSE loss: 7.8845e-03 | time: 0.132
I 06.07/23:08:37 solver.py:159 ] Epoch: [24/200][120/282] lr: 5.00e-04 | MSE loss: 7.9805e-03 | time: 0.132
I 06.07/23:08:39 solver.py:159 ] Epoch: [24/200][140/282] lr: 5.00e-04 | MSE loss: 8.1305e-03 | time: 0.130
I 06.07/23:08:42 solver.py:159 ] Epoch: [24/200][160/282] lr: 5.00e-04 | MSE loss: 8.0002e-03 | time: 0.130
I 06.07/23:08:44 solver.py:159 ] Epoch: [24/200][180/282] lr: 5.00e-04 | MSE loss: 8.0821e-03 | time: 0.129
I 06.07/23:08:47 solver.py:159 ] Epoch: [24/200][200/282] lr: 5.00e-04 | MSE loss: 7.9242e-03 | time: 0.130
I 06.07/23:08:49 solver.py:159 ] Epoch: [24/200][220/282] lr: 5.00e-04 | MSE loss: 7.9765e-03 | time: 0.129
I 06.07/23:08:52 solver.py:159 ] Epoch: [24/200][240/282] lr: 4.99e-04 | MSE loss: 8.0712e-03 | time: 0.129
I 06.07/23:08:54 solver.py:159 ] Epoch: [24/200][260/282] lr: 4.99e-04 | MSE loss: 8.0262e-03 | time: 0.129
I 06.07/23:08:57 solver.py:159 ] Epoch: [24/200][280/282] lr: 4.99e-04 | MSE loss: 8.0973e-03 | time: 0.129
I 06.07/23:08:57 solver.py:169 ] => Train  Loss: 8.1036e-03

I 06.07/23:09:00 solver.py:405 ] [20/32] loss: 9.2739e-03 | NMSE: -1.6826e+01 | time: 0.128
I 06.07/23:09:02 solver.py:413 ] => Test NMSE: -1.7866e+01

I 06.07/23:09:02 solver.py:345 ] => LoRA monitor [epoch=24] | trainable=33792/33792 | non_lora_trainable=0 | lora_l2=2.817587e+00 | lora_A_l2=2.574605e+00 | lora_B_l2=1.144641e+00 | component_l2=decoder:2.817587e+00 | lora_abs_max=1.669996e-01 | delta_l2=2.580155e+00 | delta_rel=1.112983e+00 | train_loss=8.103626e-03 | test_loss=8.172341e-03 | nmse=-1.786624e+01
I 06.07/23:09:02 solver.py:224 ] 
=! Best NMSE: -1.7867e+01 (epoch=21)

I 06.07/23:09:06 solver.py:159 ] Epoch: [25/200][20/282] lr: 4.99e-04 | MSE loss: 9.8144e-03 | time: 0.214
I 06.07/23:09:09 solver.py:159 ] Epoch: [25/200][40/282] lr: 4.99e-04 | MSE loss: 9.6319e-03 | time: 0.176
I 06.07/23:09:12 solver.py:159 ] Epoch: [25/200][60/282] lr: 4.99e-04 | MSE loss: 8.7417e-03 | time: 0.163
I 06.07/23:09:14 solver.py:159 ] Epoch: [25/200][80/282] lr: 4.99e-04 | MSE loss: 8.2279e-03 | time: 0.154
I 06.07/23:09:17 solver.py:159 ] Epoch: [25/200][100/282] lr: 4.99e-04 | MSE loss: 7.9598e-03 | time: 0.149
I 06.07/23:09:19 solver.py:159 ] Epoch: [25/200][120/282] lr: 4.99e-04 | MSE loss: 8.1706e-03 | time: 0.143
I 06.07/23:09:22 solver.py:159 ] Epoch: [25/200][140/282] lr: 4.99e-04 | MSE loss: 8.3193e-03 | time: 0.140
I 06.07/23:09:24 solver.py:159 ] Epoch: [25/200][160/282] lr: 4.99e-04 | MSE loss: 8.3731e-03 | time: 0.139
I 06.07/23:09:27 solver.py:159 ] Epoch: [25/200][180/282] lr: 4.99e-04 | MSE loss: 8.4953e-03 | time: 0.137
I 06.07/23:09:29 solver.py:159 ] Epoch: [25/200][200/282] lr: 4.99e-04 | MSE loss: 8.5237e-03 | time: 0.137
I 06.07/23:09:32 solver.py:159 ] Epoch: [25/200][220/282] lr: 4.99e-04 | MSE loss: 8.5321e-03 | time: 0.136
I 06.07/23:09:34 solver.py:159 ] Epoch: [25/200][240/282] lr: 4.99e-04 | MSE loss: 8.2154e-03 | time: 0.135
I 06.07/23:09:37 solver.py:159 ] Epoch: [25/200][260/282] lr: 4.99e-04 | MSE loss: 8.1834e-03 | time: 0.134
I 06.07/23:09:40 solver.py:159 ] Epoch: [25/200][280/282] lr: 4.99e-04 | MSE loss: 8.1597e-03 | time: 0.134
I 06.07/23:09:40 solver.py:169 ] => Train  Loss: 8.1197e-03

I 06.07/23:09:42 solver.py:405 ] [20/32] loss: 9.2721e-03 | NMSE: -1.6827e+01 | time: 0.119
I 06.07/23:09:44 solver.py:413 ] => Test NMSE: -1.7867e+01

I 06.07/23:09:44 solver.py:345 ] => LoRA monitor [epoch=25] | trainable=33792/33792 | non_lora_trainable=0 | lora_l2=2.826523e+00 | lora_A_l2=2.560278e+00 | lora_B_l2=1.197584e+00 | component_l2=decoder:2.826523e+00 | lora_abs_max=1.675133e-01 | delta_l2=2.611825e+00 | delta_rel=1.126644e+00 | train_loss=8.119735e-03 | test_loss=8.170479e-03 | nmse=-1.786722e+01
I 06.07/23:09:45 solver.py:224 ] 
=! Best NMSE: -1.7867e+01 (epoch=25)

I 06.07/23:09:47 solver.py:159 ] Epoch: [26/200][20/282] lr: 4.99e-04 | MSE loss: 8.6951e-03 | time: 0.135
I 06.07/23:09:50 solver.py:159 ] Epoch: [26/200][40/282] lr: 4.99e-04 | MSE loss: 8.0374e-03 | time: 0.134
I 06.07/23:09:53 solver.py:159 ] Epoch: [26/200][60/282] lr: 4.99e-04 | MSE loss: 7.7018e-03 | time: 0.132
I 06.07/23:09:55 solver.py:159 ] Epoch: [26/200][80/282] lr: 4.99e-04 | MSE loss: 7.6824e-03 | time: 0.128
I 06.07/23:09:58 solver.py:159 ] Epoch: [26/200][100/282] lr: 4.99e-04 | MSE loss: 7.8779e-03 | time: 0.131
I 06.07/23:10:01 solver.py:159 ] Epoch: [26/200][120/282] lr: 4.99e-04 | MSE loss: 8.0869e-03 | time: 0.134
I 06.07/23:10:06 solver.py:159 ] Epoch: [26/200][140/282] lr: 4.99e-04 | MSE loss: 7.9094e-03 | time: 0.148
I 06.07/23:10:08 solver.py:159 ] Epoch: [26/200][160/282] lr: 4.99e-04 | MSE loss: 7.9111e-03 | time: 0.146
I 06.07/23:10:11 solver.py:159 ] Epoch: [26/200][180/282] lr: 4.99e-04 | MSE loss: 7.9427e-03 | time: 0.144
I 06.07/23:10:13 solver.py:159 ] Epoch: [26/200][200/282] lr: 4.99e-04 | MSE loss: 8.2502e-03 | time: 0.141
I 06.07/23:10:16 solver.py:159 ] Epoch: [26/200][220/282] lr: 4.99e-04 | MSE loss: 8.1819e-03 | time: 0.140
I 06.07/23:10:18 solver.py:159 ] Epoch: [26/200][240/282] lr: 4.99e-04 | MSE loss: 8.0066e-03 | time: 0.139
I 06.07/23:10:21 solver.py:159 ] Epoch: [26/200][260/282] lr: 4.99e-04 | MSE loss: 8.2383e-03 | time: 0.138
I 06.07/23:10:23 solver.py:159 ] Epoch: [26/200][280/282] lr: 4.99e-04 | MSE loss: 8.1131e-03 | time: 0.138
I 06.07/23:10:24 solver.py:169 ] => Train  Loss: 8.1742e-03

I 06.07/23:10:26 solver.py:405 ] [20/32] loss: 9.2722e-03 | NMSE: -1.6827e+01 | time: 0.134
I 06.07/23:10:28 solver.py:413 ] => Test NMSE: -1.7867e+01

I 06.07/23:10:28 solver.py:345 ] => LoRA monitor [epoch=26] | trainable=33792/33792 | non_lora_trainable=0 | lora_l2=2.880573e+00 | lora_A_l2=2.586945e+00 | lora_B_l2=1.267051e+00 | component_l2=decoder:2.880573e+00 | lora_abs_max=1.726314e-01 | delta_l2=2.669806e+00 | delta_rel=1.151655e+00 | train_loss=8.174243e-03 | test_loss=8.170499e-03 | nmse=-1.786721e+01
I 06.07/23:10:28 solver.py:224 ] 
=! Best NMSE: -1.7867e+01 (epoch=25)

I 06.07/23:10:30 solver.py:159 ] Epoch: [27/200][20/282] lr: 4.99e-04 | MSE loss: 6.8035e-03 | time: 0.128
I 06.07/23:10:33 solver.py:159 ] Epoch: [27/200][40/282] lr: 4.99e-04 | MSE loss: 7.4458e-03 | time: 0.135
I 06.07/23:10:36 solver.py:159 ] Epoch: [27/200][60/282] lr: 4.99e-04 | MSE loss: 7.2494e-03 | time: 0.134
I 06.07/23:10:38 solver.py:159 ] Epoch: [27/200][80/282] lr: 4.99e-04 | MSE loss: 7.5342e-03 | time: 0.133
I 06.07/23:10:41 solver.py:159 ] Epoch: [27/200][100/282] lr: 4.99e-04 | MSE loss: 7.8193e-03 | time: 0.134
I 06.07/23:10:44 solver.py:159 ] Epoch: [27/200][120/282] lr: 4.99e-04 | MSE loss: 7.9797e-03 | time: 0.132
I 06.07/23:10:47 solver.py:159 ] Epoch: [27/200][140/282] lr: 4.99e-04 | MSE loss: 8.0122e-03 | time: 0.134
I 06.07/23:10:49 solver.py:159 ] Epoch: [27/200][160/282] lr: 4.99e-04 | MSE loss: 8.2886e-03 | time: 0.134
I 06.07/23:10:52 solver.py:159 ] Epoch: [27/200][180/282] lr: 4.98e-04 | MSE loss: 8.5394e-03 | time: 0.134
I 06.07/23:10:55 solver.py:159 ] Epoch: [27/200][200/282] lr: 4.98e-04 | MSE loss: 8.3203e-03 | time: 0.136
I 06.07/23:10:57 solver.py:159 ] Epoch: [27/200][220/282] lr: 4.98e-04 | MSE loss: 8.1055e-03 | time: 0.135
I 06.07/23:11:00 solver.py:159 ] Epoch: [27/200][240/282] lr: 4.98e-04 | MSE loss: 8.1860e-03 | time: 0.135
I 06.07/23:11:05 solver.py:159 ] Epoch: [27/200][260/282] lr: 4.98e-04 | MSE loss: 8.0295e-03 | time: 0.143
I 06.07/23:11:08 solver.py:159 ] Epoch: [27/200][280/282] lr: 4.98e-04 | MSE loss: 8.0935e-03 | time: 0.143
I 06.07/23:11:08 solver.py:169 ] => Train  Loss: 8.2792e-03

I 06.07/23:11:11 solver.py:405 ] [20/32] loss: 9.2726e-03 | NMSE: -1.6827e+01 | time: 0.135
I 06.07/23:11:12 solver.py:413 ] => Test NMSE: -1.7867e+01

I 06.07/23:11:12 solver.py:345 ] => LoRA monitor [epoch=27] | trainable=33792/33792 | non_lora_trainable=0 | lora_l2=2.939513e+00 | lora_A_l2=2.620227e+00 | lora_B_l2=1.332346e+00 | component_l2=decoder:2.939513e+00 | lora_abs_max=1.772124e-01 | delta_l2=2.736196e+00 | delta_rel=1.180293e+00 | train_loss=8.279192e-03 | test_loss=8.170996e-03 | nmse=-1.786695e+01
I 06.07/23:11:12 solver.py:224 ] 
=! Best NMSE: -1.7867e+01 (epoch=25)

I 06.07/23:11:15 solver.py:159 ] Epoch: [28/200][20/282] lr: 4.98e-04 | MSE loss: 7.3993e-03 | time: 0.134
I 06.07/23:11:17 solver.py:159 ] Epoch: [28/200][40/282] lr: 4.98e-04 | MSE loss: 7.3783e-03 | time: 0.125
I 06.07/23:11:20 solver.py:159 ] Epoch: [28/200][60/282] lr: 4.98e-04 | MSE loss: 7.5778e-03 | time: 0.129
I 06.07/23:11:23 solver.py:159 ] Epoch: [28/200][80/282] lr: 4.98e-04 | MSE loss: 7.5619e-03 | time: 0.131
I 06.07/23:11:25 solver.py:159 ] Epoch: [28/200][100/282] lr: 4.98e-04 | MSE loss: 7.2480e-03 | time: 0.130
I 06.07/23:11:28 solver.py:159 ] Epoch: [28/200][120/282] lr: 4.98e-04 | MSE loss: 7.5731e-03 | time: 0.129
I 06.07/23:11:31 solver.py:159 ] Epoch: [28/200][140/282] lr: 4.98e-04 | MSE loss: 7.6991e-03 | time: 0.131
I 06.07/23:11:34 solver.py:159 ] Epoch: [28/200][160/282] lr: 4.98e-04 | MSE loss: 7.7059e-03 | time: 0.133
I 06.07/23:11:36 solver.py:159 ] Epoch: [28/200][180/282] lr: 4.98e-04 | MSE loss: 8.1224e-03 | time: 0.134
I 06.07/23:11:39 solver.py:159 ] Epoch: [28/200][200/282] lr: 4.98e-04 | MSE loss: 8.1243e-03 | time: 0.134
I 06.07/23:11:42 solver.py:159 ] Epoch: [28/200][220/282] lr: 4.98e-04 | MSE loss: 8.1113e-03 | time: 0.134
I 06.07/23:11:45 solver.py:159 ] Epoch: [28/200][240/282] lr: 4.98e-04 | MSE loss: 8.0306e-03 | time: 0.134
I 06.07/23:11:47 solver.py:159 ] Epoch: [28/200][260/282] lr: 4.98e-04 | MSE loss: 8.1350e-03 | time: 0.135
I 06.07/23:11:50 solver.py:159 ] Epoch: [28/200][280/282] lr: 4.98e-04 | MSE loss: 8.0861e-03 | time: 0.135
I 06.07/23:11:50 solver.py:169 ] => Train  Loss: 8.1014e-03

I 06.07/23:11:53 solver.py:405 ] [20/32] loss: 9.2717e-03 | NMSE: -1.6827e+01 | time: 0.121
I 06.07/23:11:54 solver.py:413 ] => Test NMSE: -1.7867e+01

I 06.07/23:11:54 solver.py:345 ] => LoRA monitor [epoch=28] | trainable=33792/33792 | non_lora_trainable=0 | lora_l2=3.006724e+00 | lora_A_l2=2.660676e+00 | lora_B_l2=1.400425e+00 | component_l2=decoder:3.006724e+00 | lora_abs_max=1.857562e-01 | delta_l2=2.811575e+00 | delta_rel=1.212809e+00 | train_loss=8.101445e-03 | test_loss=8.170234e-03 | nmse=-1.786736e+01
I 06.07/23:11:55 solver.py:224 ] 
=! Best NMSE: -1.7867e+01 (epoch=28)

I 06.07/23:11:58 solver.py:159 ] Epoch: [29/200][20/282] lr: 4.98e-04 | MSE loss: 9.1932e-03 | time: 0.139
I 06.07/23:12:01 solver.py:159 ] Epoch: [29/200][40/282] lr: 4.98e-04 | MSE loss: 8.9780e-03 | time: 0.149
I 06.07/23:12:05 solver.py:159 ] Epoch: [29/200][60/282] lr: 4.98e-04 | MSE loss: 8.6575e-03 | time: 0.174
I 06.07/23:12:08 solver.py:159 ] Epoch: [29/200][80/282] lr: 4.98e-04 | MSE loss: 8.5070e-03 | time: 0.163
I 06.07/23:12:11 solver.py:159 ] Epoch: [29/200][100/282] lr: 4.98e-04 | MSE loss: 8.3821e-03 | time: 0.156
I 06.07/23:12:13 solver.py:159 ] Epoch: [29/200][120/282] lr: 4.98e-04 | MSE loss: 8.6481e-03 | time: 0.152
I 06.07/23:12:16 solver.py:159 ] Epoch: [29/200][140/282] lr: 4.98e-04 | MSE loss: 8.6253e-03 | time: 0.148
I 06.07/23:12:19 solver.py:159 ] Epoch: [29/200][160/282] lr: 4.97e-04 | MSE loss: 8.6660e-03 | time: 0.148
I 06.07/23:12:21 solver.py:159 ] Epoch: [29/200][180/282] lr: 4.97e-04 | MSE loss: 8.6009e-03 | time: 0.145
I 06.07/23:12:24 solver.py:159 ] Epoch: [29/200][200/282] lr: 4.97e-04 | MSE loss: 8.3756e-03 | time: 0.145
I 06.07/23:12:26 solver.py:159 ] Epoch: [29/200][220/282] lr: 4.97e-04 | MSE loss: 8.4581e-03 | time: 0.142
I 06.07/23:12:29 solver.py:159 ] Epoch: [29/200][240/282] lr: 4.97e-04 | MSE loss: 8.2557e-03 | time: 0.141
I 06.07/23:12:32 solver.py:159 ] Epoch: [29/200][260/282] lr: 4.97e-04 | MSE loss: 8.2273e-03 | time: 0.141
I 06.07/23:12:34 solver.py:159 ] Epoch: [29/200][280/282] lr: 4.97e-04 | MSE loss: 8.1160e-03 | time: 0.141
I 06.07/23:12:35 solver.py:169 ] => Train  Loss: 8.1018e-03

I 06.07/23:12:37 solver.py:405 ] [20/32] loss: 9.2722e-03 | NMSE: -1.6826e+01 | time: 0.125
I 06.07/23:12:38 solver.py:413 ] => Test NMSE: -1.7867e+01

I 06.07/23:12:38 solver.py:345 ] => LoRA monitor [epoch=29] | trainable=33792/33792 | non_lora_trainable=0 | lora_l2=3.074834e+00 | lora_A_l2=2.705349e+00 | lora_B_l2=1.461401e+00 | component_l2=decoder:3.074834e+00 | lora_abs_max=1.928877e-01 | delta_l2=2.890204e+00 | delta_rel=1.246726e+00 | train_loss=8.101798e-03 | test_loss=8.170662e-03 | nmse=-1.786713e+01
I 06.07/23:12:38 solver.py:224 ] 
=! Best NMSE: -1.7867e+01 (epoch=28)

I 06.07/23:12:41 solver.py:159 ] Epoch: [30/200][20/282] lr: 4.97e-04 | MSE loss: 6.9318e-03 | time: 0.143
I 06.07/23:12:44 solver.py:159 ] Epoch: [30/200][40/282] lr: 4.97e-04 | MSE loss: 6.6112e-03 | time: 0.139
I 06.07/23:12:47 solver.py:159 ] Epoch: [30/200][60/282] lr: 4.97e-04 | MSE loss: 7.4246e-03 | time: 0.135
I 06.07/23:12:49 solver.py:159 ] Epoch: [30/200][80/282] lr: 4.97e-04 | MSE loss: 7.5539e-03 | time: 0.134
I 06.07/23:12:52 solver.py:159 ] Epoch: [30/200][100/282] lr: 4.97e-04 | MSE loss: 7.5744e-03 | time: 0.136
I 06.07/23:12:55 solver.py:159 ] Epoch: [30/200][120/282] lr: 4.97e-04 | MSE loss: 7.8671e-03 | time: 0.134
I 06.07/23:12:57 solver.py:159 ] Epoch: [30/200][140/282] lr: 4.97e-04 | MSE loss: 7.8750e-03 | time: 0.134
I 06.07/23:13:00 solver.py:159 ] Epoch: [30/200][160/282] lr: 4.97e-04 | MSE loss: 8.0989e-03 | time: 0.134
I 06.07/23:13:04 solver.py:159 ] Epoch: [30/200][180/282] lr: 4.97e-04 | MSE loss: 8.1412e-03 | time: 0.144
I 06.07/23:13:07 solver.py:159 ] Epoch: [30/200][200/282] lr: 4.97e-04 | MSE loss: 8.0554e-03 | time: 0.144
I 06.07/23:13:10 solver.py:159 ] Epoch: [30/200][220/282] lr: 4.97e-04 | MSE loss: 8.0650e-03 | time: 0.142
I 06.07/23:13:13 solver.py:159 ] Epoch: [30/200][240/282] lr: 4.97e-04 | MSE loss: 8.0714e-03 | time: 0.143
I 06.07/23:13:15 solver.py:159 ] Epoch: [30/200][260/282] lr: 4.97e-04 | MSE loss: 8.1163e-03 | time: 0.142
I 06.07/23:13:18 solver.py:159 ] Epoch: [30/200][280/282] lr: 4.97e-04 | MSE loss: 8.1161e-03 | time: 0.143
I 06.07/23:13:19 solver.py:169 ] => Train  Loss: 8.1915e-03

I 06.07/23:13:21 solver.py:159 ] Epoch: [30/200][20/32] lr: 4.97e-04 | MSE loss: 9.2732e-03 | time: 0.124
I 06.07/23:13:23 solver.py:169 ] => Val  Loss: 7.9892e-03

I 06.07/23:13:25 solver.py:405 ] [20/32] loss: 9.2732e-03 | NMSE: -1.6826e+01 | time: 0.130
I 06.07/23:13:27 solver.py:413 ] => Test NMSE: -1.7867e+01

I 06.07/23:13:27 solver.py:345 ] => LoRA monitor [epoch=30] | trainable=33792/33792 | non_lora_trainable=0 | lora_l2=3.147788e+00 | lora_A_l2=2.754871e+00 | lora_B_l2=1.522909e+00 | component_l2=decoder:3.147788e+00 | lora_abs_max=2.017266e-01 | delta_l2=2.972833e+00 | delta_rel=1.282370e+00 | train_loss=8.191538e-03 | val_loss=7.989222e-03 | test_loss=8.171755e-03 | nmse=-1.786655e+01
I 06.07/23:13:27 solver.py:224 ] 
=! Best NMSE: -1.7867e+01 (epoch=28)

I 06.07/23:13:29 solver.py:159 ] Epoch: [31/200][20/282] lr: 4.97e-04 | MSE loss: 7.9984e-03 | time: 0.141
I 06.07/23:13:32 solver.py:159 ] Epoch: [31/200][40/282] lr: 4.96e-04 | MSE loss: 8.5365e-03 | time: 0.135
I 06.07/23:13:34 solver.py:159 ] Epoch: [31/200][60/282] lr: 4.96e-04 | MSE loss: 8.2924e-03 | time: 0.132
I 06.07/23:13:37 solver.py:159 ] Epoch: [31/200][80/282] lr: 4.96e-04 | MSE loss: 8.5284e-03 | time: 0.129
I 06.07/23:13:39 solver.py:159 ] Epoch: [31/200][100/282] lr: 4.96e-04 | MSE loss: 8.5000e-03 | time: 0.127
I 06.07/23:13:41 solver.py:159 ] Epoch: [31/200][120/282] lr: 4.96e-04 | MSE loss: 8.5600e-03 | time: 0.123
I 06.07/23:13:44 solver.py:159 ] Epoch: [31/200][140/282] lr: 4.96e-04 | MSE loss: 8.5435e-03 | time: 0.123
I 06.07/23:13:46 solver.py:159 ] Epoch: [31/200][160/282] lr: 4.96e-04 | MSE loss: 8.3945e-03 | time: 0.124
I 06.07/23:13:49 solver.py:159 ] Epoch: [31/200][180/282] lr: 4.96e-04 | MSE loss: 8.2898e-03 | time: 0.124
I 06.07/23:13:52 solver.py:159 ] Epoch: [31/200][200/282] lr: 4.96e-04 | MSE loss: 8.2345e-03 | time: 0.126
I 06.07/23:13:54 solver.py:159 ] Epoch: [31/200][220/282] lr: 4.96e-04 | MSE loss: 8.0175e-03 | time: 0.126
I 06.07/23:13:57 solver.py:159 ] Epoch: [31/200][240/282] lr: 4.96e-04 | MSE loss: 8.0583e-03 | time: 0.127
I 06.07/23:13:59 solver.py:159 ] Epoch: [31/200][260/282] lr: 4.96e-04 | MSE loss: 8.0291e-03 | time: 0.127
I 06.07/23:14:04 solver.py:159 ] Epoch: [31/200][280/282] lr: 4.96e-04 | MSE loss: 8.1449e-03 | time: 0.134
I 06.07/23:14:04 solver.py:169 ] => Train  Loss: 8.1139e-03

I 06.07/23:14:07 solver.py:405 ] [20/32] loss: 9.2719e-03 | NMSE: -1.6827e+01 | time: 0.151
I 06.07/23:14:09 solver.py:413 ] => Test NMSE: -1.7867e+01

I 06.07/23:14:09 solver.py:345 ] => LoRA monitor [epoch=31] | trainable=33792/33792 | non_lora_trainable=0 | lora_l2=3.224449e+00 | lora_A_l2=2.807820e+00 | lora_B_l2=1.585313e+00 | component_l2=decoder:3.224449e+00 | lora_abs_max=2.084742e-01 | delta_l2=3.059077e+00 | delta_rel=1.319572e+00 | train_loss=8.113908e-03 | test_loss=8.170359e-03 | nmse=-1.786729e+01
I 06.07/23:14:09 solver.py:224 ] 
=! Best NMSE: -1.7867e+01 (epoch=28)

I 06.07/23:14:12 solver.py:159 ] Epoch: [32/200][20/282] lr: 4.96e-04 | MSE loss: 8.9882e-03 | time: 0.137
I 06.07/23:14:15 solver.py:159 ] Epoch: [32/200][40/282] lr: 4.96e-04 | MSE loss: 7.7899e-03 | time: 0.142
I 06.07/23:14:17 solver.py:159 ] Epoch: [32/200][60/282] lr: 4.96e-04 | MSE loss: 8.8822e-03 | time: 0.137
I 06.07/23:14:20 solver.py:159 ] Epoch: [32/200][80/282] lr: 4.96e-04 | MSE loss: 8.7421e-03 | time: 0.138
I 06.07/23:14:23 solver.py:159 ] Epoch: [32/200][100/282] lr: 4.96e-04 | MSE loss: 8.2897e-03 | time: 0.138
I 06.07/23:14:25 solver.py:159 ] Epoch: [32/200][120/282] lr: 4.96e-04 | MSE loss: 8.2770e-03 | time: 0.134
I 06.07/23:14:28 solver.py:159 ] Epoch: [32/200][140/282] lr: 4.95e-04 | MSE loss: 8.3293e-03 | time: 0.134
I 06.07/23:14:30 solver.py:159 ] Epoch: [32/200][160/282] lr: 4.95e-04 | MSE loss: 8.1515e-03 | time: 0.134
I 06.07/23:14:33 solver.py:159 ] Epoch: [32/200][180/282] lr: 4.95e-04 | MSE loss: 8.0378e-03 | time: 0.135
I 06.07/23:14:36 solver.py:159 ] Epoch: [32/200][200/282] lr: 4.95e-04 | MSE loss: 8.0932e-03 | time: 0.134
I 06.07/23:14:39 solver.py:159 ] Epoch: [32/200][220/282] lr: 4.95e-04 | MSE loss: 8.2567e-03 | time: 0.135
I 06.07/23:14:41 solver.py:159 ] Epoch: [32/200][240/282] lr: 4.95e-04 | MSE loss: 8.0870e-03 | time: 0.134
I 06.07/23:14:43 solver.py:159 ] Epoch: [32/200][260/282] lr: 4.95e-04 | MSE loss: 8.0847e-03 | time: 0.133
I 06.07/23:14:46 solver.py:159 ] Epoch: [32/200][280/282] lr: 4.95e-04 | MSE loss: 8.0963e-03 | time: 0.133
I 06.07/23:14:46 solver.py:169 ] => Train  Loss: 8.2130e-03

I 06.07/23:14:49 solver.py:405 ] [20/32] loss: 9.2734e-03 | NMSE: -1.6826e+01 | time: 0.116
I 06.07/23:14:50 solver.py:413 ] => Test NMSE: -1.7867e+01

I 06.07/23:14:50 solver.py:345 ] => LoRA monitor [epoch=32] | trainable=33792/33792 | non_lora_trainable=0 | lora_l2=3.304668e+00 | lora_A_l2=2.867288e+00 | lora_B_l2=1.643012e+00 | component_l2=decoder:3.304668e+00 | lora_abs_max=2.178690e-01 | delta_l2=3.148959e+00 | delta_rel=1.358344e+00 | train_loss=8.212950e-03 | test_loss=8.171624e-03 | nmse=-1.786662e+01
I 06.07/23:14:50 solver.py:224 ] 
=! Best NMSE: -1.7867e+01 (epoch=28)

I 06.07/23:14:53 solver.py:159 ] Epoch: [33/200][20/282] lr: 4.95e-04 | MSE loss: 7.8624e-03 | time: 0.140
I 06.07/23:14:55 solver.py:159 ] Epoch: [33/200][40/282] lr: 4.95e-04 | MSE loss: 7.9782e-03 | time: 0.136
I 06.07/23:14:58 solver.py:159 ] Epoch: [33/200][60/282] lr: 4.95e-04 | MSE loss: 8.5968e-03 | time: 0.132
I 06.07/23:15:01 solver.py:159 ] Epoch: [33/200][80/282] lr: 4.95e-04 | MSE loss: 9.0136e-03 | time: 0.140
I 06.07/23:15:06 solver.py:159 ] Epoch: [33/200][100/282] lr: 4.95e-04 | MSE loss: 8.5864e-03 | time: 0.157
I 06.07/23:15:08 solver.py:159 ] Epoch: [33/200][120/282] lr: 4.95e-04 | MSE loss: 8.4771e-03 | time: 0.152
I 06.07/23:15:11 solver.py:159 ] Epoch: [33/200][140/282] lr: 4.95e-04 | MSE loss: 8.4331e-03 | time: 0.152
I 06.07/23:15:14 solver.py:159 ] Epoch: [33/200][160/282] lr: 4.95e-04 | MSE loss: 8.0919e-03 | time: 0.148
I 06.07/23:15:17 solver.py:159 ] Epoch: [33/200][180/282] lr: 4.95e-04 | MSE loss: 8.2924e-03 | time: 0.148
I 06.07/23:15:19 solver.py:159 ] Epoch: [33/200][200/282] lr: 4.94e-04 | MSE loss: 8.2585e-03 | time: 0.147
I 06.07/23:15:22 solver.py:159 ] Epoch: [33/200][220/282] lr: 4.94e-04 | MSE loss: 8.2997e-03 | time: 0.146
I 06.07/23:15:24 solver.py:159 ] Epoch: [33/200][240/282] lr: 4.94e-04 | MSE loss: 8.3037e-03 | time: 0.144
I 06.07/23:15:27 solver.py:159 ] Epoch: [33/200][260/282] lr: 4.94e-04 | MSE loss: 8.1601e-03 | time: 0.142
I 06.07/23:15:30 solver.py:159 ] Epoch: [33/200][280/282] lr: 4.94e-04 | MSE loss: 8.1481e-03 | time: 0.142
I 06.07/23:15:30 solver.py:169 ] => Train  Loss: 8.1048e-03

I 06.07/23:15:33 solver.py:405 ] [20/32] loss: 9.2717e-03 | NMSE: -1.6827e+01 | time: 0.136
I 06.07/23:15:34 solver.py:413 ] => Test NMSE: -1.7867e+01

I 06.07/23:15:34 solver.py:345 ] => LoRA monitor [epoch=33] | trainable=33792/33792 | non_lora_trainable=0 | lora_l2=3.388296e+00 | lora_A_l2=2.929611e+00 | lora_B_l2=1.702330e+00 | component_l2=decoder:3.388296e+00 | lora_abs_max=2.276359e-01 | delta_l2=3.241412e+00 | delta_rel=1.398224e+00 | train_loss=8.104790e-03 | test_loss=8.170253e-03 | nmse=-1.786735e+01
I 06.07/23:15:34 solver.py:224 ] 
=! Best NMSE: -1.7867e+01 (epoch=28)

I 06.07/23:15:37 solver.py:159 ] Epoch: [34/200][20/282] lr: 4.94e-04 | MSE loss: 8.7201e-03 | time: 0.144
I 06.07/23:15:39 solver.py:159 ] Epoch: [34/200][40/282] lr: 4.94e-04 | MSE loss: 9.2049e-03 | time: 0.134
I 06.07/23:15:42 solver.py:159 ] Epoch: [34/200][60/282] lr: 4.94e-04 | MSE loss: 8.5553e-03 | time: 0.132
I 06.07/23:15:45 solver.py:159 ] Epoch: [34/200][80/282] lr: 4.94e-04 | MSE loss: 8.2274e-03 | time: 0.132
I 06.07/23:15:47 solver.py:159 ] Epoch: [34/200][100/282] lr: 4.94e-04 | MSE loss: 8.7180e-03 | time: 0.129
I 06.07/23:15:49 solver.py:159 ] Epoch: [34/200][120/282] lr: 4.94e-04 | MSE loss: 8.5321e-03 | time: 0.127
I 06.07/23:15:52 solver.py:159 ] Epoch: [34/200][140/282] lr: 4.94e-04 | MSE loss: 8.6837e-03 | time: 0.126
I 06.07/23:15:54 solver.py:159 ] Epoch: [34/200][160/282] lr: 4.94e-04 | MSE loss: 8.4164e-03 | time: 0.126
I 06.07/23:15:57 solver.py:159 ] Epoch: [34/200][180/282] lr: 4.94e-04 | MSE loss: 8.0663e-03 | time: 0.126
I 06.07/23:15:59 solver.py:159 ] Epoch: [34/200][200/282] lr: 4.94e-04 | MSE loss: 8.1238e-03 | time: 0.125
I 06.07/23:16:04 solver.py:159 ] Epoch: [34/200][220/282] lr: 4.94e-04 | MSE loss: 8.0344e-03 | time: 0.135
I 06.07/23:16:07 solver.py:159 ] Epoch: [34/200][240/282] lr: 4.93e-04 | MSE loss: 8.0716e-03 | time: 0.137
I 06.07/23:16:09 solver.py:159 ] Epoch: [34/200][260/282] lr: 4.93e-04 | MSE loss: 8.0576e-03 | time: 0.135
I 06.07/23:16:12 solver.py:159 ] Epoch: [34/200][280/282] lr: 4.93e-04 | MSE loss: 8.0844e-03 | time: 0.135
I 06.07/23:16:12 solver.py:169 ] => Train  Loss: 8.1048e-03

I 06.07/23:16:15 solver.py:405 ] [20/32] loss: 9.2719e-03 | NMSE: -1.6827e+01 | time: 0.128
I 06.07/23:16:16 solver.py:413 ] => Test NMSE: -1.7867e+01

I 06.07/23:16:16 solver.py:345 ] => LoRA monitor [epoch=34] | trainable=33792/33792 | non_lora_trainable=0 | lora_l2=3.475548e+00 | lora_A_l2=2.997705e+00 | lora_B_l2=1.758748e+00 | component_l2=decoder:3.475548e+00 | lora_abs_max=2.439831e-01 | delta_l2=3.337025e+00 | delta_rel=1.439468e+00 | train_loss=8.104822e-03 | test_loss=8.170426e-03 | nmse=-1.786725e+01
I 06.07/23:16:16 solver.py:224 ] 
=! Best NMSE: -1.7867e+01 (epoch=28)

I 06.07/23:16:19 solver.py:159 ] Epoch: [35/200][20/282] lr: 4.93e-04 | MSE loss: 9.0955e-03 | time: 0.151
I 06.07/23:16:22 solver.py:159 ] Epoch: [35/200][40/282] lr: 4.93e-04 | MSE loss: 9.3913e-03 | time: 0.139
I 06.07/23:16:24 solver.py:159 ] Epoch: [35/200][60/282] lr: 4.93e-04 | MSE loss: 9.2040e-03 | time: 0.134
I 06.07/23:16:27 solver.py:159 ] Epoch: [35/200][80/282] lr: 4.93e-04 | MSE loss: 8.8133e-03 | time: 0.132
I 06.07/23:16:29 solver.py:159 ] Epoch: [35/200][100/282] lr: 4.93e-04 | MSE loss: 8.5831e-03 | time: 0.132
I 06.07/23:16:32 solver.py:159 ] Epoch: [35/200][120/282] lr: 4.93e-04 | MSE loss: 8.3106e-03 | time: 0.129
I 06.07/23:16:34 solver.py:159 ] Epoch: [35/200][140/282] lr: 4.93e-04 | MSE loss: 8.4027e-03 | time: 0.128
I 06.07/23:16:37 solver.py:159 ] Epoch: [35/200][160/282] lr: 4.93e-04 | MSE loss: 8.2842e-03 | time: 0.128
I 06.07/23:16:39 solver.py:159 ] Epoch: [35/200][180/282] lr: 4.93e-04 | MSE loss: 8.2466e-03 | time: 0.129
I 06.07/23:16:42 solver.py:159 ] Epoch: [35/200][200/282] lr: 4.93e-04 | MSE loss: 8.0460e-03 | time: 0.130
I 06.07/23:16:45 solver.py:159 ] Epoch: [35/200][220/282] lr: 4.93e-04 | MSE loss: 8.1662e-03 | time: 0.130
I 06.07/23:16:48 solver.py:159 ] Epoch: [35/200][240/282] lr: 4.92e-04 | MSE loss: 8.1714e-03 | time: 0.132
I 06.07/23:16:50 solver.py:159 ] Epoch: [35/200][260/282] lr: 4.92e-04 | MSE loss: 8.1559e-03 | time: 0.131
I 06.07/23:16:53 solver.py:159 ] Epoch: [35/200][280/282] lr: 4.92e-04 | MSE loss: 8.1205e-03 | time: 0.131
I 06.07/23:16:53 solver.py:169 ] => Train  Loss: 8.1709e-03

I 06.07/23:16:56 solver.py:405 ] [20/32] loss: 9.2718e-03 | NMSE: -1.6827e+01 | time: 0.129
I 06.07/23:16:57 solver.py:413 ] => Test NMSE: -1.7867e+01

I 06.07/23:16:57 solver.py:345 ] => LoRA monitor [epoch=35] | trainable=33792/33792 | non_lora_trainable=0 | lora_l2=3.564025e+00 | lora_A_l2=3.067116e+00 | lora_B_l2=1.815234e+00 | component_l2=decoder:3.564025e+00 | lora_abs_max=2.627396e-01 | delta_l2=3.433555e+00 | delta_rel=1.481108e+00 | train_loss=8.170936e-03 | test_loss=8.170314e-03 | nmse=-1.786731e+01
I 06.07/23:16:57 solver.py:224 ] 
=! Best NMSE: -1.7867e+01 (epoch=28)

I 06.07/23:17:00 solver.py:159 ] Epoch: [36/200][20/282] lr: 4.92e-04 | MSE loss: 6.0377e-03 | time: 0.157
I 06.07/23:17:05 solver.py:159 ] Epoch: [36/200][40/282] lr: 4.92e-04 | MSE loss: 6.8113e-03 | time: 0.201
I 06.07/23:17:07 solver.py:159 ] Epoch: [36/200][60/282] lr: 4.92e-04 | MSE loss: 7.7186e-03 | time: 0.175
I 06.07/23:17:10 solver.py:159 ] Epoch: [36/200][80/282] lr: 4.92e-04 | MSE loss: 8.0262e-03 | time: 0.163
I 06.07/23:17:13 solver.py:159 ] Epoch: [36/200][100/282] lr: 4.92e-04 | MSE loss: 7.8684e-03 | time: 0.158
I 06.07/23:17:15 solver.py:159 ] Epoch: [36/200][120/282] lr: 4.92e-04 | MSE loss: 7.6256e-03 | time: 0.152
I 06.07/23:17:18 solver.py:159 ] Epoch: [36/200][140/282] lr: 4.92e-04 | MSE loss: 7.8932e-03 | time: 0.148
I 06.07/23:17:20 solver.py:159 ] Epoch: [36/200][160/282] lr: 4.92e-04 | MSE loss: 7.8110e-03 | time: 0.146
I 06.07/23:17:23 solver.py:159 ] Epoch: [36/200][180/282] lr: 4.92e-04 | MSE loss: 7.9408e-03 | time: 0.144
I 06.07/23:17:25 solver.py:159 ] Epoch: [36/200][200/282] lr: 4.92e-04 | MSE loss: 7.9093e-03 | time: 0.143
I 06.07/23:17:28 solver.py:159 ] Epoch: [36/200][220/282] lr: 4.92e-04 | MSE loss: 7.9269e-03 | time: 0.141
I 06.07/23:17:31 solver.py:159 ] Epoch: [36/200][240/282] lr: 4.91e-04 | MSE loss: 8.0828e-03 | time: 0.140
I 06.07/23:17:33 solver.py:159 ] Epoch: [36/200][260/282] lr: 4.91e-04 | MSE loss: 8.1451e-03 | time: 0.139
I 06.07/23:17:36 solver.py:159 ] Epoch: [36/200][280/282] lr: 4.91e-04 | MSE loss: 8.1347e-03 | time: 0.139
I 06.07/23:17:36 solver.py:169 ] => Train  Loss: 8.1014e-03

I 06.07/23:17:39 solver.py:405 ] [20/32] loss: 9.2717e-03 | NMSE: -1.6827e+01 | time: 0.117
I 06.07/23:17:40 solver.py:413 ] => Test NMSE: -1.7867e+01

I 06.07/23:17:40 solver.py:345 ] => LoRA monitor [epoch=36] | trainable=33792/33792 | non_lora_trainable=0 | lora_l2=3.654143e+00 | lora_A_l2=3.137844e+00 | lora_B_l2=1.872617e+00 | component_l2=decoder:3.654143e+00 | lora_abs_max=2.797104e-01 | delta_l2=3.531836e+00 | delta_rel=1.523503e+00 | train_loss=8.101433e-03 | test_loss=8.170206e-03 | nmse=-1.786737e+01
I 06.07/23:17:41 solver.py:224 ] 
=! Best NMSE: -1.7867e+01 (epoch=36)

I 06.07/23:17:43 solver.py:159 ] Epoch: [37/200][20/282] lr: 4.91e-04 | MSE loss: 8.5609e-03 | time: 0.127
I 06.07/23:17:46 solver.py:159 ] Epoch: [37/200][40/282] lr: 4.91e-04 | MSE loss: 7.7103e-03 | time: 0.130
I 06.07/23:17:49 solver.py:159 ] Epoch: [37/200][60/282] lr: 4.91e-04 | MSE loss: 7.7715e-03 | time: 0.132
I 06.07/23:17:52 solver.py:159 ] Epoch: [37/200][80/282] lr: 4.91e-04 | MSE loss: 8.0098e-03 | time: 0.134
I 06.07/23:17:54 solver.py:159 ] Epoch: [37/200][100/282] lr: 4.91e-04 | MSE loss: 8.2654e-03 | time: 0.133
I 06.07/23:17:57 solver.py:159 ] Epoch: [37/200][120/282] lr: 4.91e-04 | MSE loss: 8.3517e-03 | time: 0.133
I 06.07/23:17:59 solver.py:159 ] Epoch: [37/200][140/282] lr: 4.91e-04 | MSE loss: 8.3001e-03 | time: 0.132
I 06.07/23:18:04 solver.py:159 ] Epoch: [37/200][160/282] lr: 4.91e-04 | MSE loss: 8.2537e-03 | time: 0.147
I 06.07/23:18:07 solver.py:159 ] Epoch: [37/200][180/282] lr: 4.91e-04 | MSE loss: 8.2386e-03 | time: 0.146
I 06.07/23:18:10 solver.py:159 ] Epoch: [37/200][200/282] lr: 4.90e-04 | MSE loss: 8.1734e-03 | time: 0.144
I 06.07/23:18:12 solver.py:159 ] Epoch: [37/200][220/282] lr: 4.90e-04 | MSE loss: 8.1479e-03 | time: 0.142
I 06.07/23:18:15 solver.py:159 ] Epoch: [37/200][240/282] lr: 4.90e-04 | MSE loss: 8.1241e-03 | time: 0.140
I 06.07/23:18:17 solver.py:159 ] Epoch: [37/200][260/282] lr: 4.90e-04 | MSE loss: 8.0816e-03 | time: 0.140
I 06.07/23:18:20 solver.py:159 ] Epoch: [37/200][280/282] lr: 4.90e-04 | MSE loss: 8.0847e-03 | time: 0.140
I 06.07/23:18:20 solver.py:169 ] => Train  Loss: 8.1662e-03

I 06.07/23:18:23 solver.py:405 ] [20/32] loss: 9.2721e-03 | NMSE: -1.6827e+01 | time: 0.119
I 06.07/23:18:24 solver.py:413 ] => Test NMSE: -1.7867e+01

I 06.07/23:18:24 solver.py:345 ] => LoRA monitor [epoch=37] | trainable=33792/33792 | non_lora_trainable=0 | lora_l2=3.744368e+00 | lora_A_l2=3.209677e+00 | lora_B_l2=1.928282e+00 | component_l2=decoder:3.744368e+00 | lora_abs_max=2.963854e-01 | delta_l2=3.628473e+00 | delta_rel=1.565188e+00 | train_loss=8.166224e-03 | test_loss=8.170587e-03 | nmse=-1.786717e+01
I 06.07/23:18:24 solver.py:224 ] 
=! Best NMSE: -1.7867e+01 (epoch=36)

I 06.07/23:18:27 solver.py:159 ] Epoch: [38/200][20/282] lr: 4.90e-04 | MSE loss: 6.5252e-03 | time: 0.137
I 06.07/23:18:30 solver.py:159 ] Epoch: [38/200][40/282] lr: 4.90e-04 | MSE loss: 6.6802e-03 | time: 0.135
I 06.07/23:18:32 solver.py:159 ] Epoch: [38/200][60/282] lr: 4.90e-04 | MSE loss: 6.5000e-03 | time: 0.135
I 06.07/23:18:35 solver.py:159 ] Epoch: [38/200][80/282] lr: 4.90e-04 | MSE loss: 6.7562e-03 | time: 0.134
I 06.07/23:18:37 solver.py:159 ] Epoch: [38/200][100/282] lr: 4.90e-04 | MSE loss: 6.9608e-03 | time: 0.132
I 06.07/23:18:40 solver.py:159 ] Epoch: [38/200][120/282] lr: 4.90e-04 | MSE loss: 7.1012e-03 | time: 0.129
I 06.07/23:18:42 solver.py:159 ] Epoch: [38/200][140/282] lr: 4.90e-04 | MSE loss: 7.3548e-03 | time: 0.129
I 06.07/23:18:45 solver.py:159 ] Epoch: [38/200][160/282] lr: 4.90e-04 | MSE loss: 7.6048e-03 | time: 0.129
I 06.07/23:18:47 solver.py:159 ] Epoch: [38/200][180/282] lr: 4.89e-04 | MSE loss: 7.7305e-03 | time: 0.129
I 06.07/23:18:50 solver.py:159 ] Epoch: [38/200][200/282] lr: 4.89e-04 | MSE loss: 7.8592e-03 | time: 0.129
I 06.07/23:18:53 solver.py:159 ] Epoch: [38/200][220/282] lr: 4.89e-04 | MSE loss: 8.0002e-03 | time: 0.129
I 06.07/23:18:55 solver.py:159 ] Epoch: [38/200][240/282] lr: 4.89e-04 | MSE loss: 7.9022e-03 | time: 0.130
I 06.07/23:18:58 solver.py:159 ] Epoch: [38/200][260/282] lr: 4.89e-04 | MSE loss: 8.0269e-03 | time: 0.130
I 06.07/23:19:01 solver.py:159 ] Epoch: [38/200][280/282] lr: 4.89e-04 | MSE loss: 8.0970e-03 | time: 0.130
I 06.07/23:19:01 solver.py:169 ] => Train  Loss: 8.1333e-03

I 06.07/23:19:05 solver.py:405 ] [20/32] loss: 9.2722e-03 | NMSE: -1.6827e+01 | time: 0.229
I 06.07/23:19:07 solver.py:413 ] => Test NMSE: -1.7867e+01

I 06.07/23:19:07 solver.py:345 ] => LoRA monitor [epoch=38] | trainable=33792/33792 | non_lora_trainable=0 | lora_l2=3.840078e+00 | lora_A_l2=3.284227e+00 | lora_B_l2=1.989989e+00 | component_l2=decoder:3.840078e+00 | lora_abs_max=3.151321e-01 | delta_l2=3.730572e+00 | delta_rel=1.609230e+00 | train_loss=8.133349e-03 | test_loss=8.170775e-03 | nmse=-1.786707e+01
I 06.07/23:19:07 solver.py:224 ] 
=! Best NMSE: -1.7867e+01 (epoch=36)

I 06.07/23:19:09 solver.py:159 ] Epoch: [39/200][20/282] lr: 4.89e-04 | MSE loss: 9.9957e-03 | time: 0.138
I 06.07/23:19:12 solver.py:159 ] Epoch: [39/200][40/282] lr: 4.89e-04 | MSE loss: 8.8401e-03 | time: 0.138
I 06.07/23:19:15 solver.py:159 ] Epoch: [39/200][60/282] lr: 4.89e-04 | MSE loss: 7.9709e-03 | time: 0.135
I 06.07/23:19:17 solver.py:159 ] Epoch: [39/200][80/282] lr: 4.89e-04 | MSE loss: 8.3538e-03 | time: 0.135
I 06.07/23:19:20 solver.py:159 ] Epoch: [39/200][100/282] lr: 4.89e-04 | MSE loss: 8.2148e-03 | time: 0.133
I 06.07/23:19:22 solver.py:159 ] Epoch: [39/200][120/282] lr: 4.88e-04 | MSE loss: 8.5868e-03 | time: 0.131
I 06.07/23:19:26 solver.py:159 ] Epoch: [39/200][140/282] lr: 4.88e-04 | MSE loss: 8.1183e-03 | time: 0.136
I 06.07/23:19:28 solver.py:159 ] Epoch: [39/200][160/282] lr: 4.88e-04 | MSE loss: 8.2529e-03 | time: 0.134
I 06.07/23:19:31 solver.py:159 ] Epoch: [39/200][180/282] lr: 4.88e-04 | MSE loss: 8.2799e-03 | time: 0.133
I 06.07/23:19:33 solver.py:159 ] Epoch: [39/200][200/282] lr: 4.88e-04 | MSE loss: 8.4754e-03 | time: 0.133
I 06.07/23:19:36 solver.py:159 ] Epoch: [39/200][220/282] lr: 4.88e-04 | MSE loss: 8.3714e-03 | time: 0.134
I 06.07/23:19:39 solver.py:159 ] Epoch: [39/200][240/282] lr: 4.88e-04 | MSE loss: 8.3288e-03 | time: 0.135
I 06.07/23:19:42 solver.py:159 ] Epoch: [39/200][260/282] lr: 4.88e-04 | MSE loss: 8.1940e-03 | time: 0.134
I 06.07/23:19:44 solver.py:159 ] Epoch: [39/200][280/282] lr: 4.88e-04 | MSE loss: 8.1481e-03 | time: 0.133
I 06.07/23:19:44 solver.py:169 ] => Train  Loss: 8.1017e-03

I 06.07/23:19:47 solver.py:405 ] [20/32] loss: 9.2716e-03 | NMSE: -1.6827e+01 | time: 0.129
I 06.07/23:19:48 solver.py:413 ] => Test NMSE: -1.7867e+01

I 06.07/23:19:48 solver.py:345 ] => LoRA monitor [epoch=39] | trainable=33792/33792 | non_lora_trainable=0 | lora_l2=3.928114e+00 | lora_A_l2=3.358990e+00 | lora_B_l2=2.036484e+00 | component_l2=decoder:3.928114e+00 | lora_abs_max=3.305381e-01 | delta_l2=3.825833e+00 | delta_rel=1.650322e+00 | train_loss=8.101746e-03 | test_loss=8.170066e-03 | nmse=-1.786744e+01
I 06.07/23:19:49 solver.py:224 ] 
=! Best NMSE: -1.7867e+01 (epoch=39)

I 06.07/23:19:52 solver.py:159 ] Epoch: [40/200][20/282] lr: 4.88e-04 | MSE loss: 7.5834e-03 | time: 0.145
I 06.07/23:19:55 solver.py:159 ] Epoch: [40/200][40/282] lr: 4.88e-04 | MSE loss: 7.8031e-03 | time: 0.141
I 06.07/23:19:58 solver.py:159 ] Epoch: [40/200][60/282] lr: 4.87e-04 | MSE loss: 7.9148e-03 | time: 0.136
I 06.07/23:20:00 solver.py:159 ] Epoch: [40/200][80/282] lr: 4.87e-04 | MSE loss: 8.2283e-03 | time: 0.137
I 06.07/23:20:05 solver.py:159 ] Epoch: [40/200][100/282] lr: 4.87e-04 | MSE loss: 7.9795e-03 | time: 0.157
I 06.07/23:20:08 solver.py:159 ] Epoch: [40/200][120/282] lr: 4.87e-04 | MSE loss: 7.9058e-03 | time: 0.153
I 06.07/23:20:11 solver.py:159 ] Epoch: [40/200][140/282] lr: 4.87e-04 | MSE loss: 7.7888e-03 | time: 0.150
I 06.07/23:20:13 solver.py:159 ] Epoch: [40/200][160/282] lr: 4.87e-04 | MSE loss: 7.7395e-03 | time: 0.148
I 06.07/23:20:16 solver.py:159 ] Epoch: [40/200][180/282] lr: 4.87e-04 | MSE loss: 7.6783e-03 | time: 0.145
I 06.07/23:20:18 solver.py:159 ] Epoch: [40/200][200/282] lr: 4.87e-04 | MSE loss: 7.7118e-03 | time: 0.144
I 06.07/23:20:21 solver.py:159 ] Epoch: [40/200][220/282] lr: 4.87e-04 | MSE loss: 7.6950e-03 | time: 0.142
I 06.07/23:20:23 solver.py:159 ] Epoch: [40/200][240/282] lr: 4.87e-04 | MSE loss: 7.9403e-03 | time: 0.141
I 06.07/23:20:26 solver.py:159 ] Epoch: [40/200][260/282] lr: 4.87e-04 | MSE loss: 8.0555e-03 | time: 0.142
I 06.07/23:20:29 solver.py:159 ] Epoch: [40/200][280/282] lr: 4.86e-04 | MSE loss: 8.1195e-03 | time: 0.140
I 06.07/23:20:29 solver.py:169 ] => Train  Loss: 8.1033e-03

I 06.07/23:20:32 solver.py:159 ] Epoch: [40/200][20/32] lr: 4.86e-04 | MSE loss: 9.2716e-03 | time: 0.133
I 06.07/23:20:33 solver.py:169 ] => Val  Loss: 7.9876e-03

I 06.07/23:20:36 solver.py:405 ] [20/32] loss: 9.2716e-03 | NMSE: -1.6827e+01 | time: 0.124
I 06.07/23:20:37 solver.py:413 ] => Test NMSE: -1.7867e+01

I 06.07/23:20:37 solver.py:345 ] => LoRA monitor [epoch=40] | trainable=33792/33792 | non_lora_trainable=0 | lora_l2=4.016527e+00 | lora_A_l2=3.431028e+00 | lora_B_l2=2.088189e+00 | component_l2=decoder:4.016527e+00 | lora_abs_max=3.478870e-01 | delta_l2=3.919757e+00 | delta_rel=1.690837e+00 | train_loss=8.103291e-03 | val_loss=7.987569e-03 | test_loss=8.170085e-03 | nmse=-1.786743e+01
I 06.07/23:20:37 solver.py:224 ] 
=! Best NMSE: -1.7867e+01 (epoch=39)

I 06.07/23:20:40 solver.py:159 ] Epoch: [41/200][20/282] lr: 4.86e-04 | MSE loss: 9.7858e-03 | time: 0.132
I 06.07/23:20:42 solver.py:159 ] Epoch: [41/200][40/282] lr: 4.86e-04 | MSE loss: 8.8459e-03 | time: 0.133
I 06.07/23:20:45 solver.py:159 ] Epoch: [41/200][60/282] lr: 4.86e-04 | MSE loss: 8.9058e-03 | time: 0.129
I 06.07/23:20:47 solver.py:159 ] Epoch: [41/200][80/282] lr: 4.86e-04 | MSE loss: 8.8928e-03 | time: 0.129
I 06.07/23:20:50 solver.py:159 ] Epoch: [41/200][100/282] lr: 4.86e-04 | MSE loss: 8.4836e-03 | time: 0.127
I 06.07/23:20:52 solver.py:159 ] Epoch: [41/200][120/282] lr: 4.86e-04 | MSE loss: 8.9396e-03 | time: 0.127
I 06.07/23:20:55 solver.py:159 ] Epoch: [41/200][140/282] lr: 4.86e-04 | MSE loss: 8.8225e-03 | time: 0.128
I 06.07/23:20:58 solver.py:159 ] Epoch: [41/200][160/282] lr: 4.86e-04 | MSE loss: 8.7911e-03 | time: 0.130
I 06.07/23:21:01 solver.py:159 ] Epoch: [41/200][180/282] lr: 4.86e-04 | MSE loss: 8.3198e-03 | time: 0.131
I 06.07/23:21:05 solver.py:159 ] Epoch: [41/200][200/282] lr: 4.85e-04 | MSE loss: 8.1335e-03 | time: 0.141
I 06.07/23:21:08 solver.py:159 ] Epoch: [41/200][220/282] lr: 4.85e-04 | MSE loss: 8.1881e-03 | time: 0.139
I 06.07/23:21:10 solver.py:159 ] Epoch: [41/200][240/282] lr: 4.85e-04 | MSE loss: 8.1953e-03 | time: 0.138
I 06.07/23:21:13 solver.py:159 ] Epoch: [41/200][260/282] lr: 4.85e-04 | MSE loss: 8.1464e-03 | time: 0.138
I 06.07/23:21:15 solver.py:159 ] Epoch: [41/200][280/282] lr: 4.85e-04 | MSE loss: 8.1519e-03 | time: 0.137
I 06.07/23:21:16 solver.py:169 ] => Train  Loss: 8.1031e-03

I 06.07/23:21:18 solver.py:405 ] [20/32] loss: 9.2722e-03 | NMSE: -1.6827e+01 | time: 0.122
I 06.07/23:21:19 solver.py:413 ] => Test NMSE: -1.7867e+01

I 06.07/23:21:19 solver.py:345 ] => LoRA monitor [epoch=41] | trainable=33792/33792 | non_lora_trainable=0 | lora_l2=4.103290e+00 | lora_A_l2=3.503115e+00 | lora_B_l2=2.136625e+00 | component_l2=decoder:4.103290e+00 | lora_abs_max=3.617304e-01 | delta_l2=4.011616e+00 | delta_rel=1.730462e+00 | train_loss=8.103130e-03 | test_loss=8.170712e-03 | nmse=-1.786710e+01
I 06.07/23:21:19 solver.py:224 ] 
=! Best NMSE: -1.7867e+01 (epoch=39)

I 06.07/23:21:22 solver.py:159 ] Epoch: [42/200][20/282] lr: 4.85e-04 | MSE loss: 7.6004e-03 | time: 0.141
I 06.07/23:21:25 solver.py:159 ] Epoch: [42/200][40/282] lr: 4.85e-04 | MSE loss: 7.9947e-03 | time: 0.140
I 06.07/23:21:28 solver.py:159 ] Epoch: [42/200][60/282] lr: 4.85e-04 | MSE loss: 8.4717e-03 | time: 0.136
I 06.07/23:21:30 solver.py:159 ] Epoch: [42/200][80/282] lr: 4.85e-04 | MSE loss: 8.4945e-03 | time: 0.135
I 06.07/23:21:33 solver.py:159 ] Epoch: [42/200][100/282] lr: 4.85e-04 | MSE loss: 8.4358e-03 | time: 0.135
I 06.07/23:21:35 solver.py:159 ] Epoch: [42/200][120/282] lr: 4.84e-04 | MSE loss: 8.3185e-03 | time: 0.133
I 06.07/23:21:38 solver.py:159 ] Epoch: [42/200][140/282] lr: 4.84e-04 | MSE loss: 8.5566e-03 | time: 0.134
I 06.07/23:21:41 solver.py:159 ] Epoch: [42/200][160/282] lr: 4.84e-04 | MSE loss: 8.4031e-03 | time: 0.133
I 06.07/23:21:43 solver.py:159 ] Epoch: [42/200][180/282] lr: 4.84e-04 | MSE loss: 8.5083e-03 | time: 0.133
I 06.07/23:21:46 solver.py:159 ] Epoch: [42/200][200/282] lr: 4.84e-04 | MSE loss: 8.4242e-03 | time: 0.133
I 06.07/23:21:49 solver.py:159 ] Epoch: [42/200][220/282] lr: 4.84e-04 | MSE loss: 8.2494e-03 | time: 0.133
I 06.07/23:21:51 solver.py:159 ] Epoch: [42/200][240/282] lr: 4.84e-04 | MSE loss: 8.2270e-03 | time: 0.133
I 06.07/23:21:54 solver.py:159 ] Epoch: [42/200][260/282] lr: 4.84e-04 | MSE loss: 8.2321e-03 | time: 0.132
I 06.07/23:21:57 solver.py:159 ] Epoch: [42/200][280/282] lr: 4.84e-04 | MSE loss: 8.0646e-03 | time: 0.132
I 06.07/23:21:57 solver.py:169 ] => Train  Loss: 8.1701e-03

I 06.07/23:21:59 solver.py:405 ] [20/32] loss: 9.2719e-03 | NMSE: -1.6827e+01 | time: 0.123
I 06.07/23:22:02 solver.py:413 ] => Test NMSE: -1.7867e+01

I 06.07/23:22:02 solver.py:345 ] => LoRA monitor [epoch=42] | trainable=33792/33792 | non_lora_trainable=0 | lora_l2=4.190073e+00 | lora_A_l2=3.572944e+00 | lora_B_l2=2.188787e+00 | component_l2=decoder:4.190073e+00 | lora_abs_max=3.722940e-01 | delta_l2=4.103515e+00 | delta_rel=1.770103e+00 | train_loss=8.170123e-03 | test_loss=8.170339e-03 | nmse=-1.786730e+01
I 06.07/23:22:02 solver.py:224 ] 
=! Best NMSE: -1.7867e+01 (epoch=39)

I 06.07/23:22:06 solver.py:159 ] Epoch: [43/200][20/282] lr: 4.84e-04 | MSE loss: 6.4179e-03 | time: 0.219
I 06.07/23:22:09 solver.py:159 ] Epoch: [43/200][40/282] lr: 4.83e-04 | MSE loss: 6.8409e-03 | time: 0.173
I 06.07/23:22:11 solver.py:159 ] Epoch: [43/200][60/282] lr: 4.83e-04 | MSE loss: 7.8187e-03 | time: 0.160
I 06.07/23:22:14 solver.py:159 ] Epoch: [43/200][80/282] lr: 4.83e-04 | MSE loss: 7.8530e-03 | time: 0.155
I 06.07/23:22:17 solver.py:159 ] Epoch: [43/200][100/282] lr: 4.83e-04 | MSE loss: 8.0231e-03 | time: 0.150
I 06.07/23:22:19 solver.py:159 ] Epoch: [43/200][120/282] lr: 4.83e-04 | MSE loss: 8.0897e-03 | time: 0.147
I 06.07/23:22:22 solver.py:159 ] Epoch: [43/200][140/282] lr: 4.83e-04 | MSE loss: 7.7029e-03 | time: 0.143
I 06.07/23:22:24 solver.py:159 ] Epoch: [43/200][160/282] lr: 4.83e-04 | MSE loss: 7.9393e-03 | time: 0.142
I 06.07/23:22:27 solver.py:159 ] Epoch: [43/200][180/282] lr: 4.83e-04 | MSE loss: 7.9962e-03 | time: 0.141
I 06.07/23:22:30 solver.py:159 ] Epoch: [43/200][200/282] lr: 4.83e-04 | MSE loss: 8.0164e-03 | time: 0.140
I 06.07/23:22:32 solver.py:159 ] Epoch: [43/200][220/282] lr: 4.82e-04 | MSE loss: 7.9507e-03 | time: 0.139
I 06.07/23:22:35 solver.py:159 ] Epoch: [43/200][240/282] lr: 4.82e-04 | MSE loss: 8.0039e-03 | time: 0.138
I 06.07/23:22:37 solver.py:159 ] Epoch: [43/200][260/282] lr: 4.82e-04 | MSE loss: 7.9909e-03 | time: 0.136
I 06.07/23:22:40 solver.py:159 ] Epoch: [43/200][280/282] lr: 4.82e-04 | MSE loss: 8.1193e-03 | time: 0.136
I 06.07/23:22:40 solver.py:169 ] => Train  Loss: 8.1022e-03

I 06.07/23:22:42 solver.py:405 ] [20/32] loss: 9.2725e-03 | NMSE: -1.6827e+01 | time: 0.118
I 06.07/23:22:44 solver.py:413 ] => Test NMSE: -1.7867e+01

I 06.07/23:22:44 solver.py:345 ] => LoRA monitor [epoch=43] | trainable=33792/33792 | non_lora_trainable=0 | lora_l2=4.277668e+00 | lora_A_l2=3.647477e+00 | lora_B_l2=2.234805e+00 | component_l2=decoder:4.277668e+00 | lora_abs_max=3.894874e-01 | delta_l2=4.195667e+00 | delta_rel=1.809855e+00 | train_loss=8.102208e-03 | test_loss=8.170874e-03 | nmse=-1.786702e+01
I 06.07/23:22:44 solver.py:224 ] 
=! Best NMSE: -1.7867e+01 (epoch=39)

I 06.07/23:22:46 solver.py:159 ] Epoch: [44/200][20/282] lr: 4.82e-04 | MSE loss: 8.2397e-03 | time: 0.141
I 06.07/23:22:49 solver.py:159 ] Epoch: [44/200][40/282] lr: 4.82e-04 | MSE loss: 7.7236e-03 | time: 0.133
I 06.07/23:22:51 solver.py:159 ] Epoch: [44/200][60/282] lr: 4.82e-04 | MSE loss: 8.0778e-03 | time: 0.130
I 06.07/23:22:54 solver.py:159 ] Epoch: [44/200][80/282] lr: 4.82e-04 | MSE loss: 7.7410e-03 | time: 0.126
I 06.07/23:22:56 solver.py:159 ] Epoch: [44/200][100/282] lr: 4.82e-04 | MSE loss: 7.3425e-03 | time: 0.125
I 06.07/23:22:59 solver.py:159 ] Epoch: [44/200][120/282] lr: 4.81e-04 | MSE loss: 7.3545e-03 | time: 0.126
I 06.07/23:23:02 solver.py:159 ] Epoch: [44/200][140/282] lr: 4.81e-04 | MSE loss: 7.5080e-03 | time: 0.131
I 06.07/23:23:06 solver.py:159 ] Epoch: [44/200][160/282] lr: 4.81e-04 | MSE loss: 7.7624e-03 | time: 0.139
I 06.07/23:23:08 solver.py:159 ] Epoch: [44/200][180/282] lr: 4.81e-04 | MSE loss: 7.8252e-03 | time: 0.137
I 06.07/23:23:11 solver.py:159 ] Epoch: [44/200][200/282] lr: 4.81e-04 | MSE loss: 8.1132e-03 | time: 0.135
I 06.07/23:23:13 solver.py:159 ] Epoch: [44/200][220/282] lr: 4.81e-04 | MSE loss: 8.0840e-03 | time: 0.133
I 06.07/23:23:16 solver.py:159 ] Epoch: [44/200][240/282] lr: 4.81e-04 | MSE loss: 7.9834e-03 | time: 0.133
I 06.07/23:23:18 solver.py:159 ] Epoch: [44/200][260/282] lr: 4.81e-04 | MSE loss: 8.0355e-03 | time: 0.133
I 06.07/23:23:21 solver.py:159 ] Epoch: [44/200][280/282] lr: 4.81e-04 | MSE loss: 8.1003e-03 | time: 0.132
I 06.07/23:23:21 solver.py:169 ] => Train  Loss: 8.1534e-03

I 06.07/23:23:24 solver.py:405 ] [20/32] loss: 9.2716e-03 | NMSE: -1.6827e+01 | time: 0.144
I 06.07/23:23:25 solver.py:413 ] => Test NMSE: -1.7867e+01

I 06.07/23:23:25 solver.py:345 ] => LoRA monitor [epoch=44] | trainable=33792/33792 | non_lora_trainable=0 | lora_l2=4.359982e+00 | lora_A_l2=3.714510e+00 | lora_B_l2=2.282951e+00 | component_l2=decoder:4.359982e+00 | lora_abs_max=3.975002e-01 | delta_l2=4.281834e+00 | delta_rel=1.847024e+00 | train_loss=8.153363e-03 | test_loss=8.170294e-03 | nmse=-1.786732e+01
I 06.07/23:23:25 solver.py:224 ] 
=! Best NMSE: -1.7867e+01 (epoch=39)

I 06.07/23:23:28 solver.py:159 ] Epoch: [45/200][20/282] lr: 4.80e-04 | MSE loss: 7.3497e-03 | time: 0.125
I 06.07/23:23:30 solver.py:159 ] Epoch: [45/200][40/282] lr: 4.80e-04 | MSE loss: 7.6575e-03 | time: 0.121
I 06.07/23:23:33 solver.py:159 ] Epoch: [45/200][60/282] lr: 4.80e-04 | MSE loss: 7.7522e-03 | time: 0.120
I 06.07/23:23:35 solver.py:159 ] Epoch: [45/200][80/282] lr: 4.80e-04 | MSE loss: 7.9189e-03 | time: 0.121
I 06.07/23:23:38 solver.py:159 ] Epoch: [45/200][100/282] lr: 4.80e-04 | MSE loss: 8.2320e-03 | time: 0.123
I 06.07/23:23:40 solver.py:159 ] Epoch: [45/200][120/282] lr: 4.80e-04 | MSE loss: 7.8556e-03 | time: 0.123
I 06.07/23:23:43 solver.py:159 ] Epoch: [45/200][140/282] lr: 4.80e-04 | MSE loss: 7.9190e-03 | time: 0.124
I 06.07/23:23:45 solver.py:159 ] Epoch: [45/200][160/282] lr: 4.80e-04 | MSE loss: 7.7533e-03 | time: 0.125
I 06.07/23:23:48 solver.py:159 ] Epoch: [45/200][180/282] lr: 4.80e-04 | MSE loss: 8.0687e-03 | time: 0.124
I 06.07/23:23:50 solver.py:159 ] Epoch: [45/200][200/282] lr: 4.79e-04 | MSE loss: 8.1804e-03 | time: 0.124
I 06.07/23:23:53 solver.py:159 ] Epoch: [45/200][220/282] lr: 4.79e-04 | MSE loss: 8.3586e-03 | time: 0.126
I 06.07/23:23:56 solver.py:159 ] Epoch: [45/200][240/282] lr: 4.79e-04 | MSE loss: 8.3389e-03 | time: 0.126
I 06.07/23:23:58 solver.py:159 ] Epoch: [45/200][260/282] lr: 4.79e-04 | MSE loss: 8.1059e-03 | time: 0.126
I 06.07/23:24:02 solver.py:159 ] Epoch: [45/200][280/282] lr: 4.79e-04 | MSE loss: 8.1300e-03 | time: 0.130
I 06.07/23:24:02 solver.py:169 ] => Train  Loss: 8.1014e-03

I 06.07/23:24:06 solver.py:405 ] [20/32] loss: 9.2717e-03 | NMSE: -1.6827e+01 | time: 0.205
I 06.07/23:24:08 solver.py:413 ] => Test NMSE: -1.7867e+01

I 06.07/23:24:08 solver.py:345 ] => LoRA monitor [epoch=45] | trainable=33792/33792 | non_lora_trainable=0 | lora_l2=4.446506e+00 | lora_A_l2=3.786077e+00 | lora_B_l2=2.331746e+00 | component_l2=decoder:4.446506e+00 | lora_abs_max=4.159773e-01 | delta_l2=4.372329e+00 | delta_rel=1.886060e+00 | train_loss=8.101401e-03 | test_loss=8.170239e-03 | nmse=-1.786735e+01
I 06.07/23:24:08 solver.py:224 ] 
=! Best NMSE: -1.7867e+01 (epoch=39)

I 06.07/23:24:11 solver.py:159 ] Epoch: [46/200][20/282] lr: 4.79e-04 | MSE loss: 6.5718e-03 | time: 0.142
I 06.07/23:24:13 solver.py:159 ] Epoch: [46/200][40/282] lr: 4.79e-04 | MSE loss: 7.9076e-03 | time: 0.142
I 06.07/23:24:16 solver.py:159 ] Epoch: [46/200][60/282] lr: 4.79e-04 | MSE loss: 8.3299e-03 | time: 0.142
I 06.07/23:24:19 solver.py:159 ] Epoch: [46/200][80/282] lr: 4.78e-04 | MSE loss: 7.5098e-03 | time: 0.140
I 06.07/23:24:21 solver.py:159 ] Epoch: [46/200][100/282] lr: 4.78e-04 | MSE loss: 7.9802e-03 | time: 0.136
I 06.07/23:24:24 solver.py:159 ] Epoch: [46/200][120/282] lr: 4.78e-04 | MSE loss: 8.4081e-03 | time: 0.135
I 06.07/23:24:26 solver.py:159 ] Epoch: [46/200][140/282] lr: 4.78e-04 | MSE loss: 8.3429e-03 | time: 0.133
I 06.07/23:24:29 solver.py:159 ] Epoch: [46/200][160/282] lr: 4.78e-04 | MSE loss: 8.4430e-03 | time: 0.132
I 06.07/23:24:31 solver.py:159 ] Epoch: [46/200][180/282] lr: 4.78e-04 | MSE loss: 8.3174e-03 | time: 0.132
I 06.07/23:24:34 solver.py:159 ] Epoch: [46/200][200/282] lr: 4.78e-04 | MSE loss: 8.2728e-03 | time: 0.133
I 06.07/23:24:37 solver.py:159 ] Epoch: [46/200][220/282] lr: 4.78e-04 | MSE loss: 8.2564e-03 | time: 0.135
I 06.07/23:24:40 solver.py:159 ] Epoch: [46/200][240/282] lr: 4.77e-04 | MSE loss: 8.1640e-03 | time: 0.135
I 06.07/23:24:43 solver.py:159 ] Epoch: [46/200][260/282] lr: 4.77e-04 | MSE loss: 8.2263e-03 | time: 0.135
I 06.07/23:24:45 solver.py:159 ] Epoch: [46/200][280/282] lr: 4.77e-04 | MSE loss: 8.1515e-03 | time: 0.135
I 06.07/23:24:46 solver.py:169 ] => Train  Loss: 8.1027e-03

I 06.07/23:24:48 solver.py:405 ] [20/32] loss: 9.2716e-03 | NMSE: -1.6827e+01 | time: 0.119
I 06.07/23:24:50 solver.py:413 ] => Test NMSE: -1.7867e+01

I 06.07/23:24:50 solver.py:345 ] => LoRA monitor [epoch=46] | trainable=33792/33792 | non_lora_trainable=0 | lora_l2=4.525391e+00 | lora_A_l2=3.851160e+00 | lora_B_l2=2.376495e+00 | component_l2=decoder:4.525391e+00 | lora_abs_max=4.282256e-01 | delta_l2=4.455338e+00 | delta_rel=1.921867e+00 | train_loss=8.102746e-03 | test_loss=8.170099e-03 | nmse=-1.786743e+01
I 06.07/23:24:50 solver.py:224 ] 
=! Best NMSE: -1.7867e+01 (epoch=39)

I 06.07/23:24:52 solver.py:159 ] Epoch: [47/200][20/282] lr: 4.77e-04 | MSE loss: 7.0758e-03 | time: 0.126
I 06.07/23:24:55 solver.py:159 ] Epoch: [47/200][40/282] lr: 4.77e-04 | MSE loss: 7.7592e-03 | time: 0.135
I 06.07/23:24:57 solver.py:159 ] Epoch: [47/200][60/282] lr: 4.77e-04 | MSE loss: 7.9145e-03 | time: 0.132
I 06.07/23:25:00 solver.py:159 ] Epoch: [47/200][80/282] lr: 4.77e-04 | MSE loss: 7.8735e-03 | time: 0.135
I 06.07/23:25:05 solver.py:159 ] Epoch: [47/200][100/282] lr: 4.77e-04 | MSE loss: 7.9520e-03 | time: 0.155
I 06.07/23:25:08 solver.py:159 ] Epoch: [47/200][120/282] lr: 4.76e-04 | MSE loss: 7.8212e-03 | time: 0.152
I 06.07/23:25:10 solver.py:159 ] Epoch: [47/200][140/282] lr: 4.76e-04 | MSE loss: 7.5256e-03 | time: 0.147
I 06.07/23:25:12 solver.py:159 ] Epoch: [47/200][160/282] lr: 4.76e-04 | MSE loss: 7.5468e-03 | time: 0.143
I 06.07/23:25:15 solver.py:159 ] Epoch: [47/200][180/282] lr: 4.76e-04 | MSE loss: 7.6289e-03 | time: 0.142
I 06.07/23:25:18 solver.py:159 ] Epoch: [47/200][200/282] lr: 4.76e-04 | MSE loss: 7.6179e-03 | time: 0.141
I 06.07/23:25:20 solver.py:159 ] Epoch: [47/200][220/282] lr: 4.76e-04 | MSE loss: 7.7601e-03 | time: 0.139
I 06.07/23:25:23 solver.py:159 ] Epoch: [47/200][240/282] lr: 4.76e-04 | MSE loss: 7.7820e-03 | time: 0.138
I 06.07/23:25:25 solver.py:159 ] Epoch: [47/200][260/282] lr: 4.76e-04 | MSE loss: 7.8850e-03 | time: 0.138
I 06.07/23:25:28 solver.py:159 ] Epoch: [47/200][280/282] lr: 4.75e-04 | MSE loss: 8.1098e-03 | time: 0.137
I 06.07/23:25:28 solver.py:169 ] => Train  Loss: 8.1046e-03

I 06.07/23:25:31 solver.py:405 ] [20/32] loss: 9.2730e-03 | NMSE: -1.6826e+01 | time: 0.127
I 06.07/23:25:32 solver.py:413 ] => Test NMSE: -1.7867e+01

I 06.07/23:25:32 solver.py:345 ] => LoRA monitor [epoch=47] | trainable=33792/33792 | non_lora_trainable=0 | lora_l2=4.604443e+00 | lora_A_l2=3.917940e+00 | lora_B_l2=2.418810e+00 | component_l2=decoder:4.604443e+00 | lora_abs_max=4.464781e-01 | delta_l2=4.538343e+00 | delta_rel=1.957672e+00 | train_loss=8.104617e-03 | test_loss=8.171489e-03 | nmse=-1.786669e+01
I 06.07/23:25:32 solver.py:224 ] 
=! Best NMSE: -1.7867e+01 (epoch=39)

I 06.07/23:25:35 solver.py:159 ] Epoch: [48/200][20/282] lr: 4.75e-04 | MSE loss: 8.0078e-03 | time: 0.142
I 06.07/23:25:37 solver.py:159 ] Epoch: [48/200][40/282] lr: 4.75e-04 | MSE loss: 6.6461e-03 | time: 0.130
I 06.07/23:25:40 solver.py:159 ] Epoch: [48/200][60/282] lr: 4.75e-04 | MSE loss: 6.9740e-03 | time: 0.129
I 06.07/23:25:42 solver.py:159 ] Epoch: [48/200][80/282] lr: 4.75e-04 | MSE loss: 7.4160e-03 | time: 0.132
I 06.07/23:25:45 solver.py:159 ] Epoch: [48/200][100/282] lr: 4.75e-04 | MSE loss: 7.6197e-03 | time: 0.131
I 06.07/23:25:48 solver.py:159 ] Epoch: [48/200][120/282] lr: 4.75e-04 | MSE loss: 7.9079e-03 | time: 0.134
I 06.07/23:25:51 solver.py:159 ] Epoch: [48/200][140/282] lr: 4.75e-04 | MSE loss: 8.3146e-03 | time: 0.133
I 06.07/23:25:53 solver.py:159 ] Epoch: [48/200][160/282] lr: 4.74e-04 | MSE loss: 8.1407e-03 | time: 0.132
I 06.07/23:25:56 solver.py:159 ] Epoch: [48/200][180/282] lr: 4.74e-04 | MSE loss: 8.2395e-03 | time: 0.132
I 06.07/23:25:58 solver.py:159 ] Epoch: [48/200][200/282] lr: 4.74e-04 | MSE loss: 8.2302e-03 | time: 0.133
I 06.07/23:26:02 solver.py:159 ] Epoch: [48/200][220/282] lr: 4.74e-04 | MSE loss: 8.3844e-03 | time: 0.137
I 06.07/23:26:06 solver.py:159 ] Epoch: [48/200][240/282] lr: 4.74e-04 | MSE loss: 8.2253e-03 | time: 0.141
I 06.07/23:26:08 solver.py:159 ] Epoch: [48/200][260/282] lr: 4.74e-04 | MSE loss: 8.1104e-03 | time: 0.139
I 06.07/23:26:11 solver.py:159 ] Epoch: [48/200][280/282] lr: 4.74e-04 | MSE loss: 8.1493e-03 | time: 0.139
I 06.07/23:26:11 solver.py:169 ] => Train  Loss: 8.1036e-03

I 06.07/23:26:14 solver.py:405 ] [20/32] loss: 9.2728e-03 | NMSE: -1.6827e+01 | time: 0.124
I 06.07/23:26:15 solver.py:413 ] => Test NMSE: -1.7867e+01

I 06.07/23:26:15 solver.py:345 ] => LoRA monitor [epoch=48] | trainable=33792/33792 | non_lora_trainable=0 | lora_l2=4.681935e+00 | lora_A_l2=3.980130e+00 | lora_B_l2=2.465579e+00 | component_l2=decoder:4.681935e+00 | lora_abs_max=4.637868e-01 | delta_l2=4.619251e+00 | delta_rel=1.992573e+00 | train_loss=8.103576e-03 | test_loss=8.171306e-03 | nmse=-1.786679e+01
I 06.07/23:26:15 solver.py:224 ] 
=! Best NMSE: -1.7867e+01 (epoch=39)

I 06.07/23:26:18 solver.py:159 ] Epoch: [49/200][20/282] lr: 4.74e-04 | MSE loss: 7.8958e-03 | time: 0.133
I 06.07/23:26:20 solver.py:159 ] Epoch: [49/200][40/282] lr: 4.73e-04 | MSE loss: 8.6130e-03 | time: 0.125
I 06.07/23:26:23 solver.py:159 ] Epoch: [49/200][60/282] lr: 4.73e-04 | MSE loss: 7.8659e-03 | time: 0.124
I 06.07/23:26:25 solver.py:159 ] Epoch: [49/200][80/282] lr: 4.73e-04 | MSE loss: 8.0776e-03 | time: 0.123
I 06.07/23:26:28 solver.py:159 ] Epoch: [49/200][100/282] lr: 4.73e-04 | MSE loss: 7.9389e-03 | time: 0.124
I 06.07/23:26:30 solver.py:159 ] Epoch: [49/200][120/282] lr: 4.73e-04 | MSE loss: 8.0180e-03 | time: 0.123
I 06.07/23:26:32 solver.py:159 ] Epoch: [49/200][140/282] lr: 4.73e-04 | MSE loss: 8.1156e-03 | time: 0.124
I 06.07/23:26:35 solver.py:159 ] Epoch: [49/200][160/282] lr: 4.73e-04 | MSE loss: 8.1283e-03 | time: 0.125
I 06.07/23:26:38 solver.py:159 ] Epoch: [49/200][180/282] lr: 4.72e-04 | MSE loss: 8.1101e-03 | time: 0.125
I 06.07/23:26:40 solver.py:159 ] Epoch: [49/200][200/282] lr: 4.72e-04 | MSE loss: 8.3083e-03 | time: 0.126
I 06.07/23:26:43 solver.py:159 ] Epoch: [49/200][220/282] lr: 4.72e-04 | MSE loss: 8.0347e-03 | time: 0.126
I 06.07/23:26:45 solver.py:159 ] Epoch: [49/200][240/282] lr: 4.72e-04 | MSE loss: 8.1194e-03 | time: 0.125
I 06.07/23:26:48 solver.py:159 ] Epoch: [49/200][260/282] lr: 4.72e-04 | MSE loss: 8.2037e-03 | time: 0.125
I 06.07/23:26:50 solver.py:159 ] Epoch: [49/200][280/282] lr: 4.72e-04 | MSE loss: 8.1503e-03 | time: 0.125
I 06.07/23:26:50 solver.py:169 ] => Train  Loss: 8.1016e-03

I 06.07/23:26:53 solver.py:405 ] [20/32] loss: 9.2724e-03 | NMSE: -1.6827e+01 | time: 0.120
I 06.07/23:26:54 solver.py:413 ] => Test NMSE: -1.7867e+01

I 06.07/23:26:54 solver.py:345 ] => LoRA monitor [epoch=49] | trainable=33792/33792 | non_lora_trainable=0 | lora_l2=4.756150e+00 | lora_A_l2=4.041238e+00 | lora_B_l2=2.507859e+00 | component_l2=decoder:4.756150e+00 | lora_abs_max=4.765864e-01 | delta_l2=4.697181e+00 | delta_rel=2.026189e+00 | train_loss=8.101557e-03 | test_loss=8.170780e-03 | nmse=-1.786707e+01
I 06.07/23:26:54 solver.py:224 ] 
=! Best NMSE: -1.7867e+01 (epoch=39)

I 06.07/23:26:57 solver.py:159 ] Epoch: [50/200][20/282] lr: 4.72e-04 | MSE loss: 6.7100e-03 | time: 0.132
I 06.07/23:26:59 solver.py:159 ] Epoch: [50/200][40/282] lr: 4.72e-04 | MSE loss: 8.1839e-03 | time: 0.133
I 06.07/23:27:04 solver.py:159 ] Epoch: [50/200][60/282] lr: 4.71e-04 | MSE loss: 7.9464e-03 | time: 0.170
I 06.07/23:27:07 solver.py:159 ] Epoch: [50/200][80/282] lr: 4.71e-04 | MSE loss: 8.0238e-03 | time: 0.165
I 06.07/23:27:10 solver.py:159 ] Epoch: [50/200][100/282] lr: 4.71e-04 | MSE loss: 7.8124e-03 | time: 0.158
I 06.07/23:27:12 solver.py:159 ] Epoch: [50/200][120/282] lr: 4.71e-04 | MSE loss: 7.6783e-03 | time: 0.152
I 06.07/23:27:15 solver.py:159 ] Epoch: [50/200][140/282] lr: 4.71e-04 | MSE loss: 8.0762e-03 | time: 0.149
I 06.07/23:27:18 solver.py:159 ] Epoch: [50/200][160/282] lr: 4.71e-04 | MSE loss: 8.1219e-03 | time: 0.146
I 06.07/23:27:20 solver.py:159 ] Epoch: [50/200][180/282] lr: 4.71e-04 | MSE loss: 7.9180e-03 | time: 0.145
I 06.07/23:27:22 solver.py:159 ] Epoch: [50/200][200/282] lr: 4.70e-04 | MSE loss: 7.9146e-03 | time: 0.141
I 06.07/23:27:25 solver.py:159 ] Epoch: [50/200][220/282] lr: 4.70e-04 | MSE loss: 8.0191e-03 | time: 0.141
I 06.07/23:27:28 solver.py:159 ] Epoch: [50/200][240/282] lr: 4.70e-04 | MSE loss: 7.9412e-03 | time: 0.140
I 06.07/23:27:30 solver.py:159 ] Epoch: [50/200][260/282] lr: 4.70e-04 | MSE loss: 8.0887e-03 | time: 0.138
I 06.07/23:27:32 solver.py:159 ] Epoch: [50/200][280/282] lr: 4.70e-04 | MSE loss: 8.0930e-03 | time: 0.137
I 06.07/23:27:33 solver.py:169 ] => Train  Loss: 8.1964e-03

I 06.07/23:27:35 solver.py:159 ] Epoch: [50/200][20/32] lr: 4.70e-04 | MSE loss: 9.2724e-03 | time: 0.122
I 06.07/23:27:36 solver.py:169 ] => Val  Loss: 7.9885e-03

I 06.07/23:27:39 solver.py:405 ] [20/32] loss: 9.2724e-03 | NMSE: -1.6827e+01 | time: 0.126
I 06.07/23:27:40 solver.py:413 ] => Test NMSE: -1.7867e+01

I 06.07/23:27:40 solver.py:345 ] => LoRA monitor [epoch=50] | trainable=33792/33792 | non_lora_trainable=0 | lora_l2=4.834206e+00 | lora_A_l2=4.106302e+00 | lora_B_l2=2.551044e+00 | component_l2=decoder:4.834206e+00 | lora_abs_max=4.909121e-01 | delta_l2=4.777844e+00 | delta_rel=2.060984e+00 | train_loss=8.196371e-03 | val_loss=7.988548e-03 | test_loss=8.171068e-03 | nmse=-1.786691e+01
I 06.07/23:27:40 solver.py:224 ] 
=! Best NMSE: -1.7867e+01 (epoch=39)

I 06.07/23:27:43 solver.py:159 ] Epoch: [51/200][20/282] lr: 4.70e-04 | MSE loss: 4.9546e-03 | time: 0.141
I 06.07/23:27:46 solver.py:159 ] Epoch: [51/200][40/282] lr: 4.70e-04 | MSE loss: 6.8269e-03 | time: 0.142
I 06.07/23:27:48 solver.py:159 ] Epoch: [51/200][60/282] lr: 4.69e-04 | MSE loss: 7.4985e-03 | time: 0.136
I 06.07/23:27:51 solver.py:159 ] Epoch: [51/200][80/282] lr: 4.69e-04 | MSE loss: 7.8538e-03 | time: 0.135
I 06.07/23:27:54 solver.py:159 ] Epoch: [51/200][100/282] lr: 4.69e-04 | MSE loss: 8.0914e-03 | time: 0.136
I 06.07/23:27:56 solver.py:159 ] Epoch: [51/200][120/282] lr: 4.69e-04 | MSE loss: 8.1213e-03 | time: 0.134
I 06.07/23:27:59 solver.py:159 ] Epoch: [51/200][140/282] lr: 4.69e-04 | MSE loss: 7.8230e-03 | time: 0.134
I 06.07/23:28:03 solver.py:159 ] Epoch: [51/200][160/282] lr: 4.69e-04 | MSE loss: 7.7151e-03 | time: 0.144
I 06.07/23:28:07 solver.py:159 ] Epoch: [51/200][180/282] lr: 4.69e-04 | MSE loss: 7.7189e-03 | time: 0.148
I 06.07/23:28:10 solver.py:159 ] Epoch: [51/200][200/282] lr: 4.68e-04 | MSE loss: 7.9085e-03 | time: 0.148
I 06.07/23:28:12 solver.py:159 ] Epoch: [51/200][220/282] lr: 4.68e-04 | MSE loss: 7.9720e-03 | time: 0.147
I 06.07/23:28:15 solver.py:159 ] Epoch: [51/200][240/282] lr: 4.68e-04 | MSE loss: 7.9175e-03 | time: 0.146
I 06.07/23:28:18 solver.py:159 ] Epoch: [51/200][260/282] lr: 4.68e-04 | MSE loss: 7.9634e-03 | time: 0.145
I 06.07/23:28:20 solver.py:159 ] Epoch: [51/200][280/282] lr: 4.68e-04 | MSE loss: 8.1482e-03 | time: 0.143
I 06.07/23:28:20 solver.py:169 ] => Train  Loss: 8.1024e-03

I 06.07/23:28:23 solver.py:405 ] [20/32] loss: 9.2727e-03 | NMSE: -1.6827e+01 | time: 0.132
I 06.07/23:28:24 solver.py:413 ] => Test NMSE: -1.7867e+01

I 06.07/23:28:24 solver.py:345 ] => LoRA monitor [epoch=51] | trainable=33792/33792 | non_lora_trainable=0 | lora_l2=4.908127e+00 | lora_A_l2=4.169062e+00 | lora_B_l2=2.590102e+00 | component_l2=decoder:4.908127e+00 | lora_abs_max=5.094935e-01 | delta_l2=4.855062e+00 | delta_rel=2.094293e+00 | train_loss=8.102400e-03 | test_loss=8.171134e-03 | nmse=-1.786688e+01
I 06.07/23:28:24 solver.py:224 ] 
=! Best NMSE: -1.7867e+01 (epoch=39)

I 06.07/23:28:27 solver.py:159 ] Epoch: [52/200][20/282] lr: 4.68e-04 | MSE loss: 6.5723e-03 | time: 0.136
I 06.07/23:28:30 solver.py:159 ] Epoch: [52/200][40/282] lr: 4.68e-04 | MSE loss: 7.8996e-03 | time: 0.132
I 06.07/23:28:32 solver.py:159 ] Epoch: [52/200][60/282] lr: 4.67e-04 | MSE loss: 8.4699e-03 | time: 0.125
I 06.07/23:28:34 solver.py:159 ] Epoch: [52/200][80/282] lr: 4.67e-04 | MSE loss: 8.1932e-03 | time: 0.126
I 06.07/23:28:37 solver.py:159 ] Epoch: [52/200][100/282] lr: 4.67e-04 | MSE loss: 8.0632e-03 | time: 0.127
I 06.07/23:28:39 solver.py:159 ] Epoch: [52/200][120/282] lr: 4.67e-04 | MSE loss: 8.1595e-03 | time: 0.126
I 06.07/23:28:42 solver.py:159 ] Epoch: [52/200][140/282] lr: 4.67e-04 | MSE loss: 8.2219e-03 | time: 0.127
I 06.07/23:28:45 solver.py:159 ] Epoch: [52/200][160/282] lr: 4.67e-04 | MSE loss: 8.3435e-03 | time: 0.126
I 06.07/23:28:47 solver.py:159 ] Epoch: [52/200][180/282] lr: 4.67e-04 | MSE loss: 8.2755e-03 | time: 0.126
I 06.07/23:28:49 solver.py:159 ] Epoch: [52/200][200/282] lr: 4.66e-04 | MSE loss: 8.1697e-03 | time: 0.125
I 06.07/23:28:52 solver.py:159 ] Epoch: [52/200][220/282] lr: 4.66e-04 | MSE loss: 8.1141e-03 | time: 0.126
I 06.07/23:28:54 solver.py:159 ] Epoch: [52/200][240/282] lr: 4.66e-04 | MSE loss: 8.2419e-03 | time: 0.125
I 06.07/23:28:57 solver.py:159 ] Epoch: [52/200][260/282] lr: 4.66e-04 | MSE loss: 8.0821e-03 | time: 0.126
I 06.07/23:29:00 solver.py:159 ] Epoch: [52/200][280/282] lr: 4.66e-04 | MSE loss: 8.1200e-03 | time: 0.126
I 06.07/23:29:00 solver.py:169 ] => Train  Loss: 8.1031e-03

I 06.07/23:29:05 solver.py:405 ] [20/32] loss: 9.2717e-03 | NMSE: -1.6827e+01 | time: 0.242
I 06.07/23:29:06 solver.py:413 ] => Test NMSE: -1.7867e+01

I 06.07/23:29:06 solver.py:345 ] => LoRA monitor [epoch=52] | trainable=33792/33792 | non_lora_trainable=0 | lora_l2=4.976923e+00 | lora_A_l2=4.228398e+00 | lora_B_l2=2.624960e+00 | component_l2=decoder:4.976923e+00 | lora_abs_max=5.245218e-01 | delta_l2=4.926494e+00 | delta_rel=2.125106e+00 | train_loss=8.103091e-03 | test_loss=8.170239e-03 | nmse=-1.786735e+01
I 06.07/23:29:06 solver.py:224 ] 
=! Best NMSE: -1.7867e+01 (epoch=39)

I 06.07/23:29:09 solver.py:159 ] Epoch: [53/200][20/282] lr: 4.66e-04 | MSE loss: 7.1102e-03 | time: 0.150
I 06.07/23:29:12 solver.py:159 ] Epoch: [53/200][40/282] lr: 4.66e-04 | MSE loss: 8.3434e-03 | time: 0.133
I 06.07/23:29:14 solver.py:159 ] Epoch: [53/200][60/282] lr: 4.65e-04 | MSE loss: 8.6719e-03 | time: 0.134
I 06.07/23:29:17 solver.py:159 ] Epoch: [53/200][80/282] lr: 4.65e-04 | MSE loss: 8.3353e-03 | time: 0.134
I 06.07/23:29:20 solver.py:159 ] Epoch: [53/200][100/282] lr: 4.65e-04 | MSE loss: 8.2735e-03 | time: 0.132
I 06.07/23:29:22 solver.py:159 ] Epoch: [53/200][120/282] lr: 4.65e-04 | MSE loss: 8.2077e-03 | time: 0.132
I 06.07/23:29:25 solver.py:159 ] Epoch: [53/200][140/282] lr: 4.65e-04 | MSE loss: 8.2536e-03 | time: 0.132
I 06.07/23:29:28 solver.py:159 ] Epoch: [53/200][160/282] lr: 4.65e-04 | MSE loss: 8.2223e-03 | time: 0.132
I 06.07/23:29:30 solver.py:159 ] Epoch: [53/200][180/282] lr: 4.64e-04 | MSE loss: 8.1744e-03 | time: 0.131
I 06.07/23:29:32 solver.py:159 ] Epoch: [53/200][200/282] lr: 4.64e-04 | MSE loss: 8.4062e-03 | time: 0.130
I 06.07/23:29:35 solver.py:159 ] Epoch: [53/200][220/282] lr: 4.64e-04 | MSE loss: 8.3972e-03 | time: 0.130
I 06.07/23:29:38 solver.py:159 ] Epoch: [53/200][240/282] lr: 4.64e-04 | MSE loss: 8.4149e-03 | time: 0.130
I 06.07/23:29:40 solver.py:159 ] Epoch: [53/200][260/282] lr: 4.64e-04 | MSE loss: 8.2562e-03 | time: 0.129
I 06.07/23:29:43 solver.py:159 ] Epoch: [53/200][280/282] lr: 4.64e-04 | MSE loss: 8.1365e-03 | time: 0.129
I 06.07/23:29:43 solver.py:169 ] => Train  Loss: 8.1440e-03

I 06.07/23:29:45 solver.py:405 ] [20/32] loss: 9.2723e-03 | NMSE: -1.6827e+01 | time: 0.123
I 06.07/23:29:47 solver.py:413 ] => Test NMSE: -1.7867e+01

I 06.07/23:29:47 solver.py:345 ] => LoRA monitor [epoch=53] | trainable=33792/33792 | non_lora_trainable=0 | lora_l2=5.054477e+00 | lora_A_l2=4.290952e+00 | lora_B_l2=2.671230e+00 | component_l2=decoder:5.054477e+00 | lora_abs_max=5.359949e-01 | delta_l2=5.006276e+00 | delta_rel=2.159521e+00 | train_loss=8.143986e-03 | test_loss=8.170870e-03 | nmse=-1.786702e+01
I 06.07/23:29:47 solver.py:224 ] 
=! Best NMSE: -1.7867e+01 (epoch=39)

I 06.07/23:29:50 solver.py:159 ] Epoch: [54/200][20/282] lr: 4.64e-04 | MSE loss: 8.1655e-03 | time: 0.145
I 06.07/23:29:52 solver.py:159 ] Epoch: [54/200][40/282] lr: 4.63e-04 | MSE loss: 8.0618e-03 | time: 0.138
I 06.07/23:29:55 solver.py:159 ] Epoch: [54/200][60/282] lr: 4.63e-04 | MSE loss: 8.1540e-03 | time: 0.135
I 06.07/23:29:58 solver.py:159 ] Epoch: [54/200][80/282] lr: 4.63e-04 | MSE loss: 8.0089e-03 | time: 0.136
I 06.07/23:30:00 solver.py:159 ] Epoch: [54/200][100/282] lr: 4.63e-04 | MSE loss: 8.1842e-03 | time: 0.136
I 06.07/23:30:05 solver.py:159 ] Epoch: [54/200][120/282] lr: 4.63e-04 | MSE loss: 8.0243e-03 | time: 0.153
I 06.07/23:30:08 solver.py:159 ] Epoch: [54/200][140/282] lr: 4.63e-04 | MSE loss: 7.8604e-03 | time: 0.152
I 06.07/23:30:11 solver.py:159 ] Epoch: [54/200][160/282] lr: 4.62e-04 | MSE loss: 8.1331e-03 | time: 0.149
I 06.07/23:30:13 solver.py:159 ] Epoch: [54/200][180/282] lr: 4.62e-04 | MSE loss: 8.0659e-03 | time: 0.147
I 06.07/23:30:16 solver.py:159 ] Epoch: [54/200][200/282] lr: 4.62e-04 | MSE loss: 8.1569e-03 | time: 0.144
I 06.07/23:30:18 solver.py:159 ] Epoch: [54/200][220/282] lr: 4.62e-04 | MSE loss: 8.1053e-03 | time: 0.143
I 06.07/23:30:21 solver.py:159 ] Epoch: [54/200][240/282] lr: 4.62e-04 | MSE loss: 8.1321e-03 | time: 0.142
I 06.07/23:30:23 solver.py:159 ] Epoch: [54/200][260/282] lr: 4.62e-04 | MSE loss: 8.2151e-03 | time: 0.140
I 06.07/23:30:26 solver.py:159 ] Epoch: [54/200][280/282] lr: 4.62e-04 | MSE loss: 8.1112e-03 | time: 0.138
I 06.07/23:30:26 solver.py:169 ] => Train  Loss: 8.1045e-03

I 06.07/23:30:28 solver.py:405 ] [20/32] loss: 9.2720e-03 | NMSE: -1.6827e+01 | time: 0.106
I 06.07/23:30:29 solver.py:413 ] => Test NMSE: -1.7867e+01

I 06.07/23:30:29 solver.py:345 ] => LoRA monitor [epoch=54] | trainable=33792/33792 | non_lora_trainable=0 | lora_l2=5.122825e+00 | lora_A_l2=4.349476e+00 | lora_B_l2=2.706546e+00 | component_l2=decoder:5.122825e+00 | lora_abs_max=5.504900e-01 | delta_l2=5.077383e+00 | delta_rel=2.190194e+00 | train_loss=8.104464e-03 | test_loss=8.170535e-03 | nmse=-1.786720e+01
I 06.07/23:30:29 solver.py:224 ] 
=! Best NMSE: -1.7867e+01 (epoch=39)

I 06.07/23:30:32 solver.py:159 ] Epoch: [55/200][20/282] lr: 4.61e-04 | MSE loss: 8.3441e-03 | time: 0.128
I 06.07/23:30:34 solver.py:159 ] Epoch: [55/200][40/282] lr: 4.61e-04 | MSE loss: 9.1378e-03 | time: 0.132
I 06.07/23:30:37 solver.py:159 ] Epoch: [55/200][60/282] lr: 4.61e-04 | MSE loss: 9.1154e-03 | time: 0.134
I 06.07/23:30:40 solver.py:159 ] Epoch: [55/200][80/282] lr: 4.61e-04 | MSE loss: 8.3705e-03 | time: 0.132
I 06.07/23:30:42 solver.py:159 ] Epoch: [55/200][100/282] lr: 4.61e-04 | MSE loss: 8.3692e-03 | time: 0.128
I 06.07/23:30:44 solver.py:159 ] Epoch: [55/200][120/282] lr: 4.61e-04 | MSE loss: 8.4777e-03 | time: 0.126
I 06.07/23:30:47 solver.py:159 ] Epoch: [55/200][140/282] lr: 4.60e-04 | MSE loss: 8.5579e-03 | time: 0.126
I 06.07/23:30:49 solver.py:159 ] Epoch: [55/200][160/282] lr: 4.60e-04 | MSE loss: 8.3486e-03 | time: 0.125
I 06.07/23:30:52 solver.py:159 ] Epoch: [55/200][180/282] lr: 4.60e-04 | MSE loss: 8.0487e-03 | time: 0.125
I 06.07/23:30:54 solver.py:159 ] Epoch: [55/200][200/282] lr: 4.60e-04 | MSE loss: 8.3088e-03 | time: 0.124
I 06.07/23:30:56 solver.py:159 ] Epoch: [55/200][220/282] lr: 4.60e-04 | MSE loss: 8.2545e-03 | time: 0.123
I 06.07/23:30:59 solver.py:159 ] Epoch: [55/200][240/282] lr: 4.60e-04 | MSE loss: 8.2193e-03 | time: 0.123
I 06.07/23:31:02 solver.py:159 ] Epoch: [55/200][260/282] lr: 4.59e-04 | MSE loss: 8.0809e-03 | time: 0.128
I 06.07/23:31:06 solver.py:159 ] Epoch: [55/200][280/282] lr: 4.59e-04 | MSE loss: 8.1447e-03 | time: 0.132
I 06.07/23:31:06 solver.py:169 ] => Train  Loss: 8.1018e-03

I 06.07/23:31:09 solver.py:405 ] [20/32] loss: 9.2716e-03 | NMSE: -1.6827e+01 | time: 0.130
I 06.07/23:31:10 solver.py:413 ] => Test NMSE: -1.7867e+01

I 06.07/23:31:10 solver.py:345 ] => LoRA monitor [epoch=55] | trainable=33792/33792 | non_lora_trainable=0 | lora_l2=5.190667e+00 | lora_A_l2=4.406574e+00 | lora_B_l2=2.743196e+00 | component_l2=decoder:5.190667e+00 | lora_abs_max=5.637788e-01 | delta_l2=5.148100e+00 | delta_rel=2.220699e+00 | train_loss=8.101824e-03 | test_loss=8.170126e-03 | nmse=-1.786741e+01
I 06.07/23:31:10 solver.py:224 ] 
=! Best NMSE: -1.7867e+01 (epoch=39)

I 06.07/23:31:13 solver.py:159 ] Epoch: [56/200][20/282] lr: 4.59e-04 | MSE loss: 8.6743e-03 | time: 0.135
I 06.07/23:31:16 solver.py:159 ] Epoch: [56/200][40/282] lr: 4.59e-04 | MSE loss: 7.4634e-03 | time: 0.134
I 06.07/23:31:18 solver.py:159 ] Epoch: [56/200][60/282] lr: 4.59e-04 | MSE loss: 8.2737e-03 | time: 0.134
I 06.07/23:31:21 solver.py:159 ] Epoch: [56/200][80/282] lr: 4.59e-04 | MSE loss: 8.1928e-03 | time: 0.134
I 06.07/23:31:24 solver.py:159 ] Epoch: [56/200][100/282] lr: 4.59e-04 | MSE loss: 8.5030e-03 | time: 0.135
I 06.07/23:31:26 solver.py:159 ] Epoch: [56/200][120/282] lr: 4.58e-04 | MSE loss: 8.4987e-03 | time: 0.131
I 06.07/23:31:28 solver.py:159 ] Epoch: [56/200][140/282] lr: 4.58e-04 | MSE loss: 8.3276e-03 | time: 0.129
I 06.07/23:31:31 solver.py:159 ] Epoch: [56/200][160/282] lr: 4.58e-04 | MSE loss: 8.0838e-03 | time: 0.130
I 06.07/23:31:34 solver.py:159 ] Epoch: [56/200][180/282] lr: 4.58e-04 | MSE loss: 8.3007e-03 | time: 0.129
I 06.07/23:31:36 solver.py:159 ] Epoch: [56/200][200/282] lr: 4.58e-04 | MSE loss: 8.2682e-03 | time: 0.130
I 06.07/23:31:39 solver.py:159 ] Epoch: [56/200][220/282] lr: 4.58e-04 | MSE loss: 8.2719e-03 | time: 0.130
I 06.07/23:31:42 solver.py:159 ] Epoch: [56/200][240/282] lr: 4.57e-04 | MSE loss: 8.3679e-03 | time: 0.131
I 06.07/23:31:45 solver.py:159 ] Epoch: [56/200][260/282] lr: 4.57e-04 | MSE loss: 8.2380e-03 | time: 0.132
I 06.07/23:31:48 solver.py:159 ] Epoch: [56/200][280/282] lr: 4.57e-04 | MSE loss: 8.1423e-03 | time: 0.133
I 06.07/23:31:48 solver.py:169 ] => Train  Loss: 8.1012e-03

I 06.07/23:31:51 solver.py:405 ] [20/32] loss: 9.2711e-03 | NMSE: -1.6827e+01 | time: 0.158
I 06.07/23:31:53 solver.py:413 ] => Test NMSE: -1.7868e+01

I 06.07/23:31:53 solver.py:345 ] => LoRA monitor [epoch=56] | trainable=33792/33792 | non_lora_trainable=0 | lora_l2=5.255334e+00 | lora_A_l2=4.460148e+00 | lora_B_l2=2.779500e+00 | component_l2=decoder:5.255334e+00 | lora_abs_max=5.693452e-01 | delta_l2=5.214451e+00 | delta_rel=2.249320e+00 | train_loss=8.101244e-03 | test_loss=8.169720e-03 | nmse=-1.786763e+01
I 06.07/23:31:54 solver.py:224 ] 
=! Best NMSE: -1.7868e+01 (epoch=56)

I 06.07/23:31:57 solver.py:159 ] Epoch: [57/200][20/282] lr: 4.57e-04 | MSE loss: 6.8559e-03 | time: 0.151
I 06.07/23:32:00 solver.py:159 ] Epoch: [57/200][40/282] lr: 4.57e-04 | MSE loss: 7.0280e-03 | time: 0.156
I 06.07/23:32:05 solver.py:159 ] Epoch: [57/200][60/282] lr: 4.57e-04 | MSE loss: 7.5273e-03 | time: 0.190
I 06.07/23:32:08 solver.py:159 ] Epoch: [57/200][80/282] lr: 4.56e-04 | MSE loss: 7.5917e-03 | time: 0.179
I 06.07/23:32:11 solver.py:159 ] Epoch: [57/200][100/282] lr: 4.56e-04 | MSE loss: 7.3047e-03 | time: 0.174
I 06.07/23:32:14 solver.py:159 ] Epoch: [57/200][120/282] lr: 4.56e-04 | MSE loss: 7.3284e-03 | time: 0.168
I 06.07/23:32:17 solver.py:159 ] Epoch: [57/200][140/282] lr: 4.56e-04 | MSE loss: 7.6157e-03 | time: 0.161
I 06.07/23:32:19 solver.py:159 ] Epoch: [57/200][160/282] lr: 4.56e-04 | MSE loss: 7.5665e-03 | time: 0.156
I 06.07/23:32:21 solver.py:159 ] Epoch: [57/200][180/282] lr: 4.56e-04 | MSE loss: 7.7810e-03 | time: 0.151
I 06.07/23:32:23 solver.py:159 ] Epoch: [57/200][200/282] lr: 4.55e-04 | MSE loss: 8.1040e-03 | time: 0.147
I 06.07/23:32:26 solver.py:159 ] Epoch: [57/200][220/282] lr: 4.55e-04 | MSE loss: 8.2062e-03 | time: 0.144
I 06.07/23:32:28 solver.py:159 ] Epoch: [57/200][240/282] lr: 4.55e-04 | MSE loss: 8.2939e-03 | time: 0.142
I 06.07/23:32:31 solver.py:159 ] Epoch: [57/200][260/282] lr: 4.55e-04 | MSE loss: 8.0998e-03 | time: 0.141
I 06.07/23:32:33 solver.py:159 ] Epoch: [57/200][280/282] lr: 4.55e-04 | MSE loss: 8.1368e-03 | time: 0.139
I 06.07/23:32:33 solver.py:169 ] => Train  Loss: 8.1024e-03

I 06.07/23:32:35 solver.py:405 ] [20/32] loss: 9.2712e-03 | NMSE: -1.6827e+01 | time: 0.093
I 06.07/23:32:36 solver.py:413 ] => Test NMSE: -1.7868e+01

I 06.07/23:32:36 solver.py:345 ] => LoRA monitor [epoch=57] | trainable=33792/33792 | non_lora_trainable=0 | lora_l2=5.324852e+00 | lora_A_l2=4.520148e+00 | lora_B_l2=2.814660e+00 | component_l2=decoder:5.324852e+00 | lora_abs_max=5.816574e-01 | delta_l2=5.286214e+00 | delta_rel=2.280276e+00 | train_loss=8.102355e-03 | test_loss=8.169908e-03 | nmse=-1.786753e+01
I 06.07/23:32:36 solver.py:224 ] 
=! Best NMSE: -1.7868e+01 (epoch=56)

I 06.07/23:32:38 solver.py:159 ] Epoch: [58/200][20/282] lr: 4.55e-04 | MSE loss: 1.0662e-02 | time: 0.110
I 06.07/23:32:40 solver.py:159 ] Epoch: [58/200][40/282] lr: 4.54e-04 | MSE loss: 8.6616e-03 | time: 0.102
I 06.07/23:32:42 solver.py:159 ] Epoch: [58/200][60/282] lr: 4.54e-04 | MSE loss: 8.7464e-03 | time: 0.102
I 06.07/23:32:44 solver.py:159 ] Epoch: [58/200][80/282] lr: 4.54e-04 | MSE loss: 8.6990e-03 | time: 0.102
I 06.07/23:32:46 solver.py:159 ] Epoch: [58/200][100/282] lr: 4.54e-04 | MSE loss: 9.1197e-03 | time: 0.101
I 06.07/23:32:49 solver.py:159 ] Epoch: [58/200][120/282] lr: 4.54e-04 | MSE loss: 8.7703e-03 | time: 0.106
I 06.07/23:32:51 solver.py:159 ] Epoch: [58/200][140/282] lr: 4.54e-04 | MSE loss: 8.5904e-03 | time: 0.109
I 06.07/23:32:54 solver.py:159 ] Epoch: [58/200][160/282] lr: 4.53e-04 | MSE loss: 8.3821e-03 | time: 0.110
I 06.07/23:32:57 solver.py:159 ] Epoch: [58/200][180/282] lr: 4.53e-04 | MSE loss: 8.2454e-03 | time: 0.115
I 06.07/23:32:59 solver.py:159 ] Epoch: [58/200][200/282] lr: 4.53e-04 | MSE loss: 7.9968e-03 | time: 0.117
I 06.07/23:33:05 solver.py:159 ] Epoch: [58/200][220/282] lr: 4.53e-04 | MSE loss: 7.8958e-03 | time: 0.130
I 06.07/23:33:08 solver.py:159 ] Epoch: [58/200][240/282] lr: 4.53e-04 | MSE loss: 7.9966e-03 | time: 0.133
I 06.07/23:33:11 solver.py:159 ] Epoch: [58/200][260/282] lr: 4.52e-04 | MSE loss: 7.9897e-03 | time: 0.136
I 06.07/23:33:15 solver.py:159 ] Epoch: [58/200][280/282] lr: 4.52e-04 | MSE loss: 8.1176e-03 | time: 0.138
I 06.07/23:33:15 solver.py:169 ] => Train  Loss: 8.1014e-03

I 06.07/23:33:18 solver.py:405 ] [20/32] loss: 9.2725e-03 | NMSE: -1.6827e+01 | time: 0.124
I 06.07/23:33:19 solver.py:413 ] => Test NMSE: -1.7867e+01

I 06.07/23:33:19 solver.py:345 ] => LoRA monitor [epoch=58] | trainable=33792/33792 | non_lora_trainable=0 | lora_l2=5.395182e+00 | lora_A_l2=4.579738e+00 | lora_B_l2=2.852016e+00 | component_l2=decoder:5.395182e+00 | lora_abs_max=5.929047e-01 | delta_l2=5.358313e+00 | delta_rel=2.311377e+00 | train_loss=8.101441e-03 | test_loss=8.170937e-03 | nmse=-1.786698e+01
I 06.07/23:33:19 solver.py:224 ] 
=! Best NMSE: -1.7868e+01 (epoch=56)

I 06.07/23:33:22 solver.py:159 ] Epoch: [59/200][20/282] lr: 4.52e-04 | MSE loss: 9.2404e-03 | time: 0.125
I 06.07/23:33:24 solver.py:159 ] Epoch: [59/200][40/282] lr: 4.52e-04 | MSE loss: 8.6836e-03 | time: 0.127
I 06.07/23:33:27 solver.py:159 ] Epoch: [59/200][60/282] lr: 4.52e-04 | MSE loss: 8.9318e-03 | time: 0.133
I 06.07/23:33:30 solver.py:159 ] Epoch: [59/200][80/282] lr: 4.52e-04 | MSE loss: 8.1924e-03 | time: 0.134
I 06.07/23:33:32 solver.py:159 ] Epoch: [59/200][100/282] lr: 4.51e-04 | MSE loss: 8.2731e-03 | time: 0.133
I 06.07/23:33:35 solver.py:159 ] Epoch: [59/200][120/282] lr: 4.51e-04 | MSE loss: 8.4470e-03 | time: 0.133
I 06.07/23:33:38 solver.py:159 ] Epoch: [59/200][140/282] lr: 4.51e-04 | MSE loss: 7.9284e-03 | time: 0.134
I 06.07/23:33:41 solver.py:159 ] Epoch: [59/200][160/282] lr: 4.51e-04 | MSE loss: 7.8884e-03 | time: 0.135
I 06.07/23:33:43 solver.py:159 ] Epoch: [59/200][180/282] lr: 4.51e-04 | MSE loss: 8.1277e-03 | time: 0.135
I 06.07/23:33:46 solver.py:159 ] Epoch: [59/200][200/282] lr: 4.51e-04 | MSE loss: 8.0700e-03 | time: 0.135
I 06.07/23:33:49 solver.py:159 ] Epoch: [59/200][220/282] lr: 4.50e-04 | MSE loss: 8.0939e-03 | time: 0.135
I 06.07/23:33:52 solver.py:159 ] Epoch: [59/200][240/282] lr: 4.50e-04 | MSE loss: 8.0850e-03 | time: 0.136
I 06.07/23:33:54 solver.py:159 ] Epoch: [59/200][260/282] lr: 4.50e-04 | MSE loss: 8.1341e-03 | time: 0.136
I 06.07/23:33:57 solver.py:159 ] Epoch: [59/200][280/282] lr: 4.50e-04 | MSE loss: 8.1332e-03 | time: 0.135
I 06.07/23:33:57 solver.py:169 ] => Train  Loss: 8.1467e-03

I 06.07/23:34:00 solver.py:405 ] [20/32] loss: 9.2714e-03 | NMSE: -1.6827e+01 | time: 0.143
I 06.07/23:34:03 solver.py:413 ] => Test NMSE: -1.7867e+01

I 06.07/23:34:03 solver.py:345 ] => LoRA monitor [epoch=59] | trainable=33792/33792 | non_lora_trainable=0 | lora_l2=5.462774e+00 | lora_A_l2=4.637710e+00 | lora_B_l2=2.886788e+00 | component_l2=decoder:5.462774e+00 | lora_abs_max=6.029099e-01 | delta_l2=5.427690e+00 | delta_rel=2.341303e+00 | train_loss=8.146665e-03 | test_loss=8.169980e-03 | nmse=-1.786749e+01
I 06.07/23:34:03 solver.py:224 ] 
=! Best NMSE: -1.7868e+01 (epoch=56)

I 06.07/23:34:07 solver.py:159 ] Epoch: [60/200][20/282] lr: 4.50e-04 | MSE loss: 8.8280e-03 | time: 0.183
I 06.07/23:34:09 solver.py:159 ] Epoch: [60/200][40/282] lr: 4.50e-04 | MSE loss: 9.1150e-03 | time: 0.158
I 06.07/23:34:12 solver.py:159 ] Epoch: [60/200][60/282] lr: 4.49e-04 | MSE loss: 8.3178e-03 | time: 0.149
I 06.07/23:34:14 solver.py:159 ] Epoch: [60/200][80/282] lr: 4.49e-04 | MSE loss: 8.3706e-03 | time: 0.143
I 06.07/23:34:17 solver.py:159 ] Epoch: [60/200][100/282] lr: 4.49e-04 | MSE loss: 8.3859e-03 | time: 0.144
I 06.07/23:34:20 solver.py:159 ] Epoch: [60/200][120/282] lr: 4.49e-04 | MSE loss: 8.6565e-03 | time: 0.141
I 06.07/23:34:23 solver.py:159 ] Epoch: [60/200][140/282] lr: 4.49e-04 | MSE loss: 8.4134e-03 | time: 0.141
I 06.07/23:34:25 solver.py:159 ] Epoch: [60/200][160/282] lr: 4.48e-04 | MSE loss: 8.5524e-03 | time: 0.135
I 06.07/23:34:27 solver.py:159 ] Epoch: [60/200][180/282] lr: 4.48e-04 | MSE loss: 8.5133e-03 | time: 0.132
I 06.07/23:34:29 solver.py:159 ] Epoch: [60/200][200/282] lr: 4.48e-04 | MSE loss: 8.4131e-03 | time: 0.129
I 06.07/23:34:31 solver.py:159 ] Epoch: [60/200][220/282] lr: 4.48e-04 | MSE loss: 8.3545e-03 | time: 0.126
I 06.07/23:34:32 solver.py:159 ] Epoch: [60/200][240/282] lr: 4.48e-04 | MSE loss: 8.3237e-03 | time: 0.122
I 06.07/23:34:34 solver.py:159 ] Epoch: [60/200][260/282] lr: 4.48e-04 | MSE loss: 8.2003e-03 | time: 0.119
I 06.07/23:34:36 solver.py:159 ] Epoch: [60/200][280/282] lr: 4.47e-04 | MSE loss: 8.1445e-03 | time: 0.119
I 06.07/23:34:37 solver.py:169 ] => Train  Loss: 8.1019e-03

I 06.07/23:34:38 solver.py:159 ] Epoch: [60/200][20/32] lr: 4.47e-04 | MSE loss: 9.2712e-03 | time: 0.086
I 06.07/23:34:39 solver.py:169 ] => Val  Loss: 7.9873e-03

I 06.07/23:34:41 solver.py:405 ] [20/32] loss: 9.2712e-03 | NMSE: -1.6827e+01 | time: 0.089
I 06.07/23:34:42 solver.py:413 ] => Test NMSE: -1.7868e+01

I 06.07/23:34:42 solver.py:345 ] => LoRA monitor [epoch=60] | trainable=33792/33792 | non_lora_trainable=0 | lora_l2=5.529408e+00 | lora_A_l2=4.694495e+00 | lora_B_l2=2.921656e+00 | component_l2=decoder:5.529408e+00 | lora_abs_max=6.173407e-01 | delta_l2=5.496686e+00 | delta_rel=2.371066e+00 | train_loss=8.101940e-03 | val_loss=7.987284e-03 | test_loss=8.169794e-03 | nmse=-1.786759e+01
I 06.07/23:34:42 solver.py:224 ] 
=! Best NMSE: -1.7868e+01 (epoch=56)

I 06.07/23:34:44 solver.py:159 ] Epoch: [61/200][20/282] lr: 4.47e-04 | MSE loss: 8.0834e-03 | time: 0.115
I 06.07/23:34:46 solver.py:159 ] Epoch: [61/200][40/282] lr: 4.47e-04 | MSE loss: 6.8825e-03 | time: 0.108
I 06.07/23:34:48 solver.py:159 ] Epoch: [61/200][60/282] lr: 4.47e-04 | MSE loss: 7.5069e-03 | time: 0.103
I 06.07/23:34:50 solver.py:159 ] Epoch: [61/200][80/282] lr: 4.47e-04 | MSE loss: 7.6716e-03 | time: 0.104
I 06.07/23:34:52 solver.py:159 ] Epoch: [61/200][100/282] lr: 4.46e-04 | MSE loss: 7.7476e-03 | time: 0.102
I 06.07/23:34:54 solver.py:159 ] Epoch: [61/200][120/282] lr: 4.46e-04 | MSE loss: 7.8645e-03 | time: 0.103
I 06.07/23:34:56 solver.py:159 ] Epoch: [61/200][140/282] lr: 4.46e-04 | MSE loss: 7.7816e-03 | time: 0.101
I 06.07/23:34:58 solver.py:159 ] Epoch: [61/200][160/282] lr: 4.46e-04 | MSE loss: 8.0111e-03 | time: 0.102
I 06.07/23:35:00 solver.py:159 ] Epoch: [61/200][180/282] lr: 4.46e-04 | MSE loss: 7.9351e-03 | time: 0.101
I 06.07/23:35:03 solver.py:159 ] Epoch: [61/200][200/282] lr: 4.46e-04 | MSE loss: 8.1384e-03 | time: 0.105
I 06.07/23:35:05 solver.py:159 ] Epoch: [61/200][220/282] lr: 4.45e-04 | MSE loss: 8.1792e-03 | time: 0.104
I 06.07/23:35:06 solver.py:159 ] Epoch: [61/200][240/282] lr: 4.45e-04 | MSE loss: 8.1981e-03 | time: 0.101
I 06.07/23:35:08 solver.py:159 ] Epoch: [61/200][260/282] lr: 4.45e-04 | MSE loss: 8.1848e-03 | time: 0.101
I 06.07/23:35:10 solver.py:159 ] Epoch: [61/200][280/282] lr: 4.45e-04 | MSE loss: 8.1425e-03 | time: 0.100
I 06.07/23:35:10 solver.py:169 ] => Train  Loss: 8.1018e-03

I 06.07/23:35:12 solver.py:405 ] [20/32] loss: 9.2713e-03 | NMSE: -1.6827e+01 | time: 0.104
I 06.07/23:35:14 solver.py:413 ] => Test NMSE: -1.7868e+01

I 06.07/23:35:14 solver.py:345 ] => LoRA monitor [epoch=61] | trainable=33792/33792 | non_lora_trainable=0 | lora_l2=5.592744e+00 | lora_A_l2=4.750015e+00 | lora_B_l2=2.952311e+00 | component_l2=decoder:5.592744e+00 | lora_abs_max=6.255230e-01 | delta_l2=5.561520e+00 | delta_rel=2.399032e+00 | train_loss=8.101803e-03 | test_loss=8.169911e-03 | nmse=-1.786753e+01
I 06.07/23:35:14 solver.py:224 ] 
=! Best NMSE: -1.7868e+01 (epoch=56)

I 06.07/23:35:15 solver.py:159 ] Epoch: [62/200][20/282] lr: 4.45e-04 | MSE loss: 1.0203e-02 | time: 0.094
I 06.07/23:35:17 solver.py:159 ] Epoch: [62/200][40/282] lr: 4.44e-04 | MSE loss: 9.5297e-03 | time: 0.096
I 06.07/23:35:19 solver.py:159 ] Epoch: [62/200][60/282] lr: 4.44e-04 | MSE loss: 9.0280e-03 | time: 0.097
I 06.07/23:35:21 solver.py:159 ] Epoch: [62/200][80/282] lr: 4.44e-04 | MSE loss: 8.6172e-03 | time: 0.094
I 06.07/23:35:23 solver.py:159 ] Epoch: [62/200][100/282] lr: 4.44e-04 | MSE loss: 8.2491e-03 | time: 0.092
I 06.07/23:35:24 solver.py:159 ] Epoch: [62/200][120/282] lr: 4.44e-04 | MSE loss: 7.8267e-03 | time: 0.090
I 06.07/23:35:26 solver.py:159 ] Epoch: [62/200][140/282] lr: 4.44e-04 | MSE loss: 7.9161e-03 | time: 0.090
I 06.07/23:35:28 solver.py:159 ] Epoch: [62/200][160/282] lr: 4.43e-04 | MSE loss: 8.0071e-03 | time: 0.089
I 06.07/23:35:30 solver.py:159 ] Epoch: [62/200][180/282] lr: 4.43e-04 | MSE loss: 7.9961e-03 | time: 0.089
I 06.07/23:35:31 solver.py:159 ] Epoch: [62/200][200/282] lr: 4.43e-04 | MSE loss: 7.9922e-03 | time: 0.090
I 06.07/23:35:33 solver.py:159 ] Epoch: [62/200][220/282] lr: 4.43e-04 | MSE loss: 8.1424e-03 | time: 0.090
I 06.07/23:35:35 solver.py:159 ] Epoch: [62/200][240/282] lr: 4.43e-04 | MSE loss: 8.1727e-03 | time: 0.091
I 06.07/23:35:37 solver.py:159 ] Epoch: [62/200][260/282] lr: 4.42e-04 | MSE loss: 8.1472e-03 | time: 0.092
I 06.07/23:35:39 solver.py:159 ] Epoch: [62/200][280/282] lr: 4.42e-04 | MSE loss: 8.1357e-03 | time: 0.093
I 06.07/23:35:40 solver.py:169 ] => Train  Loss: 8.1479e-03

I 06.07/23:35:41 solver.py:405 ] [20/32] loss: 9.2733e-03 | NMSE: -1.6826e+01 | time: 0.081
I 06.07/23:35:42 solver.py:413 ] => Test NMSE: -1.7866e+01

I 06.07/23:35:42 solver.py:345 ] => LoRA monitor [epoch=62] | trainable=33792/33792 | non_lora_trainable=0 | lora_l2=5.657701e+00 | lora_A_l2=4.805467e+00 | lora_B_l2=2.986147e+00 | component_l2=decoder:5.657701e+00 | lora_abs_max=6.377321e-01 | delta_l2=5.628043e+00 | delta_rel=2.427728e+00 | train_loss=8.147941e-03 | test_loss=8.171967e-03 | nmse=-1.786644e+01
I 06.07/23:35:42 solver.py:224 ] 
=! Best NMSE: -1.7868e+01 (epoch=56)

I 06.07/23:35:44 solver.py:159 ] Epoch: [63/200][20/282] lr: 4.42e-04 | MSE loss: 6.1570e-03 | time: 0.106
I 06.07/23:35:46 solver.py:159 ] Epoch: [63/200][40/282] lr: 4.42e-04 | MSE loss: 7.8029e-03 | time: 0.099
I 06.07/23:35:48 solver.py:159 ] Epoch: [63/200][60/282] lr: 4.42e-04 | MSE loss: 7.6628e-03 | time: 0.098
I 06.07/23:35:50 solver.py:159 ] Epoch: [63/200][80/282] lr: 4.41e-04 | MSE loss: 8.4902e-03 | time: 0.097
I 06.07/23:35:52 solver.py:159 ] Epoch: [63/200][100/282] lr: 4.41e-04 | MSE loss: 8.8010e-03 | time: 0.096
I 06.07/23:35:53 solver.py:159 ] Epoch: [63/200][120/282] lr: 4.41e-04 | MSE loss: 8.6542e-03 | time: 0.094
I 06.07/23:35:55 solver.py:159 ] Epoch: [63/200][140/282] lr: 4.41e-04 | MSE loss: 8.4682e-03 | time: 0.093
I 06.07/23:35:57 solver.py:159 ] Epoch: [63/200][160/282] lr: 4.41e-04 | MSE loss: 8.3968e-03 | time: 0.094
I 06.07/23:35:59 solver.py:159 ] Epoch: [63/200][180/282] lr: 4.41e-04 | MSE loss: 8.0780e-03 | time: 0.095
I 06.07/23:36:02 solver.py:159 ] Epoch: [63/200][200/282] lr: 4.40e-04 | MSE loss: 8.2565e-03 | time: 0.097
I 06.07/23:36:05 solver.py:159 ] Epoch: [63/200][220/282] lr: 4.40e-04 | MSE loss: 8.0109e-03 | time: 0.103
I 06.07/23:36:07 solver.py:159 ] Epoch: [63/200][240/282] lr: 4.40e-04 | MSE loss: 7.9596e-03 | time: 0.102
I 06.07/23:36:08 solver.py:159 ] Epoch: [63/200][260/282] lr: 4.40e-04 | MSE loss: 8.0416e-03 | time: 0.100
I 06.07/23:36:10 solver.py:159 ] Epoch: [63/200][280/282] lr: 4.40e-04 | MSE loss: 8.1290e-03 | time: 0.099
I 06.07/23:36:10 solver.py:169 ] => Train  Loss: 8.1016e-03

I 06.07/23:36:12 solver.py:405 ] [20/32] loss: 9.2708e-03 | NMSE: -1.6827e+01 | time: 0.088
I 06.07/23:36:13 solver.py:413 ] => Test NMSE: -1.7868e+01

I 06.07/23:36:13 solver.py:345 ] => LoRA monitor [epoch=63] | trainable=33792/33792 | non_lora_trainable=0 | lora_l2=5.718792e+00 | lora_A_l2=4.861048e+00 | lora_B_l2=3.012441e+00 | component_l2=decoder:5.718792e+00 | lora_abs_max=6.511679e-01 | delta_l2=5.690755e+00 | delta_rel=2.454780e+00 | train_loss=8.101648e-03 | test_loss=8.169401e-03 | nmse=-1.786780e+01
I 06.07/23:36:13 solver.py:224 ] 
=! Best NMSE: -1.7868e+01 (epoch=63)

I 06.07/23:36:16 solver.py:159 ] Epoch: [64/200][20/282] lr: 4.39e-04 | MSE loss: 7.0686e-03 | time: 0.105
I 06.07/23:36:17 solver.py:159 ] Epoch: [64/200][40/282] lr: 4.39e-04 | MSE loss: 7.3146e-03 | time: 0.101
I 06.07/23:36:19 solver.py:159 ] Epoch: [64/200][60/282] lr: 4.39e-04 | MSE loss: 7.1726e-03 | time: 0.093
I 06.07/23:36:21 solver.py:159 ] Epoch: [64/200][80/282] lr: 4.39e-04 | MSE loss: 7.1263e-03 | time: 0.093
I 06.07/23:36:23 solver.py:159 ] Epoch: [64/200][100/282] lr: 4.39e-04 | MSE loss: 7.7757e-03 | time: 0.092
I 06.07/23:36:24 solver.py:159 ] Epoch: [64/200][120/282] lr: 4.38e-04 | MSE loss: 7.9797e-03 | time: 0.091
I 06.07/23:36:26 solver.py:159 ] Epoch: [64/200][140/282] lr: 4.38e-04 | MSE loss: 8.1729e-03 | time: 0.092
I 06.07/23:36:28 solver.py:159 ] Epoch: [64/200][160/282] lr: 4.38e-04 | MSE loss: 8.1797e-03 | time: 0.093
I 06.07/23:36:30 solver.py:159 ] Epoch: [64/200][180/282] lr: 4.38e-04 | MSE loss: 8.4250e-03 | time: 0.092
I 06.07/23:36:32 solver.py:159 ] Epoch: [64/200][200/282] lr: 4.38e-04 | MSE loss: 8.5011e-03 | time: 0.092
I 06.07/23:36:34 solver.py:159 ] Epoch: [64/200][220/282] lr: 4.37e-04 | MSE loss: 8.2596e-03 | time: 0.093
I 06.07/23:36:36 solver.py:159 ] Epoch: [64/200][240/282] lr: 4.37e-04 | MSE loss: 8.2326e-03 | time: 0.093
I 06.07/23:36:38 solver.py:159 ] Epoch: [64/200][260/282] lr: 4.37e-04 | MSE loss: 8.0999e-03 | time: 0.093
I 06.07/23:36:40 solver.py:159 ] Epoch: [64/200][280/282] lr: 4.37e-04 | MSE loss: 8.1464e-03 | time: 0.094
I 06.07/23:36:40 solver.py:169 ] => Train  Loss: 8.1051e-03

I 06.07/23:36:42 solver.py:405 ] [20/32] loss: 9.2708e-03 | NMSE: -1.6827e+01 | time: 0.097
I 06.07/23:36:43 solver.py:413 ] => Test NMSE: -1.7868e+01

I 06.07/23:36:43 solver.py:345 ] => LoRA monitor [epoch=64] | trainable=33792/33792 | non_lora_trainable=0 | lora_l2=5.780751e+00 | lora_A_l2=4.914027e+00 | lora_B_l2=3.044571e+00 | component_l2=decoder:5.780751e+00 | lora_abs_max=6.566319e-01 | delta_l2=5.753918e+00 | delta_rel=2.482026e+00 | train_loss=8.105054e-03 | test_loss=8.169431e-03 | nmse=-1.786778e+01
I 06.07/23:36:43 solver.py:224 ] 
=! Best NMSE: -1.7868e+01 (epoch=63)

I 06.07/23:36:45 solver.py:159 ] Epoch: [65/200][20/282] lr: 4.37e-04 | MSE loss: 4.9026e-03 | time: 0.096
I 06.07/23:36:46 solver.py:159 ] Epoch: [65/200][40/282] lr: 4.36e-04 | MSE loss: 6.7634e-03 | time: 0.091
I 06.07/23:36:48 solver.py:159 ] Epoch: [65/200][60/282] lr: 4.36e-04 | MSE loss: 6.8683e-03 | time: 0.091
I 06.07/23:36:50 solver.py:159 ] Epoch: [65/200][80/282] lr: 4.36e-04 | MSE loss: 7.1426e-03 | time: 0.093
I 06.07/23:36:52 solver.py:159 ] Epoch: [65/200][100/282] lr: 4.36e-04 | MSE loss: 7.7675e-03 | time: 0.091
I 06.07/23:36:54 solver.py:159 ] Epoch: [65/200][120/282] lr: 4.36e-04 | MSE loss: 7.5510e-03 | time: 0.093
I 06.07/23:36:56 solver.py:159 ] Epoch: [65/200][140/282] lr: 4.35e-04 | MSE loss: 8.0672e-03 | time: 0.093
I 06.07/23:36:58 solver.py:159 ] Epoch: [65/200][160/282] lr: 4.35e-04 | MSE loss: 8.4932e-03 | time: 0.093
I 06.07/23:37:00 solver.py:159 ] Epoch: [65/200][180/282] lr: 4.35e-04 | MSE loss: 8.1986e-03 | time: 0.094
I 06.07/23:37:03 solver.py:159 ] Epoch: [65/200][200/282] lr: 4.35e-04 | MSE loss: 8.1025e-03 | time: 0.099
I 06.07/23:37:05 solver.py:159 ] Epoch: [65/200][220/282] lr: 4.35e-04 | MSE loss: 8.2181e-03 | time: 0.102
I 06.07/23:37:07 solver.py:159 ] Epoch: [65/200][240/282] lr: 4.35e-04 | MSE loss: 8.2533e-03 | time: 0.101
I 06.07/23:37:09 solver.py:159 ] Epoch: [65/200][260/282] lr: 4.34e-04 | MSE loss: 8.1448e-03 | time: 0.100
I 06.07/23:37:11 solver.py:159 ] Epoch: [65/200][280/282] lr: 4.34e-04 | MSE loss: 8.1173e-03 | time: 0.100
I 06.07/23:37:11 solver.py:169 ] => Train  Loss: 8.1838e-03

I 06.07/23:37:13 solver.py:405 ] [20/32] loss: 9.2714e-03 | NMSE: -1.6827e+01 | time: 0.081
I 06.07/23:37:13 solver.py:413 ] => Test NMSE: -1.7867e+01

I 06.07/23:37:13 solver.py:345 ] => LoRA monitor [epoch=65] | trainable=33792/33792 | non_lora_trainable=0 | lora_l2=5.842001e+00 | lora_A_l2=4.967294e+00 | lora_B_l2=3.074893e+00 | component_l2=decoder:5.842001e+00 | lora_abs_max=6.691575e-01 | delta_l2=5.816276e+00 | delta_rel=2.508925e+00 | train_loss=8.183805e-03 | test_loss=8.170075e-03 | nmse=-1.786744e+01
I 06.07/23:37:13 solver.py:224 ] 
=! Best NMSE: -1.7868e+01 (epoch=63)

I 06.07/23:37:16 solver.py:159 ] Epoch: [66/200][20/282] lr: 4.34e-04 | MSE loss: 8.1565e-03 | time: 0.109
I 06.07/23:37:18 solver.py:159 ] Epoch: [66/200][40/282] lr: 4.34e-04 | MSE loss: 8.8818e-03 | time: 0.103
I 06.07/23:37:19 solver.py:159 ] Epoch: [66/200][60/282] lr: 4.34e-04 | MSE loss: 7.8050e-03 | time: 0.099
I 06.07/23:37:21 solver.py:159 ] Epoch: [66/200][80/282] lr: 4.33e-04 | MSE loss: 7.8862e-03 | time: 0.096
I 06.07/23:37:23 solver.py:159 ] Epoch: [66/200][100/282] lr: 4.33e-04 | MSE loss: 7.8802e-03 | time: 0.098
I 06.07/23:37:25 solver.py:159 ] Epoch: [66/200][120/282] lr: 4.33e-04 | MSE loss: 7.9497e-03 | time: 0.096
I 06.07/23:37:27 solver.py:159 ] Epoch: [66/200][140/282] lr: 4.33e-04 | MSE loss: 7.7860e-03 | time: 0.095
I 06.07/23:37:29 solver.py:159 ] Epoch: [66/200][160/282] lr: 4.33e-04 | MSE loss: 7.6901e-03 | time: 0.095
I 06.07/23:37:30 solver.py:159 ] Epoch: [66/200][180/282] lr: 4.32e-04 | MSE loss: 7.4803e-03 | time: 0.094
I 06.07/23:37:32 solver.py:159 ] Epoch: [66/200][200/282] lr: 4.32e-04 | MSE loss: 7.5275e-03 | time: 0.092
I 06.07/23:37:34 solver.py:159 ] Epoch: [66/200][220/282] lr: 4.32e-04 | MSE loss: 7.6904e-03 | time: 0.091
I 06.07/23:37:35 solver.py:159 ] Epoch: [66/200][240/282] lr: 4.32e-04 | MSE loss: 7.7763e-03 | time: 0.091
I 06.07/23:37:37 solver.py:159 ] Epoch: [66/200][260/282] lr: 4.32e-04 | MSE loss: 7.8725e-03 | time: 0.090
I 06.07/23:37:38 solver.py:159 ] Epoch: [66/200][280/282] lr: 4.31e-04 | MSE loss: 8.1275e-03 | time: 0.089
I 06.07/23:37:39 solver.py:169 ] => Train  Loss: 8.1018e-03

I 06.07/23:37:40 solver.py:405 ] [20/32] loss: 9.2724e-03 | NMSE: -1.6826e+01 | time: 0.073
I 06.07/23:37:41 solver.py:413 ] => Test NMSE: -1.7867e+01

I 06.07/23:37:41 solver.py:345 ] => LoRA monitor [epoch=66] | trainable=33792/33792 | non_lora_trainable=0 | lora_l2=5.901205e+00 | lora_A_l2=5.019042e+00 | lora_B_l2=3.103778e+00 | component_l2=decoder:5.901205e+00 | lora_abs_max=6.811488e-01 | delta_l2=5.877208e+00 | delta_rel=2.535209e+00 | train_loss=8.101833e-03 | test_loss=8.171017e-03 | nmse=-1.786694e+01
I 06.07/23:37:41 solver.py:224 ] 
=! Best NMSE: -1.7868e+01 (epoch=63)

I 06.07/23:37:43 solver.py:159 ] Epoch: [67/200][20/282] lr: 4.31e-04 | MSE loss: 8.5973e-03 | time: 0.094
I 06.07/23:37:45 solver.py:159 ] Epoch: [67/200][40/282] lr: 4.31e-04 | MSE loss: 9.0304e-03 | time: 0.092
I 06.07/23:37:46 solver.py:159 ] Epoch: [67/200][60/282] lr: 4.31e-04 | MSE loss: 9.5864e-03 | time: 0.088
I 06.07/23:37:48 solver.py:159 ] Epoch: [67/200][80/282] lr: 4.30e-04 | MSE loss: 8.8296e-03 | time: 0.086
I 06.07/23:37:50 solver.py:159 ] Epoch: [67/200][100/282] lr: 4.30e-04 | MSE loss: 8.3769e-03 | time: 0.086
I 06.07/23:37:51 solver.py:159 ] Epoch: [67/200][120/282] lr: 4.30e-04 | MSE loss: 8.2653e-03 | time: 0.086
I 06.07/23:37:53 solver.py:159 ] Epoch: [67/200][140/282] lr: 4.30e-04 | MSE loss: 8.4037e-03 | time: 0.087
I 06.07/23:37:55 solver.py:159 ] Epoch: [67/200][160/282] lr: 4.30e-04 | MSE loss: 8.1030e-03 | time: 0.089
I 06.07/23:37:57 solver.py:159 ] Epoch: [67/200][180/282] lr: 4.29e-04 | MSE loss: 7.9021e-03 | time: 0.089
I 06.07/23:37:59 solver.py:159 ] Epoch: [67/200][200/282] lr: 4.29e-04 | MSE loss: 7.6634e-03 | time: 0.090
I 06.07/23:38:01 solver.py:159 ] Epoch: [67/200][220/282] lr: 4.29e-04 | MSE loss: 7.8244e-03 | time: 0.092
I 06.07/23:38:05 solver.py:159 ] Epoch: [67/200][240/282] lr: 4.29e-04 | MSE loss: 8.0510e-03 | time: 0.099
I 06.07/23:38:06 solver.py:159 ] Epoch: [67/200][260/282] lr: 4.29e-04 | MSE loss: 7.9503e-03 | time: 0.098
I 06.07/23:38:08 solver.py:159 ] Epoch: [67/200][280/282] lr: 4.28e-04 | MSE loss: 8.1215e-03 | time: 0.096
I 06.07/23:38:08 solver.py:169 ] => Train  Loss: 8.1835e-03

I 06.07/23:38:10 solver.py:405 ] [20/32] loss: 9.2711e-03 | NMSE: -1.6827e+01 | time: 0.081
I 06.07/23:38:11 solver.py:413 ] => Test NMSE: -1.7868e+01

I 06.07/23:38:11 solver.py:345 ] => LoRA monitor [epoch=67] | trainable=33792/33792 | non_lora_trainable=0 | lora_l2=5.958837e+00 | lora_A_l2=5.070289e+00 | lora_B_l2=3.130479e+00 | component_l2=decoder:5.958837e+00 | lora_abs_max=6.921927e-01 | delta_l2=5.936407e+00 | delta_rel=2.560745e+00 | train_loss=8.183503e-03 | test_loss=8.169835e-03 | nmse=-1.786757e+01
I 06.07/23:38:11 solver.py:224 ] 
=! Best NMSE: -1.7868e+01 (epoch=63)

I 06.07/23:38:13 solver.py:159 ] Epoch: [68/200][20/282] lr: 4.28e-04 | MSE loss: 7.3468e-03 | time: 0.094
I 06.07/23:38:14 solver.py:159 ] Epoch: [68/200][40/282] lr: 4.28e-04 | MSE loss: 7.6501e-03 | time: 0.090
I 06.07/23:38:17 solver.py:159 ] Epoch: [68/200][60/282] lr: 4.28e-04 | MSE loss: 7.6712e-03 | time: 0.096
I 06.07/23:38:18 solver.py:159 ] Epoch: [68/200][80/282] lr: 4.28e-04 | MSE loss: 8.0832e-03 | time: 0.094
I 06.07/23:38:20 solver.py:159 ] Epoch: [68/200][100/282] lr: 4.27e-04 | MSE loss: 8.1337e-03 | time: 0.094
I 06.07/23:38:22 solver.py:159 ] Epoch: [68/200][120/282] lr: 4.27e-04 | MSE loss: 8.1532e-03 | time: 0.093
I 06.07/23:38:24 solver.py:159 ] Epoch: [68/200][140/282] lr: 4.27e-04 | MSE loss: 8.1027e-03 | time: 0.093
I 06.07/23:38:26 solver.py:159 ] Epoch: [68/200][160/282] lr: 4.27e-04 | MSE loss: 8.1962e-03 | time: 0.095
I 06.07/23:38:28 solver.py:159 ] Epoch: [68/200][180/282] lr: 4.27e-04 | MSE loss: 8.0452e-03 | time: 0.094
I 06.07/23:38:30 solver.py:159 ] Epoch: [68/200][200/282] lr: 4.26e-04 | MSE loss: 8.1817e-03 | time: 0.095
I 06.07/23:38:32 solver.py:159 ] Epoch: [68/200][220/282] lr: 4.26e-04 | MSE loss: 8.2135e-03 | time: 0.095
I 06.07/23:38:34 solver.py:159 ] Epoch: [68/200][240/282] lr: 4.26e-04 | MSE loss: 8.0283e-03 | time: 0.096
I 06.07/23:38:35 solver.py:159 ] Epoch: [68/200][260/282] lr: 4.26e-04 | MSE loss: 8.0874e-03 | time: 0.095
I 06.07/23:38:37 solver.py:159 ] Epoch: [68/200][280/282] lr: 4.26e-04 | MSE loss: 8.1523e-03 | time: 0.093
I 06.07/23:38:37 solver.py:169 ] => Train  Loss: 8.1013e-03

I 06.07/23:38:39 solver.py:405 ] [20/32] loss: 9.2712e-03 | NMSE: -1.6827e+01 | time: 0.075
I 06.07/23:38:40 solver.py:413 ] => Test NMSE: -1.7868e+01

I 06.07/23:38:40 solver.py:345 ] => LoRA monitor [epoch=68] | trainable=33792/33792 | non_lora_trainable=0 | lora_l2=6.018112e+00 | lora_A_l2=5.121989e+00 | lora_B_l2=3.159572e+00 | component_l2=decoder:6.018112e+00 | lora_abs_max=7.026899e-01 | delta_l2=5.996901e+00 | delta_rel=2.586840e+00 | train_loss=8.101286e-03 | test_loss=8.169846e-03 | nmse=-1.786756e+01
I 06.07/23:38:40 solver.py:224 ] 
=! Best NMSE: -1.7868e+01 (epoch=63)

I 06.07/23:38:41 solver.py:159 ] Epoch: [69/200][20/282] lr: 4.25e-04 | MSE loss: 8.1205e-03 | time: 0.077
I 06.07/23:38:43 solver.py:159 ] Epoch: [69/200][40/282] lr: 4.25e-04 | MSE loss: 8.9470e-03 | time: 0.078
I 06.07/23:38:44 solver.py:159 ] Epoch: [69/200][60/282] lr: 4.25e-04 | MSE loss: 8.3211e-03 | time: 0.079
I 06.07/23:38:46 solver.py:159 ] Epoch: [69/200][80/282] lr: 4.25e-04 | MSE loss: 8.3296e-03 | time: 0.081
I 06.07/23:38:48 solver.py:159 ] Epoch: [69/200][100/282] lr: 4.25e-04 | MSE loss: 8.1667e-03 | time: 0.081
I 06.07/23:38:49 solver.py:159 ] Epoch: [69/200][120/282] lr: 4.24e-04 | MSE loss: 8.1620e-03 | time: 0.079
I 06.07/23:38:51 solver.py:159 ] Epoch: [69/200][140/282] lr: 4.24e-04 | MSE loss: 8.1926e-03 | time: 0.079
I 06.07/23:38:52 solver.py:159 ] Epoch: [69/200][160/282] lr: 4.24e-04 | MSE loss: 7.8992e-03 | time: 0.080
I 06.07/23:38:54 solver.py:159 ] Epoch: [69/200][180/282] lr: 4.24e-04 | MSE loss: 8.1296e-03 | time: 0.080
I 06.07/23:38:55 solver.py:159 ] Epoch: [69/200][200/282] lr: 4.23e-04 | MSE loss: 8.3226e-03 | time: 0.080
I 06.07/23:38:58 solver.py:159 ] Epoch: [69/200][220/282] lr: 4.23e-04 | MSE loss: 8.4970e-03 | time: 0.082
I 06.07/23:38:59 solver.py:159 ] Epoch: [69/200][240/282] lr: 4.23e-04 | MSE loss: 8.2428e-03 | time: 0.082
I 06.07/23:39:01 solver.py:159 ] Epoch: [69/200][260/282] lr: 4.23e-04 | MSE loss: 8.1034e-03 | time: 0.081
I 06.07/23:39:04 solver.py:159 ] Epoch: [69/200][280/282] lr: 4.23e-04 | MSE loss: 8.1209e-03 | time: 0.086
I 06.07/23:39:04 solver.py:169 ] => Train  Loss: 8.1198e-03

I 06.07/23:39:05 solver.py:405 ] [20/32] loss: 9.2714e-03 | NMSE: -1.6827e+01 | time: 0.063
I 06.07/23:39:06 solver.py:413 ] => Test NMSE: -1.7868e+01

I 06.07/23:39:06 solver.py:345 ] => LoRA monitor [epoch=69] | trainable=33792/33792 | non_lora_trainable=0 | lora_l2=6.075656e+00 | lora_A_l2=5.172767e+00 | lora_B_l2=3.186859e+00 | component_l2=decoder:6.075656e+00 | lora_abs_max=7.106461e-01 | delta_l2=6.055867e+00 | delta_rel=2.612275e+00 | train_loss=8.119757e-03 | test_loss=8.169921e-03 | nmse=-1.786752e+01
I 06.07/23:39:06 solver.py:224 ] 
=! Best NMSE: -1.7868e+01 (epoch=63)

I 06.07/23:39:08 solver.py:159 ] Epoch: [70/200][20/282] lr: 4.22e-04 | MSE loss: 7.1537e-03 | time: 0.088
I 06.07/23:39:09 solver.py:159 ] Epoch: [70/200][40/282] lr: 4.22e-04 | MSE loss: 7.0893e-03 | time: 0.085
I 06.07/23:39:11 solver.py:159 ] Epoch: [70/200][60/282] lr: 4.22e-04 | MSE loss: 7.2092e-03 | time: 0.084
I 06.07/23:39:13 solver.py:159 ] Epoch: [70/200][80/282] lr: 4.22e-04 | MSE loss: 7.2872e-03 | time: 0.086
I 06.07/23:39:15 solver.py:159 ] Epoch: [70/200][100/282] lr: 4.22e-04 | MSE loss: 7.6538e-03 | time: 0.089
I 06.07/23:39:17 solver.py:159 ] Epoch: [70/200][120/282] lr: 4.21e-04 | MSE loss: 7.7227e-03 | time: 0.090
I 06.07/23:39:19 solver.py:159 ] Epoch: [70/200][140/282] lr: 4.21e-04 | MSE loss: 7.9353e-03 | time: 0.090
I 06.07/23:39:20 solver.py:159 ] Epoch: [70/200][160/282] lr: 4.21e-04 | MSE loss: 7.8204e-03 | time: 0.091
I 06.07/23:39:22 solver.py:159 ] Epoch: [70/200][180/282] lr: 4.21e-04 | MSE loss: 7.8576e-03 | time: 0.092
I 06.07/23:39:24 solver.py:159 ] Epoch: [70/200][200/282] lr: 4.21e-04 | MSE loss: 7.8598e-03 | time: 0.093
I 06.07/23:39:26 solver.py:159 ] Epoch: [70/200][220/282] lr: 4.20e-04 | MSE loss: 7.8493e-03 | time: 0.093
I 06.07/23:39:28 solver.py:159 ] Epoch: [70/200][240/282] lr: 4.20e-04 | MSE loss: 7.8654e-03 | time: 0.094
I 06.07/23:39:30 solver.py:159 ] Epoch: [70/200][260/282] lr: 4.20e-04 | MSE loss: 7.9083e-03 | time: 0.095
I 06.07/23:39:32 solver.py:159 ] Epoch: [70/200][280/282] lr: 4.20e-04 | MSE loss: 8.0859e-03 | time: 0.094
I 06.07/23:39:32 solver.py:169 ] => Train  Loss: 8.1632e-03

I 06.07/23:39:35 solver.py:159 ] Epoch: [70/200][20/32] lr: 4.20e-04 | MSE loss: 9.2721e-03 | time: 0.097
I 06.07/23:39:36 solver.py:169 ] => Val  Loss: 7.9883e-03

I 06.07/23:39:38 solver.py:405 ] [20/32] loss: 9.2721e-03 | NMSE: -1.6827e+01 | time: 0.103
I 06.07/23:39:39 solver.py:413 ] => Test NMSE: -1.7867e+01

I 06.07/23:39:39 solver.py:345 ] => LoRA monitor [epoch=70] | trainable=33792/33792 | non_lora_trainable=0 | lora_l2=6.135427e+00 | lora_A_l2=5.223725e+00 | lora_B_l2=3.218100e+00 | component_l2=decoder:6.135427e+00 | lora_abs_max=7.197869e-01 | delta_l2=6.116631e+00 | delta_rel=2.638487e+00 | train_loss=8.163180e-03 | val_loss=7.988290e-03 | test_loss=8.170797e-03 | nmse=-1.786706e+01
I 06.07/23:39:39 solver.py:224 ] 
=! Best NMSE: -1.7868e+01 (epoch=63)

I 06.07/23:39:40 solver.py:159 ] Epoch: [71/200][20/282] lr: 4.19e-04 | MSE loss: 9.9759e-03 | time: 0.091
I 06.07/23:39:42 solver.py:159 ] Epoch: [71/200][40/282] lr: 4.19e-04 | MSE loss: 9.2258e-03 | time: 0.091
I 06.07/23:39:44 solver.py:159 ] Epoch: [71/200][60/282] lr: 4.19e-04 | MSE loss: 8.4936e-03 | time: 0.090
I 06.07/23:39:46 solver.py:159 ] Epoch: [71/200][80/282] lr: 4.19e-04 | MSE loss: 8.1753e-03 | time: 0.093
I 06.07/23:39:48 solver.py:159 ] Epoch: [71/200][100/282] lr: 4.19e-04 | MSE loss: 8.3365e-03 | time: 0.094
I 06.07/23:39:50 solver.py:159 ] Epoch: [71/200][120/282] lr: 4.18e-04 | MSE loss: 8.3438e-03 | time: 0.093
I 06.07/23:39:52 solver.py:159 ] Epoch: [71/200][140/282] lr: 4.18e-04 | MSE loss: 8.3421e-03 | time: 0.093
I 06.07/23:39:53 solver.py:159 ] Epoch: [71/200][160/282] lr: 4.18e-04 | MSE loss: 8.3119e-03 | time: 0.092
I 06.07/23:39:55 solver.py:159 ] Epoch: [71/200][180/282] lr: 4.18e-04 | MSE loss: 8.2320e-03 | time: 0.092
I 06.07/23:39:57 solver.py:159 ] Epoch: [71/200][200/282] lr: 4.17e-04 | MSE loss: 7.9708e-03 | time: 0.092
I 06.07/23:39:59 solver.py:159 ] Epoch: [71/200][220/282] lr: 4.17e-04 | MSE loss: 7.9687e-03 | time: 0.092
I 06.07/23:40:01 solver.py:159 ] Epoch: [71/200][240/282] lr: 4.17e-04 | MSE loss: 8.0096e-03 | time: 0.091
I 06.07/23:40:04 solver.py:159 ] Epoch: [71/200][260/282] lr: 4.17e-04 | MSE loss: 8.0004e-03 | time: 0.100
I 06.07/23:40:06 solver.py:159 ] Epoch: [71/200][280/282] lr: 4.17e-04 | MSE loss: 8.0956e-03 | time: 0.099
I 06.07/23:40:06 solver.py:169 ] => Train  Loss: 8.1022e-03

I 06.07/23:40:08 solver.py:405 ] [20/32] loss: 9.2722e-03 | NMSE: -1.6827e+01 | time: 0.098
I 06.07/23:40:09 solver.py:413 ] => Test NMSE: -1.7867e+01

I 06.07/23:40:09 solver.py:345 ] => LoRA monitor [epoch=71] | trainable=33792/33792 | non_lora_trainable=0 | lora_l2=6.187556e+00 | lora_A_l2=5.272307e+00 | lora_B_l2=3.238615e+00 | component_l2=decoder:6.187556e+00 | lora_abs_max=7.248968e-01 | delta_l2=6.169805e+00 | delta_rel=2.661424e+00 | train_loss=8.102207e-03 | test_loss=8.170710e-03 | nmse=-1.786710e+01
I 06.07/23:40:09 solver.py:224 ] 
=! Best NMSE: -1.7868e+01 (epoch=63)

I 06.07/23:40:11 solver.py:159 ] Epoch: [72/200][20/282] lr: 4.16e-04 | MSE loss: 7.9644e-03 | time: 0.095
I 06.07/23:40:13 solver.py:159 ] Epoch: [72/200][40/282] lr: 4.16e-04 | MSE loss: 6.9570e-03 | time: 0.088
I 06.07/23:40:15 solver.py:159 ] Epoch: [72/200][60/282] lr: 4.16e-04 | MSE loss: 6.7199e-03 | time: 0.087
I 06.07/23:40:16 solver.py:159 ] Epoch: [72/200][80/282] lr: 4.16e-04 | MSE loss: 6.8409e-03 | time: 0.086
I 06.07/23:40:18 solver.py:159 ] Epoch: [72/200][100/282] lr: 4.16e-04 | MSE loss: 7.0243e-03 | time: 0.086
I 06.07/23:40:20 solver.py:159 ] Epoch: [72/200][120/282] lr: 4.15e-04 | MSE loss: 7.3675e-03 | time: 0.086
I 06.07/23:40:22 solver.py:159 ] Epoch: [72/200][140/282] lr: 4.15e-04 | MSE loss: 7.3516e-03 | time: 0.088
I 06.07/23:40:24 solver.py:159 ] Epoch: [72/200][160/282] lr: 4.15e-04 | MSE loss: 7.6139e-03 | time: 0.089
I 06.07/23:40:26 solver.py:159 ] Epoch: [72/200][180/282] lr: 4.15e-04 | MSE loss: 7.8870e-03 | time: 0.090
I 06.07/23:40:27 solver.py:159 ] Epoch: [72/200][200/282] lr: 4.14e-04 | MSE loss: 7.6973e-03 | time: 0.089
I 06.07/23:40:29 solver.py:159 ] Epoch: [72/200][220/282] lr: 4.14e-04 | MSE loss: 7.8811e-03 | time: 0.089
I 06.07/23:40:31 solver.py:159 ] Epoch: [72/200][240/282] lr: 4.14e-04 | MSE loss: 7.9787e-03 | time: 0.089
I 06.07/23:40:33 solver.py:159 ] Epoch: [72/200][260/282] lr: 4.14e-04 | MSE loss: 7.9934e-03 | time: 0.089
I 06.07/23:40:34 solver.py:159 ] Epoch: [72/200][280/282] lr: 4.14e-04 | MSE loss: 8.1348e-03 | time: 0.089
I 06.07/23:40:35 solver.py:169 ] => Train  Loss: 8.1019e-03

I 06.07/23:40:36 solver.py:405 ] [20/32] loss: 9.2711e-03 | NMSE: -1.6827e+01 | time: 0.074
I 06.07/23:40:37 solver.py:413 ] => Test NMSE: -1.7868e+01

I 06.07/23:40:37 solver.py:345 ] => LoRA monitor [epoch=72] | trainable=33792/33792 | non_lora_trainable=0 | lora_l2=6.243842e+00 | lora_A_l2=5.322403e+00 | lora_B_l2=3.264595e+00 | component_l2=decoder:6.243842e+00 | lora_abs_max=7.360751e-01 | delta_l2=6.227220e+00 | delta_rel=2.686191e+00 | train_loss=8.101884e-03 | test_loss=8.169783e-03 | nmse=-1.786760e+01
I 06.07/23:40:37 solver.py:224 ] 
=! Best NMSE: -1.7868e+01 (epoch=63)

I 06.07/23:40:39 solver.py:159 ] Epoch: [73/200][20/282] lr: 4.13e-04 | MSE loss: 7.4246e-03 | time: 0.093
I 06.07/23:40:40 solver.py:159 ] Epoch: [73/200][40/282] lr: 4.13e-04 | MSE loss: 7.9688e-03 | time: 0.089
I 06.07/23:40:42 solver.py:159 ] Epoch: [73/200][60/282] lr: 4.13e-04 | MSE loss: 8.7002e-03 | time: 0.091
I 06.07/23:40:44 solver.py:159 ] Epoch: [73/200][80/282] lr: 4.13e-04 | MSE loss: 8.1518e-03 | time: 0.091
I 06.07/23:40:46 solver.py:159 ] Epoch: [73/200][100/282] lr: 4.12e-04 | MSE loss: 8.5341e-03 | time: 0.090
I 06.07/23:40:48 solver.py:159 ] Epoch: [73/200][120/282] lr: 4.12e-04 | MSE loss: 8.1756e-03 | time: 0.091
I 06.07/23:40:50 solver.py:159 ] Epoch: [73/200][140/282] lr: 4.12e-04 | MSE loss: 7.8282e-03 | time: 0.092
I 06.07/23:40:51 solver.py:159 ] Epoch: [73/200][160/282] lr: 4.12e-04 | MSE loss: 7.8427e-03 | time: 0.091
I 06.07/23:40:53 solver.py:159 ] Epoch: [73/200][180/282] lr: 4.12e-04 | MSE loss: 7.7919e-03 | time: 0.092
I 06.07/23:40:55 solver.py:159 ] Epoch: [73/200][200/282] lr: 4.11e-04 | MSE loss: 7.9969e-03 | time: 0.090
I 06.07/23:40:57 solver.py:159 ] Epoch: [73/200][220/282] lr: 4.11e-04 | MSE loss: 8.2523e-03 | time: 0.091
I 06.07/23:40:59 solver.py:159 ] Epoch: [73/200][240/282] lr: 4.11e-04 | MSE loss: 8.2533e-03 | time: 0.091
I 06.07/23:41:00 solver.py:159 ] Epoch: [73/200][260/282] lr: 4.11e-04 | MSE loss: 8.0678e-03 | time: 0.091
I 06.07/23:41:04 solver.py:159 ] Epoch: [73/200][280/282] lr: 4.10e-04 | MSE loss: 8.1357e-03 | time: 0.095
I 06.07/23:41:04 solver.py:169 ] => Train  Loss: 8.1023e-03

I 06.07/23:41:05 solver.py:405 ] [20/32] loss: 9.2715e-03 | NMSE: -1.6827e+01 | time: 0.055
I 06.07/23:41:06 solver.py:413 ] => Test NMSE: -1.7867e+01

I 06.07/23:41:06 solver.py:345 ] => LoRA monitor [epoch=73] | trainable=33792/33792 | non_lora_trainable=0 | lora_l2=6.297701e+00 | lora_A_l2=5.370129e+00 | lora_B_l2=3.289795e+00 | component_l2=decoder:6.297701e+00 | lora_abs_max=7.465879e-01 | delta_l2=6.282168e+00 | delta_rel=2.709893e+00 | train_loss=8.102257e-03 | test_loss=8.170066e-03 | nmse=-1.786744e+01
I 06.07/23:41:06 solver.py:224 ] 
=! Best NMSE: -1.7868e+01 (epoch=63)

I 06.07/23:41:08 solver.py:159 ] Epoch: [74/200][20/282] lr: 4.10e-04 | MSE loss: 7.2891e-03 | time: 0.101
I 06.07/23:41:10 solver.py:159 ] Epoch: [74/200][40/282] lr: 4.10e-04 | MSE loss: 7.3646e-03 | time: 0.102
I 06.07/23:41:11 solver.py:159 ] Epoch: [74/200][60/282] lr: 4.10e-04 | MSE loss: 7.1096e-03 | time: 0.097
I 06.07/23:41:13 solver.py:159 ] Epoch: [74/200][80/282] lr: 4.10e-04 | MSE loss: 7.6650e-03 | time: 0.094
I 06.07/23:41:15 solver.py:159 ] Epoch: [74/200][100/282] lr: 4.09e-04 | MSE loss: 7.9872e-03 | time: 0.094
I 06.07/23:41:17 solver.py:159 ] Epoch: [74/200][120/282] lr: 4.09e-04 | MSE loss: 8.2254e-03 | time: 0.092
I 06.07/23:41:18 solver.py:159 ] Epoch: [74/200][140/282] lr: 4.09e-04 | MSE loss: 8.0938e-03 | time: 0.090
I 06.07/23:41:20 solver.py:159 ] Epoch: [74/200][160/282] lr: 4.09e-04 | MSE loss: 7.9047e-03 | time: 0.089
I 06.07/23:41:22 solver.py:159 ] Epoch: [74/200][180/282] lr: 4.08e-04 | MSE loss: 8.0474e-03 | time: 0.089
I 06.07/23:41:24 solver.py:159 ] Epoch: [74/200][200/282] lr: 4.08e-04 | MSE loss: 8.0463e-03 | time: 0.090
I 06.07/23:41:26 solver.py:159 ] Epoch: [74/200][220/282] lr: 4.08e-04 | MSE loss: 7.8557e-03 | time: 0.091
I 06.07/23:41:27 solver.py:159 ] Epoch: [74/200][240/282] lr: 4.08e-04 | MSE loss: 7.9652e-03 | time: 0.091
I 06.07/23:41:30 solver.py:159 ] Epoch: [74/200][260/282] lr: 4.07e-04 | MSE loss: 8.0085e-03 | time: 0.092
I 06.07/23:41:32 solver.py:159 ] Epoch: [74/200][280/282] lr: 4.07e-04 | MSE loss: 8.1092e-03 | time: 0.092
I 06.07/23:41:32 solver.py:169 ] => Train  Loss: 8.1028e-03

I 06.07/23:41:33 solver.py:405 ] [20/32] loss: 9.2713e-03 | NMSE: -1.6827e+01 | time: 0.085
I 06.07/23:41:34 solver.py:413 ] => Test NMSE: -1.7868e+01

I 06.07/23:41:34 solver.py:345 ] => LoRA monitor [epoch=74] | trainable=33792/33792 | non_lora_trainable=0 | lora_l2=6.349808e+00 | lora_A_l2=5.418061e+00 | lora_B_l2=3.311295e+00 | component_l2=decoder:6.349808e+00 | lora_abs_max=7.523549e-01 | delta_l2=6.335238e+00 | delta_rel=2.732786e+00 | train_loss=8.102844e-03 | test_loss=8.169965e-03 | nmse=-1.786750e+01
I 06.07/23:41:34 solver.py:224 ] 
=! Best NMSE: -1.7868e+01 (epoch=63)

I 06.07/23:41:36 solver.py:159 ] Epoch: [75/200][20/282] lr: 4.07e-04 | MSE loss: 9.9408e-03 | time: 0.103
I 06.07/23:41:38 solver.py:159 ] Epoch: [75/200][40/282] lr: 4.07e-04 | MSE loss: 1.0259e-02 | time: 0.105
I 06.07/23:41:41 solver.py:159 ] Epoch: [75/200][60/282] lr: 4.07e-04 | MSE loss: 9.1630e-03 | time: 0.107
I 06.07/23:41:43 solver.py:159 ] Epoch: [75/200][80/282] lr: 4.06e-04 | MSE loss: 8.8109e-03 | time: 0.105
I 06.07/23:41:44 solver.py:159 ] Epoch: [75/200][100/282] lr: 4.06e-04 | MSE loss: 8.4811e-03 | time: 0.102
I 06.07/23:41:47 solver.py:159 ] Epoch: [75/200][120/282] lr: 4.06e-04 | MSE loss: 8.4544e-03 | time: 0.103
I 06.07/23:41:49 solver.py:159 ] Epoch: [75/200][140/282] lr: 4.06e-04 | MSE loss: 8.2225e-03 | time: 0.102
I 06.07/23:41:50 solver.py:159 ] Epoch: [75/200][160/282] lr: 4.05e-04 | MSE loss: 8.3281e-03 | time: 0.101
I 06.07/23:41:52 solver.py:159 ] Epoch: [75/200][180/282] lr: 4.05e-04 | MSE loss: 8.2392e-03 | time: 0.102
I 06.07/23:41:54 solver.py:159 ] Epoch: [75/200][200/282] lr: 4.05e-04 | MSE loss: 8.2216e-03 | time: 0.101
I 06.07/23:41:56 solver.py:159 ] Epoch: [75/200][220/282] lr: 4.05e-04 | MSE loss: 8.2907e-03 | time: 0.101
I 06.07/23:41:58 solver.py:159 ] Epoch: [75/200][240/282] lr: 4.05e-04 | MSE loss: 8.1323e-03 | time: 0.100
I 06.07/23:42:00 solver.py:159 ] Epoch: [75/200][260/282] lr: 4.04e-04 | MSE loss: 8.1272e-03 | time: 0.099
I 06.07/23:42:03 solver.py:159 ] Epoch: [75/200][280/282] lr: 4.04e-04 | MSE loss: 8.1447e-03 | time: 0.103
I 06.07/23:42:03 solver.py:169 ] => Train  Loss: 8.1029e-03

I 06.07/23:42:05 solver.py:405 ] [20/32] loss: 9.2706e-03 | NMSE: -1.6827e+01 | time: 0.107
I 06.07/23:42:06 solver.py:413 ] => Test NMSE: -1.7868e+01

I 06.07/23:42:06 solver.py:345 ] => LoRA monitor [epoch=75] | trainable=33792/33792 | non_lora_trainable=0 | lora_l2=6.396504e+00 | lora_A_l2=5.459419e+00 | lora_B_l2=3.333168e+00 | component_l2=decoder:6.396504e+00 | lora_abs_max=7.598753e-01 | delta_l2=6.383096e+00 | delta_rel=2.753430e+00 | train_loss=8.102865e-03 | test_loss=8.169351e-03 | nmse=-1.786782e+01
I 06.07/23:42:07 solver.py:224 ] 
=! Best NMSE: -1.7868e+01 (epoch=75)

I 06.07/23:42:09 solver.py:159 ] Epoch: [76/200][20/282] lr: 4.04e-04 | MSE loss: 5.8475e-03 | time: 0.105
I 06.07/23:42:11 solver.py:159 ] Epoch: [76/200][40/282] lr: 4.04e-04 | MSE loss: 6.4651e-03 | time: 0.101
I 06.07/23:42:13 solver.py:159 ] Epoch: [76/200][60/282] lr: 4.03e-04 | MSE loss: 7.0428e-03 | time: 0.097
I 06.07/23:42:15 solver.py:159 ] Epoch: [76/200][80/282] lr: 4.03e-04 | MSE loss: 7.0136e-03 | time: 0.094
I 06.07/23:42:16 solver.py:159 ] Epoch: [76/200][100/282] lr: 4.03e-04 | MSE loss: 7.4497e-03 | time: 0.092
I 06.07/23:42:19 solver.py:159 ] Epoch: [76/200][120/282] lr: 4.03e-04 | MSE loss: 7.8863e-03 | time: 0.099
I 06.07/23:42:22 solver.py:159 ] Epoch: [76/200][140/282] lr: 4.02e-04 | MSE loss: 8.1577e-03 | time: 0.105
I 06.07/23:42:25 solver.py:159 ] Epoch: [76/200][160/282] lr: 4.02e-04 | MSE loss: 8.2590e-03 | time: 0.110
I 06.07/23:42:27 solver.py:159 ] Epoch: [76/200][180/282] lr: 4.02e-04 | MSE loss: 8.2923e-03 | time: 0.111
I 06.07/23:42:29 solver.py:159 ] Epoch: [76/200][200/282] lr: 4.02e-04 | MSE loss: 8.3161e-03 | time: 0.111
I 06.07/23:42:31 solver.py:159 ] Epoch: [76/200][220/282] lr: 4.02e-04 | MSE loss: 8.3258e-03 | time: 0.109
I 06.07/23:42:33 solver.py:159 ] Epoch: [76/200][240/282] lr: 4.01e-04 | MSE loss: 8.1916e-03 | time: 0.107
I 06.07/23:42:35 solver.py:159 ] Epoch: [76/200][260/282] lr: 4.01e-04 | MSE loss: 8.1471e-03 | time: 0.107
I 06.07/23:42:37 solver.py:159 ] Epoch: [76/200][280/282] lr: 4.01e-04 | MSE loss: 8.1426e-03 | time: 0.106
I 06.07/23:42:37 solver.py:169 ] => Train  Loss: 8.1166e-03

I 06.07/23:42:39 solver.py:405 ] [20/32] loss: 9.2713e-03 | NMSE: -1.6827e+01 | time: 0.087
I 06.07/23:42:40 solver.py:413 ] => Test NMSE: -1.7868e+01

I 06.07/23:42:40 solver.py:345 ] => LoRA monitor [epoch=76] | trainable=33792/33792 | non_lora_trainable=0 | lora_l2=6.449073e+00 | lora_A_l2=5.508846e+00 | lora_B_l2=3.353081e+00 | component_l2=decoder:6.449073e+00 | lora_abs_max=7.658129e-01 | delta_l2=6.436756e+00 | delta_rel=2.776577e+00 | train_loss=8.116607e-03 | test_loss=8.169863e-03 | nmse=-1.786755e+01
I 06.07/23:42:40 solver.py:224 ] 
=! Best NMSE: -1.7868e+01 (epoch=75)

I 06.07/23:42:43 solver.py:159 ] Epoch: [77/200][20/282] lr: 4.01e-04 | MSE loss: 8.5407e-03 | time: 0.165
I 06.07/23:42:46 solver.py:159 ] Epoch: [77/200][40/282] lr: 4.00e-04 | MSE loss: 7.3160e-03 | time: 0.152
I 06.07/23:42:49 solver.py:159 ] Epoch: [77/200][60/282] lr: 4.00e-04 | MSE loss: 7.5749e-03 | time: 0.156
I 06.07/23:42:52 solver.py:159 ] Epoch: [77/200][80/282] lr: 4.00e-04 | MSE loss: 7.4606e-03 | time: 0.152
I 06.07/23:42:54 solver.py:159 ] Epoch: [77/200][100/282] lr: 4.00e-04 | MSE loss: 7.4252e-03 | time: 0.141
I 06.07/23:42:56 solver.py:159 ] Epoch: [77/200][120/282] lr: 3.99e-04 | MSE loss: 7.5706e-03 | time: 0.134
I 06.07/23:42:57 solver.py:159 ] Epoch: [77/200][140/282] lr: 3.99e-04 | MSE loss: 7.7832e-03 | time: 0.127
I 06.07/23:42:59 solver.py:159 ] Epoch: [77/200][160/282] lr: 3.99e-04 | MSE loss: 7.8164e-03 | time: 0.123
I 06.07/23:43:01 solver.py:159 ] Epoch: [77/200][180/282] lr: 3.99e-04 | MSE loss: 7.8439e-03 | time: 0.121
I 06.07/23:43:05 solver.py:159 ] Epoch: [77/200][200/282] lr: 3.98e-04 | MSE loss: 7.8973e-03 | time: 0.125
I 06.07/23:43:06 solver.py:159 ] Epoch: [77/200][220/282] lr: 3.98e-04 | MSE loss: 8.0329e-03 | time: 0.122
I 06.07/23:43:09 solver.py:159 ] Epoch: [77/200][240/282] lr: 3.98e-04 | MSE loss: 7.9868e-03 | time: 0.123
I 06.07/23:43:12 solver.py:159 ] Epoch: [77/200][260/282] lr: 3.98e-04 | MSE loss: 8.1132e-03 | time: 0.125
I 06.07/23:43:15 solver.py:159 ] Epoch: [77/200][280/282] lr: 3.98e-04 | MSE loss: 8.1495e-03 | time: 0.126
I 06.07/23:43:15 solver.py:169 ] => Train  Loss: 8.0997e-03

I 06.07/23:43:18 solver.py:405 ] [20/32] loss: 9.2715e-03 | NMSE: -1.6827e+01 | time: 0.152
I 06.07/23:43:20 solver.py:413 ] => Test NMSE: -1.7867e+01

I 06.07/23:43:20 solver.py:345 ] => LoRA monitor [epoch=77] | trainable=33792/33792 | non_lora_trainable=0 | lora_l2=6.500360e+00 | lora_A_l2=5.555114e+00 | lora_B_l2=3.375705e+00 | component_l2=decoder:6.500360e+00 | lora_abs_max=7.735594e-01 | delta_l2=6.489151e+00 | delta_rel=2.799178e+00 | train_loss=8.099736e-03 | test_loss=8.170032e-03 | nmse=-1.786746e+01
I 06.07/23:43:20 solver.py:224 ] 
=! Best NMSE: -1.7868e+01 (epoch=75)

I 06.07/23:43:22 solver.py:159 ] Epoch: [78/200][20/282] lr: 3.97e-04 | MSE loss: 7.0145e-03 | time: 0.137
I 06.07/23:43:25 solver.py:159 ] Epoch: [78/200][40/282] lr: 3.97e-04 | MSE loss: 6.1352e-03 | time: 0.139
I 06.07/23:43:28 solver.py:159 ] Epoch: [78/200][60/282] lr: 3.97e-04 | MSE loss: 7.6832e-03 | time: 0.139
I 06.07/23:43:31 solver.py:159 ] Epoch: [78/200][80/282] lr: 3.97e-04 | MSE loss: 7.7722e-03 | time: 0.137
I 06.07/23:43:33 solver.py:159 ] Epoch: [78/200][100/282] lr: 3.96e-04 | MSE loss: 7.9537e-03 | time: 0.137
I 06.07/23:43:37 solver.py:159 ] Epoch: [78/200][120/282] lr: 3.96e-04 | MSE loss: 7.9796e-03 | time: 0.143
I 06.07/23:43:40 solver.py:159 ] Epoch: [78/200][140/282] lr: 3.96e-04 | MSE loss: 8.4139e-03 | time: 0.146
I 06.07/23:43:43 solver.py:159 ] Epoch: [78/200][160/282] lr: 3.96e-04 | MSE loss: 8.3712e-03 | time: 0.144
I 06.07/23:43:46 solver.py:159 ] Epoch: [78/200][180/282] lr: 3.95e-04 | MSE loss: 8.3550e-03 | time: 0.143
I 06.07/23:43:49 solver.py:159 ] Epoch: [78/200][200/282] lr: 3.95e-04 | MSE loss: 8.3889e-03 | time: 0.144
I 06.07/23:43:51 solver.py:159 ] Epoch: [78/200][220/282] lr: 3.95e-04 | MSE loss: 8.2255e-03 | time: 0.143
I 06.07/23:43:54 solver.py:159 ] Epoch: [78/200][240/282] lr: 3.95e-04 | MSE loss: 8.2179e-03 | time: 0.143
I 06.07/23:43:57 solver.py:159 ] Epoch: [78/200][260/282] lr: 3.94e-04 | MSE loss: 8.1579e-03 | time: 0.143
I 06.07/23:44:00 solver.py:159 ] Epoch: [78/200][280/282] lr: 3.94e-04 | MSE loss: 8.1189e-03 | time: 0.143
I 06.07/23:44:00 solver.py:169 ] => Train  Loss: 8.1019e-03

I 06.07/23:44:05 solver.py:405 ] [20/32] loss: 9.2713e-03 | NMSE: -1.6827e+01 | time: 0.250
I 06.07/23:44:07 solver.py:413 ] => Test NMSE: -1.7868e+01

I 06.07/23:44:07 solver.py:345 ] => LoRA monitor [epoch=78] | trainable=33792/33792 | non_lora_trainable=0 | lora_l2=6.553770e+00 | lora_A_l2=5.601216e+00 | lora_B_l2=3.402686e+00 | component_l2=decoder:6.553770e+00 | lora_abs_max=7.846076e-01 | delta_l2=6.543354e+00 | delta_rel=2.822559e+00 | train_loss=8.101927e-03 | test_loss=8.169843e-03 | nmse=-1.786756e+01
I 06.07/23:44:07 solver.py:224 ] 
=! Best NMSE: -1.7868e+01 (epoch=75)

I 06.07/23:44:10 solver.py:159 ] Epoch: [79/200][20/282] lr: 3.94e-04 | MSE loss: 1.0226e-02 | time: 0.161
I 06.07/23:44:13 solver.py:159 ] Epoch: [79/200][40/282] lr: 3.94e-04 | MSE loss: 9.6317e-03 | time: 0.148
I 06.07/23:44:16 solver.py:159 ] Epoch: [79/200][60/282] lr: 3.94e-04 | MSE loss: 9.2672e-03 | time: 0.147
I 06.07/23:44:19 solver.py:159 ] Epoch: [79/200][80/282] lr: 3.93e-04 | MSE loss: 9.3300e-03 | time: 0.145
I 06.07/23:44:21 solver.py:159 ] Epoch: [79/200][100/282] lr: 3.93e-04 | MSE loss: 8.6873e-03 | time: 0.145
I 06.07/23:44:23 solver.py:159 ] Epoch: [79/200][120/282] lr: 3.93e-04 | MSE loss: 9.0333e-03 | time: 0.137
I 06.07/23:44:26 solver.py:159 ] Epoch: [79/200][140/282] lr: 3.93e-04 | MSE loss: 8.8906e-03 | time: 0.133
I 06.07/23:44:29 solver.py:159 ] Epoch: [79/200][160/282] lr: 3.92e-04 | MSE loss: 8.4352e-03 | time: 0.136
I 06.07/23:44:31 solver.py:159 ] Epoch: [79/200][180/282] lr: 3.92e-04 | MSE loss: 8.3970e-03 | time: 0.136
I 06.07/23:44:33 solver.py:159 ] Epoch: [79/200][200/282] lr: 3.92e-04 | MSE loss: 8.1673e-03 | time: 0.131
I 06.07/23:44:35 solver.py:159 ] Epoch: [79/200][220/282] lr: 3.92e-04 | MSE loss: 8.0989e-03 | time: 0.127
I 06.07/23:44:37 solver.py:159 ] Epoch: [79/200][240/282] lr: 3.91e-04 | MSE loss: 8.0506e-03 | time: 0.124
I 06.07/23:44:39 solver.py:159 ] Epoch: [79/200][260/282] lr: 3.91e-04 | MSE loss: 8.1564e-03 | time: 0.122
I 06.07/23:44:42 solver.py:159 ] Epoch: [79/200][280/282] lr: 3.91e-04 | MSE loss: 8.1123e-03 | time: 0.125
I 06.07/23:44:42 solver.py:169 ] => Train  Loss: 8.1012e-03

I 06.07/23:44:45 solver.py:405 ] [20/32] loss: 9.2715e-03 | NMSE: -1.6827e+01 | time: 0.150
I 06.07/23:44:47 solver.py:413 ] => Test NMSE: -1.7867e+01

I 06.07/23:44:47 solver.py:345 ] => LoRA monitor [epoch=79] | trainable=33792/33792 | non_lora_trainable=0 | lora_l2=6.603222e+00 | lora_A_l2=5.648274e+00 | lora_B_l2=3.420459e+00 | component_l2=decoder:6.603222e+00 | lora_abs_max=7.894066e-01 | delta_l2=6.593566e+00 | delta_rel=2.844219e+00 | train_loss=8.101244e-03 | test_loss=8.170087e-03 | nmse=-1.786743e+01
I 06.07/23:44:47 solver.py:224 ] 
=! Best NMSE: -1.7868e+01 (epoch=75)

I 06.07/23:44:49 solver.py:159 ] Epoch: [80/200][20/282] lr: 3.91e-04 | MSE loss: 7.6044e-03 | time: 0.133
I 06.07/23:44:52 solver.py:159 ] Epoch: [80/200][40/282] lr: 3.90e-04 | MSE loss: 9.1788e-03 | time: 0.131
I 06.07/23:44:55 solver.py:159 ] Epoch: [80/200][60/282] lr: 3.90e-04 | MSE loss: 8.3592e-03 | time: 0.135
I 06.07/23:44:58 solver.py:159 ] Epoch: [80/200][80/282] lr: 3.90e-04 | MSE loss: 8.8224e-03 | time: 0.138
I 06.07/23:45:01 solver.py:159 ] Epoch: [80/200][100/282] lr: 3.90e-04 | MSE loss: 8.9448e-03 | time: 0.147
I 06.07/23:45:06 solver.py:159 ] Epoch: [80/200][120/282] lr: 3.89e-04 | MSE loss: 8.7943e-03 | time: 0.160
I 06.07/23:45:09 solver.py:159 ] Epoch: [80/200][140/282] lr: 3.89e-04 | MSE loss: 8.8161e-03 | time: 0.157
I 06.07/23:45:11 solver.py:159 ] Epoch: [80/200][160/282] lr: 3.89e-04 | MSE loss: 8.5687e-03 | time: 0.153
I 06.07/23:45:14 solver.py:159 ] Epoch: [80/200][180/282] lr: 3.89e-04 | MSE loss: 8.4923e-03 | time: 0.153
I 06.07/23:45:17 solver.py:159 ] Epoch: [80/200][200/282] lr: 3.88e-04 | MSE loss: 8.2917e-03 | time: 0.154
I 06.07/23:45:20 solver.py:159 ] Epoch: [80/200][220/282] lr: 3.88e-04 | MSE loss: 8.2316e-03 | time: 0.152
I 06.07/23:45:23 solver.py:159 ] Epoch: [80/200][240/282] lr: 3.88e-04 | MSE loss: 8.1206e-03 | time: 0.152
I 06.07/23:45:26 solver.py:159 ] Epoch: [80/200][260/282] lr: 3.88e-04 | MSE loss: 8.2092e-03 | time: 0.152
I 06.07/23:45:29 solver.py:159 ] Epoch: [80/200][280/282] lr: 3.88e-04 | MSE loss: 8.1429e-03 | time: 0.152
I 06.07/23:45:29 solver.py:169 ] => Train  Loss: 8.1004e-03

I 06.07/23:45:33 solver.py:159 ] Epoch: [80/200][20/32] lr: 3.88e-04 | MSE loss: 9.2707e-03 | time: 0.170
I 06.07/23:45:35 solver.py:169 ] => Val  Loss: 7.9868e-03

I 06.07/23:45:38 solver.py:405 ] [20/32] loss: 9.2707e-03 | NMSE: -1.6827e+01 | time: 0.175
I 06.07/23:45:40 solver.py:413 ] => Test NMSE: -1.7868e+01

I 06.07/23:45:40 solver.py:345 ] => LoRA monitor [epoch=80] | trainable=33792/33792 | non_lora_trainable=0 | lora_l2=6.650364e+00 | lora_A_l2=5.693484e+00 | lora_B_l2=3.436799e+00 | component_l2=decoder:6.650364e+00 | lora_abs_max=7.971969e-01 | delta_l2=6.641622e+00 | delta_rel=2.864948e+00 | train_loss=8.100355e-03 | val_loss=7.986811e-03 | test_loss=8.169313e-03 | nmse=-1.786785e+01
I 06.07/23:45:40 solver.py:224 ] 
=! Best NMSE: -1.7868e+01 (epoch=80)

I 06.07/23:45:44 solver.py:159 ] Epoch: [81/200][20/282] lr: 3.87e-04 | MSE loss: 7.1883e-03 | time: 0.155
I 06.07/23:45:47 solver.py:159 ] Epoch: [81/200][40/282] lr: 3.87e-04 | MSE loss: 8.1125e-03 | time: 0.161
I 06.07/23:45:50 solver.py:159 ] Epoch: [81/200][60/282] lr: 3.87e-04 | MSE loss: 7.9097e-03 | time: 0.158
I 06.07/23:45:53 solver.py:159 ] Epoch: [81/200][80/282] lr: 3.87e-04 | MSE loss: 8.0749e-03 | time: 0.156
I 06.07/23:45:56 solver.py:159 ] Epoch: [81/200][100/282] lr: 3.86e-04 | MSE loss: 7.6507e-03 | time: 0.159
I 06.07/23:46:00 solver.py:159 ] Epoch: [81/200][120/282] lr: 3.86e-04 | MSE loss: 7.8075e-03 | time: 0.161
I 06.07/23:46:05 solver.py:159 ] Epoch: [81/200][140/282] lr: 3.86e-04 | MSE loss: 8.0303e-03 | time: 0.178
I 06.07/23:46:09 solver.py:159 ] Epoch: [81/200][160/282] lr: 3.86e-04 | MSE loss: 8.0890e-03 | time: 0.176
I 06.07/23:46:12 solver.py:159 ] Epoch: [81/200][180/282] lr: 3.85e-04 | MSE loss: 7.9467e-03 | time: 0.176
I 06.07/23:46:15 solver.py:159 ] Epoch: [81/200][200/282] lr: 3.85e-04 | MSE loss: 7.9488e-03 | time: 0.174
I 06.07/23:46:18 solver.py:159 ] Epoch: [81/200][220/282] lr: 3.85e-04 | MSE loss: 7.9162e-03 | time: 0.172
I 06.07/23:46:22 solver.py:159 ] Epoch: [81/200][240/282] lr: 3.85e-04 | MSE loss: 8.0273e-03 | time: 0.171
I 06.07/23:46:25 solver.py:159 ] Epoch: [81/200][260/282] lr: 3.84e-04 | MSE loss: 7.9218e-03 | time: 0.170
I 06.07/23:46:28 solver.py:159 ] Epoch: [81/200][280/282] lr: 3.84e-04 | MSE loss: 8.1110e-03 | time: 0.170
I 06.07/23:46:28 solver.py:169 ] => Train  Loss: 8.1823e-03

I 06.07/23:46:32 solver.py:405 ] [20/32] loss: 9.2712e-03 | NMSE: -1.6827e+01 | time: 0.165
I 06.07/23:46:33 solver.py:413 ] => Test NMSE: -1.7868e+01

I 06.07/23:46:33 solver.py:345 ] => LoRA monitor [epoch=81] | trainable=33792/33792 | non_lora_trainable=0 | lora_l2=6.700082e+00 | lora_A_l2=5.737500e+00 | lora_B_l2=3.460086e+00 | component_l2=decoder:6.700082e+00 | lora_abs_max=8.046136e-01 | delta_l2=6.691892e+00 | delta_rel=2.886633e+00 | train_loss=8.182331e-03 | test_loss=8.169850e-03 | nmse=-1.786756e+01
I 06.07/23:46:33 solver.py:224 ] 
=! Best NMSE: -1.7868e+01 (epoch=80)

I 06.07/23:46:37 solver.py:159 ] Epoch: [82/200][20/282] lr: 3.84e-04 | MSE loss: 6.9901e-03 | time: 0.181
I 06.07/23:46:40 solver.py:159 ] Epoch: [82/200][40/282] lr: 3.84e-04 | MSE loss: 7.1840e-03 | time: 0.174
I 06.07/23:46:44 solver.py:159 ] Epoch: [82/200][60/282] lr: 3.83e-04 | MSE loss: 7.2504e-03 | time: 0.172
I 06.07/23:46:47 solver.py:159 ] Epoch: [82/200][80/282] lr: 3.83e-04 | MSE loss: 6.8892e-03 | time: 0.173
I 06.07/23:46:51 solver.py:159 ] Epoch: [82/200][100/282] lr: 3.83e-04 | MSE loss: 7.0664e-03 | time: 0.172
I 06.07/23:46:54 solver.py:159 ] Epoch: [82/200][120/282] lr: 3.83e-04 | MSE loss: 7.1885e-03 | time: 0.171
I 06.07/23:46:58 solver.py:159 ] Epoch: [82/200][140/282] lr: 3.82e-04 | MSE loss: 7.3876e-03 | time: 0.172
I 06.07/23:47:02 solver.py:159 ] Epoch: [82/200][160/282] lr: 3.82e-04 | MSE loss: 7.5630e-03 | time: 0.179
I 06.07/23:47:07 solver.py:159 ] Epoch: [82/200][180/282] lr: 3.82e-04 | MSE loss: 7.5414e-03 | time: 0.186
I 06.07/23:47:10 solver.py:159 ] Epoch: [82/200][200/282] lr: 3.82e-04 | MSE loss: 7.6561e-03 | time: 0.182
I 06.07/23:47:13 solver.py:159 ] Epoch: [82/200][220/282] lr: 3.81e-04 | MSE loss: 7.8167e-03 | time: 0.180
I 06.07/23:47:16 solver.py:159 ] Epoch: [82/200][240/282] lr: 3.81e-04 | MSE loss: 7.7960e-03 | time: 0.179
I 06.07/23:47:20 solver.py:159 ] Epoch: [82/200][260/282] lr: 3.81e-04 | MSE loss: 8.1309e-03 | time: 0.178
I 06.07/23:47:23 solver.py:159 ] Epoch: [82/200][280/282] lr: 3.81e-04 | MSE loss: 8.1521e-03 | time: 0.177
I 06.07/23:47:23 solver.py:169 ] => Train  Loss: 8.1013e-03

I 06.07/23:47:27 solver.py:405 ] [20/32] loss: 9.2713e-03 | NMSE: -1.6827e+01 | time: 0.165
I 06.07/23:47:29 solver.py:413 ] => Test NMSE: -1.7868e+01

I 06.07/23:47:29 solver.py:345 ] => LoRA monitor [epoch=82] | trainable=33792/33792 | non_lora_trainable=0 | lora_l2=6.746499e+00 | lora_A_l2=5.778363e+00 | lora_B_l2=3.482207e+00 | component_l2=decoder:6.746499e+00 | lora_abs_max=8.111751e-01 | delta_l2=6.739117e+00 | delta_rel=2.907004e+00 | train_loss=8.101302e-03 | test_loss=8.169854e-03 | nmse=-1.786756e+01
I 06.07/23:47:29 solver.py:224 ] 
=! Best NMSE: -1.7868e+01 (epoch=80)

I 06.07/23:47:32 solver.py:159 ] Epoch: [83/200][20/282] lr: 3.80e-04 | MSE loss: 9.5563e-03 | time: 0.169
I 06.07/23:47:35 solver.py:159 ] Epoch: [83/200][40/282] lr: 3.80e-04 | MSE loss: 8.3195e-03 | time: 0.169
I 06.07/23:47:39 solver.py:159 ] Epoch: [83/200][60/282] lr: 3.80e-04 | MSE loss: 9.0891e-03 | time: 0.165
I 06.07/23:47:42 solver.py:159 ] Epoch: [83/200][80/282] lr: 3.80e-04 | MSE loss: 8.9128e-03 | time: 0.168
I 06.07/23:47:45 solver.py:159 ] Epoch: [83/200][100/282] lr: 3.79e-04 | MSE loss: 9.3387e-03 | time: 0.168
I 06.07/23:47:49 solver.py:159 ] Epoch: [83/200][120/282] lr: 3.79e-04 | MSE loss: 8.9831e-03 | time: 0.169
I 06.07/23:47:52 solver.py:159 ] Epoch: [83/200][140/282] lr: 3.79e-04 | MSE loss: 9.0410e-03 | time: 0.169
I 06.07/23:47:56 solver.py:159 ] Epoch: [83/200][160/282] lr: 3.79e-04 | MSE loss: 8.7520e-03 | time: 0.168
I 06.07/23:47:59 solver.py:159 ] Epoch: [83/200][180/282] lr: 3.78e-04 | MSE loss: 8.8238e-03 | time: 0.168
I 06.07/23:48:05 solver.py:159 ] Epoch: [83/200][200/282] lr: 3.78e-04 | MSE loss: 8.9105e-03 | time: 0.180
I 06.07/23:48:08 solver.py:159 ] Epoch: [83/200][220/282] lr: 3.78e-04 | MSE loss: 8.5009e-03 | time: 0.179
I 06.07/23:48:11 solver.py:159 ] Epoch: [83/200][240/282] lr: 3.78e-04 | MSE loss: 8.2016e-03 | time: 0.178
I 06.07/23:48:15 solver.py:159 ] Epoch: [83/200][260/282] lr: 3.77e-04 | MSE loss: 8.1880e-03 | time: 0.176
I 06.07/23:48:18 solver.py:159 ] Epoch: [83/200][280/282] lr: 3.77e-04 | MSE loss: 8.1112e-03 | time: 0.175
I 06.07/23:48:18 solver.py:169 ] => Train  Loss: 8.1001e-03

I 06.07/23:48:21 solver.py:405 ] [20/32] loss: 9.2708e-03 | NMSE: -1.6827e+01 | time: 0.164
I 06.07/23:48:23 solver.py:413 ] => Test NMSE: -1.7868e+01

I 06.07/23:48:23 solver.py:345 ] => LoRA monitor [epoch=83] | trainable=33792/33792 | non_lora_trainable=0 | lora_l2=6.793809e+00 | lora_A_l2=5.821529e+00 | lora_B_l2=3.502234e+00 | component_l2=decoder:6.793809e+00 | lora_abs_max=8.161103e-01 | delta_l2=6.787128e+00 | delta_rel=2.927714e+00 | train_loss=8.100143e-03 | test_loss=8.169514e-03 | nmse=-1.786774e+01
I 06.07/23:48:23 solver.py:224 ] 
=! Best NMSE: -1.7868e+01 (epoch=80)

I 06.07/23:48:27 solver.py:159 ] Epoch: [84/200][20/282] lr: 3.77e-04 | MSE loss: 8.1877e-03 | time: 0.186
I 06.07/23:48:30 solver.py:159 ] Epoch: [84/200][40/282] lr: 3.77e-04 | MSE loss: 7.8947e-03 | time: 0.173
I 06.07/23:48:34 solver.py:159 ] Epoch: [84/200][60/282] lr: 3.76e-04 | MSE loss: 7.4636e-03 | time: 0.175
I 06.07/23:48:37 solver.py:159 ] Epoch: [84/200][80/282] lr: 3.76e-04 | MSE loss: 8.0806e-03 | time: 0.170
I 06.07/23:48:40 solver.py:159 ] Epoch: [84/200][100/282] lr: 3.76e-04 | MSE loss: 8.2123e-03 | time: 0.171
I 06.07/23:48:44 solver.py:159 ] Epoch: [84/200][120/282] lr: 3.76e-04 | MSE loss: 8.0682e-03 | time: 0.169
I 06.07/23:48:47 solver.py:159 ] Epoch: [84/200][140/282] lr: 3.75e-04 | MSE loss: 8.1293e-03 | time: 0.169
I 06.07/23:48:50 solver.py:159 ] Epoch: [84/200][160/282] lr: 3.75e-04 | MSE loss: 8.1305e-03 | time: 0.169
I 06.07/23:48:53 solver.py:159 ] Epoch: [84/200][180/282] lr: 3.75e-04 | MSE loss: 7.9410e-03 | time: 0.168
I 06.07/23:48:57 solver.py:159 ] Epoch: [84/200][200/282] lr: 3.75e-04 | MSE loss: 7.9262e-03 | time: 0.167
I 06.07/23:49:00 solver.py:159 ] Epoch: [84/200][220/282] lr: 3.74e-04 | MSE loss: 7.8702e-03 | time: 0.168
I 06.07/23:49:06 solver.py:159 ] Epoch: [84/200][240/282] lr: 3.74e-04 | MSE loss: 8.1308e-03 | time: 0.177
I 06.07/23:49:09 solver.py:159 ] Epoch: [84/200][260/282] lr: 3.74e-04 | MSE loss: 8.1747e-03 | time: 0.176
I 06.07/23:49:12 solver.py:159 ] Epoch: [84/200][280/282] lr: 3.74e-04 | MSE loss: 8.1230e-03 | time: 0.175
I 06.07/23:49:12 solver.py:169 ] => Train  Loss: 8.1011e-03

I 06.07/23:49:16 solver.py:405 ] [20/32] loss: 9.2709e-03 | NMSE: -1.6827e+01 | time: 0.167
I 06.07/23:49:18 solver.py:413 ] => Test NMSE: -1.7868e+01

I 06.07/23:49:18 solver.py:345 ] => LoRA monitor [epoch=84] | trainable=33792/33792 | non_lora_trainable=0 | lora_l2=6.835365e+00 | lora_A_l2=5.860331e+00 | lora_B_l2=3.518343e+00 | component_l2=decoder:6.835365e+00 | lora_abs_max=8.190145e-01 | delta_l2=6.829537e+00 | delta_rel=2.946008e+00 | train_loss=8.101088e-03 | test_loss=8.169620e-03 | nmse=-1.786768e+01
I 06.07/23:49:18 solver.py:224 ] 
=! Best NMSE: -1.7868e+01 (epoch=80)

I 06.07/23:49:21 solver.py:159 ] Epoch: [85/200][20/282] lr: 3.73e-04 | MSE loss: 1.0293e-02 | time: 0.171
I 06.07/23:49:25 solver.py:159 ] Epoch: [85/200][40/282] lr: 3.73e-04 | MSE loss: 9.4530e-03 | time: 0.169
I 06.07/23:49:28 solver.py:159 ] Epoch: [85/200][60/282] lr: 3.73e-04 | MSE loss: 8.7803e-03 | time: 0.170
I 06.07/23:49:32 solver.py:159 ] Epoch: [85/200][80/282] lr: 3.73e-04 | MSE loss: 8.0231e-03 | time: 0.170
I 06.07/23:49:35 solver.py:159 ] Epoch: [85/200][100/282] lr: 3.72e-04 | MSE loss: 7.7009e-03 | time: 0.171
I 06.07/23:49:39 solver.py:159 ] Epoch: [85/200][120/282] lr: 3.72e-04 | MSE loss: 7.4969e-03 | time: 0.172
I 06.07/23:49:42 solver.py:159 ] Epoch: [85/200][140/282] lr: 3.72e-04 | MSE loss: 7.6376e-03 | time: 0.169
I 06.07/23:49:45 solver.py:159 ] Epoch: [85/200][160/282] lr: 3.72e-04 | MSE loss: 7.8133e-03 | time: 0.169
I 06.07/23:49:48 solver.py:159 ] Epoch: [85/200][180/282] lr: 3.71e-04 | MSE loss: 7.9021e-03 | time: 0.169
I 06.07/23:49:52 solver.py:159 ] Epoch: [85/200][200/282] lr: 3.71e-04 | MSE loss: 7.7449e-03 | time: 0.168
I 06.07/23:49:55 solver.py:159 ] Epoch: [85/200][220/282] lr: 3.71e-04 | MSE loss: 7.8798e-03 | time: 0.168
I 06.07/23:49:58 solver.py:159 ] Epoch: [85/200][240/282] lr: 3.71e-04 | MSE loss: 8.0132e-03 | time: 0.169
I 06.07/23:50:03 solver.py:159 ] Epoch: [85/200][260/282] lr: 3.70e-04 | MSE loss: 8.0233e-03 | time: 0.174
I 06.07/23:50:07 solver.py:159 ] Epoch: [85/200][280/282] lr: 3.70e-04 | MSE loss: 8.1492e-03 | time: 0.175
I 06.07/23:50:07 solver.py:169 ] => Train  Loss: 8.1007e-03

I 06.07/23:50:10 solver.py:405 ] [20/32] loss: 9.2709e-03 | NMSE: -1.6827e+01 | time: 0.164
I 06.07/23:50:12 solver.py:413 ] => Test NMSE: -1.7868e+01

I 06.07/23:50:12 solver.py:345 ] => LoRA monitor [epoch=85] | trainable=33792/33792 | non_lora_trainable=0 | lora_l2=6.878036e+00 | lora_A_l2=5.899850e+00 | lora_B_l2=3.535413e+00 | component_l2=decoder:6.878036e+00 | lora_abs_max=8.244482e-01 | delta_l2=6.872781e+00 | delta_rel=2.964662e+00 | train_loss=8.100692e-03 | test_loss=8.169568e-03 | nmse=-1.786771e+01
I 06.07/23:50:12 solver.py:224 ] 
=! Best NMSE: -1.7868e+01 (epoch=80)

I 06.07/23:50:16 solver.py:159 ] Epoch: [86/200][20/282] lr: 3.70e-04 | MSE loss: 9.3004e-03 | time: 0.177
I 06.07/23:50:19 solver.py:159 ] Epoch: [86/200][40/282] lr: 3.70e-04 | MSE loss: 8.7501e-03 | time: 0.170
I 06.07/23:50:22 solver.py:159 ] Epoch: [86/200][60/282] lr: 3.69e-04 | MSE loss: 8.8145e-03 | time: 0.169
I 06.07/23:50:26 solver.py:159 ] Epoch: [86/200][80/282] lr: 3.69e-04 | MSE loss: 8.1438e-03 | time: 0.170
I 06.07/23:50:29 solver.py:159 ] Epoch: [86/200][100/282] lr: 3.69e-04 | MSE loss: 8.2221e-03 | time: 0.169
I 06.07/23:50:32 solver.py:159 ] Epoch: [86/200][120/282] lr: 3.69e-04 | MSE loss: 8.3600e-03 | time: 0.166
I 06.07/23:50:36 solver.py:159 ] Epoch: [86/200][140/282] lr: 3.68e-04 | MSE loss: 8.0650e-03 | time: 0.168
I 06.07/23:50:39 solver.py:159 ] Epoch: [86/200][160/282] lr: 3.68e-04 | MSE loss: 8.0201e-03 | time: 0.168
I 06.07/23:50:42 solver.py:159 ] Epoch: [86/200][180/282] lr: 3.68e-04 | MSE loss: 8.0436e-03 | time: 0.168
I 06.07/23:50:46 solver.py:159 ] Epoch: [86/200][200/282] lr: 3.68e-04 | MSE loss: 8.0752e-03 | time: 0.168
I 06.07/23:50:49 solver.py:159 ] Epoch: [86/200][220/282] lr: 3.67e-04 | MSE loss: 8.3105e-03 | time: 0.167
I 06.07/23:50:52 solver.py:159 ] Epoch: [86/200][240/282] lr: 3.67e-04 | MSE loss: 8.1189e-03 | time: 0.167
I 06.07/23:50:56 solver.py:159 ] Epoch: [86/200][260/282] lr: 3.67e-04 | MSE loss: 8.1422e-03 | time: 0.168
I 06.07/23:50:59 solver.py:159 ] Epoch: [86/200][280/282] lr: 3.67e-04 | MSE loss: 8.0823e-03 | time: 0.167
I 06.07/23:50:59 solver.py:169 ] => Train  Loss: 8.2112e-03

I 06.07/23:51:05 solver.py:405 ] [20/32] loss: 9.2712e-03 | NMSE: -1.6827e+01 | time: 0.273
I 06.07/23:51:07 solver.py:413 ] => Test NMSE: -1.7868e+01

I 06.07/23:51:07 solver.py:345 ] => LoRA monitor [epoch=86] | trainable=33792/33792 | non_lora_trainable=0 | lora_l2=6.920914e+00 | lora_A_l2=5.938521e+00 | lora_B_l2=3.554297e+00 | component_l2=decoder:6.920914e+00 | lora_abs_max=8.297674e-01 | delta_l2=6.916359e+00 | delta_rel=2.983460e+00 | train_loss=8.211193e-03 | test_loss=8.169807e-03 | nmse=-1.786758e+01
I 06.07/23:51:07 solver.py:224 ] 
=! Best NMSE: -1.7868e+01 (epoch=80)

I 06.07/23:51:10 solver.py:159 ] Epoch: [87/200][20/282] lr: 3.66e-04 | MSE loss: 7.5860e-03 | time: 0.178
I 06.07/23:51:13 solver.py:159 ] Epoch: [87/200][40/282] lr: 3.66e-04 | MSE loss: 7.7485e-03 | time: 0.172
I 06.07/23:51:17 solver.py:159 ] Epoch: [87/200][60/282] lr: 3.66e-04 | MSE loss: 7.8061e-03 | time: 0.169
I 06.07/23:51:20 solver.py:159 ] Epoch: [87/200][80/282] lr: 3.65e-04 | MSE loss: 7.6371e-03 | time: 0.168
I 06.07/23:51:23 solver.py:159 ] Epoch: [87/200][100/282] lr: 3.65e-04 | MSE loss: 8.1830e-03 | time: 0.167
I 06.07/23:51:27 solver.py:159 ] Epoch: [87/200][120/282] lr: 3.65e-04 | MSE loss: 8.2327e-03 | time: 0.170
I 06.07/23:51:30 solver.py:159 ] Epoch: [87/200][140/282] lr: 3.65e-04 | MSE loss: 8.1841e-03 | time: 0.169
I 06.07/23:51:34 solver.py:159 ] Epoch: [87/200][160/282] lr: 3.64e-04 | MSE loss: 8.4354e-03 | time: 0.169
I 06.07/23:51:37 solver.py:159 ] Epoch: [87/200][180/282] lr: 3.64e-04 | MSE loss: 8.3220e-03 | time: 0.168
I 06.07/23:51:40 solver.py:159 ] Epoch: [87/200][200/282] lr: 3.64e-04 | MSE loss: 8.3278e-03 | time: 0.167
I 06.07/23:51:43 solver.py:159 ] Epoch: [87/200][220/282] lr: 3.64e-04 | MSE loss: 8.4624e-03 | time: 0.167
I 06.07/23:51:46 solver.py:159 ] Epoch: [87/200][240/282] lr: 3.63e-04 | MSE loss: 8.3156e-03 | time: 0.166
I 06.07/23:51:50 solver.py:159 ] Epoch: [87/200][260/282] lr: 3.63e-04 | MSE loss: 8.2359e-03 | time: 0.166
I 06.07/23:51:53 solver.py:159 ] Epoch: [87/200][280/282] lr: 3.63e-04 | MSE loss: 8.1383e-03 | time: 0.165
I 06.07/23:51:53 solver.py:169 ] => Train  Loss: 8.1028e-03

I 06.07/23:51:56 solver.py:405 ] [20/32] loss: 9.2729e-03 | NMSE: -1.6827e+01 | time: 0.156
I 06.07/23:51:58 solver.py:413 ] => Test NMSE: -1.7867e+01

I 06.07/23:51:58 solver.py:345 ] => LoRA monitor [epoch=87] | trainable=33792/33792 | non_lora_trainable=0 | lora_l2=6.962127e+00 | lora_A_l2=5.976330e+00 | lora_B_l2=3.571371e+00 | component_l2=decoder:6.962127e+00 | lora_abs_max=8.378569e-01 | delta_l2=6.958245e+00 | delta_rel=3.001528e+00 | train_loss=8.102829e-03 | test_loss=8.171547e-03 | nmse=-1.786666e+01
I 06.07/23:51:58 solver.py:224 ] 
=! Best NMSE: -1.7868e+01 (epoch=80)

I 06.07/23:52:04 solver.py:159 ] Epoch: [88/200][20/282] lr: 3.63e-04 | MSE loss: 8.6499e-03 | time: 0.287
I 06.07/23:52:08 solver.py:159 ] Epoch: [88/200][40/282] lr: 3.62e-04 | MSE loss: 7.1723e-03 | time: 0.237
I 06.07/23:52:11 solver.py:159 ] Epoch: [88/200][60/282] lr: 3.62e-04 | MSE loss: 7.9146e-03 | time: 0.210
I 06.07/23:52:14 solver.py:159 ] Epoch: [88/200][80/282] lr: 3.62e-04 | MSE loss: 8.2515e-03 | time: 0.198
I 06.07/23:52:18 solver.py:159 ] Epoch: [88/200][100/282] lr: 3.62e-04 | MSE loss: 8.0321e-03 | time: 0.192
I 06.07/23:52:21 solver.py:159 ] Epoch: [88/200][120/282] lr: 3.61e-04 | MSE loss: 8.5618e-03 | time: 0.190
I 06.07/23:52:24 solver.py:159 ] Epoch: [88/200][140/282] lr: 3.61e-04 | MSE loss: 8.3622e-03 | time: 0.186
I 06.07/23:52:28 solver.py:159 ] Epoch: [88/200][160/282] lr: 3.61e-04 | MSE loss: 8.2387e-03 | time: 0.185
I 06.07/23:52:31 solver.py:159 ] Epoch: [88/200][180/282] lr: 3.61e-04 | MSE loss: 8.2402e-03 | time: 0.183
I 06.07/23:52:35 solver.py:159 ] Epoch: [88/200][200/282] lr: 3.60e-04 | MSE loss: 8.2396e-03 | time: 0.181
I 06.07/23:52:38 solver.py:159 ] Epoch: [88/200][220/282] lr: 3.60e-04 | MSE loss: 8.2365e-03 | time: 0.180
I 06.07/23:52:41 solver.py:159 ] Epoch: [88/200][240/282] lr: 3.60e-04 | MSE loss: 8.1386e-03 | time: 0.177
I 06.07/23:52:45 solver.py:159 ] Epoch: [88/200][260/282] lr: 3.60e-04 | MSE loss: 8.0843e-03 | time: 0.178
I 06.07/23:52:48 solver.py:159 ] Epoch: [88/200][280/282] lr: 3.59e-04 | MSE loss: 8.1104e-03 | time: 0.177
I 06.07/23:52:48 solver.py:169 ] => Train  Loss: 8.2145e-03

I 06.07/23:52:51 solver.py:405 ] [20/32] loss: 9.2710e-03 | NMSE: -1.6827e+01 | time: 0.164
I 06.07/23:52:53 solver.py:413 ] => Test NMSE: -1.7868e+01

I 06.07/23:52:53 solver.py:345 ] => LoRA monitor [epoch=88] | trainable=33792/33792 | non_lora_trainable=0 | lora_l2=7.001867e+00 | lora_A_l2=6.013477e+00 | lora_B_l2=3.586675e+00 | component_l2=decoder:7.001867e+00 | lora_abs_max=8.414533e-01 | delta_l2=6.998358e+00 | delta_rel=3.018831e+00 | train_loss=8.214539e-03 | test_loss=8.169702e-03 | nmse=-1.786764e+01
I 06.07/23:52:53 solver.py:224 ] 
=! Best NMSE: -1.7868e+01 (epoch=80)

I 06.07/23:52:56 solver.py:159 ] Epoch: [89/200][20/282] lr: 3.59e-04 | MSE loss: 9.2900e-03 | time: 0.168
I 06.07/23:52:59 solver.py:159 ] Epoch: [89/200][40/282] lr: 3.59e-04 | MSE loss: 8.4751e-03 | time: 0.161
I 06.07/23:53:05 solver.py:159 ] Epoch: [89/200][60/282] lr: 3.59e-04 | MSE loss: 7.8630e-03 | time: 0.199
I 06.07/23:53:08 solver.py:159 ] Epoch: [89/200][80/282] lr: 3.58e-04 | MSE loss: 8.2808e-03 | time: 0.187
I 06.07/23:53:11 solver.py:159 ] Epoch: [89/200][100/282] lr: 3.58e-04 | MSE loss: 7.6453e-03 | time: 0.184
I 06.07/23:53:15 solver.py:159 ] Epoch: [89/200][120/282] lr: 3.58e-04 | MSE loss: 7.7353e-03 | time: 0.182
I 06.07/23:53:18 solver.py:159 ] Epoch: [89/200][140/282] lr: 3.57e-04 | MSE loss: 7.7630e-03 | time: 0.179
I 06.07/23:53:21 solver.py:159 ] Epoch: [89/200][160/282] lr: 3.57e-04 | MSE loss: 7.8300e-03 | time: 0.176
I 06.07/23:53:24 solver.py:159 ] Epoch: [89/200][180/282] lr: 3.57e-04 | MSE loss: 7.5572e-03 | time: 0.174
I 06.07/23:53:28 solver.py:159 ] Epoch: [89/200][200/282] lr: 3.57e-04 | MSE loss: 7.5201e-03 | time: 0.175
I 06.07/23:53:31 solver.py:159 ] Epoch: [89/200][220/282] lr: 3.56e-04 | MSE loss: 7.9116e-03 | time: 0.173
I 06.07/23:53:34 solver.py:159 ] Epoch: [89/200][240/282] lr: 3.56e-04 | MSE loss: 7.8971e-03 | time: 0.171
I 06.07/23:53:37 solver.py:159 ] Epoch: [89/200][260/282] lr: 3.56e-04 | MSE loss: 8.0537e-03 | time: 0.171
I 06.07/23:53:40 solver.py:159 ] Epoch: [89/200][280/282] lr: 3.56e-04 | MSE loss: 8.1090e-03 | time: 0.169
I 06.07/23:53:41 solver.py:169 ] => Train  Loss: 8.1010e-03

I 06.07/23:53:44 solver.py:405 ] [20/32] loss: 9.2710e-03 | NMSE: -1.6827e+01 | time: 0.165
I 06.07/23:53:46 solver.py:413 ] => Test NMSE: -1.7868e+01

I 06.07/23:53:46 solver.py:345 ] => LoRA monitor [epoch=89] | trainable=33792/33792 | non_lora_trainable=0 | lora_l2=7.044169e+00 | lora_A_l2=6.053385e+00 | lora_B_l2=3.602338e+00 | component_l2=decoder:7.044169e+00 | lora_abs_max=8.442880e-01 | delta_l2=7.041321e+00 | delta_rel=3.037364e+00 | train_loss=8.100991e-03 | test_loss=8.169697e-03 | nmse=-1.786764e+01
I 06.07/23:53:46 solver.py:224 ] 
=! Best NMSE: -1.7868e+01 (epoch=80)

I 06.07/23:53:49 solver.py:159 ] Epoch: [90/200][20/282] lr: 3.55e-04 | MSE loss: 9.0903e-03 | time: 0.161
I 06.07/23:53:52 solver.py:159 ] Epoch: [90/200][40/282] lr: 3.55e-04 | MSE loss: 8.6829e-03 | time: 0.160
I 06.07/23:53:55 solver.py:159 ] Epoch: [90/200][60/282] lr: 3.55e-04 | MSE loss: 7.6557e-03 | time: 0.161
I 06.07/23:53:58 solver.py:159 ] Epoch: [90/200][80/282] lr: 3.55e-04 | MSE loss: 7.6408e-03 | time: 0.161
I 06.07/23:54:03 solver.py:159 ] Epoch: [90/200][100/282] lr: 3.54e-04 | MSE loss: 7.7789e-03 | time: 0.177
I 06.07/23:54:07 solver.py:159 ] Epoch: [90/200][120/282] lr: 3.54e-04 | MSE loss: 8.3052e-03 | time: 0.180
I 06.07/23:54:10 solver.py:159 ] Epoch: [90/200][140/282] lr: 3.54e-04 | MSE loss: 8.0449e-03 | time: 0.174
I 06.07/23:54:13 solver.py:159 ] Epoch: [90/200][160/282] lr: 3.54e-04 | MSE loss: 7.7202e-03 | time: 0.172
I 06.07/23:54:17 solver.py:159 ] Epoch: [90/200][180/282] lr: 3.53e-04 | MSE loss: 7.8888e-03 | time: 0.172
I 06.07/23:54:20 solver.py:159 ] Epoch: [90/200][200/282] lr: 3.53e-04 | MSE loss: 7.8511e-03 | time: 0.171
I 06.07/23:54:23 solver.py:159 ] Epoch: [90/200][220/282] lr: 3.53e-04 | MSE loss: 7.8169e-03 | time: 0.170
I 06.07/23:54:26 solver.py:159 ] Epoch: [90/200][240/282] lr: 3.53e-04 | MSE loss: 8.0520e-03 | time: 0.169
I 06.07/23:54:29 solver.py:159 ] Epoch: [90/200][260/282] lr: 3.52e-04 | MSE loss: 8.1464e-03 | time: 0.167
I 06.07/23:54:32 solver.py:159 ] Epoch: [90/200][280/282] lr: 3.52e-04 | MSE loss: 8.1486e-03 | time: 0.165
I 06.07/23:54:32 solver.py:169 ] => Train  Loss: 8.1066e-03

I 06.07/23:54:35 solver.py:159 ] Epoch: [90/200][20/32] lr: 3.52e-04 | MSE loss: 9.2699e-03 | time: 0.160
I 06.07/23:54:37 solver.py:169 ] => Val  Loss: 7.9863e-03

I 06.07/23:54:40 solver.py:405 ] [20/32] loss: 9.2699e-03 | NMSE: -1.6828e+01 | time: 0.157
I 06.07/23:54:41 solver.py:413 ] => Test NMSE: -1.7868e+01

I 06.07/23:54:41 solver.py:345 ] => LoRA monitor [epoch=90] | trainable=33792/33792 | non_lora_trainable=0 | lora_l2=7.083490e+00 | lora_A_l2=6.088770e+00 | lora_B_l2=3.619767e+00 | component_l2=decoder:7.083490e+00 | lora_abs_max=8.467373e-01 | delta_l2=7.080939e+00 | delta_rel=3.054453e+00 | train_loss=8.106596e-03 | val_loss=7.986304e-03 | test_loss=8.168788e-03 | nmse=-1.786813e+01
I 06.07/23:54:42 solver.py:224 ] 
=! Best NMSE: -1.7868e+01 (epoch=90)

I 06.07/23:54:45 solver.py:159 ] Epoch: [91/200][20/282] lr: 3.52e-04 | MSE loss: 7.8492e-03 | time: 0.152
I 06.07/23:54:48 solver.py:159 ] Epoch: [91/200][40/282] lr: 3.51e-04 | MSE loss: 7.7852e-03 | time: 0.151
I 06.07/23:54:51 solver.py:159 ] Epoch: [91/200][60/282] lr: 3.51e-04 | MSE loss: 7.8827e-03 | time: 0.154
I 06.07/23:54:55 solver.py:159 ] Epoch: [91/200][80/282] lr: 3.51e-04 | MSE loss: 7.8384e-03 | time: 0.156
I 06.07/23:54:58 solver.py:159 ] Epoch: [91/200][100/282] lr: 3.51e-04 | MSE loss: 8.0210e-03 | time: 0.158
I 06.07/23:55:03 solver.py:159 ] Epoch: [91/200][120/282] lr: 3.50e-04 | MSE loss: 8.0087e-03 | time: 0.174
I 06.07/23:55:07 solver.py:159 ] Epoch: [91/200][140/282] lr: 3.50e-04 | MSE loss: 8.2561e-03 | time: 0.177
I 06.07/23:55:10 solver.py:159 ] Epoch: [91/200][160/282] lr: 3.50e-04 | MSE loss: 7.9744e-03 | time: 0.175
I 06.07/23:55:14 solver.py:159 ] Epoch: [91/200][180/282] lr: 3.50e-04 | MSE loss: 7.8088e-03 | time: 0.174
I 06.07/23:55:17 solver.py:159 ] Epoch: [91/200][200/282] lr: 3.49e-04 | MSE loss: 7.9274e-03 | time: 0.172
I 06.07/23:55:20 solver.py:159 ] Epoch: [91/200][220/282] lr: 3.49e-04 | MSE loss: 7.8781e-03 | time: 0.171
I 06.07/23:55:23 solver.py:159 ] Epoch: [91/200][240/282] lr: 3.49e-04 | MSE loss: 8.0601e-03 | time: 0.170
I 06.07/23:55:26 solver.py:159 ] Epoch: [91/200][260/282] lr: 3.49e-04 | MSE loss: 8.1227e-03 | time: 0.169
I 06.07/23:55:29 solver.py:159 ] Epoch: [91/200][280/282] lr: 3.48e-04 | MSE loss: 8.1394e-03 | time: 0.169
I 06.07/23:55:30 solver.py:169 ] => Train  Loss: 8.1214e-03

I 06.07/23:55:33 solver.py:405 ] [20/32] loss: 9.2700e-03 | NMSE: -1.6828e+01 | time: 0.162
I 06.07/23:55:35 solver.py:413 ] => Test NMSE: -1.7868e+01

I 06.07/23:55:35 solver.py:345 ] => LoRA monitor [epoch=91] | trainable=33792/33792 | non_lora_trainable=0 | lora_l2=7.121702e+00 | lora_A_l2=6.124655e+00 | lora_B_l2=3.634178e+00 | component_l2=decoder:7.121702e+00 | lora_abs_max=8.491840e-01 | delta_l2=7.119690e+00 | delta_rel=3.071169e+00 | train_loss=8.121352e-03 | test_loss=8.168744e-03 | nmse=-1.786815e+01
I 06.07/23:55:35 solver.py:224 ] 
=! Best NMSE: -1.7868e+01 (epoch=91)

I 06.07/23:55:38 solver.py:159 ] Epoch: [92/200][20/282] lr: 3.48e-04 | MSE loss: 8.6402e-03 | time: 0.139
I 06.07/23:55:41 solver.py:159 ] Epoch: [92/200][40/282] lr: 3.48e-04 | MSE loss: 8.0463e-03 | time: 0.148
I 06.07/23:55:44 solver.py:159 ] Epoch: [92/200][60/282] lr: 3.47e-04 | MSE loss: 8.3538e-03 | time: 0.153
I 06.07/23:55:48 solver.py:159 ] Epoch: [92/200][80/282] lr: 3.47e-04 | MSE loss: 7.9814e-03 | time: 0.156
I 06.07/23:55:50 solver.py:159 ] Epoch: [92/200][100/282] lr: 3.47e-04 | MSE loss: 8.2636e-03 | time: 0.153
I 06.07/23:55:54 solver.py:159 ] Epoch: [92/200][120/282] lr: 3.47e-04 | MSE loss: 8.1416e-03 | time: 0.154
I 06.07/23:55:57 solver.py:159 ] Epoch: [92/200][140/282] lr: 3.46e-04 | MSE loss: 7.8112e-03 | time: 0.155
I 06.07/23:56:00 solver.py:159 ] Epoch: [92/200][160/282] lr: 3.46e-04 | MSE loss: 7.7916e-03 | time: 0.154
I 06.07/23:56:05 solver.py:159 ] Epoch: [92/200][180/282] lr: 3.46e-04 | MSE loss: 7.6609e-03 | time: 0.169
I 06.07/23:56:09 solver.py:159 ] Epoch: [92/200][200/282] lr: 3.46e-04 | MSE loss: 7.9450e-03 | time: 0.167
I 06.07/23:56:12 solver.py:159 ] Epoch: [92/200][220/282] lr: 3.45e-04 | MSE loss: 7.8423e-03 | time: 0.166
I 06.07/23:56:15 solver.py:159 ] Epoch: [92/200][240/282] lr: 3.45e-04 | MSE loss: 7.9362e-03 | time: 0.165
I 06.07/23:56:18 solver.py:159 ] Epoch: [92/200][260/282] lr: 3.45e-04 | MSE loss: 7.9132e-03 | time: 0.164
I 06.07/23:56:21 solver.py:159 ] Epoch: [92/200][280/282] lr: 3.45e-04 | MSE loss: 8.1056e-03 | time: 0.163
I 06.07/23:56:21 solver.py:169 ] => Train  Loss: 8.0996e-03

I 06.07/23:56:24 solver.py:405 ] [20/32] loss: 9.2714e-03 | NMSE: -1.6827e+01 | time: 0.156
I 06.07/23:56:26 solver.py:413 ] => Test NMSE: -1.7867e+01

I 06.07/23:56:26 solver.py:345 ] => LoRA monitor [epoch=92] | trainable=33792/33792 | non_lora_trainable=0 | lora_l2=7.161845e+00 | lora_A_l2=6.160429e+00 | lora_B_l2=3.652552e+00 | component_l2=decoder:7.161845e+00 | lora_abs_max=8.544000e-01 | delta_l2=7.160388e+00 | delta_rel=3.088725e+00 | train_loss=8.099617e-03 | test_loss=8.170068e-03 | nmse=-1.786744e+01
I 06.07/23:56:26 solver.py:224 ] 
=! Best NMSE: -1.7868e+01 (epoch=91)

I 06.07/23:56:29 solver.py:159 ] Epoch: [93/200][20/282] lr: 3.44e-04 | MSE loss: 7.5453e-03 | time: 0.163
I 06.07/23:56:32 solver.py:159 ] Epoch: [93/200][40/282] lr: 3.44e-04 | MSE loss: 7.7995e-03 | time: 0.159
I 06.07/23:56:36 solver.py:159 ] Epoch: [93/200][60/282] lr: 3.44e-04 | MSE loss: 7.3104e-03 | time: 0.161
I 06.07/23:56:39 solver.py:159 ] Epoch: [93/200][80/282] lr: 3.43e-04 | MSE loss: 7.9077e-03 | time: 0.159
I 06.07/23:56:42 solver.py:159 ] Epoch: [93/200][100/282] lr: 3.43e-04 | MSE loss: 8.1001e-03 | time: 0.161
I 06.07/23:56:45 solver.py:159 ] Epoch: [93/200][120/282] lr: 3.43e-04 | MSE loss: 8.0229e-03 | time: 0.161
I 06.07/23:56:48 solver.py:159 ] Epoch: [93/200][140/282] lr: 3.43e-04 | MSE loss: 7.7636e-03 | time: 0.161
I 06.07/23:56:52 solver.py:159 ] Epoch: [93/200][160/282] lr: 3.42e-04 | MSE loss: 7.7440e-03 | time: 0.161
I 06.07/23:56:55 solver.py:159 ] Epoch: [93/200][180/282] lr: 3.42e-04 | MSE loss: 7.5310e-03 | time: 0.160
I 06.07/23:56:58 solver.py:159 ] Epoch: [93/200][200/282] lr: 3.42e-04 | MSE loss: 7.7091e-03 | time: 0.161
I 06.07/23:57:03 solver.py:159 ] Epoch: [93/200][220/282] lr: 3.42e-04 | MSE loss: 7.7336e-03 | time: 0.167
I 06.07/23:57:07 solver.py:159 ] Epoch: [93/200][240/282] lr: 3.41e-04 | MSE loss: 7.8702e-03 | time: 0.171
I 06.07/23:57:10 solver.py:159 ] Epoch: [93/200][260/282] lr: 3.41e-04 | MSE loss: 8.1460e-03 | time: 0.172
I 06.07/23:57:13 solver.py:159 ] Epoch: [93/200][280/282] lr: 3.41e-04 | MSE loss: 8.1260e-03 | time: 0.170
I 06.07/23:57:14 solver.py:169 ] => Train  Loss: 8.1029e-03

I 06.07/23:57:17 solver.py:405 ] [20/32] loss: 9.2713e-03 | NMSE: -1.6827e+01 | time: 0.174
I 06.07/23:57:19 solver.py:413 ] => Test NMSE: -1.7868e+01

I 06.07/23:57:19 solver.py:345 ] => LoRA monitor [epoch=93] | trainable=33792/33792 | non_lora_trainable=0 | lora_l2=7.199881e+00 | lora_A_l2=6.195844e+00 | lora_B_l2=3.667397e+00 | component_l2=decoder:7.199881e+00 | lora_abs_max=8.578123e-01 | delta_l2=7.198895e+00 | delta_rel=3.105335e+00 | train_loss=8.102891e-03 | test_loss=8.169943e-03 | nmse=-1.786751e+01
I 06.07/23:57:19 solver.py:224 ] 
=! Best NMSE: -1.7868e+01 (epoch=91)

I 06.07/23:57:22 solver.py:159 ] Epoch: [94/200][20/282] lr: 3.41e-04 | MSE loss: 8.9817e-03 | time: 0.162
I 06.07/23:57:25 solver.py:159 ] Epoch: [94/200][40/282] lr: 3.40e-04 | MSE loss: 8.3608e-03 | time: 0.161
I 06.07/23:57:29 solver.py:159 ] Epoch: [94/200][60/282] lr: 3.40e-04 | MSE loss: 8.7160e-03 | time: 0.161
I 06.07/23:57:32 solver.py:159 ] Epoch: [94/200][80/282] lr: 3.40e-04 | MSE loss: 8.0719e-03 | time: 0.159
I 06.07/23:57:35 solver.py:159 ] Epoch: [94/200][100/282] lr: 3.39e-04 | MSE loss: 8.0726e-03 | time: 0.162
I 06.07/23:57:38 solver.py:159 ] Epoch: [94/200][120/282] lr: 3.39e-04 | MSE loss: 8.2207e-03 | time: 0.160
I 06.07/23:57:41 solver.py:159 ] Epoch: [94/200][140/282] lr: 3.39e-04 | MSE loss: 8.1399e-03 | time: 0.160
I 06.07/23:57:45 solver.py:159 ] Epoch: [94/200][160/282] lr: 3.39e-04 | MSE loss: 8.0189e-03 | time: 0.161
I 06.07/23:57:48 solver.py:159 ] Epoch: [94/200][180/282] lr: 3.38e-04 | MSE loss: 8.2900e-03 | time: 0.159
I 06.07/23:57:51 solver.py:159 ] Epoch: [94/200][200/282] lr: 3.38e-04 | MSE loss: 8.2046e-03 | time: 0.160
I 06.07/23:57:54 solver.py:159 ] Epoch: [94/200][220/282] lr: 3.38e-04 | MSE loss: 8.1650e-03 | time: 0.161
I 06.07/23:57:58 solver.py:159 ] Epoch: [94/200][240/282] lr: 3.38e-04 | MSE loss: 8.0791e-03 | time: 0.161
I 06.07/23:58:01 solver.py:159 ] Epoch: [94/200][260/282] lr: 3.37e-04 | MSE loss: 8.0916e-03 | time: 0.163
I 06.07/23:58:06 solver.py:159 ] Epoch: [94/200][280/282] lr: 3.37e-04 | MSE loss: 8.0888e-03 | time: 0.168
I 06.07/23:58:06 solver.py:169 ] => Train  Loss: 8.1117e-03

I 06.07/23:58:09 solver.py:405 ] [20/32] loss: 9.2708e-03 | NMSE: -1.6828e+01 | time: 0.145
I 06.07/23:58:11 solver.py:413 ] => Test NMSE: -1.7868e+01

I 06.07/23:58:11 solver.py:345 ] => LoRA monitor [epoch=94] | trainable=33792/33792 | non_lora_trainable=0 | lora_l2=7.235270e+00 | lora_A_l2=6.228583e+00 | lora_B_l2=3.681560e+00 | component_l2=decoder:7.235270e+00 | lora_abs_max=8.608194e-01 | delta_l2=7.234738e+00 | delta_rel=3.120796e+00 | train_loss=8.111670e-03 | test_loss=8.169401e-03 | nmse=-1.786780e+01
I 06.07/23:58:11 solver.py:224 ] 
=! Best NMSE: -1.7868e+01 (epoch=91)

I 06.07/23:58:14 solver.py:159 ] Epoch: [95/200][20/282] lr: 3.37e-04 | MSE loss: 9.1927e-03 | time: 0.165
I 06.07/23:58:17 solver.py:159 ] Epoch: [95/200][40/282] lr: 3.36e-04 | MSE loss: 8.6974e-03 | time: 0.164
I 06.07/23:58:21 solver.py:159 ] Epoch: [95/200][60/282] lr: 3.36e-04 | MSE loss: 8.2440e-03 | time: 0.163
I 06.07/23:58:24 solver.py:159 ] Epoch: [95/200][80/282] lr: 3.36e-04 | MSE loss: 8.2551e-03 | time: 0.163
I 06.07/23:58:27 solver.py:159 ] Epoch: [95/200][100/282] lr: 3.36e-04 | MSE loss: 8.4910e-03 | time: 0.165
I 06.07/23:58:30 solver.py:159 ] Epoch: [95/200][120/282] lr: 3.35e-04 | MSE loss: 8.4980e-03 | time: 0.161
I 06.07/23:58:34 solver.py:159 ] Epoch: [95/200][140/282] lr: 3.35e-04 | MSE loss: 8.3296e-03 | time: 0.161
I 06.07/23:58:36 solver.py:159 ] Epoch: [95/200][160/282] lr: 3.35e-04 | MSE loss: 8.3809e-03 | time: 0.160
I 06.07/23:58:40 solver.py:159 ] Epoch: [95/200][180/282] lr: 3.35e-04 | MSE loss: 8.1777e-03 | time: 0.159
I 06.07/23:58:43 solver.py:159 ] Epoch: [95/200][200/282] lr: 3.34e-04 | MSE loss: 7.9399e-03 | time: 0.159
I 06.07/23:58:46 solver.py:159 ] Epoch: [95/200][220/282] lr: 3.34e-04 | MSE loss: 8.0399e-03 | time: 0.158
I 06.07/23:58:49 solver.py:159 ] Epoch: [95/200][240/282] lr: 3.34e-04 | MSE loss: 8.0721e-03 | time: 0.157
I 06.07/23:58:52 solver.py:159 ] Epoch: [95/200][260/282] lr: 3.34e-04 | MSE loss: 8.1013e-03 | time: 0.157
I 06.07/23:58:55 solver.py:159 ] Epoch: [95/200][280/282] lr: 3.33e-04 | MSE loss: 8.0954e-03 | time: 0.157
I 06.07/23:58:55 solver.py:169 ] => Train  Loss: 8.1017e-03

I 06.07/23:58:58 solver.py:405 ] [20/32] loss: 9.2720e-03 | NMSE: -1.6827e+01 | time: 0.150
I 06.07/23:59:00 solver.py:413 ] => Test NMSE: -1.7867e+01

I 06.07/23:59:00 solver.py:345 ] => LoRA monitor [epoch=95] | trainable=33792/33792 | non_lora_trainable=0 | lora_l2=7.272135e+00 | lora_A_l2=6.262613e+00 | lora_B_l2=3.696435e+00 | component_l2=decoder:7.272135e+00 | lora_abs_max=8.663538e-01 | delta_l2=7.272321e+00 | delta_rel=3.137008e+00 | train_loss=8.101715e-03 | test_loss=8.170362e-03 | nmse=-1.786729e+01
I 06.07/23:59:00 solver.py:224 ] 
=! Best NMSE: -1.7868e+01 (epoch=91)

I 06.07/23:59:06 solver.py:159 ] Epoch: [96/200][20/282] lr: 3.33e-04 | MSE loss: 6.7724e-03 | time: 0.277
I 06.07/23:59:09 solver.py:159 ] Epoch: [96/200][40/282] lr: 3.33e-04 | MSE loss: 5.9711e-03 | time: 0.219
I 06.07/23:59:12 solver.py:159 ] Epoch: [96/200][60/282] lr: 3.32e-04 | MSE loss: 6.5319e-03 | time: 0.204
I 06.07/23:59:15 solver.py:159 ] Epoch: [96/200][80/282] lr: 3.32e-04 | MSE loss: 7.0768e-03 | time: 0.192
I 06.07/23:59:19 solver.py:159 ] Epoch: [96/200][100/282] lr: 3.32e-04 | MSE loss: 7.2474e-03 | time: 0.187
I 06.07/23:59:22 solver.py:159 ] Epoch: [96/200][120/282] lr: 3.32e-04 | MSE loss: 7.1288e-03 | time: 0.183
I 06.07/23:59:25 solver.py:159 ] Epoch: [96/200][140/282] lr: 3.31e-04 | MSE loss: 7.4273e-03 | time: 0.181
I 06.07/23:59:29 solver.py:159 ] Epoch: [96/200][160/282] lr: 3.31e-04 | MSE loss: 7.6730e-03 | time: 0.179
I 06.07/23:59:32 solver.py:159 ] Epoch: [96/200][180/282] lr: 3.31e-04 | MSE loss: 7.8173e-03 | time: 0.177
I 06.07/23:59:35 solver.py:159 ] Epoch: [96/200][200/282] lr: 3.31e-04 | MSE loss: 7.9233e-03 | time: 0.176
I 06.07/23:59:39 solver.py:159 ] Epoch: [96/200][220/282] lr: 3.30e-04 | MSE loss: 7.7928e-03 | time: 0.177
I 06.07/23:59:42 solver.py:159 ] Epoch: [96/200][240/282] lr: 3.30e-04 | MSE loss: 7.6867e-03 | time: 0.175
I 06.07/23:59:45 solver.py:159 ] Epoch: [96/200][260/282] lr: 3.30e-04 | MSE loss: 7.7223e-03 | time: 0.174
I 06.07/23:59:48 solver.py:159 ] Epoch: [96/200][280/282] lr: 3.29e-04 | MSE loss: 8.0737e-03 | time: 0.172
I 06.07/23:59:49 solver.py:169 ] => Train  Loss: 8.1091e-03

I 06.07/23:59:52 solver.py:405 ] [20/32] loss: 9.2702e-03 | NMSE: -1.6828e+01 | time: 0.162
I 06.07/23:59:54 solver.py:413 ] => Test NMSE: -1.7868e+01

I 06.07/23:59:54 solver.py:345 ] => LoRA monitor [epoch=96] | trainable=33792/33792 | non_lora_trainable=0 | lora_l2=7.306042e+00 | lora_A_l2=6.294423e+00 | lora_B_l2=3.709244e+00 | component_l2=decoder:7.306042e+00 | lora_abs_max=8.708459e-01 | delta_l2=7.306762e+00 | delta_rel=3.151865e+00 | train_loss=8.109084e-03 | test_loss=8.169001e-03 | nmse=-1.786801e+01
I 06.07/23:59:54 solver.py:224 ] 
=! Best NMSE: -1.7868e+01 (epoch=91)

I 06.07/23:59:57 solver.py:159 ] Epoch: [97/200][20/282] lr: 3.29e-04 | MSE loss: 9.9964e-03 | time: 0.169
I 06.08/00:00:01 solver.py:159 ] Epoch: [97/200][40/282] lr: 3.29e-04 | MSE loss: 9.2958e-03 | time: 0.176
I 06.08/00:00:06 solver.py:159 ] Epoch: [97/200][60/282] lr: 3.29e-04 | MSE loss: 8.9600e-03 | time: 0.203
I 06.08/00:00:09 solver.py:159 ] Epoch: [97/200][80/282] lr: 3.28e-04 | MSE loss: 8.8468e-03 | time: 0.193
I 06.08/00:00:12 solver.py:159 ] Epoch: [97/200][100/282] lr: 3.28e-04 | MSE loss: 8.2093e-03 | time: 0.186
I 06.08/00:00:16 solver.py:159 ] Epoch: [97/200][120/282] lr: 3.28e-04 | MSE loss: 8.1592e-03 | time: 0.181
I 06.08/00:00:19 solver.py:159 ] Epoch: [97/200][140/282] lr: 3.28e-04 | MSE loss: 8.3490e-03 | time: 0.180
I 06.08/00:00:23 solver.py:159 ] Epoch: [97/200][160/282] lr: 3.27e-04 | MSE loss: 8.2588e-03 | time: 0.179
I 06.08/00:00:26 solver.py:159 ] Epoch: [97/200][180/282] lr: 3.27e-04 | MSE loss: 8.0324e-03 | time: 0.177
I 06.08/00:00:29 solver.py:159 ] Epoch: [97/200][200/282] lr: 3.27e-04 | MSE loss: 8.0026e-03 | time: 0.175
I 06.08/00:00:32 solver.py:159 ] Epoch: [97/200][220/282] lr: 3.26e-04 | MSE loss: 7.8550e-03 | time: 0.173
I 06.08/00:00:35 solver.py:159 ] Epoch: [97/200][240/282] lr: 3.26e-04 | MSE loss: 7.9152e-03 | time: 0.173
I 06.08/00:00:39 solver.py:159 ] Epoch: [97/200][260/282] lr: 3.26e-04 | MSE loss: 8.0225e-03 | time: 0.172
I 06.08/00:00:42 solver.py:159 ] Epoch: [97/200][280/282] lr: 3.26e-04 | MSE loss: 8.1256e-03 | time: 0.171
I 06.08/00:00:42 solver.py:169 ] => Train  Loss: 8.1002e-03

I 06.08/00:00:45 solver.py:405 ] [20/32] loss: 9.2698e-03 | NMSE: -1.6828e+01 | time: 0.144
I 06.08/00:00:47 solver.py:413 ] => Test NMSE: -1.7868e+01

I 06.08/00:00:47 solver.py:345 ] => LoRA monitor [epoch=97] | trainable=33792/33792 | non_lora_trainable=0 | lora_l2=7.340004e+00 | lora_A_l2=6.326898e+00 | lora_B_l2=3.721024e+00 | component_l2=decoder:7.340004e+00 | lora_abs_max=8.743814e-01 | delta_l2=7.341026e+00 | delta_rel=3.166645e+00 | train_loss=8.100169e-03 | test_loss=8.168598e-03 | nmse=-1.786823e+01
I 06.08/00:00:47 solver.py:224 ] 
=! Best NMSE: -1.7868e+01 (epoch=97)

I 06.08/00:00:50 solver.py:159 ] Epoch: [98/200][20/282] lr: 3.25e-04 | MSE loss: 1.2204e-02 | time: 0.150
I 06.08/00:00:54 solver.py:159 ] Epoch: [98/200][40/282] lr: 3.25e-04 | MSE loss: 1.0314e-02 | time: 0.154
I 06.08/00:00:57 solver.py:159 ] Epoch: [98/200][60/282] lr: 3.25e-04 | MSE loss: 9.5248e-03 | time: 0.156
I 06.08/00:01:00 solver.py:159 ] Epoch: [98/200][80/282] lr: 3.25e-04 | MSE loss: 9.1538e-03 | time: 0.157
I 06.08/00:01:05 solver.py:159 ] Epoch: [98/200][100/282] lr: 3.24e-04 | MSE loss: 9.2775e-03 | time: 0.178
I 06.08/00:01:08 solver.py:159 ] Epoch: [98/200][120/282] lr: 3.24e-04 | MSE loss: 8.9860e-03 | time: 0.174
I 06.08/00:01:11 solver.py:159 ] Epoch: [98/200][140/282] lr: 3.24e-04 | MSE loss: 8.7063e-03 | time: 0.171
I 06.08/00:01:15 solver.py:159 ] Epoch: [98/200][160/282] lr: 3.23e-04 | MSE loss: 8.5128e-03 | time: 0.170
I 06.08/00:01:18 solver.py:159 ] Epoch: [98/200][180/282] lr: 3.23e-04 | MSE loss: 8.3929e-03 | time: 0.169
I 06.08/00:01:21 solver.py:159 ] Epoch: [98/200][200/282] lr: 3.23e-04 | MSE loss: 8.2709e-03 | time: 0.168
I 06.08/00:01:24 solver.py:159 ] Epoch: [98/200][220/282] lr: 3.23e-04 | MSE loss: 8.4336e-03 | time: 0.167
I 06.08/00:01:27 solver.py:159 ] Epoch: [98/200][240/282] lr: 3.22e-04 | MSE loss: 8.2821e-03 | time: 0.166
I 06.08/00:01:30 solver.py:159 ] Epoch: [98/200][260/282] lr: 3.22e-04 | MSE loss: 8.2043e-03 | time: 0.165
I 06.08/00:01:33 solver.py:159 ] Epoch: [98/200][280/282] lr: 3.22e-04 | MSE loss: 8.1327e-03 | time: 0.163
I 06.08/00:01:34 solver.py:169 ] => Train  Loss: 8.1572e-03

I 06.08/00:01:37 solver.py:405 ] [20/32] loss: 9.2702e-03 | NMSE: -1.6828e+01 | time: 0.152
I 06.08/00:01:38 solver.py:413 ] => Test NMSE: -1.7868e+01

I 06.08/00:01:38 solver.py:345 ] => LoRA monitor [epoch=98] | trainable=33792/33792 | non_lora_trainable=0 | lora_l2=7.372902e+00 | lora_A_l2=6.356778e+00 | lora_B_l2=3.735110e+00 | component_l2=decoder:7.372902e+00 | lora_abs_max=8.741397e-01 | delta_l2=7.374652e+00 | delta_rel=3.181150e+00 | train_loss=8.157200e-03 | test_loss=8.168961e-03 | nmse=-1.786803e+01
I 06.08/00:01:38 solver.py:224 ] 
=! Best NMSE: -1.7868e+01 (epoch=97)

I 06.08/00:01:42 solver.py:159 ] Epoch: [99/200][20/282] lr: 3.22e-04 | MSE loss: 9.8351e-03 | time: 0.166
I 06.08/00:01:45 solver.py:159 ] Epoch: [99/200][40/282] lr: 3.21e-04 | MSE loss: 1.0054e-02 | time: 0.163
I 06.08/00:01:48 solver.py:159 ] Epoch: [99/200][60/282] lr: 3.21e-04 | MSE loss: 9.4006e-03 | time: 0.153
I 06.08/00:01:50 solver.py:159 ] Epoch: [99/200][80/282] lr: 3.21e-04 | MSE loss: 8.7227e-03 | time: 0.148
I 06.08/00:01:54 solver.py:159 ] Epoch: [99/200][100/282] lr: 3.20e-04 | MSE loss: 8.6751e-03 | time: 0.151
I 06.08/00:01:57 solver.py:159 ] Epoch: [99/200][120/282] lr: 3.20e-04 | MSE loss: 8.6063e-03 | time: 0.155
I 06.08/00:02:00 solver.py:159 ] Epoch: [99/200][140/282] lr: 3.20e-04 | MSE loss: 8.4231e-03 | time: 0.155
I 06.08/00:02:06 solver.py:159 ] Epoch: [99/200][160/282] lr: 3.20e-04 | MSE loss: 8.3800e-03 | time: 0.171
I 06.08/00:02:09 solver.py:159 ] Epoch: [99/200][180/282] lr: 3.19e-04 | MSE loss: 8.3235e-03 | time: 0.170
I 06.08/00:02:12 solver.py:159 ] Epoch: [99/200][200/282] lr: 3.19e-04 | MSE loss: 8.1256e-03 | time: 0.169
I 06.08/00:02:15 solver.py:159 ] Epoch: [99/200][220/282] lr: 3.19e-04 | MSE loss: 7.9114e-03 | time: 0.168
I 06.08/00:02:19 solver.py:159 ] Epoch: [99/200][240/282] lr: 3.19e-04 | MSE loss: 7.9987e-03 | time: 0.168
I 06.08/00:02:22 solver.py:159 ] Epoch: [99/200][260/282] lr: 3.18e-04 | MSE loss: 8.0703e-03 | time: 0.168
I 06.08/00:02:26 solver.py:159 ] Epoch: [99/200][280/282] lr: 3.18e-04 | MSE loss: 8.0961e-03 | time: 0.168
I 06.08/00:02:26 solver.py:169 ] => Train  Loss: 8.1136e-03

I 06.08/00:02:29 solver.py:405 ] [20/32] loss: 9.2710e-03 | NMSE: -1.6827e+01 | time: 0.167
I 06.08/00:02:31 solver.py:413 ] => Test NMSE: -1.7868e+01

I 06.08/00:02:31 solver.py:345 ] => LoRA monitor [epoch=99] | trainable=33792/33792 | non_lora_trainable=0 | lora_l2=7.406043e+00 | lora_A_l2=6.386680e+00 | lora_B_l2=3.749638e+00 | component_l2=decoder:7.406043e+00 | lora_abs_max=8.762677e-01 | delta_l2=7.408011e+00 | delta_rel=3.195540e+00 | train_loss=8.113592e-03 | test_loss=8.169709e-03 | nmse=-1.786763e+01
I 06.08/00:02:31 solver.py:224 ] 
=! Best NMSE: -1.7868e+01 (epoch=97)

I 06.08/00:02:34 solver.py:159 ] Epoch: [100/200][20/282] lr: 3.18e-04 | MSE loss: 8.5704e-03 | time: 0.166
I 06.08/00:02:37 solver.py:159 ] Epoch: [100/200][40/282] lr: 3.17e-04 | MSE loss: 8.5188e-03 | time: 0.157
I 06.08/00:02:40 solver.py:159 ] Epoch: [100/200][60/282] lr: 3.17e-04 | MSE loss: 8.0534e-03 | time: 0.157
I 06.08/00:02:43 solver.py:159 ] Epoch: [100/200][80/282] lr: 3.17e-04 | MSE loss: 8.1169e-03 | time: 0.157
I 06.08/00:02:46 solver.py:159 ] Epoch: [100/200][100/282] lr: 3.17e-04 | MSE loss: 8.0522e-03 | time: 0.154
I 06.08/00:02:49 solver.py:159 ] Epoch: [100/200][120/282] lr: 3.16e-04 | MSE loss: 7.8808e-03 | time: 0.155
I 06.08/00:02:53 solver.py:159 ] Epoch: [100/200][140/282] lr: 3.16e-04 | MSE loss: 7.9107e-03 | time: 0.156
I 06.08/00:02:56 solver.py:159 ] Epoch: [100/200][160/282] lr: 3.16e-04 | MSE loss: 8.1312e-03 | time: 0.158
I 06.08/00:02:59 solver.py:159 ] Epoch: [100/200][180/282] lr: 3.15e-04 | MSE loss: 7.9602e-03 | time: 0.158
I 06.08/00:03:05 solver.py:159 ] Epoch: [100/200][200/282] lr: 3.15e-04 | MSE loss: 8.1150e-03 | time: 0.170
I 06.08/00:03:08 solver.py:159 ] Epoch: [100/200][220/282] lr: 3.15e-04 | MSE loss: 8.2144e-03 | time: 0.170
I 06.08/00:03:12 solver.py:159 ] Epoch: [100/200][240/282] lr: 3.15e-04 | MSE loss: 8.3087e-03 | time: 0.170
I 06.08/00:03:15 solver.py:159 ] Epoch: [100/200][260/282] lr: 3.14e-04 | MSE loss: 8.1615e-03 | time: 0.170
I 06.08/00:03:18 solver.py:159 ] Epoch: [100/200][280/282] lr: 3.14e-04 | MSE loss: 8.1300e-03 | time: 0.169
I 06.08/00:03:18 solver.py:169 ] => Train  Loss: 8.1405e-03

I 06.08/00:03:22 solver.py:159 ] Epoch: [100/200][20/32] lr: 3.14e-04 | MSE loss: 9.2708e-03 | time: 0.174
I 06.08/00:03:24 solver.py:169 ] => Val  Loss: 7.9871e-03

I 06.08/00:03:27 solver.py:405 ] [20/32] loss: 9.2708e-03 | NMSE: -1.6827e+01 | time: 0.168
I 06.08/00:03:29 solver.py:413 ] => Test NMSE: -1.7868e+01

I 06.08/00:03:29 solver.py:345 ] => LoRA monitor [epoch=100] | trainable=33792/33792 | non_lora_trainable=0 | lora_l2=7.439540e+00 | lora_A_l2=6.418315e+00 | lora_B_l2=3.761914e+00 | component_l2=decoder:7.439540e+00 | lora_abs_max=8.762282e-01 | delta_l2=7.441977e+00 | delta_rel=3.210192e+00 | train_loss=8.140532e-03 | val_loss=7.987052e-03 | test_loss=8.169554e-03 | nmse=-1.786772e+01
I 06.08/00:03:29 solver.py:224 ] 
=! Best NMSE: -1.7868e+01 (epoch=97)

I 06.08/00:03:32 solver.py:159 ] Epoch: [101/200][20/282] lr: 3.14e-04 | MSE loss: 4.3724e-03 | time: 0.170
I 06.08/00:03:36 solver.py:159 ] Epoch: [101/200][40/282] lr: 3.14e-04 | MSE loss: 6.9424e-03 | time: 0.164
I 06.08/00:03:39 solver.py:159 ] Epoch: [101/200][60/282] lr: 3.13e-04 | MSE loss: 7.4212e-03 | time: 0.163
I 06.08/00:03:42 solver.py:159 ] Epoch: [101/200][80/282] lr: 3.13e-04 | MSE loss: 7.2324e-03 | time: 0.164
I 06.08/00:03:45 solver.py:159 ] Epoch: [101/200][100/282] lr: 3.13e-04 | MSE loss: 7.2311e-03 | time: 0.163
I 06.08/00:03:48 solver.py:159 ] Epoch: [101/200][120/282] lr: 3.12e-04 | MSE loss: 7.5234e-03 | time: 0.161
I 06.08/00:03:52 solver.py:159 ] Epoch: [101/200][140/282] lr: 3.12e-04 | MSE loss: 7.5705e-03 | time: 0.162
I 06.08/00:03:55 solver.py:159 ] Epoch: [101/200][160/282] lr: 3.12e-04 | MSE loss: 8.1366e-03 | time: 0.163
I 06.08/00:03:58 solver.py:159 ] Epoch: [101/200][180/282] lr: 3.12e-04 | MSE loss: 8.1263e-03 | time: 0.162
I 06.08/00:04:03 solver.py:159 ] Epoch: [101/200][200/282] lr: 3.11e-04 | MSE loss: 8.1829e-03 | time: 0.169
I 06.08/00:04:07 solver.py:159 ] Epoch: [101/200][220/282] lr: 3.11e-04 | MSE loss: 8.2295e-03 | time: 0.174
I 06.08/00:04:10 solver.py:159 ] Epoch: [101/200][240/282] lr: 3.11e-04 | MSE loss: 8.2090e-03 | time: 0.172
I 06.08/00:04:13 solver.py:159 ] Epoch: [101/200][260/282] lr: 3.11e-04 | MSE loss: 8.0955e-03 | time: 0.171
I 06.08/00:04:17 solver.py:159 ] Epoch: [101/200][280/282] lr: 3.10e-04 | MSE loss: 8.0929e-03 | time: 0.170
I 06.08/00:04:17 solver.py:169 ] => Train  Loss: 8.1142e-03

I 06.08/00:04:21 solver.py:405 ] [20/32] loss: 9.2700e-03 | NMSE: -1.6828e+01 | time: 0.177
I 06.08/00:04:22 solver.py:413 ] => Test NMSE: -1.7868e+01

I 06.08/00:04:22 solver.py:345 ] => LoRA monitor [epoch=101] | trainable=33792/33792 | non_lora_trainable=0 | lora_l2=7.469231e+00 | lora_A_l2=6.447422e+00 | lora_B_l2=3.770963e+00 | component_l2=decoder:7.469231e+00 | lora_abs_max=8.784138e-01 | delta_l2=7.471965e+00 | delta_rel=3.223127e+00 | train_loss=8.114194e-03 | test_loss=8.168790e-03 | nmse=-1.786812e+01
I 06.08/00:04:22 solver.py:224 ] 
=! Best NMSE: -1.7868e+01 (epoch=97)

I 06.08/00:04:26 solver.py:159 ] Epoch: [102/200][20/282] lr: 3.10e-04 | MSE loss: 9.5642e-03 | time: 0.173
I 06.08/00:04:29 solver.py:159 ] Epoch: [102/200][40/282] lr: 3.10e-04 | MSE loss: 8.4867e-03 | time: 0.167
I 06.08/00:04:32 solver.py:159 ] Epoch: [102/200][60/282] lr: 3.09e-04 | MSE loss: 8.0228e-03 | time: 0.163
I 06.08/00:04:35 solver.py:159 ] Epoch: [102/200][80/282] lr: 3.09e-04 | MSE loss: 8.2473e-03 | time: 0.158
I 06.08/00:04:38 solver.py:159 ] Epoch: [102/200][100/282] lr: 3.09e-04 | MSE loss: 8.3487e-03 | time: 0.156
I 06.08/00:04:41 solver.py:159 ] Epoch: [102/200][120/282] lr: 3.09e-04 | MSE loss: 8.0679e-03 | time: 0.155
I 06.08/00:04:44 solver.py:159 ] Epoch: [102/200][140/282] lr: 3.08e-04 | MSE loss: 8.0273e-03 | time: 0.155
I 06.08/00:04:47 solver.py:159 ] Epoch: [102/200][160/282] lr: 3.08e-04 | MSE loss: 7.7399e-03 | time: 0.155
I 06.08/00:04:50 solver.py:159 ] Epoch: [102/200][180/282] lr: 3.08e-04 | MSE loss: 7.9506e-03 | time: 0.155
I 06.08/00:04:53 solver.py:159 ] Epoch: [102/200][200/282] lr: 3.07e-04 | MSE loss: 8.1281e-03 | time: 0.154
I 06.08/00:04:56 solver.py:159 ] Epoch: [102/200][220/282] lr: 3.07e-04 | MSE loss: 8.2031e-03 | time: 0.155
I 06.08/00:04:59 solver.py:159 ] Epoch: [102/200][240/282] lr: 3.07e-04 | MSE loss: 8.3307e-03 | time: 0.155
I 06.08/00:05:05 solver.py:159 ] Epoch: [102/200][260/282] lr: 3.07e-04 | MSE loss: 8.2021e-03 | time: 0.163
I 06.08/00:05:08 solver.py:159 ] Epoch: [102/200][280/282] lr: 3.06e-04 | MSE loss: 8.1057e-03 | time: 0.164
I 06.08/00:05:09 solver.py:169 ] => Train  Loss: 8.1865e-03

I 06.08/00:05:13 solver.py:405 ] [20/32] loss: 9.2700e-03 | NMSE: -1.6828e+01 | time: 0.185
I 06.08/00:05:15 solver.py:413 ] => Test NMSE: -1.7868e+01

I 06.08/00:05:15 solver.py:345 ] => LoRA monitor [epoch=102] | trainable=33792/33792 | non_lora_trainable=0 | lora_l2=7.499424e+00 | lora_A_l2=6.474359e+00 | lora_B_l2=3.784712e+00 | component_l2=decoder:7.499424e+00 | lora_abs_max=8.805492e-01 | delta_l2=7.502691e+00 | delta_rel=3.236382e+00 | train_loss=8.186492e-03 | test_loss=8.168708e-03 | nmse=-1.786817e+01
I 06.08/00:05:15 solver.py:224 ] 
=! Best NMSE: -1.7868e+01 (epoch=97)

I 06.08/00:05:18 solver.py:159 ] Epoch: [103/200][20/282] lr: 3.06e-04 | MSE loss: 7.2148e-03 | time: 0.178
I 06.08/00:05:21 solver.py:159 ] Epoch: [103/200][40/282] lr: 3.06e-04 | MSE loss: 8.3313e-03 | time: 0.170
I 06.08/00:05:24 solver.py:159 ] Epoch: [103/200][60/282] lr: 3.05e-04 | MSE loss: 7.7440e-03 | time: 0.165
I 06.08/00:05:28 solver.py:159 ] Epoch: [103/200][80/282] lr: 3.05e-04 | MSE loss: 8.1169e-03 | time: 0.165
I 06.08/00:05:31 solver.py:159 ] Epoch: [103/200][100/282] lr: 3.05e-04 | MSE loss: 8.5206e-03 | time: 0.168
I 06.08/00:05:35 solver.py:159 ] Epoch: [103/200][120/282] lr: 3.05e-04 | MSE loss: 8.5370e-03 | time: 0.167
I 06.08/00:05:38 solver.py:159 ] Epoch: [103/200][140/282] lr: 3.04e-04 | MSE loss: 8.4231e-03 | time: 0.166
I 06.08/00:05:41 solver.py:159 ] Epoch: [103/200][160/282] lr: 3.04e-04 | MSE loss: 8.0416e-03 | time: 0.166
I 06.08/00:05:44 solver.py:159 ] Epoch: [103/200][180/282] lr: 3.04e-04 | MSE loss: 7.9403e-03 | time: 0.166
I 06.08/00:05:48 solver.py:159 ] Epoch: [103/200][200/282] lr: 3.04e-04 | MSE loss: 8.1820e-03 | time: 0.165
I 06.08/00:05:51 solver.py:159 ] Epoch: [103/200][220/282] lr: 3.03e-04 | MSE loss: 8.1429e-03 | time: 0.166
I 06.08/00:05:54 solver.py:159 ] Epoch: [103/200][240/282] lr: 3.03e-04 | MSE loss: 8.0722e-03 | time: 0.165
I 06.08/00:05:57 solver.py:159 ] Epoch: [103/200][260/282] lr: 3.03e-04 | MSE loss: 8.1332e-03 | time: 0.164
I 06.08/00:06:01 solver.py:159 ] Epoch: [103/200][280/282] lr: 3.02e-04 | MSE loss: 8.1511e-03 | time: 0.166
I 06.08/00:06:01 solver.py:169 ] => Train  Loss: 8.0992e-03

I 06.08/00:06:06 solver.py:405 ] [20/32] loss: 9.2701e-03 | NMSE: -1.6828e+01 | time: 0.252
I 06.08/00:06:08 solver.py:413 ] => Test NMSE: -1.7868e+01

I 06.08/00:06:08 solver.py:345 ] => LoRA monitor [epoch=103] | trainable=33792/33792 | non_lora_trainable=0 | lora_l2=7.529399e+00 | lora_A_l2=6.502374e+00 | lora_B_l2=3.796180e+00 | component_l2=decoder:7.529399e+00 | lora_abs_max=8.815567e-01 | delta_l2=7.533189e+00 | delta_rel=3.249537e+00 | train_loss=8.099215e-03 | test_loss=8.168861e-03 | nmse=-1.786809e+01
I 06.08/00:06:08 solver.py:224 ] 
=! Best NMSE: -1.7868e+01 (epoch=97)

I 06.08/00:06:12 solver.py:159 ] Epoch: [104/200][20/282] lr: 3.02e-04 | MSE loss: 8.8680e-03 | time: 0.185
I 06.08/00:06:16 solver.py:159 ] Epoch: [104/200][40/282] lr: 3.02e-04 | MSE loss: 7.6457e-03 | time: 0.184
I 06.08/00:06:19 solver.py:159 ] Epoch: [104/200][60/282] lr: 3.02e-04 | MSE loss: 7.2316e-03 | time: 0.186
I 06.08/00:06:23 solver.py:159 ] Epoch: [104/200][80/282] lr: 3.01e-04 | MSE loss: 7.4200e-03 | time: 0.185
I 06.08/00:06:27 solver.py:159 ] Epoch: [104/200][100/282] lr: 3.01e-04 | MSE loss: 7.8630e-03 | time: 0.185
I 06.08/00:06:30 solver.py:159 ] Epoch: [104/200][120/282] lr: 3.01e-04 | MSE loss: 7.6999e-03 | time: 0.184
I 06.08/00:06:34 solver.py:159 ] Epoch: [104/200][140/282] lr: 3.00e-04 | MSE loss: 7.6339e-03 | time: 0.182
I 06.08/00:06:37 solver.py:159 ] Epoch: [104/200][160/282] lr: 3.00e-04 | MSE loss: 7.6177e-03 | time: 0.182
I 06.08/00:06:41 solver.py:159 ] Epoch: [104/200][180/282] lr: 3.00e-04 | MSE loss: 7.9951e-03 | time: 0.181
I 06.08/00:06:44 solver.py:159 ] Epoch: [104/200][200/282] lr: 3.00e-04 | MSE loss: 7.9000e-03 | time: 0.181
I 06.08/00:06:48 solver.py:159 ] Epoch: [104/200][220/282] lr: 2.99e-04 | MSE loss: 7.8856e-03 | time: 0.181
I 06.08/00:06:52 solver.py:159 ] Epoch: [104/200][240/282] lr: 2.99e-04 | MSE loss: 7.8720e-03 | time: 0.181
I 06.08/00:06:55 solver.py:159 ] Epoch: [104/200][260/282] lr: 2.99e-04 | MSE loss: 8.1047e-03 | time: 0.181
I 06.08/00:06:59 solver.py:159 ] Epoch: [104/200][280/282] lr: 2.99e-04 | MSE loss: 8.1378e-03 | time: 0.181
I 06.08/00:06:59 solver.py:169 ] => Train  Loss: 8.1008e-03

I 06.08/00:07:05 solver.py:405 ] [20/32] loss: 9.2697e-03 | NMSE: -1.6828e+01 | time: 0.302
I 06.08/00:07:07 solver.py:413 ] => Test NMSE: -1.7868e+01

I 06.08/00:07:07 solver.py:345 ] => LoRA monitor [epoch=104] | trainable=33792/33792 | non_lora_trainable=0 | lora_l2=7.559173e+00 | lora_A_l2=6.529648e+00 | lora_B_l2=3.808516e+00 | component_l2=decoder:7.559173e+00 | lora_abs_max=8.808724e-01 | delta_l2=7.563385e+00 | delta_rel=3.262563e+00 | train_loss=8.100821e-03 | test_loss=8.168492e-03 | nmse=-1.786828e+01
I 06.08/00:07:08 solver.py:224 ] 
=! Best NMSE: -1.7868e+01 (epoch=104)

I 06.08/00:07:11 solver.py:159 ] Epoch: [105/200][20/282] lr: 2.98e-04 | MSE loss: 7.5201e-03 | time: 0.178
I 06.08/00:07:15 solver.py:159 ] Epoch: [105/200][40/282] lr: 2.98e-04 | MSE loss: 6.0792e-03 | time: 0.174
I 06.08/00:07:18 solver.py:159 ] Epoch: [105/200][60/282] lr: 2.98e-04 | MSE loss: 7.0700e-03 | time: 0.175
I 06.08/00:07:22 solver.py:159 ] Epoch: [105/200][80/282] lr: 2.97e-04 | MSE loss: 7.3612e-03 | time: 0.176
I 06.08/00:07:25 solver.py:159 ] Epoch: [105/200][100/282] lr: 2.97e-04 | MSE loss: 7.9725e-03 | time: 0.176
I 06.08/00:07:29 solver.py:159 ] Epoch: [105/200][120/282] lr: 2.97e-04 | MSE loss: 7.9701e-03 | time: 0.175
I 06.08/00:07:32 solver.py:159 ] Epoch: [105/200][140/282] lr: 2.97e-04 | MSE loss: 8.3877e-03 | time: 0.175
I 06.08/00:07:36 solver.py:159 ] Epoch: [105/200][160/282] lr: 2.96e-04 | MSE loss: 8.3683e-03 | time: 0.175
I 06.08/00:07:39 solver.py:159 ] Epoch: [105/200][180/282] lr: 2.96e-04 | MSE loss: 8.1953e-03 | time: 0.174
I 06.08/00:07:43 solver.py:159 ] Epoch: [105/200][200/282] lr: 2.96e-04 | MSE loss: 8.0071e-03 | time: 0.175
I 06.08/00:07:46 solver.py:159 ] Epoch: [105/200][220/282] lr: 2.95e-04 | MSE loss: 8.1541e-03 | time: 0.176
I 06.08/00:07:50 solver.py:159 ] Epoch: [105/200][240/282] lr: 2.95e-04 | MSE loss: 8.1445e-03 | time: 0.175
I 06.08/00:07:53 solver.py:159 ] Epoch: [105/200][260/282] lr: 2.95e-04 | MSE loss: 8.3141e-03 | time: 0.176
I 06.08/00:07:57 solver.py:159 ] Epoch: [105/200][280/282] lr: 2.95e-04 | MSE loss: 8.1218e-03 | time: 0.176
I 06.08/00:07:57 solver.py:169 ] => Train  Loss: 8.1008e-03

I 06.08/00:08:02 solver.py:405 ] [20/32] loss: 9.2703e-03 | NMSE: -1.6828e+01 | time: 0.211
I 06.08/00:08:05 solver.py:413 ] => Test NMSE: -1.7868e+01

I 06.08/00:08:05 solver.py:345 ] => LoRA monitor [epoch=105] | trainable=33792/33792 | non_lora_trainable=0 | lora_l2=7.587414e+00 | lora_A_l2=6.555960e+00 | lora_B_l2=3.819457e+00 | component_l2=decoder:7.587414e+00 | lora_abs_max=8.828340e-01 | delta_l2=7.592007e+00 | delta_rel=3.274909e+00 | train_loss=8.100761e-03 | test_loss=8.169122e-03 | nmse=-1.786795e+01
I 06.08/00:08:05 solver.py:224 ] 
=! Best NMSE: -1.7868e+01 (epoch=104)

I 06.08/00:08:09 solver.py:159 ] Epoch: [106/200][20/282] lr: 2.94e-04 | MSE loss: 9.1402e-03 | time: 0.175
I 06.08/00:08:12 solver.py:159 ] Epoch: [106/200][40/282] lr: 2.94e-04 | MSE loss: 9.5984e-03 | time: 0.169
I 06.08/00:08:15 solver.py:159 ] Epoch: [106/200][60/282] lr: 2.94e-04 | MSE loss: 8.9146e-03 | time: 0.171
I 06.08/00:08:19 solver.py:159 ] Epoch: [106/200][80/282] lr: 2.94e-04 | MSE loss: 9.0475e-03 | time: 0.172
I 06.08/00:08:22 solver.py:159 ] Epoch: [106/200][100/282] lr: 2.93e-04 | MSE loss: 8.8747e-03 | time: 0.171
I 06.08/00:08:26 solver.py:159 ] Epoch: [106/200][120/282] lr: 2.93e-04 | MSE loss: 8.5963e-03 | time: 0.171
I 06.08/00:08:29 solver.py:159 ] Epoch: [106/200][140/282] lr: 2.93e-04 | MSE loss: 8.4245e-03 | time: 0.172
I 06.08/00:08:33 solver.py:159 ] Epoch: [106/200][160/282] lr: 2.92e-04 | MSE loss: 8.1727e-03 | time: 0.171
I 06.08/00:08:36 solver.py:159 ] Epoch: [106/200][180/282] lr: 2.92e-04 | MSE loss: 8.2125e-03 | time: 0.173
I 06.08/00:08:40 solver.py:159 ] Epoch: [106/200][200/282] lr: 2.92e-04 | MSE loss: 7.9394e-03 | time: 0.174
I 06.08/00:08:43 solver.py:159 ] Epoch: [106/200][220/282] lr: 2.92e-04 | MSE loss: 8.0702e-03 | time: 0.173
I 06.08/00:08:47 solver.py:159 ] Epoch: [106/200][240/282] lr: 2.91e-04 | MSE loss: 7.9680e-03 | time: 0.175
I 06.08/00:08:51 solver.py:159 ] Epoch: [106/200][260/282] lr: 2.91e-04 | MSE loss: 8.2868e-03 | time: 0.175
I 06.08/00:08:54 solver.py:159 ] Epoch: [106/200][280/282] lr: 2.91e-04 | MSE loss: 8.1274e-03 | time: 0.174
I 06.08/00:08:54 solver.py:169 ] => Train  Loss: 8.0979e-03

I 06.08/00:08:58 solver.py:405 ] [20/32] loss: 9.2702e-03 | NMSE: -1.6828e+01 | time: 0.167
I 06.08/00:09:00 solver.py:413 ] => Test NMSE: -1.7868e+01

I 06.08/00:09:00 solver.py:345 ] => LoRA monitor [epoch=106] | trainable=33792/33792 | non_lora_trainable=0 | lora_l2=7.616116e+00 | lora_A_l2=6.583507e+00 | lora_B_l2=3.829187e+00 | component_l2=decoder:7.616116e+00 | lora_abs_max=8.849307e-01 | delta_l2=7.620997e+00 | delta_rel=3.287414e+00 | train_loss=8.097938e-03 | test_loss=8.168930e-03 | nmse=-1.786805e+01
I 06.08/00:09:00 solver.py:224 ] 
=! Best NMSE: -1.7868e+01 (epoch=104)

I 06.08/00:09:06 solver.py:159 ] Epoch: [107/200][20/282] lr: 2.90e-04 | MSE loss: 9.0123e-03 | time: 0.329
I 06.08/00:09:10 solver.py:159 ] Epoch: [107/200][40/282] lr: 2.90e-04 | MSE loss: 9.0057e-03 | time: 0.254
I 06.08/00:09:13 solver.py:159 ] Epoch: [107/200][60/282] lr: 2.90e-04 | MSE loss: 8.2906e-03 | time: 0.224
I 06.08/00:09:17 solver.py:159 ] Epoch: [107/200][80/282] lr: 2.90e-04 | MSE loss: 7.8828e-03 | time: 0.214
I 06.08/00:09:20 solver.py:159 ] Epoch: [107/200][100/282] lr: 2.89e-04 | MSE loss: 8.2421e-03 | time: 0.204
I 06.08/00:09:24 solver.py:159 ] Epoch: [107/200][120/282] lr: 2.89e-04 | MSE loss: 7.9492e-03 | time: 0.200
I 06.08/00:09:27 solver.py:159 ] Epoch: [107/200][140/282] lr: 2.89e-04 | MSE loss: 7.9241e-03 | time: 0.195
I 06.08/00:09:30 solver.py:159 ] Epoch: [107/200][160/282] lr: 2.88e-04 | MSE loss: 8.1823e-03 | time: 0.192
I 06.08/00:09:34 solver.py:159 ] Epoch: [107/200][180/282] lr: 2.88e-04 | MSE loss: 8.2112e-03 | time: 0.189
I 06.08/00:09:37 solver.py:159 ] Epoch: [107/200][200/282] lr: 2.88e-04 | MSE loss: 8.3503e-03 | time: 0.186
I 06.08/00:09:40 solver.py:159 ] Epoch: [107/200][220/282] lr: 2.88e-04 | MSE loss: 8.6009e-03 | time: 0.185
I 06.08/00:09:44 solver.py:159 ] Epoch: [107/200][240/282] lr: 2.87e-04 | MSE loss: 8.4575e-03 | time: 0.183
I 06.08/00:09:47 solver.py:159 ] Epoch: [107/200][260/282] lr: 2.87e-04 | MSE loss: 8.3140e-03 | time: 0.181
I 06.08/00:09:50 solver.py:159 ] Epoch: [107/200][280/282] lr: 2.87e-04 | MSE loss: 8.0990e-03 | time: 0.180
I 06.08/00:09:50 solver.py:169 ] => Train  Loss: 8.1111e-03

I 06.08/00:09:54 solver.py:405 ] [20/32] loss: 9.2696e-03 | NMSE: -1.6828e+01 | time: 0.160
I 06.08/00:09:55 solver.py:413 ] => Test NMSE: -1.7868e+01

I 06.08/00:09:55 solver.py:345 ] => LoRA monitor [epoch=107] | trainable=33792/33792 | non_lora_trainable=0 | lora_l2=7.645121e+00 | lora_A_l2=6.610312e+00 | lora_B_l2=3.840787e+00 | component_l2=decoder:7.645121e+00 | lora_abs_max=8.887236e-01 | delta_l2=7.650433e+00 | delta_rel=3.300112e+00 | train_loss=8.111086e-03 | test_loss=8.168382e-03 | nmse=-1.786834e+01
I 06.08/00:09:56 solver.py:224 ] 
=! Best NMSE: -1.7868e+01 (epoch=107)

I 06.08/00:09:58 solver.py:159 ] Epoch: [108/200][20/282] lr: 2.86e-04 | MSE loss: 7.0021e-03 | time: 0.133
I 06.08/00:10:02 solver.py:159 ] Epoch: [108/200][40/282] lr: 2.86e-04 | MSE loss: 8.0378e-03 | time: 0.171
I 06.08/00:10:07 solver.py:159 ] Epoch: [108/200][60/282] lr: 2.86e-04 | MSE loss: 8.0346e-03 | time: 0.182
