I 06.08/10:56:04 main.py:23  ] => Experiment directory: /home/hujiacong/zxd/Huawei/TransNet/exps/DeepMIMO/seed3407/city_1_losangeles_3p5_s/torch_independent
I 06.08/10:56:04 main.py:24  ] => PyTorch Version: 2.5.1
I 06.08/10:56:04 main.py:26  ] ==================================================
I 06.08/10:56:04 main.py:30  ] => Arguments:
	train_path: /storage/hujiacong/zxd/datasets/deepmimo/data/city_1_losangeles_3p5_s/train.npy
	val_path: /storage/hujiacong/zxd/datasets/deepmimo/data/city_1_losangeles_3p5_s/test.npy
	test_path: /storage/hujiacong/zxd/datasets/deepmimo/data/city_1_losangeles_3p5_s/test.npy
	batch_size: 512
	workers: 0
	evaluate: False
	pretrained: None
	resume: None
	seed: 3407
	gpu: 4
	cpu: False
	cpu_affinity: None
	epochs: 400
	cr: 4
	exp_name: DeepMIMO/seed3407/city_1_losangeles_3p5_s/torch_independent
	channel: 2
	nt: 64
	nc: 64
	d_model: 64
	dim_feedforward: 2048
	fc_lora: False
	fc_lora_rank: None
	layer_sharing: independent
	transformer_backend: torch
	scheduler: cosine
	lr_init: 0.0002
	weight_decay: 0.001
	freeze_components: []
	lora_component: []
	lora_pretrained: None
	lora_rank: 8
	lora_alpha: 16
I 06.08/10:56:04 main.py:31  ] ==================================================
I 06.08/10:56:04 init.py:17  ] Random seed set to 3407
I 06.08/10:56:04 init.py:236 ] Running on GPU 4
I 06.08/10:56:14 dataloader.py:84  ] /storage/hujiacong/zxd/datasets/deepmimo/data/city_1_losangeles_3p5_s/train.npy loaded.
I 06.08/10:56:15 dataloader.py:86  ] /storage/hujiacong/zxd/datasets/deepmimo/data/city_1_losangeles_3p5_s/test.npy loaded.
I 06.08/10:56:15 dataloader.py:88  ] /storage/hujiacong/zxd/datasets/deepmimo/data/city_1_losangeles_3p5_s/test.npy loaded.
I 06.08/10:56:16 init.py:306 ] => Model Name: TransNet [pretrained: None]
I 06.08/10:56:16 init.py:307 ] => Model Config: compression ratio=1/4; input shape=(2, 64, 64); input dim=8192; layer sharing=independent; transformer backend=torch; fc_lora=False; fc_lora_rank=None
I 06.08/10:56:16 init.py:314 ] => Model Flops: 1.6817e+02M
I 06.08/10:56:16 init.py:315 ] => Model Params Num: 3.4623e+01M

I 06.08/10:56:16 init.py:316 ] 
==================================================
Transformer(
  (encoder): TransformerEncoder(
    (layers): ModuleList(
      (0-1): 2 x TransformerEncoderLayer(
        (self_attn): MultiheadAttention(
          (out_proj): NonDynamicallyQuantizableLinear(in_features=64, out_features=64, bias=True)
        )
        (linear1): Linear(in_features=64, out_features=2048, bias=True)
        (dropout): Dropout(p=0.0, inplace=False)
        (linear2): Linear(in_features=2048, out_features=64, bias=True)
        (norm1): LayerNorm((64,), eps=1e-05, elementwise_affine=True)
        (norm2): LayerNorm((64,), eps=1e-05, elementwise_affine=True)
        (dropout1): Dropout(p=0.0, inplace=False)
        (dropout2): Dropout(p=0.0, inplace=False)
      )
    )
    (norm): LayerNorm((64,), eps=1e-05, elementwise_affine=True)
  )
  (decoder): TransformerDecoder(
    (layers): ModuleList(
      (0-1): 2 x TransformerDecoderLayer(
        (self_attn): MultiheadAttention(
          (out_proj): NonDynamicallyQuantizableLinear(in_features=64, out_features=64, bias=True)
        )
        (multihead_attn): MultiheadAttention(
          (out_proj): NonDynamicallyQuantizableLinear(in_features=64, out_features=64, bias=True)
        )
        (linear1): Linear(in_features=64, out_features=2048, bias=True)
        (dropout): Dropout(p=0.0, inplace=False)
        (linear2): Linear(in_features=2048, out_features=64, bias=True)
        (norm1): LayerNorm((64,), eps=1e-05, elementwise_affine=True)
        (norm2): LayerNorm((64,), eps=1e-05, elementwise_affine=True)
        (norm3): LayerNorm((64,), eps=1e-05, elementwise_affine=True)
        (dropout1): Dropout(p=0.0, inplace=False)
        (dropout2): Dropout(p=0.0, inplace=False)
        (dropout3): Dropout(p=0.0, inplace=False)
      )
    )
    (norm): LayerNorm((64,), eps=1e-05, elementwise_affine=True)
  )
  (fc_encoder): Linear(in_features=8192, out_features=2048, bias=True)
  (fc_decoder): Linear(in_features=2048, out_features=8192, bias=True)
)
==================================================

I 06.08/10:56:16 init.py:216 ] 
encoder.layers.0.self_attn.in_proj_weight                         True     (192, 64)
encoder.layers.0.self_attn.in_proj_bias                           True     (192,)
encoder.layers.0.self_attn.out_proj.weight                        True     (64, 64)
encoder.layers.0.self_attn.out_proj.bias                          True     (64,)
encoder.layers.0.linear1.weight                                   True     (2048, 64)
encoder.layers.0.linear1.bias                                     True     (2048,)
encoder.layers.0.linear2.weight                                   True     (64, 2048)
encoder.layers.0.linear2.bias                                     True     (64,)
encoder.layers.0.norm1.weight                                     True     (64,)
encoder.layers.0.norm1.bias                                       True     (64,)
encoder.layers.0.norm2.weight                                     True     (64,)
encoder.layers.0.norm2.bias                                       True     (64,)
encoder.layers.1.self_attn.in_proj_weight                         True     (192, 64)
encoder.layers.1.self_attn.in_proj_bias                           True     (192,)
encoder.layers.1.self_attn.out_proj.weight                        True     (64, 64)
encoder.layers.1.self_attn.out_proj.bias                          True     (64,)
encoder.layers.1.linear1.weight                                   True     (2048, 64)
encoder.layers.1.linear1.bias                                     True     (2048,)
encoder.layers.1.linear2.weight                                   True     (64, 2048)
encoder.layers.1.linear2.bias                                     True     (64,)
encoder.layers.1.norm1.weight                                     True     (64,)
encoder.layers.1.norm1.bias                                       True     (64,)
encoder.layers.1.norm2.weight                                     True     (64,)
encoder.layers.1.norm2.bias                                       True     (64,)
encoder.norm.weight                                               True     (64,)
encoder.norm.bias                                                 True     (64,)
decoder.layers.0.self_attn.in_proj_weight                         True     (192, 64)
decoder.layers.0.self_attn.in_proj_bias                           True     (192,)
decoder.layers.0.self_attn.out_proj.weight                        True     (64, 64)
decoder.layers.0.self_attn.out_proj.bias                          True     (64,)
decoder.layers.0.multihead_attn.in_proj_weight                    True     (192, 64)
decoder.layers.0.multihead_attn.in_proj_bias                      True     (192,)
decoder.layers.0.multihead_attn.out_proj.weight                   True     (64, 64)
decoder.layers.0.multihead_attn.out_proj.bias                     True     (64,)
decoder.layers.0.linear1.weight                                   True     (2048, 64)
decoder.layers.0.linear1.bias                                     True     (2048,)
decoder.layers.0.linear2.weight                                   True     (64, 2048)
decoder.layers.0.linear2.bias                                     True     (64,)
decoder.layers.0.norm1.weight                                     True     (64,)
decoder.layers.0.norm1.bias                                       True     (64,)
decoder.layers.0.norm2.weight                                     True     (64,)
decoder.layers.0.norm2.bias                                       True     (64,)
decoder.layers.0.norm3.weight                                     True     (64,)
decoder.layers.0.norm3.bias                                       True     (64,)
decoder.layers.1.self_attn.in_proj_weight                         True     (192, 64)
decoder.layers.1.self_attn.in_proj_bias                           True     (192,)
decoder.layers.1.self_attn.out_proj.weight                        True     (64, 64)
decoder.layers.1.self_attn.out_proj.bias                          True     (64,)
decoder.layers.1.multihead_attn.in_proj_weight                    True     (192, 64)
decoder.layers.1.multihead_attn.in_proj_bias                      True     (192,)
decoder.layers.1.multihead_attn.out_proj.weight                   True     (64, 64)
decoder.layers.1.multihead_attn.out_proj.bias                     True     (64,)
decoder.layers.1.linear1.weight                                   True     (2048, 64)
decoder.layers.1.linear1.bias                                     True     (2048,)
decoder.layers.1.linear2.weight                                   True     (64, 2048)
decoder.layers.1.linear2.bias                                     True     (64,)
decoder.layers.1.norm1.weight                                     True     (64,)
decoder.layers.1.norm1.bias                                       True     (64,)
decoder.layers.1.norm2.weight                                     True     (64,)
decoder.layers.1.norm2.bias                                       True     (64,)
decoder.layers.1.norm3.weight                                     True     (64,)
decoder.layers.1.norm3.bias                                       True     (64,)
decoder.norm.weight                                               True     (64,)
decoder.norm.bias                                                 True     (64,)
fc_encoder.weight                                                 True     (2048, 8192)
fc_encoder.bias                                                   True     (2048,)
fc_decoder.weight                                                 True     (8192, 2048)
fc_decoder.bias                                                   True     (8192,)
==================================================
I 06.08/10:56:19 solver.py:159 ] Epoch: [1/400][20/112] lr: 8.93e-07 | MSE loss: 1.3354e+00 | time: 0.083
I 06.08/10:56:20 solver.py:159 ] Epoch: [1/400][40/112] lr: 1.79e-06 | MSE loss: 1.3291e+00 | time: 0.073
I 06.08/10:56:21 solver.py:159 ] Epoch: [1/400][60/112] lr: 2.68e-06 | MSE loss: 1.3200e+00 | time: 0.070
I 06.08/10:56:23 solver.py:159 ] Epoch: [1/400][80/112] lr: 3.57e-06 | MSE loss: 1.3063e+00 | time: 0.067
I 06.08/10:56:24 solver.py:159 ] Epoch: [1/400][100/112] lr: 4.46e-06 | MSE loss: 1.2879e+00 | time: 0.067
I 06.08/10:56:25 solver.py:169 ] => Train  Loss: 1.2741e+00

I 06.08/10:56:26 solver.py:159 ] Epoch: [2/400][20/112] lr: 5.89e-06 | MSE loss: 1.0958e+00 | time: 0.042
I 06.08/10:56:27 solver.py:159 ] Epoch: [2/400][40/112] lr: 6.79e-06 | MSE loss: 1.0550e+00 | time: 0.043
I 06.08/10:56:27 solver.py:159 ] Epoch: [2/400][60/112] lr: 7.68e-06 | MSE loss: 1.0202e+00 | time: 0.043
I 06.08/10:56:28 solver.py:159 ] Epoch: [2/400][80/112] lr: 8.57e-06 | MSE loss: 9.8944e-01 | time: 0.042
I 06.08/10:56:29 solver.py:159 ] Epoch: [2/400][100/112] lr: 9.46e-06 | MSE loss: 9.6349e-01 | time: 0.042
I 06.08/10:56:30 solver.py:169 ] => Train  Loss: 9.4970e-01

I 06.08/10:56:30 solver.py:159 ] Epoch: [3/400][20/112] lr: 1.09e-05 | MSE loss: 8.1426e-01 | time: 0.042
I 06.08/10:56:31 solver.py:159 ] Epoch: [3/400][40/112] lr: 1.18e-05 | MSE loss: 8.0538e-01 | time: 0.043
I 06.08/10:56:32 solver.py:159 ] Epoch: [3/400][60/112] lr: 1.27e-05 | MSE loss: 7.9773e-01 | time: 0.042
I 06.08/10:56:33 solver.py:159 ] Epoch: [3/400][80/112] lr: 1.36e-05 | MSE loss: 7.9164e-01 | time: 0.043
I 06.08/10:56:34 solver.py:159 ] Epoch: [3/400][100/112] lr: 1.45e-05 | MSE loss: 7.8624e-01 | time: 0.042
I 06.08/10:56:34 solver.py:169 ] => Train  Loss: 7.8375e-01

I 06.08/10:56:35 solver.py:159 ] Epoch: [4/400][20/112] lr: 1.59e-05 | MSE loss: 7.5447e-01 | time: 0.043
I 06.08/10:56:36 solver.py:159 ] Epoch: [4/400][40/112] lr: 1.68e-05 | MSE loss: 7.5226e-01 | time: 0.042
I 06.08/10:56:37 solver.py:159 ] Epoch: [4/400][60/112] lr: 1.77e-05 | MSE loss: 7.5009e-01 | time: 0.044
I 06.08/10:56:38 solver.py:159 ] Epoch: [4/400][80/112] lr: 1.86e-05 | MSE loss: 7.4891e-01 | time: 0.045
I 06.08/10:56:39 solver.py:159 ] Epoch: [4/400][100/112] lr: 1.95e-05 | MSE loss: 7.4724e-01 | time: 0.045
I 06.08/10:56:39 solver.py:169 ] => Train  Loss: 7.4723e-01

I 06.08/10:56:40 solver.py:159 ] Epoch: [5/400][20/112] lr: 2.09e-05 | MSE loss: 7.4263e-01 | time: 0.048
I 06.08/10:56:41 solver.py:159 ] Epoch: [5/400][40/112] lr: 2.18e-05 | MSE loss: 7.3994e-01 | time: 0.048
I 06.08/10:56:42 solver.py:159 ] Epoch: [5/400][60/112] lr: 2.27e-05 | MSE loss: 7.3885e-01 | time: 0.048
I 06.08/10:56:43 solver.py:159 ] Epoch: [5/400][80/112] lr: 2.36e-05 | MSE loss: 7.3758e-01 | time: 0.047
I 06.08/10:56:44 solver.py:159 ] Epoch: [5/400][100/112] lr: 2.45e-05 | MSE loss: 7.3585e-01 | time: 0.048
I 06.08/10:56:45 solver.py:169 ] => Train  Loss: 7.3528e-01

I 06.08/10:56:46 solver.py:159 ] Epoch: [6/400][20/112] lr: 2.59e-05 | MSE loss: 7.3042e-01 | time: 0.044
I 06.08/10:56:47 solver.py:159 ] Epoch: [6/400][40/112] lr: 2.68e-05 | MSE loss: 7.3114e-01 | time: 0.045
I 06.08/10:56:48 solver.py:159 ] Epoch: [6/400][60/112] lr: 2.77e-05 | MSE loss: 7.2978e-01 | time: 0.046
I 06.08/10:56:49 solver.py:159 ] Epoch: [6/400][80/112] lr: 2.86e-05 | MSE loss: 7.3001e-01 | time: 0.046
I 06.08/10:56:49 solver.py:159 ] Epoch: [6/400][100/112] lr: 2.95e-05 | MSE loss: 7.2882e-01 | time: 0.046
I 06.08/10:56:50 solver.py:169 ] => Train  Loss: 7.2805e-01

I 06.08/10:56:51 solver.py:159 ] Epoch: [7/400][20/112] lr: 3.09e-05 | MSE loss: 7.2150e-01 | time: 0.047
I 06.08/10:56:52 solver.py:159 ] Epoch: [7/400][40/112] lr: 3.18e-05 | MSE loss: 7.2192e-01 | time: 0.048
I 06.08/10:56:53 solver.py:159 ] Epoch: [7/400][60/112] lr: 3.27e-05 | MSE loss: 7.2241e-01 | time: 0.049
I 06.08/10:56:54 solver.py:159 ] Epoch: [7/400][80/112] lr: 3.36e-05 | MSE loss: 7.2197e-01 | time: 0.052
I 06.08/10:56:55 solver.py:159 ] Epoch: [7/400][100/112] lr: 3.45e-05 | MSE loss: 7.2168e-01 | time: 0.053
I 06.08/10:56:56 solver.py:169 ] => Train  Loss: 7.2179e-01

I 06.08/10:56:57 solver.py:159 ] Epoch: [8/400][20/112] lr: 3.59e-05 | MSE loss: 7.1764e-01 | time: 0.045
I 06.08/10:56:58 solver.py:159 ] Epoch: [8/400][40/112] lr: 3.68e-05 | MSE loss: 7.1906e-01 | time: 0.044
I 06.08/10:56:59 solver.py:159 ] Epoch: [8/400][60/112] lr: 3.77e-05 | MSE loss: 7.1656e-01 | time: 0.045
I 06.08/10:57:00 solver.py:159 ] Epoch: [8/400][80/112] lr: 3.86e-05 | MSE loss: 7.1608e-01 | time: 0.046
I 06.08/10:57:01 solver.py:159 ] Epoch: [8/400][100/112] lr: 3.95e-05 | MSE loss: 7.1617e-01 | time: 0.049
I 06.08/10:57:02 solver.py:169 ] => Train  Loss: 7.1541e-01

I 06.08/10:57:03 solver.py:159 ] Epoch: [9/400][20/112] lr: 4.09e-05 | MSE loss: 7.0801e-01 | time: 0.083
I 06.08/10:57:05 solver.py:159 ] Epoch: [9/400][40/112] lr: 4.18e-05 | MSE loss: 7.0851e-01 | time: 0.086
I 06.08/10:57:07 solver.py:159 ] Epoch: [9/400][60/112] lr: 4.27e-05 | MSE loss: 7.1018e-01 | time: 0.089
I 06.08/10:57:09 solver.py:159 ] Epoch: [9/400][80/112] lr: 4.36e-05 | MSE loss: 7.0880e-01 | time: 0.088
I 06.08/10:57:10 solver.py:159 ] Epoch: [9/400][100/112] lr: 4.45e-05 | MSE loss: 7.0875e-01 | time: 0.086
I 06.08/10:57:11 solver.py:169 ] => Train  Loss: 7.0855e-01

I 06.08/10:57:12 solver.py:159 ] Epoch: [10/400][20/112] lr: 4.59e-05 | MSE loss: 7.0673e-01 | time: 0.047
I 06.08/10:57:13 solver.py:159 ] Epoch: [10/400][40/112] lr: 4.68e-05 | MSE loss: 7.0493e-01 | time: 0.048
I 06.08/10:57:14 solver.py:159 ] Epoch: [10/400][60/112] lr: 4.77e-05 | MSE loss: 7.0229e-01 | time: 0.048
I 06.08/10:57:15 solver.py:159 ] Epoch: [10/400][80/112] lr: 4.86e-05 | MSE loss: 7.0158e-01 | time: 0.051
I 06.08/10:57:16 solver.py:159 ] Epoch: [10/400][100/112] lr: 4.95e-05 | MSE loss: 7.0101e-01 | time: 0.051
I 06.08/10:57:17 solver.py:169 ] => Train  Loss: 7.0103e-01

I 06.08/10:57:17 solver.py:169 ] => Val  Loss: 6.9487e-01

I 06.08/10:57:18 solver.py:413 ] => Test NMSE: 3.6825e+00

I 06.08/10:57:18 solver.py:224 ] 
=! Best NMSE: 3.6825e+00 (epoch=10)

I 06.08/10:57:19 solver.py:159 ] Epoch: [11/400][20/112] lr: 5.09e-05 | MSE loss: 6.9606e-01 | time: 0.044
I 06.08/10:57:20 solver.py:159 ] Epoch: [11/400][40/112] lr: 5.18e-05 | MSE loss: 6.9622e-01 | time: 0.043
I 06.08/10:57:21 solver.py:159 ] Epoch: [11/400][60/112] lr: 5.27e-05 | MSE loss: 6.9438e-01 | time: 0.043
I 06.08/10:57:22 solver.py:159 ] Epoch: [11/400][80/112] lr: 5.36e-05 | MSE loss: 6.9382e-01 | time: 0.043
I 06.08/10:57:23 solver.py:159 ] Epoch: [11/400][100/112] lr: 5.45e-05 | MSE loss: 6.9341e-01 | time: 0.043
I 06.08/10:57:23 solver.py:169 ] => Train  Loss: 6.9264e-01

I 06.08/10:57:23 solver.py:224 ] 
=! Best NMSE: 3.6825e+00 (epoch=10)

I 06.08/10:57:24 solver.py:159 ] Epoch: [12/400][20/112] lr: 5.59e-05 | MSE loss: 6.8743e-01 | time: 0.049
I 06.08/10:57:25 solver.py:159 ] Epoch: [12/400][40/112] lr: 5.68e-05 | MSE loss: 6.8851e-01 | time: 0.049
I 06.08/10:57:26 solver.py:159 ] Epoch: [12/400][60/112] lr: 5.77e-05 | MSE loss: 6.8578e-01 | time: 0.049
I 06.08/10:57:27 solver.py:159 ] Epoch: [12/400][80/112] lr: 5.86e-05 | MSE loss: 6.8425e-01 | time: 0.049
I 06.08/10:57:28 solver.py:159 ] Epoch: [12/400][100/112] lr: 5.95e-05 | MSE loss: 6.8368e-01 | time: 0.049
I 06.08/10:57:29 solver.py:169 ] => Train  Loss: 6.8312e-01

I 06.08/10:57:29 solver.py:224 ] 
=! Best NMSE: 3.6825e+00 (epoch=10)

I 06.08/10:57:30 solver.py:159 ] Epoch: [13/400][20/112] lr: 6.09e-05 | MSE loss: 6.7876e-01 | time: 0.042
I 06.08/10:57:30 solver.py:159 ] Epoch: [13/400][40/112] lr: 6.18e-05 | MSE loss: 6.7747e-01 | time: 0.043
I 06.08/10:57:31 solver.py:159 ] Epoch: [13/400][60/112] lr: 6.27e-05 | MSE loss: 6.7518e-01 | time: 0.045
I 06.08/10:57:32 solver.py:159 ] Epoch: [13/400][80/112] lr: 6.36e-05 | MSE loss: 6.7367e-01 | time: 0.045
I 06.08/10:57:33 solver.py:159 ] Epoch: [13/400][100/112] lr: 6.45e-05 | MSE loss: 6.7300e-01 | time: 0.045
I 06.08/10:57:34 solver.py:169 ] => Train  Loss: 6.7254e-01

I 06.08/10:57:34 solver.py:224 ] 
=! Best NMSE: 3.6825e+00 (epoch=10)

I 06.08/10:57:35 solver.py:159 ] Epoch: [14/400][20/112] lr: 6.59e-05 | MSE loss: 6.6694e-01 | time: 0.041
I 06.08/10:57:36 solver.py:159 ] Epoch: [14/400][40/112] lr: 6.68e-05 | MSE loss: 6.6788e-01 | time: 0.042
I 06.08/10:57:36 solver.py:159 ] Epoch: [14/400][60/112] lr: 6.77e-05 | MSE loss: 6.6626e-01 | time: 0.043
I 06.08/10:57:37 solver.py:159 ] Epoch: [14/400][80/112] lr: 6.86e-05 | MSE loss: 6.6383e-01 | time: 0.043
I 06.08/10:57:38 solver.py:159 ] Epoch: [14/400][100/112] lr: 6.95e-05 | MSE loss: 6.6179e-01 | time: 0.043
I 06.08/10:57:39 solver.py:169 ] => Train  Loss: 6.6070e-01

I 06.08/10:57:39 solver.py:224 ] 
=! Best NMSE: 3.6825e+00 (epoch=10)

I 06.08/10:57:40 solver.py:159 ] Epoch: [15/400][20/112] lr: 7.09e-05 | MSE loss: 6.5568e-01 | time: 0.043
I 06.08/10:57:40 solver.py:159 ] Epoch: [15/400][40/112] lr: 7.18e-05 | MSE loss: 6.5381e-01 | time: 0.042
I 06.08/10:57:41 solver.py:159 ] Epoch: [15/400][60/112] lr: 7.27e-05 | MSE loss: 6.5197e-01 | time: 0.042
I 06.08/10:57:42 solver.py:159 ] Epoch: [15/400][80/112] lr: 7.36e-05 | MSE loss: 6.4984e-01 | time: 0.042
I 06.08/10:57:43 solver.py:159 ] Epoch: [15/400][100/112] lr: 7.45e-05 | MSE loss: 6.4838e-01 | time: 0.043
I 06.08/10:57:44 solver.py:169 ] => Train  Loss: 6.4750e-01

I 06.08/10:57:44 solver.py:224 ] 
=! Best NMSE: 3.6825e+00 (epoch=10)

I 06.08/10:57:44 solver.py:159 ] Epoch: [16/400][20/112] lr: 7.59e-05 | MSE loss: 6.3691e-01 | time: 0.044
I 06.08/10:57:45 solver.py:159 ] Epoch: [16/400][40/112] lr: 7.68e-05 | MSE loss: 6.3474e-01 | time: 0.043
I 06.08/10:57:46 solver.py:159 ] Epoch: [16/400][60/112] lr: 7.77e-05 | MSE loss: 6.3472e-01 | time: 0.044
I 06.08/10:57:47 solver.py:159 ] Epoch: [16/400][80/112] lr: 7.86e-05 | MSE loss: 6.3340e-01 | time: 0.044
I 06.08/10:57:48 solver.py:159 ] Epoch: [16/400][100/112] lr: 7.95e-05 | MSE loss: 6.3325e-01 | time: 0.044
I 06.08/10:57:48 solver.py:169 ] => Train  Loss: 6.3268e-01

I 06.08/10:57:48 solver.py:224 ] 
=! Best NMSE: 3.6825e+00 (epoch=10)

I 06.08/10:57:49 solver.py:159 ] Epoch: [17/400][20/112] lr: 8.09e-05 | MSE loss: 6.2437e-01 | time: 0.046
I 06.08/10:57:50 solver.py:159 ] Epoch: [17/400][40/112] lr: 8.18e-05 | MSE loss: 6.2312e-01 | time: 0.046
I 06.08/10:57:51 solver.py:159 ] Epoch: [17/400][60/112] lr: 8.27e-05 | MSE loss: 6.2129e-01 | time: 0.045
I 06.08/10:57:52 solver.py:159 ] Epoch: [17/400][80/112] lr: 8.36e-05 | MSE loss: 6.1928e-01 | time: 0.045
I 06.08/10:57:53 solver.py:159 ] Epoch: [17/400][100/112] lr: 8.45e-05 | MSE loss: 6.1779e-01 | time: 0.045
I 06.08/10:57:53 solver.py:169 ] => Train  Loss: 6.1621e-01

I 06.08/10:57:54 solver.py:224 ] 
=! Best NMSE: 3.6825e+00 (epoch=10)

I 06.08/10:57:54 solver.py:159 ] Epoch: [18/400][20/112] lr: 8.59e-05 | MSE loss: 6.0173e-01 | time: 0.047
I 06.08/10:57:55 solver.py:159 ] Epoch: [18/400][40/112] lr: 8.68e-05 | MSE loss: 6.0394e-01 | time: 0.046
I 06.08/10:57:56 solver.py:159 ] Epoch: [18/400][60/112] lr: 8.77e-05 | MSE loss: 6.0386e-01 | time: 0.045
I 06.08/10:57:57 solver.py:159 ] Epoch: [18/400][80/112] lr: 8.86e-05 | MSE loss: 6.0115e-01 | time: 0.045
I 06.08/10:57:58 solver.py:159 ] Epoch: [18/400][100/112] lr: 8.95e-05 | MSE loss: 5.9961e-01 | time: 0.045
I 06.08/10:57:59 solver.py:169 ] => Train  Loss: 5.9840e-01

I 06.08/10:57:59 solver.py:224 ] 
=! Best NMSE: 3.6825e+00 (epoch=10)

I 06.08/10:57:59 solver.py:159 ] Epoch: [19/400][20/112] lr: 9.09e-05 | MSE loss: 5.8938e-01 | time: 0.043
I 06.08/10:58:01 solver.py:159 ] Epoch: [19/400][40/112] lr: 9.18e-05 | MSE loss: 5.8805e-01 | time: 0.048
I 06.08/10:58:02 solver.py:159 ] Epoch: [19/400][60/112] lr: 9.27e-05 | MSE loss: 5.8506e-01 | time: 0.056
I 06.08/10:58:03 solver.py:159 ] Epoch: [19/400][80/112] lr: 9.36e-05 | MSE loss: 5.8232e-01 | time: 0.057
I 06.08/10:58:05 solver.py:159 ] Epoch: [19/400][100/112] lr: 9.45e-05 | MSE loss: 5.8061e-01 | time: 0.062
I 06.08/10:58:06 solver.py:169 ] => Train  Loss: 5.7966e-01

I 06.08/10:58:06 solver.py:224 ] 
=! Best NMSE: 3.6825e+00 (epoch=10)

I 06.08/10:58:08 solver.py:159 ] Epoch: [20/400][20/112] lr: 9.59e-05 | MSE loss: 5.6766e-01 | time: 0.097
I 06.08/10:58:10 solver.py:159 ] Epoch: [20/400][40/112] lr: 9.68e-05 | MSE loss: 5.6840e-01 | time: 0.086
I 06.08/10:58:11 solver.py:159 ] Epoch: [20/400][60/112] lr: 9.77e-05 | MSE loss: 5.6490e-01 | time: 0.078
I 06.08/10:58:12 solver.py:159 ] Epoch: [20/400][80/112] lr: 9.86e-05 | MSE loss: 5.6271e-01 | time: 0.069
I 06.08/10:58:13 solver.py:159 ] Epoch: [20/400][100/112] lr: 9.95e-05 | MSE loss: 5.6107e-01 | time: 0.064
I 06.08/10:58:13 solver.py:169 ] => Train  Loss: 5.5994e-01

I 06.08/10:58:13 solver.py:169 ] => Val  Loss: 5.4810e-01

I 06.08/10:58:14 solver.py:413 ] => Test NMSE: 2.5996e+00

I 06.08/10:58:14 solver.py:224 ] 
=! Best NMSE: 2.5996e+00 (epoch=20)

I 06.08/10:58:15 solver.py:159 ] Epoch: [21/400][20/112] lr: 1.01e-04 | MSE loss: 5.4946e-01 | time: 0.048
I 06.08/10:58:16 solver.py:159 ] Epoch: [21/400][40/112] lr: 1.02e-04 | MSE loss: 5.4781e-01 | time: 0.046
I 06.08/10:58:17 solver.py:159 ] Epoch: [21/400][60/112] lr: 1.03e-04 | MSE loss: 5.4455e-01 | time: 0.046
I 06.08/10:58:18 solver.py:159 ] Epoch: [21/400][80/112] lr: 1.04e-04 | MSE loss: 5.4221e-01 | time: 0.045
I 06.08/10:58:19 solver.py:159 ] Epoch: [21/400][100/112] lr: 1.04e-04 | MSE loss: 5.4035e-01 | time: 0.045
I 06.08/10:58:20 solver.py:169 ] => Train  Loss: 5.3947e-01

I 06.08/10:58:20 solver.py:224 ] 
=! Best NMSE: 2.5996e+00 (epoch=20)

I 06.08/10:58:20 solver.py:159 ] Epoch: [22/400][20/112] lr: 1.06e-04 | MSE loss: 5.2521e-01 | time: 0.041
I 06.08/10:58:21 solver.py:159 ] Epoch: [22/400][40/112] lr: 1.07e-04 | MSE loss: 5.2440e-01 | time: 0.045
I 06.08/10:58:22 solver.py:159 ] Epoch: [22/400][60/112] lr: 1.08e-04 | MSE loss: 5.2260e-01 | time: 0.044
I 06.08/10:58:23 solver.py:159 ] Epoch: [22/400][80/112] lr: 1.09e-04 | MSE loss: 5.2100e-01 | time: 0.043
I 06.08/10:58:24 solver.py:159 ] Epoch: [22/400][100/112] lr: 1.09e-04 | MSE loss: 5.1972e-01 | time: 0.043
I 06.08/10:58:24 solver.py:169 ] => Train  Loss: 5.1845e-01

I 06.08/10:58:24 solver.py:224 ] 
=! Best NMSE: 2.5996e+00 (epoch=20)

I 06.08/10:58:25 solver.py:159 ] Epoch: [23/400][20/112] lr: 1.11e-04 | MSE loss: 5.0711e-01 | time: 0.041
I 06.08/10:58:26 solver.py:159 ] Epoch: [23/400][40/112] lr: 1.12e-04 | MSE loss: 5.0411e-01 | time: 0.042
I 06.08/10:58:27 solver.py:159 ] Epoch: [23/400][60/112] lr: 1.13e-04 | MSE loss: 5.0154e-01 | time: 0.043
I 06.08/10:58:28 solver.py:159 ] Epoch: [23/400][80/112] lr: 1.14e-04 | MSE loss: 4.9975e-01 | time: 0.043
I 06.08/10:58:29 solver.py:159 ] Epoch: [23/400][100/112] lr: 1.14e-04 | MSE loss: 4.9794e-01 | time: 0.043
I 06.08/10:58:29 solver.py:169 ] => Train  Loss: 4.9693e-01

I 06.08/10:58:29 solver.py:224 ] 
=! Best NMSE: 2.5996e+00 (epoch=20)

I 06.08/10:58:30 solver.py:159 ] Epoch: [24/400][20/112] lr: 1.16e-04 | MSE loss: 4.8235e-01 | time: 0.041
I 06.08/10:58:31 solver.py:159 ] Epoch: [24/400][40/112] lr: 1.17e-04 | MSE loss: 4.8158e-01 | time: 0.042
I 06.08/10:58:32 solver.py:159 ] Epoch: [24/400][60/112] lr: 1.18e-04 | MSE loss: 4.8037e-01 | time: 0.042
I 06.08/10:58:33 solver.py:159 ] Epoch: [24/400][80/112] lr: 1.19e-04 | MSE loss: 4.7822e-01 | time: 0.042
I 06.08/10:58:33 solver.py:159 ] Epoch: [24/400][100/112] lr: 1.19e-04 | MSE loss: 4.7639e-01 | time: 0.042
I 06.08/10:58:34 solver.py:169 ] => Train  Loss: 4.7536e-01

I 06.08/10:58:34 solver.py:224 ] 
=! Best NMSE: 2.5996e+00 (epoch=20)

I 06.08/10:58:35 solver.py:159 ] Epoch: [25/400][20/112] lr: 1.21e-04 | MSE loss: 4.6204e-01 | time: 0.043
I 06.08/10:58:36 solver.py:159 ] Epoch: [25/400][40/112] lr: 1.22e-04 | MSE loss: 4.6098e-01 | time: 0.041
I 06.08/10:58:37 solver.py:159 ] Epoch: [25/400][60/112] lr: 1.23e-04 | MSE loss: 4.5849e-01 | time: 0.043
I 06.08/10:58:38 solver.py:159 ] Epoch: [25/400][80/112] lr: 1.24e-04 | MSE loss: 4.5683e-01 | time: 0.043
I 06.08/10:58:38 solver.py:159 ] Epoch: [25/400][100/112] lr: 1.24e-04 | MSE loss: 4.5492e-01 | time: 0.042
I 06.08/10:58:39 solver.py:169 ] => Train  Loss: 4.5365e-01

I 06.08/10:58:39 solver.py:224 ] 
=! Best NMSE: 2.5996e+00 (epoch=20)

I 06.08/10:58:40 solver.py:159 ] Epoch: [26/400][20/112] lr: 1.26e-04 | MSE loss: 4.4144e-01 | time: 0.044
I 06.08/10:58:41 solver.py:159 ] Epoch: [26/400][40/112] lr: 1.27e-04 | MSE loss: 4.4022e-01 | time: 0.043
I 06.08/10:58:41 solver.py:159 ] Epoch: [26/400][60/112] lr: 1.28e-04 | MSE loss: 4.3748e-01 | time: 0.042
I 06.08/10:58:42 solver.py:159 ] Epoch: [26/400][80/112] lr: 1.29e-04 | MSE loss: 4.3598e-01 | time: 0.042
I 06.08/10:58:43 solver.py:159 ] Epoch: [26/400][100/112] lr: 1.29e-04 | MSE loss: 4.3333e-01 | time: 0.042
I 06.08/10:58:44 solver.py:169 ] => Train  Loss: 4.3201e-01

I 06.08/10:58:44 solver.py:224 ] 
=! Best NMSE: 2.5996e+00 (epoch=20)

I 06.08/10:58:45 solver.py:159 ] Epoch: [27/400][20/112] lr: 1.31e-04 | MSE loss: 4.1878e-01 | time: 0.040
I 06.08/10:58:45 solver.py:159 ] Epoch: [27/400][40/112] lr: 1.32e-04 | MSE loss: 4.1669e-01 | time: 0.041
I 06.08/10:58:46 solver.py:159 ] Epoch: [27/400][60/112] lr: 1.33e-04 | MSE loss: 4.1490e-01 | time: 0.042
I 06.08/10:58:47 solver.py:159 ] Epoch: [27/400][80/112] lr: 1.34e-04 | MSE loss: 4.1393e-01 | time: 0.042
I 06.08/10:58:48 solver.py:159 ] Epoch: [27/400][100/112] lr: 1.34e-04 | MSE loss: 4.1184e-01 | time: 0.042
I 06.08/10:58:48 solver.py:169 ] => Train  Loss: 4.1077e-01

I 06.08/10:58:48 solver.py:224 ] 
=! Best NMSE: 2.5996e+00 (epoch=20)

I 06.08/10:58:49 solver.py:159 ] Epoch: [28/400][20/112] lr: 1.36e-04 | MSE loss: 3.9843e-01 | time: 0.043
I 06.08/10:58:50 solver.py:159 ] Epoch: [28/400][40/112] lr: 1.37e-04 | MSE loss: 3.9733e-01 | time: 0.042
I 06.08/10:58:51 solver.py:159 ] Epoch: [28/400][60/112] lr: 1.38e-04 | MSE loss: 3.9580e-01 | time: 0.045
I 06.08/10:58:52 solver.py:159 ] Epoch: [28/400][80/112] lr: 1.39e-04 | MSE loss: 3.9368e-01 | time: 0.043
I 06.08/10:58:53 solver.py:159 ] Epoch: [28/400][100/112] lr: 1.39e-04 | MSE loss: 3.9087e-01 | time: 0.043
I 06.08/10:58:53 solver.py:169 ] => Train  Loss: 3.8996e-01

I 06.08/10:58:53 solver.py:224 ] 
=! Best NMSE: 2.5996e+00 (epoch=20)

I 06.08/10:58:54 solver.py:159 ] Epoch: [29/400][20/112] lr: 1.41e-04 | MSE loss: 3.7950e-01 | time: 0.042
I 06.08/10:58:55 solver.py:159 ] Epoch: [29/400][40/112] lr: 1.42e-04 | MSE loss: 3.7573e-01 | time: 0.041
I 06.08/10:58:56 solver.py:159 ] Epoch: [29/400][60/112] lr: 1.43e-04 | MSE loss: 3.7362e-01 | time: 0.042
I 06.08/10:58:57 solver.py:159 ] Epoch: [29/400][80/112] lr: 1.44e-04 | MSE loss: 3.7213e-01 | time: 0.043
I 06.08/10:58:58 solver.py:159 ] Epoch: [29/400][100/112] lr: 1.44e-04 | MSE loss: 3.7056e-01 | time: 0.043
I 06.08/10:58:58 solver.py:169 ] => Train  Loss: 3.6967e-01

I 06.08/10:58:58 solver.py:224 ] 
=! Best NMSE: 2.5996e+00 (epoch=20)

I 06.08/10:58:59 solver.py:159 ] Epoch: [30/400][20/112] lr: 1.46e-04 | MSE loss: 3.5789e-01 | time: 0.041
I 06.08/10:59:00 solver.py:159 ] Epoch: [30/400][40/112] lr: 1.47e-04 | MSE loss: 3.5595e-01 | time: 0.043
I 06.08/10:59:01 solver.py:159 ] Epoch: [30/400][60/112] lr: 1.48e-04 | MSE loss: 3.5473e-01 | time: 0.046
I 06.08/10:59:02 solver.py:159 ] Epoch: [30/400][80/112] lr: 1.49e-04 | MSE loss: 3.5297e-01 | time: 0.049
I 06.08/10:59:03 solver.py:159 ] Epoch: [30/400][100/112] lr: 1.49e-04 | MSE loss: 3.5155e-01 | time: 0.052
I 06.08/10:59:04 solver.py:169 ] => Train  Loss: 3.5030e-01

I 06.08/10:59:05 solver.py:169 ] => Val  Loss: 3.4011e-01

I 06.08/10:59:06 solver.py:413 ] => Test NMSE: 3.5655e-01

I 06.08/10:59:07 solver.py:224 ] 
=! Best NMSE: 3.5655e-01 (epoch=30)

I 06.08/10:59:09 solver.py:159 ] Epoch: [31/400][20/112] lr: 1.51e-04 | MSE loss: 3.3778e-01 | time: 0.088
I 06.08/10:59:11 solver.py:159 ] Epoch: [31/400][40/112] lr: 1.52e-04 | MSE loss: 3.3665e-01 | time: 0.085
I 06.08/10:59:11 solver.py:159 ] Epoch: [31/400][60/112] lr: 1.53e-04 | MSE loss: 3.3546e-01 | time: 0.071
I 06.08/10:59:12 solver.py:159 ] Epoch: [31/400][80/112] lr: 1.54e-04 | MSE loss: 3.3449e-01 | time: 0.064
I 06.08/10:59:13 solver.py:159 ] Epoch: [31/400][100/112] lr: 1.54e-04 | MSE loss: 3.3279e-01 | time: 0.059
I 06.08/10:59:14 solver.py:169 ] => Train  Loss: 3.3168e-01

I 06.08/10:59:14 solver.py:224 ] 
=! Best NMSE: 3.5655e-01 (epoch=30)

I 06.08/10:59:14 solver.py:159 ] Epoch: [32/400][20/112] lr: 1.56e-04 | MSE loss: 3.2245e-01 | time: 0.042
I 06.08/10:59:15 solver.py:159 ] Epoch: [32/400][40/112] lr: 1.57e-04 | MSE loss: 3.2061e-01 | time: 0.043
I 06.08/10:59:16 solver.py:159 ] Epoch: [32/400][60/112] lr: 1.58e-04 | MSE loss: 3.1769e-01 | time: 0.043
I 06.08/10:59:17 solver.py:159 ] Epoch: [32/400][80/112] lr: 1.59e-04 | MSE loss: 3.1613e-01 | time: 0.042
I 06.08/10:59:18 solver.py:159 ] Epoch: [32/400][100/112] lr: 1.59e-04 | MSE loss: 3.1484e-01 | time: 0.043
I 06.08/10:59:18 solver.py:169 ] => Train  Loss: 3.1413e-01

I 06.08/10:59:18 solver.py:224 ] 
=! Best NMSE: 3.5655e-01 (epoch=30)

I 06.08/10:59:19 solver.py:159 ] Epoch: [33/400][20/112] lr: 1.61e-04 | MSE loss: 3.0452e-01 | time: 0.042
I 06.08/10:59:20 solver.py:159 ] Epoch: [33/400][40/112] lr: 1.62e-04 | MSE loss: 3.0300e-01 | time: 0.042
I 06.08/10:59:21 solver.py:159 ] Epoch: [33/400][60/112] lr: 1.63e-04 | MSE loss: 3.0218e-01 | time: 0.043
I 06.08/10:59:22 solver.py:159 ] Epoch: [33/400][80/112] lr: 1.64e-04 | MSE loss: 3.0054e-01 | time: 0.042
I 06.08/10:59:23 solver.py:159 ] Epoch: [33/400][100/112] lr: 1.64e-04 | MSE loss: 2.9851e-01 | time: 0.042
I 06.08/10:59:23 solver.py:169 ] => Train  Loss: 2.9760e-01

I 06.08/10:59:23 solver.py:224 ] 
=! Best NMSE: 3.5655e-01 (epoch=30)

I 06.08/10:59:24 solver.py:159 ] Epoch: [34/400][20/112] lr: 1.66e-04 | MSE loss: 2.8838e-01 | time: 0.042
I 06.08/10:59:25 solver.py:159 ] Epoch: [34/400][40/112] lr: 1.67e-04 | MSE loss: 2.8682e-01 | time: 0.043
I 06.08/10:59:26 solver.py:159 ] Epoch: [34/400][60/112] lr: 1.68e-04 | MSE loss: 2.8472e-01 | time: 0.045
I 06.08/10:59:27 solver.py:159 ] Epoch: [34/400][80/112] lr: 1.69e-04 | MSE loss: 2.8378e-01 | time: 0.045
I 06.08/10:59:28 solver.py:159 ] Epoch: [34/400][100/112] lr: 1.69e-04 | MSE loss: 2.8314e-01 | time: 0.045
I 06.08/10:59:28 solver.py:169 ] => Train  Loss: 2.8224e-01

I 06.08/10:59:28 solver.py:224 ] 
=! Best NMSE: 3.5655e-01 (epoch=30)

I 06.08/10:59:29 solver.py:159 ] Epoch: [35/400][20/112] lr: 1.71e-04 | MSE loss: 2.7330e-01 | time: 0.044
I 06.08/10:59:30 solver.py:159 ] Epoch: [35/400][40/112] lr: 1.72e-04 | MSE loss: 2.7171e-01 | time: 0.044
I 06.08/10:59:31 solver.py:159 ] Epoch: [35/400][60/112] lr: 1.73e-04 | MSE loss: 2.7093e-01 | time: 0.044
I 06.08/10:59:32 solver.py:159 ] Epoch: [35/400][80/112] lr: 1.74e-04 | MSE loss: 2.7014e-01 | time: 0.043
I 06.08/10:59:33 solver.py:159 ] Epoch: [35/400][100/112] lr: 1.74e-04 | MSE loss: 2.6877e-01 | time: 0.043
I 06.08/10:59:33 solver.py:169 ] => Train  Loss: 2.6795e-01

I 06.08/10:59:33 solver.py:224 ] 
=! Best NMSE: 3.5655e-01 (epoch=30)

I 06.08/10:59:34 solver.py:159 ] Epoch: [36/400][20/112] lr: 1.76e-04 | MSE loss: 2.5916e-01 | time: 0.048
I 06.08/10:59:35 solver.py:159 ] Epoch: [36/400][40/112] lr: 1.77e-04 | MSE loss: 2.5842e-01 | time: 0.046
I 06.08/10:59:36 solver.py:159 ] Epoch: [36/400][60/112] lr: 1.78e-04 | MSE loss: 2.5727e-01 | time: 0.045
I 06.08/10:59:37 solver.py:159 ] Epoch: [36/400][80/112] lr: 1.79e-04 | MSE loss: 2.5655e-01 | time: 0.045
I 06.08/10:59:37 solver.py:159 ] Epoch: [36/400][100/112] lr: 1.79e-04 | MSE loss: 2.5559e-01 | time: 0.044
I 06.08/10:59:38 solver.py:169 ] => Train  Loss: 2.5488e-01

I 06.08/10:59:38 solver.py:224 ] 
=! Best NMSE: 3.5655e-01 (epoch=30)

I 06.08/10:59:39 solver.py:159 ] Epoch: [37/400][20/112] lr: 1.81e-04 | MSE loss: 2.4661e-01 | time: 0.042
I 06.08/10:59:40 solver.py:159 ] Epoch: [37/400][40/112] lr: 1.82e-04 | MSE loss: 2.4604e-01 | time: 0.041
I 06.08/10:59:41 solver.py:159 ] Epoch: [37/400][60/112] lr: 1.83e-04 | MSE loss: 2.4502e-01 | time: 0.043
I 06.08/10:59:42 solver.py:159 ] Epoch: [37/400][80/112] lr: 1.84e-04 | MSE loss: 2.4430e-01 | time: 0.044
I 06.08/10:59:42 solver.py:159 ] Epoch: [37/400][100/112] lr: 1.84e-04 | MSE loss: 2.4357e-01 | time: 0.044
I 06.08/10:59:43 solver.py:169 ] => Train  Loss: 2.4306e-01

I 06.08/10:59:43 solver.py:224 ] 
=! Best NMSE: 3.5655e-01 (epoch=30)

I 06.08/10:59:44 solver.py:159 ] Epoch: [38/400][20/112] lr: 1.86e-04 | MSE loss: 2.3732e-01 | time: 0.043
I 06.08/10:59:45 solver.py:159 ] Epoch: [38/400][40/112] lr: 1.87e-04 | MSE loss: 2.3579e-01 | time: 0.043
I 06.08/10:59:46 solver.py:159 ] Epoch: [38/400][60/112] lr: 1.88e-04 | MSE loss: 2.3447e-01 | time: 0.045
I 06.08/10:59:46 solver.py:159 ] Epoch: [38/400][80/112] lr: 1.89e-04 | MSE loss: 2.3368e-01 | time: 0.045
I 06.08/10:59:47 solver.py:159 ] Epoch: [38/400][100/112] lr: 1.89e-04 | MSE loss: 2.3304e-01 | time: 0.044
I 06.08/10:59:48 solver.py:169 ] => Train  Loss: 2.3255e-01

I 06.08/10:59:48 solver.py:224 ] 
=! Best NMSE: 3.5655e-01 (epoch=30)

I 06.08/10:59:49 solver.py:159 ] Epoch: [39/400][20/112] lr: 1.91e-04 | MSE loss: 2.2630e-01 | time: 0.041
I 06.08/10:59:50 solver.py:159 ] Epoch: [39/400][40/112] lr: 1.92e-04 | MSE loss: 2.2557e-01 | time: 0.040
I 06.08/10:59:50 solver.py:159 ] Epoch: [39/400][60/112] lr: 1.93e-04 | MSE loss: 2.2482e-01 | time: 0.042
I 06.08/10:59:51 solver.py:159 ] Epoch: [39/400][80/112] lr: 1.94e-04 | MSE loss: 2.2443e-01 | time: 0.042
I 06.08/10:59:52 solver.py:159 ] Epoch: [39/400][100/112] lr: 1.94e-04 | MSE loss: 2.2375e-01 | time: 0.042
I 06.08/10:59:53 solver.py:169 ] => Train  Loss: 2.2321e-01

I 06.08/10:59:53 solver.py:224 ] 
=! Best NMSE: 3.5655e-01 (epoch=30)

I 06.08/10:59:53 solver.py:159 ] Epoch: [40/400][20/112] lr: 1.96e-04 | MSE loss: 2.1717e-01 | time: 0.039
I 06.08/10:59:54 solver.py:159 ] Epoch: [40/400][40/112] lr: 1.97e-04 | MSE loss: 2.1666e-01 | time: 0.040
I 06.08/10:59:55 solver.py:159 ] Epoch: [40/400][60/112] lr: 1.98e-04 | MSE loss: 2.1622e-01 | time: 0.045
I 06.08/10:59:56 solver.py:159 ] Epoch: [40/400][80/112] lr: 1.99e-04 | MSE loss: 2.1531e-01 | time: 0.044
I 06.08/10:59:57 solver.py:159 ] Epoch: [40/400][100/112] lr: 1.99e-04 | MSE loss: 2.1471e-01 | time: 0.045
I 06.08/10:59:58 solver.py:169 ] => Train  Loss: 2.1451e-01

I 06.08/10:59:58 solver.py:169 ] => Val  Loss: 2.1059e-01

I 06.08/10:59:58 solver.py:413 ] => Test NMSE: -1.9887e+00

I 06.08/10:59:59 solver.py:224 ] 
=! Best NMSE: -1.9887e+00 (epoch=40)

I 06.08/11:00:00 solver.py:159 ] Epoch: [41/400][20/112] lr: 2.00e-04 | MSE loss: 2.0870e-01 | time: 0.046
I 06.08/11:00:01 solver.py:159 ] Epoch: [41/400][40/112] lr: 2.00e-04 | MSE loss: 2.0911e-01 | time: 0.050
I 06.08/11:00:02 solver.py:159 ] Epoch: [41/400][60/112] lr: 2.00e-04 | MSE loss: 2.0846e-01 | time: 0.054
I 06.08/11:00:04 solver.py:159 ] Epoch: [41/400][80/112] lr: 2.00e-04 | MSE loss: 2.0781e-01 | time: 0.059
I 06.08/11:00:06 solver.py:159 ] Epoch: [41/400][100/112] lr: 2.00e-04 | MSE loss: 2.0694e-01 | time: 0.068
I 06.08/11:00:07 solver.py:169 ] => Train  Loss: 2.0661e-01

I 06.08/11:00:07 solver.py:224 ] 
=! Best NMSE: -1.9887e+00 (epoch=40)

I 06.08/11:00:09 solver.py:159 ] Epoch: [42/400][20/112] lr: 2.00e-04 | MSE loss: 2.0352e-01 | time: 0.093
I 06.08/11:00:11 solver.py:159 ] Epoch: [42/400][40/112] lr: 2.00e-04 | MSE loss: 2.0216e-01 | time: 0.085
I 06.08/11:00:12 solver.py:159 ] Epoch: [42/400][60/112] lr: 2.00e-04 | MSE loss: 2.0104e-01 | time: 0.074
I 06.08/11:00:12 solver.py:159 ] Epoch: [42/400][80/112] lr: 2.00e-04 | MSE loss: 2.0016e-01 | time: 0.066
I 06.08/11:00:13 solver.py:159 ] Epoch: [42/400][100/112] lr: 2.00e-04 | MSE loss: 1.9948e-01 | time: 0.062
I 06.08/11:00:14 solver.py:169 ] => Train  Loss: 1.9927e-01

I 06.08/11:00:14 solver.py:224 ] 
=! Best NMSE: -1.9887e+00 (epoch=40)

I 06.08/11:00:15 solver.py:159 ] Epoch: [43/400][20/112] lr: 2.00e-04 | MSE loss: 1.9616e-01 | time: 0.043
I 06.08/11:00:16 solver.py:159 ] Epoch: [43/400][40/112] lr: 2.00e-04 | MSE loss: 1.9488e-01 | time: 0.047
I 06.08/11:00:17 solver.py:159 ] Epoch: [43/400][60/112] lr: 2.00e-04 | MSE loss: 1.9392e-01 | time: 0.047
I 06.08/11:00:18 solver.py:159 ] Epoch: [43/400][80/112] lr: 2.00e-04 | MSE loss: 1.9293e-01 | time: 0.047
I 06.08/11:00:18 solver.py:159 ] Epoch: [43/400][100/112] lr: 2.00e-04 | MSE loss: 1.9263e-01 | time: 0.046
I 06.08/11:00:19 solver.py:169 ] => Train  Loss: 1.9243e-01

I 06.08/11:00:19 solver.py:224 ] 
=! Best NMSE: -1.9887e+00 (epoch=40)

I 06.08/11:00:20 solver.py:159 ] Epoch: [44/400][20/112] lr: 2.00e-04 | MSE loss: 1.8825e-01 | time: 0.045
I 06.08/11:00:21 solver.py:159 ] Epoch: [44/400][40/112] lr: 2.00e-04 | MSE loss: 1.8739e-01 | time: 0.044
I 06.08/11:00:22 solver.py:159 ] Epoch: [44/400][60/112] lr: 2.00e-04 | MSE loss: 1.8704e-01 | time: 0.044
I 06.08/11:00:23 solver.py:159 ] Epoch: [44/400][80/112] lr: 2.00e-04 | MSE loss: 1.8662e-01 | time: 0.045
I 06.08/11:00:24 solver.py:159 ] Epoch: [44/400][100/112] lr: 2.00e-04 | MSE loss: 1.8609e-01 | time: 0.046
I 06.08/11:00:24 solver.py:169 ] => Train  Loss: 1.8588e-01

I 06.08/11:00:24 solver.py:224 ] 
=! Best NMSE: -1.9887e+00 (epoch=40)

I 06.08/11:00:25 solver.py:159 ] Epoch: [45/400][20/112] lr: 2.00e-04 | MSE loss: 1.8200e-01 | time: 0.042
I 06.08/11:00:26 solver.py:159 ] Epoch: [45/400][40/112] lr: 2.00e-04 | MSE loss: 1.8172e-01 | time: 0.043
I 06.08/11:00:27 solver.py:159 ] Epoch: [45/400][60/112] lr: 2.00e-04 | MSE loss: 1.8136e-01 | time: 0.042
I 06.08/11:00:28 solver.py:159 ] Epoch: [45/400][80/112] lr: 2.00e-04 | MSE loss: 1.8032e-01 | time: 0.043
I 06.08/11:00:29 solver.py:159 ] Epoch: [45/400][100/112] lr: 2.00e-04 | MSE loss: 1.8004e-01 | time: 0.043
I 06.08/11:00:29 solver.py:169 ] => Train  Loss: 1.7958e-01

I 06.08/11:00:29 solver.py:224 ] 
=! Best NMSE: -1.9887e+00 (epoch=40)

I 06.08/11:00:30 solver.py:159 ] Epoch: [46/400][20/112] lr: 2.00e-04 | MSE loss: 1.7478e-01 | time: 0.042
I 06.08/11:00:31 solver.py:159 ] Epoch: [46/400][40/112] lr: 2.00e-04 | MSE loss: 1.7507e-01 | time: 0.043
I 06.08/11:00:32 solver.py:159 ] Epoch: [46/400][60/112] lr: 2.00e-04 | MSE loss: 1.7493e-01 | time: 0.045
I 06.08/11:00:33 solver.py:159 ] Epoch: [46/400][80/112] lr: 2.00e-04 | MSE loss: 1.7435e-01 | time: 0.045
I 06.08/11:00:34 solver.py:159 ] Epoch: [46/400][100/112] lr: 2.00e-04 | MSE loss: 1.7387e-01 | time: 0.044
I 06.08/11:00:34 solver.py:169 ] => Train  Loss: 1.7348e-01

I 06.08/11:00:34 solver.py:224 ] 
=! Best NMSE: -1.9887e+00 (epoch=40)

I 06.08/11:00:35 solver.py:159 ] Epoch: [47/400][20/112] lr: 2.00e-04 | MSE loss: 1.6943e-01 | time: 0.045
I 06.08/11:00:36 solver.py:159 ] Epoch: [47/400][40/112] lr: 2.00e-04 | MSE loss: 1.6880e-01 | time: 0.044
I 06.08/11:00:37 solver.py:159 ] Epoch: [47/400][60/112] lr: 2.00e-04 | MSE loss: 1.6859e-01 | time: 0.044
I 06.08/11:00:38 solver.py:159 ] Epoch: [47/400][80/112] lr: 2.00e-04 | MSE loss: 1.6823e-01 | time: 0.043
I 06.08/11:00:39 solver.py:159 ] Epoch: [47/400][100/112] lr: 2.00e-04 | MSE loss: 1.6781e-01 | time: 0.043
I 06.08/11:00:39 solver.py:169 ] => Train  Loss: 1.6753e-01

I 06.08/11:00:39 solver.py:224 ] 
=! Best NMSE: -1.9887e+00 (epoch=40)

I 06.08/11:00:40 solver.py:159 ] Epoch: [48/400][20/112] lr: 2.00e-04 | MSE loss: 1.6433e-01 | time: 0.042
I 06.08/11:00:41 solver.py:159 ] Epoch: [48/400][40/112] lr: 2.00e-04 | MSE loss: 1.6310e-01 | time: 0.043
I 06.08/11:00:42 solver.py:159 ] Epoch: [48/400][60/112] lr: 2.00e-04 | MSE loss: 1.6257e-01 | time: 0.043
I 06.08/11:00:43 solver.py:159 ] Epoch: [48/400][80/112] lr: 2.00e-04 | MSE loss: 1.6238e-01 | time: 0.043
I 06.08/11:00:43 solver.py:159 ] Epoch: [48/400][100/112] lr: 2.00e-04 | MSE loss: 1.6200e-01 | time: 0.043
I 06.08/11:00:44 solver.py:169 ] => Train  Loss: 1.6173e-01

I 06.08/11:00:44 solver.py:224 ] 
=! Best NMSE: -1.9887e+00 (epoch=40)

I 06.08/11:00:45 solver.py:159 ] Epoch: [49/400][20/112] lr: 2.00e-04 | MSE loss: 1.5788e-01 | time: 0.045
I 06.08/11:00:46 solver.py:159 ] Epoch: [49/400][40/112] lr: 2.00e-04 | MSE loss: 1.5753e-01 | time: 0.046
I 06.08/11:00:47 solver.py:159 ] Epoch: [49/400][60/112] lr: 2.00e-04 | MSE loss: 1.5703e-01 | time: 0.048
I 06.08/11:00:48 solver.py:159 ] Epoch: [49/400][80/112] lr: 2.00e-04 | MSE loss: 1.5657e-01 | time: 0.046
I 06.08/11:00:49 solver.py:159 ] Epoch: [49/400][100/112] lr: 2.00e-04 | MSE loss: 1.5612e-01 | time: 0.046
I 06.08/11:00:49 solver.py:169 ] => Train  Loss: 1.5607e-01

I 06.08/11:00:49 solver.py:224 ] 
=! Best NMSE: -1.9887e+00 (epoch=40)

I 06.08/11:00:50 solver.py:159 ] Epoch: [50/400][20/112] lr: 2.00e-04 | MSE loss: 1.5294e-01 | time: 0.044
I 06.08/11:00:51 solver.py:159 ] Epoch: [50/400][40/112] lr: 2.00e-04 | MSE loss: 1.5254e-01 | time: 0.043
I 06.08/11:00:52 solver.py:159 ] Epoch: [50/400][60/112] lr: 2.00e-04 | MSE loss: 1.5226e-01 | time: 0.043
I 06.08/11:00:53 solver.py:159 ] Epoch: [50/400][80/112] lr: 2.00e-04 | MSE loss: 1.5120e-01 | time: 0.043
I 06.08/11:00:53 solver.py:159 ] Epoch: [50/400][100/112] lr: 2.00e-04 | MSE loss: 1.5095e-01 | time: 0.043
I 06.08/11:00:54 solver.py:169 ] => Train  Loss: 1.5054e-01

I 06.08/11:00:54 solver.py:169 ] => Val  Loss: 1.4850e-01

I 06.08/11:00:55 solver.py:413 ] => Test NMSE: -3.6093e+00

I 06.08/11:00:55 solver.py:224 ] 
=! Best NMSE: -3.6093e+00 (epoch=50)

I 06.08/11:00:56 solver.py:159 ] Epoch: [51/400][20/112] lr: 2.00e-04 | MSE loss: 1.4704e-01 | time: 0.056
I 06.08/11:00:57 solver.py:159 ] Epoch: [51/400][40/112] lr: 2.00e-04 | MSE loss: 1.4645e-01 | time: 0.051
I 06.08/11:00:58 solver.py:159 ] Epoch: [51/400][60/112] lr: 2.00e-04 | MSE loss: 1.4621e-01 | time: 0.050
I 06.08/11:00:59 solver.py:159 ] Epoch: [51/400][80/112] lr: 2.00e-04 | MSE loss: 1.4604e-01 | time: 0.048
I 06.08/11:01:00 solver.py:159 ] Epoch: [51/400][100/112] lr: 2.00e-04 | MSE loss: 1.4534e-01 | time: 0.048
I 06.08/11:01:01 solver.py:169 ] => Train  Loss: 1.4521e-01

I 06.08/11:01:01 solver.py:224 ] 
=! Best NMSE: -3.6093e+00 (epoch=50)

I 06.08/11:01:02 solver.py:159 ] Epoch: [52/400][20/112] lr: 2.00e-04 | MSE loss: 1.4181e-01 | time: 0.067
I 06.08/11:01:04 solver.py:159 ] Epoch: [52/400][40/112] lr: 2.00e-04 | MSE loss: 1.4180e-01 | time: 0.075
I 06.08/11:01:06 solver.py:159 ] Epoch: [52/400][60/112] lr: 2.00e-04 | MSE loss: 1.4141e-01 | time: 0.080
I 06.08/11:01:08 solver.py:159 ] Epoch: [52/400][80/112] lr: 2.00e-04 | MSE loss: 1.4097e-01 | time: 0.083
I 06.08/11:01:09 solver.py:159 ] Epoch: [52/400][100/112] lr: 2.00e-04 | MSE loss: 1.4020e-01 | time: 0.083
I 06.08/11:01:10 solver.py:169 ] => Train  Loss: 1.4003e-01

I 06.08/11:01:10 solver.py:224 ] 
=! Best NMSE: -3.6093e+00 (epoch=50)

I 06.08/11:01:11 solver.py:159 ] Epoch: [53/400][20/112] lr: 2.00e-04 | MSE loss: 1.3784e-01 | time: 0.053
I 06.08/11:01:12 solver.py:159 ] Epoch: [53/400][40/112] lr: 2.00e-04 | MSE loss: 1.3676e-01 | time: 0.049
I 06.08/11:01:13 solver.py:159 ] Epoch: [53/400][60/112] lr: 2.00e-04 | MSE loss: 1.3615e-01 | time: 0.047
I 06.08/11:01:14 solver.py:159 ] Epoch: [53/400][80/112] lr: 2.00e-04 | MSE loss: 1.3591e-01 | time: 0.046
I 06.08/11:01:15 solver.py:159 ] Epoch: [53/400][100/112] lr: 2.00e-04 | MSE loss: 1.3538e-01 | time: 0.046
I 06.08/11:01:15 solver.py:169 ] => Train  Loss: 1.3501e-01

I 06.08/11:01:15 solver.py:224 ] 
=! Best NMSE: -3.6093e+00 (epoch=50)

I 06.08/11:01:16 solver.py:159 ] Epoch: [54/400][20/112] lr: 2.00e-04 | MSE loss: 1.3093e-01 | time: 0.042
I 06.08/11:01:17 solver.py:159 ] Epoch: [54/400][40/112] lr: 1.99e-04 | MSE loss: 1.3079e-01 | time: 0.042
I 06.08/11:01:18 solver.py:159 ] Epoch: [54/400][60/112] lr: 1.99e-04 | MSE loss: 1.3095e-01 | time: 0.043
I 06.08/11:01:19 solver.py:159 ] Epoch: [54/400][80/112] lr: 1.99e-04 | MSE loss: 1.3073e-01 | time: 0.044
I 06.08/11:01:20 solver.py:159 ] Epoch: [54/400][100/112] lr: 1.99e-04 | MSE loss: 1.3023e-01 | time: 0.043
I 06.08/11:01:20 solver.py:169 ] => Train  Loss: 1.3001e-01

I 06.08/11:01:20 solver.py:224 ] 
=! Best NMSE: -3.6093e+00 (epoch=50)

I 06.08/11:01:21 solver.py:159 ] Epoch: [55/400][20/112] lr: 1.99e-04 | MSE loss: 1.2829e-01 | time: 0.042
I 06.08/11:01:22 solver.py:159 ] Epoch: [55/400][40/112] lr: 1.99e-04 | MSE loss: 1.2672e-01 | time: 0.042
I 06.08/11:01:23 solver.py:159 ] Epoch: [55/400][60/112] lr: 1.99e-04 | MSE loss: 1.2634e-01 | time: 0.044
I 06.08/11:01:24 solver.py:159 ] Epoch: [55/400][80/112] lr: 1.99e-04 | MSE loss: 1.2564e-01 | time: 0.044
I 06.08/11:01:25 solver.py:159 ] Epoch: [55/400][100/112] lr: 1.99e-04 | MSE loss: 1.2540e-01 | time: 0.045
I 06.08/11:01:25 solver.py:169 ] => Train  Loss: 1.2518e-01

I 06.08/11:01:25 solver.py:224 ] 
=! Best NMSE: -3.6093e+00 (epoch=50)

I 06.08/11:01:26 solver.py:159 ] Epoch: [56/400][20/112] lr: 1.99e-04 | MSE loss: 1.2256e-01 | time: 0.042
I 06.08/11:01:27 solver.py:159 ] Epoch: [56/400][40/112] lr: 1.99e-04 | MSE loss: 1.2238e-01 | time: 0.042
I 06.08/11:01:28 solver.py:159 ] Epoch: [56/400][60/112] lr: 1.99e-04 | MSE loss: 1.2202e-01 | time: 0.043
I 06.08/11:01:29 solver.py:159 ] Epoch: [56/400][80/112] lr: 1.99e-04 | MSE loss: 1.2128e-01 | time: 0.044
I 06.08/11:01:30 solver.py:159 ] Epoch: [56/400][100/112] lr: 1.99e-04 | MSE loss: 1.2066e-01 | time: 0.043
I 06.08/11:01:30 solver.py:169 ] => Train  Loss: 1.2058e-01

I 06.08/11:01:30 solver.py:224 ] 
=! Best NMSE: -3.6093e+00 (epoch=50)

I 06.08/11:01:31 solver.py:159 ] Epoch: [57/400][20/112] lr: 1.99e-04 | MSE loss: 1.1834e-01 | time: 0.042
I 06.08/11:01:32 solver.py:159 ] Epoch: [57/400][40/112] lr: 1.99e-04 | MSE loss: 1.1726e-01 | time: 0.041
I 06.08/11:01:33 solver.py:159 ] Epoch: [57/400][60/112] lr: 1.99e-04 | MSE loss: 1.1669e-01 | time: 0.042
I 06.08/11:01:34 solver.py:159 ] Epoch: [57/400][80/112] lr: 1.99e-04 | MSE loss: 1.1650e-01 | time: 0.042
I 06.08/11:01:34 solver.py:159 ] Epoch: [57/400][100/112] lr: 1.99e-04 | MSE loss: 1.1643e-01 | time: 0.042
I 06.08/11:01:35 solver.py:169 ] => Train  Loss: 1.1620e-01

I 06.08/11:01:35 solver.py:224 ] 
=! Best NMSE: -3.6093e+00 (epoch=50)

I 06.08/11:01:36 solver.py:159 ] Epoch: [58/400][20/112] lr: 1.99e-04 | MSE loss: 1.1436e-01 | time: 0.041
I 06.08/11:01:37 solver.py:159 ] Epoch: [58/400][40/112] lr: 1.99e-04 | MSE loss: 1.1336e-01 | time: 0.043
I 06.08/11:01:38 solver.py:159 ] Epoch: [58/400][60/112] lr: 1.99e-04 | MSE loss: 1.1284e-01 | time: 0.046
I 06.08/11:01:39 solver.py:159 ] Epoch: [58/400][80/112] lr: 1.99e-04 | MSE loss: 1.1266e-01 | time: 0.045
I 06.08/11:01:40 solver.py:159 ] Epoch: [58/400][100/112] lr: 1.99e-04 | MSE loss: 1.1234e-01 | time: 0.045
I 06.08/11:01:40 solver.py:169 ] => Train  Loss: 1.1202e-01

I 06.08/11:01:40 solver.py:224 ] 
=! Best NMSE: -3.6093e+00 (epoch=50)

I 06.08/11:01:41 solver.py:159 ] Epoch: [59/400][20/112] lr: 1.99e-04 | MSE loss: 1.0958e-01 | time: 0.045
I 06.08/11:01:42 solver.py:159 ] Epoch: [59/400][40/112] lr: 1.99e-04 | MSE loss: 1.0923e-01 | time: 0.045
I 06.08/11:01:43 solver.py:159 ] Epoch: [59/400][60/112] lr: 1.99e-04 | MSE loss: 1.0876e-01 | time: 0.043
I 06.08/11:01:44 solver.py:159 ] Epoch: [59/400][80/112] lr: 1.99e-04 | MSE loss: 1.0826e-01 | time: 0.043
I 06.08/11:01:44 solver.py:159 ] Epoch: [59/400][100/112] lr: 1.99e-04 | MSE loss: 1.0799e-01 | time: 0.043
I 06.08/11:01:45 solver.py:169 ] => Train  Loss: 1.0786e-01

I 06.08/11:01:45 solver.py:224 ] 
=! Best NMSE: -3.6093e+00 (epoch=50)

I 06.08/11:01:46 solver.py:159 ] Epoch: [60/400][20/112] lr: 1.99e-04 | MSE loss: 1.0542e-01 | time: 0.045
I 06.08/11:01:47 solver.py:159 ] Epoch: [60/400][40/112] lr: 1.99e-04 | MSE loss: 1.0498e-01 | time: 0.045
I 06.08/11:01:48 solver.py:159 ] Epoch: [60/400][60/112] lr: 1.99e-04 | MSE loss: 1.0432e-01 | time: 0.045
I 06.08/11:01:49 solver.py:159 ] Epoch: [60/400][80/112] lr: 1.99e-04 | MSE loss: 1.0404e-01 | time: 0.045
I 06.08/11:01:50 solver.py:159 ] Epoch: [60/400][100/112] lr: 1.99e-04 | MSE loss: 1.0361e-01 | time: 0.045
I 06.08/11:01:50 solver.py:169 ] => Train  Loss: 1.0330e-01

I 06.08/11:01:50 solver.py:169 ] => Val  Loss: 1.0108e-01

I 06.08/11:01:51 solver.py:413 ] => Test NMSE: -5.3674e+00

I 06.08/11:01:51 solver.py:224 ] 
=! Best NMSE: -5.3674e+00 (epoch=60)

I 06.08/11:01:52 solver.py:159 ] Epoch: [61/400][20/112] lr: 1.99e-04 | MSE loss: 1.0093e-01 | time: 0.048
I 06.08/11:01:53 solver.py:159 ] Epoch: [61/400][40/112] lr: 1.99e-04 | MSE loss: 1.0012e-01 | time: 0.050
I 06.08/11:01:54 solver.py:159 ] Epoch: [61/400][60/112] lr: 1.99e-04 | MSE loss: 9.9055e-02 | time: 0.047
I 06.08/11:01:55 solver.py:159 ] Epoch: [61/400][80/112] lr: 1.99e-04 | MSE loss: 9.8579e-02 | time: 0.047
I 06.08/11:01:56 solver.py:159 ] Epoch: [61/400][100/112] lr: 1.99e-04 | MSE loss: 9.7992e-02 | time: 0.046
I 06.08/11:01:57 solver.py:169 ] => Train  Loss: 9.7715e-02

I 06.08/11:01:57 solver.py:224 ] 
=! Best NMSE: -5.3674e+00 (epoch=60)

I 06.08/11:01:57 solver.py:159 ] Epoch: [62/400][20/112] lr: 1.99e-04 | MSE loss: 9.5419e-02 | time: 0.042
I 06.08/11:01:58 solver.py:159 ] Epoch: [62/400][40/112] lr: 1.99e-04 | MSE loss: 9.4163e-02 | time: 0.043
I 06.08/11:01:59 solver.py:159 ] Epoch: [62/400][60/112] lr: 1.99e-04 | MSE loss: 9.3602e-02 | time: 0.044
I 06.08/11:02:00 solver.py:159 ] Epoch: [62/400][80/112] lr: 1.99e-04 | MSE loss: 9.3110e-02 | time: 0.046
I 06.08/11:02:02 solver.py:159 ] Epoch: [62/400][100/112] lr: 1.99e-04 | MSE loss: 9.3033e-02 | time: 0.050
I 06.08/11:02:02 solver.py:169 ] => Train  Loss: 9.2716e-02

I 06.08/11:02:02 solver.py:224 ] 
=! Best NMSE: -5.3674e+00 (epoch=60)

I 06.08/11:02:04 solver.py:159 ] Epoch: [63/400][20/112] lr: 1.99e-04 | MSE loss: 9.0194e-02 | time: 0.078
I 06.08/11:02:06 solver.py:159 ] Epoch: [63/400][40/112] lr: 1.99e-04 | MSE loss: 8.9806e-02 | time: 0.080
I 06.08/11:02:07 solver.py:159 ] Epoch: [63/400][60/112] lr: 1.99e-04 | MSE loss: 8.9434e-02 | time: 0.085
I 06.08/11:02:09 solver.py:159 ] Epoch: [63/400][80/112] lr: 1.99e-04 | MSE loss: 8.9014e-02 | time: 0.084
I 06.08/11:02:10 solver.py:159 ] Epoch: [63/400][100/112] lr: 1.99e-04 | MSE loss: 8.8563e-02 | time: 0.081
I 06.08/11:02:11 solver.py:169 ] => Train  Loss: 8.8399e-02

I 06.08/11:02:11 solver.py:224 ] 
=! Best NMSE: -5.3674e+00 (epoch=60)

I 06.08/11:02:12 solver.py:159 ] Epoch: [64/400][20/112] lr: 1.98e-04 | MSE loss: 8.6078e-02 | time: 0.046
I 06.08/11:02:13 solver.py:159 ] Epoch: [64/400][40/112] lr: 1.98e-04 | MSE loss: 8.5785e-02 | time: 0.045
I 06.08/11:02:14 solver.py:159 ] Epoch: [64/400][60/112] lr: 1.98e-04 | MSE loss: 8.5267e-02 | time: 0.047
I 06.08/11:02:15 solver.py:159 ] Epoch: [64/400][80/112] lr: 1.98e-04 | MSE loss: 8.4985e-02 | time: 0.047
I 06.08/11:02:16 solver.py:159 ] Epoch: [64/400][100/112] lr: 1.98e-04 | MSE loss: 8.4849e-02 | time: 0.046
I 06.08/11:02:16 solver.py:169 ] => Train  Loss: 8.4732e-02

I 06.08/11:02:16 solver.py:224 ] 
=! Best NMSE: -5.3674e+00 (epoch=60)

I 06.08/11:02:17 solver.py:159 ] Epoch: [65/400][20/112] lr: 1.98e-04 | MSE loss: 8.2461e-02 | time: 0.048
I 06.08/11:02:18 solver.py:159 ] Epoch: [65/400][40/112] lr: 1.98e-04 | MSE loss: 8.2253e-02 | time: 0.046
I 06.08/11:02:19 solver.py:159 ] Epoch: [65/400][60/112] lr: 1.98e-04 | MSE loss: 8.2545e-02 | time: 0.045
I 06.08/11:02:20 solver.py:159 ] Epoch: [65/400][80/112] lr: 1.98e-04 | MSE loss: 8.2362e-02 | time: 0.045
I 06.08/11:02:21 solver.py:159 ] Epoch: [65/400][100/112] lr: 1.98e-04 | MSE loss: 8.2085e-02 | time: 0.045
I 06.08/11:02:21 solver.py:169 ] => Train  Loss: 8.1964e-02

I 06.08/11:02:21 solver.py:224 ] 
=! Best NMSE: -5.3674e+00 (epoch=60)

I 06.08/11:02:22 solver.py:159 ] Epoch: [66/400][20/112] lr: 1.98e-04 | MSE loss: 8.0219e-02 | time: 0.044
I 06.08/11:02:23 solver.py:159 ] Epoch: [66/400][40/112] lr: 1.98e-04 | MSE loss: 7.9972e-02 | time: 0.045
I 06.08/11:02:24 solver.py:159 ] Epoch: [66/400][60/112] lr: 1.98e-04 | MSE loss: 7.9868e-02 | time: 0.044
I 06.08/11:02:25 solver.py:159 ] Epoch: [66/400][80/112] lr: 1.98e-04 | MSE loss: 7.9921e-02 | time: 0.043
I 06.08/11:02:26 solver.py:159 ] Epoch: [66/400][100/112] lr: 1.98e-04 | MSE loss: 7.9799e-02 | time: 0.043
I 06.08/11:02:26 solver.py:169 ] => Train  Loss: 7.9798e-02

I 06.08/11:02:26 solver.py:224 ] 
=! Best NMSE: -5.3674e+00 (epoch=60)

I 06.08/11:02:27 solver.py:159 ] Epoch: [67/400][20/112] lr: 1.98e-04 | MSE loss: 7.9484e-02 | time: 0.044
I 06.08/11:02:28 solver.py:159 ] Epoch: [67/400][40/112] lr: 1.98e-04 | MSE loss: 7.8998e-02 | time: 0.045
I 06.08/11:02:29 solver.py:159 ] Epoch: [67/400][60/112] lr: 1.98e-04 | MSE loss: 7.8357e-02 | time: 0.046
I 06.08/11:02:30 solver.py:159 ] Epoch: [67/400][80/112] lr: 1.98e-04 | MSE loss: 7.8267e-02 | time: 0.046
I 06.08/11:02:31 solver.py:159 ] Epoch: [67/400][100/112] lr: 1.98e-04 | MSE loss: 7.8216e-02 | time: 0.046
I 06.08/11:02:31 solver.py:169 ] => Train  Loss: 7.8091e-02

I 06.08/11:02:31 solver.py:224 ] 
=! Best NMSE: -5.3674e+00 (epoch=60)

I 06.08/11:02:32 solver.py:159 ] Epoch: [68/400][20/112] lr: 1.98e-04 | MSE loss: 7.7057e-02 | time: 0.046
I 06.08/11:02:33 solver.py:159 ] Epoch: [68/400][40/112] lr: 1.98e-04 | MSE loss: 7.7342e-02 | time: 0.045
I 06.08/11:02:34 solver.py:159 ] Epoch: [68/400][60/112] lr: 1.98e-04 | MSE loss: 7.7045e-02 | time: 0.045
I 06.08/11:02:35 solver.py:159 ] Epoch: [68/400][80/112] lr: 1.98e-04 | MSE loss: 7.6806e-02 | time: 0.046
I 06.08/11:02:36 solver.py:159 ] Epoch: [68/400][100/112] lr: 1.98e-04 | MSE loss: 7.6611e-02 | time: 0.045
I 06.08/11:02:37 solver.py:169 ] => Train  Loss: 7.6570e-02

I 06.08/11:02:37 solver.py:224 ] 
=! Best NMSE: -5.3674e+00 (epoch=60)

I 06.08/11:02:37 solver.py:159 ] Epoch: [69/400][20/112] lr: 1.98e-04 | MSE loss: 7.4984e-02 | time: 0.045
I 06.08/11:02:38 solver.py:159 ] Epoch: [69/400][40/112] lr: 1.98e-04 | MSE loss: 7.5544e-02 | time: 0.045
I 06.08/11:02:39 solver.py:159 ] Epoch: [69/400][60/112] lr: 1.98e-04 | MSE loss: 7.5202e-02 | time: 0.043
I 06.08/11:02:40 solver.py:159 ] Epoch: [69/400][80/112] lr: 1.98e-04 | MSE loss: 7.5359e-02 | time: 0.043
I 06.08/11:02:41 solver.py:159 ] Epoch: [69/400][100/112] lr: 1.98e-04 | MSE loss: 7.5322e-02 | time: 0.043
I 06.08/11:02:41 solver.py:169 ] => Train  Loss: 7.5222e-02

I 06.08/11:02:41 solver.py:224 ] 
=! Best NMSE: -5.3674e+00 (epoch=60)

I 06.08/11:02:42 solver.py:159 ] Epoch: [70/400][20/112] lr: 1.98e-04 | MSE loss: 7.4040e-02 | time: 0.041
I 06.08/11:02:43 solver.py:159 ] Epoch: [70/400][40/112] lr: 1.98e-04 | MSE loss: 7.3849e-02 | time: 0.042
I 06.08/11:02:44 solver.py:159 ] Epoch: [70/400][60/112] lr: 1.98e-04 | MSE loss: 7.4053e-02 | time: 0.045
I 06.08/11:02:45 solver.py:159 ] Epoch: [70/400][80/112] lr: 1.97e-04 | MSE loss: 7.3873e-02 | time: 0.044
I 06.08/11:02:46 solver.py:159 ] Epoch: [70/400][100/112] lr: 1.97e-04 | MSE loss: 7.3852e-02 | time: 0.045
I 06.08/11:02:46 solver.py:169 ] => Train  Loss: 7.3901e-02

I 06.08/11:02:47 solver.py:169 ] => Val  Loss: 7.3393e-02

I 06.08/11:02:47 solver.py:413 ] => Test NMSE: -6.8159e+00

I 06.08/11:02:48 solver.py:224 ] 
=! Best NMSE: -6.8159e+00 (epoch=70)

I 06.08/11:02:49 solver.py:159 ] Epoch: [71/400][20/112] lr: 1.97e-04 | MSE loss: 7.2744e-02 | time: 0.044
I 06.08/11:02:50 solver.py:159 ] Epoch: [71/400][40/112] lr: 1.97e-04 | MSE loss: 7.3230e-02 | time: 0.046
I 06.08/11:02:51 solver.py:159 ] Epoch: [71/400][60/112] lr: 1.97e-04 | MSE loss: 7.3214e-02 | time: 0.045
I 06.08/11:02:51 solver.py:159 ] Epoch: [71/400][80/112] lr: 1.97e-04 | MSE loss: 7.2850e-02 | time: 0.044
I 06.08/11:02:52 solver.py:159 ] Epoch: [71/400][100/112] lr: 1.97e-04 | MSE loss: 7.2769e-02 | time: 0.044
I 06.08/11:02:53 solver.py:169 ] => Train  Loss: 7.2691e-02

I 06.08/11:02:53 solver.py:224 ] 
=! Best NMSE: -6.8159e+00 (epoch=70)

I 06.08/11:02:54 solver.py:159 ] Epoch: [72/400][20/112] lr: 1.97e-04 | MSE loss: 7.2794e-02 | time: 0.040
I 06.08/11:02:55 solver.py:159 ] Epoch: [72/400][40/112] lr: 1.97e-04 | MSE loss: 7.2772e-02 | time: 0.041
I 06.08/11:02:55 solver.py:159 ] Epoch: [72/400][60/112] lr: 1.97e-04 | MSE loss: 7.2220e-02 | time: 0.042
I 06.08/11:02:56 solver.py:159 ] Epoch: [72/400][80/112] lr: 1.97e-04 | MSE loss: 7.2005e-02 | time: 0.042
I 06.08/11:02:57 solver.py:159 ] Epoch: [72/400][100/112] lr: 1.97e-04 | MSE loss: 7.1555e-02 | time: 0.042
I 06.08/11:02:58 solver.py:169 ] => Train  Loss: 7.1519e-02

I 06.08/11:02:58 solver.py:224 ] 
=! Best NMSE: -6.8159e+00 (epoch=70)

I 06.08/11:02:59 solver.py:159 ] Epoch: [73/400][20/112] lr: 1.97e-04 | MSE loss: 7.0640e-02 | time: 0.042
I 06.08/11:02:59 solver.py:159 ] Epoch: [73/400][40/112] lr: 1.97e-04 | MSE loss: 7.0838e-02 | time: 0.046
I 06.08/11:03:00 solver.py:159 ] Epoch: [73/400][60/112] lr: 1.97e-04 | MSE loss: 7.0524e-02 | time: 0.047
I 06.08/11:03:02 solver.py:159 ] Epoch: [73/400][80/112] lr: 1.97e-04 | MSE loss: 7.0279e-02 | time: 0.050
I 06.08/11:03:03 solver.py:159 ] Epoch: [73/400][100/112] lr: 1.97e-04 | MSE loss: 7.0220e-02 | time: 0.052
I 06.08/11:03:04 solver.py:169 ] => Train  Loss: 7.0304e-02

I 06.08/11:03:04 solver.py:224 ] 
=! Best NMSE: -6.8159e+00 (epoch=70)

I 06.08/11:03:06 solver.py:159 ] Epoch: [74/400][20/112] lr: 1.97e-04 | MSE loss: 7.0313e-02 | time: 0.095
I 06.08/11:03:07 solver.py:159 ] Epoch: [74/400][40/112] lr: 1.97e-04 | MSE loss: 6.9823e-02 | time: 0.092
I 06.08/11:03:09 solver.py:159 ] Epoch: [74/400][60/112] lr: 1.97e-04 | MSE loss: 6.9194e-02 | time: 0.087
I 06.08/11:03:10 solver.py:159 ] Epoch: [74/400][80/112] lr: 1.97e-04 | MSE loss: 6.9229e-02 | time: 0.082
I 06.08/11:03:11 solver.py:159 ] Epoch: [74/400][100/112] lr: 1.97e-04 | MSE loss: 6.9189e-02 | time: 0.075
I 06.08/11:03:12 solver.py:169 ] => Train  Loss: 6.9205e-02

I 06.08/11:03:12 solver.py:224 ] 
=! Best NMSE: -6.8159e+00 (epoch=70)

I 06.08/11:03:13 solver.py:159 ] Epoch: [75/400][20/112] lr: 1.97e-04 | MSE loss: 6.8986e-02 | time: 0.044
I 06.08/11:03:14 solver.py:159 ] Epoch: [75/400][40/112] lr: 1.97e-04 | MSE loss: 6.8563e-02 | time: 0.044
I 06.08/11:03:14 solver.py:159 ] Epoch: [75/400][60/112] lr: 1.97e-04 | MSE loss: 6.8371e-02 | time: 0.044
I 06.08/11:03:15 solver.py:159 ] Epoch: [75/400][80/112] lr: 1.97e-04 | MSE loss: 6.8235e-02 | time: 0.045
I 06.08/11:03:16 solver.py:159 ] Epoch: [75/400][100/112] lr: 1.97e-04 | MSE loss: 6.8034e-02 | time: 0.045
I 06.08/11:03:17 solver.py:169 ] => Train  Loss: 6.8057e-02

I 06.08/11:03:17 solver.py:224 ] 
=! Best NMSE: -6.8159e+00 (epoch=70)

I 06.08/11:03:18 solver.py:159 ] Epoch: [76/400][20/112] lr: 1.96e-04 | MSE loss: 6.7906e-02 | time: 0.047
I 06.08/11:03:19 solver.py:159 ] Epoch: [76/400][40/112] lr: 1.96e-04 | MSE loss: 6.7327e-02 | time: 0.045
I 06.08/11:03:20 solver.py:159 ] Epoch: [76/400][60/112] lr: 1.96e-04 | MSE loss: 6.7206e-02 | time: 0.047
I 06.08/11:03:20 solver.py:159 ] Epoch: [76/400][80/112] lr: 1.96e-04 | MSE loss: 6.7193e-02 | time: 0.045
I 06.08/11:03:21 solver.py:159 ] Epoch: [76/400][100/112] lr: 1.96e-04 | MSE loss: 6.7131e-02 | time: 0.045
I 06.08/11:03:22 solver.py:169 ] => Train  Loss: 6.6958e-02

I 06.08/11:03:22 solver.py:224 ] 
=! Best NMSE: -6.8159e+00 (epoch=70)

I 06.08/11:03:23 solver.py:159 ] Epoch: [77/400][20/112] lr: 1.96e-04 | MSE loss: 6.5919e-02 | time: 0.047
I 06.08/11:03:24 solver.py:159 ] Epoch: [77/400][40/112] lr: 1.96e-04 | MSE loss: 6.6101e-02 | time: 0.047
I 06.08/11:03:25 solver.py:159 ] Epoch: [77/400][60/112] lr: 1.96e-04 | MSE loss: 6.6020e-02 | time: 0.045
I 06.08/11:03:25 solver.py:159 ] Epoch: [77/400][80/112] lr: 1.96e-04 | MSE loss: 6.5930e-02 | time: 0.045
I 06.08/11:03:26 solver.py:159 ] Epoch: [77/400][100/112] lr: 1.96e-04 | MSE loss: 6.5933e-02 | time: 0.044
I 06.08/11:03:27 solver.py:169 ] => Train  Loss: 6.5853e-02

I 06.08/11:03:27 solver.py:224 ] 
=! Best NMSE: -6.8159e+00 (epoch=70)

I 06.08/11:03:28 solver.py:159 ] Epoch: [78/400][20/112] lr: 1.96e-04 | MSE loss: 6.5309e-02 | time: 0.044
I 06.08/11:03:29 solver.py:159 ] Epoch: [78/400][40/112] lr: 1.96e-04 | MSE loss: 6.5246e-02 | time: 0.045
I 06.08/11:03:30 solver.py:159 ] Epoch: [78/400][60/112] lr: 1.96e-04 | MSE loss: 6.5298e-02 | time: 0.046
I 06.08/11:03:31 solver.py:159 ] Epoch: [78/400][80/112] lr: 1.96e-04 | MSE loss: 6.5124e-02 | time: 0.046
I 06.08/11:03:32 solver.py:159 ] Epoch: [78/400][100/112] lr: 1.96e-04 | MSE loss: 6.4895e-02 | time: 0.046
I 06.08/11:03:32 solver.py:169 ] => Train  Loss: 6.4764e-02

I 06.08/11:03:32 solver.py:224 ] 
=! Best NMSE: -6.8159e+00 (epoch=70)

I 06.08/11:03:33 solver.py:159 ] Epoch: [79/400][20/112] lr: 1.96e-04 | MSE loss: 6.3574e-02 | time: 0.041
I 06.08/11:03:34 solver.py:159 ] Epoch: [79/400][40/112] lr: 1.96e-04 | MSE loss: 6.4147e-02 | time: 0.042
I 06.08/11:03:35 solver.py:159 ] Epoch: [79/400][60/112] lr: 1.96e-04 | MSE loss: 6.4175e-02 | time: 0.046
I 06.08/11:03:36 solver.py:159 ] Epoch: [79/400][80/112] lr: 1.96e-04 | MSE loss: 6.3933e-02 | time: 0.045
I 06.08/11:03:37 solver.py:159 ] Epoch: [79/400][100/112] lr: 1.96e-04 | MSE loss: 6.3736e-02 | time: 0.044
I 06.08/11:03:37 solver.py:169 ] => Train  Loss: 6.3751e-02

I 06.08/11:03:37 solver.py:224 ] 
=! Best NMSE: -6.8159e+00 (epoch=70)

I 06.08/11:03:38 solver.py:159 ] Epoch: [80/400][20/112] lr: 1.96e-04 | MSE loss: 6.2321e-02 | time: 0.040
I 06.08/11:03:39 solver.py:159 ] Epoch: [80/400][40/112] lr: 1.96e-04 | MSE loss: 6.2270e-02 | time: 0.041
I 06.08/11:03:40 solver.py:159 ] Epoch: [80/400][60/112] lr: 1.96e-04 | MSE loss: 6.2737e-02 | time: 0.041
I 06.08/11:03:40 solver.py:159 ] Epoch: [80/400][80/112] lr: 1.96e-04 | MSE loss: 6.2770e-02 | time: 0.041
I 06.08/11:03:41 solver.py:159 ] Epoch: [80/400][100/112] lr: 1.96e-04 | MSE loss: 6.2707e-02 | time: 0.042
I 06.08/11:03:42 solver.py:169 ] => Train  Loss: 6.2687e-02

I 06.08/11:03:42 solver.py:169 ] => Val  Loss: 6.2286e-02

I 06.08/11:03:42 solver.py:413 ] => Test NMSE: -7.5500e+00

I 06.08/11:03:43 solver.py:224 ] 
=! Best NMSE: -7.5500e+00 (epoch=80)

I 06.08/11:03:44 solver.py:159 ] Epoch: [81/400][20/112] lr: 1.95e-04 | MSE loss: 6.1872e-02 | time: 0.045
I 06.08/11:03:45 solver.py:159 ] Epoch: [81/400][40/112] lr: 1.95e-04 | MSE loss: 6.2265e-02 | time: 0.047
I 06.08/11:03:46 solver.py:159 ] Epoch: [81/400][60/112] lr: 1.95e-04 | MSE loss: 6.2168e-02 | time: 0.046
I 06.08/11:03:47 solver.py:159 ] Epoch: [81/400][80/112] lr: 1.95e-04 | MSE loss: 6.2067e-02 | time: 0.045
I 06.08/11:03:48 solver.py:159 ] Epoch: [81/400][100/112] lr: 1.95e-04 | MSE loss: 6.1666e-02 | time: 0.045
I 06.08/11:03:48 solver.py:169 ] => Train  Loss: 6.1605e-02

I 06.08/11:03:48 solver.py:224 ] 
=! Best NMSE: -7.5500e+00 (epoch=80)

I 06.08/11:03:49 solver.py:159 ] Epoch: [82/400][20/112] lr: 1.95e-04 | MSE loss: 6.0516e-02 | time: 0.047
I 06.08/11:03:50 solver.py:159 ] Epoch: [82/400][40/112] lr: 1.95e-04 | MSE loss: 6.0587e-02 | time: 0.051
I 06.08/11:03:51 solver.py:159 ] Epoch: [82/400][60/112] lr: 1.95e-04 | MSE loss: 6.0711e-02 | time: 0.049
I 06.08/11:03:52 solver.py:159 ] Epoch: [82/400][80/112] lr: 1.95e-04 | MSE loss: 6.0705e-02 | time: 0.047
I 06.08/11:03:53 solver.py:159 ] Epoch: [82/400][100/112] lr: 1.95e-04 | MSE loss: 6.0725e-02 | time: 0.047
I 06.08/11:03:54 solver.py:169 ] => Train  Loss: 6.0579e-02

I 06.08/11:03:54 solver.py:224 ] 
=! Best NMSE: -7.5500e+00 (epoch=80)

I 06.08/11:03:54 solver.py:159 ] Epoch: [83/400][20/112] lr: 1.95e-04 | MSE loss: 6.0556e-02 | time: 0.042
I 06.08/11:03:55 solver.py:159 ] Epoch: [83/400][40/112] lr: 1.95e-04 | MSE loss: 5.9904e-02 | time: 0.043
I 06.08/11:03:56 solver.py:159 ] Epoch: [83/400][60/112] lr: 1.95e-04 | MSE loss: 5.9959e-02 | time: 0.046
I 06.08/11:03:57 solver.py:159 ] Epoch: [83/400][80/112] lr: 1.95e-04 | MSE loss: 5.9843e-02 | time: 0.045
I 06.08/11:03:58 solver.py:159 ] Epoch: [83/400][100/112] lr: 1.95e-04 | MSE loss: 5.9624e-02 | time: 0.044
I 06.08/11:03:59 solver.py:169 ] => Train  Loss: 5.9580e-02

I 06.08/11:03:59 solver.py:224 ] 
=! Best NMSE: -7.5500e+00 (epoch=80)

I 06.08/11:04:00 solver.py:159 ] Epoch: [84/400][20/112] lr: 1.95e-04 | MSE loss: 5.8815e-02 | time: 0.043
I 06.08/11:04:01 solver.py:159 ] Epoch: [84/400][40/112] lr: 1.95e-04 | MSE loss: 5.9063e-02 | time: 0.047
I 06.08/11:04:02 solver.py:159 ] Epoch: [84/400][60/112] lr: 1.95e-04 | MSE loss: 5.8823e-02 | time: 0.050
I 06.08/11:04:03 solver.py:159 ] Epoch: [84/400][80/112] lr: 1.95e-04 | MSE loss: 5.8717e-02 | time: 0.055
I 06.08/11:04:05 solver.py:159 ] Epoch: [84/400][100/112] lr: 1.95e-04 | MSE loss: 5.8603e-02 | time: 0.060
I 06.08/11:04:06 solver.py:169 ] => Train  Loss: 5.8560e-02

I 06.08/11:04:06 solver.py:224 ] 
=! Best NMSE: -7.5500e+00 (epoch=80)

I 06.08/11:04:08 solver.py:159 ] Epoch: [85/400][20/112] lr: 1.94e-04 | MSE loss: 5.8211e-02 | time: 0.092
I 06.08/11:04:09 solver.py:159 ] Epoch: [85/400][40/112] lr: 1.94e-04 | MSE loss: 5.8091e-02 | time: 0.083
I 06.08/11:04:11 solver.py:159 ] Epoch: [85/400][60/112] lr: 1.94e-04 | MSE loss: 5.7813e-02 | time: 0.080
I 06.08/11:04:12 solver.py:159 ] Epoch: [85/400][80/112] lr: 1.94e-04 | MSE loss: 5.7729e-02 | time: 0.073
I 06.08/11:04:13 solver.py:159 ] Epoch: [85/400][100/112] lr: 1.94e-04 | MSE loss: 5.7658e-02 | time: 0.067
I 06.08/11:04:13 solver.py:169 ] => Train  Loss: 5.7620e-02

I 06.08/11:04:13 solver.py:224 ] 
=! Best NMSE: -7.5500e+00 (epoch=80)

I 06.08/11:04:14 solver.py:159 ] Epoch: [86/400][20/112] lr: 1.94e-04 | MSE loss: 5.6512e-02 | time: 0.046
I 06.08/11:04:15 solver.py:159 ] Epoch: [86/400][40/112] lr: 1.94e-04 | MSE loss: 5.7029e-02 | time: 0.048
I 06.08/11:04:16 solver.py:159 ] Epoch: [86/400][60/112] lr: 1.94e-04 | MSE loss: 5.6802e-02 | time: 0.048
I 06.08/11:04:17 solver.py:159 ] Epoch: [86/400][80/112] lr: 1.94e-04 | MSE loss: 5.6774e-02 | time: 0.047
I 06.08/11:04:18 solver.py:159 ] Epoch: [86/400][100/112] lr: 1.94e-04 | MSE loss: 5.6724e-02 | time: 0.047
I 06.08/11:04:18 solver.py:169 ] => Train  Loss: 5.6608e-02

I 06.08/11:04:19 solver.py:224 ] 
=! Best NMSE: -7.5500e+00 (epoch=80)

I 06.08/11:04:19 solver.py:159 ] Epoch: [87/400][20/112] lr: 1.94e-04 | MSE loss: 5.6233e-02 | time: 0.044
I 06.08/11:04:20 solver.py:159 ] Epoch: [87/400][40/112] lr: 1.94e-04 | MSE loss: 5.6054e-02 | time: 0.046
I 06.08/11:04:21 solver.py:159 ] Epoch: [87/400][60/112] lr: 1.94e-04 | MSE loss: 5.5846e-02 | time: 0.046
I 06.08/11:04:22 solver.py:159 ] Epoch: [87/400][80/112] lr: 1.94e-04 | MSE loss: 5.5782e-02 | time: 0.046
I 06.08/11:04:23 solver.py:159 ] Epoch: [87/400][100/112] lr: 1.94e-04 | MSE loss: 5.5761e-02 | time: 0.046
I 06.08/11:04:24 solver.py:169 ] => Train  Loss: 5.5643e-02

I 06.08/11:04:24 solver.py:224 ] 
=! Best NMSE: -7.5500e+00 (epoch=80)

I 06.08/11:04:25 solver.py:159 ] Epoch: [88/400][20/112] lr: 1.94e-04 | MSE loss: 5.4578e-02 | time: 0.047
I 06.08/11:04:26 solver.py:159 ] Epoch: [88/400][40/112] lr: 1.94e-04 | MSE loss: 5.4849e-02 | time: 0.048
I 06.08/11:04:27 solver.py:159 ] Epoch: [88/400][60/112] lr: 1.94e-04 | MSE loss: 5.4756e-02 | time: 0.049
I 06.08/11:04:27 solver.py:159 ] Epoch: [88/400][80/112] lr: 1.94e-04 | MSE loss: 5.4781e-02 | time: 0.047
I 06.08/11:04:28 solver.py:159 ] Epoch: [88/400][100/112] lr: 1.94e-04 | MSE loss: 5.4784e-02 | time: 0.047
I 06.08/11:04:29 solver.py:169 ] => Train  Loss: 5.4685e-02

I 06.08/11:04:29 solver.py:224 ] 
=! Best NMSE: -7.5500e+00 (epoch=80)

I 06.08/11:04:30 solver.py:159 ] Epoch: [89/400][20/112] lr: 1.93e-04 | MSE loss: 5.4241e-02 | time: 0.043
I 06.08/11:04:31 solver.py:159 ] Epoch: [89/400][40/112] lr: 1.93e-04 | MSE loss: 5.4240e-02 | time: 0.046
I 06.08/11:04:32 solver.py:159 ] Epoch: [89/400][60/112] lr: 1.93e-04 | MSE loss: 5.3950e-02 | time: 0.045
I 06.08/11:04:33 solver.py:159 ] Epoch: [89/400][80/112] lr: 1.93e-04 | MSE loss: 5.3915e-02 | time: 0.044
I 06.08/11:04:34 solver.py:159 ] Epoch: [89/400][100/112] lr: 1.93e-04 | MSE loss: 5.3790e-02 | time: 0.045
I 06.08/11:04:34 solver.py:169 ] => Train  Loss: 5.3761e-02

I 06.08/11:04:34 solver.py:224 ] 
=! Best NMSE: -7.5500e+00 (epoch=80)

I 06.08/11:04:35 solver.py:159 ] Epoch: [90/400][20/112] lr: 1.93e-04 | MSE loss: 5.2771e-02 | time: 0.044
I 06.08/11:04:36 solver.py:159 ] Epoch: [90/400][40/112] lr: 1.93e-04 | MSE loss: 5.3475e-02 | time: 0.045
I 06.08/11:04:37 solver.py:159 ] Epoch: [90/400][60/112] lr: 1.93e-04 | MSE loss: 5.3117e-02 | time: 0.045
I 06.08/11:04:38 solver.py:159 ] Epoch: [90/400][80/112] lr: 1.93e-04 | MSE loss: 5.2980e-02 | time: 0.045
I 06.08/11:04:39 solver.py:159 ] Epoch: [90/400][100/112] lr: 1.93e-04 | MSE loss: 5.2908e-02 | time: 0.044
I 06.08/11:04:39 solver.py:169 ] => Train  Loss: 5.2805e-02

I 06.08/11:04:39 solver.py:169 ] => Val  Loss: 5.2610e-02

I 06.08/11:04:40 solver.py:413 ] => Test NMSE: -8.3068e+00

I 06.08/11:04:40 solver.py:224 ] 
=! Best NMSE: -8.3068e+00 (epoch=90)

I 06.08/11:04:41 solver.py:159 ] Epoch: [91/400][20/112] lr: 1.93e-04 | MSE loss: 5.2149e-02 | time: 0.050
I 06.08/11:04:43 solver.py:159 ] Epoch: [91/400][40/112] lr: 1.93e-04 | MSE loss: 5.2394e-02 | time: 0.051
I 06.08/11:04:44 solver.py:159 ] Epoch: [91/400][60/112] lr: 1.93e-04 | MSE loss: 5.2112e-02 | time: 0.050
I 06.08/11:04:44 solver.py:159 ] Epoch: [91/400][80/112] lr: 1.93e-04 | MSE loss: 5.2062e-02 | time: 0.050
I 06.08/11:04:45 solver.py:159 ] Epoch: [91/400][100/112] lr: 1.93e-04 | MSE loss: 5.1996e-02 | time: 0.049
I 06.08/11:04:46 solver.py:169 ] => Train  Loss: 5.1909e-02

I 06.08/11:04:46 solver.py:224 ] 
=! Best NMSE: -8.3068e+00 (epoch=90)

I 06.08/11:04:47 solver.py:159 ] Epoch: [92/400][20/112] lr: 1.93e-04 | MSE loss: 5.1132e-02 | time: 0.043
I 06.08/11:04:48 solver.py:159 ] Epoch: [92/400][40/112] lr: 1.93e-04 | MSE loss: 5.1060e-02 | time: 0.042
I 06.08/11:04:49 solver.py:159 ] Epoch: [92/400][60/112] lr: 1.93e-04 | MSE loss: 5.1161e-02 | time: 0.043
I 06.08/11:04:49 solver.py:159 ] Epoch: [92/400][80/112] lr: 1.92e-04 | MSE loss: 5.1051e-02 | time: 0.043
I 06.08/11:04:50 solver.py:159 ] Epoch: [92/400][100/112] lr: 1.92e-04 | MSE loss: 5.0954e-02 | time: 0.044
I 06.08/11:04:51 solver.py:169 ] => Train  Loss: 5.0936e-02

I 06.08/11:04:51 solver.py:224 ] 
=! Best NMSE: -8.3068e+00 (epoch=90)

I 06.08/11:04:52 solver.py:159 ] Epoch: [93/400][20/112] lr: 1.92e-04 | MSE loss: 5.0047e-02 | time: 0.044
I 06.08/11:04:53 solver.py:159 ] Epoch: [93/400][40/112] lr: 1.92e-04 | MSE loss: 4.9925e-02 | time: 0.048
I 06.08/11:04:54 solver.py:159 ] Epoch: [93/400][60/112] lr: 1.92e-04 | MSE loss: 5.0073e-02 | time: 0.045
I 06.08/11:04:54 solver.py:159 ] Epoch: [93/400][80/112] lr: 1.92e-04 | MSE loss: 5.0119e-02 | time: 0.044
I 06.08/11:04:55 solver.py:159 ] Epoch: [93/400][100/112] lr: 1.92e-04 | MSE loss: 5.0065e-02 | time: 0.045
I 06.08/11:04:56 solver.py:169 ] => Train  Loss: 5.0021e-02

I 06.08/11:04:56 solver.py:224 ] 
=! Best NMSE: -8.3068e+00 (epoch=90)

I 06.08/11:04:57 solver.py:159 ] Epoch: [94/400][20/112] lr: 1.92e-04 | MSE loss: 4.9318e-02 | time: 0.048
I 06.08/11:04:58 solver.py:159 ] Epoch: [94/400][40/112] lr: 1.92e-04 | MSE loss: 4.9017e-02 | time: 0.048
I 06.08/11:04:59 solver.py:159 ] Epoch: [94/400][60/112] lr: 1.92e-04 | MSE loss: 4.9083e-02 | time: 0.050
I 06.08/11:05:00 solver.py:159 ] Epoch: [94/400][80/112] lr: 1.92e-04 | MSE loss: 4.9155e-02 | time: 0.049
I 06.08/11:05:01 solver.py:159 ] Epoch: [94/400][100/112] lr: 1.92e-04 | MSE loss: 4.9134e-02 | time: 0.051
I 06.08/11:05:02 solver.py:169 ] => Train  Loss: 4.9100e-02

I 06.08/11:05:02 solver.py:224 ] 
=! Best NMSE: -8.3068e+00 (epoch=90)

I 06.08/11:05:03 solver.py:159 ] Epoch: [95/400][20/112] lr: 1.92e-04 | MSE loss: 4.9002e-02 | time: 0.074
I 06.08/11:05:05 solver.py:159 ] Epoch: [95/400][40/112] lr: 1.92e-04 | MSE loss: 4.8694e-02 | time: 0.078
I 06.08/11:05:07 solver.py:159 ] Epoch: [95/400][60/112] lr: 1.92e-04 | MSE loss: 4.8590e-02 | time: 0.082
I 06.08/11:05:08 solver.py:159 ] Epoch: [95/400][80/112] lr: 1.92e-04 | MSE loss: 4.8473e-02 | time: 0.083
I 06.08/11:05:10 solver.py:159 ] Epoch: [95/400][100/112] lr: 1.92e-04 | MSE loss: 4.8248e-02 | time: 0.081
I 06.08/11:05:11 solver.py:169 ] => Train  Loss: 4.8153e-02

I 06.08/11:05:11 solver.py:224 ] 
=! Best NMSE: -8.3068e+00 (epoch=90)

I 06.08/11:05:12 solver.py:159 ] Epoch: [96/400][20/112] lr: 1.91e-04 | MSE loss: 4.7079e-02 | time: 0.044
I 06.08/11:05:13 solver.py:159 ] Epoch: [96/400][40/112] lr: 1.91e-04 | MSE loss: 4.7185e-02 | time: 0.046
I 06.08/11:05:13 solver.py:159 ] Epoch: [96/400][60/112] lr: 1.91e-04 | MSE loss: 4.7091e-02 | time: 0.046
I 06.08/11:05:14 solver.py:159 ] Epoch: [96/400][80/112] lr: 1.91e-04 | MSE loss: 4.7076e-02 | time: 0.045
I 06.08/11:05:15 solver.py:159 ] Epoch: [96/400][100/112] lr: 1.91e-04 | MSE loss: 4.7078e-02 | time: 0.046
I 06.08/11:05:16 solver.py:169 ] => Train  Loss: 4.7151e-02

I 06.08/11:05:16 solver.py:224 ] 
=! Best NMSE: -8.3068e+00 (epoch=90)

I 06.08/11:05:17 solver.py:159 ] Epoch: [97/400][20/112] lr: 1.91e-04 | MSE loss: 4.6295e-02 | time: 0.043
I 06.08/11:05:18 solver.py:159 ] Epoch: [97/400][40/112] lr: 1.91e-04 | MSE loss: 4.6628e-02 | time: 0.043
I 06.08/11:05:19 solver.py:159 ] Epoch: [97/400][60/112] lr: 1.91e-04 | MSE loss: 4.6464e-02 | time: 0.046
I 06.08/11:05:20 solver.py:159 ] Epoch: [97/400][80/112] lr: 1.91e-04 | MSE loss: 4.6380e-02 | time: 0.046
I 06.08/11:05:21 solver.py:159 ] Epoch: [97/400][100/112] lr: 1.91e-04 | MSE loss: 4.6301e-02 | time: 0.046
I 06.08/11:05:21 solver.py:169 ] => Train  Loss: 4.6233e-02

I 06.08/11:05:21 solver.py:224 ] 
=! Best NMSE: -8.3068e+00 (epoch=90)

I 06.08/11:05:22 solver.py:159 ] Epoch: [98/400][20/112] lr: 1.91e-04 | MSE loss: 4.5513e-02 | time: 0.039
I 06.08/11:05:23 solver.py:159 ] Epoch: [98/400][40/112] lr: 1.91e-04 | MSE loss: 4.5079e-02 | time: 0.041
I 06.08/11:05:24 solver.py:159 ] Epoch: [98/400][60/112] lr: 1.91e-04 | MSE loss: 4.5162e-02 | time: 0.042
I 06.08/11:05:25 solver.py:159 ] Epoch: [98/400][80/112] lr: 1.91e-04 | MSE loss: 4.5226e-02 | time: 0.044
I 06.08/11:05:25 solver.py:159 ] Epoch: [98/400][100/112] lr: 1.91e-04 | MSE loss: 4.5173e-02 | time: 0.044
I 06.08/11:05:26 solver.py:169 ] => Train  Loss: 4.5111e-02

I 06.08/11:05:26 solver.py:224 ] 
=! Best NMSE: -8.3068e+00 (epoch=90)

I 06.08/11:05:27 solver.py:159 ] Epoch: [99/400][20/112] lr: 1.91e-04 | MSE loss: 4.4449e-02 | time: 0.049
I 06.08/11:05:28 solver.py:159 ] Epoch: [99/400][40/112] lr: 1.90e-04 | MSE loss: 4.4223e-02 | time: 0.046
I 06.08/11:05:29 solver.py:159 ] Epoch: [99/400][60/112] lr: 1.90e-04 | MSE loss: 4.3968e-02 | time: 0.045
I 06.08/11:05:30 solver.py:159 ] Epoch: [99/400][80/112] lr: 1.90e-04 | MSE loss: 4.4038e-02 | time: 0.045
I 06.08/11:05:31 solver.py:159 ] Epoch: [99/400][100/112] lr: 1.90e-04 | MSE loss: 4.4020e-02 | time: 0.046
I 06.08/11:05:31 solver.py:169 ] => Train  Loss: 4.3992e-02

I 06.08/11:05:31 solver.py:224 ] 
=! Best NMSE: -8.3068e+00 (epoch=90)

I 06.08/11:05:32 solver.py:159 ] Epoch: [100/400][20/112] lr: 1.90e-04 | MSE loss: 4.3220e-02 | time: 0.049
I 06.08/11:05:33 solver.py:159 ] Epoch: [100/400][40/112] lr: 1.90e-04 | MSE loss: 4.3303e-02 | time: 0.047
I 06.08/11:05:34 solver.py:159 ] Epoch: [100/400][60/112] lr: 1.90e-04 | MSE loss: 4.3140e-02 | time: 0.050
I 06.08/11:05:35 solver.py:159 ] Epoch: [100/400][80/112] lr: 1.90e-04 | MSE loss: 4.3073e-02 | time: 0.048
I 06.08/11:05:36 solver.py:159 ] Epoch: [100/400][100/112] lr: 1.90e-04 | MSE loss: 4.2847e-02 | time: 0.048
I 06.08/11:05:37 solver.py:169 ] => Train  Loss: 4.2782e-02

I 06.08/11:05:37 solver.py:169 ] => Val  Loss: 4.2273e-02

I 06.08/11:05:37 solver.py:413 ] => Test NMSE: -9.2768e+00

I 06.08/11:05:38 solver.py:224 ] 
=! Best NMSE: -9.2768e+00 (epoch=100)

I 06.08/11:05:39 solver.py:159 ] Epoch: [101/400][20/112] lr: 1.90e-04 | MSE loss: 4.2299e-02 | time: 0.046
I 06.08/11:05:40 solver.py:159 ] Epoch: [101/400][40/112] lr: 1.90e-04 | MSE loss: 4.1980e-02 | time: 0.047
I 06.08/11:05:41 solver.py:159 ] Epoch: [101/400][60/112] lr: 1.90e-04 | MSE loss: 4.1758e-02 | time: 0.046
I 06.08/11:05:42 solver.py:159 ] Epoch: [101/400][80/112] lr: 1.90e-04 | MSE loss: 4.1598e-02 | time: 0.046
I 06.08/11:05:43 solver.py:159 ] Epoch: [101/400][100/112] lr: 1.90e-04 | MSE loss: 4.1358e-02 | time: 0.046
I 06.08/11:05:43 solver.py:169 ] => Train  Loss: 4.1380e-02

I 06.08/11:05:43 solver.py:224 ] 
=! Best NMSE: -9.2768e+00 (epoch=100)

I 06.08/11:05:44 solver.py:159 ] Epoch: [102/400][20/112] lr: 1.90e-04 | MSE loss: 4.0454e-02 | time: 0.049
I 06.08/11:05:45 solver.py:159 ] Epoch: [102/400][40/112] lr: 1.90e-04 | MSE loss: 4.0239e-02 | time: 0.048
I 06.08/11:05:46 solver.py:159 ] Epoch: [102/400][60/112] lr: 1.89e-04 | MSE loss: 4.0059e-02 | time: 0.046
I 06.08/11:05:47 solver.py:159 ] Epoch: [102/400][80/112] lr: 1.89e-04 | MSE loss: 4.0056e-02 | time: 0.046
I 06.08/11:05:48 solver.py:159 ] Epoch: [102/400][100/112] lr: 1.89e-04 | MSE loss: 3.9781e-02 | time: 0.046
I 06.08/11:05:48 solver.py:169 ] => Train  Loss: 3.9822e-02

I 06.08/11:05:48 solver.py:224 ] 
=! Best NMSE: -9.2768e+00 (epoch=100)

I 06.08/11:05:49 solver.py:159 ] Epoch: [103/400][20/112] lr: 1.89e-04 | MSE loss: 3.9039e-02 | time: 0.042
I 06.08/11:05:50 solver.py:159 ] Epoch: [103/400][40/112] lr: 1.89e-04 | MSE loss: 3.8635e-02 | time: 0.046
I 06.08/11:05:51 solver.py:159 ] Epoch: [103/400][60/112] lr: 1.89e-04 | MSE loss: 3.8512e-02 | time: 0.045
I 06.08/11:05:52 solver.py:159 ] Epoch: [103/400][80/112] lr: 1.89e-04 | MSE loss: 3.8249e-02 | time: 0.045
I 06.08/11:05:53 solver.py:159 ] Epoch: [103/400][100/112] lr: 1.89e-04 | MSE loss: 3.8062e-02 | time: 0.044
I 06.08/11:05:53 solver.py:169 ] => Train  Loss: 3.8026e-02

I 06.08/11:05:53 solver.py:224 ] 
=! Best NMSE: -9.2768e+00 (epoch=100)

I 06.08/11:05:54 solver.py:159 ] Epoch: [104/400][20/112] lr: 1.89e-04 | MSE loss: 3.6895e-02 | time: 0.045
I 06.08/11:05:55 solver.py:159 ] Epoch: [104/400][40/112] lr: 1.89e-04 | MSE loss: 3.6878e-02 | time: 0.043
I 06.08/11:05:56 solver.py:159 ] Epoch: [104/400][60/112] lr: 1.89e-04 | MSE loss: 3.6483e-02 | time: 0.045
I 06.08/11:05:57 solver.py:159 ] Epoch: [104/400][80/112] lr: 1.89e-04 | MSE loss: 3.6259e-02 | time: 0.044
I 06.08/11:05:58 solver.py:159 ] Epoch: [104/400][100/112] lr: 1.89e-04 | MSE loss: 3.6223e-02 | time: 0.044
I 06.08/11:05:58 solver.py:169 ] => Train  Loss: 3.6090e-02

I 06.08/11:05:58 solver.py:224 ] 
=! Best NMSE: -9.2768e+00 (epoch=100)

I 06.08/11:05:59 solver.py:159 ] Epoch: [105/400][20/112] lr: 1.89e-04 | MSE loss: 3.4618e-02 | time: 0.042
I 06.08/11:06:00 solver.py:159 ] Epoch: [105/400][40/112] lr: 1.88e-04 | MSE loss: 3.4399e-02 | time: 0.045
I 06.08/11:06:01 solver.py:159 ] Epoch: [105/400][60/112] lr: 1.88e-04 | MSE loss: 3.4272e-02 | time: 0.049
I 06.08/11:06:02 solver.py:159 ] Epoch: [105/400][80/112] lr: 1.88e-04 | MSE loss: 3.4290e-02 | time: 0.052
I 06.08/11:06:04 solver.py:159 ] Epoch: [105/400][100/112] lr: 1.88e-04 | MSE loss: 3.4207e-02 | time: 0.055
I 06.08/11:06:05 solver.py:169 ] => Train  Loss: 3.4073e-02

I 06.08/11:06:05 solver.py:224 ] 
=! Best NMSE: -9.2768e+00 (epoch=100)

I 06.08/11:06:07 solver.py:159 ] Epoch: [106/400][20/112] lr: 1.88e-04 | MSE loss: 3.2937e-02 | time: 0.097
I 06.08/11:06:08 solver.py:159 ] Epoch: [106/400][40/112] lr: 1.88e-04 | MSE loss: 3.2418e-02 | time: 0.089
I 06.08/11:06:10 solver.py:159 ] Epoch: [106/400][60/112] lr: 1.88e-04 | MSE loss: 3.2448e-02 | time: 0.086
I 06.08/11:06:11 solver.py:159 ] Epoch: [106/400][80/112] lr: 1.88e-04 | MSE loss: 3.2403e-02 | time: 0.078
I 06.08/11:06:12 solver.py:159 ] Epoch: [106/400][100/112] lr: 1.88e-04 | MSE loss: 3.2281e-02 | time: 0.072
I 06.08/11:06:12 solver.py:169 ] => Train  Loss: 3.2184e-02

I 06.08/11:06:13 solver.py:224 ] 
=! Best NMSE: -9.2768e+00 (epoch=100)

I 06.08/11:06:13 solver.py:159 ] Epoch: [107/400][20/112] lr: 1.88e-04 | MSE loss: 3.1170e-02 | time: 0.044
I 06.08/11:06:14 solver.py:159 ] Epoch: [107/400][40/112] lr: 1.88e-04 | MSE loss: 3.1002e-02 | time: 0.044
I 06.08/11:06:15 solver.py:159 ] Epoch: [107/400][60/112] lr: 1.88e-04 | MSE loss: 3.0982e-02 | time: 0.045
I 06.08/11:06:16 solver.py:159 ] Epoch: [107/400][80/112] lr: 1.88e-04 | MSE loss: 3.0764e-02 | time: 0.045
I 06.08/11:06:17 solver.py:159 ] Epoch: [107/400][100/112] lr: 1.88e-04 | MSE loss: 3.0601e-02 | time: 0.045
I 06.08/11:06:18 solver.py:169 ] => Train  Loss: 3.0557e-02

I 06.08/11:06:18 solver.py:224 ] 
=! Best NMSE: -9.2768e+00 (epoch=100)

I 06.08/11:06:19 solver.py:159 ] Epoch: [108/400][20/112] lr: 1.87e-04 | MSE loss: 3.0356e-02 | time: 0.047
I 06.08/11:06:19 solver.py:159 ] Epoch: [108/400][40/112] lr: 1.87e-04 | MSE loss: 2.9979e-02 | time: 0.046
I 06.08/11:06:20 solver.py:159 ] Epoch: [108/400][60/112] lr: 1.87e-04 | MSE loss: 2.9802e-02 | time: 0.047
I 06.08/11:06:21 solver.py:159 ] Epoch: [108/400][80/112] lr: 1.87e-04 | MSE loss: 2.9567e-02 | time: 0.048
I 06.08/11:06:22 solver.py:159 ] Epoch: [108/400][100/112] lr: 1.87e-04 | MSE loss: 2.9377e-02 | time: 0.047
I 06.08/11:06:23 solver.py:169 ] => Train  Loss: 2.9297e-02

I 06.08/11:06:23 solver.py:224 ] 
=! Best NMSE: -9.2768e+00 (epoch=100)

I 06.08/11:06:24 solver.py:159 ] Epoch: [109/400][20/112] lr: 1.87e-04 | MSE loss: 2.8788e-02 | time: 0.047
I 06.08/11:06:25 solver.py:159 ] Epoch: [109/400][40/112] lr: 1.87e-04 | MSE loss: 2.8615e-02 | time: 0.046
I 06.08/11:06:26 solver.py:159 ] Epoch: [109/400][60/112] lr: 1.87e-04 | MSE loss: 2.8585e-02 | time: 0.051
I 06.08/11:06:27 solver.py:159 ] Epoch: [109/400][80/112] lr: 1.87e-04 | MSE loss: 2.8432e-02 | time: 0.050
I 06.08/11:06:28 solver.py:159 ] Epoch: [109/400][100/112] lr: 1.87e-04 | MSE loss: 2.8292e-02 | time: 0.049
I 06.08/11:06:28 solver.py:169 ] => Train  Loss: 2.8245e-02

I 06.08/11:06:28 solver.py:224 ] 
=! Best NMSE: -9.2768e+00 (epoch=100)

I 06.08/11:06:29 solver.py:159 ] Epoch: [110/400][20/112] lr: 1.87e-04 | MSE loss: 2.7644e-02 | time: 0.046
I 06.08/11:06:30 solver.py:159 ] Epoch: [110/400][40/112] lr: 1.87e-04 | MSE loss: 2.7393e-02 | time: 0.044
I 06.08/11:06:31 solver.py:159 ] Epoch: [110/400][60/112] lr: 1.87e-04 | MSE loss: 2.7318e-02 | time: 0.045
I 06.08/11:06:32 solver.py:159 ] Epoch: [110/400][80/112] lr: 1.87e-04 | MSE loss: 2.7286e-02 | time: 0.045
I 06.08/11:06:33 solver.py:159 ] Epoch: [110/400][100/112] lr: 1.86e-04 | MSE loss: 2.7277e-02 | time: 0.046
I 06.08/11:06:34 solver.py:169 ] => Train  Loss: 2.7262e-02

I 06.08/11:06:34 solver.py:169 ] => Val  Loss: 2.6949e-02

I 06.08/11:06:34 solver.py:413 ] => Test NMSE: -1.1214e+01

I 06.08/11:06:35 solver.py:224 ] 
=! Best NMSE: -1.1214e+01 (epoch=110)

I 06.08/11:06:36 solver.py:159 ] Epoch: [111/400][20/112] lr: 1.86e-04 | MSE loss: 2.6576e-02 | time: 0.049
I 06.08/11:06:37 solver.py:159 ] Epoch: [111/400][40/112] lr: 1.86e-04 | MSE loss: 2.6684e-02 | time: 0.048
I 06.08/11:06:38 solver.py:159 ] Epoch: [111/400][60/112] lr: 1.86e-04 | MSE loss: 2.6526e-02 | time: 0.047
I 06.08/11:06:39 solver.py:159 ] Epoch: [111/400][80/112] lr: 1.86e-04 | MSE loss: 2.6508e-02 | time: 0.047
I 06.08/11:06:40 solver.py:159 ] Epoch: [111/400][100/112] lr: 1.86e-04 | MSE loss: 2.6427e-02 | time: 0.047
I 06.08/11:06:40 solver.py:169 ] => Train  Loss: 2.6396e-02

I 06.08/11:06:40 solver.py:224 ] 
=! Best NMSE: -1.1214e+01 (epoch=110)

I 06.08/11:06:41 solver.py:159 ] Epoch: [112/400][20/112] lr: 1.86e-04 | MSE loss: 2.5904e-02 | time: 0.046
I 06.08/11:06:42 solver.py:159 ] Epoch: [112/400][40/112] lr: 1.86e-04 | MSE loss: 2.5843e-02 | time: 0.052
I 06.08/11:06:43 solver.py:159 ] Epoch: [112/400][60/112] lr: 1.86e-04 | MSE loss: 2.5755e-02 | time: 0.049
I 06.08/11:06:44 solver.py:159 ] Epoch: [112/400][80/112] lr: 1.86e-04 | MSE loss: 2.5653e-02 | time: 0.049
I 06.08/11:06:45 solver.py:159 ] Epoch: [112/400][100/112] lr: 1.86e-04 | MSE loss: 2.5566e-02 | time: 0.048
I 06.08/11:06:46 solver.py:169 ] => Train  Loss: 2.5514e-02

I 06.08/11:06:46 solver.py:224 ] 
=! Best NMSE: -1.1214e+01 (epoch=110)

I 06.08/11:06:47 solver.py:159 ] Epoch: [113/400][20/112] lr: 1.86e-04 | MSE loss: 2.5206e-02 | time: 0.052
I 06.08/11:06:48 solver.py:159 ] Epoch: [113/400][40/112] lr: 1.86e-04 | MSE loss: 2.4703e-02 | time: 0.047
I 06.08/11:06:48 solver.py:159 ] Epoch: [113/400][60/112] lr: 1.85e-04 | MSE loss: 2.4568e-02 | time: 0.044
I 06.08/11:06:49 solver.py:159 ] Epoch: [113/400][80/112] lr: 1.85e-04 | MSE loss: 2.4493e-02 | time: 0.044
I 06.08/11:06:50 solver.py:159 ] Epoch: [113/400][100/112] lr: 1.85e-04 | MSE loss: 2.4338e-02 | time: 0.045
I 06.08/11:06:51 solver.py:169 ] => Train  Loss: 2.4231e-02

I 06.08/11:06:51 solver.py:224 ] 
=! Best NMSE: -1.1214e+01 (epoch=110)

I 06.08/11:06:52 solver.py:159 ] Epoch: [114/400][20/112] lr: 1.85e-04 | MSE loss: 2.3021e-02 | time: 0.049
I 06.08/11:06:53 solver.py:159 ] Epoch: [114/400][40/112] lr: 1.85e-04 | MSE loss: 2.2992e-02 | time: 0.048
I 06.08/11:06:54 solver.py:159 ] Epoch: [114/400][60/112] lr: 1.85e-04 | MSE loss: 2.2722e-02 | time: 0.048
I 06.08/11:06:55 solver.py:159 ] Epoch: [114/400][80/112] lr: 1.85e-04 | MSE loss: 2.2564e-02 | time: 0.047
I 06.08/11:06:55 solver.py:159 ] Epoch: [114/400][100/112] lr: 1.85e-04 | MSE loss: 2.2378e-02 | time: 0.047
I 06.08/11:06:56 solver.py:169 ] => Train  Loss: 2.2305e-02

I 06.08/11:06:56 solver.py:224 ] 
=! Best NMSE: -1.1214e+01 (epoch=110)

I 06.08/11:06:57 solver.py:159 ] Epoch: [115/400][20/112] lr: 1.85e-04 | MSE loss: 2.1349e-02 | time: 0.050
I 06.08/11:06:58 solver.py:159 ] Epoch: [115/400][40/112] lr: 1.85e-04 | MSE loss: 2.1323e-02 | time: 0.050
I 06.08/11:06:59 solver.py:159 ] Epoch: [115/400][60/112] lr: 1.85e-04 | MSE loss: 2.1167e-02 | time: 0.051
I 06.08/11:07:00 solver.py:159 ] Epoch: [115/400][80/112] lr: 1.85e-04 | MSE loss: 2.1104e-02 | time: 0.050
I 06.08/11:07:01 solver.py:159 ] Epoch: [115/400][100/112] lr: 1.85e-04 | MSE loss: 2.1068e-02 | time: 0.053
I 06.08/11:07:02 solver.py:169 ] => Train  Loss: 2.1000e-02

I 06.08/11:07:02 solver.py:224 ] 
=! Best NMSE: -1.1214e+01 (epoch=110)

I 06.08/11:07:04 solver.py:159 ] Epoch: [116/400][20/112] lr: 1.84e-04 | MSE loss: 2.0695e-02 | time: 0.071
I 06.08/11:07:05 solver.py:159 ] Epoch: [116/400][40/112] lr: 1.84e-04 | MSE loss: 2.0544e-02 | time: 0.080
I 06.08/11:07:07 solver.py:159 ] Epoch: [116/400][60/112] lr: 1.84e-04 | MSE loss: 2.0511e-02 | time: 0.080
I 06.08/11:07:08 solver.py:159 ] Epoch: [116/400][80/112] lr: 1.84e-04 | MSE loss: 2.0435e-02 | time: 0.079
I 06.08/11:07:10 solver.py:159 ] Epoch: [116/400][100/112] lr: 1.84e-04 | MSE loss: 2.0431e-02 | time: 0.078
I 06.08/11:07:11 solver.py:169 ] => Train  Loss: 2.0459e-02

I 06.08/11:07:11 solver.py:224 ] 
=! Best NMSE: -1.1214e+01 (epoch=110)

I 06.08/11:07:12 solver.py:159 ] Epoch: [117/400][20/112] lr: 1.84e-04 | MSE loss: 2.0293e-02 | time: 0.051
I 06.08/11:07:13 solver.py:159 ] Epoch: [117/400][40/112] lr: 1.84e-04 | MSE loss: 2.0288e-02 | time: 0.050
I 06.08/11:07:14 solver.py:159 ] Epoch: [117/400][60/112] lr: 1.84e-04 | MSE loss: 2.0227e-02 | time: 0.049
I 06.08/11:07:15 solver.py:159 ] Epoch: [117/400][80/112] lr: 1.84e-04 | MSE loss: 2.0187e-02 | time: 0.050
I 06.08/11:07:16 solver.py:159 ] Epoch: [117/400][100/112] lr: 1.84e-04 | MSE loss: 2.0128e-02 | time: 0.049
I 06.08/11:07:16 solver.py:169 ] => Train  Loss: 2.0102e-02

I 06.08/11:07:16 solver.py:224 ] 
=! Best NMSE: -1.1214e+01 (epoch=110)

I 06.08/11:07:17 solver.py:159 ] Epoch: [118/400][20/112] lr: 1.84e-04 | MSE loss: 1.9749e-02 | time: 0.048
I 06.08/11:07:18 solver.py:159 ] Epoch: [118/400][40/112] lr: 1.84e-04 | MSE loss: 1.9739e-02 | time: 0.045
I 06.08/11:07:19 solver.py:159 ] Epoch: [118/400][60/112] lr: 1.83e-04 | MSE loss: 1.9751e-02 | time: 0.048
I 06.08/11:07:20 solver.py:159 ] Epoch: [118/400][80/112] lr: 1.83e-04 | MSE loss: 1.9827e-02 | time: 0.048
I 06.08/11:07:21 solver.py:159 ] Epoch: [118/400][100/112] lr: 1.83e-04 | MSE loss: 1.9877e-02 | time: 0.048
I 06.08/11:07:22 solver.py:169 ] => Train  Loss: 1.9861e-02

I 06.08/11:07:22 solver.py:224 ] 
=! Best NMSE: -1.1214e+01 (epoch=110)

I 06.08/11:07:23 solver.py:159 ] Epoch: [119/400][20/112] lr: 1.83e-04 | MSE loss: 1.9727e-02 | time: 0.045
I 06.08/11:07:23 solver.py:159 ] Epoch: [119/400][40/112] lr: 1.83e-04 | MSE loss: 1.9727e-02 | time: 0.047
I 06.08/11:07:24 solver.py:159 ] Epoch: [119/400][60/112] lr: 1.83e-04 | MSE loss: 1.9560e-02 | time: 0.045
I 06.08/11:07:25 solver.py:159 ] Epoch: [119/400][80/112] lr: 1.83e-04 | MSE loss: 1.9487e-02 | time: 0.045
I 06.08/11:07:26 solver.py:159 ] Epoch: [119/400][100/112] lr: 1.83e-04 | MSE loss: 1.9409e-02 | time: 0.045
I 06.08/11:07:27 solver.py:169 ] => Train  Loss: 1.9339e-02

I 06.08/11:07:27 solver.py:224 ] 
=! Best NMSE: -1.1214e+01 (epoch=110)

I 06.08/11:07:27 solver.py:159 ] Epoch: [120/400][20/112] lr: 1.83e-04 | MSE loss: 1.8942e-02 | time: 0.041
I 06.08/11:07:28 solver.py:159 ] Epoch: [120/400][40/112] lr: 1.83e-04 | MSE loss: 1.8812e-02 | time: 0.040
I 06.08/11:07:29 solver.py:159 ] Epoch: [120/400][60/112] lr: 1.83e-04 | MSE loss: 1.8694e-02 | time: 0.040
I 06.08/11:07:30 solver.py:159 ] Epoch: [120/400][80/112] lr: 1.83e-04 | MSE loss: 1.8782e-02 | time: 0.041
I 06.08/11:07:31 solver.py:159 ] Epoch: [120/400][100/112] lr: 1.82e-04 | MSE loss: 1.8762e-02 | time: 0.042
I 06.08/11:07:31 solver.py:169 ] => Train  Loss: 1.8762e-02

I 06.08/11:07:32 solver.py:169 ] => Val  Loss: 1.8655e-02

I 06.08/11:07:32 solver.py:413 ] => Test NMSE: -1.2751e+01

I 06.08/11:07:33 solver.py:224 ] 
=! Best NMSE: -1.2751e+01 (epoch=120)

I 06.08/11:07:34 solver.py:159 ] Epoch: [121/400][20/112] lr: 1.82e-04 | MSE loss: 1.8523e-02 | time: 0.048
I 06.08/11:07:35 solver.py:159 ] Epoch: [121/400][40/112] lr: 1.82e-04 | MSE loss: 1.8362e-02 | time: 0.052
I 06.08/11:07:36 solver.py:159 ] Epoch: [121/400][60/112] lr: 1.82e-04 | MSE loss: 1.8454e-02 | time: 0.050
I 06.08/11:07:37 solver.py:159 ] Epoch: [121/400][80/112] lr: 1.82e-04 | MSE loss: 1.8426e-02 | time: 0.049
I 06.08/11:07:38 solver.py:159 ] Epoch: [121/400][100/112] lr: 1.82e-04 | MSE loss: 1.8433e-02 | time: 0.048
I 06.08/11:07:38 solver.py:169 ] => Train  Loss: 1.8421e-02

I 06.08/11:07:38 solver.py:224 ] 
=! Best NMSE: -1.2751e+01 (epoch=120)

I 06.08/11:07:39 solver.py:159 ] Epoch: [122/400][20/112] lr: 1.82e-04 | MSE loss: 1.8037e-02 | time: 0.049
I 06.08/11:07:40 solver.py:159 ] Epoch: [122/400][40/112] lr: 1.82e-04 | MSE loss: 1.7939e-02 | time: 0.047
I 06.08/11:07:41 solver.py:159 ] Epoch: [122/400][60/112] lr: 1.82e-04 | MSE loss: 1.8044e-02 | time: 0.046
I 06.08/11:07:42 solver.py:159 ] Epoch: [122/400][80/112] lr: 1.82e-04 | MSE loss: 1.8158e-02 | time: 0.047
I 06.08/11:07:43 solver.py:159 ] Epoch: [122/400][100/112] lr: 1.82e-04 | MSE loss: 1.8465e-02 | time: 0.047
I 06.08/11:07:44 solver.py:169 ] => Train  Loss: 1.8514e-02

I 06.08/11:07:44 solver.py:224 ] 
=! Best NMSE: -1.2751e+01 (epoch=120)

I 06.08/11:07:45 solver.py:159 ] Epoch: [123/400][20/112] lr: 1.82e-04 | MSE loss: 1.8262e-02 | time: 0.049
I 06.08/11:07:46 solver.py:159 ] Epoch: [123/400][40/112] lr: 1.81e-04 | MSE loss: 1.8225e-02 | time: 0.050
I 06.08/11:07:47 solver.py:159 ] Epoch: [123/400][60/112] lr: 1.81e-04 | MSE loss: 1.8058e-02 | time: 0.049
I 06.08/11:07:48 solver.py:159 ] Epoch: [123/400][80/112] lr: 1.81e-04 | MSE loss: 1.8090e-02 | time: 0.049
I 06.08/11:07:49 solver.py:159 ] Epoch: [123/400][100/112] lr: 1.81e-04 | MSE loss: 1.7980e-02 | time: 0.049
I 06.08/11:07:49 solver.py:169 ] => Train  Loss: 1.7915e-02

I 06.08/11:07:49 solver.py:224 ] 
=! Best NMSE: -1.2751e+01 (epoch=120)

I 06.08/11:07:50 solver.py:159 ] Epoch: [124/400][20/112] lr: 1.81e-04 | MSE loss: 1.7310e-02 | time: 0.046
I 06.08/11:07:51 solver.py:159 ] Epoch: [124/400][40/112] lr: 1.81e-04 | MSE loss: 1.7350e-02 | time: 0.046
I 06.08/11:07:52 solver.py:159 ] Epoch: [124/400][60/112] lr: 1.81e-04 | MSE loss: 1.7389e-02 | time: 0.050
I 06.08/11:07:53 solver.py:159 ] Epoch: [124/400][80/112] lr: 1.81e-04 | MSE loss: 1.7399e-02 | time: 0.050
I 06.08/11:07:54 solver.py:159 ] Epoch: [124/400][100/112] lr: 1.81e-04 | MSE loss: 1.7362e-02 | time: 0.049
I 06.08/11:07:55 solver.py:169 ] => Train  Loss: 1.7363e-02

I 06.08/11:07:55 solver.py:224 ] 
=! Best NMSE: -1.2751e+01 (epoch=120)

I 06.08/11:07:56 solver.py:159 ] Epoch: [125/400][20/112] lr: 1.81e-04 | MSE loss: 1.7535e-02 | time: 0.047
I 06.08/11:07:57 solver.py:159 ] Epoch: [125/400][40/112] lr: 1.81e-04 | MSE loss: 1.7697e-02 | time: 0.046
I 06.08/11:07:57 solver.py:159 ] Epoch: [125/400][60/112] lr: 1.81e-04 | MSE loss: 1.7652e-02 | time: 0.046
I 06.08/11:07:59 solver.py:159 ] Epoch: [125/400][80/112] lr: 1.80e-04 | MSE loss: 1.7495e-02 | time: 0.047
I 06.08/11:07:59 solver.py:159 ] Epoch: [125/400][100/112] lr: 1.80e-04 | MSE loss: 1.7357e-02 | time: 0.047
I 06.08/11:08:00 solver.py:169 ] => Train  Loss: 1.7461e-02

I 06.08/11:08:00 solver.py:224 ] 
=! Best NMSE: -1.2751e+01 (epoch=120)

I 06.08/11:08:01 solver.py:159 ] Epoch: [126/400][20/112] lr: 1.80e-04 | MSE loss: 1.7687e-02 | time: 0.063
I 06.08/11:08:03 solver.py:159 ] Epoch: [126/400][40/112] lr: 1.80e-04 | MSE loss: 1.7422e-02 | time: 0.063
I 06.08/11:08:04 solver.py:159 ] Epoch: [126/400][60/112] lr: 1.80e-04 | MSE loss: 1.7182e-02 | time: 0.067
I 06.08/11:08:06 solver.py:159 ] Epoch: [126/400][80/112] lr: 1.80e-04 | MSE loss: 1.6943e-02 | time: 0.073
I 06.08/11:08:08 solver.py:159 ] Epoch: [126/400][100/112] lr: 1.80e-04 | MSE loss: 1.6831e-02 | time: 0.074
I 06.08/11:08:09 solver.py:169 ] => Train  Loss: 1.6773e-02

I 06.08/11:08:09 solver.py:224 ] 
=! Best NMSE: -1.2751e+01 (epoch=120)

I 06.08/11:08:10 solver.py:159 ] Epoch: [127/400][20/112] lr: 1.80e-04 | MSE loss: 1.6242e-02 | time: 0.078
I 06.08/11:08:11 solver.py:159 ] Epoch: [127/400][40/112] lr: 1.80e-04 | MSE loss: 1.6254e-02 | time: 0.066
I 06.08/11:08:12 solver.py:159 ] Epoch: [127/400][60/112] lr: 1.80e-04 | MSE loss: 1.6418e-02 | time: 0.062
I 06.08/11:08:13 solver.py:159 ] Epoch: [127/400][80/112] lr: 1.80e-04 | MSE loss: 1.6307e-02 | time: 0.058
I 06.08/11:08:14 solver.py:159 ] Epoch: [127/400][100/112] lr: 1.79e-04 | MSE loss: 1.6236e-02 | time: 0.056
I 06.08/11:08:15 solver.py:169 ] => Train  Loss: 1.6145e-02

I 06.08/11:08:15 solver.py:224 ] 
=! Best NMSE: -1.2751e+01 (epoch=120)

I 06.08/11:08:16 solver.py:159 ] Epoch: [128/400][20/112] lr: 1.79e-04 | MSE loss: 1.5603e-02 | time: 0.055
I 06.08/11:08:17 solver.py:159 ] Epoch: [128/400][40/112] lr: 1.79e-04 | MSE loss: 1.5620e-02 | time: 0.051
I 06.08/11:08:18 solver.py:159 ] Epoch: [128/400][60/112] lr: 1.79e-04 | MSE loss: 1.5494e-02 | time: 0.049
I 06.08/11:08:19 solver.py:159 ] Epoch: [128/400][80/112] lr: 1.79e-04 | MSE loss: 1.5427e-02 | time: 0.049
I 06.08/11:08:20 solver.py:159 ] Epoch: [128/400][100/112] lr: 1.79e-04 | MSE loss: 1.5409e-02 | time: 0.050
I 06.08/11:08:20 solver.py:169 ] => Train  Loss: 1.5415e-02

I 06.08/11:08:21 solver.py:224 ] 
=! Best NMSE: -1.2751e+01 (epoch=120)

I 06.08/11:08:22 solver.py:159 ] Epoch: [129/400][20/112] lr: 1.79e-04 | MSE loss: 1.5286e-02 | time: 0.050
I 06.08/11:08:22 solver.py:159 ] Epoch: [129/400][40/112] lr: 1.79e-04 | MSE loss: 1.5278e-02 | time: 0.048
I 06.08/11:08:23 solver.py:159 ] Epoch: [129/400][60/112] lr: 1.79e-04 | MSE loss: 1.5223e-02 | time: 0.047
I 06.08/11:08:24 solver.py:159 ] Epoch: [129/400][80/112] lr: 1.79e-04 | MSE loss: 1.5224e-02 | time: 0.047
I 06.08/11:08:25 solver.py:159 ] Epoch: [129/400][100/112] lr: 1.79e-04 | MSE loss: 1.5185e-02 | time: 0.047
I 06.08/11:08:26 solver.py:169 ] => Train  Loss: 1.5172e-02

I 06.08/11:08:26 solver.py:224 ] 
=! Best NMSE: -1.2751e+01 (epoch=120)

I 06.08/11:08:27 solver.py:159 ] Epoch: [130/400][20/112] lr: 1.78e-04 | MSE loss: 1.4739e-02 | time: 0.049
I 06.08/11:08:28 solver.py:159 ] Epoch: [130/400][40/112] lr: 1.78e-04 | MSE loss: 1.4777e-02 | time: 0.050
I 06.08/11:08:29 solver.py:159 ] Epoch: [130/400][60/112] lr: 1.78e-04 | MSE loss: 1.4752e-02 | time: 0.051
I 06.08/11:08:30 solver.py:159 ] Epoch: [130/400][80/112] lr: 1.78e-04 | MSE loss: 1.4788e-02 | time: 0.049
I 06.08/11:08:31 solver.py:159 ] Epoch: [130/400][100/112] lr: 1.78e-04 | MSE loss: 1.4725e-02 | time: 0.049
I 06.08/11:08:31 solver.py:169 ] => Train  Loss: 1.4717e-02

I 06.08/11:08:31 solver.py:169 ] => Val  Loss: 1.4624e-02

I 06.08/11:08:32 solver.py:413 ] => Test NMSE: -1.3733e+01

I 06.08/11:08:33 solver.py:224 ] 
=! Best NMSE: -1.3733e+01 (epoch=130)

I 06.08/11:08:34 solver.py:159 ] Epoch: [131/400][20/112] lr: 1.78e-04 | MSE loss: 1.4507e-02 | time: 0.050
I 06.08/11:08:35 solver.py:159 ] Epoch: [131/400][40/112] lr: 1.78e-04 | MSE loss: 1.4507e-02 | time: 0.050
I 06.08/11:08:36 solver.py:159 ] Epoch: [131/400][60/112] lr: 1.78e-04 | MSE loss: 1.4453e-02 | time: 0.050
I 06.08/11:08:36 solver.py:159 ] Epoch: [131/400][80/112] lr: 1.78e-04 | MSE loss: 1.4385e-02 | time: 0.048
I 06.08/11:08:37 solver.py:159 ] Epoch: [131/400][100/112] lr: 1.78e-04 | MSE loss: 1.4367e-02 | time: 0.048
I 06.08/11:08:38 solver.py:169 ] => Train  Loss: 1.4387e-02

I 06.08/11:08:38 solver.py:224 ] 
=! Best NMSE: -1.3733e+01 (epoch=130)

I 06.08/11:08:39 solver.py:159 ] Epoch: [132/400][20/112] lr: 1.77e-04 | MSE loss: 1.4450e-02 | time: 0.044
I 06.08/11:08:40 solver.py:159 ] Epoch: [132/400][40/112] lr: 1.77e-04 | MSE loss: 1.5868e-02 | time: 0.046
I 06.08/11:08:41 solver.py:159 ] Epoch: [132/400][60/112] lr: 1.77e-04 | MSE loss: 1.6024e-02 | time: 0.046
I 06.08/11:08:42 solver.py:159 ] Epoch: [132/400][80/112] lr: 1.77e-04 | MSE loss: 1.5870e-02 | time: 0.047
I 06.08/11:08:43 solver.py:159 ] Epoch: [132/400][100/112] lr: 1.77e-04 | MSE loss: 1.5637e-02 | time: 0.047
I 06.08/11:08:43 solver.py:169 ] => Train  Loss: 1.5563e-02

I 06.08/11:08:43 solver.py:224 ] 
=! Best NMSE: -1.3733e+01 (epoch=130)

I 06.08/11:08:44 solver.py:159 ] Epoch: [133/400][20/112] lr: 1.77e-04 | MSE loss: 1.4954e-02 | time: 0.047
I 06.08/11:08:45 solver.py:159 ] Epoch: [133/400][40/112] lr: 1.77e-04 | MSE loss: 1.4621e-02 | time: 0.052
I 06.08/11:08:46 solver.py:159 ] Epoch: [133/400][60/112] lr: 1.77e-04 | MSE loss: 1.4890e-02 | time: 0.051
I 06.08/11:08:47 solver.py:159 ] Epoch: [133/400][80/112] lr: 1.77e-04 | MSE loss: 1.4771e-02 | time: 0.049
I 06.08/11:08:48 solver.py:159 ] Epoch: [133/400][100/112] lr: 1.77e-04 | MSE loss: 1.4651e-02 | time: 0.049
I 06.08/11:08:49 solver.py:169 ] => Train  Loss: 1.4610e-02

I 06.08/11:08:49 solver.py:224 ] 
=! Best NMSE: -1.3733e+01 (epoch=130)

I 06.08/11:08:50 solver.py:159 ] Epoch: [134/400][20/112] lr: 1.77e-04 | MSE loss: 1.4150e-02 | time: 0.053
I 06.08/11:08:51 solver.py:159 ] Epoch: [134/400][40/112] lr: 1.76e-04 | MSE loss: 1.4053e-02 | time: 0.054
I 06.08/11:08:52 solver.py:159 ] Epoch: [134/400][60/112] lr: 1.76e-04 | MSE loss: 1.4153e-02 | time: 0.052
I 06.08/11:08:53 solver.py:159 ] Epoch: [134/400][80/112] lr: 1.76e-04 | MSE loss: 1.4992e-02 | time: 0.051
I 06.08/11:08:54 solver.py:159 ] Epoch: [134/400][100/112] lr: 1.76e-04 | MSE loss: 1.4988e-02 | time: 0.050
I 06.08/11:08:54 solver.py:169 ] => Train  Loss: 1.4945e-02

I 06.08/11:08:54 solver.py:224 ] 
=! Best NMSE: -1.3733e+01 (epoch=130)

I 06.08/11:08:55 solver.py:159 ] Epoch: [135/400][20/112] lr: 1.76e-04 | MSE loss: 1.4146e-02 | time: 0.050
I 06.08/11:08:56 solver.py:159 ] Epoch: [135/400][40/112] lr: 1.76e-04 | MSE loss: 1.4055e-02 | time: 0.050
I 06.08/11:08:57 solver.py:159 ] Epoch: [135/400][60/112] lr: 1.76e-04 | MSE loss: 1.3950e-02 | time: 0.049
I 06.08/11:08:58 solver.py:159 ] Epoch: [135/400][80/112] lr: 1.76e-04 | MSE loss: 1.4010e-02 | time: 0.048
I 06.08/11:08:59 solver.py:159 ] Epoch: [135/400][100/112] lr: 1.76e-04 | MSE loss: 1.4167e-02 | time: 0.049
I 06.08/11:09:00 solver.py:169 ] => Train  Loss: 1.4257e-02

I 06.08/11:09:00 solver.py:224 ] 
=! Best NMSE: -1.3733e+01 (epoch=130)

I 06.08/11:09:01 solver.py:159 ] Epoch: [136/400][20/112] lr: 1.76e-04 | MSE loss: 1.5181e-02 | time: 0.064
I 06.08/11:09:03 solver.py:159 ] Epoch: [136/400][40/112] lr: 1.75e-04 | MSE loss: 1.5261e-02 | time: 0.065
I 06.08/11:09:04 solver.py:159 ] Epoch: [136/400][60/112] lr: 1.75e-04 | MSE loss: 1.5176e-02 | time: 0.072
I 06.08/11:09:06 solver.py:159 ] Epoch: [136/400][80/112] lr: 1.75e-04 | MSE loss: 1.5022e-02 | time: 0.076
I 06.08/11:09:08 solver.py:159 ] Epoch: [136/400][100/112] lr: 1.75e-04 | MSE loss: 1.4806e-02 | time: 0.077
I 06.08/11:09:09 solver.py:169 ] => Train  Loss: 1.4715e-02

I 06.08/11:09:09 solver.py:224 ] 
=! Best NMSE: -1.3733e+01 (epoch=130)

I 06.08/11:09:10 solver.py:159 ] Epoch: [137/400][20/112] lr: 1.75e-04 | MSE loss: 1.3528e-02 | time: 0.074
I 06.08/11:09:11 solver.py:159 ] Epoch: [137/400][40/112] lr: 1.75e-04 | MSE loss: 1.3417e-02 | time: 0.065
I 06.08/11:09:12 solver.py:159 ] Epoch: [137/400][60/112] lr: 1.75e-04 | MSE loss: 1.3600e-02 | time: 0.059
I 06.08/11:09:13 solver.py:159 ] Epoch: [137/400][80/112] lr: 1.75e-04 | MSE loss: 1.3726e-02 | time: 0.056
I 06.08/11:09:14 solver.py:159 ] Epoch: [137/400][100/112] lr: 1.75e-04 | MSE loss: 1.3864e-02 | time: 0.054
I 06.08/11:09:15 solver.py:169 ] => Train  Loss: 1.4028e-02

I 06.08/11:09:15 solver.py:224 ] 
=! Best NMSE: -1.3733e+01 (epoch=130)

I 06.08/11:09:16 solver.py:159 ] Epoch: [138/400][20/112] lr: 1.75e-04 | MSE loss: 1.4540e-02 | time: 0.044
I 06.08/11:09:17 solver.py:159 ] Epoch: [138/400][40/112] lr: 1.75e-04 | MSE loss: 1.6458e-02 | time: 0.047
I 06.08/11:09:18 solver.py:159 ] Epoch: [138/400][60/112] lr: 1.74e-04 | MSE loss: 1.6681e-02 | time: 0.048
I 06.08/11:09:19 solver.py:159 ] Epoch: [138/400][80/112] lr: 1.74e-04 | MSE loss: 1.6556e-02 | time: 0.048
I 06.08/11:09:20 solver.py:159 ] Epoch: [138/400][100/112] lr: 1.74e-04 | MSE loss: 1.6595e-02 | time: 0.048
I 06.08/11:09:20 solver.py:169 ] => Train  Loss: 1.6558e-02

I 06.08/11:09:20 solver.py:224 ] 
=! Best NMSE: -1.3733e+01 (epoch=130)

I 06.08/11:09:21 solver.py:159 ] Epoch: [139/400][20/112] lr: 1.74e-04 | MSE loss: 1.6480e-02 | time: 0.047
I 06.08/11:09:22 solver.py:159 ] Epoch: [139/400][40/112] lr: 1.74e-04 | MSE loss: 1.6420e-02 | time: 0.045
I 06.08/11:09:23 solver.py:159 ] Epoch: [139/400][60/112] lr: 1.74e-04 | MSE loss: 1.6285e-02 | time: 0.048
I 06.08/11:09:24 solver.py:159 ] Epoch: [139/400][80/112] lr: 1.74e-04 | MSE loss: 1.5991e-02 | time: 0.047
I 06.08/11:09:25 solver.py:159 ] Epoch: [139/400][100/112] lr: 1.74e-04 | MSE loss: 1.5731e-02 | time: 0.047
I 06.08/11:09:25 solver.py:169 ] => Train  Loss: 1.5581e-02

I 06.08/11:09:25 solver.py:224 ] 
=! Best NMSE: -1.3733e+01 (epoch=130)

I 06.08/11:09:26 solver.py:159 ] Epoch: [140/400][20/112] lr: 1.74e-04 | MSE loss: 1.3781e-02 | time: 0.047
I 06.08/11:09:28 solver.py:159 ] Epoch: [140/400][40/112] lr: 1.74e-04 | MSE loss: 1.3563e-02 | time: 0.050
I 06.08/11:09:28 solver.py:159 ] Epoch: [140/400][60/112] lr: 1.73e-04 | MSE loss: 1.3522e-02 | time: 0.049
I 06.08/11:09:29 solver.py:159 ] Epoch: [140/400][80/112] lr: 1.73e-04 | MSE loss: 1.3641e-02 | time: 0.048
I 06.08/11:09:30 solver.py:159 ] Epoch: [140/400][100/112] lr: 1.73e-04 | MSE loss: 1.3762e-02 | time: 0.049
I 06.08/11:09:31 solver.py:169 ] => Train  Loss: 1.3722e-02

I 06.08/11:09:31 solver.py:169 ] => Val  Loss: 1.3333e-02

I 06.08/11:09:32 solver.py:413 ] => Test NMSE: -1.3882e+01

I 06.08/11:09:32 solver.py:224 ] 
=! Best NMSE: -1.3882e+01 (epoch=140)

I 06.08/11:09:33 solver.py:159 ] Epoch: [141/400][20/112] lr: 1.73e-04 | MSE loss: 1.3188e-02 | time: 0.051
I 06.08/11:09:34 solver.py:159 ] Epoch: [141/400][40/112] lr: 1.73e-04 | MSE loss: 1.3138e-02 | time: 0.051
I 06.08/11:09:35 solver.py:159 ] Epoch: [141/400][60/112] lr: 1.73e-04 | MSE loss: 1.3001e-02 | time: 0.052
I 06.08/11:09:36 solver.py:159 ] Epoch: [141/400][80/112] lr: 1.73e-04 | MSE loss: 1.2913e-02 | time: 0.052
I 06.08/11:09:37 solver.py:159 ] Epoch: [141/400][100/112] lr: 1.73e-04 | MSE loss: 1.2888e-02 | time: 0.051
I 06.08/11:09:38 solver.py:169 ] => Train  Loss: 1.2886e-02

I 06.08/11:09:38 solver.py:224 ] 
=! Best NMSE: -1.3882e+01 (epoch=140)

I 06.08/11:09:39 solver.py:159 ] Epoch: [142/400][20/112] lr: 1.73e-04 | MSE loss: 1.3065e-02 | time: 0.051
I 06.08/11:09:40 solver.py:159 ] Epoch: [142/400][40/112] lr: 1.73e-04 | MSE loss: 1.2953e-02 | time: 0.052
I 06.08/11:09:41 solver.py:159 ] Epoch: [142/400][60/112] lr: 1.72e-04 | MSE loss: 1.2883e-02 | time: 0.049
I 06.08/11:09:42 solver.py:159 ] Epoch: [142/400][80/112] lr: 1.72e-04 | MSE loss: 1.2704e-02 | time: 0.049
I 06.08/11:09:43 solver.py:159 ] Epoch: [142/400][100/112] lr: 1.72e-04 | MSE loss: 1.2790e-02 | time: 0.050
I 06.08/11:09:44 solver.py:169 ] => Train  Loss: 1.2766e-02

I 06.08/11:09:44 solver.py:224 ] 
=! Best NMSE: -1.3882e+01 (epoch=140)

I 06.08/11:09:45 solver.py:159 ] Epoch: [143/400][20/112] lr: 1.72e-04 | MSE loss: 1.2138e-02 | time: 0.048
I 06.08/11:09:46 solver.py:159 ] Epoch: [143/400][40/112] lr: 1.72e-04 | MSE loss: 1.2014e-02 | time: 0.048
I 06.08/11:09:46 solver.py:159 ] Epoch: [143/400][60/112] lr: 1.72e-04 | MSE loss: 1.1949e-02 | time: 0.046
I 06.08/11:09:47 solver.py:159 ] Epoch: [143/400][80/112] lr: 1.72e-04 | MSE loss: 1.1953e-02 | time: 0.048
I 06.08/11:09:48 solver.py:159 ] Epoch: [143/400][100/112] lr: 1.72e-04 | MSE loss: 1.1914e-02 | time: 0.047
I 06.08/11:09:49 solver.py:169 ] => Train  Loss: 1.1878e-02

I 06.08/11:09:49 solver.py:224 ] 
=! Best NMSE: -1.3882e+01 (epoch=140)

I 06.08/11:09:50 solver.py:159 ] Epoch: [144/400][20/112] lr: 1.72e-04 | MSE loss: 1.1318e-02 | time: 0.047
I 06.08/11:09:51 solver.py:159 ] Epoch: [144/400][40/112] lr: 1.72e-04 | MSE loss: 1.1423e-02 | time: 0.045
I 06.08/11:09:52 solver.py:159 ] Epoch: [144/400][60/112] lr: 1.71e-04 | MSE loss: 1.1447e-02 | time: 0.046
I 06.08/11:09:53 solver.py:159 ] Epoch: [144/400][80/112] lr: 1.71e-04 | MSE loss: 1.1503e-02 | time: 0.048
I 06.08/11:09:54 solver.py:159 ] Epoch: [144/400][100/112] lr: 1.71e-04 | MSE loss: 1.1507e-02 | time: 0.049
I 06.08/11:09:54 solver.py:169 ] => Train  Loss: 1.1506e-02

I 06.08/11:09:54 solver.py:224 ] 
=! Best NMSE: -1.3882e+01 (epoch=140)

I 06.08/11:09:55 solver.py:159 ] Epoch: [145/400][20/112] lr: 1.71e-04 | MSE loss: 1.1390e-02 | time: 0.047
I 06.08/11:09:56 solver.py:159 ] Epoch: [145/400][40/112] lr: 1.71e-04 | MSE loss: 1.1288e-02 | time: 0.048
I 06.08/11:09:57 solver.py:159 ] Epoch: [145/400][60/112] lr: 1.71e-04 | MSE loss: 1.1198e-02 | time: 0.050
I 06.08/11:09:58 solver.py:159 ] Epoch: [145/400][80/112] lr: 1.71e-04 | MSE loss: 1.1276e-02 | time: 0.050
I 06.08/11:09:59 solver.py:159 ] Epoch: [145/400][100/112] lr: 1.71e-04 | MSE loss: 1.1858e-02 | time: 0.049
I 06.08/11:10:00 solver.py:169 ] => Train  Loss: 1.1908e-02

I 06.08/11:10:00 solver.py:224 ] 
=! Best NMSE: -1.3882e+01 (epoch=140)

I 06.08/11:10:01 solver.py:159 ] Epoch: [146/400][20/112] lr: 1.71e-04 | MSE loss: 1.1369e-02 | time: 0.067
I 06.08/11:10:03 solver.py:159 ] Epoch: [146/400][40/112] lr: 1.70e-04 | MSE loss: 1.1190e-02 | time: 0.067
I 06.08/11:10:04 solver.py:159 ] Epoch: [146/400][60/112] lr: 1.70e-04 | MSE loss: 1.1108e-02 | time: 0.070
I 06.08/11:10:06 solver.py:159 ] Epoch: [146/400][80/112] lr: 1.70e-04 | MSE loss: 1.1050e-02 | time: 0.077
I 06.08/11:10:08 solver.py:159 ] Epoch: [146/400][100/112] lr: 1.70e-04 | MSE loss: 1.1101e-02 | time: 0.078
I 06.08/11:10:09 solver.py:169 ] => Train  Loss: 1.1126e-02

I 06.08/11:10:09 solver.py:224 ] 
=! Best NMSE: -1.3882e+01 (epoch=140)

I 06.08/11:10:11 solver.py:159 ] Epoch: [147/400][20/112] lr: 1.70e-04 | MSE loss: 1.2301e-02 | time: 0.079
I 06.08/11:10:12 solver.py:159 ] Epoch: [147/400][40/112] lr: 1.70e-04 | MSE loss: 1.1769e-02 | time: 0.064
I 06.08/11:10:12 solver.py:159 ] Epoch: [147/400][60/112] lr: 1.70e-04 | MSE loss: 1.1464e-02 | time: 0.057
I 06.08/11:10:13 solver.py:159 ] Epoch: [147/400][80/112] lr: 1.70e-04 | MSE loss: 1.1268e-02 | time: 0.055
I 06.08/11:10:14 solver.py:159 ] Epoch: [147/400][100/112] lr: 1.70e-04 | MSE loss: 1.1150e-02 | time: 0.053
I 06.08/11:10:15 solver.py:169 ] => Train  Loss: 1.1093e-02

I 06.08/11:10:15 solver.py:224 ] 
=! Best NMSE: -1.3882e+01 (epoch=140)

I 06.08/11:10:16 solver.py:159 ] Epoch: [148/400][20/112] lr: 1.70e-04 | MSE loss: 1.0446e-02 | time: 0.047
I 06.08/11:10:17 solver.py:159 ] Epoch: [148/400][40/112] lr: 1.69e-04 | MSE loss: 1.0701e-02 | time: 0.047
I 06.08/11:10:18 solver.py:159 ] Epoch: [148/400][60/112] lr: 1.69e-04 | MSE loss: 1.0716e-02 | time: 0.049
I 06.08/11:10:19 solver.py:159 ] Epoch: [148/400][80/112] lr: 1.69e-04 | MSE loss: 1.0760e-02 | time: 0.050
I 06.08/11:10:20 solver.py:159 ] Epoch: [148/400][100/112] lr: 1.69e-04 | MSE loss: 1.0713e-02 | time: 0.050
I 06.08/11:10:20 solver.py:169 ] => Train  Loss: 1.0667e-02

I 06.08/11:10:20 solver.py:224 ] 
=! Best NMSE: -1.3882e+01 (epoch=140)

I 06.08/11:10:21 solver.py:159 ] Epoch: [149/400][20/112] lr: 1.69e-04 | MSE loss: 1.0199e-02 | time: 0.048
I 06.08/11:10:22 solver.py:159 ] Epoch: [149/400][40/112] lr: 1.69e-04 | MSE loss: 1.0232e-02 | time: 0.048
I 06.08/11:10:23 solver.py:159 ] Epoch: [149/400][60/112] lr: 1.69e-04 | MSE loss: 1.0297e-02 | time: 0.047
I 06.08/11:10:24 solver.py:159 ] Epoch: [149/400][80/112] lr: 1.69e-04 | MSE loss: 1.0745e-02 | time: 0.048
I 06.08/11:10:25 solver.py:159 ] Epoch: [149/400][100/112] lr: 1.69e-04 | MSE loss: 1.1482e-02 | time: 0.048
I 06.08/11:10:26 solver.py:169 ] => Train  Loss: 1.1990e-02

I 06.08/11:10:26 solver.py:224 ] 
=! Best NMSE: -1.3882e+01 (epoch=140)

I 06.08/11:10:27 solver.py:159 ] Epoch: [150/400][20/112] lr: 1.68e-04 | MSE loss: 1.6135e-02 | time: 0.050
I 06.08/11:10:28 solver.py:159 ] Epoch: [150/400][40/112] lr: 1.68e-04 | MSE loss: 1.4762e-02 | time: 0.046
I 06.08/11:10:29 solver.py:159 ] Epoch: [150/400][60/112] lr: 1.68e-04 | MSE loss: 1.4025e-02 | time: 0.047
I 06.08/11:10:29 solver.py:159 ] Epoch: [150/400][80/112] lr: 1.68e-04 | MSE loss: 1.3422e-02 | time: 0.046
I 06.08/11:10:30 solver.py:159 ] Epoch: [150/400][100/112] lr: 1.68e-04 | MSE loss: 1.3079e-02 | time: 0.046
I 06.08/11:10:31 solver.py:169 ] => Train  Loss: 1.2918e-02

I 06.08/11:10:31 solver.py:169 ] => Val  Loss: 1.1525e-02

I 06.08/11:10:32 solver.py:413 ] => Test NMSE: -1.4431e+01

I 06.08/11:10:32 solver.py:224 ] 
=! Best NMSE: -1.4431e+01 (epoch=150)

I 06.08/11:10:33 solver.py:159 ] Epoch: [151/400][20/112] lr: 1.68e-04 | MSE loss: 1.1200e-02 | time: 0.043
I 06.08/11:10:34 solver.py:159 ] Epoch: [151/400][40/112] lr: 1.68e-04 | MSE loss: 1.1372e-02 | time: 0.045
I 06.08/11:10:35 solver.py:159 ] Epoch: [151/400][60/112] lr: 1.68e-04 | MSE loss: 1.1615e-02 | time: 0.043
I 06.08/11:10:36 solver.py:159 ] Epoch: [151/400][80/112] lr: 1.68e-04 | MSE loss: 1.1482e-02 | time: 0.043
I 06.08/11:10:37 solver.py:159 ] Epoch: [151/400][100/112] lr: 1.68e-04 | MSE loss: 1.1532e-02 | time: 0.044
I 06.08/11:10:37 solver.py:169 ] => Train  Loss: 1.1505e-02

I 06.08/11:10:37 solver.py:224 ] 
=! Best NMSE: -1.4431e+01 (epoch=150)

I 06.08/11:10:38 solver.py:159 ] Epoch: [152/400][20/112] lr: 1.67e-04 | MSE loss: 1.1500e-02 | time: 0.044
I 06.08/11:10:39 solver.py:159 ] Epoch: [152/400][40/112] lr: 1.67e-04 | MSE loss: 1.1088e-02 | time: 0.049
I 06.08/11:10:40 solver.py:159 ] Epoch: [152/400][60/112] lr: 1.67e-04 | MSE loss: 1.0832e-02 | time: 0.050
I 06.08/11:10:41 solver.py:159 ] Epoch: [152/400][80/112] lr: 1.67e-04 | MSE loss: 1.0722e-02 | time: 0.049
I 06.08/11:10:42 solver.py:159 ] Epoch: [152/400][100/112] lr: 1.67e-04 | MSE loss: 1.0694e-02 | time: 0.049
I 06.08/11:10:43 solver.py:169 ] => Train  Loss: 1.0695e-02

I 06.08/11:10:43 solver.py:224 ] 
=! Best NMSE: -1.4431e+01 (epoch=150)

I 06.08/11:10:44 solver.py:159 ] Epoch: [153/400][20/112] lr: 1.67e-04 | MSE loss: 1.0245e-02 | time: 0.052
I 06.08/11:10:45 solver.py:159 ] Epoch: [153/400][40/112] lr: 1.67e-04 | MSE loss: 1.0181e-02 | time: 0.049
I 06.08/11:10:46 solver.py:159 ] Epoch: [153/400][60/112] lr: 1.67e-04 | MSE loss: 1.0138e-02 | time: 0.050
I 06.08/11:10:47 solver.py:159 ] Epoch: [153/400][80/112] lr: 1.67e-04 | MSE loss: 1.0070e-02 | time: 0.048
I 06.08/11:10:48 solver.py:159 ] Epoch: [153/400][100/112] lr: 1.66e-04 | MSE loss: 1.0006e-02 | time: 0.049
I 06.08/11:10:48 solver.py:169 ] => Train  Loss: 9.9647e-03

I 06.08/11:10:48 solver.py:224 ] 
=! Best NMSE: -1.4431e+01 (epoch=150)

I 06.08/11:10:49 solver.py:159 ] Epoch: [154/400][20/112] lr: 1.66e-04 | MSE loss: 9.7348e-03 | time: 0.043
I 06.08/11:10:50 solver.py:159 ] Epoch: [154/400][40/112] lr: 1.66e-04 | MSE loss: 9.7984e-03 | time: 0.046
I 06.08/11:10:51 solver.py:159 ] Epoch: [154/400][60/112] lr: 1.66e-04 | MSE loss: 9.7867e-03 | time: 0.049
I 06.08/11:10:52 solver.py:159 ] Epoch: [154/400][80/112] lr: 1.66e-04 | MSE loss: 9.8069e-03 | time: 0.049
I 06.08/11:10:53 solver.py:159 ] Epoch: [154/400][100/112] lr: 1.66e-04 | MSE loss: 9.7323e-03 | time: 0.049
I 06.08/11:10:54 solver.py:169 ] => Train  Loss: 9.6892e-03

I 06.08/11:10:54 solver.py:224 ] 
=! Best NMSE: -1.4431e+01 (epoch=150)

I 06.08/11:10:55 solver.py:159 ] Epoch: [155/400][20/112] lr: 1.66e-04 | MSE loss: 9.3462e-03 | time: 0.063
I 06.08/11:10:56 solver.py:159 ] Epoch: [155/400][40/112] lr: 1.66e-04 | MSE loss: 9.3838e-03 | time: 0.061
I 06.08/11:10:57 solver.py:159 ] Epoch: [155/400][60/112] lr: 1.66e-04 | MSE loss: 9.3182e-03 | time: 0.057
I 06.08/11:10:58 solver.py:159 ] Epoch: [155/400][80/112] lr: 1.65e-04 | MSE loss: 9.3447e-03 | time: 0.054
I 06.08/11:10:59 solver.py:159 ] Epoch: [155/400][100/112] lr: 1.65e-04 | MSE loss: 9.3553e-03 | time: 0.053
I 06.08/11:11:00 solver.py:169 ] => Train  Loss: 9.3360e-03

I 06.08/11:11:00 solver.py:224 ] 
=! Best NMSE: -1.4431e+01 (epoch=150)

I 06.08/11:11:01 solver.py:159 ] Epoch: [156/400][20/112] lr: 1.65e-04 | MSE loss: 9.2337e-03 | time: 0.061
I 06.08/11:11:02 solver.py:159 ] Epoch: [156/400][40/112] lr: 1.65e-04 | MSE loss: 9.1315e-03 | time: 0.063
I 06.08/11:11:04 solver.py:159 ] Epoch: [156/400][60/112] lr: 1.65e-04 | MSE loss: 9.1012e-03 | time: 0.066
I 06.08/11:11:06 solver.py:159 ] Epoch: [156/400][80/112] lr: 1.65e-04 | MSE loss: 9.1473e-03 | time: 0.072
I 06.08/11:11:07 solver.py:159 ] Epoch: [156/400][100/112] lr: 1.65e-04 | MSE loss: 9.1319e-03 | time: 0.074
I 06.08/11:11:08 solver.py:169 ] => Train  Loss: 9.1170e-03

I 06.08/11:11:08 solver.py:224 ] 
=! Best NMSE: -1.4431e+01 (epoch=150)

I 06.08/11:11:10 solver.py:159 ] Epoch: [157/400][20/112] lr: 1.65e-04 | MSE loss: 9.3201e-03 | time: 0.085
I 06.08/11:11:11 solver.py:159 ] Epoch: [157/400][40/112] lr: 1.65e-04 | MSE loss: 9.1034e-03 | time: 0.073
I 06.08/11:11:12 solver.py:159 ] Epoch: [157/400][60/112] lr: 1.64e-04 | MSE loss: 8.9909e-03 | time: 0.068
I 06.08/11:11:13 solver.py:159 ] Epoch: [157/400][80/112] lr: 1.64e-04 | MSE loss: 8.9655e-03 | time: 0.063
I 06.08/11:11:14 solver.py:159 ] Epoch: [157/400][100/112] lr: 1.64e-04 | MSE loss: 8.9379e-03 | time: 0.061
I 06.08/11:11:15 solver.py:169 ] => Train  Loss: 8.9289e-03

I 06.08/11:11:15 solver.py:224 ] 
=! Best NMSE: -1.4431e+01 (epoch=150)

I 06.08/11:11:16 solver.py:159 ] Epoch: [158/400][20/112] lr: 1.64e-04 | MSE loss: 9.1676e-03 | time: 0.045
I 06.08/11:11:17 solver.py:159 ] Epoch: [158/400][40/112] lr: 1.64e-04 | MSE loss: 9.2684e-03 | time: 0.048
I 06.08/11:11:18 solver.py:159 ] Epoch: [158/400][60/112] lr: 1.64e-04 | MSE loss: 9.2453e-03 | time: 0.049
I 06.08/11:11:19 solver.py:159 ] Epoch: [158/400][80/112] lr: 1.64e-04 | MSE loss: 9.1379e-03 | time: 0.048
I 06.08/11:11:20 solver.py:159 ] Epoch: [158/400][100/112] lr: 1.64e-04 | MSE loss: 9.0817e-03 | time: 0.048
I 06.08/11:11:20 solver.py:169 ] => Train  Loss: 9.0365e-03

I 06.08/11:11:20 solver.py:224 ] 
=! Best NMSE: -1.4431e+01 (epoch=150)

I 06.08/11:11:21 solver.py:159 ] Epoch: [159/400][20/112] lr: 1.64e-04 | MSE loss: 8.7598e-03 | time: 0.047
I 06.08/11:11:22 solver.py:159 ] Epoch: [159/400][40/112] lr: 1.63e-04 | MSE loss: 8.8412e-03 | time: 0.050
I 06.08/11:11:23 solver.py:159 ] Epoch: [159/400][60/112] lr: 1.63e-04 | MSE loss: 8.7715e-03 | time: 0.048
I 06.08/11:11:24 solver.py:159 ] Epoch: [159/400][80/112] lr: 1.63e-04 | MSE loss: 8.7097e-03 | time: 0.048
I 06.08/11:11:25 solver.py:159 ] Epoch: [159/400][100/112] lr: 1.63e-04 | MSE loss: 8.6970e-03 | time: 0.047
I 06.08/11:11:26 solver.py:169 ] => Train  Loss: 8.7951e-03

I 06.08/11:11:26 solver.py:224 ] 
=! Best NMSE: -1.4431e+01 (epoch=150)

I 06.08/11:11:27 solver.py:159 ] Epoch: [160/400][20/112] lr: 1.63e-04 | MSE loss: 9.4871e-03 | time: 0.053
I 06.08/11:11:28 solver.py:159 ] Epoch: [160/400][40/112] lr: 1.63e-04 | MSE loss: 9.2103e-03 | time: 0.049
I 06.08/11:11:29 solver.py:159 ] Epoch: [160/400][60/112] lr: 1.63e-04 | MSE loss: 9.0163e-03 | time: 0.050
I 06.08/11:11:30 solver.py:159 ] Epoch: [160/400][80/112] lr: 1.63e-04 | MSE loss: 8.8685e-03 | time: 0.049
I 06.08/11:11:31 solver.py:159 ] Epoch: [160/400][100/112] lr: 1.63e-04 | MSE loss: 8.7763e-03 | time: 0.048
I 06.08/11:11:31 solver.py:169 ] => Train  Loss: 8.7238e-03

I 06.08/11:11:32 solver.py:169 ] => Val  Loss: 8.5054e-03

I 06.08/11:11:32 solver.py:413 ] => Test NMSE: -1.5783e+01

I 06.08/11:11:33 solver.py:224 ] 
=! Best NMSE: -1.5783e+01 (epoch=160)

I 06.08/11:11:34 solver.py:159 ] Epoch: [161/400][20/112] lr: 1.62e-04 | MSE loss: 8.4541e-03 | time: 0.053
I 06.08/11:11:35 solver.py:159 ] Epoch: [161/400][40/112] lr: 1.62e-04 | MSE loss: 8.3774e-03 | time: 0.049
I 06.08/11:11:36 solver.py:159 ] Epoch: [161/400][60/112] lr: 1.62e-04 | MSE loss: 8.3860e-03 | time: 0.049
I 06.08/11:11:36 solver.py:159 ] Epoch: [161/400][80/112] lr: 1.62e-04 | MSE loss: 8.3250e-03 | time: 0.048
I 06.08/11:11:37 solver.py:159 ] Epoch: [161/400][100/112] lr: 1.62e-04 | MSE loss: 8.2890e-03 | time: 0.048
I 06.08/11:11:38 solver.py:169 ] => Train  Loss: 8.2821e-03

I 06.08/11:11:38 solver.py:224 ] 
=! Best NMSE: -1.5783e+01 (epoch=160)

I 06.08/11:11:39 solver.py:159 ] Epoch: [162/400][20/112] lr: 1.62e-04 | MSE loss: 8.3681e-03 | time: 0.046
I 06.08/11:11:40 solver.py:159 ] Epoch: [162/400][40/112] lr: 1.62e-04 | MSE loss: 8.2413e-03 | time: 0.045
I 06.08/11:11:41 solver.py:159 ] Epoch: [162/400][60/112] lr: 1.62e-04 | MSE loss: 8.2641e-03 | time: 0.047
I 06.08/11:11:42 solver.py:159 ] Epoch: [162/400][80/112] lr: 1.62e-04 | MSE loss: 8.2410e-03 | time: 0.048
I 06.08/11:11:43 solver.py:159 ] Epoch: [162/400][100/112] lr: 1.61e-04 | MSE loss: 8.2074e-03 | time: 0.047
I 06.08/11:11:43 solver.py:169 ] => Train  Loss: 8.1929e-03

I 06.08/11:11:43 solver.py:224 ] 
=! Best NMSE: -1.5783e+01 (epoch=160)

I 06.08/11:11:44 solver.py:159 ] Epoch: [163/400][20/112] lr: 1.61e-04 | MSE loss: 7.9642e-03 | time: 0.046
I 06.08/11:11:45 solver.py:159 ] Epoch: [163/400][40/112] lr: 1.61e-04 | MSE loss: 7.9609e-03 | time: 0.048
I 06.08/11:11:46 solver.py:159 ] Epoch: [163/400][60/112] lr: 1.61e-04 | MSE loss: 7.9528e-03 | time: 0.048
I 06.08/11:11:47 solver.py:159 ] Epoch: [163/400][80/112] lr: 1.61e-04 | MSE loss: 7.9813e-03 | time: 0.049
I 06.08/11:11:48 solver.py:159 ] Epoch: [163/400][100/112] lr: 1.61e-04 | MSE loss: 7.9671e-03 | time: 0.048
I 06.08/11:11:49 solver.py:169 ] => Train  Loss: 7.9650e-03

I 06.08/11:11:49 solver.py:224 ] 
=! Best NMSE: -1.5783e+01 (epoch=160)

I 06.08/11:11:50 solver.py:159 ] Epoch: [164/400][20/112] lr: 1.61e-04 | MSE loss: 7.8806e-03 | time: 0.041
I 06.08/11:11:51 solver.py:159 ] Epoch: [164/400][40/112] lr: 1.61e-04 | MSE loss: 7.9186e-03 | time: 0.044
I 06.08/11:11:51 solver.py:159 ] Epoch: [164/400][60/112] lr: 1.60e-04 | MSE loss: 7.8847e-03 | time: 0.045
I 06.08/11:11:52 solver.py:159 ] Epoch: [164/400][80/112] lr: 1.60e-04 | MSE loss: 7.8816e-03 | time: 0.045
I 06.08/11:11:53 solver.py:159 ] Epoch: [164/400][100/112] lr: 1.60e-04 | MSE loss: 7.8606e-03 | time: 0.046
I 06.08/11:11:54 solver.py:169 ] => Train  Loss: 7.8523e-03

I 06.08/11:11:54 solver.py:224 ] 
=! Best NMSE: -1.5783e+01 (epoch=160)

I 06.08/11:11:55 solver.py:159 ] Epoch: [165/400][20/112] lr: 1.60e-04 | MSE loss: 7.8438e-03 | time: 0.044
I 06.08/11:11:56 solver.py:159 ] Epoch: [165/400][40/112] lr: 1.60e-04 | MSE loss: 7.7682e-03 | time: 0.045
I 06.08/11:11:57 solver.py:159 ] Epoch: [165/400][60/112] lr: 1.60e-04 | MSE loss: 7.7209e-03 | time: 0.045
I 06.08/11:11:58 solver.py:159 ] Epoch: [165/400][80/112] lr: 1.60e-04 | MSE loss: 7.7193e-03 | time: 0.045
I 06.08/11:11:58 solver.py:159 ] Epoch: [165/400][100/112] lr: 1.60e-04 | MSE loss: 7.7271e-03 | time: 0.044
I 06.08/11:11:59 solver.py:169 ] => Train  Loss: 7.7312e-03

I 06.08/11:11:59 solver.py:224 ] 
=! Best NMSE: -1.5783e+01 (epoch=160)

I 06.08/11:12:00 solver.py:159 ] Epoch: [166/400][20/112] lr: 1.60e-04 | MSE loss: 7.8842e-03 | time: 0.050
I 06.08/11:12:01 solver.py:159 ] Epoch: [166/400][40/112] lr: 1.59e-04 | MSE loss: 7.8412e-03 | time: 0.058
I 06.08/11:12:03 solver.py:159 ] Epoch: [166/400][60/112] lr: 1.59e-04 | MSE loss: 7.9356e-03 | time: 0.064
I 06.08/11:12:04 solver.py:159 ] Epoch: [166/400][80/112] lr: 1.59e-04 | MSE loss: 9.5136e-03 | time: 0.067
I 06.08/11:12:06 solver.py:159 ] Epoch: [166/400][100/112] lr: 1.59e-04 | MSE loss: 1.0304e-02 | time: 0.072
I 06.08/11:12:07 solver.py:169 ] => Train  Loss: 1.0543e-02

I 06.08/11:12:07 solver.py:224 ] 
=! Best NMSE: -1.5783e+01 (epoch=160)

I 06.08/11:12:09 solver.py:159 ] Epoch: [167/400][20/112] lr: 1.59e-04 | MSE loss: 1.0973e-02 | time: 0.086
I 06.08/11:12:11 solver.py:159 ] Epoch: [167/400][40/112] lr: 1.59e-04 | MSE loss: 1.0561e-02 | time: 0.079
I 06.08/11:12:12 solver.py:159 ] Epoch: [167/400][60/112] lr: 1.59e-04 | MSE loss: 1.0147e-02 | time: 0.070
I 06.08/11:12:13 solver.py:159 ] Epoch: [167/400][80/112] lr: 1.59e-04 | MSE loss: 9.7755e-03 | time: 0.066
I 06.08/11:12:14 solver.py:159 ] Epoch: [167/400][100/112] lr: 1.59e-04 | MSE loss: 9.5883e-03 | time: 0.062
I 06.08/11:12:14 solver.py:169 ] => Train  Loss: 9.4905e-03

I 06.08/11:12:14 solver.py:224 ] 
=! Best NMSE: -1.5783e+01 (epoch=160)

I 06.08/11:12:15 solver.py:159 ] Epoch: [168/400][20/112] lr: 1.58e-04 | MSE loss: 8.3758e-03 | time: 0.051
I 06.08/11:12:16 solver.py:159 ] Epoch: [168/400][40/112] lr: 1.58e-04 | MSE loss: 8.2388e-03 | time: 0.048
I 06.08/11:12:17 solver.py:159 ] Epoch: [168/400][60/112] lr: 1.58e-04 | MSE loss: 8.3119e-03 | time: 0.048
I 06.08/11:12:18 solver.py:159 ] Epoch: [168/400][80/112] lr: 1.58e-04 | MSE loss: 8.3855e-03 | time: 0.049
I 06.08/11:12:19 solver.py:159 ] Epoch: [168/400][100/112] lr: 1.58e-04 | MSE loss: 8.8077e-03 | time: 0.049
I 06.08/11:12:20 solver.py:169 ] => Train  Loss: 9.1454e-03

I 06.08/11:12:20 solver.py:224 ] 
=! Best NMSE: -1.5783e+01 (epoch=160)

I 06.08/11:12:21 solver.py:159 ] Epoch: [169/400][20/112] lr: 1.58e-04 | MSE loss: 1.1080e-02 | time: 0.053
I 06.08/11:12:22 solver.py:159 ] Epoch: [169/400][40/112] lr: 1.58e-04 | MSE loss: 1.0615e-02 | time: 0.049
I 06.08/11:12:23 solver.py:159 ] Epoch: [169/400][60/112] lr: 1.58e-04 | MSE loss: 1.0213e-02 | time: 0.052
I 06.08/11:12:24 solver.py:159 ] Epoch: [169/400][80/112] lr: 1.57e-04 | MSE loss: 9.9562e-03 | time: 0.051
I 06.08/11:12:25 solver.py:159 ] Epoch: [169/400][100/112] lr: 1.57e-04 | MSE loss: 9.7696e-03 | time: 0.050
I 06.08/11:12:25 solver.py:169 ] => Train  Loss: 9.6552e-03

I 06.08/11:12:26 solver.py:224 ] 
=! Best NMSE: -1.5783e+01 (epoch=160)

I 06.08/11:12:27 solver.py:159 ] Epoch: [170/400][20/112] lr: 1.57e-04 | MSE loss: 8.4456e-03 | time: 0.054
I 06.08/11:12:27 solver.py:159 ] Epoch: [170/400][40/112] lr: 1.57e-04 | MSE loss: 8.4291e-03 | time: 0.049
I 06.08/11:12:29 solver.py:159 ] Epoch: [170/400][60/112] lr: 1.57e-04 | MSE loss: 8.3853e-03 | time: 0.052
I 06.08/11:12:30 solver.py:159 ] Epoch: [170/400][80/112] lr: 1.57e-04 | MSE loss: 8.3775e-03 | time: 0.051
I 06.08/11:12:31 solver.py:159 ] Epoch: [170/400][100/112] lr: 1.57e-04 | MSE loss: 8.3694e-03 | time: 0.050
I 06.08/11:12:31 solver.py:169 ] => Train  Loss: 8.4044e-03

I 06.08/11:12:32 solver.py:169 ] => Val  Loss: 9.4181e-03

I 06.08/11:12:32 solver.py:413 ] => Test NMSE: -1.5204e+01

I 06.08/11:12:32 solver.py:224 ] 
=! Best NMSE: -1.5783e+01 (epoch=160)

I 06.08/11:12:33 solver.py:159 ] Epoch: [171/400][20/112] lr: 1.57e-04 | MSE loss: 1.1543e-02 | time: 0.053
I 06.08/11:12:34 solver.py:159 ] Epoch: [171/400][40/112] lr: 1.56e-04 | MSE loss: 1.2026e-02 | time: 0.051
I 06.08/11:12:35 solver.py:159 ] Epoch: [171/400][60/112] lr: 1.56e-04 | MSE loss: 1.1653e-02 | time: 0.051
I 06.08/11:12:36 solver.py:159 ] Epoch: [171/400][80/112] lr: 1.56e-04 | MSE loss: 1.1276e-02 | time: 0.050
I 06.08/11:12:37 solver.py:159 ] Epoch: [171/400][100/112] lr: 1.56e-04 | MSE loss: 1.1308e-02 | time: 0.049
I 06.08/11:12:37 solver.py:169 ] => Train  Loss: 1.2090e-02

I 06.08/11:12:37 solver.py:224 ] 
=! Best NMSE: -1.5783e+01 (epoch=160)

I 06.08/11:12:38 solver.py:159 ] Epoch: [172/400][20/112] lr: 1.56e-04 | MSE loss: 1.6355e-02 | time: 0.049
I 06.08/11:12:40 solver.py:159 ] Epoch: [172/400][40/112] lr: 1.56e-04 | MSE loss: 1.5490e-02 | time: 0.056
I 06.08/11:12:41 solver.py:159 ] Epoch: [172/400][60/112] lr: 1.56e-04 | MSE loss: 1.4406e-02 | time: 0.055
I 06.08/11:12:42 solver.py:159 ] Epoch: [172/400][80/112] lr: 1.56e-04 | MSE loss: 1.3765e-02 | time: 0.053
I 06.08/11:12:43 solver.py:159 ] Epoch: [172/400][100/112] lr: 1.56e-04 | MSE loss: 1.3219e-02 | time: 0.052
I 06.08/11:12:43 solver.py:169 ] => Train  Loss: 1.2926e-02

I 06.08/11:12:43 solver.py:224 ] 
=! Best NMSE: -1.5783e+01 (epoch=160)

I 06.08/11:12:44 solver.py:159 ] Epoch: [173/400][20/112] lr: 1.55e-04 | MSE loss: 1.1322e-02 | time: 0.052
I 06.08/11:12:45 solver.py:159 ] Epoch: [173/400][40/112] lr: 1.55e-04 | MSE loss: 1.0989e-02 | time: 0.050
I 06.08/11:12:46 solver.py:159 ] Epoch: [173/400][60/112] lr: 1.55e-04 | MSE loss: 1.0793e-02 | time: 0.048
I 06.08/11:12:47 solver.py:159 ] Epoch: [173/400][80/112] lr: 1.55e-04 | MSE loss: 1.1039e-02 | time: 0.048
I 06.08/11:12:48 solver.py:159 ] Epoch: [173/400][100/112] lr: 1.55e-04 | MSE loss: 1.1036e-02 | time: 0.047
I 06.08/11:12:49 solver.py:169 ] => Train  Loss: 1.0960e-02

I 06.08/11:12:49 solver.py:224 ] 
=! Best NMSE: -1.5783e+01 (epoch=160)

I 06.08/11:12:50 solver.py:159 ] Epoch: [174/400][20/112] lr: 1.55e-04 | MSE loss: 1.6229e-02 | time: 0.051
I 06.08/11:12:51 solver.py:159 ] Epoch: [174/400][40/112] lr: 1.55e-04 | MSE loss: 1.4433e-02 | time: 0.047
I 06.08/11:12:51 solver.py:159 ] Epoch: [174/400][60/112] lr: 1.55e-04 | MSE loss: 1.3533e-02 | time: 0.046
I 06.08/11:12:52 solver.py:159 ] Epoch: [174/400][80/112] lr: 1.54e-04 | MSE loss: 1.2800e-02 | time: 0.046
I 06.08/11:12:53 solver.py:159 ] Epoch: [174/400][100/112] lr: 1.54e-04 | MSE loss: 1.2238e-02 | time: 0.047
I 06.08/11:12:54 solver.py:169 ] => Train  Loss: 1.1985e-02

I 06.08/11:12:54 solver.py:224 ] 
=! Best NMSE: -1.5783e+01 (epoch=160)

I 06.08/11:12:55 solver.py:159 ] Epoch: [175/400][20/112] lr: 1.54e-04 | MSE loss: 9.5370e-03 | time: 0.056
I 06.08/11:12:56 solver.py:159 ] Epoch: [175/400][40/112] lr: 1.54e-04 | MSE loss: 9.2568e-03 | time: 0.051
I 06.08/11:12:57 solver.py:159 ] Epoch: [175/400][60/112] lr: 1.54e-04 | MSE loss: 9.2159e-03 | time: 0.051
I 06.08/11:12:58 solver.py:159 ] Epoch: [175/400][80/112] lr: 1.54e-04 | MSE loss: 9.3903e-03 | time: 0.050
I 06.08/11:12:59 solver.py:159 ] Epoch: [175/400][100/112] lr: 1.54e-04 | MSE loss: 9.3706e-03 | time: 0.051
I 06.08/11:13:00 solver.py:169 ] => Train  Loss: 9.3328e-03

I 06.08/11:13:00 solver.py:224 ] 
=! Best NMSE: -1.5783e+01 (epoch=160)

I 06.08/11:13:01 solver.py:159 ] Epoch: [176/400][20/112] lr: 1.54e-04 | MSE loss: 8.7165e-03 | time: 0.065
I 06.08/11:13:03 solver.py:159 ] Epoch: [176/400][40/112] lr: 1.53e-04 | MSE loss: 8.6296e-03 | time: 0.068
I 06.08/11:13:04 solver.py:159 ] Epoch: [176/400][60/112] lr: 1.53e-04 | MSE loss: 8.5585e-03 | time: 0.072
I 06.08/11:13:06 solver.py:159 ] Epoch: [176/400][80/112] lr: 1.53e-04 | MSE loss: 8.5644e-03 | time: 0.077
I 06.08/11:13:08 solver.py:159 ] Epoch: [176/400][100/112] lr: 1.53e-04 | MSE loss: 8.5399e-03 | time: 0.079
I 06.08/11:13:09 solver.py:169 ] => Train  Loss: 8.5196e-03

I 06.08/11:13:09 solver.py:224 ] 
=! Best NMSE: -1.5783e+01 (epoch=160)

I 06.08/11:13:10 solver.py:159 ] Epoch: [177/400][20/112] lr: 1.53e-04 | MSE loss: 8.5868e-03 | time: 0.077
I 06.08/11:13:12 solver.py:159 ] Epoch: [177/400][40/112] lr: 1.53e-04 | MSE loss: 8.8016e-03 | time: 0.066
I 06.08/11:13:13 solver.py:159 ] Epoch: [177/400][60/112] lr: 1.53e-04 | MSE loss: 8.7517e-03 | time: 0.067
I 06.08/11:13:14 solver.py:159 ] Epoch: [177/400][80/112] lr: 1.53e-04 | MSE loss: 8.6182e-03 | time: 0.063
I 06.08/11:13:15 solver.py:159 ] Epoch: [177/400][100/112] lr: 1.53e-04 | MSE loss: 8.5721e-03 | time: 0.061
I 06.08/11:13:15 solver.py:169 ] => Train  Loss: 8.5448e-03

I 06.08/11:13:16 solver.py:224 ] 
=! Best NMSE: -1.5783e+01 (epoch=160)

I 06.08/11:13:16 solver.py:159 ] Epoch: [178/400][20/112] lr: 1.52e-04 | MSE loss: 8.4601e-03 | time: 0.046
I 06.08/11:13:17 solver.py:159 ] Epoch: [178/400][40/112] lr: 1.52e-04 | MSE loss: 8.3075e-03 | time: 0.045
I 06.08/11:13:19 solver.py:159 ] Epoch: [178/400][60/112] lr: 1.52e-04 | MSE loss: 8.3083e-03 | time: 0.050
I 06.08/11:13:20 solver.py:159 ] Epoch: [178/400][80/112] lr: 1.52e-04 | MSE loss: 8.3681e-03 | time: 0.051
I 06.08/11:13:21 solver.py:159 ] Epoch: [178/400][100/112] lr: 1.52e-04 | MSE loss: 8.9020e-03 | time: 0.050
I 06.08/11:13:21 solver.py:169 ] => Train  Loss: 9.5790e-03

I 06.08/11:13:21 solver.py:224 ] 
=! Best NMSE: -1.5783e+01 (epoch=160)

I 06.08/11:13:22 solver.py:159 ] Epoch: [179/400][20/112] lr: 1.52e-04 | MSE loss: 1.0655e-02 | time: 0.049
I 06.08/11:13:23 solver.py:159 ] Epoch: [179/400][40/112] lr: 1.52e-04 | MSE loss: 9.8051e-03 | time: 0.050
I 06.08/11:13:24 solver.py:159 ] Epoch: [179/400][60/112] lr: 1.52e-04 | MSE loss: 9.7204e-03 | time: 0.049
I 06.08/11:13:25 solver.py:159 ] Epoch: [179/400][80/112] lr: 1.51e-04 | MSE loss: 9.4866e-03 | time: 0.049
I 06.08/11:13:26 solver.py:159 ] Epoch: [179/400][100/112] lr: 1.51e-04 | MSE loss: 9.2636e-03 | time: 0.048
I 06.08/11:13:27 solver.py:169 ] => Train  Loss: 9.1793e-03

I 06.08/11:13:27 solver.py:224 ] 
=! Best NMSE: -1.5783e+01 (epoch=160)

I 06.08/11:13:28 solver.py:159 ] Epoch: [180/400][20/112] lr: 1.51e-04 | MSE loss: 8.3878e-03 | time: 0.052
I 06.08/11:13:29 solver.py:159 ] Epoch: [180/400][40/112] lr: 1.51e-04 | MSE loss: 8.1766e-03 | time: 0.051
I 06.08/11:13:30 solver.py:159 ] Epoch: [180/400][60/112] lr: 1.51e-04 | MSE loss: 8.1293e-03 | time: 0.050
I 06.08/11:13:31 solver.py:159 ] Epoch: [180/400][80/112] lr: 1.51e-04 | MSE loss: 8.0867e-03 | time: 0.050
I 06.08/11:13:32 solver.py:159 ] Epoch: [180/400][100/112] lr: 1.51e-04 | MSE loss: 8.0606e-03 | time: 0.049
I 06.08/11:13:32 solver.py:169 ] => Train  Loss: 8.0419e-03

I 06.08/11:13:33 solver.py:169 ] => Val  Loss: 8.0200e-03

I 06.08/11:13:33 solver.py:413 ] => Test NMSE: -1.5743e+01

I 06.08/11:13:33 solver.py:224 ] 
=! Best NMSE: -1.5783e+01 (epoch=160)

I 06.08/11:13:34 solver.py:159 ] Epoch: [181/400][20/112] lr: 1.51e-04 | MSE loss: 7.9433e-03 | time: 0.050
I 06.08/11:13:35 solver.py:159 ] Epoch: [181/400][40/112] lr: 1.50e-04 | MSE loss: 7.9129e-03 | time: 0.053
I 06.08/11:13:36 solver.py:159 ] Epoch: [181/400][60/112] lr: 1.50e-04 | MSE loss: 7.9396e-03 | time: 0.050
I 06.08/11:13:37 solver.py:159 ] Epoch: [181/400][80/112] lr: 1.50e-04 | MSE loss: 9.2681e-03 | time: 0.049
I 06.08/11:13:38 solver.py:159 ] Epoch: [181/400][100/112] lr: 1.50e-04 | MSE loss: 1.0080e-02 | time: 0.048
I 06.08/11:13:38 solver.py:169 ] => Train  Loss: 1.0432e-02

I 06.08/11:13:38 solver.py:224 ] 
=! Best NMSE: -1.5783e+01 (epoch=160)

I 06.08/11:13:39 solver.py:159 ] Epoch: [182/400][20/112] lr: 1.50e-04 | MSE loss: 1.7316e-02 | time: 0.046
I 06.08/11:13:40 solver.py:159 ] Epoch: [182/400][40/112] lr: 1.50e-04 | MSE loss: 1.4961e-02 | time: 0.046
I 06.08/11:13:41 solver.py:159 ] Epoch: [182/400][60/112] lr: 1.50e-04 | MSE loss: 1.3543e-02 | time: 0.045
I 06.08/11:13:42 solver.py:159 ] Epoch: [182/400][80/112] lr: 1.50e-04 | MSE loss: 1.2602e-02 | time: 0.045
I 06.08/11:13:43 solver.py:159 ] Epoch: [182/400][100/112] lr: 1.49e-04 | MSE loss: 1.1954e-02 | time: 0.045
I 06.08/11:13:44 solver.py:169 ] => Train  Loss: 1.1661e-02

I 06.08/11:13:44 solver.py:224 ] 
=! Best NMSE: -1.5783e+01 (epoch=160)

I 06.08/11:13:45 solver.py:159 ] Epoch: [183/400][20/112] lr: 1.49e-04 | MSE loss: 9.0530e-03 | time: 0.044
I 06.08/11:13:46 solver.py:159 ] Epoch: [183/400][40/112] lr: 1.49e-04 | MSE loss: 9.0455e-03 | time: 0.046
I 06.08/11:13:46 solver.py:159 ] Epoch: [183/400][60/112] lr: 1.49e-04 | MSE loss: 9.0978e-03 | time: 0.046
I 06.08/11:13:47 solver.py:159 ] Epoch: [183/400][80/112] lr: 1.49e-04 | MSE loss: 9.0644e-03 | time: 0.048
I 06.08/11:13:48 solver.py:159 ] Epoch: [183/400][100/112] lr: 1.49e-04 | MSE loss: 9.0158e-03 | time: 0.048
I 06.08/11:13:49 solver.py:169 ] => Train  Loss: 8.9775e-03

I 06.08/11:13:49 solver.py:224 ] 
=! Best NMSE: -1.5783e+01 (epoch=160)

I 06.08/11:13:50 solver.py:159 ] Epoch: [184/400][20/112] lr: 1.49e-04 | MSE loss: 8.8431e-03 | time: 0.049
I 06.08/11:13:51 solver.py:159 ] Epoch: [184/400][40/112] lr: 1.49e-04 | MSE loss: 8.6503e-03 | time: 0.048
I 06.08/11:13:52 solver.py:159 ] Epoch: [184/400][60/112] lr: 1.48e-04 | MSE loss: 8.5672e-03 | time: 0.050
I 06.08/11:13:53 solver.py:159 ] Epoch: [184/400][80/112] lr: 1.48e-04 | MSE loss: 8.5278e-03 | time: 0.049
I 06.08/11:13:54 solver.py:159 ] Epoch: [184/400][100/112] lr: 1.48e-04 | MSE loss: 8.5092e-03 | time: 0.049
I 06.08/11:13:55 solver.py:169 ] => Train  Loss: 8.4754e-03

I 06.08/11:13:55 solver.py:224 ] 
=! Best NMSE: -1.5783e+01 (epoch=160)

I 06.08/11:13:56 solver.py:159 ] Epoch: [185/400][20/112] lr: 1.48e-04 | MSE loss: 8.1344e-03 | time: 0.053
I 06.08/11:13:57 solver.py:159 ] Epoch: [185/400][40/112] lr: 1.48e-04 | MSE loss: 8.1174e-03 | time: 0.053
I 06.08/11:13:58 solver.py:159 ] Epoch: [185/400][60/112] lr: 1.48e-04 | MSE loss: 8.1473e-03 | time: 0.053
I 06.08/11:13:59 solver.py:159 ] Epoch: [185/400][80/112] lr: 1.48e-04 | MSE loss: 8.2060e-03 | time: 0.051
I 06.08/11:14:00 solver.py:159 ] Epoch: [185/400][100/112] lr: 1.48e-04 | MSE loss: 8.2881e-03 | time: 0.051
I 06.08/11:14:01 solver.py:169 ] => Train  Loss: 8.3061e-03

I 06.08/11:14:01 solver.py:224 ] 
=! Best NMSE: -1.5783e+01 (epoch=160)

I 06.08/11:14:02 solver.py:159 ] Epoch: [186/400][20/112] lr: 1.47e-04 | MSE loss: 8.1277e-03 | time: 0.068
I 06.08/11:14:04 solver.py:159 ] Epoch: [186/400][40/112] lr: 1.47e-04 | MSE loss: 8.1286e-03 | time: 0.073
I 06.08/11:14:05 solver.py:159 ] Epoch: [186/400][60/112] lr: 1.47e-04 | MSE loss: 8.0706e-03 | time: 0.080
I 06.08/11:14:07 solver.py:159 ] Epoch: [186/400][80/112] lr: 1.47e-04 | MSE loss: 8.0472e-03 | time: 0.082
I 06.08/11:14:09 solver.py:159 ] Epoch: [186/400][100/112] lr: 1.47e-04 | MSE loss: 8.0105e-03 | time: 0.083
I 06.08/11:14:10 solver.py:169 ] => Train  Loss: 8.0413e-03

I 06.08/11:14:10 solver.py:224 ] 
=! Best NMSE: -1.5783e+01 (epoch=160)

I 06.08/11:14:11 solver.py:159 ] Epoch: [187/400][20/112] lr: 1.47e-04 | MSE loss: 8.3886e-03 | time: 0.066
I 06.08/11:14:12 solver.py:159 ] Epoch: [187/400][40/112] lr: 1.47e-04 | MSE loss: 8.2759e-03 | time: 0.057
I 06.08/11:14:13 solver.py:159 ] Epoch: [187/400][60/112] lr: 1.47e-04 | MSE loss: 8.2662e-03 | time: 0.056
I 06.08/11:14:14 solver.py:159 ] Epoch: [187/400][80/112] lr: 1.46e-04 | MSE loss: 8.2853e-03 | time: 0.056
I 06.08/11:14:15 solver.py:159 ] Epoch: [187/400][100/112] lr: 1.46e-04 | MSE loss: 8.2384e-03 | time: 0.054
I 06.08/11:14:16 solver.py:169 ] => Train  Loss: 8.2210e-03

I 06.08/11:14:16 solver.py:224 ] 
=! Best NMSE: -1.5783e+01 (epoch=160)

I 06.08/11:14:17 solver.py:159 ] Epoch: [188/400][20/112] lr: 1.46e-04 | MSE loss: 7.6930e-03 | time: 0.044
I 06.08/11:14:18 solver.py:159 ] Epoch: [188/400][40/112] lr: 1.46e-04 | MSE loss: 7.6643e-03 | time: 0.045
I 06.08/11:14:19 solver.py:159 ] Epoch: [188/400][60/112] lr: 1.46e-04 | MSE loss: 7.8156e-03 | time: 0.047
I 06.08/11:14:20 solver.py:159 ] Epoch: [188/400][80/112] lr: 1.46e-04 | MSE loss: 7.7489e-03 | time: 0.047
I 06.08/11:14:21 solver.py:159 ] Epoch: [188/400][100/112] lr: 1.46e-04 | MSE loss: 7.6611e-03 | time: 0.047
I 06.08/11:14:21 solver.py:169 ] => Train  Loss: 7.6385e-03

I 06.08/11:14:21 solver.py:224 ] 
=! Best NMSE: -1.5783e+01 (epoch=160)

I 06.08/11:14:22 solver.py:159 ] Epoch: [189/400][20/112] lr: 1.46e-04 | MSE loss: 7.3114e-03 | time: 0.052
I 06.08/11:14:23 solver.py:159 ] Epoch: [189/400][40/112] lr: 1.45e-04 | MSE loss: 7.3071e-03 | time: 0.050
I 06.08/11:14:24 solver.py:159 ] Epoch: [189/400][60/112] lr: 1.45e-04 | MSE loss: 7.3063e-03 | time: 0.049
I 06.08/11:14:25 solver.py:159 ] Epoch: [189/400][80/112] lr: 1.45e-04 | MSE loss: 7.3380e-03 | time: 0.048
I 06.08/11:14:26 solver.py:159 ] Epoch: [189/400][100/112] lr: 1.45e-04 | MSE loss: 7.3518e-03 | time: 0.048
I 06.08/11:14:27 solver.py:169 ] => Train  Loss: 7.3476e-03

I 06.08/11:14:27 solver.py:224 ] 
=! Best NMSE: -1.5783e+01 (epoch=160)

I 06.08/11:14:27 solver.py:159 ] Epoch: [190/400][20/112] lr: 1.45e-04 | MSE loss: 7.1639e-03 | time: 0.045
I 06.08/11:14:28 solver.py:159 ] Epoch: [190/400][40/112] lr: 1.45e-04 | MSE loss: 7.2201e-03 | time: 0.048
I 06.08/11:14:29 solver.py:159 ] Epoch: [190/400][60/112] lr: 1.45e-04 | MSE loss: 7.1998e-03 | time: 0.049
I 06.08/11:14:30 solver.py:159 ] Epoch: [190/400][80/112] lr: 1.45e-04 | MSE loss: 7.1822e-03 | time: 0.049
I 06.08/11:14:31 solver.py:159 ] Epoch: [190/400][100/112] lr: 1.44e-04 | MSE loss: 7.2085e-03 | time: 0.047
I 06.08/11:14:32 solver.py:169 ] => Train  Loss: 7.2463e-03

I 06.08/11:14:32 solver.py:169 ] => Val  Loss: 7.5819e-03

I 06.08/11:14:33 solver.py:413 ] => Test NMSE: -1.5950e+01

I 06.08/11:14:33 solver.py:224 ] 
=! Best NMSE: -1.5950e+01 (epoch=190)

I 06.08/11:14:34 solver.py:159 ] Epoch: [191/400][20/112] lr: 1.44e-04 | MSE loss: 7.5732e-03 | time: 0.052
I 06.08/11:14:35 solver.py:159 ] Epoch: [191/400][40/112] lr: 1.44e-04 | MSE loss: 7.5320e-03 | time: 0.052
I 06.08/11:14:36 solver.py:159 ] Epoch: [191/400][60/112] lr: 1.44e-04 | MSE loss: 7.4781e-03 | time: 0.051
I 06.08/11:14:37 solver.py:159 ] Epoch: [191/400][80/112] lr: 1.44e-04 | MSE loss: 7.4446e-03 | time: 0.050
I 06.08/11:14:38 solver.py:159 ] Epoch: [191/400][100/112] lr: 1.44e-04 | MSE loss: 7.3841e-03 | time: 0.051
I 06.08/11:14:39 solver.py:169 ] => Train  Loss: 7.3558e-03

I 06.08/11:14:39 solver.py:224 ] 
=! Best NMSE: -1.5950e+01 (epoch=190)

I 06.08/11:14:40 solver.py:159 ] Epoch: [192/400][20/112] lr: 1.44e-04 | MSE loss: 7.1468e-03 | time: 0.057
I 06.08/11:14:41 solver.py:159 ] Epoch: [192/400][40/112] lr: 1.44e-04 | MSE loss: 7.1461e-03 | time: 0.056
I 06.08/11:14:42 solver.py:159 ] Epoch: [192/400][60/112] lr: 1.43e-04 | MSE loss: 7.1012e-03 | time: 0.052
I 06.08/11:14:43 solver.py:159 ] Epoch: [192/400][80/112] lr: 1.43e-04 | MSE loss: 7.1047e-03 | time: 0.050
I 06.08/11:14:44 solver.py:159 ] Epoch: [192/400][100/112] lr: 1.43e-04 | MSE loss: 7.0899e-03 | time: 0.050
I 06.08/11:14:45 solver.py:169 ] => Train  Loss: 7.0803e-03

I 06.08/11:14:45 solver.py:224 ] 
=! Best NMSE: -1.5950e+01 (epoch=190)

I 06.08/11:14:46 solver.py:159 ] Epoch: [193/400][20/112] lr: 1.43e-04 | MSE loss: 6.9680e-03 | time: 0.055
I 06.08/11:14:47 solver.py:159 ] Epoch: [193/400][40/112] lr: 1.43e-04 | MSE loss: 6.8901e-03 | time: 0.057
I 06.08/11:14:48 solver.py:159 ] Epoch: [193/400][60/112] lr: 1.43e-04 | MSE loss: 6.8909e-03 | time: 0.054
I 06.08/11:14:49 solver.py:159 ] Epoch: [193/400][80/112] lr: 1.43e-04 | MSE loss: 7.0051e-03 | time: 0.053
I 06.08/11:14:50 solver.py:159 ] Epoch: [193/400][100/112] lr: 1.43e-04 | MSE loss: 7.3664e-03 | time: 0.052
I 06.08/11:14:50 solver.py:169 ] => Train  Loss: 7.4158e-03

I 06.08/11:14:51 solver.py:224 ] 
=! Best NMSE: -1.5950e+01 (epoch=190)

I 06.08/11:14:52 solver.py:159 ] Epoch: [194/400][20/112] lr: 1.42e-04 | MSE loss: 7.1263e-03 | time: 0.051
I 06.08/11:14:52 solver.py:159 ] Epoch: [194/400][40/112] lr: 1.42e-04 | MSE loss: 7.0742e-03 | time: 0.049
I 06.08/11:14:53 solver.py:159 ] Epoch: [194/400][60/112] lr: 1.42e-04 | MSE loss: 7.1969e-03 | time: 0.049
I 06.08/11:14:54 solver.py:159 ] Epoch: [194/400][80/112] lr: 1.42e-04 | MSE loss: 7.5235e-03 | time: 0.049
I 06.08/11:14:55 solver.py:159 ] Epoch: [194/400][100/112] lr: 1.42e-04 | MSE loss: 7.5856e-03 | time: 0.050
I 06.08/11:14:56 solver.py:169 ] => Train  Loss: 7.5673e-03

I 06.08/11:14:56 solver.py:224 ] 
=! Best NMSE: -1.5950e+01 (epoch=190)

I 06.08/11:14:57 solver.py:159 ] Epoch: [195/400][20/112] lr: 1.42e-04 | MSE loss: 7.0567e-03 | time: 0.050
I 06.08/11:14:58 solver.py:159 ] Epoch: [195/400][40/112] lr: 1.42e-04 | MSE loss: 6.9907e-03 | time: 0.050
I 06.08/11:14:59 solver.py:159 ] Epoch: [195/400][60/112] lr: 1.42e-04 | MSE loss: 7.0122e-03 | time: 0.048
I 06.08/11:15:00 solver.py:159 ] Epoch: [195/400][80/112] lr: 1.41e-04 | MSE loss: 7.0541e-03 | time: 0.049
I 06.08/11:15:01 solver.py:159 ] Epoch: [195/400][100/112] lr: 1.41e-04 | MSE loss: 7.0551e-03 | time: 0.053
I 06.08/11:15:02 solver.py:169 ] => Train  Loss: 7.0254e-03

I 06.08/11:15:02 solver.py:224 ] 
=! Best NMSE: -1.5950e+01 (epoch=190)

I 06.08/11:15:04 solver.py:159 ] Epoch: [196/400][20/112] lr: 1.41e-04 | MSE loss: 6.9726e-03 | time: 0.082
I 06.08/11:15:06 solver.py:159 ] Epoch: [196/400][40/112] lr: 1.41e-04 | MSE loss: 6.8924e-03 | time: 0.086
I 06.08/11:15:08 solver.py:159 ] Epoch: [196/400][60/112] lr: 1.41e-04 | MSE loss: 6.8607e-03 | time: 0.090
I 06.08/11:15:09 solver.py:159 ] Epoch: [196/400][80/112] lr: 1.41e-04 | MSE loss: 6.9839e-03 | time: 0.087
I 06.08/11:15:11 solver.py:159 ] Epoch: [196/400][100/112] lr: 1.41e-04 | MSE loss: 7.7268e-03 | time: 0.083
I 06.08/11:15:11 solver.py:169 ] => Train  Loss: 7.8385e-03

I 06.08/11:15:11 solver.py:224 ] 
=! Best NMSE: -1.5950e+01 (epoch=190)

I 06.08/11:15:12 solver.py:159 ] Epoch: [197/400][20/112] lr: 1.40e-04 | MSE loss: 7.7530e-03 | time: 0.048
I 06.08/11:15:13 solver.py:159 ] Epoch: [197/400][40/112] lr: 1.40e-04 | MSE loss: 7.4542e-03 | time: 0.050
I 06.08/11:15:14 solver.py:159 ] Epoch: [197/400][60/112] lr: 1.40e-04 | MSE loss: 7.4340e-03 | time: 0.048
I 06.08/11:15:15 solver.py:159 ] Epoch: [197/400][80/112] lr: 1.40e-04 | MSE loss: 7.3270e-03 | time: 0.049
I 06.08/11:15:16 solver.py:159 ] Epoch: [197/400][100/112] lr: 1.40e-04 | MSE loss: 7.2864e-03 | time: 0.050
I 06.08/11:15:17 solver.py:169 ] => Train  Loss: 7.2409e-03

I 06.08/11:15:17 solver.py:224 ] 
=! Best NMSE: -1.5950e+01 (epoch=190)

I 06.08/11:15:18 solver.py:159 ] Epoch: [198/400][20/112] lr: 1.40e-04 | MSE loss: 6.7519e-03 | time: 0.043
I 06.08/11:15:19 solver.py:159 ] Epoch: [198/400][40/112] lr: 1.40e-04 | MSE loss: 6.7743e-03 | time: 0.046
I 06.08/11:15:20 solver.py:159 ] Epoch: [198/400][60/112] lr: 1.40e-04 | MSE loss: 6.8155e-03 | time: 0.047
I 06.08/11:15:21 solver.py:159 ] Epoch: [198/400][80/112] lr: 1.39e-04 | MSE loss: 6.8256e-03 | time: 0.047
I 06.08/11:15:21 solver.py:159 ] Epoch: [198/400][100/112] lr: 1.39e-04 | MSE loss: 6.8099e-03 | time: 0.047
I 06.08/11:15:22 solver.py:169 ] => Train  Loss: 6.7713e-03

I 06.08/11:15:22 solver.py:224 ] 
=! Best NMSE: -1.5950e+01 (epoch=190)

I 06.08/11:15:23 solver.py:159 ] Epoch: [199/400][20/112] lr: 1.39e-04 | MSE loss: 6.5554e-03 | time: 0.046
I 06.08/11:15:24 solver.py:159 ] Epoch: [199/400][40/112] lr: 1.39e-04 | MSE loss: 6.5801e-03 | time: 0.047
I 06.08/11:15:25 solver.py:159 ] Epoch: [199/400][60/112] lr: 1.39e-04 | MSE loss: 6.5724e-03 | time: 0.049
I 06.08/11:15:26 solver.py:159 ] Epoch: [199/400][80/112] lr: 1.39e-04 | MSE loss: 6.5689e-03 | time: 0.048
I 06.08/11:15:27 solver.py:159 ] Epoch: [199/400][100/112] lr: 1.39e-04 | MSE loss: 6.5312e-03 | time: 0.048
I 06.08/11:15:27 solver.py:169 ] => Train  Loss: 6.5139e-03

I 06.08/11:15:28 solver.py:224 ] 
=! Best NMSE: -1.5950e+01 (epoch=190)

I 06.08/11:15:29 solver.py:159 ] Epoch: [200/400][20/112] lr: 1.39e-04 | MSE loss: 6.4696e-03 | time: 0.052
I 06.08/11:15:30 solver.py:159 ] Epoch: [200/400][40/112] lr: 1.38e-04 | MSE loss: 6.5806e-03 | time: 0.052
I 06.08/11:15:31 solver.py:159 ] Epoch: [200/400][60/112] lr: 1.38e-04 | MSE loss: 6.7124e-03 | time: 0.051
I 06.08/11:15:32 solver.py:159 ] Epoch: [200/400][80/112] lr: 1.38e-04 | MSE loss: 6.6756e-03 | time: 0.052
I 06.08/11:15:33 solver.py:159 ] Epoch: [200/400][100/112] lr: 1.38e-04 | MSE loss: 6.6505e-03 | time: 0.052
I 06.08/11:15:33 solver.py:169 ] => Train  Loss: 6.6374e-03

I 06.08/11:15:34 solver.py:169 ] => Val  Loss: 6.6610e-03

I 06.08/11:15:34 solver.py:413 ] => Test NMSE: -1.6517e+01

I 06.08/11:15:35 solver.py:224 ] 
=! Best NMSE: -1.6517e+01 (epoch=200)

I 06.08/11:15:36 solver.py:159 ] Epoch: [201/400][20/112] lr: 1.38e-04 | MSE loss: 6.5037e-03 | time: 0.050
I 06.08/11:15:37 solver.py:159 ] Epoch: [201/400][40/112] lr: 1.38e-04 | MSE loss: 6.4431e-03 | time: 0.051
I 06.08/11:15:38 solver.py:159 ] Epoch: [201/400][60/112] lr: 1.38e-04 | MSE loss: 6.4432e-03 | time: 0.050
I 06.08/11:15:39 solver.py:159 ] Epoch: [201/400][80/112] lr: 1.38e-04 | MSE loss: 6.3947e-03 | time: 0.049
I 06.08/11:15:40 solver.py:159 ] Epoch: [201/400][100/112] lr: 1.37e-04 | MSE loss: 6.4278e-03 | time: 0.049
I 06.08/11:15:40 solver.py:169 ] => Train  Loss: 6.4600e-03

I 06.08/11:15:40 solver.py:224 ] 
=! Best NMSE: -1.6517e+01 (epoch=200)

I 06.08/11:15:41 solver.py:159 ] Epoch: [202/400][20/112] lr: 1.37e-04 | MSE loss: 6.5736e-03 | time: 0.050
I 06.08/11:15:43 solver.py:159 ] Epoch: [202/400][40/112] lr: 1.37e-04 | MSE loss: 6.4652e-03 | time: 0.056
I 06.08/11:15:44 solver.py:159 ] Epoch: [202/400][60/112] lr: 1.37e-04 | MSE loss: 6.4875e-03 | time: 0.053
I 06.08/11:15:45 solver.py:159 ] Epoch: [202/400][80/112] lr: 1.37e-04 | MSE loss: 6.7090e-03 | time: 0.053
I 06.08/11:15:46 solver.py:159 ] Epoch: [202/400][100/112] lr: 1.37e-04 | MSE loss: 6.7598e-03 | time: 0.054
I 06.08/11:15:46 solver.py:169 ] => Train  Loss: 6.7188e-03

I 06.08/11:15:47 solver.py:224 ] 
=! Best NMSE: -1.6517e+01 (epoch=200)

I 06.08/11:15:47 solver.py:159 ] Epoch: [203/400][20/112] lr: 1.37e-04 | MSE loss: 6.3807e-03 | time: 0.046
I 06.08/11:15:48 solver.py:159 ] Epoch: [203/400][40/112] lr: 1.37e-04 | MSE loss: 6.5186e-03 | time: 0.047
I 06.08/11:15:49 solver.py:159 ] Epoch: [203/400][60/112] lr: 1.36e-04 | MSE loss: 6.5478e-03 | time: 0.048
I 06.08/11:15:50 solver.py:159 ] Epoch: [203/400][80/112] lr: 1.36e-04 | MSE loss: 6.5908e-03 | time: 0.048
I 06.08/11:15:51 solver.py:159 ] Epoch: [203/400][100/112] lr: 1.36e-04 | MSE loss: 6.6046e-03 | time: 0.047
I 06.08/11:15:52 solver.py:169 ] => Train  Loss: 6.5782e-03

I 06.08/11:15:52 solver.py:224 ] 
=! Best NMSE: -1.6517e+01 (epoch=200)

I 06.08/11:15:53 solver.py:159 ] Epoch: [204/400][20/112] lr: 1.36e-04 | MSE loss: 6.3501e-03 | time: 0.046
I 06.08/11:15:54 solver.py:159 ] Epoch: [204/400][40/112] lr: 1.36e-04 | MSE loss: 6.3621e-03 | time: 0.046
I 06.08/11:15:55 solver.py:159 ] Epoch: [204/400][60/112] lr: 1.36e-04 | MSE loss: 6.3060e-03 | time: 0.045
I 06.08/11:15:55 solver.py:159 ] Epoch: [204/400][80/112] lr: 1.36e-04 | MSE loss: 6.2768e-03 | time: 0.045
I 06.08/11:15:56 solver.py:159 ] Epoch: [204/400][100/112] lr: 1.36e-04 | MSE loss: 6.2844e-03 | time: 0.045
I 06.08/11:15:57 solver.py:169 ] => Train  Loss: 6.3036e-03

I 06.08/11:15:57 solver.py:224 ] 
=! Best NMSE: -1.6517e+01 (epoch=200)

I 06.08/11:15:58 solver.py:159 ] Epoch: [205/400][20/112] lr: 1.35e-04 | MSE loss: 6.3336e-03 | time: 0.044
I 06.08/11:15:59 solver.py:159 ] Epoch: [205/400][40/112] lr: 1.35e-04 | MSE loss: 6.2731e-03 | time: 0.044
I 06.08/11:16:00 solver.py:159 ] Epoch: [205/400][60/112] lr: 1.35e-04 | MSE loss: 6.2362e-03 | time: 0.048
I 06.08/11:16:01 solver.py:159 ] Epoch: [205/400][80/112] lr: 1.35e-04 | MSE loss: 6.2112e-03 | time: 0.051
I 06.08/11:16:02 solver.py:159 ] Epoch: [205/400][100/112] lr: 1.35e-04 | MSE loss: 6.1736e-03 | time: 0.054
I 06.08/11:16:03 solver.py:169 ] => Train  Loss: 6.1611e-03

I 06.08/11:16:03 solver.py:224 ] 
=! Best NMSE: -1.6517e+01 (epoch=200)

I 06.08/11:16:05 solver.py:159 ] Epoch: [206/400][20/112] lr: 1.35e-04 | MSE loss: 5.9413e-03 | time: 0.082
I 06.08/11:16:07 solver.py:159 ] Epoch: [206/400][40/112] lr: 1.35e-04 | MSE loss: 5.9242e-03 | time: 0.086
I 06.08/11:16:08 solver.py:159 ] Epoch: [206/400][60/112] lr: 1.34e-04 | MSE loss: 6.0064e-03 | time: 0.084
I 06.08/11:16:10 solver.py:159 ] Epoch: [206/400][80/112] lr: 1.34e-04 | MSE loss: 6.1074e-03 | time: 0.082
I 06.08/11:16:11 solver.py:159 ] Epoch: [206/400][100/112] lr: 1.34e-04 | MSE loss: 6.1425e-03 | time: 0.078
I 06.08/11:16:11 solver.py:169 ] => Train  Loss: 6.1800e-03

I 06.08/11:16:11 solver.py:224 ] 
=! Best NMSE: -1.6517e+01 (epoch=200)

I 06.08/11:16:12 solver.py:159 ] Epoch: [207/400][20/112] lr: 1.34e-04 | MSE loss: 6.6037e-03 | time: 0.047
I 06.08/11:16:13 solver.py:159 ] Epoch: [207/400][40/112] lr: 1.34e-04 | MSE loss: 6.3611e-03 | time: 0.046
I 06.08/11:16:14 solver.py:159 ] Epoch: [207/400][60/112] lr: 1.34e-04 | MSE loss: 6.2273e-03 | time: 0.048
I 06.08/11:16:15 solver.py:159 ] Epoch: [207/400][80/112] lr: 1.34e-04 | MSE loss: 6.1622e-03 | time: 0.047
I 06.08/11:16:16 solver.py:159 ] Epoch: [207/400][100/112] lr: 1.34e-04 | MSE loss: 6.1177e-03 | time: 0.046
I 06.08/11:16:17 solver.py:169 ] => Train  Loss: 6.1077e-03

I 06.08/11:16:17 solver.py:224 ] 
=! Best NMSE: -1.6517e+01 (epoch=200)

I 06.08/11:16:18 solver.py:159 ] Epoch: [208/400][20/112] lr: 1.33e-04 | MSE loss: 7.2227e-03 | time: 0.053
I 06.08/11:16:19 solver.py:159 ] Epoch: [208/400][40/112] lr: 1.33e-04 | MSE loss: 6.7846e-03 | time: 0.053
I 06.08/11:16:20 solver.py:159 ] Epoch: [208/400][60/112] lr: 1.33e-04 | MSE loss: 6.5592e-03 | time: 0.055
I 06.08/11:16:21 solver.py:159 ] Epoch: [208/400][80/112] lr: 1.33e-04 | MSE loss: 6.3891e-03 | time: 0.054
I 06.08/11:16:22 solver.py:159 ] Epoch: [208/400][100/112] lr: 1.33e-04 | MSE loss: 6.2997e-03 | time: 0.053
I 06.08/11:16:22 solver.py:169 ] => Train  Loss: 6.3291e-03

I 06.08/11:16:23 solver.py:224 ] 
=! Best NMSE: -1.6517e+01 (epoch=200)

I 06.08/11:16:23 solver.py:159 ] Epoch: [209/400][20/112] lr: 1.33e-04 | MSE loss: 6.8940e-03 | time: 0.047
I 06.08/11:16:24 solver.py:159 ] Epoch: [209/400][40/112] lr: 1.33e-04 | MSE loss: 6.9485e-03 | time: 0.047
I 06.08/11:16:25 solver.py:159 ] Epoch: [209/400][60/112] lr: 1.32e-04 | MSE loss: 6.9589e-03 | time: 0.046
I 06.08/11:16:26 solver.py:159 ] Epoch: [209/400][80/112] lr: 1.32e-04 | MSE loss: 7.0101e-03 | time: 0.046
I 06.08/11:16:27 solver.py:159 ] Epoch: [209/400][100/112] lr: 1.32e-04 | MSE loss: 6.9559e-03 | time: 0.047
I 06.08/11:16:28 solver.py:169 ] => Train  Loss: 6.9060e-03

I 06.08/11:16:28 solver.py:224 ] 
=! Best NMSE: -1.6517e+01 (epoch=200)

I 06.08/11:16:29 solver.py:159 ] Epoch: [210/400][20/112] lr: 1.32e-04 | MSE loss: 6.3699e-03 | time: 0.043
I 06.08/11:16:30 solver.py:159 ] Epoch: [210/400][40/112] lr: 1.32e-04 | MSE loss: 6.3411e-03 | time: 0.047
I 06.08/11:16:31 solver.py:159 ] Epoch: [210/400][60/112] lr: 1.32e-04 | MSE loss: 6.2846e-03 | time: 0.047
I 06.08/11:16:32 solver.py:159 ] Epoch: [210/400][80/112] lr: 1.32e-04 | MSE loss: 6.2425e-03 | time: 0.047
I 06.08/11:16:33 solver.py:159 ] Epoch: [210/400][100/112] lr: 1.32e-04 | MSE loss: 6.2650e-03 | time: 0.047
I 06.08/11:16:33 solver.py:169 ] => Train  Loss: 6.2485e-03

I 06.08/11:16:33 solver.py:169 ] => Val  Loss: 6.1373e-03

I 06.08/11:16:34 solver.py:413 ] => Test NMSE: -1.6838e+01

I 06.08/11:16:35 solver.py:224 ] 
=! Best NMSE: -1.6838e+01 (epoch=210)

I 06.08/11:16:35 solver.py:159 ] Epoch: [211/400][20/112] lr: 1.31e-04 | MSE loss: 6.0903e-03 | time: 0.044
I 06.08/11:16:37 solver.py:159 ] Epoch: [211/400][40/112] lr: 1.31e-04 | MSE loss: 6.0851e-03 | time: 0.053
I 06.08/11:16:38 solver.py:159 ] Epoch: [211/400][60/112] lr: 1.31e-04 | MSE loss: 6.1185e-03 | time: 0.053
I 06.08/11:16:39 solver.py:159 ] Epoch: [211/400][80/112] lr: 1.31e-04 | MSE loss: 6.1151e-03 | time: 0.052
I 06.08/11:16:40 solver.py:159 ] Epoch: [211/400][100/112] lr: 1.31e-04 | MSE loss: 6.1485e-03 | time: 0.050
I 06.08/11:16:40 solver.py:169 ] => Train  Loss: 6.1722e-03

I 06.08/11:16:40 solver.py:224 ] 
=! Best NMSE: -1.6838e+01 (epoch=210)

I 06.08/11:16:41 solver.py:159 ] Epoch: [212/400][20/112] lr: 1.31e-04 | MSE loss: 6.4025e-03 | time: 0.047
I 06.08/11:16:42 solver.py:159 ] Epoch: [212/400][40/112] lr: 1.31e-04 | MSE loss: 6.2394e-03 | time: 0.046
I 06.08/11:16:43 solver.py:159 ] Epoch: [212/400][60/112] lr: 1.31e-04 | MSE loss: 6.1859e-03 | time: 0.047
I 06.08/11:16:44 solver.py:159 ] Epoch: [212/400][80/112] lr: 1.30e-04 | MSE loss: 9.0624e-03 | time: 0.047
I 06.08/11:16:45 solver.py:159 ] Epoch: [212/400][100/112] lr: 1.30e-04 | MSE loss: 1.1133e-02 | time: 0.048
I 06.08/11:16:46 solver.py:169 ] => Train  Loss: 1.1234e-02

I 06.08/11:16:46 solver.py:224 ] 
=! Best NMSE: -1.6838e+01 (epoch=210)

I 06.08/11:16:47 solver.py:159 ] Epoch: [213/400][20/112] lr: 1.30e-04 | MSE loss: 1.0043e-02 | time: 0.047
I 06.08/11:16:48 solver.py:159 ] Epoch: [213/400][40/112] lr: 1.30e-04 | MSE loss: 9.5857e-03 | time: 0.047
I 06.08/11:16:48 solver.py:159 ] Epoch: [213/400][60/112] lr: 1.30e-04 | MSE loss: 9.2170e-03 | time: 0.047
I 06.08/11:16:49 solver.py:159 ] Epoch: [213/400][80/112] lr: 1.30e-04 | MSE loss: 8.8340e-03 | time: 0.047
I 06.08/11:16:50 solver.py:159 ] Epoch: [213/400][100/112] lr: 1.30e-04 | MSE loss: 8.5559e-03 | time: 0.047
I 06.08/11:16:51 solver.py:169 ] => Train  Loss: 8.4257e-03

I 06.08/11:16:51 solver.py:224 ] 
=! Best NMSE: -1.6838e+01 (epoch=210)

I 06.08/11:16:52 solver.py:159 ] Epoch: [214/400][20/112] lr: 1.29e-04 | MSE loss: 7.0673e-03 | time: 0.049
I 06.08/11:16:53 solver.py:159 ] Epoch: [214/400][40/112] lr: 1.29e-04 | MSE loss: 7.4149e-03 | time: 0.050
I 06.08/11:16:54 solver.py:159 ] Epoch: [214/400][60/112] lr: 1.29e-04 | MSE loss: 7.6163e-03 | time: 0.052
I 06.08/11:16:55 solver.py:159 ] Epoch: [214/400][80/112] lr: 1.29e-04 | MSE loss: 7.5468e-03 | time: 0.051
I 06.08/11:16:56 solver.py:159 ] Epoch: [214/400][100/112] lr: 1.29e-04 | MSE loss: 7.4287e-03 | time: 0.052
I 06.08/11:16:57 solver.py:169 ] => Train  Loss: 7.3747e-03

I 06.08/11:16:57 solver.py:224 ] 
=! Best NMSE: -1.6838e+01 (epoch=210)

I 06.08/11:16:58 solver.py:159 ] Epoch: [215/400][20/112] lr: 1.29e-04 | MSE loss: 7.1406e-03 | time: 0.057
I 06.08/11:16:59 solver.py:159 ] Epoch: [215/400][40/112] lr: 1.29e-04 | MSE loss: 7.1451e-03 | time: 0.054
I 06.08/11:17:00 solver.py:159 ] Epoch: [215/400][60/112] lr: 1.29e-04 | MSE loss: 7.1663e-03 | time: 0.057
I 06.08/11:17:02 solver.py:159 ] Epoch: [215/400][80/112] lr: 1.28e-04 | MSE loss: 7.2191e-03 | time: 0.059
I 06.08/11:17:03 solver.py:159 ] Epoch: [215/400][100/112] lr: 1.28e-04 | MSE loss: 7.3713e-03 | time: 0.062
I 06.08/11:17:04 solver.py:169 ] => Train  Loss: 7.4272e-03

I 06.08/11:17:04 solver.py:224 ] 
=! Best NMSE: -1.6838e+01 (epoch=210)

I 06.08/11:17:06 solver.py:159 ] Epoch: [216/400][20/112] lr: 1.28e-04 | MSE loss: 7.1232e-03 | time: 0.105
I 06.08/11:17:08 solver.py:159 ] Epoch: [216/400][40/112] lr: 1.28e-04 | MSE loss: 6.8892e-03 | time: 0.095
I 06.08/11:17:09 solver.py:159 ] Epoch: [216/400][60/112] lr: 1.28e-04 | MSE loss: 6.8235e-03 | time: 0.091
I 06.08/11:17:11 solver.py:159 ] Epoch: [216/400][80/112] lr: 1.28e-04 | MSE loss: 6.7918e-03 | time: 0.084
I 06.08/11:17:12 solver.py:159 ] Epoch: [216/400][100/112] lr: 1.28e-04 | MSE loss: 6.7733e-03 | time: 0.078
I 06.08/11:17:12 solver.py:169 ] => Train  Loss: 6.7491e-03

I 06.08/11:17:12 solver.py:224 ] 
=! Best NMSE: -1.6838e+01 (epoch=210)

I 06.08/11:17:13 solver.py:159 ] Epoch: [217/400][20/112] lr: 1.28e-04 | MSE loss: 6.6346e-03 | time: 0.049
I 06.08/11:17:14 solver.py:159 ] Epoch: [217/400][40/112] lr: 1.27e-04 | MSE loss: 6.5234e-03 | time: 0.052
I 06.08/11:17:16 solver.py:159 ] Epoch: [217/400][60/112] lr: 1.27e-04 | MSE loss: 6.4295e-03 | time: 0.054
I 06.08/11:17:17 solver.py:159 ] Epoch: [217/400][80/112] lr: 1.27e-04 | MSE loss: 6.6650e-03 | time: 0.053
I 06.08/11:17:18 solver.py:159 ] Epoch: [217/400][100/112] lr: 1.27e-04 | MSE loss: 7.0934e-03 | time: 0.052
I 06.08/11:17:18 solver.py:169 ] => Train  Loss: 7.1233e-03

I 06.08/11:17:18 solver.py:224 ] 
=! Best NMSE: -1.6838e+01 (epoch=210)

I 06.08/11:17:19 solver.py:159 ] Epoch: [218/400][20/112] lr: 1.27e-04 | MSE loss: 6.9942e-03 | time: 0.057
I 06.08/11:17:20 solver.py:159 ] Epoch: [218/400][40/112] lr: 1.27e-04 | MSE loss: 6.8875e-03 | time: 0.054
I 06.08/11:17:22 solver.py:159 ] Epoch: [218/400][60/112] lr: 1.27e-04 | MSE loss: 6.7623e-03 | time: 0.054
I 06.08/11:17:23 solver.py:159 ] Epoch: [218/400][80/112] lr: 1.26e-04 | MSE loss: 6.6668e-03 | time: 0.054
I 06.08/11:17:24 solver.py:159 ] Epoch: [218/400][100/112] lr: 1.26e-04 | MSE loss: 6.6323e-03 | time: 0.052
I 06.08/11:17:24 solver.py:169 ] => Train  Loss: 6.6074e-03

I 06.08/11:17:24 solver.py:224 ] 
=! Best NMSE: -1.6838e+01 (epoch=210)

I 06.08/11:17:25 solver.py:159 ] Epoch: [219/400][20/112] lr: 1.26e-04 | MSE loss: 6.2511e-03 | time: 0.051
I 06.08/11:17:26 solver.py:159 ] Epoch: [219/400][40/112] lr: 1.26e-04 | MSE loss: 6.1336e-03 | time: 0.051
I 06.08/11:17:27 solver.py:159 ] Epoch: [219/400][60/112] lr: 1.26e-04 | MSE loss: 6.1318e-03 | time: 0.051
I 06.08/11:17:28 solver.py:159 ] Epoch: [219/400][80/112] lr: 1.26e-04 | MSE loss: 6.1355e-03 | time: 0.050
I 06.08/11:17:29 solver.py:159 ] Epoch: [219/400][100/112] lr: 1.26e-04 | MSE loss: 6.1173e-03 | time: 0.049
I 06.08/11:17:30 solver.py:169 ] => Train  Loss: 6.1036e-03

I 06.08/11:17:30 solver.py:224 ] 
=! Best NMSE: -1.6838e+01 (epoch=210)

I 06.08/11:17:31 solver.py:159 ] Epoch: [220/400][20/112] lr: 1.26e-04 | MSE loss: 6.1186e-03 | time: 0.058
I 06.08/11:17:32 solver.py:159 ] Epoch: [220/400][40/112] lr: 1.25e-04 | MSE loss: 6.0550e-03 | time: 0.054
I 06.08/11:17:33 solver.py:159 ] Epoch: [220/400][60/112] lr: 1.25e-04 | MSE loss: 6.1574e-03 | time: 0.054
I 06.08/11:17:34 solver.py:159 ] Epoch: [220/400][80/112] lr: 1.25e-04 | MSE loss: 6.5943e-03 | time: 0.053
I 06.08/11:17:35 solver.py:159 ] Epoch: [220/400][100/112] lr: 1.25e-04 | MSE loss: 7.2359e-03 | time: 0.052
I 06.08/11:17:35 solver.py:169 ] => Train  Loss: 7.2937e-03

I 06.08/11:17:36 solver.py:169 ] => Val  Loss: 7.3501e-03

I 06.08/11:17:36 solver.py:413 ] => Test NMSE: -1.5977e+01

I 06.08/11:17:36 solver.py:224 ] 
=! Best NMSE: -1.6838e+01 (epoch=210)

I 06.08/11:17:37 solver.py:159 ] Epoch: [221/400][20/112] lr: 1.25e-04 | MSE loss: 6.9043e-03 | time: 0.046
I 06.08/11:17:38 solver.py:159 ] Epoch: [221/400][40/112] lr: 1.25e-04 | MSE loss: 6.6705e-03 | time: 0.048
I 06.08/11:17:39 solver.py:159 ] Epoch: [221/400][60/112] lr: 1.25e-04 | MSE loss: 6.5543e-03 | time: 0.049
I 06.08/11:17:40 solver.py:159 ] Epoch: [221/400][80/112] lr: 1.25e-04 | MSE loss: 6.5160e-03 | time: 0.050
I 06.08/11:17:41 solver.py:159 ] Epoch: [221/400][100/112] lr: 1.24e-04 | MSE loss: 6.4378e-03 | time: 0.050
I 06.08/11:17:42 solver.py:169 ] => Train  Loss: 6.3994e-03

I 06.08/11:17:42 solver.py:224 ] 
=! Best NMSE: -1.6838e+01 (epoch=210)

I 06.08/11:17:43 solver.py:159 ] Epoch: [222/400][20/112] lr: 1.24e-04 | MSE loss: 6.0310e-03 | time: 0.050
I 06.08/11:17:44 solver.py:159 ] Epoch: [222/400][40/112] lr: 1.24e-04 | MSE loss: 6.0653e-03 | time: 0.048
I 06.08/11:17:45 solver.py:159 ] Epoch: [222/400][60/112] lr: 1.24e-04 | MSE loss: 6.3461e-03 | time: 0.048
I 06.08/11:17:46 solver.py:159 ] Epoch: [222/400][80/112] lr: 1.24e-04 | MSE loss: 6.3507e-03 | time: 0.049
I 06.08/11:17:47 solver.py:159 ] Epoch: [222/400][100/112] lr: 1.24e-04 | MSE loss: 6.2962e-03 | time: 0.049
I 06.08/11:17:47 solver.py:169 ] => Train  Loss: 6.2522e-03

I 06.08/11:17:47 solver.py:224 ] 
=! Best NMSE: -1.6838e+01 (epoch=210)

I 06.08/11:17:48 solver.py:159 ] Epoch: [223/400][20/112] lr: 1.24e-04 | MSE loss: 6.4667e-03 | time: 0.049
I 06.08/11:17:50 solver.py:159 ] Epoch: [223/400][40/112] lr: 1.23e-04 | MSE loss: 6.6676e-03 | time: 0.059
I 06.08/11:17:51 solver.py:159 ] Epoch: [223/400][60/112] lr: 1.23e-04 | MSE loss: 6.5505e-03 | time: 0.058
I 06.08/11:17:52 solver.py:159 ] Epoch: [223/400][80/112] lr: 1.23e-04 | MSE loss: 6.5743e-03 | time: 0.056
I 06.08/11:17:53 solver.py:159 ] Epoch: [223/400][100/112] lr: 1.23e-04 | MSE loss: 6.6089e-03 | time: 0.055
I 06.08/11:17:53 solver.py:169 ] => Train  Loss: 6.5789e-03

I 06.08/11:17:53 solver.py:224 ] 
=! Best NMSE: -1.6838e+01 (epoch=210)

I 06.08/11:17:54 solver.py:159 ] Epoch: [224/400][20/112] lr: 1.23e-04 | MSE loss: 6.3996e-03 | time: 0.048
I 06.08/11:17:55 solver.py:159 ] Epoch: [224/400][40/112] lr: 1.23e-04 | MSE loss: 6.2866e-03 | time: 0.047
I 06.08/11:17:56 solver.py:159 ] Epoch: [224/400][60/112] lr: 1.23e-04 | MSE loss: 6.2268e-03 | time: 0.047
I 06.08/11:17:57 solver.py:159 ] Epoch: [224/400][80/112] lr: 1.23e-04 | MSE loss: 6.2203e-03 | time: 0.047
I 06.08/11:17:58 solver.py:159 ] Epoch: [224/400][100/112] lr: 1.22e-04 | MSE loss: 6.3341e-03 | time: 0.048
I 06.08/11:17:59 solver.py:169 ] => Train  Loss: 6.3470e-03

I 06.08/11:17:59 solver.py:224 ] 
=! Best NMSE: -1.6838e+01 (epoch=210)

I 06.08/11:18:00 solver.py:159 ] Epoch: [225/400][20/112] lr: 1.22e-04 | MSE loss: 6.0966e-03 | time: 0.052
I 06.08/11:18:01 solver.py:159 ] Epoch: [225/400][40/112] lr: 1.22e-04 | MSE loss: 6.0611e-03 | time: 0.058
I 06.08/11:18:02 solver.py:159 ] Epoch: [225/400][60/112] lr: 1.22e-04 | MSE loss: 6.0532e-03 | time: 0.061
I 06.08/11:18:04 solver.py:159 ] Epoch: [225/400][80/112] lr: 1.22e-04 | MSE loss: 6.1417e-03 | time: 0.063
I 06.08/11:18:06 solver.py:159 ] Epoch: [225/400][100/112] lr: 1.22e-04 | MSE loss: 6.1810e-03 | time: 0.069
I 06.08/11:18:07 solver.py:169 ] => Train  Loss: 6.1984e-03

I 06.08/11:18:07 solver.py:224 ] 
=! Best NMSE: -1.6838e+01 (epoch=210)

I 06.08/11:18:08 solver.py:159 ] Epoch: [226/400][20/112] lr: 1.22e-04 | MSE loss: 6.2817e-03 | time: 0.085
I 06.08/11:18:10 solver.py:159 ] Epoch: [226/400][40/112] lr: 1.21e-04 | MSE loss: 6.2688e-03 | time: 0.082
I 06.08/11:18:11 solver.py:159 ] Epoch: [226/400][60/112] lr: 1.21e-04 | MSE loss: 6.3766e-03 | time: 0.075
I 06.08/11:18:12 solver.py:159 ] Epoch: [226/400][80/112] lr: 1.21e-04 | MSE loss: 6.3786e-03 | time: 0.068
I 06.08/11:18:13 solver.py:159 ] Epoch: [226/400][100/112] lr: 1.21e-04 | MSE loss: 6.4264e-03 | time: 0.063
I 06.08/11:18:14 solver.py:169 ] => Train  Loss: 6.4369e-03

I 06.08/11:18:14 solver.py:224 ] 
=! Best NMSE: -1.6838e+01 (epoch=210)

I 06.08/11:18:15 solver.py:159 ] Epoch: [227/400][20/112] lr: 1.21e-04 | MSE loss: 6.1743e-03 | time: 0.051
I 06.08/11:18:16 solver.py:159 ] Epoch: [227/400][40/112] lr: 1.21e-04 | MSE loss: 6.2761e-03 | time: 0.050
I 06.08/11:18:17 solver.py:159 ] Epoch: [227/400][60/112] lr: 1.21e-04 | MSE loss: 6.2750e-03 | time: 0.049
I 06.08/11:18:18 solver.py:159 ] Epoch: [227/400][80/112] lr: 1.21e-04 | MSE loss: 6.3376e-03 | time: 0.049
I 06.08/11:18:19 solver.py:159 ] Epoch: [227/400][100/112] lr: 1.20e-04 | MSE loss: 6.2948e-03 | time: 0.048
I 06.08/11:18:19 solver.py:169 ] => Train  Loss: 6.2568e-03

I 06.08/11:18:19 solver.py:224 ] 
=! Best NMSE: -1.6838e+01 (epoch=210)

I 06.08/11:18:20 solver.py:159 ] Epoch: [228/400][20/112] lr: 1.20e-04 | MSE loss: 5.8501e-03 | time: 0.045
I 06.08/11:18:21 solver.py:159 ] Epoch: [228/400][40/112] lr: 1.20e-04 | MSE loss: 5.8216e-03 | time: 0.047
I 06.08/11:18:22 solver.py:159 ] Epoch: [228/400][60/112] lr: 1.20e-04 | MSE loss: 5.8524e-03 | time: 0.047
I 06.08/11:18:23 solver.py:159 ] Epoch: [228/400][80/112] lr: 1.20e-04 | MSE loss: 5.8432e-03 | time: 0.047
I 06.08/11:18:24 solver.py:159 ] Epoch: [228/400][100/112] lr: 1.20e-04 | MSE loss: 5.8034e-03 | time: 0.047
I 06.08/11:18:24 solver.py:169 ] => Train  Loss: 5.7835e-03

I 06.08/11:18:25 solver.py:224 ] 
=! Best NMSE: -1.6838e+01 (epoch=210)

I 06.08/11:18:25 solver.py:159 ] Epoch: [229/400][20/112] lr: 1.20e-04 | MSE loss: 5.6480e-03 | time: 0.044
I 06.08/11:18:26 solver.py:159 ] Epoch: [229/400][40/112] lr: 1.20e-04 | MSE loss: 5.6297e-03 | time: 0.047
I 06.08/11:18:28 solver.py:159 ] Epoch: [229/400][60/112] lr: 1.19e-04 | MSE loss: 5.5740e-03 | time: 0.050
I 06.08/11:18:29 solver.py:159 ] Epoch: [229/400][80/112] lr: 1.19e-04 | MSE loss: 5.7379e-03 | time: 0.052
I 06.08/11:18:30 solver.py:159 ] Epoch: [229/400][100/112] lr: 1.19e-04 | MSE loss: 5.9604e-03 | time: 0.050
I 06.08/11:18:30 solver.py:169 ] => Train  Loss: 5.9960e-03

I 06.08/11:18:30 solver.py:224 ] 
=! Best NMSE: -1.6838e+01 (epoch=210)

I 06.08/11:18:31 solver.py:159 ] Epoch: [230/400][20/112] lr: 1.19e-04 | MSE loss: 6.1006e-03 | time: 0.043
I 06.08/11:18:32 solver.py:159 ] Epoch: [230/400][40/112] lr: 1.19e-04 | MSE loss: 5.9976e-03 | time: 0.043
I 06.08/11:18:33 solver.py:159 ] Epoch: [230/400][60/112] lr: 1.19e-04 | MSE loss: 5.9152e-03 | time: 0.045
I 06.08/11:18:34 solver.py:159 ] Epoch: [230/400][80/112] lr: 1.19e-04 | MSE loss: 5.9298e-03 | time: 0.046
I 06.08/11:18:35 solver.py:159 ] Epoch: [230/400][100/112] lr: 1.19e-04 | MSE loss: 5.8997e-03 | time: 0.046
I 06.08/11:18:35 solver.py:169 ] => Train  Loss: 5.8775e-03

I 06.08/11:18:36 solver.py:169 ] => Val  Loss: 5.9511e-03

I 06.08/11:18:36 solver.py:413 ] => Test NMSE: -1.6918e+01

I 06.08/11:18:37 solver.py:224 ] 
=! Best NMSE: -1.6918e+01 (epoch=230)

I 06.08/11:18:38 solver.py:159 ] Epoch: [231/400][20/112] lr: 1.18e-04 | MSE loss: 6.0131e-03 | time: 0.048
I 06.08/11:18:39 solver.py:159 ] Epoch: [231/400][40/112] lr: 1.18e-04 | MSE loss: 6.1727e-03 | time: 0.048
I 06.08/11:18:40 solver.py:159 ] Epoch: [231/400][60/112] lr: 1.18e-04 | MSE loss: 6.2871e-03 | time: 0.047
I 06.08/11:18:41 solver.py:159 ] Epoch: [231/400][80/112] lr: 1.18e-04 | MSE loss: 6.2586e-03 | time: 0.049
I 06.08/11:18:42 solver.py:159 ] Epoch: [231/400][100/112] lr: 1.18e-04 | MSE loss: 6.1703e-03 | time: 0.049
I 06.08/11:18:42 solver.py:169 ] => Train  Loss: 6.1527e-03

I 06.08/11:18:42 solver.py:224 ] 
=! Best NMSE: -1.6918e+01 (epoch=230)

I 06.08/11:18:43 solver.py:159 ] Epoch: [232/400][20/112] lr: 1.18e-04 | MSE loss: 5.8941e-03 | time: 0.041
I 06.08/11:18:44 solver.py:159 ] Epoch: [232/400][40/112] lr: 1.18e-04 | MSE loss: 5.8108e-03 | time: 0.051
I 06.08/11:18:45 solver.py:159 ] Epoch: [232/400][60/112] lr: 1.17e-04 | MSE loss: 5.7492e-03 | time: 0.051
I 06.08/11:18:46 solver.py:159 ] Epoch: [232/400][80/112] lr: 1.17e-04 | MSE loss: 5.7325e-03 | time: 0.050
I 06.08/11:18:47 solver.py:159 ] Epoch: [232/400][100/112] lr: 1.17e-04 | MSE loss: 5.7033e-03 | time: 0.049
I 06.08/11:18:48 solver.py:169 ] => Train  Loss: 5.6934e-03

I 06.08/11:18:48 solver.py:224 ] 
=! Best NMSE: -1.6918e+01 (epoch=230)

I 06.08/11:18:49 solver.py:159 ] Epoch: [233/400][20/112] lr: 1.17e-04 | MSE loss: 5.5694e-03 | time: 0.052
I 06.08/11:18:50 solver.py:159 ] Epoch: [233/400][40/112] lr: 1.17e-04 | MSE loss: 5.4897e-03 | time: 0.054
I 06.08/11:18:51 solver.py:159 ] Epoch: [233/400][60/112] lr: 1.17e-04 | MSE loss: 5.4580e-03 | time: 0.052
I 06.08/11:18:52 solver.py:159 ] Epoch: [233/400][80/112] lr: 1.17e-04 | MSE loss: 5.5026e-03 | time: 0.052
I 06.08/11:18:53 solver.py:159 ] Epoch: [233/400][100/112] lr: 1.17e-04 | MSE loss: 5.5975e-03 | time: 0.050
I 06.08/11:18:53 solver.py:169 ] => Train  Loss: 5.6529e-03

I 06.08/11:18:54 solver.py:224 ] 
=! Best NMSE: -1.6918e+01 (epoch=230)

I 06.08/11:18:55 solver.py:159 ] Epoch: [234/400][20/112] lr: 1.16e-04 | MSE loss: 5.8586e-03 | time: 0.052
I 06.08/11:18:56 solver.py:159 ] Epoch: [234/400][40/112] lr: 1.16e-04 | MSE loss: 5.8961e-03 | time: 0.051
I 06.08/11:18:57 solver.py:159 ] Epoch: [234/400][60/112] lr: 1.16e-04 | MSE loss: 5.9587e-03 | time: 0.050
I 06.08/11:18:57 solver.py:159 ] Epoch: [234/400][80/112] lr: 1.16e-04 | MSE loss: 5.9427e-03 | time: 0.049
I 06.08/11:18:58 solver.py:159 ] Epoch: [234/400][100/112] lr: 1.16e-04 | MSE loss: 6.0257e-03 | time: 0.048
I 06.08/11:18:59 solver.py:169 ] => Train  Loss: 6.0306e-03

I 06.08/11:18:59 solver.py:224 ] 
=! Best NMSE: -1.6918e+01 (epoch=230)

I 06.08/11:19:00 solver.py:159 ] Epoch: [235/400][20/112] lr: 1.16e-04 | MSE loss: 5.8441e-03 | time: 0.053
I 06.08/11:19:01 solver.py:159 ] Epoch: [235/400][40/112] lr: 1.16e-04 | MSE loss: 6.3336e-03 | time: 0.057
I 06.08/11:19:03 solver.py:159 ] Epoch: [235/400][60/112] lr: 1.16e-04 | MSE loss: 6.3623e-03 | time: 0.062
I 06.08/11:19:04 solver.py:159 ] Epoch: [235/400][80/112] lr: 1.15e-04 | MSE loss: 6.3670e-03 | time: 0.064
I 06.08/11:19:06 solver.py:159 ] Epoch: [235/400][100/112] lr: 1.15e-04 | MSE loss: 6.3310e-03 | time: 0.069
I 06.08/11:19:07 solver.py:169 ] => Train  Loss: 6.3800e-03

I 06.08/11:19:07 solver.py:224 ] 
=! Best NMSE: -1.6918e+01 (epoch=230)

I 06.08/11:19:09 solver.py:159 ] Epoch: [236/400][20/112] lr: 1.15e-04 | MSE loss: 6.7327e-03 | time: 0.085
I 06.08/11:19:10 solver.py:159 ] Epoch: [236/400][40/112] lr: 1.15e-04 | MSE loss: 6.6046e-03 | time: 0.081
I 06.08/11:19:11 solver.py:159 ] Epoch: [236/400][60/112] lr: 1.15e-04 | MSE loss: 6.4652e-03 | time: 0.072
I 06.08/11:19:12 solver.py:159 ] Epoch: [236/400][80/112] lr: 1.15e-04 | MSE loss: 6.4379e-03 | time: 0.066
I 06.08/11:19:13 solver.py:159 ] Epoch: [236/400][100/112] lr: 1.15e-04 | MSE loss: 6.3815e-03 | time: 0.062
I 06.08/11:19:14 solver.py:169 ] => Train  Loss: 6.3388e-03

I 06.08/11:19:14 solver.py:224 ] 
=! Best NMSE: -1.6918e+01 (epoch=230)

I 06.08/11:19:15 solver.py:159 ] Epoch: [237/400][20/112] lr: 1.14e-04 | MSE loss: 6.0596e-03 | time: 0.048
I 06.08/11:19:16 solver.py:159 ] Epoch: [237/400][40/112] lr: 1.14e-04 | MSE loss: 6.5448e-03 | time: 0.050
I 06.08/11:19:17 solver.py:159 ] Epoch: [237/400][60/112] lr: 1.14e-04 | MSE loss: 6.5528e-03 | time: 0.052
I 06.08/11:19:18 solver.py:159 ] Epoch: [237/400][80/112] lr: 1.14e-04 | MSE loss: 7.3005e-03 | time: 0.053
I 06.08/11:19:19 solver.py:159 ] Epoch: [237/400][100/112] lr: 1.14e-04 | MSE loss: 7.6314e-03 | time: 0.053
I 06.08/11:19:20 solver.py:169 ] => Train  Loss: 7.6003e-03

I 06.08/11:19:20 solver.py:224 ] 
=! Best NMSE: -1.6918e+01 (epoch=230)

I 06.08/11:19:21 solver.py:159 ] Epoch: [238/400][20/112] lr: 1.14e-04 | MSE loss: 6.6382e-03 | time: 0.053
I 06.08/11:19:22 solver.py:159 ] Epoch: [238/400][40/112] lr: 1.14e-04 | MSE loss: 6.8097e-03 | time: 0.051
I 06.08/11:19:23 solver.py:159 ] Epoch: [238/400][60/112] lr: 1.14e-04 | MSE loss: 6.7165e-03 | time: 0.053
I 06.08/11:19:24 solver.py:159 ] Epoch: [238/400][80/112] lr: 1.13e-04 | MSE loss: 6.6824e-03 | time: 0.053
I 06.08/11:19:25 solver.py:159 ] Epoch: [238/400][100/112] lr: 1.13e-04 | MSE loss: 6.6089e-03 | time: 0.052
I 06.08/11:19:26 solver.py:169 ] => Train  Loss: 6.5858e-03

I 06.08/11:19:26 solver.py:224 ] 
=! Best NMSE: -1.6918e+01 (epoch=230)

I 06.08/11:19:27 solver.py:159 ] Epoch: [239/400][20/112] lr: 1.13e-04 | MSE loss: 6.5259e-03 | time: 0.049
I 06.08/11:19:28 solver.py:159 ] Epoch: [239/400][40/112] lr: 1.13e-04 | MSE loss: 6.6105e-03 | time: 0.053
I 06.08/11:19:29 solver.py:159 ] Epoch: [239/400][60/112] lr: 1.13e-04 | MSE loss: 6.4162e-03 | time: 0.054
I 06.08/11:19:30 solver.py:159 ] Epoch: [239/400][80/112] lr: 1.13e-04 | MSE loss: 6.3157e-03 | time: 0.054
I 06.08/11:19:31 solver.py:159 ] Epoch: [239/400][100/112] lr: 1.13e-04 | MSE loss: 6.2743e-03 | time: 0.054
I 06.08/11:19:32 solver.py:169 ] => Train  Loss: 6.2412e-03

I 06.08/11:19:32 solver.py:224 ] 
=! Best NMSE: -1.6918e+01 (epoch=230)

I 06.08/11:19:33 solver.py:159 ] Epoch: [240/400][20/112] lr: 1.13e-04 | MSE loss: 5.8446e-03 | time: 0.052
I 06.08/11:19:34 solver.py:159 ] Epoch: [240/400][40/112] lr: 1.12e-04 | MSE loss: 5.8996e-03 | time: 0.051
I 06.08/11:19:35 solver.py:159 ] Epoch: [240/400][60/112] lr: 1.12e-04 | MSE loss: 6.0337e-03 | time: 0.049
I 06.08/11:19:36 solver.py:159 ] Epoch: [240/400][80/112] lr: 1.12e-04 | MSE loss: 6.1848e-03 | time: 0.050
I 06.08/11:19:37 solver.py:159 ] Epoch: [240/400][100/112] lr: 1.12e-04 | MSE loss: 6.2224e-03 | time: 0.051
I 06.08/11:19:38 solver.py:169 ] => Train  Loss: 6.2147e-03

I 06.08/11:19:38 solver.py:169 ] => Val  Loss: 6.1859e-03

I 06.08/11:19:39 solver.py:413 ] => Test NMSE: -1.6707e+01

I 06.08/11:19:39 solver.py:224 ] 
=! Best NMSE: -1.6918e+01 (epoch=230)

I 06.08/11:19:40 solver.py:159 ] Epoch: [241/400][20/112] lr: 1.12e-04 | MSE loss: 5.9821e-03 | time: 0.059
I 06.08/11:19:41 solver.py:159 ] Epoch: [241/400][40/112] lr: 1.12e-04 | MSE loss: 6.0303e-03 | time: 0.059
I 06.08/11:19:42 solver.py:159 ] Epoch: [241/400][60/112] lr: 1.12e-04 | MSE loss: 6.1555e-03 | time: 0.057
I 06.08/11:19:43 solver.py:159 ] Epoch: [241/400][80/112] lr: 1.12e-04 | MSE loss: 6.1267e-03 | time: 0.056
I 06.08/11:19:44 solver.py:159 ] Epoch: [241/400][100/112] lr: 1.11e-04 | MSE loss: 6.0567e-03 | time: 0.055
I 06.08/11:19:45 solver.py:169 ] => Train  Loss: 6.0141e-03

I 06.08/11:19:45 solver.py:224 ] 
=! Best NMSE: -1.6918e+01 (epoch=230)

I 06.08/11:19:46 solver.py:159 ] Epoch: [242/400][20/112] lr: 1.11e-04 | MSE loss: 5.7428e-03 | time: 0.054
I 06.08/11:19:47 solver.py:159 ] Epoch: [242/400][40/112] lr: 1.11e-04 | MSE loss: 5.6951e-03 | time: 0.054
I 06.08/11:19:48 solver.py:159 ] Epoch: [242/400][60/112] lr: 1.11e-04 | MSE loss: 5.6573e-03 | time: 0.054
I 06.08/11:19:49 solver.py:159 ] Epoch: [242/400][80/112] lr: 1.11e-04 | MSE loss: 5.6130e-03 | time: 0.054
I 06.08/11:19:50 solver.py:159 ] Epoch: [242/400][100/112] lr: 1.11e-04 | MSE loss: 5.6094e-03 | time: 0.052
I 06.08/11:19:51 solver.py:169 ] => Train  Loss: 5.6196e-03

I 06.08/11:19:51 solver.py:224 ] 
=! Best NMSE: -1.6918e+01 (epoch=230)

I 06.08/11:19:52 solver.py:159 ] Epoch: [243/400][20/112] lr: 1.11e-04 | MSE loss: 5.9333e-03 | time: 0.052
I 06.08/11:19:53 solver.py:159 ] Epoch: [243/400][40/112] lr: 1.10e-04 | MSE loss: 5.8606e-03 | time: 0.052
I 06.08/11:19:54 solver.py:159 ] Epoch: [243/400][60/112] lr: 1.10e-04 | MSE loss: 5.7673e-03 | time: 0.053
I 06.08/11:19:55 solver.py:159 ] Epoch: [243/400][80/112] lr: 1.10e-04 | MSE loss: 5.7274e-03 | time: 0.052
I 06.08/11:19:56 solver.py:159 ] Epoch: [243/400][100/112] lr: 1.10e-04 | MSE loss: 5.7137e-03 | time: 0.052
I 06.08/11:19:57 solver.py:169 ] => Train  Loss: 5.7085e-03

I 06.08/11:19:57 solver.py:224 ] 
=! Best NMSE: -1.6918e+01 (epoch=230)

I 06.08/11:19:58 solver.py:159 ] Epoch: [244/400][20/112] lr: 1.10e-04 | MSE loss: 5.4949e-03 | time: 0.056
I 06.08/11:19:59 solver.py:159 ] Epoch: [244/400][40/112] lr: 1.10e-04 | MSE loss: 5.7341e-03 | time: 0.053
I 06.08/11:20:00 solver.py:159 ] Epoch: [244/400][60/112] lr: 1.10e-04 | MSE loss: 5.7331e-03 | time: 0.056
I 06.08/11:20:01 solver.py:159 ] Epoch: [244/400][80/112] lr: 1.10e-04 | MSE loss: 5.6901e-03 | time: 0.059
I 06.08/11:20:03 solver.py:159 ] Epoch: [244/400][100/112] lr: 1.09e-04 | MSE loss: 5.7086e-03 | time: 0.060
I 06.08/11:20:03 solver.py:169 ] => Train  Loss: 5.7635e-03

I 06.08/11:20:03 solver.py:224 ] 
=! Best NMSE: -1.6918e+01 (epoch=230)

I 06.08/11:20:05 solver.py:159 ] Epoch: [245/400][20/112] lr: 1.09e-04 | MSE loss: 6.2143e-03 | time: 0.094
I 06.08/11:20:07 solver.py:159 ] Epoch: [245/400][40/112] lr: 1.09e-04 | MSE loss: 6.0720e-03 | time: 0.092
I 06.08/11:20:09 solver.py:159 ] Epoch: [245/400][60/112] lr: 1.09e-04 | MSE loss: 5.9070e-03 | time: 0.089
I 06.08/11:20:10 solver.py:159 ] Epoch: [245/400][80/112] lr: 1.09e-04 | MSE loss: 5.8441e-03 | time: 0.085
I 06.08/11:20:11 solver.py:159 ] Epoch: [245/400][100/112] lr: 1.09e-04 | MSE loss: 5.8076e-03 | time: 0.079
I 06.08/11:20:12 solver.py:169 ] => Train  Loss: 5.8545e-03

I 06.08/11:20:12 solver.py:224 ] 
=! Best NMSE: -1.6918e+01 (epoch=230)

I 06.08/11:20:13 solver.py:159 ] Epoch: [246/400][20/112] lr: 1.09e-04 | MSE loss: 7.4881e-03 | time: 0.053
I 06.08/11:20:14 solver.py:159 ] Epoch: [246/400][40/112] lr: 1.09e-04 | MSE loss: 7.0596e-03 | time: 0.053
I 06.08/11:20:15 solver.py:159 ] Epoch: [246/400][60/112] lr: 1.08e-04 | MSE loss: 6.7771e-03 | time: 0.051
I 06.08/11:20:16 solver.py:159 ] Epoch: [246/400][80/112] lr: 1.08e-04 | MSE loss: 6.5489e-03 | time: 0.051
I 06.08/11:20:17 solver.py:159 ] Epoch: [246/400][100/112] lr: 1.08e-04 | MSE loss: 6.4114e-03 | time: 0.051
I 06.08/11:20:18 solver.py:169 ] => Train  Loss: 6.3327e-03

I 06.08/11:20:18 solver.py:224 ] 
=! Best NMSE: -1.6918e+01 (epoch=230)

I 06.08/11:20:19 solver.py:159 ] Epoch: [247/400][20/112] lr: 1.08e-04 | MSE loss: 5.5669e-03 | time: 0.043
I 06.08/11:20:19 solver.py:159 ] Epoch: [247/400][40/112] lr: 1.08e-04 | MSE loss: 5.5444e-03 | time: 0.044
I 06.08/11:20:21 solver.py:159 ] Epoch: [247/400][60/112] lr: 1.08e-04 | MSE loss: 5.5337e-03 | time: 0.050
I 06.08/11:20:22 solver.py:159 ] Epoch: [247/400][80/112] lr: 1.08e-04 | MSE loss: 5.4733e-03 | time: 0.050
I 06.08/11:20:23 solver.py:159 ] Epoch: [247/400][100/112] lr: 1.08e-04 | MSE loss: 5.4213e-03 | time: 0.048
I 06.08/11:20:23 solver.py:169 ] => Train  Loss: 5.4011e-03

I 06.08/11:20:23 solver.py:224 ] 
=! Best NMSE: -1.6918e+01 (epoch=230)

I 06.08/11:20:24 solver.py:159 ] Epoch: [248/400][20/112] lr: 1.07e-04 | MSE loss: 5.2529e-03 | time: 0.045
I 06.08/11:20:25 solver.py:159 ] Epoch: [248/400][40/112] lr: 1.07e-04 | MSE loss: 5.2068e-03 | time: 0.045
I 06.08/11:20:26 solver.py:159 ] Epoch: [248/400][60/112] lr: 1.07e-04 | MSE loss: 5.2831e-03 | time: 0.045
I 06.08/11:20:27 solver.py:159 ] Epoch: [248/400][80/112] lr: 1.07e-04 | MSE loss: 5.3184e-03 | time: 0.044
I 06.08/11:20:28 solver.py:159 ] Epoch: [248/400][100/112] lr: 1.07e-04 | MSE loss: 5.3719e-03 | time: 0.044
I 06.08/11:20:28 solver.py:169 ] => Train  Loss: 5.3783e-03

I 06.08/11:20:28 solver.py:224 ] 
=! Best NMSE: -1.6918e+01 (epoch=230)

I 06.08/11:20:29 solver.py:159 ] Epoch: [249/400][20/112] lr: 1.07e-04 | MSE loss: 5.2851e-03 | time: 0.049
I 06.08/11:20:30 solver.py:159 ] Epoch: [249/400][40/112] lr: 1.07e-04 | MSE loss: 5.2773e-03 | time: 0.049
I 06.08/11:20:31 solver.py:159 ] Epoch: [249/400][60/112] lr: 1.07e-04 | MSE loss: 5.2935e-03 | time: 0.048
I 06.08/11:20:32 solver.py:159 ] Epoch: [249/400][80/112] lr: 1.06e-04 | MSE loss: 5.3081e-03 | time: 0.049
I 06.08/11:20:33 solver.py:159 ] Epoch: [249/400][100/112] lr: 1.06e-04 | MSE loss: 5.2910e-03 | time: 0.049
I 06.08/11:20:33 solver.py:169 ] => Train  Loss: 5.3451e-03

I 06.08/11:20:33 solver.py:224 ] 
=! Best NMSE: -1.6918e+01 (epoch=230)

I 06.08/11:20:34 solver.py:159 ] Epoch: [250/400][20/112] lr: 1.06e-04 | MSE loss: 5.6464e-03 | time: 0.050
I 06.08/11:20:36 solver.py:159 ] Epoch: [250/400][40/112] lr: 1.06e-04 | MSE loss: 5.5786e-03 | time: 0.053
I 06.08/11:20:37 solver.py:159 ] Epoch: [250/400][60/112] lr: 1.06e-04 | MSE loss: 6.0163e-03 | time: 0.053
I 06.08/11:20:37 solver.py:159 ] Epoch: [250/400][80/112] lr: 1.06e-04 | MSE loss: 6.0570e-03 | time: 0.050
I 06.08/11:20:38 solver.py:159 ] Epoch: [250/400][100/112] lr: 1.06e-04 | MSE loss: 5.9755e-03 | time: 0.050
I 06.08/11:20:39 solver.py:169 ] => Train  Loss: 5.9276e-03

I 06.08/11:20:39 solver.py:169 ] => Val  Loss: 5.4986e-03

I 06.08/11:20:40 solver.py:413 ] => Test NMSE: -1.7176e+01

I 06.08/11:20:40 solver.py:224 ] 
=! Best NMSE: -1.7176e+01 (epoch=250)

I 06.08/11:20:41 solver.py:159 ] Epoch: [251/400][20/112] lr: 1.05e-04 | MSE loss: 5.3775e-03 | time: 0.039
I 06.08/11:20:42 solver.py:159 ] Epoch: [251/400][40/112] lr: 1.05e-04 | MSE loss: 5.3841e-03 | time: 0.047
I 06.08/11:20:43 solver.py:159 ] Epoch: [251/400][60/112] lr: 1.05e-04 | MSE loss: 5.3633e-03 | time: 0.049
I 06.08/11:20:44 solver.py:159 ] Epoch: [251/400][80/112] lr: 1.05e-04 | MSE loss: 5.3449e-03 | time: 0.047
I 06.08/11:20:45 solver.py:159 ] Epoch: [251/400][100/112] lr: 1.05e-04 | MSE loss: 5.4011e-03 | time: 0.048
I 06.08/11:20:46 solver.py:169 ] => Train  Loss: 5.4195e-03

I 06.08/11:20:46 solver.py:224 ] 
=! Best NMSE: -1.7176e+01 (epoch=250)

I 06.08/11:20:47 solver.py:159 ] Epoch: [252/400][20/112] lr: 1.05e-04 | MSE loss: 6.1079e-03 | time: 0.045
I 06.08/11:20:48 solver.py:159 ] Epoch: [252/400][40/112] lr: 1.05e-04 | MSE loss: 6.4762e-03 | time: 0.048
I 06.08/11:20:49 solver.py:159 ] Epoch: [252/400][60/112] lr: 1.05e-04 | MSE loss: 6.3575e-03 | time: 0.048
I 06.08/11:20:50 solver.py:159 ] Epoch: [252/400][80/112] lr: 1.05e-04 | MSE loss: 6.2466e-03 | time: 0.046
I 06.08/11:20:51 solver.py:159 ] Epoch: [252/400][100/112] lr: 1.04e-04 | MSE loss: 6.1195e-03 | time: 0.047
I 06.08/11:20:51 solver.py:169 ] => Train  Loss: 6.0648e-03

I 06.08/11:20:51 solver.py:224 ] 
=! Best NMSE: -1.7176e+01 (epoch=250)

I 06.08/11:20:52 solver.py:159 ] Epoch: [253/400][20/112] lr: 1.04e-04 | MSE loss: 5.6930e-03 | time: 0.047
I 06.08/11:20:53 solver.py:159 ] Epoch: [253/400][40/112] lr: 1.04e-04 | MSE loss: 5.8963e-03 | time: 0.050
I 06.08/11:20:54 solver.py:159 ] Epoch: [253/400][60/112] lr: 1.04e-04 | MSE loss: 5.8309e-03 | time: 0.049
I 06.08/11:20:55 solver.py:159 ] Epoch: [253/400][80/112] lr: 1.04e-04 | MSE loss: 5.7532e-03 | time: 0.049
I 06.08/11:20:56 solver.py:159 ] Epoch: [253/400][100/112] lr: 1.04e-04 | MSE loss: 5.6799e-03 | time: 0.048
I 06.08/11:20:57 solver.py:169 ] => Train  Loss: 5.6610e-03

I 06.08/11:20:57 solver.py:224 ] 
=! Best NMSE: -1.7176e+01 (epoch=250)

I 06.08/11:20:58 solver.py:159 ] Epoch: [254/400][20/112] lr: 1.04e-04 | MSE loss: 5.3775e-03 | time: 0.048
I 06.08/11:20:59 solver.py:159 ] Epoch: [254/400][40/112] lr: 1.03e-04 | MSE loss: 5.3665e-03 | time: 0.052
I 06.08/11:21:00 solver.py:159 ] Epoch: [254/400][60/112] lr: 1.03e-04 | MSE loss: 5.6008e-03 | time: 0.051
I 06.08/11:21:01 solver.py:159 ] Epoch: [254/400][80/112] lr: 1.03e-04 | MSE loss: 5.8072e-03 | time: 0.052
I 06.08/11:21:02 solver.py:159 ] Epoch: [254/400][100/112] lr: 1.03e-04 | MSE loss: 5.8834e-03 | time: 0.055
I 06.08/11:21:03 solver.py:169 ] => Train  Loss: 5.8788e-03

I 06.08/11:21:03 solver.py:224 ] 
=! Best NMSE: -1.7176e+01 (epoch=250)

I 06.08/11:21:05 solver.py:159 ] Epoch: [255/400][20/112] lr: 1.03e-04 | MSE loss: 6.0137e-03 | time: 0.082
I 06.08/11:21:07 solver.py:159 ] Epoch: [255/400][40/112] lr: 1.03e-04 | MSE loss: 6.1546e-03 | time: 0.089
I 06.08/11:21:08 solver.py:159 ] Epoch: [255/400][60/112] lr: 1.03e-04 | MSE loss: 6.0541e-03 | time: 0.086
I 06.08/11:21:10 solver.py:159 ] Epoch: [255/400][80/112] lr: 1.03e-04 | MSE loss: 5.9763e-03 | time: 0.084
I 06.08/11:21:11 solver.py:159 ] Epoch: [255/400][100/112] lr: 1.03e-04 | MSE loss: 6.0298e-03 | time: 0.079
I 06.08/11:21:11 solver.py:169 ] => Train  Loss: 6.0357e-03

I 06.08/11:21:11 solver.py:224 ] 
=! Best NMSE: -1.7176e+01 (epoch=250)

I 06.08/11:21:13 solver.py:159 ] Epoch: [256/400][20/112] lr: 1.02e-04 | MSE loss: 6.0205e-03 | time: 0.053
I 06.08/11:21:14 solver.py:159 ] Epoch: [256/400][40/112] lr: 1.02e-04 | MSE loss: 5.9026e-03 | time: 0.051
I 06.08/11:21:15 solver.py:159 ] Epoch: [256/400][60/112] lr: 1.02e-04 | MSE loss: 5.9542e-03 | time: 0.052
I 06.08/11:21:16 solver.py:159 ] Epoch: [256/400][80/112] lr: 1.02e-04 | MSE loss: 5.9459e-03 | time: 0.051
I 06.08/11:21:17 solver.py:159 ] Epoch: [256/400][100/112] lr: 1.02e-04 | MSE loss: 5.9136e-03 | time: 0.050
I 06.08/11:21:17 solver.py:169 ] => Train  Loss: 5.9364e-03

I 06.08/11:21:17 solver.py:224 ] 
=! Best NMSE: -1.7176e+01 (epoch=250)

I 06.08/11:21:18 solver.py:159 ] Epoch: [257/400][20/112] lr: 1.02e-04 | MSE loss: 6.6609e-03 | time: 0.051
I 06.08/11:21:19 solver.py:159 ] Epoch: [257/400][40/112] lr: 1.02e-04 | MSE loss: 6.8309e-03 | time: 0.050
I 06.08/11:21:20 solver.py:159 ] Epoch: [257/400][60/112] lr: 1.01e-04 | MSE loss: 7.2687e-03 | time: 0.050
I 06.08/11:21:21 solver.py:159 ] Epoch: [257/400][80/112] lr: 1.01e-04 | MSE loss: 7.2050e-03 | time: 0.049
I 06.08/11:21:22 solver.py:159 ] Epoch: [257/400][100/112] lr: 1.01e-04 | MSE loss: 7.0466e-03 | time: 0.050
I 06.08/11:21:23 solver.py:169 ] => Train  Loss: 6.9818e-03

I 06.08/11:21:23 solver.py:224 ] 
=! Best NMSE: -1.7176e+01 (epoch=250)

I 06.08/11:21:24 solver.py:159 ] Epoch: [258/400][20/112] lr: 1.01e-04 | MSE loss: 6.4561e-03 | time: 0.047
I 06.08/11:21:25 solver.py:159 ] Epoch: [258/400][40/112] lr: 1.01e-04 | MSE loss: 7.3189e-03 | time: 0.049
I 06.08/11:21:26 solver.py:159 ] Epoch: [258/400][60/112] lr: 1.01e-04 | MSE loss: 7.4019e-03 | time: 0.048
I 06.08/11:21:27 solver.py:159 ] Epoch: [258/400][80/112] lr: 1.01e-04 | MSE loss: 7.2185e-03 | time: 0.048
I 06.08/11:21:28 solver.py:159 ] Epoch: [258/400][100/112] lr: 1.01e-04 | MSE loss: 7.0419e-03 | time: 0.049
I 06.08/11:21:28 solver.py:169 ] => Train  Loss: 6.9517e-03

I 06.08/11:21:28 solver.py:224 ] 
=! Best NMSE: -1.7176e+01 (epoch=250)

I 06.08/11:21:29 solver.py:159 ] Epoch: [259/400][20/112] lr: 1.00e-04 | MSE loss: 6.6115e-03 | time: 0.050
I 06.08/11:21:30 solver.py:159 ] Epoch: [259/400][40/112] lr: 1.00e-04 | MSE loss: 7.0046e-03 | time: 0.049
I 06.08/11:21:31 solver.py:159 ] Epoch: [259/400][60/112] lr: 1.00e-04 | MSE loss: 7.1091e-03 | time: 0.050
I 06.08/11:21:32 solver.py:159 ] Epoch: [259/400][80/112] lr: 1.00e-04 | MSE loss: 7.0348e-03 | time: 0.048
I 06.08/11:21:33 solver.py:159 ] Epoch: [259/400][100/112] lr: 1.00e-04 | MSE loss: 6.9339e-03 | time: 0.047
I 06.08/11:21:34 solver.py:169 ] => Train  Loss: 6.9055e-03

I 06.08/11:21:34 solver.py:224 ] 
=! Best NMSE: -1.7176e+01 (epoch=250)

I 06.08/11:21:35 solver.py:159 ] Epoch: [260/400][20/112] lr: 9.99e-05 | MSE loss: 6.7263e-03 | time: 0.050
I 06.08/11:21:36 solver.py:159 ] Epoch: [260/400][40/112] lr: 9.97e-05 | MSE loss: 6.5785e-03 | time: 0.049
I 06.08/11:21:36 solver.py:159 ] Epoch: [260/400][60/112] lr: 9.96e-05 | MSE loss: 6.5063e-03 | time: 0.047
I 06.08/11:21:37 solver.py:159 ] Epoch: [260/400][80/112] lr: 9.95e-05 | MSE loss: 6.4164e-03 | time: 0.047
I 06.08/11:21:38 solver.py:159 ] Epoch: [260/400][100/112] lr: 9.94e-05 | MSE loss: 6.3060e-03 | time: 0.047
I 06.08/11:21:39 solver.py:169 ] => Train  Loss: 6.2709e-03

I 06.08/11:21:40 solver.py:169 ] => Val  Loss: 6.2621e-03

I 06.08/11:21:40 solver.py:413 ] => Test NMSE: -1.6580e+01

I 06.08/11:21:40 solver.py:224 ] 
=! Best NMSE: -1.7176e+01 (epoch=250)

I 06.08/11:21:41 solver.py:159 ] Epoch: [261/400][20/112] lr: 9.92e-05 | MSE loss: 6.1697e-03 | time: 0.053
I 06.08/11:21:42 solver.py:159 ] Epoch: [261/400][40/112] lr: 9.91e-05 | MSE loss: 6.3809e-03 | time: 0.050
I 06.08/11:21:43 solver.py:159 ] Epoch: [261/400][60/112] lr: 9.90e-05 | MSE loss: 6.4707e-03 | time: 0.051
I 06.08/11:21:44 solver.py:159 ] Epoch: [261/400][80/112] lr: 9.89e-05 | MSE loss: 6.4678e-03 | time: 0.052
I 06.08/11:21:45 solver.py:159 ] Epoch: [261/400][100/112] lr: 9.88e-05 | MSE loss: 6.3784e-03 | time: 0.051
I 06.08/11:21:46 solver.py:169 ] => Train  Loss: 6.3490e-03

I 06.08/11:21:46 solver.py:224 ] 
=! Best NMSE: -1.7176e+01 (epoch=250)

I 06.08/11:21:47 solver.py:159 ] Epoch: [262/400][20/112] lr: 9.86e-05 | MSE loss: 6.0133e-03 | time: 0.049
I 06.08/11:21:48 solver.py:159 ] Epoch: [262/400][40/112] lr: 9.85e-05 | MSE loss: 6.0390e-03 | time: 0.051
I 06.08/11:21:49 solver.py:159 ] Epoch: [262/400][60/112] lr: 9.84e-05 | MSE loss: 6.0354e-03 | time: 0.049
I 06.08/11:21:50 solver.py:159 ] Epoch: [262/400][80/112] lr: 9.83e-05 | MSE loss: 6.0532e-03 | time: 0.049
I 06.08/11:21:51 solver.py:159 ] Epoch: [262/400][100/112] lr: 9.82e-05 | MSE loss: 6.0133e-03 | time: 0.050
I 06.08/11:21:51 solver.py:169 ] => Train  Loss: 5.9847e-03

I 06.08/11:21:51 solver.py:224 ] 
=! Best NMSE: -1.7176e+01 (epoch=250)

I 06.08/11:21:52 solver.py:159 ] Epoch: [263/400][20/112] lr: 9.80e-05 | MSE loss: 5.6399e-03 | time: 0.048
I 06.08/11:21:53 solver.py:159 ] Epoch: [263/400][40/112] lr: 9.79e-05 | MSE loss: 5.6640e-03 | time: 0.052
I 06.08/11:21:55 solver.py:159 ] Epoch: [263/400][60/112] lr: 9.78e-05 | MSE loss: 5.7090e-03 | time: 0.056
I 06.08/11:21:56 solver.py:159 ] Epoch: [263/400][80/112] lr: 9.77e-05 | MSE loss: 5.7478e-03 | time: 0.055
I 06.08/11:21:57 solver.py:159 ] Epoch: [263/400][100/112] lr: 9.76e-05 | MSE loss: 5.8685e-03 | time: 0.053
I 06.08/11:21:57 solver.py:169 ] => Train  Loss: 5.9175e-03

I 06.08/11:21:57 solver.py:224 ] 
=! Best NMSE: -1.7176e+01 (epoch=250)

I 06.08/11:21:58 solver.py:159 ] Epoch: [264/400][20/112] lr: 9.74e-05 | MSE loss: 5.9788e-03 | time: 0.051
I 06.08/11:21:59 solver.py:159 ] Epoch: [264/400][40/112] lr: 9.73e-05 | MSE loss: 5.9094e-03 | time: 0.051
I 06.08/11:22:00 solver.py:159 ] Epoch: [264/400][60/112] lr: 9.72e-05 | MSE loss: 5.8799e-03 | time: 0.050
I 06.08/11:22:02 solver.py:159 ] Epoch: [264/400][80/112] lr: 9.71e-05 | MSE loss: 5.8462e-03 | time: 0.053
I 06.08/11:22:03 solver.py:159 ] Epoch: [264/400][100/112] lr: 9.70e-05 | MSE loss: 5.8041e-03 | time: 0.057
I 06.08/11:22:04 solver.py:169 ] => Train  Loss: 5.7924e-03

I 06.08/11:22:04 solver.py:224 ] 
=! Best NMSE: -1.7176e+01 (epoch=250)

I 06.08/11:22:06 solver.py:159 ] Epoch: [265/400][20/112] lr: 9.68e-05 | MSE loss: 6.1345e-03 | time: 0.101
I 06.08/11:22:08 solver.py:159 ] Epoch: [265/400][40/112] lr: 9.67e-05 | MSE loss: 5.9810e-03 | time: 0.094
I 06.08/11:22:10 solver.py:159 ] Epoch: [265/400][60/112] lr: 9.66e-05 | MSE loss: 5.8232e-03 | time: 0.093
I 06.08/11:22:11 solver.py:159 ] Epoch: [265/400][80/112] lr: 9.65e-05 | MSE loss: 5.7213e-03 | time: 0.086
I 06.08/11:22:12 solver.py:159 ] Epoch: [265/400][100/112] lr: 9.64e-05 | MSE loss: 5.6404e-03 | time: 0.079
I 06.08/11:22:12 solver.py:169 ] => Train  Loss: 5.5996e-03

I 06.08/11:22:12 solver.py:224 ] 
=! Best NMSE: -1.7176e+01 (epoch=250)

I 06.08/11:22:13 solver.py:159 ] Epoch: [266/400][20/112] lr: 9.62e-05 | MSE loss: 5.2290e-03 | time: 0.050
I 06.08/11:22:15 solver.py:159 ] Epoch: [266/400][40/112] lr: 9.61e-05 | MSE loss: 5.2545e-03 | time: 0.052
I 06.08/11:22:16 solver.py:159 ] Epoch: [266/400][60/112] lr: 9.60e-05 | MSE loss: 5.3713e-03 | time: 0.052
I 06.08/11:22:17 solver.py:159 ] Epoch: [266/400][80/112] lr: 9.59e-05 | MSE loss: 5.4242e-03 | time: 0.052
I 06.08/11:22:18 solver.py:159 ] Epoch: [266/400][100/112] lr: 9.58e-05 | MSE loss: 5.6914e-03 | time: 0.051
I 06.08/11:22:18 solver.py:169 ] => Train  Loss: 5.7243e-03

I 06.08/11:22:18 solver.py:224 ] 
=! Best NMSE: -1.7176e+01 (epoch=250)

I 06.08/11:22:19 solver.py:159 ] Epoch: [267/400][20/112] lr: 9.56e-05 | MSE loss: 5.8413e-03 | time: 0.052
I 06.08/11:22:20 solver.py:159 ] Epoch: [267/400][40/112] lr: 9.55e-05 | MSE loss: 5.7751e-03 | time: 0.050
I 06.08/11:22:21 solver.py:159 ] Epoch: [267/400][60/112] lr: 9.54e-05 | MSE loss: 5.6768e-03 | time: 0.049
I 06.08/11:22:22 solver.py:159 ] Epoch: [267/400][80/112] lr: 9.53e-05 | MSE loss: 5.6512e-03 | time: 0.048
I 06.08/11:22:23 solver.py:159 ] Epoch: [267/400][100/112] lr: 9.52e-05 | MSE loss: 5.6320e-03 | time: 0.048
I 06.08/11:22:24 solver.py:169 ] => Train  Loss: 5.6106e-03

I 06.08/11:22:24 solver.py:224 ] 
=! Best NMSE: -1.7176e+01 (epoch=250)

I 06.08/11:22:25 solver.py:159 ] Epoch: [268/400][20/112] lr: 9.50e-05 | MSE loss: 5.6407e-03 | time: 0.052
I 06.08/11:22:26 solver.py:159 ] Epoch: [268/400][40/112] lr: 9.49e-05 | MSE loss: 5.5585e-03 | time: 0.052
I 06.08/11:22:27 solver.py:159 ] Epoch: [268/400][60/112] lr: 9.48e-05 | MSE loss: 6.0587e-03 | time: 0.053
I 06.08/11:22:28 solver.py:159 ] Epoch: [268/400][80/112] lr: 9.47e-05 | MSE loss: 6.4053e-03 | time: 0.052
I 06.08/11:22:29 solver.py:159 ] Epoch: [268/400][100/112] lr: 9.46e-05 | MSE loss: 6.3658e-03 | time: 0.051
I 06.08/11:22:29 solver.py:169 ] => Train  Loss: 6.3061e-03

I 06.08/11:22:29 solver.py:224 ] 
=! Best NMSE: -1.7176e+01 (epoch=250)

I 06.08/11:22:30 solver.py:159 ] Epoch: [269/400][20/112] lr: 9.44e-05 | MSE loss: 5.7768e-03 | time: 0.045
I 06.08/11:22:31 solver.py:159 ] Epoch: [269/400][40/112] lr: 9.43e-05 | MSE loss: 5.7019e-03 | time: 0.046
I 06.08/11:22:32 solver.py:159 ] Epoch: [269/400][60/112] lr: 9.42e-05 | MSE loss: 5.6489e-03 | time: 0.048
I 06.08/11:22:33 solver.py:159 ] Epoch: [269/400][80/112] lr: 9.41e-05 | MSE loss: 5.6109e-03 | time: 0.047
I 06.08/11:22:34 solver.py:159 ] Epoch: [269/400][100/112] lr: 9.40e-05 | MSE loss: 5.5487e-03 | time: 0.047
I 06.08/11:22:35 solver.py:169 ] => Train  Loss: 5.5287e-03

I 06.08/11:22:35 solver.py:224 ] 
=! Best NMSE: -1.7176e+01 (epoch=250)

I 06.08/11:22:36 solver.py:159 ] Epoch: [270/400][20/112] lr: 9.38e-05 | MSE loss: 6.4194e-03 | time: 0.048
I 06.08/11:22:37 solver.py:159 ] Epoch: [270/400][40/112] lr: 9.37e-05 | MSE loss: 6.1943e-03 | time: 0.051
I 06.08/11:22:38 solver.py:159 ] Epoch: [270/400][60/112] lr: 9.36e-05 | MSE loss: 6.0458e-03 | time: 0.049
I 06.08/11:22:39 solver.py:159 ] Epoch: [270/400][80/112] lr: 9.35e-05 | MSE loss: 5.9644e-03 | time: 0.049
I 06.08/11:22:40 solver.py:159 ] Epoch: [270/400][100/112] lr: 9.34e-05 | MSE loss: 6.1966e-03 | time: 0.049
I 06.08/11:22:40 solver.py:169 ] => Train  Loss: 6.2301e-03

I 06.08/11:22:41 solver.py:169 ] => Val  Loss: 6.3007e-03

I 06.08/11:22:41 solver.py:413 ] => Test NMSE: -1.6533e+01

I 06.08/11:22:41 solver.py:224 ] 
=! Best NMSE: -1.7176e+01 (epoch=250)

I 06.08/11:22:42 solver.py:159 ] Epoch: [271/400][20/112] lr: 9.32e-05 | MSE loss: 6.0401e-03 | time: 0.053
I 06.08/11:22:43 solver.py:159 ] Epoch: [271/400][40/112] lr: 9.31e-05 | MSE loss: 5.9373e-03 | time: 0.052
I 06.08/11:22:44 solver.py:159 ] Epoch: [271/400][60/112] lr: 9.30e-05 | MSE loss: 6.0400e-03 | time: 0.053
I 06.08/11:22:45 solver.py:159 ] Epoch: [271/400][80/112] lr: 9.29e-05 | MSE loss: 6.1965e-03 | time: 0.052
I 06.08/11:22:46 solver.py:159 ] Epoch: [271/400][100/112] lr: 9.28e-05 | MSE loss: 6.3399e-03 | time: 0.052
I 06.08/11:22:47 solver.py:169 ] => Train  Loss: 6.4050e-03

I 06.08/11:22:47 solver.py:224 ] 
=! Best NMSE: -1.7176e+01 (epoch=250)

I 06.08/11:22:48 solver.py:159 ] Epoch: [272/400][20/112] lr: 9.26e-05 | MSE loss: 7.8223e-03 | time: 0.054
I 06.08/11:22:49 solver.py:159 ] Epoch: [272/400][40/112] lr: 9.25e-05 | MSE loss: 7.3546e-03 | time: 0.051
I 06.08/11:22:50 solver.py:159 ] Epoch: [272/400][60/112] lr: 9.24e-05 | MSE loss: 7.0140e-03 | time: 0.050
I 06.08/11:22:51 solver.py:159 ] Epoch: [272/400][80/112] lr: 9.23e-05 | MSE loss: 6.7675e-03 | time: 0.050
I 06.08/11:22:52 solver.py:159 ] Epoch: [272/400][100/112] lr: 9.22e-05 | MSE loss: 6.5951e-03 | time: 0.050
I 06.08/11:22:52 solver.py:169 ] => Train  Loss: 6.5053e-03

I 06.08/11:22:52 solver.py:224 ] 
=! Best NMSE: -1.7176e+01 (epoch=250)

I 06.08/11:22:53 solver.py:159 ] Epoch: [273/400][20/112] lr: 9.20e-05 | MSE loss: 5.6248e-03 | time: 0.045
I 06.08/11:22:54 solver.py:159 ] Epoch: [273/400][40/112] lr: 9.19e-05 | MSE loss: 5.5481e-03 | time: 0.046
I 06.08/11:22:55 solver.py:159 ] Epoch: [273/400][60/112] lr: 9.18e-05 | MSE loss: 5.5381e-03 | time: 0.048
I 06.08/11:22:56 solver.py:159 ] Epoch: [273/400][80/112] lr: 9.17e-05 | MSE loss: 5.5117e-03 | time: 0.048
I 06.08/11:22:57 solver.py:159 ] Epoch: [273/400][100/112] lr: 9.16e-05 | MSE loss: 5.4752e-03 | time: 0.048
I 06.08/11:22:58 solver.py:169 ] => Train  Loss: 5.4959e-03

I 06.08/11:22:58 solver.py:224 ] 
=! Best NMSE: -1.7176e+01 (epoch=250)

I 06.08/11:22:59 solver.py:159 ] Epoch: [274/400][20/112] lr: 9.14e-05 | MSE loss: 5.5433e-03 | time: 0.053
I 06.08/11:23:00 solver.py:159 ] Epoch: [274/400][40/112] lr: 9.13e-05 | MSE loss: 5.4832e-03 | time: 0.053
I 06.08/11:23:01 solver.py:159 ] Epoch: [274/400][60/112] lr: 9.12e-05 | MSE loss: 5.4271e-03 | time: 0.058
I 06.08/11:23:03 solver.py:159 ] Epoch: [274/400][80/112] lr: 9.11e-05 | MSE loss: 5.3769e-03 | time: 0.061
I 06.08/11:23:04 solver.py:159 ] Epoch: [274/400][100/112] lr: 9.10e-05 | MSE loss: 5.4377e-03 | time: 0.064
I 06.08/11:23:05 solver.py:169 ] => Train  Loss: 5.4605e-03

I 06.08/11:23:05 solver.py:224 ] 
=! Best NMSE: -1.7176e+01 (epoch=250)

I 06.08/11:23:07 solver.py:159 ] Epoch: [275/400][20/112] lr: 9.08e-05 | MSE loss: 5.8410e-03 | time: 0.084
I 06.08/11:23:09 solver.py:159 ] Epoch: [275/400][40/112] lr: 9.07e-05 | MSE loss: 5.7050e-03 | time: 0.083
I 06.08/11:23:10 solver.py:159 ] Epoch: [275/400][60/112] lr: 9.06e-05 | MSE loss: 5.6259e-03 | time: 0.078
I 06.08/11:23:11 solver.py:159 ] Epoch: [275/400][80/112] lr: 9.05e-05 | MSE loss: 5.7410e-03 | time: 0.072
I 06.08/11:23:12 solver.py:159 ] Epoch: [275/400][100/112] lr: 9.04e-05 | MSE loss: 5.7597e-03 | time: 0.068
I 06.08/11:23:13 solver.py:169 ] => Train  Loss: 5.7456e-03

I 06.08/11:23:13 solver.py:224 ] 
=! Best NMSE: -1.7176e+01 (epoch=250)

I 06.08/11:23:14 solver.py:159 ] Epoch: [276/400][20/112] lr: 9.03e-05 | MSE loss: 5.4036e-03 | time: 0.048
I 06.08/11:23:15 solver.py:159 ] Epoch: [276/400][40/112] lr: 9.02e-05 | MSE loss: 5.3401e-03 | time: 0.049
I 06.08/11:23:16 solver.py:159 ] Epoch: [276/400][60/112] lr: 9.01e-05 | MSE loss: 5.2912e-03 | time: 0.049
I 06.08/11:23:17 solver.py:159 ] Epoch: [276/400][80/112] lr: 9.00e-05 | MSE loss: 5.2722e-03 | time: 0.049
I 06.08/11:23:18 solver.py:159 ] Epoch: [276/400][100/112] lr: 8.99e-05 | MSE loss: 5.2614e-03 | time: 0.051
I 06.08/11:23:18 solver.py:169 ] => Train  Loss: 5.2529e-03

I 06.08/11:23:18 solver.py:224 ] 
=! Best NMSE: -1.7176e+01 (epoch=250)

I 06.08/11:23:20 solver.py:159 ] Epoch: [277/400][20/112] lr: 8.97e-05 | MSE loss: 5.0941e-03 | time: 0.054
I 06.08/11:23:20 solver.py:159 ] Epoch: [277/400][40/112] lr: 8.96e-05 | MSE loss: 5.1316e-03 | time: 0.049
I 06.08/11:23:22 solver.py:159 ] Epoch: [277/400][60/112] lr: 8.95e-05 | MSE loss: 5.1638e-03 | time: 0.052
I 06.08/11:23:23 solver.py:159 ] Epoch: [277/400][80/112] lr: 8.94e-05 | MSE loss: 5.1544e-03 | time: 0.053
I 06.08/11:23:24 solver.py:159 ] Epoch: [277/400][100/112] lr: 8.93e-05 | MSE loss: 5.1677e-03 | time: 0.053
I 06.08/11:23:24 solver.py:169 ] => Train  Loss: 5.2080e-03

I 06.08/11:23:24 solver.py:224 ] 
=! Best NMSE: -1.7176e+01 (epoch=250)

I 06.08/11:23:25 solver.py:159 ] Epoch: [278/400][20/112] lr: 8.91e-05 | MSE loss: 5.6892e-03 | time: 0.052
I 06.08/11:23:26 solver.py:159 ] Epoch: [278/400][40/112] lr: 8.90e-05 | MSE loss: 5.7253e-03 | time: 0.051
I 06.08/11:23:28 solver.py:159 ] Epoch: [278/400][60/112] lr: 8.89e-05 | MSE loss: 5.9334e-03 | time: 0.051
I 06.08/11:23:29 solver.py:159 ] Epoch: [278/400][80/112] lr: 8.88e-05 | MSE loss: 5.9490e-03 | time: 0.051
I 06.08/11:23:30 solver.py:159 ] Epoch: [278/400][100/112] lr: 8.87e-05 | MSE loss: 5.8942e-03 | time: 0.050
I 06.08/11:23:30 solver.py:169 ] => Train  Loss: 5.8474e-03

I 06.08/11:23:30 solver.py:224 ] 
=! Best NMSE: -1.7176e+01 (epoch=250)

I 06.08/11:23:31 solver.py:159 ] Epoch: [279/400][20/112] lr: 8.85e-05 | MSE loss: 5.3048e-03 | time: 0.047
I 06.08/11:23:32 solver.py:159 ] Epoch: [279/400][40/112] lr: 8.84e-05 | MSE loss: 5.3559e-03 | time: 0.051
I 06.08/11:23:33 solver.py:159 ] Epoch: [279/400][60/112] lr: 8.83e-05 | MSE loss: 5.4357e-03 | time: 0.050
I 06.08/11:23:34 solver.py:159 ] Epoch: [279/400][80/112] lr: 8.82e-05 | MSE loss: 5.4587e-03 | time: 0.049
I 06.08/11:23:35 solver.py:159 ] Epoch: [279/400][100/112] lr: 8.81e-05 | MSE loss: 5.4583e-03 | time: 0.050
I 06.08/11:23:36 solver.py:169 ] => Train  Loss: 5.4670e-03

I 06.08/11:23:36 solver.py:224 ] 
=! Best NMSE: -1.7176e+01 (epoch=250)

I 06.08/11:23:37 solver.py:159 ] Epoch: [280/400][20/112] lr: 8.80e-05 | MSE loss: 5.5259e-03 | time: 0.050
I 06.08/11:23:38 solver.py:159 ] Epoch: [280/400][40/112] lr: 8.79e-05 | MSE loss: 5.4131e-03 | time: 0.053
I 06.08/11:23:39 solver.py:159 ] Epoch: [280/400][60/112] lr: 8.78e-05 | MSE loss: 6.2065e-03 | time: 0.056
I 06.08/11:23:40 solver.py:159 ] Epoch: [280/400][80/112] lr: 8.77e-05 | MSE loss: 6.4851e-03 | time: 0.052
I 06.08/11:23:41 solver.py:159 ] Epoch: [280/400][100/112] lr: 8.76e-05 | MSE loss: 6.4475e-03 | time: 0.052
I 06.08/11:23:42 solver.py:169 ] => Train  Loss: 6.3981e-03

I 06.08/11:23:42 solver.py:169 ] => Val  Loss: 5.8773e-03

I 06.08/11:23:42 solver.py:413 ] => Test NMSE: -1.6806e+01

I 06.08/11:23:42 solver.py:224 ] 
=! Best NMSE: -1.7176e+01 (epoch=250)

I 06.08/11:23:43 solver.py:159 ] Epoch: [281/400][20/112] lr: 8.74e-05 | MSE loss: 5.6405e-03 | time: 0.049
I 06.08/11:23:44 solver.py:159 ] Epoch: [281/400][40/112] lr: 8.73e-05 | MSE loss: 5.5683e-03 | time: 0.051
I 06.08/11:23:45 solver.py:159 ] Epoch: [281/400][60/112] lr: 8.72e-05 | MSE loss: 5.8415e-03 | time: 0.051
I 06.08/11:23:47 solver.py:159 ] Epoch: [281/400][80/112] lr: 8.71e-05 | MSE loss: 5.8162e-03 | time: 0.052
I 06.08/11:23:47 solver.py:159 ] Epoch: [281/400][100/112] lr: 8.70e-05 | MSE loss: 5.8002e-03 | time: 0.051
I 06.08/11:23:48 solver.py:169 ] => Train  Loss: 5.8011e-03

I 06.08/11:23:48 solver.py:224 ] 
=! Best NMSE: -1.7176e+01 (epoch=250)

I 06.08/11:23:49 solver.py:159 ] Epoch: [282/400][20/112] lr: 8.68e-05 | MSE loss: 5.7071e-03 | time: 0.047
I 06.08/11:23:50 solver.py:159 ] Epoch: [282/400][40/112] lr: 8.67e-05 | MSE loss: 5.6496e-03 | time: 0.046
I 06.08/11:23:51 solver.py:159 ] Epoch: [282/400][60/112] lr: 8.66e-05 | MSE loss: 5.5969e-03 | time: 0.047
I 06.08/11:23:52 solver.py:159 ] Epoch: [282/400][80/112] lr: 8.65e-05 | MSE loss: 5.7494e-03 | time: 0.046
I 06.08/11:23:53 solver.py:159 ] Epoch: [282/400][100/112] lr: 8.64e-05 | MSE loss: 5.7608e-03 | time: 0.047
I 06.08/11:23:53 solver.py:169 ] => Train  Loss: 5.7820e-03

I 06.08/11:23:53 solver.py:224 ] 
=! Best NMSE: -1.7176e+01 (epoch=250)

I 06.08/11:23:54 solver.py:159 ] Epoch: [283/400][20/112] lr: 8.63e-05 | MSE loss: 5.5634e-03 | time: 0.043
I 06.08/11:23:55 solver.py:159 ] Epoch: [283/400][40/112] lr: 8.62e-05 | MSE loss: 5.7831e-03 | time: 0.049
I 06.08/11:23:56 solver.py:159 ] Epoch: [283/400][60/112] lr: 8.61e-05 | MSE loss: 6.0740e-03 | time: 0.050
I 06.08/11:23:57 solver.py:159 ] Epoch: [283/400][80/112] lr: 8.60e-05 | MSE loss: 6.0929e-03 | time: 0.049
I 06.08/11:23:58 solver.py:159 ] Epoch: [283/400][100/112] lr: 8.59e-05 | MSE loss: 6.0537e-03 | time: 0.048
I 06.08/11:23:59 solver.py:169 ] => Train  Loss: 6.0171e-03

I 06.08/11:23:59 solver.py:224 ] 
=! Best NMSE: -1.7176e+01 (epoch=250)

I 06.08/11:24:00 solver.py:159 ] Epoch: [284/400][20/112] lr: 8.57e-05 | MSE loss: 5.5912e-03 | time: 0.045
I 06.08/11:24:01 solver.py:159 ] Epoch: [284/400][40/112] lr: 8.56e-05 | MSE loss: 5.6098e-03 | time: 0.056
I 06.08/11:24:02 solver.py:159 ] Epoch: [284/400][60/112] lr: 8.55e-05 | MSE loss: 5.6163e-03 | time: 0.059
I 06.08/11:24:04 solver.py:159 ] Epoch: [284/400][80/112] lr: 8.54e-05 | MSE loss: 5.5661e-03 | time: 0.061
I 06.08/11:24:05 solver.py:159 ] Epoch: [284/400][100/112] lr: 8.53e-05 | MSE loss: 5.5089e-03 | time: 0.065
I 06.08/11:24:07 solver.py:169 ] => Train  Loss: 5.4758e-03

I 06.08/11:24:07 solver.py:224 ] 
=! Best NMSE: -1.7176e+01 (epoch=250)

I 06.08/11:24:08 solver.py:159 ] Epoch: [285/400][20/112] lr: 8.52e-05 | MSE loss: 6.0347e-03 | time: 0.086
I 06.08/11:24:10 solver.py:159 ] Epoch: [285/400][40/112] lr: 8.51e-05 | MSE loss: 6.2176e-03 | time: 0.081
I 06.08/11:24:11 solver.py:159 ] Epoch: [285/400][60/112] lr: 8.50e-05 | MSE loss: 6.0530e-03 | time: 0.073
I 06.08/11:24:12 solver.py:159 ] Epoch: [285/400][80/112] lr: 8.49e-05 | MSE loss: 6.0644e-03 | time: 0.068
I 06.08/11:24:13 solver.py:159 ] Epoch: [285/400][100/112] lr: 8.48e-05 | MSE loss: 6.0709e-03 | time: 0.064
I 06.08/11:24:14 solver.py:169 ] => Train  Loss: 6.0842e-03

I 06.08/11:24:14 solver.py:224 ] 
=! Best NMSE: -1.7176e+01 (epoch=250)

I 06.08/11:24:15 solver.py:159 ] Epoch: [286/400][20/112] lr: 8.46e-05 | MSE loss: 5.9329e-03 | time: 0.048
I 06.08/11:24:16 solver.py:159 ] Epoch: [286/400][40/112] lr: 8.45e-05 | MSE loss: 6.0194e-03 | time: 0.053
I 06.08/11:24:17 solver.py:159 ] Epoch: [286/400][60/112] lr: 8.44e-05 | MSE loss: 5.9343e-03 | time: 0.055
I 06.08/11:24:18 solver.py:159 ] Epoch: [286/400][80/112] lr: 8.43e-05 | MSE loss: 5.8624e-03 | time: 0.053
I 06.08/11:24:19 solver.py:159 ] Epoch: [286/400][100/112] lr: 8.42e-05 | MSE loss: 5.7666e-03 | time: 0.053
I 06.08/11:24:20 solver.py:169 ] => Train  Loss: 5.7203e-03

I 06.08/11:24:20 solver.py:224 ] 
=! Best NMSE: -1.7176e+01 (epoch=250)

I 06.08/11:24:21 solver.py:159 ] Epoch: [287/400][20/112] lr: 8.41e-05 | MSE loss: 5.6153e-03 | time: 0.053
I 06.08/11:24:22 solver.py:159 ] Epoch: [287/400][40/112] lr: 8.40e-05 | MSE loss: 5.5979e-03 | time: 0.051
I 06.08/11:24:23 solver.py:159 ] Epoch: [287/400][60/112] lr: 8.39e-05 | MSE loss: 5.4826e-03 | time: 0.051
I 06.08/11:24:24 solver.py:159 ] Epoch: [287/400][80/112] lr: 8.38e-05 | MSE loss: 5.4209e-03 | time: 0.051
I 06.08/11:24:25 solver.py:159 ] Epoch: [287/400][100/112] lr: 8.37e-05 | MSE loss: 5.3699e-03 | time: 0.050
I 06.08/11:24:25 solver.py:169 ] => Train  Loss: 5.3426e-03

I 06.08/11:24:25 solver.py:224 ] 
=! Best NMSE: -1.7176e+01 (epoch=250)

I 06.08/11:24:26 solver.py:159 ] Epoch: [288/400][20/112] lr: 8.35e-05 | MSE loss: 5.2073e-03 | time: 0.052
I 06.08/11:24:27 solver.py:159 ] Epoch: [288/400][40/112] lr: 8.34e-05 | MSE loss: 5.3478e-03 | time: 0.053
I 06.08/11:24:28 solver.py:159 ] Epoch: [288/400][60/112] lr: 8.33e-05 | MSE loss: 5.3360e-03 | time: 0.050
I 06.08/11:24:29 solver.py:159 ] Epoch: [288/400][80/112] lr: 8.32e-05 | MSE loss: 5.3206e-03 | time: 0.049
I 06.08/11:24:30 solver.py:159 ] Epoch: [288/400][100/112] lr: 8.31e-05 | MSE loss: 5.3978e-03 | time: 0.050
I 06.08/11:24:31 solver.py:169 ] => Train  Loss: 5.4448e-03

I 06.08/11:24:31 solver.py:224 ] 
=! Best NMSE: -1.7176e+01 (epoch=250)

I 06.08/11:24:32 solver.py:159 ] Epoch: [289/400][20/112] lr: 8.30e-05 | MSE loss: 5.4820e-03 | time: 0.044
I 06.08/11:24:33 solver.py:159 ] Epoch: [289/400][40/112] lr: 8.29e-05 | MSE loss: 5.6597e-03 | time: 0.048
I 06.08/11:24:34 solver.py:159 ] Epoch: [289/400][60/112] lr: 8.28e-05 | MSE loss: 5.6185e-03 | time: 0.052
I 06.08/11:24:35 solver.py:159 ] Epoch: [289/400][80/112] lr: 8.27e-05 | MSE loss: 5.6095e-03 | time: 0.053
I 06.08/11:24:36 solver.py:159 ] Epoch: [289/400][100/112] lr: 8.26e-05 | MSE loss: 5.6364e-03 | time: 0.053
I 06.08/11:24:37 solver.py:169 ] => Train  Loss: 5.6683e-03

I 06.08/11:24:37 solver.py:224 ] 
=! Best NMSE: -1.7176e+01 (epoch=250)

I 06.08/11:24:38 solver.py:159 ] Epoch: [290/400][20/112] lr: 8.24e-05 | MSE loss: 5.6369e-03 | time: 0.052
I 06.08/11:24:39 solver.py:159 ] Epoch: [290/400][40/112] lr: 8.23e-05 | MSE loss: 5.5272e-03 | time: 0.055
I 06.08/11:24:40 solver.py:159 ] Epoch: [290/400][60/112] lr: 8.22e-05 | MSE loss: 5.4326e-03 | time: 0.055
I 06.08/11:24:41 solver.py:159 ] Epoch: [290/400][80/112] lr: 8.21e-05 | MSE loss: 5.3623e-03 | time: 0.054
I 06.08/11:24:42 solver.py:159 ] Epoch: [290/400][100/112] lr: 8.20e-05 | MSE loss: 5.3328e-03 | time: 0.054
I 06.08/11:24:43 solver.py:169 ] => Train  Loss: 5.3094e-03

I 06.08/11:24:43 solver.py:169 ] => Val  Loss: 5.1556e-03

I 06.08/11:24:44 solver.py:413 ] => Test NMSE: -1.7360e+01

I 06.08/11:24:44 solver.py:224 ] 
=! Best NMSE: -1.7360e+01 (epoch=290)

I 06.08/11:24:45 solver.py:159 ] Epoch: [291/400][20/112] lr: 8.19e-05 | MSE loss: 5.0401e-03 | time: 0.051
I 06.08/11:24:46 solver.py:159 ] Epoch: [291/400][40/112] lr: 8.18e-05 | MSE loss: 5.0558e-03 | time: 0.050
I 06.08/11:24:47 solver.py:159 ] Epoch: [291/400][60/112] lr: 8.17e-05 | MSE loss: 5.3116e-03 | time: 0.050
I 06.08/11:24:48 solver.py:159 ] Epoch: [291/400][80/112] lr: 8.16e-05 | MSE loss: 5.3485e-03 | time: 0.050
I 06.08/11:24:49 solver.py:159 ] Epoch: [291/400][100/112] lr: 8.15e-05 | MSE loss: 5.3410e-03 | time: 0.050
I 06.08/11:24:50 solver.py:169 ] => Train  Loss: 5.3395e-03

I 06.08/11:24:50 solver.py:224 ] 
=! Best NMSE: -1.7360e+01 (epoch=290)

I 06.08/11:24:51 solver.py:159 ] Epoch: [292/400][20/112] lr: 8.14e-05 | MSE loss: 5.2811e-03 | time: 0.054
I 06.08/11:24:52 solver.py:159 ] Epoch: [292/400][40/112] lr: 8.13e-05 | MSE loss: 5.2296e-03 | time: 0.051
I 06.08/11:24:53 solver.py:159 ] Epoch: [292/400][60/112] lr: 8.12e-05 | MSE loss: 5.2166e-03 | time: 0.054
I 06.08/11:24:54 solver.py:159 ] Epoch: [292/400][80/112] lr: 8.11e-05 | MSE loss: 5.2668e-03 | time: 0.054
I 06.08/11:24:55 solver.py:159 ] Epoch: [292/400][100/112] lr: 8.10e-05 | MSE loss: 5.2555e-03 | time: 0.053
I 06.08/11:24:56 solver.py:169 ] => Train  Loss: 5.2293e-03

I 06.08/11:24:56 solver.py:224 ] 
=! Best NMSE: -1.7360e+01 (epoch=290)

I 06.08/11:24:57 solver.py:159 ] Epoch: [293/400][20/112] lr: 8.08e-05 | MSE loss: 5.2292e-03 | time: 0.057
I 06.08/11:24:58 solver.py:159 ] Epoch: [293/400][40/112] lr: 8.07e-05 | MSE loss: 5.3121e-03 | time: 0.052
I 06.08/11:24:59 solver.py:159 ] Epoch: [293/400][60/112] lr: 8.06e-05 | MSE loss: 5.2304e-03 | time: 0.051
I 06.08/11:25:00 solver.py:159 ] Epoch: [293/400][80/112] lr: 8.05e-05 | MSE loss: 5.2078e-03 | time: 0.050
I 06.08/11:25:01 solver.py:159 ] Epoch: [293/400][100/112] lr: 8.04e-05 | MSE loss: 5.2106e-03 | time: 0.053
I 06.08/11:25:02 solver.py:169 ] => Train  Loss: 5.2923e-03

I 06.08/11:25:02 solver.py:224 ] 
=! Best NMSE: -1.7360e+01 (epoch=290)

I 06.08/11:25:04 solver.py:159 ] Epoch: [294/400][20/112] lr: 8.03e-05 | MSE loss: 5.5935e-03 | time: 0.076
I 06.08/11:25:05 solver.py:159 ] Epoch: [294/400][40/112] lr: 8.02e-05 | MSE loss: 5.6434e-03 | time: 0.082
I 06.08/11:25:07 solver.py:159 ] Epoch: [294/400][60/112] lr: 8.01e-05 | MSE loss: 5.5697e-03 | time: 0.084
I 06.08/11:25:09 solver.py:159 ] Epoch: [294/400][80/112] lr: 8.00e-05 | MSE loss: 5.4670e-03 | time: 0.083
I 06.08/11:25:10 solver.py:159 ] Epoch: [294/400][100/112] lr: 7.99e-05 | MSE loss: 5.3944e-03 | time: 0.081
I 06.08/11:25:11 solver.py:169 ] => Train  Loss: 5.3573e-03

I 06.08/11:25:11 solver.py:224 ] 
=! Best NMSE: -1.7360e+01 (epoch=290)

I 06.08/11:25:12 solver.py:159 ] Epoch: [295/400][20/112] lr: 7.98e-05 | MSE loss: 5.0116e-03 | time: 0.050
I 06.08/11:25:13 solver.py:159 ] Epoch: [295/400][40/112] lr: 7.97e-05 | MSE loss: 5.0443e-03 | time: 0.051
I 06.08/11:25:14 solver.py:159 ] Epoch: [295/400][60/112] lr: 7.96e-05 | MSE loss: 6.0732e-03 | time: 0.052
I 06.08/11:25:15 solver.py:159 ] Epoch: [295/400][80/112] lr: 7.95e-05 | MSE loss: 6.2808e-03 | time: 0.052
I 06.08/11:25:16 solver.py:159 ] Epoch: [295/400][100/112] lr: 7.94e-05 | MSE loss: 6.2106e-03 | time: 0.051
I 06.08/11:25:17 solver.py:169 ] => Train  Loss: 6.1580e-03

I 06.08/11:25:17 solver.py:224 ] 
=! Best NMSE: -1.7360e+01 (epoch=290)

I 06.08/11:25:18 solver.py:159 ] Epoch: [296/400][20/112] lr: 7.93e-05 | MSE loss: 5.4797e-03 | time: 0.049
I 06.08/11:25:19 solver.py:159 ] Epoch: [296/400][40/112] lr: 7.92e-05 | MSE loss: 5.3756e-03 | time: 0.048
I 06.08/11:25:20 solver.py:159 ] Epoch: [296/400][60/112] lr: 7.91e-05 | MSE loss: 5.2905e-03 | time: 0.048
I 06.08/11:25:20 solver.py:159 ] Epoch: [296/400][80/112] lr: 7.90e-05 | MSE loss: 5.4858e-03 | time: 0.047
I 06.08/11:25:21 solver.py:159 ] Epoch: [296/400][100/112] lr: 7.89e-05 | MSE loss: 6.3103e-03 | time: 0.046
I 06.08/11:25:22 solver.py:169 ] => Train  Loss: 6.4912e-03

I 06.08/11:25:22 solver.py:224 ] 
=! Best NMSE: -1.7360e+01 (epoch=290)

I 06.08/11:25:23 solver.py:159 ] Epoch: [297/400][20/112] lr: 7.87e-05 | MSE loss: 7.3016e-03 | time: 0.048
I 06.08/11:25:24 solver.py:159 ] Epoch: [297/400][40/112] lr: 7.86e-05 | MSE loss: 6.8362e-03 | time: 0.054
I 06.08/11:25:25 solver.py:159 ] Epoch: [297/400][60/112] lr: 7.85e-05 | MSE loss: 6.5122e-03 | time: 0.052
I 06.08/11:25:26 solver.py:159 ] Epoch: [297/400][80/112] lr: 7.85e-05 | MSE loss: 6.2962e-03 | time: 0.052
I 06.08/11:25:27 solver.py:159 ] Epoch: [297/400][100/112] lr: 7.84e-05 | MSE loss: 6.1604e-03 | time: 0.051
I 06.08/11:25:28 solver.py:169 ] => Train  Loss: 6.0936e-03

I 06.08/11:25:28 solver.py:224 ] 
=! Best NMSE: -1.7360e+01 (epoch=290)

I 06.08/11:25:29 solver.py:159 ] Epoch: [298/400][20/112] lr: 7.82e-05 | MSE loss: 5.5041e-03 | time: 0.052
I 06.08/11:25:30 solver.py:159 ] Epoch: [298/400][40/112] lr: 7.81e-05 | MSE loss: 5.4959e-03 | time: 0.051
I 06.08/11:25:31 solver.py:159 ] Epoch: [298/400][60/112] lr: 7.80e-05 | MSE loss: 5.4248e-03 | time: 0.053
I 06.08/11:25:32 solver.py:159 ] Epoch: [298/400][80/112] lr: 7.79e-05 | MSE loss: 5.3666e-03 | time: 0.054
I 06.08/11:25:33 solver.py:159 ] Epoch: [298/400][100/112] lr: 7.79e-05 | MSE loss: 5.3260e-03 | time: 0.053
I 06.08/11:25:33 solver.py:169 ] => Train  Loss: 5.4131e-03

I 06.08/11:25:33 solver.py:224 ] 
=! Best NMSE: -1.7360e+01 (epoch=290)

I 06.08/11:25:35 solver.py:159 ] Epoch: [299/400][20/112] lr: 7.77e-05 | MSE loss: 6.9644e-03 | time: 0.052
I 06.08/11:25:36 solver.py:159 ] Epoch: [299/400][40/112] lr: 7.76e-05 | MSE loss: 7.5926e-03 | time: 0.052
I 06.08/11:25:37 solver.py:159 ] Epoch: [299/400][60/112] lr: 7.75e-05 | MSE loss: 7.2797e-03 | time: 0.052
I 06.08/11:25:38 solver.py:159 ] Epoch: [299/400][80/112] lr: 7.74e-05 | MSE loss: 7.0963e-03 | time: 0.054
I 06.08/11:25:39 solver.py:159 ] Epoch: [299/400][100/112] lr: 7.73e-05 | MSE loss: 6.8673e-03 | time: 0.054
I 06.08/11:25:39 solver.py:169 ] => Train  Loss: 6.7359e-03

I 06.08/11:25:39 solver.py:224 ] 
=! Best NMSE: -1.7360e+01 (epoch=290)

I 06.08/11:25:40 solver.py:159 ] Epoch: [300/400][20/112] lr: 7.72e-05 | MSE loss: 5.6172e-03 | time: 0.046
I 06.08/11:25:41 solver.py:159 ] Epoch: [300/400][40/112] lr: 7.71e-05 | MSE loss: 5.5655e-03 | time: 0.049
I 06.08/11:25:42 solver.py:159 ] Epoch: [300/400][60/112] lr: 7.70e-05 | MSE loss: 5.5341e-03 | time: 0.049
I 06.08/11:25:43 solver.py:159 ] Epoch: [300/400][80/112] lr: 7.69e-05 | MSE loss: 5.4726e-03 | time: 0.050
I 06.08/11:25:45 solver.py:159 ] Epoch: [300/400][100/112] lr: 7.68e-05 | MSE loss: 5.4258e-03 | time: 0.050
I 06.08/11:25:45 solver.py:169 ] => Train  Loss: 5.4378e-03

I 06.08/11:25:45 solver.py:169 ] => Val  Loss: 5.6530e-03

I 06.08/11:25:46 solver.py:413 ] => Test NMSE: -1.6980e+01

I 06.08/11:25:46 solver.py:224 ] 
=! Best NMSE: -1.7360e+01 (epoch=290)

I 06.08/11:25:47 solver.py:159 ] Epoch: [301/400][20/112] lr: 7.67e-05 | MSE loss: 5.3945e-03 | time: 0.052
I 06.08/11:25:48 solver.py:159 ] Epoch: [301/400][40/112] lr: 7.66e-05 | MSE loss: 5.3810e-03 | time: 0.058
I 06.08/11:25:49 solver.py:159 ] Epoch: [301/400][60/112] lr: 7.65e-05 | MSE loss: 5.8543e-03 | time: 0.055
I 06.08/11:25:50 solver.py:159 ] Epoch: [301/400][80/112] lr: 7.64e-05 | MSE loss: 6.0837e-03 | time: 0.053
I 06.08/11:25:51 solver.py:159 ] Epoch: [301/400][100/112] lr: 7.63e-05 | MSE loss: 6.1078e-03 | time: 0.051
I 06.08/11:25:52 solver.py:169 ] => Train  Loss: 6.1443e-03

I 06.08/11:25:52 solver.py:224 ] 
=! Best NMSE: -1.7360e+01 (epoch=290)

I 06.08/11:25:53 solver.py:159 ] Epoch: [302/400][20/112] lr: 7.62e-05 | MSE loss: 5.9695e-03 | time: 0.054
I 06.08/11:25:54 solver.py:159 ] Epoch: [302/400][40/112] lr: 7.61e-05 | MSE loss: 5.7984e-03 | time: 0.054
I 06.08/11:25:55 solver.py:159 ] Epoch: [302/400][60/112] lr: 7.60e-05 | MSE loss: 5.6860e-03 | time: 0.054
I 06.08/11:25:56 solver.py:159 ] Epoch: [302/400][80/112] lr: 7.59e-05 | MSE loss: 5.6240e-03 | time: 0.052
I 06.08/11:25:57 solver.py:159 ] Epoch: [302/400][100/112] lr: 7.58e-05 | MSE loss: 5.5836e-03 | time: 0.051
I 06.08/11:25:57 solver.py:169 ] => Train  Loss: 5.5512e-03

I 06.08/11:25:57 solver.py:224 ] 
=! Best NMSE: -1.7360e+01 (epoch=290)

I 06.08/11:25:58 solver.py:159 ] Epoch: [303/400][20/112] lr: 7.57e-05 | MSE loss: 5.1963e-03 | time: 0.057
I 06.08/11:25:59 solver.py:159 ] Epoch: [303/400][40/112] lr: 7.56e-05 | MSE loss: 5.1419e-03 | time: 0.054
I 06.08/11:26:01 solver.py:159 ] Epoch: [303/400][60/112] lr: 7.55e-05 | MSE loss: 5.1331e-03 | time: 0.055
I 06.08/11:26:02 solver.py:159 ] Epoch: [303/400][80/112] lr: 7.54e-05 | MSE loss: 5.1330e-03 | time: 0.057
I 06.08/11:26:03 solver.py:159 ] Epoch: [303/400][100/112] lr: 7.54e-05 | MSE loss: 5.1063e-03 | time: 0.059
I 06.08/11:26:04 solver.py:169 ] => Train  Loss: 5.0909e-03

I 06.08/11:26:04 solver.py:224 ] 
=! Best NMSE: -1.7360e+01 (epoch=290)

I 06.08/11:26:06 solver.py:159 ] Epoch: [304/400][20/112] lr: 7.52e-05 | MSE loss: 4.9688e-03 | time: 0.103
I 06.08/11:26:08 solver.py:159 ] Epoch: [304/400][40/112] lr: 7.51e-05 | MSE loss: 5.1572e-03 | time: 0.094
I 06.08/11:26:10 solver.py:159 ] Epoch: [304/400][60/112] lr: 7.50e-05 | MSE loss: 5.1950e-03 | time: 0.090
I 06.08/11:26:11 solver.py:159 ] Epoch: [304/400][80/112] lr: 7.50e-05 | MSE loss: 5.2305e-03 | time: 0.083
I 06.08/11:26:12 solver.py:159 ] Epoch: [304/400][100/112] lr: 7.49e-05 | MSE loss: 5.2392e-03 | time: 0.076
I 06.08/11:26:12 solver.py:169 ] => Train  Loss: 5.2202e-03

I 06.08/11:26:12 solver.py:224 ] 
=! Best NMSE: -1.7360e+01 (epoch=290)

I 06.08/11:26:13 solver.py:159 ] Epoch: [305/400][20/112] lr: 7.47e-05 | MSE loss: 4.9612e-03 | time: 0.053
I 06.08/11:26:14 solver.py:159 ] Epoch: [305/400][40/112] lr: 7.46e-05 | MSE loss: 4.9508e-03 | time: 0.050
I 06.08/11:26:15 solver.py:159 ] Epoch: [305/400][60/112] lr: 7.46e-05 | MSE loss: 5.1465e-03 | time: 0.049
I 06.08/11:26:16 solver.py:159 ] Epoch: [305/400][80/112] lr: 7.45e-05 | MSE loss: 5.2172e-03 | time: 0.048
I 06.08/11:26:17 solver.py:159 ] Epoch: [305/400][100/112] lr: 7.44e-05 | MSE loss: 5.2328e-03 | time: 0.049
I 06.08/11:26:18 solver.py:169 ] => Train  Loss: 5.2192e-03

I 06.08/11:26:18 solver.py:224 ] 
=! Best NMSE: -1.7360e+01 (epoch=290)

I 06.08/11:26:19 solver.py:159 ] Epoch: [306/400][20/112] lr: 7.42e-05 | MSE loss: 5.1328e-03 | time: 0.049
I 06.08/11:26:20 solver.py:159 ] Epoch: [306/400][40/112] lr: 7.42e-05 | MSE loss: 5.0434e-03 | time: 0.052
I 06.08/11:26:21 solver.py:159 ] Epoch: [306/400][60/112] lr: 7.41e-05 | MSE loss: 4.9994e-03 | time: 0.050
I 06.08/11:26:22 solver.py:159 ] Epoch: [306/400][80/112] lr: 7.40e-05 | MSE loss: 4.9886e-03 | time: 0.051
I 06.08/11:26:23 solver.py:159 ] Epoch: [306/400][100/112] lr: 7.39e-05 | MSE loss: 5.0363e-03 | time: 0.054
I 06.08/11:26:24 solver.py:169 ] => Train  Loss: 5.0680e-03

I 06.08/11:26:24 solver.py:224 ] 
=! Best NMSE: -1.7360e+01 (epoch=290)

I 06.08/11:26:25 solver.py:159 ] Epoch: [307/400][20/112] lr: 7.38e-05 | MSE loss: 5.2227e-03 | time: 0.056
I 06.08/11:26:26 solver.py:159 ] Epoch: [307/400][40/112] lr: 7.37e-05 | MSE loss: 5.2195e-03 | time: 0.055
I 06.08/11:26:27 solver.py:159 ] Epoch: [307/400][60/112] lr: 7.36e-05 | MSE loss: 5.2049e-03 | time: 0.055
I 06.08/11:26:28 solver.py:159 ] Epoch: [307/400][80/112] lr: 7.35e-05 | MSE loss: 5.2044e-03 | time: 0.054
I 06.08/11:26:29 solver.py:159 ] Epoch: [307/400][100/112] lr: 7.34e-05 | MSE loss: 5.1360e-03 | time: 0.054
I 06.08/11:26:30 solver.py:169 ] => Train  Loss: 5.1100e-03

I 06.08/11:26:30 solver.py:224 ] 
=! Best NMSE: -1.7360e+01 (epoch=290)

I 06.08/11:26:31 solver.py:159 ] Epoch: [308/400][20/112] lr: 7.33e-05 | MSE loss: 4.7632e-03 | time: 0.048
I 06.08/11:26:32 solver.py:159 ] Epoch: [308/400][40/112] lr: 7.32e-05 | MSE loss: 4.8382e-03 | time: 0.050
I 06.08/11:26:33 solver.py:159 ] Epoch: [308/400][60/112] lr: 7.31e-05 | MSE loss: 4.8481e-03 | time: 0.048
I 06.08/11:26:34 solver.py:159 ] Epoch: [308/400][80/112] lr: 7.30e-05 | MSE loss: 4.8406e-03 | time: 0.049
I 06.08/11:26:35 solver.py:159 ] Epoch: [308/400][100/112] lr: 7.30e-05 | MSE loss: 4.8671e-03 | time: 0.051
I 06.08/11:26:36 solver.py:169 ] => Train  Loss: 4.8694e-03

I 06.08/11:26:36 solver.py:224 ] 
=! Best NMSE: -1.7360e+01 (epoch=290)

I 06.08/11:26:37 solver.py:159 ] Epoch: [309/400][20/112] lr: 7.28e-05 | MSE loss: 4.7576e-03 | time: 0.049
I 06.08/11:26:38 solver.py:159 ] Epoch: [309/400][40/112] lr: 7.27e-05 | MSE loss: 4.8152e-03 | time: 0.053
I 06.08/11:26:39 solver.py:159 ] Epoch: [309/400][60/112] lr: 7.26e-05 | MSE loss: 4.8147e-03 | time: 0.054
I 06.08/11:26:40 solver.py:159 ] Epoch: [309/400][80/112] lr: 7.26e-05 | MSE loss: 4.7891e-03 | time: 0.055
I 06.08/11:26:41 solver.py:159 ] Epoch: [309/400][100/112] lr: 7.25e-05 | MSE loss: 4.8024e-03 | time: 0.053
I 06.08/11:26:42 solver.py:169 ] => Train  Loss: 4.8116e-03

I 06.08/11:26:42 solver.py:224 ] 
=! Best NMSE: -1.7360e+01 (epoch=290)

I 06.08/11:26:43 solver.py:159 ] Epoch: [310/400][20/112] lr: 7.23e-05 | MSE loss: 4.7454e-03 | time: 0.046
I 06.08/11:26:44 solver.py:159 ] Epoch: [310/400][40/112] lr: 7.23e-05 | MSE loss: 4.7924e-03 | time: 0.047
I 06.08/11:26:45 solver.py:159 ] Epoch: [310/400][60/112] lr: 7.22e-05 | MSE loss: 4.7955e-03 | time: 0.050
I 06.08/11:26:46 solver.py:159 ] Epoch: [310/400][80/112] lr: 7.21e-05 | MSE loss: 4.7763e-03 | time: 0.051
I 06.08/11:26:47 solver.py:159 ] Epoch: [310/400][100/112] lr: 7.20e-05 | MSE loss: 4.7962e-03 | time: 0.050
I 06.08/11:26:47 solver.py:169 ] => Train  Loss: 4.8364e-03

I 06.08/11:26:48 solver.py:169 ] => Val  Loss: 5.3480e-03

I 06.08/11:26:48 solver.py:413 ] => Test NMSE: -1.7291e+01

I 06.08/11:26:48 solver.py:224 ] 
=! Best NMSE: -1.7360e+01 (epoch=290)

I 06.08/11:26:49 solver.py:159 ] Epoch: [311/400][20/112] lr: 7.19e-05 | MSE loss: 5.1643e-03 | time: 0.050
I 06.08/11:26:50 solver.py:159 ] Epoch: [311/400][40/112] lr: 7.18e-05 | MSE loss: 5.2913e-03 | time: 0.051
I 06.08/11:26:51 solver.py:159 ] Epoch: [311/400][60/112] lr: 7.17e-05 | MSE loss: 5.3917e-03 | time: 0.053
I 06.08/11:26:52 solver.py:159 ] Epoch: [311/400][80/112] lr: 7.16e-05 | MSE loss: 5.3995e-03 | time: 0.053
I 06.08/11:26:53 solver.py:159 ] Epoch: [311/400][100/112] lr: 7.16e-05 | MSE loss: 5.4903e-03 | time: 0.052
I 06.08/11:26:54 solver.py:169 ] => Train  Loss: 5.6115e-03

I 06.08/11:26:54 solver.py:224 ] 
=! Best NMSE: -1.7360e+01 (epoch=290)

I 06.08/11:26:55 solver.py:159 ] Epoch: [312/400][20/112] lr: 7.14e-05 | MSE loss: 5.8422e-03 | time: 0.049
I 06.08/11:26:56 solver.py:159 ] Epoch: [312/400][40/112] lr: 7.13e-05 | MSE loss: 5.7072e-03 | time: 0.054
I 06.08/11:26:57 solver.py:159 ] Epoch: [312/400][60/112] lr: 7.13e-05 | MSE loss: 5.5683e-03 | time: 0.053
I 06.08/11:26:58 solver.py:159 ] Epoch: [312/400][80/112] lr: 7.12e-05 | MSE loss: 5.4151e-03 | time: 0.052
I 06.08/11:26:59 solver.py:159 ] Epoch: [312/400][100/112] lr: 7.11e-05 | MSE loss: 5.3116e-03 | time: 0.051
I 06.08/11:27:00 solver.py:169 ] => Train  Loss: 5.2750e-03

I 06.08/11:27:00 solver.py:224 ] 
=! Best NMSE: -1.7360e+01 (epoch=290)

I 06.08/11:27:01 solver.py:159 ] Epoch: [313/400][20/112] lr: 7.10e-05 | MSE loss: 4.9651e-03 | time: 0.055
I 06.08/11:27:02 solver.py:159 ] Epoch: [313/400][40/112] lr: 7.09e-05 | MSE loss: 4.8952e-03 | time: 0.056
I 06.08/11:27:04 solver.py:159 ] Epoch: [313/400][60/112] lr: 7.08e-05 | MSE loss: 4.8304e-03 | time: 0.073
I 06.08/11:27:06 solver.py:159 ] Epoch: [313/400][80/112] lr: 7.07e-05 | MSE loss: 4.8257e-03 | time: 0.077
I 06.08/11:27:07 solver.py:159 ] Epoch: [313/400][100/112] lr: 7.06e-05 | MSE loss: 4.8137e-03 | time: 0.079
I 06.08/11:27:08 solver.py:169 ] => Train  Loss: 4.8097e-03

I 06.08/11:27:08 solver.py:224 ] 
=! Best NMSE: -1.7360e+01 (epoch=290)

I 06.08/11:27:10 solver.py:159 ] Epoch: [314/400][20/112] lr: 7.05e-05 | MSE loss: 4.6931e-03 | time: 0.078
I 06.08/11:27:11 solver.py:159 ] Epoch: [314/400][40/112] lr: 7.04e-05 | MSE loss: 4.6697e-03 | time: 0.069
I 06.08/11:27:12 solver.py:159 ] Epoch: [314/400][60/112] lr: 7.04e-05 | MSE loss: 4.6875e-03 | time: 0.063
I 06.08/11:27:13 solver.py:159 ] Epoch: [314/400][80/112] lr: 7.03e-05 | MSE loss: 4.6961e-03 | time: 0.060
I 06.08/11:27:14 solver.py:159 ] Epoch: [314/400][100/112] lr: 7.02e-05 | MSE loss: 4.6813e-03 | time: 0.059
I 06.08/11:27:15 solver.py:169 ] => Train  Loss: 4.6715e-03

I 06.08/11:27:15 solver.py:224 ] 
=! Best NMSE: -1.7360e+01 (epoch=290)

I 06.08/11:27:16 solver.py:159 ] Epoch: [315/400][20/112] lr: 7.01e-05 | MSE loss: 4.6203e-03 | time: 0.049
I 06.08/11:27:17 solver.py:159 ] Epoch: [315/400][40/112] lr: 7.00e-05 | MSE loss: 4.6131e-03 | time: 0.055
I 06.08/11:27:18 solver.py:159 ] Epoch: [315/400][60/112] lr: 6.99e-05 | MSE loss: 4.6450e-03 | time: 0.056
I 06.08/11:27:19 solver.py:159 ] Epoch: [315/400][80/112] lr: 6.98e-05 | MSE loss: 4.6997e-03 | time: 0.053
I 06.08/11:27:20 solver.py:159 ] Epoch: [315/400][100/112] lr: 6.98e-05 | MSE loss: 4.7873e-03 | time: 0.054
I 06.08/11:27:21 solver.py:169 ] => Train  Loss: 4.7926e-03

I 06.08/11:27:21 solver.py:224 ] 
=! Best NMSE: -1.7360e+01 (epoch=290)

I 06.08/11:27:22 solver.py:159 ] Epoch: [316/400][20/112] lr: 6.96e-05 | MSE loss: 4.7254e-03 | time: 0.053
I 06.08/11:27:23 solver.py:159 ] Epoch: [316/400][40/112] lr: 6.95e-05 | MSE loss: 4.7042e-03 | time: 0.055
I 06.08/11:27:24 solver.py:159 ] Epoch: [316/400][60/112] lr: 6.95e-05 | MSE loss: 4.6890e-03 | time: 0.058
I 06.08/11:27:26 solver.py:159 ] Epoch: [316/400][80/112] lr: 6.94e-05 | MSE loss: 4.6724e-03 | time: 0.057
I 06.08/11:27:26 solver.py:159 ] Epoch: [316/400][100/112] lr: 6.93e-05 | MSE loss: 4.6514e-03 | time: 0.054
I 06.08/11:27:27 solver.py:169 ] => Train  Loss: 4.6453e-03

I 06.08/11:27:27 solver.py:224 ] 
=! Best NMSE: -1.7360e+01 (epoch=290)

I 06.08/11:27:28 solver.py:159 ] Epoch: [317/400][20/112] lr: 6.92e-05 | MSE loss: 4.5458e-03 | time: 0.053
I 06.08/11:27:29 solver.py:159 ] Epoch: [317/400][40/112] lr: 6.91e-05 | MSE loss: 4.5448e-03 | time: 0.053
I 06.08/11:27:30 solver.py:159 ] Epoch: [317/400][60/112] lr: 6.90e-05 | MSE loss: 4.5616e-03 | time: 0.053
I 06.08/11:27:31 solver.py:159 ] Epoch: [317/400][80/112] lr: 6.90e-05 | MSE loss: 4.6966e-03 | time: 0.052
I 06.08/11:27:32 solver.py:159 ] Epoch: [317/400][100/112] lr: 6.89e-05 | MSE loss: 5.0115e-03 | time: 0.051
I 06.08/11:27:33 solver.py:169 ] => Train  Loss: 5.1201e-03

I 06.08/11:27:33 solver.py:224 ] 
=! Best NMSE: -1.7360e+01 (epoch=290)

I 06.08/11:27:34 solver.py:159 ] Epoch: [318/400][20/112] lr: 6.88e-05 | MSE loss: 5.4017e-03 | time: 0.048
I 06.08/11:27:35 solver.py:159 ] Epoch: [318/400][40/112] lr: 6.87e-05 | MSE loss: 5.2060e-03 | time: 0.054
I 06.08/11:27:36 solver.py:159 ] Epoch: [318/400][60/112] lr: 6.86e-05 | MSE loss: 5.0838e-03 | time: 0.055
I 06.08/11:27:37 solver.py:159 ] Epoch: [318/400][80/112] lr: 6.85e-05 | MSE loss: 5.0313e-03 | time: 0.054
I 06.08/11:27:38 solver.py:159 ] Epoch: [318/400][100/112] lr: 6.84e-05 | MSE loss: 4.9919e-03 | time: 0.054
I 06.08/11:27:39 solver.py:169 ] => Train  Loss: 4.9677e-03

I 06.08/11:27:39 solver.py:224 ] 
=! Best NMSE: -1.7360e+01 (epoch=290)

I 06.08/11:27:40 solver.py:159 ] Epoch: [319/400][20/112] lr: 6.83e-05 | MSE loss: 4.8602e-03 | time: 0.050
I 06.08/11:27:41 solver.py:159 ] Epoch: [319/400][40/112] lr: 6.82e-05 | MSE loss: 4.7736e-03 | time: 0.053
I 06.08/11:27:42 solver.py:159 ] Epoch: [319/400][60/112] lr: 6.82e-05 | MSE loss: 4.7685e-03 | time: 0.054
I 06.08/11:27:43 solver.py:159 ] Epoch: [319/400][80/112] lr: 6.81e-05 | MSE loss: 4.7718e-03 | time: 0.053
I 06.08/11:27:44 solver.py:159 ] Epoch: [319/400][100/112] lr: 6.80e-05 | MSE loss: 4.7531e-03 | time: 0.052
I 06.08/11:27:45 solver.py:169 ] => Train  Loss: 4.7456e-03

I 06.08/11:27:45 solver.py:224 ] 
=! Best NMSE: -1.7360e+01 (epoch=290)

I 06.08/11:27:46 solver.py:159 ] Epoch: [320/400][20/112] lr: 6.79e-05 | MSE loss: 4.7117e-03 | time: 0.053
I 06.08/11:27:47 solver.py:159 ] Epoch: [320/400][40/112] lr: 6.78e-05 | MSE loss: 4.7259e-03 | time: 0.054
I 06.08/11:27:48 solver.py:159 ] Epoch: [320/400][60/112] lr: 6.77e-05 | MSE loss: 4.7353e-03 | time: 0.054
I 06.08/11:27:49 solver.py:159 ] Epoch: [320/400][80/112] lr: 6.77e-05 | MSE loss: 4.7666e-03 | time: 0.054
I 06.08/11:27:50 solver.py:159 ] Epoch: [320/400][100/112] lr: 6.76e-05 | MSE loss: 4.7582e-03 | time: 0.053
I 06.08/11:27:51 solver.py:169 ] => Train  Loss: 4.7465e-03

I 06.08/11:27:51 solver.py:169 ] => Val  Loss: 4.7159e-03

I 06.08/11:27:52 solver.py:413 ] => Test NMSE: -1.7792e+01

I 06.08/11:27:52 solver.py:224 ] 
=! Best NMSE: -1.7792e+01 (epoch=320)

I 06.08/11:27:54 solver.py:159 ] Epoch: [321/400][20/112] lr: 6.75e-05 | MSE loss: 4.6665e-03 | time: 0.056
I 06.08/11:27:55 solver.py:159 ] Epoch: [321/400][40/112] lr: 6.74e-05 | MSE loss: 4.6597e-03 | time: 0.054
I 06.08/11:27:56 solver.py:159 ] Epoch: [321/400][60/112] lr: 6.73e-05 | MSE loss: 4.6141e-03 | time: 0.052
I 06.08/11:27:57 solver.py:159 ] Epoch: [321/400][80/112] lr: 6.72e-05 | MSE loss: 4.5877e-03 | time: 0.052
I 06.08/11:27:58 solver.py:159 ] Epoch: [321/400][100/112] lr: 6.72e-05 | MSE loss: 4.5779e-03 | time: 0.052
I 06.08/11:27:58 solver.py:169 ] => Train  Loss: 4.5838e-03

I 06.08/11:27:58 solver.py:224 ] 
=! Best NMSE: -1.7792e+01 (epoch=320)

I 06.08/11:27:59 solver.py:159 ] Epoch: [322/400][20/112] lr: 6.71e-05 | MSE loss: 4.5215e-03 | time: 0.052
I 06.08/11:28:01 solver.py:159 ] Epoch: [322/400][40/112] lr: 6.70e-05 | MSE loss: 4.5447e-03 | time: 0.058
I 06.08/11:28:02 solver.py:159 ] Epoch: [322/400][60/112] lr: 6.69e-05 | MSE loss: 4.5681e-03 | time: 0.061
I 06.08/11:28:03 solver.py:159 ] Epoch: [322/400][80/112] lr: 6.68e-05 | MSE loss: 4.5928e-03 | time: 0.063
I 06.08/11:28:05 solver.py:159 ] Epoch: [322/400][100/112] lr: 6.68e-05 | MSE loss: 4.5766e-03 | time: 0.068
I 06.08/11:28:06 solver.py:169 ] => Train  Loss: 4.5807e-03

I 06.08/11:28:06 solver.py:224 ] 
=! Best NMSE: -1.7792e+01 (epoch=320)

I 06.08/11:28:08 solver.py:159 ] Epoch: [323/400][20/112] lr: 6.66e-05 | MSE loss: 4.7969e-03 | time: 0.087
I 06.08/11:28:10 solver.py:159 ] Epoch: [323/400][40/112] lr: 6.66e-05 | MSE loss: 4.8224e-03 | time: 0.083
I 06.08/11:28:11 solver.py:159 ] Epoch: [323/400][60/112] lr: 6.65e-05 | MSE loss: 4.7632e-03 | time: 0.076
I 06.08/11:28:12 solver.py:159 ] Epoch: [323/400][80/112] lr: 6.64e-05 | MSE loss: 4.7099e-03 | time: 0.069
I 06.08/11:28:13 solver.py:159 ] Epoch: [323/400][100/112] lr: 6.63e-05 | MSE loss: 4.6645e-03 | time: 0.066
I 06.08/11:28:13 solver.py:169 ] => Train  Loss: 4.6419e-03

I 06.08/11:28:14 solver.py:224 ] 
=! Best NMSE: -1.7792e+01 (epoch=320)

I 06.08/11:28:15 solver.py:159 ] Epoch: [324/400][20/112] lr: 6.62e-05 | MSE loss: 5.2017e-03 | time: 0.053
I 06.08/11:28:16 solver.py:159 ] Epoch: [324/400][40/112] lr: 6.62e-05 | MSE loss: 5.0769e-03 | time: 0.055
I 06.08/11:28:17 solver.py:159 ] Epoch: [324/400][60/112] lr: 6.61e-05 | MSE loss: 5.1041e-03 | time: 0.054
I 06.08/11:28:18 solver.py:159 ] Epoch: [324/400][80/112] lr: 6.60e-05 | MSE loss: 5.1141e-03 | time: 0.053
I 06.08/11:28:19 solver.py:159 ] Epoch: [324/400][100/112] lr: 6.59e-05 | MSE loss: 5.0732e-03 | time: 0.054
I 06.08/11:28:20 solver.py:169 ] => Train  Loss: 5.0401e-03

I 06.08/11:28:20 solver.py:224 ] 
=! Best NMSE: -1.7792e+01 (epoch=320)

I 06.08/11:28:21 solver.py:159 ] Epoch: [325/400][20/112] lr: 6.58e-05 | MSE loss: 4.7402e-03 | time: 0.049
I 06.08/11:28:22 solver.py:159 ] Epoch: [325/400][40/112] lr: 6.58e-05 | MSE loss: 4.7741e-03 | time: 0.051
I 06.08/11:28:23 solver.py:159 ] Epoch: [325/400][60/112] lr: 6.57e-05 | MSE loss: 5.4215e-03 | time: 0.051
I 06.08/11:28:24 solver.py:159 ] Epoch: [325/400][80/112] lr: 6.56e-05 | MSE loss: 6.3210e-03 | time: 0.051
I 06.08/11:28:25 solver.py:159 ] Epoch: [325/400][100/112] lr: 6.55e-05 | MSE loss: 6.3662e-03 | time: 0.052
I 06.08/11:28:25 solver.py:169 ] => Train  Loss: 6.3341e-03

I 06.08/11:28:25 solver.py:224 ] 
=! Best NMSE: -1.7792e+01 (epoch=320)

I 06.08/11:28:26 solver.py:159 ] Epoch: [326/400][20/112] lr: 6.54e-05 | MSE loss: 5.6935e-03 | time: 0.043
I 06.08/11:28:27 solver.py:159 ] Epoch: [326/400][40/112] lr: 6.54e-05 | MSE loss: 5.7340e-03 | time: 0.047
I 06.08/11:28:28 solver.py:159 ] Epoch: [326/400][60/112] lr: 6.53e-05 | MSE loss: 5.7848e-03 | time: 0.047
I 06.08/11:28:29 solver.py:159 ] Epoch: [326/400][80/112] lr: 6.52e-05 | MSE loss: 5.8143e-03 | time: 0.048
I 06.08/11:28:30 solver.py:159 ] Epoch: [326/400][100/112] lr: 6.51e-05 | MSE loss: 5.8538e-03 | time: 0.048
I 06.08/11:28:31 solver.py:169 ] => Train  Loss: 5.8626e-03

I 06.08/11:28:31 solver.py:224 ] 
=! Best NMSE: -1.7792e+01 (epoch=320)

I 06.08/11:28:32 solver.py:159 ] Epoch: [327/400][20/112] lr: 6.50e-05 | MSE loss: 5.8437e-03 | time: 0.046
I 06.08/11:28:33 solver.py:159 ] Epoch: [327/400][40/112] lr: 6.50e-05 | MSE loss: 5.7806e-03 | time: 0.047
I 06.08/11:28:34 solver.py:159 ] Epoch: [327/400][60/112] lr: 6.49e-05 | MSE loss: 5.9049e-03 | time: 0.048
I 06.08/11:28:35 solver.py:159 ] Epoch: [327/400][80/112] lr: 6.48e-05 | MSE loss: 5.9692e-03 | time: 0.047
I 06.08/11:28:36 solver.py:159 ] Epoch: [327/400][100/112] lr: 6.48e-05 | MSE loss: 5.9437e-03 | time: 0.047
I 06.08/11:28:36 solver.py:169 ] => Train  Loss: 5.9376e-03

I 06.08/11:28:36 solver.py:224 ] 
=! Best NMSE: -1.7792e+01 (epoch=320)

I 06.08/11:28:37 solver.py:159 ] Epoch: [328/400][20/112] lr: 6.46e-05 | MSE loss: 5.7365e-03 | time: 0.051
I 06.08/11:28:38 solver.py:159 ] Epoch: [328/400][40/112] lr: 6.46e-05 | MSE loss: 5.7129e-03 | time: 0.049
I 06.08/11:28:39 solver.py:159 ] Epoch: [328/400][60/112] lr: 6.45e-05 | MSE loss: 5.6659e-03 | time: 0.050
I 06.08/11:28:40 solver.py:159 ] Epoch: [328/400][80/112] lr: 6.44e-05 | MSE loss: 5.6080e-03 | time: 0.049
I 06.08/11:28:41 solver.py:159 ] Epoch: [328/400][100/112] lr: 6.44e-05 | MSE loss: 5.5599e-03 | time: 0.048
I 06.08/11:28:42 solver.py:169 ] => Train  Loss: 5.6635e-03

I 06.08/11:28:42 solver.py:224 ] 
=! Best NMSE: -1.7792e+01 (epoch=320)

I 06.08/11:28:42 solver.py:159 ] Epoch: [329/400][20/112] lr: 6.43e-05 | MSE loss: 6.3218e-03 | time: 0.046
I 06.08/11:28:44 solver.py:159 ] Epoch: [329/400][40/112] lr: 6.42e-05 | MSE loss: 6.2281e-03 | time: 0.050
I 06.08/11:28:45 solver.py:159 ] Epoch: [329/400][60/112] lr: 6.41e-05 | MSE loss: 6.1236e-03 | time: 0.050
I 06.08/11:28:46 solver.py:159 ] Epoch: [329/400][80/112] lr: 6.41e-05 | MSE loss: 6.0209e-03 | time: 0.051
I 06.08/11:28:47 solver.py:159 ] Epoch: [329/400][100/112] lr: 6.40e-05 | MSE loss: 5.9932e-03 | time: 0.051
I 06.08/11:28:47 solver.py:169 ] => Train  Loss: 5.9792e-03

I 06.08/11:28:47 solver.py:224 ] 
=! Best NMSE: -1.7792e+01 (epoch=320)

I 06.08/11:28:48 solver.py:159 ] Epoch: [330/400][20/112] lr: 6.39e-05 | MSE loss: 5.6059e-03 | time: 0.058
I 06.08/11:28:49 solver.py:159 ] Epoch: [330/400][40/112] lr: 6.38e-05 | MSE loss: 5.5122e-03 | time: 0.052
I 06.08/11:28:50 solver.py:159 ] Epoch: [330/400][60/112] lr: 6.37e-05 | MSE loss: 5.4178e-03 | time: 0.049
I 06.08/11:28:51 solver.py:159 ] Epoch: [330/400][80/112] lr: 6.37e-05 | MSE loss: 5.3718e-03 | time: 0.048
I 06.08/11:28:52 solver.py:159 ] Epoch: [330/400][100/112] lr: 6.36e-05 | MSE loss: 5.3997e-03 | time: 0.048
I 06.08/11:28:53 solver.py:169 ] => Train  Loss: 5.3779e-03

I 06.08/11:28:53 solver.py:169 ] => Val  Loss: 5.2192e-03

I 06.08/11:28:54 solver.py:413 ] => Test NMSE: -1.7320e+01

I 06.08/11:28:54 solver.py:224 ] 
=! Best NMSE: -1.7792e+01 (epoch=320)

I 06.08/11:28:55 solver.py:159 ] Epoch: [331/400][20/112] lr: 6.35e-05 | MSE loss: 5.1666e-03 | time: 0.044
I 06.08/11:28:56 solver.py:159 ] Epoch: [331/400][40/112] lr: 6.34e-05 | MSE loss: 5.1100e-03 | time: 0.054
I 06.08/11:28:57 solver.py:159 ] Epoch: [331/400][60/112] lr: 6.34e-05 | MSE loss: 5.0623e-03 | time: 0.052
I 06.08/11:28:58 solver.py:159 ] Epoch: [331/400][80/112] lr: 6.33e-05 | MSE loss: 5.0762e-03 | time: 0.051
I 06.08/11:28:59 solver.py:159 ] Epoch: [331/400][100/112] lr: 6.32e-05 | MSE loss: 5.0811e-03 | time: 0.050
I 06.08/11:28:59 solver.py:169 ] => Train  Loss: 5.0754e-03

I 06.08/11:28:59 solver.py:224 ] 
=! Best NMSE: -1.7792e+01 (epoch=320)

I 06.08/11:29:01 solver.py:159 ] Epoch: [332/400][20/112] lr: 6.31e-05 | MSE loss: 4.8884e-03 | time: 0.058
I 06.08/11:29:02 solver.py:159 ] Epoch: [332/400][40/112] lr: 6.31e-05 | MSE loss: 5.0138e-03 | time: 0.063
I 06.08/11:29:03 solver.py:159 ] Epoch: [332/400][60/112] lr: 6.30e-05 | MSE loss: 4.9992e-03 | time: 0.068
I 06.08/11:29:05 solver.py:159 ] Epoch: [332/400][80/112] lr: 6.29e-05 | MSE loss: 4.9768e-03 | time: 0.073
I 06.08/11:29:07 solver.py:159 ] Epoch: [332/400][100/112] lr: 6.29e-05 | MSE loss: 4.9443e-03 | time: 0.077
I 06.08/11:29:08 solver.py:169 ] => Train  Loss: 4.9200e-03

I 06.08/11:29:08 solver.py:224 ] 
=! Best NMSE: -1.7792e+01 (epoch=320)

I 06.08/11:29:10 solver.py:159 ] Epoch: [333/400][20/112] lr: 6.28e-05 | MSE loss: 6.4969e-03 | time: 0.085
I 06.08/11:29:11 solver.py:159 ] Epoch: [333/400][40/112] lr: 6.27e-05 | MSE loss: 6.4666e-03 | time: 0.074
I 06.08/11:29:12 solver.py:159 ] Epoch: [333/400][60/112] lr: 6.26e-05 | MSE loss: 6.1824e-03 | time: 0.065
I 06.08/11:29:13 solver.py:159 ] Epoch: [333/400][80/112] lr: 6.26e-05 | MSE loss: 5.9698e-03 | time: 0.062
I 06.08/11:29:14 solver.py:159 ] Epoch: [333/400][100/112] lr: 6.25e-05 | MSE loss: 5.8303e-03 | time: 0.060
I 06.08/11:29:15 solver.py:169 ] => Train  Loss: 5.8718e-03

I 06.08/11:29:15 solver.py:224 ] 
=! Best NMSE: -1.7792e+01 (epoch=320)

I 06.08/11:29:16 solver.py:159 ] Epoch: [334/400][20/112] lr: 6.24e-05 | MSE loss: 6.8196e-03 | time: 0.056
I 06.08/11:29:17 solver.py:159 ] Epoch: [334/400][40/112] lr: 6.23e-05 | MSE loss: 6.4670e-03 | time: 0.059
I 06.08/11:29:18 solver.py:159 ] Epoch: [334/400][60/112] lr: 6.23e-05 | MSE loss: 6.1962e-03 | time: 0.060
I 06.08/11:29:19 solver.py:159 ] Epoch: [334/400][80/112] lr: 6.22e-05 | MSE loss: 5.9918e-03 | time: 0.058
I 06.08/11:29:20 solver.py:159 ] Epoch: [334/400][100/112] lr: 6.21e-05 | MSE loss: 5.8336e-03 | time: 0.056
I 06.08/11:29:21 solver.py:169 ] => Train  Loss: 5.7543e-03

I 06.08/11:29:21 solver.py:224 ] 
=! Best NMSE: -1.7792e+01 (epoch=320)

I 06.08/11:29:22 solver.py:159 ] Epoch: [335/400][20/112] lr: 6.20e-05 | MSE loss: 5.0579e-03 | time: 0.053
I 06.08/11:29:23 solver.py:159 ] Epoch: [335/400][40/112] lr: 6.20e-05 | MSE loss: 5.0513e-03 | time: 0.054
I 06.08/11:29:24 solver.py:159 ] Epoch: [335/400][60/112] lr: 6.19e-05 | MSE loss: 5.0198e-03 | time: 0.053
I 06.08/11:29:25 solver.py:159 ] Epoch: [335/400][80/112] lr: 6.18e-05 | MSE loss: 5.0159e-03 | time: 0.052
I 06.08/11:29:26 solver.py:159 ] Epoch: [335/400][100/112] lr: 6.18e-05 | MSE loss: 5.0001e-03 | time: 0.052
I 06.08/11:29:27 solver.py:169 ] => Train  Loss: 5.0957e-03

I 06.08/11:29:27 solver.py:224 ] 
=! Best NMSE: -1.7792e+01 (epoch=320)

I 06.08/11:29:28 solver.py:159 ] Epoch: [336/400][20/112] lr: 6.17e-05 | MSE loss: 5.6955e-03 | time: 0.042
I 06.08/11:29:29 solver.py:159 ] Epoch: [336/400][40/112] lr: 6.16e-05 | MSE loss: 5.6634e-03 | time: 0.047
I 06.08/11:29:30 solver.py:159 ] Epoch: [336/400][60/112] lr: 6.16e-05 | MSE loss: 5.6146e-03 | time: 0.047
I 06.08/11:29:31 solver.py:159 ] Epoch: [336/400][80/112] lr: 6.15e-05 | MSE loss: 5.5309e-03 | time: 0.047
I 06.08/11:29:32 solver.py:159 ] Epoch: [336/400][100/112] lr: 6.14e-05 | MSE loss: 5.4942e-03 | time: 0.049
I 06.08/11:29:33 solver.py:169 ] => Train  Loss: 5.4694e-03

I 06.08/11:29:33 solver.py:224 ] 
=! Best NMSE: -1.7792e+01 (epoch=320)

I 06.08/11:29:34 solver.py:159 ] Epoch: [337/400][20/112] lr: 6.13e-05 | MSE loss: 5.0800e-03 | time: 0.059
I 06.08/11:29:35 solver.py:159 ] Epoch: [337/400][40/112] lr: 6.13e-05 | MSE loss: 5.0230e-03 | time: 0.057
I 06.08/11:29:36 solver.py:159 ] Epoch: [337/400][60/112] lr: 6.12e-05 | MSE loss: 5.0164e-03 | time: 0.058
I 06.08/11:29:37 solver.py:159 ] Epoch: [337/400][80/112] lr: 6.11e-05 | MSE loss: 5.0063e-03 | time: 0.058
I 06.08/11:29:38 solver.py:159 ] Epoch: [337/400][100/112] lr: 6.11e-05 | MSE loss: 4.9938e-03 | time: 0.056
I 06.08/11:29:39 solver.py:169 ] => Train  Loss: 5.2660e-03

I 06.08/11:29:39 solver.py:224 ] 
=! Best NMSE: -1.7792e+01 (epoch=320)

I 06.08/11:29:40 solver.py:159 ] Epoch: [338/400][20/112] lr: 6.10e-05 | MSE loss: 6.7151e-03 | time: 0.053
I 06.08/11:29:41 solver.py:159 ] Epoch: [338/400][40/112] lr: 6.09e-05 | MSE loss: 6.3632e-03 | time: 0.052
I 06.08/11:29:42 solver.py:159 ] Epoch: [338/400][60/112] lr: 6.09e-05 | MSE loss: 6.1013e-03 | time: 0.053
I 06.08/11:29:43 solver.py:159 ] Epoch: [338/400][80/112] lr: 6.08e-05 | MSE loss: 5.9117e-03 | time: 0.053
I 06.08/11:29:44 solver.py:159 ] Epoch: [338/400][100/112] lr: 6.07e-05 | MSE loss: 5.7574e-03 | time: 0.054
I 06.08/11:29:45 solver.py:169 ] => Train  Loss: 5.6820e-03

I 06.08/11:29:45 solver.py:224 ] 
=! Best NMSE: -1.7792e+01 (epoch=320)

I 06.08/11:29:46 solver.py:159 ] Epoch: [339/400][20/112] lr: 6.07e-05 | MSE loss: 4.9482e-03 | time: 0.062
I 06.08/11:29:47 solver.py:159 ] Epoch: [339/400][40/112] lr: 6.06e-05 | MSE loss: 4.9189e-03 | time: 0.060
I 06.08/11:29:48 solver.py:159 ] Epoch: [339/400][60/112] lr: 6.05e-05 | MSE loss: 4.9201e-03 | time: 0.055
I 06.08/11:29:49 solver.py:159 ] Epoch: [339/400][80/112] lr: 6.05e-05 | MSE loss: 4.9380e-03 | time: 0.052
I 06.08/11:29:50 solver.py:159 ] Epoch: [339/400][100/112] lr: 6.04e-05 | MSE loss: 5.0679e-03 | time: 0.051
I 06.08/11:29:51 solver.py:169 ] => Train  Loss: 5.3650e-03

I 06.08/11:29:51 solver.py:224 ] 
=! Best NMSE: -1.7792e+01 (epoch=320)

I 06.08/11:29:52 solver.py:159 ] Epoch: [340/400][20/112] lr: 6.03e-05 | MSE loss: 6.8962e-03 | time: 0.050
I 06.08/11:29:53 solver.py:159 ] Epoch: [340/400][40/112] lr: 6.03e-05 | MSE loss: 6.4986e-03 | time: 0.054
I 06.08/11:29:54 solver.py:159 ] Epoch: [340/400][60/112] lr: 6.02e-05 | MSE loss: 6.2502e-03 | time: 0.055
I 06.08/11:29:55 solver.py:159 ] Epoch: [340/400][80/112] lr: 6.01e-05 | MSE loss: 6.1019e-03 | time: 0.053
I 06.08/11:29:56 solver.py:159 ] Epoch: [340/400][100/112] lr: 6.01e-05 | MSE loss: 5.9687e-03 | time: 0.052
I 06.08/11:29:57 solver.py:169 ] => Train  Loss: 5.9059e-03

I 06.08/11:29:57 solver.py:169 ] => Val  Loss: 5.4199e-03

I 06.08/11:29:57 solver.py:413 ] => Test NMSE: -1.7049e+01

I 06.08/11:29:57 solver.py:224 ] 
=! Best NMSE: -1.7792e+01 (epoch=320)

I 06.08/11:29:59 solver.py:159 ] Epoch: [341/400][20/112] lr: 6.00e-05 | MSE loss: 5.3667e-03 | time: 0.051
I 06.08/11:30:00 solver.py:159 ] Epoch: [341/400][40/112] lr: 5.99e-05 | MSE loss: 5.3930e-03 | time: 0.053
I 06.08/11:30:01 solver.py:159 ] Epoch: [341/400][60/112] lr: 5.99e-05 | MSE loss: 5.3613e-03 | time: 0.056
I 06.08/11:30:02 solver.py:159 ] Epoch: [341/400][80/112] lr: 5.98e-05 | MSE loss: 5.3063e-03 | time: 0.060
I 06.08/11:30:04 solver.py:159 ] Epoch: [341/400][100/112] lr: 5.98e-05 | MSE loss: 5.2684e-03 | time: 0.063
I 06.08/11:30:05 solver.py:169 ] => Train  Loss: 5.2515e-03

I 06.08/11:30:05 solver.py:224 ] 
=! Best NMSE: -1.7792e+01 (epoch=320)

I 06.08/11:30:07 solver.py:159 ] Epoch: [342/400][20/112] lr: 5.97e-05 | MSE loss: 5.0862e-03 | time: 0.093
I 06.08/11:30:08 solver.py:159 ] Epoch: [342/400][40/112] lr: 5.96e-05 | MSE loss: 5.1228e-03 | time: 0.087
I 06.08/11:30:10 solver.py:159 ] Epoch: [342/400][60/112] lr: 5.96e-05 | MSE loss: 5.1656e-03 | time: 0.083
I 06.08/11:30:11 solver.py:159 ] Epoch: [342/400][80/112] lr: 5.95e-05 | MSE loss: 5.1674e-03 | time: 0.078
I 06.08/11:30:12 solver.py:159 ] Epoch: [342/400][100/112] lr: 5.94e-05 | MSE loss: 5.1358e-03 | time: 0.071
I 06.08/11:30:13 solver.py:169 ] => Train  Loss: 5.1186e-03

I 06.08/11:30:13 solver.py:224 ] 
=! Best NMSE: -1.7792e+01 (epoch=320)

I 06.08/11:30:14 solver.py:159 ] Epoch: [343/400][20/112] lr: 5.93e-05 | MSE loss: 4.8776e-03 | time: 0.050
I 06.08/11:30:15 solver.py:159 ] Epoch: [343/400][40/112] lr: 5.93e-05 | MSE loss: 4.8598e-03 | time: 0.056
I 06.08/11:30:16 solver.py:159 ] Epoch: [343/400][60/112] lr: 5.92e-05 | MSE loss: 4.8570e-03 | time: 0.054
I 06.08/11:30:17 solver.py:159 ] Epoch: [343/400][80/112] lr: 5.92e-05 | MSE loss: 4.8525e-03 | time: 0.052
I 06.08/11:30:18 solver.py:159 ] Epoch: [343/400][100/112] lr: 5.91e-05 | MSE loss: 4.8573e-03 | time: 0.050
I 06.08/11:30:18 solver.py:169 ] => Train  Loss: 5.0314e-03

I 06.08/11:30:18 solver.py:224 ] 
=! Best NMSE: -1.7792e+01 (epoch=320)

I 06.08/11:30:19 solver.py:159 ] Epoch: [344/400][20/112] lr: 5.90e-05 | MSE loss: 5.5098e-03 | time: 0.047
I 06.08/11:30:21 solver.py:159 ] Epoch: [344/400][40/112] lr: 5.90e-05 | MSE loss: 5.4492e-03 | time: 0.052
I 06.08/11:30:21 solver.py:159 ] Epoch: [344/400][60/112] lr: 5.89e-05 | MSE loss: 5.4791e-03 | time: 0.050
I 06.08/11:30:22 solver.py:159 ] Epoch: [344/400][80/112] lr: 5.89e-05 | MSE loss: 5.4250e-03 | time: 0.049
I 06.08/11:30:23 solver.py:159 ] Epoch: [344/400][100/112] lr: 5.88e-05 | MSE loss: 5.3607e-03 | time: 0.049
I 06.08/11:30:24 solver.py:169 ] => Train  Loss: 5.3177e-03

I 06.08/11:30:24 solver.py:224 ] 
=! Best NMSE: -1.7792e+01 (epoch=320)

I 06.08/11:30:25 solver.py:159 ] Epoch: [345/400][20/112] lr: 5.87e-05 | MSE loss: 5.1922e-03 | time: 0.047
I 06.08/11:30:26 solver.py:159 ] Epoch: [345/400][40/112] lr: 5.87e-05 | MSE loss: 5.1795e-03 | time: 0.046
I 06.08/11:30:27 solver.py:159 ] Epoch: [345/400][60/112] lr: 5.86e-05 | MSE loss: 5.1666e-03 | time: 0.046
I 06.08/11:30:28 solver.py:159 ] Epoch: [345/400][80/112] lr: 5.86e-05 | MSE loss: 5.1241e-03 | time: 0.046
I 06.08/11:30:29 solver.py:159 ] Epoch: [345/400][100/112] lr: 5.85e-05 | MSE loss: 5.1048e-03 | time: 0.046
I 06.08/11:30:29 solver.py:169 ] => Train  Loss: 5.0925e-03

I 06.08/11:30:29 solver.py:224 ] 
=! Best NMSE: -1.7792e+01 (epoch=320)

I 06.08/11:30:30 solver.py:159 ] Epoch: [346/400][20/112] lr: 5.84e-05 | MSE loss: 4.8819e-03 | time: 0.045
I 06.08/11:30:31 solver.py:159 ] Epoch: [346/400][40/112] lr: 5.84e-05 | MSE loss: 4.8427e-03 | time: 0.051
I 06.08/11:30:32 solver.py:159 ] Epoch: [346/400][60/112] lr: 5.83e-05 | MSE loss: 4.8749e-03 | time: 0.053
I 06.08/11:30:34 solver.py:159 ] Epoch: [346/400][80/112] lr: 5.83e-05 | MSE loss: 4.8873e-03 | time: 0.054
I 06.08/11:30:35 solver.py:159 ] Epoch: [346/400][100/112] lr: 5.82e-05 | MSE loss: 4.8922e-03 | time: 0.054
I 06.08/11:30:35 solver.py:169 ] => Train  Loss: 4.8951e-03

I 06.08/11:30:35 solver.py:224 ] 
=! Best NMSE: -1.7792e+01 (epoch=320)

I 06.08/11:30:36 solver.py:159 ] Epoch: [347/400][20/112] lr: 5.81e-05 | MSE loss: 4.9093e-03 | time: 0.047
I 06.08/11:30:37 solver.py:159 ] Epoch: [347/400][40/112] lr: 5.81e-05 | MSE loss: 4.9491e-03 | time: 0.048
I 06.08/11:30:38 solver.py:159 ] Epoch: [347/400][60/112] lr: 5.80e-05 | MSE loss: 4.9144e-03 | time: 0.050
I 06.08/11:30:39 solver.py:159 ] Epoch: [347/400][80/112] lr: 5.80e-05 | MSE loss: 4.8779e-03 | time: 0.050
I 06.08/11:30:40 solver.py:159 ] Epoch: [347/400][100/112] lr: 5.79e-05 | MSE loss: 4.8403e-03 | time: 0.050
I 06.08/11:30:41 solver.py:169 ] => Train  Loss: 4.8236e-03

I 06.08/11:30:41 solver.py:224 ] 
=! Best NMSE: -1.7792e+01 (epoch=320)

I 06.08/11:30:42 solver.py:159 ] Epoch: [348/400][20/112] lr: 5.78e-05 | MSE loss: 4.7201e-03 | time: 0.049
I 06.08/11:30:43 solver.py:159 ] Epoch: [348/400][40/112] lr: 5.78e-05 | MSE loss: 4.6953e-03 | time: 0.051
I 06.08/11:30:44 solver.py:159 ] Epoch: [348/400][60/112] lr: 5.77e-05 | MSE loss: 4.6649e-03 | time: 0.049
I 06.08/11:30:45 solver.py:159 ] Epoch: [348/400][80/112] lr: 5.77e-05 | MSE loss: 4.6448e-03 | time: 0.049
I 06.08/11:30:46 solver.py:159 ] Epoch: [348/400][100/112] lr: 5.76e-05 | MSE loss: 4.6437e-03 | time: 0.049
I 06.08/11:30:46 solver.py:169 ] => Train  Loss: 4.6514e-03

I 06.08/11:30:46 solver.py:224 ] 
=! Best NMSE: -1.7792e+01 (epoch=320)

I 06.08/11:30:47 solver.py:159 ] Epoch: [349/400][20/112] lr: 5.75e-05 | MSE loss: 5.2990e-03 | time: 0.047
I 06.08/11:30:48 solver.py:159 ] Epoch: [349/400][40/112] lr: 5.75e-05 | MSE loss: 5.2658e-03 | time: 0.050
I 06.08/11:30:50 solver.py:159 ] Epoch: [349/400][60/112] lr: 5.74e-05 | MSE loss: 5.2228e-03 | time: 0.052
I 06.08/11:30:51 solver.py:159 ] Epoch: [349/400][80/112] lr: 5.74e-05 | MSE loss: 5.2205e-03 | time: 0.052
I 06.08/11:30:51 solver.py:159 ] Epoch: [349/400][100/112] lr: 5.73e-05 | MSE loss: 5.2046e-03 | time: 0.050
I 06.08/11:30:52 solver.py:169 ] => Train  Loss: 5.2019e-03

I 06.08/11:30:52 solver.py:224 ] 
=! Best NMSE: -1.7792e+01 (epoch=320)

I 06.08/11:30:53 solver.py:159 ] Epoch: [350/400][20/112] lr: 5.73e-05 | MSE loss: 5.1070e-03 | time: 0.050
I 06.08/11:30:54 solver.py:159 ] Epoch: [350/400][40/112] lr: 5.72e-05 | MSE loss: 5.1646e-03 | time: 0.049
I 06.08/11:30:55 solver.py:159 ] Epoch: [350/400][60/112] lr: 5.72e-05 | MSE loss: 5.1779e-03 | time: 0.048
I 06.08/11:30:56 solver.py:159 ] Epoch: [350/400][80/112] lr: 5.71e-05 | MSE loss: 5.2244e-03 | time: 0.048
I 06.08/11:30:57 solver.py:159 ] Epoch: [350/400][100/112] lr: 5.71e-05 | MSE loss: 5.2443e-03 | time: 0.048
I 06.08/11:30:57 solver.py:169 ] => Train  Loss: 5.2484e-03

I 06.08/11:30:58 solver.py:169 ] => Val  Loss: 5.3132e-03

I 06.08/11:30:58 solver.py:413 ] => Test NMSE: -1.7224e+01

I 06.08/11:30:58 solver.py:224 ] 
=! Best NMSE: -1.7792e+01 (epoch=320)

I 06.08/11:30:59 solver.py:159 ] Epoch: [351/400][20/112] lr: 5.70e-05 | MSE loss: 5.2224e-03 | time: 0.045
I 06.08/11:31:00 solver.py:159 ] Epoch: [351/400][40/112] lr: 5.69e-05 | MSE loss: 5.1629e-03 | time: 0.049
I 06.08/11:31:01 solver.py:159 ] Epoch: [351/400][60/112] lr: 5.69e-05 | MSE loss: 5.1416e-03 | time: 0.054
I 06.08/11:31:03 solver.py:159 ] Epoch: [351/400][80/112] lr: 5.68e-05 | MSE loss: 5.1123e-03 | time: 0.060
I 06.08/11:31:04 solver.py:159 ] Epoch: [351/400][100/112] lr: 5.68e-05 | MSE loss: 5.0931e-03 | time: 0.063
I 06.08/11:31:06 solver.py:169 ] => Train  Loss: 5.0757e-03

I 06.08/11:31:06 solver.py:224 ] 
=! Best NMSE: -1.7792e+01 (epoch=320)

I 06.08/11:31:07 solver.py:159 ] Epoch: [352/400][20/112] lr: 5.67e-05 | MSE loss: 4.9093e-03 | time: 0.084
I 06.08/11:31:09 solver.py:159 ] Epoch: [352/400][40/112] lr: 5.67e-05 | MSE loss: 4.9713e-03 | time: 0.088
I 06.08/11:31:10 solver.py:159 ] Epoch: [352/400][60/112] lr: 5.66e-05 | MSE loss: 4.9779e-03 | time: 0.080
I 06.08/11:31:11 solver.py:159 ] Epoch: [352/400][80/112] lr: 5.66e-05 | MSE loss: 5.0021e-03 | time: 0.072
I 06.08/11:31:12 solver.py:159 ] Epoch: [352/400][100/112] lr: 5.65e-05 | MSE loss: 4.9930e-03 | time: 0.068
I 06.08/11:31:13 solver.py:169 ] => Train  Loss: 4.9750e-03

I 06.08/11:31:13 solver.py:224 ] 
=! Best NMSE: -1.7792e+01 (epoch=320)

I 06.08/11:31:14 solver.py:159 ] Epoch: [353/400][20/112] lr: 5.64e-05 | MSE loss: 4.7521e-03 | time: 0.052
I 06.08/11:31:15 solver.py:159 ] Epoch: [353/400][40/112] lr: 5.64e-05 | MSE loss: 4.8076e-03 | time: 0.051
I 06.08/11:31:16 solver.py:159 ] Epoch: [353/400][60/112] lr: 5.63e-05 | MSE loss: 4.8341e-03 | time: 0.053
I 06.08/11:31:17 solver.py:159 ] Epoch: [353/400][80/112] lr: 5.63e-05 | MSE loss: 4.8433e-03 | time: 0.053
I 06.08/11:31:18 solver.py:159 ] Epoch: [353/400][100/112] lr: 5.62e-05 | MSE loss: 4.8908e-03 | time: 0.053
I 06.08/11:31:19 solver.py:169 ] => Train  Loss: 4.9261e-03

I 06.08/11:31:19 solver.py:224 ] 
=! Best NMSE: -1.7792e+01 (epoch=320)

I 06.08/11:31:20 solver.py:159 ] Epoch: [354/400][20/112] lr: 5.62e-05 | MSE loss: 5.1300e-03 | time: 0.052
I 06.08/11:31:21 solver.py:159 ] Epoch: [354/400][40/112] lr: 5.61e-05 | MSE loss: 5.3032e-03 | time: 0.052
I 06.08/11:31:22 solver.py:159 ] Epoch: [354/400][60/112] lr: 5.61e-05 | MSE loss: 5.3818e-03 | time: 0.051
I 06.08/11:31:23 solver.py:159 ] Epoch: [354/400][80/112] lr: 5.60e-05 | MSE loss: 5.3762e-03 | time: 0.050
I 06.08/11:31:24 solver.py:159 ] Epoch: [354/400][100/112] lr: 5.60e-05 | MSE loss: 5.3461e-03 | time: 0.051
I 06.08/11:31:25 solver.py:169 ] => Train  Loss: 5.3364e-03

I 06.08/11:31:25 solver.py:224 ] 
=! Best NMSE: -1.7792e+01 (epoch=320)

I 06.08/11:31:26 solver.py:159 ] Epoch: [355/400][20/112] lr: 5.59e-05 | MSE loss: 5.0938e-03 | time: 0.054
I 06.08/11:31:27 solver.py:159 ] Epoch: [355/400][40/112] lr: 5.59e-05 | MSE loss: 5.0771e-03 | time: 0.054
I 06.08/11:31:28 solver.py:159 ] Epoch: [355/400][60/112] lr: 5.58e-05 | MSE loss: 5.0167e-03 | time: 0.055
I 06.08/11:31:29 solver.py:159 ] Epoch: [355/400][80/112] lr: 5.58e-05 | MSE loss: 4.9733e-03 | time: 0.054
I 06.08/11:31:30 solver.py:159 ] Epoch: [355/400][100/112] lr: 5.57e-05 | MSE loss: 4.9389e-03 | time: 0.053
I 06.08/11:31:31 solver.py:169 ] => Train  Loss: 4.9173e-03

I 06.08/11:31:31 solver.py:224 ] 
=! Best NMSE: -1.7792e+01 (epoch=320)

I 06.08/11:31:32 solver.py:159 ] Epoch: [356/400][20/112] lr: 5.57e-05 | MSE loss: 4.8646e-03 | time: 0.047
I 06.08/11:31:33 solver.py:159 ] Epoch: [356/400][40/112] lr: 5.56e-05 | MSE loss: 4.8608e-03 | time: 0.051
I 06.08/11:31:34 solver.py:159 ] Epoch: [356/400][60/112] lr: 5.56e-05 | MSE loss: 4.8842e-03 | time: 0.050
I 06.08/11:31:35 solver.py:159 ] Epoch: [356/400][80/112] lr: 5.55e-05 | MSE loss: 4.8977e-03 | time: 0.050
I 06.08/11:31:36 solver.py:159 ] Epoch: [356/400][100/112] lr: 5.55e-05 | MSE loss: 4.9498e-03 | time: 0.049
I 06.08/11:31:36 solver.py:169 ] => Train  Loss: 4.9639e-03

I 06.08/11:31:36 solver.py:224 ] 
=! Best NMSE: -1.7792e+01 (epoch=320)

I 06.08/11:31:37 solver.py:159 ] Epoch: [357/400][20/112] lr: 5.54e-05 | MSE loss: 4.9103e-03 | time: 0.052
I 06.08/11:31:38 solver.py:159 ] Epoch: [357/400][40/112] lr: 5.54e-05 | MSE loss: 4.9132e-03 | time: 0.054
I 06.08/11:31:39 solver.py:159 ] Epoch: [357/400][60/112] lr: 5.53e-05 | MSE loss: 5.0044e-03 | time: 0.053
I 06.08/11:31:40 solver.py:159 ] Epoch: [357/400][80/112] lr: 5.53e-05 | MSE loss: 5.0077e-03 | time: 0.050
I 06.08/11:31:41 solver.py:159 ] Epoch: [357/400][100/112] lr: 5.52e-05 | MSE loss: 5.0401e-03 | time: 0.049
I 06.08/11:31:42 solver.py:169 ] => Train  Loss: 5.0648e-03

I 06.08/11:31:42 solver.py:224 ] 
=! Best NMSE: -1.7792e+01 (epoch=320)

I 06.08/11:31:43 solver.py:159 ] Epoch: [358/400][20/112] lr: 5.52e-05 | MSE loss: 5.1219e-03 | time: 0.058
I 06.08/11:31:44 solver.py:159 ] Epoch: [358/400][40/112] lr: 5.51e-05 | MSE loss: 5.1620e-03 | time: 0.052
I 06.08/11:31:45 solver.py:159 ] Epoch: [358/400][60/112] lr: 5.51e-05 | MSE loss: 5.1306e-03 | time: 0.054
I 06.08/11:31:46 solver.py:159 ] Epoch: [358/400][80/112] lr: 5.50e-05 | MSE loss: 5.0921e-03 | time: 0.053
I 06.08/11:31:47 solver.py:159 ] Epoch: [358/400][100/112] lr: 5.50e-05 | MSE loss: 5.0737e-03 | time: 0.053
I 06.08/11:31:48 solver.py:169 ] => Train  Loss: 5.0519e-03

I 06.08/11:31:48 solver.py:224 ] 
=! Best NMSE: -1.7792e+01 (epoch=320)

I 06.08/11:31:49 solver.py:159 ] Epoch: [359/400][20/112] lr: 5.49e-05 | MSE loss: 4.8004e-03 | time: 0.049
I 06.08/11:31:50 solver.py:159 ] Epoch: [359/400][40/112] lr: 5.49e-05 | MSE loss: 4.7491e-03 | time: 0.053
I 06.08/11:31:51 solver.py:159 ] Epoch: [359/400][60/112] lr: 5.49e-05 | MSE loss: 4.7998e-03 | time: 0.054
I 06.08/11:31:52 solver.py:159 ] Epoch: [359/400][80/112] lr: 5.48e-05 | MSE loss: 4.8797e-03 | time: 0.052
I 06.08/11:31:53 solver.py:159 ] Epoch: [359/400][100/112] lr: 5.48e-05 | MSE loss: 4.8915e-03 | time: 0.051
I 06.08/11:31:54 solver.py:169 ] => Train  Loss: 4.8844e-03

I 06.08/11:31:54 solver.py:224 ] 
=! Best NMSE: -1.7792e+01 (epoch=320)

I 06.08/11:31:54 solver.py:159 ] Epoch: [360/400][20/112] lr: 5.47e-05 | MSE loss: 4.8009e-03 | time: 0.045
I 06.08/11:31:55 solver.py:159 ] Epoch: [360/400][40/112] lr: 5.47e-05 | MSE loss: 4.8851e-03 | time: 0.046
I 06.08/11:31:56 solver.py:159 ] Epoch: [360/400][60/112] lr: 5.46e-05 | MSE loss: 4.9437e-03 | time: 0.045
I 06.08/11:31:57 solver.py:159 ] Epoch: [360/400][80/112] lr: 5.46e-05 | MSE loss: 4.9576e-03 | time: 0.046
I 06.08/11:31:58 solver.py:159 ] Epoch: [360/400][100/112] lr: 5.45e-05 | MSE loss: 4.9431e-03 | time: 0.046
I 06.08/11:31:59 solver.py:169 ] => Train  Loss: 4.9293e-03

I 06.08/11:31:59 solver.py:169 ] => Val  Loss: 4.7972e-03

I 06.08/11:32:00 solver.py:413 ] => Test NMSE: -1.7654e+01

I 06.08/11:32:00 solver.py:224 ] 
=! Best NMSE: -1.7792e+01 (epoch=320)

I 06.08/11:32:01 solver.py:159 ] Epoch: [361/400][20/112] lr: 5.45e-05 | MSE loss: 4.7444e-03 | time: 0.064
I 06.08/11:32:02 solver.py:159 ] Epoch: [361/400][40/112] lr: 5.44e-05 | MSE loss: 4.7423e-03 | time: 0.072
I 06.08/11:32:04 solver.py:159 ] Epoch: [361/400][60/112] lr: 5.44e-05 | MSE loss: 4.7434e-03 | time: 0.072
I 06.08/11:32:06 solver.py:159 ] Epoch: [361/400][80/112] lr: 5.44e-05 | MSE loss: 4.7669e-03 | time: 0.077
I 06.08/11:32:07 solver.py:159 ] Epoch: [361/400][100/112] lr: 5.43e-05 | MSE loss: 4.7904e-03 | time: 0.077
I 06.08/11:32:08 solver.py:169 ] => Train  Loss: 4.7944e-03

I 06.08/11:32:08 solver.py:224 ] 
=! Best NMSE: -1.7792e+01 (epoch=320)

I 06.08/11:32:10 solver.py:159 ] Epoch: [362/400][20/112] lr: 5.43e-05 | MSE loss: 4.7991e-03 | time: 0.081
I 06.08/11:32:11 solver.py:159 ] Epoch: [362/400][40/112] lr: 5.42e-05 | MSE loss: 4.7942e-03 | time: 0.070
I 06.08/11:32:12 solver.py:159 ] Epoch: [362/400][60/112] lr: 5.42e-05 | MSE loss: 4.8021e-03 | time: 0.062
I 06.08/11:32:13 solver.py:159 ] Epoch: [362/400][80/112] lr: 5.41e-05 | MSE loss: 4.8570e-03 | time: 0.059
I 06.08/11:32:14 solver.py:159 ] Epoch: [362/400][100/112] lr: 5.41e-05 | MSE loss: 4.9355e-03 | time: 0.057
I 06.08/11:32:15 solver.py:169 ] => Train  Loss: 4.9813e-03

I 06.08/11:32:15 solver.py:224 ] 
=! Best NMSE: -1.7792e+01 (epoch=320)

I 06.08/11:32:16 solver.py:159 ] Epoch: [363/400][20/112] lr: 5.40e-05 | MSE loss: 5.4591e-03 | time: 0.051
I 06.08/11:32:17 solver.py:159 ] Epoch: [363/400][40/112] lr: 5.40e-05 | MSE loss: 5.2897e-03 | time: 0.048
I 06.08/11:32:18 solver.py:159 ] Epoch: [363/400][60/112] lr: 5.40e-05 | MSE loss: 5.1631e-03 | time: 0.048
I 06.08/11:32:19 solver.py:159 ] Epoch: [363/400][80/112] lr: 5.39e-05 | MSE loss: 5.0656e-03 | time: 0.048
I 06.08/11:32:20 solver.py:159 ] Epoch: [363/400][100/112] lr: 5.39e-05 | MSE loss: 5.0408e-03 | time: 0.048
I 06.08/11:32:20 solver.py:169 ] => Train  Loss: 5.0351e-03

I 06.08/11:32:20 solver.py:224 ] 
=! Best NMSE: -1.7792e+01 (epoch=320)

I 06.08/11:32:21 solver.py:159 ] Epoch: [364/400][20/112] lr: 5.38e-05 | MSE loss: 4.8092e-03 | time: 0.048
I 06.08/11:32:22 solver.py:159 ] Epoch: [364/400][40/112] lr: 5.38e-05 | MSE loss: 4.7797e-03 | time: 0.054
I 06.08/11:32:24 solver.py:159 ] Epoch: [364/400][60/112] lr: 5.38e-05 | MSE loss: 4.7557e-03 | time: 0.058
I 06.08/11:32:25 solver.py:159 ] Epoch: [364/400][80/112] lr: 5.37e-05 | MSE loss: 4.7370e-03 | time: 0.056
I 06.08/11:32:26 solver.py:159 ] Epoch: [364/400][100/112] lr: 5.37e-05 | MSE loss: 4.7338e-03 | time: 0.056
I 06.08/11:32:27 solver.py:169 ] => Train  Loss: 4.7661e-03

I 06.08/11:32:27 solver.py:224 ] 
=! Best NMSE: -1.7792e+01 (epoch=320)

I 06.08/11:32:28 solver.py:159 ] Epoch: [365/400][20/112] lr: 5.36e-05 | MSE loss: 4.9314e-03 | time: 0.057
I 06.08/11:32:29 solver.py:159 ] Epoch: [365/400][40/112] lr: 5.36e-05 | MSE loss: 4.8907e-03 | time: 0.053
I 06.08/11:32:30 solver.py:159 ] Epoch: [365/400][60/112] lr: 5.36e-05 | MSE loss: 4.8425e-03 | time: 0.053
I 06.08/11:32:31 solver.py:159 ] Epoch: [365/400][80/112] lr: 5.35e-05 | MSE loss: 4.8133e-03 | time: 0.052
I 06.08/11:32:32 solver.py:159 ] Epoch: [365/400][100/112] lr: 5.35e-05 | MSE loss: 4.7912e-03 | time: 0.052
I 06.08/11:32:32 solver.py:169 ] => Train  Loss: 4.7854e-03

I 06.08/11:32:32 solver.py:224 ] 
=! Best NMSE: -1.7792e+01 (epoch=320)

I 06.08/11:32:33 solver.py:159 ] Epoch: [366/400][20/112] lr: 5.34e-05 | MSE loss: 5.4433e-03 | time: 0.054
I 06.08/11:32:35 solver.py:159 ] Epoch: [366/400][40/112] lr: 5.34e-05 | MSE loss: 5.3849e-03 | time: 0.053
I 06.08/11:32:36 solver.py:159 ] Epoch: [366/400][60/112] lr: 5.34e-05 | MSE loss: 5.2336e-03 | time: 0.053
I 06.08/11:32:37 solver.py:159 ] Epoch: [366/400][80/112] lr: 5.33e-05 | MSE loss: 5.3041e-03 | time: 0.052
I 06.08/11:32:38 solver.py:159 ] Epoch: [366/400][100/112] lr: 5.33e-05 | MSE loss: 5.3882e-03 | time: 0.051
I 06.08/11:32:38 solver.py:169 ] => Train  Loss: 5.3905e-03

I 06.08/11:32:38 solver.py:224 ] 
=! Best NMSE: -1.7792e+01 (epoch=320)

I 06.08/11:32:39 solver.py:159 ] Epoch: [367/400][20/112] lr: 5.32e-05 | MSE loss: 5.1351e-03 | time: 0.050
I 06.08/11:32:40 solver.py:159 ] Epoch: [367/400][40/112] lr: 5.32e-05 | MSE loss: 5.0731e-03 | time: 0.049
I 06.08/11:32:41 solver.py:159 ] Epoch: [367/400][60/112] lr: 5.32e-05 | MSE loss: 5.0620e-03 | time: 0.050
I 06.08/11:32:42 solver.py:159 ] Epoch: [367/400][80/112] lr: 5.31e-05 | MSE loss: 5.0485e-03 | time: 0.050
I 06.08/11:32:43 solver.py:159 ] Epoch: [367/400][100/112] lr: 5.31e-05 | MSE loss: 5.0392e-03 | time: 0.049
I 06.08/11:32:44 solver.py:169 ] => Train  Loss: 5.0522e-03

I 06.08/11:32:44 solver.py:224 ] 
=! Best NMSE: -1.7792e+01 (epoch=320)

I 06.08/11:32:45 solver.py:159 ] Epoch: [368/400][20/112] lr: 5.31e-05 | MSE loss: 5.3421e-03 | time: 0.052
I 06.08/11:32:46 solver.py:159 ] Epoch: [368/400][40/112] lr: 5.30e-05 | MSE loss: 5.1480e-03 | time: 0.058
I 06.08/11:32:47 solver.py:159 ] Epoch: [368/400][60/112] lr: 5.30e-05 | MSE loss: 5.1046e-03 | time: 0.055
I 06.08/11:32:48 solver.py:159 ] Epoch: [368/400][80/112] lr: 5.30e-05 | MSE loss: 5.0504e-03 | time: 0.052
I 06.08/11:32:49 solver.py:159 ] Epoch: [368/400][100/112] lr: 5.29e-05 | MSE loss: 4.9991e-03 | time: 0.051
I 06.08/11:32:49 solver.py:169 ] => Train  Loss: 4.9729e-03

I 06.08/11:32:49 solver.py:224 ] 
=! Best NMSE: -1.7792e+01 (epoch=320)

I 06.08/11:32:50 solver.py:159 ] Epoch: [369/400][20/112] lr: 5.29e-05 | MSE loss: 4.7470e-03 | time: 0.050
I 06.08/11:32:51 solver.py:159 ] Epoch: [369/400][40/112] lr: 5.28e-05 | MSE loss: 4.7459e-03 | time: 0.049
I 06.08/11:32:52 solver.py:159 ] Epoch: [369/400][60/112] lr: 5.28e-05 | MSE loss: 4.9607e-03 | time: 0.048
I 06.08/11:32:53 solver.py:159 ] Epoch: [369/400][80/112] lr: 5.28e-05 | MSE loss: 5.0724e-03 | time: 0.048
I 06.08/11:32:54 solver.py:159 ] Epoch: [369/400][100/112] lr: 5.27e-05 | MSE loss: 5.0647e-03 | time: 0.048
I 06.08/11:32:55 solver.py:169 ] => Train  Loss: 5.0437e-03

I 06.08/11:32:55 solver.py:224 ] 
=! Best NMSE: -1.7792e+01 (epoch=320)

I 06.08/11:32:56 solver.py:159 ] Epoch: [370/400][20/112] lr: 5.27e-05 | MSE loss: 4.7880e-03 | time: 0.052
I 06.08/11:32:57 solver.py:159 ] Epoch: [370/400][40/112] lr: 5.27e-05 | MSE loss: 4.8074e-03 | time: 0.051
I 06.08/11:32:58 solver.py:159 ] Epoch: [370/400][60/112] lr: 5.26e-05 | MSE loss: 4.8057e-03 | time: 0.053
I 06.08/11:32:59 solver.py:159 ] Epoch: [370/400][80/112] lr: 5.26e-05 | MSE loss: 4.8162e-03 | time: 0.053
I 06.08/11:33:00 solver.py:159 ] Epoch: [370/400][100/112] lr: 5.26e-05 | MSE loss: 4.8199e-03 | time: 0.053
I 06.08/11:33:01 solver.py:169 ] => Train  Loss: 4.8101e-03

I 06.08/11:33:02 solver.py:169 ] => Val  Loss: 4.7349e-03

I 06.08/11:33:02 solver.py:413 ] => Test NMSE: -1.7726e+01

I 06.08/11:33:02 solver.py:224 ] 
=! Best NMSE: -1.7792e+01 (epoch=320)

I 06.08/11:33:04 solver.py:159 ] Epoch: [371/400][20/112] lr: 5.25e-05 | MSE loss: 4.6383e-03 | time: 0.075
I 06.08/11:33:06 solver.py:159 ] Epoch: [371/400][40/112] lr: 5.25e-05 | MSE loss: 4.6189e-03 | time: 0.084
I 06.08/11:33:07 solver.py:159 ] Epoch: [371/400][60/112] lr: 5.25e-05 | MSE loss: 4.6009e-03 | time: 0.085
I 06.08/11:33:09 solver.py:159 ] Epoch: [371/400][80/112] lr: 5.24e-05 | MSE loss: 4.5928e-03 | time: 0.084
I 06.08/11:33:10 solver.py:159 ] Epoch: [371/400][100/112] lr: 5.24e-05 | MSE loss: 4.5908e-03 | time: 0.082
I 06.08/11:33:11 solver.py:169 ] => Train  Loss: 4.5828e-03

I 06.08/11:33:11 solver.py:224 ] 
=! Best NMSE: -1.7792e+01 (epoch=320)

I 06.08/11:33:12 solver.py:159 ] Epoch: [372/400][20/112] lr: 5.24e-05 | MSE loss: 4.6193e-03 | time: 0.056
I 06.08/11:33:13 solver.py:159 ] Epoch: [372/400][40/112] lr: 5.23e-05 | MSE loss: 4.6003e-03 | time: 0.052
I 06.08/11:33:14 solver.py:159 ] Epoch: [372/400][60/112] lr: 5.23e-05 | MSE loss: 4.5769e-03 | time: 0.052
I 06.08/11:33:15 solver.py:159 ] Epoch: [372/400][80/112] lr: 5.23e-05 | MSE loss: 4.5414e-03 | time: 0.051
I 06.08/11:33:16 solver.py:159 ] Epoch: [372/400][100/112] lr: 5.22e-05 | MSE loss: 4.5465e-03 | time: 0.050
I 06.08/11:33:17 solver.py:169 ] => Train  Loss: 4.5822e-03

I 06.08/11:33:17 solver.py:224 ] 
=! Best NMSE: -1.7792e+01 (epoch=320)

I 06.08/11:33:18 solver.py:159 ] Epoch: [373/400][20/112] lr: 5.22e-05 | MSE loss: 4.6652e-03 | time: 0.049
I 06.08/11:33:19 solver.py:159 ] Epoch: [373/400][40/112] lr: 5.22e-05 | MSE loss: 4.6117e-03 | time: 0.054
I 06.08/11:33:20 solver.py:159 ] Epoch: [373/400][60/112] lr: 5.21e-05 | MSE loss: 4.5528e-03 | time: 0.054
I 06.08/11:33:21 solver.py:159 ] Epoch: [373/400][80/112] lr: 5.21e-05 | MSE loss: 4.5251e-03 | time: 0.053
I 06.08/11:33:22 solver.py:159 ] Epoch: [373/400][100/112] lr: 5.21e-05 | MSE loss: 4.5164e-03 | time: 0.052
I 06.08/11:33:22 solver.py:169 ] => Train  Loss: 4.5042e-03

I 06.08/11:33:22 solver.py:224 ] 
=! Best NMSE: -1.7792e+01 (epoch=320)

I 06.08/11:33:23 solver.py:159 ] Epoch: [374/400][20/112] lr: 5.20e-05 | MSE loss: 4.4178e-03 | time: 0.051
I 06.08/11:33:25 solver.py:159 ] Epoch: [374/400][40/112] lr: 5.20e-05 | MSE loss: 4.4230e-03 | time: 0.052
I 06.08/11:33:25 solver.py:159 ] Epoch: [374/400][60/112] lr: 5.20e-05 | MSE loss: 4.4374e-03 | time: 0.050
I 06.08/11:33:27 solver.py:159 ] Epoch: [374/400][80/112] lr: 5.20e-05 | MSE loss: 4.4559e-03 | time: 0.050
I 06.08/11:33:28 solver.py:159 ] Epoch: [374/400][100/112] lr: 5.19e-05 | MSE loss: 4.4697e-03 | time: 0.051
I 06.08/11:33:28 solver.py:169 ] => Train  Loss: 4.4808e-03

I 06.08/11:33:28 solver.py:224 ] 
=! Best NMSE: -1.7792e+01 (epoch=320)

I 06.08/11:33:29 solver.py:159 ] Epoch: [375/400][20/112] lr: 5.19e-05 | MSE loss: 4.4950e-03 | time: 0.051
I 06.08/11:33:30 solver.py:159 ] Epoch: [375/400][40/112] lr: 5.19e-05 | MSE loss: 4.5218e-03 | time: 0.049
I 06.08/11:33:31 solver.py:159 ] Epoch: [375/400][60/112] lr: 5.18e-05 | MSE loss: 4.5040e-03 | time: 0.048
I 06.08/11:33:32 solver.py:159 ] Epoch: [375/400][80/112] lr: 5.18e-05 | MSE loss: 4.4758e-03 | time: 0.048
I 06.08/11:33:33 solver.py:159 ] Epoch: [375/400][100/112] lr: 5.18e-05 | MSE loss: 4.4524e-03 | time: 0.048
I 06.08/11:33:34 solver.py:169 ] => Train  Loss: 4.4454e-03

I 06.08/11:33:34 solver.py:224 ] 
=! Best NMSE: -1.7792e+01 (epoch=320)

I 06.08/11:33:35 solver.py:159 ] Epoch: [376/400][20/112] lr: 5.18e-05 | MSE loss: 4.3783e-03 | time: 0.045
I 06.08/11:33:36 solver.py:159 ] Epoch: [376/400][40/112] lr: 5.17e-05 | MSE loss: 4.4054e-03 | time: 0.046
I 06.08/11:33:37 solver.py:159 ] Epoch: [376/400][60/112] lr: 5.17e-05 | MSE loss: 4.4584e-03 | time: 0.048
I 06.08/11:33:38 solver.py:159 ] Epoch: [376/400][80/112] lr: 5.17e-05 | MSE loss: 4.4496e-03 | time: 0.050
I 06.08/11:33:39 solver.py:159 ] Epoch: [376/400][100/112] lr: 5.17e-05 | MSE loss: 4.4356e-03 | time: 0.050
I 06.08/11:33:39 solver.py:169 ] => Train  Loss: 4.4428e-03

I 06.08/11:33:39 solver.py:224 ] 
=! Best NMSE: -1.7792e+01 (epoch=320)

I 06.08/11:33:40 solver.py:159 ] Epoch: [377/400][20/112] lr: 5.16e-05 | MSE loss: 4.4829e-03 | time: 0.046
I 06.08/11:33:41 solver.py:159 ] Epoch: [377/400][40/112] lr: 5.16e-05 | MSE loss: 4.4574e-03 | time: 0.053
I 06.08/11:33:42 solver.py:159 ] Epoch: [377/400][60/112] lr: 5.16e-05 | MSE loss: 4.5439e-03 | time: 0.051
I 06.08/11:33:43 solver.py:159 ] Epoch: [377/400][80/112] lr: 5.15e-05 | MSE loss: 4.8410e-03 | time: 0.051
I 06.08/11:33:44 solver.py:159 ] Epoch: [377/400][100/112] lr: 5.15e-05 | MSE loss: 5.0436e-03 | time: 0.050
I 06.08/11:33:45 solver.py:169 ] => Train  Loss: 5.0495e-03

I 06.08/11:33:45 solver.py:224 ] 
=! Best NMSE: -1.7792e+01 (epoch=320)

I 06.08/11:33:46 solver.py:159 ] Epoch: [378/400][20/112] lr: 5.15e-05 | MSE loss: 4.7944e-03 | time: 0.049
I 06.08/11:33:47 solver.py:159 ] Epoch: [378/400][40/112] lr: 5.15e-05 | MSE loss: 4.7219e-03 | time: 0.052
I 06.08/11:33:48 solver.py:159 ] Epoch: [378/400][60/112] lr: 5.14e-05 | MSE loss: 4.6620e-03 | time: 0.052
I 06.08/11:33:49 solver.py:159 ] Epoch: [378/400][80/112] lr: 5.14e-05 | MSE loss: 4.6273e-03 | time: 0.052
I 06.08/11:33:50 solver.py:159 ] Epoch: [378/400][100/112] lr: 5.14e-05 | MSE loss: 4.5861e-03 | time: 0.052
I 06.08/11:33:51 solver.py:169 ] => Train  Loss: 4.5678e-03

I 06.08/11:33:51 solver.py:224 ] 
=! Best NMSE: -1.7792e+01 (epoch=320)

I 06.08/11:33:52 solver.py:159 ] Epoch: [379/400][20/112] lr: 5.14e-05 | MSE loss: 4.3598e-03 | time: 0.043
I 06.08/11:33:53 solver.py:159 ] Epoch: [379/400][40/112] lr: 5.13e-05 | MSE loss: 4.3826e-03 | time: 0.044
I 06.08/11:33:54 solver.py:159 ] Epoch: [379/400][60/112] lr: 5.13e-05 | MSE loss: 4.3920e-03 | time: 0.050
I 06.08/11:33:55 solver.py:159 ] Epoch: [379/400][80/112] lr: 5.13e-05 | MSE loss: 4.4066e-03 | time: 0.052
I 06.08/11:33:56 solver.py:159 ] Epoch: [379/400][100/112] lr: 5.13e-05 | MSE loss: 4.4024e-03 | time: 0.051
I 06.08/11:33:57 solver.py:169 ] => Train  Loss: 4.3986e-03

I 06.08/11:33:57 solver.py:224 ] 
=! Best NMSE: -1.7792e+01 (epoch=320)

I 06.08/11:33:58 solver.py:159 ] Epoch: [380/400][20/112] lr: 5.12e-05 | MSE loss: 4.3076e-03 | time: 0.050
I 06.08/11:33:59 solver.py:159 ] Epoch: [380/400][40/112] lr: 5.12e-05 | MSE loss: 4.2875e-03 | time: 0.052
I 06.08/11:34:00 solver.py:159 ] Epoch: [380/400][60/112] lr: 5.12e-05 | MSE loss: 4.3082e-03 | time: 0.051
I 06.08/11:34:01 solver.py:159 ] Epoch: [380/400][80/112] lr: 5.12e-05 | MSE loss: 4.3273e-03 | time: 0.054
I 06.08/11:34:02 solver.py:159 ] Epoch: [380/400][100/112] lr: 5.12e-05 | MSE loss: 4.3195e-03 | time: 0.056
I 06.08/11:34:03 solver.py:169 ] => Train  Loss: 4.3164e-03

I 06.08/11:34:04 solver.py:169 ] => Val  Loss: 4.3331e-03

I 06.08/11:34:05 solver.py:413 ] => Test NMSE: -1.8121e+01

I 06.08/11:34:05 solver.py:224 ] 
=! Best NMSE: -1.8121e+01 (epoch=380)

I 06.08/11:34:07 solver.py:159 ] Epoch: [381/400][20/112] lr: 5.11e-05 | MSE loss: 4.4487e-03 | time: 0.091
I 06.08/11:34:09 solver.py:159 ] Epoch: [381/400][40/112] lr: 5.11e-05 | MSE loss: 4.5246e-03 | time: 0.089
I 06.08/11:34:10 solver.py:159 ] Epoch: [381/400][60/112] lr: 5.11e-05 | MSE loss: 4.5170e-03 | time: 0.083
I 06.08/11:34:11 solver.py:159 ] Epoch: [381/400][80/112] lr: 5.11e-05 | MSE loss: 4.5030e-03 | time: 0.075
I 06.08/11:34:12 solver.py:159 ] Epoch: [381/400][100/112] lr: 5.10e-05 | MSE loss: 4.4828e-03 | time: 0.070
I 06.08/11:34:13 solver.py:169 ] => Train  Loss: 4.4791e-03

I 06.08/11:34:13 solver.py:224 ] 
=! Best NMSE: -1.8121e+01 (epoch=380)

I 06.08/11:34:14 solver.py:159 ] Epoch: [382/400][20/112] lr: 5.10e-05 | MSE loss: 4.4097e-03 | time: 0.049
I 06.08/11:34:15 solver.py:159 ] Epoch: [382/400][40/112] lr: 5.10e-05 | MSE loss: 4.3917e-03 | time: 0.054
I 06.08/11:34:16 solver.py:159 ] Epoch: [382/400][60/112] lr: 5.10e-05 | MSE loss: 4.3714e-03 | time: 0.053
I 06.08/11:34:17 solver.py:159 ] Epoch: [382/400][80/112] lr: 5.10e-05 | MSE loss: 4.3557e-03 | time: 0.053
I 06.08/11:34:18 solver.py:159 ] Epoch: [382/400][100/112] lr: 5.09e-05 | MSE loss: 4.3343e-03 | time: 0.052
I 06.08/11:34:19 solver.py:169 ] => Train  Loss: 4.3219e-03

I 06.08/11:34:19 solver.py:224 ] 
=! Best NMSE: -1.8121e+01 (epoch=380)

I 06.08/11:34:20 solver.py:159 ] Epoch: [383/400][20/112] lr: 5.09e-05 | MSE loss: 4.2633e-03 | time: 0.052
I 06.08/11:34:21 solver.py:159 ] Epoch: [383/400][40/112] lr: 5.09e-05 | MSE loss: 4.2663e-03 | time: 0.051
I 06.08/11:34:22 solver.py:159 ] Epoch: [383/400][60/112] lr: 5.09e-05 | MSE loss: 4.2941e-03 | time: 0.050
I 06.08/11:34:23 solver.py:159 ] Epoch: [383/400][80/112] lr: 5.09e-05 | MSE loss: 4.3086e-03 | time: 0.050
I 06.08/11:34:24 solver.py:159 ] Epoch: [383/400][100/112] lr: 5.08e-05 | MSE loss: 4.3185e-03 | time: 0.050
I 06.08/11:34:25 solver.py:169 ] => Train  Loss: 4.3172e-03

I 06.08/11:34:25 solver.py:224 ] 
=! Best NMSE: -1.8121e+01 (epoch=380)

I 06.08/11:34:26 solver.py:159 ] Epoch: [384/400][20/112] lr: 5.08e-05 | MSE loss: 4.2918e-03 | time: 0.045
I 06.08/11:34:26 solver.py:159 ] Epoch: [384/400][40/112] lr: 5.08e-05 | MSE loss: 4.5228e-03 | time: 0.046
I 06.08/11:34:27 solver.py:159 ] Epoch: [384/400][60/112] lr: 5.08e-05 | MSE loss: 4.6451e-03 | time: 0.045
I 06.08/11:34:28 solver.py:159 ] Epoch: [384/400][80/112] lr: 5.08e-05 | MSE loss: 4.6427e-03 | time: 0.045
I 06.08/11:34:29 solver.py:159 ] Epoch: [384/400][100/112] lr: 5.07e-05 | MSE loss: 4.6046e-03 | time: 0.046
I 06.08/11:34:30 solver.py:169 ] => Train  Loss: 4.5769e-03

I 06.08/11:34:30 solver.py:224 ] 
=! Best NMSE: -1.8121e+01 (epoch=380)

I 06.08/11:34:31 solver.py:159 ] Epoch: [385/400][20/112] lr: 5.07e-05 | MSE loss: 4.3343e-03 | time: 0.050
I 06.08/11:34:32 solver.py:159 ] Epoch: [385/400][40/112] lr: 5.07e-05 | MSE loss: 4.3594e-03 | time: 0.049
I 06.08/11:34:33 solver.py:159 ] Epoch: [385/400][60/112] lr: 5.07e-05 | MSE loss: 4.3455e-03 | time: 0.050
I 06.08/11:34:34 solver.py:159 ] Epoch: [385/400][80/112] lr: 5.07e-05 | MSE loss: 4.3404e-03 | time: 0.049
I 06.08/11:34:35 solver.py:159 ] Epoch: [385/400][100/112] lr: 5.07e-05 | MSE loss: 4.3468e-03 | time: 0.047
I 06.08/11:34:35 solver.py:169 ] => Train  Loss: 4.3710e-03

I 06.08/11:34:35 solver.py:224 ] 
=! Best NMSE: -1.8121e+01 (epoch=380)

I 06.08/11:34:36 solver.py:159 ] Epoch: [386/400][20/112] lr: 5.06e-05 | MSE loss: 5.0608e-03 | time: 0.053
I 06.08/11:34:37 solver.py:159 ] Epoch: [386/400][40/112] lr: 5.06e-05 | MSE loss: 4.8708e-03 | time: 0.050
I 06.08/11:34:38 solver.py:159 ] Epoch: [386/400][60/112] lr: 5.06e-05 | MSE loss: 4.7666e-03 | time: 0.049
I 06.08/11:34:39 solver.py:159 ] Epoch: [386/400][80/112] lr: 5.06e-05 | MSE loss: 4.7254e-03 | time: 0.049
I 06.08/11:34:40 solver.py:159 ] Epoch: [386/400][100/112] lr: 5.06e-05 | MSE loss: 4.6855e-03 | time: 0.048
I 06.08/11:34:41 solver.py:169 ] => Train  Loss: 4.6619e-03

I 06.08/11:34:41 solver.py:224 ] 
=! Best NMSE: -1.8121e+01 (epoch=380)

I 06.08/11:34:42 solver.py:159 ] Epoch: [387/400][20/112] lr: 5.05e-05 | MSE loss: 4.5966e-03 | time: 0.057
I 06.08/11:34:43 solver.py:159 ] Epoch: [387/400][40/112] lr: 5.05e-05 | MSE loss: 4.5012e-03 | time: 0.060
I 06.08/11:34:44 solver.py:159 ] Epoch: [387/400][60/112] lr: 5.05e-05 | MSE loss: 4.4260e-03 | time: 0.060
I 06.08/11:34:45 solver.py:159 ] Epoch: [387/400][80/112] lr: 5.05e-05 | MSE loss: 4.4381e-03 | time: 0.059
I 06.08/11:34:46 solver.py:159 ] Epoch: [387/400][100/112] lr: 5.05e-05 | MSE loss: 4.4521e-03 | time: 0.057
I 06.08/11:34:47 solver.py:169 ] => Train  Loss: 4.4562e-03

I 06.08/11:34:47 solver.py:224 ] 
=! Best NMSE: -1.8121e+01 (epoch=380)

I 06.08/11:34:48 solver.py:159 ] Epoch: [388/400][20/112] lr: 5.05e-05 | MSE loss: 4.4812e-03 | time: 0.053
I 06.08/11:34:49 solver.py:159 ] Epoch: [388/400][40/112] lr: 5.05e-05 | MSE loss: 4.7150e-03 | time: 0.054
I 06.08/11:34:50 solver.py:159 ] Epoch: [388/400][60/112] lr: 5.04e-05 | MSE loss: 4.9614e-03 | time: 0.057
I 06.08/11:34:51 solver.py:159 ] Epoch: [388/400][80/112] lr: 5.04e-05 | MSE loss: 5.0834e-03 | time: 0.055
I 06.08/11:34:52 solver.py:159 ] Epoch: [388/400][100/112] lr: 5.04e-05 | MSE loss: 5.0803e-03 | time: 0.054
I 06.08/11:34:53 solver.py:169 ] => Train  Loss: 5.0482e-03

I 06.08/11:34:53 solver.py:224 ] 
=! Best NMSE: -1.8121e+01 (epoch=380)

I 06.08/11:34:54 solver.py:159 ] Epoch: [389/400][20/112] lr: 5.04e-05 | MSE loss: 4.6741e-03 | time: 0.046
I 06.08/11:34:55 solver.py:159 ] Epoch: [389/400][40/112] lr: 5.04e-05 | MSE loss: 5.7722e-03 | time: 0.047
I 06.08/11:34:56 solver.py:159 ] Epoch: [389/400][60/112] lr: 5.04e-05 | MSE loss: 5.6558e-03 | time: 0.051
I 06.08/11:34:57 solver.py:159 ] Epoch: [389/400][80/112] lr: 5.04e-05 | MSE loss: 5.5161e-03 | time: 0.051
I 06.08/11:34:58 solver.py:159 ] Epoch: [389/400][100/112] lr: 5.04e-05 | MSE loss: 5.4303e-03 | time: 0.052
I 06.08/11:34:59 solver.py:169 ] => Train  Loss: 5.4001e-03

I 06.08/11:34:59 solver.py:224 ] 
=! Best NMSE: -1.8121e+01 (epoch=380)

I 06.08/11:35:00 solver.py:159 ] Epoch: [390/400][20/112] lr: 5.03e-05 | MSE loss: 4.7706e-03 | time: 0.045
I 06.08/11:35:01 solver.py:159 ] Epoch: [390/400][40/112] lr: 5.03e-05 | MSE loss: 4.6697e-03 | time: 0.057
I 06.08/11:35:03 solver.py:159 ] Epoch: [390/400][60/112] lr: 5.03e-05 | MSE loss: 4.6494e-03 | time: 0.063
I 06.08/11:35:04 solver.py:159 ] Epoch: [390/400][80/112] lr: 5.03e-05 | MSE loss: 4.6484e-03 | time: 0.066
I 06.08/11:35:06 solver.py:159 ] Epoch: [390/400][100/112] lr: 5.03e-05 | MSE loss: 4.7425e-03 | time: 0.070
I 06.08/11:35:07 solver.py:169 ] => Train  Loss: 4.7546e-03

I 06.08/11:35:08 solver.py:169 ] => Val  Loss: 4.8221e-03

I 06.08/11:35:08 solver.py:413 ] => Test NMSE: -1.7651e+01

I 06.08/11:35:08 solver.py:224 ] 
=! Best NMSE: -1.8121e+01 (epoch=380)

I 06.08/11:35:10 solver.py:159 ] Epoch: [391/400][20/112] lr: 5.03e-05 | MSE loss: 4.8668e-03 | time: 0.079
I 06.08/11:35:11 solver.py:159 ] Epoch: [391/400][40/112] lr: 5.03e-05 | MSE loss: 4.8740e-03 | time: 0.073
I 06.08/11:35:12 solver.py:159 ] Epoch: [391/400][60/112] lr: 5.03e-05 | MSE loss: 4.8209e-03 | time: 0.066
I 06.08/11:35:13 solver.py:159 ] Epoch: [391/400][80/112] lr: 5.02e-05 | MSE loss: 4.8465e-03 | time: 0.061
I 06.08/11:35:14 solver.py:159 ] Epoch: [391/400][100/112] lr: 5.02e-05 | MSE loss: 4.8769e-03 | time: 0.058
I 06.08/11:35:15 solver.py:169 ] => Train  Loss: 4.8989e-03

I 06.08/11:35:15 solver.py:224 ] 
=! Best NMSE: -1.8121e+01 (epoch=380)

I 06.08/11:35:16 solver.py:159 ] Epoch: [392/400][20/112] lr: 5.02e-05 | MSE loss: 5.1428e-03 | time: 0.045
I 06.08/11:35:17 solver.py:159 ] Epoch: [392/400][40/112] lr: 5.02e-05 | MSE loss: 4.9925e-03 | time: 0.050
I 06.08/11:35:18 solver.py:159 ] Epoch: [392/400][60/112] lr: 5.02e-05 | MSE loss: 4.8886e-03 | time: 0.050
I 06.08/11:35:19 solver.py:159 ] Epoch: [392/400][80/112] lr: 5.02e-05 | MSE loss: 4.8262e-03 | time: 0.049
I 06.08/11:35:20 solver.py:159 ] Epoch: [392/400][100/112] lr: 5.02e-05 | MSE loss: 4.7835e-03 | time: 0.048
I 06.08/11:35:20 solver.py:169 ] => Train  Loss: 4.7518e-03

I 06.08/11:35:20 solver.py:224 ] 
=! Best NMSE: -1.8121e+01 (epoch=380)

I 06.08/11:35:21 solver.py:159 ] Epoch: [393/400][20/112] lr: 5.02e-05 | MSE loss: 4.9560e-03 | time: 0.051
I 06.08/11:35:22 solver.py:159 ] Epoch: [393/400][40/112] lr: 5.02e-05 | MSE loss: 4.7923e-03 | time: 0.048
I 06.08/11:35:23 solver.py:159 ] Epoch: [393/400][60/112] lr: 5.02e-05 | MSE loss: 4.7144e-03 | time: 0.047
I 06.08/11:35:24 solver.py:159 ] Epoch: [393/400][80/112] lr: 5.02e-05 | MSE loss: 4.6524e-03 | time: 0.046
I 06.08/11:35:25 solver.py:159 ] Epoch: [393/400][100/112] lr: 5.01e-05 | MSE loss: 4.6242e-03 | time: 0.047
I 06.08/11:35:26 solver.py:169 ] => Train  Loss: 4.6149e-03

I 06.08/11:35:26 solver.py:224 ] 
=! Best NMSE: -1.8121e+01 (epoch=380)

I 06.08/11:35:27 solver.py:159 ] Epoch: [394/400][20/112] lr: 5.01e-05 | MSE loss: 4.7162e-03 | time: 0.046
I 06.08/11:35:28 solver.py:159 ] Epoch: [394/400][40/112] lr: 5.01e-05 | MSE loss: 4.7728e-03 | time: 0.048
I 06.08/11:35:29 solver.py:159 ] Epoch: [394/400][60/112] lr: 5.01e-05 | MSE loss: 4.7224e-03 | time: 0.052
I 06.08/11:35:30 solver.py:159 ] Epoch: [394/400][80/112] lr: 5.01e-05 | MSE loss: 4.6689e-03 | time: 0.050
I 06.08/11:35:31 solver.py:159 ] Epoch: [394/400][100/112] lr: 5.01e-05 | MSE loss: 4.6419e-03 | time: 0.049
I 06.08/11:35:31 solver.py:169 ] => Train  Loss: 4.6254e-03

I 06.08/11:35:31 solver.py:224 ] 
=! Best NMSE: -1.8121e+01 (epoch=380)

I 06.08/11:35:32 solver.py:159 ] Epoch: [395/400][20/112] lr: 5.01e-05 | MSE loss: 4.4421e-03 | time: 0.048
I 06.08/11:35:33 solver.py:159 ] Epoch: [395/400][40/112] lr: 5.01e-05 | MSE loss: 4.4600e-03 | time: 0.049
I 06.08/11:35:34 solver.py:159 ] Epoch: [395/400][60/112] lr: 5.01e-05 | MSE loss: 4.4469e-03 | time: 0.048
I 06.08/11:35:35 solver.py:159 ] Epoch: [395/400][80/112] lr: 5.01e-05 | MSE loss: 4.4894e-03 | time: 0.048
I 06.08/11:35:36 solver.py:159 ] Epoch: [395/400][100/112] lr: 5.01e-05 | MSE loss: 4.5021e-03 | time: 0.047
I 06.08/11:35:37 solver.py:169 ] => Train  Loss: 4.5069e-03

I 06.08/11:35:37 solver.py:224 ] 
=! Best NMSE: -1.8121e+01 (epoch=380)

I 06.08/11:35:38 solver.py:159 ] Epoch: [396/400][20/112] lr: 5.01e-05 | MSE loss: 4.5381e-03 | time: 0.048
I 06.08/11:35:39 solver.py:159 ] Epoch: [396/400][40/112] lr: 5.01e-05 | MSE loss: 4.7099e-03 | time: 0.050
I 06.08/11:35:40 solver.py:159 ] Epoch: [396/400][60/112] lr: 5.01e-05 | MSE loss: 4.7703e-03 | time: 0.049
I 06.08/11:35:40 solver.py:159 ] Epoch: [396/400][80/112] lr: 5.01e-05 | MSE loss: 4.7482e-03 | time: 0.047
I 06.08/11:35:41 solver.py:159 ] Epoch: [396/400][100/112] lr: 5.00e-05 | MSE loss: 4.7232e-03 | time: 0.046
I 06.08/11:35:42 solver.py:169 ] => Train  Loss: 4.7169e-03

I 06.08/11:35:42 solver.py:224 ] 
=! Best NMSE: -1.8121e+01 (epoch=380)

I 06.08/11:35:43 solver.py:159 ] Epoch: [397/400][20/112] lr: 5.00e-05 | MSE loss: 4.5782e-03 | time: 0.040
I 06.08/11:35:44 solver.py:159 ] Epoch: [397/400][40/112] lr: 5.00e-05 | MSE loss: 4.6179e-03 | time: 0.043
I 06.08/11:35:45 solver.py:159 ] Epoch: [397/400][60/112] lr: 5.00e-05 | MSE loss: 4.6089e-03 | time: 0.050
I 06.08/11:35:46 solver.py:159 ] Epoch: [397/400][80/112] lr: 5.00e-05 | MSE loss: 4.6287e-03 | time: 0.050
I 06.08/11:35:47 solver.py:159 ] Epoch: [397/400][100/112] lr: 5.00e-05 | MSE loss: 4.6823e-03 | time: 0.049
I 06.08/11:35:47 solver.py:169 ] => Train  Loss: 4.7089e-03

I 06.08/11:35:47 solver.py:224 ] 
=! Best NMSE: -1.8121e+01 (epoch=380)

I 06.08/11:35:48 solver.py:159 ] Epoch: [398/400][20/112] lr: 5.00e-05 | MSE loss: 4.7204e-03 | time: 0.047
I 06.08/11:35:49 solver.py:159 ] Epoch: [398/400][40/112] lr: 5.00e-05 | MSE loss: 4.6302e-03 | time: 0.050
I 06.08/11:35:50 solver.py:159 ] Epoch: [398/400][60/112] lr: 5.00e-05 | MSE loss: 4.6062e-03 | time: 0.052
I 06.08/11:35:52 solver.py:159 ] Epoch: [398/400][80/112] lr: 5.00e-05 | MSE loss: 4.5988e-03 | time: 0.052
I 06.08/11:35:52 solver.py:159 ] Epoch: [398/400][100/112] lr: 5.00e-05 | MSE loss: 4.5705e-03 | time: 0.051
I 06.08/11:35:53 solver.py:169 ] => Train  Loss: 4.5609e-03

I 06.08/11:35:53 solver.py:224 ] 
=! Best NMSE: -1.8121e+01 (epoch=380)

I 06.08/11:35:54 solver.py:159 ] Epoch: [399/400][20/112] lr: 5.00e-05 | MSE loss: 4.3724e-03 | time: 0.047
I 06.08/11:35:55 solver.py:159 ] Epoch: [399/400][40/112] lr: 5.00e-05 | MSE loss: 4.4086e-03 | time: 0.052
I 06.08/11:35:56 solver.py:159 ] Epoch: [399/400][60/112] lr: 5.00e-05 | MSE loss: 4.4535e-03 | time: 0.051
I 06.08/11:35:57 solver.py:159 ] Epoch: [399/400][80/112] lr: 5.00e-05 | MSE loss: 4.4634e-03 | time: 0.052
I 06.08/11:35:58 solver.py:159 ] Epoch: [399/400][100/112] lr: 5.00e-05 | MSE loss: 4.4828e-03 | time: 0.051
I 06.08/11:35:59 solver.py:169 ] => Train  Loss: 4.4852e-03

I 06.08/11:35:59 solver.py:224 ] 
=! Best NMSE: -1.8121e+01 (epoch=380)

I 06.08/11:36:00 solver.py:159 ] Epoch: [400/400][20/112] lr: 5.00e-05 | MSE loss: 4.4732e-03 | time: 0.046
I 06.08/11:36:01 solver.py:159 ] Epoch: [400/400][40/112] lr: 5.00e-05 | MSE loss: 4.4806e-03 | time: 0.056
I 06.08/11:36:03 solver.py:159 ] Epoch: [400/400][60/112] lr: 5.00e-05 | MSE loss: 5.0593e-03 | time: 0.063
I 06.08/11:36:04 solver.py:159 ] Epoch: [400/400][80/112] lr: 5.00e-05 | MSE loss: 5.1775e-03 | time: 0.065
I 06.08/11:36:06 solver.py:159 ] Epoch: [400/400][100/112] lr: 5.00e-05 | MSE loss: 5.1781e-03 | time: 0.070
I 06.08/11:36:07 solver.py:169 ] => Train  Loss: 5.1897e-03

I 06.08/11:36:08 solver.py:169 ] => Val  Loss: 5.2563e-03

I 06.08/11:36:08 solver.py:413 ] => Test NMSE: -1.7303e+01

I 06.08/11:36:08 solver.py:224 ] 
=! Best NMSE: -1.8121e+01 (epoch=380)

I 06.08/11:36:14 solver.py:247 ] => Saved encoder outputs to /home/hujiacong/zxd/Huawei/TransNet/exps/DeepMIMO/seed3407/city_1_losangeles_3p5_s/torch_independent/encoder_output.pth
I 06.08/11:36:14 solver.py:413 ] => Test NMSE: -1.7303e+01

I 06.08/11:36:14 solver.py:370 ] 
=> Test result: 
loss: 5.2547e-03    NMSE: -1.7303e+01

I 06.08/11:36:14 main.py:110 ] 
=! Final test loss: 5.2547e-03
         test NMSE: -1.7303e+01

