I 06.07/21:56:43 main.py:23  ] => Experiment directory: /home/hujiacong/zxd/Huawei/TransNet/exps/WAIRD/seed797/scenario_2/01105_decoder_ffn_8_64_original_independent
I 06.07/21:56:43 main.py:24  ] => PyTorch Version: 2.5.1
I 06.07/21:56:43 main.py:26  ] ==================================================
I 06.07/21:56:43 main.py:30  ] => Arguments:
	train_path: data/scenario_2/01105/train.pt
	val_path: data/scenario_2/01105/test.pt
	test_path: data/scenario_2/01105/test.pt
	batch_size: 32
	workers: 0
	evaluate: False
	pretrained: exps/WAIRD/seed797/base/original_independent/checkpoints/best_nmse.pth
	resume: None
	seed: 797
	gpu: 5
	cpu: False
	cpu_affinity: None
	epochs: 200
	cr: 4
	exp_name: WAIRD/seed797/scenario_2/01105_decoder_ffn_8_64_original_independent
	channel: 2
	nt: 64
	nc: 64
	d_model: 64
	dim_feedforward: 2048
	layer_sharing: independent
	transformer_backend: original
	scheduler: cosine
	lr_init: 0.0005
	weight_decay: 0.0
	freeze_components: []
	lora_component: ['decoder_ffn']
	lora_pretrained: None
	lora_rank: 8
	lora_alpha: 64
I 06.07/21:56:43 main.py:31  ] ==================================================
I 06.07/21:56:43 init.py:17  ] Random seed set to 797
I 06.07/21:56:44 init.py:220 ] Running on GPU 5
I 06.07/21:56:44 dataloader.py:69  ] data/scenario_2/01105/train.pt loaded.
I 06.07/21:56:44 dataloader.py:74  ] data/scenario_2/01105/test.pt loaded.
I 06.07/21:56:44 dataloader.py:79  ] data/scenario_2/01105/test.pt loaded.
I 06.07/21:56:46 init.py:259 ] pretrained model loaded from exps/WAIRD/seed797/base/original_independent/checkpoints/best_nmse.pth
I 06.07/21:56:46 init.py:179 ] => LoRA enabled on components: decoder_ffn; target_modules=['decoder.layers.0.linear1', 'decoder.layers.0.linear2', 'decoder.layers.1.linear1', 'decoder.layers.1.linear2']; (rank=8, alpha=64); 67584/34790656 scalar params trainable
I 06.07/21:56:48 init.py:288 ] => Model Name: TransNet [pretrained: exps/WAIRD/seed797/base/original_independent/checkpoints/best_nmse.pth]
I 06.07/21:56:48 init.py:289 ] => Model Config: compression ratio=1/4; input shape=(2, 64, 64); input dim=8192; layer sharing=independent; transformer backend=original
I 06.07/21:56:48 init.py:294 ] => Model Flops: 1.7682e+02M
I 06.07/21:56:48 init.py:295 ] => Model Params Num: 3.4691e+01M

I 06.07/21:56:48 init.py:296 ] 
==================================================
Transformer(
  (encoder): IndependentTransformerEncoder(
    (layers): ModuleList(
      (0-1): 2 x OriginalTransformerEncoderLayer(
        (self_attn): OriginalMultiheadAttention(
          (out_proj): Linear(in_features=64, out_features=64, bias=True)
        )
        (linear1): Linear(in_features=64, out_features=2048, bias=True)
        (dropout): Dropout(p=0.0, inplace=False)
        (linear2): Linear(in_features=2048, out_features=64, bias=True)
        (norm1): LayerNorm((64,), eps=1e-05, elementwise_affine=True)
        (norm2): LayerNorm((64,), eps=1e-05, elementwise_affine=True)
        (dropout1): Dropout(p=0.0, inplace=False)
        (dropout2): Dropout(p=0.0, inplace=False)
      )
    )
    (norm): LayerNorm((64,), eps=1e-05, elementwise_affine=True)
  )
  (decoder): IndependentTransformerDecoder(
    (layers): ModuleList(
      (0-1): 2 x OriginalTransformerDecoderLayer(
        (self_attn): OriginalMultiheadAttention(
          (out_proj): Linear(in_features=64, out_features=64, bias=True)
        )
        (multihead_attn): OriginalMultiheadAttention(
          (out_proj): Linear(in_features=64, out_features=64, bias=True)
        )
        (linear1): LoRALinear(
          (base_layer): Linear(in_features=64, out_features=2048, bias=True)
          (lora_A): Linear(in_features=64, out_features=8, bias=False)
          (lora_B): Linear(in_features=8, out_features=2048, bias=False)
        )
        (dropout): Dropout(p=0.0, inplace=False)
        (linear2): LoRALinear(
          (base_layer): Linear(in_features=2048, out_features=64, bias=True)
          (lora_A): Linear(in_features=2048, out_features=8, bias=False)
          (lora_B): Linear(in_features=8, out_features=64, bias=False)
        )
        (norm1): LayerNorm((64,), eps=1e-05, elementwise_affine=True)
        (norm2): LayerNorm((64,), eps=1e-05, elementwise_affine=True)
        (norm3): LayerNorm((64,), eps=1e-05, elementwise_affine=True)
        (dropout1): Dropout(p=0.0, inplace=False)
        (dropout2): Dropout(p=0.0, inplace=False)
        (dropout3): Dropout(p=0.0, inplace=False)
      )
    )
    (norm): LayerNorm((64,), eps=1e-05, elementwise_affine=True)
  )
  (fc_encoder): Linear(in_features=8192, out_features=2048, bias=True)
  (fc_decoder): Linear(in_features=2048, out_features=8192, bias=True)
)
==================================================

I 06.07/21:56:48 init.py:200 ] 
encoder.layers.0.self_attn.in_proj_weight                         False    (192, 64)
encoder.layers.0.self_attn.in_proj_bias                           False    (192,)
encoder.layers.0.self_attn.out_proj.weight                        False    (64, 64)
encoder.layers.0.self_attn.out_proj.bias                          False    (64,)
encoder.layers.0.linear1.weight                                   False    (2048, 64)
encoder.layers.0.linear1.bias                                     False    (2048,)
encoder.layers.0.linear2.weight                                   False    (64, 2048)
encoder.layers.0.linear2.bias                                     False    (64,)
encoder.layers.0.norm1.weight                                     False    (64,)
encoder.layers.0.norm1.bias                                       False    (64,)
encoder.layers.0.norm2.weight                                     False    (64,)
encoder.layers.0.norm2.bias                                       False    (64,)
encoder.layers.1.self_attn.in_proj_weight                         False    (192, 64)
encoder.layers.1.self_attn.in_proj_bias                           False    (192,)
encoder.layers.1.self_attn.out_proj.weight                        False    (64, 64)
encoder.layers.1.self_attn.out_proj.bias                          False    (64,)
encoder.layers.1.linear1.weight                                   False    (2048, 64)
encoder.layers.1.linear1.bias                                     False    (2048,)
encoder.layers.1.linear2.weight                                   False    (64, 2048)
encoder.layers.1.linear2.bias                                     False    (64,)
encoder.layers.1.norm1.weight                                     False    (64,)
encoder.layers.1.norm1.bias                                       False    (64,)
encoder.layers.1.norm2.weight                                     False    (64,)
encoder.layers.1.norm2.bias                                       False    (64,)
encoder.norm.weight                                               False    (64,)
encoder.norm.bias                                                 False    (64,)
decoder.layers.0.self_attn.in_proj_weight                         False    (192, 64)
decoder.layers.0.self_attn.in_proj_bias                           False    (192,)
decoder.layers.0.self_attn.out_proj.weight                        False    (64, 64)
decoder.layers.0.self_attn.out_proj.bias                          False    (64,)
decoder.layers.0.multihead_attn.in_proj_weight                    False    (192, 64)
decoder.layers.0.multihead_attn.in_proj_bias                      False    (192,)
decoder.layers.0.multihead_attn.out_proj.weight                   False    (64, 64)
decoder.layers.0.multihead_attn.out_proj.bias                     False    (64,)
decoder.layers.0.linear1.base_layer.weight                        False    (2048, 64)
decoder.layers.0.linear1.base_layer.bias                          False    (2048,)
decoder.layers.0.linear1.lora_A.weight                            True     (8, 64)
decoder.layers.0.linear1.lora_B.weight                            True     (2048, 8)
decoder.layers.0.linear2.base_layer.weight                        False    (64, 2048)
decoder.layers.0.linear2.base_layer.bias                          False    (64,)
decoder.layers.0.linear2.lora_A.weight                            True     (8, 2048)
decoder.layers.0.linear2.lora_B.weight                            True     (64, 8)
decoder.layers.0.norm1.weight                                     False    (64,)
decoder.layers.0.norm1.bias                                       False    (64,)
decoder.layers.0.norm2.weight                                     False    (64,)
decoder.layers.0.norm2.bias                                       False    (64,)
decoder.layers.0.norm3.weight                                     False    (64,)
decoder.layers.0.norm3.bias                                       False    (64,)
decoder.layers.1.self_attn.in_proj_weight                         False    (192, 64)
decoder.layers.1.self_attn.in_proj_bias                           False    (192,)
decoder.layers.1.self_attn.out_proj.weight                        False    (64, 64)
decoder.layers.1.self_attn.out_proj.bias                          False    (64,)
decoder.layers.1.multihead_attn.in_proj_weight                    False    (192, 64)
decoder.layers.1.multihead_attn.in_proj_bias                      False    (192,)
decoder.layers.1.multihead_attn.out_proj.weight                   False    (64, 64)
decoder.layers.1.multihead_attn.out_proj.bias                     False    (64,)
decoder.layers.1.linear1.base_layer.weight                        False    (2048, 64)
decoder.layers.1.linear1.base_layer.bias                          False    (2048,)
decoder.layers.1.linear1.lora_A.weight                            True     (8, 64)
decoder.layers.1.linear1.lora_B.weight                            True     (2048, 8)
decoder.layers.1.linear2.base_layer.weight                        False    (64, 2048)
decoder.layers.1.linear2.base_layer.bias                          False    (64,)
decoder.layers.1.linear2.lora_A.weight                            True     (8, 2048)
decoder.layers.1.linear2.lora_B.weight                            True     (64, 8)
decoder.layers.1.norm1.weight                                     False    (64,)
decoder.layers.1.norm1.bias                                       False    (64,)
decoder.layers.1.norm2.weight                                     False    (64,)
decoder.layers.1.norm2.bias                                       False    (64,)
decoder.layers.1.norm3.weight                                     False    (64,)
decoder.layers.1.norm3.bias                                       False    (64,)
decoder.norm.weight                                               False    (64,)
decoder.norm.bias                                                 False    (64,)
fc_encoder.weight                                                 False    (2048, 8192)
fc_encoder.bias                                                   False    (2048,)
fc_decoder.weight                                                 False    (8192, 2048)
fc_decoder.bias                                                   False    (8192,)
==================================================
I 06.07/21:56:50 solver.py:405 ] [20/32] loss: 7.7216e-03 | NMSE: -1.7864e+01 | time: 0.053
I 06.07/21:56:51 solver.py:413 ] => Test NMSE: -1.8622e+01

I 06.07/21:56:51 solver.py:345 ] => LoRA monitor [before_train] | trainable=67584/67584 | non_lora_trainable=0 | lora_l2=3.281689e+00 | lora_A_l2=3.281689e+00 | lora_B_l2=0.000000e+00 | component_l2=decoder:3.281689e+00 | lora_abs_max=1.249508e-01 | delta_l2=0.000000e+00 | delta_rel=0.000000e+00 | test_loss=6.867450e-03 | nmse=-1.862175e+01
I 06.07/21:56:52 solver.py:159 ] Epoch: [1/200][20/282] lr: 1.77e-06 | MSE loss: 5.8819e-03 | time: 0.056
I 06.07/21:56:53 solver.py:159 ] Epoch: [1/200][40/282] lr: 3.55e-06 | MSE loss: 6.5664e-03 | time: 0.051
I 06.07/21:56:54 solver.py:159 ] Epoch: [1/200][60/282] lr: 5.32e-06 | MSE loss: 6.6123e-03 | time: 0.051
I 06.07/21:56:55 solver.py:159 ] Epoch: [1/200][80/282] lr: 7.09e-06 | MSE loss: 6.6115e-03 | time: 0.051
I 06.07/21:56:56 solver.py:159 ] Epoch: [1/200][100/282] lr: 8.87e-06 | MSE loss: 6.5230e-03 | time: 0.052
I 06.07/21:56:57 solver.py:159 ] Epoch: [1/200][120/282] lr: 1.06e-05 | MSE loss: 6.7366e-03 | time: 0.052
I 06.07/21:56:58 solver.py:159 ] Epoch: [1/200][140/282] lr: 1.24e-05 | MSE loss: 6.5266e-03 | time: 0.052
I 06.07/21:56:59 solver.py:159 ] Epoch: [1/200][160/282] lr: 1.42e-05 | MSE loss: 6.4355e-03 | time: 0.052
I 06.07/21:57:00 solver.py:159 ] Epoch: [1/200][180/282] lr: 1.60e-05 | MSE loss: 6.4316e-03 | time: 0.051
I 06.07/21:57:02 solver.py:159 ] Epoch: [1/200][200/282] lr: 1.77e-05 | MSE loss: 6.5690e-03 | time: 0.055
I 06.07/21:57:04 solver.py:159 ] Epoch: [1/200][220/282] lr: 1.95e-05 | MSE loss: 6.6232e-03 | time: 0.060
I 06.07/21:57:05 solver.py:159 ] Epoch: [1/200][240/282] lr: 2.13e-05 | MSE loss: 6.4600e-03 | time: 0.060
I 06.07/21:57:06 solver.py:159 ] Epoch: [1/200][260/282] lr: 2.30e-05 | MSE loss: 6.4605e-03 | time: 0.059
I 06.07/21:57:07 solver.py:159 ] Epoch: [1/200][280/282] lr: 2.48e-05 | MSE loss: 6.5697e-03 | time: 0.059
I 06.07/21:57:07 solver.py:169 ] => Train  Loss: 6.5915e-03

I 06.07/21:57:08 solver.py:405 ] [20/32] loss: 7.5586e-03 | NMSE: -1.7954e+01 | time: 0.042
I 06.07/21:57:08 solver.py:413 ] => Test NMSE: -1.8725e+01

I 06.07/21:57:08 solver.py:345 ] => LoRA monitor [epoch=1] | trainable=67584/67584 | non_lora_trainable=0 | lora_l2=3.309280e+00 | lora_A_l2=3.307811e+00 | lora_B_l2=9.857711e-02 | component_l2=decoder:3.309280e+00 | lora_abs_max=1.270862e-01 | delta_l2=2.486463e-01 | delta_rel=7.576779e-02 | train_loss=6.591486e-03 | test_loss=6.705398e-03 | nmse=-1.872545e+01
I 06.07/21:57:09 solver.py:224 ] 
=! Best NMSE: -1.8725e+01 (epoch=1)

I 06.07/21:57:10 solver.py:159 ] Epoch: [2/200][20/282] lr: 2.68e-05 | MSE loss: 6.4477e-03 | time: 0.049
I 06.07/21:57:11 solver.py:159 ] Epoch: [2/200][40/282] lr: 2.85e-05 | MSE loss: 6.0990e-03 | time: 0.048
I 06.07/21:57:12 solver.py:159 ] Epoch: [2/200][60/282] lr: 3.03e-05 | MSE loss: 6.8085e-03 | time: 0.048
I 06.07/21:57:13 solver.py:159 ] Epoch: [2/200][80/282] lr: 3.21e-05 | MSE loss: 6.5518e-03 | time: 0.048
I 06.07/21:57:13 solver.py:159 ] Epoch: [2/200][100/282] lr: 3.39e-05 | MSE loss: 6.3720e-03 | time: 0.047
I 06.07/21:57:14 solver.py:159 ] Epoch: [2/200][120/282] lr: 3.56e-05 | MSE loss: 6.3871e-03 | time: 0.047
I 06.07/21:57:15 solver.py:159 ] Epoch: [2/200][140/282] lr: 3.74e-05 | MSE loss: 6.3601e-03 | time: 0.047
I 06.07/21:57:16 solver.py:159 ] Epoch: [2/200][160/282] lr: 3.92e-05 | MSE loss: 6.3935e-03 | time: 0.047
I 06.07/21:57:17 solver.py:159 ] Epoch: [2/200][180/282] lr: 4.10e-05 | MSE loss: 6.5461e-03 | time: 0.047
I 06.07/21:57:18 solver.py:159 ] Epoch: [2/200][200/282] lr: 4.27e-05 | MSE loss: 6.4940e-03 | time: 0.047
I 06.07/21:57:19 solver.py:159 ] Epoch: [2/200][220/282] lr: 4.45e-05 | MSE loss: 6.3629e-03 | time: 0.047
I 06.07/21:57:20 solver.py:159 ] Epoch: [2/200][240/282] lr: 4.63e-05 | MSE loss: 6.5210e-03 | time: 0.047
I 06.07/21:57:21 solver.py:159 ] Epoch: [2/200][260/282] lr: 4.80e-05 | MSE loss: 6.4549e-03 | time: 0.047
I 06.07/21:57:22 solver.py:159 ] Epoch: [2/200][280/282] lr: 4.98e-05 | MSE loss: 6.3870e-03 | time: 0.047
I 06.07/21:57:22 solver.py:169 ] => Train  Loss: 6.3741e-03

I 06.07/21:57:23 solver.py:405 ] [20/32] loss: 7.3726e-03 | NMSE: -1.8064e+01 | time: 0.044
I 06.07/21:57:23 solver.py:413 ] => Test NMSE: -1.8843e+01

I 06.07/21:57:23 solver.py:345 ] => LoRA monitor [epoch=2] | trainable=67584/67584 | non_lora_trainable=0 | lora_l2=3.404162e+00 | lora_A_l2=3.394109e+00 | lora_B_l2=2.614169e-01 | component_l2=decoder:3.404162e+00 | lora_abs_max=1.367922e-01 | delta_l2=7.371190e-01 | delta_rel=2.246157e-01 | train_loss=6.374130e-03 | test_loss=6.525975e-03 | nmse=-1.884325e+01
I 06.07/21:57:24 solver.py:224 ] 
=! Best NMSE: -1.8843e+01 (epoch=2)

I 06.07/21:57:24 solver.py:159 ] Epoch: [3/200][20/282] lr: 5.18e-05 | MSE loss: 6.7588e-03 | time: 0.047
I 06.07/21:57:25 solver.py:159 ] Epoch: [3/200][40/282] lr: 5.35e-05 | MSE loss: 7.5659e-03 | time: 0.043
I 06.07/21:57:26 solver.py:159 ] Epoch: [3/200][60/282] lr: 5.53e-05 | MSE loss: 6.6900e-03 | time: 0.043
I 06.07/21:57:27 solver.py:159 ] Epoch: [3/200][80/282] lr: 5.71e-05 | MSE loss: 6.5940e-03 | time: 0.044
I 06.07/21:57:28 solver.py:159 ] Epoch: [3/200][100/282] lr: 5.89e-05 | MSE loss: 6.4955e-03 | time: 0.044
I 06.07/21:57:29 solver.py:159 ] Epoch: [3/200][120/282] lr: 6.06e-05 | MSE loss: 6.4029e-03 | time: 0.044
I 06.07/21:57:30 solver.py:159 ] Epoch: [3/200][140/282] lr: 6.24e-05 | MSE loss: 6.2509e-03 | time: 0.044
I 06.07/21:57:30 solver.py:159 ] Epoch: [3/200][160/282] lr: 6.42e-05 | MSE loss: 6.1431e-03 | time: 0.043
I 06.07/21:57:31 solver.py:159 ] Epoch: [3/200][180/282] lr: 6.60e-05 | MSE loss: 6.2352e-03 | time: 0.043
I 06.07/21:57:32 solver.py:159 ] Epoch: [3/200][200/282] lr: 6.77e-05 | MSE loss: 6.1978e-03 | time: 0.043
I 06.07/21:57:33 solver.py:159 ] Epoch: [3/200][220/282] lr: 6.95e-05 | MSE loss: 6.1906e-03 | time: 0.043
I 06.07/21:57:34 solver.py:159 ] Epoch: [3/200][240/282] lr: 7.13e-05 | MSE loss: 6.2084e-03 | time: 0.043
I 06.07/21:57:35 solver.py:159 ] Epoch: [3/200][260/282] lr: 7.30e-05 | MSE loss: 6.2393e-03 | time: 0.043
I 06.07/21:57:36 solver.py:159 ] Epoch: [3/200][280/282] lr: 7.48e-05 | MSE loss: 6.2158e-03 | time: 0.043
I 06.07/21:57:36 solver.py:169 ] => Train  Loss: 6.2333e-03

I 06.07/21:57:36 solver.py:405 ] [20/32] loss: 7.2085e-03 | NMSE: -1.8166e+01 | time: 0.038
I 06.07/21:57:37 solver.py:413 ] => Test NMSE: -1.8941e+01

I 06.07/21:57:37 solver.py:345 ] => LoRA monitor [epoch=3] | trainable=67584/67584 | non_lora_trainable=0 | lora_l2=3.557242e+00 | lora_A_l2=3.530347e+00 | lora_B_l2=4.365971e-01 | component_l2=decoder:3.557242e+00 | lora_abs_max=1.511031e-01 | delta_l2=1.238225e+00 | delta_rel=3.773134e-01 | train_loss=6.233302e-03 | test_loss=6.380810e-03 | nmse=-1.894094e+01
I 06.07/21:57:37 solver.py:224 ] 
=! Best NMSE: -1.8941e+01 (epoch=3)

I 06.07/21:57:38 solver.py:159 ] Epoch: [4/200][20/282] lr: 7.68e-05 | MSE loss: 7.0833e-03 | time: 0.046
I 06.07/21:57:39 solver.py:159 ] Epoch: [4/200][40/282] lr: 7.85e-05 | MSE loss: 6.1904e-03 | time: 0.046
I 06.07/21:57:40 solver.py:159 ] Epoch: [4/200][60/282] lr: 8.03e-05 | MSE loss: 6.4249e-03 | time: 0.045
I 06.07/21:57:41 solver.py:159 ] Epoch: [4/200][80/282] lr: 8.21e-05 | MSE loss: 6.0661e-03 | time: 0.044
I 06.07/21:57:42 solver.py:159 ] Epoch: [4/200][100/282] lr: 8.39e-05 | MSE loss: 5.7538e-03 | time: 0.045
I 06.07/21:57:42 solver.py:159 ] Epoch: [4/200][120/282] lr: 8.56e-05 | MSE loss: 5.8075e-03 | time: 0.044
I 06.07/21:57:43 solver.py:159 ] Epoch: [4/200][140/282] lr: 8.74e-05 | MSE loss: 5.8488e-03 | time: 0.044
I 06.07/21:57:44 solver.py:159 ] Epoch: [4/200][160/282] lr: 8.92e-05 | MSE loss: 6.1179e-03 | time: 0.044
I 06.07/21:57:45 solver.py:159 ] Epoch: [4/200][180/282] lr: 9.10e-05 | MSE loss: 6.1313e-03 | time: 0.044
I 06.07/21:57:46 solver.py:159 ] Epoch: [4/200][200/282] lr: 9.27e-05 | MSE loss: 6.0713e-03 | time: 0.044
I 06.07/21:57:47 solver.py:159 ] Epoch: [4/200][220/282] lr: 9.45e-05 | MSE loss: 5.9396e-03 | time: 0.044
I 06.07/21:57:48 solver.py:159 ] Epoch: [4/200][240/282] lr: 9.63e-05 | MSE loss: 5.9225e-03 | time: 0.044
I 06.07/21:57:48 solver.py:159 ] Epoch: [4/200][260/282] lr: 9.80e-05 | MSE loss: 6.0616e-03 | time: 0.043
I 06.07/21:57:49 solver.py:159 ] Epoch: [4/200][280/282] lr: 9.98e-05 | MSE loss: 6.0512e-03 | time: 0.044
I 06.07/21:57:49 solver.py:169 ] => Train  Loss: 6.0505e-03

I 06.07/21:57:50 solver.py:405 ] [20/32] loss: 7.0742e-03 | NMSE: -1.8240e+01 | time: 0.040
I 06.07/21:57:51 solver.py:413 ] => Test NMSE: -1.9021e+01

I 06.07/21:57:51 solver.py:345 ] => LoRA monitor [epoch=4] | trainable=67584/67584 | non_lora_trainable=0 | lora_l2=3.748268e+00 | lora_A_l2=3.699259e+00 | lora_B_l2=6.041444e-01 | component_l2=decoder:3.748268e+00 | lora_abs_max=1.670761e-01 | delta_l2=1.716839e+00 | delta_rel=5.231571e-01 | train_loss=6.050519e-03 | test_loss=6.264627e-03 | nmse=-1.902075e+01
I 06.07/21:57:51 solver.py:224 ] 
=! Best NMSE: -1.9021e+01 (epoch=4)

I 06.07/21:57:52 solver.py:159 ] Epoch: [5/200][20/282] lr: 1.02e-04 | MSE loss: 6.9048e-03 | time: 0.045
I 06.07/21:57:53 solver.py:159 ] Epoch: [5/200][40/282] lr: 1.04e-04 | MSE loss: 6.8212e-03 | time: 0.044
I 06.07/21:57:53 solver.py:159 ] Epoch: [5/200][60/282] lr: 1.05e-04 | MSE loss: 6.7191e-03 | time: 0.044
I 06.07/21:57:54 solver.py:159 ] Epoch: [5/200][80/282] lr: 1.07e-04 | MSE loss: 6.6196e-03 | time: 0.044
I 06.07/21:57:55 solver.py:159 ] Epoch: [5/200][100/282] lr: 1.09e-04 | MSE loss: 6.4568e-03 | time: 0.044
I 06.07/21:57:56 solver.py:159 ] Epoch: [5/200][120/282] lr: 1.11e-04 | MSE loss: 6.2405e-03 | time: 0.043
I 06.07/21:57:57 solver.py:159 ] Epoch: [5/200][140/282] lr: 1.12e-04 | MSE loss: 6.1854e-03 | time: 0.043
I 06.07/21:57:58 solver.py:159 ] Epoch: [5/200][160/282] lr: 1.14e-04 | MSE loss: 6.2316e-03 | time: 0.043
I 06.07/21:57:59 solver.py:159 ] Epoch: [5/200][180/282] lr: 1.16e-04 | MSE loss: 6.0606e-03 | time: 0.043
I 06.07/21:57:59 solver.py:159 ] Epoch: [5/200][200/282] lr: 1.18e-04 | MSE loss: 5.9076e-03 | time: 0.043
I 06.07/21:58:01 solver.py:159 ] Epoch: [5/200][220/282] lr: 1.20e-04 | MSE loss: 5.9196e-03 | time: 0.045
I 06.07/21:58:03 solver.py:159 ] Epoch: [5/200][240/282] lr: 1.21e-04 | MSE loss: 5.8855e-03 | time: 0.051
I 06.07/21:58:05 solver.py:159 ] Epoch: [5/200][260/282] lr: 1.23e-04 | MSE loss: 5.9311e-03 | time: 0.054
I 06.07/21:58:06 solver.py:159 ] Epoch: [5/200][280/282] lr: 1.25e-04 | MSE loss: 5.9373e-03 | time: 0.053
I 06.07/21:58:06 solver.py:169 ] => Train  Loss: 5.9288e-03

I 06.07/21:58:07 solver.py:405 ] [20/32] loss: 6.9440e-03 | NMSE: -1.8324e+01 | time: 0.042
I 06.07/21:58:07 solver.py:413 ] => Test NMSE: -1.9099e+01

I 06.07/21:58:07 solver.py:345 ] => LoRA monitor [epoch=5] | trainable=67584/67584 | non_lora_trainable=0 | lora_l2=3.956241e+00 | lora_A_l2=3.883505e+00 | lora_B_l2=7.551351e-01 | component_l2=decoder:3.956241e+00 | lora_abs_max=1.829536e-01 | delta_l2=2.161418e+00 | delta_rel=6.586296e-01 | train_loss=5.928768e-03 | test_loss=6.152799e-03 | nmse=-1.909897e+01
I 06.07/21:58:07 solver.py:224 ] 
=! Best NMSE: -1.9099e+01 (epoch=5)

I 06.07/21:58:08 solver.py:159 ] Epoch: [6/200][20/282] lr: 1.27e-04 | MSE loss: 7.1062e-03 | time: 0.047
I 06.07/21:58:09 solver.py:159 ] Epoch: [6/200][40/282] lr: 1.29e-04 | MSE loss: 6.5703e-03 | time: 0.044
I 06.07/21:58:10 solver.py:159 ] Epoch: [6/200][60/282] lr: 1.30e-04 | MSE loss: 5.7724e-03 | time: 0.044
I 06.07/21:58:11 solver.py:159 ] Epoch: [6/200][80/282] lr: 1.32e-04 | MSE loss: 5.5136e-03 | time: 0.044
I 06.07/21:58:12 solver.py:159 ] Epoch: [6/200][100/282] lr: 1.34e-04 | MSE loss: 5.6265e-03 | time: 0.044
I 06.07/21:58:12 solver.py:159 ] Epoch: [6/200][120/282] lr: 1.36e-04 | MSE loss: 5.6775e-03 | time: 0.043
I 06.07/21:58:13 solver.py:159 ] Epoch: [6/200][140/282] lr: 1.37e-04 | MSE loss: 5.6866e-03 | time: 0.042
I 06.07/21:58:14 solver.py:159 ] Epoch: [6/200][160/282] lr: 1.39e-04 | MSE loss: 5.6668e-03 | time: 0.042
I 06.07/21:58:15 solver.py:159 ] Epoch: [6/200][180/282] lr: 1.41e-04 | MSE loss: 5.6060e-03 | time: 0.042
I 06.07/21:58:15 solver.py:159 ] Epoch: [6/200][200/282] lr: 1.43e-04 | MSE loss: 5.5838e-03 | time: 0.042
I 06.07/21:58:16 solver.py:159 ] Epoch: [6/200][220/282] lr: 1.45e-04 | MSE loss: 5.8422e-03 | time: 0.042
I 06.07/21:58:17 solver.py:159 ] Epoch: [6/200][240/282] lr: 1.46e-04 | MSE loss: 5.9458e-03 | time: 0.041
I 06.07/21:58:18 solver.py:159 ] Epoch: [6/200][260/282] lr: 1.48e-04 | MSE loss: 5.9284e-03 | time: 0.042
I 06.07/21:58:19 solver.py:159 ] Epoch: [6/200][280/282] lr: 1.50e-04 | MSE loss: 5.8494e-03 | time: 0.042
I 06.07/21:58:19 solver.py:169 ] => Train  Loss: 5.8256e-03

I 06.07/21:58:20 solver.py:405 ] [20/32] loss: 6.8334e-03 | NMSE: -1.8389e+01 | time: 0.038
I 06.07/21:58:20 solver.py:413 ] => Test NMSE: -1.9172e+01

I 06.07/21:58:20 solver.py:345 ] => LoRA monitor [epoch=6] | trainable=67584/67584 | non_lora_trainable=0 | lora_l2=4.183565e+00 | lora_A_l2=4.086529e+00 | lora_B_l2=8.958238e-01 | component_l2=decoder:4.183565e+00 | lora_abs_max=1.990814e-01 | delta_l2=2.596858e+00 | delta_rel=7.913175e-01 | train_loss=5.825556e-03 | test_loss=6.049801e-03 | nmse=-1.917229e+01
I 06.07/21:58:20 solver.py:224 ] 
=! Best NMSE: -1.9172e+01 (epoch=6)

I 06.07/21:58:21 solver.py:159 ] Epoch: [7/200][20/282] lr: 1.52e-04 | MSE loss: 5.8699e-03 | time: 0.043
I 06.07/21:58:22 solver.py:159 ] Epoch: [7/200][40/282] lr: 1.54e-04 | MSE loss: 5.8037e-03 | time: 0.042
I 06.07/21:58:23 solver.py:159 ] Epoch: [7/200][60/282] lr: 1.55e-04 | MSE loss: 5.6777e-03 | time: 0.042
I 06.07/21:58:24 solver.py:159 ] Epoch: [7/200][80/282] lr: 1.57e-04 | MSE loss: 5.7156e-03 | time: 0.042
I 06.07/21:58:24 solver.py:159 ] Epoch: [7/200][100/282] lr: 1.59e-04 | MSE loss: 5.7367e-03 | time: 0.041
I 06.07/21:58:25 solver.py:159 ] Epoch: [7/200][120/282] lr: 1.61e-04 | MSE loss: 5.9382e-03 | time: 0.042
I 06.07/21:58:26 solver.py:159 ] Epoch: [7/200][140/282] lr: 1.62e-04 | MSE loss: 5.8312e-03 | time: 0.042
I 06.07/21:58:27 solver.py:159 ] Epoch: [7/200][160/282] lr: 1.64e-04 | MSE loss: 5.7222e-03 | time: 0.042
I 06.07/21:58:28 solver.py:159 ] Epoch: [7/200][180/282] lr: 1.66e-04 | MSE loss: 5.7878e-03 | time: 0.042
I 06.07/21:58:29 solver.py:159 ] Epoch: [7/200][200/282] lr: 1.68e-04 | MSE loss: 5.7175e-03 | time: 0.041
I 06.07/21:58:29 solver.py:159 ] Epoch: [7/200][220/282] lr: 1.70e-04 | MSE loss: 5.7190e-03 | time: 0.041
I 06.07/21:58:30 solver.py:159 ] Epoch: [7/200][240/282] lr: 1.71e-04 | MSE loss: 5.6396e-03 | time: 0.041
I 06.07/21:58:31 solver.py:159 ] Epoch: [7/200][260/282] lr: 1.73e-04 | MSE loss: 5.6273e-03 | time: 0.041
I 06.07/21:58:32 solver.py:159 ] Epoch: [7/200][280/282] lr: 1.75e-04 | MSE loss: 5.7300e-03 | time: 0.041
I 06.07/21:58:32 solver.py:169 ] => Train  Loss: 5.7110e-03

I 06.07/21:58:33 solver.py:405 ] [20/32] loss: 6.7639e-03 | NMSE: -1.8442e+01 | time: 0.039
I 06.07/21:58:33 solver.py:413 ] => Test NMSE: -1.9217e+01

I 06.07/21:58:33 solver.py:345 ] => LoRA monitor [epoch=7] | trainable=67584/67584 | non_lora_trainable=0 | lora_l2=4.397107e+00 | lora_A_l2=4.277284e+00 | lora_B_l2=1.019505e+00 | component_l2=decoder:4.397107e+00 | lora_abs_max=2.129692e-01 | delta_l2=2.974935e+00 | delta_rel=9.065254e-01 | train_loss=5.711008e-03 | test_loss=5.988191e-03 | nmse=-1.921675e+01
I 06.07/21:58:33 solver.py:224 ] 
=! Best NMSE: -1.9217e+01 (epoch=7)

I 06.07/21:58:34 solver.py:159 ] Epoch: [8/200][20/282] lr: 1.77e-04 | MSE loss: 6.6416e-03 | time: 0.040
I 06.07/21:58:35 solver.py:159 ] Epoch: [8/200][40/282] lr: 1.79e-04 | MSE loss: 6.3918e-03 | time: 0.039
I 06.07/21:58:36 solver.py:159 ] Epoch: [8/200][60/282] lr: 1.80e-04 | MSE loss: 6.1005e-03 | time: 0.040
I 06.07/21:58:36 solver.py:159 ] Epoch: [8/200][80/282] lr: 1.82e-04 | MSE loss: 6.0308e-03 | time: 0.040
I 06.07/21:58:37 solver.py:159 ] Epoch: [8/200][100/282] lr: 1.84e-04 | MSE loss: 5.9815e-03 | time: 0.040
I 06.07/21:58:38 solver.py:159 ] Epoch: [8/200][120/282] lr: 1.86e-04 | MSE loss: 5.9427e-03 | time: 0.041
I 06.07/21:58:39 solver.py:159 ] Epoch: [8/200][140/282] lr: 1.87e-04 | MSE loss: 5.8453e-03 | time: 0.041
I 06.07/21:58:40 solver.py:159 ] Epoch: [8/200][160/282] lr: 1.89e-04 | MSE loss: 5.8075e-03 | time: 0.041
I 06.07/21:58:40 solver.py:159 ] Epoch: [8/200][180/282] lr: 1.91e-04 | MSE loss: 5.6436e-03 | time: 0.041
I 06.07/21:58:41 solver.py:159 ] Epoch: [8/200][200/282] lr: 1.93e-04 | MSE loss: 5.6169e-03 | time: 0.041
I 06.07/21:58:42 solver.py:159 ] Epoch: [8/200][220/282] lr: 1.95e-04 | MSE loss: 5.6340e-03 | time: 0.041
I 06.07/21:58:43 solver.py:159 ] Epoch: [8/200][240/282] lr: 1.96e-04 | MSE loss: 5.6603e-03 | time: 0.041
I 06.07/21:58:44 solver.py:159 ] Epoch: [8/200][260/282] lr: 1.98e-04 | MSE loss: 5.5981e-03 | time: 0.041
I 06.07/21:58:44 solver.py:159 ] Epoch: [8/200][280/282] lr: 2.00e-04 | MSE loss: 5.6336e-03 | time: 0.040
I 06.07/21:58:44 solver.py:169 ] => Train  Loss: 5.6386e-03

I 06.07/21:58:45 solver.py:405 ] [20/32] loss: 6.7258e-03 | NMSE: -1.8443e+01 | time: 0.034
I 06.07/21:58:46 solver.py:413 ] => Test NMSE: -1.9254e+01

I 06.07/21:58:46 solver.py:345 ] => LoRA monitor [epoch=8] | trainable=67584/67584 | non_lora_trainable=0 | lora_l2=4.578086e+00 | lora_A_l2=4.437166e+00 | lora_B_l2=1.127137e+00 | component_l2=decoder:4.578086e+00 | lora_abs_max=2.222543e-01 | delta_l2=3.286721e+00 | delta_rel=1.001533e+00 | train_loss=5.638637e-03 | test_loss=5.937378e-03 | nmse=-1.925375e+01
I 06.07/21:58:46 solver.py:224 ] 
=! Best NMSE: -1.9254e+01 (epoch=8)

I 06.07/21:58:47 solver.py:159 ] Epoch: [9/200][20/282] lr: 2.02e-04 | MSE loss: 4.8721e-03 | time: 0.038
I 06.07/21:58:47 solver.py:159 ] Epoch: [9/200][40/282] lr: 2.04e-04 | MSE loss: 5.1211e-03 | time: 0.038
I 06.07/21:58:48 solver.py:159 ] Epoch: [9/200][60/282] lr: 2.05e-04 | MSE loss: 5.2279e-03 | time: 0.039
I 06.07/21:58:49 solver.py:159 ] Epoch: [9/200][80/282] lr: 2.07e-04 | MSE loss: 5.4859e-03 | time: 0.039
I 06.07/21:58:50 solver.py:159 ] Epoch: [9/200][100/282] lr: 2.09e-04 | MSE loss: 5.4635e-03 | time: 0.039
I 06.07/21:58:51 solver.py:159 ] Epoch: [9/200][120/282] lr: 2.11e-04 | MSE loss: 5.6816e-03 | time: 0.040
I 06.07/21:58:51 solver.py:159 ] Epoch: [9/200][140/282] lr: 2.12e-04 | MSE loss: 5.6503e-03 | time: 0.039
I 06.07/21:58:52 solver.py:159 ] Epoch: [9/200][160/282] lr: 2.14e-04 | MSE loss: 5.6268e-03 | time: 0.039
I 06.07/21:58:53 solver.py:159 ] Epoch: [9/200][180/282] lr: 2.16e-04 | MSE loss: 5.6013e-03 | time: 0.039
I 06.07/21:58:54 solver.py:159 ] Epoch: [9/200][200/282] lr: 2.18e-04 | MSE loss: 5.5476e-03 | time: 0.039
I 06.07/21:58:54 solver.py:159 ] Epoch: [9/200][220/282] lr: 2.20e-04 | MSE loss: 5.5896e-03 | time: 0.039
I 06.07/21:58:55 solver.py:159 ] Epoch: [9/200][240/282] lr: 2.21e-04 | MSE loss: 5.5583e-03 | time: 0.039
I 06.07/21:58:56 solver.py:159 ] Epoch: [9/200][260/282] lr: 2.23e-04 | MSE loss: 5.4943e-03 | time: 0.040
I 06.07/21:58:57 solver.py:159 ] Epoch: [9/200][280/282] lr: 2.25e-04 | MSE loss: 5.5653e-03 | time: 0.039
I 06.07/21:58:57 solver.py:169 ] => Train  Loss: 5.5624e-03

I 06.07/21:58:58 solver.py:405 ] [20/32] loss: 6.8742e-03 | NMSE: -1.8350e+01 | time: 0.037
I 06.07/21:58:58 solver.py:413 ] => Test NMSE: -1.9147e+01

I 06.07/21:58:58 solver.py:345 ] => LoRA monitor [epoch=9] | trainable=67584/67584 | non_lora_trainable=0 | lora_l2=4.739529e+00 | lora_A_l2=4.574791e+00 | lora_B_l2=1.238720e+00 | component_l2=decoder:4.739529e+00 | lora_abs_max=2.262792e-01 | delta_l2=3.554861e+00 | delta_rel=1.083241e+00 | train_loss=5.562446e-03 | test_loss=6.084660e-03 | nmse=-1.914734e+01
I 06.07/21:58:58 solver.py:224 ] 
=! Best NMSE: -1.9254e+01 (epoch=8)

I 06.07/21:58:59 solver.py:159 ] Epoch: [10/200][20/282] lr: 2.27e-04 | MSE loss: 6.3810e-03 | time: 0.040
I 06.07/21:59:00 solver.py:159 ] Epoch: [10/200][40/282] lr: 2.29e-04 | MSE loss: 6.2141e-03 | time: 0.039
I 06.07/21:59:01 solver.py:159 ] Epoch: [10/200][60/282] lr: 2.30e-04 | MSE loss: 5.8395e-03 | time: 0.045
I 06.07/21:59:03 solver.py:159 ] Epoch: [10/200][80/282] lr: 2.32e-04 | MSE loss: 5.7729e-03 | time: 0.057
I 06.07/21:59:04 solver.py:159 ] Epoch: [10/200][100/282] lr: 2.34e-04 | MSE loss: 5.5848e-03 | time: 0.064
I 06.07/21:59:05 solver.py:159 ] Epoch: [10/200][120/282] lr: 2.36e-04 | MSE loss: 5.5638e-03 | time: 0.061
I 06.07/21:59:06 solver.py:159 ] Epoch: [10/200][140/282] lr: 2.37e-04 | MSE loss: 5.5411e-03 | time: 0.057
I 06.07/21:59:07 solver.py:159 ] Epoch: [10/200][160/282] lr: 2.39e-04 | MSE loss: 5.4984e-03 | time: 0.055
I 06.07/21:59:08 solver.py:159 ] Epoch: [10/200][180/282] lr: 2.41e-04 | MSE loss: 5.5130e-03 | time: 0.053
I 06.07/21:59:08 solver.py:159 ] Epoch: [10/200][200/282] lr: 2.43e-04 | MSE loss: 5.6017e-03 | time: 0.052
I 06.07/21:59:09 solver.py:159 ] Epoch: [10/200][220/282] lr: 2.45e-04 | MSE loss: 5.6673e-03 | time: 0.051
I 06.07/21:59:10 solver.py:159 ] Epoch: [10/200][240/282] lr: 2.46e-04 | MSE loss: 5.6961e-03 | time: 0.050
I 06.07/21:59:11 solver.py:159 ] Epoch: [10/200][260/282] lr: 2.48e-04 | MSE loss: 5.5899e-03 | time: 0.049
I 06.07/21:59:11 solver.py:159 ] Epoch: [10/200][280/282] lr: 2.50e-04 | MSE loss: 5.5424e-03 | time: 0.048
I 06.07/21:59:12 solver.py:169 ] => Train  Loss: 5.5323e-03

I 06.07/21:59:12 solver.py:159 ] Epoch: [10/200][20/32] lr: 2.50e-04 | MSE loss: 6.6549e-03 | time: 0.034
I 06.07/21:59:13 solver.py:169 ] => Val  Loss: 5.8057e-03

I 06.07/21:59:13 solver.py:405 ] [20/32] loss: 6.6549e-03 | NMSE: -1.8474e+01 | time: 0.037
I 06.07/21:59:14 solver.py:413 ] => Test NMSE: -1.9290e+01

I 06.07/21:59:14 solver.py:345 ] => LoRA monitor [epoch=10] | trainable=67584/67584 | non_lora_trainable=0 | lora_l2=4.880395e+00 | lora_A_l2=4.694413e+00 | lora_B_l2=1.334445e+00 | component_l2=decoder:4.880395e+00 | lora_abs_max=2.304185e-01 | delta_l2=3.794829e+00 | delta_rel=1.156365e+00 | train_loss=5.532301e-03 | val_loss=5.805747e-03 | test_loss=5.887366e-03 | nmse=-1.929049e+01
I 06.07/21:59:14 solver.py:224 ] 
=! Best NMSE: -1.9290e+01 (epoch=10)

I 06.07/21:59:15 solver.py:159 ] Epoch: [11/200][20/282] lr: 2.52e-04 | MSE loss: 7.1011e-03 | time: 0.039
I 06.07/21:59:15 solver.py:159 ] Epoch: [11/200][40/282] lr: 2.54e-04 | MSE loss: 5.9531e-03 | time: 0.038
I 06.07/21:59:16 solver.py:159 ] Epoch: [11/200][60/282] lr: 2.55e-04 | MSE loss: 5.7394e-03 | time: 0.038
I 06.07/21:59:17 solver.py:159 ] Epoch: [11/200][80/282] lr: 2.57e-04 | MSE loss: 5.6374e-03 | time: 0.038
I 06.07/21:59:18 solver.py:159 ] Epoch: [11/200][100/282] lr: 2.59e-04 | MSE loss: 5.7218e-03 | time: 0.037
I 06.07/21:59:18 solver.py:159 ] Epoch: [11/200][120/282] lr: 2.61e-04 | MSE loss: 5.6884e-03 | time: 0.037
I 06.07/21:59:19 solver.py:159 ] Epoch: [11/200][140/282] lr: 2.62e-04 | MSE loss: 5.6373e-03 | time: 0.037
I 06.07/21:59:20 solver.py:159 ] Epoch: [11/200][160/282] lr: 2.64e-04 | MSE loss: 5.4813e-03 | time: 0.037
I 06.07/21:59:21 solver.py:159 ] Epoch: [11/200][180/282] lr: 2.66e-04 | MSE loss: 5.6001e-03 | time: 0.037
I 06.07/21:59:21 solver.py:159 ] Epoch: [11/200][200/282] lr: 2.68e-04 | MSE loss: 5.5602e-03 | time: 0.037
I 06.07/21:59:22 solver.py:159 ] Epoch: [11/200][220/282] lr: 2.70e-04 | MSE loss: 5.4376e-03 | time: 0.037
I 06.07/21:59:23 solver.py:159 ] Epoch: [11/200][240/282] lr: 2.71e-04 | MSE loss: 5.3735e-03 | time: 0.037
I 06.07/21:59:24 solver.py:159 ] Epoch: [11/200][260/282] lr: 2.73e-04 | MSE loss: 5.5094e-03 | time: 0.037
I 06.07/21:59:24 solver.py:159 ] Epoch: [11/200][280/282] lr: 2.75e-04 | MSE loss: 5.5179e-03 | time: 0.037
I 06.07/21:59:24 solver.py:169 ] => Train  Loss: 5.5305e-03

I 06.07/21:59:25 solver.py:405 ] [20/32] loss: 6.5967e-03 | NMSE: -1.8524e+01 | time: 0.036
I 06.07/21:59:26 solver.py:413 ] => Test NMSE: -1.9328e+01

I 06.07/21:59:26 solver.py:345 ] => LoRA monitor [epoch=11] | trainable=67584/67584 | non_lora_trainable=0 | lora_l2=5.007264e+00 | lora_A_l2=4.798105e+00 | lora_B_l2=1.432088e+00 | component_l2=decoder:5.007264e+00 | lora_abs_max=2.339785e-01 | delta_l2=4.007046e+00 | delta_rel=1.221031e+00 | train_loss=5.530544e-03 | test_loss=5.836857e-03 | nmse=-1.932791e+01
I 06.07/21:59:26 solver.py:224 ] 
=! Best NMSE: -1.9328e+01 (epoch=11)

I 06.07/21:59:26 solver.py:159 ] Epoch: [12/200][20/282] lr: 2.77e-04 | MSE loss: 6.6085e-03 | time: 0.038
I 06.07/21:59:27 solver.py:159 ] Epoch: [12/200][40/282] lr: 2.79e-04 | MSE loss: 6.2299e-03 | time: 0.037
I 06.07/21:59:28 solver.py:159 ] Epoch: [12/200][60/282] lr: 2.80e-04 | MSE loss: 6.0135e-03 | time: 0.037
I 06.07/21:59:29 solver.py:159 ] Epoch: [12/200][80/282] lr: 2.82e-04 | MSE loss: 5.9027e-03 | time: 0.038
I 06.07/21:59:29 solver.py:159 ] Epoch: [12/200][100/282] lr: 2.84e-04 | MSE loss: 5.7197e-03 | time: 0.037
I 06.07/21:59:30 solver.py:159 ] Epoch: [12/200][120/282] lr: 2.86e-04 | MSE loss: 5.5453e-03 | time: 0.037
I 06.07/21:59:31 solver.py:159 ] Epoch: [12/200][140/282] lr: 2.87e-04 | MSE loss: 5.5936e-03 | time: 0.037
I 06.07/21:59:32 solver.py:159 ] Epoch: [12/200][160/282] lr: 2.89e-04 | MSE loss: 5.4483e-03 | time: 0.037
I 06.07/21:59:32 solver.py:159 ] Epoch: [12/200][180/282] lr: 2.91e-04 | MSE loss: 5.4718e-03 | time: 0.037
I 06.07/21:59:33 solver.py:159 ] Epoch: [12/200][200/282] lr: 2.93e-04 | MSE loss: 5.4867e-03 | time: 0.037
I 06.07/21:59:34 solver.py:159 ] Epoch: [12/200][220/282] lr: 2.95e-04 | MSE loss: 5.3810e-03 | time: 0.037
I 06.07/21:59:35 solver.py:159 ] Epoch: [12/200][240/282] lr: 2.96e-04 | MSE loss: 5.3942e-03 | time: 0.037
I 06.07/21:59:35 solver.py:159 ] Epoch: [12/200][260/282] lr: 2.98e-04 | MSE loss: 5.3727e-03 | time: 0.038
I 06.07/21:59:36 solver.py:159 ] Epoch: [12/200][280/282] lr: 3.00e-04 | MSE loss: 5.4688e-03 | time: 0.038
I 06.07/21:59:36 solver.py:169 ] => Train  Loss: 5.4632e-03

I 06.07/21:59:37 solver.py:405 ] [20/32] loss: 6.6165e-03 | NMSE: -1.8502e+01 | time: 0.031
I 06.07/21:59:37 solver.py:413 ] => Test NMSE: -1.9311e+01

I 06.07/21:59:37 solver.py:345 ] => LoRA monitor [epoch=12] | trainable=67584/67584 | non_lora_trainable=0 | lora_l2=5.139657e+00 | lora_A_l2=4.904888e+00 | lora_B_l2=1.535627e+00 | component_l2=decoder:5.139657e+00 | lora_abs_max=2.341074e-01 | delta_l2=4.220665e+00 | delta_rel=1.286126e+00 | train_loss=5.463227e-03 | test_loss=5.859015e-03 | nmse=-1.931145e+01
I 06.07/21:59:37 solver.py:224 ] 
=! Best NMSE: -1.9328e+01 (epoch=11)

I 06.07/21:59:38 solver.py:159 ] Epoch: [13/200][20/282] lr: 3.02e-04 | MSE loss: 4.4156e-03 | time: 0.041
I 06.07/21:59:39 solver.py:159 ] Epoch: [13/200][40/282] lr: 3.04e-04 | MSE loss: 4.9077e-03 | time: 0.041
I 06.07/21:59:40 solver.py:159 ] Epoch: [13/200][60/282] lr: 3.05e-04 | MSE loss: 4.9552e-03 | time: 0.040
I 06.07/21:59:40 solver.py:159 ] Epoch: [13/200][80/282] lr: 3.07e-04 | MSE loss: 5.0496e-03 | time: 0.039
I 06.07/21:59:41 solver.py:159 ] Epoch: [13/200][100/282] lr: 3.09e-04 | MSE loss: 5.2535e-03 | time: 0.038
I 06.07/21:59:42 solver.py:159 ] Epoch: [13/200][120/282] lr: 3.11e-04 | MSE loss: 5.0719e-03 | time: 0.038
I 06.07/21:59:42 solver.py:159 ] Epoch: [13/200][140/282] lr: 3.12e-04 | MSE loss: 5.1942e-03 | time: 0.037
I 06.07/21:59:43 solver.py:159 ] Epoch: [13/200][160/282] lr: 3.14e-04 | MSE loss: 5.0998e-03 | time: 0.037
I 06.07/21:59:44 solver.py:159 ] Epoch: [13/200][180/282] lr: 3.16e-04 | MSE loss: 5.1872e-03 | time: 0.037
I 06.07/21:59:45 solver.py:159 ] Epoch: [13/200][200/282] lr: 3.18e-04 | MSE loss: 5.1909e-03 | time: 0.037
I 06.07/21:59:45 solver.py:159 ] Epoch: [13/200][220/282] lr: 3.20e-04 | MSE loss: 5.3917e-03 | time: 0.037
I 06.07/21:59:46 solver.py:159 ] Epoch: [13/200][240/282] lr: 3.21e-04 | MSE loss: 5.5063e-03 | time: 0.037
I 06.07/21:59:47 solver.py:159 ] Epoch: [13/200][260/282] lr: 3.23e-04 | MSE loss: 5.6047e-03 | time: 0.037
I 06.07/21:59:48 solver.py:159 ] Epoch: [13/200][280/282] lr: 3.25e-04 | MSE loss: 5.5342e-03 | time: 0.037
I 06.07/21:59:48 solver.py:169 ] => Train  Loss: 5.5274e-03

I 06.07/21:59:48 solver.py:405 ] [20/32] loss: 6.5305e-03 | NMSE: -1.8567e+01 | time: 0.034
I 06.07/21:59:49 solver.py:413 ] => Test NMSE: -1.9366e+01

I 06.07/21:59:49 solver.py:345 ] => LoRA monitor [epoch=13] | trainable=67584/67584 | non_lora_trainable=0 | lora_l2=5.243841e+00 | lora_A_l2=4.987618e+00 | lora_B_l2=1.619115e+00 | component_l2=decoder:5.243841e+00 | lora_abs_max=2.351882e-01 | delta_l2=4.416693e+00 | delta_rel=1.345860e+00 | train_loss=5.527400e-03 | test_loss=5.785855e-03 | nmse=-1.936602e+01
I 06.07/21:59:49 solver.py:224 ] 
=! Best NMSE: -1.9366e+01 (epoch=13)

I 06.07/21:59:50 solver.py:159 ] Epoch: [14/200][20/282] lr: 3.27e-04 | MSE loss: 4.6853e-03 | time: 0.042
I 06.07/21:59:50 solver.py:159 ] Epoch: [14/200][40/282] lr: 3.29e-04 | MSE loss: 5.7349e-03 | time: 0.041
I 06.07/21:59:51 solver.py:159 ] Epoch: [14/200][60/282] lr: 3.30e-04 | MSE loss: 5.7125e-03 | time: 0.040
I 06.07/21:59:52 solver.py:159 ] Epoch: [14/200][80/282] lr: 3.32e-04 | MSE loss: 5.6325e-03 | time: 0.039
I 06.07/21:59:53 solver.py:159 ] Epoch: [14/200][100/282] lr: 3.34e-04 | MSE loss: 5.7108e-03 | time: 0.038
I 06.07/21:59:53 solver.py:159 ] Epoch: [14/200][120/282] lr: 3.36e-04 | MSE loss: 5.6830e-03 | time: 0.038
I 06.07/21:59:54 solver.py:159 ] Epoch: [14/200][140/282] lr: 3.37e-04 | MSE loss: 5.5232e-03 | time: 0.038
I 06.07/21:59:55 solver.py:159 ] Epoch: [14/200][160/282] lr: 3.39e-04 | MSE loss: 5.4668e-03 | time: 0.038
I 06.07/21:59:56 solver.py:159 ] Epoch: [14/200][180/282] lr: 3.41e-04 | MSE loss: 5.3890e-03 | time: 0.038
I 06.07/21:59:56 solver.py:159 ] Epoch: [14/200][200/282] lr: 3.43e-04 | MSE loss: 5.3658e-03 | time: 0.038
I 06.07/21:59:57 solver.py:159 ] Epoch: [14/200][220/282] lr: 3.45e-04 | MSE loss: 5.3139e-03 | time: 0.038
I 06.07/21:59:58 solver.py:159 ] Epoch: [14/200][240/282] lr: 3.46e-04 | MSE loss: 5.3132e-03 | time: 0.038
I 06.07/21:59:58 solver.py:159 ] Epoch: [14/200][260/282] lr: 3.48e-04 | MSE loss: 5.2631e-03 | time: 0.037
I 06.07/21:59:59 solver.py:159 ] Epoch: [14/200][280/282] lr: 3.50e-04 | MSE loss: 5.3992e-03 | time: 0.037
I 06.07/21:59:59 solver.py:169 ] => Train  Loss: 5.3762e-03

I 06.07/22:00:00 solver.py:405 ] [20/32] loss: 6.5131e-03 | NMSE: -1.8609e+01 | time: 0.036
I 06.07/22:00:01 solver.py:413 ] => Test NMSE: -1.9373e+01

I 06.07/22:00:01 solver.py:345 ] => LoRA monitor [epoch=14] | trainable=67584/67584 | non_lora_trainable=0 | lora_l2=5.394315e+00 | lora_A_l2=5.102790e+00 | lora_B_l2=1.749335e+00 | component_l2=decoder:5.394315e+00 | lora_abs_max=2.318516e-01 | delta_l2=4.627387e+00 | delta_rel=1.410063e+00 | train_loss=5.376198e-03 | test_loss=5.777052e-03 | nmse=-1.937264e+01
I 06.07/22:00:01 solver.py:224 ] 
=! Best NMSE: -1.9373e+01 (epoch=14)

I 06.07/22:00:03 solver.py:159 ] Epoch: [15/200][20/282] lr: 3.52e-04 | MSE loss: 5.1671e-03 | time: 0.101
I 06.07/22:00:04 solver.py:159 ] Epoch: [15/200][40/282] lr: 3.54e-04 | MSE loss: 5.6617e-03 | time: 0.089
I 06.07/22:00:05 solver.py:159 ] Epoch: [15/200][60/282] lr: 3.55e-04 | MSE loss: 5.4870e-03 | time: 0.072
I 06.07/22:00:06 solver.py:159 ] Epoch: [15/200][80/282] lr: 3.57e-04 | MSE loss: 5.9293e-03 | time: 0.063
I 06.07/22:00:07 solver.py:159 ] Epoch: [15/200][100/282] lr: 3.59e-04 | MSE loss: 5.7768e-03 | time: 0.057
I 06.07/22:00:07 solver.py:159 ] Epoch: [15/200][120/282] lr: 3.61e-04 | MSE loss: 5.5362e-03 | time: 0.054
I 06.07/22:00:08 solver.py:159 ] Epoch: [15/200][140/282] lr: 3.62e-04 | MSE loss: 5.5441e-03 | time: 0.051
I 06.07/22:00:09 solver.py:159 ] Epoch: [15/200][160/282] lr: 3.64e-04 | MSE loss: 5.4951e-03 | time: 0.049
I 06.07/22:00:09 solver.py:159 ] Epoch: [15/200][180/282] lr: 3.66e-04 | MSE loss: 5.5172e-03 | time: 0.047
I 06.07/22:00:10 solver.py:159 ] Epoch: [15/200][200/282] lr: 3.68e-04 | MSE loss: 5.4398e-03 | time: 0.046
I 06.07/22:00:11 solver.py:159 ] Epoch: [15/200][220/282] lr: 3.70e-04 | MSE loss: 5.4767e-03 | time: 0.044
I 06.07/22:00:11 solver.py:159 ] Epoch: [15/200][240/282] lr: 3.71e-04 | MSE loss: 5.4067e-03 | time: 0.044
I 06.07/22:00:12 solver.py:159 ] Epoch: [15/200][260/282] lr: 3.73e-04 | MSE loss: 5.3505e-03 | time: 0.043
I 06.07/22:00:13 solver.py:159 ] Epoch: [15/200][280/282] lr: 3.75e-04 | MSE loss: 5.4087e-03 | time: 0.043
I 06.07/22:00:13 solver.py:169 ] => Train  Loss: 5.3907e-03

I 06.07/22:00:14 solver.py:405 ] [20/32] loss: 6.4688e-03 | NMSE: -1.8599e+01 | time: 0.036
I 06.07/22:00:14 solver.py:413 ] => Test NMSE: -1.9396e+01

I 06.07/22:00:14 solver.py:345 ] => LoRA monitor [epoch=15] | trainable=67584/67584 | non_lora_trainable=0 | lora_l2=5.528571e+00 | lora_A_l2=5.207605e+00 | lora_B_l2=1.856325e+00 | component_l2=decoder:5.528571e+00 | lora_abs_max=2.335911e-01 | delta_l2=4.835776e+00 | delta_rel=1.473563e+00 | train_loss=5.390722e-03 | test_loss=5.746293e-03 | nmse=-1.939582e+01
I 06.07/22:00:14 solver.py:224 ] 
=! Best NMSE: -1.9396e+01 (epoch=15)

I 06.07/22:00:15 solver.py:159 ] Epoch: [16/200][20/282] lr: 3.77e-04 | MSE loss: 4.5072e-03 | time: 0.040
I 06.07/22:00:16 solver.py:159 ] Epoch: [16/200][40/282] lr: 3.79e-04 | MSE loss: 4.7181e-03 | time: 0.039
I 06.07/22:00:16 solver.py:159 ] Epoch: [16/200][60/282] lr: 3.80e-04 | MSE loss: 5.1261e-03 | time: 0.037
I 06.07/22:00:17 solver.py:159 ] Epoch: [16/200][80/282] lr: 3.82e-04 | MSE loss: 5.1955e-03 | time: 0.037
I 06.07/22:00:18 solver.py:159 ] Epoch: [16/200][100/282] lr: 3.84e-04 | MSE loss: 5.2918e-03 | time: 0.036
I 06.07/22:00:18 solver.py:159 ] Epoch: [16/200][120/282] lr: 3.86e-04 | MSE loss: 5.4005e-03 | time: 0.037
I 06.07/22:00:19 solver.py:159 ] Epoch: [16/200][140/282] lr: 3.87e-04 | MSE loss: 5.1983e-03 | time: 0.036
I 06.07/22:00:20 solver.py:159 ] Epoch: [16/200][160/282] lr: 3.89e-04 | MSE loss: 5.2843e-03 | time: 0.036
I 06.07/22:00:20 solver.py:159 ] Epoch: [16/200][180/282] lr: 3.91e-04 | MSE loss: 5.3283e-03 | time: 0.036
I 06.07/22:00:21 solver.py:159 ] Epoch: [16/200][200/282] lr: 3.93e-04 | MSE loss: 5.3419e-03 | time: 0.036
I 06.07/22:00:22 solver.py:159 ] Epoch: [16/200][220/282] lr: 3.95e-04 | MSE loss: 5.3143e-03 | time: 0.036
I 06.07/22:00:23 solver.py:159 ] Epoch: [16/200][240/282] lr: 3.96e-04 | MSE loss: 5.3892e-03 | time: 0.036
I 06.07/22:00:23 solver.py:159 ] Epoch: [16/200][260/282] lr: 3.98e-04 | MSE loss: 5.4321e-03 | time: 0.036
I 06.07/22:00:24 solver.py:159 ] Epoch: [16/200][280/282] lr: 4.00e-04 | MSE loss: 5.4107e-03 | time: 0.036
I 06.07/22:00:24 solver.py:169 ] => Train  Loss: 5.4157e-03

I 06.07/22:00:25 solver.py:405 ] [20/32] loss: 6.5707e-03 | NMSE: -1.8533e+01 | time: 0.033
I 06.07/22:00:25 solver.py:413 ] => Test NMSE: -1.9332e+01

I 06.07/22:00:25 solver.py:345 ] => LoRA monitor [epoch=16] | trainable=67584/67584 | non_lora_trainable=0 | lora_l2=5.654081e+00 | lora_A_l2=5.304919e+00 | lora_B_l2=1.956133e+00 | component_l2=decoder:5.654081e+00 | lora_abs_max=2.402706e-01 | delta_l2=5.035038e+00 | delta_rel=1.534283e+00 | train_loss=5.415704e-03 | test_loss=5.831740e-03 | nmse=-1.933172e+01
I 06.07/22:00:25 solver.py:224 ] 
=! Best NMSE: -1.9396e+01 (epoch=15)

I 06.07/22:00:26 solver.py:159 ] Epoch: [17/200][20/282] lr: 4.02e-04 | MSE loss: 5.0030e-03 | time: 0.031
I 06.07/22:00:26 solver.py:159 ] Epoch: [17/200][40/282] lr: 4.04e-04 | MSE loss: 4.7423e-03 | time: 0.033
I 06.07/22:00:27 solver.py:159 ] Epoch: [17/200][60/282] lr: 4.05e-04 | MSE loss: 4.8204e-03 | time: 0.034
I 06.07/22:00:28 solver.py:159 ] Epoch: [17/200][80/282] lr: 4.07e-04 | MSE loss: 5.1709e-03 | time: 0.034
I 06.07/22:00:29 solver.py:159 ] Epoch: [17/200][100/282] lr: 4.09e-04 | MSE loss: 5.2572e-03 | time: 0.035
I 06.07/22:00:29 solver.py:159 ] Epoch: [17/200][120/282] lr: 4.11e-04 | MSE loss: 5.1928e-03 | time: 0.036
I 06.07/22:00:30 solver.py:159 ] Epoch: [17/200][140/282] lr: 4.12e-04 | MSE loss: 5.0888e-03 | time: 0.036
I 06.07/22:00:31 solver.py:159 ] Epoch: [17/200][160/282] lr: 4.14e-04 | MSE loss: 5.0952e-03 | time: 0.036
I 06.07/22:00:32 solver.py:159 ] Epoch: [17/200][180/282] lr: 4.16e-04 | MSE loss: 5.1457e-03 | time: 0.036
I 06.07/22:00:32 solver.py:159 ] Epoch: [17/200][200/282] lr: 4.18e-04 | MSE loss: 5.2223e-03 | time: 0.036
I 06.07/22:00:33 solver.py:159 ] Epoch: [17/200][220/282] lr: 4.20e-04 | MSE loss: 5.2618e-03 | time: 0.036
I 06.07/22:00:34 solver.py:159 ] Epoch: [17/200][240/282] lr: 4.21e-04 | MSE loss: 5.3280e-03 | time: 0.036
I 06.07/22:00:34 solver.py:159 ] Epoch: [17/200][260/282] lr: 4.23e-04 | MSE loss: 5.2953e-03 | time: 0.036
I 06.07/22:00:35 solver.py:159 ] Epoch: [17/200][280/282] lr: 4.25e-04 | MSE loss: 5.3305e-03 | time: 0.036
I 06.07/22:00:35 solver.py:169 ] => Train  Loss: 5.3150e-03

I 06.07/22:00:36 solver.py:405 ] [20/32] loss: 6.4263e-03 | NMSE: -1.8658e+01 | time: 0.040
I 06.07/22:00:36 solver.py:413 ] => Test NMSE: -1.9426e+01

I 06.07/22:00:36 solver.py:345 ] => LoRA monitor [epoch=17] | trainable=67584/67584 | non_lora_trainable=0 | lora_l2=5.812627e+00 | lora_A_l2=5.423693e+00 | lora_B_l2=2.090501e+00 | component_l2=decoder:5.812627e+00 | lora_abs_max=2.492660e-01 | delta_l2=5.251309e+00 | delta_rel=1.600185e+00 | train_loss=5.315005e-03 | test_loss=5.706431e-03 | nmse=-1.942606e+01
I 06.07/22:00:37 solver.py:224 ] 
=! Best NMSE: -1.9426e+01 (epoch=17)

I 06.07/22:00:37 solver.py:159 ] Epoch: [18/200][20/282] lr: 4.27e-04 | MSE loss: 5.3491e-03 | time: 0.039
I 06.07/22:00:38 solver.py:159 ] Epoch: [18/200][40/282] lr: 4.29e-04 | MSE loss: 5.2291e-03 | time: 0.037
I 06.07/22:00:39 solver.py:159 ] Epoch: [18/200][60/282] lr: 4.30e-04 | MSE loss: 5.1503e-03 | time: 0.038
I 06.07/22:00:40 solver.py:159 ] Epoch: [18/200][80/282] lr: 4.32e-04 | MSE loss: 5.4150e-03 | time: 0.037
I 06.07/22:00:40 solver.py:159 ] Epoch: [18/200][100/282] lr: 4.34e-04 | MSE loss: 5.3209e-03 | time: 0.037
I 06.07/22:00:41 solver.py:159 ] Epoch: [18/200][120/282] lr: 4.36e-04 | MSE loss: 5.3037e-03 | time: 0.037
I 06.07/22:00:42 solver.py:159 ] Epoch: [18/200][140/282] lr: 4.37e-04 | MSE loss: 5.2141e-03 | time: 0.036
I 06.07/22:00:42 solver.py:159 ] Epoch: [18/200][160/282] lr: 4.39e-04 | MSE loss: 5.3618e-03 | time: 0.036
I 06.07/22:00:43 solver.py:159 ] Epoch: [18/200][180/282] lr: 4.41e-04 | MSE loss: 5.3064e-03 | time: 0.036
I 06.07/22:00:44 solver.py:159 ] Epoch: [18/200][200/282] lr: 4.43e-04 | MSE loss: 5.3452e-03 | time: 0.036
I 06.07/22:00:45 solver.py:159 ] Epoch: [18/200][220/282] lr: 4.45e-04 | MSE loss: 5.3112e-03 | time: 0.036
I 06.07/22:00:45 solver.py:159 ] Epoch: [18/200][240/282] lr: 4.46e-04 | MSE loss: 5.3073e-03 | time: 0.036
I 06.07/22:00:46 solver.py:159 ] Epoch: [18/200][260/282] lr: 4.48e-04 | MSE loss: 5.3442e-03 | time: 0.036
I 06.07/22:00:47 solver.py:159 ] Epoch: [18/200][280/282] lr: 4.50e-04 | MSE loss: 5.2981e-03 | time: 0.036
I 06.07/22:00:47 solver.py:169 ] => Train  Loss: 5.2914e-03

I 06.07/22:00:47 solver.py:405 ] [20/32] loss: 6.4183e-03 | NMSE: -1.8634e+01 | time: 0.032
I 06.07/22:00:48 solver.py:413 ] => Test NMSE: -1.9431e+01

I 06.07/22:00:48 solver.py:345 ] => LoRA monitor [epoch=18] | trainable=67584/67584 | non_lora_trainable=0 | lora_l2=5.952881e+00 | lora_A_l2=5.527859e+00 | lora_B_l2=2.208975e+00 | component_l2=decoder:5.952881e+00 | lora_abs_max=2.623588e-01 | delta_l2=5.453580e+00 | delta_rel=1.661821e+00 | train_loss=5.291379e-03 | test_loss=5.700122e-03 | nmse=-1.943086e+01
I 06.07/22:00:48 solver.py:224 ] 
=! Best NMSE: -1.9431e+01 (epoch=18)

I 06.07/22:00:49 solver.py:159 ] Epoch: [19/200][20/282] lr: 4.52e-04 | MSE loss: 5.5716e-03 | time: 0.036
I 06.07/22:00:49 solver.py:159 ] Epoch: [19/200][40/282] lr: 4.54e-04 | MSE loss: 5.3826e-03 | time: 0.036
I 06.07/22:00:50 solver.py:159 ] Epoch: [19/200][60/282] lr: 4.55e-04 | MSE loss: 5.1079e-03 | time: 0.036
I 06.07/22:00:51 solver.py:159 ] Epoch: [19/200][80/282] lr: 4.57e-04 | MSE loss: 4.9276e-03 | time: 0.037
I 06.07/22:00:51 solver.py:159 ] Epoch: [19/200][100/282] lr: 4.59e-04 | MSE loss: 5.1349e-03 | time: 0.036
I 06.07/22:00:52 solver.py:159 ] Epoch: [19/200][120/282] lr: 4.61e-04 | MSE loss: 5.0723e-03 | time: 0.037
I 06.07/22:00:53 solver.py:159 ] Epoch: [19/200][140/282] lr: 4.62e-04 | MSE loss: 5.0937e-03 | time: 0.036
I 06.07/22:00:54 solver.py:159 ] Epoch: [19/200][160/282] lr: 4.64e-04 | MSE loss: 5.1785e-03 | time: 0.036
I 06.07/22:00:54 solver.py:159 ] Epoch: [19/200][180/282] lr: 4.66e-04 | MSE loss: 5.2400e-03 | time: 0.036
I 06.07/22:00:55 solver.py:159 ] Epoch: [19/200][200/282] lr: 4.68e-04 | MSE loss: 5.3165e-03 | time: 0.036
I 06.07/22:00:56 solver.py:159 ] Epoch: [19/200][220/282] lr: 4.70e-04 | MSE loss: 5.3269e-03 | time: 0.036
I 06.07/22:00:57 solver.py:159 ] Epoch: [19/200][240/282] lr: 4.71e-04 | MSE loss: 5.3539e-03 | time: 0.036
I 06.07/22:00:57 solver.py:159 ] Epoch: [19/200][260/282] lr: 4.73e-04 | MSE loss: 5.2850e-03 | time: 0.036
I 06.07/22:00:58 solver.py:159 ] Epoch: [19/200][280/282] lr: 4.75e-04 | MSE loss: 5.2715e-03 | time: 0.037
I 06.07/22:00:58 solver.py:169 ] => Train  Loss: 5.2939e-03

I 06.07/22:00:59 solver.py:405 ] [20/32] loss: 6.4281e-03 | NMSE: -1.8619e+01 | time: 0.032
I 06.07/22:00:59 solver.py:413 ] => Test NMSE: -1.9438e+01

I 06.07/22:00:59 solver.py:345 ] => LoRA monitor [epoch=19] | trainable=67584/67584 | non_lora_trainable=0 | lora_l2=6.131132e+00 | lora_A_l2=5.661771e+00 | lora_B_l2=2.352687e+00 | component_l2=decoder:6.131132e+00 | lora_abs_max=2.739472e-01 | delta_l2=5.687856e+00 | delta_rel=1.733210e+00 | train_loss=5.293948e-03 | test_loss=5.690624e-03 | nmse=-1.943810e+01
I 06.07/22:00:59 solver.py:224 ] 
=! Best NMSE: -1.9438e+01 (epoch=19)

I 06.07/22:01:00 solver.py:159 ] Epoch: [20/200][20/282] lr: 4.77e-04 | MSE loss: 5.9394e-03 | time: 0.044
I 06.07/22:01:02 solver.py:159 ] Epoch: [20/200][40/282] lr: 4.79e-04 | MSE loss: 6.0788e-03 | time: 0.058
I 06.07/22:01:03 solver.py:159 ] Epoch: [20/200][60/282] lr: 4.80e-04 | MSE loss: 5.8450e-03 | time: 0.069
I 06.07/22:01:05 solver.py:159 ] Epoch: [20/200][80/282] lr: 4.82e-04 | MSE loss: 5.5956e-03 | time: 0.067
I 06.07/22:01:05 solver.py:159 ] Epoch: [20/200][100/282] lr: 4.84e-04 | MSE loss: 5.6246e-03 | time: 0.061
I 06.07/22:01:06 solver.py:159 ] Epoch: [20/200][120/282] lr: 4.86e-04 | MSE loss: 5.5980e-03 | time: 0.057
I 06.07/22:01:07 solver.py:159 ] Epoch: [20/200][140/282] lr: 4.87e-04 | MSE loss: 5.4470e-03 | time: 0.054
I 06.07/22:01:08 solver.py:159 ] Epoch: [20/200][160/282] lr: 4.89e-04 | MSE loss: 5.5340e-03 | time: 0.052
I 06.07/22:01:08 solver.py:159 ] Epoch: [20/200][180/282] lr: 4.91e-04 | MSE loss: 5.4764e-03 | time: 0.051
I 06.07/22:01:09 solver.py:159 ] Epoch: [20/200][200/282] lr: 4.93e-04 | MSE loss: 5.4127e-03 | time: 0.049
I 06.07/22:01:10 solver.py:159 ] Epoch: [20/200][220/282] lr: 4.95e-04 | MSE loss: 5.4671e-03 | time: 0.048
I 06.07/22:01:11 solver.py:159 ] Epoch: [20/200][240/282] lr: 4.96e-04 | MSE loss: 5.3662e-03 | time: 0.047
I 06.07/22:01:11 solver.py:159 ] Epoch: [20/200][260/282] lr: 4.98e-04 | MSE loss: 5.3782e-03 | time: 0.046
I 06.07/22:01:12 solver.py:159 ] Epoch: [20/200][280/282] lr: 5.00e-04 | MSE loss: 5.2972e-03 | time: 0.045
I 06.07/22:01:12 solver.py:169 ] => Train  Loss: 5.2787e-03

I 06.07/22:01:13 solver.py:159 ] Epoch: [20/200][20/32] lr: 5.00e-04 | MSE loss: 6.4371e-03 | time: 0.032
I 06.07/22:01:13 solver.py:169 ] => Val  Loss: 5.6439e-03

I 06.07/22:01:14 solver.py:405 ] [20/32] loss: 6.4371e-03 | NMSE: -1.8627e+01 | time: 0.030
I 06.07/22:01:14 solver.py:413 ] => Test NMSE: -1.9414e+01

I 06.07/22:01:14 solver.py:345 ] => LoRA monitor [epoch=20] | trainable=67584/67584 | non_lora_trainable=0 | lora_l2=6.284046e+00 | lora_A_l2=5.779351e+00 | lora_B_l2=2.467455e+00 | component_l2=decoder:6.284046e+00 | lora_abs_max=2.847739e-01 | delta_l2=5.891665e+00 | delta_rel=1.795315e+00 | train_loss=5.278735e-03 | val_loss=5.643880e-03 | test_loss=5.721952e-03 | nmse=-1.941426e+01
I 06.07/22:01:14 solver.py:224 ] 
=! Best NMSE: -1.9438e+01 (epoch=19)

I 06.07/22:01:15 solver.py:159 ] Epoch: [21/200][20/282] lr: 5.00e-04 | MSE loss: 5.8596e-03 | time: 0.037
I 06.07/22:01:15 solver.py:159 ] Epoch: [21/200][40/282] lr: 5.00e-04 | MSE loss: 5.3616e-03 | time: 0.037
I 06.07/22:01:16 solver.py:159 ] Epoch: [21/200][60/282] lr: 5.00e-04 | MSE loss: 5.3716e-03 | time: 0.036
I 06.07/22:01:17 solver.py:159 ] Epoch: [21/200][80/282] lr: 5.00e-04 | MSE loss: 5.5328e-03 | time: 0.036
I 06.07/22:01:18 solver.py:159 ] Epoch: [21/200][100/282] lr: 5.00e-04 | MSE loss: 5.5400e-03 | time: 0.036
I 06.07/22:01:18 solver.py:159 ] Epoch: [21/200][120/282] lr: 5.00e-04 | MSE loss: 5.4434e-03 | time: 0.036
I 06.07/22:01:19 solver.py:159 ] Epoch: [21/200][140/282] lr: 5.00e-04 | MSE loss: 5.3948e-03 | time: 0.036
I 06.07/22:01:20 solver.py:159 ] Epoch: [21/200][160/282] lr: 5.00e-04 | MSE loss: 5.3940e-03 | time: 0.036
I 06.07/22:01:20 solver.py:159 ] Epoch: [21/200][180/282] lr: 5.00e-04 | MSE loss: 5.3899e-03 | time: 0.036
I 06.07/22:01:21 solver.py:159 ] Epoch: [21/200][200/282] lr: 5.00e-04 | MSE loss: 5.3934e-03 | time: 0.036
I 06.07/22:01:22 solver.py:159 ] Epoch: [21/200][220/282] lr: 5.00e-04 | MSE loss: 5.3657e-03 | time: 0.036
I 06.07/22:01:22 solver.py:159 ] Epoch: [21/200][240/282] lr: 5.00e-04 | MSE loss: 5.2564e-03 | time: 0.035
I 06.07/22:01:23 solver.py:159 ] Epoch: [21/200][260/282] lr: 5.00e-04 | MSE loss: 5.2950e-03 | time: 0.035
I 06.07/22:01:24 solver.py:159 ] Epoch: [21/200][280/282] lr: 5.00e-04 | MSE loss: 5.2314e-03 | time: 0.035
I 06.07/22:01:24 solver.py:169 ] => Train  Loss: 5.2331e-03

I 06.07/22:01:25 solver.py:405 ] [20/32] loss: 6.3480e-03 | NMSE: -1.8665e+01 | time: 0.029
I 06.07/22:01:25 solver.py:413 ] => Test NMSE: -1.9485e+01

I 06.07/22:01:25 solver.py:345 ] => LoRA monitor [epoch=21] | trainable=67584/67584 | non_lora_trainable=0 | lora_l2=6.452273e+00 | lora_A_l2=5.902524e+00 | lora_B_l2=2.606152e+00 | component_l2=decoder:6.452273e+00 | lora_abs_max=3.081525e-01 | delta_l2=6.102594e+00 | delta_rel=1.859589e+00 | train_loss=5.233111e-03 | test_loss=5.629766e-03 | nmse=-1.948480e+01
I 06.07/22:01:25 solver.py:224 ] 
=! Best NMSE: -1.9485e+01 (epoch=21)

I 06.07/22:01:26 solver.py:159 ] Epoch: [22/200][20/282] lr: 5.00e-04 | MSE loss: 5.0634e-03 | time: 0.038
I 06.07/22:01:27 solver.py:159 ] Epoch: [22/200][40/282] lr: 5.00e-04 | MSE loss: 4.8532e-03 | time: 0.037
I 06.07/22:01:27 solver.py:159 ] Epoch: [22/200][60/282] lr: 5.00e-04 | MSE loss: 4.7797e-03 | time: 0.036
I 06.07/22:01:28 solver.py:159 ] Epoch: [22/200][80/282] lr: 5.00e-04 | MSE loss: 4.8105e-03 | time: 0.036
I 06.07/22:01:29 solver.py:159 ] Epoch: [22/200][100/282] lr: 5.00e-04 | MSE loss: 4.8636e-03 | time: 0.036
I 06.07/22:01:29 solver.py:159 ] Epoch: [22/200][120/282] lr: 5.00e-04 | MSE loss: 4.9017e-03 | time: 0.036
I 06.07/22:01:30 solver.py:159 ] Epoch: [22/200][140/282] lr: 5.00e-04 | MSE loss: 4.9223e-03 | time: 0.037
I 06.07/22:01:31 solver.py:159 ] Epoch: [22/200][160/282] lr: 5.00e-04 | MSE loss: 4.8741e-03 | time: 0.036
I 06.07/22:01:32 solver.py:159 ] Epoch: [22/200][180/282] lr: 5.00e-04 | MSE loss: 4.8865e-03 | time: 0.036
I 06.07/22:01:32 solver.py:159 ] Epoch: [22/200][200/282] lr: 5.00e-04 | MSE loss: 5.0982e-03 | time: 0.035
I 06.07/22:01:33 solver.py:159 ] Epoch: [22/200][220/282] lr: 5.00e-04 | MSE loss: 5.1953e-03 | time: 0.035
I 06.07/22:01:34 solver.py:159 ] Epoch: [22/200][240/282] lr: 5.00e-04 | MSE loss: 5.1452e-03 | time: 0.035
I 06.07/22:01:34 solver.py:159 ] Epoch: [22/200][260/282] lr: 5.00e-04 | MSE loss: 5.1740e-03 | time: 0.035
I 06.07/22:01:35 solver.py:159 ] Epoch: [22/200][280/282] lr: 5.00e-04 | MSE loss: 5.2356e-03 | time: 0.035
I 06.07/22:01:35 solver.py:169 ] => Train  Loss: 5.2436e-03

I 06.07/22:01:36 solver.py:405 ] [20/32] loss: 6.2472e-03 | NMSE: -1.8728e+01 | time: 0.031
I 06.07/22:01:36 solver.py:413 ] => Test NMSE: -1.9531e+01

I 06.07/22:01:36 solver.py:345 ] => LoRA monitor [epoch=22] | trainable=67584/67584 | non_lora_trainable=0 | lora_l2=6.628369e+00 | lora_A_l2=6.035744e+00 | lora_B_l2=2.739538e+00 | component_l2=decoder:6.628369e+00 | lora_abs_max=3.344777e-01 | delta_l2=6.316487e+00 | delta_rel=1.924767e+00 | train_loss=5.243591e-03 | test_loss=5.570442e-03 | nmse=-1.953080e+01
I 06.07/22:01:36 solver.py:224 ] 
=! Best NMSE: -1.9531e+01 (epoch=22)

I 06.07/22:01:37 solver.py:159 ] Epoch: [23/200][20/282] lr: 5.00e-04 | MSE loss: 5.1356e-03 | time: 0.036
I 06.07/22:01:38 solver.py:159 ] Epoch: [23/200][40/282] lr: 5.00e-04 | MSE loss: 5.3392e-03 | time: 0.037
I 06.07/22:01:38 solver.py:159 ] Epoch: [23/200][60/282] lr: 5.00e-04 | MSE loss: 5.0098e-03 | time: 0.036
I 06.07/22:01:39 solver.py:159 ] Epoch: [23/200][80/282] lr: 5.00e-04 | MSE loss: 5.2190e-03 | time: 0.036
I 06.07/22:01:40 solver.py:159 ] Epoch: [23/200][100/282] lr: 5.00e-04 | MSE loss: 5.2209e-03 | time: 0.036
I 06.07/22:01:41 solver.py:159 ] Epoch: [23/200][120/282] lr: 5.00e-04 | MSE loss: 5.2923e-03 | time: 0.036
I 06.07/22:01:41 solver.py:159 ] Epoch: [23/200][140/282] lr: 5.00e-04 | MSE loss: 5.2665e-03 | time: 0.036
I 06.07/22:01:42 solver.py:159 ] Epoch: [23/200][160/282] lr: 5.00e-04 | MSE loss: 5.1795e-03 | time: 0.036
I 06.07/22:01:43 solver.py:159 ] Epoch: [23/200][180/282] lr: 5.00e-04 | MSE loss: 5.1812e-03 | time: 0.036
I 06.07/22:01:43 solver.py:159 ] Epoch: [23/200][200/282] lr: 5.00e-04 | MSE loss: 5.1216e-03 | time: 0.036
I 06.07/22:01:44 solver.py:159 ] Epoch: [23/200][220/282] lr: 5.00e-04 | MSE loss: 5.0554e-03 | time: 0.036
I 06.07/22:01:45 solver.py:159 ] Epoch: [23/200][240/282] lr: 5.00e-04 | MSE loss: 4.9948e-03 | time: 0.035
I 06.07/22:01:45 solver.py:159 ] Epoch: [23/200][260/282] lr: 5.00e-04 | MSE loss: 5.1091e-03 | time: 0.035
I 06.07/22:01:46 solver.py:159 ] Epoch: [23/200][280/282] lr: 5.00e-04 | MSE loss: 5.1878e-03 | time: 0.036
I 06.07/22:01:46 solver.py:169 ] => Train  Loss: 5.1680e-03

I 06.07/22:01:47 solver.py:405 ] [20/32] loss: 6.3860e-03 | NMSE: -1.8622e+01 | time: 0.032
I 06.07/22:01:47 solver.py:413 ] => Test NMSE: -1.9437e+01

I 06.07/22:01:47 solver.py:345 ] => LoRA monitor [epoch=23] | trainable=67584/67584 | non_lora_trainable=0 | lora_l2=6.784308e+00 | lora_A_l2=6.152062e+00 | lora_B_l2=2.859890e+00 | component_l2=decoder:6.784308e+00 | lora_abs_max=3.579240e-01 | delta_l2=6.502581e+00 | delta_rel=1.981474e+00 | train_loss=5.167967e-03 | test_loss=5.691829e-03 | nmse=-1.943718e+01
I 06.07/22:01:47 solver.py:224 ] 
=! Best NMSE: -1.9531e+01 (epoch=22)

I 06.07/22:01:48 solver.py:159 ] Epoch: [24/200][20/282] lr: 5.00e-04 | MSE loss: 5.4378e-03 | time: 0.032
I 06.07/22:01:49 solver.py:159 ] Epoch: [24/200][40/282] lr: 5.00e-04 | MSE loss: 5.0258e-03 | time: 0.033
I 06.07/22:01:49 solver.py:159 ] Epoch: [24/200][60/282] lr: 5.00e-04 | MSE loss: 5.2839e-03 | time: 0.033
I 06.07/22:01:50 solver.py:159 ] Epoch: [24/200][80/282] lr: 5.00e-04 | MSE loss: 4.9940e-03 | time: 0.034
I 06.07/22:01:51 solver.py:159 ] Epoch: [24/200][100/282] lr: 5.00e-04 | MSE loss: 4.8046e-03 | time: 0.034
I 06.07/22:01:52 solver.py:159 ] Epoch: [24/200][120/282] lr: 5.00e-04 | MSE loss: 5.0380e-03 | time: 0.035
I 06.07/22:01:52 solver.py:159 ] Epoch: [24/200][140/282] lr: 5.00e-04 | MSE loss: 5.1549e-03 | time: 0.034
I 06.07/22:01:53 solver.py:159 ] Epoch: [24/200][160/282] lr: 5.00e-04 | MSE loss: 5.0730e-03 | time: 0.035
I 06.07/22:01:54 solver.py:159 ] Epoch: [24/200][180/282] lr: 5.00e-04 | MSE loss: 4.9953e-03 | time: 0.035
I 06.07/22:01:54 solver.py:159 ] Epoch: [24/200][200/282] lr: 5.00e-04 | MSE loss: 5.0345e-03 | time: 0.035
I 06.07/22:01:55 solver.py:159 ] Epoch: [24/200][220/282] lr: 5.00e-04 | MSE loss: 5.1498e-03 | time: 0.034
I 06.07/22:01:56 solver.py:159 ] Epoch: [24/200][240/282] lr: 4.99e-04 | MSE loss: 5.1610e-03 | time: 0.034
I 06.07/22:01:56 solver.py:159 ] Epoch: [24/200][260/282] lr: 4.99e-04 | MSE loss: 5.1039e-03 | time: 0.034
I 06.07/22:01:57 solver.py:159 ] Epoch: [24/200][280/282] lr: 4.99e-04 | MSE loss: 5.1254e-03 | time: 0.034
I 06.07/22:01:57 solver.py:169 ] => Train  Loss: 5.1287e-03

I 06.07/22:01:58 solver.py:405 ] [20/32] loss: 6.3762e-03 | NMSE: -1.8640e+01 | time: 0.032
I 06.07/22:01:58 solver.py:413 ] => Test NMSE: -1.9443e+01

I 06.07/22:01:58 solver.py:345 ] => LoRA monitor [epoch=24] | trainable=67584/67584 | non_lora_trainable=0 | lora_l2=6.955842e+00 | lora_A_l2=6.276818e+00 | lora_B_l2=2.997549e+00 | component_l2=decoder:6.955842e+00 | lora_abs_max=3.800599e-01 | delta_l2=6.700131e+00 | delta_rel=2.041671e+00 | train_loss=5.128709e-03 | test_loss=5.684529e-03 | nmse=-1.944275e+01
I 06.07/22:01:58 solver.py:224 ] 
=! Best NMSE: -1.9531e+01 (epoch=22)

I 06.07/22:01:59 solver.py:159 ] Epoch: [25/200][20/282] lr: 4.99e-04 | MSE loss: 4.5244e-03 | time: 0.036
I 06.07/22:01:59 solver.py:159 ] Epoch: [25/200][40/282] lr: 4.99e-04 | MSE loss: 5.2383e-03 | time: 0.035
I 06.07/22:02:00 solver.py:159 ] Epoch: [25/200][60/282] lr: 4.99e-04 | MSE loss: 4.9721e-03 | time: 0.037
I 06.07/22:02:02 solver.py:159 ] Epoch: [25/200][80/282] lr: 4.99e-04 | MSE loss: 4.9716e-03 | time: 0.045
I 06.07/22:02:03 solver.py:159 ] Epoch: [25/200][100/282] lr: 4.99e-04 | MSE loss: 5.0248e-03 | time: 0.051
I 06.07/22:02:05 solver.py:159 ] Epoch: [25/200][120/282] lr: 4.99e-04 | MSE loss: 4.9072e-03 | time: 0.054
I 06.07/22:02:05 solver.py:159 ] Epoch: [25/200][140/282] lr: 4.99e-04 | MSE loss: 4.8536e-03 | time: 0.051
I 06.07/22:02:06 solver.py:159 ] Epoch: [25/200][160/282] lr: 4.99e-04 | MSE loss: 4.7844e-03 | time: 0.050
I 06.07/22:02:07 solver.py:159 ] Epoch: [25/200][180/282] lr: 4.99e-04 | MSE loss: 4.8271e-03 | time: 0.048
I 06.07/22:02:08 solver.py:159 ] Epoch: [25/200][200/282] lr: 4.99e-04 | MSE loss: 4.8162e-03 | time: 0.047
I 06.07/22:02:08 solver.py:159 ] Epoch: [25/200][220/282] lr: 4.99e-04 | MSE loss: 4.9178e-03 | time: 0.046
I 06.07/22:02:09 solver.py:159 ] Epoch: [25/200][240/282] lr: 4.99e-04 | MSE loss: 5.0320e-03 | time: 0.045
I 06.07/22:02:10 solver.py:159 ] Epoch: [25/200][260/282] lr: 4.99e-04 | MSE loss: 5.1046e-03 | time: 0.044
I 06.07/22:02:10 solver.py:159 ] Epoch: [25/200][280/282] lr: 4.99e-04 | MSE loss: 5.1096e-03 | time: 0.044
I 06.07/22:02:10 solver.py:169 ] => Train  Loss: 5.1294e-03

I 06.07/22:02:11 solver.py:405 ] [20/32] loss: 6.3065e-03 | NMSE: -1.8675e+01 | time: 0.032
I 06.07/22:02:11 solver.py:413 ] => Test NMSE: -1.9509e+01

I 06.07/22:02:11 solver.py:345 ] => LoRA monitor [epoch=25] | trainable=67584/67584 | non_lora_trainable=0 | lora_l2=7.110488e+00 | lora_A_l2=6.395959e+00 | lora_B_l2=3.106565e+00 | component_l2=decoder:7.110488e+00 | lora_abs_max=4.035574e-01 | delta_l2=6.879656e+00 | delta_rel=2.096377e+00 | train_loss=5.129355e-03 | test_loss=5.597927e-03 | nmse=-1.950943e+01
I 06.07/22:02:11 solver.py:224 ] 
=! Best NMSE: -1.9531e+01 (epoch=22)

I 06.07/22:02:12 solver.py:159 ] Epoch: [26/200][20/282] lr: 4.99e-04 | MSE loss: 5.9481e-03 | time: 0.037
I 06.07/22:02:13 solver.py:159 ] Epoch: [26/200][40/282] lr: 4.99e-04 | MSE loss: 5.6924e-03 | time: 0.037
I 06.07/22:02:14 solver.py:159 ] Epoch: [26/200][60/282] lr: 4.99e-04 | MSE loss: 5.1771e-03 | time: 0.037
I 06.07/22:02:14 solver.py:159 ] Epoch: [26/200][80/282] lr: 4.99e-04 | MSE loss: 5.1554e-03 | time: 0.036
I 06.07/22:02:15 solver.py:159 ] Epoch: [26/200][100/282] lr: 4.99e-04 | MSE loss: 5.2568e-03 | time: 0.036
I 06.07/22:02:16 solver.py:159 ] Epoch: [26/200][120/282] lr: 4.99e-04 | MSE loss: 5.0755e-03 | time: 0.036
I 06.07/22:02:16 solver.py:159 ] Epoch: [26/200][140/282] lr: 4.99e-04 | MSE loss: 5.1560e-03 | time: 0.036
I 06.07/22:02:17 solver.py:159 ] Epoch: [26/200][160/282] lr: 4.99e-04 | MSE loss: 4.9881e-03 | time: 0.036
I 06.07/22:02:18 solver.py:159 ] Epoch: [26/200][180/282] lr: 4.99e-04 | MSE loss: 4.8674e-03 | time: 0.036
I 06.07/22:02:18 solver.py:159 ] Epoch: [26/200][200/282] lr: 4.99e-04 | MSE loss: 5.0360e-03 | time: 0.035
I 06.07/22:02:19 solver.py:159 ] Epoch: [26/200][220/282] lr: 4.99e-04 | MSE loss: 5.1122e-03 | time: 0.036
I 06.07/22:02:20 solver.py:159 ] Epoch: [26/200][240/282] lr: 4.99e-04 | MSE loss: 5.2477e-03 | time: 0.036
I 06.07/22:02:21 solver.py:159 ] Epoch: [26/200][260/282] lr: 4.99e-04 | MSE loss: 5.1669e-03 | time: 0.035
I 06.07/22:02:21 solver.py:159 ] Epoch: [26/200][280/282] lr: 4.99e-04 | MSE loss: 5.1027e-03 | time: 0.035
I 06.07/22:02:21 solver.py:169 ] => Train  Loss: 5.1487e-03

I 06.07/22:02:22 solver.py:405 ] [20/32] loss: 6.3691e-03 | NMSE: -1.8653e+01 | time: 0.034
I 06.07/22:02:22 solver.py:413 ] => Test NMSE: -1.9462e+01

I 06.07/22:02:22 solver.py:345 ] => LoRA monitor [epoch=26] | trainable=67584/67584 | non_lora_trainable=0 | lora_l2=7.267013e+00 | lora_A_l2=6.514475e+00 | lora_B_l2=3.220420e+00 | component_l2=decoder:7.267013e+00 | lora_abs_max=4.267956e-01 | delta_l2=7.058436e+00 | delta_rel=2.150854e+00 | train_loss=5.148683e-03 | test_loss=5.660049e-03 | nmse=-1.946150e+01
I 06.07/22:02:22 solver.py:224 ] 
=! Best NMSE: -1.9531e+01 (epoch=22)

I 06.07/22:02:23 solver.py:159 ] Epoch: [27/200][20/282] lr: 4.99e-04 | MSE loss: 4.2166e-03 | time: 0.037
I 06.07/22:02:24 solver.py:159 ] Epoch: [27/200][40/282] lr: 4.99e-04 | MSE loss: 5.2351e-03 | time: 0.034
I 06.07/22:02:24 solver.py:159 ] Epoch: [27/200][60/282] lr: 4.99e-04 | MSE loss: 4.9800e-03 | time: 0.035
I 06.07/22:02:25 solver.py:159 ] Epoch: [27/200][80/282] lr: 4.99e-04 | MSE loss: 4.9727e-03 | time: 0.034
I 06.07/22:02:26 solver.py:159 ] Epoch: [27/200][100/282] lr: 4.99e-04 | MSE loss: 4.7540e-03 | time: 0.034
I 06.07/22:02:27 solver.py:159 ] Epoch: [27/200][120/282] lr: 4.99e-04 | MSE loss: 4.8076e-03 | time: 0.034
I 06.07/22:02:27 solver.py:159 ] Epoch: [27/200][140/282] lr: 4.99e-04 | MSE loss: 4.8578e-03 | time: 0.035
I 06.07/22:02:28 solver.py:159 ] Epoch: [27/200][160/282] lr: 4.99e-04 | MSE loss: 4.9880e-03 | time: 0.035
I 06.07/22:02:29 solver.py:159 ] Epoch: [27/200][180/282] lr: 4.98e-04 | MSE loss: 5.1572e-03 | time: 0.035
I 06.07/22:02:29 solver.py:159 ] Epoch: [27/200][200/282] lr: 4.98e-04 | MSE loss: 5.1805e-03 | time: 0.035
I 06.07/22:02:30 solver.py:159 ] Epoch: [27/200][220/282] lr: 4.98e-04 | MSE loss: 5.1427e-03 | time: 0.035
I 06.07/22:02:31 solver.py:159 ] Epoch: [27/200][240/282] lr: 4.98e-04 | MSE loss: 5.1821e-03 | time: 0.035
I 06.07/22:02:31 solver.py:159 ] Epoch: [27/200][260/282] lr: 4.98e-04 | MSE loss: 5.1051e-03 | time: 0.035
I 06.07/22:02:32 solver.py:159 ] Epoch: [27/200][280/282] lr: 4.98e-04 | MSE loss: 5.0751e-03 | time: 0.035
I 06.07/22:02:32 solver.py:169 ] => Train  Loss: 5.0612e-03

I 06.07/22:02:33 solver.py:405 ] [20/32] loss: 6.1784e-03 | NMSE: -1.8759e+01 | time: 0.032
I 06.07/22:02:33 solver.py:413 ] => Test NMSE: -1.9592e+01

I 06.07/22:02:33 solver.py:345 ] => LoRA monitor [epoch=27] | trainable=67584/67584 | non_lora_trainable=0 | lora_l2=7.438547e+00 | lora_A_l2=6.641414e+00 | lora_B_l2=3.350164e+00 | component_l2=decoder:7.438547e+00 | lora_abs_max=4.473498e-01 | delta_l2=7.245983e+00 | delta_rel=2.208004e+00 | train_loss=5.061197e-03 | test_loss=5.493083e-03 | nmse=-1.959154e+01
I 06.07/22:02:33 solver.py:224 ] 
=! Best NMSE: -1.9592e+01 (epoch=27)

I 06.07/22:02:34 solver.py:159 ] Epoch: [28/200][20/282] lr: 4.98e-04 | MSE loss: 5.4399e-03 | time: 0.035
I 06.07/22:02:35 solver.py:159 ] Epoch: [28/200][40/282] lr: 4.98e-04 | MSE loss: 4.8583e-03 | time: 0.035
I 06.07/22:02:35 solver.py:159 ] Epoch: [28/200][60/282] lr: 4.98e-04 | MSE loss: 5.0748e-03 | time: 0.035
I 06.07/22:02:36 solver.py:159 ] Epoch: [28/200][80/282] lr: 4.98e-04 | MSE loss: 5.0063e-03 | time: 0.035
I 06.07/22:02:37 solver.py:159 ] Epoch: [28/200][100/282] lr: 4.98e-04 | MSE loss: 4.8325e-03 | time: 0.035
I 06.07/22:02:38 solver.py:159 ] Epoch: [28/200][120/282] lr: 4.98e-04 | MSE loss: 4.9581e-03 | time: 0.035
I 06.07/22:02:38 solver.py:159 ] Epoch: [28/200][140/282] lr: 4.98e-04 | MSE loss: 4.8337e-03 | time: 0.035
I 06.07/22:02:39 solver.py:159 ] Epoch: [28/200][160/282] lr: 4.98e-04 | MSE loss: 4.9925e-03 | time: 0.035
I 06.07/22:02:40 solver.py:159 ] Epoch: [28/200][180/282] lr: 4.98e-04 | MSE loss: 4.9752e-03 | time: 0.035
I 06.07/22:02:40 solver.py:159 ] Epoch: [28/200][200/282] lr: 4.98e-04 | MSE loss: 5.0387e-03 | time: 0.035
I 06.07/22:02:41 solver.py:159 ] Epoch: [28/200][220/282] lr: 4.98e-04 | MSE loss: 4.9557e-03 | time: 0.035
I 06.07/22:02:42 solver.py:159 ] Epoch: [28/200][240/282] lr: 4.98e-04 | MSE loss: 4.8589e-03 | time: 0.035
I 06.07/22:02:42 solver.py:159 ] Epoch: [28/200][260/282] lr: 4.98e-04 | MSE loss: 4.9817e-03 | time: 0.035
I 06.07/22:02:43 solver.py:159 ] Epoch: [28/200][280/282] lr: 4.98e-04 | MSE loss: 5.0373e-03 | time: 0.035
I 06.07/22:02:43 solver.py:169 ] => Train  Loss: 5.0572e-03

I 06.07/22:02:44 solver.py:405 ] [20/32] loss: 6.2622e-03 | NMSE: -1.8707e+01 | time: 0.036
I 06.07/22:02:44 solver.py:413 ] => Test NMSE: -1.9521e+01

I 06.07/22:02:44 solver.py:345 ] => LoRA monitor [epoch=28] | trainable=67584/67584 | non_lora_trainable=0 | lora_l2=7.569883e+00 | lora_A_l2=6.737505e+00 | lora_B_l2=3.450964e+00 | component_l2=decoder:7.569883e+00 | lora_abs_max=4.617558e-01 | delta_l2=7.395628e+00 | delta_rel=2.253604e+00 | train_loss=5.057185e-03 | test_loss=5.582615e-03 | nmse=-1.952133e+01
I 06.07/22:02:44 solver.py:224 ] 
=! Best NMSE: -1.9592e+01 (epoch=27)

I 06.07/22:02:45 solver.py:159 ] Epoch: [29/200][20/282] lr: 4.98e-04 | MSE loss: 5.4082e-03 | time: 0.037
I 06.07/22:02:46 solver.py:159 ] Epoch: [29/200][40/282] lr: 4.98e-04 | MSE loss: 5.5640e-03 | time: 0.039
I 06.07/22:02:47 solver.py:159 ] Epoch: [29/200][60/282] lr: 4.98e-04 | MSE loss: 5.2018e-03 | time: 0.038
I 06.07/22:02:47 solver.py:159 ] Epoch: [29/200][80/282] lr: 4.98e-04 | MSE loss: 5.0291e-03 | time: 0.037
I 06.07/22:02:48 solver.py:159 ] Epoch: [29/200][100/282] lr: 4.98e-04 | MSE loss: 4.8270e-03 | time: 0.037
I 06.07/22:02:49 solver.py:159 ] Epoch: [29/200][120/282] lr: 4.98e-04 | MSE loss: 4.8479e-03 | time: 0.036
I 06.07/22:02:49 solver.py:159 ] Epoch: [29/200][140/282] lr: 4.98e-04 | MSE loss: 4.8612e-03 | time: 0.036
I 06.07/22:02:50 solver.py:159 ] Epoch: [29/200][160/282] lr: 4.97e-04 | MSE loss: 4.8542e-03 | time: 0.036
I 06.07/22:02:51 solver.py:159 ] Epoch: [29/200][180/282] lr: 4.97e-04 | MSE loss: 4.9314e-03 | time: 0.036
I 06.07/22:02:51 solver.py:159 ] Epoch: [29/200][200/282] lr: 4.97e-04 | MSE loss: 4.8948e-03 | time: 0.036
I 06.07/22:02:52 solver.py:159 ] Epoch: [29/200][220/282] lr: 4.97e-04 | MSE loss: 5.0393e-03 | time: 0.036
I 06.07/22:02:53 solver.py:159 ] Epoch: [29/200][240/282] lr: 4.97e-04 | MSE loss: 5.1388e-03 | time: 0.036
I 06.07/22:02:54 solver.py:159 ] Epoch: [29/200][260/282] lr: 4.97e-04 | MSE loss: 5.1292e-03 | time: 0.036
I 06.07/22:02:54 solver.py:159 ] Epoch: [29/200][280/282] lr: 4.97e-04 | MSE loss: 5.0815e-03 | time: 0.035
I 06.07/22:02:54 solver.py:169 ] => Train  Loss: 5.0807e-03

I 06.07/22:02:55 solver.py:405 ] [20/32] loss: 6.1608e-03 | NMSE: -1.8796e+01 | time: 0.028
I 06.07/22:02:55 solver.py:413 ] => Test NMSE: -1.9592e+01

I 06.07/22:02:55 solver.py:345 ] => LoRA monitor [epoch=29] | trainable=67584/67584 | non_lora_trainable=0 | lora_l2=7.727507e+00 | lora_A_l2=6.854439e+00 | lora_B_l2=3.568056e+00 | component_l2=decoder:7.727507e+00 | lora_abs_max=4.810423e-01 | delta_l2=7.567738e+00 | delta_rel=2.306049e+00 | train_loss=5.080654e-03 | test_loss=5.492535e-03 | nmse=-1.959197e+01
I 06.07/22:02:55 solver.py:224 ] 
=! Best NMSE: -1.9592e+01 (epoch=29)

I 06.07/22:02:56 solver.py:159 ] Epoch: [30/200][20/282] lr: 4.97e-04 | MSE loss: 5.6201e-03 | time: 0.034
I 06.07/22:02:57 solver.py:159 ] Epoch: [30/200][40/282] lr: 4.97e-04 | MSE loss: 5.0295e-03 | time: 0.036
I 06.07/22:02:57 solver.py:159 ] Epoch: [30/200][60/282] lr: 4.97e-04 | MSE loss: 5.0983e-03 | time: 0.036
I 06.07/22:02:58 solver.py:159 ] Epoch: [30/200][80/282] lr: 4.97e-04 | MSE loss: 5.0260e-03 | time: 0.036
I 06.07/22:02:59 solver.py:159 ] Epoch: [30/200][100/282] lr: 4.97e-04 | MSE loss: 5.0703e-03 | time: 0.035
I 06.07/22:03:00 solver.py:159 ] Epoch: [30/200][120/282] lr: 4.97e-04 | MSE loss: 5.2552e-03 | time: 0.035
I 06.07/22:03:01 solver.py:159 ] Epoch: [30/200][140/282] lr: 4.97e-04 | MSE loss: 5.0644e-03 | time: 0.038
I 06.07/22:03:02 solver.py:159 ] Epoch: [30/200][160/282] lr: 4.97e-04 | MSE loss: 5.0622e-03 | time: 0.043
I 06.07/22:03:04 solver.py:159 ] Epoch: [30/200][180/282] lr: 4.97e-04 | MSE loss: 5.2174e-03 | time: 0.048
I 06.07/22:03:05 solver.py:159 ] Epoch: [30/200][200/282] lr: 4.97e-04 | MSE loss: 5.1040e-03 | time: 0.048
I 06.07/22:03:06 solver.py:159 ] Epoch: [30/200][220/282] lr: 4.97e-04 | MSE loss: 5.0444e-03 | time: 0.046
I 06.07/22:03:06 solver.py:159 ] Epoch: [30/200][240/282] lr: 4.97e-04 | MSE loss: 5.0280e-03 | time: 0.045
I 06.07/22:03:07 solver.py:159 ] Epoch: [30/200][260/282] lr: 4.97e-04 | MSE loss: 5.0197e-03 | time: 0.045
I 06.07/22:03:08 solver.py:159 ] Epoch: [30/200][280/282] lr: 4.97e-04 | MSE loss: 4.9686e-03 | time: 0.044
I 06.07/22:03:08 solver.py:169 ] => Train  Loss: 4.9623e-03

I 06.07/22:03:08 solver.py:159 ] Epoch: [30/200][20/32] lr: 4.97e-04 | MSE loss: 6.2929e-03 | time: 0.034
I 06.07/22:03:09 solver.py:169 ] => Val  Loss: 5.5575e-03

I 06.07/22:03:09 solver.py:405 ] [20/32] loss: 6.2929e-03 | NMSE: -1.8678e+01 | time: 0.033
I 06.07/22:03:10 solver.py:413 ] => Test NMSE: -1.9483e+01

I 06.07/22:03:10 solver.py:345 ] => LoRA monitor [epoch=30] | trainable=67584/67584 | non_lora_trainable=0 | lora_l2=7.883303e+00 | lora_A_l2=6.967160e+00 | lora_B_l2=3.688515e+00 | component_l2=decoder:7.883303e+00 | lora_abs_max=5.000579e-01 | delta_l2=7.733722e+00 | delta_rel=2.356628e+00 | train_loss=4.962292e-03 | val_loss=5.557452e-03 | test_loss=5.631960e-03 | nmse=-1.948310e+01
I 06.07/22:03:10 solver.py:224 ] 
=! Best NMSE: -1.9592e+01 (epoch=29)

I 06.07/22:03:11 solver.py:159 ] Epoch: [31/200][20/282] lr: 4.97e-04 | MSE loss: 5.4409e-03 | time: 0.036
I 06.07/22:03:11 solver.py:159 ] Epoch: [31/200][40/282] lr: 4.96e-04 | MSE loss: 5.4429e-03 | time: 0.035
I 06.07/22:03:12 solver.py:159 ] Epoch: [31/200][60/282] lr: 4.96e-04 | MSE loss: 5.2183e-03 | time: 0.034
I 06.07/22:03:13 solver.py:159 ] Epoch: [31/200][80/282] lr: 4.96e-04 | MSE loss: 5.2336e-03 | time: 0.035
I 06.07/22:03:13 solver.py:159 ] Epoch: [31/200][100/282] lr: 4.96e-04 | MSE loss: 5.1796e-03 | time: 0.035
I 06.07/22:03:14 solver.py:159 ] Epoch: [31/200][120/282] lr: 4.96e-04 | MSE loss: 5.2467e-03 | time: 0.035
I 06.07/22:03:15 solver.py:159 ] Epoch: [31/200][140/282] lr: 4.96e-04 | MSE loss: 5.1995e-03 | time: 0.035
I 06.07/22:03:15 solver.py:159 ] Epoch: [31/200][160/282] lr: 4.96e-04 | MSE loss: 5.0256e-03 | time: 0.036
I 06.07/22:03:16 solver.py:159 ] Epoch: [31/200][180/282] lr: 4.96e-04 | MSE loss: 4.8584e-03 | time: 0.036
I 06.07/22:03:17 solver.py:159 ] Epoch: [31/200][200/282] lr: 4.96e-04 | MSE loss: 4.9478e-03 | time: 0.036
I 06.07/22:03:18 solver.py:159 ] Epoch: [31/200][220/282] lr: 4.96e-04 | MSE loss: 4.9922e-03 | time: 0.036
I 06.07/22:03:18 solver.py:159 ] Epoch: [31/200][240/282] lr: 4.96e-04 | MSE loss: 5.0148e-03 | time: 0.036
I 06.07/22:03:19 solver.py:159 ] Epoch: [31/200][260/282] lr: 4.96e-04 | MSE loss: 5.0614e-03 | time: 0.035
I 06.07/22:03:20 solver.py:159 ] Epoch: [31/200][280/282] lr: 4.96e-04 | MSE loss: 4.9979e-03 | time: 0.035
I 06.07/22:03:20 solver.py:169 ] => Train  Loss: 5.0005e-03

I 06.07/22:03:20 solver.py:405 ] [20/32] loss: 6.1642e-03 | NMSE: -1.8781e+01 | time: 0.029
I 06.07/22:03:21 solver.py:413 ] => Test NMSE: -1.9596e+01

I 06.07/22:03:21 solver.py:345 ] => LoRA monitor [epoch=31] | trainable=67584/67584 | non_lora_trainable=0 | lora_l2=8.022727e+00 | lora_A_l2=7.074008e+00 | lora_B_l2=3.784516e+00 | component_l2=decoder:8.022727e+00 | lora_abs_max=5.253491e-01 | delta_l2=7.886101e+00 | delta_rel=2.403062e+00 | train_loss=5.000476e-03 | test_loss=5.488049e-03 | nmse=-1.959552e+01
I 06.07/22:03:21 solver.py:224 ] 
=! Best NMSE: -1.9596e+01 (epoch=31)

I 06.07/22:03:22 solver.py:159 ] Epoch: [32/200][20/282] lr: 4.96e-04 | MSE loss: 4.5563e-03 | time: 0.037
I 06.07/22:03:22 solver.py:159 ] Epoch: [32/200][40/282] lr: 4.96e-04 | MSE loss: 4.6716e-03 | time: 0.035
I 06.07/22:03:23 solver.py:159 ] Epoch: [32/200][60/282] lr: 4.96e-04 | MSE loss: 4.7286e-03 | time: 0.037
I 06.07/22:03:24 solver.py:159 ] Epoch: [32/200][80/282] lr: 4.96e-04 | MSE loss: 4.7009e-03 | time: 0.037
I 06.07/22:03:24 solver.py:159 ] Epoch: [32/200][100/282] lr: 4.96e-04 | MSE loss: 4.9120e-03 | time: 0.037
I 06.07/22:03:25 solver.py:159 ] Epoch: [32/200][120/282] lr: 4.96e-04 | MSE loss: 5.1655e-03 | time: 0.037
I 06.07/22:03:26 solver.py:159 ] Epoch: [32/200][140/282] lr: 4.95e-04 | MSE loss: 5.2348e-03 | time: 0.036
I 06.07/22:03:27 solver.py:159 ] Epoch: [32/200][160/282] lr: 4.95e-04 | MSE loss: 5.1725e-03 | time: 0.036
I 06.07/22:03:27 solver.py:159 ] Epoch: [32/200][180/282] lr: 4.95e-04 | MSE loss: 5.0887e-03 | time: 0.036
I 06.07/22:03:28 solver.py:159 ] Epoch: [32/200][200/282] lr: 4.95e-04 | MSE loss: 4.9754e-03 | time: 0.035
I 06.07/22:03:29 solver.py:159 ] Epoch: [32/200][220/282] lr: 4.95e-04 | MSE loss: 4.9310e-03 | time: 0.035
I 06.07/22:03:29 solver.py:159 ] Epoch: [32/200][240/282] lr: 4.95e-04 | MSE loss: 4.9830e-03 | time: 0.035
I 06.07/22:03:30 solver.py:159 ] Epoch: [32/200][260/282] lr: 4.95e-04 | MSE loss: 4.9635e-03 | time: 0.035
I 06.07/22:03:31 solver.py:159 ] Epoch: [32/200][280/282] lr: 4.95e-04 | MSE loss: 4.9345e-03 | time: 0.035
I 06.07/22:03:31 solver.py:169 ] => Train  Loss: 4.9377e-03

I 06.07/22:03:31 solver.py:405 ] [20/32] loss: 6.1487e-03 | NMSE: -1.8793e+01 | time: 0.028
I 06.07/22:03:32 solver.py:413 ] => Test NMSE: -1.9580e+01

I 06.07/22:03:32 solver.py:345 ] => LoRA monitor [epoch=32] | trainable=67584/67584 | non_lora_trainable=0 | lora_l2=8.167748e+00 | lora_A_l2=7.183728e+00 | lora_B_l2=3.886665e+00 | component_l2=decoder:8.167748e+00 | lora_abs_max=5.407612e-01 | delta_l2=8.040892e+00 | delta_rel=2.450230e+00 | train_loss=4.937749e-03 | test_loss=5.507583e-03 | nmse=-1.958009e+01
I 06.07/22:03:32 solver.py:224 ] 
=! Best NMSE: -1.9596e+01 (epoch=31)

I 06.07/22:03:32 solver.py:159 ] Epoch: [33/200][20/282] lr: 4.95e-04 | MSE loss: 5.7476e-03 | time: 0.036
I 06.07/22:03:33 solver.py:159 ] Epoch: [33/200][40/282] lr: 4.95e-04 | MSE loss: 5.4920e-03 | time: 0.037
I 06.07/22:03:34 solver.py:159 ] Epoch: [33/200][60/282] lr: 4.95e-04 | MSE loss: 5.2888e-03 | time: 0.035
I 06.07/22:03:34 solver.py:159 ] Epoch: [33/200][80/282] lr: 4.95e-04 | MSE loss: 5.1384e-03 | time: 0.035
I 06.07/22:03:35 solver.py:159 ] Epoch: [33/200][100/282] lr: 4.95e-04 | MSE loss: 5.0244e-03 | time: 0.035
I 06.07/22:03:36 solver.py:159 ] Epoch: [33/200][120/282] lr: 4.95e-04 | MSE loss: 4.8726e-03 | time: 0.035
I 06.07/22:03:37 solver.py:159 ] Epoch: [33/200][140/282] lr: 4.95e-04 | MSE loss: 4.9505e-03 | time: 0.035
I 06.07/22:03:37 solver.py:159 ] Epoch: [33/200][160/282] lr: 4.95e-04 | MSE loss: 4.9307e-03 | time: 0.036
I 06.07/22:03:38 solver.py:159 ] Epoch: [33/200][180/282] lr: 4.95e-04 | MSE loss: 4.9137e-03 | time: 0.036
I 06.07/22:03:39 solver.py:159 ] Epoch: [33/200][200/282] lr: 4.94e-04 | MSE loss: 4.8906e-03 | time: 0.036
I 06.07/22:03:40 solver.py:159 ] Epoch: [33/200][220/282] lr: 4.94e-04 | MSE loss: 4.9176e-03 | time: 0.036
I 06.07/22:03:40 solver.py:159 ] Epoch: [33/200][240/282] lr: 4.94e-04 | MSE loss: 4.9252e-03 | time: 0.036
I 06.07/22:03:41 solver.py:159 ] Epoch: [33/200][260/282] lr: 4.94e-04 | MSE loss: 4.9030e-03 | time: 0.035
I 06.07/22:03:42 solver.py:159 ] Epoch: [33/200][280/282] lr: 4.94e-04 | MSE loss: 4.9354e-03 | time: 0.035
I 06.07/22:03:42 solver.py:169 ] => Train  Loss: 4.9316e-03

I 06.07/22:03:42 solver.py:405 ] [20/32] loss: 6.2391e-03 | NMSE: -1.8694e+01 | time: 0.031
I 06.07/22:03:43 solver.py:413 ] => Test NMSE: -1.9509e+01

I 06.07/22:03:43 solver.py:345 ] => LoRA monitor [epoch=33] | trainable=67584/67584 | non_lora_trainable=0 | lora_l2=8.300406e+00 | lora_A_l2=7.282989e+00 | lora_B_l2=3.981809e+00 | component_l2=decoder:8.300406e+00 | lora_abs_max=5.530397e-01 | delta_l2=8.184208e+00 | delta_rel=2.493901e+00 | train_loss=4.931618e-03 | test_loss=5.598449e-03 | nmse=-1.950902e+01
I 06.07/22:03:43 solver.py:224 ] 
=! Best NMSE: -1.9596e+01 (epoch=31)

I 06.07/22:03:43 solver.py:159 ] Epoch: [34/200][20/282] lr: 4.94e-04 | MSE loss: 5.2674e-03 | time: 0.035
I 06.07/22:03:44 solver.py:159 ] Epoch: [34/200][40/282] lr: 4.94e-04 | MSE loss: 5.2350e-03 | time: 0.035
I 06.07/22:03:45 solver.py:159 ] Epoch: [34/200][60/282] lr: 4.94e-04 | MSE loss: 5.5024e-03 | time: 0.035
I 06.07/22:03:45 solver.py:159 ] Epoch: [34/200][80/282] lr: 4.94e-04 | MSE loss: 5.3042e-03 | time: 0.036
I 06.07/22:03:46 solver.py:159 ] Epoch: [34/200][100/282] lr: 4.94e-04 | MSE loss: 5.3774e-03 | time: 0.036
I 06.07/22:03:47 solver.py:159 ] Epoch: [34/200][120/282] lr: 4.94e-04 | MSE loss: 5.3052e-03 | time: 0.036
I 06.07/22:03:48 solver.py:159 ] Epoch: [34/200][140/282] lr: 4.94e-04 | MSE loss: 5.2327e-03 | time: 0.036
I 06.07/22:03:48 solver.py:159 ] Epoch: [34/200][160/282] lr: 4.94e-04 | MSE loss: 5.0617e-03 | time: 0.035
I 06.07/22:03:49 solver.py:159 ] Epoch: [34/200][180/282] lr: 4.94e-04 | MSE loss: 5.0704e-03 | time: 0.035
I 06.07/22:03:50 solver.py:159 ] Epoch: [34/200][200/282] lr: 4.94e-04 | MSE loss: 5.1166e-03 | time: 0.035
I 06.07/22:03:50 solver.py:159 ] Epoch: [34/200][220/282] lr: 4.94e-04 | MSE loss: 5.0972e-03 | time: 0.035
I 06.07/22:03:51 solver.py:159 ] Epoch: [34/200][240/282] lr: 4.93e-04 | MSE loss: 4.9961e-03 | time: 0.035
I 06.07/22:03:52 solver.py:159 ] Epoch: [34/200][260/282] lr: 4.93e-04 | MSE loss: 4.9368e-03 | time: 0.035
I 06.07/22:03:52 solver.py:159 ] Epoch: [34/200][280/282] lr: 4.93e-04 | MSE loss: 4.9057e-03 | time: 0.035
I 06.07/22:03:52 solver.py:169 ] => Train  Loss: 4.8980e-03

I 06.07/22:03:53 solver.py:405 ] [20/32] loss: 6.2705e-03 | NMSE: -1.8707e+01 | time: 0.028
I 06.07/22:03:53 solver.py:413 ] => Test NMSE: -1.9487e+01

I 06.07/22:03:53 solver.py:345 ] => LoRA monitor [epoch=34] | trainable=67584/67584 | non_lora_trainable=0 | lora_l2=8.446552e+00 | lora_A_l2=7.395610e+00 | lora_B_l2=4.080341e+00 | component_l2=decoder:8.446552e+00 | lora_abs_max=5.709851e-01 | delta_l2=8.339116e+00 | delta_rel=2.541105e+00 | train_loss=4.897971e-03 | test_loss=5.627543e-03 | nmse=-1.948651e+01
I 06.07/22:03:53 solver.py:224 ] 
=! Best NMSE: -1.9596e+01 (epoch=31)

I 06.07/22:03:54 solver.py:159 ] Epoch: [35/200][20/282] lr: 4.93e-04 | MSE loss: 4.4501e-03 | time: 0.034
I 06.07/22:03:55 solver.py:159 ] Epoch: [35/200][40/282] lr: 4.93e-04 | MSE loss: 5.1579e-03 | time: 0.034
I 06.07/22:03:55 solver.py:159 ] Epoch: [35/200][60/282] lr: 4.93e-04 | MSE loss: 5.4254e-03 | time: 0.034
I 06.07/22:03:56 solver.py:159 ] Epoch: [35/200][80/282] lr: 4.93e-04 | MSE loss: 5.2743e-03 | time: 0.034
I 06.07/22:03:57 solver.py:159 ] Epoch: [35/200][100/282] lr: 4.93e-04 | MSE loss: 5.1373e-03 | time: 0.035
I 06.07/22:03:57 solver.py:159 ] Epoch: [35/200][120/282] lr: 4.93e-04 | MSE loss: 5.0070e-03 | time: 0.034
I 06.07/22:03:58 solver.py:159 ] Epoch: [35/200][140/282] lr: 4.93e-04 | MSE loss: 5.2176e-03 | time: 0.035
I 06.07/22:03:59 solver.py:159 ] Epoch: [35/200][160/282] lr: 4.93e-04 | MSE loss: 5.1444e-03 | time: 0.035
I 06.07/22:04:00 solver.py:159 ] Epoch: [35/200][180/282] lr: 4.93e-04 | MSE loss: 4.9460e-03 | time: 0.035
I 06.07/22:04:01 solver.py:159 ] Epoch: [35/200][200/282] lr: 4.93e-04 | MSE loss: 4.9789e-03 | time: 0.036
I 06.07/22:04:02 solver.py:159 ] Epoch: [35/200][220/282] lr: 4.93e-04 | MSE loss: 4.9653e-03 | time: 0.040
I 06.07/22:04:04 solver.py:159 ] Epoch: [35/200][240/282] lr: 4.92e-04 | MSE loss: 4.9157e-03 | time: 0.043
I 06.07/22:04:05 solver.py:159 ] Epoch: [35/200][260/282] lr: 4.92e-04 | MSE loss: 4.9632e-03 | time: 0.043
I 06.07/22:04:05 solver.py:159 ] Epoch: [35/200][280/282] lr: 4.92e-04 | MSE loss: 4.9007e-03 | time: 0.043
I 06.07/22:04:05 solver.py:169 ] => Train  Loss: 4.8946e-03

I 06.07/22:04:06 solver.py:405 ] [20/32] loss: 6.2973e-03 | NMSE: -1.8638e+01 | time: 0.029
I 06.07/22:04:06 solver.py:413 ] => Test NMSE: -1.9462e+01

I 06.07/22:04:06 solver.py:345 ] => LoRA monitor [epoch=35] | trainable=67584/67584 | non_lora_trainable=0 | lora_l2=8.587994e+00 | lora_A_l2=7.498943e+00 | lora_B_l2=4.185628e+00 | component_l2=decoder:8.587994e+00 | lora_abs_max=5.895442e-01 | delta_l2=8.489038e+00 | delta_rel=2.586789e+00 | train_loss=4.894558e-03 | test_loss=5.659622e-03 | nmse=-1.946183e+01
I 06.07/22:04:06 solver.py:224 ] 
=! Best NMSE: -1.9596e+01 (epoch=31)

I 06.07/22:04:07 solver.py:159 ] Epoch: [36/200][20/282] lr: 4.92e-04 | MSE loss: 4.3374e-03 | time: 0.041
I 06.07/22:04:08 solver.py:159 ] Epoch: [36/200][40/282] lr: 4.92e-04 | MSE loss: 4.7629e-03 | time: 0.038
I 06.07/22:04:08 solver.py:159 ] Epoch: [36/200][60/282] lr: 4.92e-04 | MSE loss: 4.8359e-03 | time: 0.036
I 06.07/22:04:09 solver.py:159 ] Epoch: [36/200][80/282] lr: 4.92e-04 | MSE loss: 4.7590e-03 | time: 0.038
I 06.07/22:04:10 solver.py:159 ] Epoch: [36/200][100/282] lr: 4.92e-04 | MSE loss: 4.7401e-03 | time: 0.037
I 06.07/22:04:11 solver.py:159 ] Epoch: [36/200][120/282] lr: 4.92e-04 | MSE loss: 4.6577e-03 | time: 0.036
I 06.07/22:04:11 solver.py:159 ] Epoch: [36/200][140/282] lr: 4.92e-04 | MSE loss: 4.7120e-03 | time: 0.036
I 06.07/22:04:12 solver.py:159 ] Epoch: [36/200][160/282] lr: 4.92e-04 | MSE loss: 4.7013e-03 | time: 0.036
I 06.07/22:04:13 solver.py:159 ] Epoch: [36/200][180/282] lr: 4.92e-04 | MSE loss: 4.7535e-03 | time: 0.036
I 06.07/22:04:13 solver.py:159 ] Epoch: [36/200][200/282] lr: 4.92e-04 | MSE loss: 4.7163e-03 | time: 0.036
I 06.07/22:04:14 solver.py:159 ] Epoch: [36/200][220/282] lr: 4.92e-04 | MSE loss: 4.7708e-03 | time: 0.036
I 06.07/22:04:15 solver.py:159 ] Epoch: [36/200][240/282] lr: 4.91e-04 | MSE loss: 4.9282e-03 | time: 0.036
I 06.07/22:04:16 solver.py:159 ] Epoch: [36/200][260/282] lr: 4.91e-04 | MSE loss: 4.9635e-03 | time: 0.036
I 06.07/22:04:16 solver.py:159 ] Epoch: [36/200][280/282] lr: 4.91e-04 | MSE loss: 4.8778e-03 | time: 0.036
I 06.07/22:04:16 solver.py:169 ] => Train  Loss: 4.8634e-03

I 06.07/22:04:17 solver.py:405 ] [20/32] loss: 6.1453e-03 | NMSE: -1.8764e+01 | time: 0.030
I 06.07/22:04:17 solver.py:413 ] => Test NMSE: -1.9576e+01

I 06.07/22:04:17 solver.py:345 ] => LoRA monitor [epoch=36] | trainable=67584/67584 | non_lora_trainable=0 | lora_l2=8.732752e+00 | lora_A_l2=7.609423e+00 | lora_B_l2=4.284580e+00 | component_l2=decoder:8.732752e+00 | lora_abs_max=6.072895e-01 | delta_l2=8.640642e+00 | delta_rel=2.632986e+00 | train_loss=4.863366e-03 | test_loss=5.513375e-03 | nmse=-1.957552e+01
I 06.07/22:04:17 solver.py:224 ] 
=! Best NMSE: -1.9596e+01 (epoch=31)

I 06.07/22:04:18 solver.py:159 ] Epoch: [37/200][20/282] lr: 4.91e-04 | MSE loss: 4.7961e-03 | time: 0.034
I 06.07/22:04:19 solver.py:159 ] Epoch: [37/200][40/282] lr: 4.91e-04 | MSE loss: 4.4850e-03 | time: 0.035
I 06.07/22:04:19 solver.py:159 ] Epoch: [37/200][60/282] lr: 4.91e-04 | MSE loss: 4.7225e-03 | time: 0.035
I 06.07/22:04:20 solver.py:159 ] Epoch: [37/200][80/282] lr: 4.91e-04 | MSE loss: 5.0485e-03 | time: 0.035
I 06.07/22:04:21 solver.py:159 ] Epoch: [37/200][100/282] lr: 4.91e-04 | MSE loss: 5.0678e-03 | time: 0.035
I 06.07/22:04:21 solver.py:159 ] Epoch: [37/200][120/282] lr: 4.91e-04 | MSE loss: 5.0225e-03 | time: 0.034
I 06.07/22:04:22 solver.py:159 ] Epoch: [37/200][140/282] lr: 4.91e-04 | MSE loss: 4.8241e-03 | time: 0.035
I 06.07/22:04:23 solver.py:159 ] Epoch: [37/200][160/282] lr: 4.91e-04 | MSE loss: 4.6975e-03 | time: 0.035
I 06.07/22:04:24 solver.py:159 ] Epoch: [37/200][180/282] lr: 4.91e-04 | MSE loss: 4.6987e-03 | time: 0.035
I 06.07/22:04:24 solver.py:159 ] Epoch: [37/200][200/282] lr: 4.90e-04 | MSE loss: 4.6884e-03 | time: 0.035
I 06.07/22:04:25 solver.py:159 ] Epoch: [37/200][220/282] lr: 4.90e-04 | MSE loss: 4.8587e-03 | time: 0.034
I 06.07/22:04:26 solver.py:159 ] Epoch: [37/200][240/282] lr: 4.90e-04 | MSE loss: 4.7873e-03 | time: 0.034
I 06.07/22:04:26 solver.py:159 ] Epoch: [37/200][260/282] lr: 4.90e-04 | MSE loss: 4.8355e-03 | time: 0.034
I 06.07/22:04:27 solver.py:159 ] Epoch: [37/200][280/282] lr: 4.90e-04 | MSE loss: 4.8587e-03 | time: 0.034
I 06.07/22:04:27 solver.py:169 ] => Train  Loss: 4.8422e-03

I 06.07/22:04:28 solver.py:405 ] [20/32] loss: 6.1163e-03 | NMSE: -1.8785e+01 | time: 0.032
I 06.07/22:04:28 solver.py:413 ] => Test NMSE: -1.9607e+01

I 06.07/22:04:28 solver.py:345 ] => LoRA monitor [epoch=37] | trainable=67584/67584 | non_lora_trainable=0 | lora_l2=8.864738e+00 | lora_A_l2=7.713234e+00 | lora_B_l2=4.369166e+00 | component_l2=decoder:8.864738e+00 | lora_abs_max=6.262566e-01 | delta_l2=8.780203e+00 | delta_rel=2.675513e+00 | train_loss=4.842167e-03 | test_loss=5.472987e-03 | nmse=-1.960746e+01
I 06.07/22:04:28 solver.py:224 ] 
=! Best NMSE: -1.9607e+01 (epoch=37)

I 06.07/22:04:29 solver.py:159 ] Epoch: [38/200][20/282] lr: 4.90e-04 | MSE loss: 4.9322e-03 | time: 0.034
I 06.07/22:04:30 solver.py:159 ] Epoch: [38/200][40/282] lr: 4.90e-04 | MSE loss: 5.1676e-03 | time: 0.037
I 06.07/22:04:30 solver.py:159 ] Epoch: [38/200][60/282] lr: 4.90e-04 | MSE loss: 5.0441e-03 | time: 0.036
I 06.07/22:04:31 solver.py:159 ] Epoch: [38/200][80/282] lr: 4.90e-04 | MSE loss: 4.9693e-03 | time: 0.036
I 06.07/22:04:32 solver.py:159 ] Epoch: [38/200][100/282] lr: 4.90e-04 | MSE loss: 4.8483e-03 | time: 0.036
I 06.07/22:04:32 solver.py:159 ] Epoch: [38/200][120/282] lr: 4.90e-04 | MSE loss: 4.7931e-03 | time: 0.036
I 06.07/22:04:33 solver.py:159 ] Epoch: [38/200][140/282] lr: 4.90e-04 | MSE loss: 4.7092e-03 | time: 0.035
I 06.07/22:04:34 solver.py:159 ] Epoch: [38/200][160/282] lr: 4.90e-04 | MSE loss: 4.6669e-03 | time: 0.035
I 06.07/22:04:34 solver.py:159 ] Epoch: [38/200][180/282] lr: 4.89e-04 | MSE loss: 4.6784e-03 | time: 0.035
I 06.07/22:04:35 solver.py:159 ] Epoch: [38/200][200/282] lr: 4.89e-04 | MSE loss: 4.6331e-03 | time: 0.035
I 06.07/22:04:36 solver.py:159 ] Epoch: [38/200][220/282] lr: 4.89e-04 | MSE loss: 4.7506e-03 | time: 0.035
I 06.07/22:04:36 solver.py:159 ] Epoch: [38/200][240/282] lr: 4.89e-04 | MSE loss: 4.8095e-03 | time: 0.035
I 06.07/22:04:37 solver.py:159 ] Epoch: [38/200][260/282] lr: 4.89e-04 | MSE loss: 4.7675e-03 | time: 0.035
I 06.07/22:04:38 solver.py:159 ] Epoch: [38/200][280/282] lr: 4.89e-04 | MSE loss: 4.8079e-03 | time: 0.035
I 06.07/22:04:38 solver.py:169 ] => Train  Loss: 4.8053e-03

I 06.07/22:04:38 solver.py:405 ] [20/32] loss: 6.0978e-03 | NMSE: -1.8787e+01 | time: 0.028
I 06.07/22:04:39 solver.py:413 ] => Test NMSE: -1.9607e+01

I 06.07/22:04:39 solver.py:345 ] => LoRA monitor [epoch=38] | trainable=67584/67584 | non_lora_trainable=0 | lora_l2=8.998843e+00 | lora_A_l2=7.816243e+00 | lora_B_l2=4.459319e+00 | component_l2=decoder:8.998843e+00 | lora_abs_max=6.444424e-01 | delta_l2=8.920732e+00 | delta_rel=2.718335e+00 | train_loss=4.805263e-03 | test_loss=5.473203e-03 | nmse=-1.960728e+01
I 06.07/22:04:39 solver.py:224 ] 
=! Best NMSE: -1.9607e+01 (epoch=37)

I 06.07/22:04:39 solver.py:159 ] Epoch: [39/200][20/282] lr: 4.89e-04 | MSE loss: 4.9890e-03 | time: 0.034
I 06.07/22:04:40 solver.py:159 ] Epoch: [39/200][40/282] lr: 4.89e-04 | MSE loss: 4.5463e-03 | time: 0.035
I 06.07/22:04:41 solver.py:159 ] Epoch: [39/200][60/282] lr: 4.89e-04 | MSE loss: 4.4665e-03 | time: 0.035
I 06.07/22:04:42 solver.py:159 ] Epoch: [39/200][80/282] lr: 4.89e-04 | MSE loss: 4.7136e-03 | time: 0.036
I 06.07/22:04:42 solver.py:159 ] Epoch: [39/200][100/282] lr: 4.89e-04 | MSE loss: 4.7287e-03 | time: 0.035
I 06.07/22:04:43 solver.py:159 ] Epoch: [39/200][120/282] lr: 4.88e-04 | MSE loss: 4.6424e-03 | time: 0.035
I 06.07/22:04:44 solver.py:159 ] Epoch: [39/200][140/282] lr: 4.88e-04 | MSE loss: 4.7648e-03 | time: 0.035
I 06.07/22:04:44 solver.py:159 ] Epoch: [39/200][160/282] lr: 4.88e-04 | MSE loss: 4.7204e-03 | time: 0.035
I 06.07/22:04:45 solver.py:159 ] Epoch: [39/200][180/282] lr: 4.88e-04 | MSE loss: 4.7202e-03 | time: 0.035
I 06.07/22:04:46 solver.py:159 ] Epoch: [39/200][200/282] lr: 4.88e-04 | MSE loss: 4.8166e-03 | time: 0.035
I 06.07/22:04:46 solver.py:159 ] Epoch: [39/200][220/282] lr: 4.88e-04 | MSE loss: 4.8489e-03 | time: 0.034
I 06.07/22:04:47 solver.py:159 ] Epoch: [39/200][240/282] lr: 4.88e-04 | MSE loss: 4.8064e-03 | time: 0.034
I 06.07/22:04:48 solver.py:159 ] Epoch: [39/200][260/282] lr: 4.88e-04 | MSE loss: 4.7800e-03 | time: 0.035
I 06.07/22:04:48 solver.py:159 ] Epoch: [39/200][280/282] lr: 4.88e-04 | MSE loss: 4.8224e-03 | time: 0.035
I 06.07/22:04:48 solver.py:169 ] => Train  Loss: 4.8659e-03

I 06.07/22:04:49 solver.py:405 ] [20/32] loss: 6.0811e-03 | NMSE: -1.8783e+01 | time: 0.028
I 06.07/22:04:49 solver.py:413 ] => Test NMSE: -1.9612e+01

I 06.07/22:04:49 solver.py:345 ] => LoRA monitor [epoch=39] | trainable=67584/67584 | non_lora_trainable=0 | lora_l2=9.131653e+00 | lora_A_l2=7.921103e+00 | lora_B_l2=4.543481e+00 | component_l2=decoder:9.131653e+00 | lora_abs_max=6.618210e-01 | delta_l2=9.060462e+00 | delta_rel=2.760914e+00 | train_loss=4.865882e-03 | test_loss=5.467828e-03 | nmse=-1.961155e+01
I 06.07/22:04:50 solver.py:224 ] 
=! Best NMSE: -1.9612e+01 (epoch=39)

I 06.07/22:04:50 solver.py:159 ] Epoch: [40/200][20/282] lr: 4.88e-04 | MSE loss: 4.9553e-03 | time: 0.038
I 06.07/22:04:51 solver.py:159 ] Epoch: [40/200][40/282] lr: 4.88e-04 | MSE loss: 4.8061e-03 | time: 0.036
I 06.07/22:04:52 solver.py:159 ] Epoch: [40/200][60/282] lr: 4.87e-04 | MSE loss: 4.7751e-03 | time: 0.036
I 06.07/22:04:52 solver.py:159 ] Epoch: [40/200][80/282] lr: 4.87e-04 | MSE loss: 4.7770e-03 | time: 0.036
I 06.07/22:04:53 solver.py:159 ] Epoch: [40/200][100/282] lr: 4.87e-04 | MSE loss: 4.6615e-03 | time: 0.036
I 06.07/22:04:54 solver.py:159 ] Epoch: [40/200][120/282] lr: 4.87e-04 | MSE loss: 4.5957e-03 | time: 0.036
I 06.07/22:04:55 solver.py:159 ] Epoch: [40/200][140/282] lr: 4.87e-04 | MSE loss: 4.6865e-03 | time: 0.036
I 06.07/22:04:55 solver.py:159 ] Epoch: [40/200][160/282] lr: 4.87e-04 | MSE loss: 4.6130e-03 | time: 0.036
I 06.07/22:04:56 solver.py:159 ] Epoch: [40/200][180/282] lr: 4.87e-04 | MSE loss: 4.7074e-03 | time: 0.035
I 06.07/22:04:57 solver.py:159 ] Epoch: [40/200][200/282] lr: 4.87e-04 | MSE loss: 4.8200e-03 | time: 0.036
I 06.07/22:04:57 solver.py:159 ] Epoch: [40/200][220/282] lr: 4.87e-04 | MSE loss: 4.8830e-03 | time: 0.035
I 06.07/22:04:58 solver.py:159 ] Epoch: [40/200][240/282] lr: 4.87e-04 | MSE loss: 4.7570e-03 | time: 0.035
I 06.07/22:04:59 solver.py:159 ] Epoch: [40/200][260/282] lr: 4.87e-04 | MSE loss: 4.7311e-03 | time: 0.035
I 06.07/22:04:59 solver.py:159 ] Epoch: [40/200][280/282] lr: 4.86e-04 | MSE loss: 4.8040e-03 | time: 0.035
I 06.07/22:04:59 solver.py:169 ] => Train  Loss: 4.7832e-03

I 06.07/22:05:00 solver.py:159 ] Epoch: [40/200][20/32] lr: 4.86e-04 | MSE loss: 6.1134e-03 | time: 0.036
I 06.07/22:05:01 solver.py:169 ] => Val  Loss: 5.4152e-03

I 06.07/22:05:03 solver.py:405 ] [20/32] loss: 6.1134e-03 | NMSE: -1.8729e+01 | time: 0.086
I 06.07/22:05:03 solver.py:413 ] => Test NMSE: -1.9598e+01

I 06.07/22:05:03 solver.py:345 ] => LoRA monitor [epoch=40] | trainable=67584/67584 | non_lora_trainable=0 | lora_l2=9.269872e+00 | lora_A_l2=8.030695e+00 | lora_B_l2=4.630169e+00 | component_l2=decoder:9.269872e+00 | lora_abs_max=6.823991e-01 | delta_l2=9.203043e+00 | delta_rel=2.804361e+00 | train_loss=4.783171e-03 | val_loss=5.415160e-03 | test_loss=5.484640e-03 | nmse=-1.959822e+01
I 06.07/22:05:03 solver.py:224 ] 
=! Best NMSE: -1.9612e+01 (epoch=39)

I 06.07/22:05:05 solver.py:159 ] Epoch: [41/200][20/282] lr: 4.86e-04 | MSE loss: 4.8541e-03 | time: 0.063
I 06.07/22:05:05 solver.py:159 ] Epoch: [41/200][40/282] lr: 4.86e-04 | MSE loss: 4.6061e-03 | time: 0.048
I 06.07/22:05:06 solver.py:159 ] Epoch: [41/200][60/282] lr: 4.86e-04 | MSE loss: 4.5994e-03 | time: 0.044
I 06.07/22:05:07 solver.py:159 ] Epoch: [41/200][80/282] lr: 4.86e-04 | MSE loss: 4.5895e-03 | time: 0.042
I 06.07/22:05:07 solver.py:159 ] Epoch: [41/200][100/282] lr: 4.86e-04 | MSE loss: 4.5083e-03 | time: 0.040
I 06.07/22:05:08 solver.py:159 ] Epoch: [41/200][120/282] lr: 4.86e-04 | MSE loss: 4.6161e-03 | time: 0.039
I 06.07/22:05:09 solver.py:159 ] Epoch: [41/200][140/282] lr: 4.86e-04 | MSE loss: 4.8698e-03 | time: 0.039
I 06.07/22:05:09 solver.py:159 ] Epoch: [41/200][160/282] lr: 4.86e-04 | MSE loss: 4.8553e-03 | time: 0.038
I 06.07/22:05:10 solver.py:159 ] Epoch: [41/200][180/282] lr: 4.86e-04 | MSE loss: 4.8324e-03 | time: 0.037
I 06.07/22:05:11 solver.py:159 ] Epoch: [41/200][200/282] lr: 4.85e-04 | MSE loss: 4.8712e-03 | time: 0.037
I 06.07/22:05:12 solver.py:159 ] Epoch: [41/200][220/282] lr: 4.85e-04 | MSE loss: 4.7796e-03 | time: 0.037
I 06.07/22:05:12 solver.py:159 ] Epoch: [41/200][240/282] lr: 4.85e-04 | MSE loss: 4.7007e-03 | time: 0.037
I 06.07/22:05:13 solver.py:159 ] Epoch: [41/200][260/282] lr: 4.85e-04 | MSE loss: 4.7010e-03 | time: 0.037
I 06.07/22:05:14 solver.py:159 ] Epoch: [41/200][280/282] lr: 4.85e-04 | MSE loss: 4.7443e-03 | time: 0.036
I 06.07/22:05:14 solver.py:169 ] => Train  Loss: 4.7342e-03

I 06.07/22:05:14 solver.py:405 ] [20/32] loss: 6.1654e-03 | NMSE: -1.8761e+01 | time: 0.032
I 06.07/22:05:15 solver.py:413 ] => Test NMSE: -1.9558e+01

I 06.07/22:05:15 solver.py:345 ] => LoRA monitor [epoch=41] | trainable=67584/67584 | non_lora_trainable=0 | lora_l2=9.391408e+00 | lora_A_l2=8.126432e+00 | lora_B_l2=4.707404e+00 | component_l2=decoder:9.391408e+00 | lora_abs_max=7.000858e-01 | delta_l2=9.328451e+00 | delta_rel=2.842576e+00 | train_loss=4.734181e-03 | test_loss=5.536100e-03 | nmse=-1.955766e+01
I 06.07/22:05:15 solver.py:224 ] 
=! Best NMSE: -1.9612e+01 (epoch=39)

I 06.07/22:05:15 solver.py:159 ] Epoch: [42/200][20/282] lr: 4.85e-04 | MSE loss: 4.7698e-03 | time: 0.037
I 06.07/22:05:16 solver.py:159 ] Epoch: [42/200][40/282] lr: 4.85e-04 | MSE loss: 5.1776e-03 | time: 0.037
I 06.07/22:05:17 solver.py:159 ] Epoch: [42/200][60/282] lr: 4.85e-04 | MSE loss: 4.8396e-03 | time: 0.036
I 06.07/22:05:17 solver.py:159 ] Epoch: [42/200][80/282] lr: 4.85e-04 | MSE loss: 4.7130e-03 | time: 0.035
I 06.07/22:05:18 solver.py:159 ] Epoch: [42/200][100/282] lr: 4.85e-04 | MSE loss: 4.6808e-03 | time: 0.035
I 06.07/22:05:19 solver.py:159 ] Epoch: [42/200][120/282] lr: 4.84e-04 | MSE loss: 4.8052e-03 | time: 0.035
I 06.07/22:05:20 solver.py:159 ] Epoch: [42/200][140/282] lr: 4.84e-04 | MSE loss: 4.8289e-03 | time: 0.035
I 06.07/22:05:20 solver.py:159 ] Epoch: [42/200][160/282] lr: 4.84e-04 | MSE loss: 4.8348e-03 | time: 0.035
I 06.07/22:05:21 solver.py:159 ] Epoch: [42/200][180/282] lr: 4.84e-04 | MSE loss: 4.8665e-03 | time: 0.036
I 06.07/22:05:22 solver.py:159 ] Epoch: [42/200][200/282] lr: 4.84e-04 | MSE loss: 4.8269e-03 | time: 0.036
I 06.07/22:05:22 solver.py:159 ] Epoch: [42/200][220/282] lr: 4.84e-04 | MSE loss: 4.7864e-03 | time: 0.036
I 06.07/22:05:23 solver.py:159 ] Epoch: [42/200][240/282] lr: 4.84e-04 | MSE loss: 4.7739e-03 | time: 0.035
I 06.07/22:05:24 solver.py:159 ] Epoch: [42/200][260/282] lr: 4.84e-04 | MSE loss: 4.8276e-03 | time: 0.035
I 06.07/22:05:25 solver.py:159 ] Epoch: [42/200][280/282] lr: 4.84e-04 | MSE loss: 4.7520e-03 | time: 0.035
I 06.07/22:05:25 solver.py:169 ] => Train  Loss: 4.7649e-03

I 06.07/22:05:25 solver.py:405 ] [20/32] loss: 5.9622e-03 | NMSE: -1.8900e+01 | time: 0.030
I 06.07/22:05:26 solver.py:413 ] => Test NMSE: -1.9714e+01

I 06.07/22:05:26 solver.py:345 ] => LoRA monitor [epoch=42] | trainable=67584/67584 | non_lora_trainable=0 | lora_l2=9.517410e+00 | lora_A_l2=8.228952e+00 | lora_B_l2=4.781782e+00 | component_l2=decoder:9.517410e+00 | lora_abs_max=7.134818e-01 | delta_l2=9.460133e+00 | delta_rel=2.882702e+00 | train_loss=4.764855e-03 | test_loss=5.340779e-03 | nmse=-1.971365e+01
I 06.07/22:05:26 solver.py:224 ] 
=! Best NMSE: -1.9714e+01 (epoch=42)

I 06.07/22:05:26 solver.py:159 ] Epoch: [43/200][20/282] lr: 4.84e-04 | MSE loss: 5.0293e-03 | time: 0.035
I 06.07/22:05:27 solver.py:159 ] Epoch: [43/200][40/282] lr: 4.83e-04 | MSE loss: 5.2105e-03 | time: 0.036
I 06.07/22:05:28 solver.py:159 ] Epoch: [43/200][60/282] lr: 4.83e-04 | MSE loss: 4.8517e-03 | time: 0.036
I 06.07/22:05:29 solver.py:159 ] Epoch: [43/200][80/282] lr: 4.83e-04 | MSE loss: 4.5937e-03 | time: 0.036
I 06.07/22:05:29 solver.py:159 ] Epoch: [43/200][100/282] lr: 4.83e-04 | MSE loss: 4.6273e-03 | time: 0.035
I 06.07/22:05:30 solver.py:159 ] Epoch: [43/200][120/282] lr: 4.83e-04 | MSE loss: 4.6881e-03 | time: 0.035
I 06.07/22:05:31 solver.py:159 ] Epoch: [43/200][140/282] lr: 4.83e-04 | MSE loss: 4.6649e-03 | time: 0.035
I 06.07/22:05:31 solver.py:159 ] Epoch: [43/200][160/282] lr: 4.83e-04 | MSE loss: 4.7059e-03 | time: 0.035
I 06.07/22:05:32 solver.py:159 ] Epoch: [43/200][180/282] lr: 4.83e-04 | MSE loss: 4.6825e-03 | time: 0.035
I 06.07/22:05:33 solver.py:159 ] Epoch: [43/200][200/282] lr: 4.83e-04 | MSE loss: 4.6767e-03 | time: 0.035
I 06.07/22:05:33 solver.py:159 ] Epoch: [43/200][220/282] lr: 4.82e-04 | MSE loss: 4.7784e-03 | time: 0.035
I 06.07/22:05:34 solver.py:159 ] Epoch: [43/200][240/282] lr: 4.82e-04 | MSE loss: 4.7352e-03 | time: 0.035
I 06.07/22:05:35 solver.py:159 ] Epoch: [43/200][260/282] lr: 4.82e-04 | MSE loss: 4.6718e-03 | time: 0.035
I 06.07/22:05:36 solver.py:159 ] Epoch: [43/200][280/282] lr: 4.82e-04 | MSE loss: 4.7086e-03 | time: 0.035
I 06.07/22:05:36 solver.py:169 ] => Train  Loss: 4.7371e-03

I 06.07/22:05:36 solver.py:405 ] [20/32] loss: 5.9747e-03 | NMSE: -1.8883e+01 | time: 0.030
I 06.07/22:05:37 solver.py:413 ] => Test NMSE: -1.9688e+01

I 06.07/22:05:37 solver.py:345 ] => LoRA monitor [epoch=43] | trainable=67584/67584 | non_lora_trainable=0 | lora_l2=9.631581e+00 | lora_A_l2=8.320236e+00 | lora_B_l2=4.851909e+00 | component_l2=decoder:9.631581e+00 | lora_abs_max=7.278922e-01 | delta_l2=9.578557e+00 | delta_rel=2.918789e+00 | train_loss=4.737112e-03 | test_loss=5.372336e-03 | nmse=-1.968807e+01
I 06.07/22:05:37 solver.py:224 ] 
=! Best NMSE: -1.9714e+01 (epoch=42)

I 06.07/22:05:37 solver.py:159 ] Epoch: [44/200][20/282] lr: 4.82e-04 | MSE loss: 3.7858e-03 | time: 0.035
I 06.07/22:05:38 solver.py:159 ] Epoch: [44/200][40/282] lr: 4.82e-04 | MSE loss: 4.6797e-03 | time: 0.034
I 06.07/22:05:39 solver.py:159 ] Epoch: [44/200][60/282] lr: 4.82e-04 | MSE loss: 4.4270e-03 | time: 0.034
I 06.07/22:05:39 solver.py:159 ] Epoch: [44/200][80/282] lr: 4.82e-04 | MSE loss: 4.2712e-03 | time: 0.034
I 06.07/22:05:40 solver.py:159 ] Epoch: [44/200][100/282] lr: 4.82e-04 | MSE loss: 4.4417e-03 | time: 0.034
I 06.07/22:05:41 solver.py:159 ] Epoch: [44/200][120/282] lr: 4.81e-04 | MSE loss: 4.3640e-03 | time: 0.034
I 06.07/22:05:41 solver.py:159 ] Epoch: [44/200][140/282] lr: 4.81e-04 | MSE loss: 4.5263e-03 | time: 0.034
I 06.07/22:05:42 solver.py:159 ] Epoch: [44/200][160/282] lr: 4.81e-04 | MSE loss: 4.5359e-03 | time: 0.034
I 06.07/22:05:43 solver.py:159 ] Epoch: [44/200][180/282] lr: 4.81e-04 | MSE loss: 4.5007e-03 | time: 0.034
I 06.07/22:05:43 solver.py:159 ] Epoch: [44/200][200/282] lr: 4.81e-04 | MSE loss: 4.6115e-03 | time: 0.034
I 06.07/22:05:44 solver.py:159 ] Epoch: [44/200][220/282] lr: 4.81e-04 | MSE loss: 4.6251e-03 | time: 0.034
I 06.07/22:05:45 solver.py:159 ] Epoch: [44/200][240/282] lr: 4.81e-04 | MSE loss: 4.6786e-03 | time: 0.034
I 06.07/22:05:45 solver.py:159 ] Epoch: [44/200][260/282] lr: 4.81e-04 | MSE loss: 4.7619e-03 | time: 0.034
I 06.07/22:05:46 solver.py:159 ] Epoch: [44/200][280/282] lr: 4.81e-04 | MSE loss: 4.7357e-03 | time: 0.034
I 06.07/22:05:46 solver.py:169 ] => Train  Loss: 4.7161e-03

I 06.07/22:05:47 solver.py:405 ] [20/32] loss: 5.9483e-03 | NMSE: -1.8891e+01 | time: 0.033
I 06.07/22:05:47 solver.py:413 ] => Test NMSE: -1.9712e+01

I 06.07/22:05:47 solver.py:345 ] => LoRA monitor [epoch=44] | trainable=67584/67584 | non_lora_trainable=0 | lora_l2=9.748934e+00 | lora_A_l2=8.414220e+00 | lora_B_l2=4.923678e+00 | component_l2=decoder:9.748934e+00 | lora_abs_max=7.437254e-01 | delta_l2=9.700365e+00 | delta_rel=2.955906e+00 | train_loss=4.716133e-03 | test_loss=5.343250e-03 | nmse=-1.971165e+01
I 06.07/22:05:47 solver.py:224 ] 
=! Best NMSE: -1.9714e+01 (epoch=42)

I 06.07/22:05:48 solver.py:159 ] Epoch: [45/200][20/282] lr: 4.80e-04 | MSE loss: 4.2703e-03 | time: 0.035
I 06.07/22:05:49 solver.py:159 ] Epoch: [45/200][40/282] lr: 4.80e-04 | MSE loss: 4.9848e-03 | time: 0.036
I 06.07/22:05:49 solver.py:159 ] Epoch: [45/200][60/282] lr: 4.80e-04 | MSE loss: 5.2531e-03 | time: 0.035
I 06.07/22:05:50 solver.py:159 ] Epoch: [45/200][80/282] lr: 4.80e-04 | MSE loss: 5.0246e-03 | time: 0.035
I 06.07/22:05:51 solver.py:159 ] Epoch: [45/200][100/282] lr: 4.80e-04 | MSE loss: 4.9633e-03 | time: 0.035
I 06.07/22:05:51 solver.py:159 ] Epoch: [45/200][120/282] lr: 4.80e-04 | MSE loss: 4.7398e-03 | time: 0.035
I 06.07/22:05:52 solver.py:159 ] Epoch: [45/200][140/282] lr: 4.80e-04 | MSE loss: 4.6316e-03 | time: 0.034
I 06.07/22:05:53 solver.py:159 ] Epoch: [45/200][160/282] lr: 4.80e-04 | MSE loss: 4.5705e-03 | time: 0.034
I 06.07/22:05:53 solver.py:159 ] Epoch: [45/200][180/282] lr: 4.80e-04 | MSE loss: 4.5943e-03 | time: 0.035
I 06.07/22:05:54 solver.py:159 ] Epoch: [45/200][200/282] lr: 4.79e-04 | MSE loss: 4.6072e-03 | time: 0.035
I 06.07/22:05:55 solver.py:159 ] Epoch: [45/200][220/282] lr: 4.79e-04 | MSE loss: 4.6675e-03 | time: 0.035
I 06.07/22:05:55 solver.py:159 ] Epoch: [45/200][240/282] lr: 4.79e-04 | MSE loss: 4.6211e-03 | time: 0.035
I 06.07/22:05:56 solver.py:159 ] Epoch: [45/200][260/282] lr: 4.79e-04 | MSE loss: 4.7092e-03 | time: 0.034
I 06.07/22:05:57 solver.py:159 ] Epoch: [45/200][280/282] lr: 4.79e-04 | MSE loss: 4.7996e-03 | time: 0.035
I 06.07/22:05:57 solver.py:169 ] => Train  Loss: 4.7767e-03

I 06.07/22:05:57 solver.py:405 ] [20/32] loss: 5.9684e-03 | NMSE: -1.8895e+01 | time: 0.028
I 06.07/22:05:58 solver.py:413 ] => Test NMSE: -1.9686e+01

I 06.07/22:05:58 solver.py:345 ] => LoRA monitor [epoch=45] | trainable=67584/67584 | non_lora_trainable=0 | lora_l2=9.863123e+00 | lora_A_l2=8.507443e+00 | lora_B_l2=4.990451e+00 | component_l2=decoder:9.863123e+00 | lora_abs_max=7.516300e-01 | delta_l2=9.819380e+00 | delta_rel=2.992172e+00 | train_loss=4.776666e-03 | test_loss=5.374357e-03 | nmse=-1.968643e+01
I 06.07/22:05:58 solver.py:224 ] 
=! Best NMSE: -1.9714e+01 (epoch=42)

I 06.07/22:05:58 solver.py:159 ] Epoch: [46/200][20/282] lr: 4.79e-04 | MSE loss: 4.5702e-03 | time: 0.035
I 06.07/22:05:59 solver.py:159 ] Epoch: [46/200][40/282] lr: 4.79e-04 | MSE loss: 4.5896e-03 | time: 0.036
I 06.07/22:06:00 solver.py:159 ] Epoch: [46/200][60/282] lr: 4.79e-04 | MSE loss: 4.3009e-03 | time: 0.036
I 06.07/22:06:01 solver.py:159 ] Epoch: [46/200][80/282] lr: 4.78e-04 | MSE loss: 4.5507e-03 | time: 0.040
I 06.07/22:06:02 solver.py:159 ] Epoch: [46/200][100/282] lr: 4.78e-04 | MSE loss: 4.7315e-03 | time: 0.046
I 06.07/22:06:04 solver.py:159 ] Epoch: [46/200][120/282] lr: 4.78e-04 | MSE loss: 4.7916e-03 | time: 0.051
I 06.07/22:06:05 solver.py:159 ] Epoch: [46/200][140/282] lr: 4.78e-04 | MSE loss: 4.7390e-03 | time: 0.050
I 06.07/22:06:06 solver.py:159 ] Epoch: [46/200][160/282] lr: 4.78e-04 | MSE loss: 4.6449e-03 | time: 0.048
I 06.07/22:06:06 solver.py:159 ] Epoch: [46/200][180/282] lr: 4.78e-04 | MSE loss: 4.6025e-03 | time: 0.047
I 06.07/22:06:07 solver.py:159 ] Epoch: [46/200][200/282] lr: 4.78e-04 | MSE loss: 4.5685e-03 | time: 0.046
I 06.07/22:06:08 solver.py:159 ] Epoch: [46/200][220/282] lr: 4.78e-04 | MSE loss: 4.5466e-03 | time: 0.045
I 06.07/22:06:08 solver.py:159 ] Epoch: [46/200][240/282] lr: 4.77e-04 | MSE loss: 4.5499e-03 | time: 0.044
I 06.07/22:06:09 solver.py:159 ] Epoch: [46/200][260/282] lr: 4.77e-04 | MSE loss: 4.6039e-03 | time: 0.043
I 06.07/22:06:10 solver.py:159 ] Epoch: [46/200][280/282] lr: 4.77e-04 | MSE loss: 4.6927e-03 | time: 0.043
I 06.07/22:06:10 solver.py:169 ] => Train  Loss: 4.7316e-03

I 06.07/22:06:10 solver.py:405 ] [20/32] loss: 6.3165e-03 | NMSE: -1.8635e+01 | time: 0.031
I 06.07/22:06:11 solver.py:413 ] => Test NMSE: -1.9419e+01

I 06.07/22:06:11 solver.py:345 ] => LoRA monitor [epoch=46] | trainable=67584/67584 | non_lora_trainable=0 | lora_l2=9.977710e+00 | lora_A_l2=8.595754e+00 | lora_B_l2=5.066332e+00 | component_l2=decoder:9.977710e+00 | lora_abs_max=7.647577e-01 | delta_l2=9.936326e+00 | delta_rel=3.027808e+00 | train_loss=4.731643e-03 | test_loss=5.715083e-03 | nmse=-1.941948e+01
I 06.07/22:06:11 solver.py:224 ] 
=! Best NMSE: -1.9714e+01 (epoch=42)

I 06.07/22:06:11 solver.py:159 ] Epoch: [47/200][20/282] lr: 4.77e-04 | MSE loss: 4.9218e-03 | time: 0.036
I 06.07/22:06:12 solver.py:159 ] Epoch: [47/200][40/282] lr: 4.77e-04 | MSE loss: 4.3790e-03 | time: 0.036
I 06.07/22:06:13 solver.py:159 ] Epoch: [47/200][60/282] lr: 4.77e-04 | MSE loss: 4.4368e-03 | time: 0.035
I 06.07/22:06:14 solver.py:159 ] Epoch: [47/200][80/282] lr: 4.77e-04 | MSE loss: 4.4143e-03 | time: 0.034
I 06.07/22:06:14 solver.py:159 ] Epoch: [47/200][100/282] lr: 4.77e-04 | MSE loss: 4.5145e-03 | time: 0.034
I 06.07/22:06:15 solver.py:159 ] Epoch: [47/200][120/282] lr: 4.76e-04 | MSE loss: 4.6575e-03 | time: 0.034
I 06.07/22:06:16 solver.py:159 ] Epoch: [47/200][140/282] lr: 4.76e-04 | MSE loss: 4.7679e-03 | time: 0.034
I 06.07/22:06:16 solver.py:159 ] Epoch: [47/200][160/282] lr: 4.76e-04 | MSE loss: 4.8280e-03 | time: 0.035
I 06.07/22:06:17 solver.py:159 ] Epoch: [47/200][180/282] lr: 4.76e-04 | MSE loss: 4.7471e-03 | time: 0.034
I 06.07/22:06:18 solver.py:159 ] Epoch: [47/200][200/282] lr: 4.76e-04 | MSE loss: 4.6851e-03 | time: 0.034
I 06.07/22:06:18 solver.py:159 ] Epoch: [47/200][220/282] lr: 4.76e-04 | MSE loss: 4.6536e-03 | time: 0.034
I 06.07/22:06:19 solver.py:159 ] Epoch: [47/200][240/282] lr: 4.76e-04 | MSE loss: 4.6525e-03 | time: 0.034
I 06.07/22:06:20 solver.py:159 ] Epoch: [47/200][260/282] lr: 4.76e-04 | MSE loss: 4.6934e-03 | time: 0.034
I 06.07/22:06:20 solver.py:159 ] Epoch: [47/200][280/282] lr: 4.75e-04 | MSE loss: 4.6892e-03 | time: 0.034
I 06.07/22:06:20 solver.py:169 ] => Train  Loss: 4.7082e-03

I 06.07/22:06:21 solver.py:405 ] [20/32] loss: 5.9604e-03 | NMSE: -1.8900e+01 | time: 0.029
I 06.07/22:06:21 solver.py:413 ] => Test NMSE: -1.9707e+01

I 06.07/22:06:21 solver.py:345 ] => LoRA monitor [epoch=47] | trainable=67584/67584 | non_lora_trainable=0 | lora_l2=1.009038e+01 | lora_A_l2=8.686744e+00 | lora_B_l2=5.133833e+00 | component_l2=decoder:1.009038e+01 | lora_abs_max=7.763614e-01 | delta_l2=1.005265e+01 | delta_rel=3.063256e+00 | train_loss=4.708247e-03 | test_loss=5.349510e-03 | nmse=-1.970656e+01
I 06.07/22:06:21 solver.py:224 ] 
=! Best NMSE: -1.9714e+01 (epoch=42)

I 06.07/22:06:22 solver.py:159 ] Epoch: [48/200][20/282] lr: 4.75e-04 | MSE loss: 4.3196e-03 | time: 0.036
I 06.07/22:06:23 solver.py:159 ] Epoch: [48/200][40/282] lr: 4.75e-04 | MSE loss: 4.7372e-03 | time: 0.034
I 06.07/22:06:23 solver.py:159 ] Epoch: [48/200][60/282] lr: 4.75e-04 | MSE loss: 4.8755e-03 | time: 0.034
I 06.07/22:06:24 solver.py:159 ] Epoch: [48/200][80/282] lr: 4.75e-04 | MSE loss: 4.8762e-03 | time: 0.034
I 06.07/22:06:25 solver.py:159 ] Epoch: [48/200][100/282] lr: 4.75e-04 | MSE loss: 4.8466e-03 | time: 0.035
I 06.07/22:06:25 solver.py:159 ] Epoch: [48/200][120/282] lr: 4.75e-04 | MSE loss: 4.8539e-03 | time: 0.035
I 06.07/22:06:26 solver.py:159 ] Epoch: [48/200][140/282] lr: 4.75e-04 | MSE loss: 4.8406e-03 | time: 0.035
I 06.07/22:06:27 solver.py:159 ] Epoch: [48/200][160/282] lr: 4.74e-04 | MSE loss: 4.8021e-03 | time: 0.034
I 06.07/22:06:28 solver.py:159 ] Epoch: [48/200][180/282] lr: 4.74e-04 | MSE loss: 4.6924e-03 | time: 0.034
I 06.07/22:06:28 solver.py:159 ] Epoch: [48/200][200/282] lr: 4.74e-04 | MSE loss: 4.6807e-03 | time: 0.034
I 06.07/22:06:29 solver.py:159 ] Epoch: [48/200][220/282] lr: 4.74e-04 | MSE loss: 4.7102e-03 | time: 0.034
I 06.07/22:06:30 solver.py:159 ] Epoch: [48/200][240/282] lr: 4.74e-04 | MSE loss: 4.7678e-03 | time: 0.034
I 06.07/22:06:30 solver.py:159 ] Epoch: [48/200][260/282] lr: 4.74e-04 | MSE loss: 4.6988e-03 | time: 0.035
I 06.07/22:06:31 solver.py:159 ] Epoch: [48/200][280/282] lr: 4.74e-04 | MSE loss: 4.6480e-03 | time: 0.035
I 06.07/22:06:31 solver.py:169 ] => Train  Loss: 4.6436e-03

I 06.07/22:06:32 solver.py:405 ] [20/32] loss: 5.7911e-03 | NMSE: -1.9005e+01 | time: 0.031
I 06.07/22:06:32 solver.py:413 ] => Test NMSE: -1.9829e+01

I 06.07/22:06:32 solver.py:345 ] => LoRA monitor [epoch=48] | trainable=67584/67584 | non_lora_trainable=0 | lora_l2=1.020836e+01 | lora_A_l2=8.783295e+00 | lora_B_l2=5.202333e+00 | component_l2=decoder:1.020836e+01 | lora_abs_max=7.920890e-01 | delta_l2=1.017298e+01 | delta_rel=3.099923e+00 | train_loss=4.643566e-03 | test_loss=5.200730e-03 | nmse=-1.982906e+01
I 06.07/22:06:32 solver.py:224 ] 
=! Best NMSE: -1.9829e+01 (epoch=48)

I 06.07/22:06:33 solver.py:159 ] Epoch: [49/200][20/282] lr: 4.74e-04 | MSE loss: 4.1277e-03 | time: 0.036
I 06.07/22:06:34 solver.py:159 ] Epoch: [49/200][40/282] lr: 4.73e-04 | MSE loss: 4.1391e-03 | time: 0.035
I 06.07/22:06:34 solver.py:159 ] Epoch: [49/200][60/282] lr: 4.73e-04 | MSE loss: 4.4686e-03 | time: 0.036
I 06.07/22:06:35 solver.py:159 ] Epoch: [49/200][80/282] lr: 4.73e-04 | MSE loss: 4.6334e-03 | time: 0.034
I 06.07/22:06:36 solver.py:159 ] Epoch: [49/200][100/282] lr: 4.73e-04 | MSE loss: 4.6529e-03 | time: 0.035
I 06.07/22:06:36 solver.py:159 ] Epoch: [49/200][120/282] lr: 4.73e-04 | MSE loss: 4.7077e-03 | time: 0.035
I 06.07/22:06:37 solver.py:159 ] Epoch: [49/200][140/282] lr: 4.73e-04 | MSE loss: 4.5800e-03 | time: 0.035
I 06.07/22:06:38 solver.py:159 ] Epoch: [49/200][160/282] lr: 4.73e-04 | MSE loss: 4.8438e-03 | time: 0.035
I 06.07/22:06:39 solver.py:159 ] Epoch: [49/200][180/282] lr: 4.72e-04 | MSE loss: 4.8432e-03 | time: 0.035
I 06.07/22:06:39 solver.py:159 ] Epoch: [49/200][200/282] lr: 4.72e-04 | MSE loss: 4.7064e-03 | time: 0.035
I 06.07/22:06:40 solver.py:159 ] Epoch: [49/200][220/282] lr: 4.72e-04 | MSE loss: 4.6453e-03 | time: 0.036
I 06.07/22:06:41 solver.py:159 ] Epoch: [49/200][240/282] lr: 4.72e-04 | MSE loss: 4.6386e-03 | time: 0.036
I 06.07/22:06:42 solver.py:159 ] Epoch: [49/200][260/282] lr: 4.72e-04 | MSE loss: 4.5857e-03 | time: 0.036
I 06.07/22:06:42 solver.py:159 ] Epoch: [49/200][280/282] lr: 4.72e-04 | MSE loss: 4.5895e-03 | time: 0.036
I 06.07/22:06:42 solver.py:169 ] => Train  Loss: 4.6070e-03

I 06.07/22:06:43 solver.py:405 ] [20/32] loss: 5.9594e-03 | NMSE: -1.8872e+01 | time: 0.030
I 06.07/22:06:43 solver.py:413 ] => Test NMSE: -1.9704e+01

I 06.07/22:06:43 solver.py:345 ] => LoRA monitor [epoch=49] | trainable=67584/67584 | non_lora_trainable=0 | lora_l2=1.030203e+01 | lora_A_l2=8.856749e+00 | lora_B_l2=5.262112e+00 | component_l2=decoder:1.030203e+01 | lora_abs_max=8.022875e-01 | delta_l2=1.026862e+01 | delta_rel=3.129065e+00 | train_loss=4.606984e-03 | test_loss=5.352274e-03 | nmse=-1.970432e+01
I 06.07/22:06:43 solver.py:224 ] 
=! Best NMSE: -1.9829e+01 (epoch=48)

I 06.07/22:06:44 solver.py:159 ] Epoch: [50/200][20/282] lr: 4.72e-04 | MSE loss: 4.1354e-03 | time: 0.038
I 06.07/22:06:45 solver.py:159 ] Epoch: [50/200][40/282] lr: 4.72e-04 | MSE loss: 4.5483e-03 | time: 0.036
I 06.07/22:06:45 solver.py:159 ] Epoch: [50/200][60/282] lr: 4.71e-04 | MSE loss: 4.6262e-03 | time: 0.035
I 06.07/22:06:46 solver.py:159 ] Epoch: [50/200][80/282] lr: 4.71e-04 | MSE loss: 4.7486e-03 | time: 0.035
I 06.07/22:06:47 solver.py:159 ] Epoch: [50/200][100/282] lr: 4.71e-04 | MSE loss: 4.9244e-03 | time: 0.035
I 06.07/22:06:47 solver.py:159 ] Epoch: [50/200][120/282] lr: 4.71e-04 | MSE loss: 4.8529e-03 | time: 0.034
I 06.07/22:06:48 solver.py:159 ] Epoch: [50/200][140/282] lr: 4.71e-04 | MSE loss: 4.8375e-03 | time: 0.035
I 06.07/22:06:49 solver.py:159 ] Epoch: [50/200][160/282] lr: 4.71e-04 | MSE loss: 4.7877e-03 | time: 0.035
I 06.07/22:06:50 solver.py:159 ] Epoch: [50/200][180/282] lr: 4.71e-04 | MSE loss: 4.7328e-03 | time: 0.035
I 06.07/22:06:50 solver.py:159 ] Epoch: [50/200][200/282] lr: 4.70e-04 | MSE loss: 4.7348e-03 | time: 0.035
I 06.07/22:06:51 solver.py:159 ] Epoch: [50/200][220/282] lr: 4.70e-04 | MSE loss: 4.8273e-03 | time: 0.035
I 06.07/22:06:52 solver.py:159 ] Epoch: [50/200][240/282] lr: 4.70e-04 | MSE loss: 4.7847e-03 | time: 0.034
I 06.07/22:06:52 solver.py:159 ] Epoch: [50/200][260/282] lr: 4.70e-04 | MSE loss: 4.7947e-03 | time: 0.034
I 06.07/22:06:53 solver.py:159 ] Epoch: [50/200][280/282] lr: 4.70e-04 | MSE loss: 4.7442e-03 | time: 0.034
I 06.07/22:06:53 solver.py:169 ] => Train  Loss: 4.7189e-03

I 06.07/22:06:54 solver.py:159 ] Epoch: [50/200][20/32] lr: 4.70e-04 | MSE loss: 5.9261e-03 | time: 0.030
I 06.07/22:06:54 solver.py:169 ] => Val  Loss: 5.2496e-03

I 06.07/22:06:54 solver.py:405 ] [20/32] loss: 5.9261e-03 | NMSE: -1.8871e+01 | time: 0.032
I 06.07/22:06:55 solver.py:413 ] => Test NMSE: -1.9728e+01

I 06.07/22:06:55 solver.py:345 ] => LoRA monitor [epoch=50] | trainable=67584/67584 | non_lora_trainable=0 | lora_l2=1.042419e+01 | lora_A_l2=8.958934e+00 | lora_B_l2=5.329274e+00 | component_l2=decoder:1.042419e+01 | lora_abs_max=8.133409e-01 | delta_l2=1.039463e+01 | delta_rel=3.167463e+00 | train_loss=4.718906e-03 | val_loss=5.249648e-03 | test_loss=5.323712e-03 | nmse=-1.972756e+01
I 06.07/22:06:55 solver.py:224 ] 
=! Best NMSE: -1.9829e+01 (epoch=48)

I 06.07/22:06:56 solver.py:159 ] Epoch: [51/200][20/282] lr: 4.70e-04 | MSE loss: 4.4838e-03 | time: 0.035
I 06.07/22:06:56 solver.py:159 ] Epoch: [51/200][40/282] lr: 4.70e-04 | MSE loss: 4.4862e-03 | time: 0.035
I 06.07/22:06:57 solver.py:159 ] Epoch: [51/200][60/282] lr: 4.69e-04 | MSE loss: 4.7364e-03 | time: 0.035
I 06.07/22:06:58 solver.py:159 ] Epoch: [51/200][80/282] lr: 4.69e-04 | MSE loss: 4.5028e-03 | time: 0.036
I 06.07/22:06:58 solver.py:159 ] Epoch: [51/200][100/282] lr: 4.69e-04 | MSE loss: 4.4307e-03 | time: 0.035
I 06.07/22:06:59 solver.py:159 ] Epoch: [51/200][120/282] lr: 4.69e-04 | MSE loss: 4.4081e-03 | time: 0.036
I 06.07/22:07:00 solver.py:159 ] Epoch: [51/200][140/282] lr: 4.69e-04 | MSE loss: 4.4031e-03 | time: 0.036
I 06.07/22:07:01 solver.py:159 ] Epoch: [51/200][160/282] lr: 4.69e-04 | MSE loss: 4.5234e-03 | time: 0.039
I 06.07/22:07:03 solver.py:159 ] Epoch: [51/200][180/282] lr: 4.69e-04 | MSE loss: 4.5518e-03 | time: 0.045
I 06.07/22:07:04 solver.py:159 ] Epoch: [51/200][200/282] lr: 4.68e-04 | MSE loss: 4.6397e-03 | time: 0.048
I 06.07/22:07:05 solver.py:159 ] Epoch: [51/200][220/282] lr: 4.68e-04 | MSE loss: 4.7145e-03 | time: 0.046
I 06.07/22:07:06 solver.py:159 ] Epoch: [51/200][240/282] lr: 4.68e-04 | MSE loss: 4.6495e-03 | time: 0.045
I 06.07/22:07:06 solver.py:159 ] Epoch: [51/200][260/282] lr: 4.68e-04 | MSE loss: 4.6768e-03 | time: 0.044
I 06.07/22:07:07 solver.py:159 ] Epoch: [51/200][280/282] lr: 4.68e-04 | MSE loss: 4.6220e-03 | time: 0.044
I 06.07/22:07:07 solver.py:169 ] => Train  Loss: 4.6093e-03

I 06.07/22:07:08 solver.py:405 ] [20/32] loss: 5.9569e-03 | NMSE: -1.8874e+01 | time: 0.030
I 06.07/22:07:08 solver.py:413 ] => Test NMSE: -1.9715e+01

I 06.07/22:07:08 solver.py:345 ] => LoRA monitor [epoch=51] | trainable=67584/67584 | non_lora_trainable=0 | lora_l2=1.052523e+01 | lora_A_l2=9.037905e+00 | lora_B_l2=5.394137e+00 | component_l2=decoder:1.052523e+01 | lora_abs_max=8.238207e-01 | delta_l2=1.049769e+01 | delta_rel=3.198868e+00 | train_loss=4.609323e-03 | test_loss=5.338524e-03 | nmse=-1.971549e+01
I 06.07/22:07:08 solver.py:224 ] 
=! Best NMSE: -1.9829e+01 (epoch=48)

I 06.07/22:07:09 solver.py:159 ] Epoch: [52/200][20/282] lr: 4.68e-04 | MSE loss: 4.9342e-03 | time: 0.035
I 06.07/22:07:10 solver.py:159 ] Epoch: [52/200][40/282] lr: 4.68e-04 | MSE loss: 4.4881e-03 | time: 0.035
I 06.07/22:07:10 solver.py:159 ] Epoch: [52/200][60/282] lr: 4.67e-04 | MSE loss: 4.4600e-03 | time: 0.035
I 06.07/22:07:11 solver.py:159 ] Epoch: [52/200][80/282] lr: 4.67e-04 | MSE loss: 4.6187e-03 | time: 0.035
I 06.07/22:07:12 solver.py:159 ] Epoch: [52/200][100/282] lr: 4.67e-04 | MSE loss: 4.5656e-03 | time: 0.035
I 06.07/22:07:12 solver.py:159 ] Epoch: [52/200][120/282] lr: 4.67e-04 | MSE loss: 4.5621e-03 | time: 0.035
I 06.07/22:07:13 solver.py:159 ] Epoch: [52/200][140/282] lr: 4.67e-04 | MSE loss: 4.6559e-03 | time: 0.035
I 06.07/22:07:14 solver.py:159 ] Epoch: [52/200][160/282] lr: 4.67e-04 | MSE loss: 4.6258e-03 | time: 0.035
I 06.07/22:07:14 solver.py:159 ] Epoch: [52/200][180/282] lr: 4.67e-04 | MSE loss: 4.6697e-03 | time: 0.034
I 06.07/22:07:15 solver.py:159 ] Epoch: [52/200][200/282] lr: 4.66e-04 | MSE loss: 4.6533e-03 | time: 0.034
I 06.07/22:07:16 solver.py:159 ] Epoch: [52/200][220/282] lr: 4.66e-04 | MSE loss: 4.6287e-03 | time: 0.034
I 06.07/22:07:16 solver.py:159 ] Epoch: [52/200][240/282] lr: 4.66e-04 | MSE loss: 4.6714e-03 | time: 0.034
I 06.07/22:07:17 solver.py:159 ] Epoch: [52/200][260/282] lr: 4.66e-04 | MSE loss: 4.6761e-03 | time: 0.034
I 06.07/22:07:18 solver.py:159 ] Epoch: [52/200][280/282] lr: 4.66e-04 | MSE loss: 4.6179e-03 | time: 0.034
I 06.07/22:07:18 solver.py:169 ] => Train  Loss: 4.6505e-03

I 06.07/22:07:18 solver.py:405 ] [20/32] loss: 5.9370e-03 | NMSE: -1.8890e+01 | time: 0.030
I 06.07/22:07:19 solver.py:413 ] => Test NMSE: -1.9722e+01

I 06.07/22:07:19 solver.py:345 ] => LoRA monitor [epoch=52] | trainable=67584/67584 | non_lora_trainable=0 | lora_l2=1.062133e+01 | lora_A_l2=9.118523e+00 | lora_B_l2=5.446580e+00 | component_l2=decoder:1.062133e+01 | lora_abs_max=8.333011e-01 | delta_l2=1.059643e+01 | delta_rel=3.228956e+00 | train_loss=4.650480e-03 | test_loss=5.330863e-03 | nmse=-1.972173e+01
I 06.07/22:07:19 solver.py:224 ] 
=! Best NMSE: -1.9829e+01 (epoch=48)

I 06.07/22:07:19 solver.py:159 ] Epoch: [53/200][20/282] lr: 4.66e-04 | MSE loss: 4.3014e-03 | time: 0.036
I 06.07/22:07:20 solver.py:159 ] Epoch: [53/200][40/282] lr: 4.66e-04 | MSE loss: 4.0109e-03 | time: 0.037
I 06.07/22:07:21 solver.py:159 ] Epoch: [53/200][60/282] lr: 4.65e-04 | MSE loss: 4.5298e-03 | time: 0.037
I 06.07/22:07:22 solver.py:159 ] Epoch: [53/200][80/282] lr: 4.65e-04 | MSE loss: 4.3813e-03 | time: 0.036
I 06.07/22:07:22 solver.py:159 ] Epoch: [53/200][100/282] lr: 4.65e-04 | MSE loss: 4.3886e-03 | time: 0.036
I 06.07/22:07:23 solver.py:159 ] Epoch: [53/200][120/282] lr: 4.65e-04 | MSE loss: 4.4242e-03 | time: 0.036
I 06.07/22:07:24 solver.py:159 ] Epoch: [53/200][140/282] lr: 4.65e-04 | MSE loss: 4.6944e-03 | time: 0.035
I 06.07/22:07:24 solver.py:159 ] Epoch: [53/200][160/282] lr: 4.65e-04 | MSE loss: 4.6217e-03 | time: 0.035
I 06.07/22:07:25 solver.py:159 ] Epoch: [53/200][180/282] lr: 4.64e-04 | MSE loss: 4.5399e-03 | time: 0.035
I 06.07/22:07:26 solver.py:159 ] Epoch: [53/200][200/282] lr: 4.64e-04 | MSE loss: 4.5823e-03 | time: 0.036
I 06.07/22:07:27 solver.py:159 ] Epoch: [53/200][220/282] lr: 4.64e-04 | MSE loss: 4.5423e-03 | time: 0.036
I 06.07/22:07:27 solver.py:159 ] Epoch: [53/200][240/282] lr: 4.64e-04 | MSE loss: 4.5101e-03 | time: 0.036
I 06.07/22:07:28 solver.py:159 ] Epoch: [53/200][260/282] lr: 4.64e-04 | MSE loss: 4.5804e-03 | time: 0.036
I 06.07/22:07:29 solver.py:159 ] Epoch: [53/200][280/282] lr: 4.64e-04 | MSE loss: 4.5904e-03 | time: 0.036
I 06.07/22:07:29 solver.py:169 ] => Train  Loss: 4.5800e-03

I 06.07/22:07:29 solver.py:405 ] [20/32] loss: 6.1240e-03 | NMSE: -1.8748e+01 | time: 0.034
I 06.07/22:07:30 solver.py:413 ] => Test NMSE: -1.9566e+01

I 06.07/22:07:30 solver.py:345 ] => LoRA monitor [epoch=53] | trainable=67584/67584 | non_lora_trainable=0 | lora_l2=1.073581e+01 | lora_A_l2=9.206545e+00 | lora_B_l2=5.522425e+00 | component_l2=decoder:1.073581e+01 | lora_abs_max=8.449671e-01 | delta_l2=1.071241e+01 | delta_rel=3.264297e+00 | train_loss=4.580020e-03 | test_loss=5.525380e-03 | nmse=-1.956608e+01
I 06.07/22:07:30 solver.py:224 ] 
=! Best NMSE: -1.9829e+01 (epoch=48)

I 06.07/22:07:31 solver.py:159 ] Epoch: [54/200][20/282] lr: 4.64e-04 | MSE loss: 4.1584e-03 | time: 0.036
I 06.07/22:07:31 solver.py:159 ] Epoch: [54/200][40/282] lr: 4.63e-04 | MSE loss: 4.6804e-03 | time: 0.035
I 06.07/22:07:32 solver.py:159 ] Epoch: [54/200][60/282] lr: 4.63e-04 | MSE loss: 5.2147e-03 | time: 0.033
I 06.07/22:07:33 solver.py:159 ] Epoch: [54/200][80/282] lr: 4.63e-04 | MSE loss: 5.1187e-03 | time: 0.034
I 06.07/22:07:33 solver.py:159 ] Epoch: [54/200][100/282] lr: 4.63e-04 | MSE loss: 4.9391e-03 | time: 0.034
I 06.07/22:07:34 solver.py:159 ] Epoch: [54/200][120/282] lr: 4.63e-04 | MSE loss: 4.9012e-03 | time: 0.034
I 06.07/22:07:35 solver.py:159 ] Epoch: [54/200][140/282] lr: 4.63e-04 | MSE loss: 4.7963e-03 | time: 0.034
I 06.07/22:07:35 solver.py:159 ] Epoch: [54/200][160/282] lr: 4.62e-04 | MSE loss: 4.7079e-03 | time: 0.034
I 06.07/22:07:36 solver.py:159 ] Epoch: [54/200][180/282] lr: 4.62e-04 | MSE loss: 4.6269e-03 | time: 0.034
I 06.07/22:07:37 solver.py:159 ] Epoch: [54/200][200/282] lr: 4.62e-04 | MSE loss: 4.5841e-03 | time: 0.034
I 06.07/22:07:37 solver.py:159 ] Epoch: [54/200][220/282] lr: 4.62e-04 | MSE loss: 4.6521e-03 | time: 0.034
I 06.07/22:07:38 solver.py:159 ] Epoch: [54/200][240/282] lr: 4.62e-04 | MSE loss: 4.6261e-03 | time: 0.034
I 06.07/22:07:39 solver.py:159 ] Epoch: [54/200][260/282] lr: 4.62e-04 | MSE loss: 4.6996e-03 | time: 0.035
I 06.07/22:07:40 solver.py:159 ] Epoch: [54/200][280/282] lr: 4.62e-04 | MSE loss: 4.6488e-03 | time: 0.035
I 06.07/22:07:40 solver.py:169 ] => Train  Loss: 4.6289e-03

I 06.07/22:07:41 solver.py:405 ] [20/32] loss: 5.7546e-03 | NMSE: -1.9008e+01 | time: 0.045
I 06.07/22:07:41 solver.py:413 ] => Test NMSE: -1.9847e+01

I 06.07/22:07:41 solver.py:345 ] => LoRA monitor [epoch=54] | trainable=67584/67584 | non_lora_trainable=0 | lora_l2=1.083449e+01 | lora_A_l2=9.290049e+00 | lora_B_l2=5.575045e+00 | component_l2=decoder:1.083449e+01 | lora_abs_max=8.559667e-01 | delta_l2=1.081362e+01 | delta_rel=3.295137e+00 | train_loss=4.628925e-03 | test_loss=5.178885e-03 | nmse=-1.984734e+01
I 06.07/22:07:41 solver.py:224 ] 
=! Best NMSE: -1.9847e+01 (epoch=54)

I 06.07/22:07:42 solver.py:159 ] Epoch: [55/200][20/282] lr: 4.61e-04 | MSE loss: 4.3850e-03 | time: 0.043
I 06.07/22:07:43 solver.py:159 ] Epoch: [55/200][40/282] lr: 4.61e-04 | MSE loss: 4.3040e-03 | time: 0.038
I 06.07/22:07:44 solver.py:159 ] Epoch: [55/200][60/282] lr: 4.61e-04 | MSE loss: 4.8164e-03 | time: 0.036
I 06.07/22:07:44 solver.py:159 ] Epoch: [55/200][80/282] lr: 4.61e-04 | MSE loss: 4.5089e-03 | time: 0.037
I 06.07/22:07:45 solver.py:159 ] Epoch: [55/200][100/282] lr: 4.61e-04 | MSE loss: 4.3592e-03 | time: 0.038
I 06.07/22:07:46 solver.py:159 ] Epoch: [55/200][120/282] lr: 4.61e-04 | MSE loss: 4.4927e-03 | time: 0.039
I 06.07/22:07:47 solver.py:159 ] Epoch: [55/200][140/282] lr: 4.60e-04 | MSE loss: 4.5565e-03 | time: 0.039
I 06.07/22:07:48 solver.py:159 ] Epoch: [55/200][160/282] lr: 4.60e-04 | MSE loss: 4.4385e-03 | time: 0.039
I 06.07/22:07:48 solver.py:159 ] Epoch: [55/200][180/282] lr: 4.60e-04 | MSE loss: 4.4287e-03 | time: 0.039
I 06.07/22:07:49 solver.py:159 ] Epoch: [55/200][200/282] lr: 4.60e-04 | MSE loss: 4.5243e-03 | time: 0.039
I 06.07/22:07:50 solver.py:159 ] Epoch: [55/200][220/282] lr: 4.60e-04 | MSE loss: 4.6558e-03 | time: 0.039
I 06.07/22:07:51 solver.py:159 ] Epoch: [55/200][240/282] lr: 4.60e-04 | MSE loss: 4.6089e-03 | time: 0.039
I 06.07/22:07:52 solver.py:159 ] Epoch: [55/200][260/282] lr: 4.59e-04 | MSE loss: 4.5947e-03 | time: 0.040
I 06.07/22:07:53 solver.py:159 ] Epoch: [55/200][280/282] lr: 4.59e-04 | MSE loss: 4.5588e-03 | time: 0.040
I 06.07/22:07:53 solver.py:169 ] => Train  Loss: 4.5828e-03

I 06.07/22:07:53 solver.py:405 ] [20/32] loss: 5.7715e-03 | NMSE: -1.9015e+01 | time: 0.036
I 06.07/22:07:54 solver.py:413 ] => Test NMSE: -1.9828e+01

I 06.07/22:07:54 solver.py:345 ] => LoRA monitor [epoch=55] | trainable=67584/67584 | non_lora_trainable=0 | lora_l2=1.092705e+01 | lora_A_l2=9.364876e+00 | lora_B_l2=5.630234e+00 | component_l2=decoder:1.092705e+01 | lora_abs_max=8.650882e-01 | delta_l2=1.090839e+01 | delta_rel=3.324016e+00 | train_loss=4.582773e-03 | test_loss=5.202227e-03 | nmse=-1.982781e+01
I 06.07/22:07:54 solver.py:224 ] 
=! Best NMSE: -1.9847e+01 (epoch=54)

I 06.07/22:07:55 solver.py:159 ] Epoch: [56/200][20/282] lr: 4.59e-04 | MSE loss: 4.5673e-03 | time: 0.044
I 06.07/22:07:55 solver.py:159 ] Epoch: [56/200][40/282] lr: 4.59e-04 | MSE loss: 4.1421e-03 | time: 0.044
I 06.07/22:07:56 solver.py:159 ] Epoch: [56/200][60/282] lr: 4.59e-04 | MSE loss: 4.2798e-03 | time: 0.044
I 06.07/22:07:57 solver.py:159 ] Epoch: [56/200][80/282] lr: 4.59e-04 | MSE loss: 4.3003e-03 | time: 0.044
I 06.07/22:07:58 solver.py:159 ] Epoch: [56/200][100/282] lr: 4.59e-04 | MSE loss: 4.3693e-03 | time: 0.043
I 06.07/22:07:59 solver.py:159 ] Epoch: [56/200][120/282] lr: 4.58e-04 | MSE loss: 4.2966e-03 | time: 0.043
I 06.07/22:08:00 solver.py:159 ] Epoch: [56/200][140/282] lr: 4.58e-04 | MSE loss: 4.3506e-03 | time: 0.042
I 06.07/22:08:01 solver.py:159 ] Epoch: [56/200][160/282] lr: 4.58e-04 | MSE loss: 4.2843e-03 | time: 0.044
I 06.07/22:08:02 solver.py:159 ] Epoch: [56/200][180/282] lr: 4.58e-04 | MSE loss: 4.3670e-03 | time: 0.048
I 06.07/22:08:04 solver.py:159 ] Epoch: [56/200][200/282] lr: 4.58e-04 | MSE loss: 4.4063e-03 | time: 0.052
I 06.07/22:08:05 solver.py:159 ] Epoch: [56/200][220/282] lr: 4.58e-04 | MSE loss: 4.4996e-03 | time: 0.052
I 06.07/22:08:06 solver.py:159 ] Epoch: [56/200][240/282] lr: 4.57e-04 | MSE loss: 4.5994e-03 | time: 0.051
I 06.07/22:08:07 solver.py:159 ] Epoch: [56/200][260/282] lr: 4.57e-04 | MSE loss: 4.6730e-03 | time: 0.050
I 06.07/22:08:07 solver.py:159 ] Epoch: [56/200][280/282] lr: 4.57e-04 | MSE loss: 4.6180e-03 | time: 0.049
I 06.07/22:08:08 solver.py:169 ] => Train  Loss: 4.6002e-03

I 06.07/22:08:08 solver.py:405 ] [20/32] loss: 5.7629e-03 | NMSE: -1.9018e+01 | time: 0.037
I 06.07/22:08:09 solver.py:413 ] => Test NMSE: -1.9853e+01

I 06.07/22:08:09 solver.py:345 ] => LoRA monitor [epoch=56] | trainable=67584/67584 | non_lora_trainable=0 | lora_l2=1.102164e+01 | lora_A_l2=9.444658e+00 | lora_B_l2=5.681104e+00 | component_l2=decoder:1.102164e+01 | lora_abs_max=8.728639e-01 | delta_l2=1.100530e+01 | delta_rel=3.353547e+00 | train_loss=4.600180e-03 | test_loss=5.172151e-03 | nmse=-1.985299e+01
I 06.07/22:08:09 solver.py:224 ] 
=! Best NMSE: -1.9853e+01 (epoch=56)

I 06.07/22:08:10 solver.py:159 ] Epoch: [57/200][20/282] lr: 4.57e-04 | MSE loss: 5.5804e-03 | time: 0.041
I 06.07/22:08:10 solver.py:159 ] Epoch: [57/200][40/282] lr: 4.57e-04 | MSE loss: 5.4109e-03 | time: 0.042
I 06.07/22:08:11 solver.py:159 ] Epoch: [57/200][60/282] lr: 4.57e-04 | MSE loss: 5.1010e-03 | time: 0.042
I 06.07/22:08:12 solver.py:159 ] Epoch: [57/200][80/282] lr: 4.56e-04 | MSE loss: 5.1622e-03 | time: 0.041
I 06.07/22:08:13 solver.py:159 ] Epoch: [57/200][100/282] lr: 4.56e-04 | MSE loss: 4.9525e-03 | time: 0.041
I 06.07/22:08:14 solver.py:159 ] Epoch: [57/200][120/282] lr: 4.56e-04 | MSE loss: 4.9425e-03 | time: 0.041
I 06.07/22:08:14 solver.py:159 ] Epoch: [57/200][140/282] lr: 4.56e-04 | MSE loss: 4.8269e-03 | time: 0.040
I 06.07/22:08:15 solver.py:159 ] Epoch: [57/200][160/282] lr: 4.56e-04 | MSE loss: 4.8373e-03 | time: 0.040
I 06.07/22:08:16 solver.py:159 ] Epoch: [57/200][180/282] lr: 4.56e-04 | MSE loss: 4.8327e-03 | time: 0.040
I 06.07/22:08:17 solver.py:159 ] Epoch: [57/200][200/282] lr: 4.55e-04 | MSE loss: 4.7186e-03 | time: 0.041
I 06.07/22:08:18 solver.py:159 ] Epoch: [57/200][220/282] lr: 4.55e-04 | MSE loss: 4.6850e-03 | time: 0.041
I 06.07/22:08:19 solver.py:159 ] Epoch: [57/200][240/282] lr: 4.55e-04 | MSE loss: 4.6571e-03 | time: 0.041
I 06.07/22:08:19 solver.py:159 ] Epoch: [57/200][260/282] lr: 4.55e-04 | MSE loss: 4.6192e-03 | time: 0.041
I 06.07/22:08:20 solver.py:159 ] Epoch: [57/200][280/282] lr: 4.55e-04 | MSE loss: 4.6274e-03 | time: 0.041
I 06.07/22:08:20 solver.py:169 ] => Train  Loss: 4.6061e-03

I 06.07/22:08:21 solver.py:405 ] [20/32] loss: 5.8221e-03 | NMSE: -1.8968e+01 | time: 0.035
I 06.07/22:08:21 solver.py:413 ] => Test NMSE: -1.9798e+01

I 06.07/22:08:21 solver.py:345 ] => LoRA monitor [epoch=57] | trainable=67584/67584 | non_lora_trainable=0 | lora_l2=1.112838e+01 | lora_A_l2=9.533426e+00 | lora_B_l2=5.740621e+00 | component_l2=decoder:1.112838e+01 | lora_abs_max=8.820047e-01 | delta_l2=1.111348e+01 | delta_rel=3.386512e+00 | train_loss=4.606100e-03 | test_loss=5.237652e-03 | nmse=-1.979833e+01
I 06.07/22:08:21 solver.py:224 ] 
=! Best NMSE: -1.9853e+01 (epoch=56)

I 06.07/22:08:22 solver.py:159 ] Epoch: [58/200][20/282] lr: 4.55e-04 | MSE loss: 3.4831e-03 | time: 0.043
I 06.07/22:08:23 solver.py:159 ] Epoch: [58/200][40/282] lr: 4.54e-04 | MSE loss: 4.2959e-03 | time: 0.040
I 06.07/22:08:24 solver.py:159 ] Epoch: [58/200][60/282] lr: 4.54e-04 | MSE loss: 4.7326e-03 | time: 0.040
I 06.07/22:08:25 solver.py:159 ] Epoch: [58/200][80/282] lr: 4.54e-04 | MSE loss: 4.6698e-03 | time: 0.040
I 06.07/22:08:25 solver.py:159 ] Epoch: [58/200][100/282] lr: 4.54e-04 | MSE loss: 4.6693e-03 | time: 0.040
I 06.07/22:08:26 solver.py:159 ] Epoch: [58/200][120/282] lr: 4.54e-04 | MSE loss: 4.6634e-03 | time: 0.040
I 06.07/22:08:27 solver.py:159 ] Epoch: [58/200][140/282] lr: 4.54e-04 | MSE loss: 4.6708e-03 | time: 0.041
I 06.07/22:08:28 solver.py:159 ] Epoch: [58/200][160/282] lr: 4.53e-04 | MSE loss: 4.5566e-03 | time: 0.041
I 06.07/22:08:29 solver.py:159 ] Epoch: [58/200][180/282] lr: 4.53e-04 | MSE loss: 4.5674e-03 | time: 0.041
I 06.07/22:08:30 solver.py:159 ] Epoch: [58/200][200/282] lr: 4.53e-04 | MSE loss: 4.4851e-03 | time: 0.041
I 06.07/22:08:30 solver.py:159 ] Epoch: [58/200][220/282] lr: 4.53e-04 | MSE loss: 4.5412e-03 | time: 0.041
I 06.07/22:08:31 solver.py:159 ] Epoch: [58/200][240/282] lr: 4.53e-04 | MSE loss: 4.5211e-03 | time: 0.041
I 06.07/22:08:32 solver.py:159 ] Epoch: [58/200][260/282] lr: 4.52e-04 | MSE loss: 4.5702e-03 | time: 0.041
I 06.07/22:08:33 solver.py:159 ] Epoch: [58/200][280/282] lr: 4.52e-04 | MSE loss: 4.5699e-03 | time: 0.041
I 06.07/22:08:33 solver.py:169 ] => Train  Loss: 4.5465e-03

I 06.07/22:08:34 solver.py:405 ] [20/32] loss: 5.7020e-03 | NMSE: -1.9070e+01 | time: 0.037
I 06.07/22:08:34 solver.py:413 ] => Test NMSE: -1.9890e+01

I 06.07/22:08:34 solver.py:345 ] => LoRA monitor [epoch=58] | trainable=67584/67584 | non_lora_trainable=0 | lora_l2=1.122299e+01 | lora_A_l2=9.611508e+00 | lora_B_l2=5.794342e+00 | component_l2=decoder:1.122299e+01 | lora_abs_max=8.914112e-01 | delta_l2=1.120950e+01 | delta_rel=3.415771e+00 | train_loss=4.546490e-03 | test_loss=5.128639e-03 | nmse=-1.988968e+01
I 06.07/22:08:34 solver.py:224 ] 
=! Best NMSE: -1.9890e+01 (epoch=58)

I 06.07/22:08:35 solver.py:159 ] Epoch: [59/200][20/282] lr: 4.52e-04 | MSE loss: 3.8633e-03 | time: 0.042
I 06.07/22:08:36 solver.py:159 ] Epoch: [59/200][40/282] lr: 4.52e-04 | MSE loss: 4.2950e-03 | time: 0.042
I 06.07/22:08:37 solver.py:159 ] Epoch: [59/200][60/282] lr: 4.52e-04 | MSE loss: 4.5848e-03 | time: 0.042
I 06.07/22:08:38 solver.py:159 ] Epoch: [59/200][80/282] lr: 4.52e-04 | MSE loss: 4.4161e-03 | time: 0.041
I 06.07/22:08:39 solver.py:159 ] Epoch: [59/200][100/282] lr: 4.51e-04 | MSE loss: 4.4723e-03 | time: 0.042
I 06.07/22:08:39 solver.py:159 ] Epoch: [59/200][120/282] lr: 4.51e-04 | MSE loss: 4.5014e-03 | time: 0.041
I 06.07/22:08:40 solver.py:159 ] Epoch: [59/200][140/282] lr: 4.51e-04 | MSE loss: 4.3908e-03 | time: 0.041
I 06.07/22:08:41 solver.py:159 ] Epoch: [59/200][160/282] lr: 4.51e-04 | MSE loss: 4.4884e-03 | time: 0.041
I 06.07/22:08:42 solver.py:159 ] Epoch: [59/200][180/282] lr: 4.51e-04 | MSE loss: 4.5573e-03 | time: 0.041
I 06.07/22:08:43 solver.py:159 ] Epoch: [59/200][200/282] lr: 4.51e-04 | MSE loss: 4.5722e-03 | time: 0.041
I 06.07/22:08:43 solver.py:159 ] Epoch: [59/200][220/282] lr: 4.50e-04 | MSE loss: 4.6083e-03 | time: 0.041
I 06.07/22:08:44 solver.py:159 ] Epoch: [59/200][240/282] lr: 4.50e-04 | MSE loss: 4.5601e-03 | time: 0.041
I 06.07/22:08:45 solver.py:159 ] Epoch: [59/200][260/282] lr: 4.50e-04 | MSE loss: 4.5227e-03 | time: 0.042
I 06.07/22:08:46 solver.py:159 ] Epoch: [59/200][280/282] lr: 4.50e-04 | MSE loss: 4.5116e-03 | time: 0.041
I 06.07/22:08:46 solver.py:169 ] => Train  Loss: 4.5271e-03

I 06.07/22:08:47 solver.py:405 ] [20/32] loss: 5.8659e-03 | NMSE: -1.8969e+01 | time: 0.040
I 06.07/22:08:47 solver.py:413 ] => Test NMSE: -1.9753e+01

I 06.07/22:08:47 solver.py:345 ] => LoRA monitor [epoch=59] | trainable=67584/67584 | non_lora_trainable=0 | lora_l2=1.131335e+01 | lora_A_l2=9.684870e+00 | lora_B_l2=5.847659e+00 | component_l2=decoder:1.131335e+01 | lora_abs_max=9.031779e-01 | delta_l2=1.130123e+01 | delta_rel=3.443723e+00 | train_loss=4.527107e-03 | test_loss=5.292080e-03 | nmse=-1.975344e+01
I 06.07/22:08:47 solver.py:224 ] 
=! Best NMSE: -1.9890e+01 (epoch=58)

I 06.07/22:08:48 solver.py:159 ] Epoch: [60/200][20/282] lr: 4.50e-04 | MSE loss: 4.4215e-03 | time: 0.044
I 06.07/22:08:49 solver.py:159 ] Epoch: [60/200][40/282] lr: 4.50e-04 | MSE loss: 4.2737e-03 | time: 0.044
I 06.07/22:08:50 solver.py:159 ] Epoch: [60/200][60/282] lr: 4.49e-04 | MSE loss: 4.7575e-03 | time: 0.044
I 06.07/22:08:51 solver.py:159 ] Epoch: [60/200][80/282] lr: 4.49e-04 | MSE loss: 4.6257e-03 | time: 0.043
I 06.07/22:08:51 solver.py:159 ] Epoch: [60/200][100/282] lr: 4.49e-04 | MSE loss: 4.5063e-03 | time: 0.042
I 06.07/22:08:52 solver.py:159 ] Epoch: [60/200][120/282] lr: 4.49e-04 | MSE loss: 4.4387e-03 | time: 0.042
I 06.07/22:08:53 solver.py:159 ] Epoch: [60/200][140/282] lr: 4.49e-04 | MSE loss: 4.4679e-03 | time: 0.042
I 06.07/22:08:54 solver.py:159 ] Epoch: [60/200][160/282] lr: 4.48e-04 | MSE loss: 4.5888e-03 | time: 0.042
I 06.07/22:08:55 solver.py:159 ] Epoch: [60/200][180/282] lr: 4.48e-04 | MSE loss: 4.6533e-03 | time: 0.042
I 06.07/22:08:56 solver.py:159 ] Epoch: [60/200][200/282] lr: 4.48e-04 | MSE loss: 4.6262e-03 | time: 0.042
I 06.07/22:08:56 solver.py:159 ] Epoch: [60/200][220/282] lr: 4.48e-04 | MSE loss: 4.5931e-03 | time: 0.042
I 06.07/22:08:57 solver.py:159 ] Epoch: [60/200][240/282] lr: 4.48e-04 | MSE loss: 4.5470e-03 | time: 0.042
I 06.07/22:08:58 solver.py:159 ] Epoch: [60/200][260/282] lr: 4.48e-04 | MSE loss: 4.5766e-03 | time: 0.042
I 06.07/22:08:59 solver.py:159 ] Epoch: [60/200][280/282] lr: 4.47e-04 | MSE loss: 4.5427e-03 | time: 0.042
I 06.07/22:08:59 solver.py:169 ] => Train  Loss: 4.5508e-03

I 06.07/22:09:00 solver.py:159 ] Epoch: [60/200][20/32] lr: 4.47e-04 | MSE loss: 6.5071e-03 | time: 0.038
I 06.07/22:09:00 solver.py:169 ] => Val  Loss: 5.8011e-03

I 06.07/22:09:02 solver.py:405 ] [20/32] loss: 6.5071e-03 | NMSE: -1.8569e+01 | time: 0.086
I 06.07/22:09:03 solver.py:413 ] => Test NMSE: -1.9294e+01

I 06.07/22:09:03 solver.py:345 ] => LoRA monitor [epoch=60] | trainable=67584/67584 | non_lora_trainable=0 | lora_l2=1.140122e+01 | lora_A_l2=9.757554e+00 | lora_B_l2=5.897293e+00 | component_l2=decoder:1.140122e+01 | lora_abs_max=9.101567e-01 | delta_l2=1.139085e+01 | delta_rel=3.471031e+00 | train_loss=4.550782e-03 | val_loss=5.801069e-03 | test_loss=5.882941e-03 | nmse=-1.929375e+01
I 06.07/22:09:03 solver.py:224 ] 
=! Best NMSE: -1.9890e+01 (epoch=58)

I 06.07/22:09:05 solver.py:159 ] Epoch: [61/200][20/282] lr: 4.47e-04 | MSE loss: 4.5437e-03 | time: 0.080
I 06.07/22:09:06 solver.py:159 ] Epoch: [61/200][40/282] lr: 4.47e-04 | MSE loss: 4.2813e-03 | time: 0.060
I 06.07/22:09:07 solver.py:159 ] Epoch: [61/200][60/282] lr: 4.47e-04 | MSE loss: 4.4108e-03 | time: 0.055
I 06.07/22:09:07 solver.py:159 ] Epoch: [61/200][80/282] lr: 4.47e-04 | MSE loss: 4.3460e-03 | time: 0.051
I 06.07/22:09:08 solver.py:159 ] Epoch: [61/200][100/282] lr: 4.46e-04 | MSE loss: 4.5005e-03 | time: 0.050
I 06.07/22:09:09 solver.py:159 ] Epoch: [61/200][120/282] lr: 4.46e-04 | MSE loss: 4.5469e-03 | time: 0.048
I 06.07/22:09:10 solver.py:159 ] Epoch: [61/200][140/282] lr: 4.46e-04 | MSE loss: 4.4172e-03 | time: 0.046
I 06.07/22:09:10 solver.py:159 ] Epoch: [61/200][160/282] lr: 4.46e-04 | MSE loss: 4.3416e-03 | time: 0.045
I 06.07/22:09:11 solver.py:159 ] Epoch: [61/200][180/282] lr: 4.46e-04 | MSE loss: 4.4172e-03 | time: 0.045
I 06.07/22:09:12 solver.py:159 ] Epoch: [61/200][200/282] lr: 4.46e-04 | MSE loss: 4.4258e-03 | time: 0.044
I 06.07/22:09:13 solver.py:159 ] Epoch: [61/200][220/282] lr: 4.45e-04 | MSE loss: 4.5020e-03 | time: 0.044
I 06.07/22:09:14 solver.py:159 ] Epoch: [61/200][240/282] lr: 4.45e-04 | MSE loss: 4.6322e-03 | time: 0.044
I 06.07/22:09:15 solver.py:159 ] Epoch: [61/200][260/282] lr: 4.45e-04 | MSE loss: 4.5888e-03 | time: 0.044
I 06.07/22:09:15 solver.py:159 ] Epoch: [61/200][280/282] lr: 4.45e-04 | MSE loss: 4.5989e-03 | time: 0.043
I 06.07/22:09:15 solver.py:169 ] => Train  Loss: 4.6158e-03

I 06.07/22:09:16 solver.py:405 ] [20/32] loss: 5.7996e-03 | NMSE: -1.9019e+01 | time: 0.038
I 06.07/22:09:17 solver.py:413 ] => Test NMSE: -1.9817e+01

I 06.07/22:09:17 solver.py:345 ] => LoRA monitor [epoch=61] | trainable=67584/67584 | non_lora_trainable=0 | lora_l2=1.149680e+01 | lora_A_l2=9.839394e+00 | lora_B_l2=5.946659e+00 | component_l2=decoder:1.149680e+01 | lora_abs_max=9.191926e-01 | delta_l2=1.148824e+01 | delta_rel=3.500711e+00 | train_loss=4.615840e-03 | test_loss=5.214785e-03 | nmse=-1.981734e+01
I 06.07/22:09:17 solver.py:224 ] 
=! Best NMSE: -1.9890e+01 (epoch=58)

I 06.07/22:09:18 solver.py:159 ] Epoch: [62/200][20/282] lr: 4.45e-04 | MSE loss: 4.5769e-03 | time: 0.045
I 06.07/22:09:18 solver.py:159 ] Epoch: [62/200][40/282] lr: 4.44e-04 | MSE loss: 4.8066e-03 | time: 0.043
I 06.07/22:09:19 solver.py:159 ] Epoch: [62/200][60/282] lr: 4.44e-04 | MSE loss: 4.8185e-03 | time: 0.042
I 06.07/22:09:20 solver.py:159 ] Epoch: [62/200][80/282] lr: 4.44e-04 | MSE loss: 4.7294e-03 | time: 0.042
I 06.07/22:09:21 solver.py:159 ] Epoch: [62/200][100/282] lr: 4.44e-04 | MSE loss: 4.5323e-03 | time: 0.043
I 06.07/22:09:22 solver.py:159 ] Epoch: [62/200][120/282] lr: 4.44e-04 | MSE loss: 4.3951e-03 | time: 0.043
I 06.07/22:09:23 solver.py:159 ] Epoch: [62/200][140/282] lr: 4.44e-04 | MSE loss: 4.3369e-03 | time: 0.043
I 06.07/22:09:23 solver.py:159 ] Epoch: [62/200][160/282] lr: 4.43e-04 | MSE loss: 4.3852e-03 | time: 0.042
I 06.07/22:09:24 solver.py:159 ] Epoch: [62/200][180/282] lr: 4.43e-04 | MSE loss: 4.4586e-03 | time: 0.042
I 06.07/22:09:25 solver.py:159 ] Epoch: [62/200][200/282] lr: 4.43e-04 | MSE loss: 4.4571e-03 | time: 0.042
I 06.07/22:09:26 solver.py:159 ] Epoch: [62/200][220/282] lr: 4.43e-04 | MSE loss: 4.4521e-03 | time: 0.041
I 06.07/22:09:26 solver.py:159 ] Epoch: [62/200][240/282] lr: 4.43e-04 | MSE loss: 4.5085e-03 | time: 0.041
I 06.07/22:09:27 solver.py:159 ] Epoch: [62/200][260/282] lr: 4.42e-04 | MSE loss: 4.5817e-03 | time: 0.041
I 06.07/22:09:28 solver.py:159 ] Epoch: [62/200][280/282] lr: 4.42e-04 | MSE loss: 4.5783e-03 | time: 0.041
I 06.07/22:09:28 solver.py:169 ] => Train  Loss: 4.5661e-03

I 06.07/22:09:29 solver.py:405 ] [20/32] loss: 5.7575e-03 | NMSE: -1.9009e+01 | time: 0.036
I 06.07/22:09:29 solver.py:413 ] => Test NMSE: -1.9837e+01

I 06.07/22:09:29 solver.py:345 ] => LoRA monitor [epoch=62] | trainable=67584/67584 | non_lora_trainable=0 | lora_l2=1.158683e+01 | lora_A_l2=9.915212e+00 | lora_B_l2=5.995270e+00 | component_l2=decoder:1.158683e+01 | lora_abs_max=9.280311e-01 | delta_l2=1.158021e+01 | delta_rel=3.528736e+00 | train_loss=4.566129e-03 | test_loss=5.191590e-03 | nmse=-1.983670e+01
I 06.07/22:09:29 solver.py:224 ] 
=! Best NMSE: -1.9890e+01 (epoch=58)

I 06.07/22:09:30 solver.py:159 ] Epoch: [63/200][20/282] lr: 4.42e-04 | MSE loss: 4.1754e-03 | time: 0.043
I 06.07/22:09:31 solver.py:159 ] Epoch: [63/200][40/282] lr: 4.42e-04 | MSE loss: 4.7355e-03 | time: 0.038
I 06.07/22:09:32 solver.py:159 ] Epoch: [63/200][60/282] lr: 4.42e-04 | MSE loss: 4.7941e-03 | time: 0.039
I 06.07/22:09:33 solver.py:159 ] Epoch: [63/200][80/282] lr: 4.41e-04 | MSE loss: 4.5220e-03 | time: 0.039
I 06.07/22:09:33 solver.py:159 ] Epoch: [63/200][100/282] lr: 4.41e-04 | MSE loss: 4.6026e-03 | time: 0.039
I 06.07/22:09:34 solver.py:159 ] Epoch: [63/200][120/282] lr: 4.41e-04 | MSE loss: 4.6116e-03 | time: 0.040
I 06.07/22:09:35 solver.py:159 ] Epoch: [63/200][140/282] lr: 4.41e-04 | MSE loss: 4.5824e-03 | time: 0.040
I 06.07/22:09:36 solver.py:159 ] Epoch: [63/200][160/282] lr: 4.41e-04 | MSE loss: 4.5871e-03 | time: 0.040
I 06.07/22:09:37 solver.py:159 ] Epoch: [63/200][180/282] lr: 4.41e-04 | MSE loss: 4.5195e-03 | time: 0.041
I 06.07/22:09:37 solver.py:159 ] Epoch: [63/200][200/282] lr: 4.40e-04 | MSE loss: 4.4619e-03 | time: 0.041
I 06.07/22:09:38 solver.py:159 ] Epoch: [63/200][220/282] lr: 4.40e-04 | MSE loss: 4.4202e-03 | time: 0.041
I 06.07/22:09:39 solver.py:159 ] Epoch: [63/200][240/282] lr: 4.40e-04 | MSE loss: 4.5668e-03 | time: 0.041
I 06.07/22:09:40 solver.py:159 ] Epoch: [63/200][260/282] lr: 4.40e-04 | MSE loss: 4.5779e-03 | time: 0.041
I 06.07/22:09:41 solver.py:159 ] Epoch: [63/200][280/282] lr: 4.40e-04 | MSE loss: 4.5530e-03 | time: 0.041
I 06.07/22:09:41 solver.py:169 ] => Train  Loss: 4.5307e-03

I 06.07/22:09:42 solver.py:405 ] [20/32] loss: 5.7265e-03 | NMSE: -1.9029e+01 | time: 0.036
I 06.07/22:09:42 solver.py:413 ] => Test NMSE: -1.9871e+01

I 06.07/22:09:42 solver.py:345 ] => LoRA monitor [epoch=63] | trainable=67584/67584 | non_lora_trainable=0 | lora_l2=1.168378e+01 | lora_A_l2=9.996005e+00 | lora_B_l2=6.049008e+00 | component_l2=decoder:1.168378e+01 | lora_abs_max=9.354823e-01 | delta_l2=1.167826e+01 | delta_rel=3.558611e+00 | train_loss=4.530720e-03 | test_loss=5.150816e-03 | nmse=-1.987094e+01
I 06.07/22:09:42 solver.py:224 ] 
=! Best NMSE: -1.9890e+01 (epoch=58)

I 06.07/22:09:43 solver.py:159 ] Epoch: [64/200][20/282] lr: 4.39e-04 | MSE loss: 4.2722e-03 | time: 0.045
I 06.07/22:09:44 solver.py:159 ] Epoch: [64/200][40/282] lr: 4.39e-04 | MSE loss: 4.2107e-03 | time: 0.044
I 06.07/22:09:45 solver.py:159 ] Epoch: [64/200][60/282] lr: 4.39e-04 | MSE loss: 4.3182e-03 | time: 0.043
I 06.07/22:09:46 solver.py:159 ] Epoch: [64/200][80/282] lr: 4.39e-04 | MSE loss: 4.4979e-03 | time: 0.043
I 06.07/22:09:46 solver.py:159 ] Epoch: [64/200][100/282] lr: 4.39e-04 | MSE loss: 4.5303e-03 | time: 0.043
I 06.07/22:09:47 solver.py:159 ] Epoch: [64/200][120/282] lr: 4.38e-04 | MSE loss: 4.4192e-03 | time: 0.043
I 06.07/22:09:48 solver.py:159 ] Epoch: [64/200][140/282] lr: 4.38e-04 | MSE loss: 4.5086e-03 | time: 0.043
I 06.07/22:09:49 solver.py:159 ] Epoch: [64/200][160/282] lr: 4.38e-04 | MSE loss: 4.4633e-03 | time: 0.043
I 06.07/22:09:50 solver.py:159 ] Epoch: [64/200][180/282] lr: 4.38e-04 | MSE loss: 4.6090e-03 | time: 0.043
I 06.07/22:09:51 solver.py:159 ] Epoch: [64/200][200/282] lr: 4.38e-04 | MSE loss: 4.6332e-03 | time: 0.043
I 06.07/22:09:51 solver.py:159 ] Epoch: [64/200][220/282] lr: 4.37e-04 | MSE loss: 4.6728e-03 | time: 0.042
I 06.07/22:09:52 solver.py:159 ] Epoch: [64/200][240/282] lr: 4.37e-04 | MSE loss: 4.5996e-03 | time: 0.042
I 06.07/22:09:53 solver.py:159 ] Epoch: [64/200][260/282] lr: 4.37e-04 | MSE loss: 4.4923e-03 | time: 0.042
I 06.07/22:09:54 solver.py:159 ] Epoch: [64/200][280/282] lr: 4.37e-04 | MSE loss: 4.5505e-03 | time: 0.042
I 06.07/22:09:54 solver.py:169 ] => Train  Loss: 4.5401e-03

I 06.07/22:09:55 solver.py:405 ] [20/32] loss: 5.7548e-03 | NMSE: -1.9030e+01 | time: 0.038
I 06.07/22:09:55 solver.py:413 ] => Test NMSE: -1.9845e+01

I 06.07/22:09:55 solver.py:345 ] => LoRA monitor [epoch=64] | trainable=67584/67584 | non_lora_trainable=0 | lora_l2=1.176559e+01 | lora_A_l2=1.006543e+01 | lora_B_l2=6.092299e+00 | component_l2=decoder:1.176559e+01 | lora_abs_max=9.439663e-01 | delta_l2=1.176095e+01 | delta_rel=3.583810e+00 | train_loss=4.540124e-03 | test_loss=5.181092e-03 | nmse=-1.984549e+01
I 06.07/22:09:55 solver.py:224 ] 
=! Best NMSE: -1.9890e+01 (epoch=58)

I 06.07/22:09:56 solver.py:159 ] Epoch: [65/200][20/282] lr: 4.37e-04 | MSE loss: 4.4382e-03 | time: 0.044
I 06.07/22:09:57 solver.py:159 ] Epoch: [65/200][40/282] lr: 4.36e-04 | MSE loss: 4.8440e-03 | time: 0.044
I 06.07/22:09:58 solver.py:159 ] Epoch: [65/200][60/282] lr: 4.36e-04 | MSE loss: 4.9688e-03 | time: 0.043
I 06.07/22:09:58 solver.py:159 ] Epoch: [65/200][80/282] lr: 4.36e-04 | MSE loss: 4.9984e-03 | time: 0.042
I 06.07/22:09:59 solver.py:159 ] Epoch: [65/200][100/282] lr: 4.36e-04 | MSE loss: 4.8747e-03 | time: 0.042
I 06.07/22:10:00 solver.py:159 ] Epoch: [65/200][120/282] lr: 4.36e-04 | MSE loss: 4.7951e-03 | time: 0.042
I 06.07/22:10:02 solver.py:159 ] Epoch: [65/200][140/282] lr: 4.35e-04 | MSE loss: 4.7560e-03 | time: 0.048
I 06.07/22:10:04 solver.py:159 ] Epoch: [65/200][160/282] lr: 4.35e-04 | MSE loss: 4.6170e-03 | time: 0.054
I 06.07/22:10:05 solver.py:159 ] Epoch: [65/200][180/282] lr: 4.35e-04 | MSE loss: 4.6480e-03 | time: 0.055
I 06.07/22:10:06 solver.py:159 ] Epoch: [65/200][200/282] lr: 4.35e-04 | MSE loss: 4.6808e-03 | time: 0.054
I 06.07/22:10:07 solver.py:159 ] Epoch: [65/200][220/282] lr: 4.35e-04 | MSE loss: 4.6359e-03 | time: 0.052
I 06.07/22:10:07 solver.py:159 ] Epoch: [65/200][240/282] lr: 4.35e-04 | MSE loss: 4.6045e-03 | time: 0.051
I 06.07/22:10:08 solver.py:159 ] Epoch: [65/200][260/282] lr: 4.34e-04 | MSE loss: 4.5962e-03 | time: 0.050
I 06.07/22:10:09 solver.py:159 ] Epoch: [65/200][280/282] lr: 4.34e-04 | MSE loss: 4.5815e-03 | time: 0.050
I 06.07/22:10:09 solver.py:169 ] => Train  Loss: 4.5728e-03

I 06.07/22:10:10 solver.py:405 ] [20/32] loss: 5.8175e-03 | NMSE: -1.8998e+01 | time: 0.032
I 06.07/22:10:10 solver.py:413 ] => Test NMSE: -1.9813e+01

I 06.07/22:10:10 solver.py:345 ] => LoRA monitor [epoch=65] | trainable=67584/67584 | non_lora_trainable=0 | lora_l2=1.185337e+01 | lora_A_l2=1.013824e+01 | lora_B_l2=6.141545e+00 | component_l2=decoder:1.185337e+01 | lora_abs_max=9.495909e-01 | delta_l2=1.185009e+01 | delta_rel=3.610973e+00 | train_loss=4.572753e-03 | test_loss=5.219811e-03 | nmse=-1.981315e+01
I 06.07/22:10:10 solver.py:224 ] 
=! Best NMSE: -1.9890e+01 (epoch=58)

I 06.07/22:10:11 solver.py:159 ] Epoch: [66/200][20/282] lr: 4.34e-04 | MSE loss: 5.4574e-03 | time: 0.044
I 06.07/22:10:12 solver.py:159 ] Epoch: [66/200][40/282] lr: 4.34e-04 | MSE loss: 4.6226e-03 | time: 0.045
I 06.07/22:10:13 solver.py:159 ] Epoch: [66/200][60/282] lr: 4.34e-04 | MSE loss: 4.4035e-03 | time: 0.044
I 06.07/22:10:14 solver.py:159 ] Epoch: [66/200][80/282] lr: 4.33e-04 | MSE loss: 4.2569e-03 | time: 0.043
I 06.07/22:10:14 solver.py:159 ] Epoch: [66/200][100/282] lr: 4.33e-04 | MSE loss: 4.2470e-03 | time: 0.042
I 06.07/22:10:15 solver.py:159 ] Epoch: [66/200][120/282] lr: 4.33e-04 | MSE loss: 4.1930e-03 | time: 0.042
I 06.07/22:10:16 solver.py:159 ] Epoch: [66/200][140/282] lr: 4.33e-04 | MSE loss: 4.1425e-03 | time: 0.042
I 06.07/22:10:17 solver.py:159 ] Epoch: [66/200][160/282] lr: 4.33e-04 | MSE loss: 4.2222e-03 | time: 0.042
I 06.07/22:10:18 solver.py:159 ] Epoch: [66/200][180/282] lr: 4.32e-04 | MSE loss: 4.2971e-03 | time: 0.042
I 06.07/22:10:19 solver.py:159 ] Epoch: [66/200][200/282] lr: 4.32e-04 | MSE loss: 4.2799e-03 | time: 0.042
I 06.07/22:10:19 solver.py:159 ] Epoch: [66/200][220/282] lr: 4.32e-04 | MSE loss: 4.3631e-03 | time: 0.041
I 06.07/22:10:20 solver.py:159 ] Epoch: [66/200][240/282] lr: 4.32e-04 | MSE loss: 4.4638e-03 | time: 0.041
I 06.07/22:10:21 solver.py:159 ] Epoch: [66/200][260/282] lr: 4.32e-04 | MSE loss: 4.4697e-03 | time: 0.041
I 06.07/22:10:22 solver.py:159 ] Epoch: [66/200][280/282] lr: 4.31e-04 | MSE loss: 4.4656e-03 | time: 0.041
I 06.07/22:10:22 solver.py:169 ] => Train  Loss: 4.5570e-03

I 06.07/22:10:23 solver.py:405 ] [20/32] loss: 5.7168e-03 | NMSE: -1.9041e+01 | time: 0.032
I 06.07/22:10:23 solver.py:413 ] => Test NMSE: -1.9873e+01

I 06.07/22:10:23 solver.py:345 ] => LoRA monitor [epoch=66] | trainable=67584/67584 | non_lora_trainable=0 | lora_l2=1.193426e+01 | lora_A_l2=1.020528e+01 | lora_B_l2=6.186982e+00 | component_l2=decoder:1.193426e+01 | lora_abs_max=9.591820e-01 | delta_l2=1.193147e+01 | delta_rel=3.635770e+00 | train_loss=4.556975e-03 | test_loss=5.147869e-03 | nmse=-1.987343e+01
I 06.07/22:10:23 solver.py:224 ] 
=! Best NMSE: -1.9890e+01 (epoch=58)

I 06.07/22:10:24 solver.py:159 ] Epoch: [67/200][20/282] lr: 4.31e-04 | MSE loss: 5.2375e-03 | time: 0.041
I 06.07/22:10:25 solver.py:159 ] Epoch: [67/200][40/282] lr: 4.31e-04 | MSE loss: 4.8427e-03 | time: 0.042
I 06.07/22:10:25 solver.py:159 ] Epoch: [67/200][60/282] lr: 4.31e-04 | MSE loss: 4.2435e-03 | time: 0.042
I 06.07/22:10:26 solver.py:159 ] Epoch: [67/200][80/282] lr: 4.30e-04 | MSE loss: 4.3573e-03 | time: 0.041
I 06.07/22:10:27 solver.py:159 ] Epoch: [67/200][100/282] lr: 4.30e-04 | MSE loss: 4.2860e-03 | time: 0.040
I 06.07/22:10:28 solver.py:159 ] Epoch: [67/200][120/282] lr: 4.30e-04 | MSE loss: 4.4467e-03 | time: 0.041
I 06.07/22:10:29 solver.py:159 ] Epoch: [67/200][140/282] lr: 4.30e-04 | MSE loss: 4.3423e-03 | time: 0.041
I 06.07/22:10:29 solver.py:159 ] Epoch: [67/200][160/282] lr: 4.30e-04 | MSE loss: 4.2417e-03 | time: 0.040
I 06.07/22:10:30 solver.py:159 ] Epoch: [67/200][180/282] lr: 4.29e-04 | MSE loss: 4.3589e-03 | time: 0.040
I 06.07/22:10:31 solver.py:159 ] Epoch: [67/200][200/282] lr: 4.29e-04 | MSE loss: 4.3918e-03 | time: 0.040
I 06.07/22:10:32 solver.py:159 ] Epoch: [67/200][220/282] lr: 4.29e-04 | MSE loss: 4.4905e-03 | time: 0.040
I 06.07/22:10:33 solver.py:159 ] Epoch: [67/200][240/282] lr: 4.29e-04 | MSE loss: 4.5588e-03 | time: 0.041
I 06.07/22:10:33 solver.py:159 ] Epoch: [67/200][260/282] lr: 4.29e-04 | MSE loss: 4.5948e-03 | time: 0.041
I 06.07/22:10:34 solver.py:159 ] Epoch: [67/200][280/282] lr: 4.28e-04 | MSE loss: 4.5091e-03 | time: 0.041
I 06.07/22:10:34 solver.py:169 ] => Train  Loss: 4.4860e-03

I 06.07/22:10:35 solver.py:405 ] [20/32] loss: 5.7322e-03 | NMSE: -1.9021e+01 | time: 0.045
I 06.07/22:10:36 solver.py:413 ] => Test NMSE: -1.9869e+01

I 06.07/22:10:36 solver.py:345 ] => LoRA monitor [epoch=67] | trainable=67584/67584 | non_lora_trainable=0 | lora_l2=1.201455e+01 | lora_A_l2=1.027419e+01 | lora_B_l2=6.228200e+00 | component_l2=decoder:1.201455e+01 | lora_abs_max=9.648959e-01 | delta_l2=1.201302e+01 | delta_rel=3.660621e+00 | train_loss=4.486004e-03 | test_loss=5.153632e-03 | nmse=-1.986857e+01
I 06.07/22:10:36 solver.py:224 ] 
=! Best NMSE: -1.9890e+01 (epoch=58)

I 06.07/22:10:37 solver.py:159 ] Epoch: [68/200][20/282] lr: 4.28e-04 | MSE loss: 4.4538e-03 | time: 0.044
I 06.07/22:10:37 solver.py:159 ] Epoch: [68/200][40/282] lr: 4.28e-04 | MSE loss: 4.6261e-03 | time: 0.042
I 06.07/22:10:38 solver.py:159 ] Epoch: [68/200][60/282] lr: 4.28e-04 | MSE loss: 4.4571e-03 | time: 0.042
I 06.07/22:10:39 solver.py:159 ] Epoch: [68/200][80/282] lr: 4.28e-04 | MSE loss: 4.2408e-03 | time: 0.043
I 06.07/22:10:40 solver.py:159 ] Epoch: [68/200][100/282] lr: 4.27e-04 | MSE loss: 4.1889e-03 | time: 0.043
I 06.07/22:10:41 solver.py:159 ] Epoch: [68/200][120/282] lr: 4.27e-04 | MSE loss: 4.2518e-03 | time: 0.043
I 06.07/22:10:42 solver.py:159 ] Epoch: [68/200][140/282] lr: 4.27e-04 | MSE loss: 4.2439e-03 | time: 0.042
I 06.07/22:10:42 solver.py:159 ] Epoch: [68/200][160/282] lr: 4.27e-04 | MSE loss: 4.3773e-03 | time: 0.042
I 06.07/22:10:43 solver.py:159 ] Epoch: [68/200][180/282] lr: 4.27e-04 | MSE loss: 4.5102e-03 | time: 0.042
I 06.07/22:10:44 solver.py:159 ] Epoch: [68/200][200/282] lr: 4.26e-04 | MSE loss: 4.4659e-03 | time: 0.042
I 06.07/22:10:45 solver.py:159 ] Epoch: [68/200][220/282] lr: 4.26e-04 | MSE loss: 4.4807e-03 | time: 0.042
I 06.07/22:10:46 solver.py:159 ] Epoch: [68/200][240/282] lr: 4.26e-04 | MSE loss: 4.4679e-03 | time: 0.042
I 06.07/22:10:47 solver.py:159 ] Epoch: [68/200][260/282] lr: 4.26e-04 | MSE loss: 4.4784e-03 | time: 0.042
I 06.07/22:10:47 solver.py:159 ] Epoch: [68/200][280/282] lr: 4.26e-04 | MSE loss: 4.4563e-03 | time: 0.042
I 06.07/22:10:47 solver.py:169 ] => Train  Loss: 4.5831e-03

I 06.07/22:10:48 solver.py:405 ] [20/32] loss: 5.7347e-03 | NMSE: -1.9042e+01 | time: 0.036
I 06.07/22:10:49 solver.py:413 ] => Test NMSE: -1.9850e+01

I 06.07/22:10:49 solver.py:345 ] => LoRA monitor [epoch=68] | trainable=67584/67584 | non_lora_trainable=0 | lora_l2=1.209000e+01 | lora_A_l2=1.033610e+01 | lora_B_l2=6.271617e+00 | component_l2=decoder:1.209000e+01 | lora_abs_max=9.712470e-01 | delta_l2=1.208963e+01 | delta_rel=3.683966e+00 | train_loss=4.583093e-03 | test_loss=5.175959e-03 | nmse=-1.984979e+01
I 06.07/22:10:49 solver.py:224 ] 
=! Best NMSE: -1.9890e+01 (epoch=58)

I 06.07/22:10:49 solver.py:159 ] Epoch: [69/200][20/282] lr: 4.25e-04 | MSE loss: 4.6856e-03 | time: 0.042
I 06.07/22:10:50 solver.py:159 ] Epoch: [69/200][40/282] lr: 4.25e-04 | MSE loss: 4.1983e-03 | time: 0.041
I 06.07/22:10:51 solver.py:159 ] Epoch: [69/200][60/282] lr: 4.25e-04 | MSE loss: 4.7787e-03 | time: 0.041
I 06.07/22:10:52 solver.py:159 ] Epoch: [69/200][80/282] lr: 4.25e-04 | MSE loss: 4.6248e-03 | time: 0.042
I 06.07/22:10:53 solver.py:159 ] Epoch: [69/200][100/282] lr: 4.25e-04 | MSE loss: 4.3896e-03 | time: 0.042
I 06.07/22:10:54 solver.py:159 ] Epoch: [69/200][120/282] lr: 4.24e-04 | MSE loss: 4.4565e-03 | time: 0.042
I 06.07/22:10:54 solver.py:159 ] Epoch: [69/200][140/282] lr: 4.24e-04 | MSE loss: 4.4354e-03 | time: 0.041
I 06.07/22:10:55 solver.py:159 ] Epoch: [69/200][160/282] lr: 4.24e-04 | MSE loss: 4.3736e-03 | time: 0.041
I 06.07/22:10:56 solver.py:159 ] Epoch: [69/200][180/282] lr: 4.24e-04 | MSE loss: 4.5412e-03 | time: 0.041
I 06.07/22:10:57 solver.py:159 ] Epoch: [69/200][200/282] lr: 4.23e-04 | MSE loss: 4.5856e-03 | time: 0.040
I 06.07/22:10:58 solver.py:159 ] Epoch: [69/200][220/282] lr: 4.23e-04 | MSE loss: 4.6108e-03 | time: 0.040
I 06.07/22:10:58 solver.py:159 ] Epoch: [69/200][240/282] lr: 4.23e-04 | MSE loss: 4.5864e-03 | time: 0.041
I 06.07/22:10:59 solver.py:159 ] Epoch: [69/200][260/282] lr: 4.23e-04 | MSE loss: 4.5670e-03 | time: 0.041
I 06.07/22:11:00 solver.py:159 ] Epoch: [69/200][280/282] lr: 4.23e-04 | MSE loss: 4.4873e-03 | time: 0.041
I 06.07/22:11:00 solver.py:169 ] => Train  Loss: 4.4793e-03

I 06.07/22:11:02 solver.py:405 ] [20/32] loss: 5.7422e-03 | NMSE: -1.9026e+01 | time: 0.071
I 06.07/22:11:03 solver.py:413 ] => Test NMSE: -1.9854e+01

I 06.07/22:11:03 solver.py:345 ] => LoRA monitor [epoch=69] | trainable=67584/67584 | non_lora_trainable=0 | lora_l2=1.217024e+01 | lora_A_l2=1.040293e+01 | lora_B_l2=6.316161e+00 | component_l2=decoder:1.217024e+01 | lora_abs_max=9.765482e-01 | delta_l2=1.217057e+01 | delta_rel=3.708631e+00 | train_loss=4.479258e-03 | test_loss=5.171355e-03 | nmse=-1.985366e+01
I 06.07/22:11:03 solver.py:224 ] 
=! Best NMSE: -1.9890e+01 (epoch=58)

I 06.07/22:11:04 solver.py:159 ] Epoch: [70/200][20/282] lr: 4.22e-04 | MSE loss: 3.7246e-03 | time: 0.087
I 06.07/22:11:05 solver.py:159 ] Epoch: [70/200][40/282] lr: 4.22e-04 | MSE loss: 4.4941e-03 | time: 0.066
I 06.07/22:11:06 solver.py:159 ] Epoch: [70/200][60/282] lr: 4.22e-04 | MSE loss: 4.2530e-03 | time: 0.056
I 06.07/22:11:07 solver.py:159 ] Epoch: [70/200][80/282] lr: 4.22e-04 | MSE loss: 4.0033e-03 | time: 0.051
I 06.07/22:11:08 solver.py:159 ] Epoch: [70/200][100/282] lr: 4.22e-04 | MSE loss: 4.1674e-03 | time: 0.049
I 06.07/22:11:08 solver.py:159 ] Epoch: [70/200][120/282] lr: 4.21e-04 | MSE loss: 4.0784e-03 | time: 0.047
I 06.07/22:11:09 solver.py:159 ] Epoch: [70/200][140/282] lr: 4.21e-04 | MSE loss: 4.2309e-03 | time: 0.046
I 06.07/22:11:10 solver.py:159 ] Epoch: [70/200][160/282] lr: 4.21e-04 | MSE loss: 4.4583e-03 | time: 0.045
I 06.07/22:11:11 solver.py:159 ] Epoch: [70/200][180/282] lr: 4.21e-04 | MSE loss: 4.4959e-03 | time: 0.045
I 06.07/22:11:12 solver.py:159 ] Epoch: [70/200][200/282] lr: 4.21e-04 | MSE loss: 4.5432e-03 | time: 0.044
I 06.07/22:11:12 solver.py:159 ] Epoch: [70/200][220/282] lr: 4.20e-04 | MSE loss: 4.5940e-03 | time: 0.044
I 06.07/22:11:13 solver.py:159 ] Epoch: [70/200][240/282] lr: 4.20e-04 | MSE loss: 4.5467e-03 | time: 0.043
I 06.07/22:11:14 solver.py:159 ] Epoch: [70/200][260/282] lr: 4.20e-04 | MSE loss: 4.5376e-03 | time: 0.043
I 06.07/22:11:15 solver.py:159 ] Epoch: [70/200][280/282] lr: 4.20e-04 | MSE loss: 4.4714e-03 | time: 0.043
I 06.07/22:11:15 solver.py:169 ] => Train  Loss: 4.4604e-03

I 06.07/22:11:16 solver.py:159 ] Epoch: [70/200][20/32] lr: 4.20e-04 | MSE loss: 5.6482e-03 | time: 0.036
I 06.07/22:11:16 solver.py:169 ] => Val  Loss: 5.0160e-03

I 06.07/22:11:17 solver.py:405 ] [20/32] loss: 5.6482e-03 | NMSE: -1.9086e+01 | time: 0.039
I 06.07/22:11:17 solver.py:413 ] => Test NMSE: -1.9927e+01

I 06.07/22:11:17 solver.py:345 ] => LoRA monitor [epoch=70] | trainable=67584/67584 | non_lora_trainable=0 | lora_l2=1.225888e+01 | lora_A_l2=1.047805e+01 | lora_B_l2=6.363211e+00 | component_l2=decoder:1.225888e+01 | lora_abs_max=9.882919e-01 | delta_l2=1.226055e+01 | delta_rel=3.736048e+00 | train_loss=4.460417e-03 | val_loss=5.016040e-03 | test_loss=5.084966e-03 | nmse=-1.992682e+01
I 06.07/22:11:17 solver.py:224 ] 
=! Best NMSE: -1.9927e+01 (epoch=70)

I 06.07/22:11:18 solver.py:159 ] Epoch: [71/200][20/282] lr: 4.19e-04 | MSE loss: 3.8431e-03 | time: 0.046
I 06.07/22:11:19 solver.py:159 ] Epoch: [71/200][40/282] lr: 4.19e-04 | MSE loss: 4.6832e-03 | time: 0.044
I 06.07/22:11:20 solver.py:159 ] Epoch: [71/200][60/282] lr: 4.19e-04 | MSE loss: 4.3060e-03 | time: 0.043
I 06.07/22:11:21 solver.py:159 ] Epoch: [71/200][80/282] lr: 4.19e-04 | MSE loss: 4.5056e-03 | time: 0.041
I 06.07/22:11:21 solver.py:159 ] Epoch: [71/200][100/282] lr: 4.19e-04 | MSE loss: 4.4420e-03 | time: 0.041
I 06.07/22:11:22 solver.py:159 ] Epoch: [71/200][120/282] lr: 4.18e-04 | MSE loss: 4.6000e-03 | time: 0.042
I 06.07/22:11:23 solver.py:159 ] Epoch: [71/200][140/282] lr: 4.18e-04 | MSE loss: 4.5646e-03 | time: 0.041
I 06.07/22:11:24 solver.py:159 ] Epoch: [71/200][160/282] lr: 4.18e-04 | MSE loss: 4.5151e-03 | time: 0.041
I 06.07/22:11:25 solver.py:159 ] Epoch: [71/200][180/282] lr: 4.18e-04 | MSE loss: 4.4953e-03 | time: 0.041
I 06.07/22:11:26 solver.py:159 ] Epoch: [71/200][200/282] lr: 4.17e-04 | MSE loss: 4.4315e-03 | time: 0.041
I 06.07/22:11:26 solver.py:159 ] Epoch: [71/200][220/282] lr: 4.17e-04 | MSE loss: 4.3563e-03 | time: 0.041
I 06.07/22:11:27 solver.py:159 ] Epoch: [71/200][240/282] lr: 4.17e-04 | MSE loss: 4.3545e-03 | time: 0.041
I 06.07/22:11:28 solver.py:159 ] Epoch: [71/200][260/282] lr: 4.17e-04 | MSE loss: 4.4440e-03 | time: 0.041
I 06.07/22:11:29 solver.py:159 ] Epoch: [71/200][280/282] lr: 4.17e-04 | MSE loss: 4.4731e-03 | time: 0.041
I 06.07/22:11:29 solver.py:169 ] => Train  Loss: 4.4517e-03

I 06.07/22:11:30 solver.py:405 ] [20/32] loss: 5.7061e-03 | NMSE: -1.9047e+01 | time: 0.032
I 06.07/22:11:30 solver.py:413 ] => Test NMSE: -1.9866e+01

I 06.07/22:11:30 solver.py:345 ] => LoRA monitor [epoch=71] | trainable=67584/67584 | non_lora_trainable=0 | lora_l2=1.232345e+01 | lora_A_l2=1.053259e+01 | lora_B_l2=6.397816e+00 | component_l2=decoder:1.232345e+01 | lora_abs_max=9.957044e-01 | delta_l2=1.232578e+01 | delta_rel=3.755925e+00 | train_loss=4.451713e-03 | test_loss=5.156321e-03 | nmse=-1.986630e+01
I 06.07/22:11:30 solver.py:224 ] 
=! Best NMSE: -1.9927e+01 (epoch=70)

I 06.07/22:11:31 solver.py:159 ] Epoch: [72/200][20/282] lr: 4.16e-04 | MSE loss: 4.7206e-03 | time: 0.042
I 06.07/22:11:32 solver.py:159 ] Epoch: [72/200][40/282] lr: 4.16e-04 | MSE loss: 4.1475e-03 | time: 0.041
I 06.07/22:11:32 solver.py:159 ] Epoch: [72/200][60/282] lr: 4.16e-04 | MSE loss: 4.0759e-03 | time: 0.040
I 06.07/22:11:33 solver.py:159 ] Epoch: [72/200][80/282] lr: 4.16e-04 | MSE loss: 4.1315e-03 | time: 0.039
I 06.07/22:11:34 solver.py:159 ] Epoch: [72/200][100/282] lr: 4.16e-04 | MSE loss: 4.5783e-03 | time: 0.040
I 06.07/22:11:35 solver.py:159 ] Epoch: [72/200][120/282] lr: 4.15e-04 | MSE loss: 4.5898e-03 | time: 0.040
I 06.07/22:11:36 solver.py:159 ] Epoch: [72/200][140/282] lr: 4.15e-04 | MSE loss: 4.6370e-03 | time: 0.040
I 06.07/22:11:36 solver.py:159 ] Epoch: [72/200][160/282] lr: 4.15e-04 | MSE loss: 4.6743e-03 | time: 0.040
I 06.07/22:11:37 solver.py:159 ] Epoch: [72/200][180/282] lr: 4.15e-04 | MSE loss: 4.7153e-03 | time: 0.040
I 06.07/22:11:38 solver.py:159 ] Epoch: [72/200][200/282] lr: 4.14e-04 | MSE loss: 4.6638e-03 | time: 0.040
I 06.07/22:11:39 solver.py:159 ] Epoch: [72/200][220/282] lr: 4.14e-04 | MSE loss: 4.7165e-03 | time: 0.041
I 06.07/22:11:40 solver.py:159 ] Epoch: [72/200][240/282] lr: 4.14e-04 | MSE loss: 4.7111e-03 | time: 0.041
I 06.07/22:11:41 solver.py:159 ] Epoch: [72/200][260/282] lr: 4.14e-04 | MSE loss: 4.6867e-03 | time: 0.041
I 06.07/22:11:41 solver.py:159 ] Epoch: [72/200][280/282] lr: 4.14e-04 | MSE loss: 4.5590e-03 | time: 0.040
I 06.07/22:11:41 solver.py:169 ] => Train  Loss: 4.5516e-03

I 06.07/22:11:42 solver.py:405 ] [20/32] loss: 5.8226e-03 | NMSE: -1.9011e+01 | time: 0.035
I 06.07/22:11:42 solver.py:413 ] => Test NMSE: -1.9808e+01

I 06.07/22:11:42 solver.py:345 ] => LoRA monitor [epoch=72] | trainable=67584/67584 | non_lora_trainable=0 | lora_l2=1.240539e+01 | lora_A_l2=1.060575e+01 | lora_B_l2=6.435196e+00 | component_l2=decoder:1.240539e+01 | lora_abs_max=1.001450e+00 | delta_l2=1.240919e+01 | delta_rel=3.781342e+00 | train_loss=4.551641e-03 | test_loss=5.225414e-03 | nmse=-1.980849e+01
I 06.07/22:11:42 solver.py:224 ] 
=! Best NMSE: -1.9927e+01 (epoch=70)

I 06.07/22:11:43 solver.py:159 ] Epoch: [73/200][20/282] lr: 4.13e-04 | MSE loss: 4.2018e-03 | time: 0.042
I 06.07/22:11:44 solver.py:159 ] Epoch: [73/200][40/282] lr: 4.13e-04 | MSE loss: 3.9150e-03 | time: 0.042
I 06.07/22:11:45 solver.py:159 ] Epoch: [73/200][60/282] lr: 4.13e-04 | MSE loss: 4.4865e-03 | time: 0.041
I 06.07/22:11:46 solver.py:159 ] Epoch: [73/200][80/282] lr: 4.13e-04 | MSE loss: 4.4915e-03 | time: 0.041
I 06.07/22:11:46 solver.py:159 ] Epoch: [73/200][100/282] lr: 4.12e-04 | MSE loss: 4.3022e-03 | time: 0.040
I 06.07/22:11:47 solver.py:159 ] Epoch: [73/200][120/282] lr: 4.12e-04 | MSE loss: 4.3609e-03 | time: 0.040
I 06.07/22:11:48 solver.py:159 ] Epoch: [73/200][140/282] lr: 4.12e-04 | MSE loss: 4.1649e-03 | time: 0.041
I 06.07/22:11:49 solver.py:159 ] Epoch: [73/200][160/282] lr: 4.12e-04 | MSE loss: 4.1649e-03 | time: 0.041
I 06.07/22:11:50 solver.py:159 ] Epoch: [73/200][180/282] lr: 4.12e-04 | MSE loss: 4.2736e-03 | time: 0.041
I 06.07/22:11:51 solver.py:159 ] Epoch: [73/200][200/282] lr: 4.11e-04 | MSE loss: 4.4034e-03 | time: 0.041
I 06.07/22:11:51 solver.py:159 ] Epoch: [73/200][220/282] lr: 4.11e-04 | MSE loss: 4.4470e-03 | time: 0.041
I 06.07/22:11:52 solver.py:159 ] Epoch: [73/200][240/282] lr: 4.11e-04 | MSE loss: 4.5405e-03 | time: 0.041
I 06.07/22:11:53 solver.py:159 ] Epoch: [73/200][260/282] lr: 4.11e-04 | MSE loss: 4.5162e-03 | time: 0.041
I 06.07/22:11:54 solver.py:159 ] Epoch: [73/200][280/282] lr: 4.10e-04 | MSE loss: 4.4892e-03 | time: 0.041
I 06.07/22:11:54 solver.py:169 ] => Train  Loss: 4.4769e-03

I 06.07/22:11:55 solver.py:405 ] [20/32] loss: 5.6808e-03 | NMSE: -1.9088e+01 | time: 0.038
I 06.07/22:11:55 solver.py:413 ] => Test NMSE: -1.9902e+01

I 06.07/22:11:55 solver.py:345 ] => LoRA monitor [epoch=73] | trainable=67584/67584 | non_lora_trainable=0 | lora_l2=1.248189e+01 | lora_A_l2=1.066832e+01 | lora_B_l2=6.479551e+00 | component_l2=decoder:1.248189e+01 | lora_abs_max=1.009785e+00 | delta_l2=1.248649e+01 | delta_rel=3.804896e+00 | train_loss=4.476869e-03 | test_loss=5.114687e-03 | nmse=-1.990151e+01
I 06.07/22:11:55 solver.py:224 ] 
=! Best NMSE: -1.9927e+01 (epoch=70)

I 06.07/22:11:56 solver.py:159 ] Epoch: [74/200][20/282] lr: 4.10e-04 | MSE loss: 3.8125e-03 | time: 0.041
I 06.07/22:11:57 solver.py:159 ] Epoch: [74/200][40/282] lr: 4.10e-04 | MSE loss: 4.1976e-03 | time: 0.041
I 06.07/22:11:58 solver.py:159 ] Epoch: [74/200][60/282] lr: 4.10e-04 | MSE loss: 4.3263e-03 | time: 0.041
I 06.07/22:11:58 solver.py:159 ] Epoch: [74/200][80/282] lr: 4.10e-04 | MSE loss: 4.2095e-03 | time: 0.042
I 06.07/22:11:59 solver.py:159 ] Epoch: [74/200][100/282] lr: 4.09e-04 | MSE loss: 4.2410e-03 | time: 0.041
I 06.07/22:12:00 solver.py:159 ] Epoch: [74/200][120/282] lr: 4.09e-04 | MSE loss: 4.1853e-03 | time: 0.042
I 06.07/22:12:02 solver.py:159 ] Epoch: [74/200][140/282] lr: 4.09e-04 | MSE loss: 4.1501e-03 | time: 0.047
I 06.07/22:12:03 solver.py:159 ] Epoch: [74/200][160/282] lr: 4.09e-04 | MSE loss: 4.1596e-03 | time: 0.051
I 06.07/22:12:05 solver.py:159 ] Epoch: [74/200][180/282] lr: 4.08e-04 | MSE loss: 4.1783e-03 | time: 0.052
I 06.07/22:12:05 solver.py:159 ] Epoch: [74/200][200/282] lr: 4.08e-04 | MSE loss: 4.1302e-03 | time: 0.051
I 06.07/22:12:06 solver.py:159 ] Epoch: [74/200][220/282] lr: 4.08e-04 | MSE loss: 4.3062e-03 | time: 0.050
I 06.07/22:12:07 solver.py:159 ] Epoch: [74/200][240/282] lr: 4.08e-04 | MSE loss: 4.3701e-03 | time: 0.049
I 06.07/22:12:08 solver.py:159 ] Epoch: [74/200][260/282] lr: 4.07e-04 | MSE loss: 4.3802e-03 | time: 0.048
I 06.07/22:12:08 solver.py:159 ] Epoch: [74/200][280/282] lr: 4.07e-04 | MSE loss: 4.4284e-03 | time: 0.047
I 06.07/22:12:09 solver.py:169 ] => Train  Loss: 4.4255e-03

I 06.07/22:12:09 solver.py:405 ] [20/32] loss: 5.8439e-03 | NMSE: -1.8970e+01 | time: 0.036
I 06.07/22:12:10 solver.py:413 ] => Test NMSE: -1.9777e+01

I 06.07/22:12:10 solver.py:345 ] => LoRA monitor [epoch=74] | trainable=67584/67584 | non_lora_trainable=0 | lora_l2=1.255436e+01 | lora_A_l2=1.072861e+01 | lora_B_l2=6.519877e+00 | component_l2=decoder:1.255436e+01 | lora_abs_max=1.017118e+00 | delta_l2=1.255896e+01 | delta_rel=3.826979e+00 | train_loss=4.425527e-03 | test_loss=5.263340e-03 | nmse=-1.977709e+01
I 06.07/22:12:10 solver.py:224 ] 
=! Best NMSE: -1.9927e+01 (epoch=70)

I 06.07/22:12:11 solver.py:159 ] Epoch: [75/200][20/282] lr: 4.07e-04 | MSE loss: 4.4467e-03 | time: 0.042
I 06.07/22:12:11 solver.py:159 ] Epoch: [75/200][40/282] lr: 4.07e-04 | MSE loss: 4.8159e-03 | time: 0.044
I 06.07/22:12:12 solver.py:159 ] Epoch: [75/200][60/282] lr: 4.07e-04 | MSE loss: 4.5403e-03 | time: 0.045
I 06.07/22:12:13 solver.py:159 ] Epoch: [75/200][80/282] lr: 4.06e-04 | MSE loss: 4.5466e-03 | time: 0.043
I 06.07/22:12:14 solver.py:159 ] Epoch: [75/200][100/282] lr: 4.06e-04 | MSE loss: 4.3207e-03 | time: 0.043
I 06.07/22:12:15 solver.py:159 ] Epoch: [75/200][120/282] lr: 4.06e-04 | MSE loss: 4.3569e-03 | time: 0.043
I 06.07/22:12:16 solver.py:159 ] Epoch: [75/200][140/282] lr: 4.06e-04 | MSE loss: 4.2070e-03 | time: 0.042
I 06.07/22:12:16 solver.py:159 ] Epoch: [75/200][160/282] lr: 4.05e-04 | MSE loss: 4.1698e-03 | time: 0.042
I 06.07/22:12:17 solver.py:159 ] Epoch: [75/200][180/282] lr: 4.05e-04 | MSE loss: 4.3037e-03 | time: 0.042
I 06.07/22:12:18 solver.py:159 ] Epoch: [75/200][200/282] lr: 4.05e-04 | MSE loss: 4.3695e-03 | time: 0.042
I 06.07/22:12:19 solver.py:159 ] Epoch: [75/200][220/282] lr: 4.05e-04 | MSE loss: 4.4015e-03 | time: 0.042
I 06.07/22:12:20 solver.py:159 ] Epoch: [75/200][240/282] lr: 4.05e-04 | MSE loss: 4.3342e-03 | time: 0.042
I 06.07/22:12:20 solver.py:159 ] Epoch: [75/200][260/282] lr: 4.04e-04 | MSE loss: 4.3653e-03 | time: 0.041
I 06.07/22:12:21 solver.py:159 ] Epoch: [75/200][280/282] lr: 4.04e-04 | MSE loss: 4.4684e-03 | time: 0.042
I 06.07/22:12:21 solver.py:169 ] => Train  Loss: 4.4493e-03

I 06.07/22:12:22 solver.py:405 ] [20/32] loss: 5.7443e-03 | NMSE: -1.9029e+01 | time: 0.041
I 06.07/22:12:23 solver.py:413 ] => Test NMSE: -1.9853e+01

I 06.07/22:12:23 solver.py:345 ] => LoRA monitor [epoch=75] | trainable=67584/67584 | non_lora_trainable=0 | lora_l2=1.263505e+01 | lora_A_l2=1.079782e+01 | lora_B_l2=6.561376e+00 | component_l2=decoder:1.263505e+01 | lora_abs_max=1.023929e+00 | delta_l2=1.264019e+01 | delta_rel=3.851732e+00 | train_loss=4.449339e-03 | test_loss=5.172323e-03 | nmse=-1.985284e+01
I 06.07/22:12:23 solver.py:224 ] 
=! Best NMSE: -1.9927e+01 (epoch=70)

I 06.07/22:12:24 solver.py:159 ] Epoch: [76/200][20/282] lr: 4.04e-04 | MSE loss: 4.0918e-03 | time: 0.052
I 06.07/22:12:25 solver.py:159 ] Epoch: [76/200][40/282] lr: 4.04e-04 | MSE loss: 4.0677e-03 | time: 0.047
I 06.07/22:12:25 solver.py:159 ] Epoch: [76/200][60/282] lr: 4.03e-04 | MSE loss: 3.9843e-03 | time: 0.045
I 06.07/22:12:26 solver.py:159 ] Epoch: [76/200][80/282] lr: 4.03e-04 | MSE loss: 4.0146e-03 | time: 0.042
I 06.07/22:12:27 solver.py:159 ] Epoch: [76/200][100/282] lr: 4.03e-04 | MSE loss: 4.3404e-03 | time: 0.043
I 06.07/22:12:28 solver.py:159 ] Epoch: [76/200][120/282] lr: 4.03e-04 | MSE loss: 4.4185e-03 | time: 0.044
I 06.07/22:12:29 solver.py:159 ] Epoch: [76/200][140/282] lr: 4.02e-04 | MSE loss: 4.4207e-03 | time: 0.044
I 06.07/22:12:30 solver.py:159 ] Epoch: [76/200][160/282] lr: 4.02e-04 | MSE loss: 4.5053e-03 | time: 0.045
I 06.07/22:12:31 solver.py:159 ] Epoch: [76/200][180/282] lr: 4.02e-04 | MSE loss: 4.6087e-03 | time: 0.045
I 06.07/22:12:32 solver.py:159 ] Epoch: [76/200][200/282] lr: 4.02e-04 | MSE loss: 4.6191e-03 | time: 0.046
I 06.07/22:12:33 solver.py:159 ] Epoch: [76/200][220/282] lr: 4.02e-04 | MSE loss: 4.5392e-03 | time: 0.045
I 06.07/22:12:34 solver.py:159 ] Epoch: [76/200][240/282] lr: 4.01e-04 | MSE loss: 4.4913e-03 | time: 0.045
I 06.07/22:12:35 solver.py:159 ] Epoch: [76/200][260/282] lr: 4.01e-04 | MSE loss: 4.4987e-03 | time: 0.045
I 06.07/22:12:35 solver.py:159 ] Epoch: [76/200][280/282] lr: 4.01e-04 | MSE loss: 4.4594e-03 | time: 0.045
I 06.07/22:12:36 solver.py:169 ] => Train  Loss: 4.4498e-03

I 06.07/22:12:36 solver.py:405 ] [20/32] loss: 5.6498e-03 | NMSE: -1.9097e+01 | time: 0.043
I 06.07/22:12:37 solver.py:413 ] => Test NMSE: -1.9918e+01

I 06.07/22:12:37 solver.py:345 ] => LoRA monitor [epoch=76] | trainable=67584/67584 | non_lora_trainable=0 | lora_l2=1.270685e+01 | lora_A_l2=1.086012e+01 | lora_B_l2=6.597117e+00 | component_l2=decoder:1.270685e+01 | lora_abs_max=1.033723e+00 | delta_l2=1.271269e+01 | delta_rel=3.873826e+00 | train_loss=4.449827e-03 | test_loss=5.095609e-03 | nmse=-1.991774e+01
I 06.07/22:12:37 solver.py:224 ] 
=! Best NMSE: -1.9927e+01 (epoch=70)

I 06.07/22:12:38 solver.py:159 ] Epoch: [77/200][20/282] lr: 4.01e-04 | MSE loss: 5.0906e-03 | time: 0.049
I 06.07/22:12:39 solver.py:159 ] Epoch: [77/200][40/282] lr: 4.00e-04 | MSE loss: 4.7217e-03 | time: 0.045
I 06.07/22:12:40 solver.py:159 ] Epoch: [77/200][60/282] lr: 4.00e-04 | MSE loss: 4.5666e-03 | time: 0.045
I 06.07/22:12:41 solver.py:159 ] Epoch: [77/200][80/282] lr: 4.00e-04 | MSE loss: 4.6152e-03 | time: 0.047
I 06.07/22:12:42 solver.py:159 ] Epoch: [77/200][100/282] lr: 4.00e-04 | MSE loss: 4.5556e-03 | time: 0.047
I 06.07/22:12:42 solver.py:159 ] Epoch: [77/200][120/282] lr: 3.99e-04 | MSE loss: 4.5273e-03 | time: 0.047
I 06.07/22:12:43 solver.py:159 ] Epoch: [77/200][140/282] lr: 3.99e-04 | MSE loss: 4.5716e-03 | time: 0.047
I 06.07/22:12:44 solver.py:159 ] Epoch: [77/200][160/282] lr: 3.99e-04 | MSE loss: 4.5394e-03 | time: 0.047
I 06.07/22:12:45 solver.py:159 ] Epoch: [77/200][180/282] lr: 3.99e-04 | MSE loss: 4.5463e-03 | time: 0.047
I 06.07/22:12:46 solver.py:159 ] Epoch: [77/200][200/282] lr: 3.98e-04 | MSE loss: 4.4720e-03 | time: 0.047
I 06.07/22:12:47 solver.py:159 ] Epoch: [77/200][220/282] lr: 3.98e-04 | MSE loss: 4.4233e-03 | time: 0.047
I 06.07/22:12:48 solver.py:159 ] Epoch: [77/200][240/282] lr: 3.98e-04 | MSE loss: 4.4916e-03 | time: 0.047
I 06.07/22:12:49 solver.py:159 ] Epoch: [77/200][260/282] lr: 3.98e-04 | MSE loss: 4.4954e-03 | time: 0.047
I 06.07/22:12:50 solver.py:159 ] Epoch: [77/200][280/282] lr: 3.98e-04 | MSE loss: 4.4447e-03 | time: 0.047
I 06.07/22:12:50 solver.py:169 ] => Train  Loss: 4.4460e-03

I 06.07/22:12:51 solver.py:405 ] [20/32] loss: 5.7787e-03 | NMSE: -1.8976e+01 | time: 0.035
I 06.07/22:12:51 solver.py:413 ] => Test NMSE: -1.9833e+01

I 06.07/22:12:51 solver.py:345 ] => LoRA monitor [epoch=77] | trainable=67584/67584 | non_lora_trainable=0 | lora_l2=1.277774e+01 | lora_A_l2=1.091753e+01 | lora_B_l2=6.639139e+00 | component_l2=decoder:1.277774e+01 | lora_abs_max=1.036244e+00 | delta_l2=1.278440e+01 | delta_rel=3.895678e+00 | train_loss=4.446016e-03 | test_loss=5.196411e-03 | nmse=-1.983267e+01
I 06.07/22:12:51 solver.py:224 ] 
=! Best NMSE: -1.9927e+01 (epoch=70)

I 06.07/22:12:52 solver.py:159 ] Epoch: [78/200][20/282] lr: 3.97e-04 | MSE loss: 3.7610e-03 | time: 0.050
I 06.07/22:12:53 solver.py:159 ] Epoch: [78/200][40/282] lr: 3.97e-04 | MSE loss: 3.8867e-03 | time: 0.047
I 06.07/22:12:54 solver.py:159 ] Epoch: [78/200][60/282] lr: 3.97e-04 | MSE loss: 3.9011e-03 | time: 0.047
I 06.07/22:12:55 solver.py:159 ] Epoch: [78/200][80/282] lr: 3.97e-04 | MSE loss: 4.4962e-03 | time: 0.048
I 06.07/22:12:56 solver.py:159 ] Epoch: [78/200][100/282] lr: 3.96e-04 | MSE loss: 4.6001e-03 | time: 0.048
I 06.07/22:12:57 solver.py:159 ] Epoch: [78/200][120/282] lr: 3.96e-04 | MSE loss: 4.4205e-03 | time: 0.048
I 06.07/22:12:58 solver.py:159 ] Epoch: [78/200][140/282] lr: 3.96e-04 | MSE loss: 4.3120e-03 | time: 0.048
I 06.07/22:12:59 solver.py:159 ] Epoch: [78/200][160/282] lr: 3.96e-04 | MSE loss: 4.3469e-03 | time: 0.048
I 06.07/22:13:00 solver.py:159 ] Epoch: [78/200][180/282] lr: 3.95e-04 | MSE loss: 4.3627e-03 | time: 0.048
I 06.07/22:13:01 solver.py:159 ] Epoch: [78/200][200/282] lr: 3.95e-04 | MSE loss: 4.3679e-03 | time: 0.051
I 06.07/22:13:03 solver.py:159 ] Epoch: [78/200][220/282] lr: 3.95e-04 | MSE loss: 4.3969e-03 | time: 0.056
I 06.07/22:13:05 solver.py:159 ] Epoch: [78/200][240/282] lr: 3.95e-04 | MSE loss: 4.4891e-03 | time: 0.057
I 06.07/22:13:06 solver.py:159 ] Epoch: [78/200][260/282] lr: 3.94e-04 | MSE loss: 4.4838e-03 | time: 0.056
I 06.07/22:13:07 solver.py:159 ] Epoch: [78/200][280/282] lr: 3.94e-04 | MSE loss: 4.4622e-03 | time: 0.055
I 06.07/22:13:07 solver.py:169 ] => Train  Loss: 4.4741e-03

I 06.07/22:13:08 solver.py:405 ] [20/32] loss: 5.6236e-03 | NMSE: -1.9117e+01 | time: 0.044
I 06.07/22:13:08 solver.py:413 ] => Test NMSE: -1.9942e+01

I 06.07/22:13:08 solver.py:345 ] => LoRA monitor [epoch=78] | trainable=67584/67584 | non_lora_trainable=0 | lora_l2=1.285117e+01 | lora_A_l2=1.098104e+01 | lora_B_l2=6.676014e+00 | component_l2=decoder:1.285117e+01 | lora_abs_max=1.040723e+00 | delta_l2=1.285841e+01 | delta_rel=3.918230e+00 | train_loss=4.474119e-03 | test_loss=5.066720e-03 | nmse=-1.994243e+01
I 06.07/22:13:08 solver.py:224 ] 
=! Best NMSE: -1.9942e+01 (epoch=78)

I 06.07/22:13:09 solver.py:159 ] Epoch: [79/200][20/282] lr: 3.94e-04 | MSE loss: 3.9535e-03 | time: 0.046
I 06.07/22:13:10 solver.py:159 ] Epoch: [79/200][40/282] lr: 3.94e-04 | MSE loss: 4.7807e-03 | time: 0.045
I 06.07/22:13:11 solver.py:159 ] Epoch: [79/200][60/282] lr: 3.94e-04 | MSE loss: 4.8547e-03 | time: 0.046
I 06.07/22:13:12 solver.py:159 ] Epoch: [79/200][80/282] lr: 3.93e-04 | MSE loss: 4.5965e-03 | time: 0.046
I 06.07/22:13:13 solver.py:159 ] Epoch: [79/200][100/282] lr: 3.93e-04 | MSE loss: 4.7072e-03 | time: 0.045
I 06.07/22:13:14 solver.py:159 ] Epoch: [79/200][120/282] lr: 3.93e-04 | MSE loss: 4.5733e-03 | time: 0.045
I 06.07/22:13:14 solver.py:159 ] Epoch: [79/200][140/282] lr: 3.93e-04 | MSE loss: 4.4272e-03 | time: 0.045
I 06.07/22:13:15 solver.py:159 ] Epoch: [79/200][160/282] lr: 3.92e-04 | MSE loss: 4.5699e-03 | time: 0.045
I 06.07/22:13:16 solver.py:159 ] Epoch: [79/200][180/282] lr: 3.92e-04 | MSE loss: 4.4953e-03 | time: 0.045
I 06.07/22:13:17 solver.py:159 ] Epoch: [79/200][200/282] lr: 3.92e-04 | MSE loss: 4.4423e-03 | time: 0.044
I 06.07/22:13:18 solver.py:159 ] Epoch: [79/200][220/282] lr: 3.92e-04 | MSE loss: 4.4235e-03 | time: 0.044
I 06.07/22:13:19 solver.py:159 ] Epoch: [79/200][240/282] lr: 3.91e-04 | MSE loss: 4.4211e-03 | time: 0.044
I 06.07/22:13:20 solver.py:159 ] Epoch: [79/200][260/282] lr: 3.91e-04 | MSE loss: 4.5199e-03 | time: 0.044
I 06.07/22:13:21 solver.py:159 ] Epoch: [79/200][280/282] lr: 3.91e-04 | MSE loss: 4.4351e-03 | time: 0.044
I 06.07/22:13:21 solver.py:169 ] => Train  Loss: 4.4175e-03

I 06.07/22:13:21 solver.py:405 ] [20/32] loss: 5.6109e-03 | NMSE: -1.9166e+01 | time: 0.039
I 06.07/22:13:22 solver.py:413 ] => Test NMSE: -1.9953e+01

I 06.07/22:13:22 solver.py:345 ] => LoRA monitor [epoch=79] | trainable=67584/67584 | non_lora_trainable=0 | lora_l2=1.292595e+01 | lora_A_l2=1.104645e+01 | lora_B_l2=6.712390e+00 | component_l2=decoder:1.292595e+01 | lora_abs_max=1.048499e+00 | delta_l2=1.293387e+01 | delta_rel=3.941224e+00 | train_loss=4.417521e-03 | test_loss=5.053964e-03 | nmse=-1.995338e+01
I 06.07/22:13:22 solver.py:224 ] 
=! Best NMSE: -1.9953e+01 (epoch=79)

I 06.07/22:13:23 solver.py:159 ] Epoch: [80/200][20/282] lr: 3.91e-04 | MSE loss: 4.0011e-03 | time: 0.041
I 06.07/22:13:24 solver.py:159 ] Epoch: [80/200][40/282] lr: 3.90e-04 | MSE loss: 4.2584e-03 | time: 0.041
I 06.07/22:13:25 solver.py:159 ] Epoch: [80/200][60/282] lr: 3.90e-04 | MSE loss: 4.1008e-03 | time: 0.040
I 06.07/22:13:25 solver.py:159 ] Epoch: [80/200][80/282] lr: 3.90e-04 | MSE loss: 4.1130e-03 | time: 0.040
I 06.07/22:13:26 solver.py:159 ] Epoch: [80/200][100/282] lr: 3.90e-04 | MSE loss: 4.1398e-03 | time: 0.040
I 06.07/22:13:27 solver.py:159 ] Epoch: [80/200][120/282] lr: 3.89e-04 | MSE loss: 4.1327e-03 | time: 0.040
I 06.07/22:13:28 solver.py:159 ] Epoch: [80/200][140/282] lr: 3.89e-04 | MSE loss: 4.3994e-03 | time: 0.040
I 06.07/22:13:28 solver.py:159 ] Epoch: [80/200][160/282] lr: 3.89e-04 | MSE loss: 4.4633e-03 | time: 0.039
I 06.07/22:13:29 solver.py:159 ] Epoch: [80/200][180/282] lr: 3.89e-04 | MSE loss: 4.2865e-03 | time: 0.040
I 06.07/22:13:30 solver.py:159 ] Epoch: [80/200][200/282] lr: 3.88e-04 | MSE loss: 4.2679e-03 | time: 0.040
I 06.07/22:13:31 solver.py:159 ] Epoch: [80/200][220/282] lr: 3.88e-04 | MSE loss: 4.2677e-03 | time: 0.040
I 06.07/22:13:32 solver.py:159 ] Epoch: [80/200][240/282] lr: 3.88e-04 | MSE loss: 4.2498e-03 | time: 0.040
I 06.07/22:13:32 solver.py:159 ] Epoch: [80/200][260/282] lr: 3.88e-04 | MSE loss: 4.3200e-03 | time: 0.040
I 06.07/22:13:33 solver.py:159 ] Epoch: [80/200][280/282] lr: 3.88e-04 | MSE loss: 4.3911e-03 | time: 0.040
I 06.07/22:13:33 solver.py:169 ] => Train  Loss: 4.3924e-03

I 06.07/22:13:34 solver.py:159 ] Epoch: [80/200][20/32] lr: 3.88e-04 | MSE loss: 5.7407e-03 | time: 0.037
I 06.07/22:13:35 solver.py:169 ] => Val  Loss: 5.1044e-03

I 06.07/22:13:35 solver.py:405 ] [20/32] loss: 5.7407e-03 | NMSE: -1.9043e+01 | time: 0.039
I 06.07/22:13:36 solver.py:413 ] => Test NMSE: -1.9851e+01

I 06.07/22:13:36 solver.py:345 ] => LoRA monitor [epoch=80] | trainable=67584/67584 | non_lora_trainable=0 | lora_l2=1.298001e+01 | lora_A_l2=1.109011e+01 | lora_B_l2=6.744643e+00 | component_l2=decoder:1.298001e+01 | lora_abs_max=1.050647e+00 | delta_l2=1.298854e+01 | delta_rel=3.957884e+00 | train_loss=4.392399e-03 | val_loss=5.104445e-03 | test_loss=5.174520e-03 | nmse=-1.985100e+01
I 06.07/22:13:36 solver.py:224 ] 
=! Best NMSE: -1.9953e+01 (epoch=79)

I 06.07/22:13:37 solver.py:159 ] Epoch: [81/200][20/282] lr: 3.87e-04 | MSE loss: 5.5789e-03 | time: 0.041
I 06.07/22:13:37 solver.py:159 ] Epoch: [81/200][40/282] lr: 3.87e-04 | MSE loss: 4.7030e-03 | time: 0.041
I 06.07/22:13:38 solver.py:159 ] Epoch: [81/200][60/282] lr: 3.87e-04 | MSE loss: 4.2529e-03 | time: 0.040
I 06.07/22:13:39 solver.py:159 ] Epoch: [81/200][80/282] lr: 3.87e-04 | MSE loss: 4.2457e-03 | time: 0.039
I 06.07/22:13:40 solver.py:159 ] Epoch: [81/200][100/282] lr: 3.86e-04 | MSE loss: 4.2703e-03 | time: 0.039
I 06.07/22:13:40 solver.py:159 ] Epoch: [81/200][120/282] lr: 3.86e-04 | MSE loss: 4.3762e-03 | time: 0.039
I 06.07/22:13:41 solver.py:159 ] Epoch: [81/200][140/282] lr: 3.86e-04 | MSE loss: 4.5577e-03 | time: 0.039
I 06.07/22:13:42 solver.py:159 ] Epoch: [81/200][160/282] lr: 3.86e-04 | MSE loss: 4.6981e-03 | time: 0.039
I 06.07/22:13:43 solver.py:159 ] Epoch: [81/200][180/282] lr: 3.85e-04 | MSE loss: 4.6949e-03 | time: 0.039
I 06.07/22:13:44 solver.py:159 ] Epoch: [81/200][200/282] lr: 3.85e-04 | MSE loss: 4.6016e-03 | time: 0.039
I 06.07/22:13:44 solver.py:159 ] Epoch: [81/200][220/282] lr: 3.85e-04 | MSE loss: 4.5102e-03 | time: 0.039
I 06.07/22:13:45 solver.py:159 ] Epoch: [81/200][240/282] lr: 3.85e-04 | MSE loss: 4.4946e-03 | time: 0.039
I 06.07/22:13:46 solver.py:159 ] Epoch: [81/200][260/282] lr: 3.84e-04 | MSE loss: 4.4505e-03 | time: 0.039
I 06.07/22:13:47 solver.py:159 ] Epoch: [81/200][280/282] lr: 3.84e-04 | MSE loss: 4.4531e-03 | time: 0.039
I 06.07/22:13:47 solver.py:169 ] => Train  Loss: 4.4334e-03

I 06.07/22:13:48 solver.py:405 ] [20/32] loss: 5.6992e-03 | NMSE: -1.9085e+01 | time: 0.038
I 06.07/22:13:48 solver.py:413 ] => Test NMSE: -1.9880e+01

I 06.07/22:13:48 solver.py:345 ] => LoRA monitor [epoch=81] | trainable=67584/67584 | non_lora_trainable=0 | lora_l2=1.305129e+01 | lora_A_l2=1.115147e+01 | lora_B_l2=6.780905e+00 | component_l2=decoder:1.305129e+01 | lora_abs_max=1.058384e+00 | delta_l2=1.306049e+01 | delta_rel=3.979806e+00 | train_loss=4.433402e-03 | test_loss=5.140107e-03 | nmse=-1.987998e+01
I 06.07/22:13:48 solver.py:224 ] 
=! Best NMSE: -1.9953e+01 (epoch=79)

I 06.07/22:13:49 solver.py:159 ] Epoch: [82/200][20/282] lr: 3.84e-04 | MSE loss: 4.7076e-03 | time: 0.042
I 06.07/22:13:50 solver.py:159 ] Epoch: [82/200][40/282] lr: 3.84e-04 | MSE loss: 4.5999e-03 | time: 0.041
I 06.07/22:13:50 solver.py:159 ] Epoch: [82/200][60/282] lr: 3.83e-04 | MSE loss: 4.4533e-03 | time: 0.041
I 06.07/22:13:51 solver.py:159 ] Epoch: [82/200][80/282] lr: 3.83e-04 | MSE loss: 4.3506e-03 | time: 0.042
I 06.07/22:13:52 solver.py:159 ] Epoch: [82/200][100/282] lr: 3.83e-04 | MSE loss: 4.3273e-03 | time: 0.042
I 06.07/22:13:53 solver.py:159 ] Epoch: [82/200][120/282] lr: 3.83e-04 | MSE loss: 4.4617e-03 | time: 0.042
I 06.07/22:13:54 solver.py:159 ] Epoch: [82/200][140/282] lr: 3.82e-04 | MSE loss: 4.4210e-03 | time: 0.041
I 06.07/22:13:55 solver.py:159 ] Epoch: [82/200][160/282] lr: 3.82e-04 | MSE loss: 4.4287e-03 | time: 0.041
I 06.07/22:13:55 solver.py:159 ] Epoch: [82/200][180/282] lr: 3.82e-04 | MSE loss: 4.4799e-03 | time: 0.041
I 06.07/22:13:56 solver.py:159 ] Epoch: [82/200][200/282] lr: 3.82e-04 | MSE loss: 4.5055e-03 | time: 0.041
I 06.07/22:13:57 solver.py:159 ] Epoch: [82/200][220/282] lr: 3.81e-04 | MSE loss: 4.4381e-03 | time: 0.042
I 06.07/22:13:58 solver.py:159 ] Epoch: [82/200][240/282] lr: 3.81e-04 | MSE loss: 4.4031e-03 | time: 0.041
I 06.07/22:13:59 solver.py:159 ] Epoch: [82/200][260/282] lr: 3.81e-04 | MSE loss: 4.3864e-03 | time: 0.041
I 06.07/22:13:59 solver.py:159 ] Epoch: [82/200][280/282] lr: 3.81e-04 | MSE loss: 4.4285e-03 | time: 0.041
I 06.07/22:13:59 solver.py:169 ] => Train  Loss: 4.4932e-03

I 06.07/22:14:01 solver.py:405 ] [20/32] loss: 5.6983e-03 | NMSE: -1.9065e+01 | time: 0.057
I 06.07/22:14:02 solver.py:413 ] => Test NMSE: -1.9879e+01

I 06.07/22:14:02 solver.py:345 ] => LoRA monitor [epoch=82] | trainable=67584/67584 | non_lora_trainable=0 | lora_l2=1.310629e+01 | lora_A_l2=1.119865e+01 | lora_B_l2=6.809202e+00 | component_l2=decoder:1.310629e+01 | lora_abs_max=1.062327e+00 | delta_l2=1.311653e+01 | delta_rel=3.996884e+00 | train_loss=4.493165e-03 | test_loss=5.141375e-03 | nmse=-1.987891e+01
I 06.07/22:14:02 solver.py:224 ] 
=! Best NMSE: -1.9953e+01 (epoch=79)

I 06.07/22:14:04 solver.py:159 ] Epoch: [83/200][20/282] lr: 3.80e-04 | MSE loss: 3.6628e-03 | time: 0.110
I 06.07/22:14:05 solver.py:159 ] Epoch: [83/200][40/282] lr: 3.80e-04 | MSE loss: 4.4142e-03 | time: 0.080
I 06.07/22:14:06 solver.py:159 ] Epoch: [83/200][60/282] lr: 3.80e-04 | MSE loss: 4.2614e-03 | time: 0.066
I 06.07/22:14:07 solver.py:159 ] Epoch: [83/200][80/282] lr: 3.80e-04 | MSE loss: 4.0023e-03 | time: 0.060
I 06.07/22:14:07 solver.py:159 ] Epoch: [83/200][100/282] lr: 3.79e-04 | MSE loss: 3.9376e-03 | time: 0.056
I 06.07/22:14:08 solver.py:159 ] Epoch: [83/200][120/282] lr: 3.79e-04 | MSE loss: 4.0968e-03 | time: 0.053
I 06.07/22:14:09 solver.py:159 ] Epoch: [83/200][140/282] lr: 3.79e-04 | MSE loss: 4.1360e-03 | time: 0.051
I 06.07/22:14:10 solver.py:159 ] Epoch: [83/200][160/282] lr: 3.79e-04 | MSE loss: 4.3042e-03 | time: 0.050
I 06.07/22:14:11 solver.py:159 ] Epoch: [83/200][180/282] lr: 3.78e-04 | MSE loss: 4.3160e-03 | time: 0.048
I 06.07/22:14:11 solver.py:159 ] Epoch: [83/200][200/282] lr: 3.78e-04 | MSE loss: 4.2409e-03 | time: 0.048
I 06.07/22:14:12 solver.py:159 ] Epoch: [83/200][220/282] lr: 3.78e-04 | MSE loss: 4.2941e-03 | time: 0.047
I 06.07/22:14:13 solver.py:159 ] Epoch: [83/200][240/282] lr: 3.78e-04 | MSE loss: 4.3106e-03 | time: 0.047
I 06.07/22:14:14 solver.py:159 ] Epoch: [83/200][260/282] lr: 3.77e-04 | MSE loss: 4.3199e-03 | time: 0.047
I 06.07/22:14:15 solver.py:159 ] Epoch: [83/200][280/282] lr: 3.77e-04 | MSE loss: 4.4019e-03 | time: 0.046
I 06.07/22:14:15 solver.py:169 ] => Train  Loss: 4.3867e-03

I 06.07/22:14:16 solver.py:405 ] [20/32] loss: 5.5750e-03 | NMSE: -1.9154e+01 | time: 0.038
I 06.07/22:14:16 solver.py:413 ] => Test NMSE: -1.9975e+01

I 06.07/22:14:16 solver.py:345 ] => LoRA monitor [epoch=83] | trainable=67584/67584 | non_lora_trainable=0 | lora_l2=1.317012e+01 | lora_A_l2=1.125183e+01 | lora_B_l2=6.844604e+00 | component_l2=decoder:1.317012e+01 | lora_abs_max=1.067443e+00 | delta_l2=1.318071e+01 | delta_rel=4.016441e+00 | train_loss=4.386731e-03 | test_loss=5.028320e-03 | nmse=-1.997547e+01
I 06.07/22:14:16 solver.py:224 ] 
=! Best NMSE: -1.9975e+01 (epoch=83)

I 06.07/22:14:17 solver.py:159 ] Epoch: [84/200][20/282] lr: 3.77e-04 | MSE loss: 3.3385e-03 | time: 0.041
I 06.07/22:14:18 solver.py:159 ] Epoch: [84/200][40/282] lr: 3.77e-04 | MSE loss: 4.2205e-03 | time: 0.040
I 06.07/22:14:19 solver.py:159 ] Epoch: [84/200][60/282] lr: 3.76e-04 | MSE loss: 4.1083e-03 | time: 0.040
I 06.07/22:14:19 solver.py:159 ] Epoch: [84/200][80/282] lr: 3.76e-04 | MSE loss: 4.2418e-03 | time: 0.040
I 06.07/22:14:20 solver.py:159 ] Epoch: [84/200][100/282] lr: 3.76e-04 | MSE loss: 4.3242e-03 | time: 0.040
I 06.07/22:14:21 solver.py:159 ] Epoch: [84/200][120/282] lr: 3.76e-04 | MSE loss: 4.4475e-03 | time: 0.040
I 06.07/22:14:22 solver.py:159 ] Epoch: [84/200][140/282] lr: 3.75e-04 | MSE loss: 4.4513e-03 | time: 0.041
I 06.07/22:14:23 solver.py:159 ] Epoch: [84/200][160/282] lr: 3.75e-04 | MSE loss: 4.4315e-03 | time: 0.040
I 06.07/22:14:23 solver.py:159 ] Epoch: [84/200][180/282] lr: 3.75e-04 | MSE loss: 4.4295e-03 | time: 0.040
I 06.07/22:14:24 solver.py:159 ] Epoch: [84/200][200/282] lr: 3.75e-04 | MSE loss: 4.4190e-03 | time: 0.040
I 06.07/22:14:25 solver.py:159 ] Epoch: [84/200][220/282] lr: 3.74e-04 | MSE loss: 4.4230e-03 | time: 0.040
I 06.07/22:14:26 solver.py:159 ] Epoch: [84/200][240/282] lr: 3.74e-04 | MSE loss: 4.4302e-03 | time: 0.040
I 06.07/22:14:27 solver.py:159 ] Epoch: [84/200][260/282] lr: 3.74e-04 | MSE loss: 4.4232e-03 | time: 0.040
I 06.07/22:14:27 solver.py:159 ] Epoch: [84/200][280/282] lr: 3.74e-04 | MSE loss: 4.3805e-03 | time: 0.040
I 06.07/22:14:27 solver.py:169 ] => Train  Loss: 4.4012e-03

I 06.07/22:14:28 solver.py:405 ] [20/32] loss: 5.5950e-03 | NMSE: -1.9150e+01 | time: 0.039
I 06.07/22:14:29 solver.py:413 ] => Test NMSE: -1.9955e+01

I 06.07/22:14:29 solver.py:345 ] => LoRA monitor [epoch=84] | trainable=67584/67584 | non_lora_trainable=0 | lora_l2=1.323025e+01 | lora_A_l2=1.130232e+01 | lora_B_l2=6.877286e+00 | component_l2=decoder:1.323025e+01 | lora_abs_max=1.071996e+00 | delta_l2=1.324120e+01 | delta_rel=4.034874e+00 | train_loss=4.401167e-03 | test_loss=5.052504e-03 | nmse=-1.995463e+01
I 06.07/22:14:29 solver.py:224 ] 
=! Best NMSE: -1.9975e+01 (epoch=83)

I 06.07/22:14:30 solver.py:159 ] Epoch: [85/200][20/282] lr: 3.73e-04 | MSE loss: 4.4053e-03 | time: 0.047
I 06.07/22:14:31 solver.py:159 ] Epoch: [85/200][40/282] lr: 3.73e-04 | MSE loss: 4.4746e-03 | time: 0.047
I 06.07/22:14:31 solver.py:159 ] Epoch: [85/200][60/282] lr: 3.73e-04 | MSE loss: 4.3836e-03 | time: 0.044
I 06.07/22:14:32 solver.py:159 ] Epoch: [85/200][80/282] lr: 3.73e-04 | MSE loss: 4.4532e-03 | time: 0.042
I 06.07/22:14:33 solver.py:159 ] Epoch: [85/200][100/282] lr: 3.72e-04 | MSE loss: 4.3184e-03 | time: 0.041
I 06.07/22:14:34 solver.py:159 ] Epoch: [85/200][120/282] lr: 3.72e-04 | MSE loss: 4.3650e-03 | time: 0.040
I 06.07/22:14:34 solver.py:159 ] Epoch: [85/200][140/282] lr: 3.72e-04 | MSE loss: 4.2945e-03 | time: 0.041
I 06.07/22:14:35 solver.py:159 ] Epoch: [85/200][160/282] lr: 3.72e-04 | MSE loss: 4.3002e-03 | time: 0.040
I 06.07/22:14:36 solver.py:159 ] Epoch: [85/200][180/282] lr: 3.71e-04 | MSE loss: 4.3388e-03 | time: 0.040
I 06.07/22:14:37 solver.py:159 ] Epoch: [85/200][200/282] lr: 3.71e-04 | MSE loss: 4.3618e-03 | time: 0.040
I 06.07/22:14:38 solver.py:159 ] Epoch: [85/200][220/282] lr: 3.71e-04 | MSE loss: 4.3954e-03 | time: 0.040
I 06.07/22:14:38 solver.py:159 ] Epoch: [85/200][240/282] lr: 3.71e-04 | MSE loss: 4.4147e-03 | time: 0.040
I 06.07/22:14:39 solver.py:159 ] Epoch: [85/200][260/282] lr: 3.70e-04 | MSE loss: 4.4154e-03 | time: 0.040
I 06.07/22:14:40 solver.py:159 ] Epoch: [85/200][280/282] lr: 3.70e-04 | MSE loss: 4.4079e-03 | time: 0.040
I 06.07/22:14:40 solver.py:169 ] => Train  Loss: 4.4219e-03

I 06.07/22:14:41 solver.py:405 ] [20/32] loss: 5.5965e-03 | NMSE: -1.9148e+01 | time: 0.035
I 06.07/22:14:41 solver.py:413 ] => Test NMSE: -1.9956e+01

I 06.07/22:14:41 solver.py:345 ] => LoRA monitor [epoch=85] | trainable=67584/67584 | non_lora_trainable=0 | lora_l2=1.329025e+01 | lora_A_l2=1.135412e+01 | lora_B_l2=6.907580e+00 | component_l2=decoder:1.329025e+01 | lora_abs_max=1.073888e+00 | delta_l2=1.330235e+01 | delta_rel=4.053507e+00 | train_loss=4.421930e-03 | test_loss=5.051128e-03 | nmse=-1.995582e+01
I 06.07/22:14:41 solver.py:224 ] 
=! Best NMSE: -1.9975e+01 (epoch=83)

I 06.07/22:14:42 solver.py:159 ] Epoch: [86/200][20/282] lr: 3.70e-04 | MSE loss: 5.5305e-03 | time: 0.041
I 06.07/22:14:43 solver.py:159 ] Epoch: [86/200][40/282] lr: 3.70e-04 | MSE loss: 4.6300e-03 | time: 0.041
I 06.07/22:14:43 solver.py:159 ] Epoch: [86/200][60/282] lr: 3.69e-04 | MSE loss: 4.6013e-03 | time: 0.039
I 06.07/22:14:44 solver.py:159 ] Epoch: [86/200][80/282] lr: 3.69e-04 | MSE loss: 4.5951e-03 | time: 0.039
I 06.07/22:14:45 solver.py:159 ] Epoch: [86/200][100/282] lr: 3.69e-04 | MSE loss: 4.4499e-03 | time: 0.039
I 06.07/22:14:46 solver.py:159 ] Epoch: [86/200][120/282] lr: 3.69e-04 | MSE loss: 4.4484e-03 | time: 0.039
I 06.07/22:14:47 solver.py:159 ] Epoch: [86/200][140/282] lr: 3.68e-04 | MSE loss: 4.4677e-03 | time: 0.040
I 06.07/22:14:47 solver.py:159 ] Epoch: [86/200][160/282] lr: 3.68e-04 | MSE loss: 4.3958e-03 | time: 0.040
I 06.07/22:14:48 solver.py:159 ] Epoch: [86/200][180/282] lr: 3.68e-04 | MSE loss: 4.3660e-03 | time: 0.040
I 06.07/22:14:49 solver.py:159 ] Epoch: [86/200][200/282] lr: 3.68e-04 | MSE loss: 4.3714e-03 | time: 0.040
I 06.07/22:14:50 solver.py:159 ] Epoch: [86/200][220/282] lr: 3.67e-04 | MSE loss: 4.3469e-03 | time: 0.040
I 06.07/22:14:51 solver.py:159 ] Epoch: [86/200][240/282] lr: 3.67e-04 | MSE loss: 4.3642e-03 | time: 0.040
I 06.07/22:14:51 solver.py:159 ] Epoch: [86/200][260/282] lr: 3.67e-04 | MSE loss: 4.3663e-03 | time: 0.040
I 06.07/22:14:52 solver.py:159 ] Epoch: [86/200][280/282] lr: 3.67e-04 | MSE loss: 4.3946e-03 | time: 0.040
I 06.07/22:14:52 solver.py:169 ] => Train  Loss: 4.3847e-03

I 06.07/22:14:53 solver.py:405 ] [20/32] loss: 5.8015e-03 | NMSE: -1.9030e+01 | time: 0.040
I 06.07/22:14:53 solver.py:413 ] => Test NMSE: -1.9809e+01

I 06.07/22:14:53 solver.py:345 ] => LoRA monitor [epoch=86] | trainable=67584/67584 | non_lora_trainable=0 | lora_l2=1.335794e+01 | lora_A_l2=1.141121e+01 | lora_B_l2=6.943965e+00 | component_l2=decoder:1.335794e+01 | lora_abs_max=1.080378e+00 | delta_l2=1.337020e+01 | delta_rel=4.074181e+00 | train_loss=4.384737e-03 | test_loss=5.224293e-03 | nmse=-1.980943e+01
I 06.07/22:14:53 solver.py:224 ] 
=! Best NMSE: -1.9975e+01 (epoch=83)

I 06.07/22:14:54 solver.py:159 ] Epoch: [87/200][20/282] lr: 3.66e-04 | MSE loss: 4.5891e-03 | time: 0.043
I 06.07/22:14:55 solver.py:159 ] Epoch: [87/200][40/282] lr: 3.66e-04 | MSE loss: 4.9961e-03 | time: 0.043
I 06.07/22:14:56 solver.py:159 ] Epoch: [87/200][60/282] lr: 3.66e-04 | MSE loss: 4.7143e-03 | time: 0.042
I 06.07/22:14:57 solver.py:159 ] Epoch: [87/200][80/282] lr: 3.65e-04 | MSE loss: 4.5619e-03 | time: 0.041
I 06.07/22:14:58 solver.py:159 ] Epoch: [87/200][100/282] lr: 3.65e-04 | MSE loss: 4.3821e-03 | time: 0.041
I 06.07/22:14:58 solver.py:159 ] Epoch: [87/200][120/282] lr: 3.65e-04 | MSE loss: 4.3415e-03 | time: 0.041
I 06.07/22:14:59 solver.py:159 ] Epoch: [87/200][140/282] lr: 3.65e-04 | MSE loss: 4.2632e-03 | time: 0.041
I 06.07/22:15:00 solver.py:159 ] Epoch: [87/200][160/282] lr: 3.64e-04 | MSE loss: 4.2317e-03 | time: 0.041
I 06.07/22:15:01 solver.py:159 ] Epoch: [87/200][180/282] lr: 3.64e-04 | MSE loss: 4.2973e-03 | time: 0.044
I 06.07/22:15:03 solver.py:159 ] Epoch: [87/200][200/282] lr: 3.64e-04 | MSE loss: 4.3439e-03 | time: 0.050
I 06.07/22:15:05 solver.py:159 ] Epoch: [87/200][220/282] lr: 3.64e-04 | MSE loss: 4.3858e-03 | time: 0.052
I 06.07/22:15:06 solver.py:159 ] Epoch: [87/200][240/282] lr: 3.63e-04 | MSE loss: 4.3029e-03 | time: 0.051
I 06.07/22:15:06 solver.py:159 ] Epoch: [87/200][260/282] lr: 3.63e-04 | MSE loss: 4.3863e-03 | time: 0.050
I 06.07/22:15:07 solver.py:159 ] Epoch: [87/200][280/282] lr: 3.63e-04 | MSE loss: 4.3863e-03 | time: 0.049
I 06.07/22:15:07 solver.py:169 ] => Train  Loss: 4.3817e-03

I 06.07/22:15:08 solver.py:405 ] [20/32] loss: 5.5445e-03 | NMSE: -1.9179e+01 | time: 0.027
I 06.07/22:15:08 solver.py:413 ] => Test NMSE: -2.0006e+01

I 06.07/22:15:08 solver.py:345 ] => LoRA monitor [epoch=87] | trainable=67584/67584 | non_lora_trainable=0 | lora_l2=1.341211e+01 | lora_A_l2=1.145814e+01 | lora_B_l2=6.971064e+00 | component_l2=decoder:1.341211e+01 | lora_abs_max=1.087058e+00 | delta_l2=1.342555e+01 | delta_rel=4.091048e+00 | train_loss=4.381681e-03 | test_loss=4.993534e-03 | nmse=-2.000562e+01
I 06.07/22:15:08 solver.py:224 ] 
=! Best NMSE: -2.0006e+01 (epoch=87)

I 06.07/22:15:09 solver.py:159 ] Epoch: [88/200][20/282] lr: 3.63e-04 | MSE loss: 3.7555e-03 | time: 0.047
I 06.07/22:15:10 solver.py:159 ] Epoch: [88/200][40/282] lr: 3.62e-04 | MSE loss: 4.0512e-03 | time: 0.045
I 06.07/22:15:11 solver.py:159 ] Epoch: [88/200][60/282] lr: 3.62e-04 | MSE loss: 4.1651e-03 | time: 0.045
I 06.07/22:15:12 solver.py:159 ] Epoch: [88/200][80/282] lr: 3.62e-04 | MSE loss: 4.2603e-03 | time: 0.044
I 06.07/22:15:13 solver.py:159 ] Epoch: [88/200][100/282] lr: 3.62e-04 | MSE loss: 4.4418e-03 | time: 0.043
I 06.07/22:15:13 solver.py:159 ] Epoch: [88/200][120/282] lr: 3.61e-04 | MSE loss: 4.3751e-03 | time: 0.041
I 06.07/22:15:14 solver.py:159 ] Epoch: [88/200][140/282] lr: 3.61e-04 | MSE loss: 4.3503e-03 | time: 0.040
I 06.07/22:15:14 solver.py:159 ] Epoch: [88/200][160/282] lr: 3.61e-04 | MSE loss: 4.3437e-03 | time: 0.039
I 06.07/22:15:15 solver.py:159 ] Epoch: [88/200][180/282] lr: 3.61e-04 | MSE loss: 4.3518e-03 | time: 0.038
I 06.07/22:15:16 solver.py:159 ] Epoch: [88/200][200/282] lr: 3.60e-04 | MSE loss: 4.4371e-03 | time: 0.038
I 06.07/22:15:16 solver.py:159 ] Epoch: [88/200][220/282] lr: 3.60e-04 | MSE loss: 4.4133e-03 | time: 0.037
I 06.07/22:15:17 solver.py:159 ] Epoch: [88/200][240/282] lr: 3.60e-04 | MSE loss: 4.4314e-03 | time: 0.037
I 06.07/22:15:18 solver.py:159 ] Epoch: [88/200][260/282] lr: 3.60e-04 | MSE loss: 4.4041e-03 | time: 0.037
I 06.07/22:15:18 solver.py:159 ] Epoch: [88/200][280/282] lr: 3.59e-04 | MSE loss: 4.3730e-03 | time: 0.036
I 06.07/22:15:19 solver.py:169 ] => Train  Loss: 4.3655e-03

I 06.07/22:15:19 solver.py:405 ] [20/32] loss: 5.5595e-03 | NMSE: -1.9175e+01 | time: 0.032
I 06.07/22:15:20 solver.py:413 ] => Test NMSE: -1.9989e+01

I 06.07/22:15:20 solver.py:345 ] => LoRA monitor [epoch=88] | trainable=67584/67584 | non_lora_trainable=0 | lora_l2=1.346269e+01 | lora_A_l2=1.150152e+01 | lora_B_l2=6.997079e+00 | component_l2=decoder:1.346269e+01 | lora_abs_max=1.089239e+00 | delta_l2=1.347610e+01 | delta_rel=4.106452e+00 | train_loss=4.365521e-03 | test_loss=5.012416e-03 | nmse=-1.998923e+01
I 06.07/22:15:20 solver.py:224 ] 
=! Best NMSE: -2.0006e+01 (epoch=87)

I 06.07/22:15:20 solver.py:159 ] Epoch: [89/200][20/282] lr: 3.59e-04 | MSE loss: 4.8689e-03 | time: 0.036
I 06.07/22:15:21 solver.py:159 ] Epoch: [89/200][40/282] lr: 3.59e-04 | MSE loss: 4.2208e-03 | time: 0.035
I 06.07/22:15:22 solver.py:159 ] Epoch: [89/200][60/282] lr: 3.59e-04 | MSE loss: 4.3448e-03 | time: 0.034
I 06.07/22:15:22 solver.py:159 ] Epoch: [89/200][80/282] lr: 3.58e-04 | MSE loss: 4.5293e-03 | time: 0.034
I 06.07/22:15:23 solver.py:159 ] Epoch: [89/200][100/282] lr: 3.58e-04 | MSE loss: 4.5051e-03 | time: 0.034
I 06.07/22:15:24 solver.py:159 ] Epoch: [89/200][120/282] lr: 3.58e-04 | MSE loss: 4.4307e-03 | time: 0.034
I 06.07/22:15:24 solver.py:159 ] Epoch: [89/200][140/282] lr: 3.57e-04 | MSE loss: 4.4119e-03 | time: 0.034
I 06.07/22:15:25 solver.py:159 ] Epoch: [89/200][160/282] lr: 3.57e-04 | MSE loss: 4.3470e-03 | time: 0.034
I 06.07/22:15:26 solver.py:159 ] Epoch: [89/200][180/282] lr: 3.57e-04 | MSE loss: 4.5223e-03 | time: 0.034
I 06.07/22:15:26 solver.py:159 ] Epoch: [89/200][200/282] lr: 3.57e-04 | MSE loss: 4.5298e-03 | time: 0.034
I 06.07/22:15:27 solver.py:159 ] Epoch: [89/200][220/282] lr: 3.56e-04 | MSE loss: 4.4716e-03 | time: 0.034
I 06.07/22:15:28 solver.py:159 ] Epoch: [89/200][240/282] lr: 3.56e-04 | MSE loss: 4.4764e-03 | time: 0.034
I 06.07/22:15:28 solver.py:159 ] Epoch: [89/200][260/282] lr: 3.56e-04 | MSE loss: 4.4266e-03 | time: 0.034
I 06.07/22:15:29 solver.py:159 ] Epoch: [89/200][280/282] lr: 3.56e-04 | MSE loss: 4.3971e-03 | time: 0.034
I 06.07/22:15:29 solver.py:169 ] => Train  Loss: 4.4128e-03

I 06.07/22:15:30 solver.py:405 ] [20/32] loss: 5.6287e-03 | NMSE: -1.9125e+01 | time: 0.029
I 06.07/22:15:30 solver.py:413 ] => Test NMSE: -1.9939e+01

I 06.07/22:15:30 solver.py:345 ] => LoRA monitor [epoch=89] | trainable=67584/67584 | non_lora_trainable=0 | lora_l2=1.351186e+01 | lora_A_l2=1.154497e+01 | lora_B_l2=7.020268e+00 | component_l2=decoder:1.351186e+01 | lora_abs_max=1.091077e+00 | delta_l2=1.352600e+01 | delta_rel=4.121657e+00 | train_loss=4.412772e-03 | test_loss=5.071283e-03 | nmse=-1.993852e+01
I 06.07/22:15:30 solver.py:224 ] 
=! Best NMSE: -2.0006e+01 (epoch=87)

I 06.07/22:15:31 solver.py:159 ] Epoch: [90/200][20/282] lr: 3.55e-04 | MSE loss: 3.4519e-03 | time: 0.034
I 06.07/22:15:31 solver.py:159 ] Epoch: [90/200][40/282] lr: 3.55e-04 | MSE loss: 3.5342e-03 | time: 0.034
I 06.07/22:15:32 solver.py:159 ] Epoch: [90/200][60/282] lr: 3.55e-04 | MSE loss: 3.9101e-03 | time: 0.035
I 06.07/22:15:33 solver.py:159 ] Epoch: [90/200][80/282] lr: 3.55e-04 | MSE loss: 4.0268e-03 | time: 0.034
I 06.07/22:15:33 solver.py:159 ] Epoch: [90/200][100/282] lr: 3.54e-04 | MSE loss: 4.1447e-03 | time: 0.034
I 06.07/22:15:34 solver.py:159 ] Epoch: [90/200][120/282] lr: 3.54e-04 | MSE loss: 4.0696e-03 | time: 0.034
I 06.07/22:15:35 solver.py:159 ] Epoch: [90/200][140/282] lr: 3.54e-04 | MSE loss: 4.1266e-03 | time: 0.034
I 06.07/22:15:35 solver.py:159 ] Epoch: [90/200][160/282] lr: 3.54e-04 | MSE loss: 4.2797e-03 | time: 0.034
I 06.07/22:15:36 solver.py:159 ] Epoch: [90/200][180/282] lr: 3.53e-04 | MSE loss: 4.4168e-03 | time: 0.034
I 06.07/22:15:37 solver.py:159 ] Epoch: [90/200][200/282] lr: 3.53e-04 | MSE loss: 4.3765e-03 | time: 0.034
I 06.07/22:15:37 solver.py:159 ] Epoch: [90/200][220/282] lr: 3.53e-04 | MSE loss: 4.3144e-03 | time: 0.034
I 06.07/22:15:38 solver.py:159 ] Epoch: [90/200][240/282] lr: 3.53e-04 | MSE loss: 4.3631e-03 | time: 0.034
I 06.07/22:15:39 solver.py:159 ] Epoch: [90/200][260/282] lr: 3.52e-04 | MSE loss: 4.3520e-03 | time: 0.034
I 06.07/22:15:40 solver.py:159 ] Epoch: [90/200][280/282] lr: 3.52e-04 | MSE loss: 4.3884e-03 | time: 0.034
I 06.07/22:15:40 solver.py:169 ] => Train  Loss: 4.3678e-03

I 06.07/22:15:40 solver.py:159 ] Epoch: [90/200][20/32] lr: 3.52e-04 | MSE loss: 5.5803e-03 | time: 0.030
I 06.07/22:15:41 solver.py:169 ] => Val  Loss: 4.9641e-03

I 06.07/22:15:41 solver.py:405 ] [20/32] loss: 5.5803e-03 | NMSE: -1.9165e+01 | time: 0.026
I 06.07/22:15:41 solver.py:413 ] => Test NMSE: -1.9972e+01

I 06.07/22:15:41 solver.py:345 ] => LoRA monitor [epoch=90] | trainable=67584/67584 | non_lora_trainable=0 | lora_l2=1.357143e+01 | lora_A_l2=1.159618e+01 | lora_B_l2=7.050697e+00 | component_l2=decoder:1.357143e+01 | lora_abs_max=1.097166e+00 | delta_l2=1.358620e+01 | delta_rel=4.140001e+00 | train_loss=4.367833e-03 | val_loss=4.964133e-03 | test_loss=5.032568e-03 | nmse=-1.997180e+01
I 06.07/22:15:41 solver.py:224 ] 
=! Best NMSE: -2.0006e+01 (epoch=87)

I 06.07/22:15:42 solver.py:159 ] Epoch: [91/200][20/282] lr: 3.52e-04 | MSE loss: 4.2027e-03 | time: 0.034
I 06.07/22:15:43 solver.py:159 ] Epoch: [91/200][40/282] lr: 3.51e-04 | MSE loss: 4.4887e-03 | time: 0.034
I 06.07/22:15:43 solver.py:159 ] Epoch: [91/200][60/282] lr: 3.51e-04 | MSE loss: 4.3744e-03 | time: 0.034
I 06.07/22:15:44 solver.py:159 ] Epoch: [91/200][80/282] lr: 3.51e-04 | MSE loss: 4.4695e-03 | time: 0.034
I 06.07/22:15:45 solver.py:159 ] Epoch: [91/200][100/282] lr: 3.51e-04 | MSE loss: 4.3833e-03 | time: 0.035
I 06.07/22:15:46 solver.py:159 ] Epoch: [91/200][120/282] lr: 3.50e-04 | MSE loss: 4.3784e-03 | time: 0.035
I 06.07/22:15:46 solver.py:159 ] Epoch: [91/200][140/282] lr: 3.50e-04 | MSE loss: 4.4204e-03 | time: 0.035
I 06.07/22:15:47 solver.py:159 ] Epoch: [91/200][160/282] lr: 3.50e-04 | MSE loss: 4.3682e-03 | time: 0.034
I 06.07/22:15:47 solver.py:159 ] Epoch: [91/200][180/282] lr: 3.50e-04 | MSE loss: 4.2955e-03 | time: 0.034
I 06.07/22:15:48 solver.py:159 ] Epoch: [91/200][200/282] lr: 3.49e-04 | MSE loss: 4.3658e-03 | time: 0.034
I 06.07/22:15:49 solver.py:159 ] Epoch: [91/200][220/282] lr: 3.49e-04 | MSE loss: 4.4164e-03 | time: 0.034
I 06.07/22:15:50 solver.py:159 ] Epoch: [91/200][240/282] lr: 3.49e-04 | MSE loss: 4.3843e-03 | time: 0.034
I 06.07/22:15:50 solver.py:159 ] Epoch: [91/200][260/282] lr: 3.49e-04 | MSE loss: 4.3458e-03 | time: 0.034
I 06.07/22:15:51 solver.py:159 ] Epoch: [91/200][280/282] lr: 3.48e-04 | MSE loss: 4.3550e-03 | time: 0.034
I 06.07/22:15:51 solver.py:169 ] => Train  Loss: 4.3463e-03

I 06.07/22:15:52 solver.py:405 ] [20/32] loss: 5.5592e-03 | NMSE: -1.9168e+01 | time: 0.029
I 06.07/22:15:52 solver.py:413 ] => Test NMSE: -1.9981e+01

I 06.07/22:15:52 solver.py:345 ] => LoRA monitor [epoch=91] | trainable=67584/67584 | non_lora_trainable=0 | lora_l2=1.363256e+01 | lora_A_l2=1.164823e+01 | lora_B_l2=7.082758e+00 | component_l2=decoder:1.363256e+01 | lora_abs_max=1.101670e+00 | delta_l2=1.364736e+01 | delta_rel=4.158639e+00 | train_loss=4.346254e-03 | test_loss=5.022062e-03 | nmse=-1.998088e+01
I 06.07/22:15:52 solver.py:224 ] 
=! Best NMSE: -2.0006e+01 (epoch=87)

I 06.07/22:15:53 solver.py:159 ] Epoch: [92/200][20/282] lr: 3.48e-04 | MSE loss: 3.8145e-03 | time: 0.033
I 06.07/22:15:53 solver.py:159 ] Epoch: [92/200][40/282] lr: 3.48e-04 | MSE loss: 3.9854e-03 | time: 0.034
I 06.07/22:15:54 solver.py:159 ] Epoch: [92/200][60/282] lr: 3.47e-04 | MSE loss: 4.1171e-03 | time: 0.033
I 06.07/22:15:55 solver.py:159 ] Epoch: [92/200][80/282] lr: 3.47e-04 | MSE loss: 4.0372e-03 | time: 0.033
I 06.07/22:15:55 solver.py:159 ] Epoch: [92/200][100/282] lr: 3.47e-04 | MSE loss: 4.1362e-03 | time: 0.033
I 06.07/22:15:56 solver.py:159 ] Epoch: [92/200][120/282] lr: 3.47e-04 | MSE loss: 4.2542e-03 | time: 0.034
I 06.07/22:15:57 solver.py:159 ] Epoch: [92/200][140/282] lr: 3.46e-04 | MSE loss: 4.2710e-03 | time: 0.034
I 06.07/22:15:57 solver.py:159 ] Epoch: [92/200][160/282] lr: 3.46e-04 | MSE loss: 4.2714e-03 | time: 0.033
I 06.07/22:15:58 solver.py:159 ] Epoch: [92/200][180/282] lr: 3.46e-04 | MSE loss: 4.3380e-03 | time: 0.033
I 06.07/22:15:59 solver.py:159 ] Epoch: [92/200][200/282] lr: 3.46e-04 | MSE loss: 4.3465e-03 | time: 0.033
I 06.07/22:15:59 solver.py:159 ] Epoch: [92/200][220/282] lr: 3.45e-04 | MSE loss: 4.4153e-03 | time: 0.034
I 06.07/22:16:00 solver.py:159 ] Epoch: [92/200][240/282] lr: 3.45e-04 | MSE loss: 4.3503e-03 | time: 0.035
I 06.07/22:16:02 solver.py:159 ] Epoch: [92/200][260/282] lr: 3.45e-04 | MSE loss: 4.3283e-03 | time: 0.039
I 06.07/22:16:04 solver.py:159 ] Epoch: [92/200][280/282] lr: 3.45e-04 | MSE loss: 4.3742e-03 | time: 0.044
I 06.07/22:16:04 solver.py:169 ] => Train  Loss: 4.3936e-03

I 06.07/22:16:05 solver.py:405 ] [20/32] loss: 5.5682e-03 | NMSE: -1.9173e+01 | time: 0.039
I 06.07/22:16:05 solver.py:413 ] => Test NMSE: -1.9983e+01

I 06.07/22:16:05 solver.py:345 ] => LoRA monitor [epoch=92] | trainable=67584/67584 | non_lora_trainable=0 | lora_l2=1.368561e+01 | lora_A_l2=1.169534e+01 | lora_B_l2=7.107384e+00 | component_l2=decoder:1.368561e+01 | lora_abs_max=1.107056e+00 | delta_l2=1.370123e+01 | delta_rel=4.175053e+00 | train_loss=4.393569e-03 | test_loss=5.019988e-03 | nmse=-1.998267e+01
I 06.07/22:16:05 solver.py:224 ] 
=! Best NMSE: -2.0006e+01 (epoch=87)

I 06.07/22:16:06 solver.py:159 ] Epoch: [93/200][20/282] lr: 3.44e-04 | MSE loss: 4.9806e-03 | time: 0.037
I 06.07/22:16:07 solver.py:159 ] Epoch: [93/200][40/282] lr: 3.44e-04 | MSE loss: 4.6182e-03 | time: 0.035
I 06.07/22:16:08 solver.py:159 ] Epoch: [93/200][60/282] lr: 3.44e-04 | MSE loss: 4.4164e-03 | time: 0.036
I 06.07/22:16:08 solver.py:159 ] Epoch: [93/200][80/282] lr: 3.43e-04 | MSE loss: 4.1013e-03 | time: 0.035
I 06.07/22:16:09 solver.py:159 ] Epoch: [93/200][100/282] lr: 3.43e-04 | MSE loss: 4.0570e-03 | time: 0.035
I 06.07/22:16:10 solver.py:159 ] Epoch: [93/200][120/282] lr: 3.43e-04 | MSE loss: 4.4006e-03 | time: 0.034
I 06.07/22:16:10 solver.py:159 ] Epoch: [93/200][140/282] lr: 3.43e-04 | MSE loss: 4.3927e-03 | time: 0.034
I 06.07/22:16:11 solver.py:159 ] Epoch: [93/200][160/282] lr: 3.42e-04 | MSE loss: 4.3091e-03 | time: 0.034
I 06.07/22:16:12 solver.py:159 ] Epoch: [93/200][180/282] lr: 3.42e-04 | MSE loss: 4.3846e-03 | time: 0.034
I 06.07/22:16:12 solver.py:159 ] Epoch: [93/200][200/282] lr: 3.42e-04 | MSE loss: 4.4102e-03 | time: 0.034
I 06.07/22:16:13 solver.py:159 ] Epoch: [93/200][220/282] lr: 3.42e-04 | MSE loss: 4.3705e-03 | time: 0.035
I 06.07/22:16:14 solver.py:159 ] Epoch: [93/200][240/282] lr: 3.41e-04 | MSE loss: 4.3273e-03 | time: 0.035
I 06.07/22:16:14 solver.py:159 ] Epoch: [93/200][260/282] lr: 3.41e-04 | MSE loss: 4.3681e-03 | time: 0.034
I 06.07/22:16:15 solver.py:159 ] Epoch: [93/200][280/282] lr: 3.41e-04 | MSE loss: 4.3657e-03 | time: 0.034
I 06.07/22:16:15 solver.py:169 ] => Train  Loss: 4.3745e-03

I 06.07/22:16:16 solver.py:405 ] [20/32] loss: 5.6220e-03 | NMSE: -1.9106e+01 | time: 0.026
I 06.07/22:16:16 solver.py:413 ] => Test NMSE: -1.9942e+01

I 06.07/22:16:16 solver.py:345 ] => LoRA monitor [epoch=93] | trainable=67584/67584 | non_lora_trainable=0 | lora_l2=1.374096e+01 | lora_A_l2=1.174263e+01 | lora_B_l2=7.136147e+00 | component_l2=decoder:1.374096e+01 | lora_abs_max=1.109962e+00 | delta_l2=1.375716e+01 | delta_rel=4.192098e+00 | train_loss=4.374486e-03 | test_loss=5.067125e-03 | nmse=-1.994209e+01
I 06.07/22:16:16 solver.py:224 ] 
=! Best NMSE: -2.0006e+01 (epoch=87)

I 06.07/22:16:17 solver.py:159 ] Epoch: [94/200][20/282] lr: 3.41e-04 | MSE loss: 4.7042e-03 | time: 0.036
I 06.07/22:16:17 solver.py:159 ] Epoch: [94/200][40/282] lr: 3.40e-04 | MSE loss: 5.0237e-03 | time: 0.034
I 06.07/22:16:18 solver.py:159 ] Epoch: [94/200][60/282] lr: 3.40e-04 | MSE loss: 4.6679e-03 | time: 0.035
I 06.07/22:16:19 solver.py:159 ] Epoch: [94/200][80/282] lr: 3.40e-04 | MSE loss: 4.8932e-03 | time: 0.035
I 06.07/22:16:19 solver.py:159 ] Epoch: [94/200][100/282] lr: 3.39e-04 | MSE loss: 4.6535e-03 | time: 0.034
I 06.07/22:16:20 solver.py:159 ] Epoch: [94/200][120/282] lr: 3.39e-04 | MSE loss: 4.5830e-03 | time: 0.035
I 06.07/22:16:21 solver.py:159 ] Epoch: [94/200][140/282] lr: 3.39e-04 | MSE loss: 4.5229e-03 | time: 0.035
I 06.07/22:16:21 solver.py:159 ] Epoch: [94/200][160/282] lr: 3.39e-04 | MSE loss: 4.5231e-03 | time: 0.035
I 06.07/22:16:22 solver.py:159 ] Epoch: [94/200][180/282] lr: 3.38e-04 | MSE loss: 4.4973e-03 | time: 0.035
I 06.07/22:16:23 solver.py:159 ] Epoch: [94/200][200/282] lr: 3.38e-04 | MSE loss: 4.4899e-03 | time: 0.035
I 06.07/22:16:23 solver.py:159 ] Epoch: [94/200][220/282] lr: 3.38e-04 | MSE loss: 4.4996e-03 | time: 0.034
I 06.07/22:16:24 solver.py:159 ] Epoch: [94/200][240/282] lr: 3.38e-04 | MSE loss: 4.4663e-03 | time: 0.034
I 06.07/22:16:25 solver.py:159 ] Epoch: [94/200][260/282] lr: 3.37e-04 | MSE loss: 4.3794e-03 | time: 0.034
I 06.07/22:16:26 solver.py:159 ] Epoch: [94/200][280/282] lr: 3.37e-04 | MSE loss: 4.3561e-03 | time: 0.034
I 06.07/22:16:26 solver.py:169 ] => Train  Loss: 4.3906e-03

I 06.07/22:16:26 solver.py:405 ] [20/32] loss: 5.4960e-03 | NMSE: -1.9225e+01 | time: 0.033
I 06.07/22:16:27 solver.py:413 ] => Test NMSE: -2.0045e+01

I 06.07/22:16:27 solver.py:345 ] => LoRA monitor [epoch=94] | trainable=67584/67584 | non_lora_trainable=0 | lora_l2=1.379128e+01 | lora_A_l2=1.178522e+01 | lora_B_l2=7.162949e+00 | component_l2=decoder:1.379128e+01 | lora_abs_max=1.114248e+00 | delta_l2=1.380762e+01 | delta_rel=4.207474e+00 | train_loss=4.390614e-03 | test_loss=4.948706e-03 | nmse=-2.004478e+01
I 06.07/22:16:27 solver.py:224 ] 
=! Best NMSE: -2.0045e+01 (epoch=94)

I 06.07/22:16:28 solver.py:159 ] Epoch: [95/200][20/282] lr: 3.37e-04 | MSE loss: 5.3563e-03 | time: 0.038
I 06.07/22:16:28 solver.py:159 ] Epoch: [95/200][40/282] lr: 3.36e-04 | MSE loss: 4.6540e-03 | time: 0.036
I 06.07/22:16:29 solver.py:159 ] Epoch: [95/200][60/282] lr: 3.36e-04 | MSE loss: 4.6110e-03 | time: 0.036
I 06.07/22:16:30 solver.py:159 ] Epoch: [95/200][80/282] lr: 3.36e-04 | MSE loss: 4.5503e-03 | time: 0.035
I 06.07/22:16:30 solver.py:159 ] Epoch: [95/200][100/282] lr: 3.36e-04 | MSE loss: 4.4650e-03 | time: 0.035
I 06.07/22:16:31 solver.py:159 ] Epoch: [95/200][120/282] lr: 3.35e-04 | MSE loss: 4.4224e-03 | time: 0.035
I 06.07/22:16:32 solver.py:159 ] Epoch: [95/200][140/282] lr: 3.35e-04 | MSE loss: 4.3759e-03 | time: 0.035
I 06.07/22:16:32 solver.py:159 ] Epoch: [95/200][160/282] lr: 3.35e-04 | MSE loss: 4.4997e-03 | time: 0.035
I 06.07/22:16:33 solver.py:159 ] Epoch: [95/200][180/282] lr: 3.35e-04 | MSE loss: 4.5369e-03 | time: 0.035
I 06.07/22:16:34 solver.py:159 ] Epoch: [95/200][200/282] lr: 3.34e-04 | MSE loss: 4.5236e-03 | time: 0.035
I 06.07/22:16:34 solver.py:159 ] Epoch: [95/200][220/282] lr: 3.34e-04 | MSE loss: 4.4929e-03 | time: 0.035
I 06.07/22:16:35 solver.py:159 ] Epoch: [95/200][240/282] lr: 3.34e-04 | MSE loss: 4.4658e-03 | time: 0.035
I 06.07/22:16:36 solver.py:159 ] Epoch: [95/200][260/282] lr: 3.34e-04 | MSE loss: 4.4306e-03 | time: 0.035
I 06.07/22:16:36 solver.py:159 ] Epoch: [95/200][280/282] lr: 3.33e-04 | MSE loss: 4.3555e-03 | time: 0.034
I 06.07/22:16:36 solver.py:169 ] => Train  Loss: 4.3612e-03

I 06.07/22:16:37 solver.py:405 ] [20/32] loss: 5.5331e-03 | NMSE: -1.9208e+01 | time: 0.029
I 06.07/22:16:37 solver.py:413 ] => Test NMSE: -2.0012e+01

I 06.07/22:16:37 solver.py:345 ] => LoRA monitor [epoch=95] | trainable=67584/67584 | non_lora_trainable=0 | lora_l2=1.384374e+01 | lora_A_l2=1.182997e+01 | lora_B_l2=7.190347e+00 | component_l2=decoder:1.384374e+01 | lora_abs_max=1.117186e+00 | delta_l2=1.386069e+01 | delta_rel=4.223644e+00 | train_loss=4.361151e-03 | test_loss=4.986554e-03 | nmse=-2.001169e+01
I 06.07/22:16:37 solver.py:224 ] 
=! Best NMSE: -2.0045e+01 (epoch=94)

I 06.07/22:16:38 solver.py:159 ] Epoch: [96/200][20/282] lr: 3.33e-04 | MSE loss: 3.7076e-03 | time: 0.039
I 06.07/22:16:39 solver.py:159 ] Epoch: [96/200][40/282] lr: 3.33e-04 | MSE loss: 3.8819e-03 | time: 0.038
I 06.07/22:16:40 solver.py:159 ] Epoch: [96/200][60/282] lr: 3.32e-04 | MSE loss: 3.9497e-03 | time: 0.037
I 06.07/22:16:40 solver.py:159 ] Epoch: [96/200][80/282] lr: 3.32e-04 | MSE loss: 3.9929e-03 | time: 0.037
I 06.07/22:16:41 solver.py:159 ] Epoch: [96/200][100/282] lr: 3.32e-04 | MSE loss: 4.0724e-03 | time: 0.037
I 06.07/22:16:42 solver.py:159 ] Epoch: [96/200][120/282] lr: 3.32e-04 | MSE loss: 4.4313e-03 | time: 0.037
I 06.07/22:16:43 solver.py:159 ] Epoch: [96/200][140/282] lr: 3.31e-04 | MSE loss: 4.2676e-03 | time: 0.037
I 06.07/22:16:43 solver.py:159 ] Epoch: [96/200][160/282] lr: 3.31e-04 | MSE loss: 4.3269e-03 | time: 0.036
I 06.07/22:16:44 solver.py:159 ] Epoch: [96/200][180/282] lr: 3.31e-04 | MSE loss: 4.2678e-03 | time: 0.036
I 06.07/22:16:45 solver.py:159 ] Epoch: [96/200][200/282] lr: 3.31e-04 | MSE loss: 4.2292e-03 | time: 0.036
I 06.07/22:16:45 solver.py:159 ] Epoch: [96/200][220/282] lr: 3.30e-04 | MSE loss: 4.2617e-03 | time: 0.036
I 06.07/22:16:46 solver.py:159 ] Epoch: [96/200][240/282] lr: 3.30e-04 | MSE loss: 4.2181e-03 | time: 0.036
I 06.07/22:16:47 solver.py:159 ] Epoch: [96/200][260/282] lr: 3.30e-04 | MSE loss: 4.1942e-03 | time: 0.036
I 06.07/22:16:47 solver.py:159 ] Epoch: [96/200][280/282] lr: 3.29e-04 | MSE loss: 4.3323e-03 | time: 0.035
I 06.07/22:16:47 solver.py:169 ] => Train  Loss: 4.3404e-03

I 06.07/22:16:48 solver.py:405 ] [20/32] loss: 5.6313e-03 | NMSE: -1.9097e+01 | time: 0.031
I 06.07/22:16:48 solver.py:413 ] => Test NMSE: -1.9938e+01

I 06.07/22:16:48 solver.py:345 ] => LoRA monitor [epoch=96] | trainable=67584/67584 | non_lora_trainable=0 | lora_l2=1.388945e+01 | lora_A_l2=1.186903e+01 | lora_B_l2=7.214084e+00 | component_l2=decoder:1.388945e+01 | lora_abs_max=1.122870e+00 | delta_l2=1.390658e+01 | delta_rel=4.237628e+00 | train_loss=4.340429e-03 | test_loss=5.071397e-03 | nmse=-1.993843e+01
I 06.07/22:16:48 solver.py:224 ] 
=! Best NMSE: -2.0045e+01 (epoch=94)

I 06.07/22:16:49 solver.py:159 ] Epoch: [97/200][20/282] lr: 3.29e-04 | MSE loss: 3.6823e-03 | time: 0.037
I 06.07/22:16:50 solver.py:159 ] Epoch: [97/200][40/282] lr: 3.29e-04 | MSE loss: 4.0796e-03 | time: 0.036
I 06.07/22:16:51 solver.py:159 ] Epoch: [97/200][60/282] lr: 3.29e-04 | MSE loss: 4.1997e-03 | time: 0.037
I 06.07/22:16:51 solver.py:159 ] Epoch: [97/200][80/282] lr: 3.28e-04 | MSE loss: 4.1574e-03 | time: 0.037
I 06.07/22:16:52 solver.py:159 ] Epoch: [97/200][100/282] lr: 3.28e-04 | MSE loss: 4.1220e-03 | time: 0.036
I 06.07/22:16:53 solver.py:159 ] Epoch: [97/200][120/282] lr: 3.28e-04 | MSE loss: 4.0440e-03 | time: 0.036
I 06.07/22:16:53 solver.py:159 ] Epoch: [97/200][140/282] lr: 3.28e-04 | MSE loss: 4.1058e-03 | time: 0.036
I 06.07/22:16:54 solver.py:159 ] Epoch: [97/200][160/282] lr: 3.27e-04 | MSE loss: 4.1680e-03 | time: 0.035
I 06.07/22:16:55 solver.py:159 ] Epoch: [97/200][180/282] lr: 3.27e-04 | MSE loss: 4.1495e-03 | time: 0.035
I 06.07/22:16:55 solver.py:159 ] Epoch: [97/200][200/282] lr: 3.27e-04 | MSE loss: 4.2404e-03 | time: 0.035
I 06.07/22:16:56 solver.py:159 ] Epoch: [97/200][220/282] lr: 3.26e-04 | MSE loss: 4.2628e-03 | time: 0.035
I 06.07/22:16:57 solver.py:159 ] Epoch: [97/200][240/282] lr: 3.26e-04 | MSE loss: 4.2613e-03 | time: 0.035
I 06.07/22:16:57 solver.py:159 ] Epoch: [97/200][260/282] lr: 3.26e-04 | MSE loss: 4.3041e-03 | time: 0.035
I 06.07/22:16:58 solver.py:159 ] Epoch: [97/200][280/282] lr: 3.26e-04 | MSE loss: 4.3499e-03 | time: 0.035
I 06.07/22:16:58 solver.py:169 ] => Train  Loss: 4.3493e-03

I 06.07/22:16:59 solver.py:405 ] [20/32] loss: 5.5717e-03 | NMSE: -1.9151e+01 | time: 0.030
I 06.07/22:16:59 solver.py:413 ] => Test NMSE: -1.9971e+01

I 06.07/22:16:59 solver.py:345 ] => LoRA monitor [epoch=97] | trainable=67584/67584 | non_lora_trainable=0 | lora_l2=1.392844e+01 | lora_A_l2=1.190290e+01 | lora_B_l2=7.233418e+00 | component_l2=decoder:1.392844e+01 | lora_abs_max=1.125564e+00 | delta_l2=1.394557e+01 | delta_rel=4.249510e+00 | train_loss=4.349260e-03 | test_loss=5.034012e-03 | nmse=-1.997056e+01
I 06.07/22:16:59 solver.py:224 ] 
=! Best NMSE: -2.0045e+01 (epoch=94)

I 06.07/22:17:00 solver.py:159 ] Epoch: [98/200][20/282] lr: 3.25e-04 | MSE loss: 3.7875e-03 | time: 0.036
I 06.07/22:17:01 solver.py:159 ] Epoch: [98/200][40/282] lr: 3.25e-04 | MSE loss: 4.4683e-03 | time: 0.044
I 06.07/22:17:02 solver.py:159 ] Epoch: [98/200][60/282] lr: 3.25e-04 | MSE loss: 4.3377e-03 | time: 0.055
I 06.07/22:17:04 solver.py:159 ] Epoch: [98/200][80/282] lr: 3.25e-04 | MSE loss: 4.6189e-03 | time: 0.063
I 06.07/22:17:05 solver.py:159 ] Epoch: [98/200][100/282] lr: 3.24e-04 | MSE loss: 4.8021e-03 | time: 0.058
I 06.07/22:17:06 solver.py:159 ] Epoch: [98/200][120/282] lr: 3.24e-04 | MSE loss: 4.5699e-03 | time: 0.054
I 06.07/22:17:06 solver.py:159 ] Epoch: [98/200][140/282] lr: 3.24e-04 | MSE loss: 4.5004e-03 | time: 0.051
I 06.07/22:17:07 solver.py:159 ] Epoch: [98/200][160/282] lr: 3.23e-04 | MSE loss: 4.6025e-03 | time: 0.049
I 06.07/22:17:08 solver.py:159 ] Epoch: [98/200][180/282] lr: 3.23e-04 | MSE loss: 4.4143e-03 | time: 0.047
I 06.07/22:17:08 solver.py:159 ] Epoch: [98/200][200/282] lr: 3.23e-04 | MSE loss: 4.3745e-03 | time: 0.046
I 06.07/22:17:09 solver.py:159 ] Epoch: [98/200][220/282] lr: 3.23e-04 | MSE loss: 4.2990e-03 | time: 0.045
I 06.07/22:17:10 solver.py:159 ] Epoch: [98/200][240/282] lr: 3.22e-04 | MSE loss: 4.3655e-03 | time: 0.044
I 06.07/22:17:10 solver.py:159 ] Epoch: [98/200][260/282] lr: 3.22e-04 | MSE loss: 4.3837e-03 | time: 0.043
I 06.07/22:17:11 solver.py:159 ] Epoch: [98/200][280/282] lr: 3.22e-04 | MSE loss: 4.3376e-03 | time: 0.042
I 06.07/22:17:11 solver.py:169 ] => Train  Loss: 4.3609e-03

I 06.07/22:17:12 solver.py:405 ] [20/32] loss: 5.5333e-03 | NMSE: -1.9214e+01 | time: 0.029
I 06.07/22:17:12 solver.py:413 ] => Test NMSE: -2.0010e+01

I 06.07/22:17:12 solver.py:345 ] => LoRA monitor [epoch=98] | trainable=67584/67584 | non_lora_trainable=0 | lora_l2=1.398604e+01 | lora_A_l2=1.195167e+01 | lora_B_l2=7.264083e+00 | component_l2=decoder:1.398604e+01 | lora_abs_max=1.130601e+00 | delta_l2=1.400396e+01 | delta_rel=4.267303e+00 | train_loss=4.360904e-03 | test_loss=4.988198e-03 | nmse=-2.001026e+01
I 06.07/22:17:12 solver.py:224 ] 
=! Best NMSE: -2.0045e+01 (epoch=94)

I 06.07/22:17:13 solver.py:159 ] Epoch: [99/200][20/282] lr: 3.22e-04 | MSE loss: 4.4794e-03 | time: 0.034
I 06.07/22:17:13 solver.py:159 ] Epoch: [99/200][40/282] lr: 3.21e-04 | MSE loss: 4.3172e-03 | time: 0.034
I 06.07/22:17:14 solver.py:159 ] Epoch: [99/200][60/282] lr: 3.21e-04 | MSE loss: 4.7480e-03 | time: 0.035
I 06.07/22:17:15 solver.py:159 ] Epoch: [99/200][80/282] lr: 3.21e-04 | MSE loss: 4.4290e-03 | time: 0.034
I 06.07/22:17:15 solver.py:159 ] Epoch: [99/200][100/282] lr: 3.20e-04 | MSE loss: 4.4446e-03 | time: 0.035
I 06.07/22:17:16 solver.py:159 ] Epoch: [99/200][120/282] lr: 3.20e-04 | MSE loss: 4.4908e-03 | time: 0.035
I 06.07/22:17:17 solver.py:159 ] Epoch: [99/200][140/282] lr: 3.20e-04 | MSE loss: 4.3907e-03 | time: 0.035
I 06.07/22:17:18 solver.py:159 ] Epoch: [99/200][160/282] lr: 3.20e-04 | MSE loss: 4.3760e-03 | time: 0.035
I 06.07/22:17:18 solver.py:159 ] Epoch: [99/200][180/282] lr: 3.19e-04 | MSE loss: 4.2779e-03 | time: 0.035
I 06.07/22:17:19 solver.py:159 ] Epoch: [99/200][200/282] lr: 3.19e-04 | MSE loss: 4.2005e-03 | time: 0.035
I 06.07/22:17:20 solver.py:159 ] Epoch: [99/200][220/282] lr: 3.19e-04 | MSE loss: 4.1806e-03 | time: 0.035
I 06.07/22:17:20 solver.py:159 ] Epoch: [99/200][240/282] lr: 3.19e-04 | MSE loss: 4.2125e-03 | time: 0.035
I 06.07/22:17:21 solver.py:159 ] Epoch: [99/200][260/282] lr: 3.18e-04 | MSE loss: 4.2142e-03 | time: 0.035
I 06.07/22:17:22 solver.py:159 ] Epoch: [99/200][280/282] lr: 3.18e-04 | MSE loss: 4.3129e-03 | time: 0.035
I 06.07/22:17:22 solver.py:169 ] => Train  Loss: 4.3053e-03

I 06.07/22:17:22 solver.py:405 ] [20/32] loss: 5.6187e-03 | NMSE: -1.9139e+01 | time: 0.029
I 06.07/22:17:23 solver.py:413 ] => Test NMSE: -1.9937e+01

I 06.07/22:17:23 solver.py:345 ] => LoRA monitor [epoch=99] | trainable=67584/67584 | non_lora_trainable=0 | lora_l2=1.402658e+01 | lora_A_l2=1.198645e+01 | lora_B_l2=7.284906e+00 | component_l2=decoder:1.402658e+01 | lora_abs_max=1.133284e+00 | delta_l2=1.404489e+01 | delta_rel=4.279773e+00 | train_loss=4.305332e-03 | test_loss=5.072575e-03 | nmse=-1.993742e+01
I 06.07/22:17:23 solver.py:224 ] 
=! Best NMSE: -2.0045e+01 (epoch=94)

I 06.07/22:17:23 solver.py:159 ] Epoch: [100/200][20/282] lr: 3.18e-04 | MSE loss: 3.5636e-03 | time: 0.036
I 06.07/22:17:24 solver.py:159 ] Epoch: [100/200][40/282] lr: 3.17e-04 | MSE loss: 4.1380e-03 | time: 0.036
I 06.07/22:17:25 solver.py:159 ] Epoch: [100/200][60/282] lr: 3.17e-04 | MSE loss: 4.1084e-03 | time: 0.036
I 06.07/22:17:26 solver.py:159 ] Epoch: [100/200][80/282] lr: 3.17e-04 | MSE loss: 4.1117e-03 | time: 0.036
I 06.07/22:17:26 solver.py:159 ] Epoch: [100/200][100/282] lr: 3.17e-04 | MSE loss: 4.1201e-03 | time: 0.035
I 06.07/22:17:27 solver.py:159 ] Epoch: [100/200][120/282] lr: 3.16e-04 | MSE loss: 4.2758e-03 | time: 0.035
I 06.07/22:17:28 solver.py:159 ] Epoch: [100/200][140/282] lr: 3.16e-04 | MSE loss: 4.3419e-03 | time: 0.035
I 06.07/22:17:28 solver.py:159 ] Epoch: [100/200][160/282] lr: 3.16e-04 | MSE loss: 4.4160e-03 | time: 0.035
I 06.07/22:17:29 solver.py:159 ] Epoch: [100/200][180/282] lr: 3.15e-04 | MSE loss: 4.4169e-03 | time: 0.035
I 06.07/22:17:30 solver.py:159 ] Epoch: [100/200][200/282] lr: 3.15e-04 | MSE loss: 4.4434e-03 | time: 0.035
I 06.07/22:17:30 solver.py:159 ] Epoch: [100/200][220/282] lr: 3.15e-04 | MSE loss: 4.4053e-03 | time: 0.035
I 06.07/22:17:31 solver.py:159 ] Epoch: [100/200][240/282] lr: 3.15e-04 | MSE loss: 4.4061e-03 | time: 0.035
I 06.07/22:17:32 solver.py:159 ] Epoch: [100/200][260/282] lr: 3.14e-04 | MSE loss: 4.3826e-03 | time: 0.035
I 06.07/22:17:32 solver.py:159 ] Epoch: [100/200][280/282] lr: 3.14e-04 | MSE loss: 4.3362e-03 | time: 0.034
I 06.07/22:17:32 solver.py:169 ] => Train  Loss: 4.3221e-03

I 06.07/22:17:33 solver.py:159 ] Epoch: [100/200][20/32] lr: 3.14e-04 | MSE loss: 5.4948e-03 | time: 0.027
I 06.07/22:17:33 solver.py:169 ] => Val  Loss: 4.8818e-03

I 06.07/22:17:34 solver.py:405 ] [20/32] loss: 5.4948e-03 | NMSE: -1.9241e+01 | time: 0.032
I 06.07/22:17:34 solver.py:413 ] => Test NMSE: -2.0044e+01

I 06.07/22:17:34 solver.py:345 ] => LoRA monitor [epoch=100] | trainable=67584/67584 | non_lora_trainable=0 | lora_l2=1.407041e+01 | lora_A_l2=1.202344e+01 | lora_B_l2=7.308456e+00 | component_l2=decoder:1.407041e+01 | lora_abs_max=1.137780e+00 | delta_l2=1.408884e+01 | delta_rel=4.293166e+00 | train_loss=4.322085e-03 | val_loss=4.881768e-03 | test_loss=4.949382e-03 | nmse=-2.004419e+01
I 06.07/22:17:34 solver.py:224 ] 
=! Best NMSE: -2.0045e+01 (epoch=94)

I 06.07/22:17:35 solver.py:159 ] Epoch: [101/200][20/282] lr: 3.14e-04 | MSE loss: 4.8142e-03 | time: 0.035
I 06.07/22:17:36 solver.py:159 ] Epoch: [101/200][40/282] lr: 3.14e-04 | MSE loss: 3.9777e-03 | time: 0.036
I 06.07/22:17:36 solver.py:159 ] Epoch: [101/200][60/282] lr: 3.13e-04 | MSE loss: 4.1140e-03 | time: 0.035
I 06.07/22:17:37 solver.py:159 ] Epoch: [101/200][80/282] lr: 3.13e-04 | MSE loss: 4.0389e-03 | time: 0.034
I 06.07/22:17:38 solver.py:159 ] Epoch: [101/200][100/282] lr: 3.13e-04 | MSE loss: 4.2158e-03 | time: 0.034
I 06.07/22:17:38 solver.py:159 ] Epoch: [101/200][120/282] lr: 3.12e-04 | MSE loss: 4.2687e-03 | time: 0.035
I 06.07/22:17:39 solver.py:159 ] Epoch: [101/200][140/282] lr: 3.12e-04 | MSE loss: 4.2224e-03 | time: 0.035
I 06.07/22:17:40 solver.py:159 ] Epoch: [101/200][160/282] lr: 3.12e-04 | MSE loss: 4.2195e-03 | time: 0.034
I 06.07/22:17:40 solver.py:159 ] Epoch: [101/200][180/282] lr: 3.12e-04 | MSE loss: 4.2674e-03 | time: 0.035
I 06.07/22:17:41 solver.py:159 ] Epoch: [101/200][200/282] lr: 3.11e-04 | MSE loss: 4.2607e-03 | time: 0.035
I 06.07/22:17:42 solver.py:159 ] Epoch: [101/200][220/282] lr: 3.11e-04 | MSE loss: 4.2532e-03 | time: 0.034
I 06.07/22:17:42 solver.py:159 ] Epoch: [101/200][240/282] lr: 3.11e-04 | MSE loss: 4.2861e-03 | time: 0.034
I 06.07/22:17:43 solver.py:159 ] Epoch: [101/200][260/282] lr: 3.11e-04 | MSE loss: 4.3292e-03 | time: 0.034
I 06.07/22:17:44 solver.py:159 ] Epoch: [101/200][280/282] lr: 3.10e-04 | MSE loss: 4.3455e-03 | time: 0.034
I 06.07/22:17:44 solver.py:169 ] => Train  Loss: 4.3262e-03

I 06.07/22:17:45 solver.py:405 ] [20/32] loss: 5.4929e-03 | NMSE: -1.9224e+01 | time: 0.031
I 06.07/22:17:45 solver.py:413 ] => Test NMSE: -2.0043e+01

I 06.07/22:17:45 solver.py:345 ] => LoRA monitor [epoch=101] | trainable=67584/67584 | non_lora_trainable=0 | lora_l2=1.411531e+01 | lora_A_l2=1.206334e+01 | lora_B_l2=7.329254e+00 | component_l2=decoder:1.411531e+01 | lora_abs_max=1.139920e+00 | delta_l2=1.413398e+01 | delta_rel=4.306922e+00 | train_loss=4.326192e-03 | test_loss=4.951298e-03 | nmse=-2.004251e+01
I 06.07/22:17:45 solver.py:224 ] 
=! Best NMSE: -2.0045e+01 (epoch=94)

I 06.07/22:17:46 solver.py:159 ] Epoch: [102/200][20/282] lr: 3.10e-04 | MSE loss: 3.6391e-03 | time: 0.037
I 06.07/22:17:46 solver.py:159 ] Epoch: [102/200][40/282] lr: 3.10e-04 | MSE loss: 4.6210e-03 | time: 0.036
I 06.07/22:17:47 solver.py:159 ] Epoch: [102/200][60/282] lr: 3.09e-04 | MSE loss: 4.7488e-03 | time: 0.035
I 06.07/22:17:48 solver.py:159 ] Epoch: [102/200][80/282] lr: 3.09e-04 | MSE loss: 4.7209e-03 | time: 0.034
I 06.07/22:17:48 solver.py:159 ] Epoch: [102/200][100/282] lr: 3.09e-04 | MSE loss: 4.5856e-03 | time: 0.033
I 06.07/22:17:49 solver.py:159 ] Epoch: [102/200][120/282] lr: 3.09e-04 | MSE loss: 4.5268e-03 | time: 0.033
I 06.07/22:17:49 solver.py:159 ] Epoch: [102/200][140/282] lr: 3.08e-04 | MSE loss: 4.3673e-03 | time: 0.033
I 06.07/22:17:50 solver.py:159 ] Epoch: [102/200][160/282] lr: 3.08e-04 | MSE loss: 4.3731e-03 | time: 0.034
I 06.07/22:17:51 solver.py:159 ] Epoch: [102/200][180/282] lr: 3.08e-04 | MSE loss: 4.4480e-03 | time: 0.034
I 06.07/22:17:52 solver.py:159 ] Epoch: [102/200][200/282] lr: 3.07e-04 | MSE loss: 4.3867e-03 | time: 0.034
I 06.07/22:17:52 solver.py:159 ] Epoch: [102/200][220/282] lr: 3.07e-04 | MSE loss: 4.3675e-03 | time: 0.034
I 06.07/22:17:53 solver.py:159 ] Epoch: [102/200][240/282] lr: 3.07e-04 | MSE loss: 4.3705e-03 | time: 0.034
I 06.07/22:17:54 solver.py:159 ] Epoch: [102/200][260/282] lr: 3.07e-04 | MSE loss: 4.2862e-03 | time: 0.034
I 06.07/22:17:54 solver.py:159 ] Epoch: [102/200][280/282] lr: 3.06e-04 | MSE loss: 4.2873e-03 | time: 0.034
I 06.07/22:17:54 solver.py:169 ] => Train  Loss: 4.2938e-03

I 06.07/22:17:55 solver.py:405 ] [20/32] loss: 5.5070e-03 | NMSE: -1.9203e+01 | time: 0.030
I 06.07/22:17:55 solver.py:413 ] => Test NMSE: -2.0030e+01

I 06.07/22:17:55 solver.py:345 ] => LoRA monitor [epoch=102] | trainable=67584/67584 | non_lora_trainable=0 | lora_l2=1.415760e+01 | lora_A_l2=1.209790e+01 | lora_B_l2=7.353805e+00 | component_l2=decoder:1.415760e+01 | lora_abs_max=1.144289e+00 | delta_l2=1.417683e+01 | delta_rel=4.319981e+00 | train_loss=4.293777e-03 | test_loss=4.965599e-03 | nmse=-2.002999e+01
I 06.07/22:17:55 solver.py:224 ] 
=! Best NMSE: -2.0045e+01 (epoch=94)

I 06.07/22:17:56 solver.py:159 ] Epoch: [103/200][20/282] lr: 3.06e-04 | MSE loss: 3.8615e-03 | time: 0.035
I 06.07/22:17:57 solver.py:159 ] Epoch: [103/200][40/282] lr: 3.06e-04 | MSE loss: 3.9081e-03 | time: 0.037
I 06.07/22:17:57 solver.py:159 ] Epoch: [103/200][60/282] lr: 3.05e-04 | MSE loss: 4.0388e-03 | time: 0.036
I 06.07/22:17:58 solver.py:159 ] Epoch: [103/200][80/282] lr: 3.05e-04 | MSE loss: 4.1261e-03 | time: 0.035
I 06.07/22:17:59 solver.py:159 ] Epoch: [103/200][100/282] lr: 3.05e-04 | MSE loss: 4.1051e-03 | time: 0.035
I 06.07/22:17:59 solver.py:159 ] Epoch: [103/200][120/282] lr: 3.05e-04 | MSE loss: 4.2020e-03 | time: 0.035
I 06.07/22:18:00 solver.py:159 ] Epoch: [103/200][140/282] lr: 3.04e-04 | MSE loss: 4.2137e-03 | time: 0.037
I 06.07/22:18:02 solver.py:159 ] Epoch: [103/200][160/282] lr: 3.04e-04 | MSE loss: 4.2832e-03 | time: 0.041
I 06.07/22:18:04 solver.py:159 ] Epoch: [103/200][180/282] lr: 3.04e-04 | MSE loss: 4.2501e-03 | time: 0.046
I 06.07/22:18:05 solver.py:159 ] Epoch: [103/200][200/282] lr: 3.04e-04 | MSE loss: 4.1984e-03 | time: 0.046
I 06.07/22:18:05 solver.py:159 ] Epoch: [103/200][220/282] lr: 3.03e-04 | MSE loss: 4.2128e-03 | time: 0.045
I 06.07/22:18:06 solver.py:159 ] Epoch: [103/200][240/282] lr: 3.03e-04 | MSE loss: 4.2412e-03 | time: 0.045
I 06.07/22:18:07 solver.py:159 ] Epoch: [103/200][260/282] lr: 3.03e-04 | MSE loss: 4.3032e-03 | time: 0.044
I 06.07/22:18:07 solver.py:159 ] Epoch: [103/200][280/282] lr: 3.02e-04 | MSE loss: 4.3207e-03 | time: 0.043
I 06.07/22:18:07 solver.py:169 ] => Train  Loss: 4.3195e-03

I 06.07/22:18:08 solver.py:405 ] [20/32] loss: 5.5416e-03 | NMSE: -1.9192e+01 | time: 0.030
I 06.07/22:18:08 solver.py:413 ] => Test NMSE: -2.0013e+01

I 06.07/22:18:08 solver.py:345 ] => LoRA monitor [epoch=103] | trainable=67584/67584 | non_lora_trainable=0 | lora_l2=1.419317e+01 | lora_A_l2=1.212882e+01 | lora_B_l2=7.371416e+00 | component_l2=decoder:1.419317e+01 | lora_abs_max=1.146525e+00 | delta_l2=1.421266e+01 | delta_rel=4.330896e+00 | train_loss=4.319459e-03 | test_loss=4.985414e-03 | nmse=-2.001269e+01
I 06.07/22:18:08 solver.py:224 ] 
=! Best NMSE: -2.0045e+01 (epoch=94)

I 06.07/22:18:09 solver.py:159 ] Epoch: [104/200][20/282] lr: 3.02e-04 | MSE loss: 4.5447e-03 | time: 0.033
I 06.07/22:18:10 solver.py:159 ] Epoch: [104/200][40/282] lr: 3.02e-04 | MSE loss: 4.5264e-03 | time: 0.034
I 06.07/22:18:10 solver.py:159 ] Epoch: [104/200][60/282] lr: 3.02e-04 | MSE loss: 4.8626e-03 | time: 0.035
I 06.07/22:18:11 solver.py:159 ] Epoch: [104/200][80/282] lr: 3.01e-04 | MSE loss: 4.5107e-03 | time: 0.035
I 06.07/22:18:12 solver.py:159 ] Epoch: [104/200][100/282] lr: 3.01e-04 | MSE loss: 4.2603e-03 | time: 0.035
I 06.07/22:18:13 solver.py:159 ] Epoch: [104/200][120/282] lr: 3.01e-04 | MSE loss: 4.1655e-03 | time: 0.035
I 06.07/22:18:13 solver.py:159 ] Epoch: [104/200][140/282] lr: 3.00e-04 | MSE loss: 4.1037e-03 | time: 0.035
I 06.07/22:18:14 solver.py:159 ] Epoch: [104/200][160/282] lr: 3.00e-04 | MSE loss: 4.0776e-03 | time: 0.035
I 06.07/22:18:15 solver.py:159 ] Epoch: [104/200][180/282] lr: 3.00e-04 | MSE loss: 4.2138e-03 | time: 0.035
I 06.07/22:18:15 solver.py:159 ] Epoch: [104/200][200/282] lr: 3.00e-04 | MSE loss: 4.2223e-03 | time: 0.035
I 06.07/22:18:16 solver.py:159 ] Epoch: [104/200][220/282] lr: 2.99e-04 | MSE loss: 4.2898e-03 | time: 0.035
I 06.07/22:18:17 solver.py:159 ] Epoch: [104/200][240/282] lr: 2.99e-04 | MSE loss: 4.2870e-03 | time: 0.035
I 06.07/22:18:17 solver.py:159 ] Epoch: [104/200][260/282] lr: 2.99e-04 | MSE loss: 4.2800e-03 | time: 0.035
I 06.07/22:18:18 solver.py:159 ] Epoch: [104/200][280/282] lr: 2.99e-04 | MSE loss: 4.2970e-03 | time: 0.035
I 06.07/22:18:18 solver.py:169 ] => Train  Loss: 4.2828e-03

I 06.07/22:18:19 solver.py:405 ] [20/32] loss: 5.4924e-03 | NMSE: -1.9232e+01 | time: 0.028
I 06.07/22:18:19 solver.py:413 ] => Test NMSE: -2.0034e+01

I 06.07/22:18:19 solver.py:345 ] => LoRA monitor [epoch=104] | trainable=67584/67584 | non_lora_trainable=0 | lora_l2=1.423630e+01 | lora_A_l2=1.216546e+01 | lora_B_l2=7.394178e+00 | component_l2=decoder:1.423630e+01 | lora_abs_max=1.149264e+00 | delta_l2=1.425627e+01 | delta_rel=4.344185e+00 | train_loss=4.282767e-03 | test_loss=4.961079e-03 | nmse=-2.003394e+01
I 06.07/22:18:19 solver.py:224 ] 
=! Best NMSE: -2.0045e+01 (epoch=94)

I 06.07/22:18:20 solver.py:159 ] Epoch: [105/200][20/282] lr: 2.98e-04 | MSE loss: 3.5623e-03 | time: 0.036
I 06.07/22:18:20 solver.py:159 ] Epoch: [105/200][40/282] lr: 2.98e-04 | MSE loss: 4.0388e-03 | time: 0.035
I 06.07/22:18:21 solver.py:159 ] Epoch: [105/200][60/282] lr: 2.98e-04 | MSE loss: 4.2049e-03 | time: 0.034
I 06.07/22:18:22 solver.py:159 ] Epoch: [105/200][80/282] lr: 2.97e-04 | MSE loss: 4.1464e-03 | time: 0.034
I 06.07/22:18:23 solver.py:159 ] Epoch: [105/200][100/282] lr: 2.97e-04 | MSE loss: 4.0509e-03 | time: 0.035
I 06.07/22:18:23 solver.py:159 ] Epoch: [105/200][120/282] lr: 2.97e-04 | MSE loss: 3.9862e-03 | time: 0.035
I 06.07/22:18:24 solver.py:159 ] Epoch: [105/200][140/282] lr: 2.97e-04 | MSE loss: 4.1084e-03 | time: 0.035
I 06.07/22:18:25 solver.py:159 ] Epoch: [105/200][160/282] lr: 2.96e-04 | MSE loss: 4.1981e-03 | time: 0.036
I 06.07/22:18:25 solver.py:159 ] Epoch: [105/200][180/282] lr: 2.96e-04 | MSE loss: 4.2398e-03 | time: 0.035
I 06.07/22:18:26 solver.py:159 ] Epoch: [105/200][200/282] lr: 2.96e-04 | MSE loss: 4.2465e-03 | time: 0.035
I 06.07/22:18:27 solver.py:159 ] Epoch: [105/200][220/282] lr: 2.95e-04 | MSE loss: 4.2772e-03 | time: 0.036
I 06.07/22:18:28 solver.py:159 ] Epoch: [105/200][240/282] lr: 2.95e-04 | MSE loss: 4.2513e-03 | time: 0.036
I 06.07/22:18:28 solver.py:159 ] Epoch: [105/200][260/282] lr: 2.95e-04 | MSE loss: 4.2766e-03 | time: 0.035
I 06.07/22:18:29 solver.py:159 ] Epoch: [105/200][280/282] lr: 2.95e-04 | MSE loss: 4.2880e-03 | time: 0.035
I 06.07/22:18:29 solver.py:169 ] => Train  Loss: 4.2858e-03

I 06.07/22:18:30 solver.py:405 ] [20/32] loss: 5.5359e-03 | NMSE: -1.9208e+01 | time: 0.032
I 06.07/22:18:30 solver.py:413 ] => Test NMSE: -2.0004e+01

I 06.07/22:18:30 solver.py:345 ] => LoRA monitor [epoch=105] | trainable=67584/67584 | non_lora_trainable=0 | lora_l2=1.427348e+01 | lora_A_l2=1.219792e+01 | lora_B_l2=7.412351e+00 | component_l2=decoder:1.427348e+01 | lora_abs_max=1.151841e+00 | delta_l2=1.429377e+01 | delta_rel=4.355612e+00 | train_loss=4.285842e-03 | test_loss=4.995801e-03 | nmse=-2.000365e+01
I 06.07/22:18:30 solver.py:224 ] 
=! Best NMSE: -2.0045e+01 (epoch=94)

I 06.07/22:18:31 solver.py:159 ] Epoch: [106/200][20/282] lr: 2.94e-04 | MSE loss: 4.0732e-03 | time: 0.033
I 06.07/22:18:31 solver.py:159 ] Epoch: [106/200][40/282] lr: 2.94e-04 | MSE loss: 4.7291e-03 | time: 0.034
I 06.07/22:18:32 solver.py:159 ] Epoch: [106/200][60/282] lr: 2.94e-04 | MSE loss: 4.4276e-03 | time: 0.035
I 06.07/22:18:33 solver.py:159 ] Epoch: [106/200][80/282] lr: 2.94e-04 | MSE loss: 4.7450e-03 | time: 0.034
I 06.07/22:18:33 solver.py:159 ] Epoch: [106/200][100/282] lr: 2.93e-04 | MSE loss: 4.5894e-03 | time: 0.035
I 06.07/22:18:34 solver.py:159 ] Epoch: [106/200][120/282] lr: 2.93e-04 | MSE loss: 4.4357e-03 | time: 0.035
I 06.07/22:18:35 solver.py:159 ] Epoch: [106/200][140/282] lr: 2.93e-04 | MSE loss: 4.3115e-03 | time: 0.035
I 06.07/22:18:36 solver.py:159 ] Epoch: [106/200][160/282] lr: 2.92e-04 | MSE loss: 4.2591e-03 | time: 0.035
I 06.07/22:18:36 solver.py:159 ] Epoch: [106/200][180/282] lr: 2.92e-04 | MSE loss: 4.1926e-03 | time: 0.035
I 06.07/22:18:37 solver.py:159 ] Epoch: [106/200][200/282] lr: 2.92e-04 | MSE loss: 4.2997e-03 | time: 0.035
I 06.07/22:18:38 solver.py:159 ] Epoch: [106/200][220/282] lr: 2.92e-04 | MSE loss: 4.3713e-03 | time: 0.035
I 06.07/22:18:38 solver.py:159 ] Epoch: [106/200][240/282] lr: 2.91e-04 | MSE loss: 4.2851e-03 | time: 0.035
I 06.07/22:18:39 solver.py:159 ] Epoch: [106/200][260/282] lr: 2.91e-04 | MSE loss: 4.3073e-03 | time: 0.035
I 06.07/22:18:40 solver.py:159 ] Epoch: [106/200][280/282] lr: 2.91e-04 | MSE loss: 4.2912e-03 | time: 0.035
I 06.07/22:18:40 solver.py:169 ] => Train  Loss: 4.2684e-03

I 06.07/22:18:40 solver.py:405 ] [20/32] loss: 5.4491e-03 | NMSE: -1.9268e+01 | time: 0.031
I 06.07/22:18:41 solver.py:413 ] => Test NMSE: -2.0077e+01

I 06.07/22:18:41 solver.py:345 ] => LoRA monitor [epoch=106] | trainable=67584/67584 | non_lora_trainable=0 | lora_l2=1.430908e+01 | lora_A_l2=1.222785e+01 | lora_B_l2=7.431664e+00 | component_l2=decoder:1.430908e+01 | lora_abs_max=1.156246e+00 | delta_l2=1.432956e+01 | delta_rel=4.366519e+00 | train_loss=4.268371e-03 | test_loss=4.912383e-03 | nmse=-2.007678e+01
I 06.07/22:18:41 solver.py:224 ] 
=! Best NMSE: -2.0077e+01 (epoch=106)

I 06.07/22:18:42 solver.py:159 ] Epoch: [107/200][20/282] lr: 2.90e-04 | MSE loss: 2.9543e-03 | time: 0.034
I 06.07/22:18:42 solver.py:159 ] Epoch: [107/200][40/282] lr: 2.90e-04 | MSE loss: 3.9490e-03 | time: 0.035
I 06.07/22:18:43 solver.py:159 ] Epoch: [107/200][60/282] lr: 2.90e-04 | MSE loss: 4.2887e-03 | time: 0.034
I 06.07/22:18:44 solver.py:159 ] Epoch: [107/200][80/282] lr: 2.90e-04 | MSE loss: 4.4335e-03 | time: 0.034
I 06.07/22:18:44 solver.py:159 ] Epoch: [107/200][100/282] lr: 2.89e-04 | MSE loss: 4.4612e-03 | time: 0.033
I 06.07/22:18:45 solver.py:159 ] Epoch: [107/200][120/282] lr: 2.89e-04 | MSE loss: 4.4223e-03 | time: 0.034
I 06.07/22:18:46 solver.py:159 ] Epoch: [107/200][140/282] lr: 2.89e-04 | MSE loss: 4.5281e-03 | time: 0.034
I 06.07/22:18:46 solver.py:159 ] Epoch: [107/200][160/282] lr: 2.88e-04 | MSE loss: 4.4204e-03 | time: 0.034
I 06.07/22:18:47 solver.py:159 ] Epoch: [107/200][180/282] lr: 2.88e-04 | MSE loss: 4.3270e-03 | time: 0.034
I 06.07/22:18:48 solver.py:159 ] Epoch: [107/200][200/282] lr: 2.88e-04 | MSE loss: 4.3064e-03 | time: 0.034
I 06.07/22:18:48 solver.py:159 ] Epoch: [107/200][220/282] lr: 2.88e-04 | MSE loss: 4.2161e-03 | time: 0.034
I 06.07/22:18:49 solver.py:159 ] Epoch: [107/200][240/282] lr: 2.87e-04 | MSE loss: 4.2759e-03 | time: 0.034
I 06.07/22:18:50 solver.py:159 ] Epoch: [107/200][260/282] lr: 2.87e-04 | MSE loss: 4.2687e-03 | time: 0.034
I 06.07/22:18:51 solver.py:159 ] Epoch: [107/200][280/282] lr: 2.87e-04 | MSE loss: 4.2988e-03 | time: 0.034
I 06.07/22:18:51 solver.py:169 ] => Train  Loss: 4.2913e-03

I 06.07/22:18:51 solver.py:405 ] [20/32] loss: 5.5251e-03 | NMSE: -1.9202e+01 | time: 0.026
I 06.07/22:18:51 solver.py:413 ] => Test NMSE: -2.0016e+01

I 06.07/22:18:51 solver.py:345 ] => LoRA monitor [epoch=107] | trainable=67584/67584 | non_lora_trainable=0 | lora_l2=1.434399e+01 | lora_A_l2=1.225819e+01 | lora_B_l2=7.448962e+00 | component_l2=decoder:1.434399e+01 | lora_abs_max=1.156872e+00 | delta_l2=1.436491e+01 | delta_rel=4.377291e+00 | train_loss=4.291251e-03 | test_loss=4.981941e-03 | nmse=-2.001571e+01
I 06.07/22:18:51 solver.py:224 ] 
=! Best NMSE: -2.0077e+01 (epoch=106)

I 06.07/22:18:52 solver.py:159 ] Epoch: [108/200][20/282] lr: 2.86e-04 | MSE loss: 3.7172e-03 | time: 0.031
I 06.07/22:18:53 solver.py:159 ] Epoch: [108/200][40/282] lr: 2.86e-04 | MSE loss: 4.5647e-03 | time: 0.032
I 06.07/22:18:53 solver.py:159 ] Epoch: [108/200][60/282] lr: 2.86e-04 | MSE loss: 4.4850e-03 | time: 0.033
I 06.07/22:18:54 solver.py:159 ] Epoch: [108/200][80/282] lr: 2.86e-04 | MSE loss: 4.5856e-03 | time: 0.034
I 06.07/22:18:55 solver.py:159 ] Epoch: [108/200][100/282] lr: 2.85e-04 | MSE loss: 4.5325e-03 | time: 0.035
I 06.07/22:18:56 solver.py:159 ] Epoch: [108/200][120/282] lr: 2.85e-04 | MSE loss: 4.5170e-03 | time: 0.035
I 06.07/22:18:56 solver.py:159 ] Epoch: [108/200][140/282] lr: 2.85e-04 | MSE loss: 4.4608e-03 | time: 0.035
I 06.07/22:18:57 solver.py:159 ] Epoch: [108/200][160/282] lr: 2.85e-04 | MSE loss: 4.4722e-03 | time: 0.035
I 06.07/22:18:58 solver.py:159 ] Epoch: [108/200][180/282] lr: 2.84e-04 | MSE loss: 4.4127e-03 | time: 0.035
I 06.07/22:18:58 solver.py:159 ] Epoch: [108/200][200/282] lr: 2.84e-04 | MSE loss: 4.3775e-03 | time: 0.035
I 06.07/22:18:59 solver.py:159 ] Epoch: [108/200][220/282] lr: 2.84e-04 | MSE loss: 4.4315e-03 | time: 0.034
I 06.07/22:19:00 solver.py:159 ] Epoch: [108/200][240/282] lr: 2.83e-04 | MSE loss: 4.3567e-03 | time: 0.035
I 06.07/22:19:01 solver.py:159 ] Epoch: [108/200][260/282] lr: 2.83e-04 | MSE loss: 4.3185e-03 | time: 0.036
I 06.07/22:19:02 solver.py:159 ] Epoch: [108/200][280/282] lr: 2.83e-04 | MSE loss: 4.2832e-03 | time: 0.039
I 06.07/22:19:02 solver.py:169 ] => Train  Loss: 4.2731e-03

I 06.07/22:19:04 solver.py:405 ] [20/32] loss: 5.4768e-03 | NMSE: -1.9223e+01 | time: 0.070
I 06.07/22:19:04 solver.py:413 ] => Test NMSE: -2.0063e+01

I 06.07/22:19:04 solver.py:345 ] => LoRA monitor [epoch=108] | trainable=67584/67584 | non_lora_trainable=0 | lora_l2=1.438400e+01 | lora_A_l2=1.229204e+01 | lora_B_l2=7.470285e+00 | component_l2=decoder:1.438400e+01 | lora_abs_max=1.159397e+00 | delta_l2=1.440539e+01 | delta_rel=4.389625e+00 | train_loss=4.273150e-03 | test_loss=4.927639e-03 | nmse=-2.006331e+01
I 06.07/22:19:04 solver.py:224 ] 
=! Best NMSE: -2.0077e+01 (epoch=106)

I 06.07/22:19:05 solver.py:159 ] Epoch: [109/200][20/282] lr: 2.83e-04 | MSE loss: 4.7043e-03 | time: 0.040
I 06.07/22:19:06 solver.py:159 ] Epoch: [109/200][40/282] lr: 2.82e-04 | MSE loss: 4.8565e-03 | time: 0.037
I 06.07/22:19:06 solver.py:159 ] Epoch: [109/200][60/282] lr: 2.82e-04 | MSE loss: 4.6326e-03 | time: 0.036
I 06.07/22:19:07 solver.py:159 ] Epoch: [109/200][80/282] lr: 2.82e-04 | MSE loss: 4.3658e-03 | time: 0.035
I 06.07/22:19:08 solver.py:159 ] Epoch: [109/200][100/282] lr: 2.81e-04 | MSE loss: 4.5647e-03 | time: 0.035
I 06.07/22:19:08 solver.py:159 ] Epoch: [109/200][120/282] lr: 2.81e-04 | MSE loss: 4.6465e-03 | time: 0.035
I 06.07/22:19:09 solver.py:159 ] Epoch: [109/200][140/282] lr: 2.81e-04 | MSE loss: 4.5463e-03 | time: 0.035
I 06.07/22:19:10 solver.py:159 ] Epoch: [109/200][160/282] lr: 2.81e-04 | MSE loss: 4.3276e-03 | time: 0.036
I 06.07/22:19:11 solver.py:159 ] Epoch: [109/200][180/282] lr: 2.80e-04 | MSE loss: 4.3138e-03 | time: 0.035
I 06.07/22:19:11 solver.py:159 ] Epoch: [109/200][200/282] lr: 2.80e-04 | MSE loss: 4.2991e-03 | time: 0.035
I 06.07/22:19:12 solver.py:159 ] Epoch: [109/200][220/282] lr: 2.80e-04 | MSE loss: 4.3734e-03 | time: 0.035
I 06.07/22:19:13 solver.py:159 ] Epoch: [109/200][240/282] lr: 2.80e-04 | MSE loss: 4.3129e-03 | time: 0.035
I 06.07/22:19:13 solver.py:159 ] Epoch: [109/200][260/282] lr: 2.79e-04 | MSE loss: 4.3324e-03 | time: 0.035
I 06.07/22:19:14 solver.py:159 ] Epoch: [109/200][280/282] lr: 2.79e-04 | MSE loss: 4.2847e-03 | time: 0.035
I 06.07/22:19:14 solver.py:169 ] => Train  Loss: 4.2932e-03

I 06.07/22:19:15 solver.py:405 ] [20/32] loss: 5.7836e-03 | NMSE: -1.8962e+01 | time: 0.030
I 06.07/22:19:15 solver.py:413 ] => Test NMSE: -1.9807e+01

I 06.07/22:19:15 solver.py:345 ] => LoRA monitor [epoch=109] | trainable=67584/67584 | non_lora_trainable=0 | lora_l2=1.441715e+01 | lora_A_l2=1.232127e+01 | lora_B_l2=7.486026e+00 | component_l2=decoder:1.441715e+01 | lora_abs_max=1.162935e+00 | delta_l2=1.443874e+01 | delta_rel=4.399789e+00 | train_loss=4.293201e-03 | test_loss=5.227249e-03 | nmse=-1.980697e+01
I 06.07/22:19:15 solver.py:224 ] 
=! Best NMSE: -2.0077e+01 (epoch=106)

I 06.07/22:19:16 solver.py:159 ] Epoch: [110/200][20/282] lr: 2.79e-04 | MSE loss: 4.4532e-03 | time: 0.032
I 06.07/22:19:16 solver.py:159 ] Epoch: [110/200][40/282] lr: 2.78e-04 | MSE loss: 4.2947e-03 | time: 0.034
I 06.07/22:19:17 solver.py:159 ] Epoch: [110/200][60/282] lr: 2.78e-04 | MSE loss: 4.1946e-03 | time: 0.035
I 06.07/22:19:18 solver.py:159 ] Epoch: [110/200][80/282] lr: 2.78e-04 | MSE loss: 4.1818e-03 | time: 0.034
I 06.07/22:19:18 solver.py:159 ] Epoch: [110/200][100/282] lr: 2.78e-04 | MSE loss: 4.1680e-03 | time: 0.034
I 06.07/22:19:19 solver.py:159 ] Epoch: [110/200][120/282] lr: 2.77e-04 | MSE loss: 4.1348e-03 | time: 0.035
I 06.07/22:19:20 solver.py:159 ] Epoch: [110/200][140/282] lr: 2.77e-04 | MSE loss: 4.2131e-03 | time: 0.034
I 06.07/22:19:21 solver.py:159 ] Epoch: [110/200][160/282] lr: 2.77e-04 | MSE loss: 4.2618e-03 | time: 0.035
I 06.07/22:19:21 solver.py:159 ] Epoch: [110/200][180/282] lr: 2.76e-04 | MSE loss: 4.1749e-03 | time: 0.035
I 06.07/22:19:22 solver.py:159 ] Epoch: [110/200][200/282] lr: 2.76e-04 | MSE loss: 4.2890e-03 | time: 0.035
I 06.07/22:19:23 solver.py:159 ] Epoch: [110/200][220/282] lr: 2.76e-04 | MSE loss: 4.3117e-03 | time: 0.035
I 06.07/22:19:23 solver.py:159 ] Epoch: [110/200][240/282] lr: 2.76e-04 | MSE loss: 4.3501e-03 | time: 0.035
I 06.07/22:19:24 solver.py:159 ] Epoch: [110/200][260/282] lr: 2.75e-04 | MSE loss: 4.3093e-03 | time: 0.035
I 06.07/22:19:25 solver.py:159 ] Epoch: [110/200][280/282] lr: 2.75e-04 | MSE loss: 4.3259e-03 | time: 0.035
I 06.07/22:19:25 solver.py:169 ] => Train  Loss: 4.3281e-03

I 06.07/22:19:25 solver.py:159 ] Epoch: [110/200][20/32] lr: 2.75e-04 | MSE loss: 5.5306e-03 | time: 0.028
I 06.07/22:19:26 solver.py:169 ] => Val  Loss: 4.9141e-03

I 06.07/22:19:26 solver.py:405 ] [20/32] loss: 5.5306e-03 | NMSE: -1.9193e+01 | time: 0.029
I 06.07/22:19:26 solver.py:413 ] => Test NMSE: -2.0015e+01

I 06.07/22:19:26 solver.py:345 ] => LoRA monitor [epoch=110] | trainable=67584/67584 | non_lora_trainable=0 | lora_l2=1.446036e+01 | lora_A_l2=1.236103e+01 | lora_B_l2=7.503792e+00 | component_l2=decoder:1.446036e+01 | lora_abs_max=1.166078e+00 | delta_l2=1.448229e+01 | delta_rel=4.413059e+00 | train_loss=4.328068e-03 | val_loss=4.914139e-03 | test_loss=4.982402e-03 | nmse=-2.001531e+01
I 06.07/22:19:26 solver.py:224 ] 
=! Best NMSE: -2.0077e+01 (epoch=106)

I 06.07/22:19:27 solver.py:159 ] Epoch: [111/200][20/282] lr: 2.75e-04 | MSE loss: 5.2528e-03 | time: 0.037
I 06.07/22:19:28 solver.py:159 ] Epoch: [111/200][40/282] lr: 2.74e-04 | MSE loss: 4.9708e-03 | time: 0.036
I 06.07/22:19:29 solver.py:159 ] Epoch: [111/200][60/282] lr: 2.74e-04 | MSE loss: 4.7639e-03 | time: 0.036
I 06.07/22:19:29 solver.py:159 ] Epoch: [111/200][80/282] lr: 2.74e-04 | MSE loss: 4.5977e-03 | time: 0.036
I 06.07/22:19:30 solver.py:159 ] Epoch: [111/200][100/282] lr: 2.74e-04 | MSE loss: 4.4872e-03 | time: 0.036
I 06.07/22:19:31 solver.py:159 ] Epoch: [111/200][120/282] lr: 2.73e-04 | MSE loss: 4.4982e-03 | time: 0.036
I 06.07/22:19:31 solver.py:159 ] Epoch: [111/200][140/282] lr: 2.73e-04 | MSE loss: 4.3971e-03 | time: 0.036
I 06.07/22:19:32 solver.py:159 ] Epoch: [111/200][160/282] lr: 2.73e-04 | MSE loss: 4.4116e-03 | time: 0.035
I 06.07/22:19:33 solver.py:159 ] Epoch: [111/200][180/282] lr: 2.72e-04 | MSE loss: 4.3972e-03 | time: 0.035
I 06.07/22:19:33 solver.py:159 ] Epoch: [111/200][200/282] lr: 2.72e-04 | MSE loss: 4.2968e-03 | time: 0.035
I 06.07/22:19:34 solver.py:159 ] Epoch: [111/200][220/282] lr: 2.72e-04 | MSE loss: 4.2751e-03 | time: 0.035
I 06.07/22:19:35 solver.py:159 ] Epoch: [111/200][240/282] lr: 2.72e-04 | MSE loss: 4.3561e-03 | time: 0.035
I 06.07/22:19:36 solver.py:159 ] Epoch: [111/200][260/282] lr: 2.71e-04 | MSE loss: 4.2879e-03 | time: 0.035
I 06.07/22:19:36 solver.py:159 ] Epoch: [111/200][280/282] lr: 2.71e-04 | MSE loss: 4.2738e-03 | time: 0.035
I 06.07/22:19:36 solver.py:169 ] => Train  Loss: 4.2656e-03

I 06.07/22:19:37 solver.py:405 ] [20/32] loss: 5.4313e-03 | NMSE: -1.9274e+01 | time: 0.031
I 06.07/22:19:37 solver.py:413 ] => Test NMSE: -2.0093e+01

I 06.07/22:19:37 solver.py:345 ] => LoRA monitor [epoch=111] | trainable=67584/67584 | non_lora_trainable=0 | lora_l2=1.449652e+01 | lora_A_l2=1.239069e+01 | lora_B_l2=7.524615e+00 | component_l2=decoder:1.449652e+01 | lora_abs_max=1.168914e+00 | delta_l2=1.451838e+01 | delta_rel=4.424056e+00 | train_loss=4.265634e-03 | test_loss=4.894557e-03 | nmse=-2.009257e+01
I 06.07/22:19:38 solver.py:224 ] 
=! Best NMSE: -2.0093e+01 (epoch=111)

I 06.07/22:19:38 solver.py:159 ] Epoch: [112/200][20/282] lr: 2.71e-04 | MSE loss: 5.0116e-03 | time: 0.040
I 06.07/22:19:39 solver.py:159 ] Epoch: [112/200][40/282] lr: 2.71e-04 | MSE loss: 4.0932e-03 | time: 0.039
I 06.07/22:19:40 solver.py:159 ] Epoch: [112/200][60/282] lr: 2.70e-04 | MSE loss: 4.3299e-03 | time: 0.038
I 06.07/22:19:41 solver.py:159 ] Epoch: [112/200][80/282] lr: 2.70e-04 | MSE loss: 4.2449e-03 | time: 0.037
I 06.07/22:19:41 solver.py:159 ] Epoch: [112/200][100/282] lr: 2.70e-04 | MSE loss: 4.2015e-03 | time: 0.037
I 06.07/22:19:42 solver.py:159 ] Epoch: [112/200][120/282] lr: 2.69e-04 | MSE loss: 4.2244e-03 | time: 0.037
I 06.07/22:19:43 solver.py:159 ] Epoch: [112/200][140/282] lr: 2.69e-04 | MSE loss: 4.2242e-03 | time: 0.037
I 06.07/22:19:43 solver.py:159 ] Epoch: [112/200][160/282] lr: 2.69e-04 | MSE loss: 4.0755e-03 | time: 0.037
I 06.07/22:19:44 solver.py:159 ] Epoch: [112/200][180/282] lr: 2.69e-04 | MSE loss: 4.1226e-03 | time: 0.036
I 06.07/22:19:45 solver.py:159 ] Epoch: [112/200][200/282] lr: 2.68e-04 | MSE loss: 4.1240e-03 | time: 0.036
I 06.07/22:19:45 solver.py:159 ] Epoch: [112/200][220/282] lr: 2.68e-04 | MSE loss: 4.1172e-03 | time: 0.036
I 06.07/22:19:46 solver.py:159 ] Epoch: [112/200][240/282] lr: 2.68e-04 | MSE loss: 4.1964e-03 | time: 0.036
I 06.07/22:19:47 solver.py:159 ] Epoch: [112/200][260/282] lr: 2.67e-04 | MSE loss: 4.2486e-03 | time: 0.036
I 06.07/22:19:48 solver.py:159 ] Epoch: [112/200][280/282] lr: 2.67e-04 | MSE loss: 4.2327e-03 | time: 0.036
I 06.07/22:19:48 solver.py:169 ] => Train  Loss: 4.2352e-03

I 06.07/22:19:48 solver.py:405 ] [20/32] loss: 5.4636e-03 | NMSE: -1.9233e+01 | time: 0.034
I 06.07/22:19:49 solver.py:413 ] => Test NMSE: -2.0065e+01

I 06.07/22:19:49 solver.py:345 ] => LoRA monitor [epoch=112] | trainable=67584/67584 | non_lora_trainable=0 | lora_l2=1.452823e+01 | lora_A_l2=1.241806e+01 | lora_B_l2=7.540634e+00 | component_l2=decoder:1.452823e+01 | lora_abs_max=1.171240e+00 | delta_l2=1.455051e+01 | delta_rel=4.433846e+00 | train_loss=4.235246e-03 | test_loss=4.925454e-03 | nmse=-2.006524e+01
I 06.07/22:19:49 solver.py:224 ] 
=! Best NMSE: -2.0093e+01 (epoch=111)

I 06.07/22:19:49 solver.py:159 ] Epoch: [113/200][20/282] lr: 2.67e-04 | MSE loss: 3.8185e-03 | time: 0.038
I 06.07/22:19:50 solver.py:159 ] Epoch: [113/200][40/282] lr: 2.67e-04 | MSE loss: 4.0316e-03 | time: 0.035
I 06.07/22:19:51 solver.py:159 ] Epoch: [113/200][60/282] lr: 2.66e-04 | MSE loss: 4.1504e-03 | time: 0.035
I 06.07/22:19:51 solver.py:159 ] Epoch: [113/200][80/282] lr: 2.66e-04 | MSE loss: 4.1239e-03 | time: 0.034
I 06.07/22:19:52 solver.py:159 ] Epoch: [113/200][100/282] lr: 2.66e-04 | MSE loss: 4.0433e-03 | time: 0.034
I 06.07/22:19:53 solver.py:159 ] Epoch: [113/200][120/282] lr: 2.65e-04 | MSE loss: 4.0899e-03 | time: 0.034
I 06.07/22:19:54 solver.py:159 ] Epoch: [113/200][140/282] lr: 2.65e-04 | MSE loss: 4.1488e-03 | time: 0.034
I 06.07/22:19:54 solver.py:159 ] Epoch: [113/200][160/282] lr: 2.65e-04 | MSE loss: 4.0893e-03 | time: 0.034
I 06.07/22:19:55 solver.py:159 ] Epoch: [113/200][180/282] lr: 2.65e-04 | MSE loss: 4.0951e-03 | time: 0.034
I 06.07/22:19:56 solver.py:159 ] Epoch: [113/200][200/282] lr: 2.64e-04 | MSE loss: 4.2014e-03 | time: 0.034
I 06.07/22:19:56 solver.py:159 ] Epoch: [113/200][220/282] lr: 2.64e-04 | MSE loss: 4.2277e-03 | time: 0.034
I 06.07/22:19:57 solver.py:159 ] Epoch: [113/200][240/282] lr: 2.64e-04 | MSE loss: 4.3104e-03 | time: 0.034
I 06.07/22:19:58 solver.py:159 ] Epoch: [113/200][260/282] lr: 2.64e-04 | MSE loss: 4.2776e-03 | time: 0.035
I 06.07/22:19:58 solver.py:159 ] Epoch: [113/200][280/282] lr: 2.63e-04 | MSE loss: 4.2596e-03 | time: 0.035
I 06.07/22:19:58 solver.py:169 ] => Train  Loss: 4.2805e-03

I 06.07/22:19:59 solver.py:405 ] [20/32] loss: 5.4647e-03 | NMSE: -1.9255e+01 | time: 0.028
I 06.07/22:19:59 solver.py:413 ] => Test NMSE: -2.0069e+01

I 06.07/22:19:59 solver.py:345 ] => LoRA monitor [epoch=113] | trainable=67584/67584 | non_lora_trainable=0 | lora_l2=1.455588e+01 | lora_A_l2=1.244207e+01 | lora_B_l2=7.554380e+00 | component_l2=decoder:1.455588e+01 | lora_abs_max=1.173717e+00 | delta_l2=1.457846e+01 | delta_rel=4.442366e+00 | train_loss=4.280474e-03 | test_loss=4.921235e-03 | nmse=-2.006896e+01
I 06.07/22:19:59 solver.py:224 ] 
=! Best NMSE: -2.0093e+01 (epoch=111)

I 06.07/22:20:00 solver.py:159 ] Epoch: [114/200][20/282] lr: 2.63e-04 | MSE loss: 4.2318e-03 | time: 0.056
I 06.07/22:20:02 solver.py:159 ] Epoch: [114/200][40/282] lr: 2.63e-04 | MSE loss: 4.0535e-03 | time: 0.068
I 06.07/22:20:03 solver.py:159 ] Epoch: [114/200][60/282] lr: 2.62e-04 | MSE loss: 3.6668e-03 | time: 0.069
I 06.07/22:20:04 solver.py:159 ] Epoch: [114/200][80/282] lr: 2.62e-04 | MSE loss: 3.8225e-03 | time: 0.063
I 06.07/22:20:05 solver.py:159 ] Epoch: [114/200][100/282] lr: 2.62e-04 | MSE loss: 3.8845e-03 | time: 0.057
I 06.07/22:20:06 solver.py:159 ] Epoch: [114/200][120/282] lr: 2.62e-04 | MSE loss: 4.0336e-03 | time: 0.053
I 06.07/22:20:06 solver.py:159 ] Epoch: [114/200][140/282] lr: 2.61e-04 | MSE loss: 4.0016e-03 | time: 0.050
I 06.07/22:20:07 solver.py:159 ] Epoch: [114/200][160/282] lr: 2.61e-04 | MSE loss: 3.9748e-03 | time: 0.048
I 06.07/22:20:08 solver.py:159 ] Epoch: [114/200][180/282] lr: 2.61e-04 | MSE loss: 3.9184e-03 | time: 0.046
I 06.07/22:20:08 solver.py:159 ] Epoch: [114/200][200/282] lr: 2.60e-04 | MSE loss: 4.0598e-03 | time: 0.045
I 06.07/22:20:09 solver.py:159 ] Epoch: [114/200][220/282] lr: 2.60e-04 | MSE loss: 4.2237e-03 | time: 0.044
I 06.07/22:20:10 solver.py:159 ] Epoch: [114/200][240/282] lr: 2.60e-04 | MSE loss: 4.2190e-03 | time: 0.043
I 06.07/22:20:10 solver.py:159 ] Epoch: [114/200][260/282] lr: 2.60e-04 | MSE loss: 4.2477e-03 | time: 0.043
I 06.07/22:20:11 solver.py:159 ] Epoch: [114/200][280/282] lr: 2.59e-04 | MSE loss: 4.2714e-03 | time: 0.042
I 06.07/22:20:11 solver.py:169 ] => Train  Loss: 4.2500e-03

I 06.07/22:20:12 solver.py:405 ] [20/32] loss: 5.6017e-03 | NMSE: -1.9157e+01 | time: 0.029
I 06.07/22:20:12 solver.py:413 ] => Test NMSE: -1.9941e+01

I 06.07/22:20:12 solver.py:345 ] => LoRA monitor [epoch=114] | trainable=67584/67584 | non_lora_trainable=0 | lora_l2=1.459160e+01 | lora_A_l2=1.247360e+01 | lora_B_l2=7.571264e+00 | component_l2=decoder:1.459160e+01 | lora_abs_max=1.176789e+00 | delta_l2=1.461429e+01 | delta_rel=4.453282e+00 | train_loss=4.250010e-03 | test_loss=5.068584e-03 | nmse=-1.994083e+01
I 06.07/22:20:12 solver.py:224 ] 
=! Best NMSE: -2.0093e+01 (epoch=111)

I 06.07/22:20:13 solver.py:159 ] Epoch: [115/200][20/282] lr: 2.59e-04 | MSE loss: 3.8586e-03 | time: 0.037
I 06.07/22:20:14 solver.py:159 ] Epoch: [115/200][40/282] lr: 2.59e-04 | MSE loss: 4.3001e-03 | time: 0.036
I 06.07/22:20:14 solver.py:159 ] Epoch: [115/200][60/282] lr: 2.58e-04 | MSE loss: 4.4283e-03 | time: 0.035
I 06.07/22:20:15 solver.py:159 ] Epoch: [115/200][80/282] lr: 2.58e-04 | MSE loss: 4.3702e-03 | time: 0.034
I 06.07/22:20:16 solver.py:159 ] Epoch: [115/200][100/282] lr: 2.58e-04 | MSE loss: 4.4245e-03 | time: 0.035
I 06.07/22:20:16 solver.py:159 ] Epoch: [115/200][120/282] lr: 2.58e-04 | MSE loss: 4.4019e-03 | time: 0.035
I 06.07/22:20:17 solver.py:159 ] Epoch: [115/200][140/282] lr: 2.57e-04 | MSE loss: 4.3881e-03 | time: 0.035
I 06.07/22:20:18 solver.py:159 ] Epoch: [115/200][160/282] lr: 2.57e-04 | MSE loss: 4.3597e-03 | time: 0.035
I 06.07/22:20:18 solver.py:159 ] Epoch: [115/200][180/282] lr: 2.57e-04 | MSE loss: 4.2741e-03 | time: 0.035
I 06.07/22:20:19 solver.py:159 ] Epoch: [115/200][200/282] lr: 2.57e-04 | MSE loss: 4.1976e-03 | time: 0.035
I 06.07/22:20:20 solver.py:159 ] Epoch: [115/200][220/282] lr: 2.56e-04 | MSE loss: 4.2210e-03 | time: 0.035
I 06.07/22:20:20 solver.py:159 ] Epoch: [115/200][240/282] lr: 2.56e-04 | MSE loss: 4.2673e-03 | time: 0.035
I 06.07/22:20:21 solver.py:159 ] Epoch: [115/200][260/282] lr: 2.56e-04 | MSE loss: 4.2761e-03 | time: 0.035
I 06.07/22:20:22 solver.py:159 ] Epoch: [115/200][280/282] lr: 2.55e-04 | MSE loss: 4.2624e-03 | time: 0.035
I 06.07/22:20:22 solver.py:169 ] => Train  Loss: 4.2454e-03

I 06.07/22:20:23 solver.py:405 ] [20/32] loss: 5.5059e-03 | NMSE: -1.9233e+01 | time: 0.032
I 06.07/22:20:23 solver.py:413 ] => Test NMSE: -2.0027e+01

I 06.07/22:20:23 solver.py:345 ] => LoRA monitor [epoch=115] | trainable=67584/67584 | non_lora_trainable=0 | lora_l2=1.461984e+01 | lora_A_l2=1.249788e+01 | lora_B_l2=7.585689e+00 | component_l2=decoder:1.461984e+01 | lora_abs_max=1.179050e+00 | delta_l2=1.464285e+01 | delta_rel=4.461987e+00 | train_loss=4.245372e-03 | test_loss=4.968704e-03 | nmse=-2.002727e+01
I 06.07/22:20:23 solver.py:224 ] 
=! Best NMSE: -2.0093e+01 (epoch=111)

I 06.07/22:20:24 solver.py:159 ] Epoch: [116/200][20/282] lr: 2.55e-04 | MSE loss: 4.0082e-03 | time: 0.036
I 06.07/22:20:24 solver.py:159 ] Epoch: [116/200][40/282] lr: 2.55e-04 | MSE loss: 4.2253e-03 | time: 0.035
I 06.07/22:20:25 solver.py:159 ] Epoch: [116/200][60/282] lr: 2.55e-04 | MSE loss: 4.1842e-03 | time: 0.035
I 06.07/22:20:26 solver.py:159 ] Epoch: [116/200][80/282] lr: 2.54e-04 | MSE loss: 4.2564e-03 | time: 0.034
I 06.07/22:20:26 solver.py:159 ] Epoch: [116/200][100/282] lr: 2.54e-04 | MSE loss: 4.0491e-03 | time: 0.034
I 06.07/22:20:27 solver.py:159 ] Epoch: [116/200][120/282] lr: 2.54e-04 | MSE loss: 4.1383e-03 | time: 0.035
I 06.07/22:20:28 solver.py:159 ] Epoch: [116/200][140/282] lr: 2.53e-04 | MSE loss: 4.1415e-03 | time: 0.035
I 06.07/22:20:29 solver.py:159 ] Epoch: [116/200][160/282] lr: 2.53e-04 | MSE loss: 4.0686e-03 | time: 0.035
I 06.07/22:20:29 solver.py:159 ] Epoch: [116/200][180/282] lr: 2.53e-04 | MSE loss: 4.0360e-03 | time: 0.035
I 06.07/22:20:30 solver.py:159 ] Epoch: [116/200][200/282] lr: 2.53e-04 | MSE loss: 4.0345e-03 | time: 0.034
I 06.07/22:20:30 solver.py:159 ] Epoch: [116/200][220/282] lr: 2.52e-04 | MSE loss: 4.1422e-03 | time: 0.034
I 06.07/22:20:31 solver.py:159 ] Epoch: [116/200][240/282] lr: 2.52e-04 | MSE loss: 4.1784e-03 | time: 0.034
I 06.07/22:20:32 solver.py:159 ] Epoch: [116/200][260/282] lr: 2.52e-04 | MSE loss: 4.2399e-03 | time: 0.034
I 06.07/22:20:32 solver.py:159 ] Epoch: [116/200][280/282] lr: 2.52e-04 | MSE loss: 4.2406e-03 | time: 0.034
I 06.07/22:20:33 solver.py:169 ] => Train  Loss: 4.2367e-03

I 06.07/22:20:33 solver.py:405 ] [20/32] loss: 5.4306e-03 | NMSE: -1.9287e+01 | time: 0.028
I 06.07/22:20:33 solver.py:413 ] => Test NMSE: -2.0094e+01

I 06.07/22:20:33 solver.py:345 ] => LoRA monitor [epoch=116] | trainable=67584/67584 | non_lora_trainable=0 | lora_l2=1.465009e+01 | lora_A_l2=1.252461e+01 | lora_B_l2=7.599950e+00 | component_l2=decoder:1.465009e+01 | lora_abs_max=1.181416e+00 | delta_l2=1.467339e+01 | delta_rel=4.471291e+00 | train_loss=4.236706e-03 | test_loss=4.892881e-03 | nmse=-2.009405e+01
I 06.07/22:20:34 solver.py:224 ] 
=! Best NMSE: -2.0094e+01 (epoch=116)

I 06.07/22:20:34 solver.py:159 ] Epoch: [117/200][20/282] lr: 2.51e-04 | MSE loss: 3.7631e-03 | time: 0.037
I 06.07/22:20:35 solver.py:159 ] Epoch: [117/200][40/282] lr: 2.51e-04 | MSE loss: 4.4857e-03 | time: 0.034
I 06.07/22:20:36 solver.py:159 ] Epoch: [117/200][60/282] lr: 2.51e-04 | MSE loss: 4.1607e-03 | time: 0.034
I 06.07/22:20:36 solver.py:159 ] Epoch: [117/200][80/282] lr: 2.50e-04 | MSE loss: 4.0008e-03 | time: 0.035
I 06.07/22:20:37 solver.py:159 ] Epoch: [117/200][100/282] lr: 2.50e-04 | MSE loss: 4.0078e-03 | time: 0.034
I 06.07/22:20:38 solver.py:159 ] Epoch: [117/200][120/282] lr: 2.50e-04 | MSE loss: 4.2206e-03 | time: 0.035
I 06.07/22:20:39 solver.py:159 ] Epoch: [117/200][140/282] lr: 2.50e-04 | MSE loss: 4.1468e-03 | time: 0.035
I 06.07/22:20:39 solver.py:159 ] Epoch: [117/200][160/282] lr: 2.49e-04 | MSE loss: 4.1808e-03 | time: 0.035
I 06.07/22:20:40 solver.py:159 ] Epoch: [117/200][180/282] lr: 2.49e-04 | MSE loss: 4.2699e-03 | time: 0.036
I 06.07/22:20:41 solver.py:159 ] Epoch: [117/200][200/282] lr: 2.49e-04 | MSE loss: 4.2252e-03 | time: 0.036
I 06.07/22:20:41 solver.py:159 ] Epoch: [117/200][220/282] lr: 2.48e-04 | MSE loss: 4.2208e-03 | time: 0.036
I 06.07/22:20:42 solver.py:159 ] Epoch: [117/200][240/282] lr: 2.48e-04 | MSE loss: 4.1631e-03 | time: 0.036
I 06.07/22:20:43 solver.py:159 ] Epoch: [117/200][260/282] lr: 2.48e-04 | MSE loss: 4.2271e-03 | time: 0.035
I 06.07/22:20:44 solver.py:159 ] Epoch: [117/200][280/282] lr: 2.48e-04 | MSE loss: 4.2415e-03 | time: 0.035
I 06.07/22:20:44 solver.py:169 ] => Train  Loss: 4.2436e-03

I 06.07/22:20:44 solver.py:405 ] [20/32] loss: 5.4036e-03 | NMSE: -1.9297e+01 | time: 0.031
I 06.07/22:20:45 solver.py:413 ] => Test NMSE: -2.0113e+01

I 06.07/22:20:45 solver.py:345 ] => LoRA monitor [epoch=117] | trainable=67584/67584 | non_lora_trainable=0 | lora_l2=1.467687e+01 | lora_A_l2=1.254747e+01 | lora_B_l2=7.613906e+00 | component_l2=decoder:1.467687e+01 | lora_abs_max=1.181716e+00 | delta_l2=1.470026e+01 | delta_rel=4.479478e+00 | train_loss=4.243646e-03 | test_loss=4.871682e-03 | nmse=-2.011291e+01
I 06.07/22:20:45 solver.py:224 ] 
=! Best NMSE: -2.0113e+01 (epoch=117)

I 06.07/22:20:45 solver.py:159 ] Epoch: [118/200][20/282] lr: 2.47e-04 | MSE loss: 3.6588e-03 | time: 0.035
I 06.07/22:20:46 solver.py:159 ] Epoch: [118/200][40/282] lr: 2.47e-04 | MSE loss: 3.5602e-03 | time: 0.035
I 06.07/22:20:47 solver.py:159 ] Epoch: [118/200][60/282] lr: 2.47e-04 | MSE loss: 4.1922e-03 | time: 0.034
I 06.07/22:20:47 solver.py:159 ] Epoch: [118/200][80/282] lr: 2.46e-04 | MSE loss: 4.1037e-03 | time: 0.034
I 06.07/22:20:48 solver.py:159 ] Epoch: [118/200][100/282] lr: 2.46e-04 | MSE loss: 4.1201e-03 | time: 0.034
I 06.07/22:20:49 solver.py:159 ] Epoch: [118/200][120/282] lr: 2.46e-04 | MSE loss: 4.1526e-03 | time: 0.034
I 06.07/22:20:50 solver.py:159 ] Epoch: [118/200][140/282] lr: 2.46e-04 | MSE loss: 4.1264e-03 | time: 0.035
I 06.07/22:20:50 solver.py:159 ] Epoch: [118/200][160/282] lr: 2.45e-04 | MSE loss: 4.1867e-03 | time: 0.035
I 06.07/22:20:51 solver.py:159 ] Epoch: [118/200][180/282] lr: 2.45e-04 | MSE loss: 4.2323e-03 | time: 0.035
I 06.07/22:20:52 solver.py:159 ] Epoch: [118/200][200/282] lr: 2.45e-04 | MSE loss: 4.2029e-03 | time: 0.035
I 06.07/22:20:52 solver.py:159 ] Epoch: [118/200][220/282] lr: 2.45e-04 | MSE loss: 4.2298e-03 | time: 0.035
I 06.07/22:20:53 solver.py:159 ] Epoch: [118/200][240/282] lr: 2.44e-04 | MSE loss: 4.1997e-03 | time: 0.035
I 06.07/22:20:54 solver.py:159 ] Epoch: [118/200][260/282] lr: 2.44e-04 | MSE loss: 4.2593e-03 | time: 0.035
I 06.07/22:20:55 solver.py:159 ] Epoch: [118/200][280/282] lr: 2.44e-04 | MSE loss: 4.2383e-03 | time: 0.035
I 06.07/22:20:55 solver.py:169 ] => Train  Loss: 4.2307e-03

I 06.07/22:20:55 solver.py:405 ] [20/32] loss: 5.3928e-03 | NMSE: -1.9314e+01 | time: 0.029
I 06.07/22:20:55 solver.py:413 ] => Test NMSE: -2.0123e+01

I 06.07/22:20:55 solver.py:345 ] => LoRA monitor [epoch=118] | trainable=67584/67584 | non_lora_trainable=0 | lora_l2=1.470655e+01 | lora_A_l2=1.257238e+01 | lora_B_l2=7.630062e+00 | component_l2=decoder:1.470655e+01 | lora_abs_max=1.184779e+00 | delta_l2=1.473005e+01 | delta_rel=4.488559e+00 | train_loss=4.230688e-03 | test_loss=4.860770e-03 | nmse=-2.012265e+01
I 06.07/22:20:56 solver.py:224 ] 
=! Best NMSE: -2.0123e+01 (epoch=118)

I 06.07/22:20:56 solver.py:159 ] Epoch: [119/200][20/282] lr: 2.43e-04 | MSE loss: 4.3648e-03 | time: 0.037
I 06.07/22:20:57 solver.py:159 ] Epoch: [119/200][40/282] lr: 2.43e-04 | MSE loss: 3.9226e-03 | time: 0.036
I 06.07/22:20:58 solver.py:159 ] Epoch: [119/200][60/282] lr: 2.43e-04 | MSE loss: 3.6002e-03 | time: 0.035
I 06.07/22:20:58 solver.py:159 ] Epoch: [119/200][80/282] lr: 2.43e-04 | MSE loss: 3.8610e-03 | time: 0.036
I 06.07/22:20:59 solver.py:159 ] Epoch: [119/200][100/282] lr: 2.42e-04 | MSE loss: 3.8667e-03 | time: 0.035
I 06.07/22:21:00 solver.py:159 ] Epoch: [119/200][120/282] lr: 2.42e-04 | MSE loss: 3.9495e-03 | time: 0.035
I 06.07/22:21:01 solver.py:159 ] Epoch: [119/200][140/282] lr: 2.42e-04 | MSE loss: 4.0032e-03 | time: 0.038
I 06.07/22:21:03 solver.py:159 ] Epoch: [119/200][160/282] lr: 2.41e-04 | MSE loss: 4.0885e-03 | time: 0.044
I 06.07/22:21:04 solver.py:159 ] Epoch: [119/200][180/282] lr: 2.41e-04 | MSE loss: 4.1104e-03 | time: 0.047
I 06.07/22:21:05 solver.py:159 ] Epoch: [119/200][200/282] lr: 2.41e-04 | MSE loss: 4.0917e-03 | time: 0.046
I 06.07/22:21:05 solver.py:159 ] Epoch: [119/200][220/282] lr: 2.41e-04 | MSE loss: 4.1507e-03 | time: 0.044
I 06.07/22:21:06 solver.py:159 ] Epoch: [119/200][240/282] lr: 2.40e-04 | MSE loss: 4.1633e-03 | time: 0.044
I 06.07/22:21:07 solver.py:159 ] Epoch: [119/200][260/282] lr: 2.40e-04 | MSE loss: 4.2295e-03 | time: 0.043
I 06.07/22:21:07 solver.py:159 ] Epoch: [119/200][280/282] lr: 2.40e-04 | MSE loss: 4.2683e-03 | time: 0.042
I 06.07/22:21:08 solver.py:169 ] => Train  Loss: 4.2520e-03

I 06.07/22:21:08 solver.py:405 ] [20/32] loss: 5.4659e-03 | NMSE: -1.9263e+01 | time: 0.030
I 06.07/22:21:08 solver.py:413 ] => Test NMSE: -2.0065e+01

I 06.07/22:21:08 solver.py:345 ] => LoRA monitor [epoch=119] | trainable=67584/67584 | non_lora_trainable=0 | lora_l2=1.473264e+01 | lora_A_l2=1.259575e+01 | lora_B_l2=7.641847e+00 | component_l2=decoder:1.473264e+01 | lora_abs_max=1.187264e+00 | delta_l2=1.475656e+01 | delta_rel=4.496634e+00 | train_loss=4.252031e-03 | test_loss=4.925245e-03 | nmse=-2.006542e+01
I 06.07/22:21:08 solver.py:224 ] 
=! Best NMSE: -2.0123e+01 (epoch=118)

I 06.07/22:21:09 solver.py:159 ] Epoch: [120/200][20/282] lr: 2.40e-04 | MSE loss: 3.7838e-03 | time: 0.034
I 06.07/22:21:10 solver.py:159 ] Epoch: [120/200][40/282] lr: 2.39e-04 | MSE loss: 3.7365e-03 | time: 0.035
I 06.07/22:21:11 solver.py:159 ] Epoch: [120/200][60/282] lr: 2.39e-04 | MSE loss: 3.9588e-03 | time: 0.036
I 06.07/22:21:11 solver.py:159 ] Epoch: [120/200][80/282] lr: 2.39e-04 | MSE loss: 4.3831e-03 | time: 0.035
I 06.07/22:21:12 solver.py:159 ] Epoch: [120/200][100/282] lr: 2.38e-04 | MSE loss: 4.3478e-03 | time: 0.035
I 06.07/22:21:13 solver.py:159 ] Epoch: [120/200][120/282] lr: 2.38e-04 | MSE loss: 4.4288e-03 | time: 0.036
I 06.07/22:21:13 solver.py:159 ] Epoch: [120/200][140/282] lr: 2.38e-04 | MSE loss: 4.4121e-03 | time: 0.036
I 06.07/22:21:14 solver.py:159 ] Epoch: [120/200][160/282] lr: 2.38e-04 | MSE loss: 4.4541e-03 | time: 0.036
I 06.07/22:21:15 solver.py:159 ] Epoch: [120/200][180/282] lr: 2.37e-04 | MSE loss: 4.3712e-03 | time: 0.035
I 06.07/22:21:16 solver.py:159 ] Epoch: [120/200][200/282] lr: 2.37e-04 | MSE loss: 4.3275e-03 | time: 0.036
I 06.07/22:21:16 solver.py:159 ] Epoch: [120/200][220/282] lr: 2.37e-04 | MSE loss: 4.2457e-03 | time: 0.036
I 06.07/22:21:17 solver.py:159 ] Epoch: [120/200][240/282] lr: 2.37e-04 | MSE loss: 4.2746e-03 | time: 0.035
I 06.07/22:21:18 solver.py:159 ] Epoch: [120/200][260/282] lr: 2.36e-04 | MSE loss: 4.2645e-03 | time: 0.035
I 06.07/22:21:18 solver.py:159 ] Epoch: [120/200][280/282] lr: 2.36e-04 | MSE loss: 4.2499e-03 | time: 0.035
I 06.07/22:21:18 solver.py:169 ] => Train  Loss: 4.2306e-03

I 06.07/22:21:19 solver.py:159 ] Epoch: [120/200][20/32] lr: 2.36e-04 | MSE loss: 5.4944e-03 | time: 0.031
I 06.07/22:21:19 solver.py:169 ] => Val  Loss: 4.8805e-03

I 06.07/22:21:20 solver.py:405 ] [20/32] loss: 5.4944e-03 | NMSE: -1.9235e+01 | time: 0.032
I 06.07/22:21:20 solver.py:413 ] => Test NMSE: -2.0044e+01

I 06.07/22:21:20 solver.py:345 ] => LoRA monitor [epoch=120] | trainable=67584/67584 | non_lora_trainable=0 | lora_l2=1.476054e+01 | lora_A_l2=1.261902e+01 | lora_B_l2=7.657269e+00 | component_l2=decoder:1.476054e+01 | lora_abs_max=1.190733e+00 | delta_l2=1.478458e+01 | delta_rel=4.505173e+00 | train_loss=4.230600e-03 | val_loss=4.880466e-03 | test_loss=4.949354e-03 | nmse=-2.004422e+01
I 06.07/22:21:20 solver.py:224 ] 
=! Best NMSE: -2.0123e+01 (epoch=118)

I 06.07/22:21:21 solver.py:159 ] Epoch: [121/200][20/282] lr: 2.36e-04 | MSE loss: 4.1352e-03 | time: 0.034
I 06.07/22:21:22 solver.py:159 ] Epoch: [121/200][40/282] lr: 2.35e-04 | MSE loss: 4.8550e-03 | time: 0.034
I 06.07/22:21:22 solver.py:159 ] Epoch: [121/200][60/282] lr: 2.35e-04 | MSE loss: 4.7622e-03 | time: 0.034
I 06.07/22:21:23 solver.py:159 ] Epoch: [121/200][80/282] lr: 2.35e-04 | MSE loss: 4.3856e-03 | time: 0.034
I 06.07/22:21:24 solver.py:159 ] Epoch: [121/200][100/282] lr: 2.35e-04 | MSE loss: 4.3368e-03 | time: 0.035
I 06.07/22:21:24 solver.py:159 ] Epoch: [121/200][120/282] lr: 2.34e-04 | MSE loss: 4.3053e-03 | time: 0.034
I 06.07/22:21:25 solver.py:159 ] Epoch: [121/200][140/282] lr: 2.34e-04 | MSE loss: 4.3080e-03 | time: 0.034
I 06.07/22:21:26 solver.py:159 ] Epoch: [121/200][160/282] lr: 2.34e-04 | MSE loss: 4.2077e-03 | time: 0.035
I 06.07/22:21:26 solver.py:159 ] Epoch: [121/200][180/282] lr: 2.33e-04 | MSE loss: 4.1513e-03 | time: 0.035
I 06.07/22:21:27 solver.py:159 ] Epoch: [121/200][200/282] lr: 2.33e-04 | MSE loss: 4.3048e-03 | time: 0.035
I 06.07/22:21:28 solver.py:159 ] Epoch: [121/200][220/282] lr: 2.33e-04 | MSE loss: 4.2280e-03 | time: 0.035
I 06.07/22:21:29 solver.py:159 ] Epoch: [121/200][240/282] lr: 2.33e-04 | MSE loss: 4.2565e-03 | time: 0.035
I 06.07/22:21:29 solver.py:159 ] Epoch: [121/200][260/282] lr: 2.32e-04 | MSE loss: 4.2399e-03 | time: 0.035
I 06.07/22:21:30 solver.py:159 ] Epoch: [121/200][280/282] lr: 2.32e-04 | MSE loss: 4.2275e-03 | time: 0.035
I 06.07/22:21:30 solver.py:169 ] => Train  Loss: 4.2117e-03

I 06.07/22:21:31 solver.py:405 ] [20/32] loss: 5.4607e-03 | NMSE: -1.9254e+01 | time: 0.030
I 06.07/22:21:31 solver.py:413 ] => Test NMSE: -2.0072e+01

I 06.07/22:21:31 solver.py:345 ] => LoRA monitor [epoch=121] | trainable=67584/67584 | non_lora_trainable=0 | lora_l2=1.478860e+01 | lora_A_l2=1.264361e+01 | lora_B_l2=7.670847e+00 | component_l2=decoder:1.478860e+01 | lora_abs_max=1.192297e+00 | delta_l2=1.481294e+01 | delta_rel=4.513816e+00 | train_loss=4.211672e-03 | test_loss=4.918122e-03 | nmse=-2.007171e+01
I 06.07/22:21:31 solver.py:224 ] 
=! Best NMSE: -2.0123e+01 (epoch=118)

I 06.07/22:21:32 solver.py:159 ] Epoch: [122/200][20/282] lr: 2.32e-04 | MSE loss: 4.4783e-03 | time: 0.034
I 06.07/22:21:32 solver.py:159 ] Epoch: [122/200][40/282] lr: 2.32e-04 | MSE loss: 4.0507e-03 | time: 0.033
I 06.07/22:21:33 solver.py:159 ] Epoch: [122/200][60/282] lr: 2.31e-04 | MSE loss: 3.9848e-03 | time: 0.034
I 06.07/22:21:34 solver.py:159 ] Epoch: [122/200][80/282] lr: 2.31e-04 | MSE loss: 4.0376e-03 | time: 0.035
I 06.07/22:21:34 solver.py:159 ] Epoch: [122/200][100/282] lr: 2.31e-04 | MSE loss: 4.2502e-03 | time: 0.035
I 06.07/22:21:35 solver.py:159 ] Epoch: [122/200][120/282] lr: 2.30e-04 | MSE loss: 4.1823e-03 | time: 0.034
I 06.07/22:21:36 solver.py:159 ] Epoch: [122/200][140/282] lr: 2.30e-04 | MSE loss: 4.3204e-03 | time: 0.034
I 06.07/22:21:37 solver.py:159 ] Epoch: [122/200][160/282] lr: 2.30e-04 | MSE loss: 4.2826e-03 | time: 0.035
I 06.07/22:21:37 solver.py:159 ] Epoch: [122/200][180/282] lr: 2.30e-04 | MSE loss: 4.2449e-03 | time: 0.035
I 06.07/22:21:38 solver.py:159 ] Epoch: [122/200][200/282] lr: 2.29e-04 | MSE loss: 4.2990e-03 | time: 0.034
I 06.07/22:21:39 solver.py:159 ] Epoch: [122/200][220/282] lr: 2.29e-04 | MSE loss: 4.1615e-03 | time: 0.035
I 06.07/22:21:39 solver.py:159 ] Epoch: [122/200][240/282] lr: 2.29e-04 | MSE loss: 4.1691e-03 | time: 0.035
I 06.07/22:21:40 solver.py:159 ] Epoch: [122/200][260/282] lr: 2.29e-04 | MSE loss: 4.2163e-03 | time: 0.035
I 06.07/22:21:41 solver.py:159 ] Epoch: [122/200][280/282] lr: 2.28e-04 | MSE loss: 4.2318e-03 | time: 0.035
I 06.07/22:21:41 solver.py:169 ] => Train  Loss: 4.2131e-03

I 06.07/22:21:41 solver.py:405 ] [20/32] loss: 5.4387e-03 | NMSE: -1.9262e+01 | time: 0.026
I 06.07/22:21:42 solver.py:413 ] => Test NMSE: -2.0083e+01

I 06.07/22:21:42 solver.py:345 ] => LoRA monitor [epoch=122] | trainable=67584/67584 | non_lora_trainable=0 | lora_l2=1.481200e+01 | lora_A_l2=1.266337e+01 | lora_B_l2=7.683371e+00 | component_l2=decoder:1.481200e+01 | lora_abs_max=1.194087e+00 | delta_l2=1.483646e+01 | delta_rel=4.520983e+00 | train_loss=4.213059e-03 | test_loss=4.905753e-03 | nmse=-2.008264e+01
I 06.07/22:21:42 solver.py:224 ] 
=! Best NMSE: -2.0123e+01 (epoch=118)

I 06.07/22:21:42 solver.py:159 ] Epoch: [123/200][20/282] lr: 2.28e-04 | MSE loss: 3.6759e-03 | time: 0.034
I 06.07/22:21:43 solver.py:159 ] Epoch: [123/200][40/282] lr: 2.28e-04 | MSE loss: 4.2100e-03 | time: 0.035
I 06.07/22:21:44 solver.py:159 ] Epoch: [123/200][60/282] lr: 2.27e-04 | MSE loss: 4.2654e-03 | time: 0.035
I 06.07/22:21:44 solver.py:159 ] Epoch: [123/200][80/282] lr: 2.27e-04 | MSE loss: 4.5561e-03 | time: 0.035
I 06.07/22:21:45 solver.py:159 ] Epoch: [123/200][100/282] lr: 2.27e-04 | MSE loss: 4.4888e-03 | time: 0.034
I 06.07/22:21:46 solver.py:159 ] Epoch: [123/200][120/282] lr: 2.27e-04 | MSE loss: 4.4430e-03 | time: 0.034
I 06.07/22:21:46 solver.py:159 ] Epoch: [123/200][140/282] lr: 2.26e-04 | MSE loss: 4.5043e-03 | time: 0.034
I 06.07/22:21:47 solver.py:159 ] Epoch: [123/200][160/282] lr: 2.26e-04 | MSE loss: 4.4133e-03 | time: 0.035
I 06.07/22:21:48 solver.py:159 ] Epoch: [123/200][180/282] lr: 2.26e-04 | MSE loss: 4.3801e-03 | time: 0.034
I 06.07/22:21:48 solver.py:159 ] Epoch: [123/200][200/282] lr: 2.25e-04 | MSE loss: 4.3320e-03 | time: 0.034
I 06.07/22:21:49 solver.py:159 ] Epoch: [123/200][220/282] lr: 2.25e-04 | MSE loss: 4.2762e-03 | time: 0.034
I 06.07/22:21:50 solver.py:159 ] Epoch: [123/200][240/282] lr: 2.25e-04 | MSE loss: 4.2135e-03 | time: 0.034
I 06.07/22:21:51 solver.py:159 ] Epoch: [123/200][260/282] lr: 2.25e-04 | MSE loss: 4.2424e-03 | time: 0.034
I 06.07/22:21:51 solver.py:159 ] Epoch: [123/200][280/282] lr: 2.24e-04 | MSE loss: 4.2142e-03 | time: 0.034
I 06.07/22:21:51 solver.py:169 ] => Train  Loss: 4.2412e-03

I 06.07/22:21:52 solver.py:405 ] [20/32] loss: 5.4271e-03 | NMSE: -1.9274e+01 | time: 0.028
I 06.07/22:21:52 solver.py:413 ] => Test NMSE: -2.0093e+01

I 06.07/22:21:52 solver.py:345 ] => LoRA monitor [epoch=123] | trainable=67584/67584 | non_lora_trainable=0 | lora_l2=1.483814e+01 | lora_A_l2=1.268646e+01 | lora_B_l2=7.695732e+00 | component_l2=decoder:1.483814e+01 | lora_abs_max=1.195767e+00 | delta_l2=1.486299e+01 | delta_rel=4.529066e+00 | train_loss=4.241153e-03 | test_loss=4.894316e-03 | nmse=-2.009278e+01
I 06.07/22:21:52 solver.py:224 ] 
=! Best NMSE: -2.0123e+01 (epoch=118)

I 06.07/22:21:53 solver.py:159 ] Epoch: [124/200][20/282] lr: 2.24e-04 | MSE loss: 3.5819e-03 | time: 0.035
I 06.07/22:21:54 solver.py:159 ] Epoch: [124/200][40/282] lr: 2.24e-04 | MSE loss: 4.2122e-03 | time: 0.035
I 06.07/22:21:54 solver.py:159 ] Epoch: [124/200][60/282] lr: 2.24e-04 | MSE loss: 4.2742e-03 | time: 0.035
I 06.07/22:21:55 solver.py:159 ] Epoch: [124/200][80/282] lr: 2.23e-04 | MSE loss: 4.3149e-03 | time: 0.035
I 06.07/22:21:56 solver.py:159 ] Epoch: [124/200][100/282] lr: 2.23e-04 | MSE loss: 4.5700e-03 | time: 0.035
I 06.07/22:21:56 solver.py:159 ] Epoch: [124/200][120/282] lr: 2.23e-04 | MSE loss: 4.5123e-03 | time: 0.035
I 06.07/22:21:57 solver.py:159 ] Epoch: [124/200][140/282] lr: 2.22e-04 | MSE loss: 4.5701e-03 | time: 0.034
I 06.07/22:21:58 solver.py:159 ] Epoch: [124/200][160/282] lr: 2.22e-04 | MSE loss: 4.5479e-03 | time: 0.034
I 06.07/22:21:58 solver.py:159 ] Epoch: [124/200][180/282] lr: 2.22e-04 | MSE loss: 4.3809e-03 | time: 0.034
I 06.07/22:21:59 solver.py:159 ] Epoch: [124/200][200/282] lr: 2.22e-04 | MSE loss: 4.3944e-03 | time: 0.034
I 06.07/22:22:00 solver.py:159 ] Epoch: [124/200][220/282] lr: 2.21e-04 | MSE loss: 4.3829e-03 | time: 0.034
I 06.07/22:22:00 solver.py:159 ] Epoch: [124/200][240/282] lr: 2.21e-04 | MSE loss: 4.2897e-03 | time: 0.035
I 06.07/22:22:02 solver.py:159 ] Epoch: [124/200][260/282] lr: 2.21e-04 | MSE loss: 4.2643e-03 | time: 0.037
I 06.07/22:22:03 solver.py:159 ] Epoch: [124/200][280/282] lr: 2.21e-04 | MSE loss: 4.2159e-03 | time: 0.040
I 06.07/22:22:03 solver.py:169 ] => Train  Loss: 4.2087e-03

I 06.07/22:22:04 solver.py:405 ] [20/32] loss: 5.4188e-03 | NMSE: -1.9294e+01 | time: 0.049
I 06.07/22:22:05 solver.py:413 ] => Test NMSE: -2.0098e+01

I 06.07/22:22:05 solver.py:345 ] => LoRA monitor [epoch=124] | trainable=67584/67584 | non_lora_trainable=0 | lora_l2=1.485469e+01 | lora_A_l2=1.269973e+01 | lora_B_l2=7.705756e+00 | component_l2=decoder:1.485469e+01 | lora_abs_max=1.196844e+00 | delta_l2=1.487988e+01 | delta_rel=4.534213e+00 | train_loss=4.208749e-03 | test_loss=4.887983e-03 | nmse=-2.009840e+01
I 06.07/22:22:05 solver.py:224 ] 
=! Best NMSE: -2.0123e+01 (epoch=118)

I 06.07/22:22:05 solver.py:159 ] Epoch: [125/200][20/282] lr: 2.20e-04 | MSE loss: 3.6132e-03 | time: 0.037
I 06.07/22:22:06 solver.py:159 ] Epoch: [125/200][40/282] lr: 2.20e-04 | MSE loss: 3.9604e-03 | time: 0.034
I 06.07/22:22:07 solver.py:159 ] Epoch: [125/200][60/282] lr: 2.20e-04 | MSE loss: 3.9230e-03 | time: 0.034
I 06.07/22:22:07 solver.py:159 ] Epoch: [125/200][80/282] lr: 2.19e-04 | MSE loss: 4.0191e-03 | time: 0.034
I 06.07/22:22:08 solver.py:159 ] Epoch: [125/200][100/282] lr: 2.19e-04 | MSE loss: 3.9850e-03 | time: 0.034
I 06.07/22:22:09 solver.py:159 ] Epoch: [125/200][120/282] lr: 2.19e-04 | MSE loss: 4.0624e-03 | time: 0.034
I 06.07/22:22:09 solver.py:159 ] Epoch: [125/200][140/282] lr: 2.19e-04 | MSE loss: 4.1153e-03 | time: 0.034
I 06.07/22:22:10 solver.py:159 ] Epoch: [125/200][160/282] lr: 2.18e-04 | MSE loss: 4.1595e-03 | time: 0.033
I 06.07/22:22:11 solver.py:159 ] Epoch: [125/200][180/282] lr: 2.18e-04 | MSE loss: 4.1913e-03 | time: 0.034
I 06.07/22:22:11 solver.py:159 ] Epoch: [125/200][200/282] lr: 2.18e-04 | MSE loss: 4.1357e-03 | time: 0.034
I 06.07/22:22:12 solver.py:159 ] Epoch: [125/200][220/282] lr: 2.18e-04 | MSE loss: 4.0813e-03 | time: 0.034
I 06.07/22:22:13 solver.py:159 ] Epoch: [125/200][240/282] lr: 2.17e-04 | MSE loss: 4.1039e-03 | time: 0.034
I 06.07/22:22:13 solver.py:159 ] Epoch: [125/200][260/282] lr: 2.17e-04 | MSE loss: 4.0687e-03 | time: 0.034
I 06.07/22:22:14 solver.py:159 ] Epoch: [125/200][280/282] lr: 2.17e-04 | MSE loss: 4.2045e-03 | time: 0.034
I 06.07/22:22:14 solver.py:169 ] => Train  Loss: 4.2138e-03

I 06.07/22:22:15 solver.py:405 ] [20/32] loss: 5.4440e-03 | NMSE: -1.9256e+01 | time: 0.027
I 06.07/22:22:15 solver.py:413 ] => Test NMSE: -2.0082e+01

I 06.07/22:22:15 solver.py:345 ] => LoRA monitor [epoch=125] | trainable=67584/67584 | non_lora_trainable=0 | lora_l2=1.488340e+01 | lora_A_l2=1.272431e+01 | lora_B_l2=7.720594e+00 | component_l2=decoder:1.488340e+01 | lora_abs_max=1.198922e+00 | delta_l2=1.490856e+01 | delta_rel=4.542953e+00 | train_loss=4.213778e-03 | test_loss=4.906742e-03 | nmse=-2.008177e+01
I 06.07/22:22:15 solver.py:224 ] 
=! Best NMSE: -2.0123e+01 (epoch=118)

I 06.07/22:22:16 solver.py:159 ] Epoch: [126/200][20/282] lr: 2.16e-04 | MSE loss: 4.7388e-03 | time: 0.036
I 06.07/22:22:17 solver.py:159 ] Epoch: [126/200][40/282] lr: 2.16e-04 | MSE loss: 4.3916e-03 | time: 0.036
I 06.07/22:22:17 solver.py:159 ] Epoch: [126/200][60/282] lr: 2.16e-04 | MSE loss: 4.6838e-03 | time: 0.036
I 06.07/22:22:18 solver.py:159 ] Epoch: [126/200][80/282] lr: 2.16e-04 | MSE loss: 4.6527e-03 | time: 0.036
I 06.07/22:22:19 solver.py:159 ] Epoch: [126/200][100/282] lr: 2.15e-04 | MSE loss: 4.4703e-03 | time: 0.035
I 06.07/22:22:19 solver.py:159 ] Epoch: [126/200][120/282] lr: 2.15e-04 | MSE loss: 4.4779e-03 | time: 0.036
I 06.07/22:22:20 solver.py:159 ] Epoch: [126/200][140/282] lr: 2.15e-04 | MSE loss: 4.5361e-03 | time: 0.036
I 06.07/22:22:21 solver.py:159 ] Epoch: [126/200][160/282] lr: 2.15e-04 | MSE loss: 4.4990e-03 | time: 0.035
I 06.07/22:22:21 solver.py:159 ] Epoch: [126/200][180/282] lr: 2.14e-04 | MSE loss: 4.4095e-03 | time: 0.035
I 06.07/22:22:22 solver.py:159 ] Epoch: [126/200][200/282] lr: 2.14e-04 | MSE loss: 4.3090e-03 | time: 0.035
I 06.07/22:22:23 solver.py:159 ] Epoch: [126/200][220/282] lr: 2.14e-04 | MSE loss: 4.2404e-03 | time: 0.035
I 06.07/22:22:23 solver.py:159 ] Epoch: [126/200][240/282] lr: 2.14e-04 | MSE loss: 4.2540e-03 | time: 0.035
I 06.07/22:22:24 solver.py:159 ] Epoch: [126/200][260/282] lr: 2.13e-04 | MSE loss: 4.2468e-03 | time: 0.035
I 06.07/22:22:25 solver.py:159 ] Epoch: [126/200][280/282] lr: 2.13e-04 | MSE loss: 4.2160e-03 | time: 0.035
I 06.07/22:22:25 solver.py:169 ] => Train  Loss: 4.1970e-03

I 06.07/22:22:26 solver.py:405 ] [20/32] loss: 5.3906e-03 | NMSE: -1.9326e+01 | time: 0.031
I 06.07/22:22:26 solver.py:413 ] => Test NMSE: -2.0122e+01

I 06.07/22:22:26 solver.py:345 ] => LoRA monitor [epoch=126] | trainable=67584/67584 | non_lora_trainable=0 | lora_l2=1.490370e+01 | lora_A_l2=1.274196e+01 | lora_B_l2=7.730637e+00 | component_l2=decoder:1.490370e+01 | lora_abs_max=1.200529e+00 | delta_l2=1.492910e+01 | delta_rel=4.549212e+00 | train_loss=4.196985e-03 | test_loss=4.861537e-03 | nmse=-2.012197e+01
I 06.07/22:22:26 solver.py:224 ] 
=! Best NMSE: -2.0123e+01 (epoch=118)

I 06.07/22:22:27 solver.py:159 ] Epoch: [127/200][20/282] lr: 2.13e-04 | MSE loss: 4.5344e-03 | time: 0.035
I 06.07/22:22:27 solver.py:159 ] Epoch: [127/200][40/282] lr: 2.12e-04 | MSE loss: 4.4648e-03 | time: 0.035
I 06.07/22:22:28 solver.py:159 ] Epoch: [127/200][60/282] lr: 2.12e-04 | MSE loss: 4.2536e-03 | time: 0.034
I 06.07/22:22:29 solver.py:159 ] Epoch: [127/200][80/282] lr: 2.12e-04 | MSE loss: 4.1388e-03 | time: 0.035
I 06.07/22:22:29 solver.py:159 ] Epoch: [127/200][100/282] lr: 2.12e-04 | MSE loss: 4.2292e-03 | time: 0.035
I 06.07/22:22:30 solver.py:159 ] Epoch: [127/200][120/282] lr: 2.11e-04 | MSE loss: 4.3507e-03 | time: 0.035
I 06.07/22:22:31 solver.py:159 ] Epoch: [127/200][140/282] lr: 2.11e-04 | MSE loss: 4.4139e-03 | time: 0.035
I 06.07/22:22:31 solver.py:159 ] Epoch: [127/200][160/282] lr: 2.11e-04 | MSE loss: 4.4309e-03 | time: 0.035
I 06.07/22:22:32 solver.py:159 ] Epoch: [127/200][180/282] lr: 2.11e-04 | MSE loss: 4.3806e-03 | time: 0.035
I 06.07/22:22:33 solver.py:159 ] Epoch: [127/200][200/282] lr: 2.10e-04 | MSE loss: 4.4181e-03 | time: 0.035
I 06.07/22:22:33 solver.py:159 ] Epoch: [127/200][220/282] lr: 2.10e-04 | MSE loss: 4.3379e-03 | time: 0.035
I 06.07/22:22:34 solver.py:159 ] Epoch: [127/200][240/282] lr: 2.10e-04 | MSE loss: 4.2828e-03 | time: 0.035
I 06.07/22:22:35 solver.py:159 ] Epoch: [127/200][260/282] lr: 2.10e-04 | MSE loss: 4.2708e-03 | time: 0.035
I 06.07/22:22:36 solver.py:159 ] Epoch: [127/200][280/282] lr: 2.09e-04 | MSE loss: 4.2064e-03 | time: 0.035
I 06.07/22:22:36 solver.py:169 ] => Train  Loss: 4.1925e-03

I 06.07/22:22:36 solver.py:405 ] [20/32] loss: 5.4357e-03 | NMSE: -1.9261e+01 | time: 0.033
I 06.07/22:22:37 solver.py:413 ] => Test NMSE: -2.0084e+01

I 06.07/22:22:37 solver.py:345 ] => LoRA monitor [epoch=127] | trainable=67584/67584 | non_lora_trainable=0 | lora_l2=1.492369e+01 | lora_A_l2=1.275943e+01 | lora_B_l2=7.740390e+00 | component_l2=decoder:1.492369e+01 | lora_abs_max=1.201844e+00 | delta_l2=1.494953e+01 | delta_rel=4.555439e+00 | train_loss=4.192496e-03 | test_loss=4.904541e-03 | nmse=-2.008372e+01
I 06.07/22:22:37 solver.py:224 ] 
=! Best NMSE: -2.0123e+01 (epoch=118)

I 06.07/22:22:38 solver.py:159 ] Epoch: [128/200][20/282] lr: 2.09e-04 | MSE loss: 4.0908e-03 | time: 0.035
I 06.07/22:22:38 solver.py:159 ] Epoch: [128/200][40/282] lr: 2.09e-04 | MSE loss: 4.2938e-03 | time: 0.035
I 06.07/22:22:39 solver.py:159 ] Epoch: [128/200][60/282] lr: 2.08e-04 | MSE loss: 4.1667e-03 | time: 0.034
I 06.07/22:22:40 solver.py:159 ] Epoch: [128/200][80/282] lr: 2.08e-04 | MSE loss: 4.0739e-03 | time: 0.035
I 06.07/22:22:40 solver.py:159 ] Epoch: [128/200][100/282] lr: 2.08e-04 | MSE loss: 3.9967e-03 | time: 0.035
I 06.07/22:22:41 solver.py:159 ] Epoch: [128/200][120/282] lr: 2.08e-04 | MSE loss: 4.0126e-03 | time: 0.036
I 06.07/22:22:42 solver.py:159 ] Epoch: [128/200][140/282] lr: 2.07e-04 | MSE loss: 4.0641e-03 | time: 0.035
I 06.07/22:22:42 solver.py:159 ] Epoch: [128/200][160/282] lr: 2.07e-04 | MSE loss: 4.0889e-03 | time: 0.035
I 06.07/22:22:43 solver.py:159 ] Epoch: [128/200][180/282] lr: 2.07e-04 | MSE loss: 4.0589e-03 | time: 0.035
I 06.07/22:22:44 solver.py:159 ] Epoch: [128/200][200/282] lr: 2.07e-04 | MSE loss: 4.1110e-03 | time: 0.035
I 06.07/22:22:44 solver.py:159 ] Epoch: [128/200][220/282] lr: 2.06e-04 | MSE loss: 4.1902e-03 | time: 0.035
I 06.07/22:22:45 solver.py:159 ] Epoch: [128/200][240/282] lr: 2.06e-04 | MSE loss: 4.2188e-03 | time: 0.035
I 06.07/22:22:46 solver.py:159 ] Epoch: [128/200][260/282] lr: 2.06e-04 | MSE loss: 4.2138e-03 | time: 0.035
I 06.07/22:22:46 solver.py:159 ] Epoch: [128/200][280/282] lr: 2.05e-04 | MSE loss: 4.1744e-03 | time: 0.035
I 06.07/22:22:47 solver.py:169 ] => Train  Loss: 4.3173e-03

I 06.07/22:22:47 solver.py:405 ] [20/32] loss: 5.4036e-03 | NMSE: -1.9303e+01 | time: 0.031
I 06.07/22:22:48 solver.py:413 ] => Test NMSE: -2.0109e+01

I 06.07/22:22:48 solver.py:345 ] => LoRA monitor [epoch=128] | trainable=67584/67584 | non_lora_trainable=0 | lora_l2=1.494647e+01 | lora_A_l2=1.277869e+01 | lora_B_l2=7.752548e+00 | component_l2=decoder:1.494647e+01 | lora_abs_max=1.202846e+00 | delta_l2=1.497250e+01 | delta_rel=4.562437e+00 | train_loss=4.317314e-03 | test_loss=4.875842e-03 | nmse=-2.010921e+01
I 06.07/22:22:48 solver.py:224 ] 
=! Best NMSE: -2.0123e+01 (epoch=118)

I 06.07/22:22:48 solver.py:159 ] Epoch: [129/200][20/282] lr: 2.05e-04 | MSE loss: 4.2619e-03 | time: 0.036
I 06.07/22:22:49 solver.py:159 ] Epoch: [129/200][40/282] lr: 2.05e-04 | MSE loss: 4.2165e-03 | time: 0.035
I 06.07/22:22:50 solver.py:159 ] Epoch: [129/200][60/282] lr: 2.05e-04 | MSE loss: 4.2121e-03 | time: 0.035
I 06.07/22:22:50 solver.py:159 ] Epoch: [129/200][80/282] lr: 2.04e-04 | MSE loss: 4.1200e-03 | time: 0.035
I 06.07/22:22:51 solver.py:159 ] Epoch: [129/200][100/282] lr: 2.04e-04 | MSE loss: 4.0920e-03 | time: 0.035
I 06.07/22:22:52 solver.py:159 ] Epoch: [129/200][120/282] lr: 2.04e-04 | MSE loss: 4.0713e-03 | time: 0.034
I 06.07/22:22:52 solver.py:159 ] Epoch: [129/200][140/282] lr: 2.04e-04 | MSE loss: 4.0900e-03 | time: 0.035
I 06.07/22:22:53 solver.py:159 ] Epoch: [129/200][160/282] lr: 2.03e-04 | MSE loss: 4.0583e-03 | time: 0.034
I 06.07/22:22:54 solver.py:159 ] Epoch: [129/200][180/282] lr: 2.03e-04 | MSE loss: 4.0319e-03 | time: 0.034
I 06.07/22:22:54 solver.py:159 ] Epoch: [129/200][200/282] lr: 2.03e-04 | MSE loss: 4.1086e-03 | time: 0.034
I 06.07/22:22:55 solver.py:159 ] Epoch: [129/200][220/282] lr: 2.03e-04 | MSE loss: 4.1408e-03 | time: 0.035
I 06.07/22:22:56 solver.py:159 ] Epoch: [129/200][240/282] lr: 2.02e-04 | MSE loss: 4.1912e-03 | time: 0.034
I 06.07/22:22:56 solver.py:159 ] Epoch: [129/200][260/282] lr: 2.02e-04 | MSE loss: 4.2780e-03 | time: 0.035
I 06.07/22:22:57 solver.py:159 ] Epoch: [129/200][280/282] lr: 2.02e-04 | MSE loss: 4.2131e-03 | time: 0.035
I 06.07/22:22:57 solver.py:169 ] => Train  Loss: 4.1959e-03

I 06.07/22:22:58 solver.py:405 ] [20/32] loss: 5.4769e-03 | NMSE: -1.9246e+01 | time: 0.030
I 06.07/22:22:58 solver.py:413 ] => Test NMSE: -2.0051e+01

I 06.07/22:22:58 solver.py:345 ] => LoRA monitor [epoch=129] | trainable=67584/67584 | non_lora_trainable=0 | lora_l2=1.496922e+01 | lora_A_l2=1.279862e+01 | lora_B_l2=7.763557e+00 | component_l2=decoder:1.496922e+01 | lora_abs_max=1.204438e+00 | delta_l2=1.499517e+01 | delta_rel=4.569346e+00 | train_loss=4.195925e-03 | test_loss=4.941943e-03 | nmse=-2.005072e+01
I 06.07/22:22:58 solver.py:224 ] 
=! Best NMSE: -2.0123e+01 (epoch=118)

I 06.07/22:22:59 solver.py:159 ] Epoch: [130/200][20/282] lr: 2.01e-04 | MSE loss: 4.1690e-03 | time: 0.035
I 06.07/22:23:00 solver.py:159 ] Epoch: [130/200][40/282] lr: 2.01e-04 | MSE loss: 3.8958e-03 | time: 0.034
I 06.07/22:23:00 solver.py:159 ] Epoch: [130/200][60/282] lr: 2.01e-04 | MSE loss: 3.7679e-03 | time: 0.037
I 06.07/22:23:02 solver.py:159 ] Epoch: [130/200][80/282] lr: 2.01e-04 | MSE loss: 3.8548e-03 | time: 0.045
I 06.07/22:23:04 solver.py:159 ] Epoch: [130/200][100/282] lr: 2.00e-04 | MSE loss: 3.8524e-03 | time: 0.054
I 06.07/22:23:05 solver.py:159 ] Epoch: [130/200][120/282] lr: 2.00e-04 | MSE loss: 3.9401e-03 | time: 0.054
I 06.07/22:23:05 solver.py:159 ] Epoch: [130/200][140/282] lr: 2.00e-04 | MSE loss: 3.8369e-03 | time: 0.051
I 06.07/22:23:06 solver.py:159 ] Epoch: [130/200][160/282] lr: 2.00e-04 | MSE loss: 3.9618e-03 | time: 0.049
I 06.07/22:23:07 solver.py:159 ] Epoch: [130/200][180/282] lr: 1.99e-04 | MSE loss: 3.9800e-03 | time: 0.048
I 06.07/22:23:08 solver.py:159 ] Epoch: [130/200][200/282] lr: 1.99e-04 | MSE loss: 4.0436e-03 | time: 0.047
I 06.07/22:23:08 solver.py:159 ] Epoch: [130/200][220/282] lr: 1.99e-04 | MSE loss: 4.1004e-03 | time: 0.046
I 06.07/22:23:09 solver.py:159 ] Epoch: [130/200][240/282] lr: 1.99e-04 | MSE loss: 4.0831e-03 | time: 0.045
I 06.07/22:23:10 solver.py:159 ] Epoch: [130/200][260/282] lr: 1.98e-04 | MSE loss: 4.1231e-03 | time: 0.044
I 06.07/22:23:10 solver.py:159 ] Epoch: [130/200][280/282] lr: 1.98e-04 | MSE loss: 4.1887e-03 | time: 0.043
I 06.07/22:23:10 solver.py:169 ] => Train  Loss: 4.2184e-03

I 06.07/22:23:11 solver.py:159 ] Epoch: [130/200][20/32] lr: 1.98e-04 | MSE loss: 5.3694e-03 | time: 0.031
I 06.07/22:23:11 solver.py:169 ] => Val  Loss: 4.7724e-03

I 06.07/22:23:12 solver.py:405 ] [20/32] loss: 5.3694e-03 | NMSE: -1.9348e+01 | time: 0.027
I 06.07/22:23:12 solver.py:413 ] => Test NMSE: -2.0142e+01

I 06.07/22:23:12 solver.py:345 ] => LoRA monitor [epoch=130] | trainable=67584/67584 | non_lora_trainable=0 | lora_l2=1.498885e+01 | lora_A_l2=1.281619e+01 | lora_B_l2=7.772447e+00 | component_l2=decoder:1.498885e+01 | lora_abs_max=1.204678e+00 | delta_l2=1.501504e+01 | delta_rel=4.575401e+00 | train_loss=4.218358e-03 | val_loss=4.772373e-03 | test_loss=4.839350e-03 | nmse=-2.014183e+01
I 06.07/22:23:12 solver.py:224 ] 
=! Best NMSE: -2.0142e+01 (epoch=130)

I 06.07/22:23:13 solver.py:159 ] Epoch: [131/200][20/282] lr: 1.98e-04 | MSE loss: 4.4817e-03 | time: 0.034
I 06.07/22:23:14 solver.py:159 ] Epoch: [131/200][40/282] lr: 1.98e-04 | MSE loss: 4.3454e-03 | time: 0.034
I 06.07/22:23:14 solver.py:159 ] Epoch: [131/200][60/282] lr: 1.97e-04 | MSE loss: 4.4485e-03 | time: 0.035
I 06.07/22:23:15 solver.py:159 ] Epoch: [131/200][80/282] lr: 1.97e-04 | MSE loss: 4.2792e-03 | time: 0.035
I 06.07/22:23:16 solver.py:159 ] Epoch: [131/200][100/282] lr: 1.97e-04 | MSE loss: 4.4028e-03 | time: 0.036
I 06.07/22:23:17 solver.py:159 ] Epoch: [131/200][120/282] lr: 1.96e-04 | MSE loss: 4.3482e-03 | time: 0.035
I 06.07/22:23:17 solver.py:159 ] Epoch: [131/200][140/282] lr: 1.96e-04 | MSE loss: 4.2810e-03 | time: 0.036
I 06.07/22:23:18 solver.py:159 ] Epoch: [131/200][160/282] lr: 1.96e-04 | MSE loss: 4.2444e-03 | time: 0.035
I 06.07/22:23:19 solver.py:159 ] Epoch: [131/200][180/282] lr: 1.96e-04 | MSE loss: 4.3477e-03 | time: 0.035
I 06.07/22:23:19 solver.py:159 ] Epoch: [131/200][200/282] lr: 1.95e-04 | MSE loss: 4.3639e-03 | time: 0.035
I 06.07/22:23:20 solver.py:159 ] Epoch: [131/200][220/282] lr: 1.95e-04 | MSE loss: 4.3169e-03 | time: 0.035
I 06.07/22:23:21 solver.py:159 ] Epoch: [131/200][240/282] lr: 1.95e-04 | MSE loss: 4.1889e-03 | time: 0.035
I 06.07/22:23:21 solver.py:159 ] Epoch: [131/200][260/282] lr: 1.95e-04 | MSE loss: 4.2296e-03 | time: 0.035
I 06.07/22:23:22 solver.py:159 ] Epoch: [131/200][280/282] lr: 1.94e-04 | MSE loss: 4.1926e-03 | time: 0.035
I 06.07/22:23:22 solver.py:169 ] => Train  Loss: 4.1804e-03

I 06.07/22:23:23 solver.py:405 ] [20/32] loss: 5.4100e-03 | NMSE: -1.9291e+01 | time: 0.031
I 06.07/22:23:23 solver.py:413 ] => Test NMSE: -2.0104e+01

I 06.07/22:23:23 solver.py:345 ] => LoRA monitor [epoch=131] | trainable=67584/67584 | non_lora_trainable=0 | lora_l2=1.500706e+01 | lora_A_l2=1.283168e+01 | lora_B_l2=7.782018e+00 | component_l2=decoder:1.500706e+01 | lora_abs_max=1.205741e+00 | delta_l2=1.503355e+01 | delta_rel=4.581040e+00 | train_loss=4.180430e-03 | test_loss=4.881710e-03 | nmse=-2.010398e+01
I 06.07/22:23:23 solver.py:224 ] 
=! Best NMSE: -2.0142e+01 (epoch=130)

I 06.07/22:23:24 solver.py:159 ] Epoch: [132/200][20/282] lr: 1.94e-04 | MSE loss: 4.0568e-03 | time: 0.038
I 06.07/22:23:25 solver.py:159 ] Epoch: [132/200][40/282] lr: 1.94e-04 | MSE loss: 4.2616e-03 | time: 0.035
I 06.07/22:23:25 solver.py:159 ] Epoch: [132/200][60/282] lr: 1.94e-04 | MSE loss: 4.2322e-03 | time: 0.034
I 06.07/22:23:26 solver.py:159 ] Epoch: [132/200][80/282] lr: 1.93e-04 | MSE loss: 4.4285e-03 | time: 0.034
I 06.07/22:23:26 solver.py:159 ] Epoch: [132/200][100/282] lr: 1.93e-04 | MSE loss: 4.4251e-03 | time: 0.034
I 06.07/22:23:27 solver.py:159 ] Epoch: [132/200][120/282] lr: 1.93e-04 | MSE loss: 4.3187e-03 | time: 0.034
I 06.07/22:23:28 solver.py:159 ] Epoch: [132/200][140/282] lr: 1.93e-04 | MSE loss: 4.2614e-03 | time: 0.034
I 06.07/22:23:29 solver.py:159 ] Epoch: [132/200][160/282] lr: 1.92e-04 | MSE loss: 4.2769e-03 | time: 0.034
I 06.07/22:23:29 solver.py:159 ] Epoch: [132/200][180/282] lr: 1.92e-04 | MSE loss: 4.2106e-03 | time: 0.034
I 06.07/22:23:30 solver.py:159 ] Epoch: [132/200][200/282] lr: 1.92e-04 | MSE loss: 4.2244e-03 | time: 0.034
I 06.07/22:23:31 solver.py:159 ] Epoch: [132/200][220/282] lr: 1.92e-04 | MSE loss: 4.2172e-03 | time: 0.034
I 06.07/22:23:31 solver.py:159 ] Epoch: [132/200][240/282] lr: 1.91e-04 | MSE loss: 4.1872e-03 | time: 0.034
I 06.07/22:23:32 solver.py:159 ] Epoch: [132/200][260/282] lr: 1.91e-04 | MSE loss: 4.2203e-03 | time: 0.034
I 06.07/22:23:33 solver.py:159 ] Epoch: [132/200][280/282] lr: 1.91e-04 | MSE loss: 4.1938e-03 | time: 0.034
I 06.07/22:23:33 solver.py:169 ] => Train  Loss: 4.1754e-03

I 06.07/22:23:33 solver.py:405 ] [20/32] loss: 5.4002e-03 | NMSE: -1.9295e+01 | time: 0.029
I 06.07/22:23:34 solver.py:413 ] => Test NMSE: -2.0121e+01

I 06.07/22:23:34 solver.py:345 ] => LoRA monitor [epoch=132] | trainable=67584/67584 | non_lora_trainable=0 | lora_l2=1.503048e+01 | lora_A_l2=1.285166e+01 | lora_B_l2=7.794241e+00 | component_l2=decoder:1.503048e+01 | lora_abs_max=1.207633e+00 | delta_l2=1.505701e+01 | delta_rel=4.588190e+00 | train_loss=4.175373e-03 | test_loss=4.862092e-03 | nmse=-2.012147e+01
I 06.07/22:23:34 solver.py:224 ] 
=! Best NMSE: -2.0142e+01 (epoch=130)

I 06.07/22:23:34 solver.py:159 ] Epoch: [133/200][20/282] lr: 1.90e-04 | MSE loss: 3.9782e-03 | time: 0.036
I 06.07/22:23:35 solver.py:159 ] Epoch: [133/200][40/282] lr: 1.90e-04 | MSE loss: 3.8584e-03 | time: 0.035
I 06.07/22:23:36 solver.py:159 ] Epoch: [133/200][60/282] lr: 1.90e-04 | MSE loss: 4.0269e-03 | time: 0.035
I 06.07/22:23:37 solver.py:159 ] Epoch: [133/200][80/282] lr: 1.90e-04 | MSE loss: 3.9304e-03 | time: 0.036
I 06.07/22:23:37 solver.py:159 ] Epoch: [133/200][100/282] lr: 1.89e-04 | MSE loss: 3.9822e-03 | time: 0.035
I 06.07/22:23:38 solver.py:159 ] Epoch: [133/200][120/282] lr: 1.89e-04 | MSE loss: 3.9942e-03 | time: 0.035
I 06.07/22:23:39 solver.py:159 ] Epoch: [133/200][140/282] lr: 1.89e-04 | MSE loss: 4.0167e-03 | time: 0.035
I 06.07/22:23:39 solver.py:159 ] Epoch: [133/200][160/282] lr: 1.89e-04 | MSE loss: 4.0634e-03 | time: 0.034
I 06.07/22:23:40 solver.py:159 ] Epoch: [133/200][180/282] lr: 1.88e-04 | MSE loss: 4.2149e-03 | time: 0.035
I 06.07/22:23:41 solver.py:159 ] Epoch: [133/200][200/282] lr: 1.88e-04 | MSE loss: 4.2586e-03 | time: 0.035
I 06.07/22:23:41 solver.py:159 ] Epoch: [133/200][220/282] lr: 1.88e-04 | MSE loss: 4.1919e-03 | time: 0.035
I 06.07/22:23:42 solver.py:159 ] Epoch: [133/200][240/282] lr: 1.88e-04 | MSE loss: 4.1286e-03 | time: 0.034
I 06.07/22:23:43 solver.py:159 ] Epoch: [133/200][260/282] lr: 1.87e-04 | MSE loss: 4.1221e-03 | time: 0.035
I 06.07/22:23:43 solver.py:159 ] Epoch: [133/200][280/282] lr: 1.87e-04 | MSE loss: 4.1671e-03 | time: 0.035
I 06.07/22:23:43 solver.py:169 ] => Train  Loss: 4.1744e-03

I 06.07/22:23:44 solver.py:405 ] [20/32] loss: 5.3922e-03 | NMSE: -1.9309e+01 | time: 0.029
I 06.07/22:23:44 solver.py:413 ] => Test NMSE: -2.0118e+01

I 06.07/22:23:44 solver.py:345 ] => LoRA monitor [epoch=133] | trainable=67584/67584 | non_lora_trainable=0 | lora_l2=1.504205e+01 | lora_A_l2=1.286179e+01 | lora_B_l2=7.799834e+00 | component_l2=decoder:1.504205e+01 | lora_abs_max=1.208702e+00 | delta_l2=1.506891e+01 | delta_rel=4.591815e+00 | train_loss=4.174430e-03 | test_loss=4.865531e-03 | nmse=-2.011840e+01
I 06.07/22:23:44 solver.py:224 ] 
=! Best NMSE: -2.0142e+01 (epoch=130)

I 06.07/22:23:45 solver.py:159 ] Epoch: [134/200][20/282] lr: 1.87e-04 | MSE loss: 5.3257e-03 | time: 0.035
I 06.07/22:23:46 solver.py:159 ] Epoch: [134/200][40/282] lr: 1.87e-04 | MSE loss: 4.9795e-03 | time: 0.035
I 06.07/22:23:46 solver.py:159 ] Epoch: [134/200][60/282] lr: 1.86e-04 | MSE loss: 4.5816e-03 | time: 0.035
I 06.07/22:23:47 solver.py:159 ] Epoch: [134/200][80/282] lr: 1.86e-04 | MSE loss: 4.5291e-03 | time: 0.035
I 06.07/22:23:48 solver.py:159 ] Epoch: [134/200][100/282] lr: 1.86e-04 | MSE loss: 4.4524e-03 | time: 0.035
I 06.07/22:23:49 solver.py:159 ] Epoch: [134/200][120/282] lr: 1.86e-04 | MSE loss: 4.3537e-03 | time: 0.035
I 06.07/22:23:49 solver.py:159 ] Epoch: [134/200][140/282] lr: 1.85e-04 | MSE loss: 4.2964e-03 | time: 0.035
I 06.07/22:23:50 solver.py:159 ] Epoch: [134/200][160/282] lr: 1.85e-04 | MSE loss: 4.3310e-03 | time: 0.035
I 06.07/22:23:51 solver.py:159 ] Epoch: [134/200][180/282] lr: 1.85e-04 | MSE loss: 4.2880e-03 | time: 0.035
I 06.07/22:23:51 solver.py:159 ] Epoch: [134/200][200/282] lr: 1.85e-04 | MSE loss: 4.2162e-03 | time: 0.035
I 06.07/22:23:52 solver.py:159 ] Epoch: [134/200][220/282] lr: 1.84e-04 | MSE loss: 4.2009e-03 | time: 0.035
I 06.07/22:23:53 solver.py:159 ] Epoch: [134/200][240/282] lr: 1.84e-04 | MSE loss: 4.2860e-03 | time: 0.035
I 06.07/22:23:53 solver.py:159 ] Epoch: [134/200][260/282] lr: 1.84e-04 | MSE loss: 4.2405e-03 | time: 0.035
I 06.07/22:23:54 solver.py:159 ] Epoch: [134/200][280/282] lr: 1.84e-04 | MSE loss: 4.1644e-03 | time: 0.035
I 06.07/22:23:54 solver.py:169 ] => Train  Loss: 4.1620e-03

I 06.07/22:23:55 solver.py:405 ] [20/32] loss: 5.4066e-03 | NMSE: -1.9293e+01 | time: 0.028
I 06.07/22:23:55 solver.py:413 ] => Test NMSE: -2.0110e+01

I 06.07/22:23:55 solver.py:345 ] => LoRA monitor [epoch=134] | trainable=67584/67584 | non_lora_trainable=0 | lora_l2=1.506079e+01 | lora_A_l2=1.287711e+01 | lora_B_l2=7.810718e+00 | component_l2=decoder:1.506079e+01 | lora_abs_max=1.210654e+00 | delta_l2=1.508762e+01 | delta_rel=4.597517e+00 | train_loss=4.162017e-03 | test_loss=4.875214e-03 | nmse=-2.010976e+01
I 06.07/22:23:55 solver.py:224 ] 
=! Best NMSE: -2.0142e+01 (epoch=130)

I 06.07/22:23:56 solver.py:159 ] Epoch: [135/200][20/282] lr: 1.83e-04 | MSE loss: 4.4204e-03 | time: 0.035
I 06.07/22:23:57 solver.py:159 ] Epoch: [135/200][40/282] lr: 1.83e-04 | MSE loss: 4.7435e-03 | time: 0.035
I 06.07/22:23:57 solver.py:159 ] Epoch: [135/200][60/282] lr: 1.83e-04 | MSE loss: 4.6508e-03 | time: 0.035
I 06.07/22:23:58 solver.py:159 ] Epoch: [135/200][80/282] lr: 1.82e-04 | MSE loss: 4.3778e-03 | time: 0.035
I 06.07/22:23:59 solver.py:159 ] Epoch: [135/200][100/282] lr: 1.82e-04 | MSE loss: 4.6118e-03 | time: 0.034
I 06.07/22:23:59 solver.py:159 ] Epoch: [135/200][120/282] lr: 1.82e-04 | MSE loss: 4.5430e-03 | time: 0.034
I 06.07/22:24:00 solver.py:159 ] Epoch: [135/200][140/282] lr: 1.82e-04 | MSE loss: 4.4809e-03 | time: 0.035
I 06.07/22:24:01 solver.py:159 ] Epoch: [135/200][160/282] lr: 1.81e-04 | MSE loss: 4.3703e-03 | time: 0.037
I 06.07/22:24:03 solver.py:159 ] Epoch: [135/200][180/282] lr: 1.81e-04 | MSE loss: 4.4225e-03 | time: 0.043
I 06.07/22:24:04 solver.py:159 ] Epoch: [135/200][200/282] lr: 1.81e-04 | MSE loss: 4.3318e-03 | time: 0.047
I 06.07/22:24:05 solver.py:159 ] Epoch: [135/200][220/282] lr: 1.81e-04 | MSE loss: 4.2766e-03 | time: 0.047
I 06.07/22:24:06 solver.py:159 ] Epoch: [135/200][240/282] lr: 1.80e-04 | MSE loss: 4.2628e-03 | time: 0.046
I 06.07/22:24:07 solver.py:159 ] Epoch: [135/200][260/282] lr: 1.80e-04 | MSE loss: 4.1773e-03 | time: 0.045
I 06.07/22:24:07 solver.py:159 ] Epoch: [135/200][280/282] lr: 1.80e-04 | MSE loss: 4.1942e-03 | time: 0.044
I 06.07/22:24:07 solver.py:169 ] => Train  Loss: 4.1945e-03

I 06.07/22:24:08 solver.py:405 ] [20/32] loss: 5.3938e-03 | NMSE: -1.9315e+01 | time: 0.030
I 06.07/22:24:08 solver.py:413 ] => Test NMSE: -2.0111e+01

I 06.07/22:24:08 solver.py:345 ] => LoRA monitor [epoch=135] | trainable=67584/67584 | non_lora_trainable=0 | lora_l2=1.507912e+01 | lora_A_l2=1.289385e+01 | lora_B_l2=7.818476e+00 | component_l2=decoder:1.507912e+01 | lora_abs_max=1.211781e+00 | delta_l2=1.510641e+01 | delta_rel=4.603243e+00 | train_loss=4.194489e-03 | test_loss=4.873761e-03 | nmse=-2.011106e+01
I 06.07/22:24:08 solver.py:224 ] 
=! Best NMSE: -2.0142e+01 (epoch=130)

I 06.07/22:24:09 solver.py:159 ] Epoch: [136/200][20/282] lr: 1.80e-04 | MSE loss: 4.3117e-03 | time: 0.037
I 06.07/22:24:10 solver.py:159 ] Epoch: [136/200][40/282] lr: 1.79e-04 | MSE loss: 4.4244e-03 | time: 0.035
I 06.07/22:24:11 solver.py:159 ] Epoch: [136/200][60/282] lr: 1.79e-04 | MSE loss: 4.1926e-03 | time: 0.035
I 06.07/22:24:11 solver.py:159 ] Epoch: [136/200][80/282] lr: 1.79e-04 | MSE loss: 4.2195e-03 | time: 0.035
I 06.07/22:24:12 solver.py:159 ] Epoch: [136/200][100/282] lr: 1.79e-04 | MSE loss: 4.1693e-03 | time: 0.036
I 06.07/22:24:13 solver.py:159 ] Epoch: [136/200][120/282] lr: 1.78e-04 | MSE loss: 4.2282e-03 | time: 0.036
I 06.07/22:24:13 solver.py:159 ] Epoch: [136/200][140/282] lr: 1.78e-04 | MSE loss: 4.3578e-03 | time: 0.036
I 06.07/22:24:14 solver.py:159 ] Epoch: [136/200][160/282] lr: 1.78e-04 | MSE loss: 4.1848e-03 | time: 0.036
I 06.07/22:24:15 solver.py:159 ] Epoch: [136/200][180/282] lr: 1.78e-04 | MSE loss: 4.2127e-03 | time: 0.036
I 06.07/22:24:16 solver.py:159 ] Epoch: [136/200][200/282] lr: 1.77e-04 | MSE loss: 4.1398e-03 | time: 0.036
I 06.07/22:24:16 solver.py:159 ] Epoch: [136/200][220/282] lr: 1.77e-04 | MSE loss: 4.0894e-03 | time: 0.036
I 06.07/22:24:17 solver.py:159 ] Epoch: [136/200][240/282] lr: 1.77e-04 | MSE loss: 4.0347e-03 | time: 0.036
I 06.07/22:24:18 solver.py:159 ] Epoch: [136/200][260/282] lr: 1.77e-04 | MSE loss: 4.0922e-03 | time: 0.036
I 06.07/22:24:18 solver.py:159 ] Epoch: [136/200][280/282] lr: 1.76e-04 | MSE loss: 4.1724e-03 | time: 0.036
I 06.07/22:24:19 solver.py:169 ] => Train  Loss: 4.1970e-03

I 06.07/22:24:19 solver.py:405 ] [20/32] loss: 5.4213e-03 | NMSE: -1.9288e+01 | time: 0.030
I 06.07/22:24:19 solver.py:413 ] => Test NMSE: -2.0097e+01

I 06.07/22:24:19 solver.py:345 ] => LoRA monitor [epoch=136] | trainable=67584/67584 | non_lora_trainable=0 | lora_l2=1.509513e+01 | lora_A_l2=1.290786e+01 | lora_B_l2=7.826243e+00 | component_l2=decoder:1.509513e+01 | lora_abs_max=1.211738e+00 | delta_l2=1.512256e+01 | delta_rel=4.608163e+00 | train_loss=4.196968e-03 | test_loss=4.889870e-03 | nmse=-2.009673e+01
I 06.07/22:24:19 solver.py:224 ] 
=! Best NMSE: -2.0142e+01 (epoch=130)

I 06.07/22:24:20 solver.py:159 ] Epoch: [137/200][20/282] lr: 1.76e-04 | MSE loss: 3.5919e-03 | time: 0.034
I 06.07/22:24:21 solver.py:159 ] Epoch: [137/200][40/282] lr: 1.76e-04 | MSE loss: 4.4680e-03 | time: 0.033
I 06.07/22:24:21 solver.py:159 ] Epoch: [137/200][60/282] lr: 1.76e-04 | MSE loss: 4.3216e-03 | time: 0.033
I 06.07/22:24:22 solver.py:159 ] Epoch: [137/200][80/282] lr: 1.75e-04 | MSE loss: 4.1778e-03 | time: 0.034
I 06.07/22:24:23 solver.py:159 ] Epoch: [137/200][100/282] lr: 1.75e-04 | MSE loss: 4.1078e-03 | time: 0.034
I 06.07/22:24:24 solver.py:159 ] Epoch: [137/200][120/282] lr: 1.75e-04 | MSE loss: 4.1281e-03 | time: 0.034
I 06.07/22:24:24 solver.py:159 ] Epoch: [137/200][140/282] lr: 1.75e-04 | MSE loss: 4.0857e-03 | time: 0.034
I 06.07/22:24:25 solver.py:159 ] Epoch: [137/200][160/282] lr: 1.74e-04 | MSE loss: 4.1452e-03 | time: 0.034
I 06.07/22:24:26 solver.py:159 ] Epoch: [137/200][180/282] lr: 1.74e-04 | MSE loss: 4.2243e-03 | time: 0.034
I 06.07/22:24:26 solver.py:159 ] Epoch: [137/200][200/282] lr: 1.74e-04 | MSE loss: 4.1769e-03 | time: 0.034
I 06.07/22:24:27 solver.py:159 ] Epoch: [137/200][220/282] lr: 1.74e-04 | MSE loss: 4.1843e-03 | time: 0.035
I 06.07/22:24:28 solver.py:159 ] Epoch: [137/200][240/282] lr: 1.73e-04 | MSE loss: 4.1670e-03 | time: 0.035
I 06.07/22:24:29 solver.py:159 ] Epoch: [137/200][260/282] lr: 1.73e-04 | MSE loss: 4.1325e-03 | time: 0.035
I 06.07/22:24:29 solver.py:159 ] Epoch: [137/200][280/282] lr: 1.73e-04 | MSE loss: 4.1713e-03 | time: 0.035
I 06.07/22:24:29 solver.py:169 ] => Train  Loss: 4.1620e-03

I 06.07/22:24:30 solver.py:405 ] [20/32] loss: 5.3680e-03 | NMSE: -1.9343e+01 | time: 0.032
I 06.07/22:24:30 solver.py:413 ] => Test NMSE: -2.0141e+01

I 06.07/22:24:30 solver.py:345 ] => LoRA monitor [epoch=137] | trainable=67584/67584 | non_lora_trainable=0 | lora_l2=1.511288e+01 | lora_A_l2=1.292296e+01 | lora_B_l2=7.835575e+00 | component_l2=decoder:1.511288e+01 | lora_abs_max=1.213405e+00 | delta_l2=1.514050e+01 | delta_rel=4.613629e+00 | train_loss=4.162011e-03 | test_loss=4.840084e-03 | nmse=-2.014117e+01
I 06.07/22:24:30 solver.py:224 ] 
=! Best NMSE: -2.0142e+01 (epoch=130)

I 06.07/22:24:31 solver.py:159 ] Epoch: [138/200][20/282] lr: 1.73e-04 | MSE loss: 3.1061e-03 | time: 0.036
I 06.07/22:24:32 solver.py:159 ] Epoch: [138/200][40/282] lr: 1.72e-04 | MSE loss: 3.3036e-03 | time: 0.035
I 06.07/22:24:32 solver.py:159 ] Epoch: [138/200][60/282] lr: 1.72e-04 | MSE loss: 4.0068e-03 | time: 0.035
I 06.07/22:24:33 solver.py:159 ] Epoch: [138/200][80/282] lr: 1.72e-04 | MSE loss: 4.0361e-03 | time: 0.035
I 06.07/22:24:34 solver.py:159 ] Epoch: [138/200][100/282] lr: 1.72e-04 | MSE loss: 3.9829e-03 | time: 0.034
I 06.07/22:24:34 solver.py:159 ] Epoch: [138/200][120/282] lr: 1.71e-04 | MSE loss: 3.9468e-03 | time: 0.034
I 06.07/22:24:35 solver.py:159 ] Epoch: [138/200][140/282] lr: 1.71e-04 | MSE loss: 4.1600e-03 | time: 0.034
I 06.07/22:24:36 solver.py:159 ] Epoch: [138/200][160/282] lr: 1.71e-04 | MSE loss: 4.1393e-03 | time: 0.034
I 06.07/22:24:36 solver.py:159 ] Epoch: [138/200][180/282] lr: 1.71e-04 | MSE loss: 4.1419e-03 | time: 0.034
I 06.07/22:24:37 solver.py:159 ] Epoch: [138/200][200/282] lr: 1.70e-04 | MSE loss: 4.1995e-03 | time: 0.034
I 06.07/22:24:38 solver.py:159 ] Epoch: [138/200][220/282] lr: 1.70e-04 | MSE loss: 4.1960e-03 | time: 0.034
I 06.07/22:24:39 solver.py:159 ] Epoch: [138/200][240/282] lr: 1.70e-04 | MSE loss: 4.1974e-03 | time: 0.034
I 06.07/22:24:39 solver.py:159 ] Epoch: [138/200][260/282] lr: 1.70e-04 | MSE loss: 4.1366e-03 | time: 0.034
I 06.07/22:24:40 solver.py:159 ] Epoch: [138/200][280/282] lr: 1.69e-04 | MSE loss: 4.1604e-03 | time: 0.034
I 06.07/22:24:40 solver.py:169 ] => Train  Loss: 4.1591e-03

I 06.07/22:24:41 solver.py:405 ] [20/32] loss: 5.3701e-03 | NMSE: -1.9329e+01 | time: 0.031
I 06.07/22:24:41 solver.py:413 ] => Test NMSE: -2.0138e+01

I 06.07/22:24:41 solver.py:345 ] => LoRA monitor [epoch=138] | trainable=67584/67584 | non_lora_trainable=0 | lora_l2=1.512262e+01 | lora_A_l2=1.293064e+01 | lora_B_l2=7.841695e+00 | component_l2=decoder:1.512262e+01 | lora_abs_max=1.214159e+00 | delta_l2=1.515050e+01 | delta_rel=4.616677e+00 | train_loss=4.159063e-03 | test_loss=4.843094e-03 | nmse=-2.013847e+01
I 06.07/22:24:41 solver.py:224 ] 
=! Best NMSE: -2.0142e+01 (epoch=130)

I 06.07/22:24:42 solver.py:159 ] Epoch: [139/200][20/282] lr: 1.69e-04 | MSE loss: 3.0433e-03 | time: 0.036
I 06.07/22:24:42 solver.py:159 ] Epoch: [139/200][40/282] lr: 1.69e-04 | MSE loss: 3.7077e-03 | time: 0.037
I 06.07/22:24:43 solver.py:159 ] Epoch: [139/200][60/282] lr: 1.69e-04 | MSE loss: 3.8465e-03 | time: 0.036
I 06.07/22:24:44 solver.py:159 ] Epoch: [139/200][80/282] lr: 1.68e-04 | MSE loss: 3.8728e-03 | time: 0.035
I 06.07/22:24:45 solver.py:159 ] Epoch: [139/200][100/282] lr: 1.68e-04 | MSE loss: 3.8566e-03 | time: 0.035
I 06.07/22:24:45 solver.py:159 ] Epoch: [139/200][120/282] lr: 1.68e-04 | MSE loss: 3.8933e-03 | time: 0.035
I 06.07/22:24:46 solver.py:159 ] Epoch: [139/200][140/282] lr: 1.68e-04 | MSE loss: 3.8700e-03 | time: 0.035
I 06.07/22:24:47 solver.py:159 ] Epoch: [139/200][160/282] lr: 1.67e-04 | MSE loss: 3.9214e-03 | time: 0.035
I 06.07/22:24:47 solver.py:159 ] Epoch: [139/200][180/282] lr: 1.67e-04 | MSE loss: 4.1721e-03 | time: 0.035
I 06.07/22:24:48 solver.py:159 ] Epoch: [139/200][200/282] lr: 1.67e-04 | MSE loss: 4.1644e-03 | time: 0.035
I 06.07/22:24:49 solver.py:159 ] Epoch: [139/200][220/282] lr: 1.67e-04 | MSE loss: 4.2114e-03 | time: 0.035
I 06.07/22:24:49 solver.py:159 ] Epoch: [139/200][240/282] lr: 1.66e-04 | MSE loss: 4.1376e-03 | time: 0.035
I 06.07/22:24:50 solver.py:159 ] Epoch: [139/200][260/282] lr: 1.66e-04 | MSE loss: 4.1787e-03 | time: 0.035
I 06.07/22:24:51 solver.py:159 ] Epoch: [139/200][280/282] lr: 1.66e-04 | MSE loss: 4.1620e-03 | time: 0.035
I 06.07/22:24:51 solver.py:169 ] => Train  Loss: 4.1814e-03

I 06.07/22:24:51 solver.py:405 ] [20/32] loss: 5.4484e-03 | NMSE: -1.9262e+01 | time: 0.028
I 06.07/22:24:52 solver.py:413 ] => Test NMSE: -2.0077e+01

I 06.07/22:24:52 solver.py:345 ] => LoRA monitor [epoch=139] | trainable=67584/67584 | non_lora_trainable=0 | lora_l2=1.514163e+01 | lora_A_l2=1.294642e+01 | lora_B_l2=7.852345e+00 | component_l2=decoder:1.514163e+01 | lora_abs_max=1.215816e+00 | delta_l2=1.516967e+01 | delta_rel=4.622520e+00 | train_loss=4.181406e-03 | test_loss=4.912446e-03 | nmse=-2.007672e+01
I 06.07/22:24:52 solver.py:224 ] 
=! Best NMSE: -2.0142e+01 (epoch=130)

I 06.07/22:24:53 solver.py:159 ] Epoch: [140/200][20/282] lr: 1.66e-04 | MSE loss: 4.2145e-03 | time: 0.038
I 06.07/22:24:53 solver.py:159 ] Epoch: [140/200][40/282] lr: 1.65e-04 | MSE loss: 4.8522e-03 | time: 0.037
I 06.07/22:24:54 solver.py:159 ] Epoch: [140/200][60/282] lr: 1.65e-04 | MSE loss: 4.3450e-03 | time: 0.035
I 06.07/22:24:55 solver.py:159 ] Epoch: [140/200][80/282] lr: 1.65e-04 | MSE loss: 4.5329e-03 | time: 0.035
I 06.07/22:24:55 solver.py:159 ] Epoch: [140/200][100/282] lr: 1.65e-04 | MSE loss: 4.7048e-03 | time: 0.035
I 06.07/22:24:56 solver.py:159 ] Epoch: [140/200][120/282] lr: 1.64e-04 | MSE loss: 4.6376e-03 | time: 0.034
I 06.07/22:24:57 solver.py:159 ] Epoch: [140/200][140/282] lr: 1.64e-04 | MSE loss: 4.5788e-03 | time: 0.035
I 06.07/22:24:57 solver.py:159 ] Epoch: [140/200][160/282] lr: 1.64e-04 | MSE loss: 4.5852e-03 | time: 0.035
I 06.07/22:24:58 solver.py:159 ] Epoch: [140/200][180/282] lr: 1.64e-04 | MSE loss: 4.4921e-03 | time: 0.035
I 06.07/22:24:59 solver.py:159 ] Epoch: [140/200][200/282] lr: 1.63e-04 | MSE loss: 4.4435e-03 | time: 0.035
I 06.07/22:24:59 solver.py:159 ] Epoch: [140/200][220/282] lr: 1.63e-04 | MSE loss: 4.3312e-03 | time: 0.035
I 06.07/22:25:00 solver.py:159 ] Epoch: [140/200][240/282] lr: 1.63e-04 | MSE loss: 4.2556e-03 | time: 0.035
I 06.07/22:25:01 solver.py:159 ] Epoch: [140/200][260/282] lr: 1.63e-04 | MSE loss: 4.2424e-03 | time: 0.037
I 06.07/22:25:03 solver.py:159 ] Epoch: [140/200][280/282] lr: 1.63e-04 | MSE loss: 4.1809e-03 | time: 0.041
I 06.07/22:25:03 solver.py:169 ] => Train  Loss: 4.1840e-03

I 06.07/22:25:05 solver.py:159 ] Epoch: [140/200][20/32] lr: 1.62e-04 | MSE loss: 5.3295e-03 | time: 0.058
I 06.07/22:25:05 solver.py:169 ] => Val  Loss: 4.7411e-03

I 06.07/22:25:05 solver.py:405 ] [20/32] loss: 5.3295e-03 | NMSE: -1.9368e+01 | time: 0.028
I 06.07/22:25:06 solver.py:413 ] => Test NMSE: -2.0170e+01

I 06.07/22:25:06 solver.py:345 ] => LoRA monitor [epoch=140] | trainable=67584/67584 | non_lora_trainable=0 | lora_l2=1.515518e+01 | lora_A_l2=1.295800e+01 | lora_B_l2=7.859381e+00 | component_l2=decoder:1.515518e+01 | lora_abs_max=1.216356e+00 | delta_l2=1.518343e+01 | delta_rel=4.626712e+00 | train_loss=4.183980e-03 | val_loss=4.741104e-03 | test_loss=4.808099e-03 | nmse=-2.016997e+01
I 06.07/22:25:06 solver.py:224 ] 
=! Best NMSE: -2.0170e+01 (epoch=140)

I 06.07/22:25:07 solver.py:159 ] Epoch: [141/200][20/282] lr: 1.62e-04 | MSE loss: 4.7277e-03 | time: 0.034
I 06.07/22:25:07 solver.py:159 ] Epoch: [141/200][40/282] lr: 1.62e-04 | MSE loss: 4.7236e-03 | time: 0.034
I 06.07/22:25:08 solver.py:159 ] Epoch: [141/200][60/282] lr: 1.62e-04 | MSE loss: 4.4053e-03 | time: 0.034
I 06.07/22:25:09 solver.py:159 ] Epoch: [141/200][80/282] lr: 1.62e-04 | MSE loss: 4.2577e-03 | time: 0.034
I 06.07/22:25:09 solver.py:159 ] Epoch: [141/200][100/282] lr: 1.61e-04 | MSE loss: 4.1577e-03 | time: 0.034
I 06.07/22:25:10 solver.py:159 ] Epoch: [141/200][120/282] lr: 1.61e-04 | MSE loss: 4.0828e-03 | time: 0.034
I 06.07/22:25:11 solver.py:159 ] Epoch: [141/200][140/282] lr: 1.61e-04 | MSE loss: 4.0028e-03 | time: 0.034
I 06.07/22:25:11 solver.py:159 ] Epoch: [141/200][160/282] lr: 1.61e-04 | MSE loss: 4.0789e-03 | time: 0.034
I 06.07/22:25:12 solver.py:159 ] Epoch: [141/200][180/282] lr: 1.60e-04 | MSE loss: 4.1060e-03 | time: 0.034
I 06.07/22:25:13 solver.py:159 ] Epoch: [141/200][200/282] lr: 1.60e-04 | MSE loss: 4.0953e-03 | time: 0.035
I 06.07/22:25:14 solver.py:159 ] Epoch: [141/200][220/282] lr: 1.60e-04 | MSE loss: 4.2046e-03 | time: 0.034
I 06.07/22:25:14 solver.py:159 ] Epoch: [141/200][240/282] lr: 1.60e-04 | MSE loss: 4.2163e-03 | time: 0.034
I 06.07/22:25:15 solver.py:159 ] Epoch: [141/200][260/282] lr: 1.59e-04 | MSE loss: 4.1616e-03 | time: 0.034
I 06.07/22:25:16 solver.py:159 ] Epoch: [141/200][280/282] lr: 1.59e-04 | MSE loss: 4.1586e-03 | time: 0.034
I 06.07/22:25:16 solver.py:169 ] => Train  Loss: 4.1416e-03

I 06.07/22:25:16 solver.py:405 ] [20/32] loss: 5.3575e-03 | NMSE: -1.9337e+01 | time: 0.030
I 06.07/22:25:17 solver.py:413 ] => Test NMSE: -2.0152e+01

I 06.07/22:25:17 solver.py:345 ] => LoRA monitor [epoch=141] | trainable=67584/67584 | non_lora_trainable=0 | lora_l2=1.516817e+01 | lora_A_l2=1.296870e+01 | lora_B_l2=7.866778e+00 | component_l2=decoder:1.516817e+01 | lora_abs_max=1.217219e+00 | delta_l2=1.519651e+01 | delta_rel=4.630697e+00 | train_loss=4.141628e-03 | test_loss=4.827935e-03 | nmse=-2.015208e+01
I 06.07/22:25:17 solver.py:224 ] 
=! Best NMSE: -2.0170e+01 (epoch=140)

I 06.07/22:25:17 solver.py:159 ] Epoch: [142/200][20/282] lr: 1.59e-04 | MSE loss: 4.0532e-03 | time: 0.037
I 06.07/22:25:18 solver.py:159 ] Epoch: [142/200][40/282] lr: 1.59e-04 | MSE loss: 4.2909e-03 | time: 0.036
I 06.07/22:25:19 solver.py:159 ] Epoch: [142/200][60/282] lr: 1.58e-04 | MSE loss: 3.8709e-03 | time: 0.035
I 06.07/22:25:19 solver.py:159 ] Epoch: [142/200][80/282] lr: 1.58e-04 | MSE loss: 4.2526e-03 | time: 0.035
I 06.07/22:25:20 solver.py:159 ] Epoch: [142/200][100/282] lr: 1.58e-04 | MSE loss: 4.2737e-03 | time: 0.036
I 06.07/22:25:21 solver.py:159 ] Epoch: [142/200][120/282] lr: 1.58e-04 | MSE loss: 4.1373e-03 | time: 0.036
I 06.07/22:25:21 solver.py:159 ] Epoch: [142/200][140/282] lr: 1.57e-04 | MSE loss: 4.1518e-03 | time: 0.036
I 06.07/22:25:22 solver.py:159 ] Epoch: [142/200][160/282] lr: 1.57e-04 | MSE loss: 4.2142e-03 | time: 0.036
I 06.07/22:25:23 solver.py:159 ] Epoch: [142/200][180/282] lr: 1.57e-04 | MSE loss: 4.2156e-03 | time: 0.036
I 06.07/22:25:24 solver.py:159 ] Epoch: [142/200][200/282] lr: 1.57e-04 | MSE loss: 4.1436e-03 | time: 0.036
I 06.07/22:25:24 solver.py:159 ] Epoch: [142/200][220/282] lr: 1.57e-04 | MSE loss: 4.1913e-03 | time: 0.036
I 06.07/22:25:25 solver.py:159 ] Epoch: [142/200][240/282] lr: 1.56e-04 | MSE loss: 4.1602e-03 | time: 0.036
I 06.07/22:25:26 solver.py:159 ] Epoch: [142/200][260/282] lr: 1.56e-04 | MSE loss: 4.1903e-03 | time: 0.036
I 06.07/22:25:27 solver.py:159 ] Epoch: [142/200][280/282] lr: 1.56e-04 | MSE loss: 4.1652e-03 | time: 0.036
I 06.07/22:25:27 solver.py:169 ] => Train  Loss: 4.1502e-03

I 06.07/22:25:27 solver.py:405 ] [20/32] loss: 5.3916e-03 | NMSE: -1.9314e+01 | time: 0.030
I 06.07/22:25:28 solver.py:413 ] => Test NMSE: -2.0129e+01

I 06.07/22:25:28 solver.py:345 ] => LoRA monitor [epoch=142] | trainable=67584/67584 | non_lora_trainable=0 | lora_l2=1.517863e+01 | lora_A_l2=1.297844e+01 | lora_B_l2=7.870901e+00 | component_l2=decoder:1.517863e+01 | lora_abs_max=1.217696e+00 | delta_l2=1.520719e+01 | delta_rel=4.633951e+00 | train_loss=4.150153e-03 | test_loss=4.853663e-03 | nmse=-2.012900e+01
I 06.07/22:25:28 solver.py:224 ] 
=! Best NMSE: -2.0170e+01 (epoch=140)

I 06.07/22:25:28 solver.py:159 ] Epoch: [143/200][20/282] lr: 1.56e-04 | MSE loss: 4.2316e-03 | time: 0.040
I 06.07/22:25:29 solver.py:159 ] Epoch: [143/200][40/282] lr: 1.55e-04 | MSE loss: 4.3048e-03 | time: 0.040
I 06.07/22:25:30 solver.py:159 ] Epoch: [143/200][60/282] lr: 1.55e-04 | MSE loss: 4.2174e-03 | time: 0.040
I 06.07/22:25:31 solver.py:159 ] Epoch: [143/200][80/282] lr: 1.55e-04 | MSE loss: 4.3107e-03 | time: 0.041
I 06.07/22:25:32 solver.py:159 ] Epoch: [143/200][100/282] lr: 1.55e-04 | MSE loss: 4.2361e-03 | time: 0.041
I 06.07/22:25:32 solver.py:159 ] Epoch: [143/200][120/282] lr: 1.54e-04 | MSE loss: 4.1176e-03 | time: 0.040
I 06.07/22:25:33 solver.py:159 ] Epoch: [143/200][140/282] lr: 1.54e-04 | MSE loss: 4.1477e-03 | time: 0.039
I 06.07/22:25:34 solver.py:159 ] Epoch: [143/200][160/282] lr: 1.54e-04 | MSE loss: 4.1533e-03 | time: 0.039
I 06.07/22:25:35 solver.py:159 ] Epoch: [143/200][180/282] lr: 1.54e-04 | MSE loss: 4.1190e-03 | time: 0.040
I 06.07/22:25:36 solver.py:159 ] Epoch: [143/200][200/282] lr: 1.53e-04 | MSE loss: 4.1242e-03 | time: 0.040
I 06.07/22:25:36 solver.py:159 ] Epoch: [143/200][220/282] lr: 1.53e-04 | MSE loss: 4.0477e-03 | time: 0.040
I 06.07/22:25:37 solver.py:159 ] Epoch: [143/200][240/282] lr: 1.53e-04 | MSE loss: 4.1170e-03 | time: 0.040
I 06.07/22:25:38 solver.py:159 ] Epoch: [143/200][260/282] lr: 1.53e-04 | MSE loss: 4.1097e-03 | time: 0.040
I 06.07/22:25:39 solver.py:159 ] Epoch: [143/200][280/282] lr: 1.52e-04 | MSE loss: 4.1587e-03 | time: 0.040
I 06.07/22:25:39 solver.py:169 ] => Train  Loss: 4.1485e-03

I 06.07/22:25:40 solver.py:405 ] [20/32] loss: 5.3918e-03 | NMSE: -1.9330e+01 | time: 0.035
I 06.07/22:25:40 solver.py:413 ] => Test NMSE: -2.0122e+01

I 06.07/22:25:40 solver.py:345 ] => LoRA monitor [epoch=143] | trainable=67584/67584 | non_lora_trainable=0 | lora_l2=1.519232e+01 | lora_A_l2=1.298907e+01 | lora_B_l2=7.879754e+00 | component_l2=decoder:1.519232e+01 | lora_abs_max=1.219234e+00 | delta_l2=1.522088e+01 | delta_rel=4.638125e+00 | train_loss=4.148537e-03 | test_loss=4.861459e-03 | nmse=-2.012203e+01
I 06.07/22:25:40 solver.py:224 ] 
=! Best NMSE: -2.0170e+01 (epoch=140)

I 06.07/22:25:41 solver.py:159 ] Epoch: [144/200][20/282] lr: 1.52e-04 | MSE loss: 5.0924e-03 | time: 0.044
I 06.07/22:25:42 solver.py:159 ] Epoch: [144/200][40/282] lr: 1.52e-04 | MSE loss: 4.2756e-03 | time: 0.041
I 06.07/22:25:42 solver.py:159 ] Epoch: [144/200][60/282] lr: 1.52e-04 | MSE loss: 3.9868e-03 | time: 0.041
I 06.07/22:25:43 solver.py:159 ] Epoch: [144/200][80/282] lr: 1.52e-04 | MSE loss: 4.2649e-03 | time: 0.042
I 06.07/22:25:44 solver.py:159 ] Epoch: [144/200][100/282] lr: 1.51e-04 | MSE loss: 4.2250e-03 | time: 0.042
I 06.07/22:25:45 solver.py:159 ] Epoch: [144/200][120/282] lr: 1.51e-04 | MSE loss: 4.1289e-03 | time: 0.042
I 06.07/22:25:46 solver.py:159 ] Epoch: [144/200][140/282] lr: 1.51e-04 | MSE loss: 4.1795e-03 | time: 0.041
I 06.07/22:25:47 solver.py:159 ] Epoch: [144/200][160/282] lr: 1.51e-04 | MSE loss: 4.2549e-03 | time: 0.041
I 06.07/22:25:47 solver.py:159 ] Epoch: [144/200][180/282] lr: 1.50e-04 | MSE loss: 4.1946e-03 | time: 0.041
I 06.07/22:25:48 solver.py:159 ] Epoch: [144/200][200/282] lr: 1.50e-04 | MSE loss: 4.1907e-03 | time: 0.041
I 06.07/22:25:49 solver.py:159 ] Epoch: [144/200][220/282] lr: 1.50e-04 | MSE loss: 4.1830e-03 | time: 0.041
I 06.07/22:25:50 solver.py:159 ] Epoch: [144/200][240/282] lr: 1.50e-04 | MSE loss: 4.1656e-03 | time: 0.041
I 06.07/22:25:51 solver.py:159 ] Epoch: [144/200][260/282] lr: 1.49e-04 | MSE loss: 4.1937e-03 | time: 0.041
I 06.07/22:25:52 solver.py:159 ] Epoch: [144/200][280/282] lr: 1.49e-04 | MSE loss: 4.1486e-03 | time: 0.041
I 06.07/22:25:52 solver.py:169 ] => Train  Loss: 4.1328e-03

I 06.07/22:25:52 solver.py:405 ] [20/32] loss: 5.3599e-03 | NMSE: -1.9332e+01 | time: 0.032
I 06.07/22:25:53 solver.py:413 ] => Test NMSE: -2.0147e+01

I 06.07/22:25:53 solver.py:345 ] => LoRA monitor [epoch=144] | trainable=67584/67584 | non_lora_trainable=0 | lora_l2=1.520478e+01 | lora_A_l2=1.299964e+01 | lora_B_l2=7.886360e+00 | component_l2=decoder:1.520478e+01 | lora_abs_max=1.220007e+00 | delta_l2=1.523344e+01 | delta_rel=4.641950e+00 | train_loss=4.132785e-03 | test_loss=4.833691e-03 | nmse=-2.014691e+01
I 06.07/22:25:53 solver.py:224 ] 
=! Best NMSE: -2.0170e+01 (epoch=140)

I 06.07/22:25:54 solver.py:159 ] Epoch: [145/200][20/282] lr: 1.49e-04 | MSE loss: 5.1043e-03 | time: 0.043
I 06.07/22:25:54 solver.py:159 ] Epoch: [145/200][40/282] lr: 1.49e-04 | MSE loss: 4.5255e-03 | time: 0.043
I 06.07/22:25:55 solver.py:159 ] Epoch: [145/200][60/282] lr: 1.48e-04 | MSE loss: 4.6642e-03 | time: 0.043
I 06.07/22:25:56 solver.py:159 ] Epoch: [145/200][80/282] lr: 1.48e-04 | MSE loss: 4.4982e-03 | time: 0.043
I 06.07/22:25:57 solver.py:159 ] Epoch: [145/200][100/282] lr: 1.48e-04 | MSE loss: 4.2645e-03 | time: 0.044
I 06.07/22:25:58 solver.py:159 ] Epoch: [145/200][120/282] lr: 1.48e-04 | MSE loss: 4.2185e-03 | time: 0.043
I 06.07/22:25:59 solver.py:159 ] Epoch: [145/200][140/282] lr: 1.48e-04 | MSE loss: 4.2796e-03 | time: 0.043
I 06.07/22:26:00 solver.py:159 ] Epoch: [145/200][160/282] lr: 1.47e-04 | MSE loss: 4.2231e-03 | time: 0.043
I 06.07/22:26:01 solver.py:159 ] Epoch: [145/200][180/282] lr: 1.47e-04 | MSE loss: 4.1476e-03 | time: 0.045
I 06.07/22:26:02 solver.py:159 ] Epoch: [145/200][200/282] lr: 1.47e-04 | MSE loss: 4.0776e-03 | time: 0.049
I 06.07/22:26:04 solver.py:159 ] Epoch: [145/200][220/282] lr: 1.47e-04 | MSE loss: 4.0525e-03 | time: 0.053
I 06.07/22:26:05 solver.py:159 ] Epoch: [145/200][240/282] lr: 1.46e-04 | MSE loss: 4.0532e-03 | time: 0.052
I 06.07/22:26:06 solver.py:159 ] Epoch: [145/200][260/282] lr: 1.46e-04 | MSE loss: 4.1255e-03 | time: 0.051
I 06.07/22:26:07 solver.py:159 ] Epoch: [145/200][280/282] lr: 1.46e-04 | MSE loss: 4.1399e-03 | time: 0.050
I 06.07/22:26:07 solver.py:169 ] => Train  Loss: 4.1293e-03

I 06.07/22:26:08 solver.py:405 ] [20/32] loss: 5.3615e-03 | NMSE: -1.9325e+01 | time: 0.037
I 06.07/22:26:08 solver.py:413 ] => Test NMSE: -2.0145e+01

I 06.07/22:26:08 solver.py:345 ] => LoRA monitor [epoch=145] | trainable=67584/67584 | non_lora_trainable=0 | lora_l2=1.521587e+01 | lora_A_l2=1.300890e+01 | lora_B_l2=7.892474e+00 | component_l2=decoder:1.521587e+01 | lora_abs_max=1.221404e+00 | delta_l2=1.524478e+01 | delta_rel=4.645405e+00 | train_loss=4.129340e-03 | test_loss=4.835549e-03 | nmse=-2.014524e+01
I 06.07/22:26:08 solver.py:224 ] 
=! Best NMSE: -2.0170e+01 (epoch=140)

I 06.07/22:26:09 solver.py:159 ] Epoch: [146/200][20/282] lr: 1.46e-04 | MSE loss: 3.7769e-03 | time: 0.047
I 06.07/22:26:10 solver.py:159 ] Epoch: [146/200][40/282] lr: 1.45e-04 | MSE loss: 3.8225e-03 | time: 0.045
I 06.07/22:26:11 solver.py:159 ] Epoch: [146/200][60/282] lr: 1.45e-04 | MSE loss: 4.1150e-03 | time: 0.044
I 06.07/22:26:11 solver.py:159 ] Epoch: [146/200][80/282] lr: 1.45e-04 | MSE loss: 4.0041e-03 | time: 0.044
I 06.07/22:26:12 solver.py:159 ] Epoch: [146/200][100/282] lr: 1.45e-04 | MSE loss: 4.1154e-03 | time: 0.043
I 06.07/22:26:13 solver.py:159 ] Epoch: [146/200][120/282] lr: 1.45e-04 | MSE loss: 4.1465e-03 | time: 0.042
I 06.07/22:26:14 solver.py:159 ] Epoch: [146/200][140/282] lr: 1.44e-04 | MSE loss: 3.9860e-03 | time: 0.042
I 06.07/22:26:15 solver.py:159 ] Epoch: [146/200][160/282] lr: 1.44e-04 | MSE loss: 4.1075e-03 | time: 0.042
I 06.07/22:26:15 solver.py:159 ] Epoch: [146/200][180/282] lr: 1.44e-04 | MSE loss: 4.0564e-03 | time: 0.042
I 06.07/22:26:16 solver.py:159 ] Epoch: [146/200][200/282] lr: 1.44e-04 | MSE loss: 4.1051e-03 | time: 0.041
I 06.07/22:26:17 solver.py:159 ] Epoch: [146/200][220/282] lr: 1.43e-04 | MSE loss: 4.0738e-03 | time: 0.041
I 06.07/22:26:18 solver.py:159 ] Epoch: [146/200][240/282] lr: 1.43e-04 | MSE loss: 4.0879e-03 | time: 0.041
I 06.07/22:26:19 solver.py:159 ] Epoch: [146/200][260/282] lr: 1.43e-04 | MSE loss: 4.1776e-03 | time: 0.041
I 06.07/22:26:19 solver.py:159 ] Epoch: [146/200][280/282] lr: 1.43e-04 | MSE loss: 4.1476e-03 | time: 0.041
I 06.07/22:26:20 solver.py:169 ] => Train  Loss: 4.1590e-03

I 06.07/22:26:20 solver.py:405 ] [20/32] loss: 5.4377e-03 | NMSE: -1.9274e+01 | time: 0.036
I 06.07/22:26:21 solver.py:413 ] => Test NMSE: -2.0087e+01

I 06.07/22:26:21 solver.py:345 ] => LoRA monitor [epoch=146] | trainable=67584/67584 | non_lora_trainable=0 | lora_l2=1.522699e+01 | lora_A_l2=1.301926e+01 | lora_B_l2=7.896839e+00 | component_l2=decoder:1.522699e+01 | lora_abs_max=1.222288e+00 | delta_l2=1.525598e+01 | delta_rel=4.648819e+00 | train_loss=4.159000e-03 | test_loss=4.900875e-03 | nmse=-2.008697e+01
I 06.07/22:26:21 solver.py:224 ] 
=! Best NMSE: -2.0170e+01 (epoch=140)

I 06.07/22:26:22 solver.py:159 ] Epoch: [147/200][20/282] lr: 1.43e-04 | MSE loss: 4.3134e-03 | time: 0.045
I 06.07/22:26:22 solver.py:159 ] Epoch: [147/200][40/282] lr: 1.42e-04 | MSE loss: 4.0794e-03 | time: 0.043
I 06.07/22:26:23 solver.py:159 ] Epoch: [147/200][60/282] lr: 1.42e-04 | MSE loss: 3.9408e-03 | time: 0.042
I 06.07/22:26:24 solver.py:159 ] Epoch: [147/200][80/282] lr: 1.42e-04 | MSE loss: 3.8760e-03 | time: 0.042
I 06.07/22:26:25 solver.py:159 ] Epoch: [147/200][100/282] lr: 1.42e-04 | MSE loss: 4.1251e-03 | time: 0.043
I 06.07/22:26:26 solver.py:159 ] Epoch: [147/200][120/282] lr: 1.41e-04 | MSE loss: 4.0017e-03 | time: 0.043
I 06.07/22:26:27 solver.py:159 ] Epoch: [147/200][140/282] lr: 1.41e-04 | MSE loss: 3.9876e-03 | time: 0.042
I 06.07/22:26:27 solver.py:159 ] Epoch: [147/200][160/282] lr: 1.41e-04 | MSE loss: 4.0282e-03 | time: 0.042
I 06.07/22:26:28 solver.py:159 ] Epoch: [147/200][180/282] lr: 1.41e-04 | MSE loss: 4.1061e-03 | time: 0.042
I 06.07/22:26:29 solver.py:159 ] Epoch: [147/200][200/282] lr: 1.41e-04 | MSE loss: 4.0695e-03 | time: 0.042
I 06.07/22:26:30 solver.py:159 ] Epoch: [147/200][220/282] lr: 1.40e-04 | MSE loss: 3.9808e-03 | time: 0.042
I 06.07/22:26:31 solver.py:159 ] Epoch: [147/200][240/282] lr: 1.40e-04 | MSE loss: 4.0893e-03 | time: 0.042
I 06.07/22:26:31 solver.py:159 ] Epoch: [147/200][260/282] lr: 1.40e-04 | MSE loss: 4.1218e-03 | time: 0.041
I 06.07/22:26:32 solver.py:159 ] Epoch: [147/200][280/282] lr: 1.40e-04 | MSE loss: 4.1396e-03 | time: 0.041
I 06.07/22:26:32 solver.py:169 ] => Train  Loss: 4.1283e-03

I 06.07/22:26:33 solver.py:405 ] [20/32] loss: 5.3515e-03 | NMSE: -1.9347e+01 | time: 0.031
I 06.07/22:26:33 solver.py:413 ] => Test NMSE: -2.0155e+01

I 06.07/22:26:33 solver.py:345 ] => LoRA monitor [epoch=147] | trainable=67584/67584 | non_lora_trainable=0 | lora_l2=1.523745e+01 | lora_A_l2=1.302778e+01 | lora_B_l2=7.902960e+00 | component_l2=decoder:1.523745e+01 | lora_abs_max=1.222751e+00 | delta_l2=1.526657e+01 | delta_rel=4.652045e+00 | train_loss=4.128270e-03 | test_loss=4.824426e-03 | nmse=-2.015524e+01
I 06.07/22:26:33 solver.py:224 ] 
=! Best NMSE: -2.0170e+01 (epoch=140)

I 06.07/22:26:34 solver.py:159 ] Epoch: [148/200][20/282] lr: 1.39e-04 | MSE loss: 5.0926e-03 | time: 0.033
I 06.07/22:26:34 solver.py:159 ] Epoch: [148/200][40/282] lr: 1.39e-04 | MSE loss: 4.6821e-03 | time: 0.033
I 06.07/22:26:35 solver.py:159 ] Epoch: [148/200][60/282] lr: 1.39e-04 | MSE loss: 4.4533e-03 | time: 0.034
I 06.07/22:26:36 solver.py:159 ] Epoch: [148/200][80/282] lr: 1.39e-04 | MSE loss: 4.2851e-03 | time: 0.033
I 06.07/22:26:37 solver.py:159 ] Epoch: [148/200][100/282] lr: 1.38e-04 | MSE loss: 4.2055e-03 | time: 0.034
I 06.07/22:26:37 solver.py:159 ] Epoch: [148/200][120/282] lr: 1.38e-04 | MSE loss: 4.1996e-03 | time: 0.034
I 06.07/22:26:38 solver.py:159 ] Epoch: [148/200][140/282] lr: 1.38e-04 | MSE loss: 4.2166e-03 | time: 0.034
I 06.07/22:26:39 solver.py:159 ] Epoch: [148/200][160/282] lr: 1.38e-04 | MSE loss: 4.2364e-03 | time: 0.034
I 06.07/22:26:39 solver.py:159 ] Epoch: [148/200][180/282] lr: 1.38e-04 | MSE loss: 4.2881e-03 | time: 0.034
I 06.07/22:26:40 solver.py:159 ] Epoch: [148/200][200/282] lr: 1.37e-04 | MSE loss: 4.2810e-03 | time: 0.034
I 06.07/22:26:41 solver.py:159 ] Epoch: [148/200][220/282] lr: 1.37e-04 | MSE loss: 4.2739e-03 | time: 0.034
I 06.07/22:26:41 solver.py:159 ] Epoch: [148/200][240/282] lr: 1.37e-04 | MSE loss: 4.1834e-03 | time: 0.034
I 06.07/22:26:42 solver.py:159 ] Epoch: [148/200][260/282] lr: 1.37e-04 | MSE loss: 4.1654e-03 | time: 0.034
I 06.07/22:26:43 solver.py:159 ] Epoch: [148/200][280/282] lr: 1.36e-04 | MSE loss: 4.1539e-03 | time: 0.034
I 06.07/22:26:43 solver.py:169 ] => Train  Loss: 4.1392e-03

I 06.07/22:26:43 solver.py:405 ] [20/32] loss: 5.4151e-03 | NMSE: -1.9291e+01 | time: 0.031
I 06.07/22:26:44 solver.py:413 ] => Test NMSE: -2.0107e+01

I 06.07/22:26:44 solver.py:345 ] => LoRA monitor [epoch=148] | trainable=67584/67584 | non_lora_trainable=0 | lora_l2=1.525024e+01 | lora_A_l2=1.303902e+01 | lora_B_l2=7.909106e+00 | component_l2=decoder:1.525024e+01 | lora_abs_max=1.223885e+00 | delta_l2=1.527950e+01 | delta_rel=4.655988e+00 | train_loss=4.139168e-03 | test_loss=4.877981e-03 | nmse=-2.010730e+01
I 06.07/22:26:44 solver.py:224 ] 
=! Best NMSE: -2.0170e+01 (epoch=140)

I 06.07/22:26:44 solver.py:159 ] Epoch: [149/200][20/282] lr: 1.36e-04 | MSE loss: 4.4831e-03 | time: 0.038
I 06.07/22:26:45 solver.py:159 ] Epoch: [149/200][40/282] lr: 1.36e-04 | MSE loss: 4.5784e-03 | time: 0.036
I 06.07/22:26:46 solver.py:159 ] Epoch: [149/200][60/282] lr: 1.36e-04 | MSE loss: 4.1492e-03 | time: 0.035
I 06.07/22:26:46 solver.py:159 ] Epoch: [149/200][80/282] lr: 1.36e-04 | MSE loss: 4.4800e-03 | time: 0.034
I 06.07/22:26:47 solver.py:159 ] Epoch: [149/200][100/282] lr: 1.35e-04 | MSE loss: 4.4727e-03 | time: 0.033
I 06.07/22:26:48 solver.py:159 ] Epoch: [149/200][120/282] lr: 1.35e-04 | MSE loss: 4.3037e-03 | time: 0.033
I 06.07/22:26:48 solver.py:159 ] Epoch: [149/200][140/282] lr: 1.35e-04 | MSE loss: 4.3172e-03 | time: 0.033
I 06.07/22:26:49 solver.py:159 ] Epoch: [149/200][160/282] lr: 1.35e-04 | MSE loss: 4.2357e-03 | time: 0.033
I 06.07/22:26:50 solver.py:159 ] Epoch: [149/200][180/282] lr: 1.35e-04 | MSE loss: 4.1010e-03 | time: 0.034
I 06.07/22:26:50 solver.py:159 ] Epoch: [149/200][200/282] lr: 1.34e-04 | MSE loss: 4.0280e-03 | time: 0.034
I 06.07/22:26:51 solver.py:159 ] Epoch: [149/200][220/282] lr: 1.34e-04 | MSE loss: 4.0660e-03 | time: 0.034
I 06.07/22:26:52 solver.py:159 ] Epoch: [149/200][240/282] lr: 1.34e-04 | MSE loss: 4.0254e-03 | time: 0.034
I 06.07/22:26:52 solver.py:159 ] Epoch: [149/200][260/282] lr: 1.34e-04 | MSE loss: 4.0295e-03 | time: 0.034
I 06.07/22:26:53 solver.py:159 ] Epoch: [149/200][280/282] lr: 1.33e-04 | MSE loss: 4.1237e-03 | time: 0.034
I 06.07/22:26:53 solver.py:169 ] => Train  Loss: 4.1284e-03

I 06.07/22:26:54 solver.py:405 ] [20/32] loss: 5.3342e-03 | NMSE: -1.9371e+01 | time: 0.028
I 06.07/22:26:54 solver.py:413 ] => Test NMSE: -2.0166e+01

I 06.07/22:26:54 solver.py:345 ] => LoRA monitor [epoch=149] | trainable=67584/67584 | non_lora_trainable=0 | lora_l2=1.526105e+01 | lora_A_l2=1.304796e+01 | lora_B_l2=7.915192e+00 | component_l2=decoder:1.526105e+01 | lora_abs_max=1.224008e+00 | delta_l2=1.529037e+01 | delta_rel=4.659298e+00 | train_loss=4.128357e-03 | test_loss=4.812410e-03 | nmse=-2.016607e+01
I 06.07/22:26:54 solver.py:224 ] 
=! Best NMSE: -2.0170e+01 (epoch=140)

I 06.07/22:26:55 solver.py:159 ] Epoch: [150/200][20/282] lr: 1.33e-04 | MSE loss: 3.9456e-03 | time: 0.040
I 06.07/22:26:56 solver.py:159 ] Epoch: [150/200][40/282] lr: 1.33e-04 | MSE loss: 4.5501e-03 | time: 0.037
I 06.07/22:26:56 solver.py:159 ] Epoch: [150/200][60/282] lr: 1.33e-04 | MSE loss: 4.3545e-03 | time: 0.035
I 06.07/22:26:57 solver.py:159 ] Epoch: [150/200][80/282] lr: 1.33e-04 | MSE loss: 4.2093e-03 | time: 0.034
I 06.07/22:26:58 solver.py:159 ] Epoch: [150/200][100/282] lr: 1.32e-04 | MSE loss: 4.0458e-03 | time: 0.035
I 06.07/22:26:58 solver.py:159 ] Epoch: [150/200][120/282] lr: 1.32e-04 | MSE loss: 4.1108e-03 | time: 0.035
I 06.07/22:26:59 solver.py:159 ] Epoch: [150/200][140/282] lr: 1.32e-04 | MSE loss: 4.0884e-03 | time: 0.035
I 06.07/22:27:00 solver.py:159 ] Epoch: [150/200][160/282] lr: 1.32e-04 | MSE loss: 4.0077e-03 | time: 0.035
I 06.07/22:27:01 solver.py:159 ] Epoch: [150/200][180/282] lr: 1.31e-04 | MSE loss: 3.9091e-03 | time: 0.037
I 06.07/22:27:02 solver.py:159 ] Epoch: [150/200][200/282] lr: 1.31e-04 | MSE loss: 3.9893e-03 | time: 0.041
I 06.07/22:27:04 solver.py:159 ] Epoch: [150/200][220/282] lr: 1.31e-04 | MSE loss: 4.0320e-03 | time: 0.044
I 06.07/22:27:05 solver.py:159 ] Epoch: [150/200][240/282] lr: 1.31e-04 | MSE loss: 4.0412e-03 | time: 0.044
I 06.07/22:27:05 solver.py:159 ] Epoch: [150/200][260/282] lr: 1.31e-04 | MSE loss: 4.1052e-03 | time: 0.043
I 06.07/22:27:06 solver.py:159 ] Epoch: [150/200][280/282] lr: 1.30e-04 | MSE loss: 4.1405e-03 | time: 0.042
I 06.07/22:27:06 solver.py:169 ] => Train  Loss: 4.1225e-03

I 06.07/22:27:07 solver.py:159 ] Epoch: [150/200][20/32] lr: 1.30e-04 | MSE loss: 5.3371e-03 | time: 0.029
I 06.07/22:27:07 solver.py:169 ] => Val  Loss: 4.7431e-03

I 06.07/22:27:08 solver.py:405 ] [20/32] loss: 5.3371e-03 | NMSE: -1.9358e+01 | time: 0.028
I 06.07/22:27:08 solver.py:413 ] => Test NMSE: -2.0167e+01

I 06.07/22:27:08 solver.py:345 ] => LoRA monitor [epoch=150] | trainable=67584/67584 | non_lora_trainable=0 | lora_l2=1.527018e+01 | lora_A_l2=1.305540e+01 | lora_B_l2=7.920542e+00 | component_l2=decoder:1.527018e+01 | lora_abs_max=1.225428e+00 | delta_l2=1.529969e+01 | delta_rel=4.662138e+00 | train_loss=4.122457e-03 | val_loss=4.743071e-03 | test_loss=4.810989e-03 | nmse=-2.016735e+01
I 06.07/22:27:08 solver.py:224 ] 
=! Best NMSE: -2.0170e+01 (epoch=140)

I 06.07/22:27:09 solver.py:159 ] Epoch: [151/200][20/282] lr: 1.30e-04 | MSE loss: 3.3590e-03 | time: 0.035
I 06.07/22:27:09 solver.py:159 ] Epoch: [151/200][40/282] lr: 1.30e-04 | MSE loss: 3.5420e-03 | time: 0.035
I 06.07/22:27:10 solver.py:159 ] Epoch: [151/200][60/282] lr: 1.30e-04 | MSE loss: 3.9811e-03 | time: 0.035
I 06.07/22:27:11 solver.py:159 ] Epoch: [151/200][80/282] lr: 1.30e-04 | MSE loss: 3.8123e-03 | time: 0.035
I 06.07/22:27:11 solver.py:159 ] Epoch: [151/200][100/282] lr: 1.29e-04 | MSE loss: 4.0134e-03 | time: 0.035
I 06.07/22:27:12 solver.py:159 ] Epoch: [151/200][120/282] lr: 1.29e-04 | MSE loss: 4.2521e-03 | time: 0.035
I 06.07/22:27:13 solver.py:159 ] Epoch: [151/200][140/282] lr: 1.29e-04 | MSE loss: 4.3907e-03 | time: 0.035
I 06.07/22:27:14 solver.py:159 ] Epoch: [151/200][160/282] lr: 1.29e-04 | MSE loss: 4.2472e-03 | time: 0.035
I 06.07/22:27:14 solver.py:159 ] Epoch: [151/200][180/282] lr: 1.28e-04 | MSE loss: 4.1876e-03 | time: 0.035
I 06.07/22:27:15 solver.py:159 ] Epoch: [151/200][200/282] lr: 1.28e-04 | MSE loss: 4.0716e-03 | time: 0.035
I 06.07/22:27:16 solver.py:159 ] Epoch: [151/200][220/282] lr: 1.28e-04 | MSE loss: 4.1333e-03 | time: 0.035
I 06.07/22:27:16 solver.py:159 ] Epoch: [151/200][240/282] lr: 1.28e-04 | MSE loss: 4.1320e-03 | time: 0.035
I 06.07/22:27:17 solver.py:159 ] Epoch: [151/200][260/282] lr: 1.28e-04 | MSE loss: 4.1252e-03 | time: 0.035
I 06.07/22:27:18 solver.py:159 ] Epoch: [151/200][280/282] lr: 1.27e-04 | MSE loss: 4.1337e-03 | time: 0.035
I 06.07/22:27:18 solver.py:169 ] => Train  Loss: 4.1157e-03

I 06.07/22:27:18 solver.py:405 ] [20/32] loss: 5.3376e-03 | NMSE: -1.9347e+01 | time: 0.028
I 06.07/22:27:19 solver.py:413 ] => Test NMSE: -2.0169e+01

I 06.07/22:27:19 solver.py:345 ] => LoRA monitor [epoch=151] | trainable=67584/67584 | non_lora_trainable=0 | lora_l2=1.527860e+01 | lora_A_l2=1.306201e+01 | lora_B_l2=7.925869e+00 | component_l2=decoder:1.527860e+01 | lora_abs_max=1.225677e+00 | delta_l2=1.530816e+01 | delta_rel=4.664721e+00 | train_loss=4.115690e-03 | test_loss=4.808748e-03 | nmse=-2.016938e+01
I 06.07/22:27:19 solver.py:224 ] 
=! Best NMSE: -2.0170e+01 (epoch=140)

I 06.07/22:27:19 solver.py:159 ] Epoch: [152/200][20/282] lr: 1.27e-04 | MSE loss: 3.5971e-03 | time: 0.036
I 06.07/22:27:20 solver.py:159 ] Epoch: [152/200][40/282] lr: 1.27e-04 | MSE loss: 4.3569e-03 | time: 0.035
I 06.07/22:27:21 solver.py:159 ] Epoch: [152/200][60/282] lr: 1.27e-04 | MSE loss: 4.2884e-03 | time: 0.035
I 06.07/22:27:21 solver.py:159 ] Epoch: [152/200][80/282] lr: 1.27e-04 | MSE loss: 4.2083e-03 | time: 0.034
I 06.07/22:27:22 solver.py:159 ] Epoch: [152/200][100/282] lr: 1.26e-04 | MSE loss: 4.4053e-03 | time: 0.035
I 06.07/22:27:23 solver.py:159 ] Epoch: [152/200][120/282] lr: 1.26e-04 | MSE loss: 4.4003e-03 | time: 0.035
I 06.07/22:27:24 solver.py:159 ] Epoch: [152/200][140/282] lr: 1.26e-04 | MSE loss: 4.5177e-03 | time: 0.035
I 06.07/22:27:24 solver.py:159 ] Epoch: [152/200][160/282] lr: 1.26e-04 | MSE loss: 4.3717e-03 | time: 0.035
I 06.07/22:27:25 solver.py:159 ] Epoch: [152/200][180/282] lr: 1.26e-04 | MSE loss: 4.3373e-03 | time: 0.035
I 06.07/22:27:26 solver.py:159 ] Epoch: [152/200][200/282] lr: 1.25e-04 | MSE loss: 4.2998e-03 | time: 0.035
I 06.07/22:27:26 solver.py:159 ] Epoch: [152/200][220/282] lr: 1.25e-04 | MSE loss: 4.1463e-03 | time: 0.035
I 06.07/22:27:27 solver.py:159 ] Epoch: [152/200][240/282] lr: 1.25e-04 | MSE loss: 4.0964e-03 | time: 0.035
I 06.07/22:27:28 solver.py:159 ] Epoch: [152/200][260/282] lr: 1.25e-04 | MSE loss: 4.1156e-03 | time: 0.036
I 06.07/22:27:29 solver.py:159 ] Epoch: [152/200][280/282] lr: 1.24e-04 | MSE loss: 4.1273e-03 | time: 0.036
I 06.07/22:27:29 solver.py:169 ] => Train  Loss: 4.1188e-03

I 06.07/22:27:29 solver.py:405 ] [20/32] loss: 5.3382e-03 | NMSE: -1.9357e+01 | time: 0.029
I 06.07/22:27:30 solver.py:413 ] => Test NMSE: -2.0169e+01

I 06.07/22:27:30 solver.py:345 ] => LoRA monitor [epoch=152] | trainable=67584/67584 | non_lora_trainable=0 | lora_l2=1.528673e+01 | lora_A_l2=1.306923e+01 | lora_B_l2=7.929654e+00 | component_l2=decoder:1.528673e+01 | lora_abs_max=1.226666e+00 | delta_l2=1.531654e+01 | delta_rel=4.667275e+00 | train_loss=4.118760e-03 | test_loss=4.808629e-03 | nmse=-2.016949e+01
I 06.07/22:27:30 solver.py:224 ] 
=! Best NMSE: -2.0170e+01 (epoch=140)

I 06.07/22:27:30 solver.py:159 ] Epoch: [153/200][20/282] lr: 1.24e-04 | MSE loss: 3.6047e-03 | time: 0.035
I 06.07/22:27:31 solver.py:159 ] Epoch: [153/200][40/282] lr: 1.24e-04 | MSE loss: 3.6179e-03 | time: 0.034
I 06.07/22:27:32 solver.py:159 ] Epoch: [153/200][60/282] lr: 1.24e-04 | MSE loss: 4.0843e-03 | time: 0.033
I 06.07/22:27:32 solver.py:159 ] Epoch: [153/200][80/282] lr: 1.24e-04 | MSE loss: 3.9817e-03 | time: 0.033
I 06.07/22:27:33 solver.py:159 ] Epoch: [153/200][100/282] lr: 1.23e-04 | MSE loss: 4.1030e-03 | time: 0.035
I 06.07/22:27:34 solver.py:159 ] Epoch: [153/200][120/282] lr: 1.23e-04 | MSE loss: 3.9314e-03 | time: 0.035
I 06.07/22:27:34 solver.py:159 ] Epoch: [153/200][140/282] lr: 1.23e-04 | MSE loss: 3.8991e-03 | time: 0.035
I 06.07/22:27:35 solver.py:159 ] Epoch: [153/200][160/282] lr: 1.23e-04 | MSE loss: 4.0685e-03 | time: 0.035
I 06.07/22:27:36 solver.py:159 ] Epoch: [153/200][180/282] lr: 1.23e-04 | MSE loss: 4.0902e-03 | time: 0.035
I 06.07/22:27:37 solver.py:159 ] Epoch: [153/200][200/282] lr: 1.22e-04 | MSE loss: 4.1083e-03 | time: 0.035
I 06.07/22:27:37 solver.py:159 ] Epoch: [153/200][220/282] lr: 1.22e-04 | MSE loss: 4.1647e-03 | time: 0.035
I 06.07/22:27:38 solver.py:159 ] Epoch: [153/200][240/282] lr: 1.22e-04 | MSE loss: 4.2254e-03 | time: 0.035
I 06.07/22:27:39 solver.py:159 ] Epoch: [153/200][260/282] lr: 1.22e-04 | MSE loss: 4.1731e-03 | time: 0.035
I 06.07/22:27:39 solver.py:159 ] Epoch: [153/200][280/282] lr: 1.22e-04 | MSE loss: 4.1253e-03 | time: 0.035
I 06.07/22:27:39 solver.py:169 ] => Train  Loss: 4.1215e-03

I 06.07/22:27:40 solver.py:405 ] [20/32] loss: 5.3715e-03 | NMSE: -1.9330e+01 | time: 0.030
I 06.07/22:27:40 solver.py:413 ] => Test NMSE: -2.0141e+01

I 06.07/22:27:40 solver.py:345 ] => LoRA monitor [epoch=153] | trainable=67584/67584 | non_lora_trainable=0 | lora_l2=1.529667e+01 | lora_A_l2=1.307783e+01 | lora_B_l2=7.934629e+00 | component_l2=decoder:1.529667e+01 | lora_abs_max=1.226953e+00 | delta_l2=1.532655e+01 | delta_rel=4.670323e+00 | train_loss=4.121542e-03 | test_loss=4.840715e-03 | nmse=-2.014061e+01
I 06.07/22:27:40 solver.py:224 ] 
=! Best NMSE: -2.0170e+01 (epoch=140)

I 06.07/22:27:41 solver.py:159 ] Epoch: [154/200][20/282] lr: 1.21e-04 | MSE loss: 4.0108e-03 | time: 0.037
I 06.07/22:27:42 solver.py:159 ] Epoch: [154/200][40/282] lr: 1.21e-04 | MSE loss: 4.1248e-03 | time: 0.038
I 06.07/22:27:43 solver.py:159 ] Epoch: [154/200][60/282] lr: 1.21e-04 | MSE loss: 4.0462e-03 | time: 0.036
I 06.07/22:27:43 solver.py:159 ] Epoch: [154/200][80/282] lr: 1.21e-04 | MSE loss: 4.1257e-03 | time: 0.036
I 06.07/22:27:44 solver.py:159 ] Epoch: [154/200][100/282] lr: 1.21e-04 | MSE loss: 4.0782e-03 | time: 0.035
I 06.07/22:27:45 solver.py:159 ] Epoch: [154/200][120/282] lr: 1.20e-04 | MSE loss: 3.9949e-03 | time: 0.035
I 06.07/22:27:45 solver.py:159 ] Epoch: [154/200][140/282] lr: 1.20e-04 | MSE loss: 4.0836e-03 | time: 0.035
I 06.07/22:27:46 solver.py:159 ] Epoch: [154/200][160/282] lr: 1.20e-04 | MSE loss: 4.0884e-03 | time: 0.035
I 06.07/22:27:47 solver.py:159 ] Epoch: [154/200][180/282] lr: 1.20e-04 | MSE loss: 4.1048e-03 | time: 0.035
I 06.07/22:27:47 solver.py:159 ] Epoch: [154/200][200/282] lr: 1.20e-04 | MSE loss: 4.1860e-03 | time: 0.035
I 06.07/22:27:48 solver.py:159 ] Epoch: [154/200][220/282] lr: 1.19e-04 | MSE loss: 4.1673e-03 | time: 0.035
I 06.07/22:27:49 solver.py:159 ] Epoch: [154/200][240/282] lr: 1.19e-04 | MSE loss: 4.1311e-03 | time: 0.034
I 06.07/22:27:49 solver.py:159 ] Epoch: [154/200][260/282] lr: 1.19e-04 | MSE loss: 4.1604e-03 | time: 0.034
I 06.07/22:27:50 solver.py:159 ] Epoch: [154/200][280/282] lr: 1.19e-04 | MSE loss: 4.1133e-03 | time: 0.034
I 06.07/22:27:50 solver.py:169 ] => Train  Loss: 4.1108e-03

I 06.07/22:27:51 solver.py:405 ] [20/32] loss: 5.3511e-03 | NMSE: -1.9339e+01 | time: 0.030
I 06.07/22:27:51 solver.py:413 ] => Test NMSE: -2.0158e+01

I 06.07/22:27:51 solver.py:345 ] => LoRA monitor [epoch=154] | trainable=67584/67584 | non_lora_trainable=0 | lora_l2=1.530583e+01 | lora_A_l2=1.308522e+01 | lora_B_l2=7.940114e+00 | component_l2=decoder:1.530583e+01 | lora_abs_max=1.227409e+00 | delta_l2=1.533562e+01 | delta_rel=4.673087e+00 | train_loss=4.110812e-03 | test_loss=4.821362e-03 | nmse=-2.015800e+01
I 06.07/22:27:51 solver.py:224 ] 
=! Best NMSE: -2.0170e+01 (epoch=140)

I 06.07/22:27:52 solver.py:159 ] Epoch: [155/200][20/282] lr: 1.19e-04 | MSE loss: 3.6404e-03 | time: 0.039
I 06.07/22:27:53 solver.py:159 ] Epoch: [155/200][40/282] lr: 1.18e-04 | MSE loss: 3.8826e-03 | time: 0.039
I 06.07/22:27:53 solver.py:159 ] Epoch: [155/200][60/282] lr: 1.18e-04 | MSE loss: 3.8831e-03 | time: 0.038
I 06.07/22:27:54 solver.py:159 ] Epoch: [155/200][80/282] lr: 1.18e-04 | MSE loss: 3.7663e-03 | time: 0.036
I 06.07/22:27:54 solver.py:159 ] Epoch: [155/200][100/282] lr: 1.18e-04 | MSE loss: 3.9850e-03 | time: 0.035
I 06.07/22:27:55 solver.py:159 ] Epoch: [155/200][120/282] lr: 1.18e-04 | MSE loss: 3.9940e-03 | time: 0.035
I 06.07/22:27:56 solver.py:159 ] Epoch: [155/200][140/282] lr: 1.17e-04 | MSE loss: 4.0795e-03 | time: 0.036
I 06.07/22:27:57 solver.py:159 ] Epoch: [155/200][160/282] lr: 1.17e-04 | MSE loss: 4.1575e-03 | time: 0.036
I 06.07/22:27:57 solver.py:159 ] Epoch: [155/200][180/282] lr: 1.17e-04 | MSE loss: 4.0644e-03 | time: 0.036
I 06.07/22:27:58 solver.py:159 ] Epoch: [155/200][200/282] lr: 1.17e-04 | MSE loss: 4.0404e-03 | time: 0.036
I 06.07/22:27:59 solver.py:159 ] Epoch: [155/200][220/282] lr: 1.17e-04 | MSE loss: 4.0788e-03 | time: 0.036
I 06.07/22:27:59 solver.py:159 ] Epoch: [155/200][240/282] lr: 1.16e-04 | MSE loss: 4.0917e-03 | time: 0.035
I 06.07/22:28:01 solver.py:159 ] Epoch: [155/200][260/282] lr: 1.16e-04 | MSE loss: 4.0779e-03 | time: 0.037
I 06.07/22:28:02 solver.py:159 ] Epoch: [155/200][280/282] lr: 1.16e-04 | MSE loss: 4.1187e-03 | time: 0.040
I 06.07/22:28:02 solver.py:169 ] => Train  Loss: 4.1166e-03

I 06.07/22:28:04 solver.py:405 ] [20/32] loss: 5.4317e-03 | NMSE: -1.9280e+01 | time: 0.068
I 06.07/22:28:04 solver.py:413 ] => Test NMSE: -2.0093e+01

I 06.07/22:28:04 solver.py:345 ] => LoRA monitor [epoch=155] | trainable=67584/67584 | non_lora_trainable=0 | lora_l2=1.531359e+01 | lora_A_l2=1.309155e+01 | lora_B_l2=7.944644e+00 | component_l2=decoder:1.531359e+01 | lora_abs_max=1.228424e+00 | delta_l2=1.534357e+01 | delta_rel=4.675511e+00 | train_loss=4.116649e-03 | test_loss=4.894084e-03 | nmse=-2.009299e+01
I 06.07/22:28:04 solver.py:224 ] 
=! Best NMSE: -2.0170e+01 (epoch=140)

I 06.07/22:28:05 solver.py:159 ] Epoch: [156/200][20/282] lr: 1.16e-04 | MSE loss: 2.9932e-03 | time: 0.038
I 06.07/22:28:06 solver.py:159 ] Epoch: [156/200][40/282] lr: 1.16e-04 | MSE loss: 3.4787e-03 | time: 0.036
I 06.07/22:28:06 solver.py:159 ] Epoch: [156/200][60/282] lr: 1.15e-04 | MSE loss: 4.1391e-03 | time: 0.036
I 06.07/22:28:07 solver.py:159 ] Epoch: [156/200][80/282] lr: 1.15e-04 | MSE loss: 4.0711e-03 | time: 0.037
I 06.07/22:28:08 solver.py:159 ] Epoch: [156/200][100/282] lr: 1.15e-04 | MSE loss: 3.9518e-03 | time: 0.037
I 06.07/22:28:09 solver.py:159 ] Epoch: [156/200][120/282] lr: 1.15e-04 | MSE loss: 4.0424e-03 | time: 0.037
I 06.07/22:28:09 solver.py:159 ] Epoch: [156/200][140/282] lr: 1.15e-04 | MSE loss: 4.1075e-03 | time: 0.036
I 06.07/22:28:10 solver.py:159 ] Epoch: [156/200][160/282] lr: 1.14e-04 | MSE loss: 4.2356e-03 | time: 0.036
I 06.07/22:28:11 solver.py:159 ] Epoch: [156/200][180/282] lr: 1.14e-04 | MSE loss: 4.2193e-03 | time: 0.036
I 06.07/22:28:11 solver.py:159 ] Epoch: [156/200][200/282] lr: 1.14e-04 | MSE loss: 4.2500e-03 | time: 0.036
I 06.07/22:28:12 solver.py:159 ] Epoch: [156/200][220/282] lr: 1.14e-04 | MSE loss: 4.2650e-03 | time: 0.036
I 06.07/22:28:13 solver.py:159 ] Epoch: [156/200][240/282] lr: 1.14e-04 | MSE loss: 4.1880e-03 | time: 0.035
I 06.07/22:28:13 solver.py:159 ] Epoch: [156/200][260/282] lr: 1.13e-04 | MSE loss: 4.1833e-03 | time: 0.036
I 06.07/22:28:14 solver.py:159 ] Epoch: [156/200][280/282] lr: 1.13e-04 | MSE loss: 4.1353e-03 | time: 0.035
I 06.07/22:28:14 solver.py:169 ] => Train  Loss: 4.1234e-03

I 06.07/22:28:15 solver.py:405 ] [20/32] loss: 5.3169e-03 | NMSE: -1.9379e+01 | time: 0.030
I 06.07/22:28:15 solver.py:413 ] => Test NMSE: -2.0184e+01

I 06.07/22:28:15 solver.py:345 ] => LoRA monitor [epoch=156] | trainable=67584/67584 | non_lora_trainable=0 | lora_l2=1.532328e+01 | lora_A_l2=1.309973e+01 | lora_B_l2=7.949841e+00 | component_l2=decoder:1.532328e+01 | lora_abs_max=1.229203e+00 | delta_l2=1.535341e+01 | delta_rel=4.678508e+00 | train_loss=4.123388e-03 | test_loss=4.792702e-03 | nmse=-2.018390e+01
I 06.07/22:28:15 solver.py:224 ] 
=! Best NMSE: -2.0184e+01 (epoch=156)

I 06.07/22:28:16 solver.py:159 ] Epoch: [157/200][20/282] lr: 1.13e-04 | MSE loss: 3.5804e-03 | time: 0.035
I 06.07/22:28:17 solver.py:159 ] Epoch: [157/200][40/282] lr: 1.13e-04 | MSE loss: 3.9558e-03 | time: 0.034
I 06.07/22:28:17 solver.py:159 ] Epoch: [157/200][60/282] lr: 1.13e-04 | MSE loss: 4.2058e-03 | time: 0.035
I 06.07/22:28:18 solver.py:159 ] Epoch: [157/200][80/282] lr: 1.12e-04 | MSE loss: 4.3565e-03 | time: 0.035
I 06.07/22:28:19 solver.py:159 ] Epoch: [157/200][100/282] lr: 1.12e-04 | MSE loss: 4.2612e-03 | time: 0.035
I 06.07/22:28:19 solver.py:159 ] Epoch: [157/200][120/282] lr: 1.12e-04 | MSE loss: 4.1584e-03 | time: 0.035
I 06.07/22:28:20 solver.py:159 ] Epoch: [157/200][140/282] lr: 1.12e-04 | MSE loss: 4.1216e-03 | time: 0.035
I 06.07/22:28:21 solver.py:159 ] Epoch: [157/200][160/282] lr: 1.12e-04 | MSE loss: 4.1857e-03 | time: 0.035
I 06.07/22:28:22 solver.py:159 ] Epoch: [157/200][180/282] lr: 1.11e-04 | MSE loss: 4.2005e-03 | time: 0.035
I 06.07/22:28:22 solver.py:159 ] Epoch: [157/200][200/282] lr: 1.11e-04 | MSE loss: 4.1479e-03 | time: 0.035
I 06.07/22:28:23 solver.py:159 ] Epoch: [157/200][220/282] lr: 1.11e-04 | MSE loss: 4.1457e-03 | time: 0.035
I 06.07/22:28:24 solver.py:159 ] Epoch: [157/200][240/282] lr: 1.11e-04 | MSE loss: 4.1317e-03 | time: 0.035
I 06.07/22:28:24 solver.py:159 ] Epoch: [157/200][260/282] lr: 1.11e-04 | MSE loss: 4.1320e-03 | time: 0.035
I 06.07/22:28:25 solver.py:159 ] Epoch: [157/200][280/282] lr: 1.10e-04 | MSE loss: 4.1180e-03 | time: 0.035
I 06.07/22:28:25 solver.py:169 ] => Train  Loss: 4.1009e-03

I 06.07/22:28:26 solver.py:405 ] [20/32] loss: 5.3363e-03 | NMSE: -1.9366e+01 | time: 0.031
I 06.07/22:28:26 solver.py:413 ] => Test NMSE: -2.0168e+01

I 06.07/22:28:26 solver.py:345 ] => LoRA monitor [epoch=157] | trainable=67584/67584 | non_lora_trainable=0 | lora_l2=1.533001e+01 | lora_A_l2=1.310530e+01 | lora_B_l2=7.953649e+00 | component_l2=decoder:1.533001e+01 | lora_abs_max=1.229699e+00 | delta_l2=1.536029e+01 | delta_rel=4.680605e+00 | train_loss=4.100904e-03 | test_loss=4.809947e-03 | nmse=-2.016830e+01
I 06.07/22:28:26 solver.py:224 ] 
=! Best NMSE: -2.0184e+01 (epoch=156)

I 06.07/22:28:27 solver.py:159 ] Epoch: [158/200][20/282] lr: 1.10e-04 | MSE loss: 3.6784e-03 | time: 0.038
I 06.07/22:28:28 solver.py:159 ] Epoch: [158/200][40/282] lr: 1.10e-04 | MSE loss: 3.9824e-03 | time: 0.037
I 06.07/22:28:28 solver.py:159 ] Epoch: [158/200][60/282] lr: 1.10e-04 | MSE loss: 4.0392e-03 | time: 0.036
I 06.07/22:28:29 solver.py:159 ] Epoch: [158/200][80/282] lr: 1.10e-04 | MSE loss: 4.3277e-03 | time: 0.036
I 06.07/22:28:30 solver.py:159 ] Epoch: [158/200][100/282] lr: 1.09e-04 | MSE loss: 4.2586e-03 | time: 0.035
I 06.07/22:28:30 solver.py:159 ] Epoch: [158/200][120/282] lr: 1.09e-04 | MSE loss: 4.1707e-03 | time: 0.035
I 06.07/22:28:31 solver.py:159 ] Epoch: [158/200][140/282] lr: 1.09e-04 | MSE loss: 4.1729e-03 | time: 0.035
I 06.07/22:28:32 solver.py:159 ] Epoch: [158/200][160/282] lr: 1.09e-04 | MSE loss: 4.2827e-03 | time: 0.036
I 06.07/22:28:32 solver.py:159 ] Epoch: [158/200][180/282] lr: 1.09e-04 | MSE loss: 4.2095e-03 | time: 0.035
I 06.07/22:28:33 solver.py:159 ] Epoch: [158/200][200/282] lr: 1.09e-04 | MSE loss: 4.1712e-03 | time: 0.035
I 06.07/22:28:34 solver.py:159 ] Epoch: [158/200][220/282] lr: 1.08e-04 | MSE loss: 4.2136e-03 | time: 0.035
I 06.07/22:28:35 solver.py:159 ] Epoch: [158/200][240/282] lr: 1.08e-04 | MSE loss: 4.1568e-03 | time: 0.035
I 06.07/22:28:35 solver.py:159 ] Epoch: [158/200][260/282] lr: 1.08e-04 | MSE loss: 4.0570e-03 | time: 0.035
I 06.07/22:28:36 solver.py:159 ] Epoch: [158/200][280/282] lr: 1.08e-04 | MSE loss: 4.0902e-03 | time: 0.035
I 06.07/22:28:36 solver.py:169 ] => Train  Loss: 4.1013e-03

I 06.07/22:28:37 solver.py:405 ] [20/32] loss: 5.3327e-03 | NMSE: -1.9362e+01 | time: 0.032
I 06.07/22:28:37 solver.py:413 ] => Test NMSE: -2.0173e+01

I 06.07/22:28:37 solver.py:345 ] => LoRA monitor [epoch=158] | trainable=67584/67584 | non_lora_trainable=0 | lora_l2=1.533770e+01 | lora_A_l2=1.311162e+01 | lora_B_l2=7.958041e+00 | component_l2=decoder:1.533770e+01 | lora_abs_max=1.229990e+00 | delta_l2=1.536810e+01 | delta_rel=4.682985e+00 | train_loss=4.101320e-03 | test_loss=4.805157e-03 | nmse=-2.017262e+01
I 06.07/22:28:37 solver.py:224 ] 
=! Best NMSE: -2.0184e+01 (epoch=156)

I 06.07/22:28:38 solver.py:159 ] Epoch: [159/200][20/282] lr: 1.08e-04 | MSE loss: 3.6448e-03 | time: 0.034
I 06.07/22:28:38 solver.py:159 ] Epoch: [159/200][40/282] lr: 1.07e-04 | MSE loss: 3.8802e-03 | time: 0.035
I 06.07/22:28:39 solver.py:159 ] Epoch: [159/200][60/282] lr: 1.07e-04 | MSE loss: 3.8695e-03 | time: 0.034
I 06.07/22:28:40 solver.py:159 ] Epoch: [159/200][80/282] lr: 1.07e-04 | MSE loss: 3.8898e-03 | time: 0.034
I 06.07/22:28:40 solver.py:159 ] Epoch: [159/200][100/282] lr: 1.07e-04 | MSE loss: 3.9815e-03 | time: 0.035
I 06.07/22:28:41 solver.py:159 ] Epoch: [159/200][120/282] lr: 1.07e-04 | MSE loss: 3.9572e-03 | time: 0.035
I 06.07/22:28:42 solver.py:159 ] Epoch: [159/200][140/282] lr: 1.06e-04 | MSE loss: 4.0115e-03 | time: 0.035
I 06.07/22:28:42 solver.py:159 ] Epoch: [159/200][160/282] lr: 1.06e-04 | MSE loss: 3.9077e-03 | time: 0.034
I 06.07/22:28:43 solver.py:159 ] Epoch: [159/200][180/282] lr: 1.06e-04 | MSE loss: 3.9767e-03 | time: 0.034
I 06.07/22:28:44 solver.py:159 ] Epoch: [159/200][200/282] lr: 1.06e-04 | MSE loss: 3.9003e-03 | time: 0.034
I 06.07/22:28:44 solver.py:159 ] Epoch: [159/200][220/282] lr: 1.06e-04 | MSE loss: 4.0126e-03 | time: 0.035
I 06.07/22:28:45 solver.py:159 ] Epoch: [159/200][240/282] lr: 1.06e-04 | MSE loss: 4.0370e-03 | time: 0.035
I 06.07/22:28:46 solver.py:159 ] Epoch: [159/200][260/282] lr: 1.05e-04 | MSE loss: 4.0542e-03 | time: 0.035
I 06.07/22:28:47 solver.py:159 ] Epoch: [159/200][280/282] lr: 1.05e-04 | MSE loss: 4.1029e-03 | time: 0.035
I 06.07/22:28:47 solver.py:169 ] => Train  Loss: 4.0946e-03

I 06.07/22:28:47 solver.py:405 ] [20/32] loss: 5.3315e-03 | NMSE: -1.9366e+01 | time: 0.031
I 06.07/22:28:48 solver.py:413 ] => Test NMSE: -2.0171e+01

I 06.07/22:28:48 solver.py:345 ] => LoRA monitor [epoch=159] | trainable=67584/67584 | non_lora_trainable=0 | lora_l2=1.534299e+01 | lora_A_l2=1.311559e+01 | lora_B_l2=7.961696e+00 | component_l2=decoder:1.534299e+01 | lora_abs_max=1.230929e+00 | delta_l2=1.537349e+01 | delta_rel=4.684627e+00 | train_loss=4.094586e-03 | test_loss=4.806404e-03 | nmse=-2.017150e+01
I 06.07/22:28:48 solver.py:224 ] 
=! Best NMSE: -2.0184e+01 (epoch=156)

I 06.07/22:28:48 solver.py:159 ] Epoch: [160/200][20/282] lr: 1.05e-04 | MSE loss: 4.3198e-03 | time: 0.037
I 06.07/22:28:49 solver.py:159 ] Epoch: [160/200][40/282] lr: 1.05e-04 | MSE loss: 4.3080e-03 | time: 0.036
I 06.07/22:28:50 solver.py:159 ] Epoch: [160/200][60/282] lr: 1.05e-04 | MSE loss: 3.7689e-03 | time: 0.035
I 06.07/22:28:50 solver.py:159 ] Epoch: [160/200][80/282] lr: 1.04e-04 | MSE loss: 4.1375e-03 | time: 0.035
I 06.07/22:28:51 solver.py:159 ] Epoch: [160/200][100/282] lr: 1.04e-04 | MSE loss: 4.0127e-03 | time: 0.035
I 06.07/22:28:52 solver.py:159 ] Epoch: [160/200][120/282] lr: 1.04e-04 | MSE loss: 4.1221e-03 | time: 0.034
I 06.07/22:28:52 solver.py:159 ] Epoch: [160/200][140/282] lr: 1.04e-04 | MSE loss: 4.1287e-03 | time: 0.035
I 06.07/22:28:53 solver.py:159 ] Epoch: [160/200][160/282] lr: 1.04e-04 | MSE loss: 4.1065e-03 | time: 0.034
I 06.07/22:28:54 solver.py:159 ] Epoch: [160/200][180/282] lr: 1.04e-04 | MSE loss: 4.1480e-03 | time: 0.034
I 06.07/22:28:54 solver.py:159 ] Epoch: [160/200][200/282] lr: 1.03e-04 | MSE loss: 4.2054e-03 | time: 0.034
I 06.07/22:28:55 solver.py:159 ] Epoch: [160/200][220/282] lr: 1.03e-04 | MSE loss: 4.1473e-03 | time: 0.034
I 06.07/22:28:56 solver.py:159 ] Epoch: [160/200][240/282] lr: 1.03e-04 | MSE loss: 4.1060e-03 | time: 0.034
I 06.07/22:28:57 solver.py:159 ] Epoch: [160/200][260/282] lr: 1.03e-04 | MSE loss: 4.0913e-03 | time: 0.034
I 06.07/22:28:57 solver.py:159 ] Epoch: [160/200][280/282] lr: 1.03e-04 | MSE loss: 4.1041e-03 | time: 0.034
I 06.07/22:28:57 solver.py:169 ] => Train  Loss: 4.0943e-03

I 06.07/22:28:58 solver.py:159 ] Epoch: [160/200][20/32] lr: 1.03e-04 | MSE loss: 5.3609e-03 | time: 0.029
I 06.07/22:28:58 solver.py:169 ] => Val  Loss: 4.7554e-03

I 06.07/22:28:59 solver.py:405 ] [20/32] loss: 5.3609e-03 | NMSE: -1.9346e+01 | time: 0.028
I 06.07/22:28:59 solver.py:413 ] => Test NMSE: -2.0156e+01

I 06.07/22:28:59 solver.py:345 ] => LoRA monitor [epoch=160] | trainable=67584/67584 | non_lora_trainable=0 | lora_l2=1.535135e+01 | lora_A_l2=1.312240e+01 | lora_B_l2=7.966601e+00 | component_l2=decoder:1.535135e+01 | lora_abs_max=1.231543e+00 | delta_l2=1.538200e+01 | delta_rel=4.687221e+00 | train_loss=4.094311e-03 | val_loss=4.755362e-03 | test_loss=4.823802e-03 | nmse=-2.015580e+01
I 06.07/22:28:59 solver.py:224 ] 
=! Best NMSE: -2.0184e+01 (epoch=156)

I 06.07/22:29:00 solver.py:159 ] Epoch: [161/200][20/282] lr: 1.02e-04 | MSE loss: 4.1363e-03 | time: 0.036
I 06.07/22:29:01 solver.py:159 ] Epoch: [161/200][40/282] lr: 1.02e-04 | MSE loss: 3.8579e-03 | time: 0.045
I 06.07/22:29:03 solver.py:159 ] Epoch: [161/200][60/282] lr: 1.02e-04 | MSE loss: 3.9027e-03 | time: 0.057
I 06.07/22:29:04 solver.py:159 ] Epoch: [161/200][80/282] lr: 1.02e-04 | MSE loss: 3.8463e-03 | time: 0.062
I 06.07/22:29:05 solver.py:159 ] Epoch: [161/200][100/282] lr: 1.02e-04 | MSE loss: 3.9817e-03 | time: 0.056
I 06.07/22:29:05 solver.py:159 ] Epoch: [161/200][120/282] lr: 1.02e-04 | MSE loss: 3.9243e-03 | time: 0.053
I 06.07/22:29:06 solver.py:159 ] Epoch: [161/200][140/282] lr: 1.01e-04 | MSE loss: 3.9680e-03 | time: 0.050
I 06.07/22:29:07 solver.py:159 ] Epoch: [161/200][160/282] lr: 1.01e-04 | MSE loss: 4.0088e-03 | time: 0.048
I 06.07/22:29:08 solver.py:159 ] Epoch: [161/200][180/282] lr: 1.01e-04 | MSE loss: 3.9140e-03 | time: 0.047
I 06.07/22:29:08 solver.py:159 ] Epoch: [161/200][200/282] lr: 1.01e-04 | MSE loss: 3.9957e-03 | time: 0.046
I 06.07/22:29:09 solver.py:159 ] Epoch: [161/200][220/282] lr: 1.01e-04 | MSE loss: 3.9931e-03 | time: 0.045
I 06.07/22:29:10 solver.py:159 ] Epoch: [161/200][240/282] lr: 1.01e-04 | MSE loss: 4.0502e-03 | time: 0.044
I 06.07/22:29:10 solver.py:159 ] Epoch: [161/200][260/282] lr: 1.00e-04 | MSE loss: 4.0223e-03 | time: 0.043
I 06.07/22:29:11 solver.py:159 ] Epoch: [161/200][280/282] lr: 1.00e-04 | MSE loss: 4.1067e-03 | time: 0.043
I 06.07/22:29:11 solver.py:169 ] => Train  Loss: 4.0965e-03

I 06.07/22:29:12 solver.py:405 ] [20/32] loss: 5.3409e-03 | NMSE: -1.9361e+01 | time: 0.031
I 06.07/22:29:12 solver.py:413 ] => Test NMSE: -2.0170e+01

I 06.07/22:29:12 solver.py:345 ] => LoRA monitor [epoch=161] | trainable=67584/67584 | non_lora_trainable=0 | lora_l2=1.535656e+01 | lora_A_l2=1.312631e+01 | lora_B_l2=7.970195e+00 | component_l2=decoder:1.535656e+01 | lora_abs_max=1.232136e+00 | delta_l2=1.538734e+01 | delta_rel=4.688846e+00 | train_loss=4.096549e-03 | test_loss=4.807682e-03 | nmse=-2.017034e+01
I 06.07/22:29:12 solver.py:224 ] 
=! Best NMSE: -2.0184e+01 (epoch=156)

I 06.07/22:29:13 solver.py:159 ] Epoch: [162/200][20/282] lr: 1.00e-04 | MSE loss: 3.5498e-03 | time: 0.035
I 06.07/22:29:13 solver.py:159 ] Epoch: [162/200][40/282] lr: 9.98e-05 | MSE loss: 3.6501e-03 | time: 0.034
I 06.07/22:29:14 solver.py:159 ] Epoch: [162/200][60/282] lr: 9.96e-05 | MSE loss: 3.5953e-03 | time: 0.034
I 06.07/22:29:15 solver.py:159 ] Epoch: [162/200][80/282] lr: 9.94e-05 | MSE loss: 3.7784e-03 | time: 0.034
I 06.07/22:29:15 solver.py:159 ] Epoch: [162/200][100/282] lr: 9.93e-05 | MSE loss: 4.0370e-03 | time: 0.034
I 06.07/22:29:16 solver.py:159 ] Epoch: [162/200][120/282] lr: 9.91e-05 | MSE loss: 4.1391e-03 | time: 0.035
I 06.07/22:29:17 solver.py:159 ] Epoch: [162/200][140/282] lr: 9.89e-05 | MSE loss: 4.0594e-03 | time: 0.035
I 06.07/22:29:18 solver.py:159 ] Epoch: [162/200][160/282] lr: 9.87e-05 | MSE loss: 4.1598e-03 | time: 0.035
I 06.07/22:29:18 solver.py:159 ] Epoch: [162/200][180/282] lr: 9.86e-05 | MSE loss: 4.1570e-03 | time: 0.035
I 06.07/22:29:19 solver.py:159 ] Epoch: [162/200][200/282] lr: 9.84e-05 | MSE loss: 4.1520e-03 | time: 0.035
I 06.07/22:29:20 solver.py:159 ] Epoch: [162/200][220/282] lr: 9.82e-05 | MSE loss: 4.1463e-03 | time: 0.034
I 06.07/22:29:20 solver.py:159 ] Epoch: [162/200][240/282] lr: 9.81e-05 | MSE loss: 4.1409e-03 | time: 0.034
I 06.07/22:29:21 solver.py:159 ] Epoch: [162/200][260/282] lr: 9.79e-05 | MSE loss: 4.0931e-03 | time: 0.034
I 06.07/22:29:22 solver.py:159 ] Epoch: [162/200][280/282] lr: 9.77e-05 | MSE loss: 4.1122e-03 | time: 0.035
I 06.07/22:29:22 solver.py:169 ] => Train  Loss: 4.0947e-03

I 06.07/22:29:22 solver.py:405 ] [20/32] loss: 5.3224e-03 | NMSE: -1.9373e+01 | time: 0.027
I 06.07/22:29:23 solver.py:413 ] => Test NMSE: -2.0180e+01

I 06.07/22:29:23 solver.py:345 ] => LoRA monitor [epoch=162] | trainable=67584/67584 | non_lora_trainable=0 | lora_l2=1.536170e+01 | lora_A_l2=1.313084e+01 | lora_B_l2=7.972634e+00 | component_l2=decoder:1.536170e+01 | lora_abs_max=1.232253e+00 | delta_l2=1.539263e+01 | delta_rel=4.690460e+00 | train_loss=4.094721e-03 | test_loss=4.796507e-03 | nmse=-2.018045e+01
I 06.07/22:29:23 solver.py:224 ] 
=! Best NMSE: -2.0184e+01 (epoch=156)

I 06.07/22:29:23 solver.py:159 ] Epoch: [163/200][20/282] lr: 9.75e-05 | MSE loss: 3.6033e-03 | time: 0.037
I 06.07/22:29:24 solver.py:159 ] Epoch: [163/200][40/282] lr: 9.74e-05 | MSE loss: 4.0603e-03 | time: 0.036
I 06.07/22:29:25 solver.py:159 ] Epoch: [163/200][60/282] lr: 9.72e-05 | MSE loss: 3.9786e-03 | time: 0.035
I 06.07/22:29:25 solver.py:159 ] Epoch: [163/200][80/282] lr: 9.70e-05 | MSE loss: 3.9307e-03 | time: 0.034
I 06.07/22:29:26 solver.py:159 ] Epoch: [163/200][100/282] lr: 9.68e-05 | MSE loss: 3.7728e-03 | time: 0.034
I 06.07/22:29:27 solver.py:159 ] Epoch: [163/200][120/282] lr: 9.67e-05 | MSE loss: 3.9171e-03 | time: 0.034
I 06.07/22:29:27 solver.py:159 ] Epoch: [163/200][140/282] lr: 9.65e-05 | MSE loss: 4.0109e-03 | time: 0.034
I 06.07/22:29:28 solver.py:159 ] Epoch: [163/200][160/282] lr: 9.63e-05 | MSE loss: 4.0944e-03 | time: 0.034
I 06.07/22:29:29 solver.py:159 ] Epoch: [163/200][180/282] lr: 9.62e-05 | MSE loss: 4.1278e-03 | time: 0.034
I 06.07/22:29:30 solver.py:159 ] Epoch: [163/200][200/282] lr: 9.60e-05 | MSE loss: 4.1255e-03 | time: 0.034
I 06.07/22:29:30 solver.py:159 ] Epoch: [163/200][220/282] lr: 9.58e-05 | MSE loss: 4.1472e-03 | time: 0.035
I 06.07/22:29:31 solver.py:159 ] Epoch: [163/200][240/282] lr: 9.57e-05 | MSE loss: 4.1414e-03 | time: 0.034
I 06.07/22:29:32 solver.py:159 ] Epoch: [163/200][260/282] lr: 9.55e-05 | MSE loss: 4.1454e-03 | time: 0.035
I 06.07/22:29:32 solver.py:159 ] Epoch: [163/200][280/282] lr: 9.53e-05 | MSE loss: 4.1000e-03 | time: 0.035
I 06.07/22:29:33 solver.py:169 ] => Train  Loss: 4.0988e-03

I 06.07/22:29:33 solver.py:405 ] [20/32] loss: 5.3220e-03 | NMSE: -1.9369e+01 | time: 0.034
I 06.07/22:29:34 solver.py:413 ] => Test NMSE: -2.0179e+01

I 06.07/22:29:34 solver.py:345 ] => LoRA monitor [epoch=163] | trainable=67584/67584 | non_lora_trainable=0 | lora_l2=1.536799e+01 | lora_A_l2=1.313582e+01 | lora_B_l2=7.976554e+00 | component_l2=decoder:1.536799e+01 | lora_abs_max=1.232855e+00 | delta_l2=1.539898e+01 | delta_rel=4.692394e+00 | train_loss=4.098789e-03 | test_loss=4.797830e-03 | nmse=-2.017925e+01
I 06.07/22:29:34 solver.py:224 ] 
=! Best NMSE: -2.0184e+01 (epoch=156)

I 06.07/22:29:34 solver.py:159 ] Epoch: [164/200][20/282] lr: 9.51e-05 | MSE loss: 4.1874e-03 | time: 0.040
I 06.07/22:29:35 solver.py:159 ] Epoch: [164/200][40/282] lr: 9.50e-05 | MSE loss: 4.0839e-03 | time: 0.037
I 06.07/22:29:36 solver.py:159 ] Epoch: [164/200][60/282] lr: 9.48e-05 | MSE loss: 3.8340e-03 | time: 0.035
I 06.07/22:29:36 solver.py:159 ] Epoch: [164/200][80/282] lr: 9.46e-05 | MSE loss: 4.0570e-03 | time: 0.035
I 06.07/22:29:37 solver.py:159 ] Epoch: [164/200][100/282] lr: 9.45e-05 | MSE loss: 4.1546e-03 | time: 0.035
I 06.07/22:29:38 solver.py:159 ] Epoch: [164/200][120/282] lr: 9.43e-05 | MSE loss: 4.1704e-03 | time: 0.035
I 06.07/22:29:39 solver.py:159 ] Epoch: [164/200][140/282] lr: 9.41e-05 | MSE loss: 4.2317e-03 | time: 0.035
I 06.07/22:29:39 solver.py:159 ] Epoch: [164/200][160/282] lr: 9.40e-05 | MSE loss: 4.1599e-03 | time: 0.035
I 06.07/22:29:40 solver.py:159 ] Epoch: [164/200][180/282] lr: 9.38e-05 | MSE loss: 4.1842e-03 | time: 0.035
I 06.07/22:29:41 solver.py:159 ] Epoch: [164/200][200/282] lr: 9.36e-05 | MSE loss: 4.1322e-03 | time: 0.035
I 06.07/22:29:41 solver.py:159 ] Epoch: [164/200][220/282] lr: 9.35e-05 | MSE loss: 4.1183e-03 | time: 0.035
I 06.07/22:29:42 solver.py:159 ] Epoch: [164/200][240/282] lr: 9.33e-05 | MSE loss: 4.0583e-03 | time: 0.035
I 06.07/22:29:43 solver.py:159 ] Epoch: [164/200][260/282] lr: 9.32e-05 | MSE loss: 4.0592e-03 | time: 0.035
I 06.07/22:29:43 solver.py:159 ] Epoch: [164/200][280/282] lr: 9.30e-05 | MSE loss: 4.0963e-03 | time: 0.035
I 06.07/22:29:43 solver.py:169 ] => Train  Loss: 4.0901e-03

I 06.07/22:29:44 solver.py:405 ] [20/32] loss: 5.3742e-03 | NMSE: -1.9322e+01 | time: 0.031
I 06.07/22:29:44 solver.py:413 ] => Test NMSE: -2.0142e+01

I 06.07/22:29:44 solver.py:345 ] => LoRA monitor [epoch=164] | trainable=67584/67584 | non_lora_trainable=0 | lora_l2=1.537348e+01 | lora_A_l2=1.314031e+01 | lora_B_l2=7.979733e+00 | component_l2=decoder:1.537348e+01 | lora_abs_max=1.233491e+00 | delta_l2=1.540455e+01 | delta_rel=4.694091e+00 | train_loss=4.090093e-03 | test_loss=4.839133e-03 | nmse=-2.014202e+01
I 06.07/22:29:44 solver.py:224 ] 
=! Best NMSE: -2.0184e+01 (epoch=156)

I 06.07/22:29:45 solver.py:159 ] Epoch: [165/200][20/282] lr: 9.28e-05 | MSE loss: 4.9907e-03 | time: 0.039
I 06.07/22:29:46 solver.py:159 ] Epoch: [165/200][40/282] lr: 9.26e-05 | MSE loss: 4.1493e-03 | time: 0.037
I 06.07/22:29:47 solver.py:159 ] Epoch: [165/200][60/282] lr: 9.25e-05 | MSE loss: 4.3785e-03 | time: 0.036
I 06.07/22:29:47 solver.py:159 ] Epoch: [165/200][80/282] lr: 9.23e-05 | MSE loss: 4.1288e-03 | time: 0.035
I 06.07/22:29:48 solver.py:159 ] Epoch: [165/200][100/282] lr: 9.22e-05 | MSE loss: 4.1309e-03 | time: 0.035
I 06.07/22:29:49 solver.py:159 ] Epoch: [165/200][120/282] lr: 9.20e-05 | MSE loss: 4.2309e-03 | time: 0.035
I 06.07/22:29:49 solver.py:159 ] Epoch: [165/200][140/282] lr: 9.18e-05 | MSE loss: 4.1526e-03 | time: 0.035
I 06.07/22:29:50 solver.py:159 ] Epoch: [165/200][160/282] lr: 9.17e-05 | MSE loss: 4.0829e-03 | time: 0.035
I 06.07/22:29:51 solver.py:159 ] Epoch: [165/200][180/282] lr: 9.15e-05 | MSE loss: 4.1743e-03 | time: 0.035
I 06.07/22:29:51 solver.py:159 ] Epoch: [165/200][200/282] lr: 9.13e-05 | MSE loss: 4.0610e-03 | time: 0.035
I 06.07/22:29:52 solver.py:159 ] Epoch: [165/200][220/282] lr: 9.12e-05 | MSE loss: 4.0098e-03 | time: 0.035
I 06.07/22:29:53 solver.py:159 ] Epoch: [165/200][240/282] lr: 9.10e-05 | MSE loss: 4.0580e-03 | time: 0.035
I 06.07/22:29:53 solver.py:159 ] Epoch: [165/200][260/282] lr: 9.09e-05 | MSE loss: 4.1582e-03 | time: 0.035
I 06.07/22:29:54 solver.py:159 ] Epoch: [165/200][280/282] lr: 9.07e-05 | MSE loss: 4.1057e-03 | time: 0.035
I 06.07/22:29:54 solver.py:169 ] => Train  Loss: 4.0922e-03

I 06.07/22:29:55 solver.py:405 ] [20/32] loss: 5.3127e-03 | NMSE: -1.9381e+01 | time: 0.035
I 06.07/22:29:55 solver.py:413 ] => Test NMSE: -2.0186e+01

I 06.07/22:29:55 solver.py:345 ] => LoRA monitor [epoch=165] | trainable=67584/67584 | non_lora_trainable=0 | lora_l2=1.537936e+01 | lora_A_l2=1.314481e+01 | lora_B_l2=7.983641e+00 | component_l2=decoder:1.537936e+01 | lora_abs_max=1.233708e+00 | delta_l2=1.541040e+01 | delta_rel=4.695873e+00 | train_loss=4.092156e-03 | test_loss=4.790003e-03 | nmse=-2.018634e+01
I 06.07/22:29:55 solver.py:224 ] 
=! Best NMSE: -2.0186e+01 (epoch=165)

I 06.07/22:29:56 solver.py:159 ] Epoch: [166/200][20/282] lr: 9.05e-05 | MSE loss: 3.6230e-03 | time: 0.036
I 06.07/22:29:57 solver.py:159 ] Epoch: [166/200][40/282] lr: 9.04e-05 | MSE loss: 4.3697e-03 | time: 0.036
I 06.07/22:29:58 solver.py:159 ] Epoch: [166/200][60/282] lr: 9.02e-05 | MSE loss: 4.2335e-03 | time: 0.036
I 06.07/22:29:58 solver.py:159 ] Epoch: [166/200][80/282] lr: 9.01e-05 | MSE loss: 3.9853e-03 | time: 0.034
I 06.07/22:29:59 solver.py:159 ] Epoch: [166/200][100/282] lr: 8.99e-05 | MSE loss: 4.1615e-03 | time: 0.034
I 06.07/22:29:59 solver.py:159 ] Epoch: [166/200][120/282] lr: 8.97e-05 | MSE loss: 4.2179e-03 | time: 0.034
I 06.07/22:30:00 solver.py:159 ] Epoch: [166/200][140/282] lr: 8.96e-05 | MSE loss: 4.0865e-03 | time: 0.035
I 06.07/22:30:02 solver.py:159 ] Epoch: [166/200][160/282] lr: 8.94e-05 | MSE loss: 4.1322e-03 | time: 0.039
I 06.07/22:30:03 solver.py:159 ] Epoch: [166/200][180/282] lr: 8.93e-05 | MSE loss: 4.1813e-03 | time: 0.044
I 06.07/22:30:05 solver.py:159 ] Epoch: [166/200][200/282] lr: 8.91e-05 | MSE loss: 4.1798e-03 | time: 0.046
I 06.07/22:30:05 solver.py:159 ] Epoch: [166/200][220/282] lr: 8.90e-05 | MSE loss: 4.1393e-03 | time: 0.045
I 06.07/22:30:06 solver.py:159 ] Epoch: [166/200][240/282] lr: 8.88e-05 | MSE loss: 4.1365e-03 | time: 0.044
I 06.07/22:30:07 solver.py:159 ] Epoch: [166/200][260/282] lr: 8.86e-05 | MSE loss: 4.1207e-03 | time: 0.043
I 06.07/22:30:07 solver.py:159 ] Epoch: [166/200][280/282] lr: 8.85e-05 | MSE loss: 4.0996e-03 | time: 0.043
I 06.07/22:30:07 solver.py:169 ] => Train  Loss: 4.0961e-03

I 06.07/22:30:08 solver.py:405 ] [20/32] loss: 5.3036e-03 | NMSE: -1.9389e+01 | time: 0.029
I 06.07/22:30:08 solver.py:413 ] => Test NMSE: -2.0194e+01

I 06.07/22:30:08 solver.py:345 ] => LoRA monitor [epoch=166] | trainable=67584/67584 | non_lora_trainable=0 | lora_l2=1.538432e+01 | lora_A_l2=1.314863e+01 | lora_B_l2=7.986920e+00 | component_l2=decoder:1.538432e+01 | lora_abs_max=1.234251e+00 | delta_l2=1.541544e+01 | delta_rel=4.697410e+00 | train_loss=4.096078e-03 | test_loss=4.781382e-03 | nmse=-2.019417e+01
I 06.07/22:30:09 solver.py:224 ] 
=! Best NMSE: -2.0194e+01 (epoch=166)

I 06.07/22:30:09 solver.py:159 ] Epoch: [167/200][20/282] lr: 8.83e-05 | MSE loss: 3.8255e-03 | time: 0.036
I 06.07/22:30:10 solver.py:159 ] Epoch: [167/200][40/282] lr: 8.82e-05 | MSE loss: 4.0365e-03 | time: 0.038
I 06.07/22:30:11 solver.py:159 ] Epoch: [167/200][60/282] lr: 8.80e-05 | MSE loss: 3.7625e-03 | time: 0.037
I 06.07/22:30:12 solver.py:159 ] Epoch: [167/200][80/282] lr: 8.78e-05 | MSE loss: 3.9699e-03 | time: 0.037
I 06.07/22:30:12 solver.py:159 ] Epoch: [167/200][100/282] lr: 8.77e-05 | MSE loss: 4.0738e-03 | time: 0.036
I 06.07/22:30:13 solver.py:159 ] Epoch: [167/200][120/282] lr: 8.75e-05 | MSE loss: 4.0953e-03 | time: 0.036
I 06.07/22:30:14 solver.py:159 ] Epoch: [167/200][140/282] lr: 8.74e-05 | MSE loss: 4.0580e-03 | time: 0.036
I 06.07/22:30:14 solver.py:159 ] Epoch: [167/200][160/282] lr: 8.72e-05 | MSE loss: 4.0077e-03 | time: 0.035
I 06.07/22:30:15 solver.py:159 ] Epoch: [167/200][180/282] lr: 8.71e-05 | MSE loss: 4.0850e-03 | time: 0.035
I 06.07/22:30:16 solver.py:159 ] Epoch: [167/200][200/282] lr: 8.69e-05 | MSE loss: 4.0818e-03 | time: 0.035
I 06.07/22:30:16 solver.py:159 ] Epoch: [167/200][220/282] lr: 8.68e-05 | MSE loss: 4.0794e-03 | time: 0.035
I 06.07/22:30:17 solver.py:159 ] Epoch: [167/200][240/282] lr: 8.66e-05 | MSE loss: 4.0643e-03 | time: 0.035
I 06.07/22:30:18 solver.py:159 ] Epoch: [167/200][260/282] lr: 8.65e-05 | MSE loss: 4.0613e-03 | time: 0.035
I 06.07/22:30:18 solver.py:159 ] Epoch: [167/200][280/282] lr: 8.63e-05 | MSE loss: 4.0946e-03 | time: 0.035
I 06.07/22:30:18 solver.py:169 ] => Train  Loss: 4.0791e-03

I 06.07/22:30:19 solver.py:405 ] [20/32] loss: 5.3364e-03 | NMSE: -1.9353e+01 | time: 0.032
I 06.07/22:30:19 solver.py:413 ] => Test NMSE: -2.0171e+01

I 06.07/22:30:19 solver.py:345 ] => LoRA monitor [epoch=167] | trainable=67584/67584 | non_lora_trainable=0 | lora_l2=1.538762e+01 | lora_A_l2=1.315119e+01 | lora_B_l2=7.989067e+00 | component_l2=decoder:1.538762e+01 | lora_abs_max=1.234398e+00 | delta_l2=1.541893e+01 | delta_rel=4.698473e+00 | train_loss=4.079083e-03 | test_loss=4.807463e-03 | nmse=-2.017054e+01
I 06.07/22:30:19 solver.py:224 ] 
=! Best NMSE: -2.0194e+01 (epoch=166)

I 06.07/22:30:20 solver.py:159 ] Epoch: [168/200][20/282] lr: 8.61e-05 | MSE loss: 3.9424e-03 | time: 0.036
I 06.07/22:30:21 solver.py:159 ] Epoch: [168/200][40/282] lr: 8.60e-05 | MSE loss: 3.9131e-03 | time: 0.036
I 06.07/22:30:21 solver.py:159 ] Epoch: [168/200][60/282] lr: 8.58e-05 | MSE loss: 4.1615e-03 | time: 0.035
I 06.07/22:30:22 solver.py:159 ] Epoch: [168/200][80/282] lr: 8.57e-05 | MSE loss: 4.2371e-03 | time: 0.035
I 06.07/22:30:23 solver.py:159 ] Epoch: [168/200][100/282] lr: 8.55e-05 | MSE loss: 4.2475e-03 | time: 0.035
I 06.07/22:30:24 solver.py:159 ] Epoch: [168/200][120/282] lr: 8.54e-05 | MSE loss: 4.2115e-03 | time: 0.036
I 06.07/22:30:24 solver.py:159 ] Epoch: [168/200][140/282] lr: 8.52e-05 | MSE loss: 4.1324e-03 | time: 0.036
I 06.07/22:30:25 solver.py:159 ] Epoch: [168/200][160/282] lr: 8.51e-05 | MSE loss: 4.0851e-03 | time: 0.035
I 06.07/22:30:26 solver.py:159 ] Epoch: [168/200][180/282] lr: 8.49e-05 | MSE loss: 4.0755e-03 | time: 0.035
I 06.07/22:30:26 solver.py:159 ] Epoch: [168/200][200/282] lr: 8.48e-05 | MSE loss: 4.0958e-03 | time: 0.035
I 06.07/22:30:27 solver.py:159 ] Epoch: [168/200][220/282] lr: 8.46e-05 | MSE loss: 4.0783e-03 | time: 0.035
I 06.07/22:30:28 solver.py:159 ] Epoch: [168/200][240/282] lr: 8.45e-05 | MSE loss: 4.0954e-03 | time: 0.035
I 06.07/22:30:28 solver.py:159 ] Epoch: [168/200][260/282] lr: 8.44e-05 | MSE loss: 4.0993e-03 | time: 0.035
I 06.07/22:30:29 solver.py:159 ] Epoch: [168/200][280/282] lr: 8.42e-05 | MSE loss: 4.0839e-03 | time: 0.035
I 06.07/22:30:29 solver.py:169 ] => Train  Loss: 4.0842e-03

I 06.07/22:30:30 solver.py:405 ] [20/32] loss: 5.3383e-03 | NMSE: -1.9372e+01 | time: 0.032
I 06.07/22:30:30 solver.py:413 ] => Test NMSE: -2.0174e+01

I 06.07/22:30:30 solver.py:345 ] => LoRA monitor [epoch=168] | trainable=67584/67584 | non_lora_trainable=0 | lora_l2=1.539441e+01 | lora_A_l2=1.315671e+01 | lora_B_l2=7.993044e+00 | component_l2=decoder:1.539441e+01 | lora_abs_max=1.235087e+00 | delta_l2=1.542574e+01 | delta_rel=4.700549e+00 | train_loss=4.084211e-03 | test_loss=4.804100e-03 | nmse=-2.017358e+01
I 06.07/22:30:30 solver.py:224 ] 
=! Best NMSE: -2.0194e+01 (epoch=166)

I 06.07/22:30:31 solver.py:159 ] Epoch: [169/200][20/282] lr: 8.40e-05 | MSE loss: 3.4433e-03 | time: 0.036
I 06.07/22:30:32 solver.py:159 ] Epoch: [169/200][40/282] lr: 8.39e-05 | MSE loss: 4.1011e-03 | time: 0.035
I 06.07/22:30:32 solver.py:159 ] Epoch: [169/200][60/282] lr: 8.37e-05 | MSE loss: 3.9457e-03 | time: 0.035
I 06.07/22:30:33 solver.py:159 ] Epoch: [169/200][80/282] lr: 8.36e-05 | MSE loss: 3.8651e-03 | time: 0.034
I 06.07/22:30:34 solver.py:159 ] Epoch: [169/200][100/282] lr: 8.35e-05 | MSE loss: 3.8184e-03 | time: 0.034
I 06.07/22:30:34 solver.py:159 ] Epoch: [169/200][120/282] lr: 8.33e-05 | MSE loss: 3.9684e-03 | time: 0.035
I 06.07/22:30:35 solver.py:159 ] Epoch: [169/200][140/282] lr: 8.32e-05 | MSE loss: 3.9964e-03 | time: 0.035
I 06.07/22:30:36 solver.py:159 ] Epoch: [169/200][160/282] lr: 8.30e-05 | MSE loss: 3.9782e-03 | time: 0.035
I 06.07/22:30:37 solver.py:159 ] Epoch: [169/200][180/282] lr: 8.29e-05 | MSE loss: 4.0863e-03 | time: 0.035
I 06.07/22:30:37 solver.py:159 ] Epoch: [169/200][200/282] lr: 8.27e-05 | MSE loss: 4.0668e-03 | time: 0.035
I 06.07/22:30:38 solver.py:159 ] Epoch: [169/200][220/282] lr: 8.26e-05 | MSE loss: 4.1693e-03 | time: 0.035
I 06.07/22:30:39 solver.py:159 ] Epoch: [169/200][240/282] lr: 8.24e-05 | MSE loss: 4.1589e-03 | time: 0.035
I 06.07/22:30:39 solver.py:159 ] Epoch: [169/200][260/282] lr: 8.23e-05 | MSE loss: 4.1167e-03 | time: 0.035
I 06.07/22:30:40 solver.py:159 ] Epoch: [169/200][280/282] lr: 8.22e-05 | MSE loss: 4.0980e-03 | time: 0.035
I 06.07/22:30:40 solver.py:169 ] => Train  Loss: 4.0832e-03

I 06.07/22:30:41 solver.py:405 ] [20/32] loss: 5.3415e-03 | NMSE: -1.9339e+01 | time: 0.030
I 06.07/22:30:41 solver.py:413 ] => Test NMSE: -2.0171e+01

I 06.07/22:30:41 solver.py:345 ] => LoRA monitor [epoch=169] | trainable=67584/67584 | non_lora_trainable=0 | lora_l2=1.539882e+01 | lora_A_l2=1.316023e+01 | lora_B_l2=7.995752e+00 | component_l2=decoder:1.539882e+01 | lora_abs_max=1.235085e+00 | delta_l2=1.543036e+01 | delta_rel=4.701957e+00 | train_loss=4.083203e-03 | test_loss=4.806978e-03 | nmse=-2.017098e+01
I 06.07/22:30:41 solver.py:224 ] 
=! Best NMSE: -2.0194e+01 (epoch=166)

I 06.07/22:30:42 solver.py:159 ] Epoch: [170/200][20/282] lr: 8.20e-05 | MSE loss: 3.9308e-03 | time: 0.038
I 06.07/22:30:42 solver.py:159 ] Epoch: [170/200][40/282] lr: 8.19e-05 | MSE loss: 4.1265e-03 | time: 0.035
I 06.07/22:30:43 solver.py:159 ] Epoch: [170/200][60/282] lr: 8.17e-05 | MSE loss: 4.0809e-03 | time: 0.035
I 06.07/22:30:44 solver.py:159 ] Epoch: [170/200][80/282] lr: 8.16e-05 | MSE loss: 3.9978e-03 | time: 0.035
I 06.07/22:30:44 solver.py:159 ] Epoch: [170/200][100/282] lr: 8.14e-05 | MSE loss: 4.1101e-03 | time: 0.035
I 06.07/22:30:45 solver.py:159 ] Epoch: [170/200][120/282] lr: 8.13e-05 | MSE loss: 4.0686e-03 | time: 0.035
I 06.07/22:30:46 solver.py:159 ] Epoch: [170/200][140/282] lr: 8.11e-05 | MSE loss: 4.1206e-03 | time: 0.035
I 06.07/22:30:47 solver.py:159 ] Epoch: [170/200][160/282] lr: 8.10e-05 | MSE loss: 4.1036e-03 | time: 0.034
I 06.07/22:30:47 solver.py:159 ] Epoch: [170/200][180/282] lr: 8.09e-05 | MSE loss: 4.1298e-03 | time: 0.034
I 06.07/22:30:48 solver.py:159 ] Epoch: [170/200][200/282] lr: 8.07e-05 | MSE loss: 4.0712e-03 | time: 0.034
I 06.07/22:30:49 solver.py:159 ] Epoch: [170/200][220/282] lr: 8.06e-05 | MSE loss: 4.0430e-03 | time: 0.034
I 06.07/22:30:49 solver.py:159 ] Epoch: [170/200][240/282] lr: 8.04e-05 | MSE loss: 4.0632e-03 | time: 0.034
I 06.07/22:30:50 solver.py:159 ] Epoch: [170/200][260/282] lr: 8.03e-05 | MSE loss: 4.1097e-03 | time: 0.034
I 06.07/22:30:51 solver.py:159 ] Epoch: [170/200][280/282] lr: 8.02e-05 | MSE loss: 4.0720e-03 | time: 0.034
I 06.07/22:30:51 solver.py:169 ] => Train  Loss: 4.1094e-03

I 06.07/22:30:51 solver.py:159 ] Epoch: [170/200][20/32] lr: 8.01e-05 | MSE loss: 5.3633e-03 | time: 0.028
I 06.07/22:30:52 solver.py:169 ] => Val  Loss: 4.7585e-03

I 06.07/22:30:52 solver.py:405 ] [20/32] loss: 5.3633e-03 | NMSE: -1.9326e+01 | time: 0.030
I 06.07/22:30:53 solver.py:413 ] => Test NMSE: -2.0153e+01

I 06.07/22:30:53 solver.py:345 ] => LoRA monitor [epoch=170] | trainable=67584/67584 | non_lora_trainable=0 | lora_l2=1.540351e+01 | lora_A_l2=1.316385e+01 | lora_B_l2=7.998836e+00 | component_l2=decoder:1.540351e+01 | lora_abs_max=1.235789e+00 | delta_l2=1.543505e+01 | delta_rel=4.703387e+00 | train_loss=4.109405e-03 | val_loss=4.758481e-03 | test_loss=4.827105e-03 | nmse=-2.015283e+01
I 06.07/22:30:53 solver.py:224 ] 
=! Best NMSE: -2.0194e+01 (epoch=166)

I 06.07/22:30:53 solver.py:159 ] Epoch: [171/200][20/282] lr: 8.00e-05 | MSE loss: 4.7795e-03 | time: 0.035
I 06.07/22:30:54 solver.py:159 ] Epoch: [171/200][40/282] lr: 7.99e-05 | MSE loss: 4.2427e-03 | time: 0.034
I 06.07/22:30:55 solver.py:159 ] Epoch: [171/200][60/282] lr: 7.97e-05 | MSE loss: 4.4679e-03 | time: 0.034
I 06.07/22:30:55 solver.py:159 ] Epoch: [171/200][80/282] lr: 7.96e-05 | MSE loss: 4.2956e-03 | time: 0.034
I 06.07/22:30:56 solver.py:159 ] Epoch: [171/200][100/282] lr: 7.95e-05 | MSE loss: 4.2649e-03 | time: 0.034
I 06.07/22:30:57 solver.py:159 ] Epoch: [171/200][120/282] lr: 7.93e-05 | MSE loss: 4.2099e-03 | time: 0.034
I 06.07/22:30:57 solver.py:159 ] Epoch: [171/200][140/282] lr: 7.92e-05 | MSE loss: 4.2427e-03 | time: 0.034
I 06.07/22:30:58 solver.py:159 ] Epoch: [171/200][160/282] lr: 7.90e-05 | MSE loss: 4.2754e-03 | time: 0.035
I 06.07/22:30:59 solver.py:159 ] Epoch: [171/200][180/282] lr: 7.89e-05 | MSE loss: 4.1132e-03 | time: 0.034
I 06.07/22:30:59 solver.py:159 ] Epoch: [171/200][200/282] lr: 7.88e-05 | MSE loss: 4.1555e-03 | time: 0.034
I 06.07/22:31:00 solver.py:159 ] Epoch: [171/200][220/282] lr: 7.86e-05 | MSE loss: 4.1660e-03 | time: 0.035
I 06.07/22:31:02 solver.py:159 ] Epoch: [171/200][240/282] lr: 7.85e-05 | MSE loss: 4.1854e-03 | time: 0.038
I 06.07/22:31:03 solver.py:159 ] Epoch: [171/200][260/282] lr: 7.84e-05 | MSE loss: 4.1609e-03 | time: 0.041
I 06.07/22:31:04 solver.py:159 ] Epoch: [171/200][280/282] lr: 7.82e-05 | MSE loss: 4.0934e-03 | time: 0.043
I 06.07/22:31:05 solver.py:169 ] => Train  Loss: 4.0898e-03

I 06.07/22:31:05 solver.py:405 ] [20/32] loss: 5.3247e-03 | NMSE: -1.9369e+01 | time: 0.033
I 06.07/22:31:06 solver.py:413 ] => Test NMSE: -2.0181e+01

I 06.07/22:31:06 solver.py:345 ] => LoRA monitor [epoch=171] | trainable=67584/67584 | non_lora_trainable=0 | lora_l2=1.540886e+01 | lora_A_l2=1.316848e+01 | lora_B_l2=8.001511e+00 | component_l2=decoder:1.540886e+01 | lora_abs_max=1.236092e+00 | delta_l2=1.544041e+01 | delta_rel=4.705020e+00 | train_loss=4.089819e-03 | test_loss=4.796202e-03 | nmse=-2.018073e+01
I 06.07/22:31:06 solver.py:224 ] 
=! Best NMSE: -2.0194e+01 (epoch=166)

I 06.07/22:31:06 solver.py:159 ] Epoch: [172/200][20/282] lr: 7.81e-05 | MSE loss: 3.1291e-03 | time: 0.036
I 06.07/22:31:07 solver.py:159 ] Epoch: [172/200][40/282] lr: 7.79e-05 | MSE loss: 3.8831e-03 | time: 0.035
I 06.07/22:31:08 solver.py:159 ] Epoch: [172/200][60/282] lr: 7.78e-05 | MSE loss: 4.0485e-03 | time: 0.035
I 06.07/22:31:08 solver.py:159 ] Epoch: [172/200][80/282] lr: 7.77e-05 | MSE loss: 3.9352e-03 | time: 0.034
I 06.07/22:31:09 solver.py:159 ] Epoch: [172/200][100/282] lr: 7.75e-05 | MSE loss: 4.0619e-03 | time: 0.034
I 06.07/22:31:10 solver.py:159 ] Epoch: [172/200][120/282] lr: 7.74e-05 | MSE loss: 4.0331e-03 | time: 0.034
I 06.07/22:31:10 solver.py:159 ] Epoch: [172/200][140/282] lr: 7.73e-05 | MSE loss: 3.9661e-03 | time: 0.034
I 06.07/22:31:11 solver.py:159 ] Epoch: [172/200][160/282] lr: 7.71e-05 | MSE loss: 3.9992e-03 | time: 0.034
I 06.07/22:31:12 solver.py:159 ] Epoch: [172/200][180/282] lr: 7.70e-05 | MSE loss: 3.9721e-03 | time: 0.034
I 06.07/22:31:12 solver.py:159 ] Epoch: [172/200][200/282] lr: 7.69e-05 | MSE loss: 3.9744e-03 | time: 0.034
I 06.07/22:31:13 solver.py:159 ] Epoch: [172/200][220/282] lr: 7.67e-05 | MSE loss: 3.9558e-03 | time: 0.034
I 06.07/22:31:14 solver.py:159 ] Epoch: [172/200][240/282] lr: 7.66e-05 | MSE loss: 4.0234e-03 | time: 0.034
I 06.07/22:31:14 solver.py:159 ] Epoch: [172/200][260/282] lr: 7.65e-05 | MSE loss: 3.9999e-03 | time: 0.034
I 06.07/22:31:15 solver.py:159 ] Epoch: [172/200][280/282] lr: 7.63e-05 | MSE loss: 4.0933e-03 | time: 0.034
I 06.07/22:31:15 solver.py:169 ] => Train  Loss: 4.0748e-03

I 06.07/22:31:16 solver.py:405 ] [20/32] loss: 5.3183e-03 | NMSE: -1.9384e+01 | time: 0.028
I 06.07/22:31:16 solver.py:413 ] => Test NMSE: -2.0187e+01

I 06.07/22:31:16 solver.py:345 ] => LoRA monitor [epoch=172] | trainable=67584/67584 | non_lora_trainable=0 | lora_l2=1.541294e+01 | lora_A_l2=1.317198e+01 | lora_B_l2=8.003604e+00 | component_l2=decoder:1.541294e+01 | lora_abs_max=1.236435e+00 | delta_l2=1.544458e+01 | delta_rel=4.706291e+00 | train_loss=4.074754e-03 | test_loss=4.789367e-03 | nmse=-2.018692e+01
I 06.07/22:31:16 solver.py:224 ] 
=! Best NMSE: -2.0194e+01 (epoch=166)

I 06.07/22:31:17 solver.py:159 ] Epoch: [173/200][20/282] lr: 7.62e-05 | MSE loss: 3.7052e-03 | time: 0.036
I 06.07/22:31:17 solver.py:159 ] Epoch: [173/200][40/282] lr: 7.61e-05 | MSE loss: 4.2620e-03 | time: 0.036
I 06.07/22:31:18 solver.py:159 ] Epoch: [173/200][60/282] lr: 7.59e-05 | MSE loss: 4.1834e-03 | time: 0.036
I 06.07/22:31:19 solver.py:159 ] Epoch: [173/200][80/282] lr: 7.58e-05 | MSE loss: 4.2905e-03 | time: 0.036
I 06.07/22:31:20 solver.py:159 ] Epoch: [173/200][100/282] lr: 7.57e-05 | MSE loss: 4.1682e-03 | time: 0.036
I 06.07/22:31:20 solver.py:159 ] Epoch: [173/200][120/282] lr: 7.56e-05 | MSE loss: 4.1185e-03 | time: 0.036
I 06.07/22:31:21 solver.py:159 ] Epoch: [173/200][140/282] lr: 7.54e-05 | MSE loss: 4.0535e-03 | time: 0.036
I 06.07/22:31:22 solver.py:159 ] Epoch: [173/200][160/282] lr: 7.53e-05 | MSE loss: 4.1180e-03 | time: 0.035
I 06.07/22:31:22 solver.py:159 ] Epoch: [173/200][180/282] lr: 7.52e-05 | MSE loss: 4.1598e-03 | time: 0.035
I 06.07/22:31:23 solver.py:159 ] Epoch: [173/200][200/282] lr: 7.50e-05 | MSE loss: 4.1482e-03 | time: 0.035
I 06.07/22:31:24 solver.py:159 ] Epoch: [173/200][220/282] lr: 7.49e-05 | MSE loss: 4.1125e-03 | time: 0.035
I 06.07/22:31:24 solver.py:159 ] Epoch: [173/200][240/282] lr: 7.48e-05 | MSE loss: 4.0878e-03 | time: 0.035
I 06.07/22:31:25 solver.py:159 ] Epoch: [173/200][260/282] lr: 7.47e-05 | MSE loss: 4.0578e-03 | time: 0.035
I 06.07/22:31:26 solver.py:159 ] Epoch: [173/200][280/282] lr: 7.45e-05 | MSE loss: 4.0769e-03 | time: 0.035
I 06.07/22:31:26 solver.py:169 ] => Train  Loss: 4.0705e-03

I 06.07/22:31:26 solver.py:405 ] [20/32] loss: 5.3379e-03 | NMSE: -1.9350e+01 | time: 0.030
I 06.07/22:31:27 solver.py:413 ] => Test NMSE: -2.0173e+01

I 06.07/22:31:27 solver.py:345 ] => LoRA monitor [epoch=173] | trainable=67584/67584 | non_lora_trainable=0 | lora_l2=1.541725e+01 | lora_A_l2=1.317524e+01 | lora_B_l2=8.006541e+00 | component_l2=decoder:1.541725e+01 | lora_abs_max=1.236717e+00 | delta_l2=1.544901e+01 | delta_rel=4.707639e+00 | train_loss=4.070492e-03 | test_loss=4.804921e-03 | nmse=-2.017284e+01
I 06.07/22:31:27 solver.py:224 ] 
=! Best NMSE: -2.0194e+01 (epoch=166)

I 06.07/22:31:28 solver.py:159 ] Epoch: [174/200][20/282] lr: 7.44e-05 | MSE loss: 3.9027e-03 | time: 0.037
I 06.07/22:31:28 solver.py:159 ] Epoch: [174/200][40/282] lr: 7.43e-05 | MSE loss: 3.2799e-03 | time: 0.035
I 06.07/22:31:29 solver.py:159 ] Epoch: [174/200][60/282] lr: 7.41e-05 | MSE loss: 3.3498e-03 | time: 0.034
I 06.07/22:31:30 solver.py:159 ] Epoch: [174/200][80/282] lr: 7.40e-05 | MSE loss: 3.4133e-03 | time: 0.034
I 06.07/22:31:30 solver.py:159 ] Epoch: [174/200][100/282] lr: 7.39e-05 | MSE loss: 3.5967e-03 | time: 0.034
I 06.07/22:31:31 solver.py:159 ] Epoch: [174/200][120/282] lr: 7.38e-05 | MSE loss: 3.8340e-03 | time: 0.034
I 06.07/22:31:32 solver.py:159 ] Epoch: [174/200][140/282] lr: 7.36e-05 | MSE loss: 3.9052e-03 | time: 0.035
I 06.07/22:31:32 solver.py:159 ] Epoch: [174/200][160/282] lr: 7.35e-05 | MSE loss: 3.8641e-03 | time: 0.035
I 06.07/22:31:33 solver.py:159 ] Epoch: [174/200][180/282] lr: 7.34e-05 | MSE loss: 3.8749e-03 | time: 0.035
I 06.07/22:31:34 solver.py:159 ] Epoch: [174/200][200/282] lr: 7.33e-05 | MSE loss: 3.9959e-03 | time: 0.035
I 06.07/22:31:34 solver.py:159 ] Epoch: [174/200][220/282] lr: 7.32e-05 | MSE loss: 3.9472e-03 | time: 0.035
I 06.07/22:31:35 solver.py:159 ] Epoch: [174/200][240/282] lr: 7.30e-05 | MSE loss: 3.9453e-03 | time: 0.035
I 06.07/22:31:36 solver.py:159 ] Epoch: [174/200][260/282] lr: 7.29e-05 | MSE loss: 4.0383e-03 | time: 0.035
I 06.07/22:31:37 solver.py:159 ] Epoch: [174/200][280/282] lr: 7.28e-05 | MSE loss: 4.0760e-03 | time: 0.035
I 06.07/22:31:37 solver.py:169 ] => Train  Loss: 4.0712e-03

I 06.07/22:31:37 solver.py:405 ] [20/32] loss: 5.3135e-03 | NMSE: -1.9371e+01 | time: 0.030
I 06.07/22:31:38 solver.py:413 ] => Test NMSE: -2.0189e+01

I 06.07/22:31:38 solver.py:345 ] => LoRA monitor [epoch=174] | trainable=67584/67584 | non_lora_trainable=0 | lora_l2=1.542140e+01 | lora_A_l2=1.317847e+01 | lora_B_l2=8.009210e+00 | component_l2=decoder:1.542140e+01 | lora_abs_max=1.237141e+00 | delta_l2=1.545322e+01 | delta_rel=4.708923e+00 | train_loss=4.071207e-03 | test_loss=4.787385e-03 | nmse=-2.018871e+01
I 06.07/22:31:38 solver.py:224 ] 
=! Best NMSE: -2.0194e+01 (epoch=166)

I 06.07/22:31:38 solver.py:159 ] Epoch: [175/200][20/282] lr: 7.26e-05 | MSE loss: 3.8080e-03 | time: 0.035
I 06.07/22:31:39 solver.py:159 ] Epoch: [175/200][40/282] lr: 7.25e-05 | MSE loss: 3.7628e-03 | time: 0.035
I 06.07/22:31:40 solver.py:159 ] Epoch: [175/200][60/282] lr: 7.24e-05 | MSE loss: 3.8354e-03 | time: 0.035
I 06.07/22:31:40 solver.py:159 ] Epoch: [175/200][80/282] lr: 7.23e-05 | MSE loss: 3.8376e-03 | time: 0.035
I 06.07/22:31:41 solver.py:159 ] Epoch: [175/200][100/282] lr: 7.22e-05 | MSE loss: 3.7854e-03 | time: 0.035
I 06.07/22:31:42 solver.py:159 ] Epoch: [175/200][120/282] lr: 7.20e-05 | MSE loss: 3.8153e-03 | time: 0.035
I 06.07/22:31:43 solver.py:159 ] Epoch: [175/200][140/282] lr: 7.19e-05 | MSE loss: 3.8322e-03 | time: 0.035
I 06.07/22:31:43 solver.py:159 ] Epoch: [175/200][160/282] lr: 7.18e-05 | MSE loss: 3.8932e-03 | time: 0.035
I 06.07/22:31:44 solver.py:159 ] Epoch: [175/200][180/282] lr: 7.17e-05 | MSE loss: 3.9812e-03 | time: 0.035
I 06.07/22:31:45 solver.py:159 ] Epoch: [175/200][200/282] lr: 7.16e-05 | MSE loss: 4.0210e-03 | time: 0.035
I 06.07/22:31:45 solver.py:159 ] Epoch: [175/200][220/282] lr: 7.14e-05 | MSE loss: 3.9622e-03 | time: 0.035
I 06.07/22:31:46 solver.py:159 ] Epoch: [175/200][240/282] lr: 7.13e-05 | MSE loss: 4.1390e-03 | time: 0.034
I 06.07/22:31:47 solver.py:159 ] Epoch: [175/200][260/282] lr: 7.12e-05 | MSE loss: 4.1331e-03 | time: 0.034
I 06.07/22:31:47 solver.py:159 ] Epoch: [175/200][280/282] lr: 7.11e-05 | MSE loss: 4.0876e-03 | time: 0.034
I 06.07/22:31:47 solver.py:169 ] => Train  Loss: 4.0693e-03

I 06.07/22:31:48 solver.py:405 ] [20/32] loss: 5.3179e-03 | NMSE: -1.9374e+01 | time: 0.030
I 06.07/22:31:48 solver.py:413 ] => Test NMSE: -2.0186e+01

I 06.07/22:31:48 solver.py:345 ] => LoRA monitor [epoch=175] | trainable=67584/67584 | non_lora_trainable=0 | lora_l2=1.542613e+01 | lora_A_l2=1.318219e+01 | lora_B_l2=8.012197e+00 | component_l2=decoder:1.542613e+01 | lora_abs_max=1.237309e+00 | delta_l2=1.545800e+01 | delta_rel=4.710378e+00 | train_loss=4.069304e-03 | test_loss=4.789855e-03 | nmse=-2.018648e+01
I 06.07/22:31:48 solver.py:224 ] 
=! Best NMSE: -2.0194e+01 (epoch=166)

I 06.07/22:31:49 solver.py:159 ] Epoch: [176/200][20/282] lr: 7.10e-05 | MSE loss: 3.7423e-03 | time: 0.033
I 06.07/22:31:50 solver.py:159 ] Epoch: [176/200][40/282] lr: 7.08e-05 | MSE loss: 3.8858e-03 | time: 0.034
I 06.07/22:31:50 solver.py:159 ] Epoch: [176/200][60/282] lr: 7.07e-05 | MSE loss: 3.5289e-03 | time: 0.035
I 06.07/22:31:51 solver.py:159 ] Epoch: [176/200][80/282] lr: 7.06e-05 | MSE loss: 3.5199e-03 | time: 0.035
I 06.07/22:31:52 solver.py:159 ] Epoch: [176/200][100/282] lr: 7.05e-05 | MSE loss: 3.6237e-03 | time: 0.035
I 06.07/22:31:52 solver.py:159 ] Epoch: [176/200][120/282] lr: 7.04e-05 | MSE loss: 3.7512e-03 | time: 0.034
I 06.07/22:31:53 solver.py:159 ] Epoch: [176/200][140/282] lr: 7.03e-05 | MSE loss: 3.8881e-03 | time: 0.034
I 06.07/22:31:54 solver.py:159 ] Epoch: [176/200][160/282] lr: 7.01e-05 | MSE loss: 3.9613e-03 | time: 0.034
I 06.07/22:31:54 solver.py:159 ] Epoch: [176/200][180/282] lr: 7.00e-05 | MSE loss: 4.0216e-03 | time: 0.034
I 06.07/22:31:55 solver.py:159 ] Epoch: [176/200][200/282] lr: 6.99e-05 | MSE loss: 4.0771e-03 | time: 0.034
I 06.07/22:31:56 solver.py:159 ] Epoch: [176/200][220/282] lr: 6.98e-05 | MSE loss: 4.1919e-03 | time: 0.034
I 06.07/22:31:57 solver.py:159 ] Epoch: [176/200][240/282] lr: 6.97e-05 | MSE loss: 4.1939e-03 | time: 0.034
I 06.07/22:31:57 solver.py:159 ] Epoch: [176/200][260/282] lr: 6.96e-05 | MSE loss: 4.1511e-03 | time: 0.035
I 06.07/22:31:58 solver.py:159 ] Epoch: [176/200][280/282] lr: 6.95e-05 | MSE loss: 4.0864e-03 | time: 0.035
I 06.07/22:31:58 solver.py:169 ] => Train  Loss: 4.0752e-03

I 06.07/22:31:59 solver.py:405 ] [20/32] loss: 5.3090e-03 | NMSE: -1.9377e+01 | time: 0.033
I 06.07/22:31:59 solver.py:413 ] => Test NMSE: -2.0190e+01

I 06.07/22:31:59 solver.py:345 ] => LoRA monitor [epoch=176] | trainable=67584/67584 | non_lora_trainable=0 | lora_l2=1.542749e+01 | lora_A_l2=1.318317e+01 | lora_B_l2=8.013199e+00 | component_l2=decoder:1.542749e+01 | lora_abs_max=1.237357e+00 | delta_l2=1.545953e+01 | delta_rel=4.710846e+00 | train_loss=4.075204e-03 | test_loss=4.786129e-03 | nmse=-2.018986e+01
I 06.07/22:31:59 solver.py:224 ] 
=! Best NMSE: -2.0194e+01 (epoch=166)

I 06.07/22:32:00 solver.py:159 ] Epoch: [177/200][20/282] lr: 6.93e-05 | MSE loss: 4.9770e-03 | time: 0.041
I 06.07/22:32:01 solver.py:159 ] Epoch: [177/200][40/282] lr: 6.92e-05 | MSE loss: 4.4473e-03 | time: 0.053
I 06.07/22:32:03 solver.py:159 ] Epoch: [177/200][60/282] lr: 6.91e-05 | MSE loss: 4.4310e-03 | time: 0.065
I 06.07/22:32:04 solver.py:159 ] Epoch: [177/200][80/282] lr: 6.90e-05 | MSE loss: 4.2082e-03 | time: 0.066
I 06.07/22:32:05 solver.py:159 ] Epoch: [177/200][100/282] lr: 6.89e-05 | MSE loss: 4.2526e-03 | time: 0.060
I 06.07/22:32:06 solver.py:159 ] Epoch: [177/200][120/282] lr: 6.88e-05 | MSE loss: 4.0335e-03 | time: 0.055
I 06.07/22:32:06 solver.py:159 ] Epoch: [177/200][140/282] lr: 6.87e-05 | MSE loss: 4.1030e-03 | time: 0.053
I 06.07/22:32:07 solver.py:159 ] Epoch: [177/200][160/282] lr: 6.86e-05 | MSE loss: 4.0742e-03 | time: 0.051
I 06.07/22:32:08 solver.py:159 ] Epoch: [177/200][180/282] lr: 6.84e-05 | MSE loss: 4.0941e-03 | time: 0.049
I 06.07/22:32:09 solver.py:159 ] Epoch: [177/200][200/282] lr: 6.83e-05 | MSE loss: 4.0461e-03 | time: 0.047
I 06.07/22:32:09 solver.py:159 ] Epoch: [177/200][220/282] lr: 6.82e-05 | MSE loss: 4.0979e-03 | time: 0.046
I 06.07/22:32:10 solver.py:159 ] Epoch: [177/200][240/282] lr: 6.81e-05 | MSE loss: 4.0951e-03 | time: 0.045
I 06.07/22:32:11 solver.py:159 ] Epoch: [177/200][260/282] lr: 6.80e-05 | MSE loss: 4.0705e-03 | time: 0.044
I 06.07/22:32:11 solver.py:159 ] Epoch: [177/200][280/282] lr: 6.79e-05 | MSE loss: 4.0676e-03 | time: 0.044
I 06.07/22:32:11 solver.py:169 ] => Train  Loss: 4.0680e-03

I 06.07/22:32:12 solver.py:405 ] [20/32] loss: 5.3006e-03 | NMSE: -1.9394e+01 | time: 0.027
I 06.07/22:32:12 solver.py:413 ] => Test NMSE: -2.0198e+01

I 06.07/22:32:12 solver.py:345 ] => LoRA monitor [epoch=177] | trainable=67584/67584 | non_lora_trainable=0 | lora_l2=1.543268e+01 | lora_A_l2=1.318725e+01 | lora_B_l2=8.016497e+00 | component_l2=decoder:1.543268e+01 | lora_abs_max=1.237842e+00 | delta_l2=1.546473e+01 | delta_rel=4.712429e+00 | train_loss=4.067962e-03 | test_loss=4.777421e-03 | nmse=-2.019777e+01
I 06.07/22:32:13 solver.py:224 ] 
=! Best NMSE: -2.0198e+01 (epoch=177)

I 06.07/22:32:13 solver.py:159 ] Epoch: [178/200][20/282] lr: 6.78e-05 | MSE loss: 3.0802e-03 | time: 0.038
I 06.07/22:32:14 solver.py:159 ] Epoch: [178/200][40/282] lr: 6.77e-05 | MSE loss: 3.4869e-03 | time: 0.037
I 06.07/22:32:15 solver.py:159 ] Epoch: [178/200][60/282] lr: 6.76e-05 | MSE loss: 3.4993e-03 | time: 0.037
I 06.07/22:32:15 solver.py:159 ] Epoch: [178/200][80/282] lr: 6.75e-05 | MSE loss: 3.4838e-03 | time: 0.037
I 06.07/22:32:16 solver.py:159 ] Epoch: [178/200][100/282] lr: 6.73e-05 | MSE loss: 3.6807e-03 | time: 0.036
I 06.07/22:32:17 solver.py:159 ] Epoch: [178/200][120/282] lr: 6.72e-05 | MSE loss: 3.8817e-03 | time: 0.037
I 06.07/22:32:18 solver.py:159 ] Epoch: [178/200][140/282] lr: 6.71e-05 | MSE loss: 4.0369e-03 | time: 0.037
I 06.07/22:32:18 solver.py:159 ] Epoch: [178/200][160/282] lr: 6.70e-05 | MSE loss: 3.9607e-03 | time: 0.037
I 06.07/22:32:19 solver.py:159 ] Epoch: [178/200][180/282] lr: 6.69e-05 | MSE loss: 3.9117e-03 | time: 0.036
I 06.07/22:32:20 solver.py:159 ] Epoch: [178/200][200/282] lr: 6.68e-05 | MSE loss: 3.8846e-03 | time: 0.036
I 06.07/22:32:20 solver.py:159 ] Epoch: [178/200][220/282] lr: 6.67e-05 | MSE loss: 3.9562e-03 | time: 0.036
I 06.07/22:32:21 solver.py:159 ] Epoch: [178/200][240/282] lr: 6.66e-05 | MSE loss: 4.0022e-03 | time: 0.036
I 06.07/22:32:22 solver.py:159 ] Epoch: [178/200][260/282] lr: 6.65e-05 | MSE loss: 4.0560e-03 | time: 0.036
I 06.07/22:32:22 solver.py:159 ] Epoch: [178/200][280/282] lr: 6.64e-05 | MSE loss: 4.0698e-03 | time: 0.035
I 06.07/22:32:22 solver.py:169 ] => Train  Loss: 4.0865e-03

I 06.07/22:32:23 solver.py:405 ] [20/32] loss: 5.3094e-03 | NMSE: -1.9388e+01 | time: 0.028
I 06.07/22:32:23 solver.py:413 ] => Test NMSE: -2.0193e+01

I 06.07/22:32:23 solver.py:345 ] => LoRA monitor [epoch=178] | trainable=67584/67584 | non_lora_trainable=0 | lora_l2=1.543572e+01 | lora_A_l2=1.318944e+01 | lora_B_l2=8.018732e+00 | component_l2=decoder:1.543572e+01 | lora_abs_max=1.238332e+00 | delta_l2=1.546787e+01 | delta_rel=4.713387e+00 | train_loss=4.086493e-03 | test_loss=4.782746e-03 | nmse=-2.019293e+01
I 06.07/22:32:23 solver.py:224 ] 
=! Best NMSE: -2.0198e+01 (epoch=177)

I 06.07/22:32:24 solver.py:159 ] Epoch: [179/200][20/282] lr: 6.63e-05 | MSE loss: 3.6447e-03 | time: 0.037
I 06.07/22:32:25 solver.py:159 ] Epoch: [179/200][40/282] lr: 6.62e-05 | MSE loss: 4.2172e-03 | time: 0.036
I 06.07/22:32:26 solver.py:159 ] Epoch: [179/200][60/282] lr: 6.61e-05 | MSE loss: 4.1420e-03 | time: 0.036
I 06.07/22:32:26 solver.py:159 ] Epoch: [179/200][80/282] lr: 6.60e-05 | MSE loss: 4.0191e-03 | time: 0.037
I 06.07/22:32:27 solver.py:159 ] Epoch: [179/200][100/282] lr: 6.59e-05 | MSE loss: 4.1716e-03 | time: 0.036
I 06.07/22:32:28 solver.py:159 ] Epoch: [179/200][120/282] lr: 6.58e-05 | MSE loss: 3.9823e-03 | time: 0.036
I 06.07/22:32:28 solver.py:159 ] Epoch: [179/200][140/282] lr: 6.57e-05 | MSE loss: 3.9211e-03 | time: 0.036
I 06.07/22:32:29 solver.py:159 ] Epoch: [179/200][160/282] lr: 6.56e-05 | MSE loss: 4.0303e-03 | time: 0.036
I 06.07/22:32:30 solver.py:159 ] Epoch: [179/200][180/282] lr: 6.55e-05 | MSE loss: 4.1387e-03 | time: 0.035
I 06.07/22:32:31 solver.py:159 ] Epoch: [179/200][200/282] lr: 6.54e-05 | MSE loss: 4.1015e-03 | time: 0.036
I 06.07/22:32:31 solver.py:159 ] Epoch: [179/200][220/282] lr: 6.53e-05 | MSE loss: 4.1000e-03 | time: 0.035
I 06.07/22:32:32 solver.py:159 ] Epoch: [179/200][240/282] lr: 6.52e-05 | MSE loss: 4.0379e-03 | time: 0.035
I 06.07/22:32:32 solver.py:159 ] Epoch: [179/200][260/282] lr: 6.51e-05 | MSE loss: 4.0528e-03 | time: 0.035
I 06.07/22:32:33 solver.py:159 ] Epoch: [179/200][280/282] lr: 6.50e-05 | MSE loss: 4.0679e-03 | time: 0.035
I 06.07/22:32:33 solver.py:169 ] => Train  Loss: 4.0672e-03

I 06.07/22:32:34 solver.py:405 ] [20/32] loss: 5.3117e-03 | NMSE: -1.9380e+01 | time: 0.029
I 06.07/22:32:34 solver.py:413 ] => Test NMSE: -2.0192e+01

I 06.07/22:32:34 solver.py:345 ] => LoRA monitor [epoch=179] | trainable=67584/67584 | non_lora_trainable=0 | lora_l2=1.543785e+01 | lora_A_l2=1.319106e+01 | lora_B_l2=8.020182e+00 | component_l2=decoder:1.543785e+01 | lora_abs_max=1.238909e+00 | delta_l2=1.547016e+01 | delta_rel=4.714085e+00 | train_loss=4.067205e-03 | test_loss=4.784016e-03 | nmse=-2.019177e+01
I 06.07/22:32:34 solver.py:224 ] 
=! Best NMSE: -2.0198e+01 (epoch=177)

I 06.07/22:32:35 solver.py:159 ] Epoch: [180/200][20/282] lr: 6.48e-05 | MSE loss: 4.3707e-03 | time: 0.035
I 06.07/22:32:35 solver.py:159 ] Epoch: [180/200][40/282] lr: 6.47e-05 | MSE loss: 3.9034e-03 | time: 0.034
I 06.07/22:32:36 solver.py:159 ] Epoch: [180/200][60/282] lr: 6.46e-05 | MSE loss: 4.0959e-03 | time: 0.036
I 06.07/22:32:37 solver.py:159 ] Epoch: [180/200][80/282] lr: 6.45e-05 | MSE loss: 4.1768e-03 | time: 0.036
I 06.07/22:32:38 solver.py:159 ] Epoch: [180/200][100/282] lr: 6.44e-05 | MSE loss: 4.1208e-03 | time: 0.036
I 06.07/22:32:38 solver.py:159 ] Epoch: [180/200][120/282] lr: 6.44e-05 | MSE loss: 4.1016e-03 | time: 0.036
I 06.07/22:32:39 solver.py:159 ] Epoch: [180/200][140/282] lr: 6.43e-05 | MSE loss: 4.2206e-03 | time: 0.035
I 06.07/22:32:40 solver.py:159 ] Epoch: [180/200][160/282] lr: 6.42e-05 | MSE loss: 4.1041e-03 | time: 0.035
I 06.07/22:32:41 solver.py:159 ] Epoch: [180/200][180/282] lr: 6.41e-05 | MSE loss: 4.1658e-03 | time: 0.036
I 06.07/22:32:41 solver.py:159 ] Epoch: [180/200][200/282] lr: 6.40e-05 | MSE loss: 4.2362e-03 | time: 0.035
I 06.07/22:32:42 solver.py:159 ] Epoch: [180/200][220/282] lr: 6.39e-05 | MSE loss: 4.2350e-03 | time: 0.036
I 06.07/22:32:43 solver.py:159 ] Epoch: [180/200][240/282] lr: 6.38e-05 | MSE loss: 4.1168e-03 | time: 0.035
I 06.07/22:32:43 solver.py:159 ] Epoch: [180/200][260/282] lr: 6.37e-05 | MSE loss: 4.1358e-03 | time: 0.035
I 06.07/22:32:44 solver.py:159 ] Epoch: [180/200][280/282] lr: 6.36e-05 | MSE loss: 4.0734e-03 | time: 0.035
I 06.07/22:32:44 solver.py:169 ] => Train  Loss: 4.0903e-03

I 06.07/22:32:45 solver.py:159 ] Epoch: [180/200][20/32] lr: 6.36e-05 | MSE loss: 5.3798e-03 | time: 0.035
I 06.07/22:32:45 solver.py:169 ] => Val  Loss: 4.7688e-03

I 06.07/22:32:46 solver.py:405 ] [20/32] loss: 5.3798e-03 | NMSE: -1.9326e+01 | time: 0.029
I 06.07/22:32:46 solver.py:413 ] => Test NMSE: -2.0143e+01

I 06.07/22:32:46 solver.py:345 ] => LoRA monitor [epoch=180] | trainable=67584/67584 | non_lora_trainable=0 | lora_l2=1.544271e+01 | lora_A_l2=1.319483e+01 | lora_B_l2=8.023320e+00 | component_l2=decoder:1.544271e+01 | lora_abs_max=1.238853e+00 | delta_l2=1.547499e+01 | delta_rel=4.715557e+00 | train_loss=4.090279e-03 | val_loss=4.768764e-03 | test_loss=4.838138e-03 | nmse=-2.014292e+01
I 06.07/22:32:46 solver.py:224 ] 
=! Best NMSE: -2.0198e+01 (epoch=177)

I 06.07/22:32:47 solver.py:159 ] Epoch: [181/200][20/282] lr: 6.35e-05 | MSE loss: 4.0374e-03 | time: 0.037
I 06.07/22:32:47 solver.py:159 ] Epoch: [181/200][40/282] lr: 6.34e-05 | MSE loss: 4.0745e-03 | time: 0.036
I 06.07/22:32:48 solver.py:159 ] Epoch: [181/200][60/282] lr: 6.33e-05 | MSE loss: 4.7382e-03 | time: 0.035
I 06.07/22:32:49 solver.py:159 ] Epoch: [181/200][80/282] lr: 6.32e-05 | MSE loss: 4.4861e-03 | time: 0.035
I 06.07/22:32:50 solver.py:159 ] Epoch: [181/200][100/282] lr: 6.31e-05 | MSE loss: 4.6012e-03 | time: 0.036
I 06.07/22:32:50 solver.py:159 ] Epoch: [181/200][120/282] lr: 6.30e-05 | MSE loss: 4.6245e-03 | time: 0.035
I 06.07/22:32:51 solver.py:159 ] Epoch: [181/200][140/282] lr: 6.29e-05 | MSE loss: 4.5321e-03 | time: 0.035
I 06.07/22:32:52 solver.py:159 ] Epoch: [181/200][160/282] lr: 6.28e-05 | MSE loss: 4.5469e-03 | time: 0.035
I 06.07/22:32:52 solver.py:159 ] Epoch: [181/200][180/282] lr: 6.27e-05 | MSE loss: 4.4428e-03 | time: 0.035
I 06.07/22:32:53 solver.py:159 ] Epoch: [181/200][200/282] lr: 6.26e-05 | MSE loss: 4.3842e-03 | time: 0.035
I 06.07/22:32:54 solver.py:159 ] Epoch: [181/200][220/282] lr: 6.25e-05 | MSE loss: 4.3144e-03 | time: 0.035
I 06.07/22:32:54 solver.py:159 ] Epoch: [181/200][240/282] lr: 6.24e-05 | MSE loss: 4.1958e-03 | time: 0.035
I 06.07/22:32:55 solver.py:159 ] Epoch: [181/200][260/282] lr: 6.24e-05 | MSE loss: 4.1243e-03 | time: 0.035
I 06.07/22:32:56 solver.py:159 ] Epoch: [181/200][280/282] lr: 6.23e-05 | MSE loss: 4.0815e-03 | time: 0.035
I 06.07/22:32:56 solver.py:169 ] => Train  Loss: 4.0784e-03

I 06.07/22:32:56 solver.py:405 ] [20/32] loss: 5.2957e-03 | NMSE: -1.9395e+01 | time: 0.029
I 06.07/22:32:57 solver.py:413 ] => Test NMSE: -2.0202e+01

I 06.07/22:32:57 solver.py:345 ] => LoRA monitor [epoch=181] | trainable=67584/67584 | non_lora_trainable=0 | lora_l2=1.544454e+01 | lora_A_l2=1.319636e+01 | lora_B_l2=8.024329e+00 | component_l2=decoder:1.544454e+01 | lora_abs_max=1.238758e+00 | delta_l2=1.547691e+01 | delta_rel=4.716142e+00 | train_loss=4.078375e-03 | test_loss=4.772521e-03 | nmse=-2.020222e+01
I 06.07/22:32:57 solver.py:224 ] 
=! Best NMSE: -2.0202e+01 (epoch=181)

I 06.07/22:32:58 solver.py:159 ] Epoch: [182/200][20/282] lr: 6.22e-05 | MSE loss: 4.5012e-03 | time: 0.037
I 06.07/22:32:58 solver.py:159 ] Epoch: [182/200][40/282] lr: 6.21e-05 | MSE loss: 3.9652e-03 | time: 0.036
I 06.07/22:32:59 solver.py:159 ] Epoch: [182/200][60/282] lr: 6.20e-05 | MSE loss: 3.8564e-03 | time: 0.036
I 06.07/22:33:00 solver.py:159 ] Epoch: [182/200][80/282] lr: 6.19e-05 | MSE loss: 4.2701e-03 | time: 0.037
I 06.07/22:33:01 solver.py:159 ] Epoch: [182/200][100/282] lr: 6.18e-05 | MSE loss: 4.1796e-03 | time: 0.043
I 06.07/22:33:03 solver.py:159 ] Epoch: [182/200][120/282] lr: 6.17e-05 | MSE loss: 4.1037e-03 | time: 0.053
I 06.07/22:33:05 solver.py:159 ] Epoch: [182/200][140/282] lr: 6.16e-05 | MSE loss: 4.0528e-03 | time: 0.056
I 06.07/22:33:06 solver.py:159 ] Epoch: [182/200][160/282] lr: 6.15e-05 | MSE loss: 4.1190e-03 | time: 0.054
I 06.07/22:33:06 solver.py:159 ] Epoch: [182/200][180/282] lr: 6.15e-05 | MSE loss: 4.1454e-03 | time: 0.051
I 06.07/22:33:07 solver.py:159 ] Epoch: [182/200][200/282] lr: 6.14e-05 | MSE loss: 4.0619e-03 | time: 0.050
I 06.07/22:33:08 solver.py:159 ] Epoch: [182/200][220/282] lr: 6.13e-05 | MSE loss: 4.0815e-03 | time: 0.048
I 06.07/22:33:08 solver.py:159 ] Epoch: [182/200][240/282] lr: 6.12e-05 | MSE loss: 4.1851e-03 | time: 0.048
I 06.07/22:33:09 solver.py:159 ] Epoch: [182/200][260/282] lr: 6.11e-05 | MSE loss: 4.1061e-03 | time: 0.046
I 06.07/22:33:10 solver.py:159 ] Epoch: [182/200][280/282] lr: 6.10e-05 | MSE loss: 4.0752e-03 | time: 0.046
I 06.07/22:33:10 solver.py:169 ] => Train  Loss: 4.0560e-03

I 06.07/22:33:10 solver.py:405 ] [20/32] loss: 5.3287e-03 | NMSE: -1.9357e+01 | time: 0.029
I 06.07/22:33:11 solver.py:413 ] => Test NMSE: -2.0176e+01

I 06.07/22:33:11 solver.py:345 ] => LoRA monitor [epoch=182] | trainable=67584/67584 | non_lora_trainable=0 | lora_l2=1.544688e+01 | lora_A_l2=1.319815e+01 | lora_B_l2=8.025885e+00 | component_l2=decoder:1.544688e+01 | lora_abs_max=1.238997e+00 | delta_l2=1.547933e+01 | delta_rel=4.716879e+00 | train_loss=4.056036e-03 | test_loss=4.801753e-03 | nmse=-2.017570e+01
I 06.07/22:33:11 solver.py:224 ] 
=! Best NMSE: -2.0202e+01 (epoch=181)

I 06.07/22:33:11 solver.py:159 ] Epoch: [183/200][20/282] lr: 6.09e-05 | MSE loss: 4.4202e-03 | time: 0.034
I 06.07/22:33:12 solver.py:159 ] Epoch: [183/200][40/282] lr: 6.08e-05 | MSE loss: 3.9437e-03 | time: 0.034
I 06.07/22:33:13 solver.py:159 ] Epoch: [183/200][60/282] lr: 6.08e-05 | MSE loss: 4.3375e-03 | time: 0.034
I 06.07/22:33:14 solver.py:159 ] Epoch: [183/200][80/282] lr: 6.07e-05 | MSE loss: 4.0569e-03 | time: 0.035
I 06.07/22:33:14 solver.py:159 ] Epoch: [183/200][100/282] lr: 6.06e-05 | MSE loss: 3.8822e-03 | time: 0.035
I 06.07/22:33:15 solver.py:159 ] Epoch: [183/200][120/282] lr: 6.05e-05 | MSE loss: 3.8864e-03 | time: 0.035
I 06.07/22:33:16 solver.py:159 ] Epoch: [183/200][140/282] lr: 6.04e-05 | MSE loss: 3.9325e-03 | time: 0.035
I 06.07/22:33:16 solver.py:159 ] Epoch: [183/200][160/282] lr: 6.03e-05 | MSE loss: 3.9324e-03 | time: 0.035
I 06.07/22:33:17 solver.py:159 ] Epoch: [183/200][180/282] lr: 6.03e-05 | MSE loss: 3.9622e-03 | time: 0.035
I 06.07/22:33:18 solver.py:159 ] Epoch: [183/200][200/282] lr: 6.02e-05 | MSE loss: 3.9627e-03 | time: 0.035
I 06.07/22:33:18 solver.py:159 ] Epoch: [183/200][220/282] lr: 6.01e-05 | MSE loss: 3.9866e-03 | time: 0.035
I 06.07/22:33:19 solver.py:159 ] Epoch: [183/200][240/282] lr: 6.00e-05 | MSE loss: 3.9841e-03 | time: 0.035
I 06.07/22:33:20 solver.py:159 ] Epoch: [183/200][260/282] lr: 5.99e-05 | MSE loss: 4.0340e-03 | time: 0.035
I 06.07/22:33:21 solver.py:159 ] Epoch: [183/200][280/282] lr: 5.98e-05 | MSE loss: 4.0602e-03 | time: 0.035
I 06.07/22:33:21 solver.py:169 ] => Train  Loss: 4.0568e-03

I 06.07/22:33:21 solver.py:405 ] [20/32] loss: 5.3146e-03 | NMSE: -1.9378e+01 | time: 0.033
I 06.07/22:33:22 solver.py:413 ] => Test NMSE: -2.0191e+01

I 06.07/22:33:22 solver.py:345 ] => LoRA monitor [epoch=183] | trainable=67584/67584 | non_lora_trainable=0 | lora_l2=1.545064e+01 | lora_A_l2=1.320115e+01 | lora_B_l2=8.028204e+00 | component_l2=decoder:1.545064e+01 | lora_abs_max=1.239309e+00 | delta_l2=1.548319e+01 | delta_rel=4.718056e+00 | train_loss=4.056766e-03 | test_loss=4.784776e-03 | nmse=-2.019109e+01
I 06.07/22:33:22 solver.py:224 ] 
=! Best NMSE: -2.0202e+01 (epoch=181)

I 06.07/22:33:22 solver.py:159 ] Epoch: [184/200][20/282] lr: 5.98e-05 | MSE loss: 3.5301e-03 | time: 0.036
I 06.07/22:33:23 solver.py:159 ] Epoch: [184/200][40/282] lr: 5.97e-05 | MSE loss: 3.5780e-03 | time: 0.035
I 06.07/22:33:24 solver.py:159 ] Epoch: [184/200][60/282] lr: 5.96e-05 | MSE loss: 3.9337e-03 | time: 0.036
I 06.07/22:33:24 solver.py:159 ] Epoch: [184/200][80/282] lr: 5.95e-05 | MSE loss: 3.9510e-03 | time: 0.035
I 06.07/22:33:25 solver.py:159 ] Epoch: [184/200][100/282] lr: 5.94e-05 | MSE loss: 3.9485e-03 | time: 0.036
I 06.07/22:33:26 solver.py:159 ] Epoch: [184/200][120/282] lr: 5.93e-05 | MSE loss: 3.9332e-03 | time: 0.036
I 06.07/22:33:27 solver.py:159 ] Epoch: [184/200][140/282] lr: 5.93e-05 | MSE loss: 3.9758e-03 | time: 0.036
I 06.07/22:33:27 solver.py:159 ] Epoch: [184/200][160/282] lr: 5.92e-05 | MSE loss: 4.0745e-03 | time: 0.035
I 06.07/22:33:28 solver.py:159 ] Epoch: [184/200][180/282] lr: 5.91e-05 | MSE loss: 4.0479e-03 | time: 0.035
I 06.07/22:33:29 solver.py:159 ] Epoch: [184/200][200/282] lr: 5.90e-05 | MSE loss: 4.0155e-03 | time: 0.035
I 06.07/22:33:29 solver.py:159 ] Epoch: [184/200][220/282] lr: 5.90e-05 | MSE loss: 4.0132e-03 | time: 0.035
I 06.07/22:33:30 solver.py:159 ] Epoch: [184/200][240/282] lr: 5.89e-05 | MSE loss: 4.0740e-03 | time: 0.035
I 06.07/22:33:31 solver.py:159 ] Epoch: [184/200][260/282] lr: 5.88e-05 | MSE loss: 4.1049e-03 | time: 0.035
I 06.07/22:33:31 solver.py:159 ] Epoch: [184/200][280/282] lr: 5.87e-05 | MSE loss: 4.0668e-03 | time: 0.035
I 06.07/22:33:31 solver.py:169 ] => Train  Loss: 4.0594e-03

I 06.07/22:33:32 solver.py:405 ] [20/32] loss: 5.3177e-03 | NMSE: -1.9378e+01 | time: 0.035
I 06.07/22:33:33 solver.py:413 ] => Test NMSE: -2.0186e+01

I 06.07/22:33:33 solver.py:345 ] => LoRA monitor [epoch=184] | trainable=67584/67584 | non_lora_trainable=0 | lora_l2=1.545307e+01 | lora_A_l2=1.320281e+01 | lora_B_l2=8.030133e+00 | component_l2=decoder:1.545307e+01 | lora_abs_max=1.239536e+00 | delta_l2=1.548557e+01 | delta_rel=4.718781e+00 | train_loss=4.059391e-03 | test_loss=4.790095e-03 | nmse=-2.018626e+01
I 06.07/22:33:33 solver.py:224 ] 
=! Best NMSE: -2.0202e+01 (epoch=181)

I 06.07/22:33:33 solver.py:159 ] Epoch: [185/200][20/282] lr: 5.86e-05 | MSE loss: 3.2789e-03 | time: 0.036
I 06.07/22:33:34 solver.py:159 ] Epoch: [185/200][40/282] lr: 5.86e-05 | MSE loss: 3.8117e-03 | time: 0.037
I 06.07/22:33:35 solver.py:159 ] Epoch: [185/200][60/282] lr: 5.85e-05 | MSE loss: 4.1258e-03 | time: 0.037
I 06.07/22:33:35 solver.py:159 ] Epoch: [185/200][80/282] lr: 5.84e-05 | MSE loss: 3.9815e-03 | time: 0.036
I 06.07/22:33:36 solver.py:159 ] Epoch: [185/200][100/282] lr: 5.83e-05 | MSE loss: 3.7814e-03 | time: 0.036
I 06.07/22:33:37 solver.py:159 ] Epoch: [185/200][120/282] lr: 5.83e-05 | MSE loss: 3.7509e-03 | time: 0.036
I 06.07/22:33:37 solver.py:159 ] Epoch: [185/200][140/282] lr: 5.82e-05 | MSE loss: 3.7855e-03 | time: 0.035
I 06.07/22:33:38 solver.py:159 ] Epoch: [185/200][160/282] lr: 5.81e-05 | MSE loss: 3.8064e-03 | time: 0.035
I 06.07/22:33:39 solver.py:159 ] Epoch: [185/200][180/282] lr: 5.80e-05 | MSE loss: 3.8461e-03 | time: 0.035
I 06.07/22:33:39 solver.py:159 ] Epoch: [185/200][200/282] lr: 5.80e-05 | MSE loss: 3.8641e-03 | time: 0.035
I 06.07/22:33:40 solver.py:159 ] Epoch: [185/200][220/282] lr: 5.79e-05 | MSE loss: 3.8781e-03 | time: 0.034
I 06.07/22:33:41 solver.py:159 ] Epoch: [185/200][240/282] lr: 5.78e-05 | MSE loss: 4.0035e-03 | time: 0.035
I 06.07/22:33:42 solver.py:159 ] Epoch: [185/200][260/282] lr: 5.77e-05 | MSE loss: 4.0070e-03 | time: 0.035
I 06.07/22:33:42 solver.py:159 ] Epoch: [185/200][280/282] lr: 5.77e-05 | MSE loss: 4.0618e-03 | time: 0.035
I 06.07/22:33:42 solver.py:169 ] => Train  Loss: 4.0889e-03

I 06.07/22:33:43 solver.py:405 ] [20/32] loss: 5.3030e-03 | NMSE: -1.9377e+01 | time: 0.030
I 06.07/22:33:43 solver.py:413 ] => Test NMSE: -2.0199e+01

I 06.07/22:33:43 solver.py:345 ] => LoRA monitor [epoch=185] | trainable=67584/67584 | non_lora_trainable=0 | lora_l2=1.545579e+01 | lora_A_l2=1.320497e+01 | lora_B_l2=8.031824e+00 | component_l2=decoder:1.545579e+01 | lora_abs_max=1.239781e+00 | delta_l2=1.548841e+01 | delta_rel=4.719645e+00 | train_loss=4.088918e-03 | test_loss=4.776302e-03 | nmse=-2.019878e+01
I 06.07/22:33:43 solver.py:224 ] 
=! Best NMSE: -2.0202e+01 (epoch=181)

I 06.07/22:33:44 solver.py:159 ] Epoch: [186/200][20/282] lr: 5.76e-05 | MSE loss: 3.6228e-03 | time: 0.036
I 06.07/22:33:45 solver.py:159 ] Epoch: [186/200][40/282] lr: 5.75e-05 | MSE loss: 3.8421e-03 | time: 0.036
I 06.07/22:33:45 solver.py:159 ] Epoch: [186/200][60/282] lr: 5.75e-05 | MSE loss: 4.1418e-03 | time: 0.035
I 06.07/22:33:46 solver.py:159 ] Epoch: [186/200][80/282] lr: 5.74e-05 | MSE loss: 4.1264e-03 | time: 0.035
I 06.07/22:33:47 solver.py:159 ] Epoch: [186/200][100/282] lr: 5.73e-05 | MSE loss: 4.1629e-03 | time: 0.035
I 06.07/22:33:48 solver.py:159 ] Epoch: [186/200][120/282] lr: 5.72e-05 | MSE loss: 3.9802e-03 | time: 0.035
I 06.07/22:33:48 solver.py:159 ] Epoch: [186/200][140/282] lr: 5.72e-05 | MSE loss: 4.0107e-03 | time: 0.035
I 06.07/22:33:49 solver.py:159 ] Epoch: [186/200][160/282] lr: 5.71e-05 | MSE loss: 4.0041e-03 | time: 0.035
I 06.07/22:33:50 solver.py:159 ] Epoch: [186/200][180/282] lr: 5.70e-05 | MSE loss: 4.0398e-03 | time: 0.035
I 06.07/22:33:50 solver.py:159 ] Epoch: [186/200][200/282] lr: 5.70e-05 | MSE loss: 4.1126e-03 | time: 0.035
I 06.07/22:33:51 solver.py:159 ] Epoch: [186/200][220/282] lr: 5.69e-05 | MSE loss: 4.0743e-03 | time: 0.035
I 06.07/22:33:52 solver.py:159 ] Epoch: [186/200][240/282] lr: 5.68e-05 | MSE loss: 4.0055e-03 | time: 0.034
I 06.07/22:33:52 solver.py:159 ] Epoch: [186/200][260/282] lr: 5.68e-05 | MSE loss: 4.0619e-03 | time: 0.034
I 06.07/22:33:53 solver.py:159 ] Epoch: [186/200][280/282] lr: 5.67e-05 | MSE loss: 4.0547e-03 | time: 0.035
I 06.07/22:33:53 solver.py:169 ] => Train  Loss: 4.0553e-03

I 06.07/22:33:54 solver.py:405 ] [20/32] loss: 5.3108e-03 | NMSE: -1.9362e+01 | time: 0.031
I 06.07/22:33:54 solver.py:413 ] => Test NMSE: -2.0193e+01

I 06.07/22:33:54 solver.py:345 ] => LoRA monitor [epoch=186] | trainable=67584/67584 | non_lora_trainable=0 | lora_l2=1.545856e+01 | lora_A_l2=1.320698e+01 | lora_B_l2=8.033843e+00 | component_l2=decoder:1.545856e+01 | lora_abs_max=1.239932e+00 | delta_l2=1.549125e+01 | delta_rel=4.720512e+00 | train_loss=4.055300e-03 | test_loss=4.782381e-03 | nmse=-2.019326e+01
I 06.07/22:33:54 solver.py:224 ] 
=! Best NMSE: -2.0202e+01 (epoch=181)

I 06.07/22:33:55 solver.py:159 ] Epoch: [187/200][20/282] lr: 5.66e-05 | MSE loss: 4.5773e-03 | time: 0.038
I 06.07/22:33:55 solver.py:159 ] Epoch: [187/200][40/282] lr: 5.65e-05 | MSE loss: 4.2417e-03 | time: 0.036
I 06.07/22:33:56 solver.py:159 ] Epoch: [187/200][60/282] lr: 5.65e-05 | MSE loss: 3.8521e-03 | time: 0.036
I 06.07/22:33:57 solver.py:159 ] Epoch: [187/200][80/282] lr: 5.64e-05 | MSE loss: 3.7645e-03 | time: 0.035
I 06.07/22:33:58 solver.py:159 ] Epoch: [187/200][100/282] lr: 5.64e-05 | MSE loss: 3.7921e-03 | time: 0.036
I 06.07/22:33:58 solver.py:159 ] Epoch: [187/200][120/282] lr: 5.63e-05 | MSE loss: 3.8931e-03 | time: 0.035
I 06.07/22:33:59 solver.py:159 ] Epoch: [187/200][140/282] lr: 5.62e-05 | MSE loss: 3.9117e-03 | time: 0.036
I 06.07/22:34:00 solver.py:159 ] Epoch: [187/200][160/282] lr: 5.62e-05 | MSE loss: 3.9005e-03 | time: 0.036
I 06.07/22:34:01 solver.py:159 ] Epoch: [187/200][180/282] lr: 5.61e-05 | MSE loss: 3.8538e-03 | time: 0.036
I 06.07/22:34:02 solver.py:159 ] Epoch: [187/200][200/282] lr: 5.60e-05 | MSE loss: 3.8564e-03 | time: 0.042
I 06.07/22:34:04 solver.py:159 ] Epoch: [187/200][220/282] lr: 5.60e-05 | MSE loss: 3.9062e-03 | time: 0.046
I 06.07/22:34:05 solver.py:159 ] Epoch: [187/200][240/282] lr: 5.59e-05 | MSE loss: 3.9553e-03 | time: 0.046
I 06.07/22:34:06 solver.py:159 ] Epoch: [187/200][260/282] lr: 5.58e-05 | MSE loss: 3.9675e-03 | time: 0.045
I 06.07/22:34:06 solver.py:159 ] Epoch: [187/200][280/282] lr: 5.58e-05 | MSE loss: 4.0498e-03 | time: 0.044
I 06.07/22:34:06 solver.py:169 ] => Train  Loss: 4.0841e-03

I 06.07/22:34:07 solver.py:405 ] [20/32] loss: 5.3090e-03 | NMSE: -1.9372e+01 | time: 0.032
I 06.07/22:34:07 solver.py:413 ] => Test NMSE: -2.0192e+01

I 06.07/22:34:07 solver.py:345 ] => LoRA monitor [epoch=187] | trainable=67584/67584 | non_lora_trainable=0 | lora_l2=1.546165e+01 | lora_A_l2=1.320920e+01 | lora_B_l2=8.036147e+00 | component_l2=decoder:1.546165e+01 | lora_abs_max=1.240136e+00 | delta_l2=1.549440e+01 | delta_rel=4.721470e+00 | train_loss=4.084102e-03 | test_loss=4.783938e-03 | nmse=-2.019184e+01
I 06.07/22:34:07 solver.py:224 ] 
=! Best NMSE: -2.0202e+01 (epoch=181)

I 06.07/22:34:08 solver.py:159 ] Epoch: [188/200][20/282] lr: 5.57e-05 | MSE loss: 4.0250e-03 | time: 0.038
I 06.07/22:34:09 solver.py:159 ] Epoch: [188/200][40/282] lr: 5.56e-05 | MSE loss: 3.9060e-03 | time: 0.038
I 06.07/22:34:10 solver.py:159 ] Epoch: [188/200][60/282] lr: 5.56e-05 | MSE loss: 4.1484e-03 | time: 0.037
I 06.07/22:34:10 solver.py:159 ] Epoch: [188/200][80/282] lr: 5.55e-05 | MSE loss: 4.4031e-03 | time: 0.037
I 06.07/22:34:11 solver.py:159 ] Epoch: [188/200][100/282] lr: 5.55e-05 | MSE loss: 4.2304e-03 | time: 0.037
I 06.07/22:34:12 solver.py:159 ] Epoch: [188/200][120/282] lr: 5.54e-05 | MSE loss: 4.1233e-03 | time: 0.037
I 06.07/22:34:12 solver.py:159 ] Epoch: [188/200][140/282] lr: 5.53e-05 | MSE loss: 4.1946e-03 | time: 0.036
I 06.07/22:34:13 solver.py:159 ] Epoch: [188/200][160/282] lr: 5.53e-05 | MSE loss: 4.1901e-03 | time: 0.036
I 06.07/22:34:14 solver.py:159 ] Epoch: [188/200][180/282] lr: 5.52e-05 | MSE loss: 4.1849e-03 | time: 0.036
I 06.07/22:34:15 solver.py:159 ] Epoch: [188/200][200/282] lr: 5.52e-05 | MSE loss: 4.0357e-03 | time: 0.036
I 06.07/22:34:15 solver.py:159 ] Epoch: [188/200][220/282] lr: 5.51e-05 | MSE loss: 4.1077e-03 | time: 0.037
I 06.07/22:34:16 solver.py:159 ] Epoch: [188/200][240/282] lr: 5.50e-05 | MSE loss: 4.1825e-03 | time: 0.036
I 06.07/22:34:17 solver.py:159 ] Epoch: [188/200][260/282] lr: 5.50e-05 | MSE loss: 4.1024e-03 | time: 0.036
I 06.07/22:34:17 solver.py:159 ] Epoch: [188/200][280/282] lr: 5.49e-05 | MSE loss: 4.0563e-03 | time: 0.036
I 06.07/22:34:17 solver.py:169 ] => Train  Loss: 4.0750e-03

I 06.07/22:34:18 solver.py:405 ] [20/32] loss: 5.2986e-03 | NMSE: -1.9394e+01 | time: 0.027
I 06.07/22:34:18 solver.py:413 ] => Test NMSE: -2.0201e+01

I 06.07/22:34:18 solver.py:345 ] => LoRA monitor [epoch=188] | trainable=67584/67584 | non_lora_trainable=0 | lora_l2=1.546349e+01 | lora_A_l2=1.321077e+01 | lora_B_l2=8.037094e+00 | component_l2=decoder:1.546349e+01 | lora_abs_max=1.240195e+00 | delta_l2=1.549635e+01 | delta_rel=4.722065e+00 | train_loss=4.074996e-03 | test_loss=4.774096e-03 | nmse=-2.020079e+01
I 06.07/22:34:18 solver.py:224 ] 
=! Best NMSE: -2.0202e+01 (epoch=181)

I 06.07/22:34:19 solver.py:159 ] Epoch: [189/200][20/282] lr: 5.49e-05 | MSE loss: 3.5360e-03 | time: 0.038
I 06.07/22:34:20 solver.py:159 ] Epoch: [189/200][40/282] lr: 5.48e-05 | MSE loss: 4.1646e-03 | time: 0.037
I 06.07/22:34:21 solver.py:159 ] Epoch: [189/200][60/282] lr: 5.47e-05 | MSE loss: 4.1103e-03 | time: 0.037
I 06.07/22:34:21 solver.py:159 ] Epoch: [189/200][80/282] lr: 5.47e-05 | MSE loss: 4.4128e-03 | time: 0.036
I 06.07/22:34:22 solver.py:159 ] Epoch: [189/200][100/282] lr: 5.46e-05 | MSE loss: 4.3040e-03 | time: 0.036
I 06.07/22:34:23 solver.py:159 ] Epoch: [189/200][120/282] lr: 5.46e-05 | MSE loss: 4.2535e-03 | time: 0.036
I 06.07/22:34:23 solver.py:159 ] Epoch: [189/200][140/282] lr: 5.45e-05 | MSE loss: 4.1640e-03 | time: 0.036
I 06.07/22:34:24 solver.py:159 ] Epoch: [189/200][160/282] lr: 5.45e-05 | MSE loss: 4.1065e-03 | time: 0.036
I 06.07/22:34:25 solver.py:159 ] Epoch: [189/200][180/282] lr: 5.44e-05 | MSE loss: 4.1043e-03 | time: 0.036
I 06.07/22:34:25 solver.py:159 ] Epoch: [189/200][200/282] lr: 5.44e-05 | MSE loss: 4.1127e-03 | time: 0.035
I 06.07/22:34:26 solver.py:159 ] Epoch: [189/200][220/282] lr: 5.43e-05 | MSE loss: 4.0907e-03 | time: 0.035
I 06.07/22:34:27 solver.py:159 ] Epoch: [189/200][240/282] lr: 5.42e-05 | MSE loss: 4.0546e-03 | time: 0.035
I 06.07/22:34:28 solver.py:159 ] Epoch: [189/200][260/282] lr: 5.42e-05 | MSE loss: 3.9836e-03 | time: 0.035
I 06.07/22:34:28 solver.py:159 ] Epoch: [189/200][280/282] lr: 5.41e-05 | MSE loss: 4.0602e-03 | time: 0.035
I 06.07/22:34:28 solver.py:169 ] => Train  Loss: 4.0753e-03

I 06.07/22:34:29 solver.py:405 ] [20/32] loss: 5.3011e-03 | NMSE: -1.9390e+01 | time: 0.032
I 06.07/22:34:29 solver.py:413 ] => Test NMSE: -2.0200e+01

I 06.07/22:34:29 solver.py:345 ] => LoRA monitor [epoch=189] | trainable=67584/67584 | non_lora_trainable=0 | lora_l2=1.546597e+01 | lora_A_l2=1.321253e+01 | lora_B_l2=8.038985e+00 | component_l2=decoder:1.546597e+01 | lora_abs_max=1.240685e+00 | delta_l2=1.549887e+01 | delta_rel=4.722834e+00 | train_loss=4.075297e-03 | test_loss=4.775358e-03 | nmse=-2.019964e+01
I 06.07/22:34:29 solver.py:224 ] 
=! Best NMSE: -2.0202e+01 (epoch=181)

I 06.07/22:34:30 solver.py:159 ] Epoch: [190/200][20/282] lr: 5.41e-05 | MSE loss: 4.3160e-03 | time: 0.035
I 06.07/22:34:31 solver.py:159 ] Epoch: [190/200][40/282] lr: 5.40e-05 | MSE loss: 4.0941e-03 | time: 0.036
I 06.07/22:34:31 solver.py:159 ] Epoch: [190/200][60/282] lr: 5.40e-05 | MSE loss: 3.9082e-03 | time: 0.035
I 06.07/22:34:32 solver.py:159 ] Epoch: [190/200][80/282] lr: 5.39e-05 | MSE loss: 3.7443e-03 | time: 0.035
I 06.07/22:34:33 solver.py:159 ] Epoch: [190/200][100/282] lr: 5.39e-05 | MSE loss: 3.7571e-03 | time: 0.034
I 06.07/22:34:33 solver.py:159 ] Epoch: [190/200][120/282] lr: 5.38e-05 | MSE loss: 3.8222e-03 | time: 0.035
I 06.07/22:34:34 solver.py:159 ] Epoch: [190/200][140/282] lr: 5.38e-05 | MSE loss: 3.9197e-03 | time: 0.034
I 06.07/22:34:35 solver.py:159 ] Epoch: [190/200][160/282] lr: 5.37e-05 | MSE loss: 3.9550e-03 | time: 0.034
I 06.07/22:34:35 solver.py:159 ] Epoch: [190/200][180/282] lr: 5.37e-05 | MSE loss: 3.9899e-03 | time: 0.034
I 06.07/22:34:36 solver.py:159 ] Epoch: [190/200][200/282] lr: 5.36e-05 | MSE loss: 3.9830e-03 | time: 0.034
I 06.07/22:34:37 solver.py:159 ] Epoch: [190/200][220/282] lr: 5.36e-05 | MSE loss: 3.9376e-03 | time: 0.034
I 06.07/22:34:38 solver.py:159 ] Epoch: [190/200][240/282] lr: 5.35e-05 | MSE loss: 3.9284e-03 | time: 0.035
I 06.07/22:34:38 solver.py:159 ] Epoch: [190/200][260/282] lr: 5.35e-05 | MSE loss: 3.9553e-03 | time: 0.035
I 06.07/22:34:39 solver.py:159 ] Epoch: [190/200][280/282] lr: 5.34e-05 | MSE loss: 4.0705e-03 | time: 0.035
I 06.07/22:34:39 solver.py:169 ] => Train  Loss: 4.0492e-03

I 06.07/22:34:40 solver.py:159 ] Epoch: [190/200][20/32] lr: 5.34e-05 | MSE loss: 5.3026e-03 | time: 0.028
I 06.07/22:34:40 solver.py:169 ] => Val  Loss: 4.7070e-03

I 06.07/22:34:41 solver.py:405 ] [20/32] loss: 5.3026e-03 | NMSE: -1.9388e+01 | time: 0.031
I 06.07/22:34:41 solver.py:413 ] => Test NMSE: -2.0200e+01

I 06.07/22:34:41 solver.py:345 ] => LoRA monitor [epoch=190] | trainable=67584/67584 | non_lora_trainable=0 | lora_l2=1.546869e+01 | lora_A_l2=1.321478e+01 | lora_B_l2=8.040522e+00 | component_l2=decoder:1.546869e+01 | lora_abs_max=1.240994e+00 | delta_l2=1.550164e+01 | delta_rel=4.723678e+00 | train_loss=4.049217e-03 | val_loss=4.706996e-03 | test_loss=4.775238e-03 | nmse=-2.019975e+01
I 06.07/22:34:41 solver.py:224 ] 
=! Best NMSE: -2.0202e+01 (epoch=181)

I 06.07/22:34:42 solver.py:159 ] Epoch: [191/200][20/282] lr: 5.34e-05 | MSE loss: 3.7081e-03 | time: 0.036
I 06.07/22:34:42 solver.py:159 ] Epoch: [191/200][40/282] lr: 5.33e-05 | MSE loss: 3.8805e-03 | time: 0.035
I 06.07/22:34:43 solver.py:159 ] Epoch: [191/200][60/282] lr: 5.33e-05 | MSE loss: 3.6882e-03 | time: 0.035
I 06.07/22:34:44 solver.py:159 ] Epoch: [191/200][80/282] lr: 5.32e-05 | MSE loss: 3.9291e-03 | time: 0.036
I 06.07/22:34:45 solver.py:159 ] Epoch: [191/200][100/282] lr: 5.32e-05 | MSE loss: 3.9611e-03 | time: 0.036
I 06.07/22:34:45 solver.py:159 ] Epoch: [191/200][120/282] lr: 5.31e-05 | MSE loss: 4.0162e-03 | time: 0.036
I 06.07/22:34:46 solver.py:159 ] Epoch: [191/200][140/282] lr: 5.31e-05 | MSE loss: 3.9792e-03 | time: 0.036
I 06.07/22:34:47 solver.py:159 ] Epoch: [191/200][160/282] lr: 5.30e-05 | MSE loss: 4.0818e-03 | time: 0.036
I 06.07/22:34:47 solver.py:159 ] Epoch: [191/200][180/282] lr: 5.30e-05 | MSE loss: 4.1959e-03 | time: 0.035
I 06.07/22:34:48 solver.py:159 ] Epoch: [191/200][200/282] lr: 5.30e-05 | MSE loss: 4.1264e-03 | time: 0.035
I 06.07/22:34:49 solver.py:159 ] Epoch: [191/200][220/282] lr: 5.29e-05 | MSE loss: 4.0828e-03 | time: 0.036
I 06.07/22:34:49 solver.py:159 ] Epoch: [191/200][240/282] lr: 5.29e-05 | MSE loss: 4.0774e-03 | time: 0.035
I 06.07/22:34:50 solver.py:159 ] Epoch: [191/200][260/282] lr: 5.28e-05 | MSE loss: 4.0796e-03 | time: 0.035
I 06.07/22:34:51 solver.py:159 ] Epoch: [191/200][280/282] lr: 5.28e-05 | MSE loss: 4.0670e-03 | time: 0.035
I 06.07/22:34:51 solver.py:169 ] => Train  Loss: 4.0562e-03

I 06.07/22:34:51 solver.py:405 ] [20/32] loss: 5.2917e-03 | NMSE: -1.9404e+01 | time: 0.028
I 06.07/22:34:52 solver.py:413 ] => Test NMSE: -2.0206e+01

I 06.07/22:34:52 solver.py:345 ] => LoRA monitor [epoch=191] | trainable=67584/67584 | non_lora_trainable=0 | lora_l2=1.546990e+01 | lora_A_l2=1.321534e+01 | lora_B_l2=8.041915e+00 | component_l2=decoder:1.546990e+01 | lora_abs_max=1.241098e+00 | delta_l2=1.550289e+01 | delta_rel=4.724059e+00 | train_loss=4.056152e-03 | test_loss=4.767905e-03 | nmse=-2.020642e+01
I 06.07/22:34:52 solver.py:224 ] 
=! Best NMSE: -2.0206e+01 (epoch=191)

I 06.07/22:34:53 solver.py:159 ] Epoch: [192/200][20/282] lr: 5.27e-05 | MSE loss: 4.3160e-03 | time: 0.038
I 06.07/22:34:54 solver.py:159 ] Epoch: [192/200][40/282] lr: 5.27e-05 | MSE loss: 3.7026e-03 | time: 0.038
I 06.07/22:34:54 solver.py:159 ] Epoch: [192/200][60/282] lr: 5.26e-05 | MSE loss: 3.4901e-03 | time: 0.036
I 06.07/22:34:55 solver.py:159 ] Epoch: [192/200][80/282] lr: 5.26e-05 | MSE loss: 3.4605e-03 | time: 0.036
I 06.07/22:34:56 solver.py:159 ] Epoch: [192/200][100/282] lr: 5.26e-05 | MSE loss: 3.4592e-03 | time: 0.036
I 06.07/22:34:56 solver.py:159 ] Epoch: [192/200][120/282] lr: 5.25e-05 | MSE loss: 3.4240e-03 | time: 0.037
I 06.07/22:34:57 solver.py:159 ] Epoch: [192/200][140/282] lr: 5.25e-05 | MSE loss: 3.4532e-03 | time: 0.037
I 06.07/22:34:58 solver.py:159 ] Epoch: [192/200][160/282] lr: 5.24e-05 | MSE loss: 3.4951e-03 | time: 0.037
I 06.07/22:34:59 solver.py:159 ] Epoch: [192/200][180/282] lr: 5.24e-05 | MSE loss: 3.6526e-03 | time: 0.037
I 06.07/22:34:59 solver.py:159 ] Epoch: [192/200][200/282] lr: 5.24e-05 | MSE loss: 3.6671e-03 | time: 0.036
I 06.07/22:35:00 solver.py:159 ] Epoch: [192/200][220/282] lr: 5.23e-05 | MSE loss: 3.7525e-03 | time: 0.037
I 06.07/22:35:01 solver.py:159 ] Epoch: [192/200][240/282] lr: 5.23e-05 | MSE loss: 3.8431e-03 | time: 0.039
I 06.07/22:35:03 solver.py:159 ] Epoch: [192/200][260/282] lr: 5.22e-05 | MSE loss: 3.9767e-03 | time: 0.043
I 06.07/22:35:04 solver.py:159 ] Epoch: [192/200][280/282] lr: 5.22e-05 | MSE loss: 4.0597e-03 | time: 0.044
I 06.07/22:35:04 solver.py:169 ] => Train  Loss: 4.0467e-03

I 06.07/22:35:05 solver.py:405 ] [20/32] loss: 5.2867e-03 | NMSE: -1.9402e+01 | time: 0.033
I 06.07/22:35:06 solver.py:413 ] => Test NMSE: -2.0208e+01

I 06.07/22:35:06 solver.py:345 ] => LoRA monitor [epoch=192] | trainable=67584/67584 | non_lora_trainable=0 | lora_l2=1.547313e+01 | lora_A_l2=1.321784e+01 | lora_B_l2=8.044036e+00 | component_l2=decoder:1.547313e+01 | lora_abs_max=1.241137e+00 | delta_l2=1.550616e+01 | delta_rel=4.725054e+00 | train_loss=4.046686e-03 | test_loss=4.765691e-03 | nmse=-2.020844e+01
I 06.07/22:35:06 solver.py:224 ] 
=! Best NMSE: -2.0208e+01 (epoch=192)

I 06.07/22:35:07 solver.py:159 ] Epoch: [193/200][20/282] lr: 5.22e-05 | MSE loss: 4.2083e-03 | time: 0.041
I 06.07/22:35:07 solver.py:159 ] Epoch: [193/200][40/282] lr: 5.21e-05 | MSE loss: 3.7877e-03 | time: 0.038
I 06.07/22:35:08 solver.py:159 ] Epoch: [193/200][60/282] lr: 5.21e-05 | MSE loss: 3.9594e-03 | time: 0.037
I 06.07/22:35:09 solver.py:159 ] Epoch: [193/200][80/282] lr: 5.20e-05 | MSE loss: 3.9686e-03 | time: 0.037
I 06.07/22:35:09 solver.py:159 ] Epoch: [193/200][100/282] lr: 5.20e-05 | MSE loss: 3.9737e-03 | time: 0.036
I 06.07/22:35:10 solver.py:159 ] Epoch: [193/200][120/282] lr: 5.20e-05 | MSE loss: 3.9759e-03 | time: 0.036
I 06.07/22:35:11 solver.py:159 ] Epoch: [193/200][140/282] lr: 5.19e-05 | MSE loss: 3.9966e-03 | time: 0.036
I 06.07/22:35:11 solver.py:159 ] Epoch: [193/200][160/282] lr: 5.19e-05 | MSE loss: 3.9860e-03 | time: 0.035
I 06.07/22:35:12 solver.py:159 ] Epoch: [193/200][180/282] lr: 5.19e-05 | MSE loss: 3.9393e-03 | time: 0.035
I 06.07/22:35:13 solver.py:159 ] Epoch: [193/200][200/282] lr: 5.18e-05 | MSE loss: 4.0027e-03 | time: 0.035
I 06.07/22:35:14 solver.py:159 ] Epoch: [193/200][220/282] lr: 5.18e-05 | MSE loss: 4.0002e-03 | time: 0.035
I 06.07/22:35:14 solver.py:159 ] Epoch: [193/200][240/282] lr: 5.17e-05 | MSE loss: 4.0430e-03 | time: 0.035
I 06.07/22:35:15 solver.py:159 ] Epoch: [193/200][260/282] lr: 5.17e-05 | MSE loss: 4.0288e-03 | time: 0.035
I 06.07/22:35:16 solver.py:159 ] Epoch: [193/200][280/282] lr: 5.17e-05 | MSE loss: 4.0674e-03 | time: 0.035
I 06.07/22:35:16 solver.py:169 ] => Train  Loss: 4.0542e-03

I 06.07/22:35:16 solver.py:405 ] [20/32] loss: 5.3119e-03 | NMSE: -1.9384e+01 | time: 0.033
I 06.07/22:35:17 solver.py:413 ] => Test NMSE: -2.0192e+01

I 06.07/22:35:17 solver.py:345 ] => LoRA monitor [epoch=193] | trainable=67584/67584 | non_lora_trainable=0 | lora_l2=1.547473e+01 | lora_A_l2=1.321899e+01 | lora_B_l2=8.045226e+00 | component_l2=decoder:1.547473e+01 | lora_abs_max=1.241438e+00 | delta_l2=1.550789e+01 | delta_rel=4.725582e+00 | train_loss=4.054237e-03 | test_loss=4.783817e-03 | nmse=-2.019196e+01
I 06.07/22:35:17 solver.py:224 ] 
=! Best NMSE: -2.0208e+01 (epoch=192)

I 06.07/22:35:17 solver.py:159 ] Epoch: [194/200][20/282] lr: 5.16e-05 | MSE loss: 4.0040e-03 | time: 0.040
I 06.07/22:35:18 solver.py:159 ] Epoch: [194/200][40/282] lr: 5.16e-05 | MSE loss: 3.8064e-03 | time: 0.039
I 06.07/22:35:19 solver.py:159 ] Epoch: [194/200][60/282] lr: 5.16e-05 | MSE loss: 3.6210e-03 | time: 0.039
I 06.07/22:35:20 solver.py:159 ] Epoch: [194/200][80/282] lr: 5.15e-05 | MSE loss: 3.7483e-03 | time: 0.038
I 06.07/22:35:20 solver.py:159 ] Epoch: [194/200][100/282] lr: 5.15e-05 | MSE loss: 3.8179e-03 | time: 0.037
I 06.07/22:35:21 solver.py:159 ] Epoch: [194/200][120/282] lr: 5.15e-05 | MSE loss: 4.0510e-03 | time: 0.036
I 06.07/22:35:22 solver.py:159 ] Epoch: [194/200][140/282] lr: 5.14e-05 | MSE loss: 4.0784e-03 | time: 0.036
I 06.07/22:35:22 solver.py:159 ] Epoch: [194/200][160/282] lr: 5.14e-05 | MSE loss: 4.0967e-03 | time: 0.036
I 06.07/22:35:23 solver.py:159 ] Epoch: [194/200][180/282] lr: 5.14e-05 | MSE loss: 4.1199e-03 | time: 0.036
I 06.07/22:35:24 solver.py:159 ] Epoch: [194/200][200/282] lr: 5.14e-05 | MSE loss: 4.0680e-03 | time: 0.036
I 06.07/22:35:25 solver.py:159 ] Epoch: [194/200][220/282] lr: 5.13e-05 | MSE loss: 3.9860e-03 | time: 0.037
I 06.07/22:35:25 solver.py:159 ] Epoch: [194/200][240/282] lr: 5.13e-05 | MSE loss: 4.0370e-03 | time: 0.037
I 06.07/22:35:26 solver.py:159 ] Epoch: [194/200][260/282] lr: 5.13e-05 | MSE loss: 4.0509e-03 | time: 0.037
I 06.07/22:35:27 solver.py:159 ] Epoch: [194/200][280/282] lr: 5.12e-05 | MSE loss: 4.0630e-03 | time: 0.036
I 06.07/22:35:27 solver.py:169 ] => Train  Loss: 4.0500e-03

I 06.07/22:35:28 solver.py:405 ] [20/32] loss: 5.2960e-03 | NMSE: -1.9399e+01 | time: 0.033
I 06.07/22:35:28 solver.py:413 ] => Test NMSE: -2.0203e+01

I 06.07/22:35:28 solver.py:345 ] => LoRA monitor [epoch=194] | trainable=67584/67584 | non_lora_trainable=0 | lora_l2=1.547777e+01 | lora_A_l2=1.322124e+01 | lora_B_l2=8.047374e+00 | component_l2=decoder:1.547777e+01 | lora_abs_max=1.241576e+00 | delta_l2=1.551090e+01 | delta_rel=4.726499e+00 | train_loss=4.050000e-03 | test_loss=4.771127e-03 | nmse=-2.020349e+01
I 06.07/22:35:28 solver.py:224 ] 
=! Best NMSE: -2.0208e+01 (epoch=192)

I 06.07/22:35:29 solver.py:159 ] Epoch: [195/200][20/282] lr: 5.12e-05 | MSE loss: 4.7302e-03 | time: 0.037
I 06.07/22:35:29 solver.py:159 ] Epoch: [195/200][40/282] lr: 5.12e-05 | MSE loss: 5.3000e-03 | time: 0.036
I 06.07/22:35:30 solver.py:159 ] Epoch: [195/200][60/282] lr: 5.11e-05 | MSE loss: 4.6598e-03 | time: 0.036
I 06.07/22:35:31 solver.py:159 ] Epoch: [195/200][80/282] lr: 5.11e-05 | MSE loss: 4.4442e-03 | time: 0.036
I 06.07/22:35:31 solver.py:159 ] Epoch: [195/200][100/282] lr: 5.11e-05 | MSE loss: 4.4540e-03 | time: 0.035
I 06.07/22:35:32 solver.py:159 ] Epoch: [195/200][120/282] lr: 5.11e-05 | MSE loss: 4.3686e-03 | time: 0.035
I 06.07/22:35:33 solver.py:159 ] Epoch: [195/200][140/282] lr: 5.10e-05 | MSE loss: 4.2369e-03 | time: 0.035
I 06.07/22:35:34 solver.py:159 ] Epoch: [195/200][160/282] lr: 5.10e-05 | MSE loss: 4.0655e-03 | time: 0.036
I 06.07/22:35:34 solver.py:159 ] Epoch: [195/200][180/282] lr: 5.10e-05 | MSE loss: 4.0844e-03 | time: 0.035
I 06.07/22:35:35 solver.py:159 ] Epoch: [195/200][200/282] lr: 5.10e-05 | MSE loss: 4.0156e-03 | time: 0.035
I 06.07/22:35:36 solver.py:159 ] Epoch: [195/200][220/282] lr: 5.09e-05 | MSE loss: 4.0184e-03 | time: 0.035
I 06.07/22:35:36 solver.py:159 ] Epoch: [195/200][240/282] lr: 5.09e-05 | MSE loss: 3.9833e-03 | time: 0.035
I 06.07/22:35:37 solver.py:159 ] Epoch: [195/200][260/282] lr: 5.09e-05 | MSE loss: 4.0238e-03 | time: 0.035
I 06.07/22:35:38 solver.py:159 ] Epoch: [195/200][280/282] lr: 5.09e-05 | MSE loss: 4.0577e-03 | time: 0.036
I 06.07/22:35:38 solver.py:169 ] => Train  Loss: 4.0521e-03

I 06.07/22:35:38 solver.py:405 ] [20/32] loss: 5.3159e-03 | NMSE: -1.9366e+01 | time: 0.032
I 06.07/22:35:39 solver.py:413 ] => Test NMSE: -2.0191e+01

I 06.07/22:35:39 solver.py:345 ] => LoRA monitor [epoch=195] | trainable=67584/67584 | non_lora_trainable=0 | lora_l2=1.547923e+01 | lora_A_l2=1.322236e+01 | lora_B_l2=8.048345e+00 | component_l2=decoder:1.547923e+01 | lora_abs_max=1.241809e+00 | delta_l2=1.551247e+01 | delta_rel=4.726976e+00 | train_loss=4.052122e-03 | test_loss=4.784454e-03 | nmse=-2.019138e+01
I 06.07/22:35:39 solver.py:224 ] 
=! Best NMSE: -2.0208e+01 (epoch=192)

I 06.07/22:35:39 solver.py:159 ] Epoch: [196/200][20/282] lr: 5.08e-05 | MSE loss: 4.0244e-03 | time: 0.033
I 06.07/22:35:40 solver.py:159 ] Epoch: [196/200][40/282] lr: 5.08e-05 | MSE loss: 4.1156e-03 | time: 0.034
I 06.07/22:35:41 solver.py:159 ] Epoch: [196/200][60/282] lr: 5.08e-05 | MSE loss: 4.0747e-03 | time: 0.035
I 06.07/22:35:42 solver.py:159 ] Epoch: [196/200][80/282] lr: 5.08e-05 | MSE loss: 4.1765e-03 | time: 0.036
I 06.07/22:35:42 solver.py:159 ] Epoch: [196/200][100/282] lr: 5.07e-05 | MSE loss: 4.2138e-03 | time: 0.036
I 06.07/22:35:43 solver.py:159 ] Epoch: [196/200][120/282] lr: 5.07e-05 | MSE loss: 4.1496e-03 | time: 0.036
I 06.07/22:35:44 solver.py:159 ] Epoch: [196/200][140/282] lr: 5.07e-05 | MSE loss: 4.1579e-03 | time: 0.036
I 06.07/22:35:44 solver.py:159 ] Epoch: [196/200][160/282] lr: 5.07e-05 | MSE loss: 4.1919e-03 | time: 0.035
I 06.07/22:35:45 solver.py:159 ] Epoch: [196/200][180/282] lr: 5.07e-05 | MSE loss: 4.2910e-03 | time: 0.035
I 06.07/22:35:46 solver.py:159 ] Epoch: [196/200][200/282] lr: 5.06e-05 | MSE loss: 4.1666e-03 | time: 0.035
I 06.07/22:35:47 solver.py:159 ] Epoch: [196/200][220/282] lr: 5.06e-05 | MSE loss: 4.0851e-03 | time: 0.035
I 06.07/22:35:47 solver.py:159 ] Epoch: [196/200][240/282] lr: 5.06e-05 | MSE loss: 4.0979e-03 | time: 0.035
I 06.07/22:35:48 solver.py:159 ] Epoch: [196/200][260/282] lr: 5.06e-05 | MSE loss: 4.0583e-03 | time: 0.035
I 06.07/22:35:49 solver.py:159 ] Epoch: [196/200][280/282] lr: 5.06e-05 | MSE loss: 4.0460e-03 | time: 0.035
I 06.07/22:35:49 solver.py:169 ] => Train  Loss: 4.0751e-03

I 06.07/22:35:49 solver.py:405 ] [20/32] loss: 5.3004e-03 | NMSE: -1.9382e+01 | time: 0.029
I 06.07/22:35:50 solver.py:413 ] => Test NMSE: -2.0201e+01

I 06.07/22:35:50 solver.py:345 ] => LoRA monitor [epoch=196] | trainable=67584/67584 | non_lora_trainable=0 | lora_l2=1.548265e+01 | lora_A_l2=1.322497e+01 | lora_B_l2=8.050629e+00 | component_l2=decoder:1.548265e+01 | lora_abs_max=1.242079e+00 | delta_l2=1.551588e+01 | delta_rel=4.728017e+00 | train_loss=4.075143e-03 | test_loss=4.774367e-03 | nmse=-2.020054e+01
I 06.07/22:35:50 solver.py:224 ] 
=! Best NMSE: -2.0208e+01 (epoch=192)

I 06.07/22:35:50 solver.py:159 ] Epoch: [197/200][20/282] lr: 5.05e-05 | MSE loss: 4.5332e-03 | time: 0.038
I 06.07/22:35:51 solver.py:159 ] Epoch: [197/200][40/282] lr: 5.05e-05 | MSE loss: 4.4078e-03 | time: 0.039
I 06.07/22:35:52 solver.py:159 ] Epoch: [197/200][60/282] lr: 5.05e-05 | MSE loss: 4.1971e-03 | time: 0.039
I 06.07/22:35:53 solver.py:159 ] Epoch: [197/200][80/282] lr: 5.05e-05 | MSE loss: 4.0176e-03 | time: 0.038
I 06.07/22:35:53 solver.py:159 ] Epoch: [197/200][100/282] lr: 5.05e-05 | MSE loss: 4.0274e-03 | time: 0.038
I 06.07/22:35:54 solver.py:159 ] Epoch: [197/200][120/282] lr: 5.04e-05 | MSE loss: 3.9688e-03 | time: 0.037
I 06.07/22:35:55 solver.py:159 ] Epoch: [197/200][140/282] lr: 5.04e-05 | MSE loss: 3.9672e-03 | time: 0.037
I 06.07/22:35:55 solver.py:159 ] Epoch: [197/200][160/282] lr: 5.04e-05 | MSE loss: 3.9633e-03 | time: 0.037
I 06.07/22:35:56 solver.py:159 ] Epoch: [197/200][180/282] lr: 5.04e-05 | MSE loss: 3.8783e-03 | time: 0.037
I 06.07/22:35:57 solver.py:159 ] Epoch: [197/200][200/282] lr: 5.04e-05 | MSE loss: 3.8732e-03 | time: 0.037
I 06.07/22:35:58 solver.py:159 ] Epoch: [197/200][220/282] lr: 5.04e-05 | MSE loss: 3.8454e-03 | time: 0.037
I 06.07/22:35:58 solver.py:159 ] Epoch: [197/200][240/282] lr: 5.03e-05 | MSE loss: 4.0005e-03 | time: 0.036
I 06.07/22:35:59 solver.py:159 ] Epoch: [197/200][260/282] lr: 5.03e-05 | MSE loss: 4.0701e-03 | time: 0.036
I 06.07/22:36:00 solver.py:159 ] Epoch: [197/200][280/282] lr: 5.03e-05 | MSE loss: 4.0637e-03 | time: 0.037
I 06.07/22:36:00 solver.py:169 ] => Train  Loss: 4.0558e-03

I 06.07/22:36:01 solver.py:405 ] [20/32] loss: 5.2905e-03 | NMSE: -1.9403e+01 | time: 0.055
I 06.07/22:36:02 solver.py:413 ] => Test NMSE: -2.0207e+01

I 06.07/22:36:02 solver.py:345 ] => LoRA monitor [epoch=197] | trainable=67584/67584 | non_lora_trainable=0 | lora_l2=1.548379e+01 | lora_A_l2=1.322566e+01 | lora_B_l2=8.051672e+00 | component_l2=decoder:1.548379e+01 | lora_abs_max=1.242369e+00 | delta_l2=1.551717e+01 | delta_rel=4.728410e+00 | train_loss=4.055751e-03 | test_loss=4.766922e-03 | nmse=-2.020732e+01
I 06.07/22:36:02 solver.py:224 ] 
=! Best NMSE: -2.0208e+01 (epoch=192)

I 06.07/22:36:04 solver.py:159 ] Epoch: [198/200][20/282] lr: 5.03e-05 | MSE loss: 4.4184e-03 | time: 0.087
I 06.07/22:36:05 solver.py:159 ] Epoch: [198/200][40/282] lr: 5.03e-05 | MSE loss: 4.1560e-03 | time: 0.072
I 06.07/22:36:05 solver.py:159 ] Epoch: [198/200][60/282] lr: 5.03e-05 | MSE loss: 3.9358e-03 | time: 0.060
I 06.07/22:36:06 solver.py:159 ] Epoch: [198/200][80/282] lr: 5.03e-05 | MSE loss: 3.9406e-03 | time: 0.054
I 06.07/22:36:07 solver.py:159 ] Epoch: [198/200][100/282] lr: 5.02e-05 | MSE loss: 3.9922e-03 | time: 0.051
I 06.07/22:36:08 solver.py:159 ] Epoch: [198/200][120/282] lr: 5.02e-05 | MSE loss: 3.9682e-03 | time: 0.048
I 06.07/22:36:08 solver.py:159 ] Epoch: [198/200][140/282] lr: 5.02e-05 | MSE loss: 3.9734e-03 | time: 0.047
I 06.07/22:36:09 solver.py:159 ] Epoch: [198/200][160/282] lr: 5.02e-05 | MSE loss: 4.0506e-03 | time: 0.045
I 06.07/22:36:10 solver.py:159 ] Epoch: [198/200][180/282] lr: 5.02e-05 | MSE loss: 4.0769e-03 | time: 0.044
I 06.07/22:36:10 solver.py:159 ] Epoch: [198/200][200/282] lr: 5.02e-05 | MSE loss: 4.0316e-03 | time: 0.043
I 06.07/22:36:11 solver.py:159 ] Epoch: [198/200][220/282] lr: 5.02e-05 | MSE loss: 4.0481e-03 | time: 0.042
I 06.07/22:36:12 solver.py:159 ] Epoch: [198/200][240/282] lr: 5.02e-05 | MSE loss: 4.0915e-03 | time: 0.042
I 06.07/22:36:13 solver.py:159 ] Epoch: [198/200][260/282] lr: 5.01e-05 | MSE loss: 4.0889e-03 | time: 0.041
I 06.07/22:36:13 solver.py:159 ] Epoch: [198/200][280/282] lr: 5.01e-05 | MSE loss: 4.0634e-03 | time: 0.041
I 06.07/22:36:13 solver.py:169 ] => Train  Loss: 4.0464e-03

I 06.07/22:36:14 solver.py:405 ] [20/32] loss: 5.2984e-03 | NMSE: -1.9379e+01 | time: 0.034
I 06.07/22:36:14 solver.py:413 ] => Test NMSE: -2.0203e+01

I 06.07/22:36:14 solver.py:345 ] => LoRA monitor [epoch=198] | trainable=67584/67584 | non_lora_trainable=0 | lora_l2=1.548582e+01 | lora_A_l2=1.322719e+01 | lora_B_l2=8.053092e+00 | component_l2=decoder:1.548582e+01 | lora_abs_max=1.242480e+00 | delta_l2=1.551921e+01 | delta_rel=4.729031e+00 | train_loss=4.046423e-03 | test_loss=4.771759e-03 | nmse=-2.020292e+01
I 06.07/22:36:14 solver.py:224 ] 
=! Best NMSE: -2.0208e+01 (epoch=192)

I 06.07/22:36:15 solver.py:159 ] Epoch: [199/200][20/282] lr: 5.01e-05 | MSE loss: 3.1281e-03 | time: 0.036
I 06.07/22:36:16 solver.py:159 ] Epoch: [199/200][40/282] lr: 5.01e-05 | MSE loss: 3.5777e-03 | time: 0.038
I 06.07/22:36:17 solver.py:159 ] Epoch: [199/200][60/282] lr: 5.01e-05 | MSE loss: 3.8327e-03 | time: 0.037
I 06.07/22:36:17 solver.py:159 ] Epoch: [199/200][80/282] lr: 5.01e-05 | MSE loss: 3.8919e-03 | time: 0.036
I 06.07/22:36:18 solver.py:159 ] Epoch: [199/200][100/282] lr: 5.01e-05 | MSE loss: 3.8669e-03 | time: 0.035
I 06.07/22:36:19 solver.py:159 ] Epoch: [199/200][120/282] lr: 5.01e-05 | MSE loss: 4.0340e-03 | time: 0.035
I 06.07/22:36:19 solver.py:159 ] Epoch: [199/200][140/282] lr: 5.01e-05 | MSE loss: 4.0083e-03 | time: 0.036
I 06.07/22:36:20 solver.py:159 ] Epoch: [199/200][160/282] lr: 5.01e-05 | MSE loss: 3.9684e-03 | time: 0.036
I 06.07/22:36:21 solver.py:159 ] Epoch: [199/200][180/282] lr: 5.01e-05 | MSE loss: 4.0070e-03 | time: 0.035
I 06.07/22:36:21 solver.py:159 ] Epoch: [199/200][200/282] lr: 5.01e-05 | MSE loss: 3.9507e-03 | time: 0.035
I 06.07/22:36:22 solver.py:159 ] Epoch: [199/200][220/282] lr: 5.01e-05 | MSE loss: 4.0515e-03 | time: 0.035
I 06.07/22:36:23 solver.py:159 ] Epoch: [199/200][240/282] lr: 5.00e-05 | MSE loss: 4.0324e-03 | time: 0.036
I 06.07/22:36:24 solver.py:159 ] Epoch: [199/200][260/282] lr: 5.00e-05 | MSE loss: 4.1017e-03 | time: 0.035
I 06.07/22:36:24 solver.py:159 ] Epoch: [199/200][280/282] lr: 5.00e-05 | MSE loss: 4.0604e-03 | time: 0.035
I 06.07/22:36:24 solver.py:169 ] => Train  Loss: 4.0432e-03

I 06.07/22:36:25 solver.py:405 ] [20/32] loss: 5.3080e-03 | NMSE: -1.9382e+01 | time: 0.028
I 06.07/22:36:25 solver.py:413 ] => Test NMSE: -2.0193e+01

I 06.07/22:36:25 solver.py:345 ] => LoRA monitor [epoch=199] | trainable=67584/67584 | non_lora_trainable=0 | lora_l2=1.548743e+01 | lora_A_l2=1.322832e+01 | lora_B_l2=8.054320e+00 | component_l2=decoder:1.548743e+01 | lora_abs_max=1.242706e+00 | delta_l2=1.552096e+01 | delta_rel=4.729565e+00 | train_loss=4.043161e-03 | test_loss=4.782215e-03 | nmse=-2.019341e+01
I 06.07/22:36:25 solver.py:224 ] 
=! Best NMSE: -2.0208e+01 (epoch=192)

I 06.07/22:36:26 solver.py:159 ] Epoch: [200/200][20/282] lr: 5.00e-05 | MSE loss: 4.2693e-03 | time: 0.035
I 06.07/22:36:27 solver.py:159 ] Epoch: [200/200][40/282] lr: 5.00e-05 | MSE loss: 4.0713e-03 | time: 0.034
I 06.07/22:36:27 solver.py:159 ] Epoch: [200/200][60/282] lr: 5.00e-05 | MSE loss: 4.1867e-03 | time: 0.034
I 06.07/22:36:28 solver.py:159 ] Epoch: [200/200][80/282] lr: 5.00e-05 | MSE loss: 4.3336e-03 | time: 0.034
I 06.07/22:36:29 solver.py:159 ] Epoch: [200/200][100/282] lr: 5.00e-05 | MSE loss: 4.2529e-03 | time: 0.034
I 06.07/22:36:29 solver.py:159 ] Epoch: [200/200][120/282] lr: 5.00e-05 | MSE loss: 4.0583e-03 | time: 0.035
I 06.07/22:36:30 solver.py:159 ] Epoch: [200/200][140/282] lr: 5.00e-05 | MSE loss: 4.1911e-03 | time: 0.035
I 06.07/22:36:31 solver.py:159 ] Epoch: [200/200][160/282] lr: 5.00e-05 | MSE loss: 4.2293e-03 | time: 0.035
I 06.07/22:36:32 solver.py:159 ] Epoch: [200/200][180/282] lr: 5.00e-05 | MSE loss: 4.1760e-03 | time: 0.035
I 06.07/22:36:32 solver.py:159 ] Epoch: [200/200][200/282] lr: 5.00e-05 | MSE loss: 4.0719e-03 | time: 0.035
I 06.07/22:36:33 solver.py:159 ] Epoch: [200/200][220/282] lr: 5.00e-05 | MSE loss: 4.0642e-03 | time: 0.035
I 06.07/22:36:34 solver.py:159 ] Epoch: [200/200][240/282] lr: 5.00e-05 | MSE loss: 4.0324e-03 | time: 0.035
I 06.07/22:36:34 solver.py:159 ] Epoch: [200/200][260/282] lr: 5.00e-05 | MSE loss: 4.0157e-03 | time: 0.035
I 06.07/22:36:35 solver.py:159 ] Epoch: [200/200][280/282] lr: 5.00e-05 | MSE loss: 4.0547e-03 | time: 0.035
I 06.07/22:36:35 solver.py:169 ] => Train  Loss: 4.0417e-03

I 06.07/22:36:36 solver.py:159 ] Epoch: [200/200][20/32] lr: 5.00e-05 | MSE loss: 5.2992e-03 | time: 0.030
I 06.07/22:36:36 solver.py:169 ] => Val  Loss: 4.7070e-03

I 06.07/22:36:37 solver.py:405 ] [20/32] loss: 5.2992e-03 | NMSE: -1.9388e+01 | time: 0.028
I 06.07/22:36:37 solver.py:413 ] => Test NMSE: -2.0199e+01

I 06.07/22:36:37 solver.py:345 ] => LoRA monitor [epoch=200] | trainable=67584/67584 | non_lora_trainable=0 | lora_l2=1.548959e+01 | lora_A_l2=1.322988e+01 | lora_B_l2=8.055906e+00 | component_l2=decoder:1.548959e+01 | lora_abs_max=1.243148e+00 | delta_l2=1.552314e+01 | delta_rel=4.730228e+00 | train_loss=4.041742e-03 | val_loss=4.707013e-03 | test_loss=4.775545e-03 | nmse=-2.019947e+01
I 06.07/22:36:37 solver.py:224 ] 
=! Best NMSE: -2.0208e+01 (epoch=192)

I 06.07/22:36:56 solver.py:247 ] => Saved encoder outputs to /home/hujiacong/zxd/Huawei/TransNet/exps/WAIRD/seed797/scenario_2/01105_decoder_ffn_8_64_original_independent/encoder_output.pth
I 06.07/22:36:57 solver.py:405 ] [20/32] loss: 5.2992e-03 | NMSE: -1.9388e+01 | time: 0.031
I 06.07/22:36:57 solver.py:413 ] => Test NMSE: -2.0199e+01

I 06.07/22:36:57 solver.py:370 ] 
=> Test result: 
loss: 4.7755e-03    NMSE: -2.0199e+01

I 06.07/22:36:57 main.py:110 ] 
=! Final test loss: 4.7755e-03
         test NMSE: -2.0199e+01

