I 06.08/06:36:36 main.py:23  ] => Experiment directory: /home/hujiacong/zxd/Huawei/TransNet/exps/WAIRD/seed797/scenario_2/06401_fc_decoder_16_32_torch_independent
I 06.08/06:36:36 main.py:24  ] => PyTorch Version: 2.5.1
I 06.08/06:36:36 main.py:26  ] ==================================================
I 06.08/06:36:36 main.py:30  ] => Arguments:
	train_path: data/scenario_2/06401/train.pt
	val_path: data/scenario_2/06401/test.pt
	test_path: data/scenario_2/06401/test.pt
	batch_size: 32
	workers: 0
	evaluate: False
	pretrained: exps/WAIRD/seed797/base/torch_independent/checkpoints/best_nmse.pth
	resume: None
	seed: 797
	gpu: 3
	cpu: False
	cpu_affinity: None
	epochs: 200
	cr: 4
	exp_name: WAIRD/seed797/scenario_2/06401_fc_decoder_16_32_torch_independent
	channel: 2
	nt: 64
	nc: 64
	d_model: 64
	dim_feedforward: 2048
	fc_lora: False
	fc_lora_rank: None
	layer_sharing: independent
	transformer_backend: torch
	scheduler: cosine
	lr_init: 0.0005
	weight_decay: 0.0
	freeze_components: []
	lora_component: ['fc_decoder']
	lora_pretrained: None
	lora_rank: 16
	lora_alpha: 32
I 06.08/06:36:36 main.py:31  ] ==================================================
I 06.08/06:36:36 init.py:17  ] Random seed set to 797
I 06.08/06:36:37 init.py:236 ] Running on GPU 3
I 06.08/06:36:37 dataloader.py:69  ] data/scenario_2/06401/train.pt loaded.
I 06.08/06:36:37 dataloader.py:74  ] data/scenario_2/06401/test.pt loaded.
I 06.08/06:36:37 dataloader.py:79  ] data/scenario_2/06401/test.pt loaded.
I 06.08/06:36:39 init.py:277 ] pretrained model loaded from exps/WAIRD/seed797/base/torch_independent/checkpoints/best_nmse.pth
I 06.08/06:36:40 init.py:195 ] => LoRA enabled on components: fc_decoder; target_modules=['fc_decoder']; (rank=16, alpha=32); 163840/34886912 scalar params trainable
I 06.08/06:36:42 init.py:306 ] => Model Name: TransNet [pretrained: exps/WAIRD/seed797/base/torch_independent/checkpoints/best_nmse.pth]
I 06.08/06:36:42 init.py:307 ] => Model Config: compression ratio=1/4; input shape=(2, 64, 64); input dim=8192; layer sharing=independent; transformer backend=torch; fc_lora=False; fc_lora_rank=None
I 06.08/06:36:42 init.py:314 ] => Model Flops: 1.6833e+02M
I 06.08/06:36:42 init.py:315 ] => Model Params Num: 3.4787e+01M

I 06.08/06:36:42 init.py:316 ] 
==================================================
Transformer(
  (encoder): TransformerEncoder(
    (layers): ModuleList(
      (0-1): 2 x TransformerEncoderLayer(
        (self_attn): MultiheadAttention(
          (out_proj): NonDynamicallyQuantizableLinear(in_features=64, out_features=64, bias=True)
        )
        (linear1): Linear(in_features=64, out_features=2048, bias=True)
        (dropout): Dropout(p=0.0, inplace=False)
        (linear2): Linear(in_features=2048, out_features=64, bias=True)
        (norm1): LayerNorm((64,), eps=1e-05, elementwise_affine=True)
        (norm2): LayerNorm((64,), eps=1e-05, elementwise_affine=True)
        (dropout1): Dropout(p=0.0, inplace=False)
        (dropout2): Dropout(p=0.0, inplace=False)
      )
    )
    (norm): LayerNorm((64,), eps=1e-05, elementwise_affine=True)
  )
  (decoder): TransformerDecoder(
    (layers): ModuleList(
      (0-1): 2 x TransformerDecoderLayer(
        (self_attn): MultiheadAttention(
          (out_proj): NonDynamicallyQuantizableLinear(in_features=64, out_features=64, bias=True)
        )
        (multihead_attn): MultiheadAttention(
          (out_proj): NonDynamicallyQuantizableLinear(in_features=64, out_features=64, bias=True)
        )
        (linear1): Linear(in_features=64, out_features=2048, bias=True)
        (dropout): Dropout(p=0.0, inplace=False)
        (linear2): Linear(in_features=2048, out_features=64, bias=True)
        (norm1): LayerNorm((64,), eps=1e-05, elementwise_affine=True)
        (norm2): LayerNorm((64,), eps=1e-05, elementwise_affine=True)
        (norm3): LayerNorm((64,), eps=1e-05, elementwise_affine=True)
        (dropout1): Dropout(p=0.0, inplace=False)
        (dropout2): Dropout(p=0.0, inplace=False)
        (dropout3): Dropout(p=0.0, inplace=False)
      )
    )
    (norm): LayerNorm((64,), eps=1e-05, elementwise_affine=True)
  )
  (fc_encoder): Linear(in_features=8192, out_features=2048, bias=True)
  (fc_decoder): LoRALinear(
    (base_layer): Linear(in_features=2048, out_features=8192, bias=True)
    (lora_A): Linear(in_features=2048, out_features=16, bias=False)
    (lora_B): Linear(in_features=16, out_features=8192, bias=False)
  )
)
==================================================

I 06.08/06:36:42 init.py:216 ] 
encoder.layers.0.self_attn.in_proj_weight                         False    (192, 64)
encoder.layers.0.self_attn.in_proj_bias                           False    (192,)
encoder.layers.0.self_attn.out_proj.weight                        False    (64, 64)
encoder.layers.0.self_attn.out_proj.bias                          False    (64,)
encoder.layers.0.linear1.weight                                   False    (2048, 64)
encoder.layers.0.linear1.bias                                     False    (2048,)
encoder.layers.0.linear2.weight                                   False    (64, 2048)
encoder.layers.0.linear2.bias                                     False    (64,)
encoder.layers.0.norm1.weight                                     False    (64,)
encoder.layers.0.norm1.bias                                       False    (64,)
encoder.layers.0.norm2.weight                                     False    (64,)
encoder.layers.0.norm2.bias                                       False    (64,)
encoder.layers.1.self_attn.in_proj_weight                         False    (192, 64)
encoder.layers.1.self_attn.in_proj_bias                           False    (192,)
encoder.layers.1.self_attn.out_proj.weight                        False    (64, 64)
encoder.layers.1.self_attn.out_proj.bias                          False    (64,)
encoder.layers.1.linear1.weight                                   False    (2048, 64)
encoder.layers.1.linear1.bias                                     False    (2048,)
encoder.layers.1.linear2.weight                                   False    (64, 2048)
encoder.layers.1.linear2.bias                                     False    (64,)
encoder.layers.1.norm1.weight                                     False    (64,)
encoder.layers.1.norm1.bias                                       False    (64,)
encoder.layers.1.norm2.weight                                     False    (64,)
encoder.layers.1.norm2.bias                                       False    (64,)
encoder.norm.weight                                               False    (64,)
encoder.norm.bias                                                 False    (64,)
decoder.layers.0.self_attn.in_proj_weight                         False    (192, 64)
decoder.layers.0.self_attn.in_proj_bias                           False    (192,)
decoder.layers.0.self_attn.out_proj.weight                        False    (64, 64)
decoder.layers.0.self_attn.out_proj.bias                          False    (64,)
decoder.layers.0.multihead_attn.in_proj_weight                    False    (192, 64)
decoder.layers.0.multihead_attn.in_proj_bias                      False    (192,)
decoder.layers.0.multihead_attn.out_proj.weight                   False    (64, 64)
decoder.layers.0.multihead_attn.out_proj.bias                     False    (64,)
decoder.layers.0.linear1.weight                                   False    (2048, 64)
decoder.layers.0.linear1.bias                                     False    (2048,)
decoder.layers.0.linear2.weight                                   False    (64, 2048)
decoder.layers.0.linear2.bias                                     False    (64,)
decoder.layers.0.norm1.weight                                     False    (64,)
decoder.layers.0.norm1.bias                                       False    (64,)
decoder.layers.0.norm2.weight                                     False    (64,)
decoder.layers.0.norm2.bias                                       False    (64,)
decoder.layers.0.norm3.weight                                     False    (64,)
decoder.layers.0.norm3.bias                                       False    (64,)
decoder.layers.1.self_attn.in_proj_weight                         False    (192, 64)
decoder.layers.1.self_attn.in_proj_bias                           False    (192,)
decoder.layers.1.self_attn.out_proj.weight                        False    (64, 64)
decoder.layers.1.self_attn.out_proj.bias                          False    (64,)
decoder.layers.1.multihead_attn.in_proj_weight                    False    (192, 64)
decoder.layers.1.multihead_attn.in_proj_bias                      False    (192,)
decoder.layers.1.multihead_attn.out_proj.weight                   False    (64, 64)
decoder.layers.1.multihead_attn.out_proj.bias                     False    (64,)
decoder.layers.1.linear1.weight                                   False    (2048, 64)
decoder.layers.1.linear1.bias                                     False    (2048,)
decoder.layers.1.linear2.weight                                   False    (64, 2048)
decoder.layers.1.linear2.bias                                     False    (64,)
decoder.layers.1.norm1.weight                                     False    (64,)
decoder.layers.1.norm1.bias                                       False    (64,)
decoder.layers.1.norm2.weight                                     False    (64,)
decoder.layers.1.norm2.bias                                       False    (64,)
decoder.layers.1.norm3.weight                                     False    (64,)
decoder.layers.1.norm3.bias                                       False    (64,)
decoder.norm.weight                                               False    (64,)
decoder.norm.bias                                                 False    (64,)
fc_encoder.weight                                                 False    (2048, 8192)
fc_encoder.bias                                                   False    (2048,)
fc_decoder.base_layer.weight                                      False    (8192, 2048)
fc_decoder.base_layer.bias                                        False    (8192,)
fc_decoder.lora_A.weight                                          True     (16, 2048)
fc_decoder.lora_B.weight                                          True     (8192, 16)
==================================================
I 06.08/06:36:45 solver.py:405 ] [20/32] loss: 9.3748e-03 | NMSE: -1.6774e+01 | time: 0.064
I 06.08/06:36:45 solver.py:413 ] => Test NMSE: -1.7823e+01

I 06.08/06:36:45 solver.py:345 ] => LoRA monitor [before_train] | trainable=163840/163840 | non_lora_trainable=0 | lora_l2=2.303639e+00 | lora_A_l2=2.303639e+00 | lora_B_l2=0.000000e+00 | component_l2=fc_decoder:2.303639e+00 | lora_abs_max=2.209679e-02 | delta_l2=0.000000e+00 | delta_rel=0.000000e+00 | test_loss=8.254184e-03 | nmse=-1.782296e+01
I 06.08/06:36:47 solver.py:159 ] Epoch: [1/200][20/282] lr: 1.77e-06 | MSE loss: 9.3937e-03 | time: 0.062
I 06.08/06:36:48 solver.py:159 ] Epoch: [1/200][40/282] lr: 3.55e-06 | MSE loss: 9.7784e-03 | time: 0.056
I 06.08/06:36:49 solver.py:159 ] Epoch: [1/200][60/282] lr: 5.32e-06 | MSE loss: 9.2746e-03 | time: 0.054
I 06.08/06:36:50 solver.py:159 ] Epoch: [1/200][80/282] lr: 7.09e-06 | MSE loss: 8.7324e-03 | time: 0.052
I 06.08/06:36:51 solver.py:159 ] Epoch: [1/200][100/282] lr: 8.87e-06 | MSE loss: 8.7300e-03 | time: 0.050
I 06.08/06:36:52 solver.py:159 ] Epoch: [1/200][120/282] lr: 1.06e-05 | MSE loss: 8.9113e-03 | time: 0.050
I 06.08/06:36:53 solver.py:159 ] Epoch: [1/200][140/282] lr: 1.24e-05 | MSE loss: 8.9176e-03 | time: 0.051
I 06.08/06:36:54 solver.py:159 ] Epoch: [1/200][160/282] lr: 1.42e-05 | MSE loss: 8.8488e-03 | time: 0.051
I 06.08/06:36:55 solver.py:159 ] Epoch: [1/200][180/282] lr: 1.60e-05 | MSE loss: 8.6681e-03 | time: 0.051
I 06.08/06:36:56 solver.py:159 ] Epoch: [1/200][200/282] lr: 1.77e-05 | MSE loss: 8.6637e-03 | time: 0.051
I 06.08/06:36:57 solver.py:159 ] Epoch: [1/200][220/282] lr: 1.95e-05 | MSE loss: 8.6053e-03 | time: 0.051
I 06.08/06:36:58 solver.py:159 ] Epoch: [1/200][240/282] lr: 2.13e-05 | MSE loss: 8.4272e-03 | time: 0.050
I 06.08/06:36:59 solver.py:159 ] Epoch: [1/200][260/282] lr: 2.30e-05 | MSE loss: 8.2640e-03 | time: 0.050
I 06.08/06:37:00 solver.py:159 ] Epoch: [1/200][280/282] lr: 2.48e-05 | MSE loss: 8.2061e-03 | time: 0.050
I 06.08/06:37:00 solver.py:169 ] => Train  Loss: 8.1602e-03

I 06.08/06:37:02 solver.py:405 ] [20/32] loss: 9.3702e-03 | NMSE: -1.6776e+01 | time: 0.121
I 06.08/06:37:04 solver.py:413 ] => Test NMSE: -1.7825e+01

I 06.08/06:37:04 solver.py:345 ] => LoRA monitor [epoch=1] | trainable=163840/163840 | non_lora_trainable=0 | lora_l2=2.370184e+00 | lora_A_l2=2.353171e+00 | lora_B_l2=2.834791e-01 | component_l2=fc_decoder:2.370184e+00 | lora_abs_max=2.659084e-02 | delta_l2=4.240963e-01 | delta_rel=1.840984e-01 | train_loss=8.160219e-03 | test_loss=8.249691e-03 | nmse=-1.782533e+01
I 06.08/06:37:04 solver.py:224 ] 
=! Best NMSE: -1.7825e+01 (epoch=1)

I 06.08/06:37:05 solver.py:159 ] Epoch: [2/200][20/282] lr: 2.68e-05 | MSE loss: 6.0863e-03 | time: 0.058
I 06.08/06:37:06 solver.py:159 ] Epoch: [2/200][40/282] lr: 2.85e-05 | MSE loss: 7.4559e-03 | time: 0.055
I 06.08/06:37:07 solver.py:159 ] Epoch: [2/200][60/282] lr: 3.03e-05 | MSE loss: 7.6797e-03 | time: 0.052
I 06.08/06:37:08 solver.py:159 ] Epoch: [2/200][80/282] lr: 3.21e-05 | MSE loss: 7.7704e-03 | time: 0.051
I 06.08/06:37:09 solver.py:159 ] Epoch: [2/200][100/282] lr: 3.39e-05 | MSE loss: 8.0232e-03 | time: 0.050
I 06.08/06:37:10 solver.py:159 ] Epoch: [2/200][120/282] lr: 3.56e-05 | MSE loss: 8.0921e-03 | time: 0.049
I 06.08/06:37:11 solver.py:159 ] Epoch: [2/200][140/282] lr: 3.74e-05 | MSE loss: 8.0836e-03 | time: 0.049
I 06.08/06:37:12 solver.py:159 ] Epoch: [2/200][160/282] lr: 3.92e-05 | MSE loss: 8.3513e-03 | time: 0.048
I 06.08/06:37:13 solver.py:159 ] Epoch: [2/200][180/282] lr: 4.10e-05 | MSE loss: 8.1277e-03 | time: 0.048
I 06.08/06:37:14 solver.py:159 ] Epoch: [2/200][200/282] lr: 4.27e-05 | MSE loss: 8.0768e-03 | time: 0.048
I 06.08/06:37:15 solver.py:159 ] Epoch: [2/200][220/282] lr: 4.45e-05 | MSE loss: 8.0463e-03 | time: 0.048
I 06.08/06:37:16 solver.py:159 ] Epoch: [2/200][240/282] lr: 4.63e-05 | MSE loss: 8.2459e-03 | time: 0.048
I 06.08/06:37:17 solver.py:159 ] Epoch: [2/200][260/282] lr: 4.80e-05 | MSE loss: 8.1833e-03 | time: 0.048
I 06.08/06:37:18 solver.py:159 ] Epoch: [2/200][280/282] lr: 4.98e-05 | MSE loss: 8.2012e-03 | time: 0.049
I 06.08/06:37:18 solver.py:169 ] => Train  Loss: 8.1559e-03

I 06.08/06:37:19 solver.py:405 ] [20/32] loss: 9.3679e-03 | NMSE: -1.6777e+01 | time: 0.046
I 06.08/06:37:19 solver.py:413 ] => Test NMSE: -1.7826e+01

I 06.08/06:37:19 solver.py:345 ] => LoRA monitor [epoch=2] | trainable=163840/163840 | non_lora_trainable=0 | lora_l2=2.456611e+00 | lora_A_l2=2.407255e+00 | lora_B_l2=4.899584e-01 | component_l2=fc_decoder:2.456611e+00 | lora_abs_max=3.082514e-02 | delta_l2=7.522350e-01 | delta_rel=3.265421e-01 | train_loss=8.155944e-03 | test_loss=8.247506e-03 | nmse=-1.782647e+01
I 06.08/06:37:20 solver.py:224 ] 
=! Best NMSE: -1.7826e+01 (epoch=2)

I 06.08/06:37:21 solver.py:159 ] Epoch: [3/200][20/282] lr: 5.18e-05 | MSE loss: 8.7871e-03 | time: 0.047
I 06.08/06:37:22 solver.py:159 ] Epoch: [3/200][40/282] lr: 5.35e-05 | MSE loss: 7.6464e-03 | time: 0.050
I 06.08/06:37:23 solver.py:159 ] Epoch: [3/200][60/282] lr: 5.53e-05 | MSE loss: 7.6032e-03 | time: 0.050
I 06.08/06:37:24 solver.py:159 ] Epoch: [3/200][80/282] lr: 5.71e-05 | MSE loss: 7.9401e-03 | time: 0.050
I 06.08/06:37:25 solver.py:159 ] Epoch: [3/200][100/282] lr: 5.89e-05 | MSE loss: 8.6087e-03 | time: 0.050
I 06.08/06:37:26 solver.py:159 ] Epoch: [3/200][120/282] lr: 6.06e-05 | MSE loss: 8.5362e-03 | time: 0.051
I 06.08/06:37:27 solver.py:159 ] Epoch: [3/200][140/282] lr: 6.24e-05 | MSE loss: 8.6577e-03 | time: 0.052
I 06.08/06:37:28 solver.py:159 ] Epoch: [3/200][160/282] lr: 6.42e-05 | MSE loss: 8.2998e-03 | time: 0.053
I 06.08/06:37:29 solver.py:159 ] Epoch: [3/200][180/282] lr: 6.60e-05 | MSE loss: 8.3029e-03 | time: 0.053
I 06.08/06:37:30 solver.py:159 ] Epoch: [3/200][200/282] lr: 6.77e-05 | MSE loss: 8.2173e-03 | time: 0.052
I 06.08/06:37:31 solver.py:159 ] Epoch: [3/200][220/282] lr: 6.95e-05 | MSE loss: 8.1245e-03 | time: 0.052
I 06.08/06:37:32 solver.py:159 ] Epoch: [3/200][240/282] lr: 7.13e-05 | MSE loss: 8.2739e-03 | time: 0.052
I 06.08/06:37:33 solver.py:159 ] Epoch: [3/200][260/282] lr: 7.30e-05 | MSE loss: 8.2057e-03 | time: 0.053
I 06.08/06:37:34 solver.py:159 ] Epoch: [3/200][280/282] lr: 7.48e-05 | MSE loss: 8.1837e-03 | time: 0.053
I 06.08/06:37:35 solver.py:169 ] => Train  Loss: 8.1498e-03

I 06.08/06:37:36 solver.py:405 ] [20/32] loss: 9.3673e-03 | NMSE: -1.6777e+01 | time: 0.054
I 06.08/06:37:36 solver.py:413 ] => Test NMSE: -1.7827e+01

I 06.08/06:37:36 solver.py:345 ] => LoRA monitor [epoch=3] | trainable=163840/163840 | non_lora_trainable=0 | lora_l2=2.551330e+00 | lora_A_l2=2.456346e+00 | lora_B_l2=6.896756e-01 | component_l2=fc_decoder:2.551330e+00 | lora_abs_max=3.307251e-02 | delta_l2=1.027558e+00 | delta_rel=4.460585e-01 | train_loss=8.149789e-03 | test_loss=8.246924e-03 | nmse=-1.782678e+01
I 06.08/06:37:37 solver.py:224 ] 
=! Best NMSE: -1.7827e+01 (epoch=3)

I 06.08/06:37:38 solver.py:159 ] Epoch: [4/200][20/282] lr: 7.68e-05 | MSE loss: 7.4950e-03 | time: 0.067
I 06.08/06:37:40 solver.py:159 ] Epoch: [4/200][40/282] lr: 7.85e-05 | MSE loss: 8.6238e-03 | time: 0.067
I 06.08/06:37:41 solver.py:159 ] Epoch: [4/200][60/282] lr: 8.03e-05 | MSE loss: 7.9508e-03 | time: 0.066
I 06.08/06:37:42 solver.py:159 ] Epoch: [4/200][80/282] lr: 8.21e-05 | MSE loss: 7.9289e-03 | time: 0.064
I 06.08/06:37:43 solver.py:159 ] Epoch: [4/200][100/282] lr: 8.39e-05 | MSE loss: 8.1978e-03 | time: 0.063
I 06.08/06:37:44 solver.py:159 ] Epoch: [4/200][120/282] lr: 8.56e-05 | MSE loss: 7.9645e-03 | time: 0.062
I 06.08/06:37:46 solver.py:159 ] Epoch: [4/200][140/282] lr: 8.74e-05 | MSE loss: 8.1076e-03 | time: 0.061
I 06.08/06:37:47 solver.py:159 ] Epoch: [4/200][160/282] lr: 8.92e-05 | MSE loss: 8.2360e-03 | time: 0.061
I 06.08/06:37:48 solver.py:159 ] Epoch: [4/200][180/282] lr: 9.10e-05 | MSE loss: 7.9405e-03 | time: 0.060
I 06.08/06:37:49 solver.py:159 ] Epoch: [4/200][200/282] lr: 9.27e-05 | MSE loss: 8.0176e-03 | time: 0.060
I 06.08/06:37:50 solver.py:159 ] Epoch: [4/200][220/282] lr: 9.45e-05 | MSE loss: 8.0644e-03 | time: 0.059
I 06.08/06:37:51 solver.py:159 ] Epoch: [4/200][240/282] lr: 9.63e-05 | MSE loss: 8.1690e-03 | time: 0.059
I 06.08/06:37:52 solver.py:159 ] Epoch: [4/200][260/282] lr: 9.80e-05 | MSE loss: 8.1996e-03 | time: 0.059
I 06.08/06:37:53 solver.py:159 ] Epoch: [4/200][280/282] lr: 9.98e-05 | MSE loss: 8.1553e-03 | time: 0.059
I 06.08/06:37:53 solver.py:169 ] => Train  Loss: 8.2627e-03

I 06.08/06:37:55 solver.py:405 ] [20/32] loss: 9.3667e-03 | NMSE: -1.6778e+01 | time: 0.058
I 06.08/06:37:55 solver.py:413 ] => Test NMSE: -1.7827e+01

I 06.08/06:37:55 solver.py:345 ] => LoRA monitor [epoch=4] | trainable=163840/163840 | non_lora_trainable=0 | lora_l2=2.682534e+00 | lora_A_l2=2.514905e+00 | lora_B_l2=9.334027e-01 | component_l2=fc_decoder:2.682534e+00 | lora_abs_max=3.722192e-02 | delta_l2=1.333578e+00 | delta_rel=5.789005e-01 | train_loss=8.262706e-03 | test_loss=8.246478e-03 | nmse=-1.782702e+01
I 06.08/06:37:56 solver.py:224 ] 
=! Best NMSE: -1.7827e+01 (epoch=4)

I 06.08/06:37:57 solver.py:159 ] Epoch: [5/200][20/282] lr: 1.02e-04 | MSE loss: 8.0936e-03 | time: 0.060
I 06.08/06:37:58 solver.py:159 ] Epoch: [5/200][40/282] lr: 1.04e-04 | MSE loss: 8.7728e-03 | time: 0.060
I 06.08/06:37:59 solver.py:159 ] Epoch: [5/200][60/282] lr: 1.05e-04 | MSE loss: 9.0624e-03 | time: 0.059
I 06.08/06:38:01 solver.py:159 ] Epoch: [5/200][80/282] lr: 1.07e-04 | MSE loss: 8.6299e-03 | time: 0.069
I 06.08/06:38:05 solver.py:159 ] Epoch: [5/200][100/282] lr: 1.09e-04 | MSE loss: 8.2834e-03 | time: 0.090
I 06.08/06:38:06 solver.py:159 ] Epoch: [5/200][120/282] lr: 1.11e-04 | MSE loss: 7.7348e-03 | time: 0.087
I 06.08/06:38:08 solver.py:159 ] Epoch: [5/200][140/282] lr: 1.12e-04 | MSE loss: 7.7725e-03 | time: 0.083
I 06.08/06:38:09 solver.py:159 ] Epoch: [5/200][160/282] lr: 1.14e-04 | MSE loss: 7.8258e-03 | time: 0.080
I 06.08/06:38:10 solver.py:159 ] Epoch: [5/200][180/282] lr: 1.16e-04 | MSE loss: 7.6918e-03 | time: 0.078
I 06.08/06:38:11 solver.py:159 ] Epoch: [5/200][200/282] lr: 1.18e-04 | MSE loss: 7.7473e-03 | time: 0.077
I 06.08/06:38:13 solver.py:159 ] Epoch: [5/200][220/282] lr: 1.20e-04 | MSE loss: 7.8075e-03 | time: 0.076
I 06.08/06:38:14 solver.py:159 ] Epoch: [5/200][240/282] lr: 1.21e-04 | MSE loss: 8.0079e-03 | time: 0.075
I 06.08/06:38:15 solver.py:159 ] Epoch: [5/200][260/282] lr: 1.23e-04 | MSE loss: 8.1161e-03 | time: 0.075
I 06.08/06:38:17 solver.py:159 ] Epoch: [5/200][280/282] lr: 1.25e-04 | MSE loss: 8.1699e-03 | time: 0.074
I 06.08/06:38:17 solver.py:169 ] => Train  Loss: 8.1680e-03

I 06.08/06:38:18 solver.py:405 ] [20/32] loss: 9.3662e-03 | NMSE: -1.6778e+01 | time: 0.060
I 06.08/06:38:19 solver.py:413 ] => Test NMSE: -1.7827e+01

I 06.08/06:38:19 solver.py:345 ] => LoRA monitor [epoch=5] | trainable=163840/163840 | non_lora_trainable=0 | lora_l2=2.847528e+00 | lora_A_l2=2.580957e+00 | lora_B_l2=1.202945e+00 | component_l2=fc_decoder:2.847528e+00 | lora_abs_max=4.078907e-02 | delta_l2=1.656619e+00 | delta_rel=7.191313e-01 | train_loss=8.167964e-03 | test_loss=8.246258e-03 | nmse=-1.782713e+01
I 06.08/06:38:19 solver.py:224 ] 
=! Best NMSE: -1.7827e+01 (epoch=5)

I 06.08/06:38:21 solver.py:159 ] Epoch: [6/200][20/282] lr: 1.27e-04 | MSE loss: 6.5226e-03 | time: 0.062
I 06.08/06:38:22 solver.py:159 ] Epoch: [6/200][40/282] lr: 1.29e-04 | MSE loss: 6.7096e-03 | time: 0.062
I 06.08/06:38:23 solver.py:159 ] Epoch: [6/200][60/282] lr: 1.30e-04 | MSE loss: 7.5058e-03 | time: 0.064
I 06.08/06:38:25 solver.py:159 ] Epoch: [6/200][80/282] lr: 1.32e-04 | MSE loss: 7.6554e-03 | time: 0.065
I 06.08/06:38:26 solver.py:159 ] Epoch: [6/200][100/282] lr: 1.34e-04 | MSE loss: 7.7544e-03 | time: 0.066
I 06.08/06:38:27 solver.py:159 ] Epoch: [6/200][120/282] lr: 1.36e-04 | MSE loss: 7.9080e-03 | time: 0.067
I 06.08/06:38:29 solver.py:159 ] Epoch: [6/200][140/282] lr: 1.37e-04 | MSE loss: 8.2260e-03 | time: 0.068
I 06.08/06:38:30 solver.py:159 ] Epoch: [6/200][160/282] lr: 1.39e-04 | MSE loss: 8.1345e-03 | time: 0.068
I 06.08/06:38:32 solver.py:159 ] Epoch: [6/200][180/282] lr: 1.41e-04 | MSE loss: 8.1330e-03 | time: 0.069
I 06.08/06:38:33 solver.py:159 ] Epoch: [6/200][200/282] lr: 1.43e-04 | MSE loss: 8.0276e-03 | time: 0.069
I 06.08/06:38:34 solver.py:159 ] Epoch: [6/200][220/282] lr: 1.45e-04 | MSE loss: 8.1395e-03 | time: 0.069
I 06.08/06:38:36 solver.py:159 ] Epoch: [6/200][240/282] lr: 1.46e-04 | MSE loss: 8.2071e-03 | time: 0.069
I 06.08/06:38:37 solver.py:159 ] Epoch: [6/200][260/282] lr: 1.48e-04 | MSE loss: 8.0132e-03 | time: 0.069
I 06.08/06:38:39 solver.py:159 ] Epoch: [6/200][280/282] lr: 1.50e-04 | MSE loss: 8.1927e-03 | time: 0.069
I 06.08/06:38:39 solver.py:169 ] => Train  Loss: 8.1476e-03

I 06.08/06:38:40 solver.py:405 ] [20/32] loss: 9.3660e-03 | NMSE: -1.6778e+01 | time: 0.067
I 06.08/06:38:41 solver.py:413 ] => Test NMSE: -1.7827e+01

I 06.08/06:38:41 solver.py:345 ] => LoRA monitor [epoch=6] | trainable=163840/163840 | non_lora_trainable=0 | lora_l2=3.014358e+00 | lora_A_l2=2.633584e+00 | lora_B_l2=1.466489e+00 | component_l2=fc_decoder:3.014358e+00 | lora_abs_max=4.418769e-02 | delta_l2=1.952276e+00 | delta_rel=8.474749e-01 | train_loss=8.147629e-03 | test_loss=8.246003e-03 | nmse=-1.782726e+01
I 06.08/06:38:41 solver.py:224 ] 
=! Best NMSE: -1.7827e+01 (epoch=6)

I 06.08/06:38:43 solver.py:159 ] Epoch: [7/200][20/282] lr: 1.52e-04 | MSE loss: 7.2551e-03 | time: 0.067
I 06.08/06:38:44 solver.py:159 ] Epoch: [7/200][40/282] lr: 1.54e-04 | MSE loss: 7.5739e-03 | time: 0.074
I 06.08/06:38:46 solver.py:159 ] Epoch: [7/200][60/282] lr: 1.55e-04 | MSE loss: 8.4633e-03 | time: 0.074
I 06.08/06:38:47 solver.py:159 ] Epoch: [7/200][80/282] lr: 1.57e-04 | MSE loss: 8.1379e-03 | time: 0.075
I 06.08/06:38:48 solver.py:159 ] Epoch: [7/200][100/282] lr: 1.59e-04 | MSE loss: 7.9710e-03 | time: 0.073
I 06.08/06:38:50 solver.py:159 ] Epoch: [7/200][120/282] lr: 1.61e-04 | MSE loss: 7.9661e-03 | time: 0.072
I 06.08/06:38:51 solver.py:159 ] Epoch: [7/200][140/282] lr: 1.62e-04 | MSE loss: 8.4494e-03 | time: 0.071
I 06.08/06:38:53 solver.py:159 ] Epoch: [7/200][160/282] lr: 1.64e-04 | MSE loss: 8.2387e-03 | time: 0.071
I 06.08/06:38:54 solver.py:159 ] Epoch: [7/200][180/282] lr: 1.66e-04 | MSE loss: 8.2654e-03 | time: 0.071
I 06.08/06:38:56 solver.py:159 ] Epoch: [7/200][200/282] lr: 1.68e-04 | MSE loss: 8.2764e-03 | time: 0.072
I 06.08/06:38:57 solver.py:159 ] Epoch: [7/200][220/282] lr: 1.70e-04 | MSE loss: 8.2367e-03 | time: 0.072
I 06.08/06:38:58 solver.py:159 ] Epoch: [7/200][240/282] lr: 1.71e-04 | MSE loss: 8.0410e-03 | time: 0.071
I 06.08/06:39:00 solver.py:159 ] Epoch: [7/200][260/282] lr: 1.73e-04 | MSE loss: 8.0894e-03 | time: 0.071
I 06.08/06:39:02 solver.py:159 ] Epoch: [7/200][280/282] lr: 1.75e-04 | MSE loss: 8.1985e-03 | time: 0.073
I 06.08/06:39:02 solver.py:169 ] => Train  Loss: 8.1471e-03

I 06.08/06:39:05 solver.py:405 ] [20/32] loss: 9.3664e-03 | NMSE: -1.6778e+01 | time: 0.128
I 06.08/06:39:05 solver.py:413 ] => Test NMSE: -1.7827e+01

I 06.08/06:39:05 solver.py:345 ] => LoRA monitor [epoch=7] | trainable=163840/163840 | non_lora_trainable=0 | lora_l2=3.198058e+00 | lora_A_l2=2.688941e+00 | lora_B_l2=1.731235e+00 | component_l2=fc_decoder:3.198058e+00 | lora_abs_max=4.735633e-02 | delta_l2=2.243823e+00 | delta_rel=9.740342e-01 | train_loss=8.147053e-03 | test_loss=8.246263e-03 | nmse=-1.782713e+01
I 06.08/06:39:05 solver.py:224 ] 
=! Best NMSE: -1.7827e+01 (epoch=6)

I 06.08/06:39:07 solver.py:159 ] Epoch: [8/200][20/282] lr: 1.77e-04 | MSE loss: 7.1584e-03 | time: 0.069
I 06.08/06:39:08 solver.py:159 ] Epoch: [8/200][40/282] lr: 1.79e-04 | MSE loss: 6.9048e-03 | time: 0.070
I 06.08/06:39:09 solver.py:159 ] Epoch: [8/200][60/282] lr: 1.80e-04 | MSE loss: 7.4210e-03 | time: 0.068
I 06.08/06:39:11 solver.py:159 ] Epoch: [8/200][80/282] lr: 1.82e-04 | MSE loss: 7.5364e-03 | time: 0.068
I 06.08/06:39:12 solver.py:159 ] Epoch: [8/200][100/282] lr: 1.84e-04 | MSE loss: 7.9667e-03 | time: 0.068
I 06.08/06:39:13 solver.py:159 ] Epoch: [8/200][120/282] lr: 1.86e-04 | MSE loss: 8.0567e-03 | time: 0.067
I 06.08/06:39:15 solver.py:159 ] Epoch: [8/200][140/282] lr: 1.87e-04 | MSE loss: 8.1592e-03 | time: 0.067
I 06.08/06:39:16 solver.py:159 ] Epoch: [8/200][160/282] lr: 1.89e-04 | MSE loss: 8.6261e-03 | time: 0.067
I 06.08/06:39:17 solver.py:159 ] Epoch: [8/200][180/282] lr: 1.91e-04 | MSE loss: 8.3840e-03 | time: 0.067
I 06.08/06:39:19 solver.py:159 ] Epoch: [8/200][200/282] lr: 1.93e-04 | MSE loss: 8.2923e-03 | time: 0.067
I 06.08/06:39:20 solver.py:159 ] Epoch: [8/200][220/282] lr: 1.95e-04 | MSE loss: 8.2676e-03 | time: 0.068
I 06.08/06:39:22 solver.py:159 ] Epoch: [8/200][240/282] lr: 1.96e-04 | MSE loss: 8.3662e-03 | time: 0.068
I 06.08/06:39:23 solver.py:159 ] Epoch: [8/200][260/282] lr: 1.98e-04 | MSE loss: 8.2314e-03 | time: 0.069
I 06.08/06:39:25 solver.py:159 ] Epoch: [8/200][280/282] lr: 2.00e-04 | MSE loss: 8.1966e-03 | time: 0.069
I 06.08/06:39:25 solver.py:169 ] => Train  Loss: 8.1558e-03

I 06.08/06:39:27 solver.py:405 ] [20/32] loss: 9.3654e-03 | NMSE: -1.6778e+01 | time: 0.081
I 06.08/06:39:27 solver.py:413 ] => Test NMSE: -1.7827e+01

I 06.08/06:39:27 solver.py:345 ] => LoRA monitor [epoch=8] | trainable=163840/163840 | non_lora_trainable=0 | lora_l2=3.395361e+00 | lora_A_l2=2.741206e+00 | lora_B_l2=2.003563e+00 | component_l2=fc_decoder:3.395361e+00 | lora_abs_max=4.900047e-02 | delta_l2=2.534188e+00 | delta_rel=1.100080e+00 | train_loss=8.155770e-03 | test_loss=8.245646e-03 | nmse=-1.782745e+01
I 06.08/06:39:28 solver.py:224 ] 
=! Best NMSE: -1.7827e+01 (epoch=8)

I 06.08/06:39:30 solver.py:159 ] Epoch: [9/200][20/282] lr: 2.02e-04 | MSE loss: 7.3073e-03 | time: 0.072
I 06.08/06:39:31 solver.py:159 ] Epoch: [9/200][40/282] lr: 2.04e-04 | MSE loss: 7.2804e-03 | time: 0.072
I 06.08/06:39:32 solver.py:159 ] Epoch: [9/200][60/282] lr: 2.05e-04 | MSE loss: 7.9657e-03 | time: 0.070
I 06.08/06:39:34 solver.py:159 ] Epoch: [9/200][80/282] lr: 2.07e-04 | MSE loss: 7.6682e-03 | time: 0.068
I 06.08/06:39:35 solver.py:159 ] Epoch: [9/200][100/282] lr: 2.09e-04 | MSE loss: 7.7254e-03 | time: 0.068
I 06.08/06:39:36 solver.py:159 ] Epoch: [9/200][120/282] lr: 2.11e-04 | MSE loss: 7.9248e-03 | time: 0.067
I 06.08/06:39:37 solver.py:159 ] Epoch: [9/200][140/282] lr: 2.12e-04 | MSE loss: 7.6722e-03 | time: 0.067
I 06.08/06:39:39 solver.py:159 ] Epoch: [9/200][160/282] lr: 2.14e-04 | MSE loss: 7.8011e-03 | time: 0.067
I 06.08/06:39:40 solver.py:159 ] Epoch: [9/200][180/282] lr: 2.16e-04 | MSE loss: 7.9644e-03 | time: 0.067
I 06.08/06:39:41 solver.py:159 ] Epoch: [9/200][200/282] lr: 2.18e-04 | MSE loss: 8.0270e-03 | time: 0.067
I 06.08/06:39:43 solver.py:159 ] Epoch: [9/200][220/282] lr: 2.20e-04 | MSE loss: 7.9939e-03 | time: 0.067
I 06.08/06:39:44 solver.py:159 ] Epoch: [9/200][240/282] lr: 2.21e-04 | MSE loss: 8.0750e-03 | time: 0.066
I 06.08/06:39:45 solver.py:159 ] Epoch: [9/200][260/282] lr: 2.23e-04 | MSE loss: 8.1057e-03 | time: 0.067
I 06.08/06:39:47 solver.py:159 ] Epoch: [9/200][280/282] lr: 2.25e-04 | MSE loss: 8.1695e-03 | time: 0.067
I 06.08/06:39:47 solver.py:169 ] => Train  Loss: 8.1622e-03

I 06.08/06:39:48 solver.py:405 ] [20/32] loss: 9.3657e-03 | NMSE: -1.6778e+01 | time: 0.066
I 06.08/06:39:49 solver.py:413 ] => Test NMSE: -1.7827e+01

I 06.08/06:39:49 solver.py:345 ] => LoRA monitor [epoch=9] | trainable=163840/163840 | non_lora_trainable=0 | lora_l2=3.617296e+00 | lora_A_l2=2.805170e+00 | lora_B_l2=2.283824e+00 | component_l2=fc_decoder:3.617296e+00 | lora_abs_max=5.077405e-02 | delta_l2=2.837445e+00 | delta_rel=1.231723e+00 | train_loss=8.162224e-03 | test_loss=8.245829e-03 | nmse=-1.782736e+01
I 06.08/06:39:49 solver.py:224 ] 
=! Best NMSE: -1.7827e+01 (epoch=8)

I 06.08/06:39:50 solver.py:159 ] Epoch: [10/200][20/282] lr: 2.27e-04 | MSE loss: 9.6040e-03 | time: 0.070
I 06.08/06:39:52 solver.py:159 ] Epoch: [10/200][40/282] lr: 2.29e-04 | MSE loss: 8.6334e-03 | time: 0.069
I 06.08/06:39:53 solver.py:159 ] Epoch: [10/200][60/282] lr: 2.30e-04 | MSE loss: 8.1375e-03 | time: 0.069
I 06.08/06:39:55 solver.py:159 ] Epoch: [10/200][80/282] lr: 2.32e-04 | MSE loss: 7.9751e-03 | time: 0.069
I 06.08/06:39:56 solver.py:159 ] Epoch: [10/200][100/282] lr: 2.34e-04 | MSE loss: 7.9127e-03 | time: 0.067
I 06.08/06:39:57 solver.py:159 ] Epoch: [10/200][120/282] lr: 2.36e-04 | MSE loss: 8.3390e-03 | time: 0.069
I 06.08/06:39:59 solver.py:159 ] Epoch: [10/200][140/282] lr: 2.37e-04 | MSE loss: 8.4885e-03 | time: 0.068
I 06.08/06:40:00 solver.py:159 ] Epoch: [10/200][160/282] lr: 2.39e-04 | MSE loss: 8.4025e-03 | time: 0.069
I 06.08/06:40:03 solver.py:159 ] Epoch: [10/200][180/282] lr: 2.41e-04 | MSE loss: 8.3909e-03 | time: 0.079
I 06.08/06:40:06 solver.py:159 ] Epoch: [10/200][200/282] lr: 2.43e-04 | MSE loss: 8.3165e-03 | time: 0.083
I 06.08/06:40:07 solver.py:159 ] Epoch: [10/200][220/282] lr: 2.45e-04 | MSE loss: 8.3363e-03 | time: 0.081
I 06.08/06:40:08 solver.py:159 ] Epoch: [10/200][240/282] lr: 2.46e-04 | MSE loss: 8.3331e-03 | time: 0.081
I 06.08/06:40:10 solver.py:159 ] Epoch: [10/200][260/282] lr: 2.48e-04 | MSE loss: 8.1704e-03 | time: 0.080
I 06.08/06:40:11 solver.py:159 ] Epoch: [10/200][280/282] lr: 2.50e-04 | MSE loss: 8.1651e-03 | time: 0.078
I 06.08/06:40:11 solver.py:169 ] => Train  Loss: 8.1455e-03

I 06.08/06:40:12 solver.py:159 ] Epoch: [10/200][20/32] lr: 2.50e-04 | MSE loss: 9.3653e-03 | time: 0.060
I 06.08/06:40:13 solver.py:169 ] => Val  Loss: 8.0608e-03

I 06.08/06:40:14 solver.py:405 ] [20/32] loss: 9.3653e-03 | NMSE: -1.6778e+01 | time: 0.070
I 06.08/06:40:15 solver.py:413 ] => Test NMSE: -1.7828e+01

I 06.08/06:40:15 solver.py:345 ] => LoRA monitor [epoch=10] | trainable=163840/163840 | non_lora_trainable=0 | lora_l2=3.824453e+00 | lora_A_l2=2.846569e+00 | lora_B_l2=2.554112e+00 | component_l2=fc_decoder:3.824453e+00 | lora_abs_max=5.493088e-02 | delta_l2=3.113219e+00 | delta_rel=1.351435e+00 | train_loss=8.145536e-03 | val_loss=8.060819e-03 | test_loss=8.245527e-03 | nmse=-1.782751e+01
I 06.08/06:40:15 solver.py:224 ] 
=! Best NMSE: -1.7828e+01 (epoch=10)

I 06.08/06:40:17 solver.py:159 ] Epoch: [11/200][20/282] lr: 2.52e-04 | MSE loss: 9.8875e-03 | time: 0.071
I 06.08/06:40:18 solver.py:159 ] Epoch: [11/200][40/282] lr: 2.54e-04 | MSE loss: 8.8792e-03 | time: 0.070
I 06.08/06:40:20 solver.py:159 ] Epoch: [11/200][60/282] lr: 2.55e-04 | MSE loss: 8.5167e-03 | time: 0.070
I 06.08/06:40:21 solver.py:159 ] Epoch: [11/200][80/282] lr: 2.57e-04 | MSE loss: 8.4673e-03 | time: 0.069
I 06.08/06:40:22 solver.py:159 ] Epoch: [11/200][100/282] lr: 2.59e-04 | MSE loss: 8.2751e-03 | time: 0.070
I 06.08/06:40:24 solver.py:159 ] Epoch: [11/200][120/282] lr: 2.61e-04 | MSE loss: 8.4011e-03 | time: 0.070
I 06.08/06:40:25 solver.py:159 ] Epoch: [11/200][140/282] lr: 2.62e-04 | MSE loss: 8.3191e-03 | time: 0.069
I 06.08/06:40:27 solver.py:159 ] Epoch: [11/200][160/282] lr: 2.64e-04 | MSE loss: 8.3242e-03 | time: 0.070
I 06.08/06:40:28 solver.py:159 ] Epoch: [11/200][180/282] lr: 2.66e-04 | MSE loss: 8.1764e-03 | time: 0.069
I 06.08/06:40:29 solver.py:159 ] Epoch: [11/200][200/282] lr: 2.68e-04 | MSE loss: 8.1220e-03 | time: 0.069
I 06.08/06:40:31 solver.py:159 ] Epoch: [11/200][220/282] lr: 2.70e-04 | MSE loss: 8.1052e-03 | time: 0.069
I 06.08/06:40:32 solver.py:159 ] Epoch: [11/200][240/282] lr: 2.71e-04 | MSE loss: 8.0144e-03 | time: 0.068
I 06.08/06:40:33 solver.py:159 ] Epoch: [11/200][260/282] lr: 2.73e-04 | MSE loss: 8.1016e-03 | time: 0.067
I 06.08/06:40:34 solver.py:159 ] Epoch: [11/200][280/282] lr: 2.75e-04 | MSE loss: 8.1732e-03 | time: 0.068
I 06.08/06:40:34 solver.py:169 ] => Train  Loss: 8.1465e-03

I 06.08/06:40:36 solver.py:405 ] [20/32] loss: 9.3649e-03 | NMSE: -1.6778e+01 | time: 0.064
I 06.08/06:40:36 solver.py:413 ] => Test NMSE: -1.7828e+01

I 06.08/06:40:36 solver.py:345 ] => LoRA monitor [epoch=11] | trainable=163840/163840 | non_lora_trainable=0 | lora_l2=4.054241e+00 | lora_A_l2=2.902750e+00 | lora_B_l2=2.830356e+00 | component_l2=fc_decoder:4.054241e+00 | lora_abs_max=5.541503e-02 | delta_l2=3.400760e+00 | delta_rel=1.476256e+00 | train_loss=8.146470e-03 | test_loss=8.245339e-03 | nmse=-1.782761e+01
I 06.08/06:40:37 solver.py:224 ] 
=! Best NMSE: -1.7828e+01 (epoch=11)

I 06.08/06:40:38 solver.py:159 ] Epoch: [12/200][20/282] lr: 2.77e-04 | MSE loss: 8.1163e-03 | time: 0.068
I 06.08/06:40:40 solver.py:159 ] Epoch: [12/200][40/282] lr: 2.79e-04 | MSE loss: 7.6194e-03 | time: 0.069
I 06.08/06:40:41 solver.py:159 ] Epoch: [12/200][60/282] lr: 2.80e-04 | MSE loss: 7.5212e-03 | time: 0.066
I 06.08/06:40:42 solver.py:159 ] Epoch: [12/200][80/282] lr: 2.82e-04 | MSE loss: 7.5599e-03 | time: 0.069
I 06.08/06:40:44 solver.py:159 ] Epoch: [12/200][100/282] lr: 2.84e-04 | MSE loss: 7.4227e-03 | time: 0.070
I 06.08/06:40:45 solver.py:159 ] Epoch: [12/200][120/282] lr: 2.86e-04 | MSE loss: 7.5875e-03 | time: 0.069
I 06.08/06:40:46 solver.py:159 ] Epoch: [12/200][140/282] lr: 2.87e-04 | MSE loss: 7.5659e-03 | time: 0.069
I 06.08/06:40:48 solver.py:159 ] Epoch: [12/200][160/282] lr: 2.89e-04 | MSE loss: 7.6604e-03 | time: 0.069
I 06.08/06:40:49 solver.py:159 ] Epoch: [12/200][180/282] lr: 2.91e-04 | MSE loss: 7.5715e-03 | time: 0.068
I 06.08/06:40:50 solver.py:159 ] Epoch: [12/200][200/282] lr: 2.93e-04 | MSE loss: 7.5772e-03 | time: 0.068
I 06.08/06:40:52 solver.py:159 ] Epoch: [12/200][220/282] lr: 2.95e-04 | MSE loss: 7.8196e-03 | time: 0.068
I 06.08/06:40:53 solver.py:159 ] Epoch: [12/200][240/282] lr: 2.96e-04 | MSE loss: 7.9693e-03 | time: 0.068
I 06.08/06:40:55 solver.py:159 ] Epoch: [12/200][260/282] lr: 2.98e-04 | MSE loss: 8.0121e-03 | time: 0.068
I 06.08/06:40:56 solver.py:159 ] Epoch: [12/200][280/282] lr: 3.00e-04 | MSE loss: 8.1458e-03 | time: 0.067
I 06.08/06:40:56 solver.py:169 ] => Train  Loss: 8.2460e-03

I 06.08/06:40:57 solver.py:405 ] [20/32] loss: 9.3649e-03 | NMSE: -1.6778e+01 | time: 0.068
I 06.08/06:40:58 solver.py:413 ] => Test NMSE: -1.7828e+01

I 06.08/06:40:58 solver.py:345 ] => LoRA monitor [epoch=12] | trainable=163840/163840 | non_lora_trainable=0 | lora_l2=4.265888e+00 | lora_A_l2=2.936807e+00 | lora_B_l2=3.094021e+00 | component_l2=fc_decoder:4.265888e+00 | lora_abs_max=6.359055e-02 | delta_l2=3.661505e+00 | delta_rel=1.589444e+00 | train_loss=8.245989e-03 | test_loss=8.245482e-03 | nmse=-1.782754e+01
I 06.08/06:40:58 solver.py:224 ] 
=! Best NMSE: -1.7828e+01 (epoch=11)

I 06.08/06:40:59 solver.py:159 ] Epoch: [13/200][20/282] lr: 3.02e-04 | MSE loss: 9.0039e-03 | time: 0.068
I 06.08/06:41:01 solver.py:159 ] Epoch: [13/200][40/282] lr: 3.04e-04 | MSE loss: 7.8566e-03 | time: 0.078
I 06.08/06:41:05 solver.py:159 ] Epoch: [13/200][60/282] lr: 3.05e-04 | MSE loss: 8.6058e-03 | time: 0.113
I 06.08/06:41:06 solver.py:159 ] Epoch: [13/200][80/282] lr: 3.07e-04 | MSE loss: 8.4140e-03 | time: 0.106
I 06.08/06:41:08 solver.py:159 ] Epoch: [13/200][100/282] lr: 3.09e-04 | MSE loss: 8.1050e-03 | time: 0.098
I 06.08/06:41:09 solver.py:159 ] Epoch: [13/200][120/282] lr: 3.11e-04 | MSE loss: 8.1256e-03 | time: 0.093
I 06.08/06:41:10 solver.py:159 ] Epoch: [13/200][140/282] lr: 3.12e-04 | MSE loss: 8.1062e-03 | time: 0.088
I 06.08/06:41:12 solver.py:159 ] Epoch: [13/200][160/282] lr: 3.14e-04 | MSE loss: 8.0858e-03 | time: 0.087
I 06.08/06:41:13 solver.py:159 ] Epoch: [13/200][180/282] lr: 3.16e-04 | MSE loss: 7.8929e-03 | time: 0.085
I 06.08/06:41:14 solver.py:159 ] Epoch: [13/200][200/282] lr: 3.18e-04 | MSE loss: 8.0440e-03 | time: 0.082
I 06.08/06:41:16 solver.py:159 ] Epoch: [13/200][220/282] lr: 3.20e-04 | MSE loss: 8.2041e-03 | time: 0.081
I 06.08/06:41:17 solver.py:159 ] Epoch: [13/200][240/282] lr: 3.21e-04 | MSE loss: 8.2274e-03 | time: 0.080
I 06.08/06:41:18 solver.py:159 ] Epoch: [13/200][260/282] lr: 3.23e-04 | MSE loss: 8.1347e-03 | time: 0.079
I 06.08/06:41:20 solver.py:159 ] Epoch: [13/200][280/282] lr: 3.25e-04 | MSE loss: 8.1751e-03 | time: 0.077
I 06.08/06:41:20 solver.py:169 ] => Train  Loss: 8.1686e-03

I 06.08/06:41:21 solver.py:405 ] [20/32] loss: 9.3642e-03 | NMSE: -1.6779e+01 | time: 0.061
I 06.08/06:41:22 solver.py:413 ] => Test NMSE: -1.7828e+01

I 06.08/06:41:22 solver.py:345 ] => LoRA monitor [epoch=13] | trainable=163840/163840 | non_lora_trainable=0 | lora_l2=4.498079e+00 | lora_A_l2=2.975699e+00 | lora_B_l2=3.373119e+00 | component_l2=fc_decoder:4.498079e+00 | lora_abs_max=6.634423e-02 | delta_l2=3.940411e+00 | delta_rel=1.710516e+00 | train_loss=8.168612e-03 | test_loss=8.244788e-03 | nmse=-1.782791e+01
I 06.08/06:41:22 solver.py:224 ] 
=! Best NMSE: -1.7828e+01 (epoch=13)

I 06.08/06:41:24 solver.py:159 ] Epoch: [14/200][20/282] lr: 3.27e-04 | MSE loss: 8.0055e-03 | time: 0.067
I 06.08/06:41:25 solver.py:159 ] Epoch: [14/200][40/282] lr: 3.29e-04 | MSE loss: 7.3420e-03 | time: 0.069
I 06.08/06:41:26 solver.py:159 ] Epoch: [14/200][60/282] lr: 3.30e-04 | MSE loss: 7.1926e-03 | time: 0.068
I 06.08/06:41:28 solver.py:159 ] Epoch: [14/200][80/282] lr: 3.32e-04 | MSE loss: 7.7332e-03 | time: 0.067
I 06.08/06:41:29 solver.py:159 ] Epoch: [14/200][100/282] lr: 3.34e-04 | MSE loss: 7.7043e-03 | time: 0.066
I 06.08/06:41:30 solver.py:159 ] Epoch: [14/200][120/282] lr: 3.36e-04 | MSE loss: 7.8804e-03 | time: 0.065
I 06.08/06:41:31 solver.py:159 ] Epoch: [14/200][140/282] lr: 3.37e-04 | MSE loss: 8.0105e-03 | time: 0.065
I 06.08/06:41:32 solver.py:159 ] Epoch: [14/200][160/282] lr: 3.39e-04 | MSE loss: 7.9942e-03 | time: 0.064
I 06.08/06:41:34 solver.py:159 ] Epoch: [14/200][180/282] lr: 3.41e-04 | MSE loss: 7.7188e-03 | time: 0.064
I 06.08/06:41:35 solver.py:159 ] Epoch: [14/200][200/282] lr: 3.43e-04 | MSE loss: 7.8716e-03 | time: 0.063
I 06.08/06:41:36 solver.py:159 ] Epoch: [14/200][220/282] lr: 3.45e-04 | MSE loss: 7.7995e-03 | time: 0.064
I 06.08/06:41:38 solver.py:159 ] Epoch: [14/200][240/282] lr: 3.46e-04 | MSE loss: 7.8184e-03 | time: 0.065
I 06.08/06:41:39 solver.py:159 ] Epoch: [14/200][260/282] lr: 3.48e-04 | MSE loss: 8.0675e-03 | time: 0.066
I 06.08/06:41:41 solver.py:159 ] Epoch: [14/200][280/282] lr: 3.50e-04 | MSE loss: 8.1628e-03 | time: 0.066
I 06.08/06:41:41 solver.py:169 ] => Train  Loss: 8.1666e-03

I 06.08/06:41:42 solver.py:405 ] [20/32] loss: 9.3654e-03 | NMSE: -1.6778e+01 | time: 0.069
I 06.08/06:41:43 solver.py:413 ] => Test NMSE: -1.7827e+01

I 06.08/06:41:43 solver.py:345 ] => LoRA monitor [epoch=14] | trainable=163840/163840 | non_lora_trainable=0 | lora_l2=4.731479e+00 | lora_A_l2=3.029520e+00 | lora_B_l2=3.634405e+00 | component_l2=fc_decoder:4.731479e+00 | lora_abs_max=6.846202e-02 | delta_l2=4.210717e+00 | delta_rel=1.827855e+00 | train_loss=8.166632e-03 | test_loss=8.245784e-03 | nmse=-1.782738e+01
I 06.08/06:41:43 solver.py:224 ] 
=! Best NMSE: -1.7828e+01 (epoch=13)

I 06.08/06:41:45 solver.py:159 ] Epoch: [15/200][20/282] lr: 3.52e-04 | MSE loss: 9.4027e-03 | time: 0.097
I 06.08/06:41:46 solver.py:159 ] Epoch: [15/200][40/282] lr: 3.54e-04 | MSE loss: 8.8808e-03 | time: 0.085
I 06.08/06:41:48 solver.py:159 ] Epoch: [15/200][60/282] lr: 3.55e-04 | MSE loss: 8.8264e-03 | time: 0.079
I 06.08/06:41:49 solver.py:159 ] Epoch: [15/200][80/282] lr: 3.57e-04 | MSE loss: 8.5309e-03 | time: 0.077
I 06.08/06:41:51 solver.py:159 ] Epoch: [15/200][100/282] lr: 3.59e-04 | MSE loss: 7.9452e-03 | time: 0.075
I 06.08/06:41:52 solver.py:159 ] Epoch: [15/200][120/282] lr: 3.61e-04 | MSE loss: 8.2803e-03 | time: 0.073
I 06.08/06:41:53 solver.py:159 ] Epoch: [15/200][140/282] lr: 3.62e-04 | MSE loss: 7.9183e-03 | time: 0.072
I 06.08/06:41:55 solver.py:159 ] Epoch: [15/200][160/282] lr: 3.64e-04 | MSE loss: 8.0342e-03 | time: 0.072
I 06.08/06:41:56 solver.py:159 ] Epoch: [15/200][180/282] lr: 3.66e-04 | MSE loss: 7.9983e-03 | time: 0.072
I 06.08/06:41:58 solver.py:159 ] Epoch: [15/200][200/282] lr: 3.68e-04 | MSE loss: 7.8067e-03 | time: 0.073
I 06.08/06:41:59 solver.py:159 ] Epoch: [15/200][220/282] lr: 3.70e-04 | MSE loss: 7.9520e-03 | time: 0.074
I 06.08/06:42:02 solver.py:159 ] Epoch: [15/200][240/282] lr: 3.71e-04 | MSE loss: 8.0034e-03 | time: 0.079
I 06.08/06:42:05 solver.py:159 ] Epoch: [15/200][260/282] lr: 3.73e-04 | MSE loss: 8.1404e-03 | time: 0.085
I 06.08/06:42:07 solver.py:159 ] Epoch: [15/200][280/282] lr: 3.75e-04 | MSE loss: 8.1418e-03 | time: 0.085
I 06.08/06:42:07 solver.py:169 ] => Train  Loss: 8.1460e-03

I 06.08/06:42:08 solver.py:405 ] [20/32] loss: 9.3653e-03 | NMSE: -1.6778e+01 | time: 0.077
I 06.08/06:42:09 solver.py:413 ] => Test NMSE: -1.7827e+01

I 06.08/06:42:09 solver.py:345 ] => LoRA monitor [epoch=15] | trainable=163840/163840 | non_lora_trainable=0 | lora_l2=4.967043e+00 | lora_A_l2=3.066912e+00 | lora_B_l2=3.907117e+00 | component_l2=fc_decoder:4.967043e+00 | lora_abs_max=7.691243e-02 | delta_l2=4.479987e+00 | delta_rel=1.944744e+00 | train_loss=8.146035e-03 | test_loss=8.245872e-03 | nmse=-1.782734e+01
I 06.08/06:42:09 solver.py:224 ] 
=! Best NMSE: -1.7828e+01 (epoch=13)

I 06.08/06:42:11 solver.py:159 ] Epoch: [16/200][20/282] lr: 3.77e-04 | MSE loss: 8.7254e-03 | time: 0.078
I 06.08/06:42:12 solver.py:159 ] Epoch: [16/200][40/282] lr: 3.79e-04 | MSE loss: 8.5410e-03 | time: 0.077
I 06.08/06:42:14 solver.py:159 ] Epoch: [16/200][60/282] lr: 3.80e-04 | MSE loss: 8.1513e-03 | time: 0.076
I 06.08/06:42:15 solver.py:159 ] Epoch: [16/200][80/282] lr: 3.82e-04 | MSE loss: 7.6693e-03 | time: 0.072
I 06.08/06:42:17 solver.py:159 ] Epoch: [16/200][100/282] lr: 3.84e-04 | MSE loss: 7.8577e-03 | time: 0.073
I 06.08/06:42:18 solver.py:159 ] Epoch: [16/200][120/282] lr: 3.86e-04 | MSE loss: 8.1435e-03 | time: 0.072
I 06.08/06:42:19 solver.py:159 ] Epoch: [16/200][140/282] lr: 3.87e-04 | MSE loss: 8.1175e-03 | time: 0.072
I 06.08/06:42:21 solver.py:159 ] Epoch: [16/200][160/282] lr: 3.89e-04 | MSE loss: 8.3382e-03 | time: 0.072
I 06.08/06:42:22 solver.py:159 ] Epoch: [16/200][180/282] lr: 3.91e-04 | MSE loss: 8.1707e-03 | time: 0.072
I 06.08/06:42:24 solver.py:159 ] Epoch: [16/200][200/282] lr: 3.93e-04 | MSE loss: 8.0791e-03 | time: 0.072
I 06.08/06:42:25 solver.py:159 ] Epoch: [16/200][220/282] lr: 3.95e-04 | MSE loss: 8.1142e-03 | time: 0.072
I 06.08/06:42:27 solver.py:159 ] Epoch: [16/200][240/282] lr: 3.96e-04 | MSE loss: 8.2003e-03 | time: 0.073
I 06.08/06:42:28 solver.py:159 ] Epoch: [16/200][260/282] lr: 3.98e-04 | MSE loss: 8.0372e-03 | time: 0.073
I 06.08/06:42:30 solver.py:159 ] Epoch: [16/200][280/282] lr: 4.00e-04 | MSE loss: 8.1781e-03 | time: 0.073
I 06.08/06:42:30 solver.py:169 ] => Train  Loss: 8.1458e-03

I 06.08/06:42:31 solver.py:405 ] [20/32] loss: 9.3646e-03 | NMSE: -1.6778e+01 | time: 0.065
I 06.08/06:42:32 solver.py:413 ] => Test NMSE: -1.7827e+01

I 06.08/06:42:32 solver.py:345 ] => LoRA monitor [epoch=16] | trainable=163840/163840 | non_lora_trainable=0 | lora_l2=5.185922e+00 | lora_A_l2=3.111409e+00 | lora_B_l2=4.148846e+00 | component_l2=fc_decoder:5.185922e+00 | lora_abs_max=7.586106e-02 | delta_l2=4.724981e+00 | delta_rel=2.051095e+00 | train_loss=8.145847e-03 | test_loss=8.245640e-03 | nmse=-1.782746e+01
I 06.08/06:42:32 solver.py:224 ] 
=! Best NMSE: -1.7828e+01 (epoch=13)

I 06.08/06:42:33 solver.py:159 ] Epoch: [17/200][20/282] lr: 4.02e-04 | MSE loss: 8.8202e-03 | time: 0.069
I 06.08/06:42:34 solver.py:159 ] Epoch: [17/200][40/282] lr: 4.04e-04 | MSE loss: 8.3977e-03 | time: 0.067
I 06.08/06:42:36 solver.py:159 ] Epoch: [17/200][60/282] lr: 4.05e-04 | MSE loss: 8.6585e-03 | time: 0.068
I 06.08/06:42:37 solver.py:159 ] Epoch: [17/200][80/282] lr: 4.07e-04 | MSE loss: 8.8131e-03 | time: 0.068
I 06.08/06:42:39 solver.py:159 ] Epoch: [17/200][100/282] lr: 4.09e-04 | MSE loss: 8.6774e-03 | time: 0.069
I 06.08/06:42:40 solver.py:159 ] Epoch: [17/200][120/282] lr: 4.11e-04 | MSE loss: 8.5660e-03 | time: 0.070
I 06.08/06:42:42 solver.py:159 ] Epoch: [17/200][140/282] lr: 4.12e-04 | MSE loss: 7.8017e-03 | time: 0.070
I 06.08/06:42:43 solver.py:159 ] Epoch: [17/200][160/282] lr: 4.14e-04 | MSE loss: 7.9801e-03 | time: 0.071
I 06.08/06:42:45 solver.py:159 ] Epoch: [17/200][180/282] lr: 4.16e-04 | MSE loss: 8.1737e-03 | time: 0.073
I 06.08/06:42:46 solver.py:159 ] Epoch: [17/200][200/282] lr: 4.18e-04 | MSE loss: 8.0580e-03 | time: 0.073
I 06.08/06:42:48 solver.py:159 ] Epoch: [17/200][220/282] lr: 4.20e-04 | MSE loss: 8.1028e-03 | time: 0.073
I 06.08/06:42:49 solver.py:159 ] Epoch: [17/200][240/282] lr: 4.21e-04 | MSE loss: 8.1500e-03 | time: 0.073
I 06.08/06:42:51 solver.py:159 ] Epoch: [17/200][260/282] lr: 4.23e-04 | MSE loss: 8.1877e-03 | time: 0.072
I 06.08/06:42:52 solver.py:159 ] Epoch: [17/200][280/282] lr: 4.25e-04 | MSE loss: 8.1680e-03 | time: 0.072
I 06.08/06:42:52 solver.py:169 ] => Train  Loss: 8.1670e-03

I 06.08/06:42:53 solver.py:405 ] [20/32] loss: 9.3650e-03 | NMSE: -1.6778e+01 | time: 0.064
I 06.08/06:42:54 solver.py:413 ] => Test NMSE: -1.7828e+01

I 06.08/06:42:54 solver.py:345 ] => LoRA monitor [epoch=17] | trainable=163840/163840 | non_lora_trainable=0 | lora_l2=5.425519e+00 | lora_A_l2=3.145119e+00 | lora_B_l2=4.420914e+00 | component_l2=fc_decoder:5.425519e+00 | lora_abs_max=7.514288e-02 | delta_l2=4.994287e+00 | delta_rel=2.167999e+00 | train_loss=8.166957e-03 | test_loss=8.245533e-03 | nmse=-1.782751e+01
I 06.08/06:42:54 solver.py:224 ] 
=! Best NMSE: -1.7828e+01 (epoch=13)

I 06.08/06:42:56 solver.py:159 ] Epoch: [18/200][20/282] lr: 4.27e-04 | MSE loss: 7.1601e-03 | time: 0.070
I 06.08/06:42:57 solver.py:159 ] Epoch: [18/200][40/282] lr: 4.29e-04 | MSE loss: 8.6752e-03 | time: 0.066
I 06.08/06:42:58 solver.py:159 ] Epoch: [18/200][60/282] lr: 4.30e-04 | MSE loss: 8.5147e-03 | time: 0.067
I 06.08/06:42:59 solver.py:159 ] Epoch: [18/200][80/282] lr: 4.32e-04 | MSE loss: 8.9632e-03 | time: 0.067
I 06.08/06:43:01 solver.py:159 ] Epoch: [18/200][100/282] lr: 4.34e-04 | MSE loss: 8.1937e-03 | time: 0.073
I 06.08/06:43:05 solver.py:159 ] Epoch: [18/200][120/282] lr: 4.36e-04 | MSE loss: 8.2858e-03 | time: 0.091
I 06.08/06:43:07 solver.py:159 ] Epoch: [18/200][140/282] lr: 4.37e-04 | MSE loss: 8.4637e-03 | time: 0.093
I 06.08/06:43:09 solver.py:159 ] Epoch: [18/200][160/282] lr: 4.39e-04 | MSE loss: 8.6769e-03 | time: 0.090
I 06.08/06:43:10 solver.py:159 ] Epoch: [18/200][180/282] lr: 4.41e-04 | MSE loss: 8.5808e-03 | time: 0.087
I 06.08/06:43:11 solver.py:159 ] Epoch: [18/200][200/282] lr: 4.43e-04 | MSE loss: 8.3485e-03 | time: 0.086
I 06.08/06:43:13 solver.py:159 ] Epoch: [18/200][220/282] lr: 4.45e-04 | MSE loss: 8.0882e-03 | time: 0.086
I 06.08/06:43:15 solver.py:159 ] Epoch: [18/200][240/282] lr: 4.46e-04 | MSE loss: 8.1703e-03 | time: 0.086
I 06.08/06:43:17 solver.py:159 ] Epoch: [18/200][260/282] lr: 4.48e-04 | MSE loss: 8.2037e-03 | time: 0.086
I 06.08/06:43:18 solver.py:159 ] Epoch: [18/200][280/282] lr: 4.50e-04 | MSE loss: 8.1653e-03 | time: 0.086
I 06.08/06:43:18 solver.py:169 ] => Train  Loss: 8.1468e-03

I 06.08/06:43:20 solver.py:405 ] [20/32] loss: 9.3651e-03 | NMSE: -1.6778e+01 | time: 0.076
I 06.08/06:43:21 solver.py:413 ] => Test NMSE: -1.7827e+01

I 06.08/06:43:21 solver.py:345 ] => LoRA monitor [epoch=18] | trainable=163840/163840 | non_lora_trainable=0 | lora_l2=5.662237e+00 | lora_A_l2=3.185062e+00 | lora_B_l2=4.681485e+00 | component_l2=fc_decoder:5.662237e+00 | lora_abs_max=8.141592e-02 | delta_l2=5.254996e+00 | delta_rel=2.281172e+00 | train_loss=8.146768e-03 | test_loss=8.245882e-03 | nmse=-1.782733e+01
I 06.08/06:43:21 solver.py:224 ] 
=! Best NMSE: -1.7828e+01 (epoch=13)

I 06.08/06:43:22 solver.py:159 ] Epoch: [19/200][20/282] lr: 4.52e-04 | MSE loss: 6.1000e-03 | time: 0.080
I 06.08/06:43:24 solver.py:159 ] Epoch: [19/200][40/282] lr: 4.54e-04 | MSE loss: 6.3416e-03 | time: 0.077
I 06.08/06:43:25 solver.py:159 ] Epoch: [19/200][60/282] lr: 4.55e-04 | MSE loss: 7.6344e-03 | time: 0.074
I 06.08/06:43:27 solver.py:159 ] Epoch: [19/200][80/282] lr: 4.57e-04 | MSE loss: 7.6668e-03 | time: 0.075
I 06.08/06:43:28 solver.py:159 ] Epoch: [19/200][100/282] lr: 4.59e-04 | MSE loss: 7.7152e-03 | time: 0.075
I 06.08/06:43:29 solver.py:159 ] Epoch: [19/200][120/282] lr: 4.61e-04 | MSE loss: 7.8872e-03 | time: 0.071
I 06.08/06:43:31 solver.py:159 ] Epoch: [19/200][140/282] lr: 4.62e-04 | MSE loss: 7.7882e-03 | time: 0.072
I 06.08/06:43:33 solver.py:159 ] Epoch: [19/200][160/282] lr: 4.64e-04 | MSE loss: 7.9930e-03 | time: 0.074
I 06.08/06:43:34 solver.py:159 ] Epoch: [19/200][180/282] lr: 4.66e-04 | MSE loss: 7.8509e-03 | time: 0.073
I 06.08/06:43:35 solver.py:159 ] Epoch: [19/200][200/282] lr: 4.68e-04 | MSE loss: 7.9370e-03 | time: 0.072
I 06.08/06:43:37 solver.py:159 ] Epoch: [19/200][220/282] lr: 4.70e-04 | MSE loss: 7.9789e-03 | time: 0.073
I 06.08/06:43:38 solver.py:159 ] Epoch: [19/200][240/282] lr: 4.71e-04 | MSE loss: 8.1383e-03 | time: 0.073
I 06.08/06:43:40 solver.py:159 ] Epoch: [19/200][260/282] lr: 4.73e-04 | MSE loss: 8.1642e-03 | time: 0.073
I 06.08/06:43:41 solver.py:159 ] Epoch: [19/200][280/282] lr: 4.75e-04 | MSE loss: 8.1354e-03 | time: 0.072
I 06.08/06:43:41 solver.py:169 ] => Train  Loss: 8.2042e-03

I 06.08/06:43:43 solver.py:405 ] [20/32] loss: 9.3660e-03 | NMSE: -1.6778e+01 | time: 0.070
I 06.08/06:43:43 solver.py:413 ] => Test NMSE: -1.7827e+01

I 06.08/06:43:43 solver.py:345 ] => LoRA monitor [epoch=19] | trainable=163840/163840 | non_lora_trainable=0 | lora_l2=5.905833e+00 | lora_A_l2=3.234020e+00 | lora_B_l2=4.941657e+00 | component_l2=fc_decoder:5.905833e+00 | lora_abs_max=8.593206e-02 | delta_l2=5.519491e+00 | delta_rel=2.395988e+00 | train_loss=8.204180e-03 | test_loss=8.246402e-03 | nmse=-1.782705e+01
I 06.08/06:43:43 solver.py:224 ] 
=! Best NMSE: -1.7828e+01 (epoch=13)

I 06.08/06:43:45 solver.py:159 ] Epoch: [20/200][20/282] lr: 4.77e-04 | MSE loss: 9.7351e-03 | time: 0.065
I 06.08/06:43:46 solver.py:159 ] Epoch: [20/200][40/282] lr: 4.79e-04 | MSE loss: 9.0633e-03 | time: 0.068
I 06.08/06:43:48 solver.py:159 ] Epoch: [20/200][60/282] lr: 4.80e-04 | MSE loss: 8.5426e-03 | time: 0.072
I 06.08/06:43:49 solver.py:159 ] Epoch: [20/200][80/282] lr: 4.82e-04 | MSE loss: 8.5710e-03 | time: 0.072
I 06.08/06:43:51 solver.py:159 ] Epoch: [20/200][100/282] lr: 4.84e-04 | MSE loss: 8.6457e-03 | time: 0.073
I 06.08/06:43:52 solver.py:159 ] Epoch: [20/200][120/282] lr: 4.86e-04 | MSE loss: 8.2761e-03 | time: 0.074
I 06.08/06:43:54 solver.py:159 ] Epoch: [20/200][140/282] lr: 4.87e-04 | MSE loss: 8.4613e-03 | time: 0.075
I 06.08/06:43:55 solver.py:159 ] Epoch: [20/200][160/282] lr: 4.89e-04 | MSE loss: 8.3205e-03 | time: 0.074
I 06.08/06:43:57 solver.py:159 ] Epoch: [20/200][180/282] lr: 4.91e-04 | MSE loss: 8.2462e-03 | time: 0.075
I 06.08/06:43:59 solver.py:159 ] Epoch: [20/200][200/282] lr: 4.93e-04 | MSE loss: 8.0163e-03 | time: 0.076
I 06.08/06:44:01 solver.py:159 ] Epoch: [20/200][220/282] lr: 4.95e-04 | MSE loss: 8.1560e-03 | time: 0.078
I 06.08/06:44:04 solver.py:159 ] Epoch: [20/200][240/282] lr: 4.96e-04 | MSE loss: 8.1225e-03 | time: 0.087
I 06.08/06:44:06 solver.py:159 ] Epoch: [20/200][260/282] lr: 4.98e-04 | MSE loss: 8.1776e-03 | time: 0.087
I 06.08/06:44:08 solver.py:159 ] Epoch: [20/200][280/282] lr: 5.00e-04 | MSE loss: 8.1728e-03 | time: 0.087
I 06.08/06:44:08 solver.py:169 ] => Train  Loss: 8.1451e-03

I 06.08/06:44:09 solver.py:159 ] Epoch: [20/200][20/32] lr: 5.00e-04 | MSE loss: 9.3655e-03 | time: 0.077
I 06.08/06:44:10 solver.py:169 ] => Val  Loss: 8.0615e-03

I 06.08/06:44:12 solver.py:405 ] [20/32] loss: 9.3655e-03 | NMSE: -1.6778e+01 | time: 0.090
I 06.08/06:44:13 solver.py:413 ] => Test NMSE: -1.7827e+01

I 06.08/06:44:13 solver.py:345 ] => LoRA monitor [epoch=20] | trainable=163840/163840 | non_lora_trainable=0 | lora_l2=6.127926e+00 | lora_A_l2=3.262334e+00 | lora_B_l2=5.187355e+00 | component_l2=fc_decoder:6.127926e+00 | lora_abs_max=8.761878e-02 | delta_l2=5.759233e+00 | delta_rel=2.500059e+00 | train_loss=8.145137e-03 | val_loss=8.061517e-03 | test_loss=8.246233e-03 | nmse=-1.782714e+01
I 06.08/06:44:13 solver.py:224 ] 
=! Best NMSE: -1.7828e+01 (epoch=13)

I 06.08/06:44:15 solver.py:159 ] Epoch: [21/200][20/282] lr: 5.00e-04 | MSE loss: 7.6715e-03 | time: 0.094
I 06.08/06:44:16 solver.py:159 ] Epoch: [21/200][40/282] lr: 5.00e-04 | MSE loss: 8.0407e-03 | time: 0.086
I 06.08/06:44:18 solver.py:159 ] Epoch: [21/200][60/282] lr: 5.00e-04 | MSE loss: 8.2357e-03 | time: 0.085
I 06.08/06:44:20 solver.py:159 ] Epoch: [21/200][80/282] lr: 5.00e-04 | MSE loss: 8.4151e-03 | time: 0.086
I 06.08/06:44:21 solver.py:159 ] Epoch: [21/200][100/282] lr: 5.00e-04 | MSE loss: 8.7730e-03 | time: 0.086
I 06.08/06:44:23 solver.py:159 ] Epoch: [21/200][120/282] lr: 5.00e-04 | MSE loss: 8.5730e-03 | time: 0.084
I 06.08/06:44:25 solver.py:159 ] Epoch: [21/200][140/282] lr: 5.00e-04 | MSE loss: 8.3044e-03 | time: 0.083
I 06.08/06:44:26 solver.py:159 ] Epoch: [21/200][160/282] lr: 5.00e-04 | MSE loss: 8.4306e-03 | time: 0.083
I 06.08/06:44:28 solver.py:159 ] Epoch: [21/200][180/282] lr: 5.00e-04 | MSE loss: 8.3132e-03 | time: 0.084
I 06.08/06:44:30 solver.py:159 ] Epoch: [21/200][200/282] lr: 5.00e-04 | MSE loss: 8.0922e-03 | time: 0.084
I 06.08/06:44:32 solver.py:159 ] Epoch: [21/200][220/282] lr: 5.00e-04 | MSE loss: 8.1207e-03 | time: 0.085
I 06.08/06:44:33 solver.py:159 ] Epoch: [21/200][240/282] lr: 5.00e-04 | MSE loss: 8.0224e-03 | time: 0.085
I 06.08/06:44:35 solver.py:159 ] Epoch: [21/200][260/282] lr: 5.00e-04 | MSE loss: 8.1180e-03 | time: 0.084
I 06.08/06:44:37 solver.py:159 ] Epoch: [21/200][280/282] lr: 5.00e-04 | MSE loss: 8.1966e-03 | time: 0.085
I 06.08/06:44:37 solver.py:169 ] => Train  Loss: 8.1519e-03

I 06.08/06:44:39 solver.py:405 ] [20/32] loss: 9.3654e-03 | NMSE: -1.6778e+01 | time: 0.098
I 06.08/06:44:40 solver.py:413 ] => Test NMSE: -1.7827e+01

I 06.08/06:44:40 solver.py:345 ] => LoRA monitor [epoch=21] | trainable=163840/163840 | non_lora_trainable=0 | lora_l2=6.365009e+00 | lora_A_l2=3.310294e+00 | lora_B_l2=5.436478e+00 | component_l2=fc_decoder:6.365009e+00 | lora_abs_max=9.318925e-02 | delta_l2=6.013758e+00 | delta_rel=2.610547e+00 | train_loss=8.151889e-03 | test_loss=8.246014e-03 | nmse=-1.782726e+01
I 06.08/06:44:40 solver.py:224 ] 
=! Best NMSE: -1.7828e+01 (epoch=13)

I 06.08/06:44:41 solver.py:159 ] Epoch: [22/200][20/282] lr: 5.00e-04 | MSE loss: 8.5533e-03 | time: 0.080
I 06.08/06:44:43 solver.py:159 ] Epoch: [22/200][40/282] lr: 5.00e-04 | MSE loss: 7.8221e-03 | time: 0.080
I 06.08/06:44:45 solver.py:159 ] Epoch: [22/200][60/282] lr: 5.00e-04 | MSE loss: 8.6489e-03 | time: 0.086
I 06.08/06:44:47 solver.py:159 ] Epoch: [22/200][80/282] lr: 5.00e-04 | MSE loss: 8.0434e-03 | time: 0.085
I 06.08/06:44:48 solver.py:159 ] Epoch: [22/200][100/282] lr: 5.00e-04 | MSE loss: 8.6083e-03 | time: 0.082
I 06.08/06:44:50 solver.py:159 ] Epoch: [22/200][120/282] lr: 5.00e-04 | MSE loss: 8.7641e-03 | time: 0.083
I 06.08/06:44:51 solver.py:159 ] Epoch: [22/200][140/282] lr: 5.00e-04 | MSE loss: 8.3299e-03 | time: 0.081
I 06.08/06:44:53 solver.py:159 ] Epoch: [22/200][160/282] lr: 5.00e-04 | MSE loss: 8.1744e-03 | time: 0.080
I 06.08/06:44:54 solver.py:159 ] Epoch: [22/200][180/282] lr: 5.00e-04 | MSE loss: 8.3856e-03 | time: 0.079
I 06.08/06:44:56 solver.py:159 ] Epoch: [22/200][200/282] lr: 5.00e-04 | MSE loss: 8.5650e-03 | time: 0.080
I 06.08/06:44:57 solver.py:159 ] Epoch: [22/200][220/282] lr: 5.00e-04 | MSE loss: 8.5083e-03 | time: 0.081
I 06.08/06:44:59 solver.py:159 ] Epoch: [22/200][240/282] lr: 5.00e-04 | MSE loss: 8.3500e-03 | time: 0.081
I 06.08/06:45:02 solver.py:159 ] Epoch: [22/200][260/282] lr: 5.00e-04 | MSE loss: 8.1201e-03 | time: 0.087
I 06.08/06:45:05 solver.py:159 ] Epoch: [22/200][280/282] lr: 5.00e-04 | MSE loss: 8.1799e-03 | time: 0.092
I 06.08/06:45:06 solver.py:169 ] => Train  Loss: 8.1694e-03

I 06.08/06:45:07 solver.py:405 ] [20/32] loss: 9.3654e-03 | NMSE: -1.6778e+01 | time: 0.080
I 06.08/06:45:08 solver.py:413 ] => Test NMSE: -1.7827e+01

I 06.08/06:45:08 solver.py:345 ] => LoRA monitor [epoch=22] | trainable=163840/163840 | non_lora_trainable=0 | lora_l2=6.561134e+00 | lora_A_l2=3.332430e+00 | lora_B_l2=5.651848e+00 | component_l2=fc_decoder:6.561134e+00 | lora_abs_max=9.742268e-02 | delta_l2=6.225307e+00 | delta_rel=2.702380e+00 | train_loss=8.169374e-03 | test_loss=8.245724e-03 | nmse=-1.782741e+01
I 06.08/06:45:08 solver.py:224 ] 
=! Best NMSE: -1.7828e+01 (epoch=13)

I 06.08/06:45:10 solver.py:159 ] Epoch: [23/200][20/282] lr: 5.00e-04 | MSE loss: 8.3919e-03 | time: 0.083
I 06.08/06:45:11 solver.py:159 ] Epoch: [23/200][40/282] lr: 5.00e-04 | MSE loss: 7.5834e-03 | time: 0.078
I 06.08/06:45:13 solver.py:159 ] Epoch: [23/200][60/282] lr: 5.00e-04 | MSE loss: 7.2745e-03 | time: 0.078
I 06.08/06:45:15 solver.py:159 ] Epoch: [23/200][80/282] lr: 5.00e-04 | MSE loss: 6.9864e-03 | time: 0.080
I 06.08/06:45:16 solver.py:159 ] Epoch: [23/200][100/282] lr: 5.00e-04 | MSE loss: 7.1032e-03 | time: 0.082
I 06.08/06:45:18 solver.py:159 ] Epoch: [23/200][120/282] lr: 5.00e-04 | MSE loss: 7.4856e-03 | time: 0.082
I 06.08/06:45:20 solver.py:159 ] Epoch: [23/200][140/282] lr: 5.00e-04 | MSE loss: 8.0175e-03 | time: 0.083
I 06.08/06:45:22 solver.py:159 ] Epoch: [23/200][160/282] lr: 5.00e-04 | MSE loss: 8.0748e-03 | time: 0.084
I 06.08/06:45:23 solver.py:159 ] Epoch: [23/200][180/282] lr: 5.00e-04 | MSE loss: 7.9741e-03 | time: 0.084
I 06.08/06:45:25 solver.py:159 ] Epoch: [23/200][200/282] lr: 5.00e-04 | MSE loss: 8.1261e-03 | time: 0.085
I 06.08/06:45:27 solver.py:159 ] Epoch: [23/200][220/282] lr: 5.00e-04 | MSE loss: 8.1425e-03 | time: 0.085
I 06.08/06:45:29 solver.py:159 ] Epoch: [23/200][240/282] lr: 5.00e-04 | MSE loss: 8.3086e-03 | time: 0.085
I 06.08/06:45:30 solver.py:159 ] Epoch: [23/200][260/282] lr: 5.00e-04 | MSE loss: 8.2386e-03 | time: 0.085
I 06.08/06:45:32 solver.py:159 ] Epoch: [23/200][280/282] lr: 5.00e-04 | MSE loss: 8.1700e-03 | time: 0.087
I 06.08/06:45:33 solver.py:169 ] => Train  Loss: 8.1454e-03

I 06.08/06:45:34 solver.py:405 ] [20/32] loss: 9.3654e-03 | NMSE: -1.6778e+01 | time: 0.089
I 06.08/06:45:35 solver.py:413 ] => Test NMSE: -1.7827e+01

I 06.08/06:45:35 solver.py:345 ] => LoRA monitor [epoch=23] | trainable=163840/163840 | non_lora_trainable=0 | lora_l2=6.774049e+00 | lora_A_l2=3.372116e+00 | lora_B_l2=5.875081e+00 | component_l2=fc_decoder:6.774049e+00 | lora_abs_max=1.058974e-01 | delta_l2=6.451729e+00 | delta_rel=2.800669e+00 | train_loss=8.145371e-03 | test_loss=8.245839e-03 | nmse=-1.782735e+01
I 06.08/06:45:35 solver.py:224 ] 
=! Best NMSE: -1.7828e+01 (epoch=13)

I 06.08/06:45:37 solver.py:159 ] Epoch: [24/200][20/282] lr: 5.00e-04 | MSE loss: 9.3102e-03 | time: 0.074
I 06.08/06:45:38 solver.py:159 ] Epoch: [24/200][40/282] lr: 5.00e-04 | MSE loss: 8.2654e-03 | time: 0.075
I 06.08/06:45:40 solver.py:159 ] Epoch: [24/200][60/282] lr: 5.00e-04 | MSE loss: 8.0134e-03 | time: 0.080
I 06.08/06:45:42 solver.py:159 ] Epoch: [24/200][80/282] lr: 5.00e-04 | MSE loss: 8.3407e-03 | time: 0.079
I 06.08/06:45:43 solver.py:159 ] Epoch: [24/200][100/282] lr: 5.00e-04 | MSE loss: 8.4516e-03 | time: 0.081
I 06.08/06:45:45 solver.py:159 ] Epoch: [24/200][120/282] lr: 5.00e-04 | MSE loss: 8.1827e-03 | time: 0.082
I 06.08/06:45:47 solver.py:159 ] Epoch: [24/200][140/282] lr: 5.00e-04 | MSE loss: 8.1651e-03 | time: 0.082
I 06.08/06:45:48 solver.py:159 ] Epoch: [24/200][160/282] lr: 5.00e-04 | MSE loss: 8.0651e-03 | time: 0.082
I 06.08/06:45:50 solver.py:159 ] Epoch: [24/200][180/282] lr: 5.00e-04 | MSE loss: 8.0472e-03 | time: 0.083
I 06.08/06:45:52 solver.py:159 ] Epoch: [24/200][200/282] lr: 5.00e-04 | MSE loss: 8.0036e-03 | time: 0.083
I 06.08/06:45:54 solver.py:159 ] Epoch: [24/200][220/282] lr: 5.00e-04 | MSE loss: 8.1884e-03 | time: 0.083
I 06.08/06:45:55 solver.py:159 ] Epoch: [24/200][240/282] lr: 4.99e-04 | MSE loss: 8.0910e-03 | time: 0.083
I 06.08/06:45:57 solver.py:159 ] Epoch: [24/200][260/282] lr: 4.99e-04 | MSE loss: 7.9335e-03 | time: 0.083
I 06.08/06:45:59 solver.py:159 ] Epoch: [24/200][280/282] lr: 4.99e-04 | MSE loss: 8.1942e-03 | time: 0.084
I 06.08/06:45:59 solver.py:169 ] => Train  Loss: 8.1471e-03

I 06.08/06:46:01 solver.py:405 ] [20/32] loss: 9.3655e-03 | NMSE: -1.6778e+01 | time: 0.107
I 06.08/06:46:03 solver.py:413 ] => Test NMSE: -1.7827e+01

I 06.08/06:46:03 solver.py:345 ] => LoRA monitor [epoch=24] | trainable=163840/163840 | non_lora_trainable=0 | lora_l2=6.964382e+00 | lora_A_l2=3.403864e+00 | lora_B_l2=6.075880e+00 | component_l2=fc_decoder:6.964382e+00 | lora_abs_max=1.055752e-01 | delta_l2=6.651733e+00 | delta_rel=2.887490e+00 | train_loss=8.147072e-03 | test_loss=8.245806e-03 | nmse=-1.782737e+01
I 06.08/06:46:03 solver.py:224 ] 
=! Best NMSE: -1.7828e+01 (epoch=13)

I 06.08/06:46:06 solver.py:159 ] Epoch: [25/200][20/282] lr: 4.99e-04 | MSE loss: 9.0672e-03 | time: 0.129
I 06.08/06:46:08 solver.py:159 ] Epoch: [25/200][40/282] lr: 4.99e-04 | MSE loss: 9.9775e-03 | time: 0.111
I 06.08/06:46:10 solver.py:159 ] Epoch: [25/200][60/282] lr: 4.99e-04 | MSE loss: 9.8250e-03 | time: 0.101
I 06.08/06:46:11 solver.py:159 ] Epoch: [25/200][80/282] lr: 4.99e-04 | MSE loss: 9.2135e-03 | time: 0.096
I 06.08/06:46:13 solver.py:159 ] Epoch: [25/200][100/282] lr: 4.99e-04 | MSE loss: 9.0785e-03 | time: 0.096
I 06.08/06:46:15 solver.py:159 ] Epoch: [25/200][120/282] lr: 4.99e-04 | MSE loss: 9.0780e-03 | time: 0.096
I 06.08/06:46:17 solver.py:159 ] Epoch: [25/200][140/282] lr: 4.99e-04 | MSE loss: 8.9270e-03 | time: 0.096
I 06.08/06:46:19 solver.py:159 ] Epoch: [25/200][160/282] lr: 4.99e-04 | MSE loss: 8.9100e-03 | time: 0.096
I 06.08/06:46:20 solver.py:159 ] Epoch: [25/200][180/282] lr: 4.99e-04 | MSE loss: 8.6652e-03 | time: 0.093
I 06.08/06:46:22 solver.py:159 ] Epoch: [25/200][200/282] lr: 4.99e-04 | MSE loss: 8.5228e-03 | time: 0.093
I 06.08/06:46:24 solver.py:159 ] Epoch: [25/200][220/282] lr: 4.99e-04 | MSE loss: 8.3968e-03 | time: 0.092
I 06.08/06:46:25 solver.py:159 ] Epoch: [25/200][240/282] lr: 4.99e-04 | MSE loss: 8.4620e-03 | time: 0.091
I 06.08/06:46:27 solver.py:159 ] Epoch: [25/200][260/282] lr: 4.99e-04 | MSE loss: 8.3205e-03 | time: 0.091
I 06.08/06:46:28 solver.py:159 ] Epoch: [25/200][280/282] lr: 4.99e-04 | MSE loss: 8.1875e-03 | time: 0.089
I 06.08/06:46:29 solver.py:169 ] => Train  Loss: 8.1467e-03

I 06.08/06:46:30 solver.py:405 ] [20/32] loss: 9.3647e-03 | NMSE: -1.6778e+01 | time: 0.087
I 06.08/06:46:31 solver.py:413 ] => Test NMSE: -1.7828e+01

I 06.08/06:46:31 solver.py:345 ] => LoRA monitor [epoch=25] | trainable=163840/163840 | non_lora_trainable=0 | lora_l2=7.156807e+00 | lora_A_l2=3.438618e+00 | lora_B_l2=6.276607e+00 | component_l2=fc_decoder:7.156807e+00 | lora_abs_max=1.074682e-01 | delta_l2=6.853944e+00 | delta_rel=2.975269e+00 | train_loss=8.146659e-03 | test_loss=8.245361e-03 | nmse=-1.782760e+01
I 06.08/06:46:31 solver.py:224 ] 
=! Best NMSE: -1.7828e+01 (epoch=13)

I 06.08/06:46:33 solver.py:159 ] Epoch: [26/200][20/282] lr: 4.99e-04 | MSE loss: 1.0299e-02 | time: 0.107
I 06.08/06:46:35 solver.py:159 ] Epoch: [26/200][40/282] lr: 4.99e-04 | MSE loss: 8.4954e-03 | time: 0.099
I 06.08/06:46:37 solver.py:159 ] Epoch: [26/200][60/282] lr: 4.99e-04 | MSE loss: 8.8025e-03 | time: 0.092
I 06.08/06:46:39 solver.py:159 ] Epoch: [26/200][80/282] lr: 4.99e-04 | MSE loss: 8.4894e-03 | time: 0.091
I 06.08/06:46:40 solver.py:159 ] Epoch: [26/200][100/282] lr: 4.99e-04 | MSE loss: 8.0526e-03 | time: 0.088
I 06.08/06:46:41 solver.py:159 ] Epoch: [26/200][120/282] lr: 4.99e-04 | MSE loss: 8.1876e-03 | time: 0.085
I 06.08/06:46:43 solver.py:159 ] Epoch: [26/200][140/282] lr: 4.99e-04 | MSE loss: 7.8858e-03 | time: 0.083
I 06.08/06:46:44 solver.py:159 ] Epoch: [26/200][160/282] lr: 4.99e-04 | MSE loss: 8.0542e-03 | time: 0.081
I 06.08/06:46:46 solver.py:159 ] Epoch: [26/200][180/282] lr: 4.99e-04 | MSE loss: 8.0803e-03 | time: 0.080
I 06.08/06:46:47 solver.py:159 ] Epoch: [26/200][200/282] lr: 4.99e-04 | MSE loss: 8.1704e-03 | time: 0.079
I 06.08/06:46:49 solver.py:159 ] Epoch: [26/200][220/282] lr: 4.99e-04 | MSE loss: 8.0055e-03 | time: 0.079
I 06.08/06:46:50 solver.py:159 ] Epoch: [26/200][240/282] lr: 4.99e-04 | MSE loss: 7.9947e-03 | time: 0.078
I 06.08/06:46:51 solver.py:159 ] Epoch: [26/200][260/282] lr: 4.99e-04 | MSE loss: 8.0277e-03 | time: 0.078
I 06.08/06:46:53 solver.py:159 ] Epoch: [26/200][280/282] lr: 4.99e-04 | MSE loss: 8.1944e-03 | time: 0.078
I 06.08/06:46:53 solver.py:169 ] => Train  Loss: 8.1459e-03

I 06.08/06:46:55 solver.py:405 ] [20/32] loss: 9.3648e-03 | NMSE: -1.6778e+01 | time: 0.080
I 06.08/06:46:56 solver.py:413 ] => Test NMSE: -1.7828e+01

I 06.08/06:46:56 solver.py:345 ] => LoRA monitor [epoch=26] | trainable=163840/163840 | non_lora_trainable=0 | lora_l2=7.366342e+00 | lora_A_l2=3.487042e+00 | lora_B_l2=6.488723e+00 | component_l2=fc_decoder:7.366342e+00 | lora_abs_max=1.118014e-01 | delta_l2=7.074025e+00 | delta_rel=3.070805e+00 | train_loss=8.145940e-03 | test_loss=8.245279e-03 | nmse=-1.782765e+01
I 06.08/06:46:56 solver.py:224 ] 
=! Best NMSE: -1.7828e+01 (epoch=13)

I 06.08/06:46:57 solver.py:159 ] Epoch: [27/200][20/282] lr: 4.99e-04 | MSE loss: 1.0425e-02 | time: 0.091
I 06.08/06:46:59 solver.py:159 ] Epoch: [27/200][40/282] lr: 4.99e-04 | MSE loss: 9.3697e-03 | time: 0.079
I 06.08/06:47:00 solver.py:159 ] Epoch: [27/200][60/282] lr: 4.99e-04 | MSE loss: 8.5260e-03 | time: 0.081
I 06.08/06:47:04 solver.py:159 ] Epoch: [27/200][80/282] lr: 4.99e-04 | MSE loss: 9.3160e-03 | time: 0.107
I 06.08/06:47:06 solver.py:159 ] Epoch: [27/200][100/282] lr: 4.99e-04 | MSE loss: 9.0473e-03 | time: 0.105
I 06.08/06:47:08 solver.py:159 ] Epoch: [27/200][120/282] lr: 4.99e-04 | MSE loss: 8.6544e-03 | time: 0.101
I 06.08/06:47:09 solver.py:159 ] Epoch: [27/200][140/282] lr: 4.99e-04 | MSE loss: 8.5691e-03 | time: 0.096
I 06.08/06:47:10 solver.py:159 ] Epoch: [27/200][160/282] lr: 4.99e-04 | MSE loss: 8.4923e-03 | time: 0.092
I 06.08/06:47:12 solver.py:159 ] Epoch: [27/200][180/282] lr: 4.98e-04 | MSE loss: 8.4200e-03 | time: 0.089
I 06.08/06:47:13 solver.py:159 ] Epoch: [27/200][200/282] lr: 4.98e-04 | MSE loss: 8.3488e-03 | time: 0.087
I 06.08/06:47:14 solver.py:159 ] Epoch: [27/200][220/282] lr: 4.98e-04 | MSE loss: 8.3633e-03 | time: 0.086
I 06.08/06:47:16 solver.py:159 ] Epoch: [27/200][240/282] lr: 4.98e-04 | MSE loss: 8.4160e-03 | time: 0.085
I 06.08/06:47:17 solver.py:159 ] Epoch: [27/200][260/282] lr: 4.98e-04 | MSE loss: 8.3348e-03 | time: 0.084
I 06.08/06:47:19 solver.py:159 ] Epoch: [27/200][280/282] lr: 4.98e-04 | MSE loss: 8.1762e-03 | time: 0.082
I 06.08/06:47:19 solver.py:169 ] => Train  Loss: 8.2077e-03

I 06.08/06:47:20 solver.py:405 ] [20/32] loss: 9.3649e-03 | NMSE: -1.6778e+01 | time: 0.069
I 06.08/06:47:21 solver.py:413 ] => Test NMSE: -1.7827e+01

I 06.08/06:47:21 solver.py:345 ] => LoRA monitor [epoch=27] | trainable=163840/163840 | non_lora_trainable=0 | lora_l2=7.544796e+00 | lora_A_l2=3.519199e+00 | lora_B_l2=6.673769e+00 | component_l2=fc_decoder:7.544796e+00 | lora_abs_max=1.131513e-01 | delta_l2=7.261812e+00 | delta_rel=3.152322e+00 | train_loss=8.207730e-03 | test_loss=8.245618e-03 | nmse=-1.782747e+01
I 06.08/06:47:21 solver.py:224 ] 
=! Best NMSE: -1.7828e+01 (epoch=13)

I 06.08/06:47:22 solver.py:159 ] Epoch: [28/200][20/282] lr: 4.98e-04 | MSE loss: 7.5998e-03 | time: 0.081
I 06.08/06:47:24 solver.py:159 ] Epoch: [28/200][40/282] lr: 4.98e-04 | MSE loss: 8.3656e-03 | time: 0.078
I 06.08/06:47:25 solver.py:159 ] Epoch: [28/200][60/282] lr: 4.98e-04 | MSE loss: 7.4887e-03 | time: 0.071
I 06.08/06:47:27 solver.py:159 ] Epoch: [28/200][80/282] lr: 4.98e-04 | MSE loss: 7.9552e-03 | time: 0.073
I 06.08/06:47:28 solver.py:159 ] Epoch: [28/200][100/282] lr: 4.98e-04 | MSE loss: 7.8223e-03 | time: 0.072
I 06.08/06:47:30 solver.py:159 ] Epoch: [28/200][120/282] lr: 4.98e-04 | MSE loss: 7.8347e-03 | time: 0.073
I 06.08/06:47:31 solver.py:159 ] Epoch: [28/200][140/282] lr: 4.98e-04 | MSE loss: 7.9952e-03 | time: 0.075
I 06.08/06:47:33 solver.py:159 ] Epoch: [28/200][160/282] lr: 4.98e-04 | MSE loss: 7.7649e-03 | time: 0.073
I 06.08/06:47:34 solver.py:159 ] Epoch: [28/200][180/282] lr: 4.98e-04 | MSE loss: 7.6401e-03 | time: 0.073
I 06.08/06:47:35 solver.py:159 ] Epoch: [28/200][200/282] lr: 4.98e-04 | MSE loss: 7.6407e-03 | time: 0.072
I 06.08/06:47:37 solver.py:159 ] Epoch: [28/200][220/282] lr: 4.98e-04 | MSE loss: 7.7878e-03 | time: 0.071
I 06.08/06:47:38 solver.py:159 ] Epoch: [28/200][240/282] lr: 4.98e-04 | MSE loss: 7.9074e-03 | time: 0.071
I 06.08/06:47:40 solver.py:159 ] Epoch: [28/200][260/282] lr: 4.98e-04 | MSE loss: 8.0201e-03 | time: 0.072
I 06.08/06:47:41 solver.py:159 ] Epoch: [28/200][280/282] lr: 4.98e-04 | MSE loss: 8.1615e-03 | time: 0.073
I 06.08/06:47:41 solver.py:169 ] => Train  Loss: 8.1494e-03

I 06.08/06:47:43 solver.py:405 ] [20/32] loss: 9.3652e-03 | NMSE: -1.6778e+01 | time: 0.075
I 06.08/06:47:43 solver.py:413 ] => Test NMSE: -1.7827e+01

I 06.08/06:47:43 solver.py:345 ] => LoRA monitor [epoch=28] | trainable=163840/163840 | non_lora_trainable=0 | lora_l2=7.734103e+00 | lora_A_l2=3.556832e+00 | lora_B_l2=6.867700e+00 | component_l2=fc_decoder:7.734103e+00 | lora_abs_max=1.140999e-01 | delta_l2=7.459886e+00 | delta_rel=3.238306e+00 | train_loss=8.149358e-03 | test_loss=8.245881e-03 | nmse=-1.782733e+01
I 06.08/06:47:43 solver.py:224 ] 
=! Best NMSE: -1.7828e+01 (epoch=13)

I 06.08/06:47:44 solver.py:159 ] Epoch: [29/200][20/282] lr: 4.98e-04 | MSE loss: 8.0331e-03 | time: 0.050
I 06.08/06:47:46 solver.py:159 ] Epoch: [29/200][40/282] lr: 4.98e-04 | MSE loss: 8.5680e-03 | time: 0.056
I 06.08/06:47:47 solver.py:159 ] Epoch: [29/200][60/282] lr: 4.98e-04 | MSE loss: 8.9965e-03 | time: 0.065
I 06.08/06:47:49 solver.py:159 ] Epoch: [29/200][80/282] lr: 4.98e-04 | MSE loss: 8.3618e-03 | time: 0.065
I 06.08/06:47:51 solver.py:159 ] Epoch: [29/200][100/282] lr: 4.98e-04 | MSE loss: 8.2185e-03 | time: 0.071
I 06.08/06:47:52 solver.py:159 ] Epoch: [29/200][120/282] lr: 4.98e-04 | MSE loss: 7.9708e-03 | time: 0.072
I 06.08/06:47:53 solver.py:159 ] Epoch: [29/200][140/282] lr: 4.98e-04 | MSE loss: 7.7465e-03 | time: 0.069
I 06.08/06:47:54 solver.py:159 ] Epoch: [29/200][160/282] lr: 4.97e-04 | MSE loss: 7.7472e-03 | time: 0.068
I 06.08/06:47:56 solver.py:159 ] Epoch: [29/200][180/282] lr: 4.97e-04 | MSE loss: 7.7967e-03 | time: 0.069
I 06.08/06:47:57 solver.py:159 ] Epoch: [29/200][200/282] lr: 4.97e-04 | MSE loss: 7.9841e-03 | time: 0.068
I 06.08/06:47:58 solver.py:159 ] Epoch: [29/200][220/282] lr: 4.97e-04 | MSE loss: 8.1905e-03 | time: 0.068
I 06.08/06:48:00 solver.py:159 ] Epoch: [29/200][240/282] lr: 4.97e-04 | MSE loss: 8.1953e-03 | time: 0.068
I 06.08/06:48:03 solver.py:159 ] Epoch: [29/200][260/282] lr: 4.97e-04 | MSE loss: 8.1806e-03 | time: 0.076
I 06.08/06:48:05 solver.py:159 ] Epoch: [29/200][280/282] lr: 4.97e-04 | MSE loss: 8.1819e-03 | time: 0.078
I 06.08/06:48:05 solver.py:169 ] => Train  Loss: 8.1469e-03

I 06.08/06:48:07 solver.py:405 ] [20/32] loss: 9.3647e-03 | NMSE: -1.6778e+01 | time: 0.089
I 06.08/06:48:08 solver.py:413 ] => Test NMSE: -1.7828e+01

I 06.08/06:48:08 solver.py:345 ] => LoRA monitor [epoch=29] | trainable=163840/163840 | non_lora_trainable=0 | lora_l2=7.884197e+00 | lora_A_l2=3.590917e+00 | lora_B_l2=7.018965e+00 | component_l2=fc_decoder:7.884197e+00 | lora_abs_max=1.186737e-01 | delta_l2=7.616504e+00 | delta_rel=3.306293e+00 | train_loss=8.146860e-03 | test_loss=8.245416e-03 | nmse=-1.782758e+01
I 06.08/06:48:08 solver.py:224 ] 
=! Best NMSE: -1.7828e+01 (epoch=13)

I 06.08/06:48:10 solver.py:159 ] Epoch: [30/200][20/282] lr: 4.97e-04 | MSE loss: 9.0840e-03 | time: 0.076
I 06.08/06:48:11 solver.py:159 ] Epoch: [30/200][40/282] lr: 4.97e-04 | MSE loss: 8.6885e-03 | time: 0.072
I 06.08/06:48:12 solver.py:159 ] Epoch: [30/200][60/282] lr: 4.97e-04 | MSE loss: 8.9790e-03 | time: 0.069
I 06.08/06:48:14 solver.py:159 ] Epoch: [30/200][80/282] lr: 4.97e-04 | MSE loss: 8.6515e-03 | time: 0.070
I 06.08/06:48:15 solver.py:159 ] Epoch: [30/200][100/282] lr: 4.97e-04 | MSE loss: 8.6974e-03 | time: 0.070
I 06.08/06:48:17 solver.py:159 ] Epoch: [30/200][120/282] lr: 4.97e-04 | MSE loss: 8.3700e-03 | time: 0.073
I 06.08/06:48:18 solver.py:159 ] Epoch: [30/200][140/282] lr: 4.97e-04 | MSE loss: 7.7689e-03 | time: 0.072
I 06.08/06:48:19 solver.py:159 ] Epoch: [30/200][160/282] lr: 4.97e-04 | MSE loss: 7.8270e-03 | time: 0.070
I 06.08/06:48:21 solver.py:159 ] Epoch: [30/200][180/282] lr: 4.97e-04 | MSE loss: 8.0621e-03 | time: 0.070
I 06.08/06:48:22 solver.py:159 ] Epoch: [30/200][200/282] lr: 4.97e-04 | MSE loss: 8.3503e-03 | time: 0.071
I 06.08/06:48:24 solver.py:159 ] Epoch: [30/200][220/282] lr: 4.97e-04 | MSE loss: 8.2998e-03 | time: 0.071
I 06.08/06:48:25 solver.py:159 ] Epoch: [30/200][240/282] lr: 4.97e-04 | MSE loss: 8.2362e-03 | time: 0.072
I 06.08/06:48:27 solver.py:159 ] Epoch: [30/200][260/282] lr: 4.97e-04 | MSE loss: 8.1466e-03 | time: 0.072
I 06.08/06:48:28 solver.py:159 ] Epoch: [30/200][280/282] lr: 4.97e-04 | MSE loss: 8.1731e-03 | time: 0.071
I 06.08/06:48:28 solver.py:169 ] => Train  Loss: 8.1735e-03

I 06.08/06:48:29 solver.py:159 ] Epoch: [30/200][20/32] lr: 4.97e-04 | MSE loss: 9.3647e-03 | time: 0.068
I 06.08/06:48:30 solver.py:169 ] => Val  Loss: 8.0606e-03

I 06.08/06:48:32 solver.py:405 ] [20/32] loss: 9.3647e-03 | NMSE: -1.6778e+01 | time: 0.084
I 06.08/06:48:33 solver.py:413 ] => Test NMSE: -1.7828e+01

I 06.08/06:48:33 solver.py:345 ] => LoRA monitor [epoch=30] | trainable=163840/163840 | non_lora_trainable=0 | lora_l2=8.065221e+00 | lora_A_l2=3.632041e+00 | lora_B_l2=7.201116e+00 | component_l2=fc_decoder:8.065221e+00 | lora_abs_max=1.203396e-01 | delta_l2=7.803551e+00 | delta_rel=3.387489e+00 | train_loss=8.173536e-03 | val_loss=8.060615e-03 | test_loss=8.245310e-03 | nmse=-1.782763e+01
I 06.08/06:48:33 solver.py:224 ] 
=! Best NMSE: -1.7828e+01 (epoch=13)

I 06.08/06:48:34 solver.py:159 ] Epoch: [31/200][20/282] lr: 4.97e-04 | MSE loss: 7.0123e-03 | time: 0.078
I 06.08/06:48:36 solver.py:159 ] Epoch: [31/200][40/282] lr: 4.96e-04 | MSE loss: 6.9425e-03 | time: 0.074
I 06.08/06:48:37 solver.py:159 ] Epoch: [31/200][60/282] lr: 4.96e-04 | MSE loss: 7.0720e-03 | time: 0.072
I 06.08/06:48:38 solver.py:159 ] Epoch: [31/200][80/282] lr: 4.96e-04 | MSE loss: 7.3413e-03 | time: 0.069
I 06.08/06:48:40 solver.py:159 ] Epoch: [31/200][100/282] lr: 4.96e-04 | MSE loss: 7.2462e-03 | time: 0.069
I 06.08/06:48:41 solver.py:159 ] Epoch: [31/200][120/282] lr: 4.96e-04 | MSE loss: 7.7507e-03 | time: 0.068
I 06.08/06:48:42 solver.py:159 ] Epoch: [31/200][140/282] lr: 4.96e-04 | MSE loss: 7.9807e-03 | time: 0.068
I 06.08/06:48:44 solver.py:159 ] Epoch: [31/200][160/282] lr: 4.96e-04 | MSE loss: 7.9239e-03 | time: 0.068
I 06.08/06:48:45 solver.py:159 ] Epoch: [31/200][180/282] lr: 4.96e-04 | MSE loss: 7.7100e-03 | time: 0.068
I 06.08/06:48:46 solver.py:159 ] Epoch: [31/200][200/282] lr: 4.96e-04 | MSE loss: 8.1181e-03 | time: 0.068
I 06.08/06:48:48 solver.py:159 ] Epoch: [31/200][220/282] lr: 4.96e-04 | MSE loss: 8.1093e-03 | time: 0.068
I 06.08/06:48:49 solver.py:159 ] Epoch: [31/200][240/282] lr: 4.96e-04 | MSE loss: 8.1600e-03 | time: 0.068
I 06.08/06:48:51 solver.py:159 ] Epoch: [31/200][260/282] lr: 4.96e-04 | MSE loss: 8.2516e-03 | time: 0.070
I 06.08/06:48:52 solver.py:159 ] Epoch: [31/200][280/282] lr: 4.96e-04 | MSE loss: 8.1572e-03 | time: 0.069
I 06.08/06:48:52 solver.py:169 ] => Train  Loss: 8.1467e-03

I 06.08/06:48:54 solver.py:405 ] [20/32] loss: 9.3644e-03 | NMSE: -1.6778e+01 | time: 0.070
I 06.08/06:48:55 solver.py:413 ] => Test NMSE: -1.7828e+01

I 06.08/06:48:55 solver.py:345 ] => LoRA monitor [epoch=31] | trainable=163840/163840 | non_lora_trainable=0 | lora_l2=8.235094e+00 | lora_A_l2=3.662283e+00 | lora_B_l2=7.375937e+00 | component_l2=fc_decoder:8.235094e+00 | lora_abs_max=1.204583e-01 | delta_l2=7.979011e+00 | delta_rel=3.463656e+00 | train_loss=8.146718e-03 | test_loss=8.244969e-03 | nmse=-1.782781e+01
I 06.08/06:48:55 solver.py:224 ] 
=! Best NMSE: -1.7828e+01 (epoch=13)

I 06.08/06:48:56 solver.py:159 ] Epoch: [32/200][20/282] lr: 4.96e-04 | MSE loss: 8.9884e-03 | time: 0.082
I 06.08/06:48:58 solver.py:159 ] Epoch: [32/200][40/282] lr: 4.96e-04 | MSE loss: 8.6416e-03 | time: 0.084
I 06.08/06:48:59 solver.py:159 ] Epoch: [32/200][60/282] lr: 4.96e-04 | MSE loss: 8.1432e-03 | time: 0.081
I 06.08/06:49:02 solver.py:159 ] Epoch: [32/200][80/282] lr: 4.96e-04 | MSE loss: 7.9203e-03 | time: 0.090
I 06.08/06:49:05 solver.py:159 ] Epoch: [32/200][100/282] lr: 4.96e-04 | MSE loss: 7.7975e-03 | time: 0.102
I 06.08/06:49:06 solver.py:159 ] Epoch: [32/200][120/282] lr: 4.96e-04 | MSE loss: 8.0214e-03 | time: 0.097
I 06.08/06:49:08 solver.py:159 ] Epoch: [32/200][140/282] lr: 4.95e-04 | MSE loss: 8.0778e-03 | time: 0.093
I 06.08/06:49:09 solver.py:159 ] Epoch: [32/200][160/282] lr: 4.95e-04 | MSE loss: 7.8645e-03 | time: 0.090
I 06.08/06:49:11 solver.py:159 ] Epoch: [32/200][180/282] lr: 4.95e-04 | MSE loss: 7.9616e-03 | time: 0.088
I 06.08/06:49:12 solver.py:159 ] Epoch: [32/200][200/282] lr: 4.95e-04 | MSE loss: 7.8268e-03 | time: 0.087
I 06.08/06:49:13 solver.py:159 ] Epoch: [32/200][220/282] lr: 4.95e-04 | MSE loss: 7.8876e-03 | time: 0.085
I 06.08/06:49:15 solver.py:159 ] Epoch: [32/200][240/282] lr: 4.95e-04 | MSE loss: 8.0015e-03 | time: 0.085
I 06.08/06:49:17 solver.py:159 ] Epoch: [32/200][260/282] lr: 4.95e-04 | MSE loss: 8.0576e-03 | time: 0.084
I 06.08/06:49:18 solver.py:159 ] Epoch: [32/200][280/282] lr: 4.95e-04 | MSE loss: 8.1861e-03 | time: 0.082
I 06.08/06:49:18 solver.py:169 ] => Train  Loss: 8.1646e-03

I 06.08/06:49:19 solver.py:405 ] [20/32] loss: 9.3645e-03 | NMSE: -1.6778e+01 | time: 0.066
I 06.08/06:49:20 solver.py:413 ] => Test NMSE: -1.7828e+01

I 06.08/06:49:20 solver.py:345 ] => LoRA monitor [epoch=32] | trainable=163840/163840 | non_lora_trainable=0 | lora_l2=8.398039e+00 | lora_A_l2=3.690073e+00 | lora_B_l2=7.543899e+00 | component_l2=fc_decoder:8.398039e+00 | lora_abs_max=1.197015e-01 | delta_l2=8.148590e+00 | delta_rel=3.537269e+00 | train_loss=8.164640e-03 | test_loss=8.245148e-03 | nmse=-1.782772e+01
I 06.08/06:49:20 solver.py:224 ] 
=! Best NMSE: -1.7828e+01 (epoch=13)

I 06.08/06:49:21 solver.py:159 ] Epoch: [33/200][20/282] lr: 4.95e-04 | MSE loss: 8.2214e-03 | time: 0.078
I 06.08/06:49:23 solver.py:159 ] Epoch: [33/200][40/282] lr: 4.95e-04 | MSE loss: 8.8676e-03 | time: 0.081
I 06.08/06:49:25 solver.py:159 ] Epoch: [33/200][60/282] lr: 4.95e-04 | MSE loss: 8.5800e-03 | time: 0.084
I 06.08/06:49:26 solver.py:159 ] Epoch: [33/200][80/282] lr: 4.95e-04 | MSE loss: 8.2315e-03 | time: 0.080
I 06.08/06:49:28 solver.py:159 ] Epoch: [33/200][100/282] lr: 4.95e-04 | MSE loss: 7.9070e-03 | time: 0.077
I 06.08/06:49:29 solver.py:159 ] Epoch: [33/200][120/282] lr: 4.95e-04 | MSE loss: 8.0364e-03 | time: 0.076
I 06.08/06:49:30 solver.py:159 ] Epoch: [33/200][140/282] lr: 4.95e-04 | MSE loss: 7.9170e-03 | time: 0.075
I 06.08/06:49:32 solver.py:159 ] Epoch: [33/200][160/282] lr: 4.95e-04 | MSE loss: 7.9842e-03 | time: 0.075
I 06.08/06:49:34 solver.py:159 ] Epoch: [33/200][180/282] lr: 4.95e-04 | MSE loss: 8.0518e-03 | time: 0.077
I 06.08/06:49:35 solver.py:159 ] Epoch: [33/200][200/282] lr: 4.94e-04 | MSE loss: 8.2214e-03 | time: 0.076
I 06.08/06:49:36 solver.py:159 ] Epoch: [33/200][220/282] lr: 4.94e-04 | MSE loss: 8.0536e-03 | time: 0.075
I 06.08/06:49:38 solver.py:159 ] Epoch: [33/200][240/282] lr: 4.94e-04 | MSE loss: 8.0505e-03 | time: 0.074
I 06.08/06:49:39 solver.py:159 ] Epoch: [33/200][260/282] lr: 4.94e-04 | MSE loss: 8.1508e-03 | time: 0.074
I 06.08/06:49:41 solver.py:159 ] Epoch: [33/200][280/282] lr: 4.94e-04 | MSE loss: 8.1750e-03 | time: 0.074
I 06.08/06:49:41 solver.py:169 ] => Train  Loss: 8.2101e-03

I 06.08/06:49:42 solver.py:405 ] [20/32] loss: 9.3645e-03 | NMSE: -1.6778e+01 | time: 0.083
I 06.08/06:49:43 solver.py:413 ] => Test NMSE: -1.7828e+01

I 06.08/06:49:43 solver.py:345 ] => LoRA monitor [epoch=33] | trainable=163840/163840 | non_lora_trainable=0 | lora_l2=8.525619e+00 | lora_A_l2=3.714886e+00 | lora_B_l2=7.673709e+00 | component_l2=fc_decoder:8.525619e+00 | lora_abs_max=1.254148e-01 | delta_l2=8.280135e+00 | delta_rel=3.594372e+00 | train_loss=8.210130e-03 | test_loss=8.245111e-03 | nmse=-1.782774e+01
I 06.08/06:49:43 solver.py:224 ] 
=! Best NMSE: -1.7828e+01 (epoch=13)

I 06.08/06:49:45 solver.py:159 ] Epoch: [34/200][20/282] lr: 4.94e-04 | MSE loss: 9.8870e-03 | time: 0.073
I 06.08/06:49:46 solver.py:159 ] Epoch: [34/200][40/282] lr: 4.94e-04 | MSE loss: 8.8803e-03 | time: 0.067
I 06.08/06:49:47 solver.py:159 ] Epoch: [34/200][60/282] lr: 4.94e-04 | MSE loss: 8.4293e-03 | time: 0.067
I 06.08/06:49:49 solver.py:159 ] Epoch: [34/200][80/282] lr: 4.94e-04 | MSE loss: 8.5966e-03 | time: 0.068
I 06.08/06:49:50 solver.py:159 ] Epoch: [34/200][100/282] lr: 4.94e-04 | MSE loss: 8.4020e-03 | time: 0.070
I 06.08/06:49:51 solver.py:159 ] Epoch: [34/200][120/282] lr: 4.94e-04 | MSE loss: 8.5911e-03 | time: 0.069
I 06.08/06:49:53 solver.py:159 ] Epoch: [34/200][140/282] lr: 4.94e-04 | MSE loss: 8.5358e-03 | time: 0.067
I 06.08/06:49:54 solver.py:159 ] Epoch: [34/200][160/282] lr: 4.94e-04 | MSE loss: 8.5742e-03 | time: 0.067
I 06.08/06:49:55 solver.py:159 ] Epoch: [34/200][180/282] lr: 4.94e-04 | MSE loss: 8.4574e-03 | time: 0.066
I 06.08/06:49:56 solver.py:159 ] Epoch: [34/200][200/282] lr: 4.94e-04 | MSE loss: 8.3219e-03 | time: 0.066
I 06.08/06:49:58 solver.py:159 ] Epoch: [34/200][220/282] lr: 4.94e-04 | MSE loss: 8.2588e-03 | time: 0.066
I 06.08/06:50:00 solver.py:159 ] Epoch: [34/200][240/282] lr: 4.93e-04 | MSE loss: 8.1830e-03 | time: 0.070
I 06.08/06:50:03 solver.py:159 ] Epoch: [34/200][260/282] lr: 4.93e-04 | MSE loss: 8.1243e-03 | time: 0.078
I 06.08/06:50:05 solver.py:159 ] Epoch: [34/200][280/282] lr: 4.93e-04 | MSE loss: 8.1505e-03 | time: 0.079
I 06.08/06:50:05 solver.py:169 ] => Train  Loss: 8.1466e-03

I 06.08/06:50:07 solver.py:405 ] [20/32] loss: 9.3651e-03 | NMSE: -1.6778e+01 | time: 0.062
I 06.08/06:50:07 solver.py:413 ] => Test NMSE: -1.7827e+01

I 06.08/06:50:07 solver.py:345 ] => LoRA monitor [epoch=34] | trainable=163840/163840 | non_lora_trainable=0 | lora_l2=8.687724e+00 | lora_A_l2=3.753390e+00 | lora_B_l2=7.835089e+00 | component_l2=fc_decoder:8.687724e+00 | lora_abs_max=1.287588e-01 | delta_l2=8.446775e+00 | delta_rel=3.666710e+00 | train_loss=8.146574e-03 | test_loss=8.245925e-03 | nmse=-1.782731e+01
I 06.08/06:50:07 solver.py:224 ] 
=! Best NMSE: -1.7828e+01 (epoch=13)

I 06.08/06:50:09 solver.py:159 ] Epoch: [35/200][20/282] lr: 4.93e-04 | MSE loss: 8.1245e-03 | time: 0.071
I 06.08/06:50:10 solver.py:159 ] Epoch: [35/200][40/282] lr: 4.93e-04 | MSE loss: 7.9053e-03 | time: 0.064
I 06.08/06:50:11 solver.py:159 ] Epoch: [35/200][60/282] lr: 4.93e-04 | MSE loss: 8.7059e-03 | time: 0.066
I 06.08/06:50:13 solver.py:159 ] Epoch: [35/200][80/282] lr: 4.93e-04 | MSE loss: 8.2762e-03 | time: 0.066
I 06.08/06:50:14 solver.py:159 ] Epoch: [35/200][100/282] lr: 4.93e-04 | MSE loss: 8.0144e-03 | time: 0.067
I 06.08/06:50:15 solver.py:159 ] Epoch: [35/200][120/282] lr: 4.93e-04 | MSE loss: 7.8741e-03 | time: 0.067
I 06.08/06:50:17 solver.py:159 ] Epoch: [35/200][140/282] lr: 4.93e-04 | MSE loss: 7.8167e-03 | time: 0.068
I 06.08/06:50:18 solver.py:159 ] Epoch: [35/200][160/282] lr: 4.93e-04 | MSE loss: 7.7729e-03 | time: 0.068
I 06.08/06:50:20 solver.py:159 ] Epoch: [35/200][180/282] lr: 4.93e-04 | MSE loss: 8.2063e-03 | time: 0.067
I 06.08/06:50:21 solver.py:159 ] Epoch: [35/200][200/282] lr: 4.93e-04 | MSE loss: 8.0648e-03 | time: 0.067
I 06.08/06:50:22 solver.py:159 ] Epoch: [35/200][220/282] lr: 4.93e-04 | MSE loss: 8.1486e-03 | time: 0.067
I 06.08/06:50:24 solver.py:159 ] Epoch: [35/200][240/282] lr: 4.92e-04 | MSE loss: 8.1563e-03 | time: 0.068
I 06.08/06:50:25 solver.py:159 ] Epoch: [35/200][260/282] lr: 4.92e-04 | MSE loss: 8.2155e-03 | time: 0.068
I 06.08/06:50:26 solver.py:159 ] Epoch: [35/200][280/282] lr: 4.92e-04 | MSE loss: 8.1664e-03 | time: 0.067
I 06.08/06:50:26 solver.py:169 ] => Train  Loss: 8.1451e-03

I 06.08/06:50:28 solver.py:405 ] [20/32] loss: 9.3652e-03 | NMSE: -1.6778e+01 | time: 0.063
I 06.08/06:50:28 solver.py:413 ] => Test NMSE: -1.7828e+01

I 06.08/06:50:28 solver.py:345 ] => LoRA monitor [epoch=35] | trainable=163840/163840 | non_lora_trainable=0 | lora_l2=8.834573e+00 | lora_A_l2=3.797948e+00 | lora_B_l2=7.976545e+00 | component_l2=fc_decoder:8.834573e+00 | lora_abs_max=1.289164e-01 | delta_l2=8.599070e+00 | delta_rel=3.732821e+00 | train_loss=8.145094e-03 | test_loss=8.245505e-03 | nmse=-1.782753e+01
I 06.08/06:50:28 solver.py:224 ] 
=! Best NMSE: -1.7828e+01 (epoch=13)

I 06.08/06:50:30 solver.py:159 ] Epoch: [36/200][20/282] lr: 4.92e-04 | MSE loss: 8.4575e-03 | time: 0.066
I 06.08/06:50:31 solver.py:159 ] Epoch: [36/200][40/282] lr: 4.92e-04 | MSE loss: 7.0890e-03 | time: 0.064
I 06.08/06:50:32 solver.py:159 ] Epoch: [36/200][60/282] lr: 4.92e-04 | MSE loss: 7.5960e-03 | time: 0.069
I 06.08/06:50:34 solver.py:159 ] Epoch: [36/200][80/282] lr: 4.92e-04 | MSE loss: 7.4209e-03 | time: 0.068
I 06.08/06:50:35 solver.py:159 ] Epoch: [36/200][100/282] lr: 4.92e-04 | MSE loss: 7.2999e-03 | time: 0.066
I 06.08/06:50:36 solver.py:159 ] Epoch: [36/200][120/282] lr: 4.92e-04 | MSE loss: 7.6394e-03 | time: 0.064
I 06.08/06:50:37 solver.py:159 ] Epoch: [36/200][140/282] lr: 4.92e-04 | MSE loss: 7.7004e-03 | time: 0.064
I 06.08/06:50:39 solver.py:159 ] Epoch: [36/200][160/282] lr: 4.92e-04 | MSE loss: 7.7512e-03 | time: 0.065
I 06.08/06:50:40 solver.py:159 ] Epoch: [36/200][180/282] lr: 4.92e-04 | MSE loss: 7.8515e-03 | time: 0.064
I 06.08/06:50:41 solver.py:159 ] Epoch: [36/200][200/282] lr: 4.92e-04 | MSE loss: 7.9225e-03 | time: 0.063
I 06.08/06:50:42 solver.py:159 ] Epoch: [36/200][220/282] lr: 4.92e-04 | MSE loss: 7.9757e-03 | time: 0.064
I 06.08/06:50:44 solver.py:159 ] Epoch: [36/200][240/282] lr: 4.91e-04 | MSE loss: 8.0906e-03 | time: 0.064
I 06.08/06:50:45 solver.py:159 ] Epoch: [36/200][260/282] lr: 4.91e-04 | MSE loss: 8.1266e-03 | time: 0.064
I 06.08/06:50:46 solver.py:159 ] Epoch: [36/200][280/282] lr: 4.91e-04 | MSE loss: 8.1486e-03 | time: 0.064
I 06.08/06:50:46 solver.py:169 ] => Train  Loss: 8.2009e-03

I 06.08/06:50:48 solver.py:405 ] [20/32] loss: 9.3643e-03 | NMSE: -1.6778e+01 | time: 0.072
I 06.08/06:50:49 solver.py:413 ] => Test NMSE: -1.7828e+01

I 06.08/06:50:49 solver.py:345 ] => LoRA monitor [epoch=36] | trainable=163840/163840 | non_lora_trainable=0 | lora_l2=8.973782e+00 | lora_A_l2=3.820763e+00 | lora_B_l2=8.119762e+00 | component_l2=fc_decoder:8.973782e+00 | lora_abs_max=1.307634e-01 | delta_l2=8.743048e+00 | delta_rel=3.795321e+00 | train_loss=8.200851e-03 | test_loss=8.245089e-03 | nmse=-1.782775e+01
I 06.08/06:50:49 solver.py:224 ] 
=! Best NMSE: -1.7828e+01 (epoch=13)

I 06.08/06:50:50 solver.py:159 ] Epoch: [37/200][20/282] lr: 4.91e-04 | MSE loss: 8.2330e-03 | time: 0.068
I 06.08/06:50:51 solver.py:159 ] Epoch: [37/200][40/282] lr: 4.91e-04 | MSE loss: 8.3601e-03 | time: 0.070
I 06.08/06:50:53 solver.py:159 ] Epoch: [37/200][60/282] lr: 4.91e-04 | MSE loss: 8.8005e-03 | time: 0.069
I 06.08/06:50:54 solver.py:159 ] Epoch: [37/200][80/282] lr: 4.91e-04 | MSE loss: 8.8714e-03 | time: 0.068
I 06.08/06:50:55 solver.py:159 ] Epoch: [37/200][100/282] lr: 4.91e-04 | MSE loss: 8.7643e-03 | time: 0.067
I 06.08/06:50:57 solver.py:159 ] Epoch: [37/200][120/282] lr: 4.91e-04 | MSE loss: 8.5163e-03 | time: 0.068
I 06.08/06:50:58 solver.py:159 ] Epoch: [37/200][140/282] lr: 4.91e-04 | MSE loss: 8.2945e-03 | time: 0.067
I 06.08/06:50:59 solver.py:159 ] Epoch: [37/200][160/282] lr: 4.91e-04 | MSE loss: 7.9293e-03 | time: 0.066
I 06.08/06:51:02 solver.py:159 ] Epoch: [37/200][180/282] lr: 4.91e-04 | MSE loss: 7.8595e-03 | time: 0.072
I 06.08/06:51:05 solver.py:159 ] Epoch: [37/200][200/282] lr: 4.90e-04 | MSE loss: 8.0933e-03 | time: 0.080
I 06.08/06:51:06 solver.py:159 ] Epoch: [37/200][220/282] lr: 4.90e-04 | MSE loss: 8.1158e-03 | time: 0.080
I 06.08/06:51:07 solver.py:159 ] Epoch: [37/200][240/282] lr: 4.90e-04 | MSE loss: 8.0236e-03 | time: 0.078
I 06.08/06:51:09 solver.py:159 ] Epoch: [37/200][260/282] lr: 4.90e-04 | MSE loss: 8.1604e-03 | time: 0.077
I 06.08/06:51:10 solver.py:159 ] Epoch: [37/200][280/282] lr: 4.90e-04 | MSE loss: 8.1606e-03 | time: 0.076
I 06.08/06:51:10 solver.py:169 ] => Train  Loss: 8.1447e-03

I 06.08/06:51:12 solver.py:405 ] [20/32] loss: 9.3647e-03 | NMSE: -1.6778e+01 | time: 0.084
I 06.08/06:51:13 solver.py:413 ] => Test NMSE: -1.7828e+01

I 06.08/06:51:13 solver.py:345 ] => LoRA monitor [epoch=37] | trainable=163840/163840 | non_lora_trainable=0 | lora_l2=9.108228e+00 | lora_A_l2=3.857741e+00 | lora_B_l2=8.250919e+00 | component_l2=fc_decoder:9.108228e+00 | lora_abs_max=1.343375e-01 | delta_l2=8.882312e+00 | delta_rel=3.855775e+00 | train_loss=8.144659e-03 | test_loss=8.245369e-03 | nmse=-1.782760e+01
I 06.08/06:51:13 solver.py:224 ] 
=! Best NMSE: -1.7828e+01 (epoch=13)

I 06.08/06:51:14 solver.py:159 ] Epoch: [38/200][20/282] lr: 4.90e-04 | MSE loss: 8.2473e-03 | time: 0.078
I 06.08/06:51:16 solver.py:159 ] Epoch: [38/200][40/282] lr: 4.90e-04 | MSE loss: 8.1326e-03 | time: 0.082
I 06.08/06:51:17 solver.py:159 ] Epoch: [38/200][60/282] lr: 4.90e-04 | MSE loss: 7.7684e-03 | time: 0.078
I 06.08/06:51:19 solver.py:159 ] Epoch: [38/200][80/282] lr: 4.90e-04 | MSE loss: 8.0183e-03 | time: 0.075
I 06.08/06:51:20 solver.py:159 ] Epoch: [38/200][100/282] lr: 4.90e-04 | MSE loss: 7.8086e-03 | time: 0.074
I 06.08/06:51:21 solver.py:159 ] Epoch: [38/200][120/282] lr: 4.90e-04 | MSE loss: 7.8082e-03 | time: 0.071
I 06.08/06:51:23 solver.py:159 ] Epoch: [38/200][140/282] lr: 4.90e-04 | MSE loss: 7.5980e-03 | time: 0.071
I 06.08/06:51:24 solver.py:159 ] Epoch: [38/200][160/282] lr: 4.90e-04 | MSE loss: 7.8830e-03 | time: 0.071
I 06.08/06:51:26 solver.py:159 ] Epoch: [38/200][180/282] lr: 4.89e-04 | MSE loss: 7.8370e-03 | time: 0.073
I 06.08/06:51:27 solver.py:159 ] Epoch: [38/200][200/282] lr: 4.89e-04 | MSE loss: 7.9088e-03 | time: 0.072
I 06.08/06:51:28 solver.py:159 ] Epoch: [38/200][220/282] lr: 4.89e-04 | MSE loss: 7.7827e-03 | time: 0.072
I 06.08/06:51:30 solver.py:159 ] Epoch: [38/200][240/282] lr: 4.89e-04 | MSE loss: 7.7659e-03 | time: 0.072
I 06.08/06:51:31 solver.py:159 ] Epoch: [38/200][260/282] lr: 4.89e-04 | MSE loss: 7.8508e-03 | time: 0.072
I 06.08/06:51:32 solver.py:159 ] Epoch: [38/200][280/282] lr: 4.89e-04 | MSE loss: 8.1004e-03 | time: 0.071
I 06.08/06:51:33 solver.py:169 ] => Train  Loss: 8.2334e-03

I 06.08/06:51:34 solver.py:405 ] [20/32] loss: 9.3635e-03 | NMSE: -1.6779e+01 | time: 0.068
I 06.08/06:51:35 solver.py:413 ] => Test NMSE: -1.7828e+01

I 06.08/06:51:35 solver.py:345 ] => LoRA monitor [epoch=38] | trainable=163840/163840 | non_lora_trainable=0 | lora_l2=9.238369e+00 | lora_A_l2=3.881563e+00 | lora_B_l2=8.383373e+00 | component_l2=fc_decoder:9.238369e+00 | lora_abs_max=1.327673e-01 | delta_l2=9.015800e+00 | delta_rel=3.913721e+00 | train_loss=8.233389e-03 | test_loss=8.244722e-03 | nmse=-1.782794e+01
I 06.08/06:51:35 solver.py:224 ] 
=! Best NMSE: -1.7828e+01 (epoch=38)

I 06.08/06:51:36 solver.py:159 ] Epoch: [39/200][20/282] lr: 4.89e-04 | MSE loss: 8.5354e-03 | time: 0.070
I 06.08/06:51:38 solver.py:159 ] Epoch: [39/200][40/282] lr: 4.89e-04 | MSE loss: 1.0646e-02 | time: 0.064
I 06.08/06:51:39 solver.py:159 ] Epoch: [39/200][60/282] lr: 4.89e-04 | MSE loss: 1.0178e-02 | time: 0.067
I 06.08/06:51:41 solver.py:159 ] Epoch: [39/200][80/282] lr: 4.89e-04 | MSE loss: 9.3444e-03 | time: 0.072
I 06.08/06:51:42 solver.py:159 ] Epoch: [39/200][100/282] lr: 4.89e-04 | MSE loss: 9.0356e-03 | time: 0.070
I 06.08/06:51:43 solver.py:159 ] Epoch: [39/200][120/282] lr: 4.88e-04 | MSE loss: 9.0159e-03 | time: 0.070
I 06.08/06:51:45 solver.py:159 ] Epoch: [39/200][140/282] lr: 4.88e-04 | MSE loss: 8.8091e-03 | time: 0.069
I 06.08/06:51:46 solver.py:159 ] Epoch: [39/200][160/282] lr: 4.88e-04 | MSE loss: 8.6566e-03 | time: 0.070
I 06.08/06:51:48 solver.py:159 ] Epoch: [39/200][180/282] lr: 4.88e-04 | MSE loss: 8.7115e-03 | time: 0.071
I 06.08/06:51:49 solver.py:159 ] Epoch: [39/200][200/282] lr: 4.88e-04 | MSE loss: 8.8870e-03 | time: 0.071
I 06.08/06:51:51 solver.py:159 ] Epoch: [39/200][220/282] lr: 4.88e-04 | MSE loss: 8.7327e-03 | time: 0.070
I 06.08/06:51:52 solver.py:159 ] Epoch: [39/200][240/282] lr: 4.88e-04 | MSE loss: 8.5358e-03 | time: 0.069
I 06.08/06:51:53 solver.py:159 ] Epoch: [39/200][260/282] lr: 4.88e-04 | MSE loss: 8.3819e-03 | time: 0.069
I 06.08/06:51:54 solver.py:159 ] Epoch: [39/200][280/282] lr: 4.88e-04 | MSE loss: 8.1938e-03 | time: 0.069
I 06.08/06:51:54 solver.py:169 ] => Train  Loss: 8.1441e-03

I 06.08/06:51:56 solver.py:405 ] [20/32] loss: 9.3640e-03 | NMSE: -1.6778e+01 | time: 0.073
I 06.08/06:51:57 solver.py:413 ] => Test NMSE: -1.7828e+01

I 06.08/06:51:57 solver.py:345 ] => LoRA monitor [epoch=39] | trainable=163840/163840 | non_lora_trainable=0 | lora_l2=9.371360e+00 | lora_A_l2=3.911672e+00 | lora_B_l2=8.515939e+00 | component_l2=fc_decoder:9.371360e+00 | lora_abs_max=1.359539e-01 | delta_l2=9.152832e+00 | delta_rel=3.973206e+00 | train_loss=8.144088e-03 | test_loss=8.244656e-03 | nmse=-1.782798e+01
I 06.08/06:51:57 solver.py:224 ] 
=! Best NMSE: -1.7828e+01 (epoch=39)

I 06.08/06:51:58 solver.py:159 ] Epoch: [40/200][20/282] lr: 4.88e-04 | MSE loss: 7.6059e-03 | time: 0.071
I 06.08/06:52:00 solver.py:159 ] Epoch: [40/200][40/282] lr: 4.88e-04 | MSE loss: 8.5792e-03 | time: 0.066
I 06.08/06:52:02 solver.py:159 ] Epoch: [40/200][60/282] lr: 4.87e-04 | MSE loss: 8.6301e-03 | time: 0.085
I 06.08/06:52:05 solver.py:159 ] Epoch: [40/200][80/282] lr: 4.87e-04 | MSE loss: 7.9505e-03 | time: 0.100
I 06.08/06:52:06 solver.py:159 ] Epoch: [40/200][100/282] lr: 4.87e-04 | MSE loss: 8.1184e-03 | time: 0.095
I 06.08/06:52:08 solver.py:159 ] Epoch: [40/200][120/282] lr: 4.87e-04 | MSE loss: 8.1920e-03 | time: 0.089
I 06.08/06:52:09 solver.py:159 ] Epoch: [40/200][140/282] lr: 4.87e-04 | MSE loss: 8.1185e-03 | time: 0.087
I 06.08/06:52:10 solver.py:159 ] Epoch: [40/200][160/282] lr: 4.87e-04 | MSE loss: 8.1671e-03 | time: 0.084
I 06.08/06:52:12 solver.py:159 ] Epoch: [40/200][180/282] lr: 4.87e-04 | MSE loss: 8.1352e-03 | time: 0.083
I 06.08/06:52:14 solver.py:159 ] Epoch: [40/200][200/282] lr: 4.87e-04 | MSE loss: 8.1659e-03 | time: 0.083
I 06.08/06:52:15 solver.py:159 ] Epoch: [40/200][220/282] lr: 4.87e-04 | MSE loss: 8.1009e-03 | time: 0.081
I 06.08/06:52:16 solver.py:159 ] Epoch: [40/200][240/282] lr: 4.87e-04 | MSE loss: 8.1623e-03 | time: 0.079
I 06.08/06:52:17 solver.py:159 ] Epoch: [40/200][260/282] lr: 4.87e-04 | MSE loss: 8.1889e-03 | time: 0.079
I 06.08/06:52:19 solver.py:159 ] Epoch: [40/200][280/282] lr: 4.86e-04 | MSE loss: 8.1419e-03 | time: 0.079
I 06.08/06:52:19 solver.py:169 ] => Train  Loss: 8.2318e-03

I 06.08/06:52:21 solver.py:159 ] Epoch: [40/200][20/32] lr: 4.86e-04 | MSE loss: 9.3643e-03 | time: 0.069
I 06.08/06:52:21 solver.py:169 ] => Val  Loss: 8.0603e-03

I 06.08/06:52:23 solver.py:405 ] [20/32] loss: 9.3643e-03 | NMSE: -1.6778e+01 | time: 0.077
I 06.08/06:52:24 solver.py:413 ] => Test NMSE: -1.7828e+01

I 06.08/06:52:24 solver.py:345 ] => LoRA monitor [epoch=40] | trainable=163840/163840 | non_lora_trainable=0 | lora_l2=9.514058e+00 | lora_A_l2=3.935043e+00 | lora_B_l2=8.662144e+00 | component_l2=fc_decoder:9.514058e+00 | lora_abs_max=1.375634e-01 | delta_l2=9.299113e+00 | delta_rel=4.036706e+00 | train_loss=8.231829e-03 | val_loss=8.060303e-03 | test_loss=8.244989e-03 | nmse=-1.782780e+01
I 06.08/06:52:24 solver.py:224 ] 
=! Best NMSE: -1.7828e+01 (epoch=39)

I 06.08/06:52:25 solver.py:159 ] Epoch: [41/200][20/282] lr: 4.86e-04 | MSE loss: 9.4738e-03 | time: 0.056
I 06.08/06:52:26 solver.py:159 ] Epoch: [41/200][40/282] lr: 4.86e-04 | MSE loss: 9.1773e-03 | time: 0.061
I 06.08/06:52:27 solver.py:159 ] Epoch: [41/200][60/282] lr: 4.86e-04 | MSE loss: 9.3183e-03 | time: 0.060
I 06.08/06:52:28 solver.py:159 ] Epoch: [41/200][80/282] lr: 4.86e-04 | MSE loss: 8.9862e-03 | time: 0.061
I 06.08/06:52:30 solver.py:159 ] Epoch: [41/200][100/282] lr: 4.86e-04 | MSE loss: 8.6620e-03 | time: 0.060
I 06.08/06:52:31 solver.py:159 ] Epoch: [41/200][120/282] lr: 4.86e-04 | MSE loss: 8.4273e-03 | time: 0.060
I 06.08/06:52:32 solver.py:159 ] Epoch: [41/200][140/282] lr: 4.86e-04 | MSE loss: 8.3745e-03 | time: 0.059
I 06.08/06:52:33 solver.py:159 ] Epoch: [41/200][160/282] lr: 4.86e-04 | MSE loss: 8.0192e-03 | time: 0.059
I 06.08/06:52:34 solver.py:159 ] Epoch: [41/200][180/282] lr: 4.86e-04 | MSE loss: 8.0708e-03 | time: 0.058
I 06.08/06:52:35 solver.py:159 ] Epoch: [41/200][200/282] lr: 4.85e-04 | MSE loss: 7.9409e-03 | time: 0.059
I 06.08/06:52:37 solver.py:159 ] Epoch: [41/200][220/282] lr: 4.85e-04 | MSE loss: 8.0250e-03 | time: 0.059
I 06.08/06:52:38 solver.py:159 ] Epoch: [41/200][240/282] lr: 4.85e-04 | MSE loss: 8.0100e-03 | time: 0.059
I 06.08/06:52:39 solver.py:159 ] Epoch: [41/200][260/282] lr: 4.85e-04 | MSE loss: 8.0147e-03 | time: 0.059
I 06.08/06:52:40 solver.py:159 ] Epoch: [41/200][280/282] lr: 4.85e-04 | MSE loss: 8.1020e-03 | time: 0.059
I 06.08/06:52:40 solver.py:169 ] => Train  Loss: 8.1441e-03

I 06.08/06:52:41 solver.py:405 ] [20/32] loss: 9.3642e-03 | NMSE: -1.6778e+01 | time: 0.058
I 06.08/06:52:42 solver.py:413 ] => Test NMSE: -1.7828e+01

I 06.08/06:52:42 solver.py:345 ] => LoRA monitor [epoch=41] | trainable=163840/163840 | non_lora_trainable=0 | lora_l2=9.629293e+00 | lora_A_l2=3.958345e+00 | lora_B_l2=8.778086e+00 | component_l2=fc_decoder:9.629293e+00 | lora_abs_max=1.389191e-01 | delta_l2=9.418696e+00 | delta_rel=4.088617e+00 | train_loss=8.144107e-03 | test_loss=8.244895e-03 | nmse=-1.782785e+01
I 06.08/06:52:42 solver.py:224 ] 
=! Best NMSE: -1.7828e+01 (epoch=39)

I 06.08/06:52:43 solver.py:159 ] Epoch: [42/200][20/282] lr: 4.85e-04 | MSE loss: 7.2179e-03 | time: 0.057
I 06.08/06:52:44 solver.py:159 ] Epoch: [42/200][40/282] lr: 4.85e-04 | MSE loss: 7.5132e-03 | time: 0.058
I 06.08/06:52:46 solver.py:159 ] Epoch: [42/200][60/282] lr: 4.85e-04 | MSE loss: 7.5835e-03 | time: 0.060
I 06.08/06:52:47 solver.py:159 ] Epoch: [42/200][80/282] lr: 4.85e-04 | MSE loss: 7.2156e-03 | time: 0.061
I 06.08/06:52:48 solver.py:159 ] Epoch: [42/200][100/282] lr: 4.85e-04 | MSE loss: 7.1812e-03 | time: 0.061
I 06.08/06:52:49 solver.py:159 ] Epoch: [42/200][120/282] lr: 4.84e-04 | MSE loss: 7.4649e-03 | time: 0.059
I 06.08/06:52:50 solver.py:159 ] Epoch: [42/200][140/282] lr: 4.84e-04 | MSE loss: 7.8254e-03 | time: 0.059
I 06.08/06:52:52 solver.py:159 ] Epoch: [42/200][160/282] lr: 4.84e-04 | MSE loss: 7.5171e-03 | time: 0.059
I 06.08/06:52:53 solver.py:159 ] Epoch: [42/200][180/282] lr: 4.84e-04 | MSE loss: 7.7876e-03 | time: 0.059
I 06.08/06:52:54 solver.py:159 ] Epoch: [42/200][200/282] lr: 4.84e-04 | MSE loss: 8.1014e-03 | time: 0.060
I 06.08/06:52:56 solver.py:159 ] Epoch: [42/200][220/282] lr: 4.84e-04 | MSE loss: 8.1753e-03 | time: 0.061
I 06.08/06:52:57 solver.py:159 ] Epoch: [42/200][240/282] lr: 4.84e-04 | MSE loss: 8.1044e-03 | time: 0.062
I 06.08/06:52:58 solver.py:159 ] Epoch: [42/200][260/282] lr: 4.84e-04 | MSE loss: 8.1766e-03 | time: 0.061
I 06.08/06:52:59 solver.py:159 ] Epoch: [42/200][280/282] lr: 4.84e-04 | MSE loss: 8.1645e-03 | time: 0.060
I 06.08/06:52:59 solver.py:169 ] => Train  Loss: 8.1509e-03

I 06.08/06:53:01 solver.py:405 ] [20/32] loss: 9.3647e-03 | NMSE: -1.6778e+01 | time: 0.069
I 06.08/06:53:02 solver.py:413 ] => Test NMSE: -1.7828e+01

I 06.08/06:53:02 solver.py:345 ] => LoRA monitor [epoch=42] | trainable=163840/163840 | non_lora_trainable=0 | lora_l2=9.761991e+00 | lora_A_l2=3.980074e+00 | lora_B_l2=8.913780e+00 | component_l2=fc_decoder:9.761991e+00 | lora_abs_max=1.426454e-01 | delta_l2=9.554713e+00 | delta_rel=4.147661e+00 | train_loss=8.150942e-03 | test_loss=8.245325e-03 | nmse=-1.782762e+01
I 06.08/06:53:02 solver.py:224 ] 
=! Best NMSE: -1.7828e+01 (epoch=39)

I 06.08/06:53:04 solver.py:159 ] Epoch: [43/200][20/282] lr: 4.84e-04 | MSE loss: 6.5075e-03 | time: 0.120
I 06.08/06:53:05 solver.py:159 ] Epoch: [43/200][40/282] lr: 4.83e-04 | MSE loss: 6.9388e-03 | time: 0.086
I 06.08/06:53:06 solver.py:159 ] Epoch: [43/200][60/282] lr: 4.83e-04 | MSE loss: 7.1104e-03 | time: 0.074
I 06.08/06:53:07 solver.py:159 ] Epoch: [43/200][80/282] lr: 4.83e-04 | MSE loss: 7.3451e-03 | time: 0.066
I 06.08/06:53:08 solver.py:159 ] Epoch: [43/200][100/282] lr: 4.83e-04 | MSE loss: 7.5086e-03 | time: 0.062
I 06.08/06:53:09 solver.py:159 ] Epoch: [43/200][120/282] lr: 4.83e-04 | MSE loss: 8.0552e-03 | time: 0.060
I 06.08/06:53:10 solver.py:159 ] Epoch: [43/200][140/282] lr: 4.83e-04 | MSE loss: 8.4398e-03 | time: 0.058
I 06.08/06:53:11 solver.py:159 ] Epoch: [43/200][160/282] lr: 4.83e-04 | MSE loss: 8.3625e-03 | time: 0.057
I 06.08/06:53:12 solver.py:159 ] Epoch: [43/200][180/282] lr: 4.83e-04 | MSE loss: 8.1947e-03 | time: 0.057
I 06.08/06:53:13 solver.py:159 ] Epoch: [43/200][200/282] lr: 4.83e-04 | MSE loss: 8.2737e-03 | time: 0.055
I 06.08/06:53:14 solver.py:159 ] Epoch: [43/200][220/282] lr: 4.82e-04 | MSE loss: 8.2757e-03 | time: 0.055
I 06.08/06:53:15 solver.py:159 ] Epoch: [43/200][240/282] lr: 4.82e-04 | MSE loss: 8.2143e-03 | time: 0.054
I 06.08/06:53:16 solver.py:159 ] Epoch: [43/200][260/282] lr: 4.82e-04 | MSE loss: 8.1848e-03 | time: 0.054
I 06.08/06:53:17 solver.py:159 ] Epoch: [43/200][280/282] lr: 4.82e-04 | MSE loss: 8.1666e-03 | time: 0.053
I 06.08/06:53:17 solver.py:169 ] => Train  Loss: 8.1458e-03

I 06.08/06:53:18 solver.py:405 ] [20/32] loss: 9.3645e-03 | NMSE: -1.6778e+01 | time: 0.046
I 06.08/06:53:19 solver.py:413 ] => Test NMSE: -1.7828e+01

I 06.08/06:53:19 solver.py:345 ] => LoRA monitor [epoch=43] | trainable=163840/163840 | non_lora_trainable=0 | lora_l2=9.869843e+00 | lora_A_l2=4.003499e+00 | lora_B_l2=9.021407e+00 | component_l2=fc_decoder:9.869843e+00 | lora_abs_max=1.443691e-01 | delta_l2=9.663537e+00 | delta_rel=4.194901e+00 | train_loss=8.145849e-03 | test_loss=8.245255e-03 | nmse=-1.782766e+01
I 06.08/06:53:19 solver.py:224 ] 
=! Best NMSE: -1.7828e+01 (epoch=39)

I 06.08/06:53:20 solver.py:159 ] Epoch: [44/200][20/282] lr: 4.82e-04 | MSE loss: 1.0045e-02 | time: 0.049
I 06.08/06:53:21 solver.py:159 ] Epoch: [44/200][40/282] lr: 4.82e-04 | MSE loss: 8.9755e-03 | time: 0.049
I 06.08/06:53:22 solver.py:159 ] Epoch: [44/200][60/282] lr: 4.82e-04 | MSE loss: 8.1414e-03 | time: 0.050
I 06.08/06:53:22 solver.py:159 ] Epoch: [44/200][80/282] lr: 4.82e-04 | MSE loss: 7.7120e-03 | time: 0.049
I 06.08/06:53:23 solver.py:159 ] Epoch: [44/200][100/282] lr: 4.82e-04 | MSE loss: 7.9297e-03 | time: 0.048
I 06.08/06:53:24 solver.py:159 ] Epoch: [44/200][120/282] lr: 4.81e-04 | MSE loss: 7.8460e-03 | time: 0.047
I 06.08/06:53:25 solver.py:159 ] Epoch: [44/200][140/282] lr: 4.81e-04 | MSE loss: 7.9477e-03 | time: 0.048
I 06.08/06:53:26 solver.py:159 ] Epoch: [44/200][160/282] lr: 4.81e-04 | MSE loss: 8.1965e-03 | time: 0.048
I 06.08/06:53:27 solver.py:159 ] Epoch: [44/200][180/282] lr: 4.81e-04 | MSE loss: 8.1057e-03 | time: 0.049
I 06.08/06:53:28 solver.py:159 ] Epoch: [44/200][200/282] lr: 4.81e-04 | MSE loss: 8.2171e-03 | time: 0.048
I 06.08/06:53:29 solver.py:159 ] Epoch: [44/200][220/282] lr: 4.81e-04 | MSE loss: 8.4498e-03 | time: 0.048
I 06.08/06:53:30 solver.py:159 ] Epoch: [44/200][240/282] lr: 4.81e-04 | MSE loss: 8.3826e-03 | time: 0.048
I 06.08/06:53:32 solver.py:159 ] Epoch: [44/200][260/282] lr: 4.81e-04 | MSE loss: 8.2903e-03 | time: 0.050
I 06.08/06:53:33 solver.py:159 ] Epoch: [44/200][280/282] lr: 4.81e-04 | MSE loss: 8.1679e-03 | time: 0.051
I 06.08/06:53:33 solver.py:169 ] => Train  Loss: 8.1465e-03

I 06.08/06:53:34 solver.py:405 ] [20/32] loss: 9.3644e-03 | NMSE: -1.6778e+01 | time: 0.046
I 06.08/06:53:34 solver.py:413 ] => Test NMSE: -1.7828e+01

I 06.08/06:53:34 solver.py:345 ] => LoRA monitor [epoch=44] | trainable=163840/163840 | non_lora_trainable=0 | lora_l2=9.983169e+00 | lora_A_l2=4.031297e+00 | lora_B_l2=9.133033e+00 | component_l2=fc_decoder:9.983169e+00 | lora_abs_max=1.439975e-01 | delta_l2=9.779697e+00 | delta_rel=4.245326e+00 | train_loss=8.146538e-03 | test_loss=8.245113e-03 | nmse=-1.782774e+01
I 06.08/06:53:34 solver.py:224 ] 
=! Best NMSE: -1.7828e+01 (epoch=39)

I 06.08/06:53:35 solver.py:159 ] Epoch: [45/200][20/282] lr: 4.80e-04 | MSE loss: 7.7393e-03 | time: 0.045
I 06.08/06:53:36 solver.py:159 ] Epoch: [45/200][40/282] lr: 4.80e-04 | MSE loss: 7.4219e-03 | time: 0.046
I 06.08/06:53:37 solver.py:159 ] Epoch: [45/200][60/282] lr: 4.80e-04 | MSE loss: 7.8211e-03 | time: 0.046
I 06.08/06:53:38 solver.py:159 ] Epoch: [45/200][80/282] lr: 4.80e-04 | MSE loss: 7.7674e-03 | time: 0.046
I 06.08/06:53:39 solver.py:159 ] Epoch: [45/200][100/282] lr: 4.80e-04 | MSE loss: 7.5936e-03 | time: 0.046
I 06.08/06:53:40 solver.py:159 ] Epoch: [45/200][120/282] lr: 4.80e-04 | MSE loss: 7.5594e-03 | time: 0.046
I 06.08/06:53:41 solver.py:159 ] Epoch: [45/200][140/282] lr: 4.80e-04 | MSE loss: 7.8095e-03 | time: 0.046
I 06.08/06:53:42 solver.py:159 ] Epoch: [45/200][160/282] lr: 4.80e-04 | MSE loss: 7.8900e-03 | time: 0.047
I 06.08/06:53:43 solver.py:159 ] Epoch: [45/200][180/282] lr: 4.80e-04 | MSE loss: 7.7351e-03 | time: 0.047
I 06.08/06:53:44 solver.py:159 ] Epoch: [45/200][200/282] lr: 4.79e-04 | MSE loss: 8.0238e-03 | time: 0.047
I 06.08/06:53:44 solver.py:159 ] Epoch: [45/200][220/282] lr: 4.79e-04 | MSE loss: 8.2669e-03 | time: 0.047
I 06.08/06:53:45 solver.py:159 ] Epoch: [45/200][240/282] lr: 4.79e-04 | MSE loss: 8.2078e-03 | time: 0.047
I 06.08/06:53:46 solver.py:159 ] Epoch: [45/200][260/282] lr: 4.79e-04 | MSE loss: 8.2913e-03 | time: 0.047
I 06.08/06:53:47 solver.py:159 ] Epoch: [45/200][280/282] lr: 4.79e-04 | MSE loss: 8.1830e-03 | time: 0.046
I 06.08/06:53:47 solver.py:169 ] => Train  Loss: 8.1445e-03

I 06.08/06:53:48 solver.py:405 ] [20/32] loss: 9.3635e-03 | NMSE: -1.6778e+01 | time: 0.034
I 06.08/06:53:48 solver.py:413 ] => Test NMSE: -1.7828e+01

I 06.08/06:53:48 solver.py:345 ] => LoRA monitor [epoch=45] | trainable=163840/163840 | non_lora_trainable=0 | lora_l2=1.010070e+01 | lora_A_l2=4.045464e+00 | lora_B_l2=9.255185e+00 | component_l2=fc_decoder:1.010070e+01 | lora_abs_max=1.457594e-01 | delta_l2=9.901166e+00 | delta_rel=4.298055e+00 | train_loss=8.144506e-03 | test_loss=8.244494e-03 | nmse=-1.782806e+01
I 06.08/06:53:49 solver.py:224 ] 
=! Best NMSE: -1.7828e+01 (epoch=45)

I 06.08/06:53:49 solver.py:159 ] Epoch: [46/200][20/282] lr: 4.79e-04 | MSE loss: 1.2221e-02 | time: 0.041
I 06.08/06:53:50 solver.py:159 ] Epoch: [46/200][40/282] lr: 4.79e-04 | MSE loss: 1.0497e-02 | time: 0.041
I 06.08/06:53:51 solver.py:159 ] Epoch: [46/200][60/282] lr: 4.79e-04 | MSE loss: 9.2964e-03 | time: 0.042
I 06.08/06:53:52 solver.py:159 ] Epoch: [46/200][80/282] lr: 4.78e-04 | MSE loss: 8.5790e-03 | time: 0.043
I 06.08/06:53:53 solver.py:159 ] Epoch: [46/200][100/282] lr: 4.78e-04 | MSE loss: 8.0429e-03 | time: 0.043
I 06.08/06:53:54 solver.py:159 ] Epoch: [46/200][120/282] lr: 4.78e-04 | MSE loss: 8.1042e-03 | time: 0.043
I 06.08/06:53:55 solver.py:159 ] Epoch: [46/200][140/282] lr: 4.78e-04 | MSE loss: 7.9956e-03 | time: 0.043
I 06.08/06:53:56 solver.py:159 ] Epoch: [46/200][160/282] lr: 4.78e-04 | MSE loss: 7.7551e-03 | time: 0.044
I 06.08/06:53:57 solver.py:159 ] Epoch: [46/200][180/282] lr: 4.78e-04 | MSE loss: 7.9531e-03 | time: 0.045
I 06.08/06:53:58 solver.py:159 ] Epoch: [46/200][200/282] lr: 4.78e-04 | MSE loss: 7.8359e-03 | time: 0.045
I 06.08/06:53:59 solver.py:159 ] Epoch: [46/200][220/282] lr: 4.78e-04 | MSE loss: 7.9788e-03 | time: 0.045
I 06.08/06:54:00 solver.py:159 ] Epoch: [46/200][240/282] lr: 4.77e-04 | MSE loss: 7.9016e-03 | time: 0.045
I 06.08/06:54:01 solver.py:159 ] Epoch: [46/200][260/282] lr: 4.77e-04 | MSE loss: 8.1259e-03 | time: 0.046
I 06.08/06:54:03 solver.py:159 ] Epoch: [46/200][280/282] lr: 4.77e-04 | MSE loss: 8.1679e-03 | time: 0.050
I 06.08/06:54:03 solver.py:169 ] => Train  Loss: 8.1446e-03

I 06.08/06:54:05 solver.py:405 ] [20/32] loss: 9.3648e-03 | NMSE: -1.6778e+01 | time: 0.085
I 06.08/06:54:05 solver.py:413 ] => Test NMSE: -1.7828e+01

I 06.08/06:54:05 solver.py:345 ] => LoRA monitor [epoch=46] | trainable=163840/163840 | non_lora_trainable=0 | lora_l2=1.022132e+01 | lora_A_l2=4.076570e+00 | lora_B_l2=9.373203e+00 | component_l2=fc_decoder:1.022132e+01 | lora_abs_max=1.449928e-01 | delta_l2=1.002491e+01 | delta_rel=4.351774e+00 | train_loss=8.144643e-03 | test_loss=8.245212e-03 | nmse=-1.782768e+01
I 06.08/06:54:05 solver.py:224 ] 
=! Best NMSE: -1.7828e+01 (epoch=45)

I 06.08/06:54:06 solver.py:159 ] Epoch: [47/200][20/282] lr: 4.77e-04 | MSE loss: 6.7771e-03 | time: 0.047
I 06.08/06:54:07 solver.py:159 ] Epoch: [47/200][40/282] lr: 4.77e-04 | MSE loss: 7.8164e-03 | time: 0.048
I 06.08/06:54:08 solver.py:159 ] Epoch: [47/200][60/282] lr: 4.77e-04 | MSE loss: 7.7495e-03 | time: 0.049
I 06.08/06:54:09 solver.py:159 ] Epoch: [47/200][80/282] lr: 4.77e-04 | MSE loss: 7.6062e-03 | time: 0.048
I 06.08/06:54:10 solver.py:159 ] Epoch: [47/200][100/282] lr: 4.77e-04 | MSE loss: 7.9007e-03 | time: 0.047
I 06.08/06:54:11 solver.py:159 ] Epoch: [47/200][120/282] lr: 4.76e-04 | MSE loss: 7.9785e-03 | time: 0.047
I 06.08/06:54:12 solver.py:159 ] Epoch: [47/200][140/282] lr: 4.76e-04 | MSE loss: 8.4450e-03 | time: 0.047
I 06.08/06:54:13 solver.py:159 ] Epoch: [47/200][160/282] lr: 4.76e-04 | MSE loss: 8.3208e-03 | time: 0.048
I 06.08/06:54:14 solver.py:159 ] Epoch: [47/200][180/282] lr: 4.76e-04 | MSE loss: 8.1427e-03 | time: 0.048
I 06.08/06:54:15 solver.py:159 ] Epoch: [47/200][200/282] lr: 4.76e-04 | MSE loss: 7.9415e-03 | time: 0.048
I 06.08/06:54:15 solver.py:159 ] Epoch: [47/200][220/282] lr: 4.76e-04 | MSE loss: 8.0777e-03 | time: 0.047
I 06.08/06:54:16 solver.py:159 ] Epoch: [47/200][240/282] lr: 4.76e-04 | MSE loss: 8.1001e-03 | time: 0.047
I 06.08/06:54:17 solver.py:159 ] Epoch: [47/200][260/282] lr: 4.76e-04 | MSE loss: 8.1062e-03 | time: 0.047
I 06.08/06:54:18 solver.py:159 ] Epoch: [47/200][280/282] lr: 4.75e-04 | MSE loss: 8.1582e-03 | time: 0.047
I 06.08/06:54:18 solver.py:169 ] => Train  Loss: 8.1465e-03

I 06.08/06:54:19 solver.py:405 ] [20/32] loss: 9.3637e-03 | NMSE: -1.6778e+01 | time: 0.042
I 06.08/06:54:20 solver.py:413 ] => Test NMSE: -1.7828e+01

I 06.08/06:54:20 solver.py:345 ] => LoRA monitor [epoch=47] | trainable=163840/163840 | non_lora_trainable=0 | lora_l2=1.030751e+01 | lora_A_l2=4.098573e+00 | lora_B_l2=9.457614e+00 | component_l2=fc_decoder:1.030751e+01 | lora_abs_max=1.478175e-01 | delta_l2=1.011330e+01 | delta_rel=4.390144e+00 | train_loss=8.146522e-03 | test_loss=8.244760e-03 | nmse=-1.782792e+01
I 06.08/06:54:20 solver.py:224 ] 
=! Best NMSE: -1.7828e+01 (epoch=45)

I 06.08/06:54:21 solver.py:159 ] Epoch: [48/200][20/282] lr: 4.75e-04 | MSE loss: 6.2700e-03 | time: 0.054
I 06.08/06:54:22 solver.py:159 ] Epoch: [48/200][40/282] lr: 4.75e-04 | MSE loss: 6.5561e-03 | time: 0.053
I 06.08/06:54:23 solver.py:159 ] Epoch: [48/200][60/282] lr: 4.75e-04 | MSE loss: 6.2918e-03 | time: 0.051
I 06.08/06:54:24 solver.py:159 ] Epoch: [48/200][80/282] lr: 4.75e-04 | MSE loss: 6.6666e-03 | time: 0.051
I 06.08/06:54:25 solver.py:159 ] Epoch: [48/200][100/282] lr: 4.75e-04 | MSE loss: 6.8848e-03 | time: 0.051
I 06.08/06:54:26 solver.py:159 ] Epoch: [48/200][120/282] lr: 4.75e-04 | MSE loss: 6.9083e-03 | time: 0.050
I 06.08/06:54:27 solver.py:159 ] Epoch: [48/200][140/282] lr: 4.75e-04 | MSE loss: 7.2872e-03 | time: 0.050
I 06.08/06:54:28 solver.py:159 ] Epoch: [48/200][160/282] lr: 4.74e-04 | MSE loss: 7.7177e-03 | time: 0.050
I 06.08/06:54:28 solver.py:159 ] Epoch: [48/200][180/282] lr: 4.74e-04 | MSE loss: 7.8987e-03 | time: 0.049
I 06.08/06:54:29 solver.py:159 ] Epoch: [48/200][200/282] lr: 4.74e-04 | MSE loss: 7.8969e-03 | time: 0.049
I 06.08/06:54:30 solver.py:159 ] Epoch: [48/200][220/282] lr: 4.74e-04 | MSE loss: 8.0774e-03 | time: 0.049
I 06.08/06:54:31 solver.py:159 ] Epoch: [48/200][240/282] lr: 4.74e-04 | MSE loss: 8.2037e-03 | time: 0.049
I 06.08/06:54:32 solver.py:159 ] Epoch: [48/200][260/282] lr: 4.74e-04 | MSE loss: 8.1866e-03 | time: 0.049
I 06.08/06:54:33 solver.py:159 ] Epoch: [48/200][280/282] lr: 4.74e-04 | MSE loss: 8.1590e-03 | time: 0.048
I 06.08/06:54:33 solver.py:169 ] => Train  Loss: 8.1564e-03

I 06.08/06:54:34 solver.py:405 ] [20/32] loss: 9.3633e-03 | NMSE: -1.6779e+01 | time: 0.045
I 06.08/06:54:35 solver.py:413 ] => Test NMSE: -1.7828e+01

I 06.08/06:54:35 solver.py:345 ] => LoRA monitor [epoch=48] | trainable=163840/163840 | non_lora_trainable=0 | lora_l2=1.042597e+01 | lora_A_l2=4.127800e+00 | lora_B_l2=9.574035e+00 | component_l2=fc_decoder:1.042597e+01 | lora_abs_max=1.454804e-01 | delta_l2=1.023412e+01 | delta_rel=4.442590e+00 | train_loss=8.156439e-03 | test_loss=8.244356e-03 | nmse=-1.782813e+01
I 06.08/06:54:35 solver.py:224 ] 
=! Best NMSE: -1.7828e+01 (epoch=48)

I 06.08/06:54:36 solver.py:159 ] Epoch: [49/200][20/282] lr: 4.74e-04 | MSE loss: 8.1295e-03 | time: 0.048
I 06.08/06:54:37 solver.py:159 ] Epoch: [49/200][40/282] lr: 4.73e-04 | MSE loss: 9.1630e-03 | time: 0.046
I 06.08/06:54:38 solver.py:159 ] Epoch: [49/200][60/282] lr: 4.73e-04 | MSE loss: 9.0242e-03 | time: 0.046
I 06.08/06:54:39 solver.py:159 ] Epoch: [49/200][80/282] lr: 4.73e-04 | MSE loss: 8.8366e-03 | time: 0.047
I 06.08/06:54:40 solver.py:159 ] Epoch: [49/200][100/282] lr: 4.73e-04 | MSE loss: 8.2737e-03 | time: 0.047
I 06.08/06:54:41 solver.py:159 ] Epoch: [49/200][120/282] lr: 4.73e-04 | MSE loss: 8.1649e-03 | time: 0.047
I 06.08/06:54:42 solver.py:159 ] Epoch: [49/200][140/282] lr: 4.73e-04 | MSE loss: 8.5001e-03 | time: 0.047
I 06.08/06:54:43 solver.py:159 ] Epoch: [49/200][160/282] lr: 4.73e-04 | MSE loss: 8.4726e-03 | time: 0.047
I 06.08/06:54:44 solver.py:159 ] Epoch: [49/200][180/282] lr: 4.72e-04 | MSE loss: 8.3291e-03 | time: 0.047
I 06.08/06:54:44 solver.py:159 ] Epoch: [49/200][200/282] lr: 4.72e-04 | MSE loss: 8.4391e-03 | time: 0.046
I 06.08/06:54:45 solver.py:159 ] Epoch: [49/200][220/282] lr: 4.72e-04 | MSE loss: 8.4086e-03 | time: 0.046
I 06.08/06:54:46 solver.py:159 ] Epoch: [49/200][240/282] lr: 4.72e-04 | MSE loss: 8.3260e-03 | time: 0.047
I 06.08/06:54:47 solver.py:159 ] Epoch: [49/200][260/282] lr: 4.72e-04 | MSE loss: 8.3121e-03 | time: 0.047
I 06.08/06:54:48 solver.py:159 ] Epoch: [49/200][280/282] lr: 4.72e-04 | MSE loss: 8.1926e-03 | time: 0.047
I 06.08/06:54:48 solver.py:169 ] => Train  Loss: 8.1460e-03

I 06.08/06:54:49 solver.py:405 ] [20/32] loss: 9.3637e-03 | NMSE: -1.6779e+01 | time: 0.041
I 06.08/06:54:49 solver.py:413 ] => Test NMSE: -1.7828e+01

I 06.08/06:54:49 solver.py:345 ] => LoRA monitor [epoch=49] | trainable=163840/163840 | non_lora_trainable=0 | lora_l2=1.052794e+01 | lora_A_l2=4.156003e+00 | lora_B_l2=9.672910e+00 | component_l2=fc_decoder:1.052794e+01 | lora_abs_max=1.503397e-01 | delta_l2=1.033689e+01 | delta_rel=4.487201e+00 | train_loss=8.146013e-03 | test_loss=8.244556e-03 | nmse=-1.782803e+01
I 06.08/06:54:49 solver.py:224 ] 
=! Best NMSE: -1.7828e+01 (epoch=48)

I 06.08/06:54:50 solver.py:159 ] Epoch: [50/200][20/282] lr: 4.72e-04 | MSE loss: 8.5071e-03 | time: 0.049
I 06.08/06:54:51 solver.py:159 ] Epoch: [50/200][40/282] lr: 4.72e-04 | MSE loss: 8.3267e-03 | time: 0.048
I 06.08/06:54:52 solver.py:159 ] Epoch: [50/200][60/282] lr: 4.71e-04 | MSE loss: 7.8590e-03 | time: 0.047
I 06.08/06:54:53 solver.py:159 ] Epoch: [50/200][80/282] lr: 4.71e-04 | MSE loss: 8.0837e-03 | time: 0.047
I 06.08/06:54:54 solver.py:159 ] Epoch: [50/200][100/282] lr: 4.71e-04 | MSE loss: 8.1881e-03 | time: 0.046
I 06.08/06:54:55 solver.py:159 ] Epoch: [50/200][120/282] lr: 4.71e-04 | MSE loss: 8.3619e-03 | time: 0.047
I 06.08/06:54:56 solver.py:159 ] Epoch: [50/200][140/282] lr: 4.71e-04 | MSE loss: 8.1261e-03 | time: 0.045
I 06.08/06:54:57 solver.py:159 ] Epoch: [50/200][160/282] lr: 4.71e-04 | MSE loss: 7.9553e-03 | time: 0.045
I 06.08/06:54:58 solver.py:159 ] Epoch: [50/200][180/282] lr: 4.71e-04 | MSE loss: 7.7803e-03 | time: 0.045
I 06.08/06:54:58 solver.py:159 ] Epoch: [50/200][200/282] lr: 4.70e-04 | MSE loss: 7.6934e-03 | time: 0.044
I 06.08/06:54:59 solver.py:159 ] Epoch: [50/200][220/282] lr: 4.70e-04 | MSE loss: 7.7705e-03 | time: 0.043
I 06.08/06:55:00 solver.py:159 ] Epoch: [50/200][240/282] lr: 4.70e-04 | MSE loss: 7.9067e-03 | time: 0.043
I 06.08/06:55:01 solver.py:159 ] Epoch: [50/200][260/282] lr: 4.70e-04 | MSE loss: 7.9851e-03 | time: 0.045
I 06.08/06:55:03 solver.py:159 ] Epoch: [50/200][280/282] lr: 4.70e-04 | MSE loss: 8.1581e-03 | time: 0.049
I 06.08/06:55:03 solver.py:169 ] => Train  Loss: 8.1440e-03

I 06.08/06:55:05 solver.py:159 ] Epoch: [50/200][20/32] lr: 4.70e-04 | MSE loss: 9.3637e-03 | time: 0.089
I 06.08/06:55:06 solver.py:169 ] => Val  Loss: 8.0599e-03

I 06.08/06:55:07 solver.py:405 ] [20/32] loss: 9.3637e-03 | NMSE: -1.6778e+01 | time: 0.049
I 06.08/06:55:07 solver.py:413 ] => Test NMSE: -1.7828e+01

I 06.08/06:55:07 solver.py:345 ] => LoRA monitor [epoch=50] | trainable=163840/163840 | non_lora_trainable=0 | lora_l2=1.063813e+01 | lora_A_l2=4.176825e+00 | lora_B_l2=9.783859e+00 | component_l2=fc_decoder:1.063813e+01 | lora_abs_max=1.497955e-01 | delta_l2=1.044987e+01 | delta_rel=4.536243e+00 | train_loss=8.144026e-03 | val_loss=8.059941e-03 | test_loss=8.244620e-03 | nmse=-1.782799e+01
I 06.08/06:55:07 solver.py:224 ] 
=! Best NMSE: -1.7828e+01 (epoch=48)

I 06.08/06:55:08 solver.py:159 ] Epoch: [51/200][20/282] lr: 4.70e-04 | MSE loss: 9.2934e-03 | time: 0.048
I 06.08/06:55:09 solver.py:159 ] Epoch: [51/200][40/282] lr: 4.70e-04 | MSE loss: 8.5283e-03 | time: 0.047
I 06.08/06:55:10 solver.py:159 ] Epoch: [51/200][60/282] lr: 4.69e-04 | MSE loss: 8.2521e-03 | time: 0.047
I 06.08/06:55:11 solver.py:159 ] Epoch: [51/200][80/282] lr: 4.69e-04 | MSE loss: 8.5421e-03 | time: 0.047
I 06.08/06:55:12 solver.py:159 ] Epoch: [51/200][100/282] lr: 4.69e-04 | MSE loss: 8.3167e-03 | time: 0.047
I 06.08/06:55:13 solver.py:159 ] Epoch: [51/200][120/282] lr: 4.69e-04 | MSE loss: 8.3937e-03 | time: 0.047
I 06.08/06:55:14 solver.py:159 ] Epoch: [51/200][140/282] lr: 4.69e-04 | MSE loss: 8.1443e-03 | time: 0.047
I 06.08/06:55:15 solver.py:159 ] Epoch: [51/200][160/282] lr: 4.69e-04 | MSE loss: 8.1813e-03 | time: 0.047
I 06.08/06:55:16 solver.py:159 ] Epoch: [51/200][180/282] lr: 4.69e-04 | MSE loss: 8.1541e-03 | time: 0.047
I 06.08/06:55:17 solver.py:159 ] Epoch: [51/200][200/282] lr: 4.68e-04 | MSE loss: 8.2575e-03 | time: 0.047
I 06.08/06:55:17 solver.py:159 ] Epoch: [51/200][220/282] lr: 4.68e-04 | MSE loss: 8.1504e-03 | time: 0.046
I 06.08/06:55:18 solver.py:159 ] Epoch: [51/200][240/282] lr: 4.68e-04 | MSE loss: 8.1540e-03 | time: 0.046
I 06.08/06:55:19 solver.py:159 ] Epoch: [51/200][260/282] lr: 4.68e-04 | MSE loss: 8.2084e-03 | time: 0.046
I 06.08/06:55:20 solver.py:159 ] Epoch: [51/200][280/282] lr: 4.68e-04 | MSE loss: 8.1881e-03 | time: 0.046
I 06.08/06:55:20 solver.py:169 ] => Train  Loss: 8.1467e-03

I 06.08/06:55:21 solver.py:405 ] [20/32] loss: 9.3639e-03 | NMSE: -1.6778e+01 | time: 0.042
I 06.08/06:55:21 solver.py:413 ] => Test NMSE: -1.7828e+01

I 06.08/06:55:21 solver.py:345 ] => LoRA monitor [epoch=51] | trainable=163840/163840 | non_lora_trainable=0 | lora_l2=1.073491e+01 | lora_A_l2=4.194602e+00 | lora_B_l2=9.881474e+00 | component_l2=fc_decoder:1.073491e+01 | lora_abs_max=1.544184e-01 | delta_l2=1.054866e+01 | delta_rel=4.579132e+00 | train_loss=8.146674e-03 | test_loss=8.244723e-03 | nmse=-1.782794e+01
I 06.08/06:55:21 solver.py:224 ] 
=! Best NMSE: -1.7828e+01 (epoch=48)

I 06.08/06:55:22 solver.py:159 ] Epoch: [52/200][20/282] lr: 4.68e-04 | MSE loss: 7.4174e-03 | time: 0.047
I 06.08/06:55:23 solver.py:159 ] Epoch: [52/200][40/282] lr: 4.68e-04 | MSE loss: 7.4839e-03 | time: 0.047
I 06.08/06:55:24 solver.py:159 ] Epoch: [52/200][60/282] lr: 4.67e-04 | MSE loss: 7.2184e-03 | time: 0.046
I 06.08/06:55:25 solver.py:159 ] Epoch: [52/200][80/282] lr: 4.67e-04 | MSE loss: 7.6486e-03 | time: 0.046
I 06.08/06:55:26 solver.py:159 ] Epoch: [52/200][100/282] lr: 4.67e-04 | MSE loss: 8.1422e-03 | time: 0.048
I 06.08/06:55:27 solver.py:159 ] Epoch: [52/200][120/282] lr: 4.67e-04 | MSE loss: 8.6984e-03 | time: 0.047
I 06.08/06:55:28 solver.py:159 ] Epoch: [52/200][140/282] lr: 4.67e-04 | MSE loss: 8.4110e-03 | time: 0.047
I 06.08/06:55:29 solver.py:159 ] Epoch: [52/200][160/282] lr: 4.67e-04 | MSE loss: 8.4294e-03 | time: 0.047
I 06.08/06:55:30 solver.py:159 ] Epoch: [52/200][180/282] lr: 4.67e-04 | MSE loss: 8.6428e-03 | time: 0.047
I 06.08/06:55:31 solver.py:159 ] Epoch: [52/200][200/282] lr: 4.66e-04 | MSE loss: 8.3725e-03 | time: 0.046
I 06.08/06:55:32 solver.py:159 ] Epoch: [52/200][220/282] lr: 4.66e-04 | MSE loss: 8.2189e-03 | time: 0.047
I 06.08/06:55:33 solver.py:159 ] Epoch: [52/200][240/282] lr: 4.66e-04 | MSE loss: 8.3129e-03 | time: 0.048
I 06.08/06:55:34 solver.py:159 ] Epoch: [52/200][260/282] lr: 4.66e-04 | MSE loss: 8.3239e-03 | time: 0.047
I 06.08/06:55:35 solver.py:159 ] Epoch: [52/200][280/282] lr: 4.66e-04 | MSE loss: 8.1919e-03 | time: 0.047
I 06.08/06:55:35 solver.py:169 ] => Train  Loss: 8.1583e-03

I 06.08/06:55:36 solver.py:405 ] [20/32] loss: 9.3639e-03 | NMSE: -1.6778e+01 | time: 0.045
I 06.08/06:55:36 solver.py:413 ] => Test NMSE: -1.7828e+01

I 06.08/06:55:36 solver.py:345 ] => LoRA monitor [epoch=52] | trainable=163840/163840 | non_lora_trainable=0 | lora_l2=1.084118e+01 | lora_A_l2=4.226510e+00 | lora_B_l2=9.983375e+00 | component_l2=fc_decoder:1.084118e+01 | lora_abs_max=1.538827e-01 | delta_l2=1.065726e+01 | delta_rel=4.626272e+00 | train_loss=8.158258e-03 | test_loss=8.244706e-03 | nmse=-1.782795e+01
I 06.08/06:55:36 solver.py:224 ] 
=! Best NMSE: -1.7828e+01 (epoch=48)

I 06.08/06:55:37 solver.py:159 ] Epoch: [53/200][20/282] lr: 4.66e-04 | MSE loss: 9.8906e-03 | time: 0.052
I 06.08/06:55:38 solver.py:159 ] Epoch: [53/200][40/282] lr: 4.66e-04 | MSE loss: 9.0240e-03 | time: 0.052
I 06.08/06:55:39 solver.py:159 ] Epoch: [53/200][60/282] lr: 4.65e-04 | MSE loss: 8.3174e-03 | time: 0.051
I 06.08/06:55:40 solver.py:159 ] Epoch: [53/200][80/282] lr: 4.65e-04 | MSE loss: 7.8849e-03 | time: 0.050
I 06.08/06:55:41 solver.py:159 ] Epoch: [53/200][100/282] lr: 4.65e-04 | MSE loss: 7.9008e-03 | time: 0.050
I 06.08/06:55:42 solver.py:159 ] Epoch: [53/200][120/282] lr: 4.65e-04 | MSE loss: 7.6620e-03 | time: 0.049
I 06.08/06:55:43 solver.py:159 ] Epoch: [53/200][140/282] lr: 4.65e-04 | MSE loss: 8.0880e-03 | time: 0.049
I 06.08/06:55:44 solver.py:159 ] Epoch: [53/200][160/282] lr: 4.65e-04 | MSE loss: 7.9617e-03 | time: 0.049
I 06.08/06:55:45 solver.py:159 ] Epoch: [53/200][180/282] lr: 4.64e-04 | MSE loss: 8.1808e-03 | time: 0.049
I 06.08/06:55:46 solver.py:159 ] Epoch: [53/200][200/282] lr: 4.64e-04 | MSE loss: 8.2656e-03 | time: 0.048
I 06.08/06:55:47 solver.py:159 ] Epoch: [53/200][220/282] lr: 4.64e-04 | MSE loss: 8.2289e-03 | time: 0.048
I 06.08/06:55:48 solver.py:159 ] Epoch: [53/200][240/282] lr: 4.64e-04 | MSE loss: 8.2918e-03 | time: 0.048
I 06.08/06:55:48 solver.py:159 ] Epoch: [53/200][260/282] lr: 4.64e-04 | MSE loss: 8.2519e-03 | time: 0.047
I 06.08/06:55:49 solver.py:159 ] Epoch: [53/200][280/282] lr: 4.64e-04 | MSE loss: 8.1127e-03 | time: 0.047
I 06.08/06:55:49 solver.py:169 ] => Train  Loss: 8.1646e-03

I 06.08/06:55:50 solver.py:405 ] [20/32] loss: 9.3647e-03 | NMSE: -1.6778e+01 | time: 0.045
I 06.08/06:55:51 solver.py:413 ] => Test NMSE: -1.7827e+01

I 06.08/06:55:51 solver.py:345 ] => LoRA monitor [epoch=53] | trainable=163840/163840 | non_lora_trainable=0 | lora_l2=1.092947e+01 | lora_A_l2=4.243726e+00 | lora_B_l2=1.007194e+01 | component_l2=fc_decoder:1.092947e+01 | lora_abs_max=1.558184e-01 | delta_l2=1.074712e+01 | delta_rel=4.665282e+00 | train_loss=8.164600e-03 | test_loss=8.245560e-03 | nmse=-1.782750e+01
I 06.08/06:55:51 solver.py:224 ] 
=! Best NMSE: -1.7828e+01 (epoch=48)

I 06.08/06:55:52 solver.py:159 ] Epoch: [54/200][20/282] lr: 4.64e-04 | MSE loss: 7.8015e-03 | time: 0.050
I 06.08/06:55:53 solver.py:159 ] Epoch: [54/200][40/282] lr: 4.63e-04 | MSE loss: 7.9925e-03 | time: 0.046
I 06.08/06:55:54 solver.py:159 ] Epoch: [54/200][60/282] lr: 4.63e-04 | MSE loss: 7.6389e-03 | time: 0.046
I 06.08/06:55:54 solver.py:159 ] Epoch: [54/200][80/282] lr: 4.63e-04 | MSE loss: 8.1552e-03 | time: 0.045
I 06.08/06:55:55 solver.py:159 ] Epoch: [54/200][100/282] lr: 4.63e-04 | MSE loss: 8.1377e-03 | time: 0.045
I 06.08/06:55:56 solver.py:159 ] Epoch: [54/200][120/282] lr: 4.63e-04 | MSE loss: 8.1082e-03 | time: 0.046
I 06.08/06:55:57 solver.py:159 ] Epoch: [54/200][140/282] lr: 4.63e-04 | MSE loss: 7.9582e-03 | time: 0.046
I 06.08/06:55:58 solver.py:159 ] Epoch: [54/200][160/282] lr: 4.62e-04 | MSE loss: 7.8071e-03 | time: 0.046
I 06.08/06:55:59 solver.py:159 ] Epoch: [54/200][180/282] lr: 4.62e-04 | MSE loss: 7.9150e-03 | time: 0.046
I 06.08/06:56:00 solver.py:159 ] Epoch: [54/200][200/282] lr: 4.62e-04 | MSE loss: 7.8319e-03 | time: 0.046
I 06.08/06:56:02 solver.py:159 ] Epoch: [54/200][220/282] lr: 4.62e-04 | MSE loss: 7.9948e-03 | time: 0.052
I 06.08/06:56:05 solver.py:159 ] Epoch: [54/200][240/282] lr: 4.62e-04 | MSE loss: 7.9250e-03 | time: 0.058
I 06.08/06:56:06 solver.py:159 ] Epoch: [54/200][260/282] lr: 4.62e-04 | MSE loss: 8.0042e-03 | time: 0.057
I 06.08/06:56:07 solver.py:159 ] Epoch: [54/200][280/282] lr: 4.62e-04 | MSE loss: 8.1619e-03 | time: 0.056
I 06.08/06:56:07 solver.py:169 ] => Train  Loss: 8.1477e-03

I 06.08/06:56:07 solver.py:405 ] [20/32] loss: 9.3639e-03 | NMSE: -1.6778e+01 | time: 0.034
I 06.08/06:56:08 solver.py:413 ] => Test NMSE: -1.7828e+01

I 06.08/06:56:08 solver.py:345 ] => LoRA monitor [epoch=54] | trainable=163840/163840 | non_lora_trainable=0 | lora_l2=1.099886e+01 | lora_A_l2=4.251560e+00 | lora_B_l2=1.014392e+01 | component_l2=fc_decoder:1.099886e+01 | lora_abs_max=1.543210e-01 | delta_l2=1.081790e+01 | delta_rel=4.696006e+00 | train_loss=8.147700e-03 | test_loss=8.244713e-03 | nmse=-1.782795e+01
I 06.08/06:56:08 solver.py:224 ] 
=! Best NMSE: -1.7828e+01 (epoch=48)

I 06.08/06:56:09 solver.py:159 ] Epoch: [55/200][20/282] lr: 4.61e-04 | MSE loss: 8.2674e-03 | time: 0.047
I 06.08/06:56:10 solver.py:159 ] Epoch: [55/200][40/282] lr: 4.61e-04 | MSE loss: 7.6342e-03 | time: 0.045
I 06.08/06:56:10 solver.py:159 ] Epoch: [55/200][60/282] lr: 4.61e-04 | MSE loss: 7.6848e-03 | time: 0.045
I 06.08/06:56:11 solver.py:159 ] Epoch: [55/200][80/282] lr: 4.61e-04 | MSE loss: 8.2434e-03 | time: 0.045
I 06.08/06:56:12 solver.py:159 ] Epoch: [55/200][100/282] lr: 4.61e-04 | MSE loss: 8.3410e-03 | time: 0.043
I 06.08/06:56:13 solver.py:159 ] Epoch: [55/200][120/282] lr: 4.61e-04 | MSE loss: 8.2200e-03 | time: 0.042
I 06.08/06:56:14 solver.py:159 ] Epoch: [55/200][140/282] lr: 4.60e-04 | MSE loss: 7.9512e-03 | time: 0.042
I 06.08/06:56:15 solver.py:159 ] Epoch: [55/200][160/282] lr: 4.60e-04 | MSE loss: 8.1310e-03 | time: 0.043
I 06.08/06:56:16 solver.py:159 ] Epoch: [55/200][180/282] lr: 4.60e-04 | MSE loss: 8.2101e-03 | time: 0.043
I 06.08/06:56:16 solver.py:159 ] Epoch: [55/200][200/282] lr: 4.60e-04 | MSE loss: 8.3663e-03 | time: 0.044
I 06.08/06:56:17 solver.py:159 ] Epoch: [55/200][220/282] lr: 4.60e-04 | MSE loss: 8.1501e-03 | time: 0.044
I 06.08/06:56:18 solver.py:159 ] Epoch: [55/200][240/282] lr: 4.60e-04 | MSE loss: 8.0557e-03 | time: 0.044
I 06.08/06:56:19 solver.py:159 ] Epoch: [55/200][260/282] lr: 4.59e-04 | MSE loss: 8.0757e-03 | time: 0.044
I 06.08/06:56:20 solver.py:159 ] Epoch: [55/200][280/282] lr: 4.59e-04 | MSE loss: 8.1407e-03 | time: 0.043
I 06.08/06:56:20 solver.py:169 ] => Train  Loss: 8.1923e-03

I 06.08/06:56:21 solver.py:405 ] [20/32] loss: 9.3637e-03 | NMSE: -1.6779e+01 | time: 0.043
I 06.08/06:56:21 solver.py:413 ] => Test NMSE: -1.7828e+01

I 06.08/06:56:21 solver.py:345 ] => LoRA monitor [epoch=55] | trainable=163840/163840 | non_lora_trainable=0 | lora_l2=1.108381e+01 | lora_A_l2=4.264651e+00 | lora_B_l2=1.023052e+01 | component_l2=fc_decoder:1.108381e+01 | lora_abs_max=1.566852e-01 | delta_l2=1.090396e+01 | delta_rel=4.733366e+00 | train_loss=8.192339e-03 | test_loss=8.244680e-03 | nmse=-1.782796e+01
I 06.08/06:56:21 solver.py:224 ] 
=! Best NMSE: -1.7828e+01 (epoch=48)

I 06.08/06:56:22 solver.py:159 ] Epoch: [56/200][20/282] lr: 4.59e-04 | MSE loss: 8.0006e-03 | time: 0.045
I 06.08/06:56:23 solver.py:159 ] Epoch: [56/200][40/282] lr: 4.59e-04 | MSE loss: 7.6501e-03 | time: 0.045
I 06.08/06:56:24 solver.py:159 ] Epoch: [56/200][60/282] lr: 4.59e-04 | MSE loss: 7.6647e-03 | time: 0.045
I 06.08/06:56:25 solver.py:159 ] Epoch: [56/200][80/282] lr: 4.59e-04 | MSE loss: 8.3317e-03 | time: 0.044
I 06.08/06:56:26 solver.py:159 ] Epoch: [56/200][100/282] lr: 4.59e-04 | MSE loss: 8.0782e-03 | time: 0.044
I 06.08/06:56:26 solver.py:159 ] Epoch: [56/200][120/282] lr: 4.58e-04 | MSE loss: 8.3776e-03 | time: 0.043
I 06.08/06:56:27 solver.py:159 ] Epoch: [56/200][140/282] lr: 4.58e-04 | MSE loss: 8.3428e-03 | time: 0.043
I 06.08/06:56:28 solver.py:159 ] Epoch: [56/200][160/282] lr: 4.58e-04 | MSE loss: 8.2327e-03 | time: 0.043
I 06.08/06:56:29 solver.py:159 ] Epoch: [56/200][180/282] lr: 4.58e-04 | MSE loss: 8.1424e-03 | time: 0.043
I 06.08/06:56:30 solver.py:159 ] Epoch: [56/200][200/282] lr: 4.58e-04 | MSE loss: 8.2743e-03 | time: 0.043
I 06.08/06:56:31 solver.py:159 ] Epoch: [56/200][220/282] lr: 4.58e-04 | MSE loss: 8.2673e-03 | time: 0.044
I 06.08/06:56:32 solver.py:159 ] Epoch: [56/200][240/282] lr: 4.57e-04 | MSE loss: 8.2351e-03 | time: 0.044
I 06.08/06:56:33 solver.py:159 ] Epoch: [56/200][260/282] lr: 4.57e-04 | MSE loss: 8.1486e-03 | time: 0.044
I 06.08/06:56:34 solver.py:159 ] Epoch: [56/200][280/282] lr: 4.57e-04 | MSE loss: 8.1521e-03 | time: 0.044
I 06.08/06:56:34 solver.py:169 ] => Train  Loss: 8.2068e-03

I 06.08/06:56:35 solver.py:405 ] [20/32] loss: 9.3636e-03 | NMSE: -1.6779e+01 | time: 0.048
I 06.08/06:56:35 solver.py:413 ] => Test NMSE: -1.7828e+01

I 06.08/06:56:35 solver.py:345 ] => LoRA monitor [epoch=56] | trainable=163840/163840 | non_lora_trainable=0 | lora_l2=1.118469e+01 | lora_A_l2=4.283504e+00 | lora_B_l2=1.033194e+01 | component_l2=fc_decoder:1.118469e+01 | lora_abs_max=1.586451e-01 | delta_l2=1.100671e+01 | delta_rel=4.777966e+00 | train_loss=8.206800e-03 | test_loss=8.244490e-03 | nmse=-1.782806e+01
I 06.08/06:56:35 solver.py:224 ] 
=! Best NMSE: -1.7828e+01 (epoch=48)

I 06.08/06:56:36 solver.py:159 ] Epoch: [57/200][20/282] lr: 4.57e-04 | MSE loss: 5.8779e-03 | time: 0.054
I 06.08/06:56:37 solver.py:159 ] Epoch: [57/200][40/282] lr: 4.57e-04 | MSE loss: 6.1688e-03 | time: 0.053
I 06.08/06:56:38 solver.py:159 ] Epoch: [57/200][60/282] lr: 4.57e-04 | MSE loss: 6.9062e-03 | time: 0.050
I 06.08/06:56:39 solver.py:159 ] Epoch: [57/200][80/282] lr: 4.56e-04 | MSE loss: 7.5176e-03 | time: 0.048
I 06.08/06:56:40 solver.py:159 ] Epoch: [57/200][100/282] lr: 4.56e-04 | MSE loss: 7.5853e-03 | time: 0.047
I 06.08/06:56:41 solver.py:159 ] Epoch: [57/200][120/282] lr: 4.56e-04 | MSE loss: 8.0321e-03 | time: 0.046
I 06.08/06:56:42 solver.py:159 ] Epoch: [57/200][140/282] lr: 4.56e-04 | MSE loss: 7.8942e-03 | time: 0.045
I 06.08/06:56:43 solver.py:159 ] Epoch: [57/200][160/282] lr: 4.56e-04 | MSE loss: 7.9722e-03 | time: 0.046
I 06.08/06:56:44 solver.py:159 ] Epoch: [57/200][180/282] lr: 4.56e-04 | MSE loss: 7.9361e-03 | time: 0.046
I 06.08/06:56:44 solver.py:159 ] Epoch: [57/200][200/282] lr: 4.55e-04 | MSE loss: 8.0930e-03 | time: 0.046
I 06.08/06:56:45 solver.py:159 ] Epoch: [57/200][220/282] lr: 4.55e-04 | MSE loss: 8.2996e-03 | time: 0.046
I 06.08/06:56:46 solver.py:159 ] Epoch: [57/200][240/282] lr: 4.55e-04 | MSE loss: 8.3755e-03 | time: 0.046
I 06.08/06:56:47 solver.py:159 ] Epoch: [57/200][260/282] lr: 4.55e-04 | MSE loss: 8.2044e-03 | time: 0.046
I 06.08/06:56:48 solver.py:159 ] Epoch: [57/200][280/282] lr: 4.55e-04 | MSE loss: 8.1876e-03 | time: 0.046
I 06.08/06:56:48 solver.py:169 ] => Train  Loss: 8.1460e-03

I 06.08/06:56:49 solver.py:405 ] [20/32] loss: 9.3632e-03 | NMSE: -1.6779e+01 | time: 0.038
I 06.08/06:56:49 solver.py:413 ] => Test NMSE: -1.7828e+01

I 06.08/06:56:49 solver.py:345 ] => LoRA monitor [epoch=57] | trainable=163840/163840 | non_lora_trainable=0 | lora_l2=1.128220e+01 | lora_A_l2=4.319685e+00 | lora_B_l2=1.042250e+01 | component_l2=fc_decoder:1.128220e+01 | lora_abs_max=1.566506e-01 | delta_l2=1.110670e+01 | delta_rel=4.821373e+00 | train_loss=8.145986e-03 | test_loss=8.244272e-03 | nmse=-1.782818e+01
I 06.08/06:56:50 solver.py:224 ] 
=! Best NMSE: -1.7828e+01 (epoch=57)

I 06.08/06:56:50 solver.py:159 ] Epoch: [58/200][20/282] lr: 4.55e-04 | MSE loss: 7.3872e-03 | time: 0.041
I 06.08/06:56:51 solver.py:159 ] Epoch: [58/200][40/282] lr: 4.54e-04 | MSE loss: 7.8097e-03 | time: 0.043
I 06.08/06:56:52 solver.py:159 ] Epoch: [58/200][60/282] lr: 4.54e-04 | MSE loss: 8.4199e-03 | time: 0.043
I 06.08/06:56:53 solver.py:159 ] Epoch: [58/200][80/282] lr: 4.54e-04 | MSE loss: 8.1914e-03 | time: 0.044
I 06.08/06:56:54 solver.py:159 ] Epoch: [58/200][100/282] lr: 4.54e-04 | MSE loss: 7.8427e-03 | time: 0.044
I 06.08/06:56:55 solver.py:159 ] Epoch: [58/200][120/282] lr: 4.54e-04 | MSE loss: 7.9171e-03 | time: 0.045
I 06.08/06:56:56 solver.py:159 ] Epoch: [58/200][140/282] lr: 4.54e-04 | MSE loss: 8.0394e-03 | time: 0.045
I 06.08/06:56:56 solver.py:159 ] Epoch: [58/200][160/282] lr: 4.53e-04 | MSE loss: 8.2256e-03 | time: 0.043
I 06.08/06:56:57 solver.py:159 ] Epoch: [58/200][180/282] lr: 4.53e-04 | MSE loss: 8.1411e-03 | time: 0.042
I 06.08/06:56:58 solver.py:159 ] Epoch: [58/200][200/282] lr: 4.53e-04 | MSE loss: 8.3847e-03 | time: 0.042
I 06.08/06:56:59 solver.py:159 ] Epoch: [58/200][220/282] lr: 4.53e-04 | MSE loss: 8.2339e-03 | time: 0.042
I 06.08/06:56:59 solver.py:159 ] Epoch: [58/200][240/282] lr: 4.53e-04 | MSE loss: 8.2181e-03 | time: 0.041
I 06.08/06:57:01 solver.py:159 ] Epoch: [58/200][260/282] lr: 4.52e-04 | MSE loss: 8.0891e-03 | time: 0.042
I 06.08/06:57:03 solver.py:159 ] Epoch: [58/200][280/282] lr: 4.52e-04 | MSE loss: 8.1537e-03 | time: 0.048
I 06.08/06:57:03 solver.py:169 ] => Train  Loss: 8.1428e-03

I 06.08/06:57:05 solver.py:405 ] [20/32] loss: 9.3636e-03 | NMSE: -1.6779e+01 | time: 0.073
I 06.08/06:57:05 solver.py:413 ] => Test NMSE: -1.7828e+01

I 06.08/06:57:05 solver.py:345 ] => LoRA monitor [epoch=58] | trainable=163840/163840 | non_lora_trainable=0 | lora_l2=1.136916e+01 | lora_A_l2=4.333202e+00 | lora_B_l2=1.051100e+01 | component_l2=fc_decoder:1.136916e+01 | lora_abs_max=1.597317e-01 | delta_l2=1.119450e+01 | delta_rel=4.859487e+00 | train_loss=8.142797e-03 | test_loss=8.244198e-03 | nmse=-1.782822e+01
I 06.08/06:57:06 solver.py:224 ] 
=! Best NMSE: -1.7828e+01 (epoch=58)

I 06.08/06:57:07 solver.py:159 ] Epoch: [59/200][20/282] lr: 4.52e-04 | MSE loss: 8.8538e-03 | time: 0.048
I 06.08/06:57:07 solver.py:159 ] Epoch: [59/200][40/282] lr: 4.52e-04 | MSE loss: 8.5200e-03 | time: 0.040
I 06.08/06:57:08 solver.py:159 ] Epoch: [59/200][60/282] lr: 4.52e-04 | MSE loss: 8.5766e-03 | time: 0.039
I 06.08/06:57:09 solver.py:159 ] Epoch: [59/200][80/282] lr: 4.52e-04 | MSE loss: 8.3450e-03 | time: 0.041
I 06.08/06:57:10 solver.py:159 ] Epoch: [59/200][100/282] lr: 4.51e-04 | MSE loss: 8.1034e-03 | time: 0.043
I 06.08/06:57:11 solver.py:159 ] Epoch: [59/200][120/282] lr: 4.51e-04 | MSE loss: 8.4678e-03 | time: 0.043
I 06.08/06:57:12 solver.py:159 ] Epoch: [59/200][140/282] lr: 4.51e-04 | MSE loss: 8.6332e-03 | time: 0.043
I 06.08/06:57:12 solver.py:159 ] Epoch: [59/200][160/282] lr: 4.51e-04 | MSE loss: 8.5576e-03 | time: 0.043
I 06.08/06:57:13 solver.py:159 ] Epoch: [59/200][180/282] lr: 4.51e-04 | MSE loss: 8.4797e-03 | time: 0.042
I 06.08/06:57:14 solver.py:159 ] Epoch: [59/200][200/282] lr: 4.51e-04 | MSE loss: 8.2949e-03 | time: 0.043
I 06.08/06:57:15 solver.py:159 ] Epoch: [59/200][220/282] lr: 4.50e-04 | MSE loss: 8.2068e-03 | time: 0.043
I 06.08/06:57:16 solver.py:159 ] Epoch: [59/200][240/282] lr: 4.50e-04 | MSE loss: 8.2137e-03 | time: 0.043
I 06.08/06:57:17 solver.py:159 ] Epoch: [59/200][260/282] lr: 4.50e-04 | MSE loss: 8.0939e-03 | time: 0.043
I 06.08/06:57:18 solver.py:159 ] Epoch: [59/200][280/282] lr: 4.50e-04 | MSE loss: 8.1913e-03 | time: 0.042
I 06.08/06:57:18 solver.py:169 ] => Train  Loss: 8.1529e-03

I 06.08/06:57:18 solver.py:405 ] [20/32] loss: 9.3632e-03 | NMSE: -1.6779e+01 | time: 0.036
I 06.08/06:57:19 solver.py:413 ] => Test NMSE: -1.7828e+01

I 06.08/06:57:19 solver.py:345 ] => LoRA monitor [epoch=59] | trainable=163840/163840 | non_lora_trainable=0 | lora_l2=1.145618e+01 | lora_A_l2=4.347285e+00 | lora_B_l2=1.059930e+01 | component_l2=fc_decoder:1.145618e+01 | lora_abs_max=1.606470e-01 | delta_l2=1.128419e+01 | delta_rel=4.898422e+00 | train_loss=8.152901e-03 | test_loss=8.244330e-03 | nmse=-1.782815e+01
I 06.08/06:57:19 solver.py:224 ] 
=! Best NMSE: -1.7828e+01 (epoch=58)

I 06.08/06:57:20 solver.py:159 ] Epoch: [60/200][20/282] lr: 4.50e-04 | MSE loss: 7.1624e-03 | time: 0.046
I 06.08/06:57:21 solver.py:159 ] Epoch: [60/200][40/282] lr: 4.50e-04 | MSE loss: 8.3869e-03 | time: 0.045
I 06.08/06:57:22 solver.py:159 ] Epoch: [60/200][60/282] lr: 4.49e-04 | MSE loss: 7.7572e-03 | time: 0.047
I 06.08/06:57:22 solver.py:159 ] Epoch: [60/200][80/282] lr: 4.49e-04 | MSE loss: 7.9442e-03 | time: 0.046
I 06.08/06:57:23 solver.py:159 ] Epoch: [60/200][100/282] lr: 4.49e-04 | MSE loss: 8.2533e-03 | time: 0.046
I 06.08/06:57:24 solver.py:159 ] Epoch: [60/200][120/282] lr: 4.49e-04 | MSE loss: 7.9855e-03 | time: 0.046
I 06.08/06:57:25 solver.py:159 ] Epoch: [60/200][140/282] lr: 4.49e-04 | MSE loss: 8.3794e-03 | time: 0.046
I 06.08/06:57:26 solver.py:159 ] Epoch: [60/200][160/282] lr: 4.48e-04 | MSE loss: 8.3916e-03 | time: 0.045
I 06.08/06:57:27 solver.py:159 ] Epoch: [60/200][180/282] lr: 4.48e-04 | MSE loss: 8.4526e-03 | time: 0.045
I 06.08/06:57:28 solver.py:159 ] Epoch: [60/200][200/282] lr: 4.48e-04 | MSE loss: 8.3093e-03 | time: 0.044
I 06.08/06:57:28 solver.py:159 ] Epoch: [60/200][220/282] lr: 4.48e-04 | MSE loss: 8.1449e-03 | time: 0.044
I 06.08/06:57:29 solver.py:159 ] Epoch: [60/200][240/282] lr: 4.48e-04 | MSE loss: 8.2524e-03 | time: 0.044
I 06.08/06:57:30 solver.py:159 ] Epoch: [60/200][260/282] lr: 4.48e-04 | MSE loss: 8.1071e-03 | time: 0.044
I 06.08/06:57:31 solver.py:159 ] Epoch: [60/200][280/282] lr: 4.47e-04 | MSE loss: 8.1529e-03 | time: 0.044
I 06.08/06:57:31 solver.py:169 ] => Train  Loss: 8.2382e-03

I 06.08/06:57:32 solver.py:159 ] Epoch: [60/200][20/32] lr: 4.47e-04 | MSE loss: 9.3647e-03 | time: 0.043
I 06.08/06:57:33 solver.py:169 ] => Val  Loss: 8.0606e-03

I 06.08/06:57:34 solver.py:405 ] [20/32] loss: 9.3647e-03 | NMSE: -1.6778e+01 | time: 0.043
I 06.08/06:57:34 solver.py:413 ] => Test NMSE: -1.7828e+01

I 06.08/06:57:34 solver.py:345 ] => LoRA monitor [epoch=60] | trainable=163840/163840 | non_lora_trainable=0 | lora_l2=1.154211e+01 | lora_A_l2=4.374030e+00 | lora_B_l2=1.068120e+01 | component_l2=fc_decoder:1.154211e+01 | lora_abs_max=1.631751e-01 | delta_l2=1.137038e+01 | delta_rel=4.935835e+00 | train_loss=8.238242e-03 | val_loss=8.060615e-03 | test_loss=8.245314e-03 | nmse=-1.782763e+01
I 06.08/06:57:34 solver.py:224 ] 
=! Best NMSE: -1.7828e+01 (epoch=58)

I 06.08/06:57:35 solver.py:159 ] Epoch: [61/200][20/282] lr: 4.47e-04 | MSE loss: 9.7612e-03 | time: 0.043
I 06.08/06:57:36 solver.py:159 ] Epoch: [61/200][40/282] lr: 4.47e-04 | MSE loss: 8.7336e-03 | time: 0.044
I 06.08/06:57:37 solver.py:159 ] Epoch: [61/200][60/282] lr: 4.47e-04 | MSE loss: 8.5143e-03 | time: 0.044
I 06.08/06:57:38 solver.py:159 ] Epoch: [61/200][80/282] lr: 4.47e-04 | MSE loss: 8.2000e-03 | time: 0.045
I 06.08/06:57:38 solver.py:159 ] Epoch: [61/200][100/282] lr: 4.46e-04 | MSE loss: 7.9673e-03 | time: 0.044
I 06.08/06:57:39 solver.py:159 ] Epoch: [61/200][120/282] lr: 4.46e-04 | MSE loss: 8.1659e-03 | time: 0.044
I 06.08/06:57:40 solver.py:159 ] Epoch: [61/200][140/282] lr: 4.46e-04 | MSE loss: 7.9252e-03 | time: 0.044
I 06.08/06:57:41 solver.py:159 ] Epoch: [61/200][160/282] lr: 4.46e-04 | MSE loss: 8.0968e-03 | time: 0.044
I 06.08/06:57:42 solver.py:159 ] Epoch: [61/200][180/282] lr: 4.46e-04 | MSE loss: 8.2554e-03 | time: 0.044
I 06.08/06:57:43 solver.py:159 ] Epoch: [61/200][200/282] lr: 4.46e-04 | MSE loss: 8.3043e-03 | time: 0.044
I 06.08/06:57:44 solver.py:159 ] Epoch: [61/200][220/282] lr: 4.45e-04 | MSE loss: 8.2387e-03 | time: 0.044
I 06.08/06:57:45 solver.py:159 ] Epoch: [61/200][240/282] lr: 4.45e-04 | MSE loss: 8.3435e-03 | time: 0.044
I 06.08/06:57:45 solver.py:159 ] Epoch: [61/200][260/282] lr: 4.45e-04 | MSE loss: 8.1819e-03 | time: 0.044
I 06.08/06:57:46 solver.py:159 ] Epoch: [61/200][280/282] lr: 4.45e-04 | MSE loss: 8.1691e-03 | time: 0.044
I 06.08/06:57:46 solver.py:169 ] => Train  Loss: 8.1800e-03

I 06.08/06:57:47 solver.py:405 ] [20/32] loss: 9.3641e-03 | NMSE: -1.6778e+01 | time: 0.047
I 06.08/06:57:48 solver.py:413 ] => Test NMSE: -1.7828e+01

I 06.08/06:57:48 solver.py:345 ] => LoRA monitor [epoch=61] | trainable=163840/163840 | non_lora_trainable=0 | lora_l2=1.160228e+01 | lora_A_l2=4.386203e+00 | lora_B_l2=1.074124e+01 | component_l2=fc_decoder:1.160228e+01 | lora_abs_max=1.634099e-01 | delta_l2=1.143234e+01 | delta_rel=4.962730e+00 | train_loss=8.179972e-03 | test_loss=8.244700e-03 | nmse=-1.782795e+01
I 06.08/06:57:48 solver.py:224 ] 
=! Best NMSE: -1.7828e+01 (epoch=58)

I 06.08/06:57:49 solver.py:159 ] Epoch: [62/200][20/282] lr: 4.45e-04 | MSE loss: 7.1412e-03 | time: 0.050
I 06.08/06:57:50 solver.py:159 ] Epoch: [62/200][40/282] lr: 4.44e-04 | MSE loss: 7.7995e-03 | time: 0.051
I 06.08/06:57:51 solver.py:159 ] Epoch: [62/200][60/282] lr: 4.44e-04 | MSE loss: 8.1901e-03 | time: 0.052
I 06.08/06:57:52 solver.py:159 ] Epoch: [62/200][80/282] lr: 4.44e-04 | MSE loss: 7.5919e-03 | time: 0.051
I 06.08/06:57:53 solver.py:159 ] Epoch: [62/200][100/282] lr: 4.44e-04 | MSE loss: 7.3573e-03 | time: 0.050
I 06.08/06:57:54 solver.py:159 ] Epoch: [62/200][120/282] lr: 4.44e-04 | MSE loss: 8.1581e-03 | time: 0.049
I 06.08/06:57:55 solver.py:159 ] Epoch: [62/200][140/282] lr: 4.44e-04 | MSE loss: 8.2872e-03 | time: 0.048
I 06.08/06:57:56 solver.py:159 ] Epoch: [62/200][160/282] lr: 4.43e-04 | MSE loss: 8.1107e-03 | time: 0.047
I 06.08/06:57:56 solver.py:159 ] Epoch: [62/200][180/282] lr: 4.43e-04 | MSE loss: 8.2052e-03 | time: 0.046
I 06.08/06:57:57 solver.py:159 ] Epoch: [62/200][200/282] lr: 4.43e-04 | MSE loss: 7.9705e-03 | time: 0.046
I 06.08/06:57:58 solver.py:159 ] Epoch: [62/200][220/282] lr: 4.43e-04 | MSE loss: 7.8106e-03 | time: 0.046
I 06.08/06:57:59 solver.py:159 ] Epoch: [62/200][240/282] lr: 4.43e-04 | MSE loss: 7.8807e-03 | time: 0.046
I 06.08/06:58:00 solver.py:159 ] Epoch: [62/200][260/282] lr: 4.42e-04 | MSE loss: 8.0995e-03 | time: 0.046
I 06.08/06:58:02 solver.py:159 ] Epoch: [62/200][280/282] lr: 4.42e-04 | MSE loss: 8.1791e-03 | time: 0.049
I 06.08/06:58:02 solver.py:169 ] => Train  Loss: 8.1451e-03

I 06.08/06:58:03 solver.py:405 ] [20/32] loss: 9.3628e-03 | NMSE: -1.6779e+01 | time: 0.072
I 06.08/06:58:04 solver.py:413 ] => Test NMSE: -1.7828e+01

I 06.08/06:58:04 solver.py:345 ] => LoRA monitor [epoch=62] | trainable=163840/163840 | non_lora_trainable=0 | lora_l2=1.169885e+01 | lora_A_l2=4.404808e+00 | lora_B_l2=1.083794e+01 | component_l2=fc_decoder:1.169885e+01 | lora_abs_max=1.644783e-01 | delta_l2=1.153051e+01 | delta_rel=5.005348e+00 | train_loss=8.145138e-03 | test_loss=8.243950e-03 | nmse=-1.782835e+01
I 06.08/06:58:04 solver.py:224 ] 
=! Best NMSE: -1.7828e+01 (epoch=62)

I 06.08/06:58:05 solver.py:159 ] Epoch: [63/200][20/282] lr: 4.42e-04 | MSE loss: 7.1841e-03 | time: 0.042
I 06.08/06:58:06 solver.py:159 ] Epoch: [63/200][40/282] lr: 4.42e-04 | MSE loss: 8.0834e-03 | time: 0.037
I 06.08/06:58:07 solver.py:159 ] Epoch: [63/200][60/282] lr: 4.42e-04 | MSE loss: 8.2516e-03 | time: 0.038
I 06.08/06:58:08 solver.py:159 ] Epoch: [63/200][80/282] lr: 4.41e-04 | MSE loss: 8.6379e-03 | time: 0.039
I 06.08/06:58:08 solver.py:159 ] Epoch: [63/200][100/282] lr: 4.41e-04 | MSE loss: 8.1611e-03 | time: 0.041
I 06.08/06:58:09 solver.py:159 ] Epoch: [63/200][120/282] lr: 4.41e-04 | MSE loss: 8.3544e-03 | time: 0.041
I 06.08/06:58:10 solver.py:159 ] Epoch: [63/200][140/282] lr: 4.41e-04 | MSE loss: 8.3656e-03 | time: 0.042
I 06.08/06:58:11 solver.py:159 ] Epoch: [63/200][160/282] lr: 4.41e-04 | MSE loss: 8.2504e-03 | time: 0.041
I 06.08/06:58:12 solver.py:159 ] Epoch: [63/200][180/282] lr: 4.41e-04 | MSE loss: 8.3098e-03 | time: 0.041
I 06.08/06:58:13 solver.py:159 ] Epoch: [63/200][200/282] lr: 4.40e-04 | MSE loss: 8.2661e-03 | time: 0.041
I 06.08/06:58:13 solver.py:159 ] Epoch: [63/200][220/282] lr: 4.40e-04 | MSE loss: 8.1413e-03 | time: 0.041
I 06.08/06:58:14 solver.py:159 ] Epoch: [63/200][240/282] lr: 4.40e-04 | MSE loss: 8.0929e-03 | time: 0.041
I 06.08/06:58:15 solver.py:159 ] Epoch: [63/200][260/282] lr: 4.40e-04 | MSE loss: 8.2114e-03 | time: 0.042
I 06.08/06:58:16 solver.py:159 ] Epoch: [63/200][280/282] lr: 4.40e-04 | MSE loss: 8.1226e-03 | time: 0.042
I 06.08/06:58:16 solver.py:169 ] => Train  Loss: 8.1446e-03

I 06.08/06:58:17 solver.py:405 ] [20/32] loss: 9.3635e-03 | NMSE: -1.6779e+01 | time: 0.039
I 06.08/06:58:17 solver.py:413 ] => Test NMSE: -1.7828e+01

I 06.08/06:58:17 solver.py:345 ] => LoRA monitor [epoch=63] | trainable=163840/163840 | non_lora_trainable=0 | lora_l2=1.178880e+01 | lora_A_l2=4.426218e+00 | lora_B_l2=1.092631e+01 | component_l2=fc_decoder:1.178880e+01 | lora_abs_max=1.612947e-01 | delta_l2=1.162188e+01 | delta_rel=5.045008e+00 | train_loss=8.144624e-03 | test_loss=8.244318e-03 | nmse=-1.782815e+01
I 06.08/06:58:17 solver.py:224 ] 
=! Best NMSE: -1.7828e+01 (epoch=62)

I 06.08/06:58:18 solver.py:159 ] Epoch: [64/200][20/282] lr: 4.39e-04 | MSE loss: 7.2626e-03 | time: 0.045
I 06.08/06:58:19 solver.py:159 ] Epoch: [64/200][40/282] lr: 4.39e-04 | MSE loss: 8.0243e-03 | time: 0.043
I 06.08/06:58:20 solver.py:159 ] Epoch: [64/200][60/282] lr: 4.39e-04 | MSE loss: 8.4447e-03 | time: 0.043
I 06.08/06:58:21 solver.py:159 ] Epoch: [64/200][80/282] lr: 4.39e-04 | MSE loss: 8.3631e-03 | time: 0.043
I 06.08/06:58:22 solver.py:159 ] Epoch: [64/200][100/282] lr: 4.39e-04 | MSE loss: 8.3823e-03 | time: 0.044
I 06.08/06:58:23 solver.py:159 ] Epoch: [64/200][120/282] lr: 4.38e-04 | MSE loss: 8.5340e-03 | time: 0.044
I 06.08/06:58:24 solver.py:159 ] Epoch: [64/200][140/282] lr: 4.38e-04 | MSE loss: 8.4619e-03 | time: 0.044
I 06.08/06:58:25 solver.py:159 ] Epoch: [64/200][160/282] lr: 4.38e-04 | MSE loss: 8.3355e-03 | time: 0.044
I 06.08/06:58:25 solver.py:159 ] Epoch: [64/200][180/282] lr: 4.38e-04 | MSE loss: 8.2297e-03 | time: 0.045
I 06.08/06:58:26 solver.py:159 ] Epoch: [64/200][200/282] lr: 4.38e-04 | MSE loss: 8.4550e-03 | time: 0.045
I 06.08/06:58:27 solver.py:159 ] Epoch: [64/200][220/282] lr: 4.37e-04 | MSE loss: 8.5027e-03 | time: 0.045
I 06.08/06:58:28 solver.py:159 ] Epoch: [64/200][240/282] lr: 4.37e-04 | MSE loss: 8.2319e-03 | time: 0.046
I 06.08/06:58:29 solver.py:159 ] Epoch: [64/200][260/282] lr: 4.37e-04 | MSE loss: 8.1253e-03 | time: 0.046
I 06.08/06:58:30 solver.py:159 ] Epoch: [64/200][280/282] lr: 4.37e-04 | MSE loss: 8.1783e-03 | time: 0.046
I 06.08/06:58:30 solver.py:169 ] => Train  Loss: 8.1678e-03

I 06.08/06:58:31 solver.py:405 ] [20/32] loss: 9.3634e-03 | NMSE: -1.6779e+01 | time: 0.044
I 06.08/06:58:32 solver.py:413 ] => Test NMSE: -1.7828e+01

I 06.08/06:58:32 solver.py:345 ] => LoRA monitor [epoch=64] | trainable=163840/163840 | non_lora_trainable=0 | lora_l2=1.187238e+01 | lora_A_l2=4.446976e+00 | lora_B_l2=1.100808e+01 | component_l2=fc_decoder:1.187238e+01 | lora_abs_max=1.616743e-01 | delta_l2=1.170691e+01 | delta_rel=5.081921e+00 | train_loss=8.167784e-03 | test_loss=8.244276e-03 | nmse=-1.782818e+01
I 06.08/06:58:32 solver.py:224 ] 
=! Best NMSE: -1.7828e+01 (epoch=62)

I 06.08/06:58:33 solver.py:159 ] Epoch: [65/200][20/282] lr: 4.37e-04 | MSE loss: 9.1392e-03 | time: 0.049
I 06.08/06:58:34 solver.py:159 ] Epoch: [65/200][40/282] lr: 4.36e-04 | MSE loss: 8.7507e-03 | time: 0.048
I 06.08/06:58:35 solver.py:159 ] Epoch: [65/200][60/282] lr: 4.36e-04 | MSE loss: 9.1522e-03 | time: 0.048
I 06.08/06:58:35 solver.py:159 ] Epoch: [65/200][80/282] lr: 4.36e-04 | MSE loss: 8.6379e-03 | time: 0.047
I 06.08/06:58:36 solver.py:159 ] Epoch: [65/200][100/282] lr: 4.36e-04 | MSE loss: 8.2287e-03 | time: 0.046
I 06.08/06:58:37 solver.py:159 ] Epoch: [65/200][120/282] lr: 4.36e-04 | MSE loss: 7.9837e-03 | time: 0.045
I 06.08/06:58:38 solver.py:159 ] Epoch: [65/200][140/282] lr: 4.35e-04 | MSE loss: 7.6804e-03 | time: 0.045
I 06.08/06:58:39 solver.py:159 ] Epoch: [65/200][160/282] lr: 4.35e-04 | MSE loss: 7.8400e-03 | time: 0.045
I 06.08/06:58:40 solver.py:159 ] Epoch: [65/200][180/282] lr: 4.35e-04 | MSE loss: 8.0131e-03 | time: 0.046
I 06.08/06:58:41 solver.py:159 ] Epoch: [65/200][200/282] lr: 4.35e-04 | MSE loss: 8.0779e-03 | time: 0.045
I 06.08/06:58:42 solver.py:159 ] Epoch: [65/200][220/282] lr: 4.35e-04 | MSE loss: 8.0260e-03 | time: 0.045
I 06.08/06:58:42 solver.py:159 ] Epoch: [65/200][240/282] lr: 4.35e-04 | MSE loss: 7.9797e-03 | time: 0.044
I 06.08/06:58:43 solver.py:159 ] Epoch: [65/200][260/282] lr: 4.34e-04 | MSE loss: 8.0601e-03 | time: 0.044
I 06.08/06:58:44 solver.py:159 ] Epoch: [65/200][280/282] lr: 4.34e-04 | MSE loss: 8.1593e-03 | time: 0.044
I 06.08/06:58:44 solver.py:169 ] => Train  Loss: 8.1444e-03

I 06.08/06:58:45 solver.py:405 ] [20/32] loss: 9.3633e-03 | NMSE: -1.6779e+01 | time: 0.046
I 06.08/06:58:46 solver.py:413 ] => Test NMSE: -1.7828e+01

I 06.08/06:58:46 solver.py:345 ] => LoRA monitor [epoch=65] | trainable=163840/163840 | non_lora_trainable=0 | lora_l2=1.195954e+01 | lora_A_l2=4.469244e+00 | lora_B_l2=1.109308e+01 | component_l2=fc_decoder:1.195954e+01 | lora_abs_max=1.639802e-01 | delta_l2=1.179556e+01 | delta_rel=5.120402e+00 | train_loss=8.144359e-03 | test_loss=8.244158e-03 | nmse=-1.782824e+01
I 06.08/06:58:46 solver.py:224 ] 
=! Best NMSE: -1.7828e+01 (epoch=62)

I 06.08/06:58:47 solver.py:159 ] Epoch: [66/200][20/282] lr: 4.34e-04 | MSE loss: 8.1334e-03 | time: 0.049
I 06.08/06:58:47 solver.py:159 ] Epoch: [66/200][40/282] lr: 4.34e-04 | MSE loss: 7.1876e-03 | time: 0.044
I 06.08/06:58:48 solver.py:159 ] Epoch: [66/200][60/282] lr: 4.34e-04 | MSE loss: 8.5573e-03 | time: 0.043
I 06.08/06:58:49 solver.py:159 ] Epoch: [66/200][80/282] lr: 4.33e-04 | MSE loss: 8.4451e-03 | time: 0.043
I 06.08/06:58:50 solver.py:159 ] Epoch: [66/200][100/282] lr: 4.33e-04 | MSE loss: 8.3914e-03 | time: 0.044
I 06.08/06:58:51 solver.py:159 ] Epoch: [66/200][120/282] lr: 4.33e-04 | MSE loss: 8.4495e-03 | time: 0.044
I 06.08/06:58:52 solver.py:159 ] Epoch: [66/200][140/282] lr: 4.33e-04 | MSE loss: 7.9382e-03 | time: 0.044
I 06.08/06:58:53 solver.py:159 ] Epoch: [66/200][160/282] lr: 4.33e-04 | MSE loss: 7.9544e-03 | time: 0.044
I 06.08/06:58:54 solver.py:159 ] Epoch: [66/200][180/282] lr: 4.32e-04 | MSE loss: 8.0891e-03 | time: 0.044
I 06.08/06:58:55 solver.py:159 ] Epoch: [66/200][200/282] lr: 4.32e-04 | MSE loss: 8.0956e-03 | time: 0.044
I 06.08/06:58:55 solver.py:159 ] Epoch: [66/200][220/282] lr: 4.32e-04 | MSE loss: 8.1665e-03 | time: 0.044
I 06.08/06:58:56 solver.py:159 ] Epoch: [66/200][240/282] lr: 4.32e-04 | MSE loss: 8.0566e-03 | time: 0.044
I 06.08/06:58:57 solver.py:159 ] Epoch: [66/200][260/282] lr: 4.32e-04 | MSE loss: 8.0676e-03 | time: 0.044
I 06.08/06:58:58 solver.py:159 ] Epoch: [66/200][280/282] lr: 4.31e-04 | MSE loss: 8.1466e-03 | time: 0.044
I 06.08/06:58:58 solver.py:169 ] => Train  Loss: 8.1586e-03

I 06.08/06:58:59 solver.py:405 ] [20/32] loss: 9.3633e-03 | NMSE: -1.6779e+01 | time: 0.041
I 06.08/06:58:59 solver.py:413 ] => Test NMSE: -1.7828e+01

I 06.08/06:58:59 solver.py:345 ] => LoRA monitor [epoch=66] | trainable=163840/163840 | non_lora_trainable=0 | lora_l2=1.204665e+01 | lora_A_l2=4.495743e+00 | lora_B_l2=1.117632e+01 | component_l2=fc_decoder:1.204665e+01 | lora_abs_max=1.652072e-01 | delta_l2=1.188330e+01 | delta_rel=5.158491e+00 | train_loss=8.158600e-03 | test_loss=8.244250e-03 | nmse=-1.782819e+01
I 06.08/06:58:59 solver.py:224 ] 
=! Best NMSE: -1.7828e+01 (epoch=62)

I 06.08/06:59:01 solver.py:159 ] Epoch: [67/200][20/282] lr: 4.31e-04 | MSE loss: 9.5224e-03 | time: 0.056
I 06.08/06:59:02 solver.py:159 ] Epoch: [67/200][40/282] lr: 4.31e-04 | MSE loss: 8.9359e-03 | time: 0.071
I 06.08/06:59:04 solver.py:159 ] Epoch: [67/200][60/282] lr: 4.31e-04 | MSE loss: 9.0636e-03 | time: 0.081
I 06.08/06:59:05 solver.py:159 ] Epoch: [67/200][80/282] lr: 4.30e-04 | MSE loss: 8.4026e-03 | time: 0.074
I 06.08/06:59:06 solver.py:159 ] Epoch: [67/200][100/282] lr: 4.30e-04 | MSE loss: 8.5012e-03 | time: 0.068
I 06.08/06:59:07 solver.py:159 ] Epoch: [67/200][120/282] lr: 4.30e-04 | MSE loss: 8.4796e-03 | time: 0.064
I 06.08/06:59:08 solver.py:159 ] Epoch: [67/200][140/282] lr: 4.30e-04 | MSE loss: 8.0942e-03 | time: 0.061
I 06.08/06:59:09 solver.py:159 ] Epoch: [67/200][160/282] lr: 4.30e-04 | MSE loss: 8.2521e-03 | time: 0.060
I 06.08/06:59:10 solver.py:159 ] Epoch: [67/200][180/282] lr: 4.29e-04 | MSE loss: 8.3331e-03 | time: 0.058
I 06.08/06:59:11 solver.py:159 ] Epoch: [67/200][200/282] lr: 4.29e-04 | MSE loss: 8.4482e-03 | time: 0.057
I 06.08/06:59:12 solver.py:159 ] Epoch: [67/200][220/282] lr: 4.29e-04 | MSE loss: 8.3770e-03 | time: 0.055
I 06.08/06:59:13 solver.py:159 ] Epoch: [67/200][240/282] lr: 4.29e-04 | MSE loss: 8.3136e-03 | time: 0.054
I 06.08/06:59:13 solver.py:159 ] Epoch: [67/200][260/282] lr: 4.29e-04 | MSE loss: 8.2617e-03 | time: 0.054
I 06.08/06:59:14 solver.py:159 ] Epoch: [67/200][280/282] lr: 4.28e-04 | MSE loss: 8.1786e-03 | time: 0.053
I 06.08/06:59:14 solver.py:169 ] => Train  Loss: 8.1433e-03

I 06.08/06:59:15 solver.py:405 ] [20/32] loss: 9.3627e-03 | NMSE: -1.6779e+01 | time: 0.041
I 06.08/06:59:16 solver.py:413 ] => Test NMSE: -1.7828e+01

I 06.08/06:59:16 solver.py:345 ] => LoRA monitor [epoch=67] | trainable=163840/163840 | non_lora_trainable=0 | lora_l2=1.211820e+01 | lora_A_l2=4.510377e+00 | lora_B_l2=1.124754e+01 | component_l2=fc_decoder:1.211820e+01 | lora_abs_max=1.675165e-01 | delta_l2=1.195592e+01 | delta_rel=5.190015e+00 | train_loss=8.143313e-03 | test_loss=8.243841e-03 | nmse=-1.782840e+01
I 06.08/06:59:16 solver.py:224 ] 
=! Best NMSE: -1.7828e+01 (epoch=67)

I 06.08/06:59:17 solver.py:159 ] Epoch: [68/200][20/282] lr: 4.28e-04 | MSE loss: 1.0390e-02 | time: 0.047
I 06.08/06:59:18 solver.py:159 ] Epoch: [68/200][40/282] lr: 4.28e-04 | MSE loss: 8.1598e-03 | time: 0.047
I 06.08/06:59:19 solver.py:159 ] Epoch: [68/200][60/282] lr: 4.28e-04 | MSE loss: 8.3098e-03 | time: 0.046
I 06.08/06:59:20 solver.py:159 ] Epoch: [68/200][80/282] lr: 4.28e-04 | MSE loss: 8.3546e-03 | time: 0.047
I 06.08/06:59:21 solver.py:159 ] Epoch: [68/200][100/282] lr: 4.27e-04 | MSE loss: 7.7810e-03 | time: 0.046
I 06.08/06:59:22 solver.py:159 ] Epoch: [68/200][120/282] lr: 4.27e-04 | MSE loss: 7.5792e-03 | time: 0.046
I 06.08/06:59:22 solver.py:159 ] Epoch: [68/200][140/282] lr: 4.27e-04 | MSE loss: 7.8598e-03 | time: 0.046
I 06.08/06:59:23 solver.py:159 ] Epoch: [68/200][160/282] lr: 4.27e-04 | MSE loss: 8.1780e-03 | time: 0.045
I 06.08/06:59:24 solver.py:159 ] Epoch: [68/200][180/282] lr: 4.27e-04 | MSE loss: 8.2369e-03 | time: 0.045
I 06.08/06:59:25 solver.py:159 ] Epoch: [68/200][200/282] lr: 4.26e-04 | MSE loss: 8.1755e-03 | time: 0.045
I 06.08/06:59:26 solver.py:159 ] Epoch: [68/200][220/282] lr: 4.26e-04 | MSE loss: 8.0812e-03 | time: 0.046
I 06.08/06:59:27 solver.py:159 ] Epoch: [68/200][240/282] lr: 4.26e-04 | MSE loss: 8.2323e-03 | time: 0.046
I 06.08/06:59:28 solver.py:159 ] Epoch: [68/200][260/282] lr: 4.26e-04 | MSE loss: 8.0192e-03 | time: 0.045
I 06.08/06:59:29 solver.py:159 ] Epoch: [68/200][280/282] lr: 4.26e-04 | MSE loss: 8.1178e-03 | time: 0.045
I 06.08/06:59:29 solver.py:169 ] => Train  Loss: 8.3070e-03

I 06.08/06:59:30 solver.py:405 ] [20/32] loss: 9.3634e-03 | NMSE: -1.6779e+01 | time: 0.037
I 06.08/06:59:30 solver.py:413 ] => Test NMSE: -1.7828e+01

I 06.08/06:59:30 solver.py:345 ] => LoRA monitor [epoch=68] | trainable=163840/163840 | non_lora_trainable=0 | lora_l2=1.218832e+01 | lora_A_l2=4.520265e+00 | lora_B_l2=1.131912e+01 | component_l2=fc_decoder:1.218832e+01 | lora_abs_max=1.685082e-01 | delta_l2=1.202779e+01 | delta_rel=5.221214e+00 | train_loss=8.307004e-03 | test_loss=8.244378e-03 | nmse=-1.782812e+01
I 06.08/06:59:30 solver.py:224 ] 
=! Best NMSE: -1.7828e+01 (epoch=67)

I 06.08/06:59:31 solver.py:159 ] Epoch: [69/200][20/282] lr: 4.25e-04 | MSE loss: 6.1657e-03 | time: 0.047
I 06.08/06:59:32 solver.py:159 ] Epoch: [69/200][40/282] lr: 4.25e-04 | MSE loss: 6.5156e-03 | time: 0.045
I 06.08/06:59:33 solver.py:159 ] Epoch: [69/200][60/282] lr: 4.25e-04 | MSE loss: 7.1988e-03 | time: 0.044
I 06.08/06:59:34 solver.py:159 ] Epoch: [69/200][80/282] lr: 4.25e-04 | MSE loss: 8.0876e-03 | time: 0.045
I 06.08/06:59:35 solver.py:159 ] Epoch: [69/200][100/282] lr: 4.25e-04 | MSE loss: 8.0130e-03 | time: 0.045
I 06.08/06:59:35 solver.py:159 ] Epoch: [69/200][120/282] lr: 4.24e-04 | MSE loss: 8.1971e-03 | time: 0.046
I 06.08/06:59:37 solver.py:159 ] Epoch: [69/200][140/282] lr: 4.24e-04 | MSE loss: 8.3429e-03 | time: 0.047
I 06.08/06:59:37 solver.py:159 ] Epoch: [69/200][160/282] lr: 4.24e-04 | MSE loss: 8.0930e-03 | time: 0.046
I 06.08/06:59:38 solver.py:159 ] Epoch: [69/200][180/282] lr: 4.24e-04 | MSE loss: 7.9507e-03 | time: 0.046
I 06.08/06:59:39 solver.py:159 ] Epoch: [69/200][200/282] lr: 4.23e-04 | MSE loss: 8.0413e-03 | time: 0.046
I 06.08/06:59:40 solver.py:159 ] Epoch: [69/200][220/282] lr: 4.23e-04 | MSE loss: 8.1279e-03 | time: 0.046
I 06.08/06:59:41 solver.py:159 ] Epoch: [69/200][240/282] lr: 4.23e-04 | MSE loss: 8.1183e-03 | time: 0.046
I 06.08/06:59:42 solver.py:159 ] Epoch: [69/200][260/282] lr: 4.23e-04 | MSE loss: 8.1707e-03 | time: 0.046
I 06.08/06:59:43 solver.py:159 ] Epoch: [69/200][280/282] lr: 4.23e-04 | MSE loss: 8.1697e-03 | time: 0.046
I 06.08/06:59:43 solver.py:169 ] => Train  Loss: 8.1501e-03

I 06.08/06:59:44 solver.py:405 ] [20/32] loss: 9.3634e-03 | NMSE: -1.6779e+01 | time: 0.045
I 06.08/06:59:44 solver.py:413 ] => Test NMSE: -1.7828e+01

I 06.08/06:59:44 solver.py:345 ] => LoRA monitor [epoch=69] | trainable=163840/163840 | non_lora_trainable=0 | lora_l2=1.226474e+01 | lora_A_l2=4.541514e+00 | lora_B_l2=1.139292e+01 | component_l2=fc_decoder:1.226474e+01 | lora_abs_max=1.677321e-01 | delta_l2=1.210459e+01 | delta_rel=5.254553e+00 | train_loss=8.150090e-03 | test_loss=8.244475e-03 | nmse=-1.782807e+01
I 06.08/06:59:44 solver.py:224 ] 
=! Best NMSE: -1.7828e+01 (epoch=67)

I 06.08/06:59:45 solver.py:159 ] Epoch: [70/200][20/282] lr: 4.22e-04 | MSE loss: 7.4314e-03 | time: 0.045
I 06.08/06:59:46 solver.py:159 ] Epoch: [70/200][40/282] lr: 4.22e-04 | MSE loss: 7.5925e-03 | time: 0.045
I 06.08/06:59:47 solver.py:159 ] Epoch: [70/200][60/282] lr: 4.22e-04 | MSE loss: 7.0689e-03 | time: 0.044
I 06.08/06:59:48 solver.py:159 ] Epoch: [70/200][80/282] lr: 4.22e-04 | MSE loss: 6.6355e-03 | time: 0.043
I 06.08/06:59:49 solver.py:159 ] Epoch: [70/200][100/282] lr: 4.22e-04 | MSE loss: 7.4014e-03 | time: 0.043
I 06.08/06:59:50 solver.py:159 ] Epoch: [70/200][120/282] lr: 4.21e-04 | MSE loss: 7.8560e-03 | time: 0.044
I 06.08/06:59:51 solver.py:159 ] Epoch: [70/200][140/282] lr: 4.21e-04 | MSE loss: 8.1261e-03 | time: 0.044
I 06.08/06:59:51 solver.py:159 ] Epoch: [70/200][160/282] lr: 4.21e-04 | MSE loss: 7.9262e-03 | time: 0.044
I 06.08/06:59:52 solver.py:159 ] Epoch: [70/200][180/282] lr: 4.21e-04 | MSE loss: 7.6707e-03 | time: 0.044
I 06.08/06:59:53 solver.py:159 ] Epoch: [70/200][200/282] lr: 4.21e-04 | MSE loss: 7.8386e-03 | time: 0.044
I 06.08/06:59:54 solver.py:159 ] Epoch: [70/200][220/282] lr: 4.20e-04 | MSE loss: 7.9311e-03 | time: 0.044
I 06.08/06:59:55 solver.py:159 ] Epoch: [70/200][240/282] lr: 4.20e-04 | MSE loss: 8.3505e-03 | time: 0.044
I 06.08/06:59:56 solver.py:159 ] Epoch: [70/200][260/282] lr: 4.20e-04 | MSE loss: 8.2273e-03 | time: 0.044
I 06.08/06:59:57 solver.py:159 ] Epoch: [70/200][280/282] lr: 4.20e-04 | MSE loss: 8.1876e-03 | time: 0.044
I 06.08/06:59:57 solver.py:169 ] => Train  Loss: 8.1455e-03

I 06.08/06:59:58 solver.py:159 ] Epoch: [70/200][20/32] lr: 4.20e-04 | MSE loss: 9.3631e-03 | time: 0.041
I 06.08/06:59:58 solver.py:169 ] => Val  Loss: 8.0594e-03

I 06.08/06:59:59 solver.py:405 ] [20/32] loss: 9.3631e-03 | NMSE: -1.6779e+01 | time: 0.041
I 06.08/06:59:59 solver.py:413 ] => Test NMSE: -1.7828e+01

I 06.08/06:59:59 solver.py:345 ] => LoRA monitor [epoch=70] | trainable=163840/163840 | non_lora_trainable=0 | lora_l2=1.234183e+01 | lora_A_l2=4.559718e+00 | lora_B_l2=1.146864e+01 | component_l2=fc_decoder:1.234183e+01 | lora_abs_max=1.686274e-01 | delta_l2=1.218315e+01 | delta_rel=5.288653e+00 | train_loss=8.145515e-03 | val_loss=8.059399e-03 | test_loss=8.244073e-03 | nmse=-1.782828e+01
I 06.08/06:59:59 solver.py:224 ] 
=! Best NMSE: -1.7828e+01 (epoch=67)

I 06.08/07:00:01 solver.py:159 ] Epoch: [71/200][20/282] lr: 4.19e-04 | MSE loss: 8.4155e-03 | time: 0.069
I 06.08/07:00:03 solver.py:159 ] Epoch: [71/200][40/282] lr: 4.19e-04 | MSE loss: 8.5921e-03 | time: 0.082
I 06.08/07:00:04 solver.py:159 ] Epoch: [71/200][60/282] lr: 4.19e-04 | MSE loss: 9.1071e-03 | time: 0.080
I 06.08/07:00:05 solver.py:159 ] Epoch: [71/200][80/282] lr: 4.19e-04 | MSE loss: 8.4117e-03 | time: 0.071
I 06.08/07:00:06 solver.py:159 ] Epoch: [71/200][100/282] lr: 4.19e-04 | MSE loss: 8.0765e-03 | time: 0.066
I 06.08/07:00:07 solver.py:159 ] Epoch: [71/200][120/282] lr: 4.18e-04 | MSE loss: 8.2255e-03 | time: 0.062
I 06.08/07:00:08 solver.py:159 ] Epoch: [71/200][140/282] lr: 4.18e-04 | MSE loss: 8.2237e-03 | time: 0.060
I 06.08/07:00:09 solver.py:159 ] Epoch: [71/200][160/282] lr: 4.18e-04 | MSE loss: 8.0361e-03 | time: 0.058
I 06.08/07:00:10 solver.py:159 ] Epoch: [71/200][180/282] lr: 4.18e-04 | MSE loss: 8.0870e-03 | time: 0.056
I 06.08/07:00:10 solver.py:159 ] Epoch: [71/200][200/282] lr: 4.17e-04 | MSE loss: 7.8356e-03 | time: 0.055
I 06.08/07:00:11 solver.py:159 ] Epoch: [71/200][220/282] lr: 4.17e-04 | MSE loss: 8.0516e-03 | time: 0.054
I 06.08/07:00:12 solver.py:159 ] Epoch: [71/200][240/282] lr: 4.17e-04 | MSE loss: 8.3053e-03 | time: 0.054
I 06.08/07:00:13 solver.py:159 ] Epoch: [71/200][260/282] lr: 4.17e-04 | MSE loss: 8.3134e-03 | time: 0.053
I 06.08/07:00:14 solver.py:159 ] Epoch: [71/200][280/282] lr: 4.17e-04 | MSE loss: 8.1916e-03 | time: 0.053
I 06.08/07:00:14 solver.py:169 ] => Train  Loss: 8.1451e-03

I 06.08/07:00:15 solver.py:405 ] [20/32] loss: 9.3630e-03 | NMSE: -1.6779e+01 | time: 0.048
I 06.08/07:00:16 solver.py:413 ] => Test NMSE: -1.7828e+01

I 06.08/07:00:16 solver.py:345 ] => LoRA monitor [epoch=71] | trainable=163840/163840 | non_lora_trainable=0 | lora_l2=1.240764e+01 | lora_A_l2=4.575024e+00 | lora_B_l2=1.153337e+01 | component_l2=fc_decoder:1.240764e+01 | lora_abs_max=1.711638e-01 | delta_l2=1.224986e+01 | delta_rel=5.317615e+00 | train_loss=8.145113e-03 | test_loss=8.244073e-03 | nmse=-1.782829e+01
I 06.08/07:00:16 solver.py:224 ] 
=! Best NMSE: -1.7828e+01 (epoch=67)

I 06.08/07:00:17 solver.py:159 ] Epoch: [72/200][20/282] lr: 4.16e-04 | MSE loss: 8.9373e-03 | time: 0.052
I 06.08/07:00:18 solver.py:159 ] Epoch: [72/200][40/282] lr: 4.16e-04 | MSE loss: 8.8050e-03 | time: 0.049
I 06.08/07:00:19 solver.py:159 ] Epoch: [72/200][60/282] lr: 4.16e-04 | MSE loss: 8.7155e-03 | time: 0.048
I 06.08/07:00:20 solver.py:159 ] Epoch: [72/200][80/282] lr: 4.16e-04 | MSE loss: 8.2443e-03 | time: 0.047
I 06.08/07:00:21 solver.py:159 ] Epoch: [72/200][100/282] lr: 4.16e-04 | MSE loss: 8.1420e-03 | time: 0.047
I 06.08/07:00:21 solver.py:159 ] Epoch: [72/200][120/282] lr: 4.15e-04 | MSE loss: 8.0066e-03 | time: 0.046
I 06.08/07:00:22 solver.py:159 ] Epoch: [72/200][140/282] lr: 4.15e-04 | MSE loss: 7.8721e-03 | time: 0.047
I 06.08/07:00:23 solver.py:159 ] Epoch: [72/200][160/282] lr: 4.15e-04 | MSE loss: 7.9380e-03 | time: 0.046
I 06.08/07:00:24 solver.py:159 ] Epoch: [72/200][180/282] lr: 4.15e-04 | MSE loss: 7.9565e-03 | time: 0.046
I 06.08/07:00:25 solver.py:159 ] Epoch: [72/200][200/282] lr: 4.14e-04 | MSE loss: 7.8909e-03 | time: 0.047
I 06.08/07:00:26 solver.py:159 ] Epoch: [72/200][220/282] lr: 4.14e-04 | MSE loss: 7.9938e-03 | time: 0.046
I 06.08/07:00:27 solver.py:159 ] Epoch: [72/200][240/282] lr: 4.14e-04 | MSE loss: 7.8859e-03 | time: 0.046
I 06.08/07:00:28 solver.py:159 ] Epoch: [72/200][260/282] lr: 4.14e-04 | MSE loss: 8.1007e-03 | time: 0.047
I 06.08/07:00:29 solver.py:159 ] Epoch: [72/200][280/282] lr: 4.14e-04 | MSE loss: 8.1574e-03 | time: 0.047
I 06.08/07:00:29 solver.py:169 ] => Train  Loss: 8.1457e-03

I 06.08/07:00:30 solver.py:405 ] [20/32] loss: 9.3633e-03 | NMSE: -1.6779e+01 | time: 0.045
I 06.08/07:00:30 solver.py:413 ] => Test NMSE: -1.7828e+01

I 06.08/07:00:30 solver.py:345 ] => LoRA monitor [epoch=72] | trainable=163840/163840 | non_lora_trainable=0 | lora_l2=1.248367e+01 | lora_A_l2=4.599771e+00 | lora_B_l2=1.160534e+01 | component_l2=fc_decoder:1.248367e+01 | lora_abs_max=1.690989e-01 | delta_l2=1.232716e+01 | delta_rel=5.351171e+00 | train_loss=8.145662e-03 | test_loss=8.244385e-03 | nmse=-1.782812e+01
I 06.08/07:00:30 solver.py:224 ] 
=! Best NMSE: -1.7828e+01 (epoch=67)

I 06.08/07:00:31 solver.py:159 ] Epoch: [73/200][20/282] lr: 4.13e-04 | MSE loss: 9.6231e-03 | time: 0.050
I 06.08/07:00:32 solver.py:159 ] Epoch: [73/200][40/282] lr: 4.13e-04 | MSE loss: 9.9876e-03 | time: 0.052
I 06.08/07:00:33 solver.py:159 ] Epoch: [73/200][60/282] lr: 4.13e-04 | MSE loss: 9.2928e-03 | time: 0.049
I 06.08/07:00:34 solver.py:159 ] Epoch: [73/200][80/282] lr: 4.13e-04 | MSE loss: 9.1169e-03 | time: 0.050
I 06.08/07:00:35 solver.py:159 ] Epoch: [73/200][100/282] lr: 4.12e-04 | MSE loss: 8.8540e-03 | time: 0.050
I 06.08/07:00:36 solver.py:159 ] Epoch: [73/200][120/282] lr: 4.12e-04 | MSE loss: 8.4487e-03 | time: 0.049
I 06.08/07:00:37 solver.py:159 ] Epoch: [73/200][140/282] lr: 4.12e-04 | MSE loss: 8.5558e-03 | time: 0.048
I 06.08/07:00:38 solver.py:159 ] Epoch: [73/200][160/282] lr: 4.12e-04 | MSE loss: 8.7308e-03 | time: 0.048
I 06.08/07:00:39 solver.py:159 ] Epoch: [73/200][180/282] lr: 4.12e-04 | MSE loss: 8.7601e-03 | time: 0.048
I 06.08/07:00:40 solver.py:159 ] Epoch: [73/200][200/282] lr: 4.11e-04 | MSE loss: 8.5178e-03 | time: 0.048
I 06.08/07:00:41 solver.py:159 ] Epoch: [73/200][220/282] lr: 4.11e-04 | MSE loss: 8.4656e-03 | time: 0.047
I 06.08/07:00:42 solver.py:159 ] Epoch: [73/200][240/282] lr: 4.11e-04 | MSE loss: 8.2623e-03 | time: 0.047
I 06.08/07:00:43 solver.py:159 ] Epoch: [73/200][260/282] lr: 4.11e-04 | MSE loss: 8.2128e-03 | time: 0.047
I 06.08/07:00:44 solver.py:159 ] Epoch: [73/200][280/282] lr: 4.10e-04 | MSE loss: 8.1964e-03 | time: 0.047
I 06.08/07:00:44 solver.py:169 ] => Train  Loss: 8.1424e-03

I 06.08/07:00:45 solver.py:405 ] [20/32] loss: 9.3632e-03 | NMSE: -1.6779e+01 | time: 0.041
I 06.08/07:00:45 solver.py:413 ] => Test NMSE: -1.7828e+01

I 06.08/07:00:45 solver.py:345 ] => LoRA monitor [epoch=73] | trainable=163840/163840 | non_lora_trainable=0 | lora_l2=1.252285e+01 | lora_A_l2=4.606751e+00 | lora_B_l2=1.164473e+01 | component_l2=fc_decoder:1.252285e+01 | lora_abs_max=1.715093e-01 | delta_l2=1.236651e+01 | delta_rel=5.368251e+00 | train_loss=8.142373e-03 | test_loss=8.243972e-03 | nmse=-1.782833e+01
I 06.08/07:00:45 solver.py:224 ] 
=! Best NMSE: -1.7828e+01 (epoch=67)

I 06.08/07:00:46 solver.py:159 ] Epoch: [74/200][20/282] lr: 4.10e-04 | MSE loss: 8.5925e-03 | time: 0.045
I 06.08/07:00:47 solver.py:159 ] Epoch: [74/200][40/282] lr: 4.10e-04 | MSE loss: 7.0230e-03 | time: 0.044
I 06.08/07:00:48 solver.py:159 ] Epoch: [74/200][60/282] lr: 4.10e-04 | MSE loss: 7.6875e-03 | time: 0.045
I 06.08/07:00:49 solver.py:159 ] Epoch: [74/200][80/282] lr: 4.10e-04 | MSE loss: 7.1672e-03 | time: 0.047
I 06.08/07:00:50 solver.py:159 ] Epoch: [74/200][100/282] lr: 4.09e-04 | MSE loss: 7.7370e-03 | time: 0.047
I 06.08/07:00:51 solver.py:159 ] Epoch: [74/200][120/282] lr: 4.09e-04 | MSE loss: 8.0070e-03 | time: 0.047
I 06.08/07:00:52 solver.py:159 ] Epoch: [74/200][140/282] lr: 4.09e-04 | MSE loss: 7.9753e-03 | time: 0.047
I 06.08/07:00:53 solver.py:159 ] Epoch: [74/200][160/282] lr: 4.09e-04 | MSE loss: 7.9538e-03 | time: 0.047
I 06.08/07:00:53 solver.py:159 ] Epoch: [74/200][180/282] lr: 4.08e-04 | MSE loss: 7.8867e-03 | time: 0.047
I 06.08/07:00:54 solver.py:159 ] Epoch: [74/200][200/282] lr: 4.08e-04 | MSE loss: 8.0806e-03 | time: 0.047
I 06.08/07:00:55 solver.py:159 ] Epoch: [74/200][220/282] lr: 4.08e-04 | MSE loss: 8.0454e-03 | time: 0.046
I 06.08/07:00:56 solver.py:159 ] Epoch: [74/200][240/282] lr: 4.08e-04 | MSE loss: 8.1883e-03 | time: 0.046
I 06.08/07:00:57 solver.py:159 ] Epoch: [74/200][260/282] lr: 4.07e-04 | MSE loss: 8.0720e-03 | time: 0.046
I 06.08/07:00:58 solver.py:159 ] Epoch: [74/200][280/282] lr: 4.07e-04 | MSE loss: 8.1752e-03 | time: 0.046
I 06.08/07:00:58 solver.py:169 ] => Train  Loss: 8.1425e-03

I 06.08/07:00:59 solver.py:405 ] [20/32] loss: 9.3640e-03 | NMSE: -1.6778e+01 | time: 0.040
I 06.08/07:00:59 solver.py:413 ] => Test NMSE: -1.7828e+01

I 06.08/07:00:59 solver.py:345 ] => LoRA monitor [epoch=74] | trainable=163840/163840 | non_lora_trainable=0 | lora_l2=1.259418e+01 | lora_A_l2=4.625952e+00 | lora_B_l2=1.171383e+01 | component_l2=fc_decoder:1.259418e+01 | lora_abs_max=1.743033e-01 | delta_l2=1.243972e+01 | delta_rel=5.400031e+00 | train_loss=8.142487e-03 | test_loss=8.244819e-03 | nmse=-1.782789e+01
I 06.08/07:00:59 solver.py:224 ] 
=! Best NMSE: -1.7828e+01 (epoch=67)

I 06.08/07:01:00 solver.py:159 ] Epoch: [75/200][20/282] lr: 4.07e-04 | MSE loss: 7.4947e-03 | time: 0.041
I 06.08/07:01:01 solver.py:159 ] Epoch: [75/200][40/282] lr: 4.07e-04 | MSE loss: 6.5724e-03 | time: 0.045
I 06.08/07:01:02 solver.py:159 ] Epoch: [75/200][60/282] lr: 4.07e-04 | MSE loss: 6.9821e-03 | time: 0.055
I 06.08/07:01:04 solver.py:159 ] Epoch: [75/200][80/282] lr: 4.06e-04 | MSE loss: 7.6552e-03 | time: 0.061
I 06.08/07:01:05 solver.py:159 ] Epoch: [75/200][100/282] lr: 4.06e-04 | MSE loss: 7.7895e-03 | time: 0.056
I 06.08/07:01:05 solver.py:159 ] Epoch: [75/200][120/282] lr: 4.06e-04 | MSE loss: 8.0985e-03 | time: 0.052
I 06.08/07:01:06 solver.py:159 ] Epoch: [75/200][140/282] lr: 4.06e-04 | MSE loss: 7.9484e-03 | time: 0.050
I 06.08/07:01:07 solver.py:159 ] Epoch: [75/200][160/282] lr: 4.05e-04 | MSE loss: 7.9561e-03 | time: 0.048
I 06.08/07:01:08 solver.py:159 ] Epoch: [75/200][180/282] lr: 4.05e-04 | MSE loss: 7.8746e-03 | time: 0.048
I 06.08/07:01:08 solver.py:159 ] Epoch: [75/200][200/282] lr: 4.05e-04 | MSE loss: 7.9780e-03 | time: 0.047
I 06.08/07:01:09 solver.py:159 ] Epoch: [75/200][220/282] lr: 4.05e-04 | MSE loss: 7.9313e-03 | time: 0.047
I 06.08/07:01:10 solver.py:159 ] Epoch: [75/200][240/282] lr: 4.05e-04 | MSE loss: 8.1635e-03 | time: 0.046
I 06.08/07:01:11 solver.py:159 ] Epoch: [75/200][260/282] lr: 4.04e-04 | MSE loss: 8.1055e-03 | time: 0.046
I 06.08/07:01:12 solver.py:159 ] Epoch: [75/200][280/282] lr: 4.04e-04 | MSE loss: 8.1564e-03 | time: 0.047
I 06.08/07:01:12 solver.py:169 ] => Train  Loss: 8.1613e-03

I 06.08/07:01:13 solver.py:405 ] [20/32] loss: 9.3632e-03 | NMSE: -1.6779e+01 | time: 0.043
I 06.08/07:01:13 solver.py:413 ] => Test NMSE: -1.7828e+01

I 06.08/07:01:13 solver.py:345 ] => LoRA monitor [epoch=75] | trainable=163840/163840 | non_lora_trainable=0 | lora_l2=1.265504e+01 | lora_A_l2=4.642478e+00 | lora_B_l2=1.177274e+01 | component_l2=fc_decoder:1.265504e+01 | lora_abs_max=1.741292e-01 | delta_l2=1.250116e+01 | delta_rel=5.426703e+00 | train_loss=8.161292e-03 | test_loss=8.243979e-03 | nmse=-1.782833e+01
I 06.08/07:01:13 solver.py:224 ] 
=! Best NMSE: -1.7828e+01 (epoch=67)

I 06.08/07:01:14 solver.py:159 ] Epoch: [76/200][20/282] lr: 4.04e-04 | MSE loss: 1.0103e-02 | time: 0.043
I 06.08/07:01:15 solver.py:159 ] Epoch: [76/200][40/282] lr: 4.04e-04 | MSE loss: 9.6479e-03 | time: 0.041
I 06.08/07:01:16 solver.py:159 ] Epoch: [76/200][60/282] lr: 4.03e-04 | MSE loss: 9.1456e-03 | time: 0.042
I 06.08/07:01:17 solver.py:159 ] Epoch: [76/200][80/282] lr: 4.03e-04 | MSE loss: 8.2919e-03 | time: 0.044
I 06.08/07:01:18 solver.py:159 ] Epoch: [76/200][100/282] lr: 4.03e-04 | MSE loss: 8.3301e-03 | time: 0.044
I 06.08/07:01:19 solver.py:159 ] Epoch: [76/200][120/282] lr: 4.03e-04 | MSE loss: 8.3028e-03 | time: 0.043
I 06.08/07:01:20 solver.py:159 ] Epoch: [76/200][140/282] lr: 4.02e-04 | MSE loss: 8.4642e-03 | time: 0.044
I 06.08/07:01:20 solver.py:159 ] Epoch: [76/200][160/282] lr: 4.02e-04 | MSE loss: 8.6979e-03 | time: 0.044
I 06.08/07:01:21 solver.py:159 ] Epoch: [76/200][180/282] lr: 4.02e-04 | MSE loss: 8.4861e-03 | time: 0.044
I 06.08/07:01:22 solver.py:159 ] Epoch: [76/200][200/282] lr: 4.02e-04 | MSE loss: 8.2073e-03 | time: 0.044
I 06.08/07:01:23 solver.py:159 ] Epoch: [76/200][220/282] lr: 4.02e-04 | MSE loss: 8.0801e-03 | time: 0.045
I 06.08/07:01:24 solver.py:159 ] Epoch: [76/200][240/282] lr: 4.01e-04 | MSE loss: 8.0151e-03 | time: 0.045
I 06.08/07:01:25 solver.py:159 ] Epoch: [76/200][260/282] lr: 4.01e-04 | MSE loss: 8.0195e-03 | time: 0.045
I 06.08/07:01:26 solver.py:159 ] Epoch: [76/200][280/282] lr: 4.01e-04 | MSE loss: 8.1756e-03 | time: 0.045
I 06.08/07:01:26 solver.py:169 ] => Train  Loss: 8.1470e-03

I 06.08/07:01:27 solver.py:405 ] [20/32] loss: 9.3633e-03 | NMSE: -1.6779e+01 | time: 0.043
I 06.08/07:01:27 solver.py:413 ] => Test NMSE: -1.7828e+01

I 06.08/07:01:27 solver.py:345 ] => LoRA monitor [epoch=76] | trainable=163840/163840 | non_lora_trainable=0 | lora_l2=1.272543e+01 | lora_A_l2=4.664123e+00 | lora_B_l2=1.183987e+01 | component_l2=fc_decoder:1.272543e+01 | lora_abs_max=1.758871e-01 | delta_l2=1.257266e+01 | delta_rel=5.457740e+00 | train_loss=8.147043e-03 | test_loss=8.244078e-03 | nmse=-1.782828e+01
I 06.08/07:01:27 solver.py:224 ] 
=! Best NMSE: -1.7828e+01 (epoch=67)

I 06.08/07:01:28 solver.py:159 ] Epoch: [77/200][20/282] lr: 4.01e-04 | MSE loss: 8.9753e-03 | time: 0.043
I 06.08/07:01:29 solver.py:159 ] Epoch: [77/200][40/282] lr: 4.00e-04 | MSE loss: 7.8600e-03 | time: 0.041
I 06.08/07:01:30 solver.py:159 ] Epoch: [77/200][60/282] lr: 4.00e-04 | MSE loss: 8.5776e-03 | time: 0.041
I 06.08/07:01:31 solver.py:159 ] Epoch: [77/200][80/282] lr: 4.00e-04 | MSE loss: 8.6822e-03 | time: 0.041
I 06.08/07:01:32 solver.py:159 ] Epoch: [77/200][100/282] lr: 4.00e-04 | MSE loss: 9.1806e-03 | time: 0.042
I 06.08/07:01:33 solver.py:159 ] Epoch: [77/200][120/282] lr: 3.99e-04 | MSE loss: 8.5798e-03 | time: 0.042
I 06.08/07:01:33 solver.py:159 ] Epoch: [77/200][140/282] lr: 3.99e-04 | MSE loss: 8.4896e-03 | time: 0.043
I 06.08/07:01:34 solver.py:159 ] Epoch: [77/200][160/282] lr: 3.99e-04 | MSE loss: 8.1797e-03 | time: 0.043
I 06.08/07:01:35 solver.py:159 ] Epoch: [77/200][180/282] lr: 3.99e-04 | MSE loss: 8.2694e-03 | time: 0.043
I 06.08/07:01:36 solver.py:159 ] Epoch: [77/200][200/282] lr: 3.98e-04 | MSE loss: 8.1416e-03 | time: 0.042
I 06.08/07:01:37 solver.py:159 ] Epoch: [77/200][220/282] lr: 3.98e-04 | MSE loss: 7.9547e-03 | time: 0.042
I 06.08/07:01:38 solver.py:159 ] Epoch: [77/200][240/282] lr: 3.98e-04 | MSE loss: 7.8512e-03 | time: 0.043
I 06.08/07:01:38 solver.py:159 ] Epoch: [77/200][260/282] lr: 3.98e-04 | MSE loss: 7.9737e-03 | time: 0.042
I 06.08/07:01:39 solver.py:159 ] Epoch: [77/200][280/282] lr: 3.98e-04 | MSE loss: 8.1537e-03 | time: 0.042
I 06.08/07:01:39 solver.py:169 ] => Train  Loss: 8.1434e-03

I 06.08/07:01:40 solver.py:405 ] [20/32] loss: 9.3643e-03 | NMSE: -1.6778e+01 | time: 0.035
I 06.08/07:01:41 solver.py:413 ] => Test NMSE: -1.7828e+01

I 06.08/07:01:41 solver.py:345 ] => LoRA monitor [epoch=77] | trainable=163840/163840 | non_lora_trainable=0 | lora_l2=1.278154e+01 | lora_A_l2=4.678666e+00 | lora_B_l2=1.189444e+01 | component_l2=fc_decoder:1.278154e+01 | lora_abs_max=1.741195e-01 | delta_l2=1.262986e+01 | delta_rel=5.482570e+00 | train_loss=8.143407e-03 | test_loss=8.244800e-03 | nmse=-1.782790e+01
I 06.08/07:01:41 solver.py:224 ] 
=! Best NMSE: -1.7828e+01 (epoch=67)

I 06.08/07:01:41 solver.py:159 ] Epoch: [78/200][20/282] lr: 3.97e-04 | MSE loss: 5.7053e-03 | time: 0.047
I 06.08/07:01:42 solver.py:159 ] Epoch: [78/200][40/282] lr: 3.97e-04 | MSE loss: 7.0599e-03 | time: 0.046
I 06.08/07:01:43 solver.py:159 ] Epoch: [78/200][60/282] lr: 3.97e-04 | MSE loss: 7.7283e-03 | time: 0.046
I 06.08/07:01:44 solver.py:159 ] Epoch: [78/200][80/282] lr: 3.97e-04 | MSE loss: 7.0478e-03 | time: 0.047
I 06.08/07:01:45 solver.py:159 ] Epoch: [78/200][100/282] lr: 3.96e-04 | MSE loss: 7.3944e-03 | time: 0.047
I 06.08/07:01:46 solver.py:159 ] Epoch: [78/200][120/282] lr: 3.96e-04 | MSE loss: 7.4655e-03 | time: 0.046
I 06.08/07:01:47 solver.py:159 ] Epoch: [78/200][140/282] lr: 3.96e-04 | MSE loss: 7.5971e-03 | time: 0.045
I 06.08/07:01:48 solver.py:159 ] Epoch: [78/200][160/282] lr: 3.96e-04 | MSE loss: 7.8285e-03 | time: 0.045
I 06.08/07:01:49 solver.py:159 ] Epoch: [78/200][180/282] lr: 3.95e-04 | MSE loss: 8.0735e-03 | time: 0.045
I 06.08/07:01:50 solver.py:159 ] Epoch: [78/200][200/282] lr: 3.95e-04 | MSE loss: 8.0750e-03 | time: 0.045
I 06.08/07:01:50 solver.py:159 ] Epoch: [78/200][220/282] lr: 3.95e-04 | MSE loss: 8.0279e-03 | time: 0.045
I 06.08/07:01:51 solver.py:159 ] Epoch: [78/200][240/282] lr: 3.95e-04 | MSE loss: 7.9933e-03 | time: 0.045
I 06.08/07:01:52 solver.py:159 ] Epoch: [78/200][260/282] lr: 3.94e-04 | MSE loss: 8.0366e-03 | time: 0.045
I 06.08/07:01:53 solver.py:159 ] Epoch: [78/200][280/282] lr: 3.94e-04 | MSE loss: 8.1164e-03 | time: 0.045
I 06.08/07:01:53 solver.py:169 ] => Train  Loss: 8.2328e-03

I 06.08/07:01:54 solver.py:405 ] [20/32] loss: 9.3630e-03 | NMSE: -1.6779e+01 | time: 0.041
I 06.08/07:01:54 solver.py:413 ] => Test NMSE: -1.7828e+01

I 06.08/07:01:54 solver.py:345 ] => LoRA monitor [epoch=78] | trainable=163840/163840 | non_lora_trainable=0 | lora_l2=1.285693e+01 | lora_A_l2=4.698761e+00 | lora_B_l2=1.196756e+01 | component_l2=fc_decoder:1.285693e+01 | lora_abs_max=1.749680e-01 | delta_l2=1.270623e+01 | delta_rel=5.515724e+00 | train_loss=8.232774e-03 | test_loss=8.243966e-03 | nmse=-1.782834e+01
I 06.08/07:01:54 solver.py:224 ] 
=! Best NMSE: -1.7828e+01 (epoch=67)

I 06.08/07:01:55 solver.py:159 ] Epoch: [79/200][20/282] lr: 3.94e-04 | MSE loss: 8.3507e-03 | time: 0.045
I 06.08/07:01:56 solver.py:159 ] Epoch: [79/200][40/282] lr: 3.94e-04 | MSE loss: 8.1293e-03 | time: 0.043
I 06.08/07:01:57 solver.py:159 ] Epoch: [79/200][60/282] lr: 3.94e-04 | MSE loss: 7.8714e-03 | time: 0.043
I 06.08/07:01:58 solver.py:159 ] Epoch: [79/200][80/282] lr: 3.93e-04 | MSE loss: 7.6818e-03 | time: 0.043
I 06.08/07:01:59 solver.py:159 ] Epoch: [79/200][100/282] lr: 3.93e-04 | MSE loss: 7.6865e-03 | time: 0.042
I 06.08/07:01:59 solver.py:159 ] Epoch: [79/200][120/282] lr: 3.93e-04 | MSE loss: 7.8116e-03 | time: 0.042
I 06.08/07:02:00 solver.py:159 ] Epoch: [79/200][140/282] lr: 3.93e-04 | MSE loss: 7.8965e-03 | time: 0.043
I 06.08/07:02:02 solver.py:159 ] Epoch: [79/200][160/282] lr: 3.92e-04 | MSE loss: 7.8678e-03 | time: 0.048
I 06.08/07:02:04 solver.py:159 ] Epoch: [79/200][180/282] lr: 3.92e-04 | MSE loss: 7.7056e-03 | time: 0.054
I 06.08/07:02:05 solver.py:159 ] Epoch: [79/200][200/282] lr: 3.92e-04 | MSE loss: 7.9384e-03 | time: 0.054
I 06.08/07:02:06 solver.py:159 ] Epoch: [79/200][220/282] lr: 3.92e-04 | MSE loss: 7.9658e-03 | time: 0.052
I 06.08/07:02:07 solver.py:159 ] Epoch: [79/200][240/282] lr: 3.91e-04 | MSE loss: 7.9441e-03 | time: 0.052
I 06.08/07:02:08 solver.py:159 ] Epoch: [79/200][260/282] lr: 3.91e-04 | MSE loss: 8.0535e-03 | time: 0.051
I 06.08/07:02:09 solver.py:159 ] Epoch: [79/200][280/282] lr: 3.91e-04 | MSE loss: 8.1688e-03 | time: 0.050
I 06.08/07:02:09 solver.py:169 ] => Train  Loss: 8.1426e-03

I 06.08/07:02:10 solver.py:405 ] [20/32] loss: 9.3628e-03 | NMSE: -1.6779e+01 | time: 0.045
I 06.08/07:02:10 solver.py:413 ] => Test NMSE: -1.7828e+01

I 06.08/07:02:10 solver.py:345 ] => LoRA monitor [epoch=79] | trainable=163840/163840 | non_lora_trainable=0 | lora_l2=1.291235e+01 | lora_A_l2=4.707615e+00 | lora_B_l2=1.202361e+01 | component_l2=fc_decoder:1.291235e+01 | lora_abs_max=1.788786e-01 | delta_l2=1.276264e+01 | delta_rel=5.540207e+00 | train_loss=8.142586e-03 | test_loss=8.243930e-03 | nmse=-1.782836e+01
I 06.08/07:02:10 solver.py:224 ] 
=! Best NMSE: -1.7828e+01 (epoch=67)

I 06.08/07:02:11 solver.py:159 ] Epoch: [80/200][20/282] lr: 3.91e-04 | MSE loss: 7.6609e-03 | time: 0.048
I 06.08/07:02:12 solver.py:159 ] Epoch: [80/200][40/282] lr: 3.90e-04 | MSE loss: 7.0485e-03 | time: 0.046
I 06.08/07:02:13 solver.py:159 ] Epoch: [80/200][60/282] lr: 3.90e-04 | MSE loss: 7.7017e-03 | time: 0.044
I 06.08/07:02:14 solver.py:159 ] Epoch: [80/200][80/282] lr: 3.90e-04 | MSE loss: 7.6785e-03 | time: 0.043
I 06.08/07:02:14 solver.py:159 ] Epoch: [80/200][100/282] lr: 3.90e-04 | MSE loss: 7.9734e-03 | time: 0.044
I 06.08/07:02:15 solver.py:159 ] Epoch: [80/200][120/282] lr: 3.89e-04 | MSE loss: 8.1350e-03 | time: 0.044
I 06.08/07:02:16 solver.py:159 ] Epoch: [80/200][140/282] lr: 3.89e-04 | MSE loss: 8.1189e-03 | time: 0.044
I 06.08/07:02:17 solver.py:159 ] Epoch: [80/200][160/282] lr: 3.89e-04 | MSE loss: 8.1278e-03 | time: 0.044
I 06.08/07:02:18 solver.py:159 ] Epoch: [80/200][180/282] lr: 3.89e-04 | MSE loss: 7.8911e-03 | time: 0.044
I 06.08/07:02:19 solver.py:159 ] Epoch: [80/200][200/282] lr: 3.88e-04 | MSE loss: 7.8755e-03 | time: 0.044
I 06.08/07:02:20 solver.py:159 ] Epoch: [80/200][220/282] lr: 3.88e-04 | MSE loss: 7.7840e-03 | time: 0.045
I 06.08/07:02:21 solver.py:159 ] Epoch: [80/200][240/282] lr: 3.88e-04 | MSE loss: 7.9227e-03 | time: 0.046
I 06.08/07:02:22 solver.py:159 ] Epoch: [80/200][260/282] lr: 3.88e-04 | MSE loss: 7.9570e-03 | time: 0.046
I 06.08/07:02:23 solver.py:159 ] Epoch: [80/200][280/282] lr: 3.88e-04 | MSE loss: 8.1659e-03 | time: 0.047
I 06.08/07:02:23 solver.py:169 ] => Train  Loss: 8.1458e-03

I 06.08/07:02:24 solver.py:159 ] Epoch: [80/200][20/32] lr: 3.88e-04 | MSE loss: 9.3630e-03 | time: 0.043
I 06.08/07:02:24 solver.py:169 ] => Val  Loss: 8.0595e-03

I 06.08/07:02:25 solver.py:405 ] [20/32] loss: 9.3630e-03 | NMSE: -1.6779e+01 | time: 0.042
I 06.08/07:02:26 solver.py:413 ] => Test NMSE: -1.7828e+01

I 06.08/07:02:26 solver.py:345 ] => LoRA monitor [epoch=80] | trainable=163840/163840 | non_lora_trainable=0 | lora_l2=1.297304e+01 | lora_A_l2=4.724065e+00 | lora_B_l2=1.208234e+01 | component_l2=fc_decoder:1.297304e+01 | lora_abs_max=1.778817e-01 | delta_l2=1.282385e+01 | delta_rel=5.566779e+00 | train_loss=8.145781e-03 | val_loss=8.059450e-03 | test_loss=8.244126e-03 | nmse=-1.782825e+01
I 06.08/07:02:26 solver.py:224 ] 
=! Best NMSE: -1.7828e+01 (epoch=67)

I 06.08/07:02:27 solver.py:159 ] Epoch: [81/200][20/282] lr: 3.87e-04 | MSE loss: 5.9099e-03 | time: 0.047
I 06.08/07:02:28 solver.py:159 ] Epoch: [81/200][40/282] lr: 3.87e-04 | MSE loss: 7.4549e-03 | time: 0.046
I 06.08/07:02:29 solver.py:159 ] Epoch: [81/200][60/282] lr: 3.87e-04 | MSE loss: 7.4301e-03 | time: 0.045
I 06.08/07:02:29 solver.py:159 ] Epoch: [81/200][80/282] lr: 3.87e-04 | MSE loss: 7.7814e-03 | time: 0.044
I 06.08/07:02:30 solver.py:159 ] Epoch: [81/200][100/282] lr: 3.86e-04 | MSE loss: 7.9125e-03 | time: 0.045
I 06.08/07:02:31 solver.py:159 ] Epoch: [81/200][120/282] lr: 3.86e-04 | MSE loss: 7.9540e-03 | time: 0.045
I 06.08/07:02:32 solver.py:159 ] Epoch: [81/200][140/282] lr: 3.86e-04 | MSE loss: 7.8700e-03 | time: 0.046
I 06.08/07:02:33 solver.py:159 ] Epoch: [81/200][160/282] lr: 3.86e-04 | MSE loss: 8.1435e-03 | time: 0.046
I 06.08/07:02:34 solver.py:159 ] Epoch: [81/200][180/282] lr: 3.85e-04 | MSE loss: 8.1152e-03 | time: 0.047
I 06.08/07:02:35 solver.py:159 ] Epoch: [81/200][200/282] lr: 3.85e-04 | MSE loss: 8.0701e-03 | time: 0.046
I 06.08/07:02:36 solver.py:159 ] Epoch: [81/200][220/282] lr: 3.85e-04 | MSE loss: 8.0111e-03 | time: 0.046
I 06.08/07:02:37 solver.py:159 ] Epoch: [81/200][240/282] lr: 3.85e-04 | MSE loss: 8.3149e-03 | time: 0.046
I 06.08/07:02:38 solver.py:159 ] Epoch: [81/200][260/282] lr: 3.84e-04 | MSE loss: 8.2770e-03 | time: 0.045
I 06.08/07:02:39 solver.py:159 ] Epoch: [81/200][280/282] lr: 3.84e-04 | MSE loss: 8.1652e-03 | time: 0.045
I 06.08/07:02:39 solver.py:169 ] => Train  Loss: 8.1579e-03

I 06.08/07:02:40 solver.py:405 ] [20/32] loss: 9.3631e-03 | NMSE: -1.6779e+01 | time: 0.044
I 06.08/07:02:40 solver.py:413 ] => Test NMSE: -1.7828e+01

I 06.08/07:02:40 solver.py:345 ] => LoRA monitor [epoch=81] | trainable=163840/163840 | non_lora_trainable=0 | lora_l2=1.303170e+01 | lora_A_l2=4.736873e+00 | lora_B_l2=1.214032e+01 | component_l2=fc_decoder:1.303170e+01 | lora_abs_max=1.805894e-01 | delta_l2=1.288316e+01 | delta_rel=5.592524e+00 | train_loss=8.157907e-03 | test_loss=8.243951e-03 | nmse=-1.782835e+01
I 06.08/07:02:40 solver.py:224 ] 
=! Best NMSE: -1.7828e+01 (epoch=67)

I 06.08/07:02:41 solver.py:159 ] Epoch: [82/200][20/282] lr: 3.84e-04 | MSE loss: 8.8472e-03 | time: 0.043
I 06.08/07:02:42 solver.py:159 ] Epoch: [82/200][40/282] lr: 3.84e-04 | MSE loss: 7.9377e-03 | time: 0.049
I 06.08/07:02:43 solver.py:159 ] Epoch: [82/200][60/282] lr: 3.83e-04 | MSE loss: 8.3856e-03 | time: 0.047
I 06.08/07:02:44 solver.py:159 ] Epoch: [82/200][80/282] lr: 3.83e-04 | MSE loss: 8.2029e-03 | time: 0.046
I 06.08/07:02:45 solver.py:159 ] Epoch: [82/200][100/282] lr: 3.83e-04 | MSE loss: 8.6955e-03 | time: 0.045
I 06.08/07:02:46 solver.py:159 ] Epoch: [82/200][120/282] lr: 3.83e-04 | MSE loss: 8.3309e-03 | time: 0.045
I 06.08/07:02:46 solver.py:159 ] Epoch: [82/200][140/282] lr: 3.82e-04 | MSE loss: 8.1903e-03 | time: 0.045
I 06.08/07:02:47 solver.py:159 ] Epoch: [82/200][160/282] lr: 3.82e-04 | MSE loss: 8.2069e-03 | time: 0.045
I 06.08/07:02:48 solver.py:159 ] Epoch: [82/200][180/282] lr: 3.82e-04 | MSE loss: 8.3466e-03 | time: 0.045
I 06.08/07:02:49 solver.py:159 ] Epoch: [82/200][200/282] lr: 3.82e-04 | MSE loss: 8.1510e-03 | time: 0.045
I 06.08/07:02:50 solver.py:159 ] Epoch: [82/200][220/282] lr: 3.81e-04 | MSE loss: 8.2142e-03 | time: 0.044
I 06.08/07:02:51 solver.py:159 ] Epoch: [82/200][240/282] lr: 3.81e-04 | MSE loss: 8.0332e-03 | time: 0.044
I 06.08/07:02:52 solver.py:159 ] Epoch: [82/200][260/282] lr: 3.81e-04 | MSE loss: 7.9936e-03 | time: 0.044
I 06.08/07:02:53 solver.py:159 ] Epoch: [82/200][280/282] lr: 3.81e-04 | MSE loss: 8.1769e-03 | time: 0.044
I 06.08/07:02:53 solver.py:169 ] => Train  Loss: 8.1452e-03

I 06.08/07:02:54 solver.py:405 ] [20/32] loss: 9.3634e-03 | NMSE: -1.6778e+01 | time: 0.045
I 06.08/07:02:54 solver.py:413 ] => Test NMSE: -1.7828e+01

I 06.08/07:02:54 solver.py:345 ] => LoRA monitor [epoch=82] | trainable=163840/163840 | non_lora_trainable=0 | lora_l2=1.309166e+01 | lora_A_l2=4.752229e+00 | lora_B_l2=1.219869e+01 | component_l2=fc_decoder:1.309166e+01 | lora_abs_max=1.812037e-01 | delta_l2=1.294367e+01 | delta_rel=5.618795e+00 | train_loss=8.145160e-03 | test_loss=8.244066e-03 | nmse=-1.782829e+01
I 06.08/07:02:54 solver.py:224 ] 
=! Best NMSE: -1.7828e+01 (epoch=67)

I 06.08/07:02:55 solver.py:159 ] Epoch: [83/200][20/282] lr: 3.80e-04 | MSE loss: 6.9506e-03 | time: 0.054
I 06.08/07:02:56 solver.py:159 ] Epoch: [83/200][40/282] lr: 3.80e-04 | MSE loss: 7.2548e-03 | time: 0.048
I 06.08/07:02:57 solver.py:159 ] Epoch: [83/200][60/282] lr: 3.80e-04 | MSE loss: 7.5162e-03 | time: 0.047
I 06.08/07:02:58 solver.py:159 ] Epoch: [83/200][80/282] lr: 3.80e-04 | MSE loss: 7.6206e-03 | time: 0.047
I 06.08/07:02:59 solver.py:159 ] Epoch: [83/200][100/282] lr: 3.79e-04 | MSE loss: 7.7086e-03 | time: 0.047
I 06.08/07:03:00 solver.py:159 ] Epoch: [83/200][120/282] lr: 3.79e-04 | MSE loss: 7.6662e-03 | time: 0.046
I 06.08/07:03:01 solver.py:159 ] Epoch: [83/200][140/282] lr: 3.79e-04 | MSE loss: 7.6743e-03 | time: 0.048
I 06.08/07:03:03 solver.py:159 ] Epoch: [83/200][160/282] lr: 3.79e-04 | MSE loss: 7.8444e-03 | time: 0.057
I 06.08/07:03:05 solver.py:159 ] Epoch: [83/200][180/282] lr: 3.78e-04 | MSE loss: 8.1093e-03 | time: 0.059
I 06.08/07:03:05 solver.py:159 ] Epoch: [83/200][200/282] lr: 3.78e-04 | MSE loss: 8.1870e-03 | time: 0.057
I 06.08/07:03:06 solver.py:159 ] Epoch: [83/200][220/282] lr: 3.78e-04 | MSE loss: 8.0033e-03 | time: 0.056
I 06.08/07:03:07 solver.py:159 ] Epoch: [83/200][240/282] lr: 3.78e-04 | MSE loss: 7.9855e-03 | time: 0.055
I 06.08/07:03:08 solver.py:159 ] Epoch: [83/200][260/282] lr: 3.77e-04 | MSE loss: 8.2042e-03 | time: 0.055
I 06.08/07:03:09 solver.py:159 ] Epoch: [83/200][280/282] lr: 3.77e-04 | MSE loss: 8.1808e-03 | time: 0.054
I 06.08/07:03:09 solver.py:169 ] => Train  Loss: 8.1445e-03

I 06.08/07:03:10 solver.py:405 ] [20/32] loss: 9.3629e-03 | NMSE: -1.6779e+01 | time: 0.039
I 06.08/07:03:11 solver.py:413 ] => Test NMSE: -1.7828e+01

I 06.08/07:03:11 solver.py:345 ] => LoRA monitor [epoch=83] | trainable=163840/163840 | non_lora_trainable=0 | lora_l2=1.314980e+01 | lora_A_l2=4.766164e+00 | lora_B_l2=1.225565e+01 | component_l2=fc_decoder:1.314980e+01 | lora_abs_max=1.834796e-01 | delta_l2=1.300276e+01 | delta_rel=5.644444e+00 | train_loss=8.144518e-03 | test_loss=8.243981e-03 | nmse=-1.782833e+01
I 06.08/07:03:11 solver.py:224 ] 
=! Best NMSE: -1.7828e+01 (epoch=67)

I 06.08/07:03:11 solver.py:159 ] Epoch: [84/200][20/282] lr: 3.77e-04 | MSE loss: 8.5514e-03 | time: 0.044
I 06.08/07:03:12 solver.py:159 ] Epoch: [84/200][40/282] lr: 3.77e-04 | MSE loss: 8.2314e-03 | time: 0.043
I 06.08/07:03:13 solver.py:159 ] Epoch: [84/200][60/282] lr: 3.76e-04 | MSE loss: 7.8261e-03 | time: 0.044
I 06.08/07:03:14 solver.py:159 ] Epoch: [84/200][80/282] lr: 3.76e-04 | MSE loss: 7.9387e-03 | time: 0.043
I 06.08/07:03:15 solver.py:159 ] Epoch: [84/200][100/282] lr: 3.76e-04 | MSE loss: 8.2247e-03 | time: 0.044
I 06.08/07:03:16 solver.py:159 ] Epoch: [84/200][120/282] lr: 3.76e-04 | MSE loss: 8.1422e-03 | time: 0.045
I 06.08/07:03:17 solver.py:159 ] Epoch: [84/200][140/282] lr: 3.75e-04 | MSE loss: 8.4314e-03 | time: 0.044
I 06.08/07:03:18 solver.py:159 ] Epoch: [84/200][160/282] lr: 3.75e-04 | MSE loss: 8.0217e-03 | time: 0.044
I 06.08/07:03:18 solver.py:159 ] Epoch: [84/200][180/282] lr: 3.75e-04 | MSE loss: 8.3196e-03 | time: 0.044
I 06.08/07:03:19 solver.py:159 ] Epoch: [84/200][200/282] lr: 3.75e-04 | MSE loss: 8.3594e-03 | time: 0.044
I 06.08/07:03:20 solver.py:159 ] Epoch: [84/200][220/282] lr: 3.74e-04 | MSE loss: 8.1279e-03 | time: 0.044
I 06.08/07:03:21 solver.py:159 ] Epoch: [84/200][240/282] lr: 3.74e-04 | MSE loss: 8.3425e-03 | time: 0.044
I 06.08/07:03:22 solver.py:159 ] Epoch: [84/200][260/282] lr: 3.74e-04 | MSE loss: 8.3007e-03 | time: 0.044
I 06.08/07:03:23 solver.py:159 ] Epoch: [84/200][280/282] lr: 3.74e-04 | MSE loss: 8.1281e-03 | time: 0.044
I 06.08/07:03:23 solver.py:169 ] => Train  Loss: 8.1624e-03

I 06.08/07:03:24 solver.py:405 ] [20/32] loss: 9.3626e-03 | NMSE: -1.6779e+01 | time: 0.041
I 06.08/07:03:24 solver.py:413 ] => Test NMSE: -1.7829e+01

I 06.08/07:03:24 solver.py:345 ] => LoRA monitor [epoch=84] | trainable=163840/163840 | non_lora_trainable=0 | lora_l2=1.321273e+01 | lora_A_l2=4.783843e+00 | lora_B_l2=1.231630e+01 | component_l2=fc_decoder:1.321273e+01 | lora_abs_max=1.823407e-01 | delta_l2=1.306609e+01 | delta_rel=5.671937e+00 | train_loss=8.162429e-03 | test_loss=8.243602e-03 | nmse=-1.782853e+01
I 06.08/07:03:25 solver.py:224 ] 
=! Best NMSE: -1.7829e+01 (epoch=84)

I 06.08/07:03:26 solver.py:159 ] Epoch: [85/200][20/282] lr: 3.73e-04 | MSE loss: 8.3361e-03 | time: 0.044
I 06.08/07:03:26 solver.py:159 ] Epoch: [85/200][40/282] lr: 3.73e-04 | MSE loss: 8.8684e-03 | time: 0.043
I 06.08/07:03:27 solver.py:159 ] Epoch: [85/200][60/282] lr: 3.73e-04 | MSE loss: 7.9106e-03 | time: 0.042
I 06.08/07:03:28 solver.py:159 ] Epoch: [85/200][80/282] lr: 3.73e-04 | MSE loss: 7.7715e-03 | time: 0.043
I 06.08/07:03:29 solver.py:159 ] Epoch: [85/200][100/282] lr: 3.72e-04 | MSE loss: 8.1629e-03 | time: 0.043
I 06.08/07:03:30 solver.py:159 ] Epoch: [85/200][120/282] lr: 3.72e-04 | MSE loss: 7.8855e-03 | time: 0.043
I 06.08/07:03:31 solver.py:159 ] Epoch: [85/200][140/282] lr: 3.72e-04 | MSE loss: 7.8568e-03 | time: 0.044
I 06.08/07:03:32 solver.py:159 ] Epoch: [85/200][160/282] lr: 3.72e-04 | MSE loss: 8.0506e-03 | time: 0.045
I 06.08/07:03:33 solver.py:159 ] Epoch: [85/200][180/282] lr: 3.71e-04 | MSE loss: 8.1458e-03 | time: 0.044
I 06.08/07:03:34 solver.py:159 ] Epoch: [85/200][200/282] lr: 3.71e-04 | MSE loss: 8.1135e-03 | time: 0.045
I 06.08/07:03:34 solver.py:159 ] Epoch: [85/200][220/282] lr: 3.71e-04 | MSE loss: 8.0126e-03 | time: 0.044
I 06.08/07:03:35 solver.py:159 ] Epoch: [85/200][240/282] lr: 3.71e-04 | MSE loss: 7.9983e-03 | time: 0.044
I 06.08/07:03:36 solver.py:159 ] Epoch: [85/200][260/282] lr: 3.70e-04 | MSE loss: 8.0569e-03 | time: 0.044
I 06.08/07:03:37 solver.py:159 ] Epoch: [85/200][280/282] lr: 3.70e-04 | MSE loss: 8.1359e-03 | time: 0.044
I 06.08/07:03:37 solver.py:169 ] => Train  Loss: 8.1440e-03

I 06.08/07:03:38 solver.py:405 ] [20/32] loss: 9.3632e-03 | NMSE: -1.6779e+01 | time: 0.037
I 06.08/07:03:38 solver.py:413 ] => Test NMSE: -1.7828e+01

I 06.08/07:03:38 solver.py:345 ] => LoRA monitor [epoch=85] | trainable=163840/163840 | non_lora_trainable=0 | lora_l2=1.327140e+01 | lora_A_l2=4.797553e+00 | lora_B_l2=1.237391e+01 | component_l2=fc_decoder:1.327140e+01 | lora_abs_max=1.841602e-01 | delta_l2=1.312596e+01 | delta_rel=5.697923e+00 | train_loss=8.143963e-03 | test_loss=8.244081e-03 | nmse=-1.782828e+01
I 06.08/07:03:38 solver.py:224 ] 
=! Best NMSE: -1.7829e+01 (epoch=84)

I 06.08/07:03:39 solver.py:159 ] Epoch: [86/200][20/282] lr: 3.70e-04 | MSE loss: 8.6443e-03 | time: 0.043
I 06.08/07:03:40 solver.py:159 ] Epoch: [86/200][40/282] lr: 3.70e-04 | MSE loss: 8.1727e-03 | time: 0.040
I 06.08/07:03:41 solver.py:159 ] Epoch: [86/200][60/282] lr: 3.69e-04 | MSE loss: 8.4892e-03 | time: 0.043
I 06.08/07:03:42 solver.py:159 ] Epoch: [86/200][80/282] lr: 3.69e-04 | MSE loss: 8.1727e-03 | time: 0.045
I 06.08/07:03:43 solver.py:159 ] Epoch: [86/200][100/282] lr: 3.69e-04 | MSE loss: 8.7109e-03 | time: 0.046
I 06.08/07:03:44 solver.py:159 ] Epoch: [86/200][120/282] lr: 3.69e-04 | MSE loss: 8.5025e-03 | time: 0.045
I 06.08/07:03:45 solver.py:159 ] Epoch: [86/200][140/282] lr: 3.68e-04 | MSE loss: 8.4476e-03 | time: 0.045
I 06.08/07:03:45 solver.py:159 ] Epoch: [86/200][160/282] lr: 3.68e-04 | MSE loss: 8.5075e-03 | time: 0.044
I 06.08/07:03:46 solver.py:159 ] Epoch: [86/200][180/282] lr: 3.68e-04 | MSE loss: 8.1909e-03 | time: 0.045
I 06.08/07:03:47 solver.py:159 ] Epoch: [86/200][200/282] lr: 3.68e-04 | MSE loss: 8.2776e-03 | time: 0.044
I 06.08/07:03:48 solver.py:159 ] Epoch: [86/200][220/282] lr: 3.67e-04 | MSE loss: 8.1509e-03 | time: 0.045
I 06.08/07:03:49 solver.py:159 ] Epoch: [86/200][240/282] lr: 3.67e-04 | MSE loss: 8.1035e-03 | time: 0.045
I 06.08/07:03:50 solver.py:159 ] Epoch: [86/200][260/282] lr: 3.67e-04 | MSE loss: 8.0788e-03 | time: 0.045
I 06.08/07:03:51 solver.py:159 ] Epoch: [86/200][280/282] lr: 3.67e-04 | MSE loss: 8.1298e-03 | time: 0.044
I 06.08/07:03:51 solver.py:169 ] => Train  Loss: 8.1424e-03

I 06.08/07:03:52 solver.py:405 ] [20/32] loss: 9.3627e-03 | NMSE: -1.6779e+01 | time: 0.040
I 06.08/07:03:52 solver.py:413 ] => Test NMSE: -1.7829e+01

I 06.08/07:03:52 solver.py:345 ] => LoRA monitor [epoch=86] | trainable=163840/163840 | non_lora_trainable=0 | lora_l2=1.332848e+01 | lora_A_l2=4.811502e+00 | lora_B_l2=1.242971e+01 | component_l2=fc_decoder:1.332848e+01 | lora_abs_max=1.847911e-01 | delta_l2=1.318459e+01 | delta_rel=5.723375e+00 | train_loss=8.142448e-03 | test_loss=8.243655e-03 | nmse=-1.782850e+01
I 06.08/07:03:52 solver.py:224 ] 
=! Best NMSE: -1.7829e+01 (epoch=84)

I 06.08/07:03:53 solver.py:159 ] Epoch: [87/200][20/282] lr: 3.66e-04 | MSE loss: 8.3841e-03 | time: 0.045
I 06.08/07:03:54 solver.py:159 ] Epoch: [87/200][40/282] lr: 3.66e-04 | MSE loss: 8.2146e-03 | time: 0.043
I 06.08/07:03:55 solver.py:159 ] Epoch: [87/200][60/282] lr: 3.66e-04 | MSE loss: 7.7686e-03 | time: 0.044
I 06.08/07:03:56 solver.py:159 ] Epoch: [87/200][80/282] lr: 3.65e-04 | MSE loss: 8.0603e-03 | time: 0.045
I 06.08/07:03:57 solver.py:159 ] Epoch: [87/200][100/282] lr: 3.65e-04 | MSE loss: 8.0239e-03 | time: 0.044
I 06.08/07:03:57 solver.py:159 ] Epoch: [87/200][120/282] lr: 3.65e-04 | MSE loss: 8.6297e-03 | time: 0.044
I 06.08/07:03:58 solver.py:159 ] Epoch: [87/200][140/282] lr: 3.65e-04 | MSE loss: 8.7873e-03 | time: 0.044
I 06.08/07:03:59 solver.py:159 ] Epoch: [87/200][160/282] lr: 3.64e-04 | MSE loss: 8.7216e-03 | time: 0.045
I 06.08/07:04:00 solver.py:159 ] Epoch: [87/200][180/282] lr: 3.64e-04 | MSE loss: 8.4266e-03 | time: 0.046
I 06.08/07:04:02 solver.py:159 ] Epoch: [87/200][200/282] lr: 3.64e-04 | MSE loss: 8.7146e-03 | time: 0.050
I 06.08/07:04:04 solver.py:159 ] Epoch: [87/200][220/282] lr: 3.64e-04 | MSE loss: 8.6250e-03 | time: 0.056
I 06.08/07:04:06 solver.py:159 ] Epoch: [87/200][240/282] lr: 3.63e-04 | MSE loss: 8.4844e-03 | time: 0.056
I 06.08/07:04:07 solver.py:159 ] Epoch: [87/200][260/282] lr: 3.63e-04 | MSE loss: 8.2415e-03 | time: 0.056
I 06.08/07:04:08 solver.py:159 ] Epoch: [87/200][280/282] lr: 3.63e-04 | MSE loss: 8.1400e-03 | time: 0.055
I 06.08/07:04:08 solver.py:169 ] => Train  Loss: 8.1435e-03

I 06.08/07:04:09 solver.py:405 ] [20/32] loss: 9.3629e-03 | NMSE: -1.6779e+01 | time: 0.045
I 06.08/07:04:09 solver.py:413 ] => Test NMSE: -1.7828e+01

I 06.08/07:04:09 solver.py:345 ] => LoRA monitor [epoch=87] | trainable=163840/163840 | non_lora_trainable=0 | lora_l2=1.338488e+01 | lora_A_l2=4.830587e+00 | lora_B_l2=1.248281e+01 | component_l2=fc_decoder:1.338488e+01 | lora_abs_max=1.867690e-01 | delta_l2=1.324143e+01 | delta_rel=5.748051e+00 | train_loss=8.143467e-03 | test_loss=8.243704e-03 | nmse=-1.782848e+01
I 06.08/07:04:09 solver.py:224 ] 
=! Best NMSE: -1.7829e+01 (epoch=84)

I 06.08/07:04:10 solver.py:159 ] Epoch: [88/200][20/282] lr: 3.63e-04 | MSE loss: 6.7637e-03 | time: 0.048
I 06.08/07:04:11 solver.py:159 ] Epoch: [88/200][40/282] lr: 3.62e-04 | MSE loss: 7.6443e-03 | time: 0.047
I 06.08/07:04:12 solver.py:159 ] Epoch: [88/200][60/282] lr: 3.62e-04 | MSE loss: 8.1834e-03 | time: 0.047
I 06.08/07:04:13 solver.py:159 ] Epoch: [88/200][80/282] lr: 3.62e-04 | MSE loss: 8.3037e-03 | time: 0.046
I 06.08/07:04:14 solver.py:159 ] Epoch: [88/200][100/282] lr: 3.62e-04 | MSE loss: 8.1414e-03 | time: 0.046
I 06.08/07:04:15 solver.py:159 ] Epoch: [88/200][120/282] lr: 3.61e-04 | MSE loss: 8.3614e-03 | time: 0.045
I 06.08/07:04:16 solver.py:159 ] Epoch: [88/200][140/282] lr: 3.61e-04 | MSE loss: 8.4175e-03 | time: 0.046
I 06.08/07:04:16 solver.py:159 ] Epoch: [88/200][160/282] lr: 3.61e-04 | MSE loss: 8.2062e-03 | time: 0.045
I 06.08/07:04:17 solver.py:159 ] Epoch: [88/200][180/282] lr: 3.61e-04 | MSE loss: 8.1899e-03 | time: 0.046
I 06.08/07:04:18 solver.py:159 ] Epoch: [88/200][200/282] lr: 3.60e-04 | MSE loss: 8.1642e-03 | time: 0.046
I 06.08/07:04:19 solver.py:159 ] Epoch: [88/200][220/282] lr: 3.60e-04 | MSE loss: 8.2958e-03 | time: 0.046
I 06.08/07:04:20 solver.py:159 ] Epoch: [88/200][240/282] lr: 3.60e-04 | MSE loss: 8.1468e-03 | time: 0.046
I 06.08/07:04:21 solver.py:159 ] Epoch: [88/200][260/282] lr: 3.60e-04 | MSE loss: 8.0339e-03 | time: 0.046
I 06.08/07:04:22 solver.py:159 ] Epoch: [88/200][280/282] lr: 3.59e-04 | MSE loss: 8.1756e-03 | time: 0.046
I 06.08/07:04:22 solver.py:169 ] => Train  Loss: 8.1557e-03

I 06.08/07:04:23 solver.py:405 ] [20/32] loss: 9.3629e-03 | NMSE: -1.6779e+01 | time: 0.046
I 06.08/07:04:23 solver.py:413 ] => Test NMSE: -1.7828e+01

I 06.08/07:04:23 solver.py:345 ] => LoRA monitor [epoch=88] | trainable=163840/163840 | non_lora_trainable=0 | lora_l2=1.343105e+01 | lora_A_l2=4.845080e+00 | lora_B_l2=1.252671e+01 | component_l2=fc_decoder:1.343105e+01 | lora_abs_max=1.857395e-01 | delta_l2=1.328752e+01 | delta_rel=5.768057e+00 | train_loss=8.155741e-03 | test_loss=8.243909e-03 | nmse=-1.782837e+01
I 06.08/07:04:23 solver.py:224 ] 
=! Best NMSE: -1.7829e+01 (epoch=84)

I 06.08/07:04:24 solver.py:159 ] Epoch: [89/200][20/282] lr: 3.59e-04 | MSE loss: 9.2127e-03 | time: 0.049
I 06.08/07:04:25 solver.py:159 ] Epoch: [89/200][40/282] lr: 3.59e-04 | MSE loss: 7.7812e-03 | time: 0.046
I 06.08/07:04:26 solver.py:159 ] Epoch: [89/200][60/282] lr: 3.59e-04 | MSE loss: 8.0216e-03 | time: 0.045
I 06.08/07:04:27 solver.py:159 ] Epoch: [89/200][80/282] lr: 3.58e-04 | MSE loss: 8.4623e-03 | time: 0.044
I 06.08/07:04:28 solver.py:159 ] Epoch: [89/200][100/282] lr: 3.58e-04 | MSE loss: 8.5081e-03 | time: 0.044
I 06.08/07:04:29 solver.py:159 ] Epoch: [89/200][120/282] lr: 3.58e-04 | MSE loss: 8.4703e-03 | time: 0.044
I 06.08/07:04:30 solver.py:159 ] Epoch: [89/200][140/282] lr: 3.57e-04 | MSE loss: 8.3452e-03 | time: 0.044
I 06.08/07:04:31 solver.py:159 ] Epoch: [89/200][160/282] lr: 3.57e-04 | MSE loss: 8.2921e-03 | time: 0.044
I 06.08/07:04:32 solver.py:159 ] Epoch: [89/200][180/282] lr: 3.57e-04 | MSE loss: 8.2171e-03 | time: 0.045
I 06.08/07:04:33 solver.py:159 ] Epoch: [89/200][200/282] lr: 3.57e-04 | MSE loss: 8.3904e-03 | time: 0.046
I 06.08/07:04:33 solver.py:159 ] Epoch: [89/200][220/282] lr: 3.56e-04 | MSE loss: 8.2799e-03 | time: 0.045
I 06.08/07:04:34 solver.py:159 ] Epoch: [89/200][240/282] lr: 3.56e-04 | MSE loss: 8.2191e-03 | time: 0.045
I 06.08/07:04:35 solver.py:159 ] Epoch: [89/200][260/282] lr: 3.56e-04 | MSE loss: 8.1776e-03 | time: 0.045
I 06.08/07:04:36 solver.py:159 ] Epoch: [89/200][280/282] lr: 3.56e-04 | MSE loss: 8.1611e-03 | time: 0.044
I 06.08/07:04:36 solver.py:169 ] => Train  Loss: 8.2385e-03

I 06.08/07:04:37 solver.py:405 ] [20/32] loss: 9.3628e-03 | NMSE: -1.6779e+01 | time: 0.037
I 06.08/07:04:37 solver.py:413 ] => Test NMSE: -1.7828e+01

I 06.08/07:04:37 solver.py:345 ] => LoRA monitor [epoch=89] | trainable=163840/163840 | non_lora_trainable=0 | lora_l2=1.348865e+01 | lora_A_l2=4.863807e+00 | lora_B_l2=1.258122e+01 | component_l2=fc_decoder:1.348865e+01 | lora_abs_max=1.876570e-01 | delta_l2=1.334596e+01 | delta_rel=5.793427e+00 | train_loss=8.238501e-03 | test_loss=8.243675e-03 | nmse=-1.782849e+01
I 06.08/07:04:37 solver.py:224 ] 
=! Best NMSE: -1.7829e+01 (epoch=84)

I 06.08/07:04:38 solver.py:159 ] Epoch: [90/200][20/282] lr: 3.55e-04 | MSE loss: 7.2216e-03 | time: 0.040
I 06.08/07:04:39 solver.py:159 ] Epoch: [90/200][40/282] lr: 3.55e-04 | MSE loss: 8.0815e-03 | time: 0.039
I 06.08/07:04:40 solver.py:159 ] Epoch: [90/200][60/282] lr: 3.55e-04 | MSE loss: 7.5059e-03 | time: 0.041
I 06.08/07:04:41 solver.py:159 ] Epoch: [90/200][80/282] lr: 3.55e-04 | MSE loss: 7.6871e-03 | time: 0.044
I 06.08/07:04:41 solver.py:159 ] Epoch: [90/200][100/282] lr: 3.54e-04 | MSE loss: 8.3239e-03 | time: 0.043
I 06.08/07:04:42 solver.py:159 ] Epoch: [90/200][120/282] lr: 3.54e-04 | MSE loss: 7.9403e-03 | time: 0.043
I 06.08/07:04:43 solver.py:159 ] Epoch: [90/200][140/282] lr: 3.54e-04 | MSE loss: 8.0827e-03 | time: 0.044
I 06.08/07:04:44 solver.py:159 ] Epoch: [90/200][160/282] lr: 3.54e-04 | MSE loss: 8.2408e-03 | time: 0.044
I 06.08/07:04:45 solver.py:159 ] Epoch: [90/200][180/282] lr: 3.53e-04 | MSE loss: 8.2089e-03 | time: 0.044
I 06.08/07:04:46 solver.py:159 ] Epoch: [90/200][200/282] lr: 3.53e-04 | MSE loss: 8.2099e-03 | time: 0.044
I 06.08/07:04:47 solver.py:159 ] Epoch: [90/200][220/282] lr: 3.53e-04 | MSE loss: 8.1110e-03 | time: 0.044
I 06.08/07:04:47 solver.py:159 ] Epoch: [90/200][240/282] lr: 3.53e-04 | MSE loss: 8.0476e-03 | time: 0.043
I 06.08/07:04:48 solver.py:159 ] Epoch: [90/200][260/282] lr: 3.52e-04 | MSE loss: 8.1450e-03 | time: 0.043
I 06.08/07:04:49 solver.py:159 ] Epoch: [90/200][280/282] lr: 3.52e-04 | MSE loss: 8.1800e-03 | time: 0.043
I 06.08/07:04:49 solver.py:169 ] => Train  Loss: 8.1439e-03

I 06.08/07:04:50 solver.py:159 ] Epoch: [90/200][20/32] lr: 3.52e-04 | MSE loss: 9.3630e-03 | time: 0.049
I 06.08/07:04:51 solver.py:169 ] => Val  Loss: 8.0591e-03

I 06.08/07:04:52 solver.py:405 ] [20/32] loss: 9.3630e-03 | NMSE: -1.6779e+01 | time: 0.054
I 06.08/07:04:52 solver.py:413 ] => Test NMSE: -1.7828e+01

I 06.08/07:04:52 solver.py:345 ] => LoRA monitor [epoch=90] | trainable=163840/163840 | non_lora_trainable=0 | lora_l2=1.352640e+01 | lora_A_l2=4.871286e+00 | lora_B_l2=1.261880e+01 | component_l2=fc_decoder:1.352640e+01 | lora_abs_max=1.889552e-01 | delta_l2=1.338390e+01 | delta_rel=5.809897e+00 | train_loss=8.143859e-03 | val_loss=8.059142e-03 | test_loss=8.243814e-03 | nmse=-1.782842e+01
I 06.08/07:04:52 solver.py:224 ] 
=! Best NMSE: -1.7829e+01 (epoch=84)

I 06.08/07:04:53 solver.py:159 ] Epoch: [91/200][20/282] lr: 3.52e-04 | MSE loss: 1.0372e-02 | time: 0.049
I 06.08/07:04:54 solver.py:159 ] Epoch: [91/200][40/282] lr: 3.51e-04 | MSE loss: 8.4263e-03 | time: 0.051
I 06.08/07:04:55 solver.py:159 ] Epoch: [91/200][60/282] lr: 3.51e-04 | MSE loss: 8.2500e-03 | time: 0.048
I 06.08/07:04:56 solver.py:159 ] Epoch: [91/200][80/282] lr: 3.51e-04 | MSE loss: 8.0222e-03 | time: 0.047
I 06.08/07:04:57 solver.py:159 ] Epoch: [91/200][100/282] lr: 3.51e-04 | MSE loss: 7.8460e-03 | time: 0.046
I 06.08/07:04:58 solver.py:159 ] Epoch: [91/200][120/282] lr: 3.50e-04 | MSE loss: 7.7348e-03 | time: 0.045
I 06.08/07:04:58 solver.py:159 ] Epoch: [91/200][140/282] lr: 3.50e-04 | MSE loss: 7.8380e-03 | time: 0.045
I 06.08/07:04:59 solver.py:159 ] Epoch: [91/200][160/282] lr: 3.50e-04 | MSE loss: 7.7255e-03 | time: 0.045
I 06.08/07:05:01 solver.py:159 ] Epoch: [91/200][180/282] lr: 3.50e-04 | MSE loss: 8.0242e-03 | time: 0.047
I 06.08/07:05:02 solver.py:159 ] Epoch: [91/200][200/282] lr: 3.49e-04 | MSE loss: 8.1165e-03 | time: 0.051
I 06.08/07:05:05 solver.py:159 ] Epoch: [91/200][220/282] lr: 3.49e-04 | MSE loss: 8.3792e-03 | time: 0.057
I 06.08/07:05:06 solver.py:159 ] Epoch: [91/200][240/282] lr: 3.49e-04 | MSE loss: 8.4493e-03 | time: 0.055
I 06.08/07:05:06 solver.py:159 ] Epoch: [91/200][260/282] lr: 3.49e-04 | MSE loss: 8.3672e-03 | time: 0.055
I 06.08/07:05:07 solver.py:159 ] Epoch: [91/200][280/282] lr: 3.48e-04 | MSE loss: 8.1800e-03 | time: 0.054
I 06.08/07:05:07 solver.py:169 ] => Train  Loss: 8.1560e-03

I 06.08/07:05:09 solver.py:405 ] [20/32] loss: 9.3630e-03 | NMSE: -1.6779e+01 | time: 0.058
I 06.08/07:05:09 solver.py:413 ] => Test NMSE: -1.7828e+01

I 06.08/07:05:09 solver.py:345 ] => LoRA monitor [epoch=91] | trainable=163840/163840 | non_lora_trainable=0 | lora_l2=1.359377e+01 | lora_A_l2=4.892363e+00 | lora_B_l2=1.268288e+01 | component_l2=fc_decoder:1.359377e+01 | lora_abs_max=1.886269e-01 | delta_l2=1.345206e+01 | delta_rel=5.839481e+00 | train_loss=8.155975e-03 | test_loss=8.243980e-03 | nmse=-1.782833e+01
I 06.08/07:05:09 solver.py:224 ] 
=! Best NMSE: -1.7829e+01 (epoch=84)

I 06.08/07:05:10 solver.py:159 ] Epoch: [92/200][20/282] lr: 3.48e-04 | MSE loss: 9.5633e-03 | time: 0.051
I 06.08/07:05:11 solver.py:159 ] Epoch: [92/200][40/282] lr: 3.48e-04 | MSE loss: 9.9951e-03 | time: 0.049
I 06.08/07:05:12 solver.py:159 ] Epoch: [92/200][60/282] lr: 3.47e-04 | MSE loss: 9.8154e-03 | time: 0.048
I 06.08/07:05:13 solver.py:159 ] Epoch: [92/200][80/282] lr: 3.47e-04 | MSE loss: 9.6403e-03 | time: 0.049
I 06.08/07:05:14 solver.py:159 ] Epoch: [92/200][100/282] lr: 3.47e-04 | MSE loss: 9.6890e-03 | time: 0.048
I 06.08/07:05:15 solver.py:159 ] Epoch: [92/200][120/282] lr: 3.47e-04 | MSE loss: 9.0635e-03 | time: 0.047
I 06.08/07:05:16 solver.py:159 ] Epoch: [92/200][140/282] lr: 3.46e-04 | MSE loss: 9.0718e-03 | time: 0.047
I 06.08/07:05:17 solver.py:159 ] Epoch: [92/200][160/282] lr: 3.46e-04 | MSE loss: 9.0064e-03 | time: 0.046
I 06.08/07:05:17 solver.py:159 ] Epoch: [92/200][180/282] lr: 3.46e-04 | MSE loss: 8.6283e-03 | time: 0.046
I 06.08/07:05:18 solver.py:159 ] Epoch: [92/200][200/282] lr: 3.46e-04 | MSE loss: 8.3615e-03 | time: 0.046
I 06.08/07:05:19 solver.py:159 ] Epoch: [92/200][220/282] lr: 3.45e-04 | MSE loss: 8.4208e-03 | time: 0.046
I 06.08/07:05:20 solver.py:159 ] Epoch: [92/200][240/282] lr: 3.45e-04 | MSE loss: 8.3478e-03 | time: 0.046
I 06.08/07:05:21 solver.py:159 ] Epoch: [92/200][260/282] lr: 3.45e-04 | MSE loss: 8.2677e-03 | time: 0.045
I 06.08/07:05:22 solver.py:159 ] Epoch: [92/200][280/282] lr: 3.45e-04 | MSE loss: 8.1950e-03 | time: 0.045
I 06.08/07:05:22 solver.py:169 ] => Train  Loss: 8.1422e-03

I 06.08/07:05:23 solver.py:405 ] [20/32] loss: 9.3622e-03 | NMSE: -1.6779e+01 | time: 0.042
I 06.08/07:05:23 solver.py:413 ] => Test NMSE: -1.7829e+01

I 06.08/07:05:23 solver.py:345 ] => LoRA monitor [epoch=92] | trainable=163840/163840 | non_lora_trainable=0 | lora_l2=1.362398e+01 | lora_A_l2=4.887102e+00 | lora_B_l2=1.271728e+01 | component_l2=fc_decoder:1.362398e+01 | lora_abs_max=1.898309e-01 | delta_l2=1.348324e+01 | delta_rel=5.853020e+00 | train_loss=8.142151e-03 | test_loss=8.243423e-03 | nmse=-1.782862e+01
I 06.08/07:05:24 solver.py:224 ] 
=! Best NMSE: -1.7829e+01 (epoch=92)

I 06.08/07:05:25 solver.py:159 ] Epoch: [93/200][20/282] lr: 3.44e-04 | MSE loss: 8.4995e-03 | time: 0.051
I 06.08/07:05:26 solver.py:159 ] Epoch: [93/200][40/282] lr: 3.44e-04 | MSE loss: 7.4059e-03 | time: 0.050
I 06.08/07:05:26 solver.py:159 ] Epoch: [93/200][60/282] lr: 3.44e-04 | MSE loss: 8.0106e-03 | time: 0.049
I 06.08/07:05:27 solver.py:159 ] Epoch: [93/200][80/282] lr: 3.43e-04 | MSE loss: 8.2219e-03 | time: 0.049
I 06.08/07:05:28 solver.py:159 ] Epoch: [93/200][100/282] lr: 3.43e-04 | MSE loss: 8.1184e-03 | time: 0.048
I 06.08/07:05:29 solver.py:159 ] Epoch: [93/200][120/282] lr: 3.43e-04 | MSE loss: 7.9968e-03 | time: 0.047
I 06.08/07:05:30 solver.py:159 ] Epoch: [93/200][140/282] lr: 3.43e-04 | MSE loss: 7.9057e-03 | time: 0.048
I 06.08/07:05:31 solver.py:159 ] Epoch: [93/200][160/282] lr: 3.42e-04 | MSE loss: 7.9180e-03 | time: 0.047
I 06.08/07:05:32 solver.py:159 ] Epoch: [93/200][180/282] lr: 3.42e-04 | MSE loss: 7.9212e-03 | time: 0.047
I 06.08/07:05:33 solver.py:159 ] Epoch: [93/200][200/282] lr: 3.42e-04 | MSE loss: 7.9657e-03 | time: 0.047
I 06.08/07:05:34 solver.py:159 ] Epoch: [93/200][220/282] lr: 3.42e-04 | MSE loss: 8.0625e-03 | time: 0.046
I 06.08/07:05:35 solver.py:159 ] Epoch: [93/200][240/282] lr: 3.41e-04 | MSE loss: 8.1160e-03 | time: 0.046
I 06.08/07:05:36 solver.py:159 ] Epoch: [93/200][260/282] lr: 3.41e-04 | MSE loss: 8.1858e-03 | time: 0.046
I 06.08/07:05:36 solver.py:159 ] Epoch: [93/200][280/282] lr: 3.41e-04 | MSE loss: 8.1665e-03 | time: 0.046
I 06.08/07:05:37 solver.py:169 ] => Train  Loss: 8.1540e-03

I 06.08/07:05:37 solver.py:405 ] [20/32] loss: 9.3628e-03 | NMSE: -1.6779e+01 | time: 0.045
I 06.08/07:05:38 solver.py:413 ] => Test NMSE: -1.7829e+01

I 06.08/07:05:38 solver.py:345 ] => LoRA monitor [epoch=93] | trainable=163840/163840 | non_lora_trainable=0 | lora_l2=1.368391e+01 | lora_A_l2=4.901183e+00 | lora_B_l2=1.277606e+01 | component_l2=fc_decoder:1.368391e+01 | lora_abs_max=1.918496e-01 | delta_l2=1.354324e+01 | delta_rel=5.879065e+00 | train_loss=8.154000e-03 | test_loss=8.243656e-03 | nmse=-1.782850e+01
I 06.08/07:05:38 solver.py:224 ] 
=! Best NMSE: -1.7829e+01 (epoch=92)

I 06.08/07:05:39 solver.py:159 ] Epoch: [94/200][20/282] lr: 3.41e-04 | MSE loss: 8.6213e-03 | time: 0.050
I 06.08/07:05:40 solver.py:159 ] Epoch: [94/200][40/282] lr: 3.40e-04 | MSE loss: 8.3192e-03 | time: 0.048
I 06.08/07:05:41 solver.py:159 ] Epoch: [94/200][60/282] lr: 3.40e-04 | MSE loss: 7.9003e-03 | time: 0.048
I 06.08/07:05:42 solver.py:159 ] Epoch: [94/200][80/282] lr: 3.40e-04 | MSE loss: 7.8587e-03 | time: 0.049
I 06.08/07:05:43 solver.py:159 ] Epoch: [94/200][100/282] lr: 3.39e-04 | MSE loss: 7.8560e-03 | time: 0.048
I 06.08/07:05:44 solver.py:159 ] Epoch: [94/200][120/282] lr: 3.39e-04 | MSE loss: 7.7041e-03 | time: 0.047
I 06.08/07:05:44 solver.py:159 ] Epoch: [94/200][140/282] lr: 3.39e-04 | MSE loss: 7.6432e-03 | time: 0.046
I 06.08/07:05:45 solver.py:159 ] Epoch: [94/200][160/282] lr: 3.39e-04 | MSE loss: 7.7262e-03 | time: 0.045
I 06.08/07:05:46 solver.py:159 ] Epoch: [94/200][180/282] lr: 3.38e-04 | MSE loss: 7.7901e-03 | time: 0.044
I 06.08/07:05:47 solver.py:159 ] Epoch: [94/200][200/282] lr: 3.38e-04 | MSE loss: 7.9707e-03 | time: 0.044
I 06.08/07:05:48 solver.py:159 ] Epoch: [94/200][220/282] lr: 3.38e-04 | MSE loss: 7.9056e-03 | time: 0.044
I 06.08/07:05:49 solver.py:159 ] Epoch: [94/200][240/282] lr: 3.38e-04 | MSE loss: 8.0831e-03 | time: 0.044
I 06.08/07:05:49 solver.py:159 ] Epoch: [94/200][260/282] lr: 3.37e-04 | MSE loss: 8.1762e-03 | time: 0.044
I 06.08/07:05:50 solver.py:159 ] Epoch: [94/200][280/282] lr: 3.37e-04 | MSE loss: 8.1492e-03 | time: 0.044
I 06.08/07:05:50 solver.py:169 ] => Train  Loss: 8.1420e-03

I 06.08/07:05:51 solver.py:405 ] [20/32] loss: 9.3630e-03 | NMSE: -1.6779e+01 | time: 0.041
I 06.08/07:05:52 solver.py:413 ] => Test NMSE: -1.7828e+01

I 06.08/07:05:52 solver.py:345 ] => LoRA monitor [epoch=94] | trainable=163840/163840 | non_lora_trainable=0 | lora_l2=1.374157e+01 | lora_A_l2=4.917768e+00 | lora_B_l2=1.283146e+01 | component_l2=fc_decoder:1.374157e+01 | lora_abs_max=1.908343e-01 | delta_l2=1.360182e+01 | delta_rel=5.904494e+00 | train_loss=8.142033e-03 | test_loss=8.243871e-03 | nmse=-1.782839e+01
I 06.08/07:05:52 solver.py:224 ] 
=! Best NMSE: -1.7829e+01 (epoch=92)

I 06.08/07:05:52 solver.py:159 ] Epoch: [95/200][20/282] lr: 3.37e-04 | MSE loss: 5.0806e-03 | time: 0.043
I 06.08/07:05:53 solver.py:159 ] Epoch: [95/200][40/282] lr: 3.36e-04 | MSE loss: 6.3366e-03 | time: 0.042
I 06.08/07:05:54 solver.py:159 ] Epoch: [95/200][60/282] lr: 3.36e-04 | MSE loss: 6.6860e-03 | time: 0.042
I 06.08/07:05:55 solver.py:159 ] Epoch: [95/200][80/282] lr: 3.36e-04 | MSE loss: 7.5673e-03 | time: 0.042
I 06.08/07:05:56 solver.py:159 ] Epoch: [95/200][100/282] lr: 3.36e-04 | MSE loss: 7.5209e-03 | time: 0.044
I 06.08/07:05:57 solver.py:159 ] Epoch: [95/200][120/282] lr: 3.35e-04 | MSE loss: 7.8384e-03 | time: 0.044
I 06.08/07:05:58 solver.py:159 ] Epoch: [95/200][140/282] lr: 3.35e-04 | MSE loss: 8.2129e-03 | time: 0.044
I 06.08/07:05:59 solver.py:159 ] Epoch: [95/200][160/282] lr: 3.35e-04 | MSE loss: 8.3010e-03 | time: 0.044
I 06.08/07:05:59 solver.py:159 ] Epoch: [95/200][180/282] lr: 3.35e-04 | MSE loss: 8.3831e-03 | time: 0.043
I 06.08/07:06:00 solver.py:159 ] Epoch: [95/200][200/282] lr: 3.34e-04 | MSE loss: 8.1927e-03 | time: 0.043
I 06.08/07:06:02 solver.py:159 ] Epoch: [95/200][220/282] lr: 3.34e-04 | MSE loss: 8.2248e-03 | time: 0.045
I 06.08/07:06:03 solver.py:159 ] Epoch: [95/200][240/282] lr: 3.34e-04 | MSE loss: 8.3865e-03 | time: 0.049
I 06.08/07:06:04 solver.py:159 ] Epoch: [95/200][260/282] lr: 3.34e-04 | MSE loss: 8.2493e-03 | time: 0.050
I 06.08/07:06:05 solver.py:159 ] Epoch: [95/200][280/282] lr: 3.33e-04 | MSE loss: 8.1954e-03 | time: 0.049
I 06.08/07:06:05 solver.py:169 ] => Train  Loss: 8.1411e-03

I 06.08/07:06:06 solver.py:405 ] [20/32] loss: 9.3623e-03 | NMSE: -1.6779e+01 | time: 0.031
I 06.08/07:06:06 solver.py:413 ] => Test NMSE: -1.7829e+01

I 06.08/07:06:06 solver.py:345 ] => LoRA monitor [epoch=95] | trainable=163840/163840 | non_lora_trainable=0 | lora_l2=1.379046e+01 | lora_A_l2=4.929447e+00 | lora_B_l2=1.287934e+01 | component_l2=fc_decoder:1.379046e+01 | lora_abs_max=1.931637e-01 | delta_l2=1.365140e+01 | delta_rel=5.926014e+00 | train_loss=8.141089e-03 | test_loss=8.243423e-03 | nmse=-1.782862e+01
I 06.08/07:06:07 solver.py:224 ] 
=! Best NMSE: -1.7829e+01 (epoch=95)

I 06.08/07:06:07 solver.py:159 ] Epoch: [96/200][20/282] lr: 3.33e-04 | MSE loss: 8.5915e-03 | time: 0.039
I 06.08/07:06:08 solver.py:159 ] Epoch: [96/200][40/282] lr: 3.33e-04 | MSE loss: 8.2826e-03 | time: 0.040
I 06.08/07:06:09 solver.py:159 ] Epoch: [96/200][60/282] lr: 3.32e-04 | MSE loss: 7.6021e-03 | time: 0.042
I 06.08/07:06:10 solver.py:159 ] Epoch: [96/200][80/282] lr: 3.32e-04 | MSE loss: 8.3364e-03 | time: 0.041
I 06.08/07:06:11 solver.py:159 ] Epoch: [96/200][100/282] lr: 3.32e-04 | MSE loss: 8.4559e-03 | time: 0.042
I 06.08/07:06:12 solver.py:159 ] Epoch: [96/200][120/282] lr: 3.32e-04 | MSE loss: 8.3750e-03 | time: 0.041
I 06.08/07:06:12 solver.py:159 ] Epoch: [96/200][140/282] lr: 3.31e-04 | MSE loss: 8.3502e-03 | time: 0.041
I 06.08/07:06:13 solver.py:159 ] Epoch: [96/200][160/282] lr: 3.31e-04 | MSE loss: 8.4130e-03 | time: 0.043
I 06.08/07:06:14 solver.py:159 ] Epoch: [96/200][180/282] lr: 3.31e-04 | MSE loss: 8.2265e-03 | time: 0.043
I 06.08/07:06:15 solver.py:159 ] Epoch: [96/200][200/282] lr: 3.31e-04 | MSE loss: 8.3189e-03 | time: 0.043
I 06.08/07:06:16 solver.py:159 ] Epoch: [96/200][220/282] lr: 3.30e-04 | MSE loss: 8.4959e-03 | time: 0.043
I 06.08/07:06:17 solver.py:159 ] Epoch: [96/200][240/282] lr: 3.30e-04 | MSE loss: 8.3008e-03 | time: 0.043
I 06.08/07:06:18 solver.py:159 ] Epoch: [96/200][260/282] lr: 3.30e-04 | MSE loss: 8.1440e-03 | time: 0.043
I 06.08/07:06:19 solver.py:159 ] Epoch: [96/200][280/282] lr: 3.29e-04 | MSE loss: 8.1277e-03 | time: 0.043
I 06.08/07:06:19 solver.py:169 ] => Train  Loss: 8.2217e-03

I 06.08/07:06:20 solver.py:405 ] [20/32] loss: 9.3626e-03 | NMSE: -1.6779e+01 | time: 0.038
I 06.08/07:06:20 solver.py:413 ] => Test NMSE: -1.7829e+01

I 06.08/07:06:20 solver.py:345 ] => LoRA monitor [epoch=96] | trainable=163840/163840 | non_lora_trainable=0 | lora_l2=1.383989e+01 | lora_A_l2=4.940724e+00 | lora_B_l2=1.292795e+01 | component_l2=fc_decoder:1.383989e+01 | lora_abs_max=1.937993e-01 | delta_l2=1.370145e+01 | delta_rel=5.947743e+00 | train_loss=8.221716e-03 | test_loss=8.243560e-03 | nmse=-1.782855e+01
I 06.08/07:06:20 solver.py:224 ] 
=! Best NMSE: -1.7829e+01 (epoch=95)

I 06.08/07:06:21 solver.py:159 ] Epoch: [97/200][20/282] lr: 3.29e-04 | MSE loss: 7.7851e-03 | time: 0.042
I 06.08/07:06:22 solver.py:159 ] Epoch: [97/200][40/282] lr: 3.29e-04 | MSE loss: 7.2643e-03 | time: 0.041
I 06.08/07:06:22 solver.py:159 ] Epoch: [97/200][60/282] lr: 3.29e-04 | MSE loss: 8.3880e-03 | time: 0.039
I 06.08/07:06:23 solver.py:159 ] Epoch: [97/200][80/282] lr: 3.28e-04 | MSE loss: 8.2061e-03 | time: 0.039
I 06.08/07:06:24 solver.py:159 ] Epoch: [97/200][100/282] lr: 3.28e-04 | MSE loss: 7.9405e-03 | time: 0.040
I 06.08/07:06:25 solver.py:159 ] Epoch: [97/200][120/282] lr: 3.28e-04 | MSE loss: 7.8443e-03 | time: 0.041
I 06.08/07:06:26 solver.py:159 ] Epoch: [97/200][140/282] lr: 3.28e-04 | MSE loss: 7.8055e-03 | time: 0.041
I 06.08/07:06:27 solver.py:159 ] Epoch: [97/200][160/282] lr: 3.27e-04 | MSE loss: 7.8045e-03 | time: 0.042
I 06.08/07:06:28 solver.py:159 ] Epoch: [97/200][180/282] lr: 3.27e-04 | MSE loss: 7.7012e-03 | time: 0.043
I 06.08/07:06:29 solver.py:159 ] Epoch: [97/200][200/282] lr: 3.27e-04 | MSE loss: 7.8274e-03 | time: 0.043
I 06.08/07:06:30 solver.py:159 ] Epoch: [97/200][220/282] lr: 3.26e-04 | MSE loss: 7.9917e-03 | time: 0.043
I 06.08/07:06:30 solver.py:159 ] Epoch: [97/200][240/282] lr: 3.26e-04 | MSE loss: 8.0818e-03 | time: 0.043
I 06.08/07:06:31 solver.py:159 ] Epoch: [97/200][260/282] lr: 3.26e-04 | MSE loss: 8.1972e-03 | time: 0.043
I 06.08/07:06:32 solver.py:159 ] Epoch: [97/200][280/282] lr: 3.26e-04 | MSE loss: 8.1911e-03 | time: 0.043
I 06.08/07:06:32 solver.py:169 ] => Train  Loss: 8.1438e-03

I 06.08/07:06:33 solver.py:405 ] [20/32] loss: 9.3626e-03 | NMSE: -1.6779e+01 | time: 0.055
I 06.08/07:06:34 solver.py:413 ] => Test NMSE: -1.7829e+01

I 06.08/07:06:34 solver.py:345 ] => LoRA monitor [epoch=97] | trainable=163840/163840 | non_lora_trainable=0 | lora_l2=1.387807e+01 | lora_A_l2=4.956026e+00 | lora_B_l2=1.296297e+01 | component_l2=fc_decoder:1.387807e+01 | lora_abs_max=1.957066e-01 | delta_l2=1.373994e+01 | delta_rel=5.964449e+00 | train_loss=8.143791e-03 | test_loss=8.243607e-03 | nmse=-1.782853e+01
I 06.08/07:06:34 solver.py:224 ] 
=! Best NMSE: -1.7829e+01 (epoch=95)

I 06.08/07:06:35 solver.py:159 ] Epoch: [98/200][20/282] lr: 3.25e-04 | MSE loss: 1.0313e-02 | time: 0.052
I 06.08/07:06:36 solver.py:159 ] Epoch: [98/200][40/282] lr: 3.25e-04 | MSE loss: 8.9143e-03 | time: 0.048
I 06.08/07:06:37 solver.py:159 ] Epoch: [98/200][60/282] lr: 3.25e-04 | MSE loss: 8.8048e-03 | time: 0.045
I 06.08/07:06:38 solver.py:159 ] Epoch: [98/200][80/282] lr: 3.25e-04 | MSE loss: 7.8200e-03 | time: 0.045
I 06.08/07:06:38 solver.py:159 ] Epoch: [98/200][100/282] lr: 3.24e-04 | MSE loss: 8.0993e-03 | time: 0.044
I 06.08/07:06:39 solver.py:159 ] Epoch: [98/200][120/282] lr: 3.24e-04 | MSE loss: 8.5485e-03 | time: 0.044
I 06.08/07:06:40 solver.py:159 ] Epoch: [98/200][140/282] lr: 3.24e-04 | MSE loss: 8.4032e-03 | time: 0.044
I 06.08/07:06:41 solver.py:159 ] Epoch: [98/200][160/282] lr: 3.23e-04 | MSE loss: 8.4226e-03 | time: 0.044
I 06.08/07:06:42 solver.py:159 ] Epoch: [98/200][180/282] lr: 3.23e-04 | MSE loss: 8.1376e-03 | time: 0.044
I 06.08/07:06:43 solver.py:159 ] Epoch: [98/200][200/282] lr: 3.23e-04 | MSE loss: 8.1627e-03 | time: 0.045
I 06.08/07:06:44 solver.py:159 ] Epoch: [98/200][220/282] lr: 3.23e-04 | MSE loss: 8.2248e-03 | time: 0.045
I 06.08/07:06:45 solver.py:159 ] Epoch: [98/200][240/282] lr: 3.22e-04 | MSE loss: 8.2702e-03 | time: 0.045
I 06.08/07:06:45 solver.py:159 ] Epoch: [98/200][260/282] lr: 3.22e-04 | MSE loss: 8.1889e-03 | time: 0.044
I 06.08/07:06:46 solver.py:159 ] Epoch: [98/200][280/282] lr: 3.22e-04 | MSE loss: 8.1879e-03 | time: 0.044
I 06.08/07:06:46 solver.py:169 ] => Train  Loss: 8.1563e-03

I 06.08/07:06:47 solver.py:405 ] [20/32] loss: 9.3626e-03 | NMSE: -1.6779e+01 | time: 0.038
I 06.08/07:06:48 solver.py:413 ] => Test NMSE: -1.7829e+01

I 06.08/07:06:48 solver.py:345 ] => LoRA monitor [epoch=98] | trainable=163840/163840 | non_lora_trainable=0 | lora_l2=1.392914e+01 | lora_A_l2=4.974481e+00 | lora_B_l2=1.301059e+01 | component_l2=fc_decoder:1.392914e+01 | lora_abs_max=1.957652e-01 | delta_l2=1.379092e+01 | delta_rel=5.986581e+00 | train_loss=8.156260e-03 | test_loss=8.243542e-03 | nmse=-1.782856e+01
I 06.08/07:06:48 solver.py:224 ] 
=! Best NMSE: -1.7829e+01 (epoch=95)

I 06.08/07:06:49 solver.py:159 ] Epoch: [99/200][20/282] lr: 3.22e-04 | MSE loss: 1.0211e-02 | time: 0.048
I 06.08/07:06:50 solver.py:159 ] Epoch: [99/200][40/282] lr: 3.21e-04 | MSE loss: 8.8547e-03 | time: 0.048
I 06.08/07:06:50 solver.py:159 ] Epoch: [99/200][60/282] lr: 3.21e-04 | MSE loss: 8.2683e-03 | time: 0.047
I 06.08/07:06:51 solver.py:159 ] Epoch: [99/200][80/282] lr: 3.21e-04 | MSE loss: 8.3754e-03 | time: 0.045
I 06.08/07:06:52 solver.py:159 ] Epoch: [99/200][100/282] lr: 3.20e-04 | MSE loss: 7.9224e-03 | time: 0.044
I 06.08/07:06:53 solver.py:159 ] Epoch: [99/200][120/282] lr: 3.20e-04 | MSE loss: 7.9331e-03 | time: 0.044
I 06.08/07:06:54 solver.py:159 ] Epoch: [99/200][140/282] lr: 3.20e-04 | MSE loss: 8.0975e-03 | time: 0.044
I 06.08/07:06:55 solver.py:159 ] Epoch: [99/200][160/282] lr: 3.20e-04 | MSE loss: 7.8458e-03 | time: 0.045
I 06.08/07:06:56 solver.py:159 ] Epoch: [99/200][180/282] lr: 3.19e-04 | MSE loss: 8.1449e-03 | time: 0.044
I 06.08/07:06:57 solver.py:159 ] Epoch: [99/200][200/282] lr: 3.19e-04 | MSE loss: 7.8332e-03 | time: 0.044
I 06.08/07:06:58 solver.py:159 ] Epoch: [99/200][220/282] lr: 3.19e-04 | MSE loss: 7.9693e-03 | time: 0.045
I 06.08/07:06:58 solver.py:159 ] Epoch: [99/200][240/282] lr: 3.19e-04 | MSE loss: 8.0893e-03 | time: 0.045
I 06.08/07:06:59 solver.py:159 ] Epoch: [99/200][260/282] lr: 3.18e-04 | MSE loss: 8.0442e-03 | time: 0.045
I 06.08/07:07:00 solver.py:159 ] Epoch: [99/200][280/282] lr: 3.18e-04 | MSE loss: 8.1663e-03 | time: 0.045
I 06.08/07:07:00 solver.py:169 ] => Train  Loss: 8.1421e-03

I 06.08/07:07:03 solver.py:405 ] [20/32] loss: 9.3625e-03 | NMSE: -1.6779e+01 | time: 0.105
I 06.08/07:07:04 solver.py:413 ] => Test NMSE: -1.7829e+01

I 06.08/07:07:04 solver.py:345 ] => LoRA monitor [epoch=99] | trainable=163840/163840 | non_lora_trainable=0 | lora_l2=1.396626e+01 | lora_A_l2=4.986696e+00 | lora_B_l2=1.304566e+01 | component_l2=fc_decoder:1.396626e+01 | lora_abs_max=1.939196e-01 | delta_l2=1.382960e+01 | delta_rel=6.003372e+00 | train_loss=8.142091e-03 | test_loss=8.243541e-03 | nmse=-1.782856e+01
I 06.08/07:07:04 solver.py:224 ] 
=! Best NMSE: -1.7829e+01 (epoch=95)

I 06.08/07:07:05 solver.py:159 ] Epoch: [100/200][20/282] lr: 3.18e-04 | MSE loss: 7.9573e-03 | time: 0.060
I 06.08/07:07:06 solver.py:159 ] Epoch: [100/200][40/282] lr: 3.17e-04 | MSE loss: 6.8096e-03 | time: 0.056
I 06.08/07:07:07 solver.py:159 ] Epoch: [100/200][60/282] lr: 3.17e-04 | MSE loss: 6.6671e-03 | time: 0.053
I 06.08/07:07:08 solver.py:159 ] Epoch: [100/200][80/282] lr: 3.17e-04 | MSE loss: 7.4211e-03 | time: 0.052
I 06.08/07:07:09 solver.py:159 ] Epoch: [100/200][100/282] lr: 3.17e-04 | MSE loss: 7.3944e-03 | time: 0.050
I 06.08/07:07:10 solver.py:159 ] Epoch: [100/200][120/282] lr: 3.16e-04 | MSE loss: 7.4685e-03 | time: 0.049
I 06.08/07:07:11 solver.py:159 ] Epoch: [100/200][140/282] lr: 3.16e-04 | MSE loss: 7.4330e-03 | time: 0.049
I 06.08/07:07:11 solver.py:159 ] Epoch: [100/200][160/282] lr: 3.16e-04 | MSE loss: 7.3395e-03 | time: 0.048
I 06.08/07:07:12 solver.py:159 ] Epoch: [100/200][180/282] lr: 3.15e-04 | MSE loss: 7.4348e-03 | time: 0.048
I 06.08/07:07:13 solver.py:159 ] Epoch: [100/200][200/282] lr: 3.15e-04 | MSE loss: 7.9031e-03 | time: 0.047
I 06.08/07:07:14 solver.py:159 ] Epoch: [100/200][220/282] lr: 3.15e-04 | MSE loss: 8.0510e-03 | time: 0.047
I 06.08/07:07:15 solver.py:159 ] Epoch: [100/200][240/282] lr: 3.15e-04 | MSE loss: 8.2576e-03 | time: 0.047
I 06.08/07:07:16 solver.py:159 ] Epoch: [100/200][260/282] lr: 3.14e-04 | MSE loss: 8.2174e-03 | time: 0.046
I 06.08/07:07:17 solver.py:159 ] Epoch: [100/200][280/282] lr: 3.14e-04 | MSE loss: 8.1534e-03 | time: 0.046
I 06.08/07:07:17 solver.py:169 ] => Train  Loss: 8.1414e-03

I 06.08/07:07:18 solver.py:159 ] Epoch: [100/200][20/32] lr: 3.14e-04 | MSE loss: 9.3628e-03 | time: 0.045
I 06.08/07:07:18 solver.py:169 ] => Val  Loss: 8.0591e-03

I 06.08/07:07:19 solver.py:405 ] [20/32] loss: 9.3628e-03 | NMSE: -1.6779e+01 | time: 0.047
I 06.08/07:07:20 solver.py:413 ] => Test NMSE: -1.7828e+01

I 06.08/07:07:20 solver.py:345 ] => LoRA monitor [epoch=100] | trainable=163840/163840 | non_lora_trainable=0 | lora_l2=1.400990e+01 | lora_A_l2=5.001115e+00 | lora_B_l2=1.308687e+01 | component_l2=fc_decoder:1.400990e+01 | lora_abs_max=1.959344e-01 | delta_l2=1.387332e+01 | delta_rel=6.022350e+00 | train_loss=8.141357e-03 | val_loss=8.059076e-03 | test_loss=8.243752e-03 | nmse=-1.782845e+01
I 06.08/07:07:20 solver.py:224 ] 
=! Best NMSE: -1.7829e+01 (epoch=95)

I 06.08/07:07:21 solver.py:159 ] Epoch: [101/200][20/282] lr: 3.14e-04 | MSE loss: 9.9200e-03 | time: 0.048
I 06.08/07:07:21 solver.py:159 ] Epoch: [101/200][40/282] lr: 3.14e-04 | MSE loss: 8.4083e-03 | time: 0.047
I 06.08/07:07:22 solver.py:159 ] Epoch: [101/200][60/282] lr: 3.13e-04 | MSE loss: 8.2693e-03 | time: 0.045
I 06.08/07:07:23 solver.py:159 ] Epoch: [101/200][80/282] lr: 3.13e-04 | MSE loss: 8.2901e-03 | time: 0.045
I 06.08/07:07:24 solver.py:159 ] Epoch: [101/200][100/282] lr: 3.13e-04 | MSE loss: 8.1756e-03 | time: 0.045
I 06.08/07:07:25 solver.py:159 ] Epoch: [101/200][120/282] lr: 3.12e-04 | MSE loss: 7.9192e-03 | time: 0.046
I 06.08/07:07:26 solver.py:159 ] Epoch: [101/200][140/282] lr: 3.12e-04 | MSE loss: 7.6712e-03 | time: 0.047
I 06.08/07:07:27 solver.py:159 ] Epoch: [101/200][160/282] lr: 3.12e-04 | MSE loss: 7.8369e-03 | time: 0.047
I 06.08/07:07:28 solver.py:159 ] Epoch: [101/200][180/282] lr: 3.12e-04 | MSE loss: 7.8846e-03 | time: 0.047
I 06.08/07:07:29 solver.py:159 ] Epoch: [101/200][200/282] lr: 3.11e-04 | MSE loss: 8.2531e-03 | time: 0.046
I 06.08/07:07:30 solver.py:159 ] Epoch: [101/200][220/282] lr: 3.11e-04 | MSE loss: 8.3002e-03 | time: 0.046
I 06.08/07:07:31 solver.py:159 ] Epoch: [101/200][240/282] lr: 3.11e-04 | MSE loss: 8.2562e-03 | time: 0.046
I 06.08/07:07:31 solver.py:159 ] Epoch: [101/200][260/282] lr: 3.11e-04 | MSE loss: 8.2602e-03 | time: 0.046
I 06.08/07:07:32 solver.py:159 ] Epoch: [101/200][280/282] lr: 3.10e-04 | MSE loss: 8.1941e-03 | time: 0.046
I 06.08/07:07:32 solver.py:169 ] => Train  Loss: 8.1409e-03

I 06.08/07:07:33 solver.py:405 ] [20/32] loss: 9.3626e-03 | NMSE: -1.6779e+01 | time: 0.043
I 06.08/07:07:34 solver.py:413 ] => Test NMSE: -1.7829e+01

I 06.08/07:07:34 solver.py:345 ] => LoRA monitor [epoch=101] | trainable=163840/163840 | non_lora_trainable=0 | lora_l2=1.405705e+01 | lora_A_l2=5.012647e+00 | lora_B_l2=1.313293e+01 | component_l2=fc_decoder:1.405705e+01 | lora_abs_max=1.951238e-01 | delta_l2=1.392132e+01 | delta_rel=6.043189e+00 | train_loss=8.140868e-03 | test_loss=8.243442e-03 | nmse=-1.782862e+01
I 06.08/07:07:34 solver.py:224 ] 
=! Best NMSE: -1.7829e+01 (epoch=95)

I 06.08/07:07:35 solver.py:159 ] Epoch: [102/200][20/282] lr: 3.10e-04 | MSE loss: 7.8089e-03 | time: 0.046
I 06.08/07:07:35 solver.py:159 ] Epoch: [102/200][40/282] lr: 3.10e-04 | MSE loss: 7.7790e-03 | time: 0.043
I 06.08/07:07:36 solver.py:159 ] Epoch: [102/200][60/282] lr: 3.09e-04 | MSE loss: 8.3665e-03 | time: 0.042
I 06.08/07:07:37 solver.py:159 ] Epoch: [102/200][80/282] lr: 3.09e-04 | MSE loss: 8.2988e-03 | time: 0.042
I 06.08/07:07:38 solver.py:159 ] Epoch: [102/200][100/282] lr: 3.09e-04 | MSE loss: 8.1191e-03 | time: 0.043
I 06.08/07:07:39 solver.py:159 ] Epoch: [102/200][120/282] lr: 3.09e-04 | MSE loss: 7.9690e-03 | time: 0.043
I 06.08/07:07:40 solver.py:159 ] Epoch: [102/200][140/282] lr: 3.08e-04 | MSE loss: 8.1363e-03 | time: 0.043
I 06.08/07:07:41 solver.py:159 ] Epoch: [102/200][160/282] lr: 3.08e-04 | MSE loss: 8.2989e-03 | time: 0.043
I 06.08/07:07:42 solver.py:159 ] Epoch: [102/200][180/282] lr: 3.08e-04 | MSE loss: 8.2994e-03 | time: 0.044
I 06.08/07:07:43 solver.py:159 ] Epoch: [102/200][200/282] lr: 3.07e-04 | MSE loss: 8.3029e-03 | time: 0.044
I 06.08/07:07:43 solver.py:159 ] Epoch: [102/200][220/282] lr: 3.07e-04 | MSE loss: 8.1365e-03 | time: 0.044
I 06.08/07:07:44 solver.py:159 ] Epoch: [102/200][240/282] lr: 3.07e-04 | MSE loss: 8.2932e-03 | time: 0.044
I 06.08/07:07:45 solver.py:159 ] Epoch: [102/200][260/282] lr: 3.07e-04 | MSE loss: 8.1971e-03 | time: 0.044
I 06.08/07:07:46 solver.py:159 ] Epoch: [102/200][280/282] lr: 3.06e-04 | MSE loss: 8.1877e-03 | time: 0.045
I 06.08/07:07:46 solver.py:169 ] => Train  Loss: 8.1433e-03

I 06.08/07:07:47 solver.py:405 ] [20/32] loss: 9.3625e-03 | NMSE: -1.6779e+01 | time: 0.039
I 06.08/07:07:48 solver.py:413 ] => Test NMSE: -1.7829e+01

I 06.08/07:07:48 solver.py:345 ] => LoRA monitor [epoch=102] | trainable=163840/163840 | non_lora_trainable=0 | lora_l2=1.410482e+01 | lora_A_l2=5.029223e+00 | lora_B_l2=1.317774e+01 | component_l2=fc_decoder:1.410482e+01 | lora_abs_max=1.964025e-01 | delta_l2=1.396930e+01 | delta_rel=6.064015e+00 | train_loss=8.143320e-03 | test_loss=8.243569e-03 | nmse=-1.782855e+01
I 06.08/07:07:48 solver.py:224 ] 
=! Best NMSE: -1.7829e+01 (epoch=95)

I 06.08/07:07:48 solver.py:159 ] Epoch: [103/200][20/282] lr: 3.06e-04 | MSE loss: 8.6534e-03 | time: 0.047
I 06.08/07:07:49 solver.py:159 ] Epoch: [103/200][40/282] lr: 3.06e-04 | MSE loss: 7.8516e-03 | time: 0.046
I 06.08/07:07:50 solver.py:159 ] Epoch: [103/200][60/282] lr: 3.05e-04 | MSE loss: 6.9626e-03 | time: 0.046
I 06.08/07:07:51 solver.py:159 ] Epoch: [103/200][80/282] lr: 3.05e-04 | MSE loss: 7.1854e-03 | time: 0.047
I 06.08/07:07:52 solver.py:159 ] Epoch: [103/200][100/282] lr: 3.05e-04 | MSE loss: 7.5024e-03 | time: 0.047
I 06.08/07:07:53 solver.py:159 ] Epoch: [103/200][120/282] lr: 3.05e-04 | MSE loss: 7.6407e-03 | time: 0.047
I 06.08/07:07:54 solver.py:159 ] Epoch: [103/200][140/282] lr: 3.04e-04 | MSE loss: 7.5232e-03 | time: 0.048
I 06.08/07:07:55 solver.py:159 ] Epoch: [103/200][160/282] lr: 3.04e-04 | MSE loss: 7.8509e-03 | time: 0.048
I 06.08/07:07:56 solver.py:159 ] Epoch: [103/200][180/282] lr: 3.04e-04 | MSE loss: 8.0115e-03 | time: 0.049
I 06.08/07:07:57 solver.py:159 ] Epoch: [103/200][200/282] lr: 3.04e-04 | MSE loss: 8.1034e-03 | time: 0.048
I 06.08/07:07:58 solver.py:159 ] Epoch: [103/200][220/282] lr: 3.03e-04 | MSE loss: 8.0332e-03 | time: 0.048
I 06.08/07:07:59 solver.py:159 ] Epoch: [103/200][240/282] lr: 3.03e-04 | MSE loss: 8.0619e-03 | time: 0.048
I 06.08/07:08:00 solver.py:159 ] Epoch: [103/200][260/282] lr: 3.03e-04 | MSE loss: 8.1685e-03 | time: 0.047
I 06.08/07:08:01 solver.py:159 ] Epoch: [103/200][280/282] lr: 3.02e-04 | MSE loss: 8.1557e-03 | time: 0.048
I 06.08/07:08:01 solver.py:169 ] => Train  Loss: 8.1881e-03

I 06.08/07:08:03 solver.py:405 ] [20/32] loss: 9.3627e-03 | NMSE: -1.6779e+01 | time: 0.075
I 06.08/07:08:04 solver.py:413 ] => Test NMSE: -1.7829e+01

I 06.08/07:08:04 solver.py:345 ] => LoRA monitor [epoch=103] | trainable=163840/163840 | non_lora_trainable=0 | lora_l2=1.414870e+01 | lora_A_l2=5.039295e+00 | lora_B_l2=1.322087e+01 | component_l2=fc_decoder:1.414870e+01 | lora_abs_max=1.972453e-01 | delta_l2=1.401404e+01 | delta_rel=6.083436e+00 | train_loss=8.188118e-03 | test_loss=8.243607e-03 | nmse=-1.782853e+01
I 06.08/07:08:04 solver.py:224 ] 
=! Best NMSE: -1.7829e+01 (epoch=95)

I 06.08/07:08:05 solver.py:159 ] Epoch: [104/200][20/282] lr: 3.02e-04 | MSE loss: 6.6560e-03 | time: 0.066
I 06.08/07:08:06 solver.py:159 ] Epoch: [104/200][40/282] lr: 3.02e-04 | MSE loss: 7.7032e-03 | time: 0.055
I 06.08/07:08:07 solver.py:159 ] Epoch: [104/200][60/282] lr: 3.02e-04 | MSE loss: 7.9782e-03 | time: 0.052
I 06.08/07:08:08 solver.py:159 ] Epoch: [104/200][80/282] lr: 3.01e-04 | MSE loss: 7.6881e-03 | time: 0.050
I 06.08/07:08:08 solver.py:159 ] Epoch: [104/200][100/282] lr: 3.01e-04 | MSE loss: 7.7392e-03 | time: 0.049
I 06.08/07:08:09 solver.py:159 ] Epoch: [104/200][120/282] lr: 3.01e-04 | MSE loss: 7.8521e-03 | time: 0.048
I 06.08/07:08:10 solver.py:159 ] Epoch: [104/200][140/282] lr: 3.00e-04 | MSE loss: 7.9049e-03 | time: 0.046
I 06.08/07:08:11 solver.py:159 ] Epoch: [104/200][160/282] lr: 3.00e-04 | MSE loss: 7.6073e-03 | time: 0.046
I 06.08/07:08:12 solver.py:159 ] Epoch: [104/200][180/282] lr: 3.00e-04 | MSE loss: 8.1448e-03 | time: 0.045
I 06.08/07:08:13 solver.py:159 ] Epoch: [104/200][200/282] lr: 3.00e-04 | MSE loss: 8.2559e-03 | time: 0.045
I 06.08/07:08:13 solver.py:159 ] Epoch: [104/200][220/282] lr: 2.99e-04 | MSE loss: 8.4652e-03 | time: 0.045
I 06.08/07:08:14 solver.py:159 ] Epoch: [104/200][240/282] lr: 2.99e-04 | MSE loss: 8.3881e-03 | time: 0.045
I 06.08/07:08:15 solver.py:159 ] Epoch: [104/200][260/282] lr: 2.99e-04 | MSE loss: 8.1865e-03 | time: 0.044
I 06.08/07:08:16 solver.py:159 ] Epoch: [104/200][280/282] lr: 2.99e-04 | MSE loss: 8.1314e-03 | time: 0.044
I 06.08/07:08:16 solver.py:169 ] => Train  Loss: 8.2488e-03

I 06.08/07:08:17 solver.py:405 ] [20/32] loss: 9.3623e-03 | NMSE: -1.6779e+01 | time: 0.037
I 06.08/07:08:17 solver.py:413 ] => Test NMSE: -1.7829e+01

I 06.08/07:08:17 solver.py:345 ] => LoRA monitor [epoch=104] | trainable=163840/163840 | non_lora_trainable=0 | lora_l2=1.419252e+01 | lora_A_l2=5.053228e+00 | lora_B_l2=1.326245e+01 | component_l2=fc_decoder:1.419252e+01 | lora_abs_max=1.990849e-01 | delta_l2=1.405793e+01 | delta_rel=6.102490e+00 | train_loss=8.248805e-03 | test_loss=8.243310e-03 | nmse=-1.782868e+01
I 06.08/07:08:18 solver.py:224 ] 
=! Best NMSE: -1.7829e+01 (epoch=104)

I 06.08/07:08:18 solver.py:159 ] Epoch: [105/200][20/282] lr: 2.98e-04 | MSE loss: 1.0524e-02 | time: 0.041
I 06.08/07:08:19 solver.py:159 ] Epoch: [105/200][40/282] lr: 2.98e-04 | MSE loss: 8.7705e-03 | time: 0.043
I 06.08/07:08:20 solver.py:159 ] Epoch: [105/200][60/282] lr: 2.98e-04 | MSE loss: 8.3136e-03 | time: 0.043
I 06.08/07:08:21 solver.py:159 ] Epoch: [105/200][80/282] lr: 2.97e-04 | MSE loss: 8.2161e-03 | time: 0.042
I 06.08/07:08:22 solver.py:159 ] Epoch: [105/200][100/282] lr: 2.97e-04 | MSE loss: 8.1460e-03 | time: 0.043
I 06.08/07:08:23 solver.py:159 ] Epoch: [105/200][120/282] lr: 2.97e-04 | MSE loss: 8.2158e-03 | time: 0.043
I 06.08/07:08:23 solver.py:159 ] Epoch: [105/200][140/282] lr: 2.97e-04 | MSE loss: 8.3158e-03 | time: 0.042
I 06.08/07:08:24 solver.py:159 ] Epoch: [105/200][160/282] lr: 2.96e-04 | MSE loss: 8.4732e-03 | time: 0.042
I 06.08/07:08:25 solver.py:159 ] Epoch: [105/200][180/282] lr: 2.96e-04 | MSE loss: 8.0764e-03 | time: 0.041
I 06.08/07:08:26 solver.py:159 ] Epoch: [105/200][200/282] lr: 2.96e-04 | MSE loss: 8.0403e-03 | time: 0.041
I 06.08/07:08:27 solver.py:159 ] Epoch: [105/200][220/282] lr: 2.95e-04 | MSE loss: 7.9816e-03 | time: 0.042
I 06.08/07:08:28 solver.py:159 ] Epoch: [105/200][240/282] lr: 2.95e-04 | MSE loss: 8.1402e-03 | time: 0.042
I 06.08/07:08:29 solver.py:159 ] Epoch: [105/200][260/282] lr: 2.95e-04 | MSE loss: 8.2503e-03 | time: 0.043
I 06.08/07:08:30 solver.py:159 ] Epoch: [105/200][280/282] lr: 2.95e-04 | MSE loss: 8.1305e-03 | time: 0.043
I 06.08/07:08:30 solver.py:169 ] => Train  Loss: 8.1440e-03

I 06.08/07:08:30 solver.py:405 ] [20/32] loss: 9.3621e-03 | NMSE: -1.6779e+01 | time: 0.038
I 06.08/07:08:31 solver.py:413 ] => Test NMSE: -1.7829e+01

I 06.08/07:08:31 solver.py:345 ] => LoRA monitor [epoch=105] | trainable=163840/163840 | non_lora_trainable=0 | lora_l2=1.422350e+01 | lora_A_l2=5.059280e+00 | lora_B_l2=1.329329e+01 | component_l2=fc_decoder:1.422350e+01 | lora_abs_max=2.001317e-01 | delta_l2=1.408900e+01 | delta_rel=6.115978e+00 | train_loss=8.144045e-03 | test_loss=8.243183e-03 | nmse=-1.782875e+01
I 06.08/07:08:31 solver.py:224 ] 
=! Best NMSE: -1.7829e+01 (epoch=105)

I 06.08/07:08:32 solver.py:159 ] Epoch: [106/200][20/282] lr: 2.94e-04 | MSE loss: 6.2212e-03 | time: 0.050
I 06.08/07:08:33 solver.py:159 ] Epoch: [106/200][40/282] lr: 2.94e-04 | MSE loss: 7.0705e-03 | time: 0.048
I 06.08/07:08:34 solver.py:159 ] Epoch: [106/200][60/282] lr: 2.94e-04 | MSE loss: 7.1043e-03 | time: 0.049
I 06.08/07:08:35 solver.py:159 ] Epoch: [106/200][80/282] lr: 2.94e-04 | MSE loss: 7.6842e-03 | time: 0.047
I 06.08/07:08:36 solver.py:159 ] Epoch: [106/200][100/282] lr: 2.93e-04 | MSE loss: 7.8853e-03 | time: 0.047
I 06.08/07:08:37 solver.py:159 ] Epoch: [106/200][120/282] lr: 2.93e-04 | MSE loss: 7.9932e-03 | time: 0.046
I 06.08/07:08:38 solver.py:159 ] Epoch: [106/200][140/282] lr: 2.93e-04 | MSE loss: 7.8538e-03 | time: 0.046
I 06.08/07:08:38 solver.py:159 ] Epoch: [106/200][160/282] lr: 2.92e-04 | MSE loss: 7.6907e-03 | time: 0.046
I 06.08/07:08:39 solver.py:159 ] Epoch: [106/200][180/282] lr: 2.92e-04 | MSE loss: 7.8229e-03 | time: 0.045
I 06.08/07:08:40 solver.py:159 ] Epoch: [106/200][200/282] lr: 2.92e-04 | MSE loss: 7.9731e-03 | time: 0.045
I 06.08/07:08:41 solver.py:159 ] Epoch: [106/200][220/282] lr: 2.92e-04 | MSE loss: 7.9664e-03 | time: 0.045
I 06.08/07:08:42 solver.py:159 ] Epoch: [106/200][240/282] lr: 2.91e-04 | MSE loss: 7.9967e-03 | time: 0.045
I 06.08/07:08:43 solver.py:159 ] Epoch: [106/200][260/282] lr: 2.91e-04 | MSE loss: 8.1306e-03 | time: 0.045
I 06.08/07:08:44 solver.py:159 ] Epoch: [106/200][280/282] lr: 2.91e-04 | MSE loss: 8.1454e-03 | time: 0.045
I 06.08/07:08:44 solver.py:169 ] => Train  Loss: 8.2056e-03

I 06.08/07:08:45 solver.py:405 ] [20/32] loss: 9.3625e-03 | NMSE: -1.6779e+01 | time: 0.043
I 06.08/07:08:45 solver.py:413 ] => Test NMSE: -1.7829e+01

I 06.08/07:08:45 solver.py:345 ] => LoRA monitor [epoch=106] | trainable=163840/163840 | non_lora_trainable=0 | lora_l2=1.427347e+01 | lora_A_l2=5.076649e+00 | lora_B_l2=1.334015e+01 | component_l2=fc_decoder:1.427347e+01 | lora_abs_max=1.996675e-01 | delta_l2=1.413933e+01 | delta_rel=6.137823e+00 | train_loss=8.205578e-03 | test_loss=8.243512e-03 | nmse=-1.782858e+01
I 06.08/07:08:45 solver.py:224 ] 
=! Best NMSE: -1.7829e+01 (epoch=105)

I 06.08/07:08:46 solver.py:159 ] Epoch: [107/200][20/282] lr: 2.90e-04 | MSE loss: 8.1569e-03 | time: 0.047
I 06.08/07:08:47 solver.py:159 ] Epoch: [107/200][40/282] lr: 2.90e-04 | MSE loss: 7.7064e-03 | time: 0.045
I 06.08/07:08:48 solver.py:159 ] Epoch: [107/200][60/282] lr: 2.90e-04 | MSE loss: 7.8235e-03 | time: 0.043
I 06.08/07:08:49 solver.py:159 ] Epoch: [107/200][80/282] lr: 2.90e-04 | MSE loss: 8.1409e-03 | time: 0.043
I 06.08/07:08:49 solver.py:159 ] Epoch: [107/200][100/282] lr: 2.89e-04 | MSE loss: 8.3441e-03 | time: 0.041
I 06.08/07:08:50 solver.py:159 ] Epoch: [107/200][120/282] lr: 2.89e-04 | MSE loss: 8.0300e-03 | time: 0.040
I 06.08/07:08:51 solver.py:159 ] Epoch: [107/200][140/282] lr: 2.89e-04 | MSE loss: 8.1165e-03 | time: 0.041
I 06.08/07:08:52 solver.py:159 ] Epoch: [107/200][160/282] lr: 2.88e-04 | MSE loss: 8.1195e-03 | time: 0.042
I 06.08/07:08:53 solver.py:159 ] Epoch: [107/200][180/282] lr: 2.88e-04 | MSE loss: 8.0460e-03 | time: 0.043
I 06.08/07:08:54 solver.py:159 ] Epoch: [107/200][200/282] lr: 2.88e-04 | MSE loss: 7.9215e-03 | time: 0.043
I 06.08/07:08:55 solver.py:159 ] Epoch: [107/200][220/282] lr: 2.88e-04 | MSE loss: 7.9297e-03 | time: 0.043
I 06.08/07:08:55 solver.py:159 ] Epoch: [107/200][240/282] lr: 2.87e-04 | MSE loss: 8.0403e-03 | time: 0.043
I 06.08/07:08:56 solver.py:159 ] Epoch: [107/200][260/282] lr: 2.87e-04 | MSE loss: 8.0019e-03 | time: 0.043
I 06.08/07:08:57 solver.py:159 ] Epoch: [107/200][280/282] lr: 2.87e-04 | MSE loss: 8.1456e-03 | time: 0.043
I 06.08/07:08:57 solver.py:169 ] => Train  Loss: 8.1425e-03

I 06.08/07:08:58 solver.py:405 ] [20/32] loss: 9.3622e-03 | NMSE: -1.6779e+01 | time: 0.032
I 06.08/07:08:58 solver.py:413 ] => Test NMSE: -1.7829e+01

I 06.08/07:08:58 solver.py:345 ] => LoRA monitor [epoch=107] | trainable=163840/163840 | non_lora_trainable=0 | lora_l2=1.430710e+01 | lora_A_l2=5.087214e+00 | lora_B_l2=1.337211e+01 | component_l2=fc_decoder:1.430710e+01 | lora_abs_max=2.010435e-01 | delta_l2=1.417416e+01 | delta_rel=6.152943e+00 | train_loss=8.142505e-03 | test_loss=8.243104e-03 | nmse=-1.782879e+01
I 06.08/07:08:59 solver.py:224 ] 
=! Best NMSE: -1.7829e+01 (epoch=107)

I 06.08/07:08:59 solver.py:159 ] Epoch: [108/200][20/282] lr: 2.86e-04 | MSE loss: 5.8281e-03 | time: 0.030
I 06.08/07:09:00 solver.py:159 ] Epoch: [108/200][40/282] lr: 2.86e-04 | MSE loss: 7.4174e-03 | time: 0.028
I 06.08/07:09:00 solver.py:159 ] Epoch: [108/200][60/282] lr: 2.86e-04 | MSE loss: 7.7157e-03 | time: 0.031
I 06.08/07:09:02 solver.py:159 ] Epoch: [108/200][80/282] lr: 2.86e-04 | MSE loss: 7.4756e-03 | time: 0.038
I 06.08/07:09:03 solver.py:159 ] Epoch: [108/200][100/282] lr: 2.85e-04 | MSE loss: 7.5735e-03 | time: 0.045
I 06.08/07:09:04 solver.py:159 ] Epoch: [108/200][120/282] lr: 2.85e-04 | MSE loss: 7.6714e-03 | time: 0.046
I 06.08/07:09:05 solver.py:159 ] Epoch: [108/200][140/282] lr: 2.85e-04 | MSE loss: 7.7703e-03 | time: 0.044
I 06.08/07:09:05 solver.py:159 ] Epoch: [108/200][160/282] lr: 2.85e-04 | MSE loss: 7.6142e-03 | time: 0.042
I 06.08/07:09:06 solver.py:159 ] Epoch: [108/200][180/282] lr: 2.84e-04 | MSE loss: 7.9391e-03 | time: 0.041
I 06.08/07:09:07 solver.py:159 ] Epoch: [108/200][200/282] lr: 2.84e-04 | MSE loss: 7.8833e-03 | time: 0.041
I 06.08/07:09:08 solver.py:159 ] Epoch: [108/200][220/282] lr: 2.84e-04 | MSE loss: 8.0745e-03 | time: 0.041
I 06.08/07:09:09 solver.py:159 ] Epoch: [108/200][240/282] lr: 2.83e-04 | MSE loss: 8.1296e-03 | time: 0.042
I 06.08/07:09:10 solver.py:159 ] Epoch: [108/200][260/282] lr: 2.83e-04 | MSE loss: 8.0752e-03 | time: 0.042
I 06.08/07:09:10 solver.py:159 ] Epoch: [108/200][280/282] lr: 2.83e-04 | MSE loss: 8.1587e-03 | time: 0.042
I 06.08/07:09:10 solver.py:169 ] => Train  Loss: 8.1420e-03

I 06.08/07:09:11 solver.py:405 ] [20/32] loss: 9.3621e-03 | NMSE: -1.6779e+01 | time: 0.035
I 06.08/07:09:12 solver.py:413 ] => Test NMSE: -1.7829e+01

I 06.08/07:09:12 solver.py:345 ] => LoRA monitor [epoch=108] | trainable=163840/163840 | non_lora_trainable=0 | lora_l2=1.435164e+01 | lora_A_l2=5.102216e+00 | lora_B_l2=1.341406e+01 | component_l2=fc_decoder:1.435164e+01 | lora_abs_max=2.024005e-01 | delta_l2=1.421898e+01 | delta_rel=6.172400e+00 | train_loss=8.141984e-03 | test_loss=8.243150e-03 | nmse=-1.782877e+01
I 06.08/07:09:12 solver.py:224 ] 
=! Best NMSE: -1.7829e+01 (epoch=107)

I 06.08/07:09:12 solver.py:159 ] Epoch: [109/200][20/282] lr: 2.83e-04 | MSE loss: 8.5160e-03 | time: 0.042
I 06.08/07:09:13 solver.py:159 ] Epoch: [109/200][40/282] lr: 2.82e-04 | MSE loss: 8.3697e-03 | time: 0.040
I 06.08/07:09:14 solver.py:159 ] Epoch: [109/200][60/282] lr: 2.82e-04 | MSE loss: 8.4675e-03 | time: 0.040
I 06.08/07:09:15 solver.py:159 ] Epoch: [109/200][80/282] lr: 2.82e-04 | MSE loss: 8.3569e-03 | time: 0.040
I 06.08/07:09:16 solver.py:159 ] Epoch: [109/200][100/282] lr: 2.81e-04 | MSE loss: 8.2533e-03 | time: 0.040
I 06.08/07:09:16 solver.py:159 ] Epoch: [109/200][120/282] lr: 2.81e-04 | MSE loss: 8.4393e-03 | time: 0.041
I 06.08/07:09:17 solver.py:159 ] Epoch: [109/200][140/282] lr: 2.81e-04 | MSE loss: 8.3238e-03 | time: 0.041
I 06.08/07:09:18 solver.py:159 ] Epoch: [109/200][160/282] lr: 2.81e-04 | MSE loss: 8.2415e-03 | time: 0.041
I 06.08/07:09:19 solver.py:159 ] Epoch: [109/200][180/282] lr: 2.80e-04 | MSE loss: 8.4689e-03 | time: 0.041
I 06.08/07:09:20 solver.py:159 ] Epoch: [109/200][200/282] lr: 2.80e-04 | MSE loss: 8.4550e-03 | time: 0.042
I 06.08/07:09:21 solver.py:159 ] Epoch: [109/200][220/282] lr: 2.80e-04 | MSE loss: 8.0998e-03 | time: 0.042
I 06.08/07:09:22 solver.py:159 ] Epoch: [109/200][240/282] lr: 2.80e-04 | MSE loss: 8.2550e-03 | time: 0.042
I 06.08/07:09:23 solver.py:159 ] Epoch: [109/200][260/282] lr: 2.79e-04 | MSE loss: 8.3295e-03 | time: 0.042
I 06.08/07:09:23 solver.py:159 ] Epoch: [109/200][280/282] lr: 2.79e-04 | MSE loss: 8.1935e-03 | time: 0.042
I 06.08/07:09:23 solver.py:169 ] => Train  Loss: 8.1424e-03

I 06.08/07:09:24 solver.py:405 ] [20/32] loss: 9.3626e-03 | NMSE: -1.6779e+01 | time: 0.042
I 06.08/07:09:25 solver.py:413 ] => Test NMSE: -1.7829e+01

I 06.08/07:09:25 solver.py:345 ] => LoRA monitor [epoch=109] | trainable=163840/163840 | non_lora_trainable=0 | lora_l2=1.439459e+01 | lora_A_l2=5.114712e+00 | lora_B_l2=1.345526e+01 | component_l2=fc_decoder:1.439459e+01 | lora_abs_max=2.039898e-01 | delta_l2=1.426228e+01 | delta_rel=6.191198e+00 | train_loss=8.142384e-03 | test_loss=8.243606e-03 | nmse=-1.782853e+01
I 06.08/07:09:25 solver.py:224 ] 
=! Best NMSE: -1.7829e+01 (epoch=107)

I 06.08/07:09:26 solver.py:159 ] Epoch: [110/200][20/282] lr: 2.79e-04 | MSE loss: 6.5494e-03 | time: 0.049
I 06.08/07:09:27 solver.py:159 ] Epoch: [110/200][40/282] lr: 2.78e-04 | MSE loss: 7.1976e-03 | time: 0.047
I 06.08/07:09:27 solver.py:159 ] Epoch: [110/200][60/282] lr: 2.78e-04 | MSE loss: 8.2143e-03 | time: 0.045
I 06.08/07:09:28 solver.py:159 ] Epoch: [110/200][80/282] lr: 2.78e-04 | MSE loss: 8.2004e-03 | time: 0.046
I 06.08/07:09:29 solver.py:159 ] Epoch: [110/200][100/282] lr: 2.78e-04 | MSE loss: 8.2156e-03 | time: 0.046
I 06.08/07:09:30 solver.py:159 ] Epoch: [110/200][120/282] lr: 2.77e-04 | MSE loss: 8.2204e-03 | time: 0.047
I 06.08/07:09:31 solver.py:159 ] Epoch: [110/200][140/282] lr: 2.77e-04 | MSE loss: 8.1237e-03 | time: 0.047
I 06.08/07:09:32 solver.py:159 ] Epoch: [110/200][160/282] lr: 2.77e-04 | MSE loss: 8.1193e-03 | time: 0.047
I 06.08/07:09:33 solver.py:159 ] Epoch: [110/200][180/282] lr: 2.76e-04 | MSE loss: 8.0870e-03 | time: 0.046
I 06.08/07:09:34 solver.py:159 ] Epoch: [110/200][200/282] lr: 2.76e-04 | MSE loss: 8.0101e-03 | time: 0.046
I 06.08/07:09:35 solver.py:159 ] Epoch: [110/200][220/282] lr: 2.76e-04 | MSE loss: 7.8965e-03 | time: 0.046
I 06.08/07:09:36 solver.py:159 ] Epoch: [110/200][240/282] lr: 2.76e-04 | MSE loss: 7.7713e-03 | time: 0.046
I 06.08/07:09:37 solver.py:159 ] Epoch: [110/200][260/282] lr: 2.75e-04 | MSE loss: 8.1796e-03 | time: 0.045
I 06.08/07:09:37 solver.py:159 ] Epoch: [110/200][280/282] lr: 2.75e-04 | MSE loss: 8.1357e-03 | time: 0.045
I 06.08/07:09:38 solver.py:169 ] => Train  Loss: 8.2297e-03

I 06.08/07:09:38 solver.py:159 ] Epoch: [110/200][20/32] lr: 2.75e-04 | MSE loss: 9.3621e-03 | time: 0.040
I 06.08/07:09:39 solver.py:169 ] => Val  Loss: 8.0584e-03

I 06.08/07:09:40 solver.py:405 ] [20/32] loss: 9.3621e-03 | NMSE: -1.6779e+01 | time: 0.055
I 06.08/07:09:40 solver.py:413 ] => Test NMSE: -1.7829e+01

I 06.08/07:09:40 solver.py:345 ] => LoRA monitor [epoch=110] | trainable=163840/163840 | non_lora_trainable=0 | lora_l2=1.442448e+01 | lora_A_l2=5.121022e+00 | lora_B_l2=1.348483e+01 | component_l2=fc_decoder:1.442448e+01 | lora_abs_max=2.026244e-01 | delta_l2=1.429255e+01 | delta_rel=6.204337e+00 | train_loss=8.229710e-03 | val_loss=8.058424e-03 | test_loss=8.243087e-03 | nmse=-1.782880e+01
I 06.08/07:09:41 solver.py:224 ] 
=! Best NMSE: -1.7829e+01 (epoch=110)

I 06.08/07:09:42 solver.py:159 ] Epoch: [111/200][20/282] lr: 2.75e-04 | MSE loss: 5.6570e-03 | time: 0.043
I 06.08/07:09:42 solver.py:159 ] Epoch: [111/200][40/282] lr: 2.74e-04 | MSE loss: 6.7840e-03 | time: 0.043
I 06.08/07:09:43 solver.py:159 ] Epoch: [111/200][60/282] lr: 2.74e-04 | MSE loss: 7.1229e-03 | time: 0.041
I 06.08/07:09:44 solver.py:159 ] Epoch: [111/200][80/282] lr: 2.74e-04 | MSE loss: 7.1384e-03 | time: 0.041
I 06.08/07:09:45 solver.py:159 ] Epoch: [111/200][100/282] lr: 2.74e-04 | MSE loss: 7.6710e-03 | time: 0.041
I 06.08/07:09:46 solver.py:159 ] Epoch: [111/200][120/282] lr: 2.73e-04 | MSE loss: 7.6304e-03 | time: 0.043
I 06.08/07:09:47 solver.py:159 ] Epoch: [111/200][140/282] lr: 2.73e-04 | MSE loss: 7.9718e-03 | time: 0.043
I 06.08/07:09:48 solver.py:159 ] Epoch: [111/200][160/282] lr: 2.73e-04 | MSE loss: 8.0001e-03 | time: 0.043
I 06.08/07:09:48 solver.py:159 ] Epoch: [111/200][180/282] lr: 2.72e-04 | MSE loss: 8.2580e-03 | time: 0.043
I 06.08/07:09:50 solver.py:159 ] Epoch: [111/200][200/282] lr: 2.72e-04 | MSE loss: 8.2327e-03 | time: 0.044
I 06.08/07:09:50 solver.py:159 ] Epoch: [111/200][220/282] lr: 2.72e-04 | MSE loss: 8.0697e-03 | time: 0.044
I 06.08/07:09:51 solver.py:159 ] Epoch: [111/200][240/282] lr: 2.72e-04 | MSE loss: 8.2736e-03 | time: 0.044
I 06.08/07:09:52 solver.py:159 ] Epoch: [111/200][260/282] lr: 2.71e-04 | MSE loss: 8.3271e-03 | time: 0.044
I 06.08/07:09:53 solver.py:159 ] Epoch: [111/200][280/282] lr: 2.71e-04 | MSE loss: 8.1922e-03 | time: 0.044
I 06.08/07:09:53 solver.py:169 ] => Train  Loss: 8.1417e-03

I 06.08/07:09:54 solver.py:405 ] [20/32] loss: 9.3624e-03 | NMSE: -1.6779e+01 | time: 0.040
I 06.08/07:09:54 solver.py:413 ] => Test NMSE: -1.7829e+01

I 06.08/07:09:54 solver.py:345 ] => LoRA monitor [epoch=111] | trainable=163840/163840 | non_lora_trainable=0 | lora_l2=1.446619e+01 | lora_A_l2=5.137705e+00 | lora_B_l2=1.352312e+01 | component_l2=fc_decoder:1.446619e+01 | lora_abs_max=2.055274e-01 | delta_l2=1.433465e+01 | delta_rel=6.222612e+00 | train_loss=8.141685e-03 | test_loss=8.243309e-03 | nmse=-1.782869e+01
I 06.08/07:09:54 solver.py:224 ] 
=! Best NMSE: -1.7829e+01 (epoch=110)

I 06.08/07:09:55 solver.py:159 ] Epoch: [112/200][20/282] lr: 2.71e-04 | MSE loss: 7.6976e-03 | time: 0.049
I 06.08/07:09:56 solver.py:159 ] Epoch: [112/200][40/282] lr: 2.71e-04 | MSE loss: 8.5106e-03 | time: 0.044
I 06.08/07:09:57 solver.py:159 ] Epoch: [112/200][60/282] lr: 2.70e-04 | MSE loss: 7.9833e-03 | time: 0.044
I 06.08/07:09:58 solver.py:159 ] Epoch: [112/200][80/282] lr: 2.70e-04 | MSE loss: 7.7535e-03 | time: 0.044
I 06.08/07:09:59 solver.py:159 ] Epoch: [112/200][100/282] lr: 2.70e-04 | MSE loss: 8.1996e-03 | time: 0.044
I 06.08/07:10:00 solver.py:159 ] Epoch: [112/200][120/282] lr: 2.69e-04 | MSE loss: 8.0430e-03 | time: 0.044
I 06.08/07:10:01 solver.py:159 ] Epoch: [112/200][140/282] lr: 2.69e-04 | MSE loss: 8.1257e-03 | time: 0.048
I 06.08/07:10:03 solver.py:159 ] Epoch: [112/200][160/282] lr: 2.69e-04 | MSE loss: 8.0039e-03 | time: 0.056
I 06.08/07:10:05 solver.py:159 ] Epoch: [112/200][180/282] lr: 2.69e-04 | MSE loss: 8.0706e-03 | time: 0.057
I 06.08/07:10:06 solver.py:159 ] Epoch: [112/200][200/282] lr: 2.68e-04 | MSE loss: 8.0881e-03 | time: 0.056
I 06.08/07:10:07 solver.py:159 ] Epoch: [112/200][220/282] lr: 2.68e-04 | MSE loss: 8.1099e-03 | time: 0.056
I 06.08/07:10:08 solver.py:159 ] Epoch: [112/200][240/282] lr: 2.68e-04 | MSE loss: 8.1640e-03 | time: 0.055
I 06.08/07:10:09 solver.py:159 ] Epoch: [112/200][260/282] lr: 2.67e-04 | MSE loss: 8.1603e-03 | time: 0.056
I 06.08/07:10:10 solver.py:159 ] Epoch: [112/200][280/282] lr: 2.67e-04 | MSE loss: 8.1541e-03 | time: 0.055
I 06.08/07:10:10 solver.py:169 ] => Train  Loss: 8.1432e-03

I 06.08/07:10:11 solver.py:405 ] [20/32] loss: 9.3625e-03 | NMSE: -1.6779e+01 | time: 0.047
I 06.08/07:10:11 solver.py:413 ] => Test NMSE: -1.7829e+01

I 06.08/07:10:11 solver.py:345 ] => LoRA monitor [epoch=112] | trainable=163840/163840 | non_lora_trainable=0 | lora_l2=1.450741e+01 | lora_A_l2=5.152056e+00 | lora_B_l2=1.356176e+01 | component_l2=fc_decoder:1.450741e+01 | lora_abs_max=2.041124e-01 | delta_l2=1.437636e+01 | delta_rel=6.240719e+00 | train_loss=8.143198e-03 | test_loss=8.243451e-03 | nmse=-1.782861e+01
I 06.08/07:10:11 solver.py:224 ] 
=! Best NMSE: -1.7829e+01 (epoch=110)

I 06.08/07:10:12 solver.py:159 ] Epoch: [113/200][20/282] lr: 2.67e-04 | MSE loss: 7.7785e-03 | time: 0.052
I 06.08/07:10:13 solver.py:159 ] Epoch: [113/200][40/282] lr: 2.67e-04 | MSE loss: 7.6193e-03 | time: 0.049
I 06.08/07:10:14 solver.py:159 ] Epoch: [113/200][60/282] lr: 2.66e-04 | MSE loss: 7.9093e-03 | time: 0.048
I 06.08/07:10:15 solver.py:159 ] Epoch: [113/200][80/282] lr: 2.66e-04 | MSE loss: 7.7533e-03 | time: 0.048
I 06.08/07:10:16 solver.py:159 ] Epoch: [113/200][100/282] lr: 2.66e-04 | MSE loss: 7.8734e-03 | time: 0.048
I 06.08/07:10:17 solver.py:159 ] Epoch: [113/200][120/282] lr: 2.65e-04 | MSE loss: 7.9573e-03 | time: 0.048
I 06.08/07:10:18 solver.py:159 ] Epoch: [113/200][140/282] lr: 2.65e-04 | MSE loss: 8.0278e-03 | time: 0.048
I 06.08/07:10:19 solver.py:159 ] Epoch: [113/200][160/282] lr: 2.65e-04 | MSE loss: 8.0420e-03 | time: 0.047
I 06.08/07:10:20 solver.py:159 ] Epoch: [113/200][180/282] lr: 2.65e-04 | MSE loss: 8.0622e-03 | time: 0.047
I 06.08/07:10:21 solver.py:159 ] Epoch: [113/200][200/282] lr: 2.64e-04 | MSE loss: 7.9892e-03 | time: 0.047
I 06.08/07:10:22 solver.py:159 ] Epoch: [113/200][220/282] lr: 2.64e-04 | MSE loss: 7.8818e-03 | time: 0.047
I 06.08/07:10:23 solver.py:159 ] Epoch: [113/200][240/282] lr: 2.64e-04 | MSE loss: 8.1447e-03 | time: 0.046
I 06.08/07:10:23 solver.py:159 ] Epoch: [113/200][260/282] lr: 2.64e-04 | MSE loss: 8.2732e-03 | time: 0.046
I 06.08/07:10:24 solver.py:159 ] Epoch: [113/200][280/282] lr: 2.63e-04 | MSE loss: 8.1740e-03 | time: 0.046
I 06.08/07:10:24 solver.py:169 ] => Train  Loss: 8.1434e-03

I 06.08/07:10:25 solver.py:405 ] [20/32] loss: 9.3623e-03 | NMSE: -1.6779e+01 | time: 0.039
I 06.08/07:10:26 solver.py:413 ] => Test NMSE: -1.7829e+01

I 06.08/07:10:26 solver.py:345 ] => LoRA monitor [epoch=113] | trainable=163840/163840 | non_lora_trainable=0 | lora_l2=1.454292e+01 | lora_A_l2=5.162092e+00 | lora_B_l2=1.359593e+01 | component_l2=fc_decoder:1.454292e+01 | lora_abs_max=2.071154e-01 | delta_l2=1.441207e+01 | delta_rel=6.256218e+00 | train_loss=8.143367e-03 | test_loss=8.243418e-03 | nmse=-1.782863e+01
I 06.08/07:10:26 solver.py:224 ] 
=! Best NMSE: -1.7829e+01 (epoch=110)

I 06.08/07:10:26 solver.py:159 ] Epoch: [114/200][20/282] lr: 2.63e-04 | MSE loss: 7.0692e-03 | time: 0.038
I 06.08/07:10:27 solver.py:159 ] Epoch: [114/200][40/282] lr: 2.63e-04 | MSE loss: 8.7955e-03 | time: 0.040
I 06.08/07:10:28 solver.py:159 ] Epoch: [114/200][60/282] lr: 2.62e-04 | MSE loss: 7.8359e-03 | time: 0.040
I 06.08/07:10:29 solver.py:159 ] Epoch: [114/200][80/282] lr: 2.62e-04 | MSE loss: 7.5484e-03 | time: 0.041
I 06.08/07:10:30 solver.py:159 ] Epoch: [114/200][100/282] lr: 2.62e-04 | MSE loss: 7.6201e-03 | time: 0.041
I 06.08/07:10:31 solver.py:159 ] Epoch: [114/200][120/282] lr: 2.62e-04 | MSE loss: 7.7483e-03 | time: 0.042
I 06.08/07:10:31 solver.py:159 ] Epoch: [114/200][140/282] lr: 2.61e-04 | MSE loss: 8.0910e-03 | time: 0.042
I 06.08/07:10:32 solver.py:159 ] Epoch: [114/200][160/282] lr: 2.61e-04 | MSE loss: 8.4569e-03 | time: 0.041
I 06.08/07:10:33 solver.py:159 ] Epoch: [114/200][180/282] lr: 2.61e-04 | MSE loss: 8.2938e-03 | time: 0.041
I 06.08/07:10:34 solver.py:159 ] Epoch: [114/200][200/282] lr: 2.60e-04 | MSE loss: 8.6982e-03 | time: 0.042
I 06.08/07:10:35 solver.py:159 ] Epoch: [114/200][220/282] lr: 2.60e-04 | MSE loss: 8.5642e-03 | time: 0.042
I 06.08/07:10:36 solver.py:159 ] Epoch: [114/200][240/282] lr: 2.60e-04 | MSE loss: 8.3315e-03 | time: 0.042
I 06.08/07:10:37 solver.py:159 ] Epoch: [114/200][260/282] lr: 2.60e-04 | MSE loss: 8.3284e-03 | time: 0.042
I 06.08/07:10:37 solver.py:159 ] Epoch: [114/200][280/282] lr: 2.59e-04 | MSE loss: 8.1850e-03 | time: 0.042
I 06.08/07:10:38 solver.py:169 ] => Train  Loss: 8.1419e-03

I 06.08/07:10:38 solver.py:405 ] [20/32] loss: 9.3624e-03 | NMSE: -1.6779e+01 | time: 0.039
I 06.08/07:10:39 solver.py:413 ] => Test NMSE: -1.7829e+01

I 06.08/07:10:39 solver.py:345 ] => LoRA monitor [epoch=114] | trainable=163840/163840 | non_lora_trainable=0 | lora_l2=1.457763e+01 | lora_A_l2=5.173493e+00 | lora_B_l2=1.362873e+01 | component_l2=fc_decoder:1.457763e+01 | lora_abs_max=2.041821e-01 | delta_l2=1.444726e+01 | delta_rel=6.271497e+00 | train_loss=8.141888e-03 | test_loss=8.243284e-03 | nmse=-1.782870e+01
I 06.08/07:10:39 solver.py:224 ] 
=! Best NMSE: -1.7829e+01 (epoch=110)

I 06.08/07:10:40 solver.py:159 ] Epoch: [115/200][20/282] lr: 2.59e-04 | MSE loss: 6.8666e-03 | time: 0.043
I 06.08/07:10:40 solver.py:159 ] Epoch: [115/200][40/282] lr: 2.59e-04 | MSE loss: 7.7784e-03 | time: 0.043
I 06.08/07:10:41 solver.py:159 ] Epoch: [115/200][60/282] lr: 2.58e-04 | MSE loss: 7.6644e-03 | time: 0.041
I 06.08/07:10:42 solver.py:159 ] Epoch: [115/200][80/282] lr: 2.58e-04 | MSE loss: 7.5669e-03 | time: 0.039
I 06.08/07:10:43 solver.py:159 ] Epoch: [115/200][100/282] lr: 2.58e-04 | MSE loss: 7.9186e-03 | time: 0.039
I 06.08/07:10:43 solver.py:159 ] Epoch: [115/200][120/282] lr: 2.58e-04 | MSE loss: 7.8346e-03 | time: 0.038
I 06.08/07:10:44 solver.py:159 ] Epoch: [115/200][140/282] lr: 2.57e-04 | MSE loss: 7.9178e-03 | time: 0.039
I 06.08/07:10:45 solver.py:159 ] Epoch: [115/200][160/282] lr: 2.57e-04 | MSE loss: 7.9639e-03 | time: 0.039
I 06.08/07:10:46 solver.py:159 ] Epoch: [115/200][180/282] lr: 2.57e-04 | MSE loss: 7.7524e-03 | time: 0.040
I 06.08/07:10:47 solver.py:159 ] Epoch: [115/200][200/282] lr: 2.57e-04 | MSE loss: 7.8924e-03 | time: 0.041
I 06.08/07:10:48 solver.py:159 ] Epoch: [115/200][220/282] lr: 2.56e-04 | MSE loss: 7.7805e-03 | time: 0.042
I 06.08/07:10:49 solver.py:159 ] Epoch: [115/200][240/282] lr: 2.56e-04 | MSE loss: 8.0514e-03 | time: 0.042
I 06.08/07:10:50 solver.py:159 ] Epoch: [115/200][260/282] lr: 2.56e-04 | MSE loss: 8.0652e-03 | time: 0.042
I 06.08/07:10:51 solver.py:159 ] Epoch: [115/200][280/282] lr: 2.55e-04 | MSE loss: 8.1705e-03 | time: 0.043
I 06.08/07:10:51 solver.py:169 ] => Train  Loss: 8.1417e-03

I 06.08/07:10:52 solver.py:405 ] [20/32] loss: 9.3623e-03 | NMSE: -1.6779e+01 | time: 0.046
I 06.08/07:10:52 solver.py:413 ] => Test NMSE: -1.7829e+01

I 06.08/07:10:52 solver.py:345 ] => LoRA monitor [epoch=115] | trainable=163840/163840 | non_lora_trainable=0 | lora_l2=1.461325e+01 | lora_A_l2=5.184436e+00 | lora_B_l2=1.366267e+01 | component_l2=fc_decoder:1.461325e+01 | lora_abs_max=2.057524e-01 | delta_l2=1.448327e+01 | delta_rel=6.287129e+00 | train_loss=8.141740e-03 | test_loss=8.243309e-03 | nmse=-1.782868e+01
I 06.08/07:10:52 solver.py:224 ] 
=! Best NMSE: -1.7829e+01 (epoch=110)

I 06.08/07:10:53 solver.py:159 ] Epoch: [116/200][20/282] lr: 2.55e-04 | MSE loss: 8.0484e-03 | time: 0.049
I 06.08/07:10:54 solver.py:159 ] Epoch: [116/200][40/282] lr: 2.55e-04 | MSE loss: 8.0619e-03 | time: 0.046
I 06.08/07:10:55 solver.py:159 ] Epoch: [116/200][60/282] lr: 2.55e-04 | MSE loss: 7.6197e-03 | time: 0.045
I 06.08/07:10:56 solver.py:159 ] Epoch: [116/200][80/282] lr: 2.54e-04 | MSE loss: 7.4787e-03 | time: 0.046
I 06.08/07:10:57 solver.py:159 ] Epoch: [116/200][100/282] lr: 2.54e-04 | MSE loss: 7.4657e-03 | time: 0.046
I 06.08/07:10:58 solver.py:159 ] Epoch: [116/200][120/282] lr: 2.54e-04 | MSE loss: 7.3565e-03 | time: 0.045
I 06.08/07:10:59 solver.py:159 ] Epoch: [116/200][140/282] lr: 2.53e-04 | MSE loss: 7.5767e-03 | time: 0.045
I 06.08/07:11:00 solver.py:159 ] Epoch: [116/200][160/282] lr: 2.53e-04 | MSE loss: 7.8119e-03 | time: 0.045
I 06.08/07:11:01 solver.py:159 ] Epoch: [116/200][180/282] lr: 2.53e-04 | MSE loss: 7.8932e-03 | time: 0.046
I 06.08/07:11:02 solver.py:159 ] Epoch: [116/200][200/282] lr: 2.53e-04 | MSE loss: 8.0519e-03 | time: 0.050
I 06.08/07:11:04 solver.py:159 ] Epoch: [116/200][220/282] lr: 2.52e-04 | MSE loss: 7.9653e-03 | time: 0.054
I 06.08/07:11:05 solver.py:159 ] Epoch: [116/200][240/282] lr: 2.52e-04 | MSE loss: 8.1490e-03 | time: 0.053
I 06.08/07:11:06 solver.py:159 ] Epoch: [116/200][260/282] lr: 2.52e-04 | MSE loss: 8.1921e-03 | time: 0.052
I 06.08/07:11:07 solver.py:159 ] Epoch: [116/200][280/282] lr: 2.52e-04 | MSE loss: 8.1567e-03 | time: 0.052
I 06.08/07:11:07 solver.py:169 ] => Train  Loss: 8.1480e-03

I 06.08/07:11:08 solver.py:405 ] [20/32] loss: 9.3621e-03 | NMSE: -1.6779e+01 | time: 0.039
I 06.08/07:11:08 solver.py:413 ] => Test NMSE: -1.7829e+01

I 06.08/07:11:08 solver.py:345 ] => LoRA monitor [epoch=116] | trainable=163840/163840 | non_lora_trainable=0 | lora_l2=1.464945e+01 | lora_A_l2=5.196416e+00 | lora_B_l2=1.369685e+01 | component_l2=fc_decoder:1.464945e+01 | lora_abs_max=2.063805e-01 | delta_l2=1.451955e+01 | delta_rel=6.302878e+00 | train_loss=8.148023e-03 | test_loss=8.243112e-03 | nmse=-1.782879e+01
I 06.08/07:11:08 solver.py:224 ] 
=! Best NMSE: -1.7829e+01 (epoch=110)

I 06.08/07:11:09 solver.py:159 ] Epoch: [117/200][20/282] lr: 2.51e-04 | MSE loss: 6.1825e-03 | time: 0.049
I 06.08/07:11:10 solver.py:159 ] Epoch: [117/200][40/282] lr: 2.51e-04 | MSE loss: 6.0943e-03 | time: 0.049
I 06.08/07:11:11 solver.py:159 ] Epoch: [117/200][60/282] lr: 2.51e-04 | MSE loss: 6.9273e-03 | time: 0.047
I 06.08/07:11:12 solver.py:159 ] Epoch: [117/200][80/282] lr: 2.50e-04 | MSE loss: 7.6193e-03 | time: 0.047
I 06.08/07:11:13 solver.py:159 ] Epoch: [117/200][100/282] lr: 2.50e-04 | MSE loss: 7.8914e-03 | time: 0.046
I 06.08/07:11:14 solver.py:159 ] Epoch: [117/200][120/282] lr: 2.50e-04 | MSE loss: 8.4774e-03 | time: 0.045
I 06.08/07:11:14 solver.py:159 ] Epoch: [117/200][140/282] lr: 2.50e-04 | MSE loss: 8.3828e-03 | time: 0.045
I 06.08/07:11:15 solver.py:159 ] Epoch: [117/200][160/282] lr: 2.49e-04 | MSE loss: 8.2612e-03 | time: 0.045
I 06.08/07:11:17 solver.py:159 ] Epoch: [117/200][180/282] lr: 2.49e-04 | MSE loss: 8.2463e-03 | time: 0.046
I 06.08/07:11:17 solver.py:159 ] Epoch: [117/200][200/282] lr: 2.49e-04 | MSE loss: 8.1148e-03 | time: 0.046
I 06.08/07:11:18 solver.py:159 ] Epoch: [117/200][220/282] lr: 2.48e-04 | MSE loss: 8.1569e-03 | time: 0.046
I 06.08/07:11:19 solver.py:159 ] Epoch: [117/200][240/282] lr: 2.48e-04 | MSE loss: 8.0405e-03 | time: 0.046
I 06.08/07:11:20 solver.py:159 ] Epoch: [117/200][260/282] lr: 2.48e-04 | MSE loss: 8.0845e-03 | time: 0.045
I 06.08/07:11:21 solver.py:159 ] Epoch: [117/200][280/282] lr: 2.48e-04 | MSE loss: 8.1546e-03 | time: 0.045
I 06.08/07:11:21 solver.py:169 ] => Train  Loss: 8.2044e-03

I 06.08/07:11:22 solver.py:405 ] [20/32] loss: 9.3623e-03 | NMSE: -1.6779e+01 | time: 0.039
I 06.08/07:11:22 solver.py:413 ] => Test NMSE: -1.7829e+01

I 06.08/07:11:22 solver.py:345 ] => LoRA monitor [epoch=117] | trainable=163840/163840 | non_lora_trainable=0 | lora_l2=1.468535e+01 | lora_A_l2=5.208831e+00 | lora_B_l2=1.373054e+01 | component_l2=fc_decoder:1.468535e+01 | lora_abs_max=2.063129e-01 | delta_l2=1.455609e+01 | delta_rel=6.318738e+00 | train_loss=8.204398e-03 | test_loss=8.243280e-03 | nmse=-1.782870e+01
I 06.08/07:11:22 solver.py:224 ] 
=! Best NMSE: -1.7829e+01 (epoch=110)

I 06.08/07:11:23 solver.py:159 ] Epoch: [118/200][20/282] lr: 2.47e-04 | MSE loss: 7.1358e-03 | time: 0.047
I 06.08/07:11:24 solver.py:159 ] Epoch: [118/200][40/282] lr: 2.47e-04 | MSE loss: 6.9674e-03 | time: 0.046
I 06.08/07:11:25 solver.py:159 ] Epoch: [118/200][60/282] lr: 2.47e-04 | MSE loss: 7.4768e-03 | time: 0.049
I 06.08/07:11:26 solver.py:159 ] Epoch: [118/200][80/282] lr: 2.46e-04 | MSE loss: 7.0110e-03 | time: 0.049
I 06.08/07:11:27 solver.py:159 ] Epoch: [118/200][100/282] lr: 2.46e-04 | MSE loss: 7.5144e-03 | time: 0.049
I 06.08/07:11:28 solver.py:159 ] Epoch: [118/200][120/282] lr: 2.46e-04 | MSE loss: 7.3089e-03 | time: 0.047
I 06.08/07:11:29 solver.py:159 ] Epoch: [118/200][140/282] lr: 2.46e-04 | MSE loss: 7.1824e-03 | time: 0.047
I 06.08/07:11:30 solver.py:159 ] Epoch: [118/200][160/282] lr: 2.45e-04 | MSE loss: 7.3341e-03 | time: 0.047
I 06.08/07:11:31 solver.py:159 ] Epoch: [118/200][180/282] lr: 2.45e-04 | MSE loss: 7.3732e-03 | time: 0.047
I 06.08/07:11:32 solver.py:159 ] Epoch: [118/200][200/282] lr: 2.45e-04 | MSE loss: 7.2870e-03 | time: 0.047
I 06.08/07:11:33 solver.py:159 ] Epoch: [118/200][220/282] lr: 2.45e-04 | MSE loss: 7.4575e-03 | time: 0.048
I 06.08/07:11:34 solver.py:159 ] Epoch: [118/200][240/282] lr: 2.44e-04 | MSE loss: 7.5879e-03 | time: 0.048
I 06.08/07:11:35 solver.py:159 ] Epoch: [118/200][260/282] lr: 2.44e-04 | MSE loss: 8.0441e-03 | time: 0.048
I 06.08/07:11:36 solver.py:159 ] Epoch: [118/200][280/282] lr: 2.44e-04 | MSE loss: 8.1383e-03 | time: 0.047
I 06.08/07:11:36 solver.py:169 ] => Train  Loss: 8.1420e-03

I 06.08/07:11:36 solver.py:405 ] [20/32] loss: 9.3627e-03 | NMSE: -1.6779e+01 | time: 0.036
I 06.08/07:11:37 solver.py:413 ] => Test NMSE: -1.7829e+01

I 06.08/07:11:37 solver.py:345 ] => LoRA monitor [epoch=118] | trainable=163840/163840 | non_lora_trainable=0 | lora_l2=1.472256e+01 | lora_A_l2=5.222871e+00 | lora_B_l2=1.376501e+01 | component_l2=fc_decoder:1.472256e+01 | lora_abs_max=2.073973e-01 | delta_l2=1.459379e+01 | delta_rel=6.335105e+00 | train_loss=8.142044e-03 | test_loss=8.243614e-03 | nmse=-1.782852e+01
I 06.08/07:11:37 solver.py:224 ] 
=! Best NMSE: -1.7829e+01 (epoch=110)

I 06.08/07:11:38 solver.py:159 ] Epoch: [119/200][20/282] lr: 2.43e-04 | MSE loss: 9.5555e-03 | time: 0.044
I 06.08/07:11:39 solver.py:159 ] Epoch: [119/200][40/282] lr: 2.43e-04 | MSE loss: 9.1201e-03 | time: 0.044
I 06.08/07:11:40 solver.py:159 ] Epoch: [119/200][60/282] lr: 2.43e-04 | MSE loss: 8.1913e-03 | time: 0.045
I 06.08/07:11:41 solver.py:159 ] Epoch: [119/200][80/282] lr: 2.43e-04 | MSE loss: 8.1552e-03 | time: 0.046
I 06.08/07:11:41 solver.py:159 ] Epoch: [119/200][100/282] lr: 2.42e-04 | MSE loss: 8.0871e-03 | time: 0.046
I 06.08/07:11:42 solver.py:159 ] Epoch: [119/200][120/282] lr: 2.42e-04 | MSE loss: 7.7851e-03 | time: 0.046
I 06.08/07:11:43 solver.py:159 ] Epoch: [119/200][140/282] lr: 2.42e-04 | MSE loss: 7.7705e-03 | time: 0.046
I 06.08/07:11:44 solver.py:159 ] Epoch: [119/200][160/282] lr: 2.41e-04 | MSE loss: 7.8933e-03 | time: 0.046
I 06.08/07:11:45 solver.py:159 ] Epoch: [119/200][180/282] lr: 2.41e-04 | MSE loss: 7.8918e-03 | time: 0.046
I 06.08/07:11:46 solver.py:159 ] Epoch: [119/200][200/282] lr: 2.41e-04 | MSE loss: 7.9048e-03 | time: 0.045
I 06.08/07:11:47 solver.py:159 ] Epoch: [119/200][220/282] lr: 2.41e-04 | MSE loss: 8.0070e-03 | time: 0.045
I 06.08/07:11:47 solver.py:159 ] Epoch: [119/200][240/282] lr: 2.40e-04 | MSE loss: 8.0281e-03 | time: 0.044
I 06.08/07:11:48 solver.py:159 ] Epoch: [119/200][260/282] lr: 2.40e-04 | MSE loss: 8.0716e-03 | time: 0.044
I 06.08/07:11:49 solver.py:159 ] Epoch: [119/200][280/282] lr: 2.40e-04 | MSE loss: 8.1646e-03 | time: 0.044
I 06.08/07:11:49 solver.py:169 ] => Train  Loss: 8.1432e-03

I 06.08/07:11:50 solver.py:405 ] [20/32] loss: 9.3618e-03 | NMSE: -1.6779e+01 | time: 0.037
I 06.08/07:11:50 solver.py:413 ] => Test NMSE: -1.7829e+01

I 06.08/07:11:50 solver.py:345 ] => LoRA monitor [epoch=119] | trainable=163840/163840 | non_lora_trainable=0 | lora_l2=1.475329e+01 | lora_A_l2=5.231235e+00 | lora_B_l2=1.379470e+01 | component_l2=fc_decoder:1.475329e+01 | lora_abs_max=2.074944e-01 | delta_l2=1.462485e+01 | delta_rel=6.348585e+00 | train_loss=8.143183e-03 | test_loss=8.242926e-03 | nmse=-1.782889e+01
I 06.08/07:11:51 solver.py:224 ] 
=! Best NMSE: -1.7829e+01 (epoch=119)

I 06.08/07:11:52 solver.py:159 ] Epoch: [120/200][20/282] lr: 2.40e-04 | MSE loss: 9.4374e-03 | time: 0.047
I 06.08/07:11:52 solver.py:159 ] Epoch: [120/200][40/282] lr: 2.39e-04 | MSE loss: 8.9578e-03 | time: 0.044
I 06.08/07:11:53 solver.py:159 ] Epoch: [120/200][60/282] lr: 2.39e-04 | MSE loss: 8.4525e-03 | time: 0.045
I 06.08/07:11:54 solver.py:159 ] Epoch: [120/200][80/282] lr: 2.39e-04 | MSE loss: 7.8810e-03 | time: 0.045
I 06.08/07:11:55 solver.py:159 ] Epoch: [120/200][100/282] lr: 2.38e-04 | MSE loss: 8.1981e-03 | time: 0.044
I 06.08/07:11:56 solver.py:159 ] Epoch: [120/200][120/282] lr: 2.38e-04 | MSE loss: 8.2794e-03 | time: 0.044
I 06.08/07:11:57 solver.py:159 ] Epoch: [120/200][140/282] lr: 2.38e-04 | MSE loss: 8.0730e-03 | time: 0.045
I 06.08/07:11:58 solver.py:159 ] Epoch: [120/200][160/282] lr: 2.38e-04 | MSE loss: 8.0816e-03 | time: 0.045
I 06.08/07:11:59 solver.py:159 ] Epoch: [120/200][180/282] lr: 2.37e-04 | MSE loss: 7.9852e-03 | time: 0.045
I 06.08/07:12:00 solver.py:159 ] Epoch: [120/200][200/282] lr: 2.37e-04 | MSE loss: 8.0037e-03 | time: 0.044
I 06.08/07:12:01 solver.py:159 ] Epoch: [120/200][220/282] lr: 2.37e-04 | MSE loss: 7.9339e-03 | time: 0.046
I 06.08/07:12:02 solver.py:159 ] Epoch: [120/200][240/282] lr: 2.37e-04 | MSE loss: 7.9214e-03 | time: 0.049
I 06.08/07:12:04 solver.py:159 ] Epoch: [120/200][260/282] lr: 2.36e-04 | MSE loss: 8.0208e-03 | time: 0.052
I 06.08/07:12:05 solver.py:159 ] Epoch: [120/200][280/282] lr: 2.36e-04 | MSE loss: 8.0914e-03 | time: 0.052
I 06.08/07:12:05 solver.py:169 ] => Train  Loss: 8.2168e-03

I 06.08/07:12:06 solver.py:159 ] Epoch: [120/200][20/32] lr: 2.36e-04 | MSE loss: 9.3621e-03 | time: 0.036
I 06.08/07:12:06 solver.py:169 ] => Val  Loss: 8.0586e-03

I 06.08/07:12:07 solver.py:405 ] [20/32] loss: 9.3621e-03 | NMSE: -1.6779e+01 | time: 0.041
I 06.08/07:12:08 solver.py:413 ] => Test NMSE: -1.7829e+01

I 06.08/07:12:08 solver.py:345 ] => LoRA monitor [epoch=120] | trainable=163840/163840 | non_lora_trainable=0 | lora_l2=1.478728e+01 | lora_A_l2=5.243498e+00 | lora_B_l2=1.382640e+01 | component_l2=fc_decoder:1.478728e+01 | lora_abs_max=2.069712e-01 | delta_l2=1.465898e+01 | delta_rel=6.363403e+00 | train_loss=8.216776e-03 | val_loss=8.058575e-03 | test_loss=8.243242e-03 | nmse=-1.782872e+01
I 06.08/07:12:08 solver.py:224 ] 
=! Best NMSE: -1.7829e+01 (epoch=119)

I 06.08/07:12:09 solver.py:159 ] Epoch: [121/200][20/282] lr: 2.36e-04 | MSE loss: 8.8433e-03 | time: 0.050
I 06.08/07:12:10 solver.py:159 ] Epoch: [121/200][40/282] lr: 2.35e-04 | MSE loss: 9.4175e-03 | time: 0.048
I 06.08/07:12:10 solver.py:159 ] Epoch: [121/200][60/282] lr: 2.35e-04 | MSE loss: 8.5367e-03 | time: 0.044
I 06.08/07:12:11 solver.py:159 ] Epoch: [121/200][80/282] lr: 2.35e-04 | MSE loss: 8.4467e-03 | time: 0.042
I 06.08/07:12:12 solver.py:159 ] Epoch: [121/200][100/282] lr: 2.35e-04 | MSE loss: 8.2067e-03 | time: 0.043
I 06.08/07:12:13 solver.py:159 ] Epoch: [121/200][120/282] lr: 2.34e-04 | MSE loss: 8.5310e-03 | time: 0.042
I 06.08/07:12:14 solver.py:159 ] Epoch: [121/200][140/282] lr: 2.34e-04 | MSE loss: 8.7370e-03 | time: 0.042
I 06.08/07:12:14 solver.py:159 ] Epoch: [121/200][160/282] lr: 2.34e-04 | MSE loss: 8.3222e-03 | time: 0.042
I 06.08/07:12:15 solver.py:159 ] Epoch: [121/200][180/282] lr: 2.33e-04 | MSE loss: 8.4644e-03 | time: 0.042
I 06.08/07:12:16 solver.py:159 ] Epoch: [121/200][200/282] lr: 2.33e-04 | MSE loss: 8.2613e-03 | time: 0.043
I 06.08/07:12:17 solver.py:159 ] Epoch: [121/200][220/282] lr: 2.33e-04 | MSE loss: 8.2595e-03 | time: 0.043
I 06.08/07:12:18 solver.py:159 ] Epoch: [121/200][240/282] lr: 2.33e-04 | MSE loss: 8.1103e-03 | time: 0.043
I 06.08/07:12:19 solver.py:159 ] Epoch: [121/200][260/282] lr: 2.32e-04 | MSE loss: 8.0987e-03 | time: 0.043
I 06.08/07:12:20 solver.py:159 ] Epoch: [121/200][280/282] lr: 2.32e-04 | MSE loss: 8.1917e-03 | time: 0.043
I 06.08/07:12:20 solver.py:169 ] => Train  Loss: 8.1432e-03

I 06.08/07:12:21 solver.py:405 ] [20/32] loss: 9.3618e-03 | NMSE: -1.6779e+01 | time: 0.040
I 06.08/07:12:21 solver.py:413 ] => Test NMSE: -1.7829e+01

I 06.08/07:12:21 solver.py:345 ] => LoRA monitor [epoch=121] | trainable=163840/163840 | non_lora_trainable=0 | lora_l2=1.481881e+01 | lora_A_l2=5.252973e+00 | lora_B_l2=1.385653e+01 | component_l2=fc_decoder:1.481881e+01 | lora_abs_max=2.079221e-01 | delta_l2=1.469079e+01 | delta_rel=6.377211e+00 | train_loss=8.143200e-03 | test_loss=8.243034e-03 | nmse=-1.782883e+01
I 06.08/07:12:21 solver.py:224 ] 
=! Best NMSE: -1.7829e+01 (epoch=119)

I 06.08/07:12:22 solver.py:159 ] Epoch: [122/200][20/282] lr: 2.32e-04 | MSE loss: 6.6492e-03 | time: 0.047
I 06.08/07:12:23 solver.py:159 ] Epoch: [122/200][40/282] lr: 2.32e-04 | MSE loss: 8.1068e-03 | time: 0.049
I 06.08/07:12:24 solver.py:159 ] Epoch: [122/200][60/282] lr: 2.31e-04 | MSE loss: 8.2418e-03 | time: 0.048
I 06.08/07:12:25 solver.py:159 ] Epoch: [122/200][80/282] lr: 2.31e-04 | MSE loss: 8.4273e-03 | time: 0.047
I 06.08/07:12:26 solver.py:159 ] Epoch: [122/200][100/282] lr: 2.31e-04 | MSE loss: 8.4318e-03 | time: 0.048
I 06.08/07:12:27 solver.py:159 ] Epoch: [122/200][120/282] lr: 2.30e-04 | MSE loss: 8.3746e-03 | time: 0.048
I 06.08/07:12:28 solver.py:159 ] Epoch: [122/200][140/282] lr: 2.30e-04 | MSE loss: 7.9265e-03 | time: 0.047
I 06.08/07:12:29 solver.py:159 ] Epoch: [122/200][160/282] lr: 2.30e-04 | MSE loss: 8.0180e-03 | time: 0.047
I 06.08/07:12:29 solver.py:159 ] Epoch: [122/200][180/282] lr: 2.30e-04 | MSE loss: 8.0040e-03 | time: 0.046
I 06.08/07:12:30 solver.py:159 ] Epoch: [122/200][200/282] lr: 2.29e-04 | MSE loss: 7.9493e-03 | time: 0.046
I 06.08/07:12:31 solver.py:159 ] Epoch: [122/200][220/282] lr: 2.29e-04 | MSE loss: 8.1129e-03 | time: 0.047
I 06.08/07:12:32 solver.py:159 ] Epoch: [122/200][240/282] lr: 2.29e-04 | MSE loss: 8.0947e-03 | time: 0.047
I 06.08/07:12:33 solver.py:159 ] Epoch: [122/200][260/282] lr: 2.29e-04 | MSE loss: 8.1094e-03 | time: 0.046
I 06.08/07:12:34 solver.py:159 ] Epoch: [122/200][280/282] lr: 2.28e-04 | MSE loss: 8.1624e-03 | time: 0.046
I 06.08/07:12:34 solver.py:169 ] => Train  Loss: 8.1431e-03

I 06.08/07:12:35 solver.py:405 ] [20/32] loss: 9.3619e-03 | NMSE: -1.6779e+01 | time: 0.039
I 06.08/07:12:36 solver.py:413 ] => Test NMSE: -1.7829e+01

I 06.08/07:12:36 solver.py:345 ] => LoRA monitor [epoch=122] | trainable=163840/163840 | non_lora_trainable=0 | lora_l2=1.484973e+01 | lora_A_l2=5.263201e+00 | lora_B_l2=1.388572e+01 | component_l2=fc_decoder:1.484973e+01 | lora_abs_max=2.098513e-01 | delta_l2=1.472216e+01 | delta_rel=6.390831e+00 | train_loss=8.143080e-03 | test_loss=8.242967e-03 | nmse=-1.782887e+01
I 06.08/07:12:36 solver.py:224 ] 
=! Best NMSE: -1.7829e+01 (epoch=119)

I 06.08/07:12:37 solver.py:159 ] Epoch: [123/200][20/282] lr: 2.28e-04 | MSE loss: 7.0358e-03 | time: 0.054
I 06.08/07:12:38 solver.py:159 ] Epoch: [123/200][40/282] lr: 2.28e-04 | MSE loss: 8.9761e-03 | time: 0.049
I 06.08/07:12:39 solver.py:159 ] Epoch: [123/200][60/282] lr: 2.27e-04 | MSE loss: 8.7812e-03 | time: 0.048
I 06.08/07:12:39 solver.py:159 ] Epoch: [123/200][80/282] lr: 2.27e-04 | MSE loss: 8.8548e-03 | time: 0.046
I 06.08/07:12:40 solver.py:159 ] Epoch: [123/200][100/282] lr: 2.27e-04 | MSE loss: 8.7466e-03 | time: 0.045
I 06.08/07:12:41 solver.py:159 ] Epoch: [123/200][120/282] lr: 2.27e-04 | MSE loss: 8.6715e-03 | time: 0.046
I 06.08/07:12:42 solver.py:159 ] Epoch: [123/200][140/282] lr: 2.26e-04 | MSE loss: 8.6664e-03 | time: 0.047
I 06.08/07:12:43 solver.py:159 ] Epoch: [123/200][160/282] lr: 2.26e-04 | MSE loss: 8.3748e-03 | time: 0.048
I 06.08/07:12:44 solver.py:159 ] Epoch: [123/200][180/282] lr: 2.26e-04 | MSE loss: 8.1850e-03 | time: 0.047
I 06.08/07:12:45 solver.py:159 ] Epoch: [123/200][200/282] lr: 2.25e-04 | MSE loss: 8.2761e-03 | time: 0.047
I 06.08/07:12:46 solver.py:159 ] Epoch: [123/200][220/282] lr: 2.25e-04 | MSE loss: 8.2537e-03 | time: 0.047
I 06.08/07:12:47 solver.py:159 ] Epoch: [123/200][240/282] lr: 2.25e-04 | MSE loss: 8.2545e-03 | time: 0.047
I 06.08/07:12:48 solver.py:159 ] Epoch: [123/200][260/282] lr: 2.25e-04 | MSE loss: 8.3166e-03 | time: 0.047
I 06.08/07:12:49 solver.py:159 ] Epoch: [123/200][280/282] lr: 2.24e-04 | MSE loss: 8.1427e-03 | time: 0.047
I 06.08/07:12:49 solver.py:169 ] => Train  Loss: 8.1548e-03

I 06.08/07:12:50 solver.py:405 ] [20/32] loss: 9.3620e-03 | NMSE: -1.6779e+01 | time: 0.038
I 06.08/07:12:50 solver.py:413 ] => Test NMSE: -1.7829e+01

I 06.08/07:12:50 solver.py:345 ] => LoRA monitor [epoch=123] | trainable=163840/163840 | non_lora_trainable=0 | lora_l2=1.488297e+01 | lora_A_l2=5.277692e+00 | lora_B_l2=1.391578e+01 | component_l2=fc_decoder:1.488297e+01 | lora_abs_max=2.094454e-01 | delta_l2=1.475571e+01 | delta_rel=6.405395e+00 | train_loss=8.154811e-03 | test_loss=8.243147e-03 | nmse=-1.782877e+01
I 06.08/07:12:50 solver.py:224 ] 
=! Best NMSE: -1.7829e+01 (epoch=119)

I 06.08/07:12:51 solver.py:159 ] Epoch: [124/200][20/282] lr: 2.24e-04 | MSE loss: 1.0596e-02 | time: 0.045
I 06.08/07:12:52 solver.py:159 ] Epoch: [124/200][40/282] lr: 2.24e-04 | MSE loss: 1.0306e-02 | time: 0.041
I 06.08/07:12:53 solver.py:159 ] Epoch: [124/200][60/282] lr: 2.24e-04 | MSE loss: 9.4823e-03 | time: 0.042
I 06.08/07:12:53 solver.py:159 ] Epoch: [124/200][80/282] lr: 2.23e-04 | MSE loss: 9.2401e-03 | time: 0.043
I 06.08/07:12:54 solver.py:159 ] Epoch: [124/200][100/282] lr: 2.23e-04 | MSE loss: 9.2209e-03 | time: 0.044
I 06.08/07:12:55 solver.py:159 ] Epoch: [124/200][120/282] lr: 2.23e-04 | MSE loss: 9.0489e-03 | time: 0.044
I 06.08/07:12:56 solver.py:159 ] Epoch: [124/200][140/282] lr: 2.22e-04 | MSE loss: 8.5404e-03 | time: 0.044
I 06.08/07:12:57 solver.py:159 ] Epoch: [124/200][160/282] lr: 2.22e-04 | MSE loss: 8.3963e-03 | time: 0.044
I 06.08/07:12:58 solver.py:159 ] Epoch: [124/200][180/282] lr: 2.22e-04 | MSE loss: 8.3197e-03 | time: 0.044
I 06.08/07:12:59 solver.py:159 ] Epoch: [124/200][200/282] lr: 2.22e-04 | MSE loss: 7.9908e-03 | time: 0.044
I 06.08/07:13:00 solver.py:159 ] Epoch: [124/200][220/282] lr: 2.21e-04 | MSE loss: 7.9697e-03 | time: 0.045
I 06.08/07:13:02 solver.py:159 ] Epoch: [124/200][240/282] lr: 2.21e-04 | MSE loss: 8.4107e-03 | time: 0.051
I 06.08/07:13:05 solver.py:159 ] Epoch: [124/200][260/282] lr: 2.21e-04 | MSE loss: 8.2429e-03 | time: 0.057
I 06.08/07:13:06 solver.py:159 ] Epoch: [124/200][280/282] lr: 2.21e-04 | MSE loss: 8.1887e-03 | time: 0.056
I 06.08/07:13:06 solver.py:169 ] => Train  Loss: 8.1413e-03

I 06.08/07:13:07 solver.py:405 ] [20/32] loss: 9.3618e-03 | NMSE: -1.6779e+01 | time: 0.048
I 06.08/07:13:07 solver.py:413 ] => Test NMSE: -1.7829e+01

I 06.08/07:13:07 solver.py:345 ] => LoRA monitor [epoch=124] | trainable=163840/163840 | non_lora_trainable=0 | lora_l2=1.491143e+01 | lora_A_l2=5.287561e+00 | lora_B_l2=1.394247e+01 | component_l2=fc_decoder:1.491143e+01 | lora_abs_max=2.095672e-01 | delta_l2=1.478449e+01 | delta_rel=6.417885e+00 | train_loss=8.141288e-03 | test_loss=8.242880e-03 | nmse=-1.782891e+01
I 06.08/07:13:08 solver.py:224 ] 
=! Best NMSE: -1.7829e+01 (epoch=124)

I 06.08/07:13:09 solver.py:159 ] Epoch: [125/200][20/282] lr: 2.20e-04 | MSE loss: 7.8986e-03 | time: 0.054
I 06.08/07:13:10 solver.py:159 ] Epoch: [125/200][40/282] lr: 2.20e-04 | MSE loss: 7.4587e-03 | time: 0.049
I 06.08/07:13:11 solver.py:159 ] Epoch: [125/200][60/282] lr: 2.20e-04 | MSE loss: 6.8044e-03 | time: 0.049
I 06.08/07:13:12 solver.py:159 ] Epoch: [125/200][80/282] lr: 2.19e-04 | MSE loss: 6.6263e-03 | time: 0.048
I 06.08/07:13:12 solver.py:159 ] Epoch: [125/200][100/282] lr: 2.19e-04 | MSE loss: 7.2552e-03 | time: 0.047
I 06.08/07:13:13 solver.py:159 ] Epoch: [125/200][120/282] lr: 2.19e-04 | MSE loss: 7.5947e-03 | time: 0.047
I 06.08/07:13:14 solver.py:159 ] Epoch: [125/200][140/282] lr: 2.19e-04 | MSE loss: 7.5906e-03 | time: 0.047
I 06.08/07:13:15 solver.py:159 ] Epoch: [125/200][160/282] lr: 2.18e-04 | MSE loss: 7.5347e-03 | time: 0.046
I 06.08/07:13:16 solver.py:159 ] Epoch: [125/200][180/282] lr: 2.18e-04 | MSE loss: 8.3748e-03 | time: 0.046
I 06.08/07:13:17 solver.py:159 ] Epoch: [125/200][200/282] lr: 2.18e-04 | MSE loss: 8.2538e-03 | time: 0.046
I 06.08/07:13:18 solver.py:159 ] Epoch: [125/200][220/282] lr: 2.18e-04 | MSE loss: 8.1994e-03 | time: 0.045
I 06.08/07:13:18 solver.py:159 ] Epoch: [125/200][240/282] lr: 2.17e-04 | MSE loss: 8.1290e-03 | time: 0.045
I 06.08/07:13:19 solver.py:159 ] Epoch: [125/200][260/282] lr: 2.17e-04 | MSE loss: 8.1150e-03 | time: 0.045
I 06.08/07:13:20 solver.py:159 ] Epoch: [125/200][280/282] lr: 2.17e-04 | MSE loss: 8.1606e-03 | time: 0.044
I 06.08/07:13:20 solver.py:169 ] => Train  Loss: 8.1439e-03

I 06.08/07:13:21 solver.py:405 ] [20/32] loss: 9.3619e-03 | NMSE: -1.6779e+01 | time: 0.041
I 06.08/07:13:22 solver.py:413 ] => Test NMSE: -1.7829e+01

I 06.08/07:13:22 solver.py:345 ] => LoRA monitor [epoch=125] | trainable=163840/163840 | non_lora_trainable=0 | lora_l2=1.493905e+01 | lora_A_l2=5.297204e+00 | lora_B_l2=1.396835e+01 | component_l2=fc_decoder:1.493905e+01 | lora_abs_max=2.093261e-01 | delta_l2=1.481212e+01 | delta_rel=6.429880e+00 | train_loss=8.143948e-03 | test_loss=8.243012e-03 | nmse=-1.782884e+01
I 06.08/07:13:22 solver.py:224 ] 
=! Best NMSE: -1.7829e+01 (epoch=124)

I 06.08/07:13:23 solver.py:159 ] Epoch: [126/200][20/282] lr: 2.16e-04 | MSE loss: 7.6048e-03 | time: 0.042
I 06.08/07:13:23 solver.py:159 ] Epoch: [126/200][40/282] lr: 2.16e-04 | MSE loss: 7.0858e-03 | time: 0.044
I 06.08/07:13:24 solver.py:159 ] Epoch: [126/200][60/282] lr: 2.16e-04 | MSE loss: 7.9001e-03 | time: 0.044
I 06.08/07:13:25 solver.py:159 ] Epoch: [126/200][80/282] lr: 2.16e-04 | MSE loss: 7.9983e-03 | time: 0.044
I 06.08/07:13:26 solver.py:159 ] Epoch: [126/200][100/282] lr: 2.15e-04 | MSE loss: 8.0860e-03 | time: 0.044
I 06.08/07:13:27 solver.py:159 ] Epoch: [126/200][120/282] lr: 2.15e-04 | MSE loss: 8.3960e-03 | time: 0.044
I 06.08/07:13:28 solver.py:159 ] Epoch: [126/200][140/282] lr: 2.15e-04 | MSE loss: 8.3917e-03 | time: 0.044
I 06.08/07:13:29 solver.py:159 ] Epoch: [126/200][160/282] lr: 2.15e-04 | MSE loss: 8.7046e-03 | time: 0.045
I 06.08/07:13:30 solver.py:159 ] Epoch: [126/200][180/282] lr: 2.14e-04 | MSE loss: 8.4206e-03 | time: 0.045
I 06.08/07:13:31 solver.py:159 ] Epoch: [126/200][200/282] lr: 2.14e-04 | MSE loss: 8.3339e-03 | time: 0.046
I 06.08/07:13:32 solver.py:159 ] Epoch: [126/200][220/282] lr: 2.14e-04 | MSE loss: 8.5768e-03 | time: 0.046
I 06.08/07:13:33 solver.py:159 ] Epoch: [126/200][240/282] lr: 2.14e-04 | MSE loss: 8.5198e-03 | time: 0.046
I 06.08/07:13:34 solver.py:159 ] Epoch: [126/200][260/282] lr: 2.13e-04 | MSE loss: 8.1853e-03 | time: 0.046
I 06.08/07:13:35 solver.py:159 ] Epoch: [126/200][280/282] lr: 2.13e-04 | MSE loss: 8.1606e-03 | time: 0.046
I 06.08/07:13:35 solver.py:169 ] => Train  Loss: 8.1442e-03

I 06.08/07:13:36 solver.py:405 ] [20/32] loss: 9.3620e-03 | NMSE: -1.6779e+01 | time: 0.047
I 06.08/07:13:36 solver.py:413 ] => Test NMSE: -1.7829e+01

I 06.08/07:13:36 solver.py:345 ] => LoRA monitor [epoch=126] | trainable=163840/163840 | non_lora_trainable=0 | lora_l2=1.496913e+01 | lora_A_l2=5.309054e+00 | lora_B_l2=1.399602e+01 | component_l2=fc_decoder:1.496913e+01 | lora_abs_max=2.114760e-01 | delta_l2=1.484258e+01 | delta_rel=6.443100e+00 | train_loss=8.144173e-03 | test_loss=8.243150e-03 | nmse=-1.782877e+01
I 06.08/07:13:36 solver.py:224 ] 
=! Best NMSE: -1.7829e+01 (epoch=124)

I 06.08/07:13:37 solver.py:159 ] Epoch: [127/200][20/282] lr: 2.13e-04 | MSE loss: 1.0539e-02 | time: 0.047
I 06.08/07:13:38 solver.py:159 ] Epoch: [127/200][40/282] lr: 2.12e-04 | MSE loss: 1.0196e-02 | time: 0.045
I 06.08/07:13:39 solver.py:159 ] Epoch: [127/200][60/282] lr: 2.12e-04 | MSE loss: 9.6012e-03 | time: 0.045
I 06.08/07:13:40 solver.py:159 ] Epoch: [127/200][80/282] lr: 2.12e-04 | MSE loss: 9.5210e-03 | time: 0.044
I 06.08/07:13:41 solver.py:159 ] Epoch: [127/200][100/282] lr: 2.12e-04 | MSE loss: 9.1345e-03 | time: 0.044
I 06.08/07:13:42 solver.py:159 ] Epoch: [127/200][120/282] lr: 2.11e-04 | MSE loss: 8.7180e-03 | time: 0.045
I 06.08/07:13:43 solver.py:159 ] Epoch: [127/200][140/282] lr: 2.11e-04 | MSE loss: 8.5574e-03 | time: 0.045
I 06.08/07:13:43 solver.py:159 ] Epoch: [127/200][160/282] lr: 2.11e-04 | MSE loss: 8.3178e-03 | time: 0.045
I 06.08/07:13:44 solver.py:159 ] Epoch: [127/200][180/282] lr: 2.11e-04 | MSE loss: 8.2367e-03 | time: 0.045
I 06.08/07:13:45 solver.py:159 ] Epoch: [127/200][200/282] lr: 2.10e-04 | MSE loss: 8.1134e-03 | time: 0.044
I 06.08/07:13:46 solver.py:159 ] Epoch: [127/200][220/282] lr: 2.10e-04 | MSE loss: 8.1360e-03 | time: 0.044
I 06.08/07:13:47 solver.py:159 ] Epoch: [127/200][240/282] lr: 2.10e-04 | MSE loss: 8.1273e-03 | time: 0.044
I 06.08/07:13:48 solver.py:159 ] Epoch: [127/200][260/282] lr: 2.10e-04 | MSE loss: 8.1681e-03 | time: 0.045
I 06.08/07:13:49 solver.py:159 ] Epoch: [127/200][280/282] lr: 2.09e-04 | MSE loss: 8.1789e-03 | time: 0.045
I 06.08/07:13:49 solver.py:169 ] => Train  Loss: 8.1403e-03

I 06.08/07:13:50 solver.py:405 ] [20/32] loss: 9.3615e-03 | NMSE: -1.6779e+01 | time: 0.049
I 06.08/07:13:50 solver.py:413 ] => Test NMSE: -1.7829e+01

I 06.08/07:13:50 solver.py:345 ] => LoRA monitor [epoch=127] | trainable=163840/163840 | non_lora_trainable=0 | lora_l2=1.499738e+01 | lora_A_l2=5.319778e+00 | lora_B_l2=1.402217e+01 | component_l2=fc_decoder:1.499738e+01 | lora_abs_max=2.121538e-01 | delta_l2=1.487123e+01 | delta_rel=6.455540e+00 | train_loss=8.140326e-03 | test_loss=8.242768e-03 | nmse=-1.782897e+01
I 06.08/07:13:51 solver.py:224 ] 
=! Best NMSE: -1.7829e+01 (epoch=127)

I 06.08/07:13:51 solver.py:159 ] Epoch: [128/200][20/282] lr: 2.09e-04 | MSE loss: 1.0645e-02 | time: 0.038
I 06.08/07:13:52 solver.py:159 ] Epoch: [128/200][40/282] lr: 2.09e-04 | MSE loss: 9.3681e-03 | time: 0.041
I 06.08/07:13:53 solver.py:159 ] Epoch: [128/200][60/282] lr: 2.08e-04 | MSE loss: 9.2968e-03 | time: 0.044
I 06.08/07:13:54 solver.py:159 ] Epoch: [128/200][80/282] lr: 2.08e-04 | MSE loss: 9.1543e-03 | time: 0.045
I 06.08/07:13:55 solver.py:159 ] Epoch: [128/200][100/282] lr: 2.08e-04 | MSE loss: 9.1629e-03 | time: 0.046
I 06.08/07:13:56 solver.py:159 ] Epoch: [128/200][120/282] lr: 2.08e-04 | MSE loss: 8.6883e-03 | time: 0.046
I 06.08/07:13:57 solver.py:159 ] Epoch: [128/200][140/282] lr: 2.07e-04 | MSE loss: 8.6400e-03 | time: 0.045
I 06.08/07:13:58 solver.py:159 ] Epoch: [128/200][160/282] lr: 2.07e-04 | MSE loss: 8.4772e-03 | time: 0.045
I 06.08/07:13:59 solver.py:159 ] Epoch: [128/200][180/282] lr: 2.07e-04 | MSE loss: 8.3754e-03 | time: 0.045
I 06.08/07:14:00 solver.py:159 ] Epoch: [128/200][200/282] lr: 2.07e-04 | MSE loss: 8.2300e-03 | time: 0.045
I 06.08/07:14:01 solver.py:159 ] Epoch: [128/200][220/282] lr: 2.06e-04 | MSE loss: 8.0152e-03 | time: 0.047
I 06.08/07:14:03 solver.py:159 ] Epoch: [128/200][240/282] lr: 2.06e-04 | MSE loss: 7.9951e-03 | time: 0.052
I 06.08/07:14:05 solver.py:159 ] Epoch: [128/200][260/282] lr: 2.06e-04 | MSE loss: 7.9418e-03 | time: 0.054
I 06.08/07:14:05 solver.py:159 ] Epoch: [128/200][280/282] lr: 2.05e-04 | MSE loss: 8.1129e-03 | time: 0.053
I 06.08/07:14:06 solver.py:169 ] => Train  Loss: 8.1784e-03

I 06.08/07:14:06 solver.py:405 ] [20/32] loss: 9.3615e-03 | NMSE: -1.6779e+01 | time: 0.043
I 06.08/07:14:07 solver.py:413 ] => Test NMSE: -1.7829e+01

I 06.08/07:14:07 solver.py:345 ] => LoRA monitor [epoch=128] | trainable=163840/163840 | non_lora_trainable=0 | lora_l2=1.502593e+01 | lora_A_l2=5.330337e+00 | lora_B_l2=1.404870e+01 | component_l2=fc_decoder:1.502593e+01 | lora_abs_max=2.126119e-01 | delta_l2=1.490004e+01 | delta_rel=6.468046e+00 | train_loss=8.178363e-03 | test_loss=8.242731e-03 | nmse=-1.782899e+01
I 06.08/07:14:07 solver.py:224 ] 
=! Best NMSE: -1.7829e+01 (epoch=128)

I 06.08/07:14:08 solver.py:159 ] Epoch: [129/200][20/282] lr: 2.05e-04 | MSE loss: 1.0207e-02 | time: 0.050
I 06.08/07:14:09 solver.py:159 ] Epoch: [129/200][40/282] lr: 2.05e-04 | MSE loss: 8.7070e-03 | time: 0.048
I 06.08/07:14:10 solver.py:159 ] Epoch: [129/200][60/282] lr: 2.05e-04 | MSE loss: 8.4535e-03 | time: 0.046
I 06.08/07:14:11 solver.py:159 ] Epoch: [129/200][80/282] lr: 2.04e-04 | MSE loss: 8.8398e-03 | time: 0.046
I 06.08/07:14:12 solver.py:159 ] Epoch: [129/200][100/282] lr: 2.04e-04 | MSE loss: 8.3155e-03 | time: 0.045
I 06.08/07:14:13 solver.py:159 ] Epoch: [129/200][120/282] lr: 2.04e-04 | MSE loss: 8.1507e-03 | time: 0.045
I 06.08/07:14:13 solver.py:159 ] Epoch: [129/200][140/282] lr: 2.04e-04 | MSE loss: 8.4736e-03 | time: 0.046
I 06.08/07:14:14 solver.py:159 ] Epoch: [129/200][160/282] lr: 2.03e-04 | MSE loss: 8.2659e-03 | time: 0.045
I 06.08/07:14:15 solver.py:159 ] Epoch: [129/200][180/282] lr: 2.03e-04 | MSE loss: 8.4816e-03 | time: 0.045
I 06.08/07:14:16 solver.py:159 ] Epoch: [129/200][200/282] lr: 2.03e-04 | MSE loss: 8.4005e-03 | time: 0.046
I 06.08/07:14:17 solver.py:159 ] Epoch: [129/200][220/282] lr: 2.03e-04 | MSE loss: 8.3066e-03 | time: 0.046
I 06.08/07:14:18 solver.py:159 ] Epoch: [129/200][240/282] lr: 2.02e-04 | MSE loss: 8.2468e-03 | time: 0.046
I 06.08/07:14:19 solver.py:159 ] Epoch: [129/200][260/282] lr: 2.02e-04 | MSE loss: 8.0897e-03 | time: 0.046
I 06.08/07:14:20 solver.py:159 ] Epoch: [129/200][280/282] lr: 2.02e-04 | MSE loss: 8.1685e-03 | time: 0.045
I 06.08/07:14:20 solver.py:169 ] => Train  Loss: 8.1402e-03

I 06.08/07:14:21 solver.py:405 ] [20/32] loss: 9.3621e-03 | NMSE: -1.6779e+01 | time: 0.038
I 06.08/07:14:21 solver.py:413 ] => Test NMSE: -1.7829e+01

I 06.08/07:14:21 solver.py:345 ] => LoRA monitor [epoch=129] | trainable=163840/163840 | non_lora_trainable=0 | lora_l2=1.505213e+01 | lora_A_l2=5.339379e+00 | lora_B_l2=1.407330e+01 | component_l2=fc_decoder:1.505213e+01 | lora_abs_max=2.120979e-01 | delta_l2=1.492650e+01 | delta_rel=6.479533e+00 | train_loss=8.140227e-03 | test_loss=8.243120e-03 | nmse=-1.782878e+01
I 06.08/07:14:21 solver.py:224 ] 
=! Best NMSE: -1.7829e+01 (epoch=128)

I 06.08/07:14:22 solver.py:159 ] Epoch: [130/200][20/282] lr: 2.01e-04 | MSE loss: 8.7204e-03 | time: 0.046
I 06.08/07:14:23 solver.py:159 ] Epoch: [130/200][40/282] lr: 2.01e-04 | MSE loss: 8.0463e-03 | time: 0.046
I 06.08/07:14:24 solver.py:159 ] Epoch: [130/200][60/282] lr: 2.01e-04 | MSE loss: 8.0738e-03 | time: 0.045
I 06.08/07:14:25 solver.py:159 ] Epoch: [130/200][80/282] lr: 2.01e-04 | MSE loss: 7.9169e-03 | time: 0.045
I 06.08/07:14:26 solver.py:159 ] Epoch: [130/200][100/282] lr: 2.00e-04 | MSE loss: 8.2700e-03 | time: 0.046
I 06.08/07:14:27 solver.py:159 ] Epoch: [130/200][120/282] lr: 2.00e-04 | MSE loss: 8.3166e-03 | time: 0.046
I 06.08/07:14:27 solver.py:159 ] Epoch: [130/200][140/282] lr: 2.00e-04 | MSE loss: 8.2487e-03 | time: 0.046
I 06.08/07:14:28 solver.py:159 ] Epoch: [130/200][160/282] lr: 2.00e-04 | MSE loss: 7.9598e-03 | time: 0.046
I 06.08/07:14:29 solver.py:159 ] Epoch: [130/200][180/282] lr: 1.99e-04 | MSE loss: 7.9189e-03 | time: 0.046
I 06.08/07:14:30 solver.py:159 ] Epoch: [130/200][200/282] lr: 1.99e-04 | MSE loss: 8.0210e-03 | time: 0.046
I 06.08/07:14:31 solver.py:159 ] Epoch: [130/200][220/282] lr: 1.99e-04 | MSE loss: 7.9030e-03 | time: 0.046
I 06.08/07:14:32 solver.py:159 ] Epoch: [130/200][240/282] lr: 1.99e-04 | MSE loss: 7.8317e-03 | time: 0.046
I 06.08/07:14:33 solver.py:159 ] Epoch: [130/200][260/282] lr: 1.98e-04 | MSE loss: 7.9729e-03 | time: 0.046
I 06.08/07:14:34 solver.py:159 ] Epoch: [130/200][280/282] lr: 1.98e-04 | MSE loss: 8.1414e-03 | time: 0.046
I 06.08/07:14:34 solver.py:169 ] => Train  Loss: 8.1428e-03

I 06.08/07:14:35 solver.py:159 ] Epoch: [130/200][20/32] lr: 1.98e-04 | MSE loss: 9.3619e-03 | time: 0.045
I 06.08/07:14:35 solver.py:169 ] => Val  Loss: 8.0583e-03

I 06.08/07:14:36 solver.py:405 ] [20/32] loss: 9.3619e-03 | NMSE: -1.6779e+01 | time: 0.045
I 06.08/07:14:37 solver.py:413 ] => Test NMSE: -1.7829e+01

I 06.08/07:14:37 solver.py:345 ] => LoRA monitor [epoch=130] | trainable=163840/163840 | non_lora_trainable=0 | lora_l2=1.507881e+01 | lora_A_l2=5.349267e+00 | lora_B_l2=1.409808e+01 | component_l2=fc_decoder:1.507881e+01 | lora_abs_max=2.130178e-01 | delta_l2=1.495358e+01 | delta_rel=6.491288e+00 | train_loss=8.142836e-03 | val_loss=8.058344e-03 | test_loss=8.243007e-03 | nmse=-1.782884e+01
I 06.08/07:14:37 solver.py:224 ] 
=! Best NMSE: -1.7829e+01 (epoch=128)

I 06.08/07:14:38 solver.py:159 ] Epoch: [131/200][20/282] lr: 1.98e-04 | MSE loss: 8.0026e-03 | time: 0.051
I 06.08/07:14:39 solver.py:159 ] Epoch: [131/200][40/282] lr: 1.98e-04 | MSE loss: 8.9987e-03 | time: 0.052
I 06.08/07:14:40 solver.py:159 ] Epoch: [131/200][60/282] lr: 1.97e-04 | MSE loss: 9.0742e-03 | time: 0.051
I 06.08/07:14:41 solver.py:159 ] Epoch: [131/200][80/282] lr: 1.97e-04 | MSE loss: 8.5997e-03 | time: 0.050
I 06.08/07:14:42 solver.py:159 ] Epoch: [131/200][100/282] lr: 1.97e-04 | MSE loss: 8.6407e-03 | time: 0.049
I 06.08/07:14:43 solver.py:159 ] Epoch: [131/200][120/282] lr: 1.96e-04 | MSE loss: 8.5591e-03 | time: 0.048
I 06.08/07:14:43 solver.py:159 ] Epoch: [131/200][140/282] lr: 1.96e-04 | MSE loss: 8.6184e-03 | time: 0.047
I 06.08/07:14:44 solver.py:159 ] Epoch: [131/200][160/282] lr: 1.96e-04 | MSE loss: 8.6578e-03 | time: 0.047
I 06.08/07:14:45 solver.py:159 ] Epoch: [131/200][180/282] lr: 1.96e-04 | MSE loss: 8.4306e-03 | time: 0.046
I 06.08/07:14:46 solver.py:159 ] Epoch: [131/200][200/282] lr: 1.95e-04 | MSE loss: 8.3437e-03 | time: 0.046
I 06.08/07:14:47 solver.py:159 ] Epoch: [131/200][220/282] lr: 1.95e-04 | MSE loss: 8.3909e-03 | time: 0.046
I 06.08/07:14:48 solver.py:159 ] Epoch: [131/200][240/282] lr: 1.95e-04 | MSE loss: 8.2462e-03 | time: 0.046
I 06.08/07:14:49 solver.py:159 ] Epoch: [131/200][260/282] lr: 1.95e-04 | MSE loss: 8.1580e-03 | time: 0.045
I 06.08/07:14:49 solver.py:159 ] Epoch: [131/200][280/282] lr: 1.94e-04 | MSE loss: 8.1802e-03 | time: 0.045
I 06.08/07:14:49 solver.py:169 ] => Train  Loss: 8.1765e-03

I 06.08/07:14:50 solver.py:405 ] [20/32] loss: 9.3621e-03 | NMSE: -1.6779e+01 | time: 0.039
I 06.08/07:14:51 solver.py:413 ] => Test NMSE: -1.7829e+01

I 06.08/07:14:51 solver.py:345 ] => LoRA monitor [epoch=131] | trainable=163840/163840 | non_lora_trainable=0 | lora_l2=1.510296e+01 | lora_A_l2=5.356631e+00 | lora_B_l2=1.412112e+01 | component_l2=fc_decoder:1.510296e+01 | lora_abs_max=2.129901e-01 | delta_l2=1.497782e+01 | delta_rel=6.501811e+00 | train_loss=8.176460e-03 | test_loss=8.243093e-03 | nmse=-1.782880e+01
I 06.08/07:14:51 solver.py:224 ] 
=! Best NMSE: -1.7829e+01 (epoch=128)

I 06.08/07:14:52 solver.py:159 ] Epoch: [132/200][20/282] lr: 1.94e-04 | MSE loss: 6.4968e-03 | time: 0.050
I 06.08/07:14:53 solver.py:159 ] Epoch: [132/200][40/282] lr: 1.94e-04 | MSE loss: 8.3357e-03 | time: 0.050
I 06.08/07:14:53 solver.py:159 ] Epoch: [132/200][60/282] lr: 1.94e-04 | MSE loss: 8.3278e-03 | time: 0.047
I 06.08/07:14:54 solver.py:159 ] Epoch: [132/200][80/282] lr: 1.93e-04 | MSE loss: 8.4039e-03 | time: 0.046
I 06.08/07:14:55 solver.py:159 ] Epoch: [132/200][100/282] lr: 1.93e-04 | MSE loss: 8.3887e-03 | time: 0.045
I 06.08/07:14:56 solver.py:159 ] Epoch: [132/200][120/282] lr: 1.93e-04 | MSE loss: 8.3451e-03 | time: 0.046
I 06.08/07:14:57 solver.py:159 ] Epoch: [132/200][140/282] lr: 1.93e-04 | MSE loss: 8.1229e-03 | time: 0.046
I 06.08/07:14:58 solver.py:159 ] Epoch: [132/200][160/282] lr: 1.92e-04 | MSE loss: 8.1484e-03 | time: 0.046
I 06.08/07:14:59 solver.py:159 ] Epoch: [132/200][180/282] lr: 1.92e-04 | MSE loss: 8.1572e-03 | time: 0.045
I 06.08/07:15:00 solver.py:159 ] Epoch: [132/200][200/282] lr: 1.92e-04 | MSE loss: 8.0379e-03 | time: 0.045
I 06.08/07:15:01 solver.py:159 ] Epoch: [132/200][220/282] lr: 1.92e-04 | MSE loss: 8.4232e-03 | time: 0.049
I 06.08/07:15:04 solver.py:159 ] Epoch: [132/200][240/282] lr: 1.91e-04 | MSE loss: 8.2631e-03 | time: 0.055
I 06.08/07:15:05 solver.py:159 ] Epoch: [132/200][260/282] lr: 1.91e-04 | MSE loss: 8.3186e-03 | time: 0.055
I 06.08/07:15:06 solver.py:159 ] Epoch: [132/200][280/282] lr: 1.91e-04 | MSE loss: 8.1867e-03 | time: 0.054
I 06.08/07:15:06 solver.py:169 ] => Train  Loss: 8.1610e-03

I 06.08/07:15:07 solver.py:405 ] [20/32] loss: 9.3621e-03 | NMSE: -1.6779e+01 | time: 0.040
I 06.08/07:15:07 solver.py:413 ] => Test NMSE: -1.7829e+01

I 06.08/07:15:07 solver.py:345 ] => LoRA monitor [epoch=132] | trainable=163840/163840 | non_lora_trainable=0 | lora_l2=1.513032e+01 | lora_A_l2=5.367560e+00 | lora_B_l2=1.414624e+01 | component_l2=fc_decoder:1.513032e+01 | lora_abs_max=2.134008e-01 | delta_l2=1.500550e+01 | delta_rel=6.513825e+00 | train_loss=8.161012e-03 | test_loss=8.243066e-03 | nmse=-1.782881e+01
I 06.08/07:15:07 solver.py:224 ] 
=! Best NMSE: -1.7829e+01 (epoch=128)

I 06.08/07:15:08 solver.py:159 ] Epoch: [133/200][20/282] lr: 1.90e-04 | MSE loss: 5.2421e-03 | time: 0.043
I 06.08/07:15:09 solver.py:159 ] Epoch: [133/200][40/282] lr: 1.90e-04 | MSE loss: 8.0492e-03 | time: 0.044
I 06.08/07:15:10 solver.py:159 ] Epoch: [133/200][60/282] lr: 1.90e-04 | MSE loss: 7.6947e-03 | time: 0.045
I 06.08/07:15:11 solver.py:159 ] Epoch: [133/200][80/282] lr: 1.90e-04 | MSE loss: 8.3434e-03 | time: 0.046
I 06.08/07:15:12 solver.py:159 ] Epoch: [133/200][100/282] lr: 1.89e-04 | MSE loss: 8.6741e-03 | time: 0.047
I 06.08/07:15:13 solver.py:159 ] Epoch: [133/200][120/282] lr: 1.89e-04 | MSE loss: 8.5423e-03 | time: 0.047
I 06.08/07:15:13 solver.py:159 ] Epoch: [133/200][140/282] lr: 1.89e-04 | MSE loss: 8.5819e-03 | time: 0.046
I 06.08/07:15:14 solver.py:159 ] Epoch: [133/200][160/282] lr: 1.89e-04 | MSE loss: 8.3563e-03 | time: 0.046
I 06.08/07:15:15 solver.py:159 ] Epoch: [133/200][180/282] lr: 1.88e-04 | MSE loss: 8.3091e-03 | time: 0.046
I 06.08/07:15:16 solver.py:159 ] Epoch: [133/200][200/282] lr: 1.88e-04 | MSE loss: 8.2551e-03 | time: 0.046
I 06.08/07:15:17 solver.py:159 ] Epoch: [133/200][220/282] lr: 1.88e-04 | MSE loss: 8.1126e-03 | time: 0.046
I 06.08/07:15:18 solver.py:159 ] Epoch: [133/200][240/282] lr: 1.88e-04 | MSE loss: 8.2106e-03 | time: 0.046
I 06.08/07:15:19 solver.py:159 ] Epoch: [133/200][260/282] lr: 1.87e-04 | MSE loss: 8.2320e-03 | time: 0.046
I 06.08/07:15:20 solver.py:159 ] Epoch: [133/200][280/282] lr: 1.87e-04 | MSE loss: 8.1840e-03 | time: 0.046
I 06.08/07:15:20 solver.py:169 ] => Train  Loss: 8.1448e-03

I 06.08/07:15:21 solver.py:405 ] [20/32] loss: 9.3617e-03 | NMSE: -1.6779e+01 | time: 0.043
I 06.08/07:15:21 solver.py:413 ] => Test NMSE: -1.7829e+01

I 06.08/07:15:21 solver.py:345 ] => LoRA monitor [epoch=133] | trainable=163840/163840 | non_lora_trainable=0 | lora_l2=1.515368e+01 | lora_A_l2=5.376640e+00 | lora_B_l2=1.416777e+01 | component_l2=fc_decoder:1.515368e+01 | lora_abs_max=2.136699e-01 | delta_l2=1.502914e+01 | delta_rel=6.524087e+00 | train_loss=8.144750e-03 | test_loss=8.242784e-03 | nmse=-1.782896e+01
I 06.08/07:15:21 solver.py:224 ] 
=! Best NMSE: -1.7829e+01 (epoch=128)

I 06.08/07:15:22 solver.py:159 ] Epoch: [134/200][20/282] lr: 1.87e-04 | MSE loss: 7.2159e-03 | time: 0.049
I 06.08/07:15:23 solver.py:159 ] Epoch: [134/200][40/282] lr: 1.87e-04 | MSE loss: 8.7511e-03 | time: 0.050
I 06.08/07:15:24 solver.py:159 ] Epoch: [134/200][60/282] lr: 1.86e-04 | MSE loss: 8.4888e-03 | time: 0.047
I 06.08/07:15:25 solver.py:159 ] Epoch: [134/200][80/282] lr: 1.86e-04 | MSE loss: 8.2017e-03 | time: 0.045
I 06.08/07:15:26 solver.py:159 ] Epoch: [134/200][100/282] lr: 1.86e-04 | MSE loss: 8.2544e-03 | time: 0.044
I 06.08/07:15:26 solver.py:159 ] Epoch: [134/200][120/282] lr: 1.86e-04 | MSE loss: 8.4002e-03 | time: 0.043
I 06.08/07:15:27 solver.py:159 ] Epoch: [134/200][140/282] lr: 1.85e-04 | MSE loss: 8.1822e-03 | time: 0.043
I 06.08/07:15:28 solver.py:159 ] Epoch: [134/200][160/282] lr: 1.85e-04 | MSE loss: 8.0725e-03 | time: 0.043
I 06.08/07:15:29 solver.py:159 ] Epoch: [134/200][180/282] lr: 1.85e-04 | MSE loss: 8.1009e-03 | time: 0.043
I 06.08/07:15:30 solver.py:159 ] Epoch: [134/200][200/282] lr: 1.85e-04 | MSE loss: 8.0824e-03 | time: 0.043
I 06.08/07:15:31 solver.py:159 ] Epoch: [134/200][220/282] lr: 1.84e-04 | MSE loss: 8.0388e-03 | time: 0.043
I 06.08/07:15:32 solver.py:159 ] Epoch: [134/200][240/282] lr: 1.84e-04 | MSE loss: 7.9656e-03 | time: 0.044
I 06.08/07:15:33 solver.py:159 ] Epoch: [134/200][260/282] lr: 1.84e-04 | MSE loss: 8.1137e-03 | time: 0.044
I 06.08/07:15:34 solver.py:159 ] Epoch: [134/200][280/282] lr: 1.84e-04 | MSE loss: 8.1680e-03 | time: 0.044
I 06.08/07:15:34 solver.py:169 ] => Train  Loss: 8.1426e-03

I 06.08/07:15:35 solver.py:405 ] [20/32] loss: 9.3618e-03 | NMSE: -1.6779e+01 | time: 0.043
I 06.08/07:15:35 solver.py:413 ] => Test NMSE: -1.7829e+01

I 06.08/07:15:35 solver.py:345 ] => LoRA monitor [epoch=134] | trainable=163840/163840 | non_lora_trainable=0 | lora_l2=1.517720e+01 | lora_A_l2=5.384351e+00 | lora_B_l2=1.419000e+01 | component_l2=fc_decoder:1.517720e+01 | lora_abs_max=2.143457e-01 | delta_l2=1.505281e+01 | delta_rel=6.534362e+00 | train_loss=8.142557e-03 | test_loss=8.242875e-03 | nmse=-1.782891e+01
I 06.08/07:15:35 solver.py:224 ] 
=! Best NMSE: -1.7829e+01 (epoch=128)

I 06.08/07:15:36 solver.py:159 ] Epoch: [135/200][20/282] lr: 1.83e-04 | MSE loss: 8.1579e-03 | time: 0.050
I 06.08/07:15:37 solver.py:159 ] Epoch: [135/200][40/282] lr: 1.83e-04 | MSE loss: 8.0782e-03 | time: 0.049
I 06.08/07:15:38 solver.py:159 ] Epoch: [135/200][60/282] lr: 1.83e-04 | MSE loss: 8.1583e-03 | time: 0.048
I 06.08/07:15:39 solver.py:159 ] Epoch: [135/200][80/282] lr: 1.82e-04 | MSE loss: 8.6259e-03 | time: 0.046
I 06.08/07:15:40 solver.py:159 ] Epoch: [135/200][100/282] lr: 1.82e-04 | MSE loss: 8.6024e-03 | time: 0.047
I 06.08/07:15:41 solver.py:159 ] Epoch: [135/200][120/282] lr: 1.82e-04 | MSE loss: 8.4528e-03 | time: 0.047
I 06.08/07:15:42 solver.py:159 ] Epoch: [135/200][140/282] lr: 1.82e-04 | MSE loss: 8.3487e-03 | time: 0.047
I 06.08/07:15:43 solver.py:159 ] Epoch: [135/200][160/282] lr: 1.81e-04 | MSE loss: 8.3320e-03 | time: 0.048
I 06.08/07:15:44 solver.py:159 ] Epoch: [135/200][180/282] lr: 1.81e-04 | MSE loss: 8.1303e-03 | time: 0.049
I 06.08/07:15:45 solver.py:159 ] Epoch: [135/200][200/282] lr: 1.81e-04 | MSE loss: 7.9906e-03 | time: 0.049
I 06.08/07:15:46 solver.py:159 ] Epoch: [135/200][220/282] lr: 1.81e-04 | MSE loss: 8.1464e-03 | time: 0.049
I 06.08/07:15:47 solver.py:159 ] Epoch: [135/200][240/282] lr: 1.80e-04 | MSE loss: 8.2277e-03 | time: 0.049
I 06.08/07:15:48 solver.py:159 ] Epoch: [135/200][260/282] lr: 1.80e-04 | MSE loss: 8.1114e-03 | time: 0.048
I 06.08/07:15:48 solver.py:159 ] Epoch: [135/200][280/282] lr: 1.80e-04 | MSE loss: 8.1725e-03 | time: 0.047
I 06.08/07:15:48 solver.py:169 ] => Train  Loss: 8.1413e-03

I 06.08/07:15:49 solver.py:405 ] [20/32] loss: 9.3619e-03 | NMSE: -1.6779e+01 | time: 0.033
I 06.08/07:15:49 solver.py:413 ] => Test NMSE: -1.7829e+01

I 06.08/07:15:49 solver.py:345 ] => LoRA monitor [epoch=135] | trainable=163840/163840 | non_lora_trainable=0 | lora_l2=1.519860e+01 | lora_A_l2=5.391580e+00 | lora_B_l2=1.421015e+01 | component_l2=fc_decoder:1.519860e+01 | lora_abs_max=2.148763e-01 | delta_l2=1.507435e+01 | delta_rel=6.543712e+00 | train_loss=8.141329e-03 | test_loss=8.243036e-03 | nmse=-1.782883e+01
I 06.08/07:15:49 solver.py:224 ] 
=! Best NMSE: -1.7829e+01 (epoch=128)

I 06.08/07:15:50 solver.py:159 ] Epoch: [136/200][20/282] lr: 1.80e-04 | MSE loss: 5.7655e-03 | time: 0.035
I 06.08/07:15:51 solver.py:159 ] Epoch: [136/200][40/282] lr: 1.79e-04 | MSE loss: 5.9204e-03 | time: 0.033
I 06.08/07:15:51 solver.py:159 ] Epoch: [136/200][60/282] lr: 1.79e-04 | MSE loss: 6.9506e-03 | time: 0.034
I 06.08/07:15:52 solver.py:159 ] Epoch: [136/200][80/282] lr: 1.79e-04 | MSE loss: 7.0924e-03 | time: 0.037
I 06.08/07:15:53 solver.py:159 ] Epoch: [136/200][100/282] lr: 1.79e-04 | MSE loss: 7.3936e-03 | time: 0.038
I 06.08/07:15:54 solver.py:159 ] Epoch: [136/200][120/282] lr: 1.78e-04 | MSE loss: 8.3763e-03 | time: 0.039
I 06.08/07:15:55 solver.py:159 ] Epoch: [136/200][140/282] lr: 1.78e-04 | MSE loss: 8.3491e-03 | time: 0.040
I 06.08/07:15:56 solver.py:159 ] Epoch: [136/200][160/282] lr: 1.78e-04 | MSE loss: 8.1126e-03 | time: 0.041
I 06.08/07:15:57 solver.py:159 ] Epoch: [136/200][180/282] lr: 1.78e-04 | MSE loss: 8.0947e-03 | time: 0.040
I 06.08/07:15:57 solver.py:159 ] Epoch: [136/200][200/282] lr: 1.77e-04 | MSE loss: 8.1042e-03 | time: 0.040
I 06.08/07:15:58 solver.py:159 ] Epoch: [136/200][220/282] lr: 1.77e-04 | MSE loss: 7.9692e-03 | time: 0.040
I 06.08/07:15:59 solver.py:159 ] Epoch: [136/200][240/282] lr: 1.77e-04 | MSE loss: 7.9809e-03 | time: 0.040
I 06.08/07:16:00 solver.py:159 ] Epoch: [136/200][260/282] lr: 1.77e-04 | MSE loss: 7.9999e-03 | time: 0.040
I 06.08/07:16:01 solver.py:159 ] Epoch: [136/200][280/282] lr: 1.76e-04 | MSE loss: 8.1695e-03 | time: 0.042
I 06.08/07:16:01 solver.py:169 ] => Train  Loss: 8.2089e-03

I 06.08/07:16:04 solver.py:405 ] [20/32] loss: 9.3618e-03 | NMSE: -1.6779e+01 | time: 0.119
I 06.08/07:16:04 solver.py:413 ] => Test NMSE: -1.7829e+01

I 06.08/07:16:04 solver.py:345 ] => LoRA monitor [epoch=136] | trainable=163840/163840 | non_lora_trainable=0 | lora_l2=1.522395e+01 | lora_A_l2=5.403608e+00 | lora_B_l2=1.423270e+01 | component_l2=fc_decoder:1.522395e+01 | lora_abs_max=2.148599e-01 | delta_l2=1.509979e+01 | delta_rel=6.554757e+00 | train_loss=8.208874e-03 | test_loss=8.242896e-03 | nmse=-1.782890e+01
I 06.08/07:16:04 solver.py:224 ] 
=! Best NMSE: -1.7829e+01 (epoch=128)

I 06.08/07:16:05 solver.py:159 ] Epoch: [137/200][20/282] lr: 1.76e-04 | MSE loss: 7.4377e-03 | time: 0.039
I 06.08/07:16:06 solver.py:159 ] Epoch: [137/200][40/282] lr: 1.76e-04 | MSE loss: 6.8586e-03 | time: 0.040
I 06.08/07:16:07 solver.py:159 ] Epoch: [137/200][60/282] lr: 1.76e-04 | MSE loss: 6.8401e-03 | time: 0.043
I 06.08/07:16:08 solver.py:159 ] Epoch: [137/200][80/282] lr: 1.75e-04 | MSE loss: 7.2064e-03 | time: 0.043
I 06.08/07:16:08 solver.py:159 ] Epoch: [137/200][100/282] lr: 1.75e-04 | MSE loss: 7.3094e-03 | time: 0.042
I 06.08/07:16:09 solver.py:159 ] Epoch: [137/200][120/282] lr: 1.75e-04 | MSE loss: 7.4234e-03 | time: 0.042
I 06.08/07:16:10 solver.py:159 ] Epoch: [137/200][140/282] lr: 1.75e-04 | MSE loss: 7.6842e-03 | time: 0.043
I 06.08/07:16:11 solver.py:159 ] Epoch: [137/200][160/282] lr: 1.74e-04 | MSE loss: 7.7131e-03 | time: 0.043
I 06.08/07:16:12 solver.py:159 ] Epoch: [137/200][180/282] lr: 1.74e-04 | MSE loss: 7.7235e-03 | time: 0.043
I 06.08/07:16:13 solver.py:159 ] Epoch: [137/200][200/282] lr: 1.74e-04 | MSE loss: 8.2087e-03 | time: 0.042
I 06.08/07:16:14 solver.py:159 ] Epoch: [137/200][220/282] lr: 1.74e-04 | MSE loss: 8.0306e-03 | time: 0.042
I 06.08/07:16:14 solver.py:159 ] Epoch: [137/200][240/282] lr: 1.73e-04 | MSE loss: 8.0401e-03 | time: 0.043
I 06.08/07:16:15 solver.py:159 ] Epoch: [137/200][260/282] lr: 1.73e-04 | MSE loss: 8.0645e-03 | time: 0.043
I 06.08/07:16:16 solver.py:159 ] Epoch: [137/200][280/282] lr: 1.73e-04 | MSE loss: 8.1675e-03 | time: 0.043
I 06.08/07:16:16 solver.py:169 ] => Train  Loss: 8.1410e-03

I 06.08/07:16:17 solver.py:405 ] [20/32] loss: 9.3621e-03 | NMSE: -1.6779e+01 | time: 0.044
I 06.08/07:16:18 solver.py:413 ] => Test NMSE: -1.7829e+01

I 06.08/07:16:18 solver.py:345 ] => LoRA monitor [epoch=137] | trainable=163840/163840 | non_lora_trainable=0 | lora_l2=1.524761e+01 | lora_A_l2=5.413388e+00 | lora_B_l2=1.425429e+01 | component_l2=fc_decoder:1.524761e+01 | lora_abs_max=2.148186e-01 | delta_l2=1.512369e+01 | delta_rel=6.565133e+00 | train_loss=8.140960e-03 | test_loss=8.243140e-03 | nmse=-1.782877e+01
I 06.08/07:16:18 solver.py:224 ] 
=! Best NMSE: -1.7829e+01 (epoch=128)

I 06.08/07:16:19 solver.py:159 ] Epoch: [138/200][20/282] lr: 1.73e-04 | MSE loss: 6.2804e-03 | time: 0.046
I 06.08/07:16:20 solver.py:159 ] Epoch: [138/200][40/282] lr: 1.72e-04 | MSE loss: 8.4070e-03 | time: 0.048
I 06.08/07:16:20 solver.py:159 ] Epoch: [138/200][60/282] lr: 1.72e-04 | MSE loss: 7.9149e-03 | time: 0.045
I 06.08/07:16:21 solver.py:159 ] Epoch: [138/200][80/282] lr: 1.72e-04 | MSE loss: 7.5902e-03 | time: 0.045
I 06.08/07:16:22 solver.py:159 ] Epoch: [138/200][100/282] lr: 1.72e-04 | MSE loss: 8.1071e-03 | time: 0.044
I 06.08/07:16:23 solver.py:159 ] Epoch: [138/200][120/282] lr: 1.71e-04 | MSE loss: 7.7083e-03 | time: 0.043
I 06.08/07:16:24 solver.py:159 ] Epoch: [138/200][140/282] lr: 1.71e-04 | MSE loss: 8.0281e-03 | time: 0.043
I 06.08/07:16:25 solver.py:159 ] Epoch: [138/200][160/282] lr: 1.71e-04 | MSE loss: 8.2741e-03 | time: 0.043
I 06.08/07:16:25 solver.py:159 ] Epoch: [138/200][180/282] lr: 1.71e-04 | MSE loss: 8.3070e-03 | time: 0.043
I 06.08/07:16:26 solver.py:159 ] Epoch: [138/200][200/282] lr: 1.70e-04 | MSE loss: 8.3993e-03 | time: 0.043
I 06.08/07:16:27 solver.py:159 ] Epoch: [138/200][220/282] lr: 1.70e-04 | MSE loss: 8.3045e-03 | time: 0.043
I 06.08/07:16:28 solver.py:159 ] Epoch: [138/200][240/282] lr: 1.70e-04 | MSE loss: 8.3682e-03 | time: 0.043
I 06.08/07:16:29 solver.py:159 ] Epoch: [138/200][260/282] lr: 1.70e-04 | MSE loss: 8.2399e-03 | time: 0.043
I 06.08/07:16:30 solver.py:159 ] Epoch: [138/200][280/282] lr: 1.69e-04 | MSE loss: 8.1815e-03 | time: 0.043
I 06.08/07:16:30 solver.py:169 ] => Train  Loss: 8.1431e-03

I 06.08/07:16:31 solver.py:405 ] [20/32] loss: 9.3615e-03 | NMSE: -1.6779e+01 | time: 0.041
I 06.08/07:16:31 solver.py:413 ] => Test NMSE: -1.7829e+01

I 06.08/07:16:31 solver.py:345 ] => LoRA monitor [epoch=138] | trainable=163840/163840 | non_lora_trainable=0 | lora_l2=1.526767e+01 | lora_A_l2=5.421824e+00 | lora_B_l2=1.427254e+01 | component_l2=fc_decoder:1.526767e+01 | lora_abs_max=2.154701e-01 | delta_l2=1.514405e+01 | delta_rel=6.573970e+00 | train_loss=8.143087e-03 | test_loss=8.242678e-03 | nmse=-1.782902e+01
I 06.08/07:16:31 solver.py:224 ] 
=! Best NMSE: -1.7829e+01 (epoch=138)

I 06.08/07:16:32 solver.py:159 ] Epoch: [139/200][20/282] lr: 1.69e-04 | MSE loss: 7.4636e-03 | time: 0.049
I 06.08/07:16:33 solver.py:159 ] Epoch: [139/200][40/282] lr: 1.69e-04 | MSE loss: 7.3274e-03 | time: 0.048
I 06.08/07:16:34 solver.py:159 ] Epoch: [139/200][60/282] lr: 1.69e-04 | MSE loss: 8.3501e-03 | time: 0.046
I 06.08/07:16:35 solver.py:159 ] Epoch: [139/200][80/282] lr: 1.68e-04 | MSE loss: 8.0317e-03 | time: 0.047
I 06.08/07:16:36 solver.py:159 ] Epoch: [139/200][100/282] lr: 1.68e-04 | MSE loss: 8.4767e-03 | time: 0.046
I 06.08/07:16:37 solver.py:159 ] Epoch: [139/200][120/282] lr: 1.68e-04 | MSE loss: 8.1162e-03 | time: 0.046
I 06.08/07:16:38 solver.py:159 ] Epoch: [139/200][140/282] lr: 1.68e-04 | MSE loss: 8.4049e-03 | time: 0.046
I 06.08/07:16:39 solver.py:159 ] Epoch: [139/200][160/282] lr: 1.67e-04 | MSE loss: 8.4571e-03 | time: 0.045
I 06.08/07:16:39 solver.py:159 ] Epoch: [139/200][180/282] lr: 1.67e-04 | MSE loss: 8.3378e-03 | time: 0.044
I 06.08/07:16:40 solver.py:159 ] Epoch: [139/200][200/282] lr: 1.67e-04 | MSE loss: 8.3767e-03 | time: 0.044
I 06.08/07:16:41 solver.py:159 ] Epoch: [139/200][220/282] lr: 1.67e-04 | MSE loss: 8.1814e-03 | time: 0.044
I 06.08/07:16:42 solver.py:159 ] Epoch: [139/200][240/282] lr: 1.66e-04 | MSE loss: 8.0810e-03 | time: 0.045
I 06.08/07:16:43 solver.py:159 ] Epoch: [139/200][260/282] lr: 1.66e-04 | MSE loss: 8.1254e-03 | time: 0.045
I 06.08/07:16:44 solver.py:159 ] Epoch: [139/200][280/282] lr: 1.66e-04 | MSE loss: 8.1743e-03 | time: 0.045
I 06.08/07:16:44 solver.py:169 ] => Train  Loss: 8.1400e-03

I 06.08/07:16:45 solver.py:405 ] [20/32] loss: 9.3615e-03 | NMSE: -1.6779e+01 | time: 0.035
I 06.08/07:16:45 solver.py:413 ] => Test NMSE: -1.7829e+01

I 06.08/07:16:45 solver.py:345 ] => LoRA monitor [epoch=139] | trainable=163840/163840 | non_lora_trainable=0 | lora_l2=1.528910e+01 | lora_A_l2=5.429640e+00 | lora_B_l2=1.429250e+01 | component_l2=fc_decoder:1.528910e+01 | lora_abs_max=2.153931e-01 | delta_l2=1.516578e+01 | delta_rel=6.583402e+00 | train_loss=8.140035e-03 | test_loss=8.242724e-03 | nmse=-1.782899e+01
I 06.08/07:16:45 solver.py:224 ] 
=! Best NMSE: -1.7829e+01 (epoch=138)

I 06.08/07:16:46 solver.py:159 ] Epoch: [140/200][20/282] lr: 1.66e-04 | MSE loss: 7.6189e-03 | time: 0.046
I 06.08/07:16:47 solver.py:159 ] Epoch: [140/200][40/282] lr: 1.65e-04 | MSE loss: 6.9296e-03 | time: 0.046
I 06.08/07:16:48 solver.py:159 ] Epoch: [140/200][60/282] lr: 1.65e-04 | MSE loss: 6.7326e-03 | time: 0.045
I 06.08/07:16:49 solver.py:159 ] Epoch: [140/200][80/282] lr: 1.65e-04 | MSE loss: 7.4989e-03 | time: 0.047
I 06.08/07:16:50 solver.py:159 ] Epoch: [140/200][100/282] lr: 1.65e-04 | MSE loss: 7.7121e-03 | time: 0.047
I 06.08/07:16:51 solver.py:159 ] Epoch: [140/200][120/282] lr: 1.64e-04 | MSE loss: 7.5316e-03 | time: 0.046
I 06.08/07:16:52 solver.py:159 ] Epoch: [140/200][140/282] lr: 1.64e-04 | MSE loss: 7.7892e-03 | time: 0.046
I 06.08/07:16:52 solver.py:159 ] Epoch: [140/200][160/282] lr: 1.64e-04 | MSE loss: 7.8459e-03 | time: 0.045
I 06.08/07:16:53 solver.py:159 ] Epoch: [140/200][180/282] lr: 1.64e-04 | MSE loss: 7.9112e-03 | time: 0.044
I 06.08/07:16:54 solver.py:159 ] Epoch: [140/200][200/282] lr: 1.63e-04 | MSE loss: 7.9479e-03 | time: 0.043
I 06.08/07:16:55 solver.py:159 ] Epoch: [140/200][220/282] lr: 1.63e-04 | MSE loss: 8.1727e-03 | time: 0.043
I 06.08/07:16:55 solver.py:159 ] Epoch: [140/200][240/282] lr: 1.63e-04 | MSE loss: 8.1538e-03 | time: 0.043
I 06.08/07:16:56 solver.py:159 ] Epoch: [140/200][260/282] lr: 1.63e-04 | MSE loss: 8.1427e-03 | time: 0.043
I 06.08/07:16:57 solver.py:159 ] Epoch: [140/200][280/282] lr: 1.63e-04 | MSE loss: 8.1267e-03 | time: 0.044
I 06.08/07:16:57 solver.py:169 ] => Train  Loss: 8.1450e-03

I 06.08/07:16:58 solver.py:159 ] Epoch: [140/200][20/32] lr: 1.62e-04 | MSE loss: 9.3621e-03 | time: 0.045
I 06.08/07:16:59 solver.py:169 ] => Val  Loss: 8.0584e-03

I 06.08/07:17:00 solver.py:405 ] [20/32] loss: 9.3621e-03 | NMSE: -1.6779e+01 | time: 0.048
I 06.08/07:17:01 solver.py:413 ] => Test NMSE: -1.7829e+01

I 06.08/07:17:01 solver.py:345 ] => LoRA monitor [epoch=140] | trainable=163840/163840 | non_lora_trainable=0 | lora_l2=1.531250e+01 | lora_A_l2=5.440604e+00 | lora_B_l2=1.431337e+01 | component_l2=fc_decoder:1.531250e+01 | lora_abs_max=2.168983e-01 | delta_l2=1.518924e+01 | delta_rel=6.593584e+00 | train_loss=8.144993e-03 | val_loss=8.058423e-03 | test_loss=8.243090e-03 | nmse=-1.782880e+01
I 06.08/07:17:01 solver.py:224 ] 
=! Best NMSE: -1.7829e+01 (epoch=138)

I 06.08/07:17:03 solver.py:159 ] Epoch: [141/200][20/282] lr: 1.62e-04 | MSE loss: 8.6214e-03 | time: 0.133
I 06.08/07:17:05 solver.py:159 ] Epoch: [141/200][40/282] lr: 1.62e-04 | MSE loss: 9.0559e-03 | time: 0.118
I 06.08/07:17:06 solver.py:159 ] Epoch: [141/200][60/282] lr: 1.62e-04 | MSE loss: 9.3443e-03 | time: 0.094
I 06.08/07:17:07 solver.py:159 ] Epoch: [141/200][80/282] lr: 1.62e-04 | MSE loss: 8.9037e-03 | time: 0.082
I 06.08/07:17:08 solver.py:159 ] Epoch: [141/200][100/282] lr: 1.61e-04 | MSE loss: 8.3502e-03 | time: 0.075
I 06.08/07:17:09 solver.py:159 ] Epoch: [141/200][120/282] lr: 1.61e-04 | MSE loss: 8.1875e-03 | time: 0.071
I 06.08/07:17:10 solver.py:159 ] Epoch: [141/200][140/282] lr: 1.61e-04 | MSE loss: 8.4106e-03 | time: 0.067
I 06.08/07:17:11 solver.py:159 ] Epoch: [141/200][160/282] lr: 1.61e-04 | MSE loss: 8.3534e-03 | time: 0.064
I 06.08/07:17:12 solver.py:159 ] Epoch: [141/200][180/282] lr: 1.60e-04 | MSE loss: 8.2216e-03 | time: 0.062
I 06.08/07:17:13 solver.py:159 ] Epoch: [141/200][200/282] lr: 1.60e-04 | MSE loss: 8.1659e-03 | time: 0.060
I 06.08/07:17:13 solver.py:159 ] Epoch: [141/200][220/282] lr: 1.60e-04 | MSE loss: 8.1770e-03 | time: 0.058
I 06.08/07:17:14 solver.py:159 ] Epoch: [141/200][240/282] lr: 1.60e-04 | MSE loss: 8.1204e-03 | time: 0.058
I 06.08/07:17:15 solver.py:159 ] Epoch: [141/200][260/282] lr: 1.59e-04 | MSE loss: 8.2206e-03 | time: 0.057
I 06.08/07:17:17 solver.py:159 ] Epoch: [141/200][280/282] lr: 1.59e-04 | MSE loss: 8.1625e-03 | time: 0.057
I 06.08/07:17:17 solver.py:169 ] => Train  Loss: 8.1413e-03

I 06.08/07:17:18 solver.py:405 ] [20/32] loss: 9.3616e-03 | NMSE: -1.6779e+01 | time: 0.048
I 06.08/07:17:18 solver.py:413 ] => Test NMSE: -1.7829e+01

I 06.08/07:17:18 solver.py:345 ] => LoRA monitor [epoch=141] | trainable=163840/163840 | non_lora_trainable=0 | lora_l2=1.533141e+01 | lora_A_l2=5.448232e+00 | lora_B_l2=1.433070e+01 | component_l2=fc_decoder:1.533141e+01 | lora_abs_max=2.162873e-01 | delta_l2=1.520866e+01 | delta_rel=6.602016e+00 | train_loss=8.141278e-03 | test_loss=8.242773e-03 | nmse=-1.782897e+01
I 06.08/07:17:18 solver.py:224 ] 
=! Best NMSE: -1.7829e+01 (epoch=138)

I 06.08/07:17:19 solver.py:159 ] Epoch: [142/200][20/282] lr: 1.59e-04 | MSE loss: 7.6972e-03 | time: 0.051
I 06.08/07:17:20 solver.py:159 ] Epoch: [142/200][40/282] lr: 1.59e-04 | MSE loss: 8.5018e-03 | time: 0.049
I 06.08/07:17:21 solver.py:159 ] Epoch: [142/200][60/282] lr: 1.58e-04 | MSE loss: 9.0501e-03 | time: 0.047
I 06.08/07:17:22 solver.py:159 ] Epoch: [142/200][80/282] lr: 1.58e-04 | MSE loss: 8.1500e-03 | time: 0.047
I 06.08/07:17:23 solver.py:159 ] Epoch: [142/200][100/282] lr: 1.58e-04 | MSE loss: 8.2049e-03 | time: 0.047
I 06.08/07:17:24 solver.py:159 ] Epoch: [142/200][120/282] lr: 1.58e-04 | MSE loss: 8.1194e-03 | time: 0.046
I 06.08/07:17:25 solver.py:159 ] Epoch: [142/200][140/282] lr: 1.57e-04 | MSE loss: 8.3187e-03 | time: 0.046
I 06.08/07:17:25 solver.py:159 ] Epoch: [142/200][160/282] lr: 1.57e-04 | MSE loss: 8.4867e-03 | time: 0.045
I 06.08/07:17:26 solver.py:159 ] Epoch: [142/200][180/282] lr: 1.57e-04 | MSE loss: 8.4365e-03 | time: 0.045
I 06.08/07:17:27 solver.py:159 ] Epoch: [142/200][200/282] lr: 1.57e-04 | MSE loss: 8.3743e-03 | time: 0.045
I 06.08/07:17:28 solver.py:159 ] Epoch: [142/200][220/282] lr: 1.57e-04 | MSE loss: 8.3281e-03 | time: 0.045
I 06.08/07:17:29 solver.py:159 ] Epoch: [142/200][240/282] lr: 1.56e-04 | MSE loss: 8.2417e-03 | time: 0.045
I 06.08/07:17:30 solver.py:159 ] Epoch: [142/200][260/282] lr: 1.56e-04 | MSE loss: 8.2221e-03 | time: 0.044
I 06.08/07:17:30 solver.py:159 ] Epoch: [142/200][280/282] lr: 1.56e-04 | MSE loss: 8.1887e-03 | time: 0.044
I 06.08/07:17:30 solver.py:169 ] => Train  Loss: 8.1501e-03

I 06.08/07:17:31 solver.py:405 ] [20/32] loss: 9.3616e-03 | NMSE: -1.6779e+01 | time: 0.041
I 06.08/07:17:32 solver.py:413 ] => Test NMSE: -1.7829e+01

I 06.08/07:17:32 solver.py:345 ] => LoRA monitor [epoch=142] | trainable=163840/163840 | non_lora_trainable=0 | lora_l2=1.535218e+01 | lora_A_l2=5.457678e+00 | lora_B_l2=1.434932e+01 | component_l2=fc_decoder:1.535218e+01 | lora_abs_max=2.175648e-01 | delta_l2=1.522928e+01 | delta_rel=6.610966e+00 | train_loss=8.150102e-03 | test_loss=8.242759e-03 | nmse=-1.782897e+01
I 06.08/07:17:32 solver.py:224 ] 
=! Best NMSE: -1.7829e+01 (epoch=138)

I 06.08/07:17:33 solver.py:159 ] Epoch: [143/200][20/282] lr: 1.56e-04 | MSE loss: 9.6381e-03 | time: 0.051
I 06.08/07:17:34 solver.py:159 ] Epoch: [143/200][40/282] lr: 1.55e-04 | MSE loss: 9.0438e-03 | time: 0.048
I 06.08/07:17:35 solver.py:159 ] Epoch: [143/200][60/282] lr: 1.55e-04 | MSE loss: 9.6232e-03 | time: 0.046
I 06.08/07:17:36 solver.py:159 ] Epoch: [143/200][80/282] lr: 1.55e-04 | MSE loss: 8.8006e-03 | time: 0.046
I 06.08/07:17:37 solver.py:159 ] Epoch: [143/200][100/282] lr: 1.55e-04 | MSE loss: 8.5612e-03 | time: 0.046
I 06.08/07:17:38 solver.py:159 ] Epoch: [143/200][120/282] lr: 1.54e-04 | MSE loss: 8.6854e-03 | time: 0.048
I 06.08/07:17:39 solver.py:159 ] Epoch: [143/200][140/282] lr: 1.54e-04 | MSE loss: 8.7487e-03 | time: 0.048
I 06.08/07:17:40 solver.py:159 ] Epoch: [143/200][160/282] lr: 1.54e-04 | MSE loss: 8.7319e-03 | time: 0.048
I 06.08/07:17:41 solver.py:159 ] Epoch: [143/200][180/282] lr: 1.54e-04 | MSE loss: 8.4117e-03 | time: 0.048
I 06.08/07:17:41 solver.py:159 ] Epoch: [143/200][200/282] lr: 1.53e-04 | MSE loss: 8.5174e-03 | time: 0.048
I 06.08/07:17:42 solver.py:159 ] Epoch: [143/200][220/282] lr: 1.53e-04 | MSE loss: 8.3568e-03 | time: 0.047
I 06.08/07:17:43 solver.py:159 ] Epoch: [143/200][240/282] lr: 1.53e-04 | MSE loss: 8.2308e-03 | time: 0.047
I 06.08/07:17:44 solver.py:159 ] Epoch: [143/200][260/282] lr: 1.53e-04 | MSE loss: 8.2722e-03 | time: 0.047
I 06.08/07:17:45 solver.py:159 ] Epoch: [143/200][280/282] lr: 1.52e-04 | MSE loss: 8.1793e-03 | time: 0.047
I 06.08/07:17:45 solver.py:169 ] => Train  Loss: 8.1409e-03

I 06.08/07:17:46 solver.py:405 ] [20/32] loss: 9.3615e-03 | NMSE: -1.6779e+01 | time: 0.043
I 06.08/07:17:46 solver.py:413 ] => Test NMSE: -1.7829e+01

I 06.08/07:17:46 solver.py:345 ] => LoRA monitor [epoch=143] | trainable=163840/163840 | non_lora_trainable=0 | lora_l2=1.536997e+01 | lora_A_l2=5.465427e+00 | lora_B_l2=1.436541e+01 | component_l2=fc_decoder:1.536997e+01 | lora_abs_max=2.178273e-01 | delta_l2=1.524748e+01 | delta_rel=6.618869e+00 | train_loss=8.140934e-03 | test_loss=8.242584e-03 | nmse=-1.782907e+01
I 06.08/07:17:47 solver.py:224 ] 
=! Best NMSE: -1.7829e+01 (epoch=143)

I 06.08/07:17:48 solver.py:159 ] Epoch: [144/200][20/282] lr: 1.52e-04 | MSE loss: 9.9793e-03 | time: 0.046
I 06.08/07:17:48 solver.py:159 ] Epoch: [144/200][40/282] lr: 1.52e-04 | MSE loss: 9.5432e-03 | time: 0.044
I 06.08/07:17:49 solver.py:159 ] Epoch: [144/200][60/282] lr: 1.52e-04 | MSE loss: 9.0878e-03 | time: 0.044
I 06.08/07:17:50 solver.py:159 ] Epoch: [144/200][80/282] lr: 1.52e-04 | MSE loss: 9.1234e-03 | time: 0.045
I 06.08/07:17:51 solver.py:159 ] Epoch: [144/200][100/282] lr: 1.51e-04 | MSE loss: 9.4267e-03 | time: 0.046
I 06.08/07:17:52 solver.py:159 ] Epoch: [144/200][120/282] lr: 1.51e-04 | MSE loss: 9.1286e-03 | time: 0.045
I 06.08/07:17:53 solver.py:159 ] Epoch: [144/200][140/282] lr: 1.51e-04 | MSE loss: 9.0180e-03 | time: 0.046
I 06.08/07:17:54 solver.py:159 ] Epoch: [144/200][160/282] lr: 1.51e-04 | MSE loss: 8.9317e-03 | time: 0.047
I 06.08/07:17:55 solver.py:159 ] Epoch: [144/200][180/282] lr: 1.50e-04 | MSE loss: 8.6769e-03 | time: 0.047
I 06.08/07:17:56 solver.py:159 ] Epoch: [144/200][200/282] lr: 1.50e-04 | MSE loss: 8.4622e-03 | time: 0.046
I 06.08/07:17:57 solver.py:159 ] Epoch: [144/200][220/282] lr: 1.50e-04 | MSE loss: 8.4854e-03 | time: 0.046
I 06.08/07:17:58 solver.py:159 ] Epoch: [144/200][240/282] lr: 1.50e-04 | MSE loss: 8.4208e-03 | time: 0.047
I 06.08/07:17:59 solver.py:159 ] Epoch: [144/200][260/282] lr: 1.49e-04 | MSE loss: 8.2171e-03 | time: 0.046
I 06.08/07:18:00 solver.py:159 ] Epoch: [144/200][280/282] lr: 1.49e-04 | MSE loss: 8.1667e-03 | time: 0.046
I 06.08/07:18:00 solver.py:169 ] => Train  Loss: 8.1416e-03

I 06.08/07:18:01 solver.py:405 ] [20/32] loss: 9.3616e-03 | NMSE: -1.6779e+01 | time: 0.059
I 06.08/07:18:02 solver.py:413 ] => Test NMSE: -1.7829e+01

I 06.08/07:18:02 solver.py:345 ] => LoRA monitor [epoch=144] | trainable=163840/163840 | non_lora_trainable=0 | lora_l2=1.538862e+01 | lora_A_l2=5.473687e+00 | lora_B_l2=1.438223e+01 | component_l2=fc_decoder:1.538862e+01 | lora_abs_max=2.173449e-01 | delta_l2=1.526606e+01 | delta_rel=6.626934e+00 | train_loss=8.141599e-03 | test_loss=8.242734e-03 | nmse=-1.782899e+01
I 06.08/07:18:02 solver.py:224 ] 
=! Best NMSE: -1.7829e+01 (epoch=143)

I 06.08/07:18:04 solver.py:159 ] Epoch: [145/200][20/282] lr: 1.49e-04 | MSE loss: 7.8677e-03 | time: 0.101
I 06.08/07:18:05 solver.py:159 ] Epoch: [145/200][40/282] lr: 1.49e-04 | MSE loss: 8.5261e-03 | time: 0.075
I 06.08/07:18:06 solver.py:159 ] Epoch: [145/200][60/282] lr: 1.48e-04 | MSE loss: 8.5604e-03 | time: 0.065
I 06.08/07:18:07 solver.py:159 ] Epoch: [145/200][80/282] lr: 1.48e-04 | MSE loss: 8.1782e-03 | time: 0.060
I 06.08/07:18:08 solver.py:159 ] Epoch: [145/200][100/282] lr: 1.48e-04 | MSE loss: 8.2830e-03 | time: 0.057
I 06.08/07:18:09 solver.py:159 ] Epoch: [145/200][120/282] lr: 1.48e-04 | MSE loss: 8.5687e-03 | time: 0.055
I 06.08/07:18:10 solver.py:159 ] Epoch: [145/200][140/282] lr: 1.48e-04 | MSE loss: 8.0868e-03 | time: 0.053
I 06.08/07:18:10 solver.py:159 ] Epoch: [145/200][160/282] lr: 1.47e-04 | MSE loss: 7.9493e-03 | time: 0.051
I 06.08/07:18:11 solver.py:159 ] Epoch: [145/200][180/282] lr: 1.47e-04 | MSE loss: 8.0174e-03 | time: 0.050
I 06.08/07:18:12 solver.py:159 ] Epoch: [145/200][200/282] lr: 1.47e-04 | MSE loss: 7.9039e-03 | time: 0.049
I 06.08/07:18:13 solver.py:159 ] Epoch: [145/200][220/282] lr: 1.47e-04 | MSE loss: 7.9700e-03 | time: 0.048
I 06.08/07:18:14 solver.py:159 ] Epoch: [145/200][240/282] lr: 1.46e-04 | MSE loss: 8.0915e-03 | time: 0.048
I 06.08/07:18:14 solver.py:159 ] Epoch: [145/200][260/282] lr: 1.46e-04 | MSE loss: 8.1054e-03 | time: 0.048
I 06.08/07:18:15 solver.py:159 ] Epoch: [145/200][280/282] lr: 1.46e-04 | MSE loss: 8.1515e-03 | time: 0.047
I 06.08/07:18:15 solver.py:169 ] => Train  Loss: 8.1426e-03

I 06.08/07:18:16 solver.py:405 ] [20/32] loss: 9.3616e-03 | NMSE: -1.6779e+01 | time: 0.026
I 06.08/07:18:16 solver.py:413 ] => Test NMSE: -1.7829e+01

I 06.08/07:18:16 solver.py:345 ] => LoRA monitor [epoch=145] | trainable=163840/163840 | non_lora_trainable=0 | lora_l2=1.540523e+01 | lora_A_l2=5.480578e+00 | lora_B_l2=1.439737e+01 | component_l2=fc_decoder:1.540523e+01 | lora_abs_max=2.191046e-01 | delta_l2=1.528293e+01 | delta_rel=6.634254e+00 | train_loss=8.142602e-03 | test_loss=8.242660e-03 | nmse=-1.782903e+01
I 06.08/07:18:16 solver.py:224 ] 
=! Best NMSE: -1.7829e+01 (epoch=143)

I 06.08/07:18:17 solver.py:159 ] Epoch: [146/200][20/282] lr: 1.46e-04 | MSE loss: 7.3535e-03 | time: 0.041
I 06.08/07:18:18 solver.py:159 ] Epoch: [146/200][40/282] lr: 1.45e-04 | MSE loss: 7.6771e-03 | time: 0.041
I 06.08/07:18:19 solver.py:159 ] Epoch: [146/200][60/282] lr: 1.45e-04 | MSE loss: 6.8465e-03 | time: 0.043
I 06.08/07:18:20 solver.py:159 ] Epoch: [146/200][80/282] lr: 1.45e-04 | MSE loss: 6.9836e-03 | time: 0.043
I 06.08/07:18:21 solver.py:159 ] Epoch: [146/200][100/282] lr: 1.45e-04 | MSE loss: 7.1649e-03 | time: 0.044
I 06.08/07:18:21 solver.py:159 ] Epoch: [146/200][120/282] lr: 1.45e-04 | MSE loss: 7.9070e-03 | time: 0.045
I 06.08/07:18:22 solver.py:159 ] Epoch: [146/200][140/282] lr: 1.44e-04 | MSE loss: 7.8798e-03 | time: 0.044
I 06.08/07:18:23 solver.py:159 ] Epoch: [146/200][160/282] lr: 1.44e-04 | MSE loss: 8.2691e-03 | time: 0.045
I 06.08/07:18:24 solver.py:159 ] Epoch: [146/200][180/282] lr: 1.44e-04 | MSE loss: 8.4388e-03 | time: 0.045
I 06.08/07:18:25 solver.py:159 ] Epoch: [146/200][200/282] lr: 1.44e-04 | MSE loss: 8.4294e-03 | time: 0.045
I 06.08/07:18:26 solver.py:159 ] Epoch: [146/200][220/282] lr: 1.43e-04 | MSE loss: 8.3704e-03 | time: 0.045
I 06.08/07:18:27 solver.py:159 ] Epoch: [146/200][240/282] lr: 1.43e-04 | MSE loss: 8.4616e-03 | time: 0.045
I 06.08/07:18:28 solver.py:159 ] Epoch: [146/200][260/282] lr: 1.43e-04 | MSE loss: 8.3022e-03 | time: 0.045
I 06.08/07:18:28 solver.py:159 ] Epoch: [146/200][280/282] lr: 1.43e-04 | MSE loss: 8.1480e-03 | time: 0.044
I 06.08/07:18:29 solver.py:169 ] => Train  Loss: 8.1732e-03

I 06.08/07:18:29 solver.py:405 ] [20/32] loss: 9.3612e-03 | NMSE: -1.6780e+01 | time: 0.039
I 06.08/07:18:30 solver.py:413 ] => Test NMSE: -1.7829e+01

I 06.08/07:18:30 solver.py:345 ] => LoRA monitor [epoch=146] | trainable=163840/163840 | non_lora_trainable=0 | lora_l2=1.542501e+01 | lora_A_l2=5.490274e+00 | lora_B_l2=1.441485e+01 | component_l2=fc_decoder:1.542501e+01 | lora_abs_max=2.190638e-01 | delta_l2=1.530286e+01 | delta_rel=6.642907e+00 | train_loss=8.173161e-03 | test_loss=8.242404e-03 | nmse=-1.782916e+01
I 06.08/07:18:30 solver.py:224 ] 
=! Best NMSE: -1.7829e+01 (epoch=146)

I 06.08/07:18:31 solver.py:159 ] Epoch: [147/200][20/282] lr: 1.43e-04 | MSE loss: 7.8939e-03 | time: 0.041
I 06.08/07:18:32 solver.py:159 ] Epoch: [147/200][40/282] lr: 1.42e-04 | MSE loss: 7.1644e-03 | time: 0.037
I 06.08/07:18:33 solver.py:159 ] Epoch: [147/200][60/282] lr: 1.42e-04 | MSE loss: 7.1924e-03 | time: 0.038
I 06.08/07:18:33 solver.py:159 ] Epoch: [147/200][80/282] lr: 1.42e-04 | MSE loss: 7.7316e-03 | time: 0.041
I 06.08/07:18:34 solver.py:159 ] Epoch: [147/200][100/282] lr: 1.42e-04 | MSE loss: 8.0779e-03 | time: 0.042
I 06.08/07:18:35 solver.py:159 ] Epoch: [147/200][120/282] lr: 1.41e-04 | MSE loss: 8.0456e-03 | time: 0.042
I 06.08/07:18:36 solver.py:159 ] Epoch: [147/200][140/282] lr: 1.41e-04 | MSE loss: 8.0467e-03 | time: 0.042
I 06.08/07:18:37 solver.py:159 ] Epoch: [147/200][160/282] lr: 1.41e-04 | MSE loss: 8.2112e-03 | time: 0.042
I 06.08/07:18:38 solver.py:159 ] Epoch: [147/200][180/282] lr: 1.41e-04 | MSE loss: 8.2042e-03 | time: 0.043
I 06.08/07:18:39 solver.py:159 ] Epoch: [147/200][200/282] lr: 1.41e-04 | MSE loss: 8.3473e-03 | time: 0.043
I 06.08/07:18:40 solver.py:159 ] Epoch: [147/200][220/282] lr: 1.40e-04 | MSE loss: 8.3069e-03 | time: 0.043
I 06.08/07:18:40 solver.py:159 ] Epoch: [147/200][240/282] lr: 1.40e-04 | MSE loss: 8.2165e-03 | time: 0.043
I 06.08/07:18:41 solver.py:159 ] Epoch: [147/200][260/282] lr: 1.40e-04 | MSE loss: 8.2263e-03 | time: 0.043
I 06.08/07:18:42 solver.py:159 ] Epoch: [147/200][280/282] lr: 1.40e-04 | MSE loss: 8.1609e-03 | time: 0.043
I 06.08/07:18:42 solver.py:169 ] => Train  Loss: 8.1401e-03

I 06.08/07:18:43 solver.py:405 ] [20/32] loss: 9.3613e-03 | NMSE: -1.6779e+01 | time: 0.041
I 06.08/07:18:44 solver.py:413 ] => Test NMSE: -1.7829e+01

I 06.08/07:18:44 solver.py:345 ] => LoRA monitor [epoch=147] | trainable=163840/163840 | non_lora_trainable=0 | lora_l2=1.544201e+01 | lora_A_l2=5.498055e+00 | lora_B_l2=1.443008e+01 | component_l2=fc_decoder:1.544201e+01 | lora_abs_max=2.188868e-01 | delta_l2=1.531995e+01 | delta_rel=6.650325e+00 | train_loss=8.140138e-03 | test_loss=8.242537e-03 | nmse=-1.782909e+01
I 06.08/07:18:44 solver.py:224 ] 
=! Best NMSE: -1.7829e+01 (epoch=146)

I 06.08/07:18:45 solver.py:159 ] Epoch: [148/200][20/282] lr: 1.39e-04 | MSE loss: 9.3961e-03 | time: 0.044
I 06.08/07:18:45 solver.py:159 ] Epoch: [148/200][40/282] lr: 1.39e-04 | MSE loss: 8.2059e-03 | time: 0.046
I 06.08/07:18:46 solver.py:159 ] Epoch: [148/200][60/282] lr: 1.39e-04 | MSE loss: 8.1805e-03 | time: 0.047
I 06.08/07:18:47 solver.py:159 ] Epoch: [148/200][80/282] lr: 1.39e-04 | MSE loss: 7.8777e-03 | time: 0.047
I 06.08/07:18:48 solver.py:159 ] Epoch: [148/200][100/282] lr: 1.38e-04 | MSE loss: 8.0679e-03 | time: 0.046
I 06.08/07:18:49 solver.py:159 ] Epoch: [148/200][120/282] lr: 1.38e-04 | MSE loss: 8.0790e-03 | time: 0.045
I 06.08/07:18:50 solver.py:159 ] Epoch: [148/200][140/282] lr: 1.38e-04 | MSE loss: 8.2778e-03 | time: 0.046
I 06.08/07:18:51 solver.py:159 ] Epoch: [148/200][160/282] lr: 1.38e-04 | MSE loss: 8.1838e-03 | time: 0.045
I 06.08/07:18:52 solver.py:159 ] Epoch: [148/200][180/282] lr: 1.38e-04 | MSE loss: 8.1163e-03 | time: 0.046
I 06.08/07:18:53 solver.py:159 ] Epoch: [148/200][200/282] lr: 1.37e-04 | MSE loss: 8.0736e-03 | time: 0.045
I 06.08/07:18:54 solver.py:159 ] Epoch: [148/200][220/282] lr: 1.37e-04 | MSE loss: 8.1982e-03 | time: 0.045
I 06.08/07:18:55 solver.py:159 ] Epoch: [148/200][240/282] lr: 1.37e-04 | MSE loss: 8.0836e-03 | time: 0.045
I 06.08/07:18:55 solver.py:159 ] Epoch: [148/200][260/282] lr: 1.37e-04 | MSE loss: 8.2014e-03 | time: 0.045
I 06.08/07:18:56 solver.py:159 ] Epoch: [148/200][280/282] lr: 1.36e-04 | MSE loss: 8.1806e-03 | time: 0.045
I 06.08/07:18:56 solver.py:169 ] => Train  Loss: 8.1427e-03

I 06.08/07:18:57 solver.py:405 ] [20/32] loss: 9.3618e-03 | NMSE: -1.6779e+01 | time: 0.040
I 06.08/07:18:58 solver.py:413 ] => Test NMSE: -1.7829e+01

I 06.08/07:18:58 solver.py:345 ] => LoRA monitor [epoch=148] | trainable=163840/163840 | non_lora_trainable=0 | lora_l2=1.545823e+01 | lora_A_l2=5.505755e+00 | lora_B_l2=1.444450e+01 | component_l2=fc_decoder:1.545823e+01 | lora_abs_max=2.184415e-01 | delta_l2=1.533641e+01 | delta_rel=6.657473e+00 | train_loss=8.142675e-03 | test_loss=8.242865e-03 | nmse=-1.782892e+01
I 06.08/07:18:58 solver.py:224 ] 
=! Best NMSE: -1.7829e+01 (epoch=146)

I 06.08/07:18:59 solver.py:159 ] Epoch: [149/200][20/282] lr: 1.36e-04 | MSE loss: 8.2122e-03 | time: 0.051
I 06.08/07:19:00 solver.py:159 ] Epoch: [149/200][40/282] lr: 1.36e-04 | MSE loss: 6.8307e-03 | time: 0.048
I 06.08/07:19:01 solver.py:159 ] Epoch: [149/200][60/282] lr: 1.36e-04 | MSE loss: 6.8366e-03 | time: 0.052
I 06.08/07:19:03 solver.py:159 ] Epoch: [149/200][80/282] lr: 1.36e-04 | MSE loss: 7.8948e-03 | time: 0.067
I 06.08/07:19:05 solver.py:159 ] Epoch: [149/200][100/282] lr: 1.35e-04 | MSE loss: 8.0064e-03 | time: 0.070
I 06.08/07:19:06 solver.py:159 ] Epoch: [149/200][120/282] lr: 1.35e-04 | MSE loss: 7.9622e-03 | time: 0.066
I 06.08/07:19:06 solver.py:159 ] Epoch: [149/200][140/282] lr: 1.35e-04 | MSE loss: 7.9038e-03 | time: 0.063
I 06.08/07:19:07 solver.py:159 ] Epoch: [149/200][160/282] lr: 1.35e-04 | MSE loss: 8.0319e-03 | time: 0.061
I 06.08/07:19:08 solver.py:159 ] Epoch: [149/200][180/282] lr: 1.35e-04 | MSE loss: 8.1798e-03 | time: 0.059
I 06.08/07:19:09 solver.py:159 ] Epoch: [149/200][200/282] lr: 1.34e-04 | MSE loss: 8.1729e-03 | time: 0.057
I 06.08/07:19:10 solver.py:159 ] Epoch: [149/200][220/282] lr: 1.34e-04 | MSE loss: 8.2821e-03 | time: 0.056
I 06.08/07:19:11 solver.py:159 ] Epoch: [149/200][240/282] lr: 1.34e-04 | MSE loss: 8.2612e-03 | time: 0.055
I 06.08/07:19:12 solver.py:159 ] Epoch: [149/200][260/282] lr: 1.34e-04 | MSE loss: 8.2918e-03 | time: 0.054
I 06.08/07:19:13 solver.py:159 ] Epoch: [149/200][280/282] lr: 1.33e-04 | MSE loss: 8.1603e-03 | time: 0.054
I 06.08/07:19:13 solver.py:169 ] => Train  Loss: 8.1424e-03

I 06.08/07:19:14 solver.py:405 ] [20/32] loss: 9.3615e-03 | NMSE: -1.6779e+01 | time: 0.042
I 06.08/07:19:14 solver.py:413 ] => Test NMSE: -1.7829e+01

I 06.08/07:19:14 solver.py:345 ] => LoRA monitor [epoch=149] | trainable=163840/163840 | non_lora_trainable=0 | lora_l2=1.547319e+01 | lora_A_l2=5.512099e+00 | lora_B_l2=1.445809e+01 | component_l2=fc_decoder:1.547319e+01 | lora_abs_max=2.194686e-01 | delta_l2=1.535165e+01 | delta_rel=6.664086e+00 | train_loss=8.142353e-03 | test_loss=8.242648e-03 | nmse=-1.782903e+01
I 06.08/07:19:14 solver.py:224 ] 
=! Best NMSE: -1.7829e+01 (epoch=146)

I 06.08/07:19:15 solver.py:159 ] Epoch: [150/200][20/282] lr: 1.33e-04 | MSE loss: 7.6995e-03 | time: 0.049
I 06.08/07:19:16 solver.py:159 ] Epoch: [150/200][40/282] lr: 1.33e-04 | MSE loss: 8.5624e-03 | time: 0.048
I 06.08/07:19:17 solver.py:159 ] Epoch: [150/200][60/282] lr: 1.33e-04 | MSE loss: 7.5932e-03 | time: 0.049
I 06.08/07:19:18 solver.py:159 ] Epoch: [150/200][80/282] lr: 1.33e-04 | MSE loss: 7.5825e-03 | time: 0.049
I 06.08/07:19:19 solver.py:159 ] Epoch: [150/200][100/282] lr: 1.32e-04 | MSE loss: 8.2122e-03 | time: 0.047
I 06.08/07:19:20 solver.py:159 ] Epoch: [150/200][120/282] lr: 1.32e-04 | MSE loss: 7.9362e-03 | time: 0.046
I 06.08/07:19:20 solver.py:159 ] Epoch: [150/200][140/282] lr: 1.32e-04 | MSE loss: 8.2970e-03 | time: 0.046
I 06.08/07:19:21 solver.py:159 ] Epoch: [150/200][160/282] lr: 1.32e-04 | MSE loss: 8.4563e-03 | time: 0.046
I 06.08/07:19:22 solver.py:159 ] Epoch: [150/200][180/282] lr: 1.31e-04 | MSE loss: 8.2433e-03 | time: 0.046
I 06.08/07:19:23 solver.py:159 ] Epoch: [150/200][200/282] lr: 1.31e-04 | MSE loss: 8.0973e-03 | time: 0.046
I 06.08/07:19:24 solver.py:159 ] Epoch: [150/200][220/282] lr: 1.31e-04 | MSE loss: 8.1470e-03 | time: 0.045
I 06.08/07:19:25 solver.py:159 ] Epoch: [150/200][240/282] lr: 1.31e-04 | MSE loss: 8.1332e-03 | time: 0.045
I 06.08/07:19:26 solver.py:159 ] Epoch: [150/200][260/282] lr: 1.31e-04 | MSE loss: 8.1197e-03 | time: 0.045
I 06.08/07:19:27 solver.py:159 ] Epoch: [150/200][280/282] lr: 1.30e-04 | MSE loss: 8.1919e-03 | time: 0.045
I 06.08/07:19:27 solver.py:169 ] => Train  Loss: 8.1443e-03

I 06.08/07:19:28 solver.py:159 ] Epoch: [150/200][20/32] lr: 1.30e-04 | MSE loss: 9.3614e-03 | time: 0.041
I 06.08/07:19:28 solver.py:169 ] => Val  Loss: 8.0579e-03

I 06.08/07:19:29 solver.py:405 ] [20/32] loss: 9.3614e-03 | NMSE: -1.6779e+01 | time: 0.049
I 06.08/07:19:30 solver.py:413 ] => Test NMSE: -1.7829e+01

I 06.08/07:19:30 solver.py:345 ] => LoRA monitor [epoch=150] | trainable=163840/163840 | non_lora_trainable=0 | lora_l2=1.548913e+01 | lora_A_l2=5.519616e+00 | lora_B_l2=1.447228e+01 | component_l2=fc_decoder:1.548913e+01 | lora_abs_max=2.187793e-01 | delta_l2=1.536756e+01 | delta_rel=6.670995e+00 | train_loss=8.144330e-03 | val_loss=8.057946e-03 | test_loss=8.242601e-03 | nmse=-1.782906e+01
I 06.08/07:19:30 solver.py:224 ] 
=! Best NMSE: -1.7829e+01 (epoch=146)

I 06.08/07:19:31 solver.py:159 ] Epoch: [151/200][20/282] lr: 1.30e-04 | MSE loss: 8.3494e-03 | time: 0.052
I 06.08/07:19:31 solver.py:159 ] Epoch: [151/200][40/282] lr: 1.30e-04 | MSE loss: 7.9928e-03 | time: 0.048
I 06.08/07:19:32 solver.py:159 ] Epoch: [151/200][60/282] lr: 1.30e-04 | MSE loss: 7.2190e-03 | time: 0.046
I 06.08/07:19:33 solver.py:159 ] Epoch: [151/200][80/282] lr: 1.30e-04 | MSE loss: 7.8612e-03 | time: 0.046
I 06.08/07:19:34 solver.py:159 ] Epoch: [151/200][100/282] lr: 1.29e-04 | MSE loss: 7.8123e-03 | time: 0.047
I 06.08/07:19:35 solver.py:159 ] Epoch: [151/200][120/282] lr: 1.29e-04 | MSE loss: 7.8457e-03 | time: 0.045
I 06.08/07:19:36 solver.py:159 ] Epoch: [151/200][140/282] lr: 1.29e-04 | MSE loss: 7.8842e-03 | time: 0.045
I 06.08/07:19:37 solver.py:159 ] Epoch: [151/200][160/282] lr: 1.29e-04 | MSE loss: 7.6391e-03 | time: 0.045
I 06.08/07:19:38 solver.py:159 ] Epoch: [151/200][180/282] lr: 1.28e-04 | MSE loss: 7.8575e-03 | time: 0.045
I 06.08/07:19:39 solver.py:159 ] Epoch: [151/200][200/282] lr: 1.28e-04 | MSE loss: 8.1669e-03 | time: 0.046
I 06.08/07:19:40 solver.py:159 ] Epoch: [151/200][220/282] lr: 1.28e-04 | MSE loss: 8.1309e-03 | time: 0.046
I 06.08/07:19:41 solver.py:159 ] Epoch: [151/200][240/282] lr: 1.28e-04 | MSE loss: 8.2166e-03 | time: 0.046
I 06.08/07:19:41 solver.py:159 ] Epoch: [151/200][260/282] lr: 1.28e-04 | MSE loss: 8.2332e-03 | time: 0.046
I 06.08/07:19:42 solver.py:159 ] Epoch: [151/200][280/282] lr: 1.27e-04 | MSE loss: 8.1826e-03 | time: 0.046
I 06.08/07:19:42 solver.py:169 ] => Train  Loss: 8.1577e-03

I 06.08/07:19:43 solver.py:405 ] [20/32] loss: 9.3619e-03 | NMSE: -1.6779e+01 | time: 0.044
I 06.08/07:19:44 solver.py:413 ] => Test NMSE: -1.7829e+01

I 06.08/07:19:44 solver.py:345 ] => LoRA monitor [epoch=151] | trainable=163840/163840 | non_lora_trainable=0 | lora_l2=1.550370e+01 | lora_A_l2=5.526496e+00 | lora_B_l2=1.448526e+01 | component_l2=fc_decoder:1.550370e+01 | lora_abs_max=2.199527e-01 | delta_l2=1.538232e+01 | delta_rel=6.677401e+00 | train_loss=8.157694e-03 | test_loss=8.242917e-03 | nmse=-1.782889e+01
I 06.08/07:19:44 solver.py:224 ] 
=! Best NMSE: -1.7829e+01 (epoch=146)

I 06.08/07:19:45 solver.py:159 ] Epoch: [152/200][20/282] lr: 1.27e-04 | MSE loss: 7.2040e-03 | time: 0.048
I 06.08/07:19:46 solver.py:159 ] Epoch: [152/200][40/282] lr: 1.27e-04 | MSE loss: 6.5976e-03 | time: 0.047
I 06.08/07:19:47 solver.py:159 ] Epoch: [152/200][60/282] lr: 1.27e-04 | MSE loss: 7.1197e-03 | time: 0.046
I 06.08/07:19:48 solver.py:159 ] Epoch: [152/200][80/282] lr: 1.27e-04 | MSE loss: 7.4438e-03 | time: 0.046
I 06.08/07:19:48 solver.py:159 ] Epoch: [152/200][100/282] lr: 1.26e-04 | MSE loss: 8.0317e-03 | time: 0.046
I 06.08/07:19:49 solver.py:159 ] Epoch: [152/200][120/282] lr: 1.26e-04 | MSE loss: 8.1224e-03 | time: 0.046
I 06.08/07:19:50 solver.py:159 ] Epoch: [152/200][140/282] lr: 1.26e-04 | MSE loss: 7.9215e-03 | time: 0.045
I 06.08/07:19:51 solver.py:159 ] Epoch: [152/200][160/282] lr: 1.26e-04 | MSE loss: 7.9812e-03 | time: 0.045
I 06.08/07:19:52 solver.py:159 ] Epoch: [152/200][180/282] lr: 1.26e-04 | MSE loss: 8.1649e-03 | time: 0.045
I 06.08/07:19:53 solver.py:159 ] Epoch: [152/200][200/282] lr: 1.25e-04 | MSE loss: 7.9703e-03 | time: 0.045
I 06.08/07:19:54 solver.py:159 ] Epoch: [152/200][220/282] lr: 1.25e-04 | MSE loss: 8.1584e-03 | time: 0.045
I 06.08/07:19:55 solver.py:159 ] Epoch: [152/200][240/282] lr: 1.25e-04 | MSE loss: 8.1103e-03 | time: 0.045
I 06.08/07:19:56 solver.py:159 ] Epoch: [152/200][260/282] lr: 1.25e-04 | MSE loss: 8.1885e-03 | time: 0.045
I 06.08/07:19:56 solver.py:159 ] Epoch: [152/200][280/282] lr: 1.24e-04 | MSE loss: 8.1522e-03 | time: 0.045
I 06.08/07:19:57 solver.py:169 ] => Train  Loss: 8.1402e-03

I 06.08/07:19:57 solver.py:405 ] [20/32] loss: 9.3616e-03 | NMSE: -1.6779e+01 | time: 0.042
I 06.08/07:19:58 solver.py:413 ] => Test NMSE: -1.7829e+01

I 06.08/07:19:58 solver.py:345 ] => LoRA monitor [epoch=152] | trainable=163840/163840 | non_lora_trainable=0 | lora_l2=1.551964e+01 | lora_A_l2=5.535265e+00 | lora_B_l2=1.449897e+01 | component_l2=fc_decoder:1.551964e+01 | lora_abs_max=2.199836e-01 | delta_l2=1.539840e+01 | delta_rel=6.684380e+00 | train_loss=8.140168e-03 | test_loss=8.242749e-03 | nmse=-1.782898e+01
I 06.08/07:19:58 solver.py:224 ] 
=! Best NMSE: -1.7829e+01 (epoch=146)

I 06.08/07:19:59 solver.py:159 ] Epoch: [153/200][20/282] lr: 1.24e-04 | MSE loss: 8.3749e-03 | time: 0.044
I 06.08/07:20:00 solver.py:159 ] Epoch: [153/200][40/282] lr: 1.24e-04 | MSE loss: 7.6049e-03 | time: 0.046
I 06.08/07:20:01 solver.py:159 ] Epoch: [153/200][60/282] lr: 1.24e-04 | MSE loss: 8.0445e-03 | time: 0.057
I 06.08/07:20:03 solver.py:159 ] Epoch: [153/200][80/282] lr: 1.24e-04 | MSE loss: 7.9086e-03 | time: 0.069
I 06.08/07:20:05 solver.py:159 ] Epoch: [153/200][100/282] lr: 1.23e-04 | MSE loss: 7.5654e-03 | time: 0.070
I 06.08/07:20:06 solver.py:159 ] Epoch: [153/200][120/282] lr: 1.23e-04 | MSE loss: 7.6362e-03 | time: 0.066
I 06.08/07:20:07 solver.py:159 ] Epoch: [153/200][140/282] lr: 1.23e-04 | MSE loss: 7.6078e-03 | time: 0.064
I 06.08/07:20:08 solver.py:159 ] Epoch: [153/200][160/282] lr: 1.23e-04 | MSE loss: 7.6800e-03 | time: 0.062
I 06.08/07:20:09 solver.py:159 ] Epoch: [153/200][180/282] lr: 1.23e-04 | MSE loss: 7.7763e-03 | time: 0.061
I 06.08/07:20:10 solver.py:159 ] Epoch: [153/200][200/282] lr: 1.22e-04 | MSE loss: 7.8544e-03 | time: 0.059
I 06.08/07:20:11 solver.py:159 ] Epoch: [153/200][220/282] lr: 1.22e-04 | MSE loss: 8.0172e-03 | time: 0.058
I 06.08/07:20:12 solver.py:159 ] Epoch: [153/200][240/282] lr: 1.22e-04 | MSE loss: 8.0067e-03 | time: 0.057
I 06.08/07:20:13 solver.py:159 ] Epoch: [153/200][260/282] lr: 1.22e-04 | MSE loss: 8.0379e-03 | time: 0.057
I 06.08/07:20:14 solver.py:159 ] Epoch: [153/200][280/282] lr: 1.22e-04 | MSE loss: 8.1911e-03 | time: 0.056
I 06.08/07:20:14 solver.py:169 ] => Train  Loss: 8.1430e-03

I 06.08/07:20:15 solver.py:405 ] [20/32] loss: 9.3618e-03 | NMSE: -1.6779e+01 | time: 0.041
I 06.08/07:20:15 solver.py:413 ] => Test NMSE: -1.7829e+01

I 06.08/07:20:15 solver.py:345 ] => LoRA monitor [epoch=153] | trainable=163840/163840 | non_lora_trainable=0 | lora_l2=1.553489e+01 | lora_A_l2=5.542694e+00 | lora_B_l2=1.451246e+01 | component_l2=fc_decoder:1.553489e+01 | lora_abs_max=2.202316e-01 | delta_l2=1.541375e+01 | delta_rel=6.691043e+00 | train_loss=8.142977e-03 | test_loss=8.242852e-03 | nmse=-1.782893e+01
I 06.08/07:20:15 solver.py:224 ] 
=! Best NMSE: -1.7829e+01 (epoch=146)

I 06.08/07:20:16 solver.py:159 ] Epoch: [154/200][20/282] lr: 1.21e-04 | MSE loss: 8.7583e-03 | time: 0.052
I 06.08/07:20:17 solver.py:159 ] Epoch: [154/200][40/282] lr: 1.21e-04 | MSE loss: 9.3186e-03 | time: 0.049
I 06.08/07:20:18 solver.py:159 ] Epoch: [154/200][60/282] lr: 1.21e-04 | MSE loss: 9.2685e-03 | time: 0.048
I 06.08/07:20:19 solver.py:159 ] Epoch: [154/200][80/282] lr: 1.21e-04 | MSE loss: 9.0322e-03 | time: 0.048
I 06.08/07:20:20 solver.py:159 ] Epoch: [154/200][100/282] lr: 1.21e-04 | MSE loss: 8.6878e-03 | time: 0.048
I 06.08/07:20:21 solver.py:159 ] Epoch: [154/200][120/282] lr: 1.20e-04 | MSE loss: 8.9356e-03 | time: 0.047
I 06.08/07:20:22 solver.py:159 ] Epoch: [154/200][140/282] lr: 1.20e-04 | MSE loss: 8.8277e-03 | time: 0.047
I 06.08/07:20:23 solver.py:159 ] Epoch: [154/200][160/282] lr: 1.20e-04 | MSE loss: 8.6693e-03 | time: 0.047
I 06.08/07:20:24 solver.py:159 ] Epoch: [154/200][180/282] lr: 1.20e-04 | MSE loss: 8.5114e-03 | time: 0.048
I 06.08/07:20:25 solver.py:159 ] Epoch: [154/200][200/282] lr: 1.20e-04 | MSE loss: 8.5833e-03 | time: 0.047
I 06.08/07:20:25 solver.py:159 ] Epoch: [154/200][220/282] lr: 1.19e-04 | MSE loss: 8.4457e-03 | time: 0.047
I 06.08/07:20:26 solver.py:159 ] Epoch: [154/200][240/282] lr: 1.19e-04 | MSE loss: 8.3023e-03 | time: 0.047
I 06.08/07:20:27 solver.py:159 ] Epoch: [154/200][260/282] lr: 1.19e-04 | MSE loss: 8.1565e-03 | time: 0.047
I 06.08/07:20:28 solver.py:159 ] Epoch: [154/200][280/282] lr: 1.19e-04 | MSE loss: 8.1390e-03 | time: 0.047
I 06.08/07:20:28 solver.py:169 ] => Train  Loss: 8.1436e-03

I 06.08/07:20:29 solver.py:405 ] [20/32] loss: 9.3618e-03 | NMSE: -1.6779e+01 | time: 0.041
I 06.08/07:20:30 solver.py:413 ] => Test NMSE: -1.7829e+01

I 06.08/07:20:30 solver.py:345 ] => LoRA monitor [epoch=154] | trainable=163840/163840 | non_lora_trainable=0 | lora_l2=1.554916e+01 | lora_A_l2=5.550147e+00 | lora_B_l2=1.452489e+01 | component_l2=fc_decoder:1.554916e+01 | lora_abs_max=2.206823e-01 | delta_l2=1.542817e+01 | delta_rel=6.697305e+00 | train_loss=8.143620e-03 | test_loss=8.242847e-03 | nmse=-1.782893e+01
I 06.08/07:20:30 solver.py:224 ] 
=! Best NMSE: -1.7829e+01 (epoch=146)

I 06.08/07:20:31 solver.py:159 ] Epoch: [155/200][20/282] lr: 1.19e-04 | MSE loss: 6.9192e-03 | time: 0.048
I 06.08/07:20:32 solver.py:159 ] Epoch: [155/200][40/282] lr: 1.18e-04 | MSE loss: 7.0653e-03 | time: 0.048
I 06.08/07:20:33 solver.py:159 ] Epoch: [155/200][60/282] lr: 1.18e-04 | MSE loss: 7.0117e-03 | time: 0.049
I 06.08/07:20:33 solver.py:159 ] Epoch: [155/200][80/282] lr: 1.18e-04 | MSE loss: 7.2553e-03 | time: 0.048
I 06.08/07:20:34 solver.py:159 ] Epoch: [155/200][100/282] lr: 1.18e-04 | MSE loss: 7.3886e-03 | time: 0.047
I 06.08/07:20:35 solver.py:159 ] Epoch: [155/200][120/282] lr: 1.18e-04 | MSE loss: 7.0380e-03 | time: 0.047
I 06.08/07:20:36 solver.py:159 ] Epoch: [155/200][140/282] lr: 1.17e-04 | MSE loss: 7.1715e-03 | time: 0.046
I 06.08/07:20:37 solver.py:159 ] Epoch: [155/200][160/282] lr: 1.17e-04 | MSE loss: 7.2487e-03 | time: 0.045
I 06.08/07:20:38 solver.py:159 ] Epoch: [155/200][180/282] lr: 1.17e-04 | MSE loss: 7.5407e-03 | time: 0.044
I 06.08/07:20:38 solver.py:159 ] Epoch: [155/200][200/282] lr: 1.17e-04 | MSE loss: 7.6585e-03 | time: 0.043
I 06.08/07:20:39 solver.py:159 ] Epoch: [155/200][220/282] lr: 1.17e-04 | MSE loss: 7.7065e-03 | time: 0.042
I 06.08/07:20:40 solver.py:159 ] Epoch: [155/200][240/282] lr: 1.16e-04 | MSE loss: 7.8415e-03 | time: 0.042
I 06.08/07:20:41 solver.py:159 ] Epoch: [155/200][260/282] lr: 1.16e-04 | MSE loss: 7.9603e-03 | time: 0.042
I 06.08/07:20:42 solver.py:159 ] Epoch: [155/200][280/282] lr: 1.16e-04 | MSE loss: 8.1366e-03 | time: 0.043
I 06.08/07:20:42 solver.py:169 ] => Train  Loss: 8.2136e-03

I 06.08/07:20:43 solver.py:405 ] [20/32] loss: 9.3615e-03 | NMSE: -1.6779e+01 | time: 0.050
I 06.08/07:20:43 solver.py:413 ] => Test NMSE: -1.7829e+01

I 06.08/07:20:43 solver.py:345 ] => LoRA monitor [epoch=155] | trainable=163840/163840 | non_lora_trainable=0 | lora_l2=1.556134e+01 | lora_A_l2=5.555630e+00 | lora_B_l2=1.453583e+01 | component_l2=fc_decoder:1.556134e+01 | lora_abs_max=2.207572e-01 | delta_l2=1.544050e+01 | delta_rel=6.702655e+00 | train_loss=8.213606e-03 | test_loss=8.242636e-03 | nmse=-1.782904e+01
I 06.08/07:20:43 solver.py:224 ] 
=! Best NMSE: -1.7829e+01 (epoch=146)

I 06.08/07:20:44 solver.py:159 ] Epoch: [156/200][20/282] lr: 1.16e-04 | MSE loss: 1.0546e-02 | time: 0.045
I 06.08/07:20:45 solver.py:159 ] Epoch: [156/200][40/282] lr: 1.16e-04 | MSE loss: 9.2603e-03 | time: 0.046
I 06.08/07:20:46 solver.py:159 ] Epoch: [156/200][60/282] lr: 1.15e-04 | MSE loss: 8.4533e-03 | time: 0.045
I 06.08/07:20:47 solver.py:159 ] Epoch: [156/200][80/282] lr: 1.15e-04 | MSE loss: 8.2979e-03 | time: 0.046
I 06.08/07:20:48 solver.py:159 ] Epoch: [156/200][100/282] lr: 1.15e-04 | MSE loss: 8.6345e-03 | time: 0.046
I 06.08/07:20:49 solver.py:159 ] Epoch: [156/200][120/282] lr: 1.15e-04 | MSE loss: 8.5198e-03 | time: 0.045
I 06.08/07:20:50 solver.py:159 ] Epoch: [156/200][140/282] lr: 1.15e-04 | MSE loss: 8.3042e-03 | time: 0.045
I 06.08/07:20:51 solver.py:159 ] Epoch: [156/200][160/282] lr: 1.14e-04 | MSE loss: 7.9802e-03 | time: 0.045
I 06.08/07:20:51 solver.py:159 ] Epoch: [156/200][180/282] lr: 1.14e-04 | MSE loss: 8.1098e-03 | time: 0.045
I 06.08/07:20:52 solver.py:159 ] Epoch: [156/200][200/282] lr: 1.14e-04 | MSE loss: 8.1706e-03 | time: 0.045
I 06.08/07:20:53 solver.py:159 ] Epoch: [156/200][220/282] lr: 1.14e-04 | MSE loss: 8.4278e-03 | time: 0.045
I 06.08/07:20:54 solver.py:159 ] Epoch: [156/200][240/282] lr: 1.14e-04 | MSE loss: 8.3410e-03 | time: 0.045
I 06.08/07:20:55 solver.py:159 ] Epoch: [156/200][260/282] lr: 1.13e-04 | MSE loss: 8.2451e-03 | time: 0.046
I 06.08/07:20:56 solver.py:159 ] Epoch: [156/200][280/282] lr: 1.13e-04 | MSE loss: 8.1403e-03 | time: 0.046
I 06.08/07:20:56 solver.py:169 ] => Train  Loss: 8.1423e-03

I 06.08/07:20:57 solver.py:405 ] [20/32] loss: 9.3615e-03 | NMSE: -1.6779e+01 | time: 0.037
I 06.08/07:20:57 solver.py:413 ] => Test NMSE: -1.7829e+01

I 06.08/07:20:57 solver.py:345 ] => LoRA monitor [epoch=156] | trainable=163840/163840 | non_lora_trainable=0 | lora_l2=1.557591e+01 | lora_A_l2=5.563858e+00 | lora_B_l2=1.454828e+01 | component_l2=fc_decoder:1.557591e+01 | lora_abs_max=2.209815e-01 | delta_l2=1.545520e+01 | delta_rel=6.709037e+00 | train_loss=8.142307e-03 | test_loss=8.242610e-03 | nmse=-1.782905e+01
I 06.08/07:20:57 solver.py:224 ] 
=! Best NMSE: -1.7829e+01 (epoch=146)

I 06.08/07:20:58 solver.py:159 ] Epoch: [157/200][20/282] lr: 1.13e-04 | MSE loss: 8.5641e-03 | time: 0.047
I 06.08/07:20:59 solver.py:159 ] Epoch: [157/200][40/282] lr: 1.13e-04 | MSE loss: 6.9252e-03 | time: 0.047
I 06.08/07:21:01 solver.py:159 ] Epoch: [157/200][60/282] lr: 1.13e-04 | MSE loss: 7.4742e-03 | time: 0.056
I 06.08/07:21:03 solver.py:159 ] Epoch: [157/200][80/282] lr: 1.12e-04 | MSE loss: 7.7036e-03 | time: 0.074
I 06.08/07:21:05 solver.py:159 ] Epoch: [157/200][100/282] lr: 1.12e-04 | MSE loss: 7.4914e-03 | time: 0.076
I 06.08/07:21:06 solver.py:159 ] Epoch: [157/200][120/282] lr: 1.12e-04 | MSE loss: 7.4569e-03 | time: 0.070
I 06.08/07:21:07 solver.py:159 ] Epoch: [157/200][140/282] lr: 1.12e-04 | MSE loss: 7.4911e-03 | time: 0.065
I 06.08/07:21:07 solver.py:159 ] Epoch: [157/200][160/282] lr: 1.12e-04 | MSE loss: 7.8587e-03 | time: 0.062
I 06.08/07:21:08 solver.py:159 ] Epoch: [157/200][180/282] lr: 1.11e-04 | MSE loss: 8.0852e-03 | time: 0.060
I 06.08/07:21:09 solver.py:159 ] Epoch: [157/200][200/282] lr: 1.11e-04 | MSE loss: 8.1505e-03 | time: 0.059
I 06.08/07:21:10 solver.py:159 ] Epoch: [157/200][220/282] lr: 1.11e-04 | MSE loss: 8.1996e-03 | time: 0.058
I 06.08/07:21:11 solver.py:159 ] Epoch: [157/200][240/282] lr: 1.11e-04 | MSE loss: 8.1783e-03 | time: 0.057
I 06.08/07:21:12 solver.py:159 ] Epoch: [157/200][260/282] lr: 1.11e-04 | MSE loss: 8.0283e-03 | time: 0.056
I 06.08/07:21:13 solver.py:159 ] Epoch: [157/200][280/282] lr: 1.10e-04 | MSE loss: 8.1878e-03 | time: 0.055
I 06.08/07:21:13 solver.py:169 ] => Train  Loss: 8.1413e-03

I 06.08/07:21:14 solver.py:405 ] [20/32] loss: 9.3613e-03 | NMSE: -1.6780e+01 | time: 0.042
I 06.08/07:21:14 solver.py:413 ] => Test NMSE: -1.7829e+01

I 06.08/07:21:14 solver.py:345 ] => LoRA monitor [epoch=157] | trainable=163840/163840 | non_lora_trainable=0 | lora_l2=1.558758e+01 | lora_A_l2=5.569605e+00 | lora_B_l2=1.455858e+01 | component_l2=fc_decoder:1.558758e+01 | lora_abs_max=2.204842e-01 | delta_l2=1.546694e+01 | delta_rel=6.714135e+00 | train_loss=8.141289e-03 | test_loss=8.242498e-03 | nmse=-1.782911e+01
I 06.08/07:21:14 solver.py:224 ] 
=! Best NMSE: -1.7829e+01 (epoch=146)

I 06.08/07:21:15 solver.py:159 ] Epoch: [158/200][20/282] lr: 1.10e-04 | MSE loss: 1.0712e-02 | time: 0.042
I 06.08/07:21:16 solver.py:159 ] Epoch: [158/200][40/282] lr: 1.10e-04 | MSE loss: 8.8679e-03 | time: 0.044
I 06.08/07:21:17 solver.py:159 ] Epoch: [158/200][60/282] lr: 1.10e-04 | MSE loss: 9.2182e-03 | time: 0.044
I 06.08/07:21:18 solver.py:159 ] Epoch: [158/200][80/282] lr: 1.10e-04 | MSE loss: 8.8883e-03 | time: 0.045
I 06.08/07:21:19 solver.py:159 ] Epoch: [158/200][100/282] lr: 1.09e-04 | MSE loss: 8.8343e-03 | time: 0.044
I 06.08/07:21:19 solver.py:159 ] Epoch: [158/200][120/282] lr: 1.09e-04 | MSE loss: 8.1542e-03 | time: 0.045
I 06.08/07:21:20 solver.py:159 ] Epoch: [158/200][140/282] lr: 1.09e-04 | MSE loss: 8.2290e-03 | time: 0.045
I 06.08/07:21:21 solver.py:159 ] Epoch: [158/200][160/282] lr: 1.09e-04 | MSE loss: 8.5173e-03 | time: 0.045
I 06.08/07:21:22 solver.py:159 ] Epoch: [158/200][180/282] lr: 1.09e-04 | MSE loss: 8.3109e-03 | time: 0.044
I 06.08/07:21:23 solver.py:159 ] Epoch: [158/200][200/282] lr: 1.09e-04 | MSE loss: 8.2418e-03 | time: 0.044
I 06.08/07:21:24 solver.py:159 ] Epoch: [158/200][220/282] lr: 1.08e-04 | MSE loss: 8.2065e-03 | time: 0.044
I 06.08/07:21:25 solver.py:159 ] Epoch: [158/200][240/282] lr: 1.08e-04 | MSE loss: 8.1907e-03 | time: 0.045
I 06.08/07:21:26 solver.py:159 ] Epoch: [158/200][260/282] lr: 1.08e-04 | MSE loss: 8.1120e-03 | time: 0.045
I 06.08/07:21:27 solver.py:159 ] Epoch: [158/200][280/282] lr: 1.08e-04 | MSE loss: 8.1734e-03 | time: 0.045
I 06.08/07:21:27 solver.py:169 ] => Train  Loss: 8.1531e-03

I 06.08/07:21:28 solver.py:405 ] [20/32] loss: 9.3617e-03 | NMSE: -1.6779e+01 | time: 0.035
I 06.08/07:21:28 solver.py:413 ] => Test NMSE: -1.7829e+01

I 06.08/07:21:28 solver.py:345 ] => LoRA monitor [epoch=158] | trainable=163840/163840 | non_lora_trainable=0 | lora_l2=1.560068e+01 | lora_A_l2=5.576608e+00 | lora_B_l2=1.456993e+01 | component_l2=fc_decoder:1.560068e+01 | lora_abs_max=2.205275e-01 | delta_l2=1.548015e+01 | delta_rel=6.719870e+00 | train_loss=8.153126e-03 | test_loss=8.242733e-03 | nmse=-1.782899e+01
I 06.08/07:21:28 solver.py:224 ] 
=! Best NMSE: -1.7829e+01 (epoch=146)

I 06.08/07:21:29 solver.py:159 ] Epoch: [159/200][20/282] lr: 1.08e-04 | MSE loss: 1.0348e-02 | time: 0.042
I 06.08/07:21:30 solver.py:159 ] Epoch: [159/200][40/282] lr: 1.07e-04 | MSE loss: 8.7732e-03 | time: 0.047
I 06.08/07:21:31 solver.py:159 ] Epoch: [159/200][60/282] lr: 1.07e-04 | MSE loss: 8.9870e-03 | time: 0.047
I 06.08/07:21:32 solver.py:159 ] Epoch: [159/200][80/282] lr: 1.07e-04 | MSE loss: 8.5140e-03 | time: 0.047
I 06.08/07:21:33 solver.py:159 ] Epoch: [159/200][100/282] lr: 1.07e-04 | MSE loss: 8.5108e-03 | time: 0.047
I 06.08/07:21:34 solver.py:159 ] Epoch: [159/200][120/282] lr: 1.07e-04 | MSE loss: 8.9385e-03 | time: 0.047
I 06.08/07:21:34 solver.py:159 ] Epoch: [159/200][140/282] lr: 1.06e-04 | MSE loss: 8.6182e-03 | time: 0.047
I 06.08/07:21:35 solver.py:159 ] Epoch: [159/200][160/282] lr: 1.06e-04 | MSE loss: 8.4864e-03 | time: 0.047
I 06.08/07:21:36 solver.py:159 ] Epoch: [159/200][180/282] lr: 1.06e-04 | MSE loss: 8.5676e-03 | time: 0.047
I 06.08/07:21:37 solver.py:159 ] Epoch: [159/200][200/282] lr: 1.06e-04 | MSE loss: 8.4304e-03 | time: 0.047
I 06.08/07:21:38 solver.py:159 ] Epoch: [159/200][220/282] lr: 1.06e-04 | MSE loss: 8.2607e-03 | time: 0.047
I 06.08/07:21:39 solver.py:159 ] Epoch: [159/200][240/282] lr: 1.06e-04 | MSE loss: 8.0577e-03 | time: 0.046
I 06.08/07:21:40 solver.py:159 ] Epoch: [159/200][260/282] lr: 1.05e-04 | MSE loss: 8.1384e-03 | time: 0.045
I 06.08/07:21:41 solver.py:159 ] Epoch: [159/200][280/282] lr: 1.05e-04 | MSE loss: 8.1561e-03 | time: 0.045
I 06.08/07:21:41 solver.py:169 ] => Train  Loss: 8.1409e-03

I 06.08/07:21:41 solver.py:405 ] [20/32] loss: 9.3616e-03 | NMSE: -1.6779e+01 | time: 0.027
I 06.08/07:21:41 solver.py:413 ] => Test NMSE: -1.7829e+01

I 06.08/07:21:41 solver.py:345 ] => LoRA monitor [epoch=159] | trainable=163840/163840 | non_lora_trainable=0 | lora_l2=1.561221e+01 | lora_A_l2=5.582859e+00 | lora_B_l2=1.457987e+01 | component_l2=fc_decoder:1.561221e+01 | lora_abs_max=2.211763e-01 | delta_l2=1.549185e+01 | delta_rel=6.724946e+00 | train_loss=8.140929e-03 | test_loss=8.242638e-03 | nmse=-1.782904e+01
I 06.08/07:21:41 solver.py:224 ] 
=! Best NMSE: -1.7829e+01 (epoch=146)

I 06.08/07:21:42 solver.py:159 ] Epoch: [160/200][20/282] lr: 1.05e-04 | MSE loss: 8.0891e-03 | time: 0.038
I 06.08/07:21:43 solver.py:159 ] Epoch: [160/200][40/282] lr: 1.05e-04 | MSE loss: 8.4036e-03 | time: 0.036
I 06.08/07:21:44 solver.py:159 ] Epoch: [160/200][60/282] lr: 1.05e-04 | MSE loss: 8.2151e-03 | time: 0.039
I 06.08/07:21:45 solver.py:159 ] Epoch: [160/200][80/282] lr: 1.04e-04 | MSE loss: 7.6639e-03 | time: 0.040
I 06.08/07:21:45 solver.py:159 ] Epoch: [160/200][100/282] lr: 1.04e-04 | MSE loss: 7.6669e-03 | time: 0.039
I 06.08/07:21:46 solver.py:159 ] Epoch: [160/200][120/282] lr: 1.04e-04 | MSE loss: 7.7250e-03 | time: 0.039
I 06.08/07:21:47 solver.py:159 ] Epoch: [160/200][140/282] lr: 1.04e-04 | MSE loss: 7.7628e-03 | time: 0.039
I 06.08/07:21:48 solver.py:159 ] Epoch: [160/200][160/282] lr: 1.04e-04 | MSE loss: 7.7855e-03 | time: 0.039
I 06.08/07:21:48 solver.py:159 ] Epoch: [160/200][180/282] lr: 1.04e-04 | MSE loss: 7.9054e-03 | time: 0.039
I 06.08/07:21:49 solver.py:159 ] Epoch: [160/200][200/282] lr: 1.03e-04 | MSE loss: 7.9274e-03 | time: 0.039
I 06.08/07:21:50 solver.py:159 ] Epoch: [160/200][220/282] lr: 1.03e-04 | MSE loss: 7.8400e-03 | time: 0.039
I 06.08/07:21:51 solver.py:159 ] Epoch: [160/200][240/282] lr: 1.03e-04 | MSE loss: 7.8520e-03 | time: 0.039
I 06.08/07:21:52 solver.py:159 ] Epoch: [160/200][260/282] lr: 1.03e-04 | MSE loss: 7.9769e-03 | time: 0.039
I 06.08/07:21:52 solver.py:159 ] Epoch: [160/200][280/282] lr: 1.03e-04 | MSE loss: 8.1579e-03 | time: 0.039
I 06.08/07:21:52 solver.py:169 ] => Train  Loss: 8.1404e-03

I 06.08/07:21:53 solver.py:159 ] Epoch: [160/200][20/32] lr: 1.03e-04 | MSE loss: 9.3615e-03 | time: 0.029
I 06.08/07:21:53 solver.py:169 ] => Val  Loss: 8.0580e-03

I 06.08/07:21:54 solver.py:405 ] [20/32] loss: 9.3615e-03 | NMSE: -1.6779e+01 | time: 0.036
I 06.08/07:21:54 solver.py:413 ] => Test NMSE: -1.7829e+01

I 06.08/07:21:54 solver.py:345 ] => LoRA monitor [epoch=160] | trainable=163840/163840 | non_lora_trainable=0 | lora_l2=1.562525e+01 | lora_A_l2=5.590434e+00 | lora_B_l2=1.459094e+01 | component_l2=fc_decoder:1.562525e+01 | lora_abs_max=2.214565e-01 | delta_l2=1.550499e+01 | delta_rel=6.730650e+00 | train_loss=8.140378e-03 | val_loss=8.057965e-03 | test_loss=8.242626e-03 | nmse=-1.782905e+01
I 06.08/07:21:54 solver.py:224 ] 
=! Best NMSE: -1.7829e+01 (epoch=146)

I 06.08/07:21:55 solver.py:159 ] Epoch: [161/200][20/282] lr: 1.02e-04 | MSE loss: 7.3826e-03 | time: 0.044
I 06.08/07:21:56 solver.py:159 ] Epoch: [161/200][40/282] lr: 1.02e-04 | MSE loss: 8.6769e-03 | time: 0.043
I 06.08/07:21:57 solver.py:159 ] Epoch: [161/200][60/282] lr: 1.02e-04 | MSE loss: 7.7642e-03 | time: 0.041
I 06.08/07:21:58 solver.py:159 ] Epoch: [161/200][80/282] lr: 1.02e-04 | MSE loss: 7.4704e-03 | time: 0.041
I 06.08/07:21:58 solver.py:159 ] Epoch: [161/200][100/282] lr: 1.02e-04 | MSE loss: 8.1172e-03 | time: 0.040
I 06.08/07:21:59 solver.py:159 ] Epoch: [161/200][120/282] lr: 1.02e-04 | MSE loss: 8.0970e-03 | time: 0.040
I 06.08/07:22:00 solver.py:159 ] Epoch: [161/200][140/282] lr: 1.01e-04 | MSE loss: 8.1353e-03 | time: 0.039
I 06.08/07:22:01 solver.py:159 ] Epoch: [161/200][160/282] lr: 1.01e-04 | MSE loss: 8.5215e-03 | time: 0.040
I 06.08/07:22:02 solver.py:159 ] Epoch: [161/200][180/282] lr: 1.01e-04 | MSE loss: 8.5358e-03 | time: 0.042
I 06.08/07:22:04 solver.py:159 ] Epoch: [161/200][200/282] lr: 1.01e-04 | MSE loss: 8.3638e-03 | time: 0.046
I 06.08/07:22:05 solver.py:159 ] Epoch: [161/200][220/282] lr: 1.01e-04 | MSE loss: 8.2367e-03 | time: 0.047
I 06.08/07:22:06 solver.py:159 ] Epoch: [161/200][240/282] lr: 1.01e-04 | MSE loss: 8.1950e-03 | time: 0.047
I 06.08/07:22:06 solver.py:159 ] Epoch: [161/200][260/282] lr: 1.00e-04 | MSE loss: 8.3054e-03 | time: 0.046
I 06.08/07:22:07 solver.py:159 ] Epoch: [161/200][280/282] lr: 1.00e-04 | MSE loss: 8.1447e-03 | time: 0.045
I 06.08/07:22:07 solver.py:169 ] => Train  Loss: 8.1775e-03

I 06.08/07:22:08 solver.py:405 ] [20/32] loss: 9.3615e-03 | NMSE: -1.6779e+01 | time: 0.028
I 06.08/07:22:08 solver.py:413 ] => Test NMSE: -1.7829e+01

I 06.08/07:22:08 solver.py:345 ] => LoRA monitor [epoch=161] | trainable=163840/163840 | non_lora_trainable=0 | lora_l2=1.563657e+01 | lora_A_l2=5.596865e+00 | lora_B_l2=1.460060e+01 | component_l2=fc_decoder:1.563657e+01 | lora_abs_max=2.213029e-01 | delta_l2=1.551636e+01 | delta_rel=6.735587e+00 | train_loss=8.177496e-03 | test_loss=8.242607e-03 | nmse=-1.782905e+01
I 06.08/07:22:08 solver.py:224 ] 
=! Best NMSE: -1.7829e+01 (epoch=146)

I 06.08/07:22:09 solver.py:159 ] Epoch: [162/200][20/282] lr: 1.00e-04 | MSE loss: 6.6486e-03 | time: 0.038
I 06.08/07:22:10 solver.py:159 ] Epoch: [162/200][40/282] lr: 9.98e-05 | MSE loss: 7.4137e-03 | time: 0.040
I 06.08/07:22:11 solver.py:159 ] Epoch: [162/200][60/282] lr: 9.96e-05 | MSE loss: 7.9662e-03 | time: 0.040
I 06.08/07:22:11 solver.py:159 ] Epoch: [162/200][80/282] lr: 9.94e-05 | MSE loss: 8.5986e-03 | time: 0.039
I 06.08/07:22:12 solver.py:159 ] Epoch: [162/200][100/282] lr: 9.93e-05 | MSE loss: 8.5662e-03 | time: 0.038
I 06.08/07:22:13 solver.py:159 ] Epoch: [162/200][120/282] lr: 9.91e-05 | MSE loss: 8.5061e-03 | time: 0.038
I 06.08/07:22:13 solver.py:159 ] Epoch: [162/200][140/282] lr: 9.89e-05 | MSE loss: 8.0910e-03 | time: 0.037
I 06.08/07:22:14 solver.py:159 ] Epoch: [162/200][160/282] lr: 9.87e-05 | MSE loss: 8.0664e-03 | time: 0.037
I 06.08/07:22:15 solver.py:159 ] Epoch: [162/200][180/282] lr: 9.86e-05 | MSE loss: 7.9441e-03 | time: 0.037
I 06.08/07:22:16 solver.py:159 ] Epoch: [162/200][200/282] lr: 9.84e-05 | MSE loss: 8.0844e-03 | time: 0.037
I 06.08/07:22:16 solver.py:159 ] Epoch: [162/200][220/282] lr: 9.82e-05 | MSE loss: 7.9631e-03 | time: 0.036
I 06.08/07:22:17 solver.py:159 ] Epoch: [162/200][240/282] lr: 9.81e-05 | MSE loss: 8.2047e-03 | time: 0.036
I 06.08/07:22:18 solver.py:159 ] Epoch: [162/200][260/282] lr: 9.79e-05 | MSE loss: 8.1101e-03 | time: 0.036
I 06.08/07:22:18 solver.py:159 ] Epoch: [162/200][280/282] lr: 9.77e-05 | MSE loss: 8.1639e-03 | time: 0.037
I 06.08/07:22:19 solver.py:169 ] => Train  Loss: 8.1891e-03

I 06.08/07:22:19 solver.py:405 ] [20/32] loss: 9.3616e-03 | NMSE: -1.6779e+01 | time: 0.033
I 06.08/07:22:20 solver.py:413 ] => Test NMSE: -1.7829e+01

I 06.08/07:22:20 solver.py:345 ] => LoRA monitor [epoch=162] | trainable=163840/163840 | non_lora_trainable=0 | lora_l2=1.564756e+01 | lora_A_l2=5.602982e+00 | lora_B_l2=1.461002e+01 | component_l2=fc_decoder:1.564756e+01 | lora_abs_max=2.209924e-01 | delta_l2=1.552745e+01 | delta_rel=6.740400e+00 | train_loss=8.189132e-03 | test_loss=8.242678e-03 | nmse=-1.782902e+01
I 06.08/07:22:20 solver.py:224 ] 
=! Best NMSE: -1.7829e+01 (epoch=146)

I 06.08/07:22:20 solver.py:159 ] Epoch: [163/200][20/282] lr: 9.75e-05 | MSE loss: 1.0157e-02 | time: 0.033
I 06.08/07:22:21 solver.py:159 ] Epoch: [163/200][40/282] lr: 9.74e-05 | MSE loss: 9.0285e-03 | time: 0.037
I 06.08/07:22:22 solver.py:159 ] Epoch: [163/200][60/282] lr: 9.72e-05 | MSE loss: 7.7402e-03 | time: 0.037
I 06.08/07:22:23 solver.py:159 ] Epoch: [163/200][80/282] lr: 9.70e-05 | MSE loss: 7.6950e-03 | time: 0.037
I 06.08/07:22:23 solver.py:159 ] Epoch: [163/200][100/282] lr: 9.68e-05 | MSE loss: 7.8887e-03 | time: 0.037
I 06.08/07:22:24 solver.py:159 ] Epoch: [163/200][120/282] lr: 9.67e-05 | MSE loss: 8.1331e-03 | time: 0.038
I 06.08/07:22:25 solver.py:159 ] Epoch: [163/200][140/282] lr: 9.65e-05 | MSE loss: 8.1726e-03 | time: 0.038
I 06.08/07:22:26 solver.py:159 ] Epoch: [163/200][160/282] lr: 9.63e-05 | MSE loss: 8.1502e-03 | time: 0.038
I 06.08/07:22:26 solver.py:159 ] Epoch: [163/200][180/282] lr: 9.62e-05 | MSE loss: 8.2951e-03 | time: 0.038
I 06.08/07:22:27 solver.py:159 ] Epoch: [163/200][200/282] lr: 9.60e-05 | MSE loss: 8.3438e-03 | time: 0.037
I 06.08/07:22:28 solver.py:159 ] Epoch: [163/200][220/282] lr: 9.58e-05 | MSE loss: 8.4416e-03 | time: 0.037
I 06.08/07:22:28 solver.py:159 ] Epoch: [163/200][240/282] lr: 9.57e-05 | MSE loss: 8.5188e-03 | time: 0.037
I 06.08/07:22:29 solver.py:159 ] Epoch: [163/200][260/282] lr: 9.55e-05 | MSE loss: 8.3788e-03 | time: 0.037
I 06.08/07:22:30 solver.py:159 ] Epoch: [163/200][280/282] lr: 9.53e-05 | MSE loss: 8.1548e-03 | time: 0.037
I 06.08/07:22:30 solver.py:169 ] => Train  Loss: 8.1419e-03

I 06.08/07:22:31 solver.py:405 ] [20/32] loss: 9.3614e-03 | NMSE: -1.6779e+01 | time: 0.033
I 06.08/07:22:31 solver.py:413 ] => Test NMSE: -1.7829e+01

I 06.08/07:22:31 solver.py:345 ] => LoRA monitor [epoch=163] | trainable=163840/163840 | non_lora_trainable=0 | lora_l2=1.565734e+01 | lora_A_l2=5.607826e+00 | lora_B_l2=1.461863e+01 | component_l2=fc_decoder:1.565734e+01 | lora_abs_max=2.212851e-01 | delta_l2=1.553744e+01 | delta_rel=6.744740e+00 | train_loss=8.141852e-03 | test_loss=8.242553e-03 | nmse=-1.782908e+01
I 06.08/07:22:31 solver.py:224 ] 
=! Best NMSE: -1.7829e+01 (epoch=146)

I 06.08/07:22:32 solver.py:159 ] Epoch: [164/200][20/282] lr: 9.51e-05 | MSE loss: 1.1970e-02 | time: 0.037
I 06.08/07:22:32 solver.py:159 ] Epoch: [164/200][40/282] lr: 9.50e-05 | MSE loss: 9.7845e-03 | time: 0.038
I 06.08/07:22:33 solver.py:159 ] Epoch: [164/200][60/282] lr: 9.48e-05 | MSE loss: 9.7256e-03 | time: 0.037
I 06.08/07:22:34 solver.py:159 ] Epoch: [164/200][80/282] lr: 9.46e-05 | MSE loss: 9.1449e-03 | time: 0.037
I 06.08/07:22:35 solver.py:159 ] Epoch: [164/200][100/282] lr: 9.45e-05 | MSE loss: 8.9577e-03 | time: 0.037
I 06.08/07:22:35 solver.py:159 ] Epoch: [164/200][120/282] lr: 9.43e-05 | MSE loss: 8.7582e-03 | time: 0.036
I 06.08/07:22:36 solver.py:159 ] Epoch: [164/200][140/282] lr: 9.41e-05 | MSE loss: 8.9795e-03 | time: 0.037
I 06.08/07:22:37 solver.py:159 ] Epoch: [164/200][160/282] lr: 9.40e-05 | MSE loss: 8.9364e-03 | time: 0.037
I 06.08/07:22:38 solver.py:159 ] Epoch: [164/200][180/282] lr: 9.38e-05 | MSE loss: 8.7316e-03 | time: 0.037
I 06.08/07:22:38 solver.py:159 ] Epoch: [164/200][200/282] lr: 9.36e-05 | MSE loss: 8.5682e-03 | time: 0.037
I 06.08/07:22:39 solver.py:159 ] Epoch: [164/200][220/282] lr: 9.35e-05 | MSE loss: 8.4256e-03 | time: 0.037
I 06.08/07:22:40 solver.py:159 ] Epoch: [164/200][240/282] lr: 9.33e-05 | MSE loss: 8.3897e-03 | time: 0.037
I 06.08/07:22:41 solver.py:159 ] Epoch: [164/200][260/282] lr: 9.32e-05 | MSE loss: 8.2002e-03 | time: 0.037
I 06.08/07:22:41 solver.py:159 ] Epoch: [164/200][280/282] lr: 9.30e-05 | MSE loss: 8.1096e-03 | time: 0.037
I 06.08/07:22:41 solver.py:169 ] => Train  Loss: 8.1400e-03

I 06.08/07:22:42 solver.py:405 ] [20/32] loss: 9.3618e-03 | NMSE: -1.6779e+01 | time: 0.035
I 06.08/07:22:42 solver.py:413 ] => Test NMSE: -1.7829e+01

I 06.08/07:22:42 solver.py:345 ] => LoRA monitor [epoch=164] | trainable=163840/163840 | non_lora_trainable=0 | lora_l2=1.566750e+01 | lora_A_l2=5.613669e+00 | lora_B_l2=1.462728e+01 | component_l2=fc_decoder:1.566750e+01 | lora_abs_max=2.218352e-01 | delta_l2=1.554758e+01 | delta_rel=6.749140e+00 | train_loss=8.140024e-03 | test_loss=8.242759e-03 | nmse=-1.782898e+01
I 06.08/07:22:42 solver.py:224 ] 
=! Best NMSE: -1.7829e+01 (epoch=146)

I 06.08/07:22:43 solver.py:159 ] Epoch: [165/200][20/282] lr: 9.28e-05 | MSE loss: 9.3314e-03 | time: 0.041
I 06.08/07:22:44 solver.py:159 ] Epoch: [165/200][40/282] lr: 9.26e-05 | MSE loss: 9.6303e-03 | time: 0.038
I 06.08/07:22:45 solver.py:159 ] Epoch: [165/200][60/282] lr: 9.25e-05 | MSE loss: 8.5837e-03 | time: 0.038
I 06.08/07:22:45 solver.py:159 ] Epoch: [165/200][80/282] lr: 9.23e-05 | MSE loss: 8.7688e-03 | time: 0.038
I 06.08/07:22:46 solver.py:159 ] Epoch: [165/200][100/282] lr: 9.22e-05 | MSE loss: 8.7611e-03 | time: 0.038
I 06.08/07:22:47 solver.py:159 ] Epoch: [165/200][120/282] lr: 9.20e-05 | MSE loss: 8.2193e-03 | time: 0.038
I 06.08/07:22:48 solver.py:159 ] Epoch: [165/200][140/282] lr: 9.18e-05 | MSE loss: 7.9874e-03 | time: 0.038
I 06.08/07:22:49 solver.py:159 ] Epoch: [165/200][160/282] lr: 9.17e-05 | MSE loss: 8.0425e-03 | time: 0.038
I 06.08/07:22:49 solver.py:159 ] Epoch: [165/200][180/282] lr: 9.15e-05 | MSE loss: 7.9805e-03 | time: 0.038
I 06.08/07:22:50 solver.py:159 ] Epoch: [165/200][200/282] lr: 9.13e-05 | MSE loss: 7.9073e-03 | time: 0.038
I 06.08/07:22:51 solver.py:159 ] Epoch: [165/200][220/282] lr: 9.12e-05 | MSE loss: 7.9048e-03 | time: 0.038
I 06.08/07:22:52 solver.py:159 ] Epoch: [165/200][240/282] lr: 9.10e-05 | MSE loss: 8.0612e-03 | time: 0.038
I 06.08/07:22:52 solver.py:159 ] Epoch: [165/200][260/282] lr: 9.09e-05 | MSE loss: 8.1115e-03 | time: 0.038
I 06.08/07:22:53 solver.py:159 ] Epoch: [165/200][280/282] lr: 9.07e-05 | MSE loss: 8.1239e-03 | time: 0.038
I 06.08/07:22:53 solver.py:169 ] => Train  Loss: 8.2749e-03

I 06.08/07:22:54 solver.py:405 ] [20/32] loss: 9.3614e-03 | NMSE: -1.6779e+01 | time: 0.032
I 06.08/07:22:54 solver.py:413 ] => Test NMSE: -1.7829e+01

I 06.08/07:22:54 solver.py:345 ] => LoRA monitor [epoch=165] | trainable=163840/163840 | non_lora_trainable=0 | lora_l2=1.567783e+01 | lora_A_l2=5.619588e+00 | lora_B_l2=1.463607e+01 | component_l2=fc_decoder:1.567783e+01 | lora_abs_max=2.221563e-01 | delta_l2=1.555795e+01 | delta_rel=6.753642e+00 | train_loss=8.274914e-03 | test_loss=8.242579e-03 | nmse=-1.782907e+01
I 06.08/07:22:54 solver.py:224 ] 
=! Best NMSE: -1.7829e+01 (epoch=146)

I 06.08/07:22:55 solver.py:159 ] Epoch: [166/200][20/282] lr: 9.05e-05 | MSE loss: 7.2937e-03 | time: 0.037
I 06.08/07:22:56 solver.py:159 ] Epoch: [166/200][40/282] lr: 9.04e-05 | MSE loss: 8.2192e-03 | time: 0.039
I 06.08/07:22:56 solver.py:159 ] Epoch: [166/200][60/282] lr: 9.02e-05 | MSE loss: 8.2393e-03 | time: 0.038
I 06.08/07:22:57 solver.py:159 ] Epoch: [166/200][80/282] lr: 9.01e-05 | MSE loss: 8.3914e-03 | time: 0.038
I 06.08/07:22:58 solver.py:159 ] Epoch: [166/200][100/282] lr: 8.99e-05 | MSE loss: 8.1941e-03 | time: 0.038
I 06.08/07:22:59 solver.py:159 ] Epoch: [166/200][120/282] lr: 8.97e-05 | MSE loss: 7.8604e-03 | time: 0.037
I 06.08/07:22:59 solver.py:159 ] Epoch: [166/200][140/282] lr: 8.96e-05 | MSE loss: 7.8773e-03 | time: 0.038
I 06.08/07:23:00 solver.py:159 ] Epoch: [166/200][160/282] lr: 8.94e-05 | MSE loss: 7.8358e-03 | time: 0.039
I 06.08/07:23:02 solver.py:159 ] Epoch: [166/200][180/282] lr: 8.93e-05 | MSE loss: 7.8298e-03 | time: 0.044
I 06.08/07:23:04 solver.py:159 ] Epoch: [166/200][200/282] lr: 8.91e-05 | MSE loss: 7.7031e-03 | time: 0.050
I 06.08/07:23:05 solver.py:159 ] Epoch: [166/200][220/282] lr: 8.90e-05 | MSE loss: 7.8580e-03 | time: 0.050
I 06.08/07:23:06 solver.py:159 ] Epoch: [166/200][240/282] lr: 8.88e-05 | MSE loss: 8.1364e-03 | time: 0.049
I 06.08/07:23:07 solver.py:159 ] Epoch: [166/200][260/282] lr: 8.86e-05 | MSE loss: 8.2470e-03 | time: 0.048
I 06.08/07:23:07 solver.py:159 ] Epoch: [166/200][280/282] lr: 8.85e-05 | MSE loss: 8.1720e-03 | time: 0.047
I 06.08/07:23:07 solver.py:169 ] => Train  Loss: 8.1392e-03

I 06.08/07:23:08 solver.py:405 ] [20/32] loss: 9.3616e-03 | NMSE: -1.6779e+01 | time: 0.030
I 06.08/07:23:08 solver.py:413 ] => Test NMSE: -1.7829e+01

I 06.08/07:23:08 solver.py:345 ] => LoRA monitor [epoch=166] | trainable=163840/163840 | non_lora_trainable=0 | lora_l2=1.568706e+01 | lora_A_l2=5.624706e+00 | lora_B_l2=1.464399e+01 | component_l2=fc_decoder:1.568706e+01 | lora_abs_max=2.226993e-01 | delta_l2=1.556729e+01 | delta_rel=6.757698e+00 | train_loss=8.139157e-03 | test_loss=8.242663e-03 | nmse=-1.782903e+01
I 06.08/07:23:08 solver.py:224 ] 
=! Best NMSE: -1.7829e+01 (epoch=146)

I 06.08/07:23:09 solver.py:159 ] Epoch: [167/200][20/282] lr: 8.83e-05 | MSE loss: 8.4553e-03 | time: 0.034
I 06.08/07:23:10 solver.py:159 ] Epoch: [167/200][40/282] lr: 8.82e-05 | MSE loss: 8.2146e-03 | time: 0.032
I 06.08/07:23:10 solver.py:159 ] Epoch: [167/200][60/282] lr: 8.80e-05 | MSE loss: 8.3036e-03 | time: 0.032
I 06.08/07:23:11 solver.py:159 ] Epoch: [167/200][80/282] lr: 8.78e-05 | MSE loss: 8.7535e-03 | time: 0.034
I 06.08/07:23:12 solver.py:159 ] Epoch: [167/200][100/282] lr: 8.77e-05 | MSE loss: 8.6403e-03 | time: 0.034
I 06.08/07:23:12 solver.py:159 ] Epoch: [167/200][120/282] lr: 8.75e-05 | MSE loss: 8.5298e-03 | time: 0.035
I 06.08/07:23:13 solver.py:159 ] Epoch: [167/200][140/282] lr: 8.74e-05 | MSE loss: 8.5782e-03 | time: 0.035
I 06.08/07:23:14 solver.py:159 ] Epoch: [167/200][160/282] lr: 8.72e-05 | MSE loss: 8.7781e-03 | time: 0.036
I 06.08/07:23:15 solver.py:159 ] Epoch: [167/200][180/282] lr: 8.71e-05 | MSE loss: 8.5619e-03 | time: 0.036
I 06.08/07:23:16 solver.py:159 ] Epoch: [167/200][200/282] lr: 8.69e-05 | MSE loss: 8.4435e-03 | time: 0.037
I 06.08/07:23:16 solver.py:159 ] Epoch: [167/200][220/282] lr: 8.68e-05 | MSE loss: 8.4131e-03 | time: 0.037
I 06.08/07:23:17 solver.py:159 ] Epoch: [167/200][240/282] lr: 8.66e-05 | MSE loss: 8.2696e-03 | time: 0.037
I 06.08/07:23:18 solver.py:159 ] Epoch: [167/200][260/282] lr: 8.65e-05 | MSE loss: 8.1831e-03 | time: 0.037
I 06.08/07:23:19 solver.py:159 ] Epoch: [167/200][280/282] lr: 8.63e-05 | MSE loss: 8.1095e-03 | time: 0.037
I 06.08/07:23:19 solver.py:169 ] => Train  Loss: 8.1402e-03

I 06.08/07:23:19 solver.py:405 ] [20/32] loss: 9.3617e-03 | NMSE: -1.6779e+01 | time: 0.039
I 06.08/07:23:20 solver.py:413 ] => Test NMSE: -1.7829e+01

I 06.08/07:23:20 solver.py:345 ] => LoRA monitor [epoch=167] | trainable=163840/163840 | non_lora_trainable=0 | lora_l2=1.569712e+01 | lora_A_l2=5.630880e+00 | lora_B_l2=1.465240e+01 | component_l2=fc_decoder:1.569712e+01 | lora_abs_max=2.221595e-01 | delta_l2=1.557743e+01 | delta_rel=6.762097e+00 | train_loss=8.140235e-03 | test_loss=8.242713e-03 | nmse=-1.782900e+01
I 06.08/07:23:20 solver.py:224 ] 
=! Best NMSE: -1.7829e+01 (epoch=146)

I 06.08/07:23:20 solver.py:159 ] Epoch: [168/200][20/282] lr: 8.61e-05 | MSE loss: 1.1495e-02 | time: 0.034
I 06.08/07:23:21 solver.py:159 ] Epoch: [168/200][40/282] lr: 8.60e-05 | MSE loss: 1.0608e-02 | time: 0.036
I 06.08/07:23:22 solver.py:159 ] Epoch: [168/200][60/282] lr: 8.58e-05 | MSE loss: 9.2104e-03 | time: 0.036
I 06.08/07:23:23 solver.py:159 ] Epoch: [168/200][80/282] lr: 8.57e-05 | MSE loss: 9.6291e-03 | time: 0.036
I 06.08/07:23:23 solver.py:159 ] Epoch: [168/200][100/282] lr: 8.55e-05 | MSE loss: 8.9260e-03 | time: 0.036
I 06.08/07:23:24 solver.py:159 ] Epoch: [168/200][120/282] lr: 8.54e-05 | MSE loss: 8.6725e-03 | time: 0.035
I 06.08/07:23:25 solver.py:159 ] Epoch: [168/200][140/282] lr: 8.52e-05 | MSE loss: 8.3114e-03 | time: 0.035
I 06.08/07:23:26 solver.py:159 ] Epoch: [168/200][160/282] lr: 8.51e-05 | MSE loss: 8.1502e-03 | time: 0.036
I 06.08/07:23:26 solver.py:159 ] Epoch: [168/200][180/282] lr: 8.49e-05 | MSE loss: 8.4251e-03 | time: 0.037
I 06.08/07:23:27 solver.py:159 ] Epoch: [168/200][200/282] lr: 8.48e-05 | MSE loss: 8.2961e-03 | time: 0.037
I 06.08/07:23:28 solver.py:159 ] Epoch: [168/200][220/282] lr: 8.46e-05 | MSE loss: 8.2564e-03 | time: 0.036
I 06.08/07:23:28 solver.py:159 ] Epoch: [168/200][240/282] lr: 8.45e-05 | MSE loss: 8.3581e-03 | time: 0.036
I 06.08/07:23:29 solver.py:159 ] Epoch: [168/200][260/282] lr: 8.44e-05 | MSE loss: 8.3548e-03 | time: 0.036
I 06.08/07:23:30 solver.py:159 ] Epoch: [168/200][280/282] lr: 8.42e-05 | MSE loss: 8.1814e-03 | time: 0.036
I 06.08/07:23:30 solver.py:169 ] => Train  Loss: 8.1397e-03

I 06.08/07:23:31 solver.py:405 ] [20/32] loss: 9.3614e-03 | NMSE: -1.6779e+01 | time: 0.038
I 06.08/07:23:31 solver.py:413 ] => Test NMSE: -1.7829e+01

I 06.08/07:23:31 solver.py:345 ] => LoRA monitor [epoch=168] | trainable=163840/163840 | non_lora_trainable=0 | lora_l2=1.570639e+01 | lora_A_l2=5.636560e+00 | lora_B_l2=1.466015e+01 | component_l2=fc_decoder:1.570639e+01 | lora_abs_max=2.224344e-01 | delta_l2=1.558675e+01 | delta_rel=6.766144e+00 | train_loss=8.139710e-03 | test_loss=8.242529e-03 | nmse=-1.782910e+01
I 06.08/07:23:31 solver.py:224 ] 
=! Best NMSE: -1.7829e+01 (epoch=146)

I 06.08/07:23:32 solver.py:159 ] Epoch: [169/200][20/282] lr: 8.40e-05 | MSE loss: 7.8860e-03 | time: 0.045
I 06.08/07:23:33 solver.py:159 ] Epoch: [169/200][40/282] lr: 8.39e-05 | MSE loss: 7.7794e-03 | time: 0.043
I 06.08/07:23:34 solver.py:159 ] Epoch: [169/200][60/282] lr: 8.37e-05 | MSE loss: 8.3006e-03 | time: 0.042
I 06.08/07:23:34 solver.py:159 ] Epoch: [169/200][80/282] lr: 8.36e-05 | MSE loss: 7.7991e-03 | time: 0.040
I 06.08/07:23:35 solver.py:159 ] Epoch: [169/200][100/282] lr: 8.35e-05 | MSE loss: 7.5102e-03 | time: 0.039
I 06.08/07:23:36 solver.py:159 ] Epoch: [169/200][120/282] lr: 8.33e-05 | MSE loss: 7.2265e-03 | time: 0.039
I 06.08/07:23:37 solver.py:159 ] Epoch: [169/200][140/282] lr: 8.32e-05 | MSE loss: 7.5784e-03 | time: 0.038
I 06.08/07:23:37 solver.py:159 ] Epoch: [169/200][160/282] lr: 8.30e-05 | MSE loss: 7.8840e-03 | time: 0.038
I 06.08/07:23:38 solver.py:159 ] Epoch: [169/200][180/282] lr: 8.29e-05 | MSE loss: 7.9265e-03 | time: 0.038
I 06.08/07:23:39 solver.py:159 ] Epoch: [169/200][200/282] lr: 8.27e-05 | MSE loss: 8.0073e-03 | time: 0.038
I 06.08/07:23:39 solver.py:159 ] Epoch: [169/200][220/282] lr: 8.26e-05 | MSE loss: 8.0880e-03 | time: 0.037
I 06.08/07:23:40 solver.py:159 ] Epoch: [169/200][240/282] lr: 8.24e-05 | MSE loss: 8.2596e-03 | time: 0.037
I 06.08/07:23:41 solver.py:159 ] Epoch: [169/200][260/282] lr: 8.23e-05 | MSE loss: 8.2761e-03 | time: 0.037
I 06.08/07:23:42 solver.py:159 ] Epoch: [169/200][280/282] lr: 8.22e-05 | MSE loss: 8.1864e-03 | time: 0.037
I 06.08/07:23:42 solver.py:169 ] => Train  Loss: 8.1599e-03

I 06.08/07:23:42 solver.py:405 ] [20/32] loss: 9.3615e-03 | NMSE: -1.6779e+01 | time: 0.029
I 06.08/07:23:43 solver.py:413 ] => Test NMSE: -1.7829e+01

I 06.08/07:23:43 solver.py:345 ] => LoRA monitor [epoch=169] | trainable=163840/163840 | non_lora_trainable=0 | lora_l2=1.571468e+01 | lora_A_l2=5.641320e+00 | lora_B_l2=1.466719e+01 | component_l2=fc_decoder:1.571468e+01 | lora_abs_max=2.224260e-01 | delta_l2=1.559518e+01 | delta_rel=6.769802e+00 | train_loss=8.159854e-03 | test_loss=8.242544e-03 | nmse=-1.782909e+01
I 06.08/07:23:43 solver.py:224 ] 
=! Best NMSE: -1.7829e+01 (epoch=146)

I 06.08/07:23:43 solver.py:159 ] Epoch: [170/200][20/282] lr: 8.20e-05 | MSE loss: 6.7399e-03 | time: 0.038
I 06.08/07:23:44 solver.py:159 ] Epoch: [170/200][40/282] lr: 8.19e-05 | MSE loss: 8.8200e-03 | time: 0.038
I 06.08/07:23:45 solver.py:159 ] Epoch: [170/200][60/282] lr: 8.17e-05 | MSE loss: 8.1483e-03 | time: 0.037
I 06.08/07:23:46 solver.py:159 ] Epoch: [170/200][80/282] lr: 8.16e-05 | MSE loss: 7.6689e-03 | time: 0.036
I 06.08/07:23:46 solver.py:159 ] Epoch: [170/200][100/282] lr: 8.14e-05 | MSE loss: 8.1113e-03 | time: 0.036
I 06.08/07:23:47 solver.py:159 ] Epoch: [170/200][120/282] lr: 8.13e-05 | MSE loss: 8.2383e-03 | time: 0.036
I 06.08/07:23:48 solver.py:159 ] Epoch: [170/200][140/282] lr: 8.11e-05 | MSE loss: 8.1678e-03 | time: 0.035
I 06.08/07:23:48 solver.py:159 ] Epoch: [170/200][160/282] lr: 8.10e-05 | MSE loss: 8.0840e-03 | time: 0.035
I 06.08/07:23:49 solver.py:159 ] Epoch: [170/200][180/282] lr: 8.09e-05 | MSE loss: 8.4152e-03 | time: 0.035
I 06.08/07:23:50 solver.py:159 ] Epoch: [170/200][200/282] lr: 8.07e-05 | MSE loss: 8.2465e-03 | time: 0.036
I 06.08/07:23:50 solver.py:159 ] Epoch: [170/200][220/282] lr: 8.06e-05 | MSE loss: 8.3930e-03 | time: 0.036
I 06.08/07:23:51 solver.py:159 ] Epoch: [170/200][240/282] lr: 8.04e-05 | MSE loss: 8.3722e-03 | time: 0.036
I 06.08/07:23:52 solver.py:159 ] Epoch: [170/200][260/282] lr: 8.03e-05 | MSE loss: 8.2831e-03 | time: 0.036
I 06.08/07:23:53 solver.py:159 ] Epoch: [170/200][280/282] lr: 8.02e-05 | MSE loss: 8.1643e-03 | time: 0.037
I 06.08/07:23:53 solver.py:169 ] => Train  Loss: 8.2041e-03

I 06.08/07:23:54 solver.py:159 ] Epoch: [170/200][20/32] lr: 8.01e-05 | MSE loss: 9.3616e-03 | time: 0.029
I 06.08/07:23:54 solver.py:169 ] => Val  Loss: 8.0580e-03

I 06.08/07:23:55 solver.py:405 ] [20/32] loss: 9.3616e-03 | NMSE: -1.6779e+01 | time: 0.029
I 06.08/07:23:55 solver.py:413 ] => Test NMSE: -1.7829e+01

I 06.08/07:23:55 solver.py:345 ] => LoRA monitor [epoch=170] | trainable=163840/163840 | non_lora_trainable=0 | lora_l2=1.572311e+01 | lora_A_l2=5.646450e+00 | lora_B_l2=1.467426e+01 | component_l2=fc_decoder:1.572311e+01 | lora_abs_max=2.227558e-01 | delta_l2=1.560372e+01 | delta_rel=6.773510e+00 | train_loss=8.204087e-03 | val_loss=8.057970e-03 | test_loss=8.242631e-03 | nmse=-1.782904e+01
I 06.08/07:23:55 solver.py:224 ] 
=! Best NMSE: -1.7829e+01 (epoch=146)

I 06.08/07:23:56 solver.py:159 ] Epoch: [171/200][20/282] lr: 8.00e-05 | MSE loss: 8.1400e-03 | time: 0.033
I 06.08/07:23:56 solver.py:159 ] Epoch: [171/200][40/282] lr: 7.99e-05 | MSE loss: 7.5353e-03 | time: 0.034
I 06.08/07:23:57 solver.py:159 ] Epoch: [171/200][60/282] lr: 7.97e-05 | MSE loss: 7.4358e-03 | time: 0.034
I 06.08/07:23:58 solver.py:159 ] Epoch: [171/200][80/282] lr: 7.96e-05 | MSE loss: 7.3735e-03 | time: 0.034
I 06.08/07:23:58 solver.py:159 ] Epoch: [171/200][100/282] lr: 7.95e-05 | MSE loss: 7.6550e-03 | time: 0.035
I 06.08/07:23:59 solver.py:159 ] Epoch: [171/200][120/282] lr: 7.93e-05 | MSE loss: 7.7394e-03 | time: 0.036
I 06.08/07:24:00 solver.py:159 ] Epoch: [171/200][140/282] lr: 7.92e-05 | MSE loss: 7.9450e-03 | time: 0.037
I 06.08/07:24:02 solver.py:159 ] Epoch: [171/200][160/282] lr: 7.90e-05 | MSE loss: 7.9677e-03 | time: 0.042
I 06.08/07:24:03 solver.py:159 ] Epoch: [171/200][180/282] lr: 7.89e-05 | MSE loss: 7.9028e-03 | time: 0.048
I 06.08/07:24:05 solver.py:159 ] Epoch: [171/200][200/282] lr: 7.88e-05 | MSE loss: 7.8538e-03 | time: 0.049
I 06.08/07:24:06 solver.py:159 ] Epoch: [171/200][220/282] lr: 7.86e-05 | MSE loss: 8.0249e-03 | time: 0.049
I 06.08/07:24:06 solver.py:159 ] Epoch: [171/200][240/282] lr: 7.85e-05 | MSE loss: 8.0449e-03 | time: 0.048
I 06.08/07:24:07 solver.py:159 ] Epoch: [171/200][260/282] lr: 7.84e-05 | MSE loss: 8.1065e-03 | time: 0.047
I 06.08/07:24:08 solver.py:159 ] Epoch: [171/200][280/282] lr: 7.82e-05 | MSE loss: 8.0901e-03 | time: 0.046
I 06.08/07:24:08 solver.py:169 ] => Train  Loss: 8.2542e-03

I 06.08/07:24:08 solver.py:405 ] [20/32] loss: 9.3615e-03 | NMSE: -1.6779e+01 | time: 0.029
I 06.08/07:24:09 solver.py:413 ] => Test NMSE: -1.7829e+01

I 06.08/07:24:09 solver.py:345 ] => LoRA monitor [epoch=171] | trainable=163840/163840 | non_lora_trainable=0 | lora_l2=1.573191e+01 | lora_A_l2=5.652035e+00 | lora_B_l2=1.468154e+01 | component_l2=fc_decoder:1.573191e+01 | lora_abs_max=2.223994e-01 | delta_l2=1.561251e+01 | delta_rel=6.777326e+00 | train_loss=8.254173e-03 | test_loss=8.242617e-03 | nmse=-1.782905e+01
I 06.08/07:24:09 solver.py:224 ] 
=! Best NMSE: -1.7829e+01 (epoch=146)

I 06.08/07:24:10 solver.py:159 ] Epoch: [172/200][20/282] lr: 7.81e-05 | MSE loss: 9.2363e-03 | time: 0.045
I 06.08/07:24:10 solver.py:159 ] Epoch: [172/200][40/282] lr: 7.79e-05 | MSE loss: 8.6721e-03 | time: 0.041
I 06.08/07:24:11 solver.py:159 ] Epoch: [172/200][60/282] lr: 7.78e-05 | MSE loss: 8.4958e-03 | time: 0.040
I 06.08/07:24:12 solver.py:159 ] Epoch: [172/200][80/282] lr: 7.77e-05 | MSE loss: 8.3551e-03 | time: 0.038
I 06.08/07:24:13 solver.py:159 ] Epoch: [172/200][100/282] lr: 7.75e-05 | MSE loss: 8.0767e-03 | time: 0.039
I 06.08/07:24:14 solver.py:159 ] Epoch: [172/200][120/282] lr: 7.74e-05 | MSE loss: 8.2527e-03 | time: 0.039
I 06.08/07:24:14 solver.py:159 ] Epoch: [172/200][140/282] lr: 7.73e-05 | MSE loss: 8.1136e-03 | time: 0.040
I 06.08/07:24:15 solver.py:159 ] Epoch: [172/200][160/282] lr: 7.71e-05 | MSE loss: 8.3105e-03 | time: 0.039
I 06.08/07:24:16 solver.py:159 ] Epoch: [172/200][180/282] lr: 7.70e-05 | MSE loss: 8.4934e-03 | time: 0.039
I 06.08/07:24:16 solver.py:159 ] Epoch: [172/200][200/282] lr: 7.69e-05 | MSE loss: 8.2379e-03 | time: 0.038
I 06.08/07:24:17 solver.py:159 ] Epoch: [172/200][220/282] lr: 7.67e-05 | MSE loss: 8.1517e-03 | time: 0.037
I 06.08/07:24:18 solver.py:159 ] Epoch: [172/200][240/282] lr: 7.66e-05 | MSE loss: 8.1338e-03 | time: 0.037
I 06.08/07:24:18 solver.py:159 ] Epoch: [172/200][260/282] lr: 7.65e-05 | MSE loss: 8.1190e-03 | time: 0.037
I 06.08/07:24:19 solver.py:159 ] Epoch: [172/200][280/282] lr: 7.63e-05 | MSE loss: 8.1674e-03 | time: 0.037
I 06.08/07:24:19 solver.py:169 ] => Train  Loss: 8.1418e-03

I 06.08/07:24:20 solver.py:405 ] [20/32] loss: 9.3615e-03 | NMSE: -1.6779e+01 | time: 0.032
I 06.08/07:24:20 solver.py:413 ] => Test NMSE: -1.7829e+01

I 06.08/07:24:20 solver.py:345 ] => LoRA monitor [epoch=172] | trainable=163840/163840 | non_lora_trainable=0 | lora_l2=1.574069e+01 | lora_A_l2=5.657839e+00 | lora_B_l2=1.468871e+01 | component_l2=fc_decoder:1.574069e+01 | lora_abs_max=2.225329e-01 | delta_l2=1.562135e+01 | delta_rel=6.781161e+00 | train_loss=8.141805e-03 | test_loss=8.242575e-03 | nmse=-1.782907e+01
I 06.08/07:24:20 solver.py:224 ] 
=! Best NMSE: -1.7829e+01 (epoch=146)

I 06.08/07:24:21 solver.py:159 ] Epoch: [173/200][20/282] lr: 7.62e-05 | MSE loss: 8.2152e-03 | time: 0.040
I 06.08/07:24:22 solver.py:159 ] Epoch: [173/200][40/282] lr: 7.61e-05 | MSE loss: 8.2990e-03 | time: 0.038
I 06.08/07:24:22 solver.py:159 ] Epoch: [173/200][60/282] lr: 7.59e-05 | MSE loss: 8.1830e-03 | time: 0.037
I 06.08/07:24:23 solver.py:159 ] Epoch: [173/200][80/282] lr: 7.58e-05 | MSE loss: 7.9728e-03 | time: 0.037
I 06.08/07:24:24 solver.py:159 ] Epoch: [173/200][100/282] lr: 7.57e-05 | MSE loss: 7.7102e-03 | time: 0.037
I 06.08/07:24:25 solver.py:159 ] Epoch: [173/200][120/282] lr: 7.56e-05 | MSE loss: 7.6487e-03 | time: 0.036
I 06.08/07:24:25 solver.py:159 ] Epoch: [173/200][140/282] lr: 7.54e-05 | MSE loss: 7.7642e-03 | time: 0.036
I 06.08/07:24:26 solver.py:159 ] Epoch: [173/200][160/282] lr: 7.53e-05 | MSE loss: 7.8966e-03 | time: 0.036
I 06.08/07:24:27 solver.py:159 ] Epoch: [173/200][180/282] lr: 7.52e-05 | MSE loss: 7.8993e-03 | time: 0.036
I 06.08/07:24:27 solver.py:159 ] Epoch: [173/200][200/282] lr: 7.50e-05 | MSE loss: 8.0050e-03 | time: 0.036
I 06.08/07:24:28 solver.py:159 ] Epoch: [173/200][220/282] lr: 7.49e-05 | MSE loss: 8.2153e-03 | time: 0.036
I 06.08/07:24:29 solver.py:159 ] Epoch: [173/200][240/282] lr: 7.48e-05 | MSE loss: 8.3215e-03 | time: 0.036
I 06.08/07:24:30 solver.py:159 ] Epoch: [173/200][260/282] lr: 7.47e-05 | MSE loss: 8.2507e-03 | time: 0.036
I 06.08/07:24:30 solver.py:159 ] Epoch: [173/200][280/282] lr: 7.45e-05 | MSE loss: 8.1661e-03 | time: 0.036
I 06.08/07:24:30 solver.py:169 ] => Train  Loss: 8.1400e-03

I 06.08/07:24:31 solver.py:405 ] [20/32] loss: 9.3615e-03 | NMSE: -1.6779e+01 | time: 0.036
I 06.08/07:24:31 solver.py:413 ] => Test NMSE: -1.7829e+01

I 06.08/07:24:31 solver.py:345 ] => LoRA monitor [epoch=173] | trainable=163840/163840 | non_lora_trainable=0 | lora_l2=1.574804e+01 | lora_A_l2=5.662306e+00 | lora_B_l2=1.469486e+01 | component_l2=fc_decoder:1.574804e+01 | lora_abs_max=2.223720e-01 | delta_l2=1.562884e+01 | delta_rel=6.784414e+00 | train_loss=8.139971e-03 | test_loss=8.242590e-03 | nmse=-1.782906e+01
I 06.08/07:24:31 solver.py:224 ] 
=! Best NMSE: -1.7829e+01 (epoch=146)

I 06.08/07:24:32 solver.py:159 ] Epoch: [174/200][20/282] lr: 7.44e-05 | MSE loss: 8.4343e-03 | time: 0.038
I 06.08/07:24:33 solver.py:159 ] Epoch: [174/200][40/282] lr: 7.43e-05 | MSE loss: 9.2297e-03 | time: 0.036
I 06.08/07:24:33 solver.py:159 ] Epoch: [174/200][60/282] lr: 7.41e-05 | MSE loss: 8.4382e-03 | time: 0.035
I 06.08/07:24:34 solver.py:159 ] Epoch: [174/200][80/282] lr: 7.40e-05 | MSE loss: 8.2858e-03 | time: 0.035
I 06.08/07:24:35 solver.py:159 ] Epoch: [174/200][100/282] lr: 7.39e-05 | MSE loss: 8.5581e-03 | time: 0.035
I 06.08/07:24:36 solver.py:159 ] Epoch: [174/200][120/282] lr: 7.38e-05 | MSE loss: 8.1259e-03 | time: 0.035
I 06.08/07:24:36 solver.py:159 ] Epoch: [174/200][140/282] lr: 7.36e-05 | MSE loss: 7.9208e-03 | time: 0.035
I 06.08/07:24:37 solver.py:159 ] Epoch: [174/200][160/282] lr: 7.35e-05 | MSE loss: 7.8544e-03 | time: 0.035
I 06.08/07:24:38 solver.py:159 ] Epoch: [174/200][180/282] lr: 7.34e-05 | MSE loss: 8.0211e-03 | time: 0.036
I 06.08/07:24:39 solver.py:159 ] Epoch: [174/200][200/282] lr: 7.33e-05 | MSE loss: 8.3140e-03 | time: 0.036
I 06.08/07:24:39 solver.py:159 ] Epoch: [174/200][220/282] lr: 7.32e-05 | MSE loss: 8.1459e-03 | time: 0.037
I 06.08/07:24:40 solver.py:159 ] Epoch: [174/200][240/282] lr: 7.30e-05 | MSE loss: 8.1271e-03 | time: 0.037
I 06.08/07:24:41 solver.py:159 ] Epoch: [174/200][260/282] lr: 7.29e-05 | MSE loss: 8.1352e-03 | time: 0.037
I 06.08/07:24:42 solver.py:159 ] Epoch: [174/200][280/282] lr: 7.28e-05 | MSE loss: 8.1750e-03 | time: 0.037
I 06.08/07:24:42 solver.py:169 ] => Train  Loss: 8.1420e-03

I 06.08/07:24:42 solver.py:405 ] [20/32] loss: 9.3614e-03 | NMSE: -1.6779e+01 | time: 0.030
I 06.08/07:24:43 solver.py:413 ] => Test NMSE: -1.7829e+01

I 06.08/07:24:43 solver.py:345 ] => LoRA monitor [epoch=174] | trainable=163840/163840 | non_lora_trainable=0 | lora_l2=1.575517e+01 | lora_A_l2=5.666792e+00 | lora_B_l2=1.470078e+01 | component_l2=fc_decoder:1.575517e+01 | lora_abs_max=2.225758e-01 | delta_l2=1.563594e+01 | delta_rel=6.787496e+00 | train_loss=8.141964e-03 | test_loss=8.242532e-03 | nmse=-1.782910e+01
I 06.08/07:24:43 solver.py:224 ] 
=! Best NMSE: -1.7829e+01 (epoch=146)

I 06.08/07:24:44 solver.py:159 ] Epoch: [175/200][20/282] lr: 7.26e-05 | MSE loss: 8.7748e-03 | time: 0.042
I 06.08/07:24:44 solver.py:159 ] Epoch: [175/200][40/282] lr: 7.25e-05 | MSE loss: 7.3064e-03 | time: 0.037
I 06.08/07:24:45 solver.py:159 ] Epoch: [175/200][60/282] lr: 7.24e-05 | MSE loss: 7.4145e-03 | time: 0.037
I 06.08/07:24:46 solver.py:159 ] Epoch: [175/200][80/282] lr: 7.23e-05 | MSE loss: 7.8573e-03 | time: 0.037
I 06.08/07:24:46 solver.py:159 ] Epoch: [175/200][100/282] lr: 7.22e-05 | MSE loss: 7.6596e-03 | time: 0.035
I 06.08/07:24:47 solver.py:159 ] Epoch: [175/200][120/282] lr: 7.20e-05 | MSE loss: 7.8573e-03 | time: 0.034
I 06.08/07:24:48 solver.py:159 ] Epoch: [175/200][140/282] lr: 7.19e-05 | MSE loss: 7.6438e-03 | time: 0.033
I 06.08/07:24:48 solver.py:159 ] Epoch: [175/200][160/282] lr: 7.18e-05 | MSE loss: 7.8041e-03 | time: 0.034
I 06.08/07:24:49 solver.py:159 ] Epoch: [175/200][180/282] lr: 7.17e-05 | MSE loss: 7.7914e-03 | time: 0.035
I 06.08/07:24:50 solver.py:159 ] Epoch: [175/200][200/282] lr: 7.16e-05 | MSE loss: 7.8389e-03 | time: 0.035
I 06.08/07:24:50 solver.py:159 ] Epoch: [175/200][220/282] lr: 7.14e-05 | MSE loss: 7.8959e-03 | time: 0.034
I 06.08/07:24:51 solver.py:159 ] Epoch: [175/200][240/282] lr: 7.13e-05 | MSE loss: 8.1498e-03 | time: 0.034
I 06.08/07:24:52 solver.py:159 ] Epoch: [175/200][260/282] lr: 7.12e-05 | MSE loss: 8.0363e-03 | time: 0.035
I 06.08/07:24:53 solver.py:159 ] Epoch: [175/200][280/282] lr: 7.11e-05 | MSE loss: 8.1192e-03 | time: 0.035
I 06.08/07:24:53 solver.py:169 ] => Train  Loss: 8.2015e-03

I 06.08/07:24:53 solver.py:405 ] [20/32] loss: 9.3614e-03 | NMSE: -1.6779e+01 | time: 0.027
I 06.08/07:24:54 solver.py:413 ] => Test NMSE: -1.7829e+01

I 06.08/07:24:54 solver.py:345 ] => LoRA monitor [epoch=175] | trainable=163840/163840 | non_lora_trainable=0 | lora_l2=1.576259e+01 | lora_A_l2=5.671577e+00 | lora_B_l2=1.470688e+01 | component_l2=fc_decoder:1.576259e+01 | lora_abs_max=2.229692e-01 | delta_l2=1.564343e+01 | delta_rel=6.790750e+00 | train_loss=8.201537e-03 | test_loss=8.242537e-03 | nmse=-1.782909e+01
I 06.08/07:24:54 solver.py:224 ] 
=! Best NMSE: -1.7829e+01 (epoch=146)

I 06.08/07:24:54 solver.py:159 ] Epoch: [176/200][20/282] lr: 7.10e-05 | MSE loss: 8.2501e-03 | time: 0.038
I 06.08/07:24:55 solver.py:159 ] Epoch: [176/200][40/282] lr: 7.08e-05 | MSE loss: 7.6619e-03 | time: 0.040
I 06.08/07:24:56 solver.py:159 ] Epoch: [176/200][60/282] lr: 7.07e-05 | MSE loss: 8.2431e-03 | time: 0.039
I 06.08/07:24:56 solver.py:159 ] Epoch: [176/200][80/282] lr: 7.06e-05 | MSE loss: 9.0423e-03 | time: 0.037
I 06.08/07:24:57 solver.py:159 ] Epoch: [176/200][100/282] lr: 7.05e-05 | MSE loss: 8.3528e-03 | time: 0.036
I 06.08/07:24:58 solver.py:159 ] Epoch: [176/200][120/282] lr: 7.04e-05 | MSE loss: 7.7807e-03 | time: 0.036
I 06.08/07:24:58 solver.py:159 ] Epoch: [176/200][140/282] lr: 7.03e-05 | MSE loss: 7.6889e-03 | time: 0.035
I 06.08/07:24:59 solver.py:159 ] Epoch: [176/200][160/282] lr: 7.01e-05 | MSE loss: 7.9683e-03 | time: 0.035
I 06.08/07:25:00 solver.py:159 ] Epoch: [176/200][180/282] lr: 7.00e-05 | MSE loss: 7.9955e-03 | time: 0.035
I 06.08/07:25:01 solver.py:159 ] Epoch: [176/200][200/282] lr: 6.99e-05 | MSE loss: 7.9260e-03 | time: 0.036
I 06.08/07:25:02 solver.py:159 ] Epoch: [176/200][220/282] lr: 6.98e-05 | MSE loss: 8.0050e-03 | time: 0.039
I 06.08/07:25:04 solver.py:159 ] Epoch: [176/200][240/282] lr: 6.97e-05 | MSE loss: 8.1404e-03 | time: 0.043
I 06.08/07:25:05 solver.py:159 ] Epoch: [176/200][260/282] lr: 6.96e-05 | MSE loss: 8.2470e-03 | time: 0.043
I 06.08/07:25:05 solver.py:159 ] Epoch: [176/200][280/282] lr: 6.95e-05 | MSE loss: 8.1544e-03 | time: 0.042
I 06.08/07:25:05 solver.py:169 ] => Train  Loss: 8.1393e-03

I 06.08/07:25:06 solver.py:405 ] [20/32] loss: 9.3616e-03 | NMSE: -1.6779e+01 | time: 0.031
I 06.08/07:25:06 solver.py:413 ] => Test NMSE: -1.7829e+01

I 06.08/07:25:06 solver.py:345 ] => LoRA monitor [epoch=176] | trainable=163840/163840 | non_lora_trainable=0 | lora_l2=1.577067e+01 | lora_A_l2=5.676826e+00 | lora_B_l2=1.471352e+01 | component_l2=fc_decoder:1.577067e+01 | lora_abs_max=2.227766e-01 | delta_l2=1.565148e+01 | delta_rel=6.794242e+00 | train_loss=8.139303e-03 | test_loss=8.242617e-03 | nmse=-1.782905e+01
I 06.08/07:25:06 solver.py:224 ] 
=! Best NMSE: -1.7829e+01 (epoch=146)

I 06.08/07:25:07 solver.py:159 ] Epoch: [177/200][20/282] lr: 6.93e-05 | MSE loss: 1.1026e-02 | time: 0.030
I 06.08/07:25:08 solver.py:159 ] Epoch: [177/200][40/282] lr: 6.92e-05 | MSE loss: 1.0111e-02 | time: 0.029
I 06.08/07:25:08 solver.py:159 ] Epoch: [177/200][60/282] lr: 6.91e-05 | MSE loss: 8.7461e-03 | time: 0.031
I 06.08/07:25:09 solver.py:159 ] Epoch: [177/200][80/282] lr: 6.90e-05 | MSE loss: 8.5960e-03 | time: 0.033
I 06.08/07:25:10 solver.py:159 ] Epoch: [177/200][100/282] lr: 6.89e-05 | MSE loss: 8.5633e-03 | time: 0.033
I 06.08/07:25:10 solver.py:159 ] Epoch: [177/200][120/282] lr: 6.88e-05 | MSE loss: 8.3743e-03 | time: 0.034
I 06.08/07:25:11 solver.py:159 ] Epoch: [177/200][140/282] lr: 6.87e-05 | MSE loss: 8.3387e-03 | time: 0.033
I 06.08/07:25:12 solver.py:159 ] Epoch: [177/200][160/282] lr: 6.86e-05 | MSE loss: 8.1577e-03 | time: 0.033
I 06.08/07:25:12 solver.py:159 ] Epoch: [177/200][180/282] lr: 6.84e-05 | MSE loss: 8.2062e-03 | time: 0.032
I 06.08/07:25:13 solver.py:159 ] Epoch: [177/200][200/282] lr: 6.83e-05 | MSE loss: 8.1739e-03 | time: 0.032
I 06.08/07:25:13 solver.py:159 ] Epoch: [177/200][220/282] lr: 6.82e-05 | MSE loss: 8.2183e-03 | time: 0.032
I 06.08/07:25:14 solver.py:159 ] Epoch: [177/200][240/282] lr: 6.81e-05 | MSE loss: 7.9503e-03 | time: 0.031
I 06.08/07:25:14 solver.py:159 ] Epoch: [177/200][260/282] lr: 6.80e-05 | MSE loss: 8.2224e-03 | time: 0.031
I 06.08/07:25:15 solver.py:159 ] Epoch: [177/200][280/282] lr: 6.79e-05 | MSE loss: 8.1758e-03 | time: 0.030
I 06.08/07:25:15 solver.py:169 ] => Train  Loss: 8.1396e-03

I 06.08/07:25:15 solver.py:405 ] [20/32] loss: 9.3615e-03 | NMSE: -1.6779e+01 | time: 0.022
I 06.08/07:25:16 solver.py:413 ] => Test NMSE: -1.7829e+01

I 06.08/07:25:16 solver.py:345 ] => LoRA monitor [epoch=177] | trainable=163840/163840 | non_lora_trainable=0 | lora_l2=1.577750e+01 | lora_A_l2=5.681242e+00 | lora_B_l2=1.471913e+01 | component_l2=fc_decoder:1.577750e+01 | lora_abs_max=2.230389e-01 | delta_l2=1.565847e+01 | delta_rel=6.797276e+00 | train_loss=8.139625e-03 | test_loss=8.242590e-03 | nmse=-1.782906e+01
I 06.08/07:25:16 solver.py:224 ] 
=! Best NMSE: -1.7829e+01 (epoch=146)

I 06.08/07:25:16 solver.py:159 ] Epoch: [178/200][20/282] lr: 6.78e-05 | MSE loss: 7.0049e-03 | time: 0.026
I 06.08/07:25:17 solver.py:159 ] Epoch: [178/200][40/282] lr: 6.77e-05 | MSE loss: 6.4848e-03 | time: 0.025
I 06.08/07:25:17 solver.py:159 ] Epoch: [178/200][60/282] lr: 6.76e-05 | MSE loss: 7.9503e-03 | time: 0.025
I 06.08/07:25:18 solver.py:159 ] Epoch: [178/200][80/282] lr: 6.75e-05 | MSE loss: 8.1931e-03 | time: 0.025
I 06.08/07:25:18 solver.py:159 ] Epoch: [178/200][100/282] lr: 6.73e-05 | MSE loss: 8.0907e-03 | time: 0.025
I 06.08/07:25:19 solver.py:159 ] Epoch: [178/200][120/282] lr: 6.72e-05 | MSE loss: 8.2548e-03 | time: 0.026
I 06.08/07:25:19 solver.py:159 ] Epoch: [178/200][140/282] lr: 6.71e-05 | MSE loss: 8.2640e-03 | time: 0.026
I 06.08/07:25:20 solver.py:159 ] Epoch: [178/200][160/282] lr: 6.70e-05 | MSE loss: 8.5113e-03 | time: 0.026
I 06.08/07:25:20 solver.py:159 ] Epoch: [178/200][180/282] lr: 6.69e-05 | MSE loss: 8.3067e-03 | time: 0.025
I 06.08/07:25:21 solver.py:159 ] Epoch: [178/200][200/282] lr: 6.68e-05 | MSE loss: 8.2093e-03 | time: 0.025
I 06.08/07:25:21 solver.py:159 ] Epoch: [178/200][220/282] lr: 6.67e-05 | MSE loss: 8.2662e-03 | time: 0.026
I 06.08/07:25:22 solver.py:159 ] Epoch: [178/200][240/282] lr: 6.66e-05 | MSE loss: 8.0419e-03 | time: 0.026
I 06.08/07:25:22 solver.py:159 ] Epoch: [178/200][260/282] lr: 6.65e-05 | MSE loss: 8.1406e-03 | time: 0.026
I 06.08/07:25:23 solver.py:159 ] Epoch: [178/200][280/282] lr: 6.64e-05 | MSE loss: 8.1733e-03 | time: 0.026
I 06.08/07:25:23 solver.py:169 ] => Train  Loss: 8.1402e-03

I 06.08/07:25:23 solver.py:405 ] [20/32] loss: 9.3615e-03 | NMSE: -1.6779e+01 | time: 0.021
I 06.08/07:25:24 solver.py:413 ] => Test NMSE: -1.7829e+01

I 06.08/07:25:24 solver.py:345 ] => LoRA monitor [epoch=178] | trainable=163840/163840 | non_lora_trainable=0 | lora_l2=1.578392e+01 | lora_A_l2=5.685342e+00 | lora_B_l2=1.472443e+01 | component_l2=fc_decoder:1.578392e+01 | lora_abs_max=2.230583e-01 | delta_l2=1.566496e+01 | delta_rel=6.800094e+00 | train_loss=8.140226e-03 | test_loss=8.242575e-03 | nmse=-1.782907e+01
I 06.08/07:25:24 solver.py:224 ] 
=! Best NMSE: -1.7829e+01 (epoch=146)

I 06.08/07:25:24 solver.py:159 ] Epoch: [179/200][20/282] lr: 6.63e-05 | MSE loss: 8.1479e-03 | time: 0.028
I 06.08/07:25:25 solver.py:159 ] Epoch: [179/200][40/282] lr: 6.62e-05 | MSE loss: 7.9912e-03 | time: 0.027
I 06.08/07:25:25 solver.py:159 ] Epoch: [179/200][60/282] lr: 6.61e-05 | MSE loss: 8.4114e-03 | time: 0.026
I 06.08/07:25:26 solver.py:159 ] Epoch: [179/200][80/282] lr: 6.60e-05 | MSE loss: 8.2225e-03 | time: 0.026
I 06.08/07:25:26 solver.py:159 ] Epoch: [179/200][100/282] lr: 6.59e-05 | MSE loss: 8.1040e-03 | time: 0.026
I 06.08/07:25:27 solver.py:159 ] Epoch: [179/200][120/282] lr: 6.58e-05 | MSE loss: 8.4455e-03 | time: 0.027
I 06.08/07:25:27 solver.py:159 ] Epoch: [179/200][140/282] lr: 6.57e-05 | MSE loss: 8.3284e-03 | time: 0.027
I 06.08/07:25:28 solver.py:159 ] Epoch: [179/200][160/282] lr: 6.56e-05 | MSE loss: 8.1182e-03 | time: 0.026
I 06.08/07:25:28 solver.py:159 ] Epoch: [179/200][180/282] lr: 6.55e-05 | MSE loss: 7.8533e-03 | time: 0.026
I 06.08/07:25:29 solver.py:159 ] Epoch: [179/200][200/282] lr: 6.54e-05 | MSE loss: 7.6783e-03 | time: 0.026
I 06.08/07:25:29 solver.py:159 ] Epoch: [179/200][220/282] lr: 6.53e-05 | MSE loss: 7.7722e-03 | time: 0.026
I 06.08/07:25:30 solver.py:159 ] Epoch: [179/200][240/282] lr: 6.52e-05 | MSE loss: 7.8126e-03 | time: 0.026
I 06.08/07:25:30 solver.py:159 ] Epoch: [179/200][260/282] lr: 6.51e-05 | MSE loss: 8.1254e-03 | time: 0.026
I 06.08/07:25:31 solver.py:159 ] Epoch: [179/200][280/282] lr: 6.50e-05 | MSE loss: 8.1310e-03 | time: 0.026
I 06.08/07:25:31 solver.py:169 ] => Train  Loss: 8.1491e-03

I 06.08/07:25:31 solver.py:405 ] [20/32] loss: 9.3615e-03 | NMSE: -1.6779e+01 | time: 0.026
I 06.08/07:25:32 solver.py:413 ] => Test NMSE: -1.7829e+01

I 06.08/07:25:32 solver.py:345 ] => LoRA monitor [epoch=179] | trainable=163840/163840 | non_lora_trainable=0 | lora_l2=1.579052e+01 | lora_A_l2=5.689806e+00 | lora_B_l2=1.472979e+01 | component_l2=fc_decoder:1.579052e+01 | lora_abs_max=2.230114e-01 | delta_l2=1.567158e+01 | delta_rel=6.802967e+00 | train_loss=8.149057e-03 | test_loss=8.242553e-03 | nmse=-1.782908e+01
I 06.08/07:25:32 solver.py:224 ] 
=! Best NMSE: -1.7829e+01 (epoch=146)

I 06.08/07:25:32 solver.py:159 ] Epoch: [180/200][20/282] lr: 6.48e-05 | MSE loss: 8.2537e-03 | time: 0.027
I 06.08/07:25:33 solver.py:159 ] Epoch: [180/200][40/282] lr: 6.47e-05 | MSE loss: 9.2014e-03 | time: 0.026
I 06.08/07:25:33 solver.py:159 ] Epoch: [180/200][60/282] lr: 6.46e-05 | MSE loss: 8.7244e-03 | time: 0.026
I 06.08/07:25:34 solver.py:159 ] Epoch: [180/200][80/282] lr: 6.45e-05 | MSE loss: 8.2782e-03 | time: 0.026
I 06.08/07:25:34 solver.py:159 ] Epoch: [180/200][100/282] lr: 6.44e-05 | MSE loss: 8.3601e-03 | time: 0.026
I 06.08/07:25:35 solver.py:159 ] Epoch: [180/200][120/282] lr: 6.44e-05 | MSE loss: 8.3505e-03 | time: 0.026
I 06.08/07:25:35 solver.py:159 ] Epoch: [180/200][140/282] lr: 6.43e-05 | MSE loss: 8.3182e-03 | time: 0.026
I 06.08/07:25:36 solver.py:159 ] Epoch: [180/200][160/282] lr: 6.42e-05 | MSE loss: 8.4102e-03 | time: 0.026
I 06.08/07:25:36 solver.py:159 ] Epoch: [180/200][180/282] lr: 6.41e-05 | MSE loss: 8.2741e-03 | time: 0.026
I 06.08/07:25:37 solver.py:159 ] Epoch: [180/200][200/282] lr: 6.40e-05 | MSE loss: 8.2503e-03 | time: 0.026
I 06.08/07:25:37 solver.py:159 ] Epoch: [180/200][220/282] lr: 6.39e-05 | MSE loss: 8.1198e-03 | time: 0.026
I 06.08/07:25:38 solver.py:159 ] Epoch: [180/200][240/282] lr: 6.38e-05 | MSE loss: 8.2660e-03 | time: 0.026
I 06.08/07:25:39 solver.py:159 ] Epoch: [180/200][260/282] lr: 6.37e-05 | MSE loss: 8.2073e-03 | time: 0.026
I 06.08/07:25:39 solver.py:159 ] Epoch: [180/200][280/282] lr: 6.36e-05 | MSE loss: 8.1562e-03 | time: 0.026
I 06.08/07:25:39 solver.py:169 ] => Train  Loss: 8.1447e-03

I 06.08/07:25:40 solver.py:159 ] Epoch: [180/200][20/32] lr: 6.36e-05 | MSE loss: 9.3614e-03 | time: 0.022
I 06.08/07:25:40 solver.py:169 ] => Val  Loss: 8.0578e-03

I 06.08/07:25:40 solver.py:405 ] [20/32] loss: 9.3614e-03 | NMSE: -1.6779e+01 | time: 0.021
I 06.08/07:25:40 solver.py:413 ] => Test NMSE: -1.7829e+01

I 06.08/07:25:40 solver.py:345 ] => LoRA monitor [epoch=180] | trainable=163840/163840 | non_lora_trainable=0 | lora_l2=1.579740e+01 | lora_A_l2=5.694387e+00 | lora_B_l2=1.473540e+01 | component_l2=fc_decoder:1.579740e+01 | lora_abs_max=2.233099e-01 | delta_l2=1.567865e+01 | delta_rel=6.806036e+00 | train_loss=8.144744e-03 | val_loss=8.057822e-03 | test_loss=8.242480e-03 | nmse=-1.782912e+01
I 06.08/07:25:40 solver.py:224 ] 
=! Best NMSE: -1.7829e+01 (epoch=146)

I 06.08/07:25:41 solver.py:159 ] Epoch: [181/200][20/282] lr: 6.35e-05 | MSE loss: 1.0165e-02 | time: 0.028
I 06.08/07:25:41 solver.py:159 ] Epoch: [181/200][40/282] lr: 6.34e-05 | MSE loss: 8.6491e-03 | time: 0.027
I 06.08/07:25:42 solver.py:159 ] Epoch: [181/200][60/282] lr: 6.33e-05 | MSE loss: 7.9446e-03 | time: 0.027
I 06.08/07:25:42 solver.py:159 ] Epoch: [181/200][80/282] lr: 6.32e-05 | MSE loss: 7.6962e-03 | time: 0.026
I 06.08/07:25:43 solver.py:159 ] Epoch: [181/200][100/282] lr: 6.31e-05 | MSE loss: 7.8626e-03 | time: 0.026
I 06.08/07:25:44 solver.py:159 ] Epoch: [181/200][120/282] lr: 6.30e-05 | MSE loss: 7.9373e-03 | time: 0.026
I 06.08/07:25:44 solver.py:159 ] Epoch: [181/200][140/282] lr: 6.29e-05 | MSE loss: 7.8702e-03 | time: 0.026
I 06.08/07:25:45 solver.py:159 ] Epoch: [181/200][160/282] lr: 6.28e-05 | MSE loss: 7.7347e-03 | time: 0.026
I 06.08/07:25:45 solver.py:159 ] Epoch: [181/200][180/282] lr: 6.27e-05 | MSE loss: 7.7842e-03 | time: 0.027
I 06.08/07:25:46 solver.py:159 ] Epoch: [181/200][200/282] lr: 6.26e-05 | MSE loss: 8.1496e-03 | time: 0.027
I 06.08/07:25:46 solver.py:159 ] Epoch: [181/200][220/282] lr: 6.25e-05 | MSE loss: 7.9732e-03 | time: 0.027
I 06.08/07:25:47 solver.py:159 ] Epoch: [181/200][240/282] lr: 6.24e-05 | MSE loss: 8.0371e-03 | time: 0.026
I 06.08/07:25:47 solver.py:159 ] Epoch: [181/200][260/282] lr: 6.24e-05 | MSE loss: 8.1182e-03 | time: 0.026
I 06.08/07:25:48 solver.py:159 ] Epoch: [181/200][280/282] lr: 6.23e-05 | MSE loss: 8.1306e-03 | time: 0.026
I 06.08/07:25:48 solver.py:169 ] => Train  Loss: 8.1415e-03

I 06.08/07:25:48 solver.py:405 ] [20/32] loss: 9.3615e-03 | NMSE: -1.6779e+01 | time: 0.023
I 06.08/07:25:48 solver.py:413 ] => Test NMSE: -1.7829e+01

I 06.08/07:25:48 solver.py:345 ] => LoRA monitor [epoch=181] | trainable=163840/163840 | non_lora_trainable=0 | lora_l2=1.580264e+01 | lora_A_l2=5.697694e+00 | lora_B_l2=1.473973e+01 | component_l2=fc_decoder:1.580264e+01 | lora_abs_max=2.238483e-01 | delta_l2=1.568385e+01 | delta_rel=6.808295e+00 | train_loss=8.141453e-03 | test_loss=8.242578e-03 | nmse=-1.782907e+01
I 06.08/07:25:48 solver.py:224 ] 
=! Best NMSE: -1.7829e+01 (epoch=146)

I 06.08/07:25:49 solver.py:159 ] Epoch: [182/200][20/282] lr: 6.22e-05 | MSE loss: 8.0911e-03 | time: 0.027
I 06.08/07:25:50 solver.py:159 ] Epoch: [182/200][40/282] lr: 6.21e-05 | MSE loss: 7.9531e-03 | time: 0.026
I 06.08/07:25:50 solver.py:159 ] Epoch: [182/200][60/282] lr: 6.20e-05 | MSE loss: 8.2949e-03 | time: 0.026
I 06.08/07:25:51 solver.py:159 ] Epoch: [182/200][80/282] lr: 6.19e-05 | MSE loss: 8.1595e-03 | time: 0.026
I 06.08/07:25:51 solver.py:159 ] Epoch: [182/200][100/282] lr: 6.18e-05 | MSE loss: 8.0272e-03 | time: 0.026
I 06.08/07:25:52 solver.py:159 ] Epoch: [182/200][120/282] lr: 6.17e-05 | MSE loss: 8.0368e-03 | time: 0.026
I 06.08/07:25:52 solver.py:159 ] Epoch: [182/200][140/282] lr: 6.16e-05 | MSE loss: 8.4831e-03 | time: 0.026
I 06.08/07:25:53 solver.py:159 ] Epoch: [182/200][160/282] lr: 6.15e-05 | MSE loss: 8.2848e-03 | time: 0.027
I 06.08/07:25:53 solver.py:159 ] Epoch: [182/200][180/282] lr: 6.15e-05 | MSE loss: 8.0836e-03 | time: 0.027
I 06.08/07:25:54 solver.py:159 ] Epoch: [182/200][200/282] lr: 6.14e-05 | MSE loss: 8.2392e-03 | time: 0.026
I 06.08/07:25:54 solver.py:159 ] Epoch: [182/200][220/282] lr: 6.13e-05 | MSE loss: 8.2475e-03 | time: 0.026
I 06.08/07:25:55 solver.py:159 ] Epoch: [182/200][240/282] lr: 6.12e-05 | MSE loss: 8.2417e-03 | time: 0.026
I 06.08/07:25:55 solver.py:159 ] Epoch: [182/200][260/282] lr: 6.11e-05 | MSE loss: 8.1841e-03 | time: 0.026
I 06.08/07:25:56 solver.py:159 ] Epoch: [182/200][280/282] lr: 6.10e-05 | MSE loss: 8.1621e-03 | time: 0.026
I 06.08/07:25:56 solver.py:169 ] => Train  Loss: 8.1508e-03

I 06.08/07:25:56 solver.py:405 ] [20/32] loss: 9.3614e-03 | NMSE: -1.6779e+01 | time: 0.024
I 06.08/07:25:57 solver.py:413 ] => Test NMSE: -1.7829e+01

I 06.08/07:25:57 solver.py:345 ] => LoRA monitor [epoch=182] | trainable=163840/163840 | non_lora_trainable=0 | lora_l2=1.580921e+01 | lora_A_l2=5.702186e+00 | lora_B_l2=1.474504e+01 | component_l2=fc_decoder:1.580921e+01 | lora_abs_max=2.237095e-01 | delta_l2=1.569048e+01 | delta_rel=6.811173e+00 | train_loss=8.150836e-03 | test_loss=8.242485e-03 | nmse=-1.782912e+01
I 06.08/07:25:57 solver.py:224 ] 
=! Best NMSE: -1.7829e+01 (epoch=146)

I 06.08/07:25:57 solver.py:159 ] Epoch: [183/200][20/282] lr: 6.09e-05 | MSE loss: 9.2729e-03 | time: 0.028
I 06.08/07:25:58 solver.py:159 ] Epoch: [183/200][40/282] lr: 6.08e-05 | MSE loss: 8.5084e-03 | time: 0.026
I 06.08/07:25:58 solver.py:159 ] Epoch: [183/200][60/282] lr: 6.08e-05 | MSE loss: 8.9391e-03 | time: 0.026
I 06.08/07:25:59 solver.py:159 ] Epoch: [183/200][80/282] lr: 6.07e-05 | MSE loss: 8.6971e-03 | time: 0.026
I 06.08/07:25:59 solver.py:159 ] Epoch: [183/200][100/282] lr: 6.06e-05 | MSE loss: 8.5748e-03 | time: 0.026
I 06.08/07:26:00 solver.py:159 ] Epoch: [183/200][120/282] lr: 6.05e-05 | MSE loss: 8.6777e-03 | time: 0.027
I 06.08/07:26:01 solver.py:159 ] Epoch: [183/200][140/282] lr: 6.04e-05 | MSE loss: 8.4117e-03 | time: 0.030
I 06.08/07:26:03 solver.py:159 ] Epoch: [183/200][160/282] lr: 6.03e-05 | MSE loss: 8.4267e-03 | time: 0.037
I 06.08/07:26:04 solver.py:159 ] Epoch: [183/200][180/282] lr: 6.03e-05 | MSE loss: 8.2553e-03 | time: 0.041
I 06.08/07:26:05 solver.py:159 ] Epoch: [183/200][200/282] lr: 6.02e-05 | MSE loss: 8.2027e-03 | time: 0.041
I 06.08/07:26:05 solver.py:159 ] Epoch: [183/200][220/282] lr: 6.01e-05 | MSE loss: 8.3120e-03 | time: 0.039
I 06.08/07:26:06 solver.py:159 ] Epoch: [183/200][240/282] lr: 6.00e-05 | MSE loss: 8.3011e-03 | time: 0.038
I 06.08/07:26:06 solver.py:159 ] Epoch: [183/200][260/282] lr: 5.99e-05 | MSE loss: 8.1984e-03 | time: 0.037
I 06.08/07:26:07 solver.py:159 ] Epoch: [183/200][280/282] lr: 5.98e-05 | MSE loss: 8.1644e-03 | time: 0.036
I 06.08/07:26:07 solver.py:169 ] => Train  Loss: 8.2163e-03

I 06.08/07:26:07 solver.py:405 ] [20/32] loss: 9.3614e-03 | NMSE: -1.6779e+01 | time: 0.019
I 06.08/07:26:08 solver.py:413 ] => Test NMSE: -1.7829e+01

I 06.08/07:26:08 solver.py:345 ] => LoRA monitor [epoch=183] | trainable=163840/163840 | non_lora_trainable=0 | lora_l2=1.581539e+01 | lora_A_l2=5.706453e+00 | lora_B_l2=1.475001e+01 | component_l2=fc_decoder:1.581539e+01 | lora_abs_max=2.237402e-01 | delta_l2=1.569668e+01 | delta_rel=6.813864e+00 | train_loss=8.216345e-03 | test_loss=8.242507e-03 | nmse=-1.782911e+01
I 06.08/07:26:08 solver.py:224 ] 
=! Best NMSE: -1.7829e+01 (epoch=146)

I 06.08/07:26:08 solver.py:159 ] Epoch: [184/200][20/282] lr: 5.98e-05 | MSE loss: 7.9136e-03 | time: 0.028
I 06.08/07:26:09 solver.py:159 ] Epoch: [184/200][40/282] lr: 5.97e-05 | MSE loss: 8.3211e-03 | time: 0.028
I 06.08/07:26:09 solver.py:159 ] Epoch: [184/200][60/282] lr: 5.96e-05 | MSE loss: 8.5126e-03 | time: 0.027
I 06.08/07:26:10 solver.py:159 ] Epoch: [184/200][80/282] lr: 5.95e-05 | MSE loss: 8.7147e-03 | time: 0.027
I 06.08/07:26:10 solver.py:159 ] Epoch: [184/200][100/282] lr: 5.94e-05 | MSE loss: 8.4595e-03 | time: 0.026
I 06.08/07:26:11 solver.py:159 ] Epoch: [184/200][120/282] lr: 5.93e-05 | MSE loss: 8.2940e-03 | time: 0.026
I 06.08/07:26:11 solver.py:159 ] Epoch: [184/200][140/282] lr: 5.93e-05 | MSE loss: 8.6060e-03 | time: 0.026
I 06.08/07:26:12 solver.py:159 ] Epoch: [184/200][160/282] lr: 5.92e-05 | MSE loss: 8.4417e-03 | time: 0.026
I 06.08/07:26:12 solver.py:159 ] Epoch: [184/200][180/282] lr: 5.91e-05 | MSE loss: 8.4307e-03 | time: 0.026
I 06.08/07:26:13 solver.py:159 ] Epoch: [184/200][200/282] lr: 5.90e-05 | MSE loss: 8.4367e-03 | time: 0.026
I 06.08/07:26:13 solver.py:159 ] Epoch: [184/200][220/282] lr: 5.90e-05 | MSE loss: 8.4578e-03 | time: 0.026
I 06.08/07:26:14 solver.py:159 ] Epoch: [184/200][240/282] lr: 5.89e-05 | MSE loss: 8.4445e-03 | time: 0.026
I 06.08/07:26:14 solver.py:159 ] Epoch: [184/200][260/282] lr: 5.88e-05 | MSE loss: 8.2901e-03 | time: 0.026
I 06.08/07:26:15 solver.py:159 ] Epoch: [184/200][280/282] lr: 5.87e-05 | MSE loss: 8.1492e-03 | time: 0.026
I 06.08/07:26:15 solver.py:169 ] => Train  Loss: 8.1467e-03

I 06.08/07:26:15 solver.py:405 ] [20/32] loss: 9.3615e-03 | NMSE: -1.6779e+01 | time: 0.022
I 06.08/07:26:16 solver.py:413 ] => Test NMSE: -1.7829e+01

I 06.08/07:26:16 solver.py:345 ] => LoRA monitor [epoch=184] | trainable=163840/163840 | non_lora_trainable=0 | lora_l2=1.582171e+01 | lora_A_l2=5.710927e+00 | lora_B_l2=1.475507e+01 | component_l2=fc_decoder:1.582171e+01 | lora_abs_max=2.236437e-01 | delta_l2=1.570308e+01 | delta_rel=6.816643e+00 | train_loss=8.146700e-03 | test_loss=8.242561e-03 | nmse=-1.782908e+01
I 06.08/07:26:16 solver.py:224 ] 
=! Best NMSE: -1.7829e+01 (epoch=146)

I 06.08/07:26:16 solver.py:159 ] Epoch: [185/200][20/282] lr: 5.86e-05 | MSE loss: 7.1934e-03 | time: 0.028
I 06.08/07:26:17 solver.py:159 ] Epoch: [185/200][40/282] lr: 5.86e-05 | MSE loss: 7.7476e-03 | time: 0.027
I 06.08/07:26:17 solver.py:159 ] Epoch: [185/200][60/282] lr: 5.85e-05 | MSE loss: 7.7403e-03 | time: 0.026
I 06.08/07:26:18 solver.py:159 ] Epoch: [185/200][80/282] lr: 5.84e-05 | MSE loss: 8.4119e-03 | time: 0.026
I 06.08/07:26:18 solver.py:159 ] Epoch: [185/200][100/282] lr: 5.83e-05 | MSE loss: 8.0994e-03 | time: 0.026
I 06.08/07:26:19 solver.py:159 ] Epoch: [185/200][120/282] lr: 5.83e-05 | MSE loss: 7.7505e-03 | time: 0.026
I 06.08/07:26:19 solver.py:159 ] Epoch: [185/200][140/282] lr: 5.82e-05 | MSE loss: 8.1502e-03 | time: 0.026
I 06.08/07:26:20 solver.py:159 ] Epoch: [185/200][160/282] lr: 5.81e-05 | MSE loss: 7.9458e-03 | time: 0.026
I 06.08/07:26:20 solver.py:159 ] Epoch: [185/200][180/282] lr: 5.80e-05 | MSE loss: 7.9998e-03 | time: 0.026
I 06.08/07:26:21 solver.py:159 ] Epoch: [185/200][200/282] lr: 5.80e-05 | MSE loss: 7.9974e-03 | time: 0.026
I 06.08/07:26:21 solver.py:159 ] Epoch: [185/200][220/282] lr: 5.79e-05 | MSE loss: 8.1435e-03 | time: 0.026
I 06.08/07:26:22 solver.py:159 ] Epoch: [185/200][240/282] lr: 5.78e-05 | MSE loss: 8.3119e-03 | time: 0.026
I 06.08/07:26:22 solver.py:159 ] Epoch: [185/200][260/282] lr: 5.77e-05 | MSE loss: 8.1462e-03 | time: 0.026
I 06.08/07:26:23 solver.py:159 ] Epoch: [185/200][280/282] lr: 5.77e-05 | MSE loss: 8.1872e-03 | time: 0.026
I 06.08/07:26:23 solver.py:169 ] => Train  Loss: 8.1406e-03

I 06.08/07:26:23 solver.py:405 ] [20/32] loss: 9.3615e-03 | NMSE: -1.6779e+01 | time: 0.021
I 06.08/07:26:24 solver.py:413 ] => Test NMSE: -1.7829e+01

I 06.08/07:26:24 solver.py:345 ] => LoRA monitor [epoch=185] | trainable=163840/163840 | non_lora_trainable=0 | lora_l2=1.582731e+01 | lora_A_l2=5.714763e+00 | lora_B_l2=1.475958e+01 | component_l2=fc_decoder:1.582731e+01 | lora_abs_max=2.243210e-01 | delta_l2=1.570867e+01 | delta_rel=6.819069e+00 | train_loss=8.140582e-03 | test_loss=8.242544e-03 | nmse=-1.782909e+01
I 06.08/07:26:24 solver.py:224 ] 
=! Best NMSE: -1.7829e+01 (epoch=146)

I 06.08/07:26:24 solver.py:159 ] Epoch: [186/200][20/282] lr: 5.76e-05 | MSE loss: 7.8023e-03 | time: 0.027
I 06.08/07:26:25 solver.py:159 ] Epoch: [186/200][40/282] lr: 5.75e-05 | MSE loss: 7.0108e-03 | time: 0.026
I 06.08/07:26:25 solver.py:159 ] Epoch: [186/200][60/282] lr: 5.75e-05 | MSE loss: 8.1199e-03 | time: 0.026
I 06.08/07:26:26 solver.py:159 ] Epoch: [186/200][80/282] lr: 5.74e-05 | MSE loss: 7.8891e-03 | time: 0.026
I 06.08/07:26:26 solver.py:159 ] Epoch: [186/200][100/282] lr: 5.73e-05 | MSE loss: 7.9843e-03 | time: 0.026
I 06.08/07:26:27 solver.py:159 ] Epoch: [186/200][120/282] lr: 5.72e-05 | MSE loss: 8.3151e-03 | time: 0.026
I 06.08/07:26:27 solver.py:159 ] Epoch: [186/200][140/282] lr: 5.72e-05 | MSE loss: 8.5063e-03 | time: 0.026
I 06.08/07:26:28 solver.py:159 ] Epoch: [186/200][160/282] lr: 5.71e-05 | MSE loss: 8.4734e-03 | time: 0.026
I 06.08/07:26:28 solver.py:159 ] Epoch: [186/200][180/282] lr: 5.70e-05 | MSE loss: 8.3965e-03 | time: 0.026
I 06.08/07:26:29 solver.py:159 ] Epoch: [186/200][200/282] lr: 5.70e-05 | MSE loss: 8.3862e-03 | time: 0.026
I 06.08/07:26:29 solver.py:159 ] Epoch: [186/200][220/282] lr: 5.69e-05 | MSE loss: 8.2626e-03 | time: 0.026
I 06.08/07:26:30 solver.py:159 ] Epoch: [186/200][240/282] lr: 5.68e-05 | MSE loss: 8.3394e-03 | time: 0.026
I 06.08/07:26:30 solver.py:159 ] Epoch: [186/200][260/282] lr: 5.68e-05 | MSE loss: 8.1738e-03 | time: 0.026
I 06.08/07:26:31 solver.py:159 ] Epoch: [186/200][280/282] lr: 5.67e-05 | MSE loss: 8.1570e-03 | time: 0.026
I 06.08/07:26:31 solver.py:169 ] => Train  Loss: 8.1430e-03

I 06.08/07:26:31 solver.py:405 ] [20/32] loss: 9.3614e-03 | NMSE: -1.6779e+01 | time: 0.021
I 06.08/07:26:32 solver.py:413 ] => Test NMSE: -1.7829e+01

I 06.08/07:26:32 solver.py:345 ] => LoRA monitor [epoch=186] | trainable=163840/163840 | non_lora_trainable=0 | lora_l2=1.583246e+01 | lora_A_l2=5.718197e+00 | lora_B_l2=1.476378e+01 | component_l2=fc_decoder:1.583246e+01 | lora_abs_max=2.238318e-01 | delta_l2=1.571390e+01 | delta_rel=6.821340e+00 | train_loss=8.142989e-03 | test_loss=8.242481e-03 | nmse=-1.782912e+01
I 06.08/07:26:32 solver.py:224 ] 
=! Best NMSE: -1.7829e+01 (epoch=146)

I 06.08/07:26:32 solver.py:159 ] Epoch: [187/200][20/282] lr: 5.66e-05 | MSE loss: 7.1685e-03 | time: 0.027
I 06.08/07:26:33 solver.py:159 ] Epoch: [187/200][40/282] lr: 5.65e-05 | MSE loss: 7.7394e-03 | time: 0.026
I 06.08/07:26:33 solver.py:159 ] Epoch: [187/200][60/282] lr: 5.65e-05 | MSE loss: 7.7813e-03 | time: 0.025
I 06.08/07:26:34 solver.py:159 ] Epoch: [187/200][80/282] lr: 5.64e-05 | MSE loss: 7.9438e-03 | time: 0.024
I 06.08/07:26:34 solver.py:159 ] Epoch: [187/200][100/282] lr: 5.64e-05 | MSE loss: 8.1810e-03 | time: 0.025
I 06.08/07:26:35 solver.py:159 ] Epoch: [187/200][120/282] lr: 5.63e-05 | MSE loss: 7.9838e-03 | time: 0.026
I 06.08/07:26:35 solver.py:159 ] Epoch: [187/200][140/282] lr: 5.62e-05 | MSE loss: 7.7755e-03 | time: 0.026
I 06.08/07:26:36 solver.py:159 ] Epoch: [187/200][160/282] lr: 5.62e-05 | MSE loss: 7.9329e-03 | time: 0.026
I 06.08/07:26:36 solver.py:159 ] Epoch: [187/200][180/282] lr: 5.61e-05 | MSE loss: 7.9196e-03 | time: 0.026
I 06.08/07:26:37 solver.py:159 ] Epoch: [187/200][200/282] lr: 5.60e-05 | MSE loss: 8.1560e-03 | time: 0.026
I 06.08/07:26:37 solver.py:159 ] Epoch: [187/200][220/282] lr: 5.60e-05 | MSE loss: 8.0927e-03 | time: 0.026
I 06.08/07:26:38 solver.py:159 ] Epoch: [187/200][240/282] lr: 5.59e-05 | MSE loss: 8.1202e-03 | time: 0.026
I 06.08/07:26:39 solver.py:159 ] Epoch: [187/200][260/282] lr: 5.58e-05 | MSE loss: 8.3146e-03 | time: 0.026
I 06.08/07:26:39 solver.py:159 ] Epoch: [187/200][280/282] lr: 5.58e-05 | MSE loss: 8.1488e-03 | time: 0.026
I 06.08/07:26:39 solver.py:169 ] => Train  Loss: 8.1674e-03

I 06.08/07:26:40 solver.py:405 ] [20/32] loss: 9.3615e-03 | NMSE: -1.6779e+01 | time: 0.023
I 06.08/07:26:40 solver.py:413 ] => Test NMSE: -1.7829e+01

I 06.08/07:26:40 solver.py:345 ] => LoRA monitor [epoch=187] | trainable=163840/163840 | non_lora_trainable=0 | lora_l2=1.583790e+01 | lora_A_l2=5.722076e+00 | lora_B_l2=1.476811e+01 | component_l2=fc_decoder:1.583790e+01 | lora_abs_max=2.238284e-01 | delta_l2=1.571941e+01 | delta_rel=6.823731e+00 | train_loss=8.167371e-03 | test_loss=8.242567e-03 | nmse=-1.782908e+01
I 06.08/07:26:40 solver.py:224 ] 
=! Best NMSE: -1.7829e+01 (epoch=146)

I 06.08/07:26:40 solver.py:159 ] Epoch: [188/200][20/282] lr: 5.57e-05 | MSE loss: 8.1631e-03 | time: 0.028
I 06.08/07:26:41 solver.py:159 ] Epoch: [188/200][40/282] lr: 5.56e-05 | MSE loss: 7.9750e-03 | time: 0.028
I 06.08/07:26:42 solver.py:159 ] Epoch: [188/200][60/282] lr: 5.56e-05 | MSE loss: 8.3203e-03 | time: 0.028
I 06.08/07:26:42 solver.py:159 ] Epoch: [188/200][80/282] lr: 5.55e-05 | MSE loss: 8.1335e-03 | time: 0.027
I 06.08/07:26:42 solver.py:159 ] Epoch: [188/200][100/282] lr: 5.55e-05 | MSE loss: 7.9324e-03 | time: 0.026
I 06.08/07:26:43 solver.py:159 ] Epoch: [188/200][120/282] lr: 5.54e-05 | MSE loss: 7.9592e-03 | time: 0.026
I 06.08/07:26:43 solver.py:159 ] Epoch: [188/200][140/282] lr: 5.53e-05 | MSE loss: 7.8588e-03 | time: 0.026
I 06.08/07:26:44 solver.py:159 ] Epoch: [188/200][160/282] lr: 5.53e-05 | MSE loss: 8.3360e-03 | time: 0.026
I 06.08/07:26:45 solver.py:159 ] Epoch: [188/200][180/282] lr: 5.52e-05 | MSE loss: 8.1670e-03 | time: 0.026
I 06.08/07:26:45 solver.py:159 ] Epoch: [188/200][200/282] lr: 5.52e-05 | MSE loss: 8.1483e-03 | time: 0.026
I 06.08/07:26:46 solver.py:159 ] Epoch: [188/200][220/282] lr: 5.51e-05 | MSE loss: 8.0551e-03 | time: 0.026
I 06.08/07:26:46 solver.py:159 ] Epoch: [188/200][240/282] lr: 5.50e-05 | MSE loss: 7.9961e-03 | time: 0.026
I 06.08/07:26:47 solver.py:159 ] Epoch: [188/200][260/282] lr: 5.50e-05 | MSE loss: 7.9944e-03 | time: 0.026
I 06.08/07:26:47 solver.py:159 ] Epoch: [188/200][280/282] lr: 5.49e-05 | MSE loss: 8.1698e-03 | time: 0.026
I 06.08/07:26:47 solver.py:169 ] => Train  Loss: 8.1966e-03

I 06.08/07:26:48 solver.py:405 ] [20/32] loss: 9.3614e-03 | NMSE: -1.6779e+01 | time: 0.022
I 06.08/07:26:48 solver.py:413 ] => Test NMSE: -1.7829e+01

I 06.08/07:26:48 solver.py:345 ] => LoRA monitor [epoch=188] | trainable=163840/163840 | non_lora_trainable=0 | lora_l2=1.584326e+01 | lora_A_l2=5.725784e+00 | lora_B_l2=1.477241e+01 | component_l2=fc_decoder:1.584326e+01 | lora_abs_max=2.239552e-01 | delta_l2=1.572474e+01 | delta_rel=6.826044e+00 | train_loss=8.196624e-03 | test_loss=8.242524e-03 | nmse=-1.782910e+01
I 06.08/07:26:48 solver.py:224 ] 
=! Best NMSE: -1.7829e+01 (epoch=146)

I 06.08/07:26:48 solver.py:159 ] Epoch: [189/200][20/282] lr: 5.49e-05 | MSE loss: 8.1662e-03 | time: 0.027
I 06.08/07:26:49 solver.py:159 ] Epoch: [189/200][40/282] lr: 5.48e-05 | MSE loss: 7.4700e-03 | time: 0.027
I 06.08/07:26:49 solver.py:159 ] Epoch: [189/200][60/282] lr: 5.47e-05 | MSE loss: 7.4126e-03 | time: 0.026
I 06.08/07:26:50 solver.py:159 ] Epoch: [189/200][80/282] lr: 5.47e-05 | MSE loss: 7.5363e-03 | time: 0.026
I 06.08/07:26:50 solver.py:159 ] Epoch: [189/200][100/282] lr: 5.46e-05 | MSE loss: 8.3717e-03 | time: 0.026
I 06.08/07:26:51 solver.py:159 ] Epoch: [189/200][120/282] lr: 5.46e-05 | MSE loss: 8.4237e-03 | time: 0.026
I 06.08/07:26:52 solver.py:159 ] Epoch: [189/200][140/282] lr: 5.45e-05 | MSE loss: 8.2331e-03 | time: 0.026
I 06.08/07:26:52 solver.py:159 ] Epoch: [189/200][160/282] lr: 5.45e-05 | MSE loss: 8.4074e-03 | time: 0.026
I 06.08/07:26:53 solver.py:159 ] Epoch: [189/200][180/282] lr: 5.44e-05 | MSE loss: 8.5696e-03 | time: 0.026
I 06.08/07:26:53 solver.py:159 ] Epoch: [189/200][200/282] lr: 5.44e-05 | MSE loss: 8.5413e-03 | time: 0.026
I 06.08/07:26:54 solver.py:159 ] Epoch: [189/200][220/282] lr: 5.43e-05 | MSE loss: 8.4910e-03 | time: 0.026
I 06.08/07:26:54 solver.py:159 ] Epoch: [189/200][240/282] lr: 5.42e-05 | MSE loss: 8.3819e-03 | time: 0.026
I 06.08/07:26:55 solver.py:159 ] Epoch: [189/200][260/282] lr: 5.42e-05 | MSE loss: 8.3154e-03 | time: 0.026
I 06.08/07:26:55 solver.py:159 ] Epoch: [189/200][280/282] lr: 5.41e-05 | MSE loss: 8.1563e-03 | time: 0.026
I 06.08/07:26:55 solver.py:169 ] => Train  Loss: 8.1416e-03

I 06.08/07:26:56 solver.py:405 ] [20/32] loss: 9.3615e-03 | NMSE: -1.6779e+01 | time: 0.022
I 06.08/07:26:56 solver.py:413 ] => Test NMSE: -1.7829e+01

I 06.08/07:26:56 solver.py:345 ] => LoRA monitor [epoch=189] | trainable=163840/163840 | non_lora_trainable=0 | lora_l2=1.584849e+01 | lora_A_l2=5.729467e+00 | lora_B_l2=1.477659e+01 | component_l2=fc_decoder:1.584849e+01 | lora_abs_max=2.238396e-01 | delta_l2=1.573011e+01 | delta_rel=6.828375e+00 | train_loss=8.141629e-03 | test_loss=8.242553e-03 | nmse=-1.782908e+01
I 06.08/07:26:56 solver.py:224 ] 
=! Best NMSE: -1.7829e+01 (epoch=146)

I 06.08/07:26:57 solver.py:159 ] Epoch: [190/200][20/282] lr: 5.41e-05 | MSE loss: 9.7547e-03 | time: 0.029
I 06.08/07:26:57 solver.py:159 ] Epoch: [190/200][40/282] lr: 5.40e-05 | MSE loss: 7.6970e-03 | time: 0.028
I 06.08/07:26:58 solver.py:159 ] Epoch: [190/200][60/282] lr: 5.40e-05 | MSE loss: 8.8700e-03 | time: 0.027
I 06.08/07:26:58 solver.py:159 ] Epoch: [190/200][80/282] lr: 5.39e-05 | MSE loss: 8.5259e-03 | time: 0.027
I 06.08/07:26:59 solver.py:159 ] Epoch: [190/200][100/282] lr: 5.39e-05 | MSE loss: 8.7409e-03 | time: 0.027
I 06.08/07:26:59 solver.py:159 ] Epoch: [190/200][120/282] lr: 5.38e-05 | MSE loss: 8.4123e-03 | time: 0.027
I 06.08/07:27:00 solver.py:159 ] Epoch: [190/200][140/282] lr: 5.38e-05 | MSE loss: 8.6499e-03 | time: 0.027
I 06.08/07:27:00 solver.py:159 ] Epoch: [190/200][160/282] lr: 5.37e-05 | MSE loss: 8.6879e-03 | time: 0.028
I 06.08/07:27:02 solver.py:159 ] Epoch: [190/200][180/282] lr: 5.37e-05 | MSE loss: 8.5258e-03 | time: 0.032
I 06.08/07:27:03 solver.py:159 ] Epoch: [190/200][200/282] lr: 5.36e-05 | MSE loss: 8.3539e-03 | time: 0.037
I 06.08/07:27:05 solver.py:159 ] Epoch: [190/200][220/282] lr: 5.36e-05 | MSE loss: 8.3763e-03 | time: 0.039
I 06.08/07:27:05 solver.py:159 ] Epoch: [190/200][240/282] lr: 5.35e-05 | MSE loss: 8.3992e-03 | time: 0.038
I 06.08/07:27:06 solver.py:159 ] Epoch: [190/200][260/282] lr: 5.35e-05 | MSE loss: 8.1918e-03 | time: 0.037
I 06.08/07:27:06 solver.py:159 ] Epoch: [190/200][280/282] lr: 5.34e-05 | MSE loss: 8.1878e-03 | time: 0.036
I 06.08/07:27:06 solver.py:169 ] => Train  Loss: 8.1432e-03

I 06.08/07:27:07 solver.py:159 ] Epoch: [190/200][20/32] lr: 5.34e-05 | MSE loss: 9.3614e-03 | time: 0.020
I 06.08/07:27:07 solver.py:169 ] => Val  Loss: 8.0578e-03

I 06.08/07:27:07 solver.py:405 ] [20/32] loss: 9.3614e-03 | NMSE: -1.6779e+01 | time: 0.020
I 06.08/07:27:08 solver.py:413 ] => Test NMSE: -1.7829e+01

I 06.08/07:27:08 solver.py:345 ] => LoRA monitor [epoch=190] | trainable=163840/163840 | non_lora_trainable=0 | lora_l2=1.585388e+01 | lora_A_l2=5.733303e+00 | lora_B_l2=1.478089e+01 | component_l2=fc_decoder:1.585388e+01 | lora_abs_max=2.239492e-01 | delta_l2=1.573553e+01 | delta_rel=6.830729e+00 | train_loss=8.143245e-03 | val_loss=8.057845e-03 | test_loss=8.242505e-03 | nmse=-1.782911e+01
I 06.08/07:27:08 solver.py:224 ] 
=! Best NMSE: -1.7829e+01 (epoch=146)

I 06.08/07:27:08 solver.py:159 ] Epoch: [191/200][20/282] lr: 5.34e-05 | MSE loss: 8.8031e-03 | time: 0.027
I 06.08/07:27:09 solver.py:159 ] Epoch: [191/200][40/282] lr: 5.33e-05 | MSE loss: 7.8444e-03 | time: 0.026
I 06.08/07:27:09 solver.py:159 ] Epoch: [191/200][60/282] lr: 5.33e-05 | MSE loss: 7.7388e-03 | time: 0.026
I 06.08/07:27:10 solver.py:159 ] Epoch: [191/200][80/282] lr: 5.32e-05 | MSE loss: 7.9299e-03 | time: 0.025
I 06.08/07:27:10 solver.py:159 ] Epoch: [191/200][100/282] lr: 5.32e-05 | MSE loss: 7.8073e-03 | time: 0.025
I 06.08/07:27:11 solver.py:159 ] Epoch: [191/200][120/282] lr: 5.31e-05 | MSE loss: 8.0449e-03 | time: 0.025
I 06.08/07:27:11 solver.py:159 ] Epoch: [191/200][140/282] lr: 5.31e-05 | MSE loss: 7.8557e-03 | time: 0.025
I 06.08/07:27:12 solver.py:159 ] Epoch: [191/200][160/282] lr: 5.30e-05 | MSE loss: 7.7640e-03 | time: 0.025
I 06.08/07:27:12 solver.py:159 ] Epoch: [191/200][180/282] lr: 5.30e-05 | MSE loss: 7.7902e-03 | time: 0.025
I 06.08/07:27:13 solver.py:159 ] Epoch: [191/200][200/282] lr: 5.30e-05 | MSE loss: 8.2485e-03 | time: 0.025
I 06.08/07:27:13 solver.py:159 ] Epoch: [191/200][220/282] lr: 5.29e-05 | MSE loss: 8.4336e-03 | time: 0.026
I 06.08/07:27:14 solver.py:159 ] Epoch: [191/200][240/282] lr: 5.29e-05 | MSE loss: 8.4087e-03 | time: 0.026
I 06.08/07:27:14 solver.py:159 ] Epoch: [191/200][260/282] lr: 5.28e-05 | MSE loss: 8.1544e-03 | time: 0.026
I 06.08/07:27:15 solver.py:159 ] Epoch: [191/200][280/282] lr: 5.28e-05 | MSE loss: 8.1315e-03 | time: 0.026
I 06.08/07:27:15 solver.py:169 ] => Train  Loss: 8.1390e-03

I 06.08/07:27:15 solver.py:405 ] [20/32] loss: 9.3615e-03 | NMSE: -1.6779e+01 | time: 0.021
I 06.08/07:27:15 solver.py:413 ] => Test NMSE: -1.7829e+01

I 06.08/07:27:15 solver.py:345 ] => LoRA monitor [epoch=191] | trainable=163840/163840 | non_lora_trainable=0 | lora_l2=1.585850e+01 | lora_A_l2=5.736406e+00 | lora_B_l2=1.478464e+01 | component_l2=fc_decoder:1.585850e+01 | lora_abs_max=2.239909e-01 | delta_l2=1.574023e+01 | delta_rel=6.832770e+00 | train_loss=8.138970e-03 | test_loss=8.242549e-03 | nmse=-1.782909e+01
I 06.08/07:27:15 solver.py:224 ] 
=! Best NMSE: -1.7829e+01 (epoch=146)

I 06.08/07:27:16 solver.py:159 ] Epoch: [192/200][20/282] lr: 5.27e-05 | MSE loss: 7.8648e-03 | time: 0.027
I 06.08/07:27:17 solver.py:159 ] Epoch: [192/200][40/282] lr: 5.27e-05 | MSE loss: 7.2293e-03 | time: 0.028
I 06.08/07:27:17 solver.py:159 ] Epoch: [192/200][60/282] lr: 5.26e-05 | MSE loss: 6.9098e-03 | time: 0.027
I 06.08/07:27:18 solver.py:159 ] Epoch: [192/200][80/282] lr: 5.26e-05 | MSE loss: 7.2442e-03 | time: 0.027
I 06.08/07:27:18 solver.py:159 ] Epoch: [192/200][100/282] lr: 5.26e-05 | MSE loss: 7.0212e-03 | time: 0.027
I 06.08/07:27:19 solver.py:159 ] Epoch: [192/200][120/282] lr: 5.25e-05 | MSE loss: 7.3848e-03 | time: 0.026
I 06.08/07:27:19 solver.py:159 ] Epoch: [192/200][140/282] lr: 5.25e-05 | MSE loss: 7.7590e-03 | time: 0.026
I 06.08/07:27:20 solver.py:159 ] Epoch: [192/200][160/282] lr: 5.24e-05 | MSE loss: 7.9745e-03 | time: 0.026
I 06.08/07:27:20 solver.py:159 ] Epoch: [192/200][180/282] lr: 5.24e-05 | MSE loss: 7.9641e-03 | time: 0.026
I 06.08/07:27:21 solver.py:159 ] Epoch: [192/200][200/282] lr: 5.24e-05 | MSE loss: 8.0738e-03 | time: 0.026
I 06.08/07:27:21 solver.py:159 ] Epoch: [192/200][220/282] lr: 5.23e-05 | MSE loss: 8.0044e-03 | time: 0.026
I 06.08/07:27:22 solver.py:159 ] Epoch: [192/200][240/282] lr: 5.23e-05 | MSE loss: 7.9966e-03 | time: 0.026
I 06.08/07:27:22 solver.py:159 ] Epoch: [192/200][260/282] lr: 5.22e-05 | MSE loss: 8.0860e-03 | time: 0.026
I 06.08/07:27:23 solver.py:159 ] Epoch: [192/200][280/282] lr: 5.22e-05 | MSE loss: 8.1595e-03 | time: 0.027
I 06.08/07:27:23 solver.py:169 ] => Train  Loss: 8.1403e-03

I 06.08/07:27:23 solver.py:405 ] [20/32] loss: 9.3615e-03 | NMSE: -1.6779e+01 | time: 0.024
I 06.08/07:27:24 solver.py:413 ] => Test NMSE: -1.7829e+01

I 06.08/07:27:24 solver.py:345 ] => LoRA monitor [epoch=192] | trainable=163840/163840 | non_lora_trainable=0 | lora_l2=1.586330e+01 | lora_A_l2=5.739832e+00 | lora_B_l2=1.478846e+01 | component_l2=fc_decoder:1.586330e+01 | lora_abs_max=2.240362e-01 | delta_l2=1.574501e+01 | delta_rel=6.834844e+00 | train_loss=8.140286e-03 | test_loss=8.242577e-03 | nmse=-1.782907e+01
I 06.08/07:27:24 solver.py:224 ] 
=! Best NMSE: -1.7829e+01 (epoch=146)

I 06.08/07:27:24 solver.py:159 ] Epoch: [193/200][20/282] lr: 5.22e-05 | MSE loss: 6.8739e-03 | time: 0.031
I 06.08/07:27:25 solver.py:159 ] Epoch: [193/200][40/282] lr: 5.21e-05 | MSE loss: 7.1848e-03 | time: 0.029
I 06.08/07:27:25 solver.py:159 ] Epoch: [193/200][60/282] lr: 5.21e-05 | MSE loss: 7.3162e-03 | time: 0.029
I 06.08/07:27:26 solver.py:159 ] Epoch: [193/200][80/282] lr: 5.20e-05 | MSE loss: 7.7953e-03 | time: 0.028
I 06.08/07:27:27 solver.py:159 ] Epoch: [193/200][100/282] lr: 5.20e-05 | MSE loss: 7.8785e-03 | time: 0.028
I 06.08/07:27:27 solver.py:159 ] Epoch: [193/200][120/282] lr: 5.20e-05 | MSE loss: 7.8988e-03 | time: 0.028
I 06.08/07:27:28 solver.py:159 ] Epoch: [193/200][140/282] lr: 5.19e-05 | MSE loss: 7.7649e-03 | time: 0.028
I 06.08/07:27:28 solver.py:159 ] Epoch: [193/200][160/282] lr: 5.19e-05 | MSE loss: 7.9762e-03 | time: 0.028
I 06.08/07:27:29 solver.py:159 ] Epoch: [193/200][180/282] lr: 5.19e-05 | MSE loss: 7.7440e-03 | time: 0.028
I 06.08/07:27:29 solver.py:159 ] Epoch: [193/200][200/282] lr: 5.18e-05 | MSE loss: 7.7908e-03 | time: 0.027
I 06.08/07:27:30 solver.py:159 ] Epoch: [193/200][220/282] lr: 5.18e-05 | MSE loss: 8.0388e-03 | time: 0.027
I 06.08/07:27:30 solver.py:159 ] Epoch: [193/200][240/282] lr: 5.17e-05 | MSE loss: 8.1959e-03 | time: 0.027
I 06.08/07:27:31 solver.py:159 ] Epoch: [193/200][260/282] lr: 5.17e-05 | MSE loss: 8.2333e-03 | time: 0.027
I 06.08/07:27:31 solver.py:159 ] Epoch: [193/200][280/282] lr: 5.17e-05 | MSE loss: 8.1834e-03 | time: 0.027
I 06.08/07:27:31 solver.py:169 ] => Train  Loss: 8.1652e-03

I 06.08/07:27:32 solver.py:405 ] [20/32] loss: 9.3615e-03 | NMSE: -1.6779e+01 | time: 0.029
I 06.08/07:27:32 solver.py:413 ] => Test NMSE: -1.7829e+01

I 06.08/07:27:32 solver.py:345 ] => LoRA monitor [epoch=193] | trainable=163840/163840 | non_lora_trainable=0 | lora_l2=1.586853e+01 | lora_A_l2=5.743572e+00 | lora_B_l2=1.479262e+01 | component_l2=fc_decoder:1.586853e+01 | lora_abs_max=2.240685e-01 | delta_l2=1.575033e+01 | delta_rel=6.837153e+00 | train_loss=8.165200e-03 | test_loss=8.242583e-03 | nmse=-1.782907e+01
I 06.08/07:27:32 solver.py:224 ] 
=! Best NMSE: -1.7829e+01 (epoch=146)

I 06.08/07:27:33 solver.py:159 ] Epoch: [194/200][20/282] lr: 5.16e-05 | MSE loss: 7.4869e-03 | time: 0.022
I 06.08/07:27:33 solver.py:159 ] Epoch: [194/200][40/282] lr: 5.16e-05 | MSE loss: 7.3606e-03 | time: 0.024
I 06.08/07:27:34 solver.py:159 ] Epoch: [194/200][60/282] lr: 5.16e-05 | MSE loss: 8.0784e-03 | time: 0.026
I 06.08/07:27:34 solver.py:159 ] Epoch: [194/200][80/282] lr: 5.15e-05 | MSE loss: 8.6627e-03 | time: 0.026
I 06.08/07:27:35 solver.py:159 ] Epoch: [194/200][100/282] lr: 5.15e-05 | MSE loss: 8.8742e-03 | time: 0.026
I 06.08/07:27:35 solver.py:159 ] Epoch: [194/200][120/282] lr: 5.15e-05 | MSE loss: 8.4120e-03 | time: 0.026
I 06.08/07:27:36 solver.py:159 ] Epoch: [194/200][140/282] lr: 5.14e-05 | MSE loss: 8.5657e-03 | time: 0.026
I 06.08/07:27:36 solver.py:159 ] Epoch: [194/200][160/282] lr: 5.14e-05 | MSE loss: 8.6146e-03 | time: 0.026
I 06.08/07:27:37 solver.py:159 ] Epoch: [194/200][180/282] lr: 5.14e-05 | MSE loss: 8.6790e-03 | time: 0.026
I 06.08/07:27:37 solver.py:159 ] Epoch: [194/200][200/282] lr: 5.14e-05 | MSE loss: 8.6025e-03 | time: 0.026
I 06.08/07:27:38 solver.py:159 ] Epoch: [194/200][220/282] lr: 5.13e-05 | MSE loss: 8.4601e-03 | time: 0.026
I 06.08/07:27:38 solver.py:159 ] Epoch: [194/200][240/282] lr: 5.13e-05 | MSE loss: 8.3959e-03 | time: 0.026
I 06.08/07:27:39 solver.py:159 ] Epoch: [194/200][260/282] lr: 5.13e-05 | MSE loss: 8.2415e-03 | time: 0.026
I 06.08/07:27:39 solver.py:159 ] Epoch: [194/200][280/282] lr: 5.12e-05 | MSE loss: 8.1856e-03 | time: 0.026
I 06.08/07:27:40 solver.py:169 ] => Train  Loss: 8.1424e-03

I 06.08/07:27:40 solver.py:405 ] [20/32] loss: 9.3616e-03 | NMSE: -1.6779e+01 | time: 0.021
I 06.08/07:27:40 solver.py:413 ] => Test NMSE: -1.7829e+01

I 06.08/07:27:40 solver.py:345 ] => LoRA monitor [epoch=194] | trainable=163840/163840 | non_lora_trainable=0 | lora_l2=1.587388e+01 | lora_A_l2=5.747461e+00 | lora_B_l2=1.479685e+01 | component_l2=fc_decoder:1.587388e+01 | lora_abs_max=2.242312e-01 | delta_l2=1.575567e+01 | delta_rel=6.839471e+00 | train_loss=8.142442e-03 | test_loss=8.242602e-03 | nmse=-1.782906e+01
I 06.08/07:27:40 solver.py:224 ] 
=! Best NMSE: -1.7829e+01 (epoch=146)

I 06.08/07:27:41 solver.py:159 ] Epoch: [195/200][20/282] lr: 5.12e-05 | MSE loss: 9.2287e-03 | time: 0.027
I 06.08/07:27:41 solver.py:159 ] Epoch: [195/200][40/282] lr: 5.12e-05 | MSE loss: 8.4593e-03 | time: 0.025
I 06.08/07:27:42 solver.py:159 ] Epoch: [195/200][60/282] lr: 5.11e-05 | MSE loss: 8.0531e-03 | time: 0.027
I 06.08/07:27:42 solver.py:159 ] Epoch: [195/200][80/282] lr: 5.11e-05 | MSE loss: 8.4576e-03 | time: 0.026
I 06.08/07:27:43 solver.py:159 ] Epoch: [195/200][100/282] lr: 5.11e-05 | MSE loss: 8.4318e-03 | time: 0.027
I 06.08/07:27:43 solver.py:159 ] Epoch: [195/200][120/282] lr: 5.11e-05 | MSE loss: 8.1584e-03 | time: 0.026
I 06.08/07:27:44 solver.py:159 ] Epoch: [195/200][140/282] lr: 5.10e-05 | MSE loss: 8.3700e-03 | time: 0.026
I 06.08/07:27:44 solver.py:159 ] Epoch: [195/200][160/282] lr: 5.10e-05 | MSE loss: 8.2202e-03 | time: 0.026
I 06.08/07:27:45 solver.py:159 ] Epoch: [195/200][180/282] lr: 5.10e-05 | MSE loss: 8.0462e-03 | time: 0.026
I 06.08/07:27:46 solver.py:159 ] Epoch: [195/200][200/282] lr: 5.10e-05 | MSE loss: 8.2022e-03 | time: 0.026
I 06.08/07:27:46 solver.py:159 ] Epoch: [195/200][220/282] lr: 5.09e-05 | MSE loss: 8.3470e-03 | time: 0.026
I 06.08/07:27:47 solver.py:159 ] Epoch: [195/200][240/282] lr: 5.09e-05 | MSE loss: 8.2495e-03 | time: 0.027
I 06.08/07:27:47 solver.py:159 ] Epoch: [195/200][260/282] lr: 5.09e-05 | MSE loss: 8.1627e-03 | time: 0.027
I 06.08/07:27:48 solver.py:159 ] Epoch: [195/200][280/282] lr: 5.09e-05 | MSE loss: 8.1811e-03 | time: 0.027
I 06.08/07:27:48 solver.py:169 ] => Train  Loss: 8.1485e-03

I 06.08/07:27:48 solver.py:405 ] [20/32] loss: 9.3615e-03 | NMSE: -1.6779e+01 | time: 0.021
I 06.08/07:27:48 solver.py:413 ] => Test NMSE: -1.7829e+01

I 06.08/07:27:48 solver.py:345 ] => LoRA monitor [epoch=195] | trainable=163840/163840 | non_lora_trainable=0 | lora_l2=1.587792e+01 | lora_A_l2=5.750331e+00 | lora_B_l2=1.480007e+01 | component_l2=fc_decoder:1.587792e+01 | lora_abs_max=2.241478e-01 | delta_l2=1.575980e+01 | delta_rel=6.841262e+00 | train_loss=8.148503e-03 | test_loss=8.242574e-03 | nmse=-1.782907e+01
I 06.08/07:27:48 solver.py:224 ] 
=! Best NMSE: -1.7829e+01 (epoch=146)

I 06.08/07:27:49 solver.py:159 ] Epoch: [196/200][20/282] lr: 5.08e-05 | MSE loss: 7.4294e-03 | time: 0.025
I 06.08/07:27:49 solver.py:159 ] Epoch: [196/200][40/282] lr: 5.08e-05 | MSE loss: 8.2711e-03 | time: 0.025
I 06.08/07:27:50 solver.py:159 ] Epoch: [196/200][60/282] lr: 5.08e-05 | MSE loss: 8.2846e-03 | time: 0.025
I 06.08/07:27:50 solver.py:159 ] Epoch: [196/200][80/282] lr: 5.08e-05 | MSE loss: 8.3729e-03 | time: 0.025
I 06.08/07:27:51 solver.py:159 ] Epoch: [196/200][100/282] lr: 5.07e-05 | MSE loss: 7.9841e-03 | time: 0.027
I 06.08/07:27:52 solver.py:159 ] Epoch: [196/200][120/282] lr: 5.07e-05 | MSE loss: 8.0551e-03 | time: 0.027
I 06.08/07:27:52 solver.py:159 ] Epoch: [196/200][140/282] lr: 5.07e-05 | MSE loss: 8.1442e-03 | time: 0.027
I 06.08/07:27:53 solver.py:159 ] Epoch: [196/200][160/282] lr: 5.07e-05 | MSE loss: 8.0180e-03 | time: 0.027
I 06.08/07:27:53 solver.py:159 ] Epoch: [196/200][180/282] lr: 5.07e-05 | MSE loss: 8.0664e-03 | time: 0.027
I 06.08/07:27:54 solver.py:159 ] Epoch: [196/200][200/282] lr: 5.06e-05 | MSE loss: 8.2637e-03 | time: 0.027
I 06.08/07:27:54 solver.py:159 ] Epoch: [196/200][220/282] lr: 5.06e-05 | MSE loss: 8.1835e-03 | time: 0.027
I 06.08/07:27:55 solver.py:159 ] Epoch: [196/200][240/282] lr: 5.06e-05 | MSE loss: 8.0746e-03 | time: 0.027
I 06.08/07:27:55 solver.py:159 ] Epoch: [196/200][260/282] lr: 5.06e-05 | MSE loss: 8.1014e-03 | time: 0.027
I 06.08/07:27:56 solver.py:159 ] Epoch: [196/200][280/282] lr: 5.06e-05 | MSE loss: 8.1517e-03 | time: 0.027
I 06.08/07:27:56 solver.py:169 ] => Train  Loss: 8.1864e-03

I 06.08/07:27:56 solver.py:405 ] [20/32] loss: 9.3615e-03 | NMSE: -1.6779e+01 | time: 0.023
I 06.08/07:27:57 solver.py:413 ] => Test NMSE: -1.7829e+01

I 06.08/07:27:57 solver.py:345 ] => LoRA monitor [epoch=196] | trainable=163840/163840 | non_lora_trainable=0 | lora_l2=1.588325e+01 | lora_A_l2=5.754228e+00 | lora_B_l2=1.480428e+01 | component_l2=fc_decoder:1.588325e+01 | lora_abs_max=2.241860e-01 | delta_l2=1.576511e+01 | delta_rel=6.843569e+00 | train_loss=8.186365e-03 | test_loss=8.242590e-03 | nmse=-1.782906e+01
I 06.08/07:27:57 solver.py:224 ] 
=! Best NMSE: -1.7829e+01 (epoch=146)

I 06.08/07:27:57 solver.py:159 ] Epoch: [197/200][20/282] lr: 5.05e-05 | MSE loss: 8.1717e-03 | time: 0.026
I 06.08/07:27:58 solver.py:159 ] Epoch: [197/200][40/282] lr: 5.05e-05 | MSE loss: 7.2588e-03 | time: 0.026
I 06.08/07:27:58 solver.py:159 ] Epoch: [197/200][60/282] lr: 5.05e-05 | MSE loss: 7.0074e-03 | time: 0.028
I 06.08/07:27:59 solver.py:159 ] Epoch: [197/200][80/282] lr: 5.05e-05 | MSE loss: 7.1440e-03 | time: 0.028
I 06.08/07:27:59 solver.py:159 ] Epoch: [197/200][100/282] lr: 5.05e-05 | MSE loss: 7.4305e-03 | time: 0.028
I 06.08/07:28:00 solver.py:159 ] Epoch: [197/200][120/282] lr: 5.04e-05 | MSE loss: 7.8814e-03 | time: 0.028
I 06.08/07:28:01 solver.py:159 ] Epoch: [197/200][140/282] lr: 5.04e-05 | MSE loss: 7.7854e-03 | time: 0.031
I 06.08/07:28:03 solver.py:159 ] Epoch: [197/200][160/282] lr: 5.04e-05 | MSE loss: 7.9106e-03 | time: 0.037
I 06.08/07:28:04 solver.py:159 ] Epoch: [197/200][180/282] lr: 5.04e-05 | MSE loss: 8.3301e-03 | time: 0.041
I 06.08/07:28:05 solver.py:159 ] Epoch: [197/200][200/282] lr: 5.04e-05 | MSE loss: 8.2965e-03 | time: 0.041
I 06.08/07:28:05 solver.py:159 ] Epoch: [197/200][220/282] lr: 5.04e-05 | MSE loss: 8.1139e-03 | time: 0.040
I 06.08/07:28:06 solver.py:159 ] Epoch: [197/200][240/282] lr: 5.03e-05 | MSE loss: 8.1838e-03 | time: 0.039
I 06.08/07:28:06 solver.py:159 ] Epoch: [197/200][260/282] lr: 5.03e-05 | MSE loss: 8.1986e-03 | time: 0.038
I 06.08/07:28:07 solver.py:159 ] Epoch: [197/200][280/282] lr: 5.03e-05 | MSE loss: 8.1636e-03 | time: 0.037
I 06.08/07:28:07 solver.py:169 ] => Train  Loss: 8.1399e-03

I 06.08/07:28:07 solver.py:405 ] [20/32] loss: 9.3616e-03 | NMSE: -1.6779e+01 | time: 0.021
I 06.08/07:28:08 solver.py:413 ] => Test NMSE: -1.7829e+01

I 06.08/07:28:08 solver.py:345 ] => LoRA monitor [epoch=197] | trainable=163840/163840 | non_lora_trainable=0 | lora_l2=1.588779e+01 | lora_A_l2=5.757465e+00 | lora_B_l2=1.480789e+01 | component_l2=fc_decoder:1.588779e+01 | lora_abs_max=2.245308e-01 | delta_l2=1.576969e+01 | delta_rel=6.845559e+00 | train_loss=8.139904e-03 | test_loss=8.242623e-03 | nmse=-1.782905e+01
I 06.08/07:28:08 solver.py:224 ] 
=! Best NMSE: -1.7829e+01 (epoch=146)

I 06.08/07:28:08 solver.py:159 ] Epoch: [198/200][20/282] lr: 5.03e-05 | MSE loss: 7.2960e-03 | time: 0.027
I 06.08/07:28:09 solver.py:159 ] Epoch: [198/200][40/282] lr: 5.03e-05 | MSE loss: 8.0543e-03 | time: 0.026
I 06.08/07:28:09 solver.py:159 ] Epoch: [198/200][60/282] lr: 5.03e-05 | MSE loss: 7.4712e-03 | time: 0.026
I 06.08/07:28:10 solver.py:159 ] Epoch: [198/200][80/282] lr: 5.03e-05 | MSE loss: 7.7224e-03 | time: 0.026
I 06.08/07:28:10 solver.py:159 ] Epoch: [198/200][100/282] lr: 5.02e-05 | MSE loss: 8.0729e-03 | time: 0.026
I 06.08/07:28:11 solver.py:159 ] Epoch: [198/200][120/282] lr: 5.02e-05 | MSE loss: 7.9868e-03 | time: 0.026
I 06.08/07:28:11 solver.py:159 ] Epoch: [198/200][140/282] lr: 5.02e-05 | MSE loss: 7.8446e-03 | time: 0.026
I 06.08/07:28:12 solver.py:159 ] Epoch: [198/200][160/282] lr: 5.02e-05 | MSE loss: 7.9035e-03 | time: 0.026
I 06.08/07:28:12 solver.py:159 ] Epoch: [198/200][180/282] lr: 5.02e-05 | MSE loss: 7.8672e-03 | time: 0.026
I 06.08/07:28:13 solver.py:159 ] Epoch: [198/200][200/282] lr: 5.02e-05 | MSE loss: 8.2002e-03 | time: 0.026
I 06.08/07:28:13 solver.py:159 ] Epoch: [198/200][220/282] lr: 5.02e-05 | MSE loss: 8.2222e-03 | time: 0.026
I 06.08/07:28:14 solver.py:159 ] Epoch: [198/200][240/282] lr: 5.02e-05 | MSE loss: 8.2211e-03 | time: 0.026
I 06.08/07:28:14 solver.py:159 ] Epoch: [198/200][260/282] lr: 5.01e-05 | MSE loss: 8.0873e-03 | time: 0.026
I 06.08/07:28:15 solver.py:159 ] Epoch: [198/200][280/282] lr: 5.01e-05 | MSE loss: 8.1493e-03 | time: 0.026
I 06.08/07:28:15 solver.py:169 ] => Train  Loss: 8.1719e-03

I 06.08/07:28:15 solver.py:405 ] [20/32] loss: 9.3614e-03 | NMSE: -1.6779e+01 | time: 0.022
I 06.08/07:28:16 solver.py:413 ] => Test NMSE: -1.7829e+01

I 06.08/07:28:16 solver.py:345 ] => LoRA monitor [epoch=198] | trainable=163840/163840 | non_lora_trainable=0 | lora_l2=1.589252e+01 | lora_A_l2=5.760953e+00 | lora_B_l2=1.481161e+01 | component_l2=fc_decoder:1.589252e+01 | lora_abs_max=2.243563e-01 | delta_l2=1.577445e+01 | delta_rel=6.847624e+00 | train_loss=8.171890e-03 | test_loss=8.242536e-03 | nmse=-1.782909e+01
I 06.08/07:28:16 solver.py:224 ] 
=! Best NMSE: -1.7829e+01 (epoch=146)

I 06.08/07:28:16 solver.py:159 ] Epoch: [199/200][20/282] lr: 5.01e-05 | MSE loss: 9.7186e-03 | time: 0.027
I 06.08/07:28:17 solver.py:159 ] Epoch: [199/200][40/282] lr: 5.01e-05 | MSE loss: 9.0444e-03 | time: 0.027
I 06.08/07:28:17 solver.py:159 ] Epoch: [199/200][60/282] lr: 5.01e-05 | MSE loss: 8.4022e-03 | time: 0.027
I 06.08/07:28:18 solver.py:159 ] Epoch: [199/200][80/282] lr: 5.01e-05 | MSE loss: 8.1821e-03 | time: 0.026
I 06.08/07:28:18 solver.py:159 ] Epoch: [199/200][100/282] lr: 5.01e-05 | MSE loss: 8.1740e-03 | time: 0.026
I 06.08/07:28:19 solver.py:159 ] Epoch: [199/200][120/282] lr: 5.01e-05 | MSE loss: 8.1738e-03 | time: 0.026
I 06.08/07:28:19 solver.py:159 ] Epoch: [199/200][140/282] lr: 5.01e-05 | MSE loss: 8.0795e-03 | time: 0.026
I 06.08/07:28:20 solver.py:159 ] Epoch: [199/200][160/282] lr: 5.01e-05 | MSE loss: 7.9457e-03 | time: 0.026
I 06.08/07:28:20 solver.py:159 ] Epoch: [199/200][180/282] lr: 5.01e-05 | MSE loss: 7.9835e-03 | time: 0.026
I 06.08/07:28:21 solver.py:159 ] Epoch: [199/200][200/282] lr: 5.01e-05 | MSE loss: 7.9857e-03 | time: 0.026
I 06.08/07:28:21 solver.py:159 ] Epoch: [199/200][220/282] lr: 5.01e-05 | MSE loss: 8.1172e-03 | time: 0.026
I 06.08/07:28:22 solver.py:159 ] Epoch: [199/200][240/282] lr: 5.00e-05 | MSE loss: 8.2160e-03 | time: 0.026
I 06.08/07:28:22 solver.py:159 ] Epoch: [199/200][260/282] lr: 5.00e-05 | MSE loss: 8.2342e-03 | time: 0.026
I 06.08/07:28:23 solver.py:159 ] Epoch: [199/200][280/282] lr: 5.00e-05 | MSE loss: 8.1791e-03 | time: 0.026
I 06.08/07:28:23 solver.py:169 ] => Train  Loss: 8.1678e-03

I 06.08/07:28:23 solver.py:405 ] [20/32] loss: 9.3615e-03 | NMSE: -1.6779e+01 | time: 0.023
I 06.08/07:28:24 solver.py:413 ] => Test NMSE: -1.7829e+01

I 06.08/07:28:24 solver.py:345 ] => LoRA monitor [epoch=199] | trainable=163840/163840 | non_lora_trainable=0 | lora_l2=1.589749e+01 | lora_A_l2=5.764556e+00 | lora_B_l2=1.481553e+01 | component_l2=fc_decoder:1.589749e+01 | lora_abs_max=2.242294e-01 | delta_l2=1.577948e+01 | delta_rel=6.849805e+00 | train_loss=8.167850e-03 | test_loss=8.242529e-03 | nmse=-1.782910e+01
I 06.08/07:28:24 solver.py:224 ] 
=! Best NMSE: -1.7829e+01 (epoch=146)

I 06.08/07:28:24 solver.py:159 ] Epoch: [200/200][20/282] lr: 5.00e-05 | MSE loss: 8.8565e-03 | time: 0.031
I 06.08/07:28:25 solver.py:159 ] Epoch: [200/200][40/282] lr: 5.00e-05 | MSE loss: 7.6425e-03 | time: 0.032
I 06.08/07:28:26 solver.py:159 ] Epoch: [200/200][60/282] lr: 5.00e-05 | MSE loss: 7.8774e-03 | time: 0.031
I 06.08/07:28:26 solver.py:159 ] Epoch: [200/200][80/282] lr: 5.00e-05 | MSE loss: 8.2369e-03 | time: 0.032
I 06.08/07:28:27 solver.py:159 ] Epoch: [200/200][100/282] lr: 5.00e-05 | MSE loss: 8.4222e-03 | time: 0.032
I 06.08/07:28:27 solver.py:159 ] Epoch: [200/200][120/282] lr: 5.00e-05 | MSE loss: 8.1507e-03 | time: 0.031
I 06.08/07:28:28 solver.py:159 ] Epoch: [200/200][140/282] lr: 5.00e-05 | MSE loss: 8.3337e-03 | time: 0.031
I 06.08/07:28:29 solver.py:159 ] Epoch: [200/200][160/282] lr: 5.00e-05 | MSE loss: 8.2576e-03 | time: 0.031
I 06.08/07:28:29 solver.py:159 ] Epoch: [200/200][180/282] lr: 5.00e-05 | MSE loss: 8.4095e-03 | time: 0.031
I 06.08/07:28:30 solver.py:159 ] Epoch: [200/200][200/282] lr: 5.00e-05 | MSE loss: 8.4796e-03 | time: 0.031
I 06.08/07:28:31 solver.py:159 ] Epoch: [200/200][220/282] lr: 5.00e-05 | MSE loss: 8.4370e-03 | time: 0.031
I 06.08/07:28:31 solver.py:159 ] Epoch: [200/200][240/282] lr: 5.00e-05 | MSE loss: 8.4459e-03 | time: 0.031
I 06.08/07:28:32 solver.py:159 ] Epoch: [200/200][260/282] lr: 5.00e-05 | MSE loss: 8.2763e-03 | time: 0.031
I 06.08/07:28:32 solver.py:159 ] Epoch: [200/200][280/282] lr: 5.00e-05 | MSE loss: 8.1601e-03 | time: 0.031
I 06.08/07:28:32 solver.py:169 ] => Train  Loss: 8.1433e-03

I 06.08/07:28:33 solver.py:159 ] Epoch: [200/200][20/32] lr: 5.00e-05 | MSE loss: 9.3614e-03 | time: 0.020
I 06.08/07:28:33 solver.py:169 ] => Val  Loss: 8.0579e-03

I 06.08/07:28:33 solver.py:405 ] [20/32] loss: 9.3614e-03 | NMSE: -1.6779e+01 | time: 0.020
I 06.08/07:28:33 solver.py:413 ] => Test NMSE: -1.7829e+01

I 06.08/07:28:33 solver.py:345 ] => LoRA monitor [epoch=200] | trainable=163840/163840 | non_lora_trainable=0 | lora_l2=1.590181e+01 | lora_A_l2=5.767654e+00 | lora_B_l2=1.481897e+01 | component_l2=fc_decoder:1.590181e+01 | lora_abs_max=2.246460e-01 | delta_l2=1.578382e+01 | delta_rel=6.851691e+00 | train_loss=8.143321e-03 | val_loss=8.057870e-03 | test_loss=8.242532e-03 | nmse=-1.782910e+01
I 06.08/07:28:33 solver.py:224 ] 
=! Best NMSE: -1.7829e+01 (epoch=146)

I 06.08/07:28:48 solver.py:247 ] => Saved encoder outputs to /home/hujiacong/zxd/Huawei/TransNet/exps/WAIRD/seed797/scenario_2/06401_fc_decoder_16_32_torch_independent/encoder_output.pth
I 06.08/07:28:48 solver.py:405 ] [20/32] loss: 9.3614e-03 | NMSE: -1.6779e+01 | time: 0.016
I 06.08/07:28:48 solver.py:413 ] => Test NMSE: -1.7829e+01

I 06.08/07:28:48 solver.py:370 ] 
=> Test result: 
loss: 8.2425e-03    NMSE: -1.7829e+01

I 06.08/07:28:48 main.py:110 ] 
=! Final test loss: 8.2425e-03
         test NMSE: -1.7829e+01

