I 06.07/16:07:26 main.py:23  ] => Experiment directory: /storage/hujiacong/zxd/Huawei/TransNet/exps/WAIRD/seed796/scenario_2/01109_fc_encoder_8_16_torch_independent
I 06.07/16:07:26 main.py:24  ] => PyTorch Version: 2.5.1
I 06.07/16:07:26 main.py:26  ] ==================================================
I 06.07/16:07:26 main.py:30  ] => Arguments:
	train_path: /storage/hujiacong/zxd/datasets/WAIRD/data/scenario_2/01109/train.pt
	val_path: /storage/hujiacong/zxd/datasets/WAIRD/data/scenario_2/01109/test.pt
	test_path: /storage/hujiacong/zxd/datasets/WAIRD/data/scenario_2/01109/test.pt
	batch_size: 256
	workers: 0
	evaluate: False
	pretrained: /storage/hujiacong/zxd/Huawei/TransNet/exps/WAIRD/seed796/base/torch_independent/checkpoints/best_nmse.pth
	resume: None
	seed: 796
	gpu: 3
	cpu: False
	cpu_affinity: None
	epochs: 400
	cr: 4
	exp_name: WAIRD/seed796/scenario_2/01109_fc_encoder_8_16_torch_independent
	channel: 2
	nt: 32
	nc: 32
	d_model: 64
	dim_feedforward: 2048
	layer_sharing: independent
	transformer_backend: torch
	scheduler: cosine
	lr_init: 0.001
	weight_decay: 0.0
	freeze_components: []
	lora_component: ['fc_encoder']
	lora_rank: 8
	lora_alpha: 16
I 06.07/16:07:26 main.py:31  ] ==================================================
I 06.07/16:07:26 init.py:15  ] Random seed set to 796
I 06.07/16:07:27 init.py:235 ] Running on GPU 3
I 06.07/16:07:28 dataloader.py:69  ] /storage/hujiacong/zxd/datasets/WAIRD/data/scenario_2/01109/train.pt loaded.
I 06.07/16:07:28 dataloader.py:74  ] /storage/hujiacong/zxd/datasets/WAIRD/data/scenario_2/01109/test.pt loaded.
I 06.07/16:07:28 dataloader.py:79  ] /storage/hujiacong/zxd/datasets/WAIRD/data/scenario_2/01109/test.pt loaded.
I 06.07/16:07:32 init.py:274 ] pretrained model loaded from /storage/hujiacong/zxd/Huawei/TransNet/exps/WAIRD/seed796/base/torch_independent/checkpoints/best_nmse.pth
I 06.07/16:07:39 init.py:193 ] => LoRA enabled on components: fc_encoder; target_modules=['fc_encoder']; target_parameters=[] (rank=8, alpha=16); 2/70 params trainable
I 06.07/16:07:39 init.py:292 ] => Model Name: TransNet [pretrained: /storage/hujiacong/zxd/Huawei/TransNet/exps/WAIRD/seed796/base/torch_independent/checkpoints/best_nmse.pth]
I 06.07/16:07:39 init.py:293 ] => Model Config: compression ratio=1/4; input shape=(2, 32, 32); input dim=2048; layer sharing=independent; transformer backend=torch
I 06.07/16:07:39 init.py:300 ] 
==================================================
PeftModel(
  (base_model): LoraModel(
    (model): Transformer(
      (encoder): TransformerEncoder(
        (layers): ModuleList(
          (0-1): 2 x TransformerEncoderLayer(
            (self_attn): MultiheadAttention(
              (out_proj): NonDynamicallyQuantizableLinear(in_features=64, out_features=64, bias=True)
            )
            (linear1): Linear(in_features=64, out_features=2048, bias=True)
            (dropout): Dropout(p=0.0, inplace=False)
            (linear2): Linear(in_features=2048, out_features=64, bias=True)
            (norm1): LayerNorm((64,), eps=1e-05, elementwise_affine=True)
            (norm2): LayerNorm((64,), eps=1e-05, elementwise_affine=True)
            (dropout1): Dropout(p=0.0, inplace=False)
            (dropout2): Dropout(p=0.0, inplace=False)
          )
        )
        (norm): LayerNorm((64,), eps=1e-05, elementwise_affine=True)
      )
      (decoder): TransformerDecoder(
        (layers): ModuleList(
          (0-1): 2 x TransformerDecoderLayer(
            (self_attn): MultiheadAttention(
              (out_proj): NonDynamicallyQuantizableLinear(in_features=64, out_features=64, bias=True)
            )
            (multihead_attn): MultiheadAttention(
              (out_proj): NonDynamicallyQuantizableLinear(in_features=64, out_features=64, bias=True)
            )
            (linear1): Linear(in_features=64, out_features=2048, bias=True)
            (dropout): Dropout(p=0.0, inplace=False)
            (linear2): Linear(in_features=2048, out_features=64, bias=True)
            (norm1): LayerNorm((64,), eps=1e-05, elementwise_affine=True)
            (norm2): LayerNorm((64,), eps=1e-05, elementwise_affine=True)
            (norm3): LayerNorm((64,), eps=1e-05, elementwise_affine=True)
            (dropout1): Dropout(p=0.0, inplace=False)
            (dropout2): Dropout(p=0.0, inplace=False)
            (dropout3): Dropout(p=0.0, inplace=False)
          )
        )
        (norm): LayerNorm((64,), eps=1e-05, elementwise_affine=True)
      )
      (fc_encoder): lora.Linear(
        (base_layer): Linear(in_features=2048, out_features=512, bias=True)
        (lora_dropout): ModuleDict(
          (default): Identity()
        )
        (lora_A): ModuleDict(
          (default): Linear(in_features=2048, out_features=8, bias=False)
        )
        (lora_B): ModuleDict(
          (default): Linear(in_features=8, out_features=512, bias=False)
        )
        (lora_embedding_A): ParameterDict()
        (lora_embedding_B): ParameterDict()
        (lora_magnitude_vector): ModuleDict()
      )
      (fc_decoder): Linear(in_features=512, out_features=2048, bias=True)
    )
  )
)
==================================================

I 06.07/16:07:39 init.py:215 ] 
base_model.model.encoder.layers.0.self_attn.in_proj_weight        False    (192, 64)
base_model.model.encoder.layers.0.self_attn.in_proj_bias          False    (192,)
base_model.model.encoder.layers.0.self_attn.out_proj.weight       False    (64, 64)
base_model.model.encoder.layers.0.self_attn.out_proj.bias         False    (64,)
base_model.model.encoder.layers.0.linear1.weight                  False    (2048, 64)
base_model.model.encoder.layers.0.linear1.bias                    False    (2048,)
base_model.model.encoder.layers.0.linear2.weight                  False    (64, 2048)
base_model.model.encoder.layers.0.linear2.bias                    False    (64,)
base_model.model.encoder.layers.0.norm1.weight                    False    (64,)
base_model.model.encoder.layers.0.norm1.bias                      False    (64,)
base_model.model.encoder.layers.0.norm2.weight                    False    (64,)
base_model.model.encoder.layers.0.norm2.bias                      False    (64,)
base_model.model.encoder.layers.1.self_attn.in_proj_weight        False    (192, 64)
base_model.model.encoder.layers.1.self_attn.in_proj_bias          False    (192,)
base_model.model.encoder.layers.1.self_attn.out_proj.weight       False    (64, 64)
base_model.model.encoder.layers.1.self_attn.out_proj.bias         False    (64,)
base_model.model.encoder.layers.1.linear1.weight                  False    (2048, 64)
base_model.model.encoder.layers.1.linear1.bias                    False    (2048,)
base_model.model.encoder.layers.1.linear2.weight                  False    (64, 2048)
base_model.model.encoder.layers.1.linear2.bias                    False    (64,)
base_model.model.encoder.layers.1.norm1.weight                    False    (64,)
base_model.model.encoder.layers.1.norm1.bias                      False    (64,)
base_model.model.encoder.layers.1.norm2.weight                    False    (64,)
base_model.model.encoder.layers.1.norm2.bias                      False    (64,)
base_model.model.encoder.norm.weight                              False    (64,)
base_model.model.encoder.norm.bias                                False    (64,)
base_model.model.decoder.layers.0.self_attn.in_proj_weight        False    (192, 64)
base_model.model.decoder.layers.0.self_attn.in_proj_bias          False    (192,)
base_model.model.decoder.layers.0.self_attn.out_proj.weight       False    (64, 64)
base_model.model.decoder.layers.0.self_attn.out_proj.bias         False    (64,)
base_model.model.decoder.layers.0.multihead_attn.in_proj_weight   False    (192, 64)
base_model.model.decoder.layers.0.multihead_attn.in_proj_bias     False    (192,)
base_model.model.decoder.layers.0.multihead_attn.out_proj.weight  False    (64, 64)
base_model.model.decoder.layers.0.multihead_attn.out_proj.bias    False    (64,)
base_model.model.decoder.layers.0.linear1.weight                  False    (2048, 64)
base_model.model.decoder.layers.0.linear1.bias                    False    (2048,)
base_model.model.decoder.layers.0.linear2.weight                  False    (64, 2048)
base_model.model.decoder.layers.0.linear2.bias                    False    (64,)
base_model.model.decoder.layers.0.norm1.weight                    False    (64,)
base_model.model.decoder.layers.0.norm1.bias                      False    (64,)
base_model.model.decoder.layers.0.norm2.weight                    False    (64,)
base_model.model.decoder.layers.0.norm2.bias                      False    (64,)
base_model.model.decoder.layers.0.norm3.weight                    False    (64,)
base_model.model.decoder.layers.0.norm3.bias                      False    (64,)
base_model.model.decoder.layers.1.self_attn.in_proj_weight        False    (192, 64)
base_model.model.decoder.layers.1.self_attn.in_proj_bias          False    (192,)
base_model.model.decoder.layers.1.self_attn.out_proj.weight       False    (64, 64)
base_model.model.decoder.layers.1.self_attn.out_proj.bias         False    (64,)
base_model.model.decoder.layers.1.multihead_attn.in_proj_weight   False    (192, 64)
base_model.model.decoder.layers.1.multihead_attn.in_proj_bias     False    (192,)
base_model.model.decoder.layers.1.multihead_attn.out_proj.weight  False    (64, 64)
base_model.model.decoder.layers.1.multihead_attn.out_proj.bias    False    (64,)
base_model.model.decoder.layers.1.linear1.weight                  False    (2048, 64)
base_model.model.decoder.layers.1.linear1.bias                    False    (2048,)
base_model.model.decoder.layers.1.linear2.weight                  False    (64, 2048)
base_model.model.decoder.layers.1.linear2.bias                    False    (64,)
base_model.model.decoder.layers.1.norm1.weight                    False    (64,)
base_model.model.decoder.layers.1.norm1.bias                      False    (64,)
base_model.model.decoder.layers.1.norm2.weight                    False    (64,)
base_model.model.decoder.layers.1.norm2.bias                      False    (64,)
base_model.model.decoder.layers.1.norm3.weight                    False    (64,)
base_model.model.decoder.layers.1.norm3.bias                      False    (64,)
base_model.model.decoder.norm.weight                              False    (64,)
base_model.model.decoder.norm.bias                                False    (64,)
base_model.model.fc_encoder.base_layer.weight                     False    (512, 2048)
base_model.model.fc_encoder.base_layer.bias                       False    (512,)
base_model.model.fc_encoder.lora_A.default.weight                 True     (8, 2048)
base_model.model.fc_encoder.lora_B.default.weight                 True     (512, 8)
base_model.model.fc_decoder.weight                                False    (2048, 512)
base_model.model.fc_decoder.bias                                  False    (2048,)
==================================================
I 06.07/16:07:42 solver.py:141 ] Epoch: [1/400][20/36] lr: 1.39e-05 | MSE loss: 7.1516e-03 | time: 0.130
I 06.07/16:07:44 solver.py:151 ] => Train  Loss: 6.7519e-03

I 06.07/16:07:46 solver.py:141 ] Epoch: [2/400][20/36] lr: 3.89e-05 | MSE loss: 6.6734e-03 | time: 0.090
I 06.07/16:07:47 solver.py:151 ] => Train  Loss: 6.7739e-03

I 06.07/16:07:49 solver.py:141 ] Epoch: [3/400][20/36] lr: 6.39e-05 | MSE loss: 7.0597e-03 | time: 0.095
I 06.07/16:07:51 solver.py:151 ] => Train  Loss: 6.9150e-03

I 06.07/16:07:52 solver.py:141 ] Epoch: [4/400][20/36] lr: 8.89e-05 | MSE loss: 7.2962e-03 | time: 0.091
I 06.07/16:07:54 solver.py:151 ] => Train  Loss: 6.8735e-03

I 06.07/16:07:56 solver.py:141 ] Epoch: [5/400][20/36] lr: 1.14e-04 | MSE loss: 6.9779e-03 | time: 0.095
I 06.07/16:07:57 solver.py:151 ] => Train  Loss: 6.8494e-03

I 06.07/16:07:59 solver.py:141 ] Epoch: [6/400][20/36] lr: 1.39e-04 | MSE loss: 7.0250e-03 | time: 0.088
I 06.07/16:08:00 solver.py:151 ] => Train  Loss: 7.0067e-03

I 06.07/16:08:04 solver.py:141 ] Epoch: [7/400][20/36] lr: 1.64e-04 | MSE loss: 7.2418e-03 | time: 0.161
I 06.07/16:08:05 solver.py:151 ] => Train  Loss: 6.9912e-03

I 06.07/16:08:07 solver.py:141 ] Epoch: [8/400][20/36] lr: 1.89e-04 | MSE loss: 7.0800e-03 | time: 0.069
I 06.07/16:08:08 solver.py:151 ] => Train  Loss: 7.0588e-03

I 06.07/16:08:09 solver.py:141 ] Epoch: [9/400][20/36] lr: 2.14e-04 | MSE loss: 6.8501e-03 | time: 0.078
I 06.07/16:08:10 solver.py:151 ] => Train  Loss: 6.8005e-03

I 06.07/16:08:12 solver.py:141 ] Epoch: [10/400][20/36] lr: 2.39e-04 | MSE loss: 6.9517e-03 | time: 0.063
I 06.07/16:08:13 solver.py:151 ] => Train  Loss: 6.9693e-03

I 06.07/16:08:13 solver.py:151 ] => Val  Loss: 6.2954e-03

I 06.07/16:08:13 solver.py:285 ] => Test NMSE: -1.9258e+01

I 06.07/16:08:13 solver.py:206 ] 
=! Best NMSE: -1.9258e+01 (epoch=10)

I 06.07/16:08:15 solver.py:141 ] Epoch: [11/400][20/36] lr: 2.64e-04 | MSE loss: 6.2385e-03 | time: 0.079
I 06.07/16:08:16 solver.py:151 ] => Train  Loss: 7.2093e-03

I 06.07/16:08:16 solver.py:206 ] 
=! Best NMSE: -1.9258e+01 (epoch=10)

I 06.07/16:08:17 solver.py:141 ] Epoch: [12/400][20/36] lr: 2.89e-04 | MSE loss: 6.9597e-03 | time: 0.068
I 06.07/16:08:18 solver.py:151 ] => Train  Loss: 6.7343e-03

I 06.07/16:08:18 solver.py:206 ] 
=! Best NMSE: -1.9258e+01 (epoch=10)

I 06.07/16:08:20 solver.py:141 ] Epoch: [13/400][20/36] lr: 3.14e-04 | MSE loss: 6.7273e-03 | time: 0.072
I 06.07/16:08:21 solver.py:151 ] => Train  Loss: 6.9810e-03

I 06.07/16:08:21 solver.py:206 ] 
=! Best NMSE: -1.9258e+01 (epoch=10)

I 06.07/16:08:23 solver.py:141 ] Epoch: [14/400][20/36] lr: 3.39e-04 | MSE loss: 6.4473e-03 | time: 0.080
I 06.07/16:08:24 solver.py:151 ] => Train  Loss: 6.7432e-03

I 06.07/16:08:24 solver.py:206 ] 
=! Best NMSE: -1.9258e+01 (epoch=10)

I 06.07/16:08:26 solver.py:141 ] Epoch: [15/400][20/36] lr: 3.64e-04 | MSE loss: 6.7893e-03 | time: 0.078
I 06.07/16:08:27 solver.py:151 ] => Train  Loss: 6.7373e-03

I 06.07/16:08:27 solver.py:206 ] 
=! Best NMSE: -1.9258e+01 (epoch=10)

I 06.07/16:08:28 solver.py:141 ] Epoch: [16/400][20/36] lr: 3.89e-04 | MSE loss: 6.7149e-03 | time: 0.072
I 06.07/16:08:29 solver.py:151 ] => Train  Loss: 6.8127e-03

I 06.07/16:08:29 solver.py:206 ] 
=! Best NMSE: -1.9258e+01 (epoch=10)

I 06.07/16:08:31 solver.py:141 ] Epoch: [17/400][20/36] lr: 4.14e-04 | MSE loss: 6.8850e-03 | time: 0.073
I 06.07/16:08:32 solver.py:151 ] => Train  Loss: 6.9860e-03

I 06.07/16:08:32 solver.py:206 ] 
=! Best NMSE: -1.9258e+01 (epoch=10)

I 06.07/16:08:34 solver.py:141 ] Epoch: [18/400][20/36] lr: 4.39e-04 | MSE loss: 6.4893e-03 | time: 0.093
I 06.07/16:08:35 solver.py:151 ] => Train  Loss: 6.8243e-03

I 06.07/16:08:35 solver.py:206 ] 
=! Best NMSE: -1.9258e+01 (epoch=10)

I 06.07/16:08:37 solver.py:141 ] Epoch: [19/400][20/36] lr: 4.64e-04 | MSE loss: 6.7644e-03 | time: 0.081
I 06.07/16:08:38 solver.py:151 ] => Train  Loss: 6.7577e-03

I 06.07/16:08:38 solver.py:206 ] 
=! Best NMSE: -1.9258e+01 (epoch=10)

I 06.07/16:08:40 solver.py:141 ] Epoch: [20/400][20/36] lr: 4.89e-04 | MSE loss: 7.0573e-03 | time: 0.081
I 06.07/16:08:41 solver.py:151 ] => Train  Loss: 6.9007e-03

I 06.07/16:08:41 solver.py:151 ] => Val  Loss: 6.2948e-03

I 06.07/16:08:41 solver.py:285 ] => Test NMSE: -1.9259e+01

I 06.07/16:08:41 solver.py:206 ] 
=! Best NMSE: -1.9259e+01 (epoch=20)

I 06.07/16:08:43 solver.py:141 ] Epoch: [21/400][20/36] lr: 5.14e-04 | MSE loss: 6.9058e-03 | time: 0.085
I 06.07/16:08:45 solver.py:151 ] => Train  Loss: 6.7499e-03

I 06.07/16:08:45 solver.py:206 ] 
=! Best NMSE: -1.9259e+01 (epoch=20)

I 06.07/16:08:46 solver.py:141 ] Epoch: [22/400][20/36] lr: 5.39e-04 | MSE loss: 6.6462e-03 | time: 0.088
I 06.07/16:08:48 solver.py:151 ] => Train  Loss: 6.7458e-03

I 06.07/16:08:48 solver.py:206 ] 
=! Best NMSE: -1.9259e+01 (epoch=20)

I 06.07/16:08:50 solver.py:141 ] Epoch: [23/400][20/36] lr: 5.64e-04 | MSE loss: 7.0430e-03 | time: 0.096
I 06.07/16:08:51 solver.py:151 ] => Train  Loss: 6.7504e-03

I 06.07/16:08:51 solver.py:206 ] 
=! Best NMSE: -1.9259e+01 (epoch=20)

I 06.07/16:08:53 solver.py:141 ] Epoch: [24/400][20/36] lr: 5.89e-04 | MSE loss: 6.9522e-03 | time: 0.104
I 06.07/16:08:55 solver.py:151 ] => Train  Loss: 6.7524e-03

I 06.07/16:08:55 solver.py:206 ] 
=! Best NMSE: -1.9259e+01 (epoch=20)

I 06.07/16:08:57 solver.py:141 ] Epoch: [25/400][20/36] lr: 6.14e-04 | MSE loss: 7.0492e-03 | time: 0.097
I 06.07/16:08:58 solver.py:151 ] => Train  Loss: 6.7334e-03

I 06.07/16:08:58 solver.py:206 ] 
=! Best NMSE: -1.9259e+01 (epoch=20)

I 06.07/16:09:00 solver.py:141 ] Epoch: [26/400][20/36] lr: 6.39e-04 | MSE loss: 6.9347e-03 | time: 0.094
I 06.07/16:09:03 solver.py:151 ] => Train  Loss: 6.7587e-03

I 06.07/16:09:03 solver.py:206 ] 
=! Best NMSE: -1.9259e+01 (epoch=20)

I 06.07/16:09:05 solver.py:141 ] Epoch: [27/400][20/36] lr: 6.64e-04 | MSE loss: 6.6857e-03 | time: 0.097
I 06.07/16:09:07 solver.py:151 ] => Train  Loss: 6.8910e-03

I 06.07/16:09:07 solver.py:206 ] 
=! Best NMSE: -1.9259e+01 (epoch=20)

I 06.07/16:09:08 solver.py:141 ] Epoch: [28/400][20/36] lr: 6.89e-04 | MSE loss: 6.7866e-03 | time: 0.086
I 06.07/16:09:10 solver.py:151 ] => Train  Loss: 6.8833e-03

I 06.07/16:09:10 solver.py:206 ] 
=! Best NMSE: -1.9259e+01 (epoch=20)

I 06.07/16:09:11 solver.py:141 ] Epoch: [29/400][20/36] lr: 7.14e-04 | MSE loss: 6.6972e-03 | time: 0.088
I 06.07/16:09:13 solver.py:151 ] => Train  Loss: 6.7345e-03

I 06.07/16:09:13 solver.py:206 ] 
=! Best NMSE: -1.9259e+01 (epoch=20)

I 06.07/16:09:15 solver.py:141 ] Epoch: [30/400][20/36] lr: 7.39e-04 | MSE loss: 7.0224e-03 | time: 0.093
I 06.07/16:09:16 solver.py:151 ] => Train  Loss: 6.8299e-03

I 06.07/16:09:16 solver.py:151 ] => Val  Loss: 6.2935e-03

I 06.07/16:09:17 solver.py:285 ] => Test NMSE: -1.9260e+01

I 06.07/16:09:17 solver.py:206 ] 
=! Best NMSE: -1.9260e+01 (epoch=30)

I 06.07/16:09:19 solver.py:141 ] Epoch: [31/400][20/36] lr: 7.64e-04 | MSE loss: 6.9132e-03 | time: 0.092
I 06.07/16:09:20 solver.py:151 ] => Train  Loss: 6.8017e-03

I 06.07/16:09:20 solver.py:206 ] 
=! Best NMSE: -1.9260e+01 (epoch=30)

I 06.07/16:09:22 solver.py:141 ] Epoch: [32/400][20/36] lr: 7.89e-04 | MSE loss: 6.7218e-03 | time: 0.102
I 06.07/16:09:24 solver.py:151 ] => Train  Loss: 6.8558e-03

I 06.07/16:09:24 solver.py:206 ] 
=! Best NMSE: -1.9260e+01 (epoch=30)

I 06.07/16:09:26 solver.py:141 ] Epoch: [33/400][20/36] lr: 8.14e-04 | MSE loss: 7.1023e-03 | time: 0.097
I 06.07/16:09:27 solver.py:151 ] => Train  Loss: 6.9870e-03

I 06.07/16:09:27 solver.py:206 ] 
=! Best NMSE: -1.9260e+01 (epoch=30)

I 06.07/16:09:29 solver.py:141 ] Epoch: [34/400][20/36] lr: 8.39e-04 | MSE loss: 6.6251e-03 | time: 0.092
I 06.07/16:09:31 solver.py:151 ] => Train  Loss: 6.8982e-03

I 06.07/16:09:31 solver.py:206 ] 
=! Best NMSE: -1.9260e+01 (epoch=30)

I 06.07/16:09:33 solver.py:141 ] Epoch: [35/400][20/36] lr: 8.64e-04 | MSE loss: 7.0846e-03 | time: 0.102
I 06.07/16:09:34 solver.py:151 ] => Train  Loss: 6.8614e-03

I 06.07/16:09:34 solver.py:206 ] 
=! Best NMSE: -1.9260e+01 (epoch=30)

I 06.07/16:09:36 solver.py:141 ] Epoch: [36/400][20/36] lr: 8.89e-04 | MSE loss: 7.2480e-03 | time: 0.103
I 06.07/16:09:38 solver.py:151 ] => Train  Loss: 6.7824e-03

I 06.07/16:09:38 solver.py:206 ] 
=! Best NMSE: -1.9260e+01 (epoch=30)

I 06.07/16:09:40 solver.py:141 ] Epoch: [37/400][20/36] lr: 9.14e-04 | MSE loss: 6.9921e-03 | time: 0.121
I 06.07/16:09:42 solver.py:151 ] => Train  Loss: 6.8521e-03

I 06.07/16:09:42 solver.py:206 ] 
=! Best NMSE: -1.9260e+01 (epoch=30)

I 06.07/16:09:45 solver.py:141 ] Epoch: [38/400][20/36] lr: 9.39e-04 | MSE loss: 6.8353e-03 | time: 0.123
I 06.07/16:09:47 solver.py:151 ] => Train  Loss: 6.8550e-03

I 06.07/16:09:47 solver.py:206 ] 
=! Best NMSE: -1.9260e+01 (epoch=30)

I 06.07/16:09:49 solver.py:141 ] Epoch: [39/400][20/36] lr: 9.64e-04 | MSE loss: 7.1394e-03 | time: 0.135
I 06.07/16:09:51 solver.py:151 ] => Train  Loss: 6.8821e-03

I 06.07/16:09:51 solver.py:206 ] 
=! Best NMSE: -1.9260e+01 (epoch=30)

I 06.07/16:09:54 solver.py:141 ] Epoch: [40/400][20/36] lr: 9.89e-04 | MSE loss: 6.3628e-03 | time: 0.137
I 06.07/16:09:56 solver.py:151 ] => Train  Loss: 6.8709e-03

I 06.07/16:09:56 solver.py:151 ] => Val  Loss: 6.2929e-03

I 06.07/16:09:57 solver.py:285 ] => Test NMSE: -1.9260e+01

I 06.07/16:09:57 solver.py:206 ] 
=! Best NMSE: -1.9260e+01 (epoch=40)

I 06.07/16:09:59 solver.py:141 ] Epoch: [41/400][20/36] lr: 1.00e-03 | MSE loss: 6.7519e-03 | time: 0.124
I 06.07/16:10:02 solver.py:151 ] => Train  Loss: 6.8333e-03

I 06.07/16:10:02 solver.py:206 ] 
=! Best NMSE: -1.9260e+01 (epoch=40)

I 06.07/16:10:06 solver.py:141 ] Epoch: [42/400][20/36] lr: 1.00e-03 | MSE loss: 7.2910e-03 | time: 0.187
I 06.07/16:10:08 solver.py:151 ] => Train  Loss: 7.0980e-03

I 06.07/16:10:08 solver.py:206 ] 
=! Best NMSE: -1.9260e+01 (epoch=40)

I 06.07/16:10:11 solver.py:141 ] Epoch: [43/400][20/36] lr: 1.00e-03 | MSE loss: 7.1010e-03 | time: 0.138
I 06.07/16:10:13 solver.py:151 ] => Train  Loss: 6.8123e-03

I 06.07/16:10:13 solver.py:206 ] 
=! Best NMSE: -1.9260e+01 (epoch=40)

I 06.07/16:10:16 solver.py:141 ] Epoch: [44/400][20/36] lr: 1.00e-03 | MSE loss: 7.0030e-03 | time: 0.138
I 06.07/16:10:19 solver.py:151 ] => Train  Loss: 6.9311e-03

I 06.07/16:10:19 solver.py:206 ] 
=! Best NMSE: -1.9260e+01 (epoch=40)

I 06.07/16:10:22 solver.py:141 ] Epoch: [45/400][20/36] lr: 1.00e-03 | MSE loss: 6.8965e-03 | time: 0.147
I 06.07/16:10:24 solver.py:151 ] => Train  Loss: 6.9559e-03

I 06.07/16:10:24 solver.py:206 ] 
=! Best NMSE: -1.9260e+01 (epoch=40)

I 06.07/16:10:27 solver.py:141 ] Epoch: [46/400][20/36] lr: 9.99e-04 | MSE loss: 6.9956e-03 | time: 0.142
I 06.07/16:10:29 solver.py:151 ] => Train  Loss: 6.8788e-03

I 06.07/16:10:29 solver.py:206 ] 
=! Best NMSE: -1.9260e+01 (epoch=40)

I 06.07/16:10:32 solver.py:141 ] Epoch: [47/400][20/36] lr: 9.99e-04 | MSE loss: 6.6131e-03 | time: 0.164
I 06.07/16:10:34 solver.py:151 ] => Train  Loss: 6.8523e-03

I 06.07/16:10:34 solver.py:206 ] 
=! Best NMSE: -1.9260e+01 (epoch=40)

I 06.07/16:10:38 solver.py:141 ] Epoch: [48/400][20/36] lr: 9.99e-04 | MSE loss: 6.6457e-03 | time: 0.151
I 06.07/16:10:40 solver.py:151 ] => Train  Loss: 6.7342e-03

I 06.07/16:10:40 solver.py:206 ] 
=! Best NMSE: -1.9260e+01 (epoch=40)

I 06.07/16:10:43 solver.py:141 ] Epoch: [49/400][20/36] lr: 9.99e-04 | MSE loss: 6.6547e-03 | time: 0.137
I 06.07/16:10:45 solver.py:151 ] => Train  Loss: 6.7967e-03

I 06.07/16:10:45 solver.py:206 ] 
=! Best NMSE: -1.9260e+01 (epoch=40)

I 06.07/16:10:48 solver.py:141 ] Epoch: [50/400][20/36] lr: 9.98e-04 | MSE loss: 6.8269e-03 | time: 0.137
I 06.07/16:10:50 solver.py:151 ] => Train  Loss: 6.7498e-03

I 06.07/16:10:51 solver.py:151 ] => Val  Loss: 6.2925e-03

I 06.07/16:10:51 solver.py:285 ] => Test NMSE: -1.9261e+01

I 06.07/16:10:51 solver.py:206 ] 
=! Best NMSE: -1.9261e+01 (epoch=50)

I 06.07/16:10:55 solver.py:141 ] Epoch: [51/400][20/36] lr: 9.98e-04 | MSE loss: 6.7149e-03 | time: 0.155
I 06.07/16:10:57 solver.py:151 ] => Train  Loss: 6.7364e-03

I 06.07/16:10:57 solver.py:206 ] 
=! Best NMSE: -1.9261e+01 (epoch=50)

I 06.07/16:11:01 solver.py:141 ] Epoch: [52/400][20/36] lr: 9.98e-04 | MSE loss: 6.9256e-03 | time: 0.189
I 06.07/16:11:05 solver.py:151 ] => Train  Loss: 6.8566e-03

I 06.07/16:11:05 solver.py:206 ] 
=! Best NMSE: -1.9261e+01 (epoch=50)

I 06.07/16:11:08 solver.py:141 ] Epoch: [53/400][20/36] lr: 9.97e-04 | MSE loss: 7.4436e-03 | time: 0.159
I 06.07/16:11:10 solver.py:151 ] => Train  Loss: 6.9887e-03

I 06.07/16:11:10 solver.py:206 ] 
=! Best NMSE: -1.9261e+01 (epoch=50)

I 06.07/16:11:13 solver.py:141 ] Epoch: [54/400][20/36] lr: 9.97e-04 | MSE loss: 6.8083e-03 | time: 0.137
I 06.07/16:11:15 solver.py:151 ] => Train  Loss: 6.9141e-03

I 06.07/16:11:15 solver.py:206 ] 
=! Best NMSE: -1.9261e+01 (epoch=50)

I 06.07/16:11:18 solver.py:141 ] Epoch: [55/400][20/36] lr: 9.96e-04 | MSE loss: 7.2392e-03 | time: 0.147
I 06.07/16:11:20 solver.py:151 ] => Train  Loss: 6.9633e-03

I 06.07/16:11:20 solver.py:206 ] 
=! Best NMSE: -1.9261e+01 (epoch=50)

I 06.07/16:11:23 solver.py:141 ] Epoch: [56/400][20/36] lr: 9.96e-04 | MSE loss: 7.4797e-03 | time: 0.153
I 06.07/16:11:26 solver.py:151 ] => Train  Loss: 6.8429e-03

I 06.07/16:11:26 solver.py:206 ] 
=! Best NMSE: -1.9261e+01 (epoch=50)

I 06.07/16:11:29 solver.py:141 ] Epoch: [57/400][20/36] lr: 9.95e-04 | MSE loss: 6.8564e-03 | time: 0.150
I 06.07/16:11:31 solver.py:151 ] => Train  Loss: 7.0192e-03

I 06.07/16:11:31 solver.py:206 ] 
=! Best NMSE: -1.9261e+01 (epoch=50)

I 06.07/16:11:34 solver.py:141 ] Epoch: [58/400][20/36] lr: 9.94e-04 | MSE loss: 6.1880e-03 | time: 0.141
I 06.07/16:11:36 solver.py:151 ] => Train  Loss: 7.1660e-03

I 06.07/16:11:36 solver.py:206 ] 
=! Best NMSE: -1.9261e+01 (epoch=50)

I 06.07/16:11:39 solver.py:141 ] Epoch: [59/400][20/36] lr: 9.94e-04 | MSE loss: 7.1886e-03 | time: 0.164
I 06.07/16:11:41 solver.py:151 ] => Train  Loss: 6.8549e-03

I 06.07/16:11:41 solver.py:206 ] 
=! Best NMSE: -1.9261e+01 (epoch=50)

I 06.07/16:11:44 solver.py:141 ] Epoch: [60/400][20/36] lr: 9.93e-04 | MSE loss: 6.2002e-03 | time: 0.148
I 06.07/16:11:46 solver.py:151 ] => Train  Loss: 6.8956e-03

I 06.07/16:11:47 solver.py:151 ] => Val  Loss: 6.2928e-03

I 06.07/16:11:47 solver.py:285 ] => Test NMSE: -1.9260e+01

I 06.07/16:11:47 solver.py:206 ] 
=! Best NMSE: -1.9261e+01 (epoch=50)

I 06.07/16:11:50 solver.py:141 ] Epoch: [61/400][20/36] lr: 9.92e-04 | MSE loss: 6.4726e-03 | time: 0.149
I 06.07/16:11:53 solver.py:151 ] => Train  Loss: 6.9543e-03

I 06.07/16:11:53 solver.py:206 ] 
=! Best NMSE: -1.9261e+01 (epoch=50)

I 06.07/16:11:55 solver.py:141 ] Epoch: [62/400][20/36] lr: 9.92e-04 | MSE loss: 6.6596e-03 | time: 0.148
I 06.07/16:11:58 solver.py:151 ] => Train  Loss: 6.8254e-03

I 06.07/16:11:58 solver.py:206 ] 
=! Best NMSE: -1.9261e+01 (epoch=50)

I 06.07/16:12:01 solver.py:141 ] Epoch: [63/400][20/36] lr: 9.91e-04 | MSE loss: 7.0802e-03 | time: 0.176
I 06.07/16:12:05 solver.py:151 ] => Train  Loss: 6.8159e-03

I 06.07/16:12:05 solver.py:206 ] 
=! Best NMSE: -1.9261e+01 (epoch=50)

I 06.07/16:12:08 solver.py:141 ] Epoch: [64/400][20/36] lr: 9.90e-04 | MSE loss: 6.6023e-03 | time: 0.138
I 06.07/16:12:10 solver.py:151 ] => Train  Loss: 6.9640e-03

I 06.07/16:12:10 solver.py:206 ] 
=! Best NMSE: -1.9261e+01 (epoch=50)

I 06.07/16:12:13 solver.py:141 ] Epoch: [65/400][20/36] lr: 9.89e-04 | MSE loss: 6.8001e-03 | time: 0.142
I 06.07/16:12:15 solver.py:151 ] => Train  Loss: 6.8459e-03

I 06.07/16:12:15 solver.py:206 ] 
=! Best NMSE: -1.9261e+01 (epoch=50)

I 06.07/16:12:18 solver.py:141 ] Epoch: [66/400][20/36] lr: 9.88e-04 | MSE loss: 6.9598e-03 | time: 0.155
I 06.07/16:12:20 solver.py:151 ] => Train  Loss: 7.0198e-03

I 06.07/16:12:20 solver.py:206 ] 
=! Best NMSE: -1.9261e+01 (epoch=50)

I 06.07/16:12:23 solver.py:141 ] Epoch: [67/400][20/36] lr: 9.87e-04 | MSE loss: 6.8521e-03 | time: 0.151
I 06.07/16:12:26 solver.py:151 ] => Train  Loss: 6.7674e-03

I 06.07/16:12:26 solver.py:206 ] 
=! Best NMSE: -1.9261e+01 (epoch=50)

I 06.07/16:12:29 solver.py:141 ] Epoch: [68/400][20/36] lr: 9.86e-04 | MSE loss: 6.9634e-03 | time: 0.154
I 06.07/16:12:31 solver.py:151 ] => Train  Loss: 6.8196e-03

I 06.07/16:12:31 solver.py:206 ] 
=! Best NMSE: -1.9261e+01 (epoch=50)

I 06.07/16:12:34 solver.py:141 ] Epoch: [69/400][20/36] lr: 9.85e-04 | MSE loss: 6.7452e-03 | time: 0.144
I 06.07/16:12:36 solver.py:151 ] => Train  Loss: 6.7384e-03

I 06.07/16:12:36 solver.py:206 ] 
=! Best NMSE: -1.9261e+01 (epoch=50)

I 06.07/16:12:39 solver.py:141 ] Epoch: [70/400][20/36] lr: 9.84e-04 | MSE loss: 6.3352e-03 | time: 0.157
I 06.07/16:12:41 solver.py:151 ] => Train  Loss: 6.9962e-03

I 06.07/16:12:41 solver.py:151 ] => Val  Loss: 6.2923e-03

I 06.07/16:12:42 solver.py:285 ] => Test NMSE: -1.9261e+01

I 06.07/16:12:42 solver.py:206 ] 
=! Best NMSE: -1.9261e+01 (epoch=70)

I 06.07/16:12:45 solver.py:141 ] Epoch: [71/400][20/36] lr: 9.83e-04 | MSE loss: 6.6424e-03 | time: 0.148
I 06.07/16:12:47 solver.py:151 ] => Train  Loss: 6.9099e-03

I 06.07/16:12:47 solver.py:206 ] 
=! Best NMSE: -1.9261e+01 (epoch=70)

I 06.07/16:12:50 solver.py:141 ] Epoch: [72/400][20/36] lr: 9.82e-04 | MSE loss: 6.4673e-03 | time: 0.153
I 06.07/16:12:53 solver.py:151 ] => Train  Loss: 6.8667e-03

I 06.07/16:12:53 solver.py:206 ] 
=! Best NMSE: -1.9261e+01 (epoch=70)

I 06.07/16:12:56 solver.py:141 ] Epoch: [73/400][20/36] lr: 9.81e-04 | MSE loss: 6.6069e-03 | time: 0.171
I 06.07/16:12:58 solver.py:151 ] => Train  Loss: 6.7822e-03

I 06.07/16:12:58 solver.py:206 ] 
=! Best NMSE: -1.9261e+01 (epoch=70)

I 06.07/16:13:02 solver.py:141 ] Epoch: [74/400][20/36] lr: 9.80e-04 | MSE loss: 6.3183e-03 | time: 0.202
I 06.07/16:13:05 solver.py:151 ] => Train  Loss: 6.7724e-03

I 06.07/16:13:05 solver.py:206 ] 
=! Best NMSE: -1.9261e+01 (epoch=70)

I 06.07/16:13:08 solver.py:141 ] Epoch: [75/400][20/36] lr: 9.79e-04 | MSE loss: 6.9211e-03 | time: 0.149
I 06.07/16:13:11 solver.py:151 ] => Train  Loss: 6.7851e-03

I 06.07/16:13:11 solver.py:206 ] 
=! Best NMSE: -1.9261e+01 (epoch=70)

I 06.07/16:13:14 solver.py:141 ] Epoch: [76/400][20/36] lr: 9.77e-04 | MSE loss: 6.6554e-03 | time: 0.162
I 06.07/16:13:16 solver.py:151 ] => Train  Loss: 6.8959e-03

I 06.07/16:13:16 solver.py:206 ] 
=! Best NMSE: -1.9261e+01 (epoch=70)

I 06.07/16:13:19 solver.py:141 ] Epoch: [77/400][20/36] lr: 9.76e-04 | MSE loss: 6.5268e-03 | time: 0.146
I 06.07/16:13:21 solver.py:151 ] => Train  Loss: 6.9707e-03

I 06.07/16:13:21 solver.py:206 ] 
=! Best NMSE: -1.9261e+01 (epoch=70)

I 06.07/16:13:24 solver.py:141 ] Epoch: [78/400][20/36] lr: 9.75e-04 | MSE loss: 7.1269e-03 | time: 0.158
I 06.07/16:13:27 solver.py:151 ] => Train  Loss: 6.9209e-03

I 06.07/16:13:27 solver.py:206 ] 
=! Best NMSE: -1.9261e+01 (epoch=70)

I 06.07/16:13:30 solver.py:141 ] Epoch: [79/400][20/36] lr: 9.73e-04 | MSE loss: 6.8260e-03 | time: 0.156
I 06.07/16:13:32 solver.py:151 ] => Train  Loss: 7.0012e-03

I 06.07/16:13:32 solver.py:206 ] 
=! Best NMSE: -1.9261e+01 (epoch=70)

I 06.07/16:13:35 solver.py:141 ] Epoch: [80/400][20/36] lr: 9.72e-04 | MSE loss: 6.9512e-03 | time: 0.137
I 06.07/16:13:37 solver.py:151 ] => Train  Loss: 6.7452e-03

I 06.07/16:13:38 solver.py:151 ] => Val  Loss: 6.2924e-03

I 06.07/16:13:38 solver.py:285 ] => Test NMSE: -1.9261e+01

I 06.07/16:13:38 solver.py:206 ] 
=! Best NMSE: -1.9261e+01 (epoch=70)

I 06.07/16:13:41 solver.py:141 ] Epoch: [81/400][20/36] lr: 9.71e-04 | MSE loss: 7.1096e-03 | time: 0.150
I 06.07/16:13:43 solver.py:151 ] => Train  Loss: 6.8126e-03

I 06.07/16:13:43 solver.py:206 ] 
=! Best NMSE: -1.9261e+01 (epoch=70)

I 06.07/16:13:46 solver.py:141 ] Epoch: [82/400][20/36] lr: 9.69e-04 | MSE loss: 7.3491e-03 | time: 0.149
I 06.07/16:13:49 solver.py:151 ] => Train  Loss: 6.7841e-03

I 06.07/16:13:49 solver.py:206 ] 
=! Best NMSE: -1.9261e+01 (epoch=70)

I 06.07/16:13:52 solver.py:141 ] Epoch: [83/400][20/36] lr: 9.68e-04 | MSE loss: 6.7857e-03 | time: 0.151
I 06.07/16:13:54 solver.py:151 ] => Train  Loss: 6.8603e-03

I 06.07/16:13:54 solver.py:206 ] 
=! Best NMSE: -1.9261e+01 (epoch=70)

I 06.07/16:13:57 solver.py:141 ] Epoch: [84/400][20/36] lr: 9.66e-04 | MSE loss: 7.1834e-03 | time: 0.152
I 06.07/16:13:59 solver.py:151 ] => Train  Loss: 6.7715e-03

I 06.07/16:13:59 solver.py:206 ] 
=! Best NMSE: -1.9261e+01 (epoch=70)

I 06.07/16:14:04 solver.py:141 ] Epoch: [85/400][20/36] lr: 9.65e-04 | MSE loss: 6.9291e-03 | time: 0.254
I 06.07/16:14:07 solver.py:151 ] => Train  Loss: 6.8577e-03

I 06.07/16:14:07 solver.py:206 ] 
=! Best NMSE: -1.9261e+01 (epoch=70)

I 06.07/16:14:10 solver.py:141 ] Epoch: [86/400][20/36] lr: 9.63e-04 | MSE loss: 6.5718e-03 | time: 0.143
I 06.07/16:14:12 solver.py:151 ] => Train  Loss: 6.8175e-03

I 06.07/16:14:12 solver.py:206 ] 
=! Best NMSE: -1.9261e+01 (epoch=70)

I 06.07/16:14:15 solver.py:141 ] Epoch: [87/400][20/36] lr: 9.61e-04 | MSE loss: 7.0729e-03 | time: 0.147
I 06.07/16:14:17 solver.py:151 ] => Train  Loss: 6.7281e-03

I 06.07/16:14:17 solver.py:206 ] 
=! Best NMSE: -1.9261e+01 (epoch=70)

I 06.07/16:14:20 solver.py:141 ] Epoch: [88/400][20/36] lr: 9.60e-04 | MSE loss: 6.9645e-03 | time: 0.143
I 06.07/16:14:22 solver.py:151 ] => Train  Loss: 6.8245e-03

I 06.07/16:14:22 solver.py:206 ] 
=! Best NMSE: -1.9261e+01 (epoch=70)

I 06.07/16:14:25 solver.py:141 ] Epoch: [89/400][20/36] lr: 9.58e-04 | MSE loss: 6.4013e-03 | time: 0.140
I 06.07/16:14:27 solver.py:151 ] => Train  Loss: 6.8042e-03

I 06.07/16:14:27 solver.py:206 ] 
=! Best NMSE: -1.9261e+01 (epoch=70)

I 06.07/16:14:30 solver.py:141 ] Epoch: [90/400][20/36] lr: 9.56e-04 | MSE loss: 6.2703e-03 | time: 0.154
I 06.07/16:14:33 solver.py:151 ] => Train  Loss: 6.8429e-03

I 06.07/16:14:33 solver.py:151 ] => Val  Loss: 6.2928e-03

I 06.07/16:14:34 solver.py:285 ] => Test NMSE: -1.9260e+01

I 06.07/16:14:34 solver.py:206 ] 
=! Best NMSE: -1.9261e+01 (epoch=70)

I 06.07/16:14:37 solver.py:141 ] Epoch: [91/400][20/36] lr: 9.55e-04 | MSE loss: 7.0162e-03 | time: 0.154
I 06.07/16:14:39 solver.py:151 ] => Train  Loss: 6.8336e-03

I 06.07/16:14:39 solver.py:206 ] 
=! Best NMSE: -1.9261e+01 (epoch=70)

I 06.07/16:14:42 solver.py:141 ] Epoch: [92/400][20/36] lr: 9.53e-04 | MSE loss: 7.0961e-03 | time: 0.146
I 06.07/16:14:44 solver.py:151 ] => Train  Loss: 6.9375e-03

I 06.07/16:14:44 solver.py:206 ] 
=! Best NMSE: -1.9261e+01 (epoch=70)

I 06.07/16:14:47 solver.py:141 ] Epoch: [93/400][20/36] lr: 9.51e-04 | MSE loss: 6.8499e-03 | time: 0.157
I 06.07/16:14:50 solver.py:151 ] => Train  Loss: 6.8072e-03

I 06.07/16:14:50 solver.py:206 ] 
=! Best NMSE: -1.9261e+01 (epoch=70)

I 06.07/16:14:52 solver.py:141 ] Epoch: [94/400][20/36] lr: 9.49e-04 | MSE loss: 6.6886e-03 | time: 0.140
I 06.07/16:14:55 solver.py:151 ] => Train  Loss: 6.8901e-03

I 06.07/16:14:55 solver.py:206 ] 
=! Best NMSE: -1.9261e+01 (epoch=70)

I 06.07/16:14:58 solver.py:141 ] Epoch: [95/400][20/36] lr: 9.47e-04 | MSE loss: 6.8730e-03 | time: 0.151
I 06.07/16:15:00 solver.py:151 ] => Train  Loss: 6.7376e-03

I 06.07/16:15:00 solver.py:206 ] 
=! Best NMSE: -1.9261e+01 (epoch=70)

I 06.07/16:15:05 solver.py:141 ] Epoch: [96/400][20/36] lr: 9.45e-04 | MSE loss: 7.0368e-03 | time: 0.262
I 06.07/16:15:08 solver.py:151 ] => Train  Loss: 6.8812e-03

I 06.07/16:15:08 solver.py:206 ] 
=! Best NMSE: -1.9261e+01 (epoch=70)

I 06.07/16:15:11 solver.py:141 ] Epoch: [97/400][20/36] lr: 9.43e-04 | MSE loss: 6.7539e-03 | time: 0.154
I 06.07/16:15:13 solver.py:151 ] => Train  Loss: 6.9140e-03

I 06.07/16:15:13 solver.py:206 ] 
=! Best NMSE: -1.9261e+01 (epoch=70)

I 06.07/16:15:16 solver.py:141 ] Epoch: [98/400][20/36] lr: 9.41e-04 | MSE loss: 6.7066e-03 | time: 0.143
I 06.07/16:15:18 solver.py:151 ] => Train  Loss: 6.8486e-03

I 06.07/16:15:18 solver.py:206 ] 
=! Best NMSE: -1.9261e+01 (epoch=70)

I 06.07/16:15:22 solver.py:141 ] Epoch: [99/400][20/36] lr: 9.39e-04 | MSE loss: 6.9514e-03 | time: 0.153
I 06.07/16:15:24 solver.py:151 ] => Train  Loss: 6.7383e-03

I 06.07/16:15:24 solver.py:206 ] 
=! Best NMSE: -1.9261e+01 (epoch=70)

I 06.07/16:15:27 solver.py:141 ] Epoch: [100/400][20/36] lr: 9.37e-04 | MSE loss: 7.0581e-03 | time: 0.146
I 06.07/16:15:29 solver.py:151 ] => Train  Loss: 6.8976e-03

I 06.07/16:15:29 solver.py:151 ] => Val  Loss: 6.2924e-03

I 06.07/16:15:30 solver.py:285 ] => Test NMSE: -1.9261e+01

I 06.07/16:15:30 solver.py:206 ] 
=! Best NMSE: -1.9261e+01 (epoch=70)

I 06.07/16:15:33 solver.py:141 ] Epoch: [101/400][20/36] lr: 9.35e-04 | MSE loss: 6.9745e-03 | time: 0.148
I 06.07/16:15:35 solver.py:151 ] => Train  Loss: 6.7462e-03

I 06.07/16:15:35 solver.py:206 ] 
=! Best NMSE: -1.9261e+01 (epoch=70)

I 06.07/16:15:38 solver.py:141 ] Epoch: [102/400][20/36] lr: 9.33e-04 | MSE loss: 6.8271e-03 | time: 0.152
I 06.07/16:15:41 solver.py:151 ] => Train  Loss: 6.7785e-03

I 06.07/16:15:41 solver.py:206 ] 
=! Best NMSE: -1.9261e+01 (epoch=70)

I 06.07/16:15:44 solver.py:141 ] Epoch: [103/400][20/36] lr: 9.31e-04 | MSE loss: 7.1816e-03 | time: 0.173
I 06.07/16:15:46 solver.py:151 ] => Train  Loss: 6.7731e-03

I 06.07/16:15:46 solver.py:206 ] 
=! Best NMSE: -1.9261e+01 (epoch=70)

I 06.07/16:15:49 solver.py:141 ] Epoch: [104/400][20/36] lr: 9.29e-04 | MSE loss: 6.9784e-03 | time: 0.139
I 06.07/16:15:51 solver.py:151 ] => Train  Loss: 6.7469e-03

I 06.07/16:15:51 solver.py:206 ] 
=! Best NMSE: -1.9261e+01 (epoch=70)

I 06.07/16:15:55 solver.py:141 ] Epoch: [105/400][20/36] lr: 9.27e-04 | MSE loss: 7.0309e-03 | time: 0.164
I 06.07/16:15:57 solver.py:151 ] => Train  Loss: 6.8998e-03

I 06.07/16:15:57 solver.py:206 ] 
=! Best NMSE: -1.9261e+01 (epoch=70)

I 06.07/16:16:00 solver.py:141 ] Epoch: [106/400][20/36] lr: 9.24e-04 | MSE loss: 7.0792e-03 | time: 0.160
I 06.07/16:16:04 solver.py:151 ] => Train  Loss: 6.8088e-03

I 06.07/16:16:04 solver.py:206 ] 
=! Best NMSE: -1.9261e+01 (epoch=70)

I 06.07/16:16:07 solver.py:141 ] Epoch: [107/400][20/36] lr: 9.22e-04 | MSE loss: 6.9799e-03 | time: 0.149
I 06.07/16:16:09 solver.py:151 ] => Train  Loss: 7.0540e-03

I 06.07/16:16:09 solver.py:206 ] 
=! Best NMSE: -1.9261e+01 (epoch=70)

I 06.07/16:16:12 solver.py:141 ] Epoch: [108/400][20/36] lr: 9.20e-04 | MSE loss: 7.1799e-03 | time: 0.144
I 06.07/16:16:14 solver.py:151 ] => Train  Loss: 6.7498e-03

I 06.07/16:16:14 solver.py:206 ] 
=! Best NMSE: -1.9261e+01 (epoch=70)

I 06.07/16:16:17 solver.py:141 ] Epoch: [109/400][20/36] lr: 9.18e-04 | MSE loss: 6.6225e-03 | time: 0.148
I 06.07/16:16:19 solver.py:151 ] => Train  Loss: 6.7480e-03

I 06.07/16:16:19 solver.py:206 ] 
=! Best NMSE: -1.9261e+01 (epoch=70)

I 06.07/16:16:23 solver.py:141 ] Epoch: [110/400][20/36] lr: 9.15e-04 | MSE loss: 7.1794e-03 | time: 0.155
I 06.07/16:16:25 solver.py:151 ] => Train  Loss: 6.7978e-03

I 06.07/16:16:26 solver.py:151 ] => Val  Loss: 6.2923e-03

I 06.07/16:16:26 solver.py:285 ] => Test NMSE: -1.9261e+01

I 06.07/16:16:26 solver.py:206 ] 
=! Best NMSE: -1.9261e+01 (epoch=70)

I 06.07/16:16:29 solver.py:141 ] Epoch: [111/400][20/36] lr: 9.13e-04 | MSE loss: 6.8522e-03 | time: 0.157
I 06.07/16:16:31 solver.py:151 ] => Train  Loss: 6.7580e-03

I 06.07/16:16:31 solver.py:206 ] 
=! Best NMSE: -1.9261e+01 (epoch=70)

I 06.07/16:16:34 solver.py:141 ] Epoch: [112/400][20/36] lr: 9.10e-04 | MSE loss: 7.0093e-03 | time: 0.152
I 06.07/16:16:36 solver.py:151 ] => Train  Loss: 6.9079e-03

I 06.07/16:16:36 solver.py:206 ] 
=! Best NMSE: -1.9261e+01 (epoch=70)

I 06.07/16:16:39 solver.py:141 ] Epoch: [113/400][20/36] lr: 9.08e-04 | MSE loss: 6.9516e-03 | time: 0.147
I 06.07/16:16:42 solver.py:151 ] => Train  Loss: 6.7522e-03

I 06.07/16:16:42 solver.py:206 ] 
=! Best NMSE: -1.9261e+01 (epoch=70)

I 06.07/16:16:45 solver.py:141 ] Epoch: [114/400][20/36] lr: 9.05e-04 | MSE loss: 6.7929e-03 | time: 0.149
I 06.07/16:16:47 solver.py:151 ] => Train  Loss: 6.7345e-03

I 06.07/16:16:47 solver.py:206 ] 
=! Best NMSE: -1.9261e+01 (epoch=70)

I 06.07/16:16:50 solver.py:141 ] Epoch: [115/400][20/36] lr: 9.03e-04 | MSE loss: 6.7378e-03 | time: 0.152
I 06.07/16:16:52 solver.py:151 ] => Train  Loss: 6.8779e-03

I 06.07/16:16:52 solver.py:206 ] 
=! Best NMSE: -1.9261e+01 (epoch=70)

I 06.07/16:16:56 solver.py:141 ] Epoch: [116/400][20/36] lr: 9.00e-04 | MSE loss: 6.6283e-03 | time: 0.159
I 06.07/16:16:58 solver.py:151 ] => Train  Loss: 6.7257e-03

I 06.07/16:16:58 solver.py:206 ] 
=! Best NMSE: -1.9261e+01 (epoch=70)

I 06.07/16:17:01 solver.py:141 ] Epoch: [117/400][20/36] lr: 8.98e-04 | MSE loss: 6.8218e-03 | time: 0.172
I 06.07/16:17:05 solver.py:151 ] => Train  Loss: 7.1596e-03

I 06.07/16:17:05 solver.py:206 ] 
=! Best NMSE: -1.9261e+01 (epoch=70)

I 06.07/16:17:08 solver.py:141 ] Epoch: [118/400][20/36] lr: 8.95e-04 | MSE loss: 6.4621e-03 | time: 0.134
I 06.07/16:17:10 solver.py:151 ] => Train  Loss: 7.0265e-03

I 06.07/16:17:10 solver.py:206 ] 
=! Best NMSE: -1.9261e+01 (epoch=70)

I 06.07/16:17:13 solver.py:141 ] Epoch: [119/400][20/36] lr: 8.93e-04 | MSE loss: 6.9178e-03 | time: 0.149
I 06.07/16:17:15 solver.py:151 ] => Train  Loss: 7.0607e-03

I 06.07/16:17:15 solver.py:206 ] 
=! Best NMSE: -1.9261e+01 (epoch=70)

I 06.07/16:17:18 solver.py:141 ] Epoch: [120/400][20/36] lr: 8.90e-04 | MSE loss: 6.8772e-03 | time: 0.163
I 06.07/16:17:20 solver.py:151 ] => Train  Loss: 6.7441e-03

I 06.07/16:17:21 solver.py:151 ] => Val  Loss: 6.2921e-03

I 06.07/16:17:21 solver.py:285 ] => Test NMSE: -1.9261e+01

I 06.07/16:17:22 solver.py:206 ] 
=! Best NMSE: -1.9261e+01 (epoch=120)

I 06.07/16:17:24 solver.py:141 ] Epoch: [121/400][20/36] lr: 8.87e-04 | MSE loss: 6.6238e-03 | time: 0.144
I 06.07/16:17:27 solver.py:151 ] => Train  Loss: 6.7516e-03

I 06.07/16:17:27 solver.py:206 ] 
=! Best NMSE: -1.9261e+01 (epoch=120)

I 06.07/16:17:30 solver.py:141 ] Epoch: [122/400][20/36] lr: 8.85e-04 | MSE loss: 6.9278e-03 | time: 0.153
I 06.07/16:17:32 solver.py:151 ] => Train  Loss: 6.7490e-03

I 06.07/16:17:32 solver.py:206 ] 
=! Best NMSE: -1.9261e+01 (epoch=120)

I 06.07/16:17:35 solver.py:141 ] Epoch: [123/400][20/36] lr: 8.82e-04 | MSE loss: 6.6285e-03 | time: 0.153
I 06.07/16:17:37 solver.py:151 ] => Train  Loss: 6.7534e-03

I 06.07/16:17:37 solver.py:206 ] 
=! Best NMSE: -1.9261e+01 (epoch=120)

I 06.07/16:17:40 solver.py:141 ] Epoch: [124/400][20/36] lr: 8.79e-04 | MSE loss: 6.8488e-03 | time: 0.157
I 06.07/16:17:42 solver.py:151 ] => Train  Loss: 6.8851e-03

I 06.07/16:17:42 solver.py:206 ] 
=! Best NMSE: -1.9261e+01 (epoch=120)

I 06.07/16:17:45 solver.py:141 ] Epoch: [125/400][20/36] lr: 8.76e-04 | MSE loss: 6.7184e-03 | time: 0.147
I 06.07/16:17:47 solver.py:151 ] => Train  Loss: 6.7378e-03

I 06.07/16:17:47 solver.py:206 ] 
=! Best NMSE: -1.9261e+01 (epoch=120)

I 06.07/16:17:50 solver.py:141 ] Epoch: [126/400][20/36] lr: 8.74e-04 | MSE loss: 6.4488e-03 | time: 0.142
I 06.07/16:17:52 solver.py:151 ] => Train  Loss: 6.7618e-03

I 06.07/16:17:52 solver.py:206 ] 
=! Best NMSE: -1.9261e+01 (epoch=120)

I 06.07/16:17:55 solver.py:141 ] Epoch: [127/400][20/36] lr: 8.71e-04 | MSE loss: 6.8888e-03 | time: 0.141
I 06.07/16:17:57 solver.py:151 ] => Train  Loss: 6.7543e-03

I 06.07/16:17:57 solver.py:206 ] 
=! Best NMSE: -1.9261e+01 (epoch=120)

I 06.07/16:18:01 solver.py:141 ] Epoch: [128/400][20/36] lr: 8.68e-04 | MSE loss: 7.2137e-03 | time: 0.178
I 06.07/16:18:05 solver.py:151 ] => Train  Loss: 6.7430e-03

I 06.07/16:18:05 solver.py:206 ] 
=! Best NMSE: -1.9261e+01 (epoch=120)

I 06.07/16:18:08 solver.py:141 ] Epoch: [129/400][20/36] lr: 8.65e-04 | MSE loss: 6.9560e-03 | time: 0.144
I 06.07/16:18:10 solver.py:151 ] => Train  Loss: 6.7560e-03

I 06.07/16:18:10 solver.py:206 ] 
=! Best NMSE: -1.9261e+01 (epoch=120)

I 06.07/16:18:13 solver.py:141 ] Epoch: [130/400][20/36] lr: 8.62e-04 | MSE loss: 6.7387e-03 | time: 0.141
I 06.07/16:18:15 solver.py:151 ] => Train  Loss: 7.2750e-03

I 06.07/16:18:16 solver.py:151 ] => Val  Loss: 6.2923e-03

I 06.07/16:18:16 solver.py:285 ] => Test NMSE: -1.9261e+01

I 06.07/16:18:16 solver.py:206 ] 
=! Best NMSE: -1.9261e+01 (epoch=120)

I 06.07/16:18:19 solver.py:141 ] Epoch: [131/400][20/36] lr: 8.59e-04 | MSE loss: 7.1786e-03 | time: 0.148
I 06.07/16:18:21 solver.py:151 ] => Train  Loss: 6.7553e-03

I 06.07/16:18:21 solver.py:206 ] 
=! Best NMSE: -1.9261e+01 (epoch=120)

I 06.07/16:18:24 solver.py:141 ] Epoch: [132/400][20/36] lr: 8.56e-04 | MSE loss: 6.9190e-03 | time: 0.148
I 06.07/16:18:27 solver.py:151 ] => Train  Loss: 6.7604e-03

I 06.07/16:18:27 solver.py:206 ] 
=! Best NMSE: -1.9261e+01 (epoch=120)

I 06.07/16:18:30 solver.py:141 ] Epoch: [133/400][20/36] lr: 8.53e-04 | MSE loss: 6.8186e-03 | time: 0.157
I 06.07/16:18:32 solver.py:151 ] => Train  Loss: 6.9512e-03

I 06.07/16:18:32 solver.py:206 ] 
=! Best NMSE: -1.9261e+01 (epoch=120)

I 06.07/16:18:35 solver.py:141 ] Epoch: [134/400][20/36] lr: 8.50e-04 | MSE loss: 7.2493e-03 | time: 0.156
I 06.07/16:18:37 solver.py:151 ] => Train  Loss: 6.9176e-03

I 06.07/16:18:37 solver.py:206 ] 
=! Best NMSE: -1.9261e+01 (epoch=120)

I 06.07/16:18:40 solver.py:141 ] Epoch: [135/400][20/36] lr: 8.47e-04 | MSE loss: 6.8717e-03 | time: 0.142
I 06.07/16:18:42 solver.py:151 ] => Train  Loss: 6.8189e-03

I 06.07/16:18:42 solver.py:206 ] 
=! Best NMSE: -1.9261e+01 (epoch=120)

I 06.07/16:18:45 solver.py:141 ] Epoch: [136/400][20/36] lr: 8.44e-04 | MSE loss: 6.8560e-03 | time: 0.150
I 06.07/16:18:48 solver.py:151 ] => Train  Loss: 6.9767e-03

I 06.07/16:18:48 solver.py:206 ] 
=! Best NMSE: -1.9261e+01 (epoch=120)

I 06.07/16:18:52 solver.py:141 ] Epoch: [137/400][20/36] lr: 8.41e-04 | MSE loss: 6.8216e-03 | time: 0.160
I 06.07/16:18:54 solver.py:151 ] => Train  Loss: 6.8387e-03

I 06.07/16:18:54 solver.py:206 ] 
=! Best NMSE: -1.9261e+01 (epoch=120)

I 06.07/16:18:57 solver.py:141 ] Epoch: [138/400][20/36] lr: 8.38e-04 | MSE loss: 6.5868e-03 | time: 0.143
I 06.07/16:18:59 solver.py:151 ] => Train  Loss: 7.0623e-03

I 06.07/16:18:59 solver.py:206 ] 
=! Best NMSE: -1.9261e+01 (epoch=120)

I 06.07/16:19:04 solver.py:141 ] Epoch: [139/400][20/36] lr: 8.35e-04 | MSE loss: 6.8906e-03 | time: 0.239
I 06.07/16:19:06 solver.py:151 ] => Train  Loss: 6.7687e-03

I 06.07/16:19:07 solver.py:206 ] 
=! Best NMSE: -1.9261e+01 (epoch=120)

I 06.07/16:19:10 solver.py:141 ] Epoch: [140/400][20/36] lr: 8.32e-04 | MSE loss: 6.8698e-03 | time: 0.150
I 06.07/16:19:12 solver.py:151 ] => Train  Loss: 6.7279e-03

I 06.07/16:19:12 solver.py:151 ] => Val  Loss: 6.2920e-03

I 06.07/16:19:13 solver.py:285 ] => Test NMSE: -1.9261e+01

I 06.07/16:19:13 solver.py:206 ] 
=! Best NMSE: -1.9261e+01 (epoch=140)

I 06.07/16:19:16 solver.py:141 ] Epoch: [141/400][20/36] lr: 8.29e-04 | MSE loss: 7.2424e-03 | time: 0.158
I 06.07/16:19:18 solver.py:151 ] => Train  Loss: 6.7339e-03

I 06.07/16:19:18 solver.py:206 ] 
=! Best NMSE: -1.9261e+01 (epoch=140)

I 06.07/16:19:22 solver.py:141 ] Epoch: [142/400][20/36] lr: 8.25e-04 | MSE loss: 6.7422e-03 | time: 0.174
I 06.07/16:19:24 solver.py:151 ] => Train  Loss: 6.8788e-03

I 06.07/16:19:24 solver.py:206 ] 
=! Best NMSE: -1.9261e+01 (epoch=140)

I 06.07/16:19:27 solver.py:141 ] Epoch: [143/400][20/36] lr: 8.22e-04 | MSE loss: 7.1886e-03 | time: 0.155
I 06.07/16:19:29 solver.py:151 ] => Train  Loss: 6.7740e-03

I 06.07/16:19:29 solver.py:206 ] 
=! Best NMSE: -1.9261e+01 (epoch=140)

I 06.07/16:19:32 solver.py:141 ] Epoch: [144/400][20/36] lr: 8.19e-04 | MSE loss: 6.7971e-03 | time: 0.148
I 06.07/16:19:35 solver.py:151 ] => Train  Loss: 6.8700e-03

I 06.07/16:19:35 solver.py:206 ] 
=! Best NMSE: -1.9261e+01 (epoch=140)

I 06.07/16:19:38 solver.py:141 ] Epoch: [145/400][20/36] lr: 8.16e-04 | MSE loss: 6.9449e-03 | time: 0.171
I 06.07/16:19:40 solver.py:151 ] => Train  Loss: 6.7841e-03

I 06.07/16:19:40 solver.py:206 ] 
=! Best NMSE: -1.9261e+01 (epoch=140)

I 06.07/16:19:43 solver.py:141 ] Epoch: [146/400][20/36] lr: 8.12e-04 | MSE loss: 6.6506e-03 | time: 0.138
I 06.07/16:19:45 solver.py:151 ] => Train  Loss: 6.8089e-03

I 06.07/16:19:45 solver.py:206 ] 
=! Best NMSE: -1.9261e+01 (epoch=140)

I 06.07/16:19:48 solver.py:141 ] Epoch: [147/400][20/36] lr: 8.09e-04 | MSE loss: 7.4238e-03 | time: 0.135
I 06.07/16:19:50 solver.py:151 ] => Train  Loss: 6.8026e-03

I 06.07/16:19:50 solver.py:206 ] 
=! Best NMSE: -1.9261e+01 (epoch=140)

I 06.07/16:19:53 solver.py:141 ] Epoch: [148/400][20/36] lr: 8.06e-04 | MSE loss: 6.7113e-03 | time: 0.143
I 06.07/16:19:55 solver.py:151 ] => Train  Loss: 6.7959e-03

I 06.07/16:19:55 solver.py:206 ] 
=! Best NMSE: -1.9261e+01 (epoch=140)

I 06.07/16:19:58 solver.py:141 ] Epoch: [149/400][20/36] lr: 8.02e-04 | MSE loss: 7.0940e-03 | time: 0.155
I 06.07/16:20:01 solver.py:151 ] => Train  Loss: 6.8411e-03

I 06.07/16:20:01 solver.py:206 ] 
=! Best NMSE: -1.9261e+01 (epoch=140)

I 06.07/16:20:06 solver.py:141 ] Epoch: [150/400][20/36] lr: 7.99e-04 | MSE loss: 6.7474e-03 | time: 0.222
I 06.07/16:20:08 solver.py:151 ] => Train  Loss: 6.7424e-03

I 06.07/16:20:09 solver.py:151 ] => Val  Loss: 6.2922e-03

I 06.07/16:20:09 solver.py:285 ] => Test NMSE: -1.9261e+01

I 06.07/16:20:09 solver.py:206 ] 
=! Best NMSE: -1.9261e+01 (epoch=140)

I 06.07/16:20:12 solver.py:141 ] Epoch: [151/400][20/36] lr: 7.96e-04 | MSE loss: 6.8294e-03 | time: 0.143
I 06.07/16:20:14 solver.py:151 ] => Train  Loss: 6.8615e-03

I 06.07/16:20:14 solver.py:206 ] 
=! Best NMSE: -1.9261e+01 (epoch=140)

I 06.07/16:20:17 solver.py:141 ] Epoch: [152/400][20/36] lr: 7.92e-04 | MSE loss: 7.0276e-03 | time: 0.145
I 06.07/16:20:19 solver.py:151 ] => Train  Loss: 6.7696e-03

I 06.07/16:20:19 solver.py:206 ] 
=! Best NMSE: -1.9261e+01 (epoch=140)

I 06.07/16:20:22 solver.py:141 ] Epoch: [153/400][20/36] lr: 7.89e-04 | MSE loss: 6.3958e-03 | time: 0.150
I 06.07/16:20:25 solver.py:151 ] => Train  Loss: 6.9314e-03

I 06.07/16:20:25 solver.py:206 ] 
=! Best NMSE: -1.9261e+01 (epoch=140)

I 06.07/16:20:28 solver.py:141 ] Epoch: [154/400][20/36] lr: 7.85e-04 | MSE loss: 6.5952e-03 | time: 0.145
I 06.07/16:20:30 solver.py:151 ] => Train  Loss: 6.8323e-03

I 06.07/16:20:30 solver.py:206 ] 
=! Best NMSE: -1.9261e+01 (epoch=140)

I 06.07/16:20:33 solver.py:141 ] Epoch: [155/400][20/36] lr: 7.82e-04 | MSE loss: 6.5609e-03 | time: 0.142
I 06.07/16:20:35 solver.py:151 ] => Train  Loss: 6.9553e-03

I 06.07/16:20:35 solver.py:206 ] 
=! Best NMSE: -1.9261e+01 (epoch=140)

I 06.07/16:20:38 solver.py:141 ] Epoch: [156/400][20/36] lr: 7.78e-04 | MSE loss: 6.8767e-03 | time: 0.147
I 06.07/16:20:40 solver.py:151 ] => Train  Loss: 6.8093e-03

I 06.07/16:20:40 solver.py:206 ] 
=! Best NMSE: -1.9261e+01 (epoch=140)

I 06.07/16:20:43 solver.py:141 ] Epoch: [157/400][20/36] lr: 7.75e-04 | MSE loss: 7.3615e-03 | time: 0.143
I 06.07/16:20:45 solver.py:151 ] => Train  Loss: 6.7257e-03

I 06.07/16:20:45 solver.py:206 ] 
=! Best NMSE: -1.9261e+01 (epoch=140)

I 06.07/16:20:48 solver.py:141 ] Epoch: [158/400][20/36] lr: 7.71e-04 | MSE loss: 7.1291e-03 | time: 0.143
I 06.07/16:20:50 solver.py:151 ] => Train  Loss: 7.0368e-03

I 06.07/16:20:50 solver.py:206 ] 
=! Best NMSE: -1.9261e+01 (epoch=140)

I 06.07/16:20:53 solver.py:141 ] Epoch: [159/400][20/36] lr: 7.68e-04 | MSE loss: 6.4816e-03 | time: 0.150
I 06.07/16:20:55 solver.py:151 ] => Train  Loss: 6.7783e-03

I 06.07/16:20:55 solver.py:206 ] 
=! Best NMSE: -1.9261e+01 (epoch=140)

I 06.07/16:20:58 solver.py:141 ] Epoch: [160/400][20/36] lr: 7.64e-04 | MSE loss: 6.7306e-03 | time: 0.150
I 06.07/16:21:02 solver.py:151 ] => Train  Loss: 6.8182e-03

I 06.07/16:21:03 solver.py:151 ] => Val  Loss: 6.2921e-03

I 06.07/16:21:04 solver.py:285 ] => Test NMSE: -1.9261e+01

I 06.07/16:21:04 solver.py:206 ] 
=! Best NMSE: -1.9261e+01 (epoch=140)

I 06.07/16:21:07 solver.py:141 ] Epoch: [161/400][20/36] lr: 7.61e-04 | MSE loss: 6.7170e-03 | time: 0.164
I 06.07/16:21:10 solver.py:151 ] => Train  Loss: 6.9022e-03

I 06.07/16:21:10 solver.py:206 ] 
=! Best NMSE: -1.9261e+01 (epoch=140)

I 06.07/16:21:13 solver.py:141 ] Epoch: [162/400][20/36] lr: 7.57e-04 | MSE loss: 7.3320e-03 | time: 0.159
I 06.07/16:21:15 solver.py:151 ] => Train  Loss: 6.8683e-03

I 06.07/16:21:15 solver.py:206 ] 
=! Best NMSE: -1.9261e+01 (epoch=140)

I 06.07/16:21:19 solver.py:141 ] Epoch: [163/400][20/36] lr: 7.53e-04 | MSE loss: 6.8935e-03 | time: 0.162
I 06.07/16:21:21 solver.py:151 ] => Train  Loss: 6.8776e-03

I 06.07/16:21:21 solver.py:206 ] 
=! Best NMSE: -1.9261e+01 (epoch=140)

I 06.07/16:21:24 solver.py:141 ] Epoch: [164/400][20/36] lr: 7.50e-04 | MSE loss: 7.0313e-03 | time: 0.149
I 06.07/16:21:26 solver.py:151 ] => Train  Loss: 6.9401e-03

I 06.07/16:21:26 solver.py:206 ] 
=! Best NMSE: -1.9261e+01 (epoch=140)

I 06.07/16:21:29 solver.py:141 ] Epoch: [165/400][20/36] lr: 7.46e-04 | MSE loss: 7.0036e-03 | time: 0.157
I 06.07/16:21:31 solver.py:151 ] => Train  Loss: 6.8604e-03

I 06.07/16:21:31 solver.py:206 ] 
=! Best NMSE: -1.9261e+01 (epoch=140)

I 06.07/16:21:34 solver.py:141 ] Epoch: [166/400][20/36] lr: 7.42e-04 | MSE loss: 6.7197e-03 | time: 0.152
I 06.07/16:21:37 solver.py:151 ] => Train  Loss: 6.8265e-03

I 06.07/16:21:37 solver.py:206 ] 
=! Best NMSE: -1.9261e+01 (epoch=140)

I 06.07/16:21:40 solver.py:141 ] Epoch: [167/400][20/36] lr: 7.39e-04 | MSE loss: 6.7809e-03 | time: 0.143
I 06.07/16:21:42 solver.py:151 ] => Train  Loss: 6.8282e-03

I 06.07/16:21:42 solver.py:206 ] 
=! Best NMSE: -1.9261e+01 (epoch=140)

I 06.07/16:21:44 solver.py:141 ] Epoch: [168/400][20/36] lr: 7.35e-04 | MSE loss: 6.9923e-03 | time: 0.142
I 06.07/16:21:47 solver.py:151 ] => Train  Loss: 6.9700e-03

I 06.07/16:21:47 solver.py:206 ] 
=! Best NMSE: -1.9261e+01 (epoch=140)

I 06.07/16:21:50 solver.py:141 ] Epoch: [169/400][20/36] lr: 7.31e-04 | MSE loss: 6.6391e-03 | time: 0.167
I 06.07/16:21:52 solver.py:151 ] => Train  Loss: 6.9952e-03

I 06.07/16:21:52 solver.py:206 ] 
=! Best NMSE: -1.9261e+01 (epoch=140)

I 06.07/16:21:55 solver.py:141 ] Epoch: [170/400][20/36] lr: 7.27e-04 | MSE loss: 6.6867e-03 | time: 0.154
I 06.07/16:21:58 solver.py:151 ] => Train  Loss: 6.7479e-03

I 06.07/16:21:59 solver.py:151 ] => Val  Loss: 6.2921e-03

I 06.07/16:21:59 solver.py:285 ] => Test NMSE: -1.9261e+01

I 06.07/16:21:59 solver.py:206 ] 
=! Best NMSE: -1.9261e+01 (epoch=140)

I 06.07/16:22:04 solver.py:141 ] Epoch: [171/400][20/36] lr: 7.24e-04 | MSE loss: 6.4806e-03 | time: 0.236
I 06.07/16:22:07 solver.py:151 ] => Train  Loss: 6.7649e-03

I 06.07/16:22:07 solver.py:206 ] 
=! Best NMSE: -1.9261e+01 (epoch=140)

I 06.07/16:22:10 solver.py:141 ] Epoch: [172/400][20/36] lr: 7.20e-04 | MSE loss: 6.6725e-03 | time: 0.150
I 06.07/16:22:12 solver.py:151 ] => Train  Loss: 7.0310e-03

I 06.07/16:22:12 solver.py:206 ] 
=! Best NMSE: -1.9261e+01 (epoch=140)

I 06.07/16:22:15 solver.py:141 ] Epoch: [173/400][20/36] lr: 7.16e-04 | MSE loss: 6.8717e-03 | time: 0.141
I 06.07/16:22:17 solver.py:151 ] => Train  Loss: 6.7265e-03

I 06.07/16:22:17 solver.py:206 ] 
=! Best NMSE: -1.9261e+01 (epoch=140)

I 06.07/16:22:20 solver.py:141 ] Epoch: [174/400][20/36] lr: 7.12e-04 | MSE loss: 7.1284e-03 | time: 0.173
I 06.07/16:22:22 solver.py:151 ] => Train  Loss: 6.9161e-03

I 06.07/16:22:22 solver.py:206 ] 
=! Best NMSE: -1.9261e+01 (epoch=140)

I 06.07/16:22:25 solver.py:141 ] Epoch: [175/400][20/36] lr: 7.08e-04 | MSE loss: 7.1303e-03 | time: 0.156
I 06.07/16:22:28 solver.py:151 ] => Train  Loss: 6.7466e-03

I 06.07/16:22:28 solver.py:206 ] 
=! Best NMSE: -1.9261e+01 (epoch=140)

I 06.07/16:22:31 solver.py:141 ] Epoch: [176/400][20/36] lr: 7.05e-04 | MSE loss: 6.6691e-03 | time: 0.155
I 06.07/16:22:33 solver.py:151 ] => Train  Loss: 6.8496e-03

I 06.07/16:22:33 solver.py:206 ] 
=! Best NMSE: -1.9261e+01 (epoch=140)

I 06.07/16:22:37 solver.py:141 ] Epoch: [177/400][20/36] lr: 7.01e-04 | MSE loss: 6.8755e-03 | time: 0.156
I 06.07/16:22:39 solver.py:151 ] => Train  Loss: 6.9652e-03

I 06.07/16:22:39 solver.py:206 ] 
=! Best NMSE: -1.9261e+01 (epoch=140)

I 06.07/16:22:42 solver.py:141 ] Epoch: [178/400][20/36] lr: 6.97e-04 | MSE loss: 7.1592e-03 | time: 0.135
I 06.07/16:22:44 solver.py:151 ] => Train  Loss: 6.7448e-03

I 06.07/16:22:44 solver.py:206 ] 
=! Best NMSE: -1.9261e+01 (epoch=140)

I 06.07/16:22:47 solver.py:141 ] Epoch: [179/400][20/36] lr: 6.93e-04 | MSE loss: 6.3071e-03 | time: 0.178
I 06.07/16:22:50 solver.py:151 ] => Train  Loss: 7.1608e-03

I 06.07/16:22:50 solver.py:206 ] 
=! Best NMSE: -1.9261e+01 (epoch=140)

I 06.07/16:22:53 solver.py:141 ] Epoch: [180/400][20/36] lr: 6.89e-04 | MSE loss: 6.3281e-03 | time: 0.146
I 06.07/16:22:55 solver.py:151 ] => Train  Loss: 7.1049e-03

I 06.07/16:22:55 solver.py:151 ] => Val  Loss: 6.2919e-03

I 06.07/16:22:56 solver.py:285 ] => Test NMSE: -1.9261e+01

I 06.07/16:22:56 solver.py:206 ] 
=! Best NMSE: -1.9261e+01 (epoch=180)

I 06.07/16:22:59 solver.py:141 ] Epoch: [181/400][20/36] lr: 6.85e-04 | MSE loss: 7.1363e-03 | time: 0.152
I 06.07/16:23:03 solver.py:151 ] => Train  Loss: 6.8572e-03

I 06.07/16:23:03 solver.py:206 ] 
=! Best NMSE: -1.9261e+01 (epoch=180)

I 06.07/16:23:07 solver.py:141 ] Epoch: [182/400][20/36] lr: 6.81e-04 | MSE loss: 6.8643e-03 | time: 0.193
I 06.07/16:23:09 solver.py:151 ] => Train  Loss: 6.7587e-03

I 06.07/16:23:09 solver.py:206 ] 
=! Best NMSE: -1.9261e+01 (epoch=180)

I 06.07/16:23:13 solver.py:141 ] Epoch: [183/400][20/36] lr: 6.77e-04 | MSE loss: 7.0299e-03 | time: 0.164
I 06.07/16:23:15 solver.py:151 ] => Train  Loss: 6.7686e-03

I 06.07/16:23:15 solver.py:206 ] 
=! Best NMSE: -1.9261e+01 (epoch=180)

I 06.07/16:23:18 solver.py:141 ] Epoch: [184/400][20/36] lr: 6.74e-04 | MSE loss: 6.9570e-03 | time: 0.156
I 06.07/16:23:20 solver.py:151 ] => Train  Loss: 6.8047e-03

I 06.07/16:23:20 solver.py:206 ] 
=! Best NMSE: -1.9261e+01 (epoch=180)

I 06.07/16:23:23 solver.py:141 ] Epoch: [185/400][20/36] lr: 6.70e-04 | MSE loss: 6.6959e-03 | time: 0.154
I 06.07/16:23:25 solver.py:151 ] => Train  Loss: 6.8414e-03

I 06.07/16:23:25 solver.py:206 ] 
=! Best NMSE: -1.9261e+01 (epoch=180)

I 06.07/16:23:28 solver.py:141 ] Epoch: [186/400][20/36] lr: 6.66e-04 | MSE loss: 6.7362e-03 | time: 0.154
I 06.07/16:23:31 solver.py:151 ] => Train  Loss: 7.0169e-03

I 06.07/16:23:31 solver.py:206 ] 
=! Best NMSE: -1.9261e+01 (epoch=180)

I 06.07/16:23:34 solver.py:141 ] Epoch: [187/400][20/36] lr: 6.62e-04 | MSE loss: 6.6359e-03 | time: 0.165
I 06.07/16:23:37 solver.py:151 ] => Train  Loss: 6.9593e-03

I 06.07/16:23:37 solver.py:206 ] 
=! Best NMSE: -1.9261e+01 (epoch=180)

I 06.07/16:23:39 solver.py:141 ] Epoch: [188/400][20/36] lr: 6.58e-04 | MSE loss: 7.4448e-03 | time: 0.146
I 06.07/16:23:42 solver.py:151 ] => Train  Loss: 6.9547e-03

I 06.07/16:23:42 solver.py:206 ] 
=! Best NMSE: -1.9261e+01 (epoch=180)

I 06.07/16:23:45 solver.py:141 ] Epoch: [189/400][20/36] lr: 6.54e-04 | MSE loss: 7.1783e-03 | time: 0.163
I 06.07/16:23:47 solver.py:151 ] => Train  Loss: 6.8113e-03

I 06.07/16:23:47 solver.py:206 ] 
=! Best NMSE: -1.9261e+01 (epoch=180)

I 06.07/16:23:50 solver.py:141 ] Epoch: [190/400][20/36] lr: 6.50e-04 | MSE loss: 6.7630e-03 | time: 0.145
I 06.07/16:23:53 solver.py:151 ] => Train  Loss: 6.7548e-03

I 06.07/16:23:53 solver.py:151 ] => Val  Loss: 6.2920e-03

I 06.07/16:23:54 solver.py:285 ] => Test NMSE: -1.9261e+01

I 06.07/16:23:54 solver.py:206 ] 
=! Best NMSE: -1.9261e+01 (epoch=180)

I 06.07/16:23:57 solver.py:141 ] Epoch: [191/400][20/36] lr: 6.46e-04 | MSE loss: 6.8053e-03 | time: 0.168
I 06.07/16:23:59 solver.py:151 ] => Train  Loss: 6.8593e-03

I 06.07/16:23:59 solver.py:206 ] 
=! Best NMSE: -1.9261e+01 (epoch=180)

I 06.07/16:24:04 solver.py:141 ] Epoch: [192/400][20/36] lr: 6.42e-04 | MSE loss: 6.8136e-03 | time: 0.244
I 06.07/16:24:06 solver.py:151 ] => Train  Loss: 6.7582e-03

I 06.07/16:24:06 solver.py:206 ] 
=! Best NMSE: -1.9261e+01 (epoch=180)

I 06.07/16:24:10 solver.py:141 ] Epoch: [193/400][20/36] lr: 6.38e-04 | MSE loss: 6.3982e-03 | time: 0.160
I 06.07/16:24:12 solver.py:151 ] => Train  Loss: 6.7374e-03

I 06.07/16:24:12 solver.py:206 ] 
=! Best NMSE: -1.9261e+01 (epoch=180)

I 06.07/16:24:15 solver.py:141 ] Epoch: [194/400][20/36] lr: 6.34e-04 | MSE loss: 6.7891e-03 | time: 0.162
I 06.07/16:24:18 solver.py:151 ] => Train  Loss: 6.8933e-03

I 06.07/16:24:18 solver.py:206 ] 
=! Best NMSE: -1.9261e+01 (epoch=180)

I 06.07/16:24:21 solver.py:141 ] Epoch: [195/400][20/36] lr: 6.30e-04 | MSE loss: 6.7336e-03 | time: 0.153
I 06.07/16:24:23 solver.py:151 ] => Train  Loss: 6.7265e-03

I 06.07/16:24:23 solver.py:206 ] 
=! Best NMSE: -1.9261e+01 (epoch=180)

I 06.07/16:24:26 solver.py:141 ] Epoch: [196/400][20/36] lr: 6.26e-04 | MSE loss: 7.2674e-03 | time: 0.144
I 06.07/16:24:28 solver.py:151 ] => Train  Loss: 6.7348e-03

I 06.07/16:24:28 solver.py:206 ] 
=! Best NMSE: -1.9261e+01 (epoch=180)

I 06.07/16:24:31 solver.py:141 ] Epoch: [197/400][20/36] lr: 6.22e-04 | MSE loss: 7.0743e-03 | time: 0.151
I 06.07/16:24:33 solver.py:151 ] => Train  Loss: 6.7434e-03

I 06.07/16:24:33 solver.py:206 ] 
=! Best NMSE: -1.9261e+01 (epoch=180)

I 06.07/16:24:36 solver.py:141 ] Epoch: [198/400][20/36] lr: 6.17e-04 | MSE loss: 7.0367e-03 | time: 0.156
I 06.07/16:24:39 solver.py:151 ] => Train  Loss: 6.7747e-03

I 06.07/16:24:39 solver.py:206 ] 
=! Best NMSE: -1.9261e+01 (epoch=180)

I 06.07/16:24:42 solver.py:141 ] Epoch: [199/400][20/36] lr: 6.13e-04 | MSE loss: 6.7314e-03 | time: 0.165
I 06.07/16:24:45 solver.py:151 ] => Train  Loss: 6.7519e-03

I 06.07/16:24:45 solver.py:206 ] 
=! Best NMSE: -1.9261e+01 (epoch=180)

I 06.07/16:24:48 solver.py:141 ] Epoch: [200/400][20/36] lr: 6.09e-04 | MSE loss: 6.9574e-03 | time: 0.147
I 06.07/16:24:50 solver.py:151 ] => Train  Loss: 6.7950e-03

I 06.07/16:24:50 solver.py:151 ] => Val  Loss: 6.2918e-03

I 06.07/16:24:51 solver.py:285 ] => Test NMSE: -1.9261e+01

I 06.07/16:24:51 solver.py:206 ] 
=! Best NMSE: -1.9261e+01 (epoch=200)

I 06.07/16:24:54 solver.py:141 ] Epoch: [201/400][20/36] lr: 6.05e-04 | MSE loss: 6.4869e-03 | time: 0.151
I 06.07/16:24:57 solver.py:151 ] => Train  Loss: 7.0449e-03

I 06.07/16:24:57 solver.py:206 ] 
=! Best NMSE: -1.9261e+01 (epoch=200)

I 06.07/16:25:00 solver.py:141 ] Epoch: [202/400][20/36] lr: 6.01e-04 | MSE loss: 7.3993e-03 | time: 0.152
I 06.07/16:25:04 solver.py:151 ] => Train  Loss: 6.7531e-03

I 06.07/16:25:04 solver.py:206 ] 
=! Best NMSE: -1.9261e+01 (epoch=200)

I 06.07/16:25:07 solver.py:141 ] Epoch: [203/400][20/36] lr: 5.97e-04 | MSE loss: 6.3313e-03 | time: 0.173
I 06.07/16:25:09 solver.py:151 ] => Train  Loss: 6.7691e-03

I 06.07/16:25:09 solver.py:206 ] 
=! Best NMSE: -1.9261e+01 (epoch=200)

I 06.07/16:25:12 solver.py:141 ] Epoch: [204/400][20/36] lr: 5.93e-04 | MSE loss: 7.0109e-03 | time: 0.149
I 06.07/16:25:15 solver.py:151 ] => Train  Loss: 6.8340e-03

I 06.07/16:25:15 solver.py:206 ] 
=! Best NMSE: -1.9261e+01 (epoch=200)

I 06.07/16:25:18 solver.py:141 ] Epoch: [205/400][20/36] lr: 5.89e-04 | MSE loss: 7.1684e-03 | time: 0.161
I 06.07/16:25:20 solver.py:151 ] => Train  Loss: 6.8835e-03

I 06.07/16:25:20 solver.py:206 ] 
=! Best NMSE: -1.9261e+01 (epoch=200)

I 06.07/16:25:23 solver.py:141 ] Epoch: [206/400][20/36] lr: 5.85e-04 | MSE loss: 6.5260e-03 | time: 0.149
I 06.07/16:25:25 solver.py:151 ] => Train  Loss: 6.8983e-03

I 06.07/16:25:25 solver.py:206 ] 
=! Best NMSE: -1.9261e+01 (epoch=200)

I 06.07/16:25:28 solver.py:141 ] Epoch: [207/400][20/36] lr: 5.81e-04 | MSE loss: 7.0327e-03 | time: 0.148
I 06.07/16:25:31 solver.py:151 ] => Train  Loss: 6.7661e-03

I 06.07/16:25:31 solver.py:206 ] 
=! Best NMSE: -1.9261e+01 (epoch=200)

I 06.07/16:25:34 solver.py:141 ] Epoch: [208/400][20/36] lr: 5.76e-04 | MSE loss: 6.8229e-03 | time: 0.149
I 06.07/16:25:36 solver.py:151 ] => Train  Loss: 6.8204e-03

I 06.07/16:25:36 solver.py:206 ] 
=! Best NMSE: -1.9261e+01 (epoch=200)

I 06.07/16:25:39 solver.py:141 ] Epoch: [209/400][20/36] lr: 5.72e-04 | MSE loss: 7.0212e-03 | time: 0.159
I 06.07/16:25:41 solver.py:151 ] => Train  Loss: 6.8175e-03

I 06.07/16:25:41 solver.py:206 ] 
=! Best NMSE: -1.9261e+01 (epoch=200)

I 06.07/16:25:44 solver.py:141 ] Epoch: [210/400][20/36] lr: 5.68e-04 | MSE loss: 7.1421e-03 | time: 0.147
I 06.07/16:25:46 solver.py:151 ] => Train  Loss: 6.7972e-03

I 06.07/16:25:47 solver.py:151 ] => Val  Loss: 6.2918e-03

I 06.07/16:25:47 solver.py:285 ] => Test NMSE: -1.9261e+01

I 06.07/16:25:48 solver.py:206 ] 
=! Best NMSE: -1.9261e+01 (epoch=210)

I 06.07/16:25:51 solver.py:141 ] Epoch: [211/400][20/36] lr: 5.64e-04 | MSE loss: 6.9333e-03 | time: 0.181
I 06.07/16:25:54 solver.py:151 ] => Train  Loss: 6.7966e-03

I 06.07/16:25:54 solver.py:206 ] 
=! Best NMSE: -1.9261e+01 (epoch=210)

I 06.07/16:25:57 solver.py:141 ] Epoch: [212/400][20/36] lr: 5.60e-04 | MSE loss: 7.1595e-03 | time: 0.166
I 06.07/16:25:59 solver.py:151 ] => Train  Loss: 6.7308e-03

I 06.07/16:25:59 solver.py:206 ] 
=! Best NMSE: -1.9261e+01 (epoch=210)

I 06.07/16:26:05 solver.py:141 ] Epoch: [213/400][20/36] lr: 5.56e-04 | MSE loss: 6.6901e-03 | time: 0.260
I 06.07/16:26:07 solver.py:151 ] => Train  Loss: 6.9166e-03

I 06.07/16:26:07 solver.py:206 ] 
=! Best NMSE: -1.9261e+01 (epoch=210)

I 06.07/16:26:10 solver.py:141 ] Epoch: [214/400][20/36] lr: 5.52e-04 | MSE loss: 7.2669e-03 | time: 0.143
I 06.07/16:26:12 solver.py:151 ] => Train  Loss: 6.7518e-03

I 06.07/16:26:12 solver.py:206 ] 
=! Best NMSE: -1.9261e+01 (epoch=210)

I 06.07/16:26:15 solver.py:141 ] Epoch: [215/400][20/36] lr: 5.48e-04 | MSE loss: 7.3103e-03 | time: 0.159
I 06.07/16:26:17 solver.py:151 ] => Train  Loss: 6.8015e-03

I 06.07/16:26:17 solver.py:206 ] 
=! Best NMSE: -1.9261e+01 (epoch=210)

I 06.07/16:26:21 solver.py:141 ] Epoch: [216/400][20/36] lr: 5.43e-04 | MSE loss: 6.7634e-03 | time: 0.165
I 06.07/16:26:23 solver.py:151 ] => Train  Loss: 6.8518e-03

I 06.07/16:26:23 solver.py:206 ] 
=! Best NMSE: -1.9261e+01 (epoch=210)

I 06.07/16:26:26 solver.py:141 ] Epoch: [217/400][20/36] lr: 5.39e-04 | MSE loss: 7.0236e-03 | time: 0.158
I 06.07/16:26:28 solver.py:151 ] => Train  Loss: 6.7767e-03

I 06.07/16:26:28 solver.py:206 ] 
=! Best NMSE: -1.9261e+01 (epoch=210)

I 06.07/16:26:31 solver.py:141 ] Epoch: [218/400][20/36] lr: 5.35e-04 | MSE loss: 7.1089e-03 | time: 0.163
I 06.07/16:26:34 solver.py:151 ] => Train  Loss: 7.0617e-03

I 06.07/16:26:34 solver.py:206 ] 
=! Best NMSE: -1.9261e+01 (epoch=210)

I 06.07/16:26:37 solver.py:141 ] Epoch: [219/400][20/36] lr: 5.31e-04 | MSE loss: 7.3452e-03 | time: 0.164
I 06.07/16:26:39 solver.py:151 ] => Train  Loss: 7.0165e-03

I 06.07/16:26:39 solver.py:206 ] 
=! Best NMSE: -1.9261e+01 (epoch=210)

I 06.07/16:26:42 solver.py:141 ] Epoch: [220/400][20/36] lr: 5.27e-04 | MSE loss: 6.8756e-03 | time: 0.142
I 06.07/16:26:44 solver.py:151 ] => Train  Loss: 6.9194e-03

I 06.07/16:26:44 solver.py:151 ] => Val  Loss: 6.2917e-03

I 06.07/16:26:45 solver.py:285 ] => Test NMSE: -1.9261e+01

I 06.07/16:26:45 solver.py:206 ] 
=! Best NMSE: -1.9261e+01 (epoch=220)

I 06.07/16:26:48 solver.py:141 ] Epoch: [221/400][20/36] lr: 5.23e-04 | MSE loss: 6.7499e-03 | time: 0.151
I 06.07/16:26:51 solver.py:151 ] => Train  Loss: 6.9802e-03

I 06.07/16:26:51 solver.py:206 ] 
=! Best NMSE: -1.9261e+01 (epoch=220)

I 06.07/16:26:53 solver.py:141 ] Epoch: [222/400][20/36] lr: 5.19e-04 | MSE loss: 6.9909e-03 | time: 0.141
I 06.07/16:26:56 solver.py:151 ] => Train  Loss: 6.7544e-03

I 06.07/16:26:56 solver.py:206 ] 
=! Best NMSE: -1.9261e+01 (epoch=220)

I 06.07/16:26:59 solver.py:141 ] Epoch: [223/400][20/36] lr: 5.14e-04 | MSE loss: 6.8356e-03 | time: 0.156
I 06.07/16:27:02 solver.py:151 ] => Train  Loss: 6.7633e-03

I 06.07/16:27:02 solver.py:206 ] 
=! Best NMSE: -1.9261e+01 (epoch=220)

I 06.07/16:27:06 solver.py:141 ] Epoch: [224/400][20/36] lr: 5.10e-04 | MSE loss: 6.6698e-03 | time: 0.213
I 06.07/16:27:09 solver.py:151 ] => Train  Loss: 7.0093e-03

I 06.07/16:27:09 solver.py:206 ] 
=! Best NMSE: -1.9261e+01 (epoch=220)

I 06.07/16:27:12 solver.py:141 ] Epoch: [225/400][20/36] lr: 5.06e-04 | MSE loss: 6.9822e-03 | time: 0.152
I 06.07/16:27:14 solver.py:151 ] => Train  Loss: 6.7320e-03

I 06.07/16:27:14 solver.py:206 ] 
=! Best NMSE: -1.9261e+01 (epoch=220)

I 06.07/16:27:17 solver.py:141 ] Epoch: [226/400][20/36] lr: 5.02e-04 | MSE loss: 6.5555e-03 | time: 0.150
I 06.07/16:27:19 solver.py:151 ] => Train  Loss: 6.9890e-03

I 06.07/16:27:19 solver.py:206 ] 
=! Best NMSE: -1.9261e+01 (epoch=220)

I 06.07/16:27:22 solver.py:141 ] Epoch: [227/400][20/36] lr: 4.98e-04 | MSE loss: 6.9534e-03 | time: 0.154
I 06.07/16:27:24 solver.py:151 ] => Train  Loss: 6.9382e-03

I 06.07/16:27:24 solver.py:206 ] 
=! Best NMSE: -1.9261e+01 (epoch=220)

I 06.07/16:27:27 solver.py:141 ] Epoch: [228/400][20/36] lr: 4.94e-04 | MSE loss: 6.9652e-03 | time: 0.150
I 06.07/16:27:30 solver.py:151 ] => Train  Loss: 6.8668e-03

I 06.07/16:27:30 solver.py:206 ] 
=! Best NMSE: -1.9261e+01 (epoch=220)

I 06.07/16:27:33 solver.py:141 ] Epoch: [229/400][20/36] lr: 4.90e-04 | MSE loss: 6.6114e-03 | time: 0.155
I 06.07/16:27:35 solver.py:151 ] => Train  Loss: 7.0014e-03

I 06.07/16:27:35 solver.py:206 ] 
=! Best NMSE: -1.9261e+01 (epoch=220)

I 06.07/16:27:38 solver.py:141 ] Epoch: [230/400][20/36] lr: 4.85e-04 | MSE loss: 6.6436e-03 | time: 0.151
I 06.07/16:27:41 solver.py:151 ] => Train  Loss: 6.7345e-03

I 06.07/16:27:41 solver.py:151 ] => Val  Loss: 6.2916e-03

I 06.07/16:27:42 solver.py:285 ] => Test NMSE: -1.9261e+01

I 06.07/16:27:42 solver.py:206 ] 
=! Best NMSE: -1.9261e+01 (epoch=230)

I 06.07/16:27:45 solver.py:141 ] Epoch: [231/400][20/36] lr: 4.81e-04 | MSE loss: 6.4450e-03 | time: 0.148
I 06.07/16:27:47 solver.py:151 ] => Train  Loss: 7.0267e-03

I 06.07/16:27:47 solver.py:206 ] 
=! Best NMSE: -1.9261e+01 (epoch=230)

I 06.07/16:27:50 solver.py:141 ] Epoch: [232/400][20/36] lr: 4.77e-04 | MSE loss: 7.1048e-03 | time: 0.144
I 06.07/16:27:53 solver.py:151 ] => Train  Loss: 6.7867e-03

I 06.07/16:27:53 solver.py:206 ] 
=! Best NMSE: -1.9261e+01 (epoch=230)

I 06.07/16:27:56 solver.py:141 ] Epoch: [233/400][20/36] lr: 4.73e-04 | MSE loss: 6.5670e-03 | time: 0.143
I 06.07/16:27:58 solver.py:151 ] => Train  Loss: 7.0585e-03

I 06.07/16:27:58 solver.py:206 ] 
=! Best NMSE: -1.9261e+01 (epoch=230)

I 06.07/16:28:02 solver.py:141 ] Epoch: [234/400][20/36] lr: 4.69e-04 | MSE loss: 7.0949e-03 | time: 0.224
I 06.07/16:28:06 solver.py:151 ] => Train  Loss: 7.0144e-03

I 06.07/16:28:06 solver.py:206 ] 
=! Best NMSE: -1.9261e+01 (epoch=230)

I 06.07/16:28:09 solver.py:141 ] Epoch: [235/400][20/36] lr: 4.65e-04 | MSE loss: 7.0040e-03 | time: 0.159
I 06.07/16:28:11 solver.py:151 ] => Train  Loss: 6.8117e-03

I 06.07/16:28:11 solver.py:206 ] 
=! Best NMSE: -1.9261e+01 (epoch=230)

I 06.07/16:28:14 solver.py:141 ] Epoch: [236/400][20/36] lr: 4.61e-04 | MSE loss: 6.7804e-03 | time: 0.139
I 06.07/16:28:16 solver.py:151 ] => Train  Loss: 7.0671e-03

I 06.07/16:28:16 solver.py:206 ] 
=! Best NMSE: -1.9261e+01 (epoch=230)

I 06.07/16:28:19 solver.py:141 ] Epoch: [237/400][20/36] lr: 4.57e-04 | MSE loss: 6.9041e-03 | time: 0.143
I 06.07/16:28:21 solver.py:151 ] => Train  Loss: 6.7440e-03

I 06.07/16:28:21 solver.py:206 ] 
=! Best NMSE: -1.9261e+01 (epoch=230)

I 06.07/16:28:25 solver.py:141 ] Epoch: [238/400][20/36] lr: 4.53e-04 | MSE loss: 7.0635e-03 | time: 0.158
I 06.07/16:28:27 solver.py:151 ] => Train  Loss: 6.8761e-03

I 06.07/16:28:27 solver.py:206 ] 
=! Best NMSE: -1.9261e+01 (epoch=230)

I 06.07/16:28:30 solver.py:141 ] Epoch: [239/400][20/36] lr: 4.48e-04 | MSE loss: 7.1111e-03 | time: 0.158
I 06.07/16:28:32 solver.py:151 ] => Train  Loss: 6.8092e-03

I 06.07/16:28:32 solver.py:206 ] 
=! Best NMSE: -1.9261e+01 (epoch=230)

I 06.07/16:28:35 solver.py:141 ] Epoch: [240/400][20/36] lr: 4.44e-04 | MSE loss: 6.9524e-03 | time: 0.147
I 06.07/16:28:37 solver.py:151 ] => Train  Loss: 6.7627e-03

I 06.07/16:28:38 solver.py:151 ] => Val  Loss: 6.2918e-03

I 06.07/16:28:38 solver.py:285 ] => Test NMSE: -1.9261e+01

I 06.07/16:28:38 solver.py:206 ] 
=! Best NMSE: -1.9261e+01 (epoch=230)

I 06.07/16:28:41 solver.py:141 ] Epoch: [241/400][20/36] lr: 4.40e-04 | MSE loss: 6.6243e-03 | time: 0.154
I 06.07/16:28:44 solver.py:151 ] => Train  Loss: 6.9302e-03

I 06.07/16:28:44 solver.py:206 ] 
=! Best NMSE: -1.9261e+01 (epoch=230)

I 06.07/16:28:47 solver.py:141 ] Epoch: [242/400][20/36] lr: 4.36e-04 | MSE loss: 6.5287e-03 | time: 0.174
I 06.07/16:28:50 solver.py:151 ] => Train  Loss: 7.0260e-03

I 06.07/16:28:50 solver.py:206 ] 
=! Best NMSE: -1.9261e+01 (epoch=230)

I 06.07/16:28:53 solver.py:141 ] Epoch: [243/400][20/36] lr: 4.32e-04 | MSE loss: 6.8206e-03 | time: 0.179
I 06.07/16:28:56 solver.py:151 ] => Train  Loss: 7.0204e-03

I 06.07/16:28:56 solver.py:206 ] 
=! Best NMSE: -1.9261e+01 (epoch=230)

I 06.07/16:28:59 solver.py:141 ] Epoch: [244/400][20/36] lr: 4.28e-04 | MSE loss: 7.2670e-03 | time: 0.166
I 06.07/16:29:02 solver.py:151 ] => Train  Loss: 6.7523e-03

I 06.07/16:29:03 solver.py:206 ] 
=! Best NMSE: -1.9261e+01 (epoch=230)

I 06.07/16:29:07 solver.py:141 ] Epoch: [245/400][20/36] lr: 4.24e-04 | MSE loss: 7.1638e-03 | time: 0.214
I 06.07/16:29:09 solver.py:151 ] => Train  Loss: 6.8732e-03

I 06.07/16:29:09 solver.py:206 ] 
=! Best NMSE: -1.9261e+01 (epoch=230)

I 06.07/16:29:13 solver.py:141 ] Epoch: [246/400][20/36] lr: 4.20e-04 | MSE loss: 6.7139e-03 | time: 0.173
I 06.07/16:29:15 solver.py:151 ] => Train  Loss: 6.7440e-03

I 06.07/16:29:15 solver.py:206 ] 
=! Best NMSE: -1.9261e+01 (epoch=230)

I 06.07/16:29:19 solver.py:141 ] Epoch: [247/400][20/36] lr: 4.16e-04 | MSE loss: 6.5794e-03 | time: 0.162
I 06.07/16:29:21 solver.py:151 ] => Train  Loss: 6.7760e-03

I 06.07/16:29:21 solver.py:206 ] 
=! Best NMSE: -1.9261e+01 (epoch=230)

I 06.07/16:29:25 solver.py:141 ] Epoch: [248/400][20/36] lr: 4.12e-04 | MSE loss: 6.6134e-03 | time: 0.176
I 06.07/16:29:27 solver.py:151 ] => Train  Loss: 6.8964e-03

I 06.07/16:29:27 solver.py:206 ] 
=! Best NMSE: -1.9261e+01 (epoch=230)

I 06.07/16:29:31 solver.py:141 ] Epoch: [249/400][20/36] lr: 4.08e-04 | MSE loss: 6.7530e-03 | time: 0.184
I 06.07/16:29:33 solver.py:151 ] => Train  Loss: 6.7667e-03

I 06.07/16:29:33 solver.py:206 ] 
=! Best NMSE: -1.9261e+01 (epoch=230)

I 06.07/16:29:36 solver.py:141 ] Epoch: [250/400][20/36] lr: 4.04e-04 | MSE loss: 6.8520e-03 | time: 0.172
I 06.07/16:29:39 solver.py:151 ] => Train  Loss: 6.7665e-03

I 06.07/16:29:40 solver.py:151 ] => Val  Loss: 6.2917e-03

I 06.07/16:29:40 solver.py:285 ] => Test NMSE: -1.9261e+01

I 06.07/16:29:40 solver.py:206 ] 
=! Best NMSE: -1.9261e+01 (epoch=230)

I 06.07/16:29:44 solver.py:141 ] Epoch: [251/400][20/36] lr: 4.00e-04 | MSE loss: 6.8142e-03 | time: 0.174
I 06.07/16:29:46 solver.py:151 ] => Train  Loss: 6.8736e-03

I 06.07/16:29:46 solver.py:206 ] 
=! Best NMSE: -1.9261e+01 (epoch=230)

I 06.07/16:29:49 solver.py:141 ] Epoch: [252/400][20/36] lr: 3.96e-04 | MSE loss: 6.5001e-03 | time: 0.144
I 06.07/16:29:51 solver.py:151 ] => Train  Loss: 6.7773e-03

I 06.07/16:29:51 solver.py:206 ] 
=! Best NMSE: -1.9261e+01 (epoch=230)

I 06.07/16:29:54 solver.py:141 ] Epoch: [253/400][20/36] lr: 3.92e-04 | MSE loss: 6.9794e-03 | time: 0.146
I 06.07/16:29:56 solver.py:151 ] => Train  Loss: 6.9307e-03

I 06.07/16:29:56 solver.py:206 ] 
=! Best NMSE: -1.9261e+01 (epoch=230)

I 06.07/16:29:59 solver.py:141 ] Epoch: [254/400][20/36] lr: 3.88e-04 | MSE loss: 7.3271e-03 | time: 0.146
I 06.07/16:30:03 solver.py:151 ] => Train  Loss: 6.8885e-03

I 06.07/16:30:03 solver.py:206 ] 
=! Best NMSE: -1.9261e+01 (epoch=230)

I 06.07/16:30:07 solver.py:141 ] Epoch: [255/400][20/36] lr: 3.84e-04 | MSE loss: 7.0072e-03 | time: 0.206
I 06.07/16:30:09 solver.py:151 ] => Train  Loss: 6.7444e-03

I 06.07/16:30:09 solver.py:206 ] 
=! Best NMSE: -1.9261e+01 (epoch=230)

I 06.07/16:30:12 solver.py:141 ] Epoch: [256/400][20/36] lr: 3.80e-04 | MSE loss: 6.7889e-03 | time: 0.160
I 06.07/16:30:15 solver.py:151 ] => Train  Loss: 7.0652e-03

I 06.07/16:30:15 solver.py:206 ] 
=! Best NMSE: -1.9261e+01 (epoch=230)

I 06.07/16:30:18 solver.py:141 ] Epoch: [257/400][20/36] lr: 3.76e-04 | MSE loss: 6.8110e-03 | time: 0.144
I 06.07/16:30:20 solver.py:151 ] => Train  Loss: 6.7457e-03

I 06.07/16:30:20 solver.py:206 ] 
=! Best NMSE: -1.9261e+01 (epoch=230)

I 06.07/16:30:23 solver.py:141 ] Epoch: [258/400][20/36] lr: 3.72e-04 | MSE loss: 6.6717e-03 | time: 0.146
I 06.07/16:30:25 solver.py:151 ] => Train  Loss: 6.7723e-03

I 06.07/16:30:25 solver.py:206 ] 
=! Best NMSE: -1.9261e+01 (epoch=230)

I 06.07/16:30:28 solver.py:141 ] Epoch: [259/400][20/36] lr: 3.68e-04 | MSE loss: 6.7928e-03 | time: 0.144
I 06.07/16:30:30 solver.py:151 ] => Train  Loss: 6.8442e-03

I 06.07/16:30:30 solver.py:206 ] 
=! Best NMSE: -1.9261e+01 (epoch=230)

I 06.07/16:30:33 solver.py:141 ] Epoch: [260/400][20/36] lr: 3.64e-04 | MSE loss: 6.7708e-03 | time: 0.160
I 06.07/16:30:36 solver.py:151 ] => Train  Loss: 6.8111e-03

I 06.07/16:30:36 solver.py:151 ] => Val  Loss: 6.2916e-03

I 06.07/16:30:37 solver.py:285 ] => Test NMSE: -1.9261e+01

I 06.07/16:30:37 solver.py:206 ] 
=! Best NMSE: -1.9261e+01 (epoch=260)

I 06.07/16:30:40 solver.py:141 ] Epoch: [261/400][20/36] lr: 3.60e-04 | MSE loss: 6.6325e-03 | time: 0.139
I 06.07/16:30:42 solver.py:151 ] => Train  Loss: 6.7556e-03

I 06.07/16:30:42 solver.py:206 ] 
=! Best NMSE: -1.9261e+01 (epoch=260)

I 06.07/16:30:45 solver.py:141 ] Epoch: [262/400][20/36] lr: 3.56e-04 | MSE loss: 7.0424e-03 | time: 0.146
I 06.07/16:30:47 solver.py:151 ] => Train  Loss: 6.7694e-03

I 06.07/16:30:47 solver.py:206 ] 
=! Best NMSE: -1.9261e+01 (epoch=260)

I 06.07/16:30:50 solver.py:141 ] Epoch: [263/400][20/36] lr: 3.53e-04 | MSE loss: 6.8531e-03 | time: 0.150
I 06.07/16:30:52 solver.py:151 ] => Train  Loss: 6.7890e-03

I 06.07/16:30:52 solver.py:206 ] 
=! Best NMSE: -1.9261e+01 (epoch=260)

I 06.07/16:30:55 solver.py:141 ] Epoch: [264/400][20/36] lr: 3.49e-04 | MSE loss: 7.0360e-03 | time: 0.154
I 06.07/16:30:57 solver.py:151 ] => Train  Loss: 6.7661e-03

I 06.07/16:30:57 solver.py:206 ] 
=! Best NMSE: -1.9261e+01 (epoch=260)

I 06.07/16:31:01 solver.py:141 ] Epoch: [265/400][20/36] lr: 3.45e-04 | MSE loss: 6.8721e-03 | time: 0.156
I 06.07/16:31:04 solver.py:151 ] => Train  Loss: 6.7440e-03

I 06.07/16:31:04 solver.py:206 ] 
=! Best NMSE: -1.9261e+01 (epoch=260)

I 06.07/16:31:07 solver.py:141 ] Epoch: [266/400][20/36] lr: 3.41e-04 | MSE loss: 6.9620e-03 | time: 0.146
I 06.07/16:31:09 solver.py:151 ] => Train  Loss: 6.8013e-03

I 06.07/16:31:09 solver.py:206 ] 
=! Best NMSE: -1.9261e+01 (epoch=260)

I 06.07/16:31:12 solver.py:141 ] Epoch: [267/400][20/36] lr: 3.37e-04 | MSE loss: 6.7242e-03 | time: 0.144
I 06.07/16:31:15 solver.py:151 ] => Train  Loss: 6.7316e-03

I 06.07/16:31:15 solver.py:206 ] 
=! Best NMSE: -1.9261e+01 (epoch=260)

I 06.07/16:31:18 solver.py:141 ] Epoch: [268/400][20/36] lr: 3.33e-04 | MSE loss: 6.8646e-03 | time: 0.146
I 06.07/16:31:20 solver.py:151 ] => Train  Loss: 6.9187e-03

I 06.07/16:31:20 solver.py:206 ] 
=! Best NMSE: -1.9261e+01 (epoch=260)

I 06.07/16:31:23 solver.py:141 ] Epoch: [269/400][20/36] lr: 3.30e-04 | MSE loss: 6.9444e-03 | time: 0.145
I 06.07/16:31:25 solver.py:151 ] => Train  Loss: 6.7628e-03

I 06.07/16:31:25 solver.py:206 ] 
=! Best NMSE: -1.9261e+01 (epoch=260)

I 06.07/16:31:28 solver.py:141 ] Epoch: [270/400][20/36] lr: 3.26e-04 | MSE loss: 6.9055e-03 | time: 0.146
I 06.07/16:31:30 solver.py:151 ] => Train  Loss: 6.7943e-03

I 06.07/16:31:31 solver.py:151 ] => Val  Loss: 6.2916e-03

I 06.07/16:31:31 solver.py:285 ] => Test NMSE: -1.9261e+01

I 06.07/16:31:31 solver.py:206 ] 
=! Best NMSE: -1.9261e+01 (epoch=260)

I 06.07/16:31:35 solver.py:141 ] Epoch: [271/400][20/36] lr: 3.22e-04 | MSE loss: 6.8995e-03 | time: 0.162
I 06.07/16:31:37 solver.py:151 ] => Train  Loss: 6.7343e-03

I 06.07/16:31:37 solver.py:206 ] 
=! Best NMSE: -1.9261e+01 (epoch=260)

I 06.07/16:31:40 solver.py:141 ] Epoch: [272/400][20/36] lr: 3.18e-04 | MSE loss: 7.1665e-03 | time: 0.150
I 06.07/16:31:42 solver.py:151 ] => Train  Loss: 7.0502e-03

I 06.07/16:31:42 solver.py:206 ] 
=! Best NMSE: -1.9261e+01 (epoch=260)

I 06.07/16:31:45 solver.py:141 ] Epoch: [273/400][20/36] lr: 3.15e-04 | MSE loss: 6.7711e-03 | time: 0.147
I 06.07/16:31:47 solver.py:151 ] => Train  Loss: 6.7505e-03

I 06.07/16:31:47 solver.py:206 ] 
=! Best NMSE: -1.9261e+01 (epoch=260)

I 06.07/16:31:50 solver.py:141 ] Epoch: [274/400][20/36] lr: 3.11e-04 | MSE loss: 6.6221e-03 | time: 0.149
I 06.07/16:31:53 solver.py:151 ] => Train  Loss: 6.7625e-03

I 06.07/16:31:53 solver.py:206 ] 
=! Best NMSE: -1.9261e+01 (epoch=260)

I 06.07/16:31:56 solver.py:141 ] Epoch: [275/400][20/36] lr: 3.07e-04 | MSE loss: 7.0924e-03 | time: 0.152
I 06.07/16:31:58 solver.py:151 ] => Train  Loss: 6.8563e-03

I 06.07/16:31:58 solver.py:206 ] 
=! Best NMSE: -1.9261e+01 (epoch=260)

I 06.07/16:32:01 solver.py:141 ] Epoch: [276/400][20/36] lr: 3.04e-04 | MSE loss: 6.7096e-03 | time: 0.181
I 06.07/16:32:05 solver.py:151 ] => Train  Loss: 6.7389e-03

I 06.07/16:32:05 solver.py:206 ] 
=! Best NMSE: -1.9261e+01 (epoch=260)

I 06.07/16:32:08 solver.py:141 ] Epoch: [277/400][20/36] lr: 3.00e-04 | MSE loss: 6.4673e-03 | time: 0.147
I 06.07/16:32:10 solver.py:151 ] => Train  Loss: 6.9035e-03

I 06.07/16:32:10 solver.py:206 ] 
=! Best NMSE: -1.9261e+01 (epoch=260)

I 06.07/16:32:13 solver.py:141 ] Epoch: [278/400][20/36] lr: 2.96e-04 | MSE loss: 7.0602e-03 | time: 0.139
I 06.07/16:32:15 solver.py:151 ] => Train  Loss: 6.7364e-03

I 06.07/16:32:15 solver.py:206 ] 
=! Best NMSE: -1.9261e+01 (epoch=260)

I 06.07/16:32:18 solver.py:141 ] Epoch: [279/400][20/36] lr: 2.93e-04 | MSE loss: 6.3099e-03 | time: 0.158
I 06.07/16:32:20 solver.py:151 ] => Train  Loss: 6.7805e-03

I 06.07/16:32:20 solver.py:206 ] 
=! Best NMSE: -1.9261e+01 (epoch=260)

I 06.07/16:32:23 solver.py:141 ] Epoch: [280/400][20/36] lr: 2.89e-04 | MSE loss: 7.0250e-03 | time: 0.154
I 06.07/16:32:26 solver.py:151 ] => Train  Loss: 6.8004e-03

I 06.07/16:32:26 solver.py:151 ] => Val  Loss: 6.2916e-03

I 06.07/16:32:27 solver.py:285 ] => Test NMSE: -1.9261e+01

I 06.07/16:32:27 solver.py:206 ] 
=! Best NMSE: -1.9261e+01 (epoch=260)

I 06.07/16:32:30 solver.py:141 ] Epoch: [281/400][20/36] lr: 2.86e-04 | MSE loss: 7.1643e-03 | time: 0.159
I 06.07/16:32:32 solver.py:151 ] => Train  Loss: 7.0969e-03

I 06.07/16:32:32 solver.py:206 ] 
=! Best NMSE: -1.9261e+01 (epoch=260)

I 06.07/16:32:35 solver.py:141 ] Epoch: [282/400][20/36] lr: 2.82e-04 | MSE loss: 6.6344e-03 | time: 0.140
I 06.07/16:32:37 solver.py:151 ] => Train  Loss: 6.7411e-03

I 06.07/16:32:37 solver.py:206 ] 
=! Best NMSE: -1.9261e+01 (epoch=260)

I 06.07/16:32:40 solver.py:141 ] Epoch: [283/400][20/36] lr: 2.78e-04 | MSE loss: 6.4025e-03 | time: 0.134
I 06.07/16:32:42 solver.py:151 ] => Train  Loss: 6.7900e-03

I 06.07/16:32:42 solver.py:206 ] 
=! Best NMSE: -1.9261e+01 (epoch=260)

I 06.07/16:32:45 solver.py:141 ] Epoch: [284/400][20/36] lr: 2.75e-04 | MSE loss: 6.3806e-03 | time: 0.150
I 06.07/16:32:47 solver.py:151 ] => Train  Loss: 6.7320e-03

I 06.07/16:32:47 solver.py:206 ] 
=! Best NMSE: -1.9261e+01 (epoch=260)

I 06.07/16:32:50 solver.py:141 ] Epoch: [285/400][20/36] lr: 2.71e-04 | MSE loss: 6.5319e-03 | time: 0.160
I 06.07/16:32:52 solver.py:151 ] => Train  Loss: 6.7435e-03

I 06.07/16:32:52 solver.py:206 ] 
=! Best NMSE: -1.9261e+01 (epoch=260)

I 06.07/16:32:55 solver.py:141 ] Epoch: [286/400][20/36] lr: 2.68e-04 | MSE loss: 6.4728e-03 | time: 0.131
I 06.07/16:32:57 solver.py:151 ] => Train  Loss: 6.7479e-03

I 06.07/16:32:57 solver.py:206 ] 
=! Best NMSE: -1.9261e+01 (epoch=260)

I 06.07/16:33:00 solver.py:141 ] Epoch: [287/400][20/36] lr: 2.64e-04 | MSE loss: 6.5246e-03 | time: 0.136
I 06.07/16:33:03 solver.py:151 ] => Train  Loss: 6.8594e-03

I 06.07/16:33:03 solver.py:206 ] 
=! Best NMSE: -1.9261e+01 (epoch=260)

I 06.07/16:33:06 solver.py:141 ] Epoch: [288/400][20/36] lr: 2.61e-04 | MSE loss: 7.0397e-03 | time: 0.191
I 06.07/16:33:09 solver.py:151 ] => Train  Loss: 7.0766e-03

I 06.07/16:33:09 solver.py:206 ] 
=! Best NMSE: -1.9261e+01 (epoch=260)

I 06.07/16:33:12 solver.py:141 ] Epoch: [289/400][20/36] lr: 2.57e-04 | MSE loss: 7.1278e-03 | time: 0.143
I 06.07/16:33:14 solver.py:151 ] => Train  Loss: 6.7742e-03

I 06.07/16:33:14 solver.py:206 ] 
=! Best NMSE: -1.9261e+01 (epoch=260)

I 06.07/16:33:16 solver.py:141 ] Epoch: [290/400][20/36] lr: 2.54e-04 | MSE loss: 7.2713e-03 | time: 0.141
I 06.07/16:33:19 solver.py:151 ] => Train  Loss: 6.8816e-03

I 06.07/16:33:19 solver.py:151 ] => Val  Loss: 6.2916e-03

I 06.07/16:33:20 solver.py:285 ] => Test NMSE: -1.9261e+01

I 06.07/16:33:20 solver.py:206 ] 
=! Best NMSE: -1.9261e+01 (epoch=260)

I 06.07/16:33:23 solver.py:141 ] Epoch: [291/400][20/36] lr: 2.51e-04 | MSE loss: 7.2902e-03 | time: 0.136
I 06.07/16:33:25 solver.py:151 ] => Train  Loss: 6.7855e-03

I 06.07/16:33:25 solver.py:206 ] 
=! Best NMSE: -1.9261e+01 (epoch=260)

I 06.07/16:33:27 solver.py:141 ] Epoch: [292/400][20/36] lr: 2.47e-04 | MSE loss: 6.7809e-03 | time: 0.136
I 06.07/16:33:30 solver.py:151 ] => Train  Loss: 6.8584e-03

I 06.07/16:33:30 solver.py:206 ] 
=! Best NMSE: -1.9261e+01 (epoch=260)

I 06.07/16:33:32 solver.py:141 ] Epoch: [293/400][20/36] lr: 2.44e-04 | MSE loss: 6.5308e-03 | time: 0.145
I 06.07/16:33:34 solver.py:151 ] => Train  Loss: 6.7978e-03

I 06.07/16:33:34 solver.py:206 ] 
=! Best NMSE: -1.9261e+01 (epoch=260)

I 06.07/16:33:37 solver.py:141 ] Epoch: [294/400][20/36] lr: 2.41e-04 | MSE loss: 6.5582e-03 | time: 0.136
I 06.07/16:33:39 solver.py:151 ] => Train  Loss: 7.1152e-03

I 06.07/16:33:39 solver.py:206 ] 
=! Best NMSE: -1.9261e+01 (epoch=260)

I 06.07/16:33:42 solver.py:141 ] Epoch: [295/400][20/36] lr: 2.37e-04 | MSE loss: 6.7305e-03 | time: 0.145
I 06.07/16:33:44 solver.py:151 ] => Train  Loss: 6.8853e-03

I 06.07/16:33:44 solver.py:206 ] 
=! Best NMSE: -1.9261e+01 (epoch=260)

I 06.07/16:33:47 solver.py:141 ] Epoch: [296/400][20/36] lr: 2.34e-04 | MSE loss: 6.7710e-03 | time: 0.151
I 06.07/16:33:50 solver.py:151 ] => Train  Loss: 6.7498e-03

I 06.07/16:33:50 solver.py:206 ] 
=! Best NMSE: -1.9261e+01 (epoch=260)

I 06.07/16:33:53 solver.py:141 ] Epoch: [297/400][20/36] lr: 2.31e-04 | MSE loss: 6.6575e-03 | time: 0.165
I 06.07/16:33:55 solver.py:151 ] => Train  Loss: 7.0260e-03

I 06.07/16:33:55 solver.py:206 ] 
=! Best NMSE: -1.9261e+01 (epoch=260)

I 06.07/16:33:58 solver.py:141 ] Epoch: [298/400][20/36] lr: 2.28e-04 | MSE loss: 6.7744e-03 | time: 0.157
I 06.07/16:34:01 solver.py:151 ] => Train  Loss: 6.8061e-03

I 06.07/16:34:01 solver.py:206 ] 
=! Best NMSE: -1.9261e+01 (epoch=260)

I 06.07/16:34:05 solver.py:141 ] Epoch: [299/400][20/36] lr: 2.24e-04 | MSE loss: 6.9797e-03 | time: 0.225
I 06.07/16:34:07 solver.py:151 ] => Train  Loss: 6.7867e-03

I 06.07/16:34:07 solver.py:206 ] 
=! Best NMSE: -1.9261e+01 (epoch=260)

I 06.07/16:34:11 solver.py:141 ] Epoch: [300/400][20/36] lr: 2.21e-04 | MSE loss: 7.1175e-03 | time: 0.160
I 06.07/16:34:13 solver.py:151 ] => Train  Loss: 6.7857e-03

I 06.07/16:34:13 solver.py:151 ] => Val  Loss: 6.2916e-03

I 06.07/16:34:14 solver.py:285 ] => Test NMSE: -1.9261e+01

I 06.07/16:34:14 solver.py:206 ] 
=! Best NMSE: -1.9261e+01 (epoch=300)

I 06.07/16:34:17 solver.py:141 ] Epoch: [301/400][20/36] lr: 2.18e-04 | MSE loss: 6.7075e-03 | time: 0.153
I 06.07/16:34:19 solver.py:151 ] => Train  Loss: 6.7797e-03

I 06.07/16:34:19 solver.py:206 ] 
=! Best NMSE: -1.9261e+01 (epoch=300)

I 06.07/16:34:22 solver.py:141 ] Epoch: [302/400][20/36] lr: 2.15e-04 | MSE loss: 6.8799e-03 | time: 0.149
I 06.07/16:34:24 solver.py:151 ] => Train  Loss: 6.7835e-03

I 06.07/16:34:24 solver.py:206 ] 
=! Best NMSE: -1.9261e+01 (epoch=300)

I 06.07/16:34:27 solver.py:141 ] Epoch: [303/400][20/36] lr: 2.12e-04 | MSE loss: 7.0407e-03 | time: 0.151
I 06.07/16:34:29 solver.py:151 ] => Train  Loss: 6.7581e-03

I 06.07/16:34:29 solver.py:206 ] 
=! Best NMSE: -1.9261e+01 (epoch=300)

I 06.07/16:34:32 solver.py:141 ] Epoch: [304/400][20/36] lr: 2.09e-04 | MSE loss: 6.9764e-03 | time: 0.142
I 06.07/16:34:34 solver.py:151 ] => Train  Loss: 6.9004e-03

I 06.07/16:34:34 solver.py:206 ] 
=! Best NMSE: -1.9261e+01 (epoch=300)

I 06.07/16:34:37 solver.py:141 ] Epoch: [305/400][20/36] lr: 2.05e-04 | MSE loss: 6.8180e-03 | time: 0.133
I 06.07/16:34:39 solver.py:151 ] => Train  Loss: 7.0524e-03

I 06.07/16:34:39 solver.py:206 ] 
=! Best NMSE: -1.9261e+01 (epoch=300)

I 06.07/16:34:42 solver.py:141 ] Epoch: [306/400][20/36] lr: 2.02e-04 | MSE loss: 6.7640e-03 | time: 0.153
I 06.07/16:34:44 solver.py:151 ] => Train  Loss: 6.9596e-03

I 06.07/16:34:44 solver.py:206 ] 
=! Best NMSE: -1.9261e+01 (epoch=300)

I 06.07/16:34:47 solver.py:141 ] Epoch: [307/400][20/36] lr: 1.99e-04 | MSE loss: 6.7720e-03 | time: 0.149
I 06.07/16:34:49 solver.py:151 ] => Train  Loss: 6.7411e-03

I 06.07/16:34:49 solver.py:206 ] 
=! Best NMSE: -1.9261e+01 (epoch=300)

I 06.07/16:34:52 solver.py:141 ] Epoch: [308/400][20/36] lr: 1.96e-04 | MSE loss: 6.2653e-03 | time: 0.141
I 06.07/16:34:54 solver.py:151 ] => Train  Loss: 6.8353e-03

I 06.07/16:34:54 solver.py:206 ] 
=! Best NMSE: -1.9261e+01 (epoch=300)

I 06.07/16:34:57 solver.py:141 ] Epoch: [309/400][20/36] lr: 1.93e-04 | MSE loss: 6.5070e-03 | time: 0.149
I 06.07/16:34:59 solver.py:151 ] => Train  Loss: 6.8264e-03

I 06.07/16:34:59 solver.py:206 ] 
=! Best NMSE: -1.9261e+01 (epoch=300)

I 06.07/16:35:03 solver.py:141 ] Epoch: [310/400][20/36] lr: 1.90e-04 | MSE loss: 6.9539e-03 | time: 0.195
I 06.07/16:35:05 solver.py:151 ] => Train  Loss: 6.7834e-03

I 06.07/16:35:06 solver.py:151 ] => Val  Loss: 6.2915e-03

I 06.07/16:35:06 solver.py:285 ] => Test NMSE: -1.9261e+01

I 06.07/16:35:06 solver.py:206 ] 
=! Best NMSE: -1.9261e+01 (epoch=310)

I 06.07/16:35:09 solver.py:141 ] Epoch: [311/400][20/36] lr: 1.87e-04 | MSE loss: 6.8195e-03 | time: 0.145
I 06.07/16:35:12 solver.py:151 ] => Train  Loss: 6.7313e-03

I 06.07/16:35:12 solver.py:206 ] 
=! Best NMSE: -1.9261e+01 (epoch=310)

I 06.07/16:35:15 solver.py:141 ] Epoch: [312/400][20/36] lr: 1.85e-04 | MSE loss: 6.8039e-03 | time: 0.148
I 06.07/16:35:17 solver.py:151 ] => Train  Loss: 6.8733e-03

I 06.07/16:35:17 solver.py:206 ] 
=! Best NMSE: -1.9261e+01 (epoch=310)

I 06.07/16:35:20 solver.py:141 ] Epoch: [313/400][20/36] lr: 1.82e-04 | MSE loss: 7.1938e-03 | time: 0.143
I 06.07/16:35:22 solver.py:151 ] => Train  Loss: 6.9205e-03

I 06.07/16:35:22 solver.py:206 ] 
=! Best NMSE: -1.9261e+01 (epoch=310)

I 06.07/16:35:25 solver.py:141 ] Epoch: [314/400][20/36] lr: 1.79e-04 | MSE loss: 7.2062e-03 | time: 0.133
I 06.07/16:35:27 solver.py:151 ] => Train  Loss: 7.0733e-03

I 06.07/16:35:27 solver.py:206 ] 
=! Best NMSE: -1.9261e+01 (epoch=310)

I 06.07/16:35:29 solver.py:141 ] Epoch: [315/400][20/36] lr: 1.76e-04 | MSE loss: 6.9043e-03 | time: 0.126
I 06.07/16:35:32 solver.py:151 ] => Train  Loss: 6.8431e-03

I 06.07/16:35:32 solver.py:206 ] 
=! Best NMSE: -1.9261e+01 (epoch=310)

I 06.07/16:35:35 solver.py:141 ] Epoch: [316/400][20/36] lr: 1.73e-04 | MSE loss: 7.2606e-03 | time: 0.149
I 06.07/16:35:37 solver.py:151 ] => Train  Loss: 6.7754e-03

I 06.07/16:35:37 solver.py:206 ] 
=! Best NMSE: -1.9261e+01 (epoch=310)

I 06.07/16:35:40 solver.py:141 ] Epoch: [317/400][20/36] lr: 1.70e-04 | MSE loss: 6.9547e-03 | time: 0.143
I 06.07/16:35:42 solver.py:151 ] => Train  Loss: 6.7982e-03

I 06.07/16:35:42 solver.py:206 ] 
=! Best NMSE: -1.9261e+01 (epoch=310)

I 06.07/16:35:45 solver.py:141 ] Epoch: [318/400][20/36] lr: 1.68e-04 | MSE loss: 7.2050e-03 | time: 0.144
I 06.07/16:35:47 solver.py:151 ] => Train  Loss: 6.8116e-03

I 06.07/16:35:47 solver.py:206 ] 
=! Best NMSE: -1.9261e+01 (epoch=310)

I 06.07/16:35:50 solver.py:141 ] Epoch: [319/400][20/36] lr: 1.65e-04 | MSE loss: 6.3577e-03 | time: 0.149
I 06.07/16:35:52 solver.py:151 ] => Train  Loss: 7.0808e-03

I 06.07/16:35:52 solver.py:206 ] 
=! Best NMSE: -1.9261e+01 (epoch=310)

I 06.07/16:35:55 solver.py:141 ] Epoch: [320/400][20/36] lr: 1.62e-04 | MSE loss: 6.2895e-03 | time: 0.132
I 06.07/16:35:57 solver.py:151 ] => Train  Loss: 6.9528e-03

I 06.07/16:35:58 solver.py:151 ] => Val  Loss: 6.2915e-03

I 06.07/16:35:58 solver.py:285 ] => Test NMSE: -1.9261e+01

I 06.07/16:35:58 solver.py:206 ] 
=! Best NMSE: -1.9261e+01 (epoch=310)

I 06.07/16:36:02 solver.py:141 ] Epoch: [321/400][20/36] lr: 1.60e-04 | MSE loss: 6.9815e-03 | time: 0.196
I 06.07/16:36:05 solver.py:151 ] => Train  Loss: 6.9754e-03

I 06.07/16:36:05 solver.py:206 ] 
=! Best NMSE: -1.9261e+01 (epoch=310)

I 06.07/16:36:08 solver.py:141 ] Epoch: [322/400][20/36] lr: 1.57e-04 | MSE loss: 6.5142e-03 | time: 0.145
I 06.07/16:36:10 solver.py:151 ] => Train  Loss: 7.0106e-03

I 06.07/16:36:10 solver.py:206 ] 
=! Best NMSE: -1.9261e+01 (epoch=310)

I 06.07/16:36:13 solver.py:141 ] Epoch: [323/400][20/36] lr: 1.54e-04 | MSE loss: 6.7460e-03 | time: 0.137
I 06.07/16:36:15 solver.py:151 ] => Train  Loss: 6.8305e-03

I 06.07/16:36:15 solver.py:206 ] 
=! Best NMSE: -1.9261e+01 (epoch=310)

I 06.07/16:36:18 solver.py:141 ] Epoch: [324/400][20/36] lr: 1.52e-04 | MSE loss: 6.9373e-03 | time: 0.155
I 06.07/16:36:20 solver.py:151 ] => Train  Loss: 6.7391e-03

I 06.07/16:36:20 solver.py:206 ] 
=! Best NMSE: -1.9261e+01 (epoch=310)

I 06.07/16:36:23 solver.py:141 ] Epoch: [325/400][20/36] lr: 1.49e-04 | MSE loss: 6.8076e-03 | time: 0.148
I 06.07/16:36:25 solver.py:151 ] => Train  Loss: 6.8273e-03

I 06.07/16:36:25 solver.py:206 ] 
=! Best NMSE: -1.9261e+01 (epoch=310)

I 06.07/16:36:28 solver.py:141 ] Epoch: [326/400][20/36] lr: 1.47e-04 | MSE loss: 6.6914e-03 | time: 0.148
I 06.07/16:36:30 solver.py:151 ] => Train  Loss: 6.7737e-03

I 06.07/16:36:30 solver.py:206 ] 
=! Best NMSE: -1.9261e+01 (epoch=310)

I 06.07/16:36:33 solver.py:141 ] Epoch: [327/400][20/36] lr: 1.44e-04 | MSE loss: 6.6957e-03 | time: 0.137
I 06.07/16:36:35 solver.py:151 ] => Train  Loss: 7.1847e-03

I 06.07/16:36:35 solver.py:206 ] 
=! Best NMSE: -1.9261e+01 (epoch=310)

I 06.07/16:36:38 solver.py:141 ] Epoch: [328/400][20/36] lr: 1.42e-04 | MSE loss: 7.0664e-03 | time: 0.138
I 06.07/16:36:40 solver.py:151 ] => Train  Loss: 6.7383e-03

I 06.07/16:36:40 solver.py:206 ] 
=! Best NMSE: -1.9261e+01 (epoch=310)

I 06.07/16:36:43 solver.py:141 ] Epoch: [329/400][20/36] lr: 1.39e-04 | MSE loss: 7.0959e-03 | time: 0.137
I 06.07/16:36:45 solver.py:151 ] => Train  Loss: 6.9067e-03

I 06.07/16:36:45 solver.py:206 ] 
=! Best NMSE: -1.9261e+01 (epoch=310)

I 06.07/16:36:48 solver.py:141 ] Epoch: [330/400][20/36] lr: 1.37e-04 | MSE loss: 6.9050e-03 | time: 0.143
I 06.07/16:36:50 solver.py:151 ] => Train  Loss: 6.7248e-03

I 06.07/16:36:50 solver.py:151 ] => Val  Loss: 6.2915e-03

I 06.07/16:36:51 solver.py:285 ] => Test NMSE: -1.9261e+01

I 06.07/16:36:51 solver.py:206 ] 
=! Best NMSE: -1.9261e+01 (epoch=330)

I 06.07/16:36:54 solver.py:141 ] Epoch: [331/400][20/36] lr: 1.35e-04 | MSE loss: 6.8274e-03 | time: 0.136
I 06.07/16:36:55 solver.py:151 ] => Train  Loss: 6.8831e-03

I 06.07/16:36:55 solver.py:206 ] 
=! Best NMSE: -1.9261e+01 (epoch=330)

I 06.07/16:36:58 solver.py:141 ] Epoch: [332/400][20/36] lr: 1.32e-04 | MSE loss: 6.5860e-03 | time: 0.138
I 06.07/16:37:00 solver.py:151 ] => Train  Loss: 6.9082e-03

I 06.07/16:37:00 solver.py:206 ] 
=! Best NMSE: -1.9261e+01 (epoch=330)

I 06.07/16:37:05 solver.py:141 ] Epoch: [333/400][20/36] lr: 1.30e-04 | MSE loss: 6.7893e-03 | time: 0.223
I 06.07/16:37:07 solver.py:151 ] => Train  Loss: 6.8984e-03

I 06.07/16:37:07 solver.py:206 ] 
=! Best NMSE: -1.9261e+01 (epoch=330)

I 06.07/16:37:10 solver.py:141 ] Epoch: [334/400][20/36] lr: 1.28e-04 | MSE loss: 7.0305e-03 | time: 0.137
I 06.07/16:37:12 solver.py:151 ] => Train  Loss: 6.9582e-03

I 06.07/16:37:12 solver.py:206 ] 
=! Best NMSE: -1.9261e+01 (epoch=330)

I 06.07/16:37:14 solver.py:141 ] Epoch: [335/400][20/36] lr: 1.25e-04 | MSE loss: 7.2380e-03 | time: 0.143
I 06.07/16:37:17 solver.py:151 ] => Train  Loss: 6.8480e-03

I 06.07/16:37:17 solver.py:206 ] 
=! Best NMSE: -1.9261e+01 (epoch=330)

I 06.07/16:37:19 solver.py:141 ] Epoch: [336/400][20/36] lr: 1.23e-04 | MSE loss: 7.0605e-03 | time: 0.139
I 06.07/16:37:21 solver.py:151 ] => Train  Loss: 6.9218e-03

I 06.07/16:37:22 solver.py:206 ] 
=! Best NMSE: -1.9261e+01 (epoch=330)

I 06.07/16:37:24 solver.py:141 ] Epoch: [337/400][20/36] lr: 1.21e-04 | MSE loss: 7.2281e-03 | time: 0.149
I 06.07/16:37:27 solver.py:151 ] => Train  Loss: 6.8672e-03

I 06.07/16:37:27 solver.py:206 ] 
=! Best NMSE: -1.9261e+01 (epoch=330)

I 06.07/16:37:29 solver.py:141 ] Epoch: [338/400][20/36] lr: 1.19e-04 | MSE loss: 6.5456e-03 | time: 0.124
I 06.07/16:37:31 solver.py:151 ] => Train  Loss: 6.9713e-03

I 06.07/16:37:31 solver.py:206 ] 
=! Best NMSE: -1.9261e+01 (epoch=330)

I 06.07/16:37:35 solver.py:141 ] Epoch: [339/400][20/36] lr: 1.17e-04 | MSE loss: 6.6043e-03 | time: 0.163
I 06.07/16:37:37 solver.py:151 ] => Train  Loss: 6.7676e-03

I 06.07/16:37:37 solver.py:206 ] 
=! Best NMSE: -1.9261e+01 (epoch=330)

I 06.07/16:37:40 solver.py:141 ] Epoch: [340/400][20/36] lr: 1.15e-04 | MSE loss: 6.8710e-03 | time: 0.152
I 06.07/16:37:42 solver.py:151 ] => Train  Loss: 6.8286e-03

I 06.07/16:37:42 solver.py:151 ] => Val  Loss: 6.2915e-03

I 06.07/16:37:43 solver.py:285 ] => Test NMSE: -1.9261e+01

I 06.07/16:37:43 solver.py:206 ] 
=! Best NMSE: -1.9261e+01 (epoch=340)

I 06.07/16:37:45 solver.py:141 ] Epoch: [341/400][20/36] lr: 1.12e-04 | MSE loss: 6.7317e-03 | time: 0.126
I 06.07/16:37:47 solver.py:151 ] => Train  Loss: 6.8620e-03

I 06.07/16:37:47 solver.py:206 ] 
=! Best NMSE: -1.9261e+01 (epoch=340)

I 06.07/16:37:50 solver.py:141 ] Epoch: [342/400][20/36] lr: 1.10e-04 | MSE loss: 6.7953e-03 | time: 0.143
I 06.07/16:37:52 solver.py:151 ] => Train  Loss: 6.7576e-03

I 06.07/16:37:52 solver.py:206 ] 
=! Best NMSE: -1.9261e+01 (epoch=340)

I 06.07/16:37:55 solver.py:141 ] Epoch: [343/400][20/36] lr: 1.08e-04 | MSE loss: 6.9218e-03 | time: 0.155
I 06.07/16:37:58 solver.py:151 ] => Train  Loss: 6.9947e-03

I 06.07/16:37:58 solver.py:206 ] 
=! Best NMSE: -1.9261e+01 (epoch=340)

I 06.07/16:38:01 solver.py:141 ] Epoch: [344/400][20/36] lr: 1.06e-04 | MSE loss: 6.2249e-03 | time: 0.148
I 06.07/16:38:04 solver.py:151 ] => Train  Loss: 6.8511e-03

I 06.07/16:38:04 solver.py:206 ] 
=! Best NMSE: -1.9261e+01 (epoch=340)

I 06.07/16:38:07 solver.py:141 ] Epoch: [345/400][20/36] lr: 1.05e-04 | MSE loss: 7.0127e-03 | time: 0.159
I 06.07/16:38:10 solver.py:151 ] => Train  Loss: 6.7510e-03

I 06.07/16:38:10 solver.py:206 ] 
=! Best NMSE: -1.9261e+01 (epoch=340)

I 06.07/16:38:13 solver.py:141 ] Epoch: [346/400][20/36] lr: 1.03e-04 | MSE loss: 6.8731e-03 | time: 0.143
I 06.07/16:38:15 solver.py:151 ] => Train  Loss: 6.7635e-03

I 06.07/16:38:15 solver.py:206 ] 
=! Best NMSE: -1.9261e+01 (epoch=340)

I 06.07/16:38:17 solver.py:141 ] Epoch: [347/400][20/36] lr: 1.01e-04 | MSE loss: 6.9780e-03 | time: 0.133
I 06.07/16:38:19 solver.py:151 ] => Train  Loss: 7.0551e-03

I 06.07/16:38:19 solver.py:206 ] 
=! Best NMSE: -1.9261e+01 (epoch=340)

I 06.07/16:38:22 solver.py:141 ] Epoch: [348/400][20/36] lr: 9.89e-05 | MSE loss: 6.8885e-03 | time: 0.148
I 06.07/16:38:24 solver.py:151 ] => Train  Loss: 6.8982e-03

I 06.07/16:38:24 solver.py:206 ] 
=! Best NMSE: -1.9261e+01 (epoch=340)

I 06.07/16:38:27 solver.py:141 ] Epoch: [349/400][20/36] lr: 9.71e-05 | MSE loss: 6.4659e-03 | time: 0.140
I 06.07/16:38:30 solver.py:151 ] => Train  Loss: 7.1665e-03

I 06.07/16:38:30 solver.py:206 ] 
=! Best NMSE: -1.9261e+01 (epoch=340)

I 06.07/16:38:32 solver.py:141 ] Epoch: [350/400][20/36] lr: 9.53e-05 | MSE loss: 6.7911e-03 | time: 0.132
I 06.07/16:38:34 solver.py:151 ] => Train  Loss: 6.7219e-03

I 06.07/16:38:35 solver.py:151 ] => Val  Loss: 6.2915e-03

I 06.07/16:38:35 solver.py:285 ] => Test NMSE: -1.9261e+01

I 06.07/16:38:35 solver.py:206 ] 
=! Best NMSE: -1.9261e+01 (epoch=340)

I 06.07/16:38:38 solver.py:141 ] Epoch: [351/400][20/36] lr: 9.35e-05 | MSE loss: 6.8837e-03 | time: 0.132
I 06.07/16:38:40 solver.py:151 ] => Train  Loss: 6.9049e-03

I 06.07/16:38:40 solver.py:206 ] 
=! Best NMSE: -1.9261e+01 (epoch=340)

I 06.07/16:38:43 solver.py:141 ] Epoch: [352/400][20/36] lr: 9.18e-05 | MSE loss: 7.1852e-03 | time: 0.137
I 06.07/16:38:45 solver.py:151 ] => Train  Loss: 6.9072e-03

I 06.07/16:38:45 solver.py:206 ] 
=! Best NMSE: -1.9261e+01 (epoch=340)

I 06.07/16:38:47 solver.py:141 ] Epoch: [353/400][20/36] lr: 9.01e-05 | MSE loss: 6.6759e-03 | time: 0.120
I 06.07/16:38:49 solver.py:151 ] => Train  Loss: 6.7532e-03

I 06.07/16:38:49 solver.py:206 ] 
=! Best NMSE: -1.9261e+01 (epoch=340)

I 06.07/16:38:51 solver.py:141 ] Epoch: [354/400][20/36] lr: 8.85e-05 | MSE loss: 7.0405e-03 | time: 0.122
I 06.07/16:38:53 solver.py:151 ] => Train  Loss: 6.7916e-03

I 06.07/16:38:53 solver.py:206 ] 
=! Best NMSE: -1.9261e+01 (epoch=340)

I 06.07/16:38:56 solver.py:141 ] Epoch: [355/400][20/36] lr: 8.69e-05 | MSE loss: 6.8471e-03 | time: 0.135
I 06.07/16:38:58 solver.py:151 ] => Train  Loss: 7.0619e-03

I 06.07/16:38:58 solver.py:206 ] 
=! Best NMSE: -1.9261e+01 (epoch=340)

I 06.07/16:39:01 solver.py:141 ] Epoch: [356/400][20/36] lr: 8.53e-05 | MSE loss: 6.9915e-03 | time: 0.162
I 06.07/16:39:04 solver.py:151 ] => Train  Loss: 6.7610e-03

I 06.07/16:39:04 solver.py:206 ] 
=! Best NMSE: -1.9261e+01 (epoch=340)

I 06.07/16:39:07 solver.py:141 ] Epoch: [357/400][20/36] lr: 8.37e-05 | MSE loss: 6.6747e-03 | time: 0.143
I 06.07/16:39:09 solver.py:151 ] => Train  Loss: 6.8147e-03

I 06.07/16:39:09 solver.py:206 ] 
=! Best NMSE: -1.9261e+01 (epoch=340)

I 06.07/16:39:12 solver.py:141 ] Epoch: [358/400][20/36] lr: 8.22e-05 | MSE loss: 6.5032e-03 | time: 0.123
I 06.07/16:39:14 solver.py:151 ] => Train  Loss: 6.7316e-03

I 06.07/16:39:14 solver.py:206 ] 
=! Best NMSE: -1.9261e+01 (epoch=340)

I 06.07/16:39:16 solver.py:141 ] Epoch: [359/400][20/36] lr: 8.07e-05 | MSE loss: 7.2586e-03 | time: 0.124
I 06.07/16:39:18 solver.py:151 ] => Train  Loss: 6.7463e-03

I 06.07/16:39:18 solver.py:206 ] 
=! Best NMSE: -1.9261e+01 (epoch=340)

I 06.07/16:39:21 solver.py:141 ] Epoch: [360/400][20/36] lr: 7.93e-05 | MSE loss: 6.5990e-03 | time: 0.134
I 06.07/16:39:23 solver.py:151 ] => Train  Loss: 6.7507e-03

I 06.07/16:39:23 solver.py:151 ] => Val  Loss: 6.2915e-03

I 06.07/16:39:24 solver.py:285 ] => Test NMSE: -1.9261e+01

I 06.07/16:39:24 solver.py:206 ] 
=! Best NMSE: -1.9261e+01 (epoch=340)

I 06.07/16:39:26 solver.py:141 ] Epoch: [361/400][20/36] lr: 7.79e-05 | MSE loss: 6.6664e-03 | time: 0.130
I 06.07/16:39:28 solver.py:151 ] => Train  Loss: 6.8292e-03

I 06.07/16:39:28 solver.py:206 ] 
=! Best NMSE: -1.9261e+01 (epoch=340)

I 06.07/16:39:31 solver.py:141 ] Epoch: [362/400][20/36] lr: 7.65e-05 | MSE loss: 7.1808e-03 | time: 0.129
I 06.07/16:39:33 solver.py:151 ] => Train  Loss: 6.7649e-03

I 06.07/16:39:33 solver.py:206 ] 
=! Best NMSE: -1.9261e+01 (epoch=340)

I 06.07/16:39:35 solver.py:141 ] Epoch: [363/400][20/36] lr: 7.51e-05 | MSE loss: 7.1834e-03 | time: 0.125
I 06.07/16:39:37 solver.py:151 ] => Train  Loss: 6.7549e-03

I 06.07/16:39:37 solver.py:206 ] 
=! Best NMSE: -1.9261e+01 (epoch=340)

I 06.07/16:39:39 solver.py:141 ] Epoch: [364/400][20/36] lr: 7.38e-05 | MSE loss: 6.9953e-03 | time: 0.115
I 06.07/16:39:41 solver.py:151 ] => Train  Loss: 7.0111e-03

I 06.07/16:39:41 solver.py:206 ] 
=! Best NMSE: -1.9261e+01 (epoch=340)

I 06.07/16:39:44 solver.py:141 ] Epoch: [365/400][20/36] lr: 7.25e-05 | MSE loss: 6.9371e-03 | time: 0.134
I 06.07/16:39:46 solver.py:151 ] => Train  Loss: 6.7410e-03

I 06.07/16:39:46 solver.py:206 ] 
=! Best NMSE: -1.9261e+01 (epoch=340)

I 06.07/16:39:49 solver.py:141 ] Epoch: [366/400][20/36] lr: 7.13e-05 | MSE loss: 6.8004e-03 | time: 0.147
I 06.07/16:39:51 solver.py:151 ] => Train  Loss: 7.0343e-03

I 06.07/16:39:51 solver.py:206 ] 
=! Best NMSE: -1.9261e+01 (epoch=340)

I 06.07/16:39:53 solver.py:141 ] Epoch: [367/400][20/36] lr: 7.01e-05 | MSE loss: 6.9892e-03 | time: 0.129
I 06.07/16:39:55 solver.py:151 ] => Train  Loss: 6.8900e-03

I 06.07/16:39:55 solver.py:206 ] 
=! Best NMSE: -1.9261e+01 (epoch=340)

I 06.07/16:39:58 solver.py:141 ] Epoch: [368/400][20/36] lr: 6.89e-05 | MSE loss: 6.5787e-03 | time: 0.127
I 06.07/16:40:00 solver.py:151 ] => Train  Loss: 6.8826e-03

I 06.07/16:40:00 solver.py:206 ] 
=! Best NMSE: -1.9261e+01 (epoch=340)

I 06.07/16:40:03 solver.py:141 ] Epoch: [369/400][20/36] lr: 6.78e-05 | MSE loss: 7.0425e-03 | time: 0.197
I 06.07/16:40:06 solver.py:151 ] => Train  Loss: 6.9392e-03

I 06.07/16:40:06 solver.py:206 ] 
=! Best NMSE: -1.9261e+01 (epoch=340)

I 06.07/16:40:08 solver.py:141 ] Epoch: [370/400][20/36] lr: 6.67e-05 | MSE loss: 6.7127e-03 | time: 0.135
I 06.07/16:40:10 solver.py:151 ] => Train  Loss: 6.8898e-03

I 06.07/16:40:11 solver.py:151 ] => Val  Loss: 6.2914e-03

I 06.07/16:40:11 solver.py:285 ] => Test NMSE: -1.9261e+01

I 06.07/16:40:12 solver.py:206 ] 
=! Best NMSE: -1.9261e+01 (epoch=370)

I 06.07/16:40:14 solver.py:141 ] Epoch: [371/400][20/36] lr: 6.56e-05 | MSE loss: 6.9367e-03 | time: 0.118
I 06.07/16:40:15 solver.py:151 ] => Train  Loss: 6.9273e-03

I 06.07/16:40:15 solver.py:206 ] 
=! Best NMSE: -1.9261e+01 (epoch=370)

I 06.07/16:40:17 solver.py:141 ] Epoch: [372/400][20/36] lr: 6.46e-05 | MSE loss: 6.9484e-03 | time: 0.099
I 06.07/16:40:19 solver.py:151 ] => Train  Loss: 6.8425e-03

I 06.07/16:40:19 solver.py:206 ] 
=! Best NMSE: -1.9261e+01 (epoch=370)

I 06.07/16:40:21 solver.py:141 ] Epoch: [373/400][20/36] lr: 6.36e-05 | MSE loss: 7.0078e-03 | time: 0.115
I 06.07/16:40:23 solver.py:151 ] => Train  Loss: 6.8059e-03

I 06.07/16:40:23 solver.py:206 ] 
=! Best NMSE: -1.9261e+01 (epoch=370)

I 06.07/16:40:25 solver.py:141 ] Epoch: [374/400][20/36] lr: 6.26e-05 | MSE loss: 7.0770e-03 | time: 0.099
I 06.07/16:40:26 solver.py:151 ] => Train  Loss: 7.0906e-03

I 06.07/16:40:26 solver.py:206 ] 
=! Best NMSE: -1.9261e+01 (epoch=370)

I 06.07/16:40:28 solver.py:141 ] Epoch: [375/400][20/36] lr: 6.17e-05 | MSE loss: 7.0609e-03 | time: 0.095
I 06.07/16:40:30 solver.py:151 ] => Train  Loss: 6.9184e-03

I 06.07/16:40:30 solver.py:206 ] 
=! Best NMSE: -1.9261e+01 (epoch=370)

I 06.07/16:40:32 solver.py:141 ] Epoch: [376/400][20/36] lr: 6.08e-05 | MSE loss: 6.5940e-03 | time: 0.099
I 06.07/16:40:33 solver.py:151 ] => Train  Loss: 6.7577e-03

I 06.07/16:40:33 solver.py:206 ] 
=! Best NMSE: -1.9261e+01 (epoch=370)

I 06.07/16:40:35 solver.py:141 ] Epoch: [377/400][20/36] lr: 5.99e-05 | MSE loss: 6.8421e-03 | time: 0.098
I 06.07/16:40:37 solver.py:151 ] => Train  Loss: 6.9927e-03

I 06.07/16:40:37 solver.py:206 ] 
=! Best NMSE: -1.9261e+01 (epoch=370)

I 06.07/16:40:39 solver.py:141 ] Epoch: [378/400][20/36] lr: 5.91e-05 | MSE loss: 7.0706e-03 | time: 0.094
I 06.07/16:40:40 solver.py:151 ] => Train  Loss: 6.8733e-03

I 06.07/16:40:40 solver.py:206 ] 
=! Best NMSE: -1.9261e+01 (epoch=370)

I 06.07/16:40:42 solver.py:141 ] Epoch: [379/400][20/36] lr: 5.83e-05 | MSE loss: 7.1264e-03 | time: 0.076
I 06.07/16:40:43 solver.py:151 ] => Train  Loss: 6.7584e-03

I 06.07/16:40:43 solver.py:206 ] 
=! Best NMSE: -1.9261e+01 (epoch=370)

I 06.07/16:40:44 solver.py:141 ] Epoch: [380/400][20/36] lr: 5.75e-05 | MSE loss: 7.2979e-03 | time: 0.079
I 06.07/16:40:45 solver.py:151 ] => Train  Loss: 6.8325e-03

I 06.07/16:40:46 solver.py:151 ] => Val  Loss: 6.2915e-03

I 06.07/16:40:46 solver.py:285 ] => Test NMSE: -1.9261e+01

I 06.07/16:40:46 solver.py:206 ] 
=! Best NMSE: -1.9261e+01 (epoch=370)

I 06.07/16:40:48 solver.py:141 ] Epoch: [381/400][20/36] lr: 5.68e-05 | MSE loss: 6.9964e-03 | time: 0.081
I 06.07/16:40:49 solver.py:151 ] => Train  Loss: 6.9370e-03

I 06.07/16:40:49 solver.py:206 ] 
=! Best NMSE: -1.9261e+01 (epoch=370)

I 06.07/16:40:51 solver.py:141 ] Epoch: [382/400][20/36] lr: 5.61e-05 | MSE loss: 6.4219e-03 | time: 0.084
I 06.07/16:40:52 solver.py:151 ] => Train  Loss: 6.9441e-03

I 06.07/16:40:52 solver.py:206 ] 
=! Best NMSE: -1.9261e+01 (epoch=370)

I 06.07/16:40:53 solver.py:141 ] Epoch: [383/400][20/36] lr: 5.55e-05 | MSE loss: 7.0888e-03 | time: 0.065
I 06.07/16:40:54 solver.py:151 ] => Train  Loss: 6.8465e-03

I 06.07/16:40:54 solver.py:206 ] 
=! Best NMSE: -1.9261e+01 (epoch=370)

I 06.07/16:40:55 solver.py:141 ] Epoch: [384/400][20/36] lr: 5.49e-05 | MSE loss: 6.5966e-03 | time: 0.067
I 06.07/16:40:56 solver.py:151 ] => Train  Loss: 6.9491e-03

I 06.07/16:40:56 solver.py:206 ] 
=! Best NMSE: -1.9261e+01 (epoch=370)

I 06.07/16:40:58 solver.py:141 ] Epoch: [385/400][20/36] lr: 5.43e-05 | MSE loss: 7.1783e-03 | time: 0.063
I 06.07/16:40:58 solver.py:151 ] => Train  Loss: 6.7466e-03

I 06.07/16:40:58 solver.py:206 ] 
=! Best NMSE: -1.9261e+01 (epoch=370)

I 06.07/16:41:00 solver.py:141 ] Epoch: [386/400][20/36] lr: 5.38e-05 | MSE loss: 6.9597e-03 | time: 0.062
I 06.07/16:41:01 solver.py:151 ] => Train  Loss: 6.7956e-03

I 06.07/16:41:01 solver.py:206 ] 
=! Best NMSE: -1.9261e+01 (epoch=370)

I 06.07/16:41:03 solver.py:141 ] Epoch: [387/400][20/36] lr: 5.33e-05 | MSE loss: 6.9251e-03 | time: 0.118
I 06.07/16:41:05 solver.py:151 ] => Train  Loss: 6.8442e-03

I 06.07/16:41:05 solver.py:206 ] 
=! Best NMSE: -1.9261e+01 (epoch=370)

I 06.07/16:41:06 solver.py:141 ] Epoch: [388/400][20/36] lr: 5.28e-05 | MSE loss: 6.8205e-03 | time: 0.072
I 06.07/16:41:07 solver.py:151 ] => Train  Loss: 6.7595e-03

I 06.07/16:41:07 solver.py:206 ] 
=! Best NMSE: -1.9261e+01 (epoch=370)

I 06.07/16:41:08 solver.py:141 ] Epoch: [389/400][20/36] lr: 5.24e-05 | MSE loss: 6.7633e-03 | time: 0.062
I 06.07/16:41:09 solver.py:151 ] => Train  Loss: 6.8210e-03

I 06.07/16:41:09 solver.py:206 ] 
=! Best NMSE: -1.9261e+01 (epoch=370)

I 06.07/16:41:10 solver.py:141 ] Epoch: [390/400][20/36] lr: 5.20e-05 | MSE loss: 6.8844e-03 | time: 0.045
I 06.07/16:41:11 solver.py:151 ] => Train  Loss: 6.8942e-03

I 06.07/16:41:11 solver.py:151 ] => Val  Loss: 6.2915e-03

I 06.07/16:41:11 solver.py:285 ] => Test NMSE: -1.9261e+01

I 06.07/16:41:11 solver.py:206 ] 
=! Best NMSE: -1.9261e+01 (epoch=370)

I 06.07/16:41:12 solver.py:141 ] Epoch: [391/400][20/36] lr: 5.16e-05 | MSE loss: 7.4046e-03 | time: 0.054
I 06.07/16:41:13 solver.py:151 ] => Train  Loss: 6.7228e-03

I 06.07/16:41:13 solver.py:206 ] 
=! Best NMSE: -1.9261e+01 (epoch=370)

I 06.07/16:41:14 solver.py:141 ] Epoch: [392/400][20/36] lr: 5.13e-05 | MSE loss: 6.8327e-03 | time: 0.060
I 06.07/16:41:15 solver.py:151 ] => Train  Loss: 6.8328e-03

I 06.07/16:41:15 solver.py:206 ] 
=! Best NMSE: -1.9261e+01 (epoch=370)

I 06.07/16:41:16 solver.py:141 ] Epoch: [393/400][20/36] lr: 5.10e-05 | MSE loss: 7.1174e-03 | time: 0.053
I 06.07/16:41:17 solver.py:151 ] => Train  Loss: 6.7206e-03

I 06.07/16:41:17 solver.py:206 ] 
=! Best NMSE: -1.9261e+01 (epoch=370)

I 06.07/16:41:18 solver.py:141 ] Epoch: [394/400][20/36] lr: 5.08e-05 | MSE loss: 7.0845e-03 | time: 0.052
I 06.07/16:41:19 solver.py:151 ] => Train  Loss: 6.7550e-03

I 06.07/16:41:19 solver.py:206 ] 
=! Best NMSE: -1.9261e+01 (epoch=370)

I 06.07/16:41:19 solver.py:141 ] Epoch: [395/400][20/36] lr: 5.05e-05 | MSE loss: 6.6610e-03 | time: 0.046
I 06.07/16:41:20 solver.py:151 ] => Train  Loss: 6.8574e-03

I 06.07/16:41:20 solver.py:206 ] 
=! Best NMSE: -1.9261e+01 (epoch=370)

I 06.07/16:41:21 solver.py:141 ] Epoch: [396/400][20/36] lr: 5.04e-05 | MSE loss: 7.2864e-03 | time: 0.057
I 06.07/16:41:22 solver.py:151 ] => Train  Loss: 6.7525e-03

I 06.07/16:41:22 solver.py:206 ] 
=! Best NMSE: -1.9261e+01 (epoch=370)

I 06.07/16:41:23 solver.py:141 ] Epoch: [397/400][20/36] lr: 5.02e-05 | MSE loss: 6.6978e-03 | time: 0.058
I 06.07/16:41:24 solver.py:151 ] => Train  Loss: 6.8139e-03

I 06.07/16:41:24 solver.py:206 ] 
=! Best NMSE: -1.9261e+01 (epoch=370)

I 06.07/16:41:25 solver.py:141 ] Epoch: [398/400][20/36] lr: 5.01e-05 | MSE loss: 6.8796e-03 | time: 0.047
I 06.07/16:41:26 solver.py:151 ] => Train  Loss: 6.7543e-03

I 06.07/16:41:26 solver.py:206 ] 
=! Best NMSE: -1.9261e+01 (epoch=370)

I 06.07/16:41:26 solver.py:141 ] Epoch: [399/400][20/36] lr: 5.00e-05 | MSE loss: 6.7188e-03 | time: 0.039
I 06.07/16:41:27 solver.py:151 ] => Train  Loss: 6.7572e-03

I 06.07/16:41:27 solver.py:206 ] 
=! Best NMSE: -1.9261e+01 (epoch=370)

I 06.07/16:41:28 solver.py:141 ] Epoch: [400/400][20/36] lr: 5.00e-05 | MSE loss: 6.8942e-03 | time: 0.048
I 06.07/16:41:29 solver.py:151 ] => Train  Loss: 7.1705e-03

I 06.07/16:41:29 solver.py:151 ] => Val  Loss: 6.2914e-03

I 06.07/16:41:29 solver.py:285 ] => Test NMSE: -1.9261e+01

I 06.07/16:41:29 solver.py:206 ] 
=! Best NMSE: -1.9261e+01 (epoch=400)

I 06.07/16:41:32 solver.py:229 ] => Saved encoder outputs to /storage/hujiacong/zxd/Huawei/TransNet/exps/WAIRD/seed796/scenario_2/01109_fc_encoder_8_16_torch_independent/encoder_output.pth
I 06.07/16:41:32 solver.py:285 ] => Test NMSE: -1.9261e+01

I 06.07/16:41:32 solver.py:254 ] 
=> Test result: 
loss: 6.2914e-03    NMSE: -1.9261e+01

I 06.07/16:41:32 main.py:110 ] 
=! Final test loss: 6.2914e-03
         test NMSE: -1.9261e+01

