I 06.07/16:09:17 main.py:23  ] => Experiment directory: /storage/hujiacong/zxd/Huawei/TransNet/exps/WAIRD/seed797/scenario_2/01109_decoder_ffn_8_16_torch_shared
I 06.07/16:09:17 main.py:24  ] => PyTorch Version: 2.5.1
I 06.07/16:09:17 main.py:26  ] ==================================================
I 06.07/16:09:17 main.py:30  ] => Arguments:
	train_path: /storage/hujiacong/zxd/datasets/WAIRD/data/scenario_2/01109/train.pt
	val_path: /storage/hujiacong/zxd/datasets/WAIRD/data/scenario_2/01109/test.pt
	test_path: /storage/hujiacong/zxd/datasets/WAIRD/data/scenario_2/01109/test.pt
	batch_size: 256
	workers: 0
	evaluate: False
	pretrained: /storage/hujiacong/zxd/Huawei/TransNet/exps/WAIRD/seed797/base/torch_shared/checkpoints/best_nmse.pth
	resume: None
	seed: 797
	gpu: 0
	cpu: False
	cpu_affinity: None
	epochs: 400
	cr: 4
	exp_name: WAIRD/seed797/scenario_2/01109_decoder_ffn_8_16_torch_shared
	channel: 2
	nt: 64
	nc: 64
	d_model: 64
	dim_feedforward: 2048
	layer_sharing: shared
	transformer_backend: torch
	scheduler: cosine
	lr_init: 0.001
	weight_decay: 0.0
	freeze_components: []
	lora_component: ['decoder_ffn']
	lora_rank: 8
	lora_alpha: 16
I 06.07/16:09:17 main.py:31  ] ==================================================
I 06.07/16:09:17 init.py:15  ] Random seed set to 797
I 06.07/16:09:19 init.py:235 ] Running on GPU 0
I 06.07/16:09:20 dataloader.py:69  ] /storage/hujiacong/zxd/datasets/WAIRD/data/scenario_2/01109/train.pt loaded.
I 06.07/16:09:20 dataloader.py:74  ] /storage/hujiacong/zxd/datasets/WAIRD/data/scenario_2/01109/test.pt loaded.
I 06.07/16:09:20 dataloader.py:79  ] /storage/hujiacong/zxd/datasets/WAIRD/data/scenario_2/01109/test.pt loaded.
I 06.07/16:09:26 init.py:274 ] pretrained model loaded from /storage/hujiacong/zxd/Huawei/TransNet/exps/WAIRD/seed797/base/torch_shared/checkpoints/best_nmse.pth
I 06.07/16:09:36 init.py:193 ] => LoRA enabled on components: decoder_ffn; target_modules=['decoder.layer.linear1', 'decoder.layer.linear2']; target_parameters=[] (rank=8, alpha=16); 4/42 params trainable
I 06.07/16:09:36 init.py:292 ] => Model Name: TransNet [pretrained: /storage/hujiacong/zxd/Huawei/TransNet/exps/WAIRD/seed797/base/torch_shared/checkpoints/best_nmse.pth]
I 06.07/16:09:36 init.py:293 ] => Model Config: compression ratio=1/4; input shape=(2, 64, 64); input dim=8192; layer sharing=shared; transformer backend=torch
I 06.07/16:09:36 init.py:300 ] 
==================================================
PeftModel(
  (base_model): LoraModel(
    (model): Transformer(
      (encoder): SharedTransformerEncoder(
        (layer): TransformerEncoderLayer(
          (self_attn): MultiheadAttention(
            (out_proj): NonDynamicallyQuantizableLinear(in_features=64, out_features=64, bias=True)
          )
          (linear1): Linear(in_features=64, out_features=2048, bias=True)
          (dropout): Dropout(p=0.0, inplace=False)
          (linear2): Linear(in_features=2048, out_features=64, bias=True)
          (norm1): LayerNorm((64,), eps=1e-05, elementwise_affine=True)
          (norm2): LayerNorm((64,), eps=1e-05, elementwise_affine=True)
          (dropout1): Dropout(p=0.0, inplace=False)
          (dropout2): Dropout(p=0.0, inplace=False)
        )
        (norm): LayerNorm((64,), eps=1e-05, elementwise_affine=True)
      )
      (decoder): SharedTransformerDecoder(
        (layer): TransformerDecoderLayer(
          (self_attn): MultiheadAttention(
            (out_proj): NonDynamicallyQuantizableLinear(in_features=64, out_features=64, bias=True)
          )
          (multihead_attn): MultiheadAttention(
            (out_proj): NonDynamicallyQuantizableLinear(in_features=64, out_features=64, bias=True)
          )
          (linear1): lora.Linear(
            (base_layer): Linear(in_features=64, out_features=2048, bias=True)
            (lora_dropout): ModuleDict(
              (default): Identity()
            )
            (lora_A): ModuleDict(
              (default): Linear(in_features=64, out_features=8, bias=False)
            )
            (lora_B): ModuleDict(
              (default): Linear(in_features=8, out_features=2048, bias=False)
            )
            (lora_embedding_A): ParameterDict()
            (lora_embedding_B): ParameterDict()
            (lora_magnitude_vector): ModuleDict()
          )
          (dropout): Dropout(p=0.0, inplace=False)
          (linear2): lora.Linear(
            (base_layer): Linear(in_features=2048, out_features=64, bias=True)
            (lora_dropout): ModuleDict(
              (default): Identity()
            )
            (lora_A): ModuleDict(
              (default): Linear(in_features=2048, out_features=8, bias=False)
            )
            (lora_B): ModuleDict(
              (default): Linear(in_features=8, out_features=64, bias=False)
            )
            (lora_embedding_A): ParameterDict()
            (lora_embedding_B): ParameterDict()
            (lora_magnitude_vector): ModuleDict()
          )
          (norm1): LayerNorm((64,), eps=1e-05, elementwise_affine=True)
          (norm2): LayerNorm((64,), eps=1e-05, elementwise_affine=True)
          (norm3): LayerNorm((64,), eps=1e-05, elementwise_affine=True)
          (dropout1): Dropout(p=0.0, inplace=False)
          (dropout2): Dropout(p=0.0, inplace=False)
          (dropout3): Dropout(p=0.0, inplace=False)
        )
        (norm): LayerNorm((64,), eps=1e-05, elementwise_affine=True)
      )
      (fc_encoder): Linear(in_features=8192, out_features=2048, bias=True)
      (fc_decoder): Linear(in_features=2048, out_features=8192, bias=True)
    )
  )
)
==================================================

I 06.07/16:09:36 init.py:215 ] 
base_model.model.encoder.layer.self_attn.in_proj_weight           False    (192, 64)
base_model.model.encoder.layer.self_attn.in_proj_bias             False    (192,)
base_model.model.encoder.layer.self_attn.out_proj.weight          False    (64, 64)
base_model.model.encoder.layer.self_attn.out_proj.bias            False    (64,)
base_model.model.encoder.layer.linear1.weight                     False    (2048, 64)
base_model.model.encoder.layer.linear1.bias                       False    (2048,)
base_model.model.encoder.layer.linear2.weight                     False    (64, 2048)
base_model.model.encoder.layer.linear2.bias                       False    (64,)
base_model.model.encoder.layer.norm1.weight                       False    (64,)
base_model.model.encoder.layer.norm1.bias                         False    (64,)
base_model.model.encoder.layer.norm2.weight                       False    (64,)
base_model.model.encoder.layer.norm2.bias                         False    (64,)
base_model.model.encoder.norm.weight                              False    (64,)
base_model.model.encoder.norm.bias                                False    (64,)
base_model.model.decoder.layer.self_attn.in_proj_weight           False    (192, 64)
base_model.model.decoder.layer.self_attn.in_proj_bias             False    (192,)
base_model.model.decoder.layer.self_attn.out_proj.weight          False    (64, 64)
base_model.model.decoder.layer.self_attn.out_proj.bias            False    (64,)
base_model.model.decoder.layer.multihead_attn.in_proj_weight      False    (192, 64)
base_model.model.decoder.layer.multihead_attn.in_proj_bias        False    (192,)
base_model.model.decoder.layer.multihead_attn.out_proj.weight     False    (64, 64)
base_model.model.decoder.layer.multihead_attn.out_proj.bias       False    (64,)
base_model.model.decoder.layer.linear1.base_layer.weight          False    (2048, 64)
base_model.model.decoder.layer.linear1.base_layer.bias            False    (2048,)
base_model.model.decoder.layer.linear1.lora_A.default.weight      True     (8, 64)
base_model.model.decoder.layer.linear1.lora_B.default.weight      True     (2048, 8)
base_model.model.decoder.layer.linear2.base_layer.weight          False    (64, 2048)
base_model.model.decoder.layer.linear2.base_layer.bias            False    (64,)
base_model.model.decoder.layer.linear2.lora_A.default.weight      True     (8, 2048)
base_model.model.decoder.layer.linear2.lora_B.default.weight      True     (64, 8)
base_model.model.decoder.layer.norm1.weight                       False    (64,)
base_model.model.decoder.layer.norm1.bias                         False    (64,)
base_model.model.decoder.layer.norm2.weight                       False    (64,)
base_model.model.decoder.layer.norm2.bias                         False    (64,)
base_model.model.decoder.layer.norm3.weight                       False    (64,)
base_model.model.decoder.layer.norm3.bias                         False    (64,)
base_model.model.decoder.norm.weight                              False    (64,)
base_model.model.decoder.norm.bias                                False    (64,)
base_model.model.fc_encoder.weight                                False    (2048, 8192)
base_model.model.fc_encoder.bias                                  False    (2048,)
base_model.model.fc_decoder.weight                                False    (8192, 2048)
base_model.model.fc_decoder.bias                                  False    (8192,)
==================================================
I 06.07/16:09:42 solver.py:141 ] Epoch: [1/400][20/36] lr: 1.39e-05 | MSE loss: 5.8128e-03 | time: 0.238
I 06.07/16:09:44 solver.py:151 ] => Train  Loss: 6.1464e-03

I 06.07/16:09:47 solver.py:141 ] Epoch: [2/400][20/36] lr: 3.89e-05 | MSE loss: 6.3486e-03 | time: 0.159
I 06.07/16:09:49 solver.py:151 ] => Train  Loss: 6.2275e-03

I 06.07/16:09:52 solver.py:141 ] Epoch: [3/400][20/36] lr: 6.39e-05 | MSE loss: 6.2240e-03 | time: 0.149
I 06.07/16:09:55 solver.py:151 ] => Train  Loss: 6.2614e-03

I 06.07/16:09:58 solver.py:141 ] Epoch: [4/400][20/36] lr: 8.89e-05 | MSE loss: 5.9178e-03 | time: 0.150
I 06.07/16:10:00 solver.py:151 ] => Train  Loss: 6.3189e-03

I 06.07/16:10:05 solver.py:141 ] Epoch: [5/400][20/36] lr: 1.14e-04 | MSE loss: 5.9598e-03 | time: 0.255
I 06.07/16:10:07 solver.py:151 ] => Train  Loss: 6.0973e-03

I 06.07/16:10:10 solver.py:141 ] Epoch: [6/400][20/36] lr: 1.39e-04 | MSE loss: 6.0097e-03 | time: 0.161
I 06.07/16:10:13 solver.py:151 ] => Train  Loss: 6.2235e-03

I 06.07/16:10:16 solver.py:141 ] Epoch: [7/400][20/36] lr: 1.64e-04 | MSE loss: 5.8602e-03 | time: 0.149
I 06.07/16:10:18 solver.py:151 ] => Train  Loss: 6.1324e-03

I 06.07/16:10:21 solver.py:141 ] Epoch: [8/400][20/36] lr: 1.89e-04 | MSE loss: 5.9811e-03 | time: 0.144
I 06.07/16:10:23 solver.py:151 ] => Train  Loss: 6.1097e-03

I 06.07/16:10:26 solver.py:141 ] Epoch: [9/400][20/36] lr: 2.14e-04 | MSE loss: 5.3815e-03 | time: 0.141
I 06.07/16:10:28 solver.py:151 ] => Train  Loss: 6.2380e-03

I 06.07/16:10:31 solver.py:141 ] Epoch: [10/400][20/36] lr: 2.39e-04 | MSE loss: 5.7814e-03 | time: 0.151
I 06.07/16:10:33 solver.py:151 ] => Train  Loss: 6.4300e-03

I 06.07/16:10:34 solver.py:151 ] => Val  Loss: 5.7232e-03

I 06.07/16:10:34 solver.py:285 ] => Test NMSE: -1.9707e+01

I 06.07/16:10:35 solver.py:206 ] 
=! Best NMSE: -1.9707e+01 (epoch=10)

I 06.07/16:10:38 solver.py:141 ] Epoch: [11/400][20/36] lr: 2.64e-04 | MSE loss: 6.0092e-03 | time: 0.139
I 06.07/16:10:40 solver.py:151 ] => Train  Loss: 6.1408e-03

I 06.07/16:10:40 solver.py:206 ] 
=! Best NMSE: -1.9707e+01 (epoch=10)

I 06.07/16:10:43 solver.py:141 ] Epoch: [12/400][20/36] lr: 2.89e-04 | MSE loss: 5.7934e-03 | time: 0.151
I 06.07/16:10:46 solver.py:151 ] => Train  Loss: 6.2224e-03

I 06.07/16:10:46 solver.py:206 ] 
=! Best NMSE: -1.9707e+01 (epoch=10)

I 06.07/16:10:49 solver.py:141 ] Epoch: [13/400][20/36] lr: 3.14e-04 | MSE loss: 6.1289e-03 | time: 0.146
I 06.07/16:10:51 solver.py:151 ] => Train  Loss: 6.1076e-03

I 06.07/16:10:51 solver.py:206 ] 
=! Best NMSE: -1.9707e+01 (epoch=10)

I 06.07/16:10:54 solver.py:141 ] Epoch: [14/400][20/36] lr: 3.39e-04 | MSE loss: 6.1966e-03 | time: 0.164
I 06.07/16:10:57 solver.py:151 ] => Train  Loss: 6.2440e-03

I 06.07/16:10:57 solver.py:206 ] 
=! Best NMSE: -1.9707e+01 (epoch=10)

I 06.07/16:11:00 solver.py:141 ] Epoch: [15/400][20/36] lr: 3.64e-04 | MSE loss: 5.8798e-03 | time: 0.169
I 06.07/16:11:05 solver.py:151 ] => Train  Loss: 6.4338e-03

I 06.07/16:11:05 solver.py:206 ] 
=! Best NMSE: -1.9707e+01 (epoch=10)

I 06.07/16:11:08 solver.py:141 ] Epoch: [16/400][20/36] lr: 3.89e-04 | MSE loss: 6.2083e-03 | time: 0.163
I 06.07/16:11:10 solver.py:151 ] => Train  Loss: 6.2102e-03

I 06.07/16:11:10 solver.py:206 ] 
=! Best NMSE: -1.9707e+01 (epoch=10)

I 06.07/16:11:13 solver.py:141 ] Epoch: [17/400][20/36] lr: 4.14e-04 | MSE loss: 6.0825e-03 | time: 0.137
I 06.07/16:11:15 solver.py:151 ] => Train  Loss: 6.0919e-03

I 06.07/16:11:15 solver.py:206 ] 
=! Best NMSE: -1.9707e+01 (epoch=10)

I 06.07/16:11:18 solver.py:141 ] Epoch: [18/400][20/36] lr: 4.39e-04 | MSE loss: 6.3106e-03 | time: 0.145
I 06.07/16:11:20 solver.py:151 ] => Train  Loss: 6.0957e-03

I 06.07/16:11:21 solver.py:206 ] 
=! Best NMSE: -1.9707e+01 (epoch=10)

I 06.07/16:11:23 solver.py:141 ] Epoch: [19/400][20/36] lr: 4.64e-04 | MSE loss: 6.3539e-03 | time: 0.149
I 06.07/16:11:26 solver.py:151 ] => Train  Loss: 6.1237e-03

I 06.07/16:11:26 solver.py:206 ] 
=! Best NMSE: -1.9707e+01 (epoch=10)

I 06.07/16:11:29 solver.py:141 ] Epoch: [20/400][20/36] lr: 4.89e-04 | MSE loss: 5.9209e-03 | time: 0.165
I 06.07/16:11:31 solver.py:151 ] => Train  Loss: 6.0957e-03

I 06.07/16:11:32 solver.py:151 ] => Val  Loss: 5.7224e-03

I 06.07/16:11:32 solver.py:285 ] => Test NMSE: -1.9707e+01

I 06.07/16:11:33 solver.py:206 ] 
=! Best NMSE: -1.9707e+01 (epoch=20)

I 06.07/16:11:36 solver.py:141 ] Epoch: [21/400][20/36] lr: 5.14e-04 | MSE loss: 6.0618e-03 | time: 0.148
I 06.07/16:11:39 solver.py:151 ] => Train  Loss: 6.1006e-03

I 06.07/16:11:39 solver.py:206 ] 
=! Best NMSE: -1.9707e+01 (epoch=20)

I 06.07/16:11:42 solver.py:141 ] Epoch: [22/400][20/36] lr: 5.39e-04 | MSE loss: 5.8894e-03 | time: 0.150
I 06.07/16:11:44 solver.py:151 ] => Train  Loss: 6.2431e-03

I 06.07/16:11:44 solver.py:206 ] 
=! Best NMSE: -1.9707e+01 (epoch=20)

I 06.07/16:11:47 solver.py:141 ] Epoch: [23/400][20/36] lr: 5.64e-04 | MSE loss: 6.1623e-03 | time: 0.155
I 06.07/16:11:50 solver.py:151 ] => Train  Loss: 6.2221e-03

I 06.07/16:11:50 solver.py:206 ] 
=! Best NMSE: -1.9707e+01 (epoch=20)

I 06.07/16:11:53 solver.py:141 ] Epoch: [24/400][20/36] lr: 5.89e-04 | MSE loss: 5.7935e-03 | time: 0.155
I 06.07/16:11:55 solver.py:151 ] => Train  Loss: 6.2963e-03

I 06.07/16:11:55 solver.py:206 ] 
=! Best NMSE: -1.9707e+01 (epoch=20)

I 06.07/16:11:58 solver.py:141 ] Epoch: [25/400][20/36] lr: 6.14e-04 | MSE loss: 6.7388e-03 | time: 0.156
I 06.07/16:12:00 solver.py:151 ] => Train  Loss: 6.3065e-03

I 06.07/16:12:00 solver.py:206 ] 
=! Best NMSE: -1.9707e+01 (epoch=20)

I 06.07/16:12:05 solver.py:141 ] Epoch: [26/400][20/36] lr: 6.39e-04 | MSE loss: 5.9835e-03 | time: 0.251
I 06.07/16:12:07 solver.py:151 ] => Train  Loss: 6.2777e-03

I 06.07/16:12:07 solver.py:206 ] 
=! Best NMSE: -1.9707e+01 (epoch=20)

I 06.07/16:12:10 solver.py:141 ] Epoch: [27/400][20/36] lr: 6.64e-04 | MSE loss: 6.5326e-03 | time: 0.138
I 06.07/16:12:12 solver.py:151 ] => Train  Loss: 6.1835e-03

I 06.07/16:12:12 solver.py:206 ] 
=! Best NMSE: -1.9707e+01 (epoch=20)

I 06.07/16:12:15 solver.py:141 ] Epoch: [28/400][20/36] lr: 6.89e-04 | MSE loss: 6.2096e-03 | time: 0.156
I 06.07/16:12:17 solver.py:151 ] => Train  Loss: 6.2541e-03

I 06.07/16:12:17 solver.py:206 ] 
=! Best NMSE: -1.9707e+01 (epoch=20)

I 06.07/16:12:20 solver.py:141 ] Epoch: [29/400][20/36] lr: 7.14e-04 | MSE loss: 6.0949e-03 | time: 0.160
I 06.07/16:12:23 solver.py:151 ] => Train  Loss: 6.1054e-03

I 06.07/16:12:23 solver.py:206 ] 
=! Best NMSE: -1.9707e+01 (epoch=20)

I 06.07/16:12:26 solver.py:141 ] Epoch: [30/400][20/36] lr: 7.39e-04 | MSE loss: 5.9514e-03 | time: 0.159
I 06.07/16:12:28 solver.py:151 ] => Train  Loss: 6.3346e-03

I 06.07/16:12:29 solver.py:151 ] => Val  Loss: 5.7221e-03

I 06.07/16:12:29 solver.py:285 ] => Test NMSE: -1.9707e+01

I 06.07/16:12:30 solver.py:206 ] 
=! Best NMSE: -1.9707e+01 (epoch=30)

I 06.07/16:12:33 solver.py:141 ] Epoch: [31/400][20/36] lr: 7.64e-04 | MSE loss: 6.5920e-03 | time: 0.167
I 06.07/16:12:35 solver.py:151 ] => Train  Loss: 6.1024e-03

I 06.07/16:12:35 solver.py:206 ] 
=! Best NMSE: -1.9707e+01 (epoch=30)

I 06.07/16:12:38 solver.py:141 ] Epoch: [32/400][20/36] lr: 7.89e-04 | MSE loss: 6.3110e-03 | time: 0.147
I 06.07/16:12:40 solver.py:151 ] => Train  Loss: 6.1345e-03

I 06.07/16:12:40 solver.py:206 ] 
=! Best NMSE: -1.9707e+01 (epoch=30)

I 06.07/16:12:43 solver.py:141 ] Epoch: [33/400][20/36] lr: 8.14e-04 | MSE loss: 6.0020e-03 | time: 0.149
I 06.07/16:12:46 solver.py:151 ] => Train  Loss: 6.2882e-03

I 06.07/16:12:46 solver.py:206 ] 
=! Best NMSE: -1.9707e+01 (epoch=30)

I 06.07/16:12:49 solver.py:141 ] Epoch: [34/400][20/36] lr: 8.39e-04 | MSE loss: 6.1230e-03 | time: 0.151
I 06.07/16:12:51 solver.py:151 ] => Train  Loss: 6.3125e-03

I 06.07/16:12:51 solver.py:206 ] 
=! Best NMSE: -1.9707e+01 (epoch=30)

I 06.07/16:12:54 solver.py:141 ] Epoch: [35/400][20/36] lr: 8.64e-04 | MSE loss: 6.0863e-03 | time: 0.156
I 06.07/16:12:56 solver.py:151 ] => Train  Loss: 6.1135e-03

I 06.07/16:12:56 solver.py:206 ] 
=! Best NMSE: -1.9707e+01 (epoch=30)

I 06.07/16:12:59 solver.py:141 ] Epoch: [36/400][20/36] lr: 8.89e-04 | MSE loss: 5.8122e-03 | time: 0.151
I 06.07/16:13:03 solver.py:151 ] => Train  Loss: 6.1303e-03

I 06.07/16:13:03 solver.py:206 ] 
=! Best NMSE: -1.9707e+01 (epoch=30)

I 06.07/16:13:07 solver.py:141 ] Epoch: [37/400][20/36] lr: 9.14e-04 | MSE loss: 6.0969e-03 | time: 0.203
I 06.07/16:13:09 solver.py:151 ] => Train  Loss: 6.1311e-03

I 06.07/16:13:09 solver.py:206 ] 
=! Best NMSE: -1.9707e+01 (epoch=30)

I 06.07/16:13:13 solver.py:141 ] Epoch: [38/400][20/36] lr: 9.39e-04 | MSE loss: 6.2972e-03 | time: 0.159
I 06.07/16:13:15 solver.py:151 ] => Train  Loss: 6.1331e-03

I 06.07/16:13:15 solver.py:206 ] 
=! Best NMSE: -1.9707e+01 (epoch=30)

I 06.07/16:13:18 solver.py:141 ] Epoch: [39/400][20/36] lr: 9.64e-04 | MSE loss: 6.4008e-03 | time: 0.147
I 06.07/16:13:20 solver.py:151 ] => Train  Loss: 6.2340e-03

I 06.07/16:13:20 solver.py:206 ] 
=! Best NMSE: -1.9707e+01 (epoch=30)

I 06.07/16:13:23 solver.py:141 ] Epoch: [40/400][20/36] lr: 9.89e-04 | MSE loss: 5.7830e-03 | time: 0.153
I 06.07/16:13:25 solver.py:151 ] => Train  Loss: 6.3688e-03

I 06.07/16:13:26 solver.py:151 ] => Val  Loss: 5.7239e-03

I 06.07/16:13:26 solver.py:285 ] => Test NMSE: -1.9706e+01

I 06.07/16:13:26 solver.py:206 ] 
=! Best NMSE: -1.9707e+01 (epoch=30)

I 06.07/16:13:29 solver.py:141 ] Epoch: [41/400][20/36] lr: 1.00e-03 | MSE loss: 6.5118e-03 | time: 0.144
I 06.07/16:13:31 solver.py:151 ] => Train  Loss: 6.1360e-03

I 06.07/16:13:31 solver.py:206 ] 
=! Best NMSE: -1.9707e+01 (epoch=30)

I 06.07/16:13:34 solver.py:141 ] Epoch: [42/400][20/36] lr: 1.00e-03 | MSE loss: 6.1804e-03 | time: 0.152
I 06.07/16:13:36 solver.py:151 ] => Train  Loss: 6.1264e-03

I 06.07/16:13:36 solver.py:206 ] 
=! Best NMSE: -1.9707e+01 (epoch=30)

I 06.07/16:13:39 solver.py:141 ] Epoch: [43/400][20/36] lr: 1.00e-03 | MSE loss: 6.3063e-03 | time: 0.148
I 06.07/16:13:42 solver.py:151 ] => Train  Loss: 6.2442e-03

I 06.07/16:13:42 solver.py:206 ] 
=! Best NMSE: -1.9707e+01 (epoch=30)

I 06.07/16:13:45 solver.py:141 ] Epoch: [44/400][20/36] lr: 1.00e-03 | MSE loss: 6.4619e-03 | time: 0.171
I 06.07/16:13:47 solver.py:151 ] => Train  Loss: 6.0996e-03

I 06.07/16:13:47 solver.py:206 ] 
=! Best NMSE: -1.9707e+01 (epoch=30)

I 06.07/16:13:50 solver.py:141 ] Epoch: [45/400][20/36] lr: 1.00e-03 | MSE loss: 6.9596e-03 | time: 0.150
I 06.07/16:13:52 solver.py:151 ] => Train  Loss: 6.2419e-03

I 06.07/16:13:52 solver.py:206 ] 
=! Best NMSE: -1.9707e+01 (epoch=30)

I 06.07/16:13:55 solver.py:141 ] Epoch: [46/400][20/36] lr: 9.99e-04 | MSE loss: 6.6324e-03 | time: 0.150
I 06.07/16:13:58 solver.py:151 ] => Train  Loss: 6.2651e-03

I 06.07/16:13:58 solver.py:206 ] 
=! Best NMSE: -1.9707e+01 (epoch=30)

I 06.07/16:14:02 solver.py:141 ] Epoch: [47/400][20/36] lr: 9.99e-04 | MSE loss: 6.3694e-03 | time: 0.224
I 06.07/16:14:06 solver.py:151 ] => Train  Loss: 6.3187e-03

I 06.07/16:14:06 solver.py:206 ] 
=! Best NMSE: -1.9707e+01 (epoch=30)

I 06.07/16:14:08 solver.py:141 ] Epoch: [48/400][20/36] lr: 9.99e-04 | MSE loss: 6.3325e-03 | time: 0.142
I 06.07/16:14:11 solver.py:151 ] => Train  Loss: 6.3147e-03

I 06.07/16:14:11 solver.py:206 ] 
=! Best NMSE: -1.9707e+01 (epoch=30)

I 06.07/16:14:14 solver.py:141 ] Epoch: [49/400][20/36] lr: 9.99e-04 | MSE loss: 6.3419e-03 | time: 0.168
I 06.07/16:14:16 solver.py:151 ] => Train  Loss: 6.1249e-03

I 06.07/16:14:16 solver.py:206 ] 
=! Best NMSE: -1.9707e+01 (epoch=30)

I 06.07/16:14:19 solver.py:141 ] Epoch: [50/400][20/36] lr: 9.98e-04 | MSE loss: 6.1740e-03 | time: 0.160
I 06.07/16:14:22 solver.py:151 ] => Train  Loss: 6.1944e-03

I 06.07/16:14:22 solver.py:151 ] => Val  Loss: 5.7209e-03

I 06.07/16:14:23 solver.py:285 ] => Test NMSE: -1.9708e+01

I 06.07/16:14:24 solver.py:206 ] 
=! Best NMSE: -1.9708e+01 (epoch=50)

I 06.07/16:14:27 solver.py:141 ] Epoch: [51/400][20/36] lr: 9.98e-04 | MSE loss: 6.1169e-03 | time: 0.162
I 06.07/16:14:29 solver.py:151 ] => Train  Loss: 6.2830e-03

I 06.07/16:14:29 solver.py:206 ] 
=! Best NMSE: -1.9708e+01 (epoch=50)

I 06.07/16:14:32 solver.py:141 ] Epoch: [52/400][20/36] lr: 9.98e-04 | MSE loss: 6.6700e-03 | time: 0.150
I 06.07/16:14:34 solver.py:151 ] => Train  Loss: 6.3536e-03

I 06.07/16:14:34 solver.py:206 ] 
=! Best NMSE: -1.9708e+01 (epoch=50)

I 06.07/16:14:37 solver.py:141 ] Epoch: [53/400][20/36] lr: 9.97e-04 | MSE loss: 6.2687e-03 | time: 0.147
I 06.07/16:14:39 solver.py:151 ] => Train  Loss: 6.1230e-03

I 06.07/16:14:39 solver.py:206 ] 
=! Best NMSE: -1.9708e+01 (epoch=50)

I 06.07/16:14:42 solver.py:141 ] Epoch: [54/400][20/36] lr: 9.97e-04 | MSE loss: 6.6254e-03 | time: 0.157
I 06.07/16:14:45 solver.py:151 ] => Train  Loss: 6.2107e-03

I 06.07/16:14:45 solver.py:206 ] 
=! Best NMSE: -1.9708e+01 (epoch=50)

I 06.07/16:14:48 solver.py:141 ] Epoch: [55/400][20/36] lr: 9.96e-04 | MSE loss: 5.8595e-03 | time: 0.156
I 06.07/16:14:50 solver.py:151 ] => Train  Loss: 6.4302e-03

I 06.07/16:14:50 solver.py:206 ] 
=! Best NMSE: -1.9708e+01 (epoch=50)

I 06.07/16:14:53 solver.py:141 ] Epoch: [56/400][20/36] lr: 9.96e-04 | MSE loss: 6.2904e-03 | time: 0.144
I 06.07/16:14:55 solver.py:151 ] => Train  Loss: 6.1262e-03

I 06.07/16:14:55 solver.py:206 ] 
=! Best NMSE: -1.9708e+01 (epoch=50)

I 06.07/16:14:58 solver.py:141 ] Epoch: [57/400][20/36] lr: 9.95e-04 | MSE loss: 5.5495e-03 | time: 0.137
I 06.07/16:15:00 solver.py:151 ] => Train  Loss: 6.1462e-03

I 06.07/16:15:00 solver.py:206 ] 
=! Best NMSE: -1.9708e+01 (epoch=50)

I 06.07/16:15:05 solver.py:141 ] Epoch: [58/400][20/36] lr: 9.94e-04 | MSE loss: 6.0733e-03 | time: 0.239
I 06.07/16:15:07 solver.py:151 ] => Train  Loss: 6.3911e-03

I 06.07/16:15:07 solver.py:206 ] 
=! Best NMSE: -1.9708e+01 (epoch=50)

I 06.07/16:15:10 solver.py:141 ] Epoch: [59/400][20/36] lr: 9.94e-04 | MSE loss: 6.1388e-03 | time: 0.142
I 06.07/16:15:12 solver.py:151 ] => Train  Loss: 6.2207e-03

I 06.07/16:15:12 solver.py:206 ] 
=! Best NMSE: -1.9708e+01 (epoch=50)

I 06.07/16:15:15 solver.py:141 ] Epoch: [60/400][20/36] lr: 9.93e-04 | MSE loss: 5.7807e-03 | time: 0.148
I 06.07/16:15:17 solver.py:151 ] => Train  Loss: 6.2154e-03

I 06.07/16:15:18 solver.py:151 ] => Val  Loss: 5.7200e-03

I 06.07/16:15:19 solver.py:285 ] => Test NMSE: -1.9709e+01

I 06.07/16:15:20 solver.py:206 ] 
=! Best NMSE: -1.9709e+01 (epoch=60)

I 06.07/16:15:23 solver.py:141 ] Epoch: [61/400][20/36] lr: 9.92e-04 | MSE loss: 5.8905e-03 | time: 0.152
I 06.07/16:15:25 solver.py:151 ] => Train  Loss: 6.2424e-03

I 06.07/16:15:25 solver.py:206 ] 
=! Best NMSE: -1.9709e+01 (epoch=60)

I 06.07/16:15:28 solver.py:141 ] Epoch: [62/400][20/36] lr: 9.92e-04 | MSE loss: 6.3287e-03 | time: 0.146
I 06.07/16:15:30 solver.py:151 ] => Train  Loss: 6.3459e-03

I 06.07/16:15:30 solver.py:206 ] 
=! Best NMSE: -1.9709e+01 (epoch=60)

I 06.07/16:15:34 solver.py:141 ] Epoch: [63/400][20/36] lr: 9.91e-04 | MSE loss: 6.4198e-03 | time: 0.166
I 06.07/16:15:36 solver.py:151 ] => Train  Loss: 6.1121e-03

I 06.07/16:15:36 solver.py:206 ] 
=! Best NMSE: -1.9709e+01 (epoch=60)

I 06.07/16:15:39 solver.py:141 ] Epoch: [64/400][20/36] lr: 9.90e-04 | MSE loss: 5.9357e-03 | time: 0.171
I 06.07/16:15:41 solver.py:151 ] => Train  Loss: 6.0878e-03

I 06.07/16:15:41 solver.py:206 ] 
=! Best NMSE: -1.9709e+01 (epoch=60)

I 06.07/16:15:44 solver.py:141 ] Epoch: [65/400][20/36] lr: 9.89e-04 | MSE loss: 6.5672e-03 | time: 0.154
I 06.07/16:15:47 solver.py:151 ] => Train  Loss: 6.1932e-03

I 06.07/16:15:47 solver.py:206 ] 
=! Best NMSE: -1.9709e+01 (epoch=60)

I 06.07/16:15:50 solver.py:141 ] Epoch: [66/400][20/36] lr: 9.88e-04 | MSE loss: 5.8430e-03 | time: 0.147
I 06.07/16:15:52 solver.py:151 ] => Train  Loss: 6.2485e-03

I 06.07/16:15:52 solver.py:206 ] 
=! Best NMSE: -1.9709e+01 (epoch=60)

I 06.07/16:15:55 solver.py:141 ] Epoch: [67/400][20/36] lr: 9.87e-04 | MSE loss: 5.8248e-03 | time: 0.141
I 06.07/16:15:57 solver.py:151 ] => Train  Loss: 6.3872e-03

I 06.07/16:15:57 solver.py:206 ] 
=! Best NMSE: -1.9709e+01 (epoch=60)

I 06.07/16:16:00 solver.py:141 ] Epoch: [68/400][20/36] lr: 9.86e-04 | MSE loss: 5.8629e-03 | time: 0.157
I 06.07/16:16:04 solver.py:151 ] => Train  Loss: 6.0978e-03

I 06.07/16:16:04 solver.py:206 ] 
=! Best NMSE: -1.9709e+01 (epoch=60)

I 06.07/16:16:08 solver.py:141 ] Epoch: [69/400][20/36] lr: 9.85e-04 | MSE loss: 5.8016e-03 | time: 0.181
I 06.07/16:16:10 solver.py:151 ] => Train  Loss: 6.1051e-03

I 06.07/16:16:10 solver.py:206 ] 
=! Best NMSE: -1.9709e+01 (epoch=60)

I 06.07/16:16:13 solver.py:141 ] Epoch: [70/400][20/36] lr: 9.84e-04 | MSE loss: 6.2611e-03 | time: 0.154
I 06.07/16:16:15 solver.py:151 ] => Train  Loss: 6.1179e-03

I 06.07/16:16:15 solver.py:151 ] => Val  Loss: 5.7191e-03

I 06.07/16:16:16 solver.py:285 ] => Test NMSE: -1.9710e+01

I 06.07/16:16:17 solver.py:206 ] 
=! Best NMSE: -1.9710e+01 (epoch=70)

I 06.07/16:16:20 solver.py:141 ] Epoch: [71/400][20/36] lr: 9.83e-04 | MSE loss: 6.3306e-03 | time: 0.155
I 06.07/16:16:22 solver.py:151 ] => Train  Loss: 6.1444e-03

I 06.07/16:16:22 solver.py:206 ] 
=! Best NMSE: -1.9710e+01 (epoch=70)

I 06.07/16:16:26 solver.py:141 ] Epoch: [72/400][20/36] lr: 9.82e-04 | MSE loss: 6.3814e-03 | time: 0.161
I 06.07/16:16:28 solver.py:151 ] => Train  Loss: 6.0883e-03

I 06.07/16:16:28 solver.py:206 ] 
=! Best NMSE: -1.9710e+01 (epoch=70)

I 06.07/16:16:31 solver.py:141 ] Epoch: [73/400][20/36] lr: 9.81e-04 | MSE loss: 6.1241e-03 | time: 0.145
I 06.07/16:16:33 solver.py:151 ] => Train  Loss: 6.0898e-03

I 06.07/16:16:33 solver.py:206 ] 
=! Best NMSE: -1.9710e+01 (epoch=70)

I 06.07/16:16:36 solver.py:141 ] Epoch: [74/400][20/36] lr: 9.80e-04 | MSE loss: 6.3815e-03 | time: 0.156
I 06.07/16:16:39 solver.py:151 ] => Train  Loss: 6.2639e-03

I 06.07/16:16:39 solver.py:206 ] 
=! Best NMSE: -1.9710e+01 (epoch=70)

I 06.07/16:16:41 solver.py:141 ] Epoch: [75/400][20/36] lr: 9.79e-04 | MSE loss: 5.7150e-03 | time: 0.142
I 06.07/16:16:43 solver.py:151 ] => Train  Loss: 6.3335e-03

I 06.07/16:16:44 solver.py:206 ] 
=! Best NMSE: -1.9710e+01 (epoch=70)

I 06.07/16:16:46 solver.py:141 ] Epoch: [76/400][20/36] lr: 9.77e-04 | MSE loss: 6.4544e-03 | time: 0.141
I 06.07/16:16:49 solver.py:151 ] => Train  Loss: 6.4501e-03

I 06.07/16:16:49 solver.py:206 ] 
=! Best NMSE: -1.9710e+01 (epoch=70)

I 06.07/16:16:52 solver.py:141 ] Epoch: [77/400][20/36] lr: 9.76e-04 | MSE loss: 6.3816e-03 | time: 0.148
I 06.07/16:16:54 solver.py:151 ] => Train  Loss: 6.1645e-03

I 06.07/16:16:54 solver.py:206 ] 
=! Best NMSE: -1.9710e+01 (epoch=70)

I 06.07/16:16:57 solver.py:141 ] Epoch: [78/400][20/36] lr: 9.75e-04 | MSE loss: 6.2769e-03 | time: 0.147
I 06.07/16:16:59 solver.py:151 ] => Train  Loss: 6.1267e-03

I 06.07/16:16:59 solver.py:206 ] 
=! Best NMSE: -1.9710e+01 (epoch=70)

I 06.07/16:17:04 solver.py:141 ] Epoch: [79/400][20/36] lr: 9.73e-04 | MSE loss: 6.1271e-03 | time: 0.239
I 06.07/16:17:06 solver.py:151 ] => Train  Loss: 6.3324e-03

I 06.07/16:17:06 solver.py:206 ] 
=! Best NMSE: -1.9710e+01 (epoch=70)

I 06.07/16:17:09 solver.py:141 ] Epoch: [80/400][20/36] lr: 9.72e-04 | MSE loss: 6.2029e-03 | time: 0.159
I 06.07/16:17:12 solver.py:151 ] => Train  Loss: 6.1744e-03

I 06.07/16:17:12 solver.py:151 ] => Val  Loss: 5.7187e-03

I 06.07/16:17:13 solver.py:285 ] => Test NMSE: -1.9710e+01

I 06.07/16:17:14 solver.py:206 ] 
=! Best NMSE: -1.9710e+01 (epoch=80)

I 06.07/16:17:17 solver.py:141 ] Epoch: [81/400][20/36] lr: 9.71e-04 | MSE loss: 6.4865e-03 | time: 0.154
I 06.07/16:17:19 solver.py:151 ] => Train  Loss: 6.3393e-03

I 06.07/16:17:19 solver.py:206 ] 
=! Best NMSE: -1.9710e+01 (epoch=80)

I 06.07/16:17:23 solver.py:141 ] Epoch: [82/400][20/36] lr: 9.69e-04 | MSE loss: 5.9354e-03 | time: 0.172
I 06.07/16:17:25 solver.py:151 ] => Train  Loss: 6.1394e-03

I 06.07/16:17:25 solver.py:206 ] 
=! Best NMSE: -1.9710e+01 (epoch=80)

I 06.07/16:17:28 solver.py:141 ] Epoch: [83/400][20/36] lr: 9.68e-04 | MSE loss: 6.2833e-03 | time: 0.157
I 06.07/16:17:31 solver.py:151 ] => Train  Loss: 6.1133e-03

I 06.07/16:17:31 solver.py:206 ] 
=! Best NMSE: -1.9710e+01 (epoch=80)

I 06.07/16:17:34 solver.py:141 ] Epoch: [84/400][20/36] lr: 9.66e-04 | MSE loss: 6.3301e-03 | time: 0.164
I 06.07/16:17:36 solver.py:151 ] => Train  Loss: 6.0946e-03

I 06.07/16:17:36 solver.py:206 ] 
=! Best NMSE: -1.9710e+01 (epoch=80)

I 06.07/16:17:39 solver.py:141 ] Epoch: [85/400][20/36] lr: 9.65e-04 | MSE loss: 6.2037e-03 | time: 0.156
I 06.07/16:17:41 solver.py:151 ] => Train  Loss: 6.3776e-03

I 06.07/16:17:41 solver.py:206 ] 
=! Best NMSE: -1.9710e+01 (epoch=80)

I 06.07/16:17:44 solver.py:141 ] Epoch: [86/400][20/36] lr: 9.63e-04 | MSE loss: 5.8397e-03 | time: 0.149
I 06.07/16:17:47 solver.py:151 ] => Train  Loss: 6.3833e-03

I 06.07/16:17:47 solver.py:206 ] 
=! Best NMSE: -1.9710e+01 (epoch=80)

I 06.07/16:17:50 solver.py:141 ] Epoch: [87/400][20/36] lr: 9.61e-04 | MSE loss: 6.3832e-03 | time: 0.146
I 06.07/16:17:52 solver.py:151 ] => Train  Loss: 6.1124e-03

I 06.07/16:17:52 solver.py:206 ] 
=! Best NMSE: -1.9710e+01 (epoch=80)

I 06.07/16:17:56 solver.py:141 ] Epoch: [88/400][20/36] lr: 9.60e-04 | MSE loss: 6.7422e-03 | time: 0.166
I 06.07/16:17:58 solver.py:151 ] => Train  Loss: 6.3694e-03

I 06.07/16:17:58 solver.py:206 ] 
=! Best NMSE: -1.9710e+01 (epoch=80)

I 06.07/16:18:02 solver.py:141 ] Epoch: [89/400][20/36] lr: 9.58e-04 | MSE loss: 6.3934e-03 | time: 0.201
I 06.07/16:18:05 solver.py:151 ] => Train  Loss: 6.1148e-03

I 06.07/16:18:05 solver.py:206 ] 
=! Best NMSE: -1.9710e+01 (epoch=80)

I 06.07/16:18:08 solver.py:141 ] Epoch: [90/400][20/36] lr: 9.56e-04 | MSE loss: 6.0912e-03 | time: 0.145
I 06.07/16:18:10 solver.py:151 ] => Train  Loss: 6.2672e-03

I 06.07/16:18:11 solver.py:151 ] => Val  Loss: 5.7184e-03

I 06.07/16:18:11 solver.py:285 ] => Test NMSE: -1.9710e+01

I 06.07/16:18:12 solver.py:206 ] 
=! Best NMSE: -1.9710e+01 (epoch=90)

I 06.07/16:18:16 solver.py:141 ] Epoch: [91/400][20/36] lr: 9.55e-04 | MSE loss: 6.7368e-03 | time: 0.154
I 06.07/16:18:18 solver.py:151 ] => Train  Loss: 6.4448e-03

I 06.07/16:18:18 solver.py:206 ] 
=! Best NMSE: -1.9710e+01 (epoch=90)

I 06.07/16:18:21 solver.py:141 ] Epoch: [92/400][20/36] lr: 9.53e-04 | MSE loss: 6.3297e-03 | time: 0.150
I 06.07/16:18:23 solver.py:151 ] => Train  Loss: 6.1401e-03

I 06.07/16:18:23 solver.py:206 ] 
=! Best NMSE: -1.9710e+01 (epoch=90)

I 06.07/16:18:27 solver.py:141 ] Epoch: [93/400][20/36] lr: 9.51e-04 | MSE loss: 5.5497e-03 | time: 0.212
I 06.07/16:18:30 solver.py:151 ] => Train  Loss: 6.1160e-03

I 06.07/16:18:30 solver.py:206 ] 
=! Best NMSE: -1.9710e+01 (epoch=90)

I 06.07/16:18:33 solver.py:141 ] Epoch: [94/400][20/36] lr: 9.49e-04 | MSE loss: 6.2523e-03 | time: 0.163
I 06.07/16:18:35 solver.py:151 ] => Train  Loss: 6.2396e-03

I 06.07/16:18:35 solver.py:206 ] 
=! Best NMSE: -1.9710e+01 (epoch=90)

I 06.07/16:18:38 solver.py:141 ] Epoch: [95/400][20/36] lr: 9.47e-04 | MSE loss: 6.3901e-03 | time: 0.154
I 06.07/16:18:41 solver.py:151 ] => Train  Loss: 6.1674e-03

I 06.07/16:18:41 solver.py:206 ] 
=! Best NMSE: -1.9710e+01 (epoch=90)

I 06.07/16:18:43 solver.py:141 ] Epoch: [96/400][20/36] lr: 9.45e-04 | MSE loss: 6.0752e-03 | time: 0.135
I 06.07/16:18:46 solver.py:151 ] => Train  Loss: 6.1919e-03

I 06.07/16:18:46 solver.py:206 ] 
=! Best NMSE: -1.9710e+01 (epoch=90)

I 06.07/16:18:49 solver.py:141 ] Epoch: [97/400][20/36] lr: 9.43e-04 | MSE loss: 6.1454e-03 | time: 0.146
I 06.07/16:18:51 solver.py:151 ] => Train  Loss: 6.1038e-03

I 06.07/16:18:51 solver.py:206 ] 
=! Best NMSE: -1.9710e+01 (epoch=90)

I 06.07/16:18:54 solver.py:141 ] Epoch: [98/400][20/36] lr: 9.41e-04 | MSE loss: 6.1692e-03 | time: 0.129
I 06.07/16:18:56 solver.py:151 ] => Train  Loss: 6.1024e-03

I 06.07/16:18:56 solver.py:206 ] 
=! Best NMSE: -1.9710e+01 (epoch=90)

I 06.07/16:18:59 solver.py:141 ] Epoch: [99/400][20/36] lr: 9.39e-04 | MSE loss: 5.9732e-03 | time: 0.150
I 06.07/16:19:02 solver.py:151 ] => Train  Loss: 6.1816e-03

I 06.07/16:19:02 solver.py:206 ] 
=! Best NMSE: -1.9710e+01 (epoch=90)

I 06.07/16:19:06 solver.py:141 ] Epoch: [100/400][20/36] lr: 9.37e-04 | MSE loss: 6.0944e-03 | time: 0.205
I 06.07/16:19:08 solver.py:151 ] => Train  Loss: 6.1245e-03

I 06.07/16:19:09 solver.py:151 ] => Val  Loss: 5.7184e-03

I 06.07/16:19:09 solver.py:285 ] => Test NMSE: -1.9710e+01

I 06.07/16:19:11 solver.py:206 ] 
=! Best NMSE: -1.9710e+01 (epoch=100)

I 06.07/16:19:14 solver.py:141 ] Epoch: [101/400][20/36] lr: 9.35e-04 | MSE loss: 6.2349e-03 | time: 0.146
I 06.07/16:19:16 solver.py:151 ] => Train  Loss: 6.0906e-03

I 06.07/16:19:16 solver.py:206 ] 
=! Best NMSE: -1.9710e+01 (epoch=100)

I 06.07/16:19:20 solver.py:141 ] Epoch: [102/400][20/36] lr: 9.33e-04 | MSE loss: 5.9514e-03 | time: 0.167
I 06.07/16:19:22 solver.py:151 ] => Train  Loss: 6.2820e-03

I 06.07/16:19:22 solver.py:206 ] 
=! Best NMSE: -1.9710e+01 (epoch=100)

I 06.07/16:19:25 solver.py:141 ] Epoch: [103/400][20/36] lr: 9.31e-04 | MSE loss: 6.3180e-03 | time: 0.160
I 06.07/16:19:27 solver.py:151 ] => Train  Loss: 6.2498e-03

I 06.07/16:19:27 solver.py:206 ] 
=! Best NMSE: -1.9710e+01 (epoch=100)

I 06.07/16:19:30 solver.py:141 ] Epoch: [104/400][20/36] lr: 9.29e-04 | MSE loss: 6.2955e-03 | time: 0.150
I 06.07/16:19:33 solver.py:151 ] => Train  Loss: 6.1125e-03

I 06.07/16:19:33 solver.py:206 ] 
=! Best NMSE: -1.9710e+01 (epoch=100)

I 06.07/16:19:36 solver.py:141 ] Epoch: [105/400][20/36] lr: 9.27e-04 | MSE loss: 5.9351e-03 | time: 0.160
I 06.07/16:19:38 solver.py:151 ] => Train  Loss: 6.1673e-03

I 06.07/16:19:38 solver.py:206 ] 
=! Best NMSE: -1.9710e+01 (epoch=100)

I 06.07/16:19:41 solver.py:141 ] Epoch: [106/400][20/36] lr: 9.24e-04 | MSE loss: 6.7116e-03 | time: 0.156
I 06.07/16:19:44 solver.py:151 ] => Train  Loss: 6.1029e-03

I 06.07/16:19:44 solver.py:206 ] 
=! Best NMSE: -1.9710e+01 (epoch=100)

I 06.07/16:19:47 solver.py:141 ] Epoch: [107/400][20/36] lr: 9.22e-04 | MSE loss: 6.8353e-03 | time: 0.151
I 06.07/16:19:49 solver.py:151 ] => Train  Loss: 6.1263e-03

I 06.07/16:19:49 solver.py:206 ] 
=! Best NMSE: -1.9710e+01 (epoch=100)

I 06.07/16:19:52 solver.py:141 ] Epoch: [108/400][20/36] lr: 9.20e-04 | MSE loss: 5.7444e-03 | time: 0.153
I 06.07/16:19:55 solver.py:151 ] => Train  Loss: 6.1076e-03

I 06.07/16:19:55 solver.py:206 ] 
=! Best NMSE: -1.9710e+01 (epoch=100)

I 06.07/16:19:58 solver.py:141 ] Epoch: [109/400][20/36] lr: 9.18e-04 | MSE loss: 5.8347e-03 | time: 0.166
I 06.07/16:20:01 solver.py:151 ] => Train  Loss: 6.4293e-03

I 06.07/16:20:01 solver.py:206 ] 
=! Best NMSE: -1.9710e+01 (epoch=100)

I 06.07/16:20:06 solver.py:141 ] Epoch: [110/400][20/36] lr: 9.15e-04 | MSE loss: 6.8600e-03 | time: 0.248
I 06.07/16:20:08 solver.py:151 ] => Train  Loss: 6.2004e-03

I 06.07/16:20:08 solver.py:151 ] => Val  Loss: 5.7179e-03

I 06.07/16:20:09 solver.py:285 ] => Test NMSE: -1.9711e+01

I 06.07/16:20:11 solver.py:206 ] 
=! Best NMSE: -1.9711e+01 (epoch=110)

I 06.07/16:20:14 solver.py:141 ] Epoch: [111/400][20/36] lr: 9.13e-04 | MSE loss: 6.1453e-03 | time: 0.165
I 06.07/16:20:16 solver.py:151 ] => Train  Loss: 6.1226e-03

I 06.07/16:20:16 solver.py:206 ] 
=! Best NMSE: -1.9711e+01 (epoch=110)

I 06.07/16:20:19 solver.py:141 ] Epoch: [112/400][20/36] lr: 9.10e-04 | MSE loss: 6.0721e-03 | time: 0.156
I 06.07/16:20:22 solver.py:151 ] => Train  Loss: 6.2703e-03

I 06.07/16:20:22 solver.py:206 ] 
=! Best NMSE: -1.9711e+01 (epoch=110)

I 06.07/16:20:25 solver.py:141 ] Epoch: [113/400][20/36] lr: 9.08e-04 | MSE loss: 6.1907e-03 | time: 0.153
I 06.07/16:20:27 solver.py:151 ] => Train  Loss: 6.1636e-03

I 06.07/16:20:27 solver.py:206 ] 
=! Best NMSE: -1.9711e+01 (epoch=110)

I 06.07/16:20:30 solver.py:141 ] Epoch: [114/400][20/36] lr: 9.05e-04 | MSE loss: 6.3061e-03 | time: 0.140
I 06.07/16:20:32 solver.py:151 ] => Train  Loss: 6.1367e-03

I 06.07/16:20:32 solver.py:206 ] 
=! Best NMSE: -1.9711e+01 (epoch=110)

I 06.07/16:20:35 solver.py:141 ] Epoch: [115/400][20/36] lr: 9.03e-04 | MSE loss: 5.8566e-03 | time: 0.146
I 06.07/16:20:37 solver.py:151 ] => Train  Loss: 6.1062e-03

I 06.07/16:20:37 solver.py:206 ] 
=! Best NMSE: -1.9711e+01 (epoch=110)

I 06.07/16:20:40 solver.py:141 ] Epoch: [116/400][20/36] lr: 9.00e-04 | MSE loss: 5.9125e-03 | time: 0.138
I 06.07/16:20:43 solver.py:151 ] => Train  Loss: 6.1170e-03

I 06.07/16:20:43 solver.py:206 ] 
=! Best NMSE: -1.9711e+01 (epoch=110)

I 06.07/16:20:46 solver.py:141 ] Epoch: [117/400][20/36] lr: 8.98e-04 | MSE loss: 6.3762e-03 | time: 0.150
I 06.07/16:20:47 solver.py:151 ] => Train  Loss: 6.3922e-03

I 06.07/16:20:47 solver.py:206 ] 
=! Best NMSE: -1.9711e+01 (epoch=110)

I 06.07/16:20:50 solver.py:141 ] Epoch: [118/400][20/36] lr: 8.95e-04 | MSE loss: 6.3063e-03 | time: 0.150
I 06.07/16:20:53 solver.py:151 ] => Train  Loss: 6.1979e-03

I 06.07/16:20:53 solver.py:206 ] 
=! Best NMSE: -1.9711e+01 (epoch=110)

I 06.07/16:20:56 solver.py:141 ] Epoch: [119/400][20/36] lr: 8.93e-04 | MSE loss: 6.1007e-03 | time: 0.153
I 06.07/16:20:58 solver.py:151 ] => Train  Loss: 6.3966e-03

I 06.07/16:20:58 solver.py:206 ] 
=! Best NMSE: -1.9711e+01 (epoch=110)

I 06.07/16:21:03 solver.py:141 ] Epoch: [120/400][20/36] lr: 8.90e-04 | MSE loss: 6.2973e-03 | time: 0.257
I 06.07/16:21:06 solver.py:151 ] => Train  Loss: 6.0929e-03

I 06.07/16:21:07 solver.py:151 ] => Val  Loss: 5.7181e-03

I 06.07/16:21:07 solver.py:285 ] => Test NMSE: -1.9711e+01

I 06.07/16:21:07 solver.py:206 ] 
=! Best NMSE: -1.9711e+01 (epoch=110)

I 06.07/16:21:10 solver.py:141 ] Epoch: [121/400][20/36] lr: 8.87e-04 | MSE loss: 6.1260e-03 | time: 0.151
I 06.07/16:21:13 solver.py:151 ] => Train  Loss: 6.0914e-03

I 06.07/16:21:13 solver.py:206 ] 
=! Best NMSE: -1.9711e+01 (epoch=110)

I 06.07/16:21:16 solver.py:141 ] Epoch: [122/400][20/36] lr: 8.85e-04 | MSE loss: 5.6153e-03 | time: 0.164
I 06.07/16:21:18 solver.py:151 ] => Train  Loss: 6.1003e-03

I 06.07/16:21:18 solver.py:206 ] 
=! Best NMSE: -1.9711e+01 (epoch=110)

I 06.07/16:21:21 solver.py:141 ] Epoch: [123/400][20/36] lr: 8.82e-04 | MSE loss: 6.0563e-03 | time: 0.149
I 06.07/16:21:23 solver.py:151 ] => Train  Loss: 6.0950e-03

I 06.07/16:21:23 solver.py:206 ] 
=! Best NMSE: -1.9711e+01 (epoch=110)

I 06.07/16:21:27 solver.py:141 ] Epoch: [124/400][20/36] lr: 8.79e-04 | MSE loss: 6.4609e-03 | time: 0.153
I 06.07/16:21:29 solver.py:151 ] => Train  Loss: 6.2433e-03

I 06.07/16:21:29 solver.py:206 ] 
=! Best NMSE: -1.9711e+01 (epoch=110)

I 06.07/16:21:32 solver.py:141 ] Epoch: [125/400][20/36] lr: 8.76e-04 | MSE loss: 6.3592e-03 | time: 0.142
I 06.07/16:21:34 solver.py:151 ] => Train  Loss: 6.2467e-03

I 06.07/16:21:34 solver.py:206 ] 
=! Best NMSE: -1.9711e+01 (epoch=110)

I 06.07/16:21:37 solver.py:141 ] Epoch: [126/400][20/36] lr: 8.74e-04 | MSE loss: 5.9142e-03 | time: 0.146
I 06.07/16:21:39 solver.py:151 ] => Train  Loss: 6.1245e-03

I 06.07/16:21:39 solver.py:206 ] 
=! Best NMSE: -1.9711e+01 (epoch=110)

I 06.07/16:21:42 solver.py:141 ] Epoch: [127/400][20/36] lr: 8.71e-04 | MSE loss: 6.1506e-03 | time: 0.145
I 06.07/16:21:44 solver.py:151 ] => Train  Loss: 6.0889e-03

I 06.07/16:21:44 solver.py:206 ] 
=! Best NMSE: -1.9711e+01 (epoch=110)

I 06.07/16:21:48 solver.py:141 ] Epoch: [128/400][20/36] lr: 8.68e-04 | MSE loss: 6.4126e-03 | time: 0.165
I 06.07/16:21:50 solver.py:151 ] => Train  Loss: 6.2895e-03

I 06.07/16:21:50 solver.py:206 ] 
=! Best NMSE: -1.9711e+01 (epoch=110)

I 06.07/16:21:53 solver.py:141 ] Epoch: [129/400][20/36] lr: 8.65e-04 | MSE loss: 6.4320e-03 | time: 0.154
I 06.07/16:21:56 solver.py:151 ] => Train  Loss: 6.0971e-03

I 06.07/16:21:56 solver.py:206 ] 
=! Best NMSE: -1.9711e+01 (epoch=110)

I 06.07/16:21:59 solver.py:141 ] Epoch: [130/400][20/36] lr: 8.62e-04 | MSE loss: 6.0810e-03 | time: 0.159
I 06.07/16:22:02 solver.py:151 ] => Train  Loss: 6.5551e-03

I 06.07/16:22:03 solver.py:151 ] => Val  Loss: 5.7178e-03

I 06.07/16:22:04 solver.py:285 ] => Test NMSE: -1.9711e+01

I 06.07/16:22:05 solver.py:206 ] 
=! Best NMSE: -1.9711e+01 (epoch=130)

I 06.07/16:22:08 solver.py:141 ] Epoch: [131/400][20/36] lr: 8.59e-04 | MSE loss: 6.2283e-03 | time: 0.147
I 06.07/16:22:10 solver.py:151 ] => Train  Loss: 6.4817e-03

I 06.07/16:22:10 solver.py:206 ] 
=! Best NMSE: -1.9711e+01 (epoch=130)

I 06.07/16:22:13 solver.py:141 ] Epoch: [132/400][20/36] lr: 8.56e-04 | MSE loss: 6.0836e-03 | time: 0.137
I 06.07/16:22:15 solver.py:151 ] => Train  Loss: 6.2117e-03

I 06.07/16:22:15 solver.py:206 ] 
=! Best NMSE: -1.9711e+01 (epoch=130)

I 06.07/16:22:18 solver.py:141 ] Epoch: [133/400][20/36] lr: 8.53e-04 | MSE loss: 6.1295e-03 | time: 0.162
I 06.07/16:22:20 solver.py:151 ] => Train  Loss: 6.3515e-03

I 06.07/16:22:20 solver.py:206 ] 
=! Best NMSE: -1.9711e+01 (epoch=130)

I 06.07/16:22:23 solver.py:141 ] Epoch: [134/400][20/36] lr: 8.50e-04 | MSE loss: 5.9633e-03 | time: 0.148
I 06.07/16:22:26 solver.py:151 ] => Train  Loss: 6.2673e-03

I 06.07/16:22:26 solver.py:206 ] 
=! Best NMSE: -1.9711e+01 (epoch=130)

I 06.07/16:22:30 solver.py:141 ] Epoch: [135/400][20/36] lr: 8.47e-04 | MSE loss: 6.7436e-03 | time: 0.179
I 06.07/16:22:32 solver.py:151 ] => Train  Loss: 6.2347e-03

I 06.07/16:22:32 solver.py:206 ] 
=! Best NMSE: -1.9711e+01 (epoch=130)

I 06.07/16:22:35 solver.py:141 ] Epoch: [136/400][20/36] lr: 8.44e-04 | MSE loss: 6.3225e-03 | time: 0.168
I 06.07/16:22:38 solver.py:151 ] => Train  Loss: 6.1086e-03

I 06.07/16:22:38 solver.py:206 ] 
=! Best NMSE: -1.9711e+01 (epoch=130)

I 06.07/16:22:40 solver.py:141 ] Epoch: [137/400][20/36] lr: 8.41e-04 | MSE loss: 6.1612e-03 | time: 0.132
I 06.07/16:22:43 solver.py:151 ] => Train  Loss: 6.1103e-03

I 06.07/16:22:43 solver.py:206 ] 
=! Best NMSE: -1.9711e+01 (epoch=130)

I 06.07/16:22:46 solver.py:141 ] Epoch: [138/400][20/36] lr: 8.38e-04 | MSE loss: 6.6274e-03 | time: 0.171
I 06.07/16:22:49 solver.py:151 ] => Train  Loss: 6.2807e-03

I 06.07/16:22:49 solver.py:206 ] 
=! Best NMSE: -1.9711e+01 (epoch=130)

I 06.07/16:22:53 solver.py:141 ] Epoch: [139/400][20/36] lr: 8.35e-04 | MSE loss: 6.1533e-03 | time: 0.198
I 06.07/16:22:55 solver.py:151 ] => Train  Loss: 6.1179e-03

I 06.07/16:22:55 solver.py:206 ] 
=! Best NMSE: -1.9711e+01 (epoch=130)

I 06.07/16:22:58 solver.py:141 ] Epoch: [140/400][20/36] lr: 8.32e-04 | MSE loss: 6.1930e-03 | time: 0.154
I 06.07/16:23:01 solver.py:151 ] => Train  Loss: 6.1785e-03

I 06.07/16:23:03 solver.py:151 ] => Val  Loss: 5.7184e-03

I 06.07/16:23:04 solver.py:285 ] => Test NMSE: -1.9710e+01

I 06.07/16:23:04 solver.py:206 ] 
=! Best NMSE: -1.9711e+01 (epoch=130)

I 06.07/16:23:07 solver.py:141 ] Epoch: [141/400][20/36] lr: 8.29e-04 | MSE loss: 6.1207e-03 | time: 0.170
I 06.07/16:23:09 solver.py:151 ] => Train  Loss: 6.1576e-03

I 06.07/16:23:09 solver.py:206 ] 
=! Best NMSE: -1.9711e+01 (epoch=130)

I 06.07/16:23:13 solver.py:141 ] Epoch: [142/400][20/36] lr: 8.25e-04 | MSE loss: 6.2780e-03 | time: 0.160
I 06.07/16:23:15 solver.py:151 ] => Train  Loss: 6.1181e-03

I 06.07/16:23:15 solver.py:206 ] 
=! Best NMSE: -1.9711e+01 (epoch=130)

I 06.07/16:23:18 solver.py:141 ] Epoch: [143/400][20/36] lr: 8.22e-04 | MSE loss: 5.9807e-03 | time: 0.158
I 06.07/16:23:20 solver.py:151 ] => Train  Loss: 6.5644e-03

I 06.07/16:23:20 solver.py:206 ] 
=! Best NMSE: -1.9711e+01 (epoch=130)

I 06.07/16:23:23 solver.py:141 ] Epoch: [144/400][20/36] lr: 8.19e-04 | MSE loss: 6.1791e-03 | time: 0.142
I 06.07/16:23:25 solver.py:151 ] => Train  Loss: 6.0839e-03

I 06.07/16:23:25 solver.py:206 ] 
=! Best NMSE: -1.9711e+01 (epoch=130)

I 06.07/16:23:29 solver.py:141 ] Epoch: [145/400][20/36] lr: 8.16e-04 | MSE loss: 6.5616e-03 | time: 0.158
I 06.07/16:23:31 solver.py:151 ] => Train  Loss: 6.2389e-03

I 06.07/16:23:31 solver.py:206 ] 
=! Best NMSE: -1.9711e+01 (epoch=130)

I 06.07/16:23:34 solver.py:141 ] Epoch: [146/400][20/36] lr: 8.12e-04 | MSE loss: 6.4098e-03 | time: 0.158
I 06.07/16:23:37 solver.py:151 ] => Train  Loss: 6.2348e-03

I 06.07/16:23:37 solver.py:206 ] 
=! Best NMSE: -1.9711e+01 (epoch=130)

I 06.07/16:23:40 solver.py:141 ] Epoch: [147/400][20/36] lr: 8.09e-04 | MSE loss: 5.9980e-03 | time: 0.152
I 06.07/16:23:42 solver.py:151 ] => Train  Loss: 6.0925e-03

I 06.07/16:23:42 solver.py:206 ] 
=! Best NMSE: -1.9711e+01 (epoch=130)

I 06.07/16:23:45 solver.py:141 ] Epoch: [148/400][20/36] lr: 8.06e-04 | MSE loss: 6.2444e-03 | time: 0.160
I 06.07/16:23:48 solver.py:151 ] => Train  Loss: 6.1222e-03

I 06.07/16:23:48 solver.py:206 ] 
=! Best NMSE: -1.9711e+01 (epoch=130)

I 06.07/16:23:51 solver.py:141 ] Epoch: [149/400][20/36] lr: 8.02e-04 | MSE loss: 6.3228e-03 | time: 0.148
I 06.07/16:23:53 solver.py:151 ] => Train  Loss: 6.2157e-03

I 06.07/16:23:53 solver.py:206 ] 
=! Best NMSE: -1.9711e+01 (epoch=130)

I 06.07/16:23:56 solver.py:141 ] Epoch: [150/400][20/36] lr: 7.99e-04 | MSE loss: 6.4417e-03 | time: 0.148
I 06.07/16:23:58 solver.py:151 ] => Train  Loss: 6.0876e-03

I 06.07/16:23:59 solver.py:151 ] => Val  Loss: 5.7177e-03

I 06.07/16:23:59 solver.py:285 ] => Test NMSE: -1.9711e+01

I 06.07/16:23:59 solver.py:206 ] 
=! Best NMSE: -1.9711e+01 (epoch=130)

I 06.07/16:24:05 solver.py:141 ] Epoch: [151/400][20/36] lr: 7.96e-04 | MSE loss: 6.4021e-03 | time: 0.272
I 06.07/16:24:07 solver.py:151 ] => Train  Loss: 6.2624e-03

I 06.07/16:24:07 solver.py:206 ] 
=! Best NMSE: -1.9711e+01 (epoch=130)

I 06.07/16:24:10 solver.py:141 ] Epoch: [152/400][20/36] lr: 7.92e-04 | MSE loss: 6.2793e-03 | time: 0.157
I 06.07/16:24:12 solver.py:151 ] => Train  Loss: 6.2057e-03

I 06.07/16:24:12 solver.py:206 ] 
=! Best NMSE: -1.9711e+01 (epoch=130)

I 06.07/16:24:15 solver.py:141 ] Epoch: [153/400][20/36] lr: 7.89e-04 | MSE loss: 6.5072e-03 | time: 0.150
I 06.07/16:24:18 solver.py:151 ] => Train  Loss: 6.2183e-03

I 06.07/16:24:18 solver.py:206 ] 
=! Best NMSE: -1.9711e+01 (epoch=130)

I 06.07/16:24:21 solver.py:141 ] Epoch: [154/400][20/36] lr: 7.85e-04 | MSE loss: 6.3699e-03 | time: 0.143
I 06.07/16:24:23 solver.py:151 ] => Train  Loss: 6.3102e-03

I 06.07/16:24:23 solver.py:206 ] 
=! Best NMSE: -1.9711e+01 (epoch=130)

I 06.07/16:24:26 solver.py:141 ] Epoch: [155/400][20/36] lr: 7.82e-04 | MSE loss: 5.8407e-03 | time: 0.158
I 06.07/16:24:28 solver.py:151 ] => Train  Loss: 6.1624e-03

I 06.07/16:24:28 solver.py:206 ] 
=! Best NMSE: -1.9711e+01 (epoch=130)

I 06.07/16:24:31 solver.py:141 ] Epoch: [156/400][20/36] lr: 7.78e-04 | MSE loss: 6.2107e-03 | time: 0.159
I 06.07/16:24:34 solver.py:151 ] => Train  Loss: 6.2941e-03

I 06.07/16:24:34 solver.py:206 ] 
=! Best NMSE: -1.9711e+01 (epoch=130)

I 06.07/16:24:37 solver.py:141 ] Epoch: [157/400][20/36] lr: 7.75e-04 | MSE loss: 6.4939e-03 | time: 0.159
I 06.07/16:24:39 solver.py:151 ] => Train  Loss: 6.1269e-03

I 06.07/16:24:39 solver.py:206 ] 
=! Best NMSE: -1.9711e+01 (epoch=130)

I 06.07/16:24:42 solver.py:141 ] Epoch: [158/400][20/36] lr: 7.71e-04 | MSE loss: 6.1143e-03 | time: 0.147
I 06.07/16:24:45 solver.py:151 ] => Train  Loss: 6.1485e-03

I 06.07/16:24:45 solver.py:206 ] 
=! Best NMSE: -1.9711e+01 (epoch=130)

I 06.07/16:24:48 solver.py:141 ] Epoch: [159/400][20/36] lr: 7.68e-04 | MSE loss: 5.9566e-03 | time: 0.154
I 06.07/16:24:50 solver.py:151 ] => Train  Loss: 6.5885e-03

I 06.07/16:24:50 solver.py:206 ] 
=! Best NMSE: -1.9711e+01 (epoch=130)

I 06.07/16:24:53 solver.py:141 ] Epoch: [160/400][20/36] lr: 7.64e-04 | MSE loss: 6.3415e-03 | time: 0.147
I 06.07/16:24:56 solver.py:151 ] => Train  Loss: 6.0958e-03

I 06.07/16:24:56 solver.py:151 ] => Val  Loss: 5.7170e-03

I 06.07/16:24:57 solver.py:285 ] => Test NMSE: -1.9712e+01

I 06.07/16:24:58 solver.py:206 ] 
=! Best NMSE: -1.9712e+01 (epoch=160)

I 06.07/16:25:02 solver.py:141 ] Epoch: [161/400][20/36] lr: 7.61e-04 | MSE loss: 5.9468e-03 | time: 0.206
I 06.07/16:25:05 solver.py:151 ] => Train  Loss: 6.4977e-03

I 06.07/16:25:05 solver.py:206 ] 
=! Best NMSE: -1.9712e+01 (epoch=160)

I 06.07/16:25:08 solver.py:141 ] Epoch: [162/400][20/36] lr: 7.57e-04 | MSE loss: 5.8787e-03 | time: 0.149
I 06.07/16:25:11 solver.py:151 ] => Train  Loss: 6.1883e-03

I 06.07/16:25:11 solver.py:206 ] 
=! Best NMSE: -1.9712e+01 (epoch=160)

I 06.07/16:25:14 solver.py:141 ] Epoch: [163/400][20/36] lr: 7.53e-04 | MSE loss: 6.4742e-03 | time: 0.157
I 06.07/16:25:16 solver.py:151 ] => Train  Loss: 6.1944e-03

I 06.07/16:25:16 solver.py:206 ] 
=! Best NMSE: -1.9712e+01 (epoch=160)

I 06.07/16:25:19 solver.py:141 ] Epoch: [164/400][20/36] lr: 7.50e-04 | MSE loss: 5.9875e-03 | time: 0.161
I 06.07/16:25:22 solver.py:151 ] => Train  Loss: 6.2072e-03

I 06.07/16:25:22 solver.py:206 ] 
=! Best NMSE: -1.9712e+01 (epoch=160)

I 06.07/16:25:25 solver.py:141 ] Epoch: [165/400][20/36] lr: 7.46e-04 | MSE loss: 6.0023e-03 | time: 0.168
I 06.07/16:25:27 solver.py:151 ] => Train  Loss: 6.4381e-03

I 06.07/16:25:27 solver.py:206 ] 
=! Best NMSE: -1.9712e+01 (epoch=160)

I 06.07/16:25:30 solver.py:141 ] Epoch: [166/400][20/36] lr: 7.42e-04 | MSE loss: 6.3897e-03 | time: 0.140
I 06.07/16:25:33 solver.py:151 ] => Train  Loss: 6.1655e-03

I 06.07/16:25:33 solver.py:206 ] 
=! Best NMSE: -1.9712e+01 (epoch=160)

I 06.07/16:25:36 solver.py:141 ] Epoch: [167/400][20/36] lr: 7.39e-04 | MSE loss: 6.3987e-03 | time: 0.152
I 06.07/16:25:38 solver.py:151 ] => Train  Loss: 6.2169e-03

I 06.07/16:25:38 solver.py:206 ] 
=! Best NMSE: -1.9712e+01 (epoch=160)

I 06.07/16:25:41 solver.py:141 ] Epoch: [168/400][20/36] lr: 7.35e-04 | MSE loss: 6.1966e-03 | time: 0.163
I 06.07/16:25:43 solver.py:151 ] => Train  Loss: 6.1327e-03

I 06.07/16:25:43 solver.py:206 ] 
=! Best NMSE: -1.9712e+01 (epoch=160)

I 06.07/16:25:46 solver.py:141 ] Epoch: [169/400][20/36] lr: 7.31e-04 | MSE loss: 6.0811e-03 | time: 0.142
I 06.07/16:25:48 solver.py:151 ] => Train  Loss: 6.0839e-03

I 06.07/16:25:48 solver.py:206 ] 
=! Best NMSE: -1.9712e+01 (epoch=160)

I 06.07/16:25:52 solver.py:141 ] Epoch: [170/400][20/36] lr: 7.27e-04 | MSE loss: 6.3886e-03 | time: 0.171
I 06.07/16:25:54 solver.py:151 ] => Train  Loss: 6.1043e-03

I 06.07/16:25:55 solver.py:151 ] => Val  Loss: 5.7171e-03

I 06.07/16:25:55 solver.py:285 ] => Test NMSE: -1.9712e+01

I 06.07/16:25:55 solver.py:206 ] 
=! Best NMSE: -1.9712e+01 (epoch=160)

I 06.07/16:25:58 solver.py:141 ] Epoch: [171/400][20/36] lr: 7.24e-04 | MSE loss: 6.7107e-03 | time: 0.150
I 06.07/16:26:01 solver.py:151 ] => Train  Loss: 6.2693e-03

I 06.07/16:26:01 solver.py:206 ] 
=! Best NMSE: -1.9712e+01 (epoch=160)

I 06.07/16:26:06 solver.py:141 ] Epoch: [172/400][20/36] lr: 7.20e-04 | MSE loss: 6.5835e-03 | time: 0.248
I 06.07/16:26:08 solver.py:151 ] => Train  Loss: 6.1982e-03

I 06.07/16:26:08 solver.py:206 ] 
=! Best NMSE: -1.9712e+01 (epoch=160)

I 06.07/16:26:11 solver.py:141 ] Epoch: [173/400][20/36] lr: 7.16e-04 | MSE loss: 6.1967e-03 | time: 0.157
I 06.07/16:26:14 solver.py:151 ] => Train  Loss: 6.1239e-03

I 06.07/16:26:14 solver.py:206 ] 
=! Best NMSE: -1.9712e+01 (epoch=160)

I 06.07/16:26:17 solver.py:141 ] Epoch: [174/400][20/36] lr: 7.12e-04 | MSE loss: 6.2637e-03 | time: 0.150
I 06.07/16:26:19 solver.py:151 ] => Train  Loss: 6.2693e-03

I 06.07/16:26:19 solver.py:206 ] 
=! Best NMSE: -1.9712e+01 (epoch=160)

I 06.07/16:26:22 solver.py:141 ] Epoch: [175/400][20/36] lr: 7.08e-04 | MSE loss: 5.8766e-03 | time: 0.155
I 06.07/16:26:24 solver.py:151 ] => Train  Loss: 6.3640e-03

I 06.07/16:26:24 solver.py:206 ] 
=! Best NMSE: -1.9712e+01 (epoch=160)

I 06.07/16:26:27 solver.py:141 ] Epoch: [176/400][20/36] lr: 7.05e-04 | MSE loss: 6.0194e-03 | time: 0.151
I 06.07/16:26:29 solver.py:151 ] => Train  Loss: 6.1860e-03

I 06.07/16:26:29 solver.py:206 ] 
=! Best NMSE: -1.9712e+01 (epoch=160)

I 06.07/16:26:32 solver.py:141 ] Epoch: [177/400][20/36] lr: 7.01e-04 | MSE loss: 5.8054e-03 | time: 0.153
I 06.07/16:26:35 solver.py:151 ] => Train  Loss: 6.1993e-03

I 06.07/16:26:35 solver.py:206 ] 
=! Best NMSE: -1.9712e+01 (epoch=160)

I 06.07/16:26:38 solver.py:141 ] Epoch: [178/400][20/36] lr: 6.97e-04 | MSE loss: 5.7254e-03 | time: 0.164
I 06.07/16:26:40 solver.py:151 ] => Train  Loss: 6.2095e-03

I 06.07/16:26:40 solver.py:206 ] 
=! Best NMSE: -1.9712e+01 (epoch=160)

I 06.07/16:26:43 solver.py:141 ] Epoch: [179/400][20/36] lr: 6.93e-04 | MSE loss: 6.5333e-03 | time: 0.157
I 06.07/16:26:46 solver.py:151 ] => Train  Loss: 6.0841e-03

I 06.07/16:26:46 solver.py:206 ] 
=! Best NMSE: -1.9712e+01 (epoch=160)

I 06.07/16:26:49 solver.py:141 ] Epoch: [180/400][20/36] lr: 6.89e-04 | MSE loss: 6.6033e-03 | time: 0.144
I 06.07/16:26:51 solver.py:151 ] => Train  Loss: 6.1234e-03

I 06.07/16:26:51 solver.py:151 ] => Val  Loss: 5.7174e-03

I 06.07/16:26:52 solver.py:285 ] => Test NMSE: -1.9711e+01

I 06.07/16:26:52 solver.py:206 ] 
=! Best NMSE: -1.9712e+01 (epoch=160)

I 06.07/16:26:55 solver.py:141 ] Epoch: [181/400][20/36] lr: 6.85e-04 | MSE loss: 6.0502e-03 | time: 0.156
I 06.07/16:26:57 solver.py:151 ] => Train  Loss: 6.2032e-03

I 06.07/16:26:57 solver.py:206 ] 
=! Best NMSE: -1.9712e+01 (epoch=160)

I 06.07/16:27:00 solver.py:141 ] Epoch: [182/400][20/36] lr: 6.81e-04 | MSE loss: 6.3036e-03 | time: 0.146
I 06.07/16:27:04 solver.py:151 ] => Train  Loss: 6.4077e-03

I 06.07/16:27:04 solver.py:206 ] 
=! Best NMSE: -1.9712e+01 (epoch=160)

I 06.07/16:27:07 solver.py:141 ] Epoch: [183/400][20/36] lr: 6.77e-04 | MSE loss: 6.4349e-03 | time: 0.162
I 06.07/16:27:10 solver.py:151 ] => Train  Loss: 6.0940e-03

I 06.07/16:27:10 solver.py:206 ] 
=! Best NMSE: -1.9712e+01 (epoch=160)

I 06.07/16:27:13 solver.py:141 ] Epoch: [184/400][20/36] lr: 6.74e-04 | MSE loss: 6.2297e-03 | time: 0.171
I 06.07/16:27:15 solver.py:151 ] => Train  Loss: 6.1809e-03

I 06.07/16:27:16 solver.py:206 ] 
=! Best NMSE: -1.9712e+01 (epoch=160)

I 06.07/16:27:20 solver.py:141 ] Epoch: [185/400][20/36] lr: 6.70e-04 | MSE loss: 6.3521e-03 | time: 0.200
I 06.07/16:27:22 solver.py:151 ] => Train  Loss: 6.1202e-03

I 06.07/16:27:22 solver.py:206 ] 
=! Best NMSE: -1.9712e+01 (epoch=160)

I 06.07/16:27:25 solver.py:141 ] Epoch: [186/400][20/36] lr: 6.66e-04 | MSE loss: 6.4263e-03 | time: 0.173
I 06.07/16:27:27 solver.py:151 ] => Train  Loss: 6.1153e-03

I 06.07/16:27:27 solver.py:206 ] 
=! Best NMSE: -1.9712e+01 (epoch=160)

I 06.07/16:27:31 solver.py:141 ] Epoch: [187/400][20/36] lr: 6.62e-04 | MSE loss: 5.3766e-03 | time: 0.163
I 06.07/16:27:33 solver.py:151 ] => Train  Loss: 6.3028e-03

I 06.07/16:27:33 solver.py:206 ] 
=! Best NMSE: -1.9712e+01 (epoch=160)

I 06.07/16:27:36 solver.py:141 ] Epoch: [188/400][20/36] lr: 6.58e-04 | MSE loss: 6.0145e-03 | time: 0.160
I 06.07/16:27:38 solver.py:151 ] => Train  Loss: 6.2021e-03

I 06.07/16:27:38 solver.py:206 ] 
=! Best NMSE: -1.9712e+01 (epoch=160)

I 06.07/16:27:42 solver.py:141 ] Epoch: [189/400][20/36] lr: 6.54e-04 | MSE loss: 6.2231e-03 | time: 0.157
I 06.07/16:27:44 solver.py:151 ] => Train  Loss: 6.1650e-03

I 06.07/16:27:44 solver.py:206 ] 
=! Best NMSE: -1.9712e+01 (epoch=160)

I 06.07/16:27:47 solver.py:141 ] Epoch: [190/400][20/36] lr: 6.50e-04 | MSE loss: 5.8178e-03 | time: 0.156
I 06.07/16:27:49 solver.py:151 ] => Train  Loss: 6.2270e-03

I 06.07/16:27:50 solver.py:151 ] => Val  Loss: 5.7174e-03

I 06.07/16:27:51 solver.py:285 ] => Test NMSE: -1.9711e+01

I 06.07/16:27:51 solver.py:206 ] 
=! Best NMSE: -1.9712e+01 (epoch=160)

I 06.07/16:27:54 solver.py:141 ] Epoch: [191/400][20/36] lr: 6.46e-04 | MSE loss: 6.4369e-03 | time: 0.167
I 06.07/16:27:56 solver.py:151 ] => Train  Loss: 6.1241e-03

I 06.07/16:27:56 solver.py:206 ] 
=! Best NMSE: -1.9712e+01 (epoch=160)

I 06.07/16:27:59 solver.py:141 ] Epoch: [192/400][20/36] lr: 6.42e-04 | MSE loss: 6.3829e-03 | time: 0.141
I 06.07/16:28:02 solver.py:151 ] => Train  Loss: 6.3901e-03

I 06.07/16:28:02 solver.py:206 ] 
=! Best NMSE: -1.9712e+01 (epoch=160)

I 06.07/16:28:06 solver.py:141 ] Epoch: [193/400][20/36] lr: 6.38e-04 | MSE loss: 6.2165e-03 | time: 0.200
I 06.07/16:28:08 solver.py:151 ] => Train  Loss: 6.2397e-03

I 06.07/16:28:08 solver.py:206 ] 
=! Best NMSE: -1.9712e+01 (epoch=160)

I 06.07/16:28:12 solver.py:141 ] Epoch: [194/400][20/36] lr: 6.34e-04 | MSE loss: 6.3277e-03 | time: 0.158
I 06.07/16:28:14 solver.py:151 ] => Train  Loss: 6.2076e-03

I 06.07/16:28:14 solver.py:206 ] 
=! Best NMSE: -1.9712e+01 (epoch=160)

I 06.07/16:28:17 solver.py:141 ] Epoch: [195/400][20/36] lr: 6.30e-04 | MSE loss: 6.0893e-03 | time: 0.153
I 06.07/16:28:19 solver.py:151 ] => Train  Loss: 6.3487e-03

I 06.07/16:28:19 solver.py:206 ] 
=! Best NMSE: -1.9712e+01 (epoch=160)

I 06.07/16:28:22 solver.py:141 ] Epoch: [196/400][20/36] lr: 6.26e-04 | MSE loss: 6.4505e-03 | time: 0.142
I 06.07/16:28:24 solver.py:151 ] => Train  Loss: 6.1442e-03

I 06.07/16:28:24 solver.py:206 ] 
=! Best NMSE: -1.9712e+01 (epoch=160)

I 06.07/16:28:27 solver.py:141 ] Epoch: [197/400][20/36] lr: 6.22e-04 | MSE loss: 5.5715e-03 | time: 0.148
I 06.07/16:28:29 solver.py:151 ] => Train  Loss: 6.1218e-03

I 06.07/16:28:29 solver.py:206 ] 
=! Best NMSE: -1.9712e+01 (epoch=160)

I 06.07/16:28:33 solver.py:141 ] Epoch: [198/400][20/36] lr: 6.17e-04 | MSE loss: 6.1471e-03 | time: 0.174
I 06.07/16:28:35 solver.py:151 ] => Train  Loss: 6.2436e-03

I 06.07/16:28:35 solver.py:206 ] 
=! Best NMSE: -1.9712e+01 (epoch=160)

I 06.07/16:28:38 solver.py:141 ] Epoch: [199/400][20/36] lr: 6.13e-04 | MSE loss: 5.8633e-03 | time: 0.158
I 06.07/16:28:41 solver.py:151 ] => Train  Loss: 6.0922e-03

I 06.07/16:28:41 solver.py:206 ] 
=! Best NMSE: -1.9712e+01 (epoch=160)

I 06.07/16:28:44 solver.py:141 ] Epoch: [200/400][20/36] lr: 6.09e-04 | MSE loss: 6.1951e-03 | time: 0.176
I 06.07/16:28:46 solver.py:151 ] => Train  Loss: 6.1831e-03

I 06.07/16:28:47 solver.py:151 ] => Val  Loss: 5.7162e-03

I 06.07/16:28:48 solver.py:285 ] => Test NMSE: -1.9712e+01

I 06.07/16:28:49 solver.py:206 ] 
=! Best NMSE: -1.9712e+01 (epoch=200)

I 06.07/16:28:52 solver.py:141 ] Epoch: [201/400][20/36] lr: 6.05e-04 | MSE loss: 6.0822e-03 | time: 0.167
I 06.07/16:28:55 solver.py:151 ] => Train  Loss: 6.0864e-03

I 06.07/16:28:55 solver.py:206 ] 
=! Best NMSE: -1.9712e+01 (epoch=200)

I 06.07/16:28:58 solver.py:141 ] Epoch: [202/400][20/36] lr: 6.01e-04 | MSE loss: 6.1742e-03 | time: 0.158
I 06.07/16:29:01 solver.py:151 ] => Train  Loss: 6.0872e-03

I 06.07/16:29:01 solver.py:206 ] 
=! Best NMSE: -1.9712e+01 (epoch=200)

I 06.07/16:29:06 solver.py:141 ] Epoch: [203/400][20/36] lr: 5.97e-04 | MSE loss: 6.1976e-03 | time: 0.236
I 06.07/16:29:08 solver.py:151 ] => Train  Loss: 6.1299e-03

I 06.07/16:29:08 solver.py:206 ] 
=! Best NMSE: -1.9712e+01 (epoch=200)

I 06.07/16:29:12 solver.py:141 ] Epoch: [204/400][20/36] lr: 5.93e-04 | MSE loss: 5.9905e-03 | time: 0.172
I 06.07/16:29:14 solver.py:151 ] => Train  Loss: 6.1466e-03

I 06.07/16:29:14 solver.py:206 ] 
=! Best NMSE: -1.9712e+01 (epoch=200)

I 06.07/16:29:18 solver.py:141 ] Epoch: [205/400][20/36] lr: 5.89e-04 | MSE loss: 6.1660e-03 | time: 0.165
I 06.07/16:29:20 solver.py:151 ] => Train  Loss: 6.2486e-03

I 06.07/16:29:20 solver.py:206 ] 
=! Best NMSE: -1.9712e+01 (epoch=200)

I 06.07/16:29:24 solver.py:141 ] Epoch: [206/400][20/36] lr: 5.85e-04 | MSE loss: 6.2401e-03 | time: 0.180
I 06.07/16:29:26 solver.py:151 ] => Train  Loss: 6.3625e-03

I 06.07/16:29:26 solver.py:206 ] 
=! Best NMSE: -1.9712e+01 (epoch=200)

I 06.07/16:29:30 solver.py:141 ] Epoch: [207/400][20/36] lr: 5.81e-04 | MSE loss: 6.0266e-03 | time: 0.172
I 06.07/16:29:33 solver.py:151 ] => Train  Loss: 6.1679e-03

I 06.07/16:29:33 solver.py:206 ] 
=! Best NMSE: -1.9712e+01 (epoch=200)

I 06.07/16:29:36 solver.py:141 ] Epoch: [208/400][20/36] lr: 5.76e-04 | MSE loss: 6.3113e-03 | time: 0.171
I 06.07/16:29:39 solver.py:151 ] => Train  Loss: 6.2400e-03

I 06.07/16:29:39 solver.py:206 ] 
=! Best NMSE: -1.9712e+01 (epoch=200)

I 06.07/16:29:42 solver.py:141 ] Epoch: [209/400][20/36] lr: 5.72e-04 | MSE loss: 6.2570e-03 | time: 0.179
I 06.07/16:29:45 solver.py:151 ] => Train  Loss: 6.1068e-03

I 06.07/16:29:45 solver.py:206 ] 
=! Best NMSE: -1.9712e+01 (epoch=200)

I 06.07/16:29:48 solver.py:141 ] Epoch: [210/400][20/36] lr: 5.68e-04 | MSE loss: 6.4991e-03 | time: 0.159
I 06.07/16:29:50 solver.py:151 ] => Train  Loss: 6.2823e-03

I 06.07/16:29:51 solver.py:151 ] => Val  Loss: 5.7164e-03

I 06.07/16:29:51 solver.py:285 ] => Test NMSE: -1.9712e+01

I 06.07/16:29:52 solver.py:206 ] 
=! Best NMSE: -1.9712e+01 (epoch=200)

I 06.07/16:29:55 solver.py:141 ] Epoch: [211/400][20/36] lr: 5.64e-04 | MSE loss: 6.1198e-03 | time: 0.159
I 06.07/16:29:57 solver.py:151 ] => Train  Loss: 6.2311e-03

I 06.07/16:29:57 solver.py:206 ] 
=! Best NMSE: -1.9712e+01 (epoch=200)

I 06.07/16:30:00 solver.py:141 ] Epoch: [212/400][20/36] lr: 5.60e-04 | MSE loss: 5.7505e-03 | time: 0.155
I 06.07/16:30:04 solver.py:151 ] => Train  Loss: 6.1812e-03

I 06.07/16:30:05 solver.py:206 ] 
=! Best NMSE: -1.9712e+01 (epoch=200)

I 06.07/16:30:08 solver.py:141 ] Epoch: [213/400][20/36] lr: 5.56e-04 | MSE loss: 6.4320e-03 | time: 0.155
I 06.07/16:30:10 solver.py:151 ] => Train  Loss: 6.0791e-03

I 06.07/16:30:10 solver.py:206 ] 
=! Best NMSE: -1.9712e+01 (epoch=200)

I 06.07/16:30:13 solver.py:141 ] Epoch: [214/400][20/36] lr: 5.52e-04 | MSE loss: 6.4536e-03 | time: 0.147
I 06.07/16:30:15 solver.py:151 ] => Train  Loss: 6.3203e-03

I 06.07/16:30:15 solver.py:206 ] 
=! Best NMSE: -1.9712e+01 (epoch=200)

I 06.07/16:30:18 solver.py:141 ] Epoch: [215/400][20/36] lr: 5.48e-04 | MSE loss: 5.8544e-03 | time: 0.153
I 06.07/16:30:20 solver.py:151 ] => Train  Loss: 6.2632e-03

I 06.07/16:30:20 solver.py:206 ] 
=! Best NMSE: -1.9712e+01 (epoch=200)

I 06.07/16:30:23 solver.py:141 ] Epoch: [216/400][20/36] lr: 5.43e-04 | MSE loss: 6.5452e-03 | time: 0.138
I 06.07/16:30:25 solver.py:151 ] => Train  Loss: 6.3923e-03

I 06.07/16:30:25 solver.py:206 ] 
=! Best NMSE: -1.9712e+01 (epoch=200)

I 06.07/16:30:28 solver.py:141 ] Epoch: [217/400][20/36] lr: 5.39e-04 | MSE loss: 6.3555e-03 | time: 0.163
I 06.07/16:30:30 solver.py:151 ] => Train  Loss: 6.3057e-03

I 06.07/16:30:30 solver.py:206 ] 
=! Best NMSE: -1.9712e+01 (epoch=200)

I 06.07/16:30:34 solver.py:141 ] Epoch: [218/400][20/36] lr: 5.35e-04 | MSE loss: 6.0386e-03 | time: 0.162
I 06.07/16:30:36 solver.py:151 ] => Train  Loss: 6.1698e-03

I 06.07/16:30:36 solver.py:206 ] 
=! Best NMSE: -1.9712e+01 (epoch=200)

I 06.07/16:30:39 solver.py:141 ] Epoch: [219/400][20/36] lr: 5.31e-04 | MSE loss: 6.0498e-03 | time: 0.148
I 06.07/16:30:41 solver.py:151 ] => Train  Loss: 6.3673e-03

I 06.07/16:30:41 solver.py:206 ] 
=! Best NMSE: -1.9712e+01 (epoch=200)

I 06.07/16:30:44 solver.py:141 ] Epoch: [220/400][20/36] lr: 5.27e-04 | MSE loss: 5.9413e-03 | time: 0.164
I 06.07/16:30:47 solver.py:151 ] => Train  Loss: 6.2397e-03

I 06.07/16:30:47 solver.py:151 ] => Val  Loss: 5.7160e-03

I 06.07/16:30:48 solver.py:285 ] => Test NMSE: -1.9712e+01

I 06.07/16:30:49 solver.py:206 ] 
=! Best NMSE: -1.9712e+01 (epoch=220)

I 06.07/16:30:52 solver.py:141 ] Epoch: [221/400][20/36] lr: 5.23e-04 | MSE loss: 6.0251e-03 | time: 0.143
I 06.07/16:30:54 solver.py:151 ] => Train  Loss: 6.1204e-03

I 06.07/16:30:54 solver.py:206 ] 
=! Best NMSE: -1.9712e+01 (epoch=220)

I 06.07/16:30:57 solver.py:141 ] Epoch: [222/400][20/36] lr: 5.19e-04 | MSE loss: 6.2637e-03 | time: 0.145
I 06.07/16:30:59 solver.py:151 ] => Train  Loss: 6.1688e-03

I 06.07/16:30:59 solver.py:206 ] 
=! Best NMSE: -1.9712e+01 (epoch=220)

I 06.07/16:31:04 solver.py:141 ] Epoch: [223/400][20/36] lr: 5.14e-04 | MSE loss: 6.1663e-03 | time: 0.250
I 06.07/16:31:06 solver.py:151 ] => Train  Loss: 6.3318e-03

I 06.07/16:31:06 solver.py:206 ] 
=! Best NMSE: -1.9712e+01 (epoch=220)

I 06.07/16:31:09 solver.py:141 ] Epoch: [224/400][20/36] lr: 5.10e-04 | MSE loss: 6.4775e-03 | time: 0.147
I 06.07/16:31:11 solver.py:151 ] => Train  Loss: 6.1912e-03

I 06.07/16:31:11 solver.py:206 ] 
=! Best NMSE: -1.9712e+01 (epoch=220)

I 06.07/16:31:15 solver.py:141 ] Epoch: [225/400][20/36] lr: 5.06e-04 | MSE loss: 6.1742e-03 | time: 0.159
I 06.07/16:31:17 solver.py:151 ] => Train  Loss: 6.0968e-03

I 06.07/16:31:17 solver.py:206 ] 
=! Best NMSE: -1.9712e+01 (epoch=220)

I 06.07/16:31:20 solver.py:141 ] Epoch: [226/400][20/36] lr: 5.02e-04 | MSE loss: 6.5490e-03 | time: 0.137
I 06.07/16:31:22 solver.py:151 ] => Train  Loss: 6.0888e-03

I 06.07/16:31:22 solver.py:206 ] 
=! Best NMSE: -1.9712e+01 (epoch=220)

I 06.07/16:31:25 solver.py:141 ] Epoch: [227/400][20/36] lr: 4.98e-04 | MSE loss: 6.3673e-03 | time: 0.151
I 06.07/16:31:27 solver.py:151 ] => Train  Loss: 6.3536e-03

I 06.07/16:31:27 solver.py:206 ] 
=! Best NMSE: -1.9712e+01 (epoch=220)

I 06.07/16:31:30 solver.py:141 ] Epoch: [228/400][20/36] lr: 4.94e-04 | MSE loss: 6.1267e-03 | time: 0.158
I 06.07/16:31:33 solver.py:151 ] => Train  Loss: 6.1789e-03

I 06.07/16:31:33 solver.py:206 ] 
=! Best NMSE: -1.9712e+01 (epoch=220)

I 06.07/16:31:36 solver.py:141 ] Epoch: [229/400][20/36] lr: 4.90e-04 | MSE loss: 6.6208e-03 | time: 0.150
I 06.07/16:31:38 solver.py:151 ] => Train  Loss: 6.1122e-03

I 06.07/16:31:38 solver.py:206 ] 
=! Best NMSE: -1.9712e+01 (epoch=220)

I 06.07/16:31:41 solver.py:141 ] Epoch: [230/400][20/36] lr: 4.85e-04 | MSE loss: 6.1634e-03 | time: 0.152
I 06.07/16:31:43 solver.py:151 ] => Train  Loss: 6.2175e-03

I 06.07/16:31:43 solver.py:151 ] => Val  Loss: 5.7161e-03

I 06.07/16:31:44 solver.py:285 ] => Test NMSE: -1.9712e+01

I 06.07/16:31:44 solver.py:206 ] 
=! Best NMSE: -1.9712e+01 (epoch=220)

I 06.07/16:31:48 solver.py:141 ] Epoch: [231/400][20/36] lr: 4.81e-04 | MSE loss: 6.1761e-03 | time: 0.171
I 06.07/16:31:50 solver.py:151 ] => Train  Loss: 6.3430e-03

I 06.07/16:31:50 solver.py:206 ] 
=! Best NMSE: -1.9712e+01 (epoch=220)

I 06.07/16:31:53 solver.py:141 ] Epoch: [232/400][20/36] lr: 4.77e-04 | MSE loss: 5.8065e-03 | time: 0.137
I 06.07/16:31:55 solver.py:151 ] => Train  Loss: 6.0869e-03

I 06.07/16:31:55 solver.py:206 ] 
=! Best NMSE: -1.9712e+01 (epoch=220)

I 06.07/16:31:58 solver.py:141 ] Epoch: [233/400][20/36] lr: 4.73e-04 | MSE loss: 5.8820e-03 | time: 0.149
I 06.07/16:32:00 solver.py:151 ] => Train  Loss: 6.2715e-03

I 06.07/16:32:00 solver.py:206 ] 
=! Best NMSE: -1.9712e+01 (epoch=220)

I 06.07/16:32:04 solver.py:141 ] Epoch: [234/400][20/36] lr: 4.69e-04 | MSE loss: 6.1757e-03 | time: 0.233
I 06.07/16:32:07 solver.py:151 ] => Train  Loss: 6.3125e-03

I 06.07/16:32:07 solver.py:206 ] 
=! Best NMSE: -1.9712e+01 (epoch=220)

I 06.07/16:32:10 solver.py:141 ] Epoch: [235/400][20/36] lr: 4.65e-04 | MSE loss: 6.3930e-03 | time: 0.160
I 06.07/16:32:12 solver.py:151 ] => Train  Loss: 6.1616e-03

I 06.07/16:32:12 solver.py:206 ] 
=! Best NMSE: -1.9712e+01 (epoch=220)

I 06.07/16:32:15 solver.py:141 ] Epoch: [236/400][20/36] lr: 4.61e-04 | MSE loss: 6.3143e-03 | time: 0.166
I 06.07/16:32:17 solver.py:151 ] => Train  Loss: 6.2320e-03

I 06.07/16:32:17 solver.py:206 ] 
=! Best NMSE: -1.9712e+01 (epoch=220)

I 06.07/16:32:21 solver.py:141 ] Epoch: [237/400][20/36] lr: 4.57e-04 | MSE loss: 6.4197e-03 | time: 0.159
I 06.07/16:32:23 solver.py:151 ] => Train  Loss: 6.2948e-03

I 06.07/16:32:23 solver.py:206 ] 
=! Best NMSE: -1.9712e+01 (epoch=220)

I 06.07/16:32:26 solver.py:141 ] Epoch: [238/400][20/36] lr: 4.53e-04 | MSE loss: 6.6933e-03 | time: 0.152
I 06.07/16:32:28 solver.py:151 ] => Train  Loss: 6.2730e-03

I 06.07/16:32:28 solver.py:206 ] 
=! Best NMSE: -1.9712e+01 (epoch=220)

I 06.07/16:32:31 solver.py:141 ] Epoch: [239/400][20/36] lr: 4.48e-04 | MSE loss: 5.7840e-03 | time: 0.137
I 06.07/16:32:33 solver.py:151 ] => Train  Loss: 6.1773e-03

I 06.07/16:32:33 solver.py:206 ] 
=! Best NMSE: -1.9712e+01 (epoch=220)

I 06.07/16:32:35 solver.py:141 ] Epoch: [240/400][20/36] lr: 4.44e-04 | MSE loss: 6.0342e-03 | time: 0.134
I 06.07/16:32:38 solver.py:151 ] => Train  Loss: 6.0840e-03

I 06.07/16:32:38 solver.py:151 ] => Val  Loss: 5.7158e-03

I 06.07/16:32:39 solver.py:285 ] => Test NMSE: -1.9713e+01

I 06.07/16:32:40 solver.py:206 ] 
=! Best NMSE: -1.9713e+01 (epoch=240)

I 06.07/16:32:43 solver.py:141 ] Epoch: [241/400][20/36] lr: 4.40e-04 | MSE loss: 6.1283e-03 | time: 0.144
I 06.07/16:32:45 solver.py:151 ] => Train  Loss: 6.0976e-03

I 06.07/16:32:45 solver.py:206 ] 
=! Best NMSE: -1.9713e+01 (epoch=240)

I 06.07/16:32:48 solver.py:141 ] Epoch: [242/400][20/36] lr: 4.36e-04 | MSE loss: 5.9082e-03 | time: 0.152
I 06.07/16:32:50 solver.py:151 ] => Train  Loss: 6.3196e-03

I 06.07/16:32:50 solver.py:206 ] 
=! Best NMSE: -1.9713e+01 (epoch=240)

I 06.07/16:32:53 solver.py:141 ] Epoch: [243/400][20/36] lr: 4.32e-04 | MSE loss: 6.4059e-03 | time: 0.157
I 06.07/16:32:55 solver.py:151 ] => Train  Loss: 6.2373e-03

I 06.07/16:32:55 solver.py:206 ] 
=! Best NMSE: -1.9713e+01 (epoch=240)

I 06.07/16:32:58 solver.py:141 ] Epoch: [244/400][20/36] lr: 4.28e-04 | MSE loss: 6.3539e-03 | time: 0.143
I 06.07/16:33:00 solver.py:151 ] => Train  Loss: 6.1484e-03

I 06.07/16:33:00 solver.py:206 ] 
=! Best NMSE: -1.9713e+01 (epoch=240)

I 06.07/16:33:04 solver.py:141 ] Epoch: [245/400][20/36] lr: 4.24e-04 | MSE loss: 5.8684e-03 | time: 0.209
I 06.07/16:33:07 solver.py:151 ] => Train  Loss: 6.0936e-03

I 06.07/16:33:07 solver.py:206 ] 
=! Best NMSE: -1.9713e+01 (epoch=240)

I 06.07/16:33:09 solver.py:141 ] Epoch: [246/400][20/36] lr: 4.20e-04 | MSE loss: 5.9803e-03 | time: 0.133
I 06.07/16:33:12 solver.py:151 ] => Train  Loss: 6.2538e-03

I 06.07/16:33:12 solver.py:206 ] 
=! Best NMSE: -1.9713e+01 (epoch=240)

I 06.07/16:33:14 solver.py:141 ] Epoch: [247/400][20/36] lr: 4.16e-04 | MSE loss: 5.9472e-03 | time: 0.138
I 06.07/16:33:16 solver.py:151 ] => Train  Loss: 6.4516e-03

I 06.07/16:33:16 solver.py:206 ] 
=! Best NMSE: -1.9713e+01 (epoch=240)

I 06.07/16:33:19 solver.py:141 ] Epoch: [248/400][20/36] lr: 4.12e-04 | MSE loss: 6.2848e-03 | time: 0.143
I 06.07/16:33:22 solver.py:151 ] => Train  Loss: 6.1582e-03

I 06.07/16:33:22 solver.py:206 ] 
=! Best NMSE: -1.9713e+01 (epoch=240)

I 06.07/16:33:25 solver.py:141 ] Epoch: [249/400][20/36] lr: 4.08e-04 | MSE loss: 5.8310e-03 | time: 0.149
I 06.07/16:33:27 solver.py:151 ] => Train  Loss: 6.5460e-03

I 06.07/16:33:27 solver.py:206 ] 
=! Best NMSE: -1.9713e+01 (epoch=240)

I 06.07/16:33:30 solver.py:141 ] Epoch: [250/400][20/36] lr: 4.04e-04 | MSE loss: 5.8247e-03 | time: 0.147
I 06.07/16:33:32 solver.py:151 ] => Train  Loss: 6.1680e-03

I 06.07/16:33:33 solver.py:151 ] => Val  Loss: 5.7155e-03

I 06.07/16:33:33 solver.py:285 ] => Test NMSE: -1.9713e+01

I 06.07/16:33:34 solver.py:206 ] 
=! Best NMSE: -1.9713e+01 (epoch=250)

I 06.07/16:33:37 solver.py:141 ] Epoch: [251/400][20/36] lr: 4.00e-04 | MSE loss: 6.7078e-03 | time: 0.133
I 06.07/16:33:39 solver.py:151 ] => Train  Loss: 6.1430e-03

I 06.07/16:33:39 solver.py:206 ] 
=! Best NMSE: -1.9713e+01 (epoch=250)

I 06.07/16:33:42 solver.py:141 ] Epoch: [252/400][20/36] lr: 3.96e-04 | MSE loss: 6.0411e-03 | time: 0.160
I 06.07/16:33:44 solver.py:151 ] => Train  Loss: 6.0849e-03

I 06.07/16:33:44 solver.py:206 ] 
=! Best NMSE: -1.9713e+01 (epoch=250)

I 06.07/16:33:47 solver.py:141 ] Epoch: [253/400][20/36] lr: 3.92e-04 | MSE loss: 6.3793e-03 | time: 0.148
I 06.07/16:33:49 solver.py:151 ] => Train  Loss: 6.2056e-03

I 06.07/16:33:49 solver.py:206 ] 
=! Best NMSE: -1.9713e+01 (epoch=250)

I 06.07/16:33:52 solver.py:141 ] Epoch: [254/400][20/36] lr: 3.88e-04 | MSE loss: 6.3857e-03 | time: 0.150
I 06.07/16:33:54 solver.py:151 ] => Train  Loss: 6.1481e-03

I 06.07/16:33:54 solver.py:206 ] 
=! Best NMSE: -1.9713e+01 (epoch=250)

I 06.07/16:33:57 solver.py:141 ] Epoch: [255/400][20/36] lr: 3.84e-04 | MSE loss: 6.1279e-03 | time: 0.141
I 06.07/16:33:59 solver.py:151 ] => Train  Loss: 6.1674e-03

I 06.07/16:33:59 solver.py:206 ] 
=! Best NMSE: -1.9713e+01 (epoch=250)

I 06.07/16:34:04 solver.py:141 ] Epoch: [256/400][20/36] lr: 3.80e-04 | MSE loss: 6.2849e-03 | time: 0.233
I 06.07/16:34:06 solver.py:151 ] => Train  Loss: 6.2775e-03

I 06.07/16:34:06 solver.py:206 ] 
=! Best NMSE: -1.9713e+01 (epoch=250)

I 06.07/16:34:09 solver.py:141 ] Epoch: [257/400][20/36] lr: 3.76e-04 | MSE loss: 6.6322e-03 | time: 0.141
I 06.07/16:34:11 solver.py:151 ] => Train  Loss: 6.1623e-03

I 06.07/16:34:11 solver.py:206 ] 
=! Best NMSE: -1.9713e+01 (epoch=250)

I 06.07/16:34:14 solver.py:141 ] Epoch: [258/400][20/36] lr: 3.72e-04 | MSE loss: 6.0549e-03 | time: 0.144
I 06.07/16:34:16 solver.py:151 ] => Train  Loss: 6.1344e-03

I 06.07/16:34:16 solver.py:206 ] 
=! Best NMSE: -1.9713e+01 (epoch=250)

I 06.07/16:34:19 solver.py:141 ] Epoch: [259/400][20/36] lr: 3.68e-04 | MSE loss: 6.3025e-03 | time: 0.151
I 06.07/16:34:21 solver.py:151 ] => Train  Loss: 6.0932e-03

I 06.07/16:34:21 solver.py:206 ] 
=! Best NMSE: -1.9713e+01 (epoch=250)

I 06.07/16:34:24 solver.py:141 ] Epoch: [260/400][20/36] lr: 3.64e-04 | MSE loss: 6.3737e-03 | time: 0.150
I 06.07/16:34:26 solver.py:151 ] => Train  Loss: 6.1310e-03

I 06.07/16:34:27 solver.py:151 ] => Val  Loss: 5.7159e-03

I 06.07/16:34:27 solver.py:285 ] => Test NMSE: -1.9713e+01

I 06.07/16:34:27 solver.py:206 ] 
=! Best NMSE: -1.9713e+01 (epoch=250)

I 06.07/16:34:30 solver.py:141 ] Epoch: [261/400][20/36] lr: 3.60e-04 | MSE loss: 5.6156e-03 | time: 0.140
I 06.07/16:34:32 solver.py:151 ] => Train  Loss: 6.1227e-03

I 06.07/16:34:32 solver.py:206 ] 
=! Best NMSE: -1.9713e+01 (epoch=250)

I 06.07/16:34:35 solver.py:141 ] Epoch: [262/400][20/36] lr: 3.56e-04 | MSE loss: 6.0784e-03 | time: 0.130
I 06.07/16:34:37 solver.py:151 ] => Train  Loss: 6.2825e-03

I 06.07/16:34:37 solver.py:206 ] 
=! Best NMSE: -1.9713e+01 (epoch=250)

I 06.07/16:34:40 solver.py:141 ] Epoch: [263/400][20/36] lr: 3.53e-04 | MSE loss: 6.4818e-03 | time: 0.150
I 06.07/16:34:42 solver.py:151 ] => Train  Loss: 6.0913e-03

I 06.07/16:34:42 solver.py:206 ] 
=! Best NMSE: -1.9713e+01 (epoch=250)

I 06.07/16:34:45 solver.py:141 ] Epoch: [264/400][20/36] lr: 3.49e-04 | MSE loss: 5.5916e-03 | time: 0.156
I 06.07/16:34:47 solver.py:151 ] => Train  Loss: 6.3169e-03

I 06.07/16:34:47 solver.py:206 ] 
=! Best NMSE: -1.9713e+01 (epoch=250)

I 06.07/16:34:50 solver.py:141 ] Epoch: [265/400][20/36] lr: 3.45e-04 | MSE loss: 6.1935e-03 | time: 0.142
I 06.07/16:34:52 solver.py:151 ] => Train  Loss: 6.1182e-03

I 06.07/16:34:52 solver.py:206 ] 
=! Best NMSE: -1.9713e+01 (epoch=250)

I 06.07/16:34:55 solver.py:141 ] Epoch: [266/400][20/36] lr: 3.41e-04 | MSE loss: 6.2429e-03 | time: 0.137
I 06.07/16:34:57 solver.py:151 ] => Train  Loss: 6.1578e-03

I 06.07/16:34:57 solver.py:206 ] 
=! Best NMSE: -1.9713e+01 (epoch=250)

I 06.07/16:35:00 solver.py:141 ] Epoch: [267/400][20/36] lr: 3.37e-04 | MSE loss: 6.4227e-03 | time: 0.145
I 06.07/16:35:03 solver.py:151 ] => Train  Loss: 6.2737e-03

I 06.07/16:35:03 solver.py:206 ] 
=! Best NMSE: -1.9713e+01 (epoch=250)

I 06.07/16:35:07 solver.py:141 ] Epoch: [268/400][20/36] lr: 3.33e-04 | MSE loss: 5.9370e-03 | time: 0.172
I 06.07/16:35:09 solver.py:151 ] => Train  Loss: 6.2486e-03

I 06.07/16:35:09 solver.py:206 ] 
=! Best NMSE: -1.9713e+01 (epoch=250)

I 06.07/16:35:12 solver.py:141 ] Epoch: [269/400][20/36] lr: 3.30e-04 | MSE loss: 6.1275e-03 | time: 0.144
I 06.07/16:35:14 solver.py:151 ] => Train  Loss: 6.1139e-03

I 06.07/16:35:14 solver.py:206 ] 
=! Best NMSE: -1.9713e+01 (epoch=250)

I 06.07/16:35:17 solver.py:141 ] Epoch: [270/400][20/36] lr: 3.26e-04 | MSE loss: 6.3852e-03 | time: 0.154
I 06.07/16:35:19 solver.py:151 ] => Train  Loss: 6.2860e-03

I 06.07/16:35:19 solver.py:151 ] => Val  Loss: 5.7157e-03

I 06.07/16:35:20 solver.py:285 ] => Test NMSE: -1.9713e+01

I 06.07/16:35:20 solver.py:206 ] 
=! Best NMSE: -1.9713e+01 (epoch=250)

I 06.07/16:35:23 solver.py:141 ] Epoch: [271/400][20/36] lr: 3.22e-04 | MSE loss: 5.9086e-03 | time: 0.141
I 06.07/16:35:25 solver.py:151 ] => Train  Loss: 6.1436e-03

I 06.07/16:35:25 solver.py:206 ] 
=! Best NMSE: -1.9713e+01 (epoch=250)

I 06.07/16:35:27 solver.py:141 ] Epoch: [272/400][20/36] lr: 3.18e-04 | MSE loss: 6.0474e-03 | time: 0.136
I 06.07/16:35:29 solver.py:151 ] => Train  Loss: 6.3405e-03

I 06.07/16:35:29 solver.py:206 ] 
=! Best NMSE: -1.9713e+01 (epoch=250)

I 06.07/16:35:32 solver.py:141 ] Epoch: [273/400][20/36] lr: 3.15e-04 | MSE loss: 6.4804e-03 | time: 0.153
I 06.07/16:35:34 solver.py:151 ] => Train  Loss: 6.3958e-03

I 06.07/16:35:34 solver.py:206 ] 
=! Best NMSE: -1.9713e+01 (epoch=250)

I 06.07/16:35:37 solver.py:141 ] Epoch: [274/400][20/36] lr: 3.11e-04 | MSE loss: 5.9309e-03 | time: 0.145
I 06.07/16:35:39 solver.py:151 ] => Train  Loss: 6.2343e-03

I 06.07/16:35:39 solver.py:206 ] 
=! Best NMSE: -1.9713e+01 (epoch=250)

I 06.07/16:35:42 solver.py:141 ] Epoch: [275/400][20/36] lr: 3.07e-04 | MSE loss: 6.4553e-03 | time: 0.149
I 06.07/16:35:45 solver.py:151 ] => Train  Loss: 6.3319e-03

I 06.07/16:35:45 solver.py:206 ] 
=! Best NMSE: -1.9713e+01 (epoch=250)

I 06.07/16:35:48 solver.py:141 ] Epoch: [276/400][20/36] lr: 3.04e-04 | MSE loss: 6.1474e-03 | time: 0.141
I 06.07/16:35:50 solver.py:151 ] => Train  Loss: 6.4684e-03

I 06.07/16:35:50 solver.py:206 ] 
=! Best NMSE: -1.9713e+01 (epoch=250)

I 06.07/16:35:53 solver.py:141 ] Epoch: [277/400][20/36] lr: 3.00e-04 | MSE loss: 6.3988e-03 | time: 0.192
I 06.07/16:35:56 solver.py:151 ] => Train  Loss: 6.4580e-03

I 06.07/16:35:56 solver.py:206 ] 
=! Best NMSE: -1.9713e+01 (epoch=250)

I 06.07/16:35:58 solver.py:141 ] Epoch: [278/400][20/36] lr: 2.96e-04 | MSE loss: 5.9721e-03 | time: 0.137
I 06.07/16:36:01 solver.py:151 ] => Train  Loss: 6.1953e-03

I 06.07/16:36:01 solver.py:206 ] 
=! Best NMSE: -1.9713e+01 (epoch=250)

I 06.07/16:36:05 solver.py:141 ] Epoch: [279/400][20/36] lr: 2.93e-04 | MSE loss: 6.1692e-03 | time: 0.220
I 06.07/16:36:07 solver.py:151 ] => Train  Loss: 6.1123e-03

I 06.07/16:36:07 solver.py:206 ] 
=! Best NMSE: -1.9713e+01 (epoch=250)

I 06.07/16:36:10 solver.py:141 ] Epoch: [280/400][20/36] lr: 2.89e-04 | MSE loss: 5.8765e-03 | time: 0.136
I 06.07/16:36:12 solver.py:151 ] => Train  Loss: 6.2897e-03

I 06.07/16:36:13 solver.py:151 ] => Val  Loss: 5.7154e-03

I 06.07/16:36:14 solver.py:285 ] => Test NMSE: -1.9713e+01

I 06.07/16:36:15 solver.py:206 ] 
=! Best NMSE: -1.9713e+01 (epoch=280)

I 06.07/16:36:17 solver.py:141 ] Epoch: [281/400][20/36] lr: 2.86e-04 | MSE loss: 6.6255e-03 | time: 0.128
I 06.07/16:36:19 solver.py:151 ] => Train  Loss: 6.0813e-03

I 06.07/16:36:19 solver.py:206 ] 
=! Best NMSE: -1.9713e+01 (epoch=280)

I 06.07/16:36:22 solver.py:141 ] Epoch: [282/400][20/36] lr: 2.82e-04 | MSE loss: 6.1388e-03 | time: 0.135
I 06.07/16:36:24 solver.py:151 ] => Train  Loss: 6.2240e-03

I 06.07/16:36:24 solver.py:206 ] 
=! Best NMSE: -1.9713e+01 (epoch=280)

I 06.07/16:36:27 solver.py:141 ] Epoch: [283/400][20/36] lr: 2.78e-04 | MSE loss: 6.3546e-03 | time: 0.141
I 06.07/16:36:29 solver.py:151 ] => Train  Loss: 6.2639e-03

I 06.07/16:36:29 solver.py:206 ] 
=! Best NMSE: -1.9713e+01 (epoch=280)

I 06.07/16:36:32 solver.py:141 ] Epoch: [284/400][20/36] lr: 2.75e-04 | MSE loss: 6.4606e-03 | time: 0.155
I 06.07/16:36:34 solver.py:151 ] => Train  Loss: 6.0970e-03

I 06.07/16:36:34 solver.py:206 ] 
=! Best NMSE: -1.9713e+01 (epoch=280)

I 06.07/16:36:37 solver.py:141 ] Epoch: [285/400][20/36] lr: 2.71e-04 | MSE loss: 6.8771e-03 | time: 0.151
I 06.07/16:36:39 solver.py:151 ] => Train  Loss: 6.2112e-03

I 06.07/16:36:39 solver.py:206 ] 
=! Best NMSE: -1.9713e+01 (epoch=280)

I 06.07/16:36:42 solver.py:141 ] Epoch: [286/400][20/36] lr: 2.68e-04 | MSE loss: 6.0974e-03 | time: 0.141
I 06.07/16:36:44 solver.py:151 ] => Train  Loss: 6.2634e-03

I 06.07/16:36:44 solver.py:206 ] 
=! Best NMSE: -1.9713e+01 (epoch=280)

I 06.07/16:36:47 solver.py:141 ] Epoch: [287/400][20/36] lr: 2.64e-04 | MSE loss: 6.5560e-03 | time: 0.148
I 06.07/16:36:49 solver.py:151 ] => Train  Loss: 6.1049e-03

I 06.07/16:36:49 solver.py:206 ] 
=! Best NMSE: -1.9713e+01 (epoch=280)

I 06.07/16:36:52 solver.py:141 ] Epoch: [288/400][20/36] lr: 2.61e-04 | MSE loss: 6.1740e-03 | time: 0.125
I 06.07/16:36:54 solver.py:151 ] => Train  Loss: 6.4024e-03

I 06.07/16:36:54 solver.py:206 ] 
=! Best NMSE: -1.9713e+01 (epoch=280)

I 06.07/16:36:57 solver.py:141 ] Epoch: [289/400][20/36] lr: 2.57e-04 | MSE loss: 5.9189e-03 | time: 0.131
I 06.07/16:36:59 solver.py:151 ] => Train  Loss: 6.1280e-03

I 06.07/16:36:59 solver.py:206 ] 
=! Best NMSE: -1.9713e+01 (epoch=280)

I 06.07/16:37:03 solver.py:141 ] Epoch: [290/400][20/36] lr: 2.54e-04 | MSE loss: 5.8766e-03 | time: 0.197
I 06.07/16:37:05 solver.py:151 ] => Train  Loss: 6.2763e-03

I 06.07/16:37:06 solver.py:151 ] => Val  Loss: 5.7155e-03

I 06.07/16:37:07 solver.py:285 ] => Test NMSE: -1.9713e+01

I 06.07/16:37:07 solver.py:206 ] 
=! Best NMSE: -1.9713e+01 (epoch=280)

I 06.07/16:37:10 solver.py:141 ] Epoch: [291/400][20/36] lr: 2.51e-04 | MSE loss: 6.1994e-03 | time: 0.150
I 06.07/16:37:12 solver.py:151 ] => Train  Loss: 6.2455e-03

I 06.07/16:37:12 solver.py:206 ] 
=! Best NMSE: -1.9713e+01 (epoch=280)

I 06.07/16:37:14 solver.py:141 ] Epoch: [292/400][20/36] lr: 2.47e-04 | MSE loss: 6.3402e-03 | time: 0.145
I 06.07/16:37:17 solver.py:151 ] => Train  Loss: 6.0941e-03

I 06.07/16:37:17 solver.py:206 ] 
=! Best NMSE: -1.9713e+01 (epoch=280)

I 06.07/16:37:19 solver.py:141 ] Epoch: [293/400][20/36] lr: 2.44e-04 | MSE loss: 6.4558e-03 | time: 0.144
I 06.07/16:37:21 solver.py:151 ] => Train  Loss: 6.2423e-03

I 06.07/16:37:21 solver.py:206 ] 
=! Best NMSE: -1.9713e+01 (epoch=280)

I 06.07/16:37:25 solver.py:141 ] Epoch: [294/400][20/36] lr: 2.41e-04 | MSE loss: 6.1047e-03 | time: 0.158
I 06.07/16:37:27 solver.py:151 ] => Train  Loss: 6.1141e-03

I 06.07/16:37:27 solver.py:206 ] 
=! Best NMSE: -1.9713e+01 (epoch=280)

I 06.07/16:37:30 solver.py:141 ] Epoch: [295/400][20/36] lr: 2.37e-04 | MSE loss: 6.3486e-03 | time: 0.138
I 06.07/16:37:32 solver.py:151 ] => Train  Loss: 6.3148e-03

I 06.07/16:37:32 solver.py:206 ] 
=! Best NMSE: -1.9713e+01 (epoch=280)

I 06.07/16:37:34 solver.py:141 ] Epoch: [296/400][20/36] lr: 2.34e-04 | MSE loss: 5.9509e-03 | time: 0.139
I 06.07/16:37:36 solver.py:151 ] => Train  Loss: 6.2805e-03

I 06.07/16:37:36 solver.py:206 ] 
=! Best NMSE: -1.9713e+01 (epoch=280)

I 06.07/16:37:39 solver.py:141 ] Epoch: [297/400][20/36] lr: 2.31e-04 | MSE loss: 6.1883e-03 | time: 0.140
I 06.07/16:37:41 solver.py:151 ] => Train  Loss: 6.3892e-03

I 06.07/16:37:41 solver.py:206 ] 
=! Best NMSE: -1.9713e+01 (epoch=280)

I 06.07/16:37:44 solver.py:141 ] Epoch: [298/400][20/36] lr: 2.28e-04 | MSE loss: 6.3318e-03 | time: 0.146
I 06.07/16:37:46 solver.py:151 ] => Train  Loss: 6.2686e-03

I 06.07/16:37:46 solver.py:206 ] 
=! Best NMSE: -1.9713e+01 (epoch=280)

I 06.07/16:37:49 solver.py:141 ] Epoch: [299/400][20/36] lr: 2.24e-04 | MSE loss: 6.0023e-03 | time: 0.131
I 06.07/16:37:51 solver.py:151 ] => Train  Loss: 6.2556e-03

I 06.07/16:37:51 solver.py:206 ] 
=! Best NMSE: -1.9713e+01 (epoch=280)

I 06.07/16:37:54 solver.py:141 ] Epoch: [300/400][20/36] lr: 2.21e-04 | MSE loss: 6.3335e-03 | time: 0.151
I 06.07/16:37:56 solver.py:151 ] => Train  Loss: 6.1258e-03

I 06.07/16:37:57 solver.py:151 ] => Val  Loss: 5.7153e-03

I 06.07/16:37:57 solver.py:285 ] => Test NMSE: -1.9713e+01

I 06.07/16:37:58 solver.py:206 ] 
=! Best NMSE: -1.9713e+01 (epoch=300)

I 06.07/16:38:01 solver.py:141 ] Epoch: [301/400][20/36] lr: 2.18e-04 | MSE loss: 5.5966e-03 | time: 0.157
I 06.07/16:38:05 solver.py:151 ] => Train  Loss: 6.1016e-03

I 06.07/16:38:05 solver.py:206 ] 
=! Best NMSE: -1.9713e+01 (epoch=300)

I 06.07/16:38:08 solver.py:141 ] Epoch: [302/400][20/36] lr: 2.15e-04 | MSE loss: 6.4032e-03 | time: 0.147
I 06.07/16:38:10 solver.py:151 ] => Train  Loss: 6.1770e-03

I 06.07/16:38:10 solver.py:206 ] 
=! Best NMSE: -1.9713e+01 (epoch=300)

I 06.07/16:38:13 solver.py:141 ] Epoch: [303/400][20/36] lr: 2.12e-04 | MSE loss: 6.1645e-03 | time: 0.146
I 06.07/16:38:15 solver.py:151 ] => Train  Loss: 6.4030e-03

I 06.07/16:38:15 solver.py:206 ] 
=! Best NMSE: -1.9713e+01 (epoch=300)

I 06.07/16:38:18 solver.py:141 ] Epoch: [304/400][20/36] lr: 2.09e-04 | MSE loss: 5.9091e-03 | time: 0.137
I 06.07/16:38:20 solver.py:151 ] => Train  Loss: 6.2627e-03

I 06.07/16:38:20 solver.py:206 ] 
=! Best NMSE: -1.9713e+01 (epoch=300)

I 06.07/16:38:23 solver.py:141 ] Epoch: [305/400][20/36] lr: 2.05e-04 | MSE loss: 5.8262e-03 | time: 0.144
I 06.07/16:38:25 solver.py:151 ] => Train  Loss: 6.6781e-03

I 06.07/16:38:25 solver.py:206 ] 
=! Best NMSE: -1.9713e+01 (epoch=300)

I 06.07/16:38:28 solver.py:141 ] Epoch: [306/400][20/36] lr: 2.02e-04 | MSE loss: 6.1260e-03 | time: 0.147
I 06.07/16:38:30 solver.py:151 ] => Train  Loss: 6.0960e-03

I 06.07/16:38:30 solver.py:206 ] 
=! Best NMSE: -1.9713e+01 (epoch=300)

I 06.07/16:38:32 solver.py:141 ] Epoch: [307/400][20/36] lr: 1.99e-04 | MSE loss: 5.9245e-03 | time: 0.137
I 06.07/16:38:35 solver.py:151 ] => Train  Loss: 6.2663e-03

I 06.07/16:38:35 solver.py:206 ] 
=! Best NMSE: -1.9713e+01 (epoch=300)

I 06.07/16:38:37 solver.py:141 ] Epoch: [308/400][20/36] lr: 1.96e-04 | MSE loss: 6.2003e-03 | time: 0.137
I 06.07/16:38:39 solver.py:151 ] => Train  Loss: 6.1888e-03

I 06.07/16:38:39 solver.py:206 ] 
=! Best NMSE: -1.9713e+01 (epoch=300)

I 06.07/16:38:42 solver.py:141 ] Epoch: [309/400][20/36] lr: 1.93e-04 | MSE loss: 6.5270e-03 | time: 0.139
I 06.07/16:38:44 solver.py:151 ] => Train  Loss: 6.2629e-03

I 06.07/16:38:44 solver.py:206 ] 
=! Best NMSE: -1.9713e+01 (epoch=300)

I 06.07/16:38:47 solver.py:141 ] Epoch: [310/400][20/36] lr: 1.90e-04 | MSE loss: 6.0229e-03 | time: 0.131
I 06.07/16:38:49 solver.py:151 ] => Train  Loss: 6.2274e-03

I 06.07/16:38:49 solver.py:151 ] => Val  Loss: 5.7151e-03

I 06.07/16:38:50 solver.py:285 ] => Test NMSE: -1.9713e+01

I 06.07/16:38:51 solver.py:206 ] 
=! Best NMSE: -1.9713e+01 (epoch=310)

I 06.07/16:38:53 solver.py:141 ] Epoch: [311/400][20/36] lr: 1.87e-04 | MSE loss: 5.7676e-03 | time: 0.136
I 06.07/16:38:55 solver.py:151 ] => Train  Loss: 6.3024e-03

I 06.07/16:38:55 solver.py:206 ] 
=! Best NMSE: -1.9713e+01 (epoch=310)

I 06.07/16:38:58 solver.py:141 ] Epoch: [312/400][20/36] lr: 1.85e-04 | MSE loss: 6.0782e-03 | time: 0.124
I 06.07/16:38:59 solver.py:151 ] => Train  Loss: 6.2241e-03

I 06.07/16:38:59 solver.py:206 ] 
=! Best NMSE: -1.9713e+01 (epoch=310)

I 06.07/16:39:04 solver.py:141 ] Epoch: [313/400][20/36] lr: 1.82e-04 | MSE loss: 6.1922e-03 | time: 0.237
I 06.07/16:39:06 solver.py:151 ] => Train  Loss: 6.2090e-03

I 06.07/16:39:06 solver.py:206 ] 
=! Best NMSE: -1.9713e+01 (epoch=310)

I 06.07/16:39:09 solver.py:141 ] Epoch: [314/400][20/36] lr: 1.79e-04 | MSE loss: 5.7510e-03 | time: 0.130
I 06.07/16:39:11 solver.py:151 ] => Train  Loss: 6.1294e-03

I 06.07/16:39:11 solver.py:206 ] 
=! Best NMSE: -1.9713e+01 (epoch=310)

I 06.07/16:39:13 solver.py:141 ] Epoch: [315/400][20/36] lr: 1.76e-04 | MSE loss: 6.6392e-03 | time: 0.130
I 06.07/16:39:15 solver.py:151 ] => Train  Loss: 6.1366e-03

I 06.07/16:39:15 solver.py:206 ] 
=! Best NMSE: -1.9713e+01 (epoch=310)

I 06.07/16:39:18 solver.py:141 ] Epoch: [316/400][20/36] lr: 1.73e-04 | MSE loss: 6.0743e-03 | time: 0.132
I 06.07/16:39:20 solver.py:151 ] => Train  Loss: 6.1219e-03

I 06.07/16:39:20 solver.py:206 ] 
=! Best NMSE: -1.9713e+01 (epoch=310)

I 06.07/16:39:22 solver.py:141 ] Epoch: [317/400][20/36] lr: 1.70e-04 | MSE loss: 5.9136e-03 | time: 0.125
I 06.07/16:39:24 solver.py:151 ] => Train  Loss: 6.0869e-03

I 06.07/16:39:24 solver.py:206 ] 
=! Best NMSE: -1.9713e+01 (epoch=310)

I 06.07/16:39:27 solver.py:141 ] Epoch: [318/400][20/36] lr: 1.68e-04 | MSE loss: 6.5728e-03 | time: 0.122
I 06.07/16:39:29 solver.py:151 ] => Train  Loss: 6.2606e-03

I 06.07/16:39:29 solver.py:206 ] 
=! Best NMSE: -1.9713e+01 (epoch=310)

I 06.07/16:39:31 solver.py:141 ] Epoch: [319/400][20/36] lr: 1.65e-04 | MSE loss: 6.8097e-03 | time: 0.119
I 06.07/16:39:33 solver.py:151 ] => Train  Loss: 6.3550e-03

I 06.07/16:39:33 solver.py:206 ] 
=! Best NMSE: -1.9713e+01 (epoch=310)

I 06.07/16:39:35 solver.py:141 ] Epoch: [320/400][20/36] lr: 1.62e-04 | MSE loss: 6.3815e-03 | time: 0.122
I 06.07/16:39:37 solver.py:151 ] => Train  Loss: 6.0891e-03

I 06.07/16:39:38 solver.py:151 ] => Val  Loss: 5.7150e-03

I 06.07/16:39:38 solver.py:285 ] => Test NMSE: -1.9713e+01

I 06.07/16:39:39 solver.py:206 ] 
=! Best NMSE: -1.9713e+01 (epoch=320)

I 06.07/16:39:41 solver.py:141 ] Epoch: [321/400][20/36] lr: 1.60e-04 | MSE loss: 6.3108e-03 | time: 0.124
I 06.07/16:39:43 solver.py:151 ] => Train  Loss: 6.2130e-03

I 06.07/16:39:43 solver.py:206 ] 
=! Best NMSE: -1.9713e+01 (epoch=320)

I 06.07/16:39:46 solver.py:141 ] Epoch: [322/400][20/36] lr: 1.57e-04 | MSE loss: 5.6607e-03 | time: 0.122
I 06.07/16:39:48 solver.py:151 ] => Train  Loss: 6.2354e-03

I 06.07/16:39:48 solver.py:206 ] 
=! Best NMSE: -1.9713e+01 (epoch=320)

I 06.07/16:39:51 solver.py:141 ] Epoch: [323/400][20/36] lr: 1.54e-04 | MSE loss: 6.5554e-03 | time: 0.137
I 06.07/16:39:53 solver.py:151 ] => Train  Loss: 6.1283e-03

I 06.07/16:39:53 solver.py:206 ] 
=! Best NMSE: -1.9713e+01 (epoch=320)

I 06.07/16:39:56 solver.py:141 ] Epoch: [324/400][20/36] lr: 1.52e-04 | MSE loss: 6.0059e-03 | time: 0.122
I 06.07/16:39:58 solver.py:151 ] => Train  Loss: 6.2394e-03

I 06.07/16:39:58 solver.py:206 ] 
=! Best NMSE: -1.9713e+01 (epoch=320)

I 06.07/16:40:00 solver.py:141 ] Epoch: [325/400][20/36] lr: 1.49e-04 | MSE loss: 6.6186e-03 | time: 0.127
I 06.07/16:40:04 solver.py:151 ] => Train  Loss: 6.0881e-03

I 06.07/16:40:04 solver.py:206 ] 
=! Best NMSE: -1.9713e+01 (epoch=320)

I 06.07/16:40:07 solver.py:141 ] Epoch: [326/400][20/36] lr: 1.47e-04 | MSE loss: 6.5132e-03 | time: 0.141
I 06.07/16:40:09 solver.py:151 ] => Train  Loss: 6.2099e-03

I 06.07/16:40:09 solver.py:206 ] 
=! Best NMSE: -1.9713e+01 (epoch=320)

I 06.07/16:40:11 solver.py:141 ] Epoch: [327/400][20/36] lr: 1.44e-04 | MSE loss: 6.1516e-03 | time: 0.126
I 06.07/16:40:13 solver.py:151 ] => Train  Loss: 6.1461e-03

I 06.07/16:40:13 solver.py:206 ] 
=! Best NMSE: -1.9713e+01 (epoch=320)

I 06.07/16:40:15 solver.py:141 ] Epoch: [328/400][20/36] lr: 1.42e-04 | MSE loss: 6.1622e-03 | time: 0.104
I 06.07/16:40:17 solver.py:151 ] => Train  Loss: 6.1044e-03

I 06.07/16:40:17 solver.py:206 ] 
=! Best NMSE: -1.9713e+01 (epoch=320)

I 06.07/16:40:19 solver.py:141 ] Epoch: [329/400][20/36] lr: 1.39e-04 | MSE loss: 6.2661e-03 | time: 0.103
I 06.07/16:40:20 solver.py:151 ] => Train  Loss: 6.1235e-03

I 06.07/16:40:20 solver.py:206 ] 
=! Best NMSE: -1.9713e+01 (epoch=320)

I 06.07/16:40:23 solver.py:141 ] Epoch: [330/400][20/36] lr: 1.37e-04 | MSE loss: 5.8978e-03 | time: 0.106
I 06.07/16:40:24 solver.py:151 ] => Train  Loss: 6.0946e-03

I 06.07/16:40:25 solver.py:151 ] => Val  Loss: 5.7149e-03

I 06.07/16:40:25 solver.py:285 ] => Test NMSE: -1.9713e+01

I 06.07/16:40:26 solver.py:206 ] 
=! Best NMSE: -1.9713e+01 (epoch=330)

I 06.07/16:40:28 solver.py:141 ] Epoch: [331/400][20/36] lr: 1.35e-04 | MSE loss: 5.9436e-03 | time: 0.111
I 06.07/16:40:29 solver.py:151 ] => Train  Loss: 6.2876e-03

I 06.07/16:40:29 solver.py:206 ] 
=! Best NMSE: -1.9713e+01 (epoch=330)

I 06.07/16:40:31 solver.py:141 ] Epoch: [332/400][20/36] lr: 1.32e-04 | MSE loss: 6.3656e-03 | time: 0.088
I 06.07/16:40:32 solver.py:151 ] => Train  Loss: 6.1252e-03

I 06.07/16:40:33 solver.py:206 ] 
=! Best NMSE: -1.9713e+01 (epoch=330)

I 06.07/16:40:35 solver.py:141 ] Epoch: [333/400][20/36] lr: 1.30e-04 | MSE loss: 6.6051e-03 | time: 0.101
I 06.07/16:40:36 solver.py:151 ] => Train  Loss: 6.2699e-03

I 06.07/16:40:36 solver.py:206 ] 
=! Best NMSE: -1.9713e+01 (epoch=330)

I 06.07/16:40:38 solver.py:141 ] Epoch: [334/400][20/36] lr: 1.28e-04 | MSE loss: 6.6397e-03 | time: 0.085
I 06.07/16:40:39 solver.py:151 ] => Train  Loss: 6.2640e-03

I 06.07/16:40:39 solver.py:206 ] 
=! Best NMSE: -1.9713e+01 (epoch=330)

I 06.07/16:40:41 solver.py:141 ] Epoch: [335/400][20/36] lr: 1.25e-04 | MSE loss: 5.9996e-03 | time: 0.080
I 06.07/16:40:42 solver.py:151 ] => Train  Loss: 6.4337e-03

I 06.07/16:40:42 solver.py:206 ] 
=! Best NMSE: -1.9713e+01 (epoch=330)

I 06.07/16:40:44 solver.py:141 ] Epoch: [336/400][20/36] lr: 1.23e-04 | MSE loss: 6.0057e-03 | time: 0.084
I 06.07/16:40:45 solver.py:151 ] => Train  Loss: 6.2849e-03

I 06.07/16:40:45 solver.py:206 ] 
=! Best NMSE: -1.9713e+01 (epoch=330)

I 06.07/16:40:47 solver.py:141 ] Epoch: [337/400][20/36] lr: 1.21e-04 | MSE loss: 6.3821e-03 | time: 0.087
I 06.07/16:40:48 solver.py:151 ] => Train  Loss: 6.1688e-03

I 06.07/16:40:48 solver.py:206 ] 
=! Best NMSE: -1.9713e+01 (epoch=330)

I 06.07/16:40:50 solver.py:141 ] Epoch: [338/400][20/36] lr: 1.19e-04 | MSE loss: 6.5649e-03 | time: 0.088
I 06.07/16:40:51 solver.py:151 ] => Train  Loss: 6.2139e-03

I 06.07/16:40:51 solver.py:206 ] 
=! Best NMSE: -1.9713e+01 (epoch=330)

I 06.07/16:40:52 solver.py:141 ] Epoch: [339/400][20/36] lr: 1.17e-04 | MSE loss: 5.9699e-03 | time: 0.059
I 06.07/16:40:53 solver.py:151 ] => Train  Loss: 6.2340e-03

I 06.07/16:40:53 solver.py:206 ] 
=! Best NMSE: -1.9713e+01 (epoch=330)

I 06.07/16:40:54 solver.py:141 ] Epoch: [340/400][20/36] lr: 1.15e-04 | MSE loss: 6.3650e-03 | time: 0.062
I 06.07/16:40:55 solver.py:151 ] => Train  Loss: 6.2972e-03

I 06.07/16:40:55 solver.py:151 ] => Val  Loss: 5.7149e-03

I 06.07/16:40:56 solver.py:285 ] => Test NMSE: -1.9713e+01

I 06.07/16:40:56 solver.py:206 ] 
=! Best NMSE: -1.9713e+01 (epoch=340)

I 06.07/16:40:57 solver.py:141 ] Epoch: [341/400][20/36] lr: 1.12e-04 | MSE loss: 6.1169e-03 | time: 0.053
I 06.07/16:40:58 solver.py:151 ] => Train  Loss: 6.1254e-03

I 06.07/16:40:58 solver.py:206 ] 
=! Best NMSE: -1.9713e+01 (epoch=340)

I 06.07/16:40:59 solver.py:141 ] Epoch: [342/400][20/36] lr: 1.10e-04 | MSE loss: 6.7277e-03 | time: 0.055
I 06.07/16:41:00 solver.py:151 ] => Train  Loss: 6.0902e-03

I 06.07/16:41:00 solver.py:206 ] 
=! Best NMSE: -1.9713e+01 (epoch=340)

I 06.07/16:41:02 solver.py:141 ] Epoch: [343/400][20/36] lr: 1.08e-04 | MSE loss: 5.9847e-03 | time: 0.107
I 06.07/16:41:04 solver.py:151 ] => Train  Loss: 6.3275e-03

I 06.07/16:41:04 solver.py:206 ] 
=! Best NMSE: -1.9713e+01 (epoch=340)

I 06.07/16:41:05 solver.py:141 ] Epoch: [344/400][20/36] lr: 1.06e-04 | MSE loss: 6.3514e-03 | time: 0.059
I 06.07/16:41:06 solver.py:151 ] => Train  Loss: 6.4472e-03

I 06.07/16:41:06 solver.py:206 ] 
=! Best NMSE: -1.9713e+01 (epoch=340)

I 06.07/16:41:07 solver.py:141 ] Epoch: [345/400][20/36] lr: 1.05e-04 | MSE loss: 6.3546e-03 | time: 0.050
I 06.07/16:41:08 solver.py:151 ] => Train  Loss: 6.1440e-03

I 06.07/16:41:08 solver.py:206 ] 
=! Best NMSE: -1.9713e+01 (epoch=340)

I 06.07/16:41:09 solver.py:141 ] Epoch: [346/400][20/36] lr: 1.03e-04 | MSE loss: 5.7439e-03 | time: 0.046
I 06.07/16:41:10 solver.py:151 ] => Train  Loss: 6.1212e-03

I 06.07/16:41:10 solver.py:206 ] 
=! Best NMSE: -1.9713e+01 (epoch=340)

I 06.07/16:41:11 solver.py:141 ] Epoch: [347/400][20/36] lr: 1.01e-04 | MSE loss: 5.7102e-03 | time: 0.063
I 06.07/16:41:12 solver.py:151 ] => Train  Loss: 6.2040e-03

I 06.07/16:41:12 solver.py:206 ] 
=! Best NMSE: -1.9713e+01 (epoch=340)

I 06.07/16:41:13 solver.py:141 ] Epoch: [348/400][20/36] lr: 9.89e-05 | MSE loss: 6.5081e-03 | time: 0.063
I 06.07/16:41:14 solver.py:151 ] => Train  Loss: 6.1451e-03

I 06.07/16:41:14 solver.py:206 ] 
=! Best NMSE: -1.9713e+01 (epoch=340)

I 06.07/16:41:15 solver.py:141 ] Epoch: [349/400][20/36] lr: 9.71e-05 | MSE loss: 6.3346e-03 | time: 0.048
I 06.07/16:41:15 solver.py:151 ] => Train  Loss: 6.4822e-03

I 06.07/16:41:15 solver.py:206 ] 
=! Best NMSE: -1.9713e+01 (epoch=340)

I 06.07/16:41:17 solver.py:141 ] Epoch: [350/400][20/36] lr: 9.53e-05 | MSE loss: 6.1160e-03 | time: 0.057
I 06.07/16:41:17 solver.py:151 ] => Train  Loss: 6.0789e-03

I 06.07/16:41:18 solver.py:151 ] => Val  Loss: 5.7149e-03

I 06.07/16:41:18 solver.py:285 ] => Test NMSE: -1.9713e+01

I 06.07/16:41:18 solver.py:206 ] 
=! Best NMSE: -1.9713e+01 (epoch=350)

I 06.07/16:41:19 solver.py:141 ] Epoch: [351/400][20/36] lr: 9.35e-05 | MSE loss: 6.3580e-03 | time: 0.051
I 06.07/16:41:20 solver.py:151 ] => Train  Loss: 6.4090e-03

I 06.07/16:41:20 solver.py:206 ] 
=! Best NMSE: -1.9713e+01 (epoch=350)

I 06.07/16:41:21 solver.py:141 ] Epoch: [352/400][20/36] lr: 9.18e-05 | MSE loss: 5.8256e-03 | time: 0.046
I 06.07/16:41:22 solver.py:151 ] => Train  Loss: 6.1280e-03

I 06.07/16:41:22 solver.py:206 ] 
=! Best NMSE: -1.9713e+01 (epoch=350)

I 06.07/16:41:23 solver.py:141 ] Epoch: [353/400][20/36] lr: 9.01e-05 | MSE loss: 6.1500e-03 | time: 0.050
I 06.07/16:41:23 solver.py:151 ] => Train  Loss: 6.2885e-03

I 06.07/16:41:23 solver.py:206 ] 
=! Best NMSE: -1.9713e+01 (epoch=350)

I 06.07/16:41:24 solver.py:141 ] Epoch: [354/400][20/36] lr: 8.85e-05 | MSE loss: 6.1530e-03 | time: 0.046
I 06.07/16:41:25 solver.py:151 ] => Train  Loss: 6.1261e-03

I 06.07/16:41:25 solver.py:206 ] 
=! Best NMSE: -1.9713e+01 (epoch=350)

I 06.07/16:41:26 solver.py:141 ] Epoch: [355/400][20/36] lr: 8.69e-05 | MSE loss: 6.4820e-03 | time: 0.039
I 06.07/16:41:26 solver.py:151 ] => Train  Loss: 6.2551e-03

I 06.07/16:41:26 solver.py:206 ] 
=! Best NMSE: -1.9713e+01 (epoch=350)

I 06.07/16:41:27 solver.py:141 ] Epoch: [356/400][20/36] lr: 8.53e-05 | MSE loss: 6.1339e-03 | time: 0.047
I 06.07/16:41:28 solver.py:151 ] => Train  Loss: 6.3006e-03

I 06.07/16:41:28 solver.py:206 ] 
=! Best NMSE: -1.9713e+01 (epoch=350)

I 06.07/16:41:29 solver.py:141 ] Epoch: [357/400][20/36] lr: 8.37e-05 | MSE loss: 5.9621e-03 | time: 0.043
I 06.07/16:41:29 solver.py:151 ] => Train  Loss: 6.1074e-03

I 06.07/16:41:30 solver.py:206 ] 
=! Best NMSE: -1.9713e+01 (epoch=350)

I 06.07/16:41:30 solver.py:141 ] Epoch: [358/400][20/36] lr: 8.22e-05 | MSE loss: 5.9448e-03 | time: 0.046
I 06.07/16:41:31 solver.py:151 ] => Train  Loss: 6.4317e-03

I 06.07/16:41:31 solver.py:206 ] 
=! Best NMSE: -1.9713e+01 (epoch=350)

I 06.07/16:41:32 solver.py:141 ] Epoch: [359/400][20/36] lr: 8.07e-05 | MSE loss: 6.8753e-03 | time: 0.037
I 06.07/16:41:32 solver.py:151 ] => Train  Loss: 6.0811e-03

I 06.07/16:41:32 solver.py:206 ] 
=! Best NMSE: -1.9713e+01 (epoch=350)

I 06.07/16:41:33 solver.py:141 ] Epoch: [360/400][20/36] lr: 7.93e-05 | MSE loss: 5.9367e-03 | time: 0.038
I 06.07/16:41:34 solver.py:151 ] => Train  Loss: 6.1242e-03

I 06.07/16:41:34 solver.py:151 ] => Val  Loss: 5.7148e-03

I 06.07/16:41:34 solver.py:285 ] => Test NMSE: -1.9713e+01

I 06.07/16:41:34 solver.py:206 ] 
=! Best NMSE: -1.9713e+01 (epoch=360)

I 06.07/16:41:35 solver.py:141 ] Epoch: [361/400][20/36] lr: 7.79e-05 | MSE loss: 6.1939e-03 | time: 0.030
I 06.07/16:41:35 solver.py:151 ] => Train  Loss: 6.2144e-03

I 06.07/16:41:35 solver.py:206 ] 
=! Best NMSE: -1.9713e+01 (epoch=360)

I 06.07/16:41:36 solver.py:141 ] Epoch: [362/400][20/36] lr: 7.65e-05 | MSE loss: 6.0917e-03 | time: 0.029
I 06.07/16:41:36 solver.py:151 ] => Train  Loss: 6.3587e-03

I 06.07/16:41:36 solver.py:206 ] 
=! Best NMSE: -1.9713e+01 (epoch=360)

I 06.07/16:41:37 solver.py:141 ] Epoch: [363/400][20/36] lr: 7.51e-05 | MSE loss: 6.1500e-03 | time: 0.034
I 06.07/16:41:38 solver.py:151 ] => Train  Loss: 6.3534e-03

I 06.07/16:41:38 solver.py:206 ] 
=! Best NMSE: -1.9713e+01 (epoch=360)

I 06.07/16:41:38 solver.py:141 ] Epoch: [364/400][20/36] lr: 7.38e-05 | MSE loss: 6.6515e-03 | time: 0.029
I 06.07/16:41:39 solver.py:151 ] => Train  Loss: 6.1894e-03

I 06.07/16:41:39 solver.py:206 ] 
=! Best NMSE: -1.9713e+01 (epoch=360)

I 06.07/16:41:39 solver.py:141 ] Epoch: [365/400][20/36] lr: 7.25e-05 | MSE loss: 6.3889e-03 | time: 0.028
I 06.07/16:41:40 solver.py:151 ] => Train  Loss: 6.1614e-03

I 06.07/16:41:40 solver.py:206 ] 
=! Best NMSE: -1.9713e+01 (epoch=360)

I 06.07/16:41:40 solver.py:141 ] Epoch: [366/400][20/36] lr: 7.13e-05 | MSE loss: 6.2528e-03 | time: 0.030
I 06.07/16:41:41 solver.py:151 ] => Train  Loss: 6.2128e-03

I 06.07/16:41:41 solver.py:206 ] 
=! Best NMSE: -1.9713e+01 (epoch=360)

I 06.07/16:41:41 solver.py:141 ] Epoch: [367/400][20/36] lr: 7.01e-05 | MSE loss: 6.2822e-03 | time: 0.030
I 06.07/16:41:42 solver.py:151 ] => Train  Loss: 6.1999e-03

I 06.07/16:41:42 solver.py:206 ] 
=! Best NMSE: -1.9713e+01 (epoch=360)

I 06.07/16:41:43 solver.py:141 ] Epoch: [368/400][20/36] lr: 6.89e-05 | MSE loss: 6.2409e-03 | time: 0.031
I 06.07/16:41:43 solver.py:151 ] => Train  Loss: 6.2759e-03

I 06.07/16:41:43 solver.py:206 ] 
=! Best NMSE: -1.9713e+01 (epoch=360)

I 06.07/16:41:44 solver.py:141 ] Epoch: [369/400][20/36] lr: 6.78e-05 | MSE loss: 6.2577e-03 | time: 0.046
I 06.07/16:41:44 solver.py:151 ] => Train  Loss: 6.2519e-03

I 06.07/16:41:44 solver.py:206 ] 
=! Best NMSE: -1.9713e+01 (epoch=360)

I 06.07/16:41:45 solver.py:141 ] Epoch: [370/400][20/36] lr: 6.67e-05 | MSE loss: 6.0342e-03 | time: 0.032
I 06.07/16:41:45 solver.py:151 ] => Train  Loss: 6.3695e-03

I 06.07/16:41:46 solver.py:151 ] => Val  Loss: 5.7148e-03

I 06.07/16:41:46 solver.py:285 ] => Test NMSE: -1.9713e+01

I 06.07/16:41:46 solver.py:206 ] 
=! Best NMSE: -1.9713e+01 (epoch=360)

I 06.07/16:41:46 solver.py:141 ] Epoch: [371/400][20/36] lr: 6.56e-05 | MSE loss: 6.3776e-03 | time: 0.025
I 06.07/16:41:47 solver.py:151 ] => Train  Loss: 6.1214e-03

I 06.07/16:41:47 solver.py:206 ] 
=! Best NMSE: -1.9713e+01 (epoch=360)

I 06.07/16:41:47 solver.py:141 ] Epoch: [372/400][20/36] lr: 6.46e-05 | MSE loss: 6.4787e-03 | time: 0.029
I 06.07/16:41:48 solver.py:151 ] => Train  Loss: 6.1083e-03

I 06.07/16:41:48 solver.py:206 ] 
=! Best NMSE: -1.9713e+01 (epoch=360)

I 06.07/16:41:48 solver.py:141 ] Epoch: [373/400][20/36] lr: 6.36e-05 | MSE loss: 6.2530e-03 | time: 0.025
I 06.07/16:41:49 solver.py:151 ] => Train  Loss: 6.0921e-03

I 06.07/16:41:49 solver.py:206 ] 
=! Best NMSE: -1.9713e+01 (epoch=360)

I 06.07/16:41:49 solver.py:141 ] Epoch: [374/400][20/36] lr: 6.26e-05 | MSE loss: 6.0547e-03 | time: 0.026
I 06.07/16:41:49 solver.py:151 ] => Train  Loss: 6.2660e-03

I 06.07/16:41:49 solver.py:206 ] 
=! Best NMSE: -1.9713e+01 (epoch=360)

I 06.07/16:41:50 solver.py:141 ] Epoch: [375/400][20/36] lr: 6.17e-05 | MSE loss: 6.0339e-03 | time: 0.028
I 06.07/16:41:51 solver.py:151 ] => Train  Loss: 6.1987e-03

I 06.07/16:41:51 solver.py:206 ] 
=! Best NMSE: -1.9713e+01 (epoch=360)

I 06.07/16:41:51 solver.py:141 ] Epoch: [376/400][20/36] lr: 6.08e-05 | MSE loss: 5.9797e-03 | time: 0.024
I 06.07/16:41:51 solver.py:151 ] => Train  Loss: 6.0883e-03

I 06.07/16:41:51 solver.py:206 ] 
=! Best NMSE: -1.9713e+01 (epoch=360)

I 06.07/16:41:52 solver.py:141 ] Epoch: [377/400][20/36] lr: 5.99e-05 | MSE loss: 6.5327e-03 | time: 0.026
I 06.07/16:41:52 solver.py:151 ] => Train  Loss: 6.1515e-03

I 06.07/16:41:52 solver.py:206 ] 
=! Best NMSE: -1.9713e+01 (epoch=360)

I 06.07/16:41:53 solver.py:141 ] Epoch: [378/400][20/36] lr: 5.91e-05 | MSE loss: 5.8139e-03 | time: 0.027
I 06.07/16:41:53 solver.py:151 ] => Train  Loss: 6.1150e-03

I 06.07/16:41:53 solver.py:206 ] 
=! Best NMSE: -1.9713e+01 (epoch=360)

I 06.07/16:41:54 solver.py:141 ] Epoch: [379/400][20/36] lr: 5.83e-05 | MSE loss: 5.4866e-03 | time: 0.025
I 06.07/16:41:54 solver.py:151 ] => Train  Loss: 6.1051e-03

I 06.07/16:41:54 solver.py:206 ] 
=! Best NMSE: -1.9713e+01 (epoch=360)

I 06.07/16:41:55 solver.py:141 ] Epoch: [380/400][20/36] lr: 5.75e-05 | MSE loss: 5.9442e-03 | time: 0.025
I 06.07/16:41:55 solver.py:151 ] => Train  Loss: 6.3654e-03

I 06.07/16:41:55 solver.py:151 ] => Val  Loss: 5.7148e-03

I 06.07/16:41:55 solver.py:285 ] => Test NMSE: -1.9714e+01

I 06.07/16:41:56 solver.py:206 ] 
=! Best NMSE: -1.9714e+01 (epoch=380)

I 06.07/16:41:56 solver.py:141 ] Epoch: [381/400][20/36] lr: 5.68e-05 | MSE loss: 5.9502e-03 | time: 0.031
I 06.07/16:41:57 solver.py:151 ] => Train  Loss: 6.2171e-03

I 06.07/16:41:57 solver.py:206 ] 
=! Best NMSE: -1.9714e+01 (epoch=380)

I 06.07/16:41:57 solver.py:141 ] Epoch: [382/400][20/36] lr: 5.61e-05 | MSE loss: 6.4070e-03 | time: 0.032
I 06.07/16:41:58 solver.py:151 ] => Train  Loss: 6.0980e-03

I 06.07/16:41:58 solver.py:206 ] 
=! Best NMSE: -1.9714e+01 (epoch=380)

I 06.07/16:41:58 solver.py:141 ] Epoch: [383/400][20/36] lr: 5.55e-05 | MSE loss: 6.1448e-03 | time: 0.020
I 06.07/16:41:58 solver.py:151 ] => Train  Loss: 6.2160e-03

I 06.07/16:41:58 solver.py:206 ] 
=! Best NMSE: -1.9714e+01 (epoch=380)

I 06.07/16:41:59 solver.py:141 ] Epoch: [384/400][20/36] lr: 5.49e-05 | MSE loss: 6.0404e-03 | time: 0.021
I 06.07/16:41:59 solver.py:151 ] => Train  Loss: 6.2603e-03

I 06.07/16:41:59 solver.py:206 ] 
=! Best NMSE: -1.9714e+01 (epoch=380)

I 06.07/16:42:00 solver.py:141 ] Epoch: [385/400][20/36] lr: 5.43e-05 | MSE loss: 5.9367e-03 | time: 0.022
I 06.07/16:42:00 solver.py:151 ] => Train  Loss: 6.2163e-03

I 06.07/16:42:00 solver.py:206 ] 
=! Best NMSE: -1.9714e+01 (epoch=380)

I 06.07/16:42:00 solver.py:141 ] Epoch: [386/400][20/36] lr: 5.38e-05 | MSE loss: 6.0667e-03 | time: 0.022
I 06.07/16:42:01 solver.py:151 ] => Train  Loss: 6.1033e-03

I 06.07/16:42:01 solver.py:206 ] 
=! Best NMSE: -1.9714e+01 (epoch=380)

I 06.07/16:42:01 solver.py:141 ] Epoch: [387/400][20/36] lr: 5.33e-05 | MSE loss: 6.7775e-03 | time: 0.028
I 06.07/16:42:02 solver.py:151 ] => Train  Loss: 6.1652e-03

I 06.07/16:42:02 solver.py:206 ] 
=! Best NMSE: -1.9714e+01 (epoch=380)

I 06.07/16:42:02 solver.py:141 ] Epoch: [388/400][20/36] lr: 5.28e-05 | MSE loss: 5.9508e-03 | time: 0.036
I 06.07/16:42:03 solver.py:151 ] => Train  Loss: 6.3274e-03

I 06.07/16:42:03 solver.py:206 ] 
=! Best NMSE: -1.9714e+01 (epoch=380)

I 06.07/16:42:04 solver.py:141 ] Epoch: [389/400][20/36] lr: 5.24e-05 | MSE loss: 6.4084e-03 | time: 0.030
I 06.07/16:42:04 solver.py:151 ] => Train  Loss: 6.1755e-03

I 06.07/16:42:04 solver.py:206 ] 
=! Best NMSE: -1.9714e+01 (epoch=380)

I 06.07/16:42:04 solver.py:141 ] Epoch: [390/400][20/36] lr: 5.20e-05 | MSE loss: 6.3881e-03 | time: 0.021
I 06.07/16:42:05 solver.py:151 ] => Train  Loss: 6.0839e-03

I 06.07/16:42:05 solver.py:151 ] => Val  Loss: 5.7147e-03

I 06.07/16:42:05 solver.py:285 ] => Test NMSE: -1.9714e+01

I 06.07/16:42:05 solver.py:206 ] 
=! Best NMSE: -1.9714e+01 (epoch=390)

I 06.07/16:42:06 solver.py:141 ] Epoch: [391/400][20/36] lr: 5.16e-05 | MSE loss: 6.0797e-03 | time: 0.023
I 06.07/16:42:06 solver.py:151 ] => Train  Loss: 6.1008e-03

I 06.07/16:42:06 solver.py:206 ] 
=! Best NMSE: -1.9714e+01 (epoch=390)

I 06.07/16:42:06 solver.py:141 ] Epoch: [392/400][20/36] lr: 5.13e-05 | MSE loss: 6.2020e-03 | time: 0.020
I 06.07/16:42:07 solver.py:151 ] => Train  Loss: 6.0848e-03

I 06.07/16:42:07 solver.py:206 ] 
=! Best NMSE: -1.9714e+01 (epoch=390)

I 06.07/16:42:07 solver.py:141 ] Epoch: [393/400][20/36] lr: 5.10e-05 | MSE loss: 5.5951e-03 | time: 0.027
I 06.07/16:42:08 solver.py:151 ] => Train  Loss: 6.0811e-03

I 06.07/16:42:08 solver.py:206 ] 
=! Best NMSE: -1.9714e+01 (epoch=390)

I 06.07/16:42:08 solver.py:141 ] Epoch: [394/400][20/36] lr: 5.08e-05 | MSE loss: 6.4610e-03 | time: 0.034
I 06.07/16:42:09 solver.py:151 ] => Train  Loss: 6.3486e-03

I 06.07/16:42:09 solver.py:206 ] 
=! Best NMSE: -1.9714e+01 (epoch=390)

I 06.07/16:42:09 solver.py:141 ] Epoch: [395/400][20/36] lr: 5.05e-05 | MSE loss: 6.4803e-03 | time: 0.027
I 06.07/16:42:10 solver.py:151 ] => Train  Loss: 6.1915e-03

I 06.07/16:42:10 solver.py:206 ] 
=! Best NMSE: -1.9714e+01 (epoch=390)

I 06.07/16:42:10 solver.py:141 ] Epoch: [396/400][20/36] lr: 5.04e-05 | MSE loss: 5.9123e-03 | time: 0.032
I 06.07/16:42:11 solver.py:151 ] => Train  Loss: 6.3245e-03

I 06.07/16:42:11 solver.py:206 ] 
=! Best NMSE: -1.9714e+01 (epoch=390)

I 06.07/16:42:11 solver.py:141 ] Epoch: [397/400][20/36] lr: 5.02e-05 | MSE loss: 6.2505e-03 | time: 0.028
I 06.07/16:42:12 solver.py:151 ] => Train  Loss: 6.2433e-03

I 06.07/16:42:12 solver.py:206 ] 
=! Best NMSE: -1.9714e+01 (epoch=390)

I 06.07/16:42:12 solver.py:141 ] Epoch: [398/400][20/36] lr: 5.01e-05 | MSE loss: 6.5432e-03 | time: 0.024
I 06.07/16:42:13 solver.py:151 ] => Train  Loss: 6.0858e-03

I 06.07/16:42:13 solver.py:206 ] 
=! Best NMSE: -1.9714e+01 (epoch=390)

I 06.07/16:42:13 solver.py:141 ] Epoch: [399/400][20/36] lr: 5.00e-05 | MSE loss: 6.4318e-03 | time: 0.024
I 06.07/16:42:14 solver.py:151 ] => Train  Loss: 6.2108e-03

I 06.07/16:42:14 solver.py:206 ] 
=! Best NMSE: -1.9714e+01 (epoch=390)

I 06.07/16:42:14 solver.py:141 ] Epoch: [400/400][20/36] lr: 5.00e-05 | MSE loss: 6.3268e-03 | time: 0.025
I 06.07/16:42:15 solver.py:151 ] => Train  Loss: 6.0877e-03

I 06.07/16:42:15 solver.py:151 ] => Val  Loss: 5.7148e-03

I 06.07/16:42:15 solver.py:285 ] => Test NMSE: -1.9714e+01

I 06.07/16:42:15 solver.py:206 ] 
=! Best NMSE: -1.9714e+01 (epoch=390)

I 06.07/16:42:15 solver.py:229 ] => Saved encoder outputs to /storage/hujiacong/zxd/Huawei/TransNet/exps/WAIRD/seed797/scenario_2/01109_decoder_ffn_8_16_torch_shared/encoder_output.pth
I 06.07/16:42:15 solver.py:285 ] => Test NMSE: -1.9714e+01

I 06.07/16:42:15 solver.py:254 ] 
=> Test result: 
loss: 5.7148e-03    NMSE: -1.9714e+01

I 06.07/16:42:15 main.py:110 ] 
=! Final test loss: 5.7148e-03
         test NMSE: -1.9714e+01

