I 06.08/06:34:11 main.py:23  ] => Experiment directory: /home/hujiacong/zxd/Huawei/TransNet/exps/WAIRD/seed797/scenario_2/06401_lora_fc_encoder_fc_decoder_64_128_torch_independent
I 06.08/06:34:11 main.py:24  ] => PyTorch Version: 2.5.1
I 06.08/06:34:11 main.py:26  ] ==================================================
I 06.08/06:34:11 main.py:30  ] => Arguments:
	train_path: data/scenario_2/06401/train.pt
	val_path: data/scenario_2/06401/test.pt
	test_path: data/scenario_2/06401/test.pt
	batch_size: 32
	workers: 0
	evaluate: False
	pretrained: exps/WAIRD/seed797/base/torch_independent/checkpoints/best_nmse.pth
	resume: None
	seed: 797
	gpu: 4
	cpu: False
	cpu_affinity: None
	epochs: 200
	cr: 4
	exp_name: WAIRD/seed797/scenario_2/06401_lora_fc_encoder_fc_decoder_64_128_torch_independent
	channel: 2
	nt: 64
	nc: 64
	d_model: 64
	dim_feedforward: 2048
	fc_lora: False
	fc_lora_rank: None
	layer_sharing: independent
	transformer_backend: torch
	scheduler: cosine
	lr_init: 0.0005
	weight_decay: 0.0
	freeze_components: []
	lora_component: ['fc_encoder', 'fc_decoder']
	lora_pretrained: None
	lora_rank: 64
	lora_alpha: 128
I 06.08/06:34:11 main.py:31  ] ==================================================
I 06.08/06:34:11 init.py:17  ] Random seed set to 797
I 06.08/06:34:12 init.py:236 ] Running on GPU 4
I 06.08/06:34:12 dataloader.py:69  ] data/scenario_2/06401/train.pt loaded.
I 06.08/06:34:12 dataloader.py:74  ] data/scenario_2/06401/test.pt loaded.
I 06.08/06:34:12 dataloader.py:79  ] data/scenario_2/06401/test.pt loaded.
I 06.08/06:34:14 init.py:277 ] pretrained model loaded from exps/WAIRD/seed797/base/torch_independent/checkpoints/best_nmse.pth
I 06.08/06:34:15 init.py:195 ] => LoRA enabled on components: fc_encoder, fc_decoder; target_modules=['fc_encoder', 'fc_decoder']; (rank=64, alpha=128); 1310720/36033792 scalar params trainable
I 06.08/06:34:16 init.py:306 ] => Model Name: TransNet [pretrained: exps/WAIRD/seed797/base/torch_independent/checkpoints/best_nmse.pth]
I 06.08/06:34:16 init.py:307 ] => Model Config: compression ratio=1/4; input shape=(2, 64, 64); input dim=8192; layer sharing=independent; transformer backend=torch; fc_lora=False; fc_lora_rank=None
I 06.08/06:34:16 init.py:314 ] => Model Flops: 1.6948e+02M
I 06.08/06:34:16 init.py:315 ] => Model Params Num: 3.5934e+01M

I 06.08/06:34:16 init.py:316 ] 
==================================================
Transformer(
  (encoder): TransformerEncoder(
    (layers): ModuleList(
      (0-1): 2 x TransformerEncoderLayer(
        (self_attn): MultiheadAttention(
          (out_proj): NonDynamicallyQuantizableLinear(in_features=64, out_features=64, bias=True)
        )
        (linear1): Linear(in_features=64, out_features=2048, bias=True)
        (dropout): Dropout(p=0.0, inplace=False)
        (linear2): Linear(in_features=2048, out_features=64, bias=True)
        (norm1): LayerNorm((64,), eps=1e-05, elementwise_affine=True)
        (norm2): LayerNorm((64,), eps=1e-05, elementwise_affine=True)
        (dropout1): Dropout(p=0.0, inplace=False)
        (dropout2): Dropout(p=0.0, inplace=False)
      )
    )
    (norm): LayerNorm((64,), eps=1e-05, elementwise_affine=True)
  )
  (decoder): TransformerDecoder(
    (layers): ModuleList(
      (0-1): 2 x TransformerDecoderLayer(
        (self_attn): MultiheadAttention(
          (out_proj): NonDynamicallyQuantizableLinear(in_features=64, out_features=64, bias=True)
        )
        (multihead_attn): MultiheadAttention(
          (out_proj): NonDynamicallyQuantizableLinear(in_features=64, out_features=64, bias=True)
        )
        (linear1): Linear(in_features=64, out_features=2048, bias=True)
        (dropout): Dropout(p=0.0, inplace=False)
        (linear2): Linear(in_features=2048, out_features=64, bias=True)
        (norm1): LayerNorm((64,), eps=1e-05, elementwise_affine=True)
        (norm2): LayerNorm((64,), eps=1e-05, elementwise_affine=True)
        (norm3): LayerNorm((64,), eps=1e-05, elementwise_affine=True)
        (dropout1): Dropout(p=0.0, inplace=False)
        (dropout2): Dropout(p=0.0, inplace=False)
        (dropout3): Dropout(p=0.0, inplace=False)
      )
    )
    (norm): LayerNorm((64,), eps=1e-05, elementwise_affine=True)
  )
  (fc_encoder): LoRALinear(
    (base_layer): Linear(in_features=8192, out_features=2048, bias=True)
    (lora_A): Linear(in_features=8192, out_features=64, bias=False)
    (lora_B): Linear(in_features=64, out_features=2048, bias=False)
  )
  (fc_decoder): LoRALinear(
    (base_layer): Linear(in_features=2048, out_features=8192, bias=True)
    (lora_A): Linear(in_features=2048, out_features=64, bias=False)
    (lora_B): Linear(in_features=64, out_features=8192, bias=False)
  )
)
==================================================

I 06.08/06:34:16 init.py:216 ] 
encoder.layers.0.self_attn.in_proj_weight                         False    (192, 64)
encoder.layers.0.self_attn.in_proj_bias                           False    (192,)
encoder.layers.0.self_attn.out_proj.weight                        False    (64, 64)
encoder.layers.0.self_attn.out_proj.bias                          False    (64,)
encoder.layers.0.linear1.weight                                   False    (2048, 64)
encoder.layers.0.linear1.bias                                     False    (2048,)
encoder.layers.0.linear2.weight                                   False    (64, 2048)
encoder.layers.0.linear2.bias                                     False    (64,)
encoder.layers.0.norm1.weight                                     False    (64,)
encoder.layers.0.norm1.bias                                       False    (64,)
encoder.layers.0.norm2.weight                                     False    (64,)
encoder.layers.0.norm2.bias                                       False    (64,)
encoder.layers.1.self_attn.in_proj_weight                         False    (192, 64)
encoder.layers.1.self_attn.in_proj_bias                           False    (192,)
encoder.layers.1.self_attn.out_proj.weight                        False    (64, 64)
encoder.layers.1.self_attn.out_proj.bias                          False    (64,)
encoder.layers.1.linear1.weight                                   False    (2048, 64)
encoder.layers.1.linear1.bias                                     False    (2048,)
encoder.layers.1.linear2.weight                                   False    (64, 2048)
encoder.layers.1.linear2.bias                                     False    (64,)
encoder.layers.1.norm1.weight                                     False    (64,)
encoder.layers.1.norm1.bias                                       False    (64,)
encoder.layers.1.norm2.weight                                     False    (64,)
encoder.layers.1.norm2.bias                                       False    (64,)
encoder.norm.weight                                               False    (64,)
encoder.norm.bias                                                 False    (64,)
decoder.layers.0.self_attn.in_proj_weight                         False    (192, 64)
decoder.layers.0.self_attn.in_proj_bias                           False    (192,)
decoder.layers.0.self_attn.out_proj.weight                        False    (64, 64)
decoder.layers.0.self_attn.out_proj.bias                          False    (64,)
decoder.layers.0.multihead_attn.in_proj_weight                    False    (192, 64)
decoder.layers.0.multihead_attn.in_proj_bias                      False    (192,)
decoder.layers.0.multihead_attn.out_proj.weight                   False    (64, 64)
decoder.layers.0.multihead_attn.out_proj.bias                     False    (64,)
decoder.layers.0.linear1.weight                                   False    (2048, 64)
decoder.layers.0.linear1.bias                                     False    (2048,)
decoder.layers.0.linear2.weight                                   False    (64, 2048)
decoder.layers.0.linear2.bias                                     False    (64,)
decoder.layers.0.norm1.weight                                     False    (64,)
decoder.layers.0.norm1.bias                                       False    (64,)
decoder.layers.0.norm2.weight                                     False    (64,)
decoder.layers.0.norm2.bias                                       False    (64,)
decoder.layers.0.norm3.weight                                     False    (64,)
decoder.layers.0.norm3.bias                                       False    (64,)
decoder.layers.1.self_attn.in_proj_weight                         False    (192, 64)
decoder.layers.1.self_attn.in_proj_bias                           False    (192,)
decoder.layers.1.self_attn.out_proj.weight                        False    (64, 64)
decoder.layers.1.self_attn.out_proj.bias                          False    (64,)
decoder.layers.1.multihead_attn.in_proj_weight                    False    (192, 64)
decoder.layers.1.multihead_attn.in_proj_bias                      False    (192,)
decoder.layers.1.multihead_attn.out_proj.weight                   False    (64, 64)
decoder.layers.1.multihead_attn.out_proj.bias                     False    (64,)
decoder.layers.1.linear1.weight                                   False    (2048, 64)
decoder.layers.1.linear1.bias                                     False    (2048,)
decoder.layers.1.linear2.weight                                   False    (64, 2048)
decoder.layers.1.linear2.bias                                     False    (64,)
decoder.layers.1.norm1.weight                                     False    (64,)
decoder.layers.1.norm1.bias                                       False    (64,)
decoder.layers.1.norm2.weight                                     False    (64,)
decoder.layers.1.norm2.bias                                       False    (64,)
decoder.layers.1.norm3.weight                                     False    (64,)
decoder.layers.1.norm3.bias                                       False    (64,)
decoder.norm.weight                                               False    (64,)
decoder.norm.bias                                                 False    (64,)
fc_encoder.base_layer.weight                                      False    (2048, 8192)
fc_encoder.base_layer.bias                                        False    (2048,)
fc_encoder.lora_A.weight                                          True     (64, 8192)
fc_encoder.lora_B.weight                                          True     (2048, 64)
fc_decoder.base_layer.weight                                      False    (8192, 2048)
fc_decoder.base_layer.bias                                        False    (8192,)
fc_decoder.lora_A.weight                                          True     (64, 2048)
fc_decoder.lora_B.weight                                          True     (8192, 64)
==================================================
I 06.08/06:34:18 solver.py:405 ] [20/32] loss: 9.3748e-03 | NMSE: -1.6774e+01 | time: 0.056
I 06.08/06:34:19 solver.py:413 ] => Test NMSE: -1.7823e+01

I 06.08/06:34:19 solver.py:345 ] => LoRA monitor [before_train] | trainable=1310720/1310720 | non_lora_trainable=0 | lora_l2=6.527376e+00 | lora_A_l2=6.527376e+00 | lora_B_l2=0.000000e+00 | component_l2=fc_decoder:4.615680e+00,fc_encoder:4.615424e+00 | lora_abs_max=2.209697e-02 | delta_l2=0.000000e+00 | delta_rel=0.000000e+00 | test_loss=8.254184e-03 | nmse=-1.782296e+01
I 06.08/06:34:20 solver.py:159 ] Epoch: [1/200][20/282] lr: 1.77e-06 | MSE loss: 6.9678e-03 | time: 0.046
I 06.08/06:34:21 solver.py:159 ] Epoch: [1/200][40/282] lr: 3.55e-06 | MSE loss: 7.5577e-03 | time: 0.042
I 06.08/06:34:21 solver.py:159 ] Epoch: [1/200][60/282] lr: 5.32e-06 | MSE loss: 8.2879e-03 | time: 0.042
I 06.08/06:34:22 solver.py:159 ] Epoch: [1/200][80/282] lr: 7.09e-06 | MSE loss: 7.9346e-03 | time: 0.040
I 06.08/06:34:23 solver.py:159 ] Epoch: [1/200][100/282] lr: 8.87e-06 | MSE loss: 7.7985e-03 | time: 0.040
I 06.08/06:34:24 solver.py:159 ] Epoch: [1/200][120/282] lr: 1.06e-05 | MSE loss: 8.3042e-03 | time: 0.040
I 06.08/06:34:25 solver.py:159 ] Epoch: [1/200][140/282] lr: 1.24e-05 | MSE loss: 8.2505e-03 | time: 0.040
I 06.08/06:34:25 solver.py:159 ] Epoch: [1/200][160/282] lr: 1.42e-05 | MSE loss: 8.0279e-03 | time: 0.040
I 06.08/06:34:26 solver.py:159 ] Epoch: [1/200][180/282] lr: 1.60e-05 | MSE loss: 8.1480e-03 | time: 0.041
I 06.08/06:34:27 solver.py:159 ] Epoch: [1/200][200/282] lr: 1.77e-05 | MSE loss: 8.3017e-03 | time: 0.041
I 06.08/06:34:28 solver.py:159 ] Epoch: [1/200][220/282] lr: 1.95e-05 | MSE loss: 8.4555e-03 | time: 0.041
I 06.08/06:34:29 solver.py:159 ] Epoch: [1/200][240/282] lr: 2.13e-05 | MSE loss: 8.4546e-03 | time: 0.042
I 06.08/06:34:30 solver.py:159 ] Epoch: [1/200][260/282] lr: 2.30e-05 | MSE loss: 8.3024e-03 | time: 0.042
I 06.08/06:34:31 solver.py:159 ] Epoch: [1/200][280/282] lr: 2.48e-05 | MSE loss: 8.2036e-03 | time: 0.042
I 06.08/06:34:31 solver.py:169 ] => Train  Loss: 8.1536e-03

I 06.08/06:34:32 solver.py:405 ] [20/32] loss: 9.3663e-03 | NMSE: -1.6778e+01 | time: 0.042
I 06.08/06:34:32 solver.py:413 ] => Test NMSE: -1.7827e+01

I 06.08/06:34:32 solver.py:345 ] => LoRA monitor [epoch=1] | trainable=1310720/1310720 | non_lora_trainable=0 | lora_l2=6.592184e+00 | lora_A_l2=6.579446e+00 | lora_B_l2=4.096179e-01 | component_l2=fc_decoder:4.677077e+00,fc_encoder:4.645626e+00 | lora_abs_max=2.449238e-02 | delta_l2=5.992567e-01 | delta_rel=9.180668e-02 | train_loss=8.153646e-03 | test_loss=8.245861e-03 | nmse=-1.782734e+01
I 06.08/06:34:33 solver.py:224 ] 
=! Best NMSE: -1.7827e+01 (epoch=1)

I 06.08/06:34:33 solver.py:159 ] Epoch: [2/200][20/282] lr: 2.68e-05 | MSE loss: 9.0666e-03 | time: 0.045
I 06.08/06:34:34 solver.py:159 ] Epoch: [2/200][40/282] lr: 2.85e-05 | MSE loss: 8.8107e-03 | time: 0.045
I 06.08/06:34:35 solver.py:159 ] Epoch: [2/200][60/282] lr: 3.03e-05 | MSE loss: 7.7474e-03 | time: 0.044
I 06.08/06:34:36 solver.py:159 ] Epoch: [2/200][80/282] lr: 3.21e-05 | MSE loss: 8.1708e-03 | time: 0.045
I 06.08/06:34:37 solver.py:159 ] Epoch: [2/200][100/282] lr: 3.39e-05 | MSE loss: 8.5694e-03 | time: 0.045
I 06.08/06:34:38 solver.py:159 ] Epoch: [2/200][120/282] lr: 3.56e-05 | MSE loss: 8.4027e-03 | time: 0.045
I 06.08/06:34:39 solver.py:159 ] Epoch: [2/200][140/282] lr: 3.74e-05 | MSE loss: 8.2261e-03 | time: 0.046
I 06.08/06:34:40 solver.py:159 ] Epoch: [2/200][160/282] lr: 3.92e-05 | MSE loss: 8.2135e-03 | time: 0.046
I 06.08/06:34:41 solver.py:159 ] Epoch: [2/200][180/282] lr: 4.10e-05 | MSE loss: 8.0456e-03 | time: 0.046
I 06.08/06:34:42 solver.py:159 ] Epoch: [2/200][200/282] lr: 4.27e-05 | MSE loss: 7.8342e-03 | time: 0.046
I 06.08/06:34:43 solver.py:159 ] Epoch: [2/200][220/282] lr: 4.45e-05 | MSE loss: 7.8855e-03 | time: 0.046
I 06.08/06:34:44 solver.py:159 ] Epoch: [2/200][240/282] lr: 4.63e-05 | MSE loss: 8.2238e-03 | time: 0.047
I 06.08/06:34:45 solver.py:159 ] Epoch: [2/200][260/282] lr: 4.80e-05 | MSE loss: 8.2281e-03 | time: 0.047
I 06.08/06:34:46 solver.py:159 ] Epoch: [2/200][280/282] lr: 4.98e-05 | MSE loss: 8.1661e-03 | time: 0.047
I 06.08/06:34:46 solver.py:169 ] => Train  Loss: 8.1489e-03

I 06.08/06:34:47 solver.py:405 ] [20/32] loss: 9.3636e-03 | NMSE: -1.6779e+01 | time: 0.053
I 06.08/06:34:48 solver.py:413 ] => Test NMSE: -1.7829e+01

I 06.08/06:34:48 solver.py:345 ] => LoRA monitor [epoch=2] | trainable=1310720/1310720 | non_lora_trainable=0 | lora_l2=6.702000e+00 | lora_A_l2=6.654896e+00 | lora_B_l2=7.932053e-01 | component_l2=fc_decoder:4.782530e+00,fc_encoder:4.695127e+00 | lora_abs_max=2.745959e-02 | delta_l2=1.152965e+00 | delta_rel=1.766353e-01 | train_loss=8.148886e-03 | test_loss=8.243459e-03 | nmse=-1.782861e+01
I 06.08/06:34:48 solver.py:224 ] 
=! Best NMSE: -1.7829e+01 (epoch=2)

I 06.08/06:34:49 solver.py:159 ] Epoch: [3/200][20/282] lr: 5.18e-05 | MSE loss: 6.7542e-03 | time: 0.045
I 06.08/06:34:50 solver.py:159 ] Epoch: [3/200][40/282] lr: 5.35e-05 | MSE loss: 8.3103e-03 | time: 0.048
I 06.08/06:34:51 solver.py:159 ] Epoch: [3/200][60/282] lr: 5.53e-05 | MSE loss: 8.6403e-03 | time: 0.048
I 06.08/06:34:52 solver.py:159 ] Epoch: [3/200][80/282] lr: 5.71e-05 | MSE loss: 8.6543e-03 | time: 0.049
I 06.08/06:34:53 solver.py:159 ] Epoch: [3/200][100/282] lr: 5.89e-05 | MSE loss: 8.2616e-03 | time: 0.050
I 06.08/06:34:54 solver.py:159 ] Epoch: [3/200][120/282] lr: 6.06e-05 | MSE loss: 7.9844e-03 | time: 0.051
I 06.08/06:34:55 solver.py:159 ] Epoch: [3/200][140/282] lr: 6.24e-05 | MSE loss: 8.1014e-03 | time: 0.051
I 06.08/06:34:56 solver.py:159 ] Epoch: [3/200][160/282] lr: 6.42e-05 | MSE loss: 8.0296e-03 | time: 0.050
I 06.08/06:34:57 solver.py:159 ] Epoch: [3/200][180/282] lr: 6.60e-05 | MSE loss: 7.8967e-03 | time: 0.050
I 06.08/06:34:58 solver.py:159 ] Epoch: [3/200][200/282] lr: 6.77e-05 | MSE loss: 7.9578e-03 | time: 0.050
I 06.08/06:34:59 solver.py:159 ] Epoch: [3/200][220/282] lr: 6.95e-05 | MSE loss: 7.9996e-03 | time: 0.050
I 06.08/06:35:00 solver.py:159 ] Epoch: [3/200][240/282] lr: 7.13e-05 | MSE loss: 8.1307e-03 | time: 0.051
I 06.08/06:35:03 solver.py:159 ] Epoch: [3/200][260/282] lr: 7.30e-05 | MSE loss: 8.1350e-03 | time: 0.056
I 06.08/06:35:05 solver.py:159 ] Epoch: [3/200][280/282] lr: 7.48e-05 | MSE loss: 8.1648e-03 | time: 0.059
I 06.08/06:35:05 solver.py:169 ] => Train  Loss: 8.1772e-03

I 06.08/06:35:06 solver.py:405 ] [20/32] loss: 9.3619e-03 | NMSE: -1.6780e+01 | time: 0.048
I 06.08/06:35:06 solver.py:413 ] => Test NMSE: -1.7829e+01

I 06.08/06:35:06 solver.py:345 ] => LoRA monitor [epoch=3] | trainable=1310720/1310720 | non_lora_trainable=0 | lora_l2=6.842424e+00 | lora_A_l2=6.736272e+00 | lora_B_l2=1.200588e+00 | component_l2=fc_decoder:4.909162e+00,fc_encoder:4.766435e+00 | lora_abs_max=3.166123e-02 | delta_l2=1.734961e+00 | delta_rel=2.657977e-01 | train_loss=8.177219e-03 | test_loss=8.242149e-03 | nmse=-1.782930e+01
I 06.08/06:35:07 solver.py:224 ] 
=! Best NMSE: -1.7829e+01 (epoch=3)

I 06.08/06:35:07 solver.py:159 ] Epoch: [4/200][20/282] lr: 7.68e-05 | MSE loss: 1.2042e-02 | time: 0.042
I 06.08/06:35:08 solver.py:159 ] Epoch: [4/200][40/282] lr: 7.85e-05 | MSE loss: 8.7796e-03 | time: 0.039
I 06.08/06:35:09 solver.py:159 ] Epoch: [4/200][60/282] lr: 8.03e-05 | MSE loss: 8.9809e-03 | time: 0.041
I 06.08/06:35:10 solver.py:159 ] Epoch: [4/200][80/282] lr: 8.21e-05 | MSE loss: 9.3118e-03 | time: 0.042
I 06.08/06:35:11 solver.py:159 ] Epoch: [4/200][100/282] lr: 8.39e-05 | MSE loss: 8.9188e-03 | time: 0.043
I 06.08/06:35:12 solver.py:159 ] Epoch: [4/200][120/282] lr: 8.56e-05 | MSE loss: 8.6709e-03 | time: 0.043
I 06.08/06:35:13 solver.py:159 ] Epoch: [4/200][140/282] lr: 8.74e-05 | MSE loss: 8.4274e-03 | time: 0.044
I 06.08/06:35:14 solver.py:159 ] Epoch: [4/200][160/282] lr: 8.92e-05 | MSE loss: 8.3354e-03 | time: 0.044
I 06.08/06:35:14 solver.py:159 ] Epoch: [4/200][180/282] lr: 9.10e-05 | MSE loss: 8.4002e-03 | time: 0.044
I 06.08/06:35:15 solver.py:159 ] Epoch: [4/200][200/282] lr: 9.27e-05 | MSE loss: 8.3241e-03 | time: 0.044
I 06.08/06:35:16 solver.py:159 ] Epoch: [4/200][220/282] lr: 9.45e-05 | MSE loss: 8.2830e-03 | time: 0.045
I 06.08/06:35:17 solver.py:159 ] Epoch: [4/200][240/282] lr: 9.63e-05 | MSE loss: 8.2186e-03 | time: 0.045
I 06.08/06:35:18 solver.py:159 ] Epoch: [4/200][260/282] lr: 9.80e-05 | MSE loss: 8.2480e-03 | time: 0.045
I 06.08/06:35:19 solver.py:159 ] Epoch: [4/200][280/282] lr: 9.98e-05 | MSE loss: 8.0965e-03 | time: 0.045
I 06.08/06:35:19 solver.py:169 ] => Train  Loss: 8.1451e-03

I 06.08/06:35:20 solver.py:405 ] [20/32] loss: 9.3609e-03 | NMSE: -1.6780e+01 | time: 0.043
I 06.08/06:35:21 solver.py:413 ] => Test NMSE: -1.7830e+01

I 06.08/06:35:21 solver.py:345 ] => LoRA monitor [epoch=4] | trainable=1310720/1310720 | non_lora_trainable=0 | lora_l2=7.009169e+00 | lora_A_l2=6.820944e+00 | lora_B_l2=1.613436e+00 | component_l2=fc_decoder:5.057801e+00,fc_encoder:4.852536e+00 | lora_abs_max=3.341345e-02 | delta_l2=2.304722e+00 | delta_rel=3.530855e-01 | train_loss=8.145123e-03 | test_loss=8.241490e-03 | nmse=-1.782964e+01
I 06.08/06:35:21 solver.py:224 ] 
=! Best NMSE: -1.7830e+01 (epoch=4)

I 06.08/06:35:22 solver.py:159 ] Epoch: [5/200][20/282] lr: 1.02e-04 | MSE loss: 8.0792e-03 | time: 0.045
I 06.08/06:35:23 solver.py:159 ] Epoch: [5/200][40/282] lr: 1.04e-04 | MSE loss: 8.6250e-03 | time: 0.049
I 06.08/06:35:24 solver.py:159 ] Epoch: [5/200][60/282] lr: 1.05e-04 | MSE loss: 8.7050e-03 | time: 0.050
I 06.08/06:35:25 solver.py:159 ] Epoch: [5/200][80/282] lr: 1.07e-04 | MSE loss: 8.2006e-03 | time: 0.052
I 06.08/06:35:26 solver.py:159 ] Epoch: [5/200][100/282] lr: 1.09e-04 | MSE loss: 8.3371e-03 | time: 0.051
I 06.08/06:35:27 solver.py:159 ] Epoch: [5/200][120/282] lr: 1.11e-04 | MSE loss: 8.0268e-03 | time: 0.050
I 06.08/06:35:28 solver.py:159 ] Epoch: [5/200][140/282] lr: 1.12e-04 | MSE loss: 8.2894e-03 | time: 0.049
I 06.08/06:35:29 solver.py:159 ] Epoch: [5/200][160/282] lr: 1.14e-04 | MSE loss: 8.3415e-03 | time: 0.049
I 06.08/06:35:30 solver.py:159 ] Epoch: [5/200][180/282] lr: 1.16e-04 | MSE loss: 8.3916e-03 | time: 0.049
I 06.08/06:35:31 solver.py:159 ] Epoch: [5/200][200/282] lr: 1.18e-04 | MSE loss: 8.1608e-03 | time: 0.049
I 06.08/06:35:32 solver.py:159 ] Epoch: [5/200][220/282] lr: 1.20e-04 | MSE loss: 8.1362e-03 | time: 0.048
I 06.08/06:35:33 solver.py:159 ] Epoch: [5/200][240/282] lr: 1.21e-04 | MSE loss: 8.0681e-03 | time: 0.048
I 06.08/06:35:33 solver.py:159 ] Epoch: [5/200][260/282] lr: 1.23e-04 | MSE loss: 8.2835e-03 | time: 0.048
I 06.08/06:35:34 solver.py:159 ] Epoch: [5/200][280/282] lr: 1.25e-04 | MSE loss: 8.1913e-03 | time: 0.048
I 06.08/06:35:34 solver.py:169 ] => Train  Loss: 8.1416e-03

I 06.08/06:35:35 solver.py:405 ] [20/32] loss: 9.3603e-03 | NMSE: -1.6780e+01 | time: 0.044
I 06.08/06:35:36 solver.py:413 ] => Test NMSE: -1.7830e+01

I 06.08/06:35:36 solver.py:345 ] => LoRA monitor [epoch=5] | trainable=1310720/1310720 | non_lora_trainable=0 | lora_l2=7.197914e+00 | lora_A_l2=6.907271e+00 | lora_B_l2=2.024737e+00 | component_l2=fc_decoder:5.229406e+00,fc_encoder:4.946036e+00 | lora_abs_max=3.553129e-02 | delta_l2=2.849324e+00 | delta_rel=4.365191e-01 | train_loss=8.141580e-03 | test_loss=8.240967e-03 | nmse=-1.782992e+01
I 06.08/06:35:36 solver.py:224 ] 
=! Best NMSE: -1.7830e+01 (epoch=5)

I 06.08/06:35:37 solver.py:159 ] Epoch: [6/200][20/282] lr: 1.27e-04 | MSE loss: 6.9395e-03 | time: 0.046
I 06.08/06:35:38 solver.py:159 ] Epoch: [6/200][40/282] lr: 1.29e-04 | MSE loss: 8.1512e-03 | time: 0.046
I 06.08/06:35:39 solver.py:159 ] Epoch: [6/200][60/282] lr: 1.30e-04 | MSE loss: 8.4675e-03 | time: 0.046
I 06.08/06:35:40 solver.py:159 ] Epoch: [6/200][80/282] lr: 1.32e-04 | MSE loss: 8.0927e-03 | time: 0.047
I 06.08/06:35:41 solver.py:159 ] Epoch: [6/200][100/282] lr: 1.34e-04 | MSE loss: 8.3466e-03 | time: 0.047
I 06.08/06:35:42 solver.py:159 ] Epoch: [6/200][120/282] lr: 1.36e-04 | MSE loss: 8.3888e-03 | time: 0.047
I 06.08/06:35:43 solver.py:159 ] Epoch: [6/200][140/282] lr: 1.37e-04 | MSE loss: 8.2299e-03 | time: 0.047
I 06.08/06:35:44 solver.py:159 ] Epoch: [6/200][160/282] lr: 1.39e-04 | MSE loss: 8.1088e-03 | time: 0.046
I 06.08/06:35:45 solver.py:159 ] Epoch: [6/200][180/282] lr: 1.41e-04 | MSE loss: 8.1441e-03 | time: 0.047
I 06.08/06:35:46 solver.py:159 ] Epoch: [6/200][200/282] lr: 1.43e-04 | MSE loss: 8.1080e-03 | time: 0.046
I 06.08/06:35:47 solver.py:159 ] Epoch: [6/200][220/282] lr: 1.45e-04 | MSE loss: 8.2344e-03 | time: 0.047
I 06.08/06:35:47 solver.py:159 ] Epoch: [6/200][240/282] lr: 1.46e-04 | MSE loss: 8.4555e-03 | time: 0.046
I 06.08/06:35:49 solver.py:159 ] Epoch: [6/200][260/282] lr: 1.48e-04 | MSE loss: 8.2173e-03 | time: 0.047
I 06.08/06:35:50 solver.py:159 ] Epoch: [6/200][280/282] lr: 1.50e-04 | MSE loss: 8.1463e-03 | time: 0.047
I 06.08/06:35:50 solver.py:169 ] => Train  Loss: 8.1838e-03

I 06.08/06:35:51 solver.py:405 ] [20/32] loss: 9.3601e-03 | NMSE: -1.6780e+01 | time: 0.043
I 06.08/06:35:51 solver.py:413 ] => Test NMSE: -1.7830e+01

I 06.08/06:35:51 solver.py:345 ] => LoRA monitor [epoch=6] | trainable=1310720/1310720 | non_lora_trainable=0 | lora_l2=7.395434e+00 | lora_A_l2=6.987375e+00 | lora_B_l2=2.422608e+00 | component_l2=fc_decoder:5.410574e+00,fc_encoder:5.041640e+00 | lora_abs_max=3.778964e-02 | delta_l2=3.362576e+00 | delta_rel=5.151497e-01 | train_loss=8.183751e-03 | test_loss=8.240855e-03 | nmse=-1.782998e+01
I 06.08/06:35:51 solver.py:224 ] 
=! Best NMSE: -1.7830e+01 (epoch=6)

I 06.08/06:35:52 solver.py:159 ] Epoch: [7/200][20/282] lr: 1.52e-04 | MSE loss: 9.2198e-03 | time: 0.043
I 06.08/06:35:53 solver.py:159 ] Epoch: [7/200][40/282] lr: 1.54e-04 | MSE loss: 9.2449e-03 | time: 0.041
I 06.08/06:35:54 solver.py:159 ] Epoch: [7/200][60/282] lr: 1.55e-04 | MSE loss: 8.8639e-03 | time: 0.040
I 06.08/06:35:55 solver.py:159 ] Epoch: [7/200][80/282] lr: 1.57e-04 | MSE loss: 9.0109e-03 | time: 0.040
I 06.08/06:35:55 solver.py:159 ] Epoch: [7/200][100/282] lr: 1.59e-04 | MSE loss: 8.7296e-03 | time: 0.040
I 06.08/06:35:56 solver.py:159 ] Epoch: [7/200][120/282] lr: 1.61e-04 | MSE loss: 9.0723e-03 | time: 0.040
I 06.08/06:35:57 solver.py:159 ] Epoch: [7/200][140/282] lr: 1.62e-04 | MSE loss: 8.5718e-03 | time: 0.040
I 06.08/06:35:58 solver.py:159 ] Epoch: [7/200][160/282] lr: 1.64e-04 | MSE loss: 8.3633e-03 | time: 0.040
I 06.08/06:35:59 solver.py:159 ] Epoch: [7/200][180/282] lr: 1.66e-04 | MSE loss: 8.2500e-03 | time: 0.040
I 06.08/06:35:59 solver.py:159 ] Epoch: [7/200][200/282] lr: 1.68e-04 | MSE loss: 8.0683e-03 | time: 0.039
I 06.08/06:36:00 solver.py:159 ] Epoch: [7/200][220/282] lr: 1.70e-04 | MSE loss: 7.8190e-03 | time: 0.039
I 06.08/06:36:02 solver.py:159 ] Epoch: [7/200][240/282] lr: 1.71e-04 | MSE loss: 7.9363e-03 | time: 0.042
I 06.08/06:36:04 solver.py:159 ] Epoch: [7/200][260/282] lr: 1.73e-04 | MSE loss: 8.1224e-03 | time: 0.047
I 06.08/06:36:05 solver.py:159 ] Epoch: [7/200][280/282] lr: 1.75e-04 | MSE loss: 8.1890e-03 | time: 0.048
I 06.08/06:36:05 solver.py:169 ] => Train  Loss: 8.1403e-03

I 06.08/06:36:06 solver.py:405 ] [20/32] loss: 9.3595e-03 | NMSE: -1.6780e+01 | time: 0.037
I 06.08/06:36:06 solver.py:413 ] => Test NMSE: -1.7830e+01

I 06.08/06:36:06 solver.py:345 ] => LoRA monitor [epoch=7] | trainable=1310720/1310720 | non_lora_trainable=0 | lora_l2=7.604567e+00 | lora_A_l2=7.063031e+00 | lora_B_l2=2.818338e+00 | component_l2=fc_decoder:5.617141e+00,fc_encoder:5.126126e+00 | lora_abs_max=4.145686e-02 | delta_l2=3.843816e+00 | delta_rel=5.888760e-01 | train_loss=8.140258e-03 | test_loss=8.240517e-03 | nmse=-1.783016e+01
I 06.08/06:36:07 solver.py:224 ] 
=! Best NMSE: -1.7830e+01 (epoch=7)

I 06.08/06:36:07 solver.py:159 ] Epoch: [8/200][20/282] lr: 1.77e-04 | MSE loss: 8.5865e-03 | time: 0.043
I 06.08/06:36:08 solver.py:159 ] Epoch: [8/200][40/282] lr: 1.79e-04 | MSE loss: 8.2537e-03 | time: 0.040
I 06.08/06:36:09 solver.py:159 ] Epoch: [8/200][60/282] lr: 1.80e-04 | MSE loss: 8.5408e-03 | time: 0.039
I 06.08/06:36:10 solver.py:159 ] Epoch: [8/200][80/282] lr: 1.82e-04 | MSE loss: 8.0330e-03 | time: 0.038
I 06.08/06:36:10 solver.py:159 ] Epoch: [8/200][100/282] lr: 1.84e-04 | MSE loss: 8.2304e-03 | time: 0.039
I 06.08/06:36:11 solver.py:159 ] Epoch: [8/200][120/282] lr: 1.86e-04 | MSE loss: 8.2503e-03 | time: 0.039
I 06.08/06:36:12 solver.py:159 ] Epoch: [8/200][140/282] lr: 1.87e-04 | MSE loss: 8.6113e-03 | time: 0.040
I 06.08/06:36:13 solver.py:159 ] Epoch: [8/200][160/282] lr: 1.89e-04 | MSE loss: 8.5929e-03 | time: 0.039
I 06.08/06:36:13 solver.py:159 ] Epoch: [8/200][180/282] lr: 1.91e-04 | MSE loss: 8.6093e-03 | time: 0.038
I 06.08/06:36:14 solver.py:159 ] Epoch: [8/200][200/282] lr: 1.93e-04 | MSE loss: 8.5184e-03 | time: 0.037
I 06.08/06:36:14 solver.py:159 ] Epoch: [8/200][220/282] lr: 1.95e-04 | MSE loss: 8.4125e-03 | time: 0.036
I 06.08/06:36:15 solver.py:159 ] Epoch: [8/200][240/282] lr: 1.96e-04 | MSE loss: 8.2733e-03 | time: 0.036
I 06.08/06:36:16 solver.py:159 ] Epoch: [8/200][260/282] lr: 1.98e-04 | MSE loss: 8.2594e-03 | time: 0.035
I 06.08/06:36:16 solver.py:159 ] Epoch: [8/200][280/282] lr: 2.00e-04 | MSE loss: 8.1837e-03 | time: 0.035
I 06.08/06:36:16 solver.py:169 ] => Train  Loss: 8.1414e-03

I 06.08/06:36:17 solver.py:405 ] [20/32] loss: 9.3589e-03 | NMSE: -1.6781e+01 | time: 0.024
I 06.08/06:36:17 solver.py:413 ] => Test NMSE: -1.7830e+01

I 06.08/06:36:17 solver.py:345 ] => LoRA monitor [epoch=8] | trainable=1310720/1310720 | non_lora_trainable=0 | lora_l2=7.828677e+00 | lora_A_l2=7.145462e+00 | lora_B_l2=3.198523e+00 | component_l2=fc_decoder:5.834414e+00,fc_encoder:5.219942e+00 | lora_abs_max=4.359658e-02 | delta_l2=4.308713e+00 | delta_rel=6.600987e-01 | train_loss=8.141367e-03 | test_loss=8.239975e-03 | nmse=-1.783044e+01
I 06.08/06:36:17 solver.py:224 ] 
=! Best NMSE: -1.7830e+01 (epoch=8)

I 06.08/06:36:18 solver.py:159 ] Epoch: [9/200][20/282] lr: 2.02e-04 | MSE loss: 8.2023e-03 | time: 0.029
I 06.08/06:36:19 solver.py:159 ] Epoch: [9/200][40/282] lr: 2.04e-04 | MSE loss: 8.6359e-03 | time: 0.030
I 06.08/06:36:19 solver.py:159 ] Epoch: [9/200][60/282] lr: 2.05e-04 | MSE loss: 9.3970e-03 | time: 0.031
I 06.08/06:36:20 solver.py:159 ] Epoch: [9/200][80/282] lr: 2.07e-04 | MSE loss: 9.0331e-03 | time: 0.031
I 06.08/06:36:20 solver.py:159 ] Epoch: [9/200][100/282] lr: 2.09e-04 | MSE loss: 8.8324e-03 | time: 0.030
I 06.08/06:36:21 solver.py:159 ] Epoch: [9/200][120/282] lr: 2.11e-04 | MSE loss: 8.9107e-03 | time: 0.030
I 06.08/06:36:22 solver.py:159 ] Epoch: [9/200][140/282] lr: 2.12e-04 | MSE loss: 9.0078e-03 | time: 0.031
I 06.08/06:36:22 solver.py:159 ] Epoch: [9/200][160/282] lr: 2.14e-04 | MSE loss: 8.8131e-03 | time: 0.031
I 06.08/06:36:23 solver.py:159 ] Epoch: [9/200][180/282] lr: 2.16e-04 | MSE loss: 8.5348e-03 | time: 0.031
I 06.08/06:36:23 solver.py:159 ] Epoch: [9/200][200/282] lr: 2.18e-04 | MSE loss: 8.6614e-03 | time: 0.031
I 06.08/06:36:24 solver.py:159 ] Epoch: [9/200][220/282] lr: 2.20e-04 | MSE loss: 8.5736e-03 | time: 0.030
I 06.08/06:36:25 solver.py:159 ] Epoch: [9/200][240/282] lr: 2.21e-04 | MSE loss: 8.3382e-03 | time: 0.031
I 06.08/06:36:25 solver.py:159 ] Epoch: [9/200][260/282] lr: 2.23e-04 | MSE loss: 8.2917e-03 | time: 0.031
I 06.08/06:36:26 solver.py:159 ] Epoch: [9/200][280/282] lr: 2.25e-04 | MSE loss: 8.1847e-03 | time: 0.032
I 06.08/06:36:26 solver.py:169 ] => Train  Loss: 8.1402e-03

I 06.08/06:36:27 solver.py:405 ] [20/32] loss: 9.3598e-03 | NMSE: -1.6780e+01 | time: 0.038
I 06.08/06:36:27 solver.py:413 ] => Test NMSE: -1.7830e+01

I 06.08/06:36:27 solver.py:345 ] => LoRA monitor [epoch=9] | trainable=1310720/1310720 | non_lora_trainable=0 | lora_l2=8.106276e+00 | lora_A_l2=7.254926e+00 | lora_B_l2=3.616320e+00 | component_l2=fc_decoder:6.102610e+00,fc_encoder:5.335716e+00 | lora_abs_max=4.926522e-02 | delta_l2=4.829417e+00 | delta_rel=7.398710e-01 | train_loss=8.140150e-03 | test_loss=8.240889e-03 | nmse=-1.782996e+01
I 06.08/06:36:27 solver.py:224 ] 
=! Best NMSE: -1.7830e+01 (epoch=8)

I 06.08/06:36:28 solver.py:159 ] Epoch: [10/200][20/282] lr: 2.27e-04 | MSE loss: 6.7986e-03 | time: 0.032
I 06.08/06:36:29 solver.py:159 ] Epoch: [10/200][40/282] lr: 2.29e-04 | MSE loss: 7.9269e-03 | time: 0.032
I 06.08/06:36:30 solver.py:159 ] Epoch: [10/200][60/282] lr: 2.30e-04 | MSE loss: 7.9471e-03 | time: 0.034
I 06.08/06:36:30 solver.py:159 ] Epoch: [10/200][80/282] lr: 2.32e-04 | MSE loss: 7.9497e-03 | time: 0.036
I 06.08/06:36:31 solver.py:159 ] Epoch: [10/200][100/282] lr: 2.34e-04 | MSE loss: 8.0598e-03 | time: 0.037
I 06.08/06:36:32 solver.py:159 ] Epoch: [10/200][120/282] lr: 2.36e-04 | MSE loss: 7.8942e-03 | time: 0.037
I 06.08/06:36:33 solver.py:159 ] Epoch: [10/200][140/282] lr: 2.37e-04 | MSE loss: 7.8746e-03 | time: 0.037
I 06.08/06:36:33 solver.py:159 ] Epoch: [10/200][160/282] lr: 2.39e-04 | MSE loss: 7.9393e-03 | time: 0.037
I 06.08/06:36:34 solver.py:159 ] Epoch: [10/200][180/282] lr: 2.41e-04 | MSE loss: 8.2208e-03 | time: 0.038
I 06.08/06:36:35 solver.py:159 ] Epoch: [10/200][200/282] lr: 2.43e-04 | MSE loss: 8.2856e-03 | time: 0.038
I 06.08/06:36:36 solver.py:159 ] Epoch: [10/200][220/282] lr: 2.45e-04 | MSE loss: 8.2646e-03 | time: 0.038
I 06.08/06:36:37 solver.py:159 ] Epoch: [10/200][240/282] lr: 2.46e-04 | MSE loss: 8.1956e-03 | time: 0.038
I 06.08/06:36:37 solver.py:159 ] Epoch: [10/200][260/282] lr: 2.48e-04 | MSE loss: 8.2702e-03 | time: 0.038
I 06.08/06:36:38 solver.py:159 ] Epoch: [10/200][280/282] lr: 2.50e-04 | MSE loss: 8.1878e-03 | time: 0.039
I 06.08/06:36:38 solver.py:169 ] => Train  Loss: 8.1474e-03

I 06.08/06:36:39 solver.py:159 ] Epoch: [10/200][20/32] lr: 2.50e-04 | MSE loss: 9.3618e-03 | time: 0.027
I 06.08/06:36:39 solver.py:169 ] => Val  Loss: 8.0575e-03

I 06.08/06:36:40 solver.py:405 ] [20/32] loss: 9.3618e-03 | NMSE: -1.6779e+01 | time: 0.041
I 06.08/06:36:41 solver.py:413 ] => Test NMSE: -1.7829e+01

I 06.08/06:36:41 solver.py:345 ] => LoRA monitor [epoch=10] | trainable=1310720/1310720 | non_lora_trainable=0 | lora_l2=8.370622e+00 | lora_A_l2=7.357012e+00 | lora_B_l2=3.992703e+00 | component_l2=fc_decoder:6.358491e+00,fc_encoder:5.443978e+00 | lora_abs_max=5.089459e-02 | delta_l2=5.293585e+00 | delta_rel=8.109820e-01 | train_loss=8.147401e-03 | val_loss=8.057486e-03 | test_loss=8.242205e-03 | nmse=-1.782927e+01
I 06.08/06:36:41 solver.py:224 ] 
=! Best NMSE: -1.7830e+01 (epoch=8)

I 06.08/06:36:42 solver.py:159 ] Epoch: [11/200][20/282] lr: 2.52e-04 | MSE loss: 8.1858e-03 | time: 0.051
I 06.08/06:36:42 solver.py:159 ] Epoch: [11/200][40/282] lr: 2.54e-04 | MSE loss: 7.6186e-03 | time: 0.047
I 06.08/06:36:43 solver.py:159 ] Epoch: [11/200][60/282] lr: 2.55e-04 | MSE loss: 7.2521e-03 | time: 0.045
I 06.08/06:36:44 solver.py:159 ] Epoch: [11/200][80/282] lr: 2.57e-04 | MSE loss: 8.0578e-03 | time: 0.043
I 06.08/06:36:45 solver.py:159 ] Epoch: [11/200][100/282] lr: 2.59e-04 | MSE loss: 8.7324e-03 | time: 0.045
I 06.08/06:36:46 solver.py:159 ] Epoch: [11/200][120/282] lr: 2.61e-04 | MSE loss: 9.0465e-03 | time: 0.047
I 06.08/06:36:47 solver.py:159 ] Epoch: [11/200][140/282] lr: 2.62e-04 | MSE loss: 8.9230e-03 | time: 0.048
I 06.08/06:36:48 solver.py:159 ] Epoch: [11/200][160/282] lr: 2.64e-04 | MSE loss: 8.8181e-03 | time: 0.049
I 06.08/06:36:49 solver.py:159 ] Epoch: [11/200][180/282] lr: 2.66e-04 | MSE loss: 8.7590e-03 | time: 0.049
I 06.08/06:36:50 solver.py:159 ] Epoch: [11/200][200/282] lr: 2.68e-04 | MSE loss: 8.5361e-03 | time: 0.049
I 06.08/06:36:51 solver.py:159 ] Epoch: [11/200][220/282] lr: 2.70e-04 | MSE loss: 8.4631e-03 | time: 0.048
I 06.08/06:36:52 solver.py:159 ] Epoch: [11/200][240/282] lr: 2.71e-04 | MSE loss: 8.2515e-03 | time: 0.049
I 06.08/06:36:54 solver.py:159 ] Epoch: [11/200][260/282] lr: 2.73e-04 | MSE loss: 8.2471e-03 | time: 0.050
I 06.08/06:36:54 solver.py:159 ] Epoch: [11/200][280/282] lr: 2.75e-04 | MSE loss: 8.2657e-03 | time: 0.050
I 06.08/06:36:55 solver.py:169 ] => Train  Loss: 8.3371e-03

I 06.08/06:36:56 solver.py:405 ] [20/32] loss: 9.9787e-03 | NMSE: -1.6499e+01 | time: 0.047
I 06.08/06:36:56 solver.py:413 ] => Test NMSE: -1.7537e+01

I 06.08/06:36:56 solver.py:345 ] => LoRA monitor [epoch=11] | trainable=1310720/1310720 | non_lora_trainable=0 | lora_l2=1.144391e+01 | lora_A_l2=9.660143e+00 | lora_B_l2=6.135519e+00 | component_l2=fc_decoder:8.328247e+00,fc_encoder:7.848775e+00 | lora_abs_max=6.445634e-02 | delta_l2=9.466127e+00 | delta_rel=1.450219e+00 | train_loss=8.337064e-03 | test_loss=8.815716e-03 | nmse=-1.753712e+01
I 06.08/06:36:56 solver.py:224 ] 
=! Best NMSE: -1.7830e+01 (epoch=8)

I 06.08/06:36:57 solver.py:159 ] Epoch: [12/200][20/282] lr: 2.77e-04 | MSE loss: 8.0702e-03 | time: 0.057
I 06.08/06:36:58 solver.py:159 ] Epoch: [12/200][40/282] lr: 2.79e-04 | MSE loss: 8.3319e-03 | time: 0.054
I 06.08/06:36:59 solver.py:159 ] Epoch: [12/200][60/282] lr: 2.80e-04 | MSE loss: 1.0029e-02 | time: 0.054
I 06.08/06:37:00 solver.py:159 ] Epoch: [12/200][80/282] lr: 2.82e-04 | MSE loss: 9.9104e-03 | time: 0.054
I 06.08/06:37:03 solver.py:159 ] Epoch: [12/200][100/282] lr: 2.84e-04 | MSE loss: 9.3791e-03 | time: 0.070
I 06.08/06:37:05 solver.py:159 ] Epoch: [12/200][120/282] lr: 2.86e-04 | MSE loss: 9.1374e-03 | time: 0.075
I 06.08/06:37:06 solver.py:159 ] Epoch: [12/200][140/282] lr: 2.87e-04 | MSE loss: 8.6525e-03 | time: 0.071
I 06.08/06:37:07 solver.py:159 ] Epoch: [12/200][160/282] lr: 2.89e-04 | MSE loss: 8.4561e-03 | time: 0.068
I 06.08/06:37:08 solver.py:159 ] Epoch: [12/200][180/282] lr: 2.91e-04 | MSE loss: 8.3435e-03 | time: 0.066
I 06.08/06:37:09 solver.py:159 ] Epoch: [12/200][200/282] lr: 2.93e-04 | MSE loss: 8.4901e-03 | time: 0.064
I 06.08/06:37:10 solver.py:159 ] Epoch: [12/200][220/282] lr: 2.95e-04 | MSE loss: 8.4900e-03 | time: 0.063
I 06.08/06:37:11 solver.py:159 ] Epoch: [12/200][240/282] lr: 2.96e-04 | MSE loss: 8.3275e-03 | time: 0.062
I 06.08/06:37:12 solver.py:159 ] Epoch: [12/200][260/282] lr: 2.98e-04 | MSE loss: 8.3852e-03 | time: 0.061
I 06.08/06:37:13 solver.py:159 ] Epoch: [12/200][280/282] lr: 3.00e-04 | MSE loss: 8.3669e-03 | time: 0.060
I 06.08/06:37:13 solver.py:169 ] => Train  Loss: 8.3155e-03

I 06.08/06:37:14 solver.py:405 ] [20/32] loss: 9.3728e-03 | NMSE: -1.6774e+01 | time: 0.048
I 06.08/06:37:14 solver.py:413 ] => Test NMSE: -1.7823e+01

I 06.08/06:37:14 solver.py:345 ] => LoRA monitor [epoch=12] | trainable=1310720/1310720 | non_lora_trainable=0 | lora_l2=1.098612e+01 | lora_A_l2=8.911036e+00 | lora_B_l2=6.425599e+00 | component_l2=fc_decoder:8.349105e+00,fc_encoder:7.140542e+00 | lora_abs_max=6.090514e-02 | delta_l2=8.937589e+00 | delta_rel=1.369247e+00 | train_loss=8.315516e-03 | test_loss=8.253522e-03 | nmse=-1.782331e+01
I 06.08/06:37:14 solver.py:224 ] 
=! Best NMSE: -1.7830e+01 (epoch=8)

I 06.08/06:37:15 solver.py:159 ] Epoch: [13/200][20/282] lr: 3.02e-04 | MSE loss: 8.4644e-03 | time: 0.046
I 06.08/06:37:16 solver.py:159 ] Epoch: [13/200][40/282] lr: 3.04e-04 | MSE loss: 7.6358e-03 | time: 0.047
I 06.08/06:37:17 solver.py:159 ] Epoch: [13/200][60/282] lr: 3.05e-04 | MSE loss: 7.8735e-03 | time: 0.047
I 06.08/06:37:18 solver.py:159 ] Epoch: [13/200][80/282] lr: 3.07e-04 | MSE loss: 7.7761e-03 | time: 0.048
I 06.08/06:37:19 solver.py:159 ] Epoch: [13/200][100/282] lr: 3.09e-04 | MSE loss: 7.8403e-03 | time: 0.048
I 06.08/06:37:20 solver.py:159 ] Epoch: [13/200][120/282] lr: 3.11e-04 | MSE loss: 8.3562e-03 | time: 0.047
I 06.08/06:37:21 solver.py:159 ] Epoch: [13/200][140/282] lr: 3.12e-04 | MSE loss: 8.2945e-03 | time: 0.047
I 06.08/06:37:22 solver.py:159 ] Epoch: [13/200][160/282] lr: 3.14e-04 | MSE loss: 8.2819e-03 | time: 0.048
I 06.08/06:37:23 solver.py:159 ] Epoch: [13/200][180/282] lr: 3.16e-04 | MSE loss: 8.5706e-03 | time: 0.048
I 06.08/06:37:24 solver.py:159 ] Epoch: [13/200][200/282] lr: 3.18e-04 | MSE loss: 8.5788e-03 | time: 0.048
I 06.08/06:37:25 solver.py:159 ] Epoch: [13/200][220/282] lr: 3.20e-04 | MSE loss: 8.4611e-03 | time: 0.048
I 06.08/06:37:26 solver.py:159 ] Epoch: [13/200][240/282] lr: 3.21e-04 | MSE loss: 8.4047e-03 | time: 0.048
I 06.08/06:37:27 solver.py:159 ] Epoch: [13/200][260/282] lr: 3.23e-04 | MSE loss: 8.2142e-03 | time: 0.049
I 06.08/06:37:28 solver.py:159 ] Epoch: [13/200][280/282] lr: 3.25e-04 | MSE loss: 8.1802e-03 | time: 0.049
I 06.08/06:37:28 solver.py:169 ] => Train  Loss: 8.1747e-03

I 06.08/06:37:29 solver.py:405 ] [20/32] loss: 9.3625e-03 | NMSE: -1.6779e+01 | time: 0.048
I 06.08/06:37:30 solver.py:413 ] => Test NMSE: -1.7828e+01

I 06.08/06:37:30 solver.py:345 ] => LoRA monitor [epoch=13] | trainable=1310720/1310720 | non_lora_trainable=0 | lora_l2=1.082292e+01 | lora_A_l2=8.791932e+00 | lora_B_l2=6.311704e+00 | component_l2=fc_decoder:8.246472e+00,fc_encoder:7.009377e+00 | lora_abs_max=6.018392e-02 | delta_l2=8.735101e+00 | delta_rel=1.338225e+00 | train_loss=8.174666e-03 | test_loss=8.243672e-03 | nmse=-1.782849e+01
I 06.08/06:37:30 solver.py:224 ] 
=! Best NMSE: -1.7830e+01 (epoch=8)

I 06.08/06:37:31 solver.py:159 ] Epoch: [14/200][20/282] lr: 3.27e-04 | MSE loss: 9.7002e-03 | time: 0.051
I 06.08/06:37:32 solver.py:159 ] Epoch: [14/200][40/282] lr: 3.29e-04 | MSE loss: 7.8450e-03 | time: 0.053
I 06.08/06:37:33 solver.py:159 ] Epoch: [14/200][60/282] lr: 3.30e-04 | MSE loss: 8.3261e-03 | time: 0.052
I 06.08/06:37:34 solver.py:159 ] Epoch: [14/200][80/282] lr: 3.32e-04 | MSE loss: 8.4511e-03 | time: 0.054
I 06.08/06:37:35 solver.py:159 ] Epoch: [14/200][100/282] lr: 3.34e-04 | MSE loss: 8.4939e-03 | time: 0.054
I 06.08/06:37:36 solver.py:159 ] Epoch: [14/200][120/282] lr: 3.36e-04 | MSE loss: 8.2961e-03 | time: 0.054
I 06.08/06:37:37 solver.py:159 ] Epoch: [14/200][140/282] lr: 3.37e-04 | MSE loss: 8.5868e-03 | time: 0.054
I 06.08/06:37:38 solver.py:159 ] Epoch: [14/200][160/282] lr: 3.39e-04 | MSE loss: 8.4358e-03 | time: 0.055
I 06.08/06:37:39 solver.py:159 ] Epoch: [14/200][180/282] lr: 3.41e-04 | MSE loss: 8.2009e-03 | time: 0.055
I 06.08/06:37:41 solver.py:159 ] Epoch: [14/200][200/282] lr: 3.43e-04 | MSE loss: 8.3102e-03 | time: 0.055
I 06.08/06:37:42 solver.py:159 ] Epoch: [14/200][220/282] lr: 3.45e-04 | MSE loss: 8.2374e-03 | time: 0.055
I 06.08/06:37:43 solver.py:159 ] Epoch: [14/200][240/282] lr: 3.46e-04 | MSE loss: 8.0208e-03 | time: 0.055
I 06.08/06:37:44 solver.py:159 ] Epoch: [14/200][260/282] lr: 3.48e-04 | MSE loss: 8.0781e-03 | time: 0.055
I 06.08/06:37:45 solver.py:159 ] Epoch: [14/200][280/282] lr: 3.50e-04 | MSE loss: 8.0965e-03 | time: 0.054
I 06.08/06:37:45 solver.py:169 ] => Train  Loss: 8.2151e-03

I 06.08/06:37:46 solver.py:405 ] [20/32] loss: 9.3598e-03 | NMSE: -1.6780e+01 | time: 0.049
I 06.08/06:37:46 solver.py:413 ] => Test NMSE: -1.7830e+01

I 06.08/06:37:46 solver.py:345 ] => LoRA monitor [epoch=14] | trainable=1310720/1310720 | non_lora_trainable=0 | lora_l2=1.076447e+01 | lora_A_l2=8.736944e+00 | lora_B_l2=6.288048e+00 | component_l2=fc_decoder:8.223908e+00,fc_encoder:6.945579e+00 | lora_abs_max=5.947827e-02 | delta_l2=8.660635e+00 | delta_rel=1.326817e+00 | train_loss=8.215115e-03 | test_loss=8.241199e-03 | nmse=-1.782980e+01
I 06.08/06:37:46 solver.py:224 ] 
=! Best NMSE: -1.7830e+01 (epoch=8)

I 06.08/06:37:47 solver.py:159 ] Epoch: [15/200][20/282] lr: 3.52e-04 | MSE loss: 7.6577e-03 | time: 0.050
I 06.08/06:37:49 solver.py:159 ] Epoch: [15/200][40/282] lr: 3.54e-04 | MSE loss: 7.4660e-03 | time: 0.052
I 06.08/06:37:50 solver.py:159 ] Epoch: [15/200][60/282] lr: 3.55e-04 | MSE loss: 7.0710e-03 | time: 0.055
I 06.08/06:37:51 solver.py:159 ] Epoch: [15/200][80/282] lr: 3.57e-04 | MSE loss: 7.2674e-03 | time: 0.056
I 06.08/06:37:52 solver.py:159 ] Epoch: [15/200][100/282] lr: 3.59e-04 | MSE loss: 7.4024e-03 | time: 0.056
I 06.08/06:37:53 solver.py:159 ] Epoch: [15/200][120/282] lr: 3.61e-04 | MSE loss: 7.3660e-03 | time: 0.055
I 06.08/06:37:54 solver.py:159 ] Epoch: [15/200][140/282] lr: 3.62e-04 | MSE loss: 7.7244e-03 | time: 0.055
I 06.08/06:37:55 solver.py:159 ] Epoch: [15/200][160/282] lr: 3.64e-04 | MSE loss: 7.6902e-03 | time: 0.054
I 06.08/06:37:56 solver.py:159 ] Epoch: [15/200][180/282] lr: 3.66e-04 | MSE loss: 7.4858e-03 | time: 0.054
I 06.08/06:37:57 solver.py:159 ] Epoch: [15/200][200/282] lr: 3.68e-04 | MSE loss: 7.8282e-03 | time: 0.054
I 06.08/06:37:58 solver.py:159 ] Epoch: [15/200][220/282] lr: 3.70e-04 | MSE loss: 7.8769e-03 | time: 0.054
I 06.08/06:37:59 solver.py:159 ] Epoch: [15/200][240/282] lr: 3.71e-04 | MSE loss: 8.0994e-03 | time: 0.054
I 06.08/06:38:01 solver.py:159 ] Epoch: [15/200][260/282] lr: 3.73e-04 | MSE loss: 8.2020e-03 | time: 0.056
I 06.08/06:38:04 solver.py:159 ] Epoch: [15/200][280/282] lr: 3.75e-04 | MSE loss: 8.1757e-03 | time: 0.064
I 06.08/06:38:04 solver.py:169 ] => Train  Loss: 8.1432e-03

I 06.08/06:38:06 solver.py:405 ] [20/32] loss: 9.3601e-03 | NMSE: -1.6780e+01 | time: 0.072
I 06.08/06:38:07 solver.py:413 ] => Test NMSE: -1.7830e+01

I 06.08/06:38:07 solver.py:345 ] => LoRA monitor [epoch=15] | trainable=1310720/1310720 | non_lora_trainable=0 | lora_l2=1.073164e+01 | lora_A_l2=8.689237e+00 | lora_B_l2=6.298035e+00 | component_l2=fc_decoder:8.227673e+00,fc_encoder:6.890100e+00 | lora_abs_max=5.883586e-02 | delta_l2=8.618159e+00 | delta_rel=1.320310e+00 | train_loss=8.143153e-03 | test_loss=8.241405e-03 | nmse=-1.782969e+01
I 06.08/06:38:07 solver.py:224 ] 
=! Best NMSE: -1.7830e+01 (epoch=8)

I 06.08/06:38:08 solver.py:159 ] Epoch: [16/200][20/282] lr: 3.77e-04 | MSE loss: 8.1460e-03 | time: 0.061
I 06.08/06:38:09 solver.py:159 ] Epoch: [16/200][40/282] lr: 3.79e-04 | MSE loss: 7.6676e-03 | time: 0.058
I 06.08/06:38:10 solver.py:159 ] Epoch: [16/200][60/282] lr: 3.80e-04 | MSE loss: 7.7810e-03 | time: 0.059
I 06.08/06:38:11 solver.py:159 ] Epoch: [16/200][80/282] lr: 3.82e-04 | MSE loss: 7.7552e-03 | time: 0.060
I 06.08/06:38:13 solver.py:159 ] Epoch: [16/200][100/282] lr: 3.84e-04 | MSE loss: 7.6488e-03 | time: 0.061
I 06.08/06:38:14 solver.py:159 ] Epoch: [16/200][120/282] lr: 3.86e-04 | MSE loss: 7.8211e-03 | time: 0.061
I 06.08/06:38:15 solver.py:159 ] Epoch: [16/200][140/282] lr: 3.87e-04 | MSE loss: 8.0084e-03 | time: 0.061
I 06.08/06:38:16 solver.py:159 ] Epoch: [16/200][160/282] lr: 3.89e-04 | MSE loss: 8.1566e-03 | time: 0.061
I 06.08/06:38:18 solver.py:159 ] Epoch: [16/200][180/282] lr: 3.91e-04 | MSE loss: 8.1710e-03 | time: 0.061
I 06.08/06:38:19 solver.py:159 ] Epoch: [16/200][200/282] lr: 3.93e-04 | MSE loss: 8.3744e-03 | time: 0.061
I 06.08/06:38:20 solver.py:159 ] Epoch: [16/200][220/282] lr: 3.95e-04 | MSE loss: 8.5234e-03 | time: 0.060
I 06.08/06:38:21 solver.py:159 ] Epoch: [16/200][240/282] lr: 3.96e-04 | MSE loss: 8.4373e-03 | time: 0.060
I 06.08/06:38:22 solver.py:159 ] Epoch: [16/200][260/282] lr: 3.98e-04 | MSE loss: 8.2849e-03 | time: 0.060
I 06.08/06:38:24 solver.py:159 ] Epoch: [16/200][280/282] lr: 4.00e-04 | MSE loss: 8.1840e-03 | time: 0.060
I 06.08/06:38:24 solver.py:169 ] => Train  Loss: 8.1591e-03

I 06.08/06:38:25 solver.py:405 ] [20/32] loss: 9.3584e-03 | NMSE: -1.6780e+01 | time: 0.064
I 06.08/06:38:26 solver.py:413 ] => Test NMSE: -1.7831e+01

I 06.08/06:38:26 solver.py:345 ] => LoRA monitor [epoch=16] | trainable=1310720/1310720 | non_lora_trainable=0 | lora_l2=1.071085e+01 | lora_A_l2=8.640387e+00 | lora_B_l2=6.329777e+00 | component_l2=fc_decoder:8.248555e+00,fc_encoder:6.832546e+00 | lora_abs_max=5.913826e-02 | delta_l2=8.591319e+00 | delta_rel=1.316198e+00 | train_loss=8.159132e-03 | test_loss=8.239793e-03 | nmse=-1.783054e+01
I 06.08/06:38:26 solver.py:224 ] 
=! Best NMSE: -1.7831e+01 (epoch=16)

I 06.08/06:38:27 solver.py:159 ] Epoch: [17/200][20/282] lr: 4.02e-04 | MSE loss: 9.0671e-03 | time: 0.065
I 06.08/06:38:29 solver.py:159 ] Epoch: [17/200][40/282] lr: 4.04e-04 | MSE loss: 8.5664e-03 | time: 0.065
I 06.08/06:38:30 solver.py:159 ] Epoch: [17/200][60/282] lr: 4.05e-04 | MSE loss: 7.5908e-03 | time: 0.063
I 06.08/06:38:31 solver.py:159 ] Epoch: [17/200][80/282] lr: 4.07e-04 | MSE loss: 7.9814e-03 | time: 0.064
I 06.08/06:38:32 solver.py:159 ] Epoch: [17/200][100/282] lr: 4.09e-04 | MSE loss: 8.1705e-03 | time: 0.064
I 06.08/06:38:34 solver.py:159 ] Epoch: [17/200][120/282] lr: 4.11e-04 | MSE loss: 8.1933e-03 | time: 0.064
I 06.08/06:38:35 solver.py:159 ] Epoch: [17/200][140/282] lr: 4.12e-04 | MSE loss: 8.0109e-03 | time: 0.064
I 06.08/06:38:36 solver.py:159 ] Epoch: [17/200][160/282] lr: 4.14e-04 | MSE loss: 8.0018e-03 | time: 0.063
I 06.08/06:38:37 solver.py:159 ] Epoch: [17/200][180/282] lr: 4.16e-04 | MSE loss: 8.0478e-03 | time: 0.063
I 06.08/06:38:39 solver.py:159 ] Epoch: [17/200][200/282] lr: 4.18e-04 | MSE loss: 8.1105e-03 | time: 0.063
I 06.08/06:38:40 solver.py:159 ] Epoch: [17/200][220/282] lr: 4.20e-04 | MSE loss: 8.1113e-03 | time: 0.063
I 06.08/06:38:41 solver.py:159 ] Epoch: [17/200][240/282] lr: 4.21e-04 | MSE loss: 8.1575e-03 | time: 0.062
I 06.08/06:38:42 solver.py:159 ] Epoch: [17/200][260/282] lr: 4.23e-04 | MSE loss: 8.0206e-03 | time: 0.062
I 06.08/06:38:44 solver.py:159 ] Epoch: [17/200][280/282] lr: 4.25e-04 | MSE loss: 8.1191e-03 | time: 0.063
I 06.08/06:38:44 solver.py:169 ] => Train  Loss: 8.2957e-03

I 06.08/06:38:45 solver.py:405 ] [20/32] loss: 9.3585e-03 | NMSE: -1.6780e+01 | time: 0.074
I 06.08/06:38:46 solver.py:413 ] => Test NMSE: -1.7831e+01

I 06.08/06:38:46 solver.py:345 ] => LoRA monitor [epoch=17] | trainable=1310720/1310720 | non_lora_trainable=0 | lora_l2=1.069782e+01 | lora_A_l2=8.579144e+00 | lora_B_l2=6.390744e+00 | component_l2=fc_decoder:8.292094e+00,fc_encoder:6.759031e+00 | lora_abs_max=5.961871e-02 | delta_l2=8.574277e+00 | delta_rel=1.313587e+00 | train_loss=8.295712e-03 | test_loss=8.239787e-03 | nmse=-1.783054e+01
I 06.08/06:38:46 solver.py:224 ] 
=! Best NMSE: -1.7831e+01 (epoch=16)

I 06.08/06:38:47 solver.py:159 ] Epoch: [18/200][20/282] lr: 4.27e-04 | MSE loss: 5.7498e-03 | time: 0.070
I 06.08/06:38:49 solver.py:159 ] Epoch: [18/200][40/282] lr: 4.29e-04 | MSE loss: 6.6047e-03 | time: 0.063
I 06.08/06:38:50 solver.py:159 ] Epoch: [18/200][60/282] lr: 4.30e-04 | MSE loss: 6.7768e-03 | time: 0.063
I 06.08/06:38:51 solver.py:159 ] Epoch: [18/200][80/282] lr: 4.32e-04 | MSE loss: 7.2633e-03 | time: 0.064
I 06.08/06:38:52 solver.py:159 ] Epoch: [18/200][100/282] lr: 4.34e-04 | MSE loss: 7.4697e-03 | time: 0.064
I 06.08/06:38:54 solver.py:159 ] Epoch: [18/200][120/282] lr: 4.36e-04 | MSE loss: 7.4136e-03 | time: 0.067
I 06.08/06:38:55 solver.py:159 ] Epoch: [18/200][140/282] lr: 4.37e-04 | MSE loss: 7.3371e-03 | time: 0.067
I 06.08/06:38:57 solver.py:159 ] Epoch: [18/200][160/282] lr: 4.39e-04 | MSE loss: 7.4170e-03 | time: 0.066
I 06.08/06:38:58 solver.py:159 ] Epoch: [18/200][180/282] lr: 4.41e-04 | MSE loss: 7.7160e-03 | time: 0.067
I 06.08/06:38:59 solver.py:159 ] Epoch: [18/200][200/282] lr: 4.43e-04 | MSE loss: 7.8149e-03 | time: 0.067
I 06.08/06:39:01 solver.py:159 ] Epoch: [18/200][220/282] lr: 4.45e-04 | MSE loss: 8.0364e-03 | time: 0.069
I 06.08/06:39:04 solver.py:159 ] Epoch: [18/200][240/282] lr: 4.46e-04 | MSE loss: 8.0484e-03 | time: 0.075
I 06.08/06:39:06 solver.py:159 ] Epoch: [18/200][260/282] lr: 4.48e-04 | MSE loss: 8.1398e-03 | time: 0.075
I 06.08/06:39:07 solver.py:159 ] Epoch: [18/200][280/282] lr: 4.50e-04 | MSE loss: 8.1762e-03 | time: 0.075
I 06.08/06:39:07 solver.py:169 ] => Train  Loss: 8.1436e-03

I 06.08/06:39:08 solver.py:405 ] [20/32] loss: 9.3577e-03 | NMSE: -1.6781e+01 | time: 0.059
I 06.08/06:39:09 solver.py:413 ] => Test NMSE: -1.7831e+01

I 06.08/06:39:09 solver.py:345 ] => LoRA monitor [epoch=18] | trainable=1310720/1310720 | non_lora_trainable=0 | lora_l2=1.066816e+01 | lora_A_l2=8.486268e+00 | lora_B_l2=6.464746e+00 | component_l2=fc_decoder:8.342513e+00,fc_encoder:6.649222e+00 | lora_abs_max=5.853271e-02 | delta_l2=8.540912e+00 | delta_rel=1.308475e+00 | train_loss=8.143623e-03 | test_loss=8.239212e-03 | nmse=-1.783084e+01
I 06.08/06:39:09 solver.py:224 ] 
=! Best NMSE: -1.7831e+01 (epoch=18)

I 06.08/06:39:10 solver.py:159 ] Epoch: [19/200][20/282] lr: 4.52e-04 | MSE loss: 9.5337e-03 | time: 0.069
I 06.08/06:39:12 solver.py:159 ] Epoch: [19/200][40/282] lr: 4.54e-04 | MSE loss: 7.1956e-03 | time: 0.069
I 06.08/06:39:13 solver.py:159 ] Epoch: [19/200][60/282] lr: 4.55e-04 | MSE loss: 7.6016e-03 | time: 0.069
I 06.08/06:39:15 solver.py:159 ] Epoch: [19/200][80/282] lr: 4.57e-04 | MSE loss: 7.6288e-03 | time: 0.068
I 06.08/06:39:16 solver.py:159 ] Epoch: [19/200][100/282] lr: 4.59e-04 | MSE loss: 7.3237e-03 | time: 0.069
I 06.08/06:39:17 solver.py:159 ] Epoch: [19/200][120/282] lr: 4.61e-04 | MSE loss: 7.5605e-03 | time: 0.068
I 06.08/06:39:19 solver.py:159 ] Epoch: [19/200][140/282] lr: 4.62e-04 | MSE loss: 7.7870e-03 | time: 0.068
I 06.08/06:39:20 solver.py:159 ] Epoch: [19/200][160/282] lr: 4.64e-04 | MSE loss: 8.3717e-03 | time: 0.067
I 06.08/06:39:21 solver.py:159 ] Epoch: [19/200][180/282] lr: 4.66e-04 | MSE loss: 8.3825e-03 | time: 0.066
I 06.08/06:39:22 solver.py:159 ] Epoch: [19/200][200/282] lr: 4.68e-04 | MSE loss: 8.2202e-03 | time: 0.065
I 06.08/06:39:24 solver.py:159 ] Epoch: [19/200][220/282] lr: 4.70e-04 | MSE loss: 8.2891e-03 | time: 0.066
I 06.08/06:39:25 solver.py:159 ] Epoch: [19/200][240/282] lr: 4.71e-04 | MSE loss: 8.2042e-03 | time: 0.065
I 06.08/06:39:26 solver.py:159 ] Epoch: [19/200][260/282] lr: 4.73e-04 | MSE loss: 8.1497e-03 | time: 0.064
I 06.08/06:39:27 solver.py:159 ] Epoch: [19/200][280/282] lr: 4.75e-04 | MSE loss: 8.1250e-03 | time: 0.064
I 06.08/06:39:27 solver.py:169 ] => Train  Loss: 8.1380e-03

I 06.08/06:39:28 solver.py:405 ] [20/32] loss: 9.3575e-03 | NMSE: -1.6781e+01 | time: 0.054
I 06.08/06:39:29 solver.py:413 ] => Test NMSE: -1.7831e+01

I 06.08/06:39:29 solver.py:345 ] => LoRA monitor [epoch=19] | trainable=1310720/1310720 | non_lora_trainable=0 | lora_l2=1.067493e+01 | lora_A_l2=8.439504e+00 | lora_B_l2=6.536738e+00 | component_l2=fc_decoder:8.395438e+00,fc_encoder:6.593239e+00 | lora_abs_max=5.860838e-02 | delta_l2=8.551117e+00 | delta_rel=1.310039e+00 | train_loss=8.138038e-03 | test_loss=8.238994e-03 | nmse=-1.783096e+01
I 06.08/06:39:29 solver.py:224 ] 
=! Best NMSE: -1.7831e+01 (epoch=19)

I 06.08/06:39:31 solver.py:159 ] Epoch: [20/200][20/282] lr: 4.77e-04 | MSE loss: 7.9844e-03 | time: 0.072
I 06.08/06:39:32 solver.py:159 ] Epoch: [20/200][40/282] lr: 4.79e-04 | MSE loss: 7.9499e-03 | time: 0.067
I 06.08/06:39:33 solver.py:159 ] Epoch: [20/200][60/282] lr: 4.80e-04 | MSE loss: 8.0521e-03 | time: 0.068
I 06.08/06:39:35 solver.py:159 ] Epoch: [20/200][80/282] lr: 4.82e-04 | MSE loss: 7.9951e-03 | time: 0.068
I 06.08/06:39:36 solver.py:159 ] Epoch: [20/200][100/282] lr: 4.84e-04 | MSE loss: 7.9349e-03 | time: 0.069
I 06.08/06:39:38 solver.py:159 ] Epoch: [20/200][120/282] lr: 4.86e-04 | MSE loss: 8.0648e-03 | time: 0.068
I 06.08/06:39:39 solver.py:159 ] Epoch: [20/200][140/282] lr: 4.87e-04 | MSE loss: 8.3559e-03 | time: 0.067
I 06.08/06:39:40 solver.py:159 ] Epoch: [20/200][160/282] lr: 4.89e-04 | MSE loss: 8.2939e-03 | time: 0.067
I 06.08/06:39:41 solver.py:159 ] Epoch: [20/200][180/282] lr: 4.91e-04 | MSE loss: 8.1338e-03 | time: 0.067
I 06.08/06:39:43 solver.py:159 ] Epoch: [20/200][200/282] lr: 4.93e-04 | MSE loss: 8.1652e-03 | time: 0.067
I 06.08/06:39:44 solver.py:159 ] Epoch: [20/200][220/282] lr: 4.95e-04 | MSE loss: 8.3043e-03 | time: 0.067
I 06.08/06:39:45 solver.py:159 ] Epoch: [20/200][240/282] lr: 4.96e-04 | MSE loss: 8.1821e-03 | time: 0.067
I 06.08/06:39:47 solver.py:159 ] Epoch: [20/200][260/282] lr: 4.98e-04 | MSE loss: 8.2124e-03 | time: 0.067
I 06.08/06:39:48 solver.py:159 ] Epoch: [20/200][280/282] lr: 5.00e-04 | MSE loss: 8.1424e-03 | time: 0.067
I 06.08/06:39:48 solver.py:169 ] => Train  Loss: 8.1435e-03

I 06.08/06:39:49 solver.py:159 ] Epoch: [20/200][20/32] lr: 5.00e-04 | MSE loss: 9.3584e-03 | time: 0.056
I 06.08/06:39:50 solver.py:169 ] => Val  Loss: 8.0552e-03

I 06.08/06:39:51 solver.py:405 ] [20/32] loss: 9.3584e-03 | NMSE: -1.6780e+01 | time: 0.065
I 06.08/06:39:52 solver.py:413 ] => Test NMSE: -1.7831e+01

I 06.08/06:39:52 solver.py:345 ] => LoRA monitor [epoch=20] | trainable=1310720/1310720 | non_lora_trainable=0 | lora_l2=1.072341e+01 | lora_A_l2=8.406237e+00 | lora_B_l2=6.657837e+00 | component_l2=fc_decoder:8.492672e+00,fc_encoder:6.547223e+00 | lora_abs_max=5.729510e-02 | delta_l2=8.612214e+00 | delta_rel=1.319399e+00 | train_loss=8.143536e-03 | val_loss=8.055195e-03 | test_loss=8.239862e-03 | nmse=-1.783050e+01
I 06.08/06:39:52 solver.py:224 ] 
=! Best NMSE: -1.7831e+01 (epoch=19)

I 06.08/06:39:53 solver.py:159 ] Epoch: [21/200][20/282] lr: 5.00e-04 | MSE loss: 6.7084e-03 | time: 0.077
I 06.08/06:39:55 solver.py:159 ] Epoch: [21/200][40/282] lr: 5.00e-04 | MSE loss: 6.7401e-03 | time: 0.076
I 06.08/06:39:56 solver.py:159 ] Epoch: [21/200][60/282] lr: 5.00e-04 | MSE loss: 7.9847e-03 | time: 0.075
I 06.08/06:39:58 solver.py:159 ] Epoch: [21/200][80/282] lr: 5.00e-04 | MSE loss: 8.3164e-03 | time: 0.075
I 06.08/06:39:59 solver.py:159 ] Epoch: [21/200][100/282] lr: 5.00e-04 | MSE loss: 8.6096e-03 | time: 0.074
I 06.08/06:40:01 solver.py:159 ] Epoch: [21/200][120/282] lr: 5.00e-04 | MSE loss: 8.4833e-03 | time: 0.073
I 06.08/06:40:03 solver.py:159 ] Epoch: [21/200][140/282] lr: 5.00e-04 | MSE loss: 8.1831e-03 | time: 0.079
I 06.08/06:40:04 solver.py:159 ] Epoch: [21/200][160/282] lr: 5.00e-04 | MSE loss: 7.9895e-03 | time: 0.079
I 06.08/06:40:06 solver.py:159 ] Epoch: [21/200][180/282] lr: 5.00e-04 | MSE loss: 7.9606e-03 | time: 0.078
I 06.08/06:40:07 solver.py:159 ] Epoch: [21/200][200/282] lr: 5.00e-04 | MSE loss: 7.9615e-03 | time: 0.077
I 06.08/06:40:09 solver.py:159 ] Epoch: [21/200][220/282] lr: 5.00e-04 | MSE loss: 8.0766e-03 | time: 0.076
I 06.08/06:40:10 solver.py:159 ] Epoch: [21/200][240/282] lr: 5.00e-04 | MSE loss: 8.2033e-03 | time: 0.075
I 06.08/06:40:11 solver.py:159 ] Epoch: [21/200][260/282] lr: 5.00e-04 | MSE loss: 8.1019e-03 | time: 0.075
I 06.08/06:40:12 solver.py:159 ] Epoch: [21/200][280/282] lr: 5.00e-04 | MSE loss: 8.1870e-03 | time: 0.073
I 06.08/06:40:12 solver.py:169 ] => Train  Loss: 8.1395e-03

I 06.08/06:40:14 solver.py:405 ] [20/32] loss: 9.3570e-03 | NMSE: -1.6781e+01 | time: 0.060
I 06.08/06:40:14 solver.py:413 ] => Test NMSE: -1.7831e+01

I 06.08/06:40:14 solver.py:345 ] => LoRA monitor [epoch=21] | trainable=1310720/1310720 | non_lora_trainable=0 | lora_l2=1.076298e+01 | lora_A_l2=8.367467e+00 | lora_B_l2=6.769578e+00 | component_l2=fc_decoder:8.579504e+00,fc_encoder:6.498754e+00 | lora_abs_max=5.579283e-02 | delta_l2=8.663823e+00 | delta_rel=1.327306e+00 | train_loss=8.139460e-03 | test_loss=8.238656e-03 | nmse=-1.783114e+01
I 06.08/06:40:15 solver.py:224 ] 
=! Best NMSE: -1.7831e+01 (epoch=21)

I 06.08/06:40:16 solver.py:159 ] Epoch: [22/200][20/282] lr: 5.00e-04 | MSE loss: 7.1227e-03 | time: 0.061
I 06.08/06:40:18 solver.py:159 ] Epoch: [22/200][40/282] lr: 5.00e-04 | MSE loss: 7.9296e-03 | time: 0.063
I 06.08/06:40:19 solver.py:159 ] Epoch: [22/200][60/282] lr: 5.00e-04 | MSE loss: 8.3083e-03 | time: 0.063
I 06.08/06:40:20 solver.py:159 ] Epoch: [22/200][80/282] lr: 5.00e-04 | MSE loss: 8.1489e-03 | time: 0.065
I 06.08/06:40:21 solver.py:159 ] Epoch: [22/200][100/282] lr: 5.00e-04 | MSE loss: 8.3474e-03 | time: 0.064
I 06.08/06:40:23 solver.py:159 ] Epoch: [22/200][120/282] lr: 5.00e-04 | MSE loss: 8.6981e-03 | time: 0.064
I 06.08/06:40:24 solver.py:159 ] Epoch: [22/200][140/282] lr: 5.00e-04 | MSE loss: 8.6497e-03 | time: 0.063
I 06.08/06:40:25 solver.py:159 ] Epoch: [22/200][160/282] lr: 5.00e-04 | MSE loss: 8.2816e-03 | time: 0.064
I 06.08/06:40:26 solver.py:159 ] Epoch: [22/200][180/282] lr: 5.00e-04 | MSE loss: 8.4299e-03 | time: 0.063
I 06.08/06:40:28 solver.py:159 ] Epoch: [22/200][200/282] lr: 5.00e-04 | MSE loss: 8.4032e-03 | time: 0.063
I 06.08/06:40:29 solver.py:159 ] Epoch: [22/200][220/282] lr: 5.00e-04 | MSE loss: 8.2003e-03 | time: 0.063
I 06.08/06:40:30 solver.py:159 ] Epoch: [22/200][240/282] lr: 5.00e-04 | MSE loss: 8.0963e-03 | time: 0.063
I 06.08/06:40:31 solver.py:159 ] Epoch: [22/200][260/282] lr: 5.00e-04 | MSE loss: 8.1184e-03 | time: 0.063
I 06.08/06:40:33 solver.py:159 ] Epoch: [22/200][280/282] lr: 5.00e-04 | MSE loss: 8.1560e-03 | time: 0.063
I 06.08/06:40:33 solver.py:169 ] => Train  Loss: 8.2251e-03

I 06.08/06:40:34 solver.py:405 ] [20/32] loss: 9.3569e-03 | NMSE: -1.6781e+01 | time: 0.050
I 06.08/06:40:34 solver.py:413 ] => Test NMSE: -1.7831e+01

I 06.08/06:40:34 solver.py:345 ] => LoRA monitor [epoch=22] | trainable=1310720/1310720 | non_lora_trainable=0 | lora_l2=1.082758e+01 | lora_A_l2=8.348860e+00 | lora_B_l2=6.894427e+00 | component_l2=fc_decoder:8.682228e+00,fc_encoder:6.469583e+00 | lora_abs_max=5.689704e-02 | delta_l2=8.747667e+00 | delta_rel=1.340151e+00 | train_loss=8.225140e-03 | test_loss=8.238587e-03 | nmse=-1.783117e+01
I 06.08/06:40:35 solver.py:224 ] 
=! Best NMSE: -1.7831e+01 (epoch=22)

I 06.08/06:40:36 solver.py:159 ] Epoch: [23/200][20/282] lr: 5.00e-04 | MSE loss: 6.6532e-03 | time: 0.071
I 06.08/06:40:37 solver.py:159 ] Epoch: [23/200][40/282] lr: 5.00e-04 | MSE loss: 7.4672e-03 | time: 0.069
I 06.08/06:40:39 solver.py:159 ] Epoch: [23/200][60/282] lr: 5.00e-04 | MSE loss: 7.5832e-03 | time: 0.066
I 06.08/06:40:40 solver.py:159 ] Epoch: [23/200][80/282] lr: 5.00e-04 | MSE loss: 7.3119e-03 | time: 0.065
I 06.08/06:40:41 solver.py:159 ] Epoch: [23/200][100/282] lr: 5.00e-04 | MSE loss: 7.1703e-03 | time: 0.065
I 06.08/06:40:42 solver.py:159 ] Epoch: [23/200][120/282] lr: 5.00e-04 | MSE loss: 7.5189e-03 | time: 0.065
I 06.08/06:40:44 solver.py:159 ] Epoch: [23/200][140/282] lr: 5.00e-04 | MSE loss: 7.4553e-03 | time: 0.063
I 06.08/06:40:45 solver.py:159 ] Epoch: [23/200][160/282] lr: 5.00e-04 | MSE loss: 7.4233e-03 | time: 0.065
I 06.08/06:40:46 solver.py:159 ] Epoch: [23/200][180/282] lr: 5.00e-04 | MSE loss: 7.6805e-03 | time: 0.065
I 06.08/06:40:48 solver.py:159 ] Epoch: [23/200][200/282] lr: 5.00e-04 | MSE loss: 7.9005e-03 | time: 0.065
I 06.08/06:40:49 solver.py:159 ] Epoch: [23/200][220/282] lr: 5.00e-04 | MSE loss: 7.8542e-03 | time: 0.065
I 06.08/06:40:50 solver.py:159 ] Epoch: [23/200][240/282] lr: 5.00e-04 | MSE loss: 8.0386e-03 | time: 0.064
I 06.08/06:40:51 solver.py:159 ] Epoch: [23/200][260/282] lr: 5.00e-04 | MSE loss: 8.1647e-03 | time: 0.064
I 06.08/06:40:52 solver.py:159 ] Epoch: [23/200][280/282] lr: 5.00e-04 | MSE loss: 8.1660e-03 | time: 0.064
I 06.08/06:40:53 solver.py:169 ] => Train  Loss: 8.1579e-03

I 06.08/06:40:54 solver.py:405 ] [20/32] loss: 9.3570e-03 | NMSE: -1.6781e+01 | time: 0.061
I 06.08/06:40:54 solver.py:413 ] => Test NMSE: -1.7831e+01

I 06.08/06:40:55 solver.py:345 ] => LoRA monitor [epoch=23] | trainable=1310720/1310720 | non_lora_trainable=0 | lora_l2=1.092094e+01 | lora_A_l2=8.346867e+00 | lora_B_l2=7.042502e+00 | component_l2=fc_decoder:8.806036e+00,fc_encoder:6.459161e+00 | lora_abs_max=5.780899e-02 | delta_l2=8.866559e+00 | delta_rel=1.358365e+00 | train_loss=8.157884e-03 | test_loss=8.238866e-03 | nmse=-1.783103e+01
I 06.08/06:40:55 solver.py:224 ] 
=! Best NMSE: -1.7831e+01 (epoch=22)

I 06.08/06:40:56 solver.py:159 ] Epoch: [24/200][20/282] lr: 5.00e-04 | MSE loss: 7.3764e-03 | time: 0.073
I 06.08/06:40:57 solver.py:159 ] Epoch: [24/200][40/282] lr: 5.00e-04 | MSE loss: 7.7100e-03 | time: 0.068
I 06.08/06:40:59 solver.py:159 ] Epoch: [24/200][60/282] lr: 5.00e-04 | MSE loss: 7.8636e-03 | time: 0.067
I 06.08/06:41:00 solver.py:159 ] Epoch: [24/200][80/282] lr: 5.00e-04 | MSE loss: 8.3989e-03 | time: 0.068
I 06.08/06:41:02 solver.py:159 ] Epoch: [24/200][100/282] lr: 5.00e-04 | MSE loss: 8.5375e-03 | time: 0.080
I 06.08/06:41:06 solver.py:159 ] Epoch: [24/200][120/282] lr: 5.00e-04 | MSE loss: 8.3137e-03 | time: 0.092
I 06.08/06:41:07 solver.py:159 ] Epoch: [24/200][140/282] lr: 5.00e-04 | MSE loss: 8.8010e-03 | time: 0.090
I 06.08/06:41:09 solver.py:159 ] Epoch: [24/200][160/282] lr: 5.00e-04 | MSE loss: 8.8921e-03 | time: 0.088
I 06.08/06:41:10 solver.py:159 ] Epoch: [24/200][180/282] lr: 5.00e-04 | MSE loss: 8.7544e-03 | time: 0.086
I 06.08/06:41:11 solver.py:159 ] Epoch: [24/200][200/282] lr: 5.00e-04 | MSE loss: 8.5513e-03 | time: 0.083
I 06.08/06:41:12 solver.py:159 ] Epoch: [24/200][220/282] lr: 5.00e-04 | MSE loss: 8.5829e-03 | time: 0.082
I 06.08/06:41:14 solver.py:159 ] Epoch: [24/200][240/282] lr: 4.99e-04 | MSE loss: 8.3554e-03 | time: 0.081
I 06.08/06:41:15 solver.py:159 ] Epoch: [24/200][260/282] lr: 4.99e-04 | MSE loss: 8.2463e-03 | time: 0.079
I 06.08/06:41:16 solver.py:159 ] Epoch: [24/200][280/282] lr: 4.99e-04 | MSE loss: 8.1901e-03 | time: 0.078
I 06.08/06:41:16 solver.py:169 ] => Train  Loss: 8.1365e-03

I 06.08/06:41:18 solver.py:405 ] [20/32] loss: 9.3581e-03 | NMSE: -1.6780e+01 | time: 0.061
I 06.08/06:41:18 solver.py:413 ] => Test NMSE: -1.7831e+01

I 06.08/06:41:18 solver.py:345 ] => LoRA monitor [epoch=24] | trainable=1310720/1310720 | non_lora_trainable=0 | lora_l2=1.103752e+01 | lora_A_l2=8.362794e+00 | lora_B_l2=7.203503e+00 | component_l2=fc_decoder:8.946755e+00,fc_encoder:6.463927e+00 | lora_abs_max=6.112684e-02 | delta_l2=9.013489e+00 | delta_rel=1.380875e+00 | train_loss=8.136514e-03 | test_loss=8.239579e-03 | nmse=-1.783065e+01
I 06.08/06:41:18 solver.py:224 ] 
=! Best NMSE: -1.7831e+01 (epoch=22)

I 06.08/06:41:20 solver.py:159 ] Epoch: [25/200][20/282] lr: 4.99e-04 | MSE loss: 8.4113e-03 | time: 0.079
I 06.08/06:41:22 solver.py:159 ] Epoch: [25/200][40/282] lr: 4.99e-04 | MSE loss: 7.5897e-03 | time: 0.079
I 06.08/06:41:23 solver.py:159 ] Epoch: [25/200][60/282] lr: 4.99e-04 | MSE loss: 8.0365e-03 | time: 0.073
I 06.08/06:41:24 solver.py:159 ] Epoch: [25/200][80/282] lr: 4.99e-04 | MSE loss: 7.8548e-03 | time: 0.071
I 06.08/06:41:26 solver.py:159 ] Epoch: [25/200][100/282] lr: 4.99e-04 | MSE loss: 8.4970e-03 | time: 0.071
I 06.08/06:41:27 solver.py:159 ] Epoch: [25/200][120/282] lr: 4.99e-04 | MSE loss: 8.1438e-03 | time: 0.070
I 06.08/06:41:28 solver.py:159 ] Epoch: [25/200][140/282] lr: 4.99e-04 | MSE loss: 8.0831e-03 | time: 0.070
I 06.08/06:41:30 solver.py:159 ] Epoch: [25/200][160/282] lr: 4.99e-04 | MSE loss: 8.3216e-03 | time: 0.069
I 06.08/06:41:31 solver.py:159 ] Epoch: [25/200][180/282] lr: 4.99e-04 | MSE loss: 7.9338e-03 | time: 0.069
I 06.08/06:41:32 solver.py:159 ] Epoch: [25/200][200/282] lr: 4.99e-04 | MSE loss: 8.0614e-03 | time: 0.069
I 06.08/06:41:34 solver.py:159 ] Epoch: [25/200][220/282] lr: 4.99e-04 | MSE loss: 8.1798e-03 | time: 0.069
I 06.08/06:41:35 solver.py:159 ] Epoch: [25/200][240/282] lr: 4.99e-04 | MSE loss: 8.2805e-03 | time: 0.068
I 06.08/06:41:36 solver.py:159 ] Epoch: [25/200][260/282] lr: 4.99e-04 | MSE loss: 8.2016e-03 | time: 0.067
I 06.08/06:41:37 solver.py:159 ] Epoch: [25/200][280/282] lr: 4.99e-04 | MSE loss: 8.1348e-03 | time: 0.067
I 06.08/06:41:37 solver.py:169 ] => Train  Loss: 8.2929e-03

I 06.08/06:41:38 solver.py:405 ] [20/32] loss: 9.3571e-03 | NMSE: -1.6781e+01 | time: 0.057
I 06.08/06:41:39 solver.py:413 ] => Test NMSE: -1.7831e+01

I 06.08/06:41:39 solver.py:345 ] => LoRA monitor [epoch=25] | trainable=1310720/1310720 | non_lora_trainable=0 | lora_l2=1.115079e+01 | lora_A_l2=8.387343e+00 | lora_B_l2=7.347969e+00 | component_l2=fc_decoder:9.074071e+00,fc_encoder:6.480849e+00 | lora_abs_max=6.080961e-02 | delta_l2=9.156334e+00 | delta_rel=1.402759e+00 | train_loss=8.292927e-03 | test_loss=8.238655e-03 | nmse=-1.783114e+01
I 06.08/06:41:39 solver.py:224 ] 
=! Best NMSE: -1.7831e+01 (epoch=22)

I 06.08/06:41:40 solver.py:159 ] Epoch: [26/200][20/282] lr: 4.99e-04 | MSE loss: 8.1826e-03 | time: 0.060
I 06.08/06:41:42 solver.py:159 ] Epoch: [26/200][40/282] lr: 4.99e-04 | MSE loss: 8.3597e-03 | time: 0.064
I 06.08/06:41:43 solver.py:159 ] Epoch: [26/200][60/282] lr: 4.99e-04 | MSE loss: 8.6481e-03 | time: 0.062
I 06.08/06:41:44 solver.py:159 ] Epoch: [26/200][80/282] lr: 4.99e-04 | MSE loss: 8.3673e-03 | time: 0.059
I 06.08/06:41:45 solver.py:159 ] Epoch: [26/200][100/282] lr: 4.99e-04 | MSE loss: 8.3173e-03 | time: 0.056
I 06.08/06:41:46 solver.py:159 ] Epoch: [26/200][120/282] lr: 4.99e-04 | MSE loss: 8.4260e-03 | time: 0.055
I 06.08/06:41:47 solver.py:159 ] Epoch: [26/200][140/282] lr: 4.99e-04 | MSE loss: 8.2921e-03 | time: 0.058
I 06.08/06:41:48 solver.py:159 ] Epoch: [26/200][160/282] lr: 4.99e-04 | MSE loss: 8.3249e-03 | time: 0.059
I 06.08/06:41:50 solver.py:159 ] Epoch: [26/200][180/282] lr: 4.99e-04 | MSE loss: 8.3457e-03 | time: 0.060
I 06.08/06:41:51 solver.py:159 ] Epoch: [26/200][200/282] lr: 4.99e-04 | MSE loss: 8.3076e-03 | time: 0.060
I 06.08/06:41:52 solver.py:159 ] Epoch: [26/200][220/282] lr: 4.99e-04 | MSE loss: 8.2711e-03 | time: 0.061
I 06.08/06:41:54 solver.py:159 ] Epoch: [26/200][240/282] lr: 4.99e-04 | MSE loss: 8.1991e-03 | time: 0.061
I 06.08/06:41:55 solver.py:159 ] Epoch: [26/200][260/282] lr: 4.99e-04 | MSE loss: 8.0649e-03 | time: 0.060
I 06.08/06:41:56 solver.py:159 ] Epoch: [26/200][280/282] lr: 4.99e-04 | MSE loss: 8.1519e-03 | time: 0.059
I 06.08/06:41:56 solver.py:169 ] => Train  Loss: 8.1422e-03

I 06.08/06:41:57 solver.py:405 ] [20/32] loss: 9.3589e-03 | NMSE: -1.6780e+01 | time: 0.067
I 06.08/06:41:58 solver.py:413 ] => Test NMSE: -1.7830e+01

I 06.08/06:41:58 solver.py:345 ] => LoRA monitor [epoch=26] | trainable=1310720/1310720 | non_lora_trainable=0 | lora_l2=1.130844e+01 | lora_A_l2=8.426010e+00 | lora_B_l2=7.542087e+00 | component_l2=fc_decoder:9.249160e+00,fc_encoder:6.506439e+00 | lora_abs_max=6.122520e-02 | delta_l2=9.355601e+00 | delta_rel=1.433287e+00 | train_loss=8.142205e-03 | test_loss=8.240501e-03 | nmse=-1.783016e+01
I 06.08/06:41:58 solver.py:224 ] 
=! Best NMSE: -1.7831e+01 (epoch=22)

I 06.08/06:42:00 solver.py:159 ] Epoch: [27/200][20/282] lr: 4.99e-04 | MSE loss: 6.8520e-03 | time: 0.077
I 06.08/06:42:03 solver.py:159 ] Epoch: [27/200][40/282] lr: 4.99e-04 | MSE loss: 7.8228e-03 | time: 0.125
I 06.08/06:42:05 solver.py:159 ] Epoch: [27/200][60/282] lr: 4.99e-04 | MSE loss: 7.5331e-03 | time: 0.121
I 06.08/06:42:07 solver.py:159 ] Epoch: [27/200][80/282] lr: 4.99e-04 | MSE loss: 7.2856e-03 | time: 0.108
I 06.08/06:42:08 solver.py:159 ] Epoch: [27/200][100/282] lr: 4.99e-04 | MSE loss: 7.9679e-03 | time: 0.102
I 06.08/06:42:10 solver.py:159 ] Epoch: [27/200][120/282] lr: 4.99e-04 | MSE loss: 8.0736e-03 | time: 0.097
I 06.08/06:42:11 solver.py:159 ] Epoch: [27/200][140/282] lr: 4.99e-04 | MSE loss: 8.0043e-03 | time: 0.095
I 06.08/06:42:13 solver.py:159 ] Epoch: [27/200][160/282] lr: 4.99e-04 | MSE loss: 8.3893e-03 | time: 0.092
I 06.08/06:42:14 solver.py:159 ] Epoch: [27/200][180/282] lr: 4.98e-04 | MSE loss: 8.3946e-03 | time: 0.090
I 06.08/06:42:16 solver.py:159 ] Epoch: [27/200][200/282] lr: 4.98e-04 | MSE loss: 8.1285e-03 | time: 0.088
I 06.08/06:42:17 solver.py:159 ] Epoch: [27/200][220/282] lr: 4.98e-04 | MSE loss: 8.3182e-03 | time: 0.087
I 06.08/06:42:19 solver.py:159 ] Epoch: [27/200][240/282] lr: 4.98e-04 | MSE loss: 8.3317e-03 | time: 0.086
I 06.08/06:42:20 solver.py:159 ] Epoch: [27/200][260/282] lr: 4.98e-04 | MSE loss: 8.2931e-03 | time: 0.085
I 06.08/06:42:22 solver.py:159 ] Epoch: [27/200][280/282] lr: 4.98e-04 | MSE loss: 8.1678e-03 | time: 0.084
I 06.08/06:42:22 solver.py:169 ] => Train  Loss: 8.1617e-03

I 06.08/06:42:23 solver.py:405 ] [20/32] loss: 9.3589e-03 | NMSE: -1.6780e+01 | time: 0.066
I 06.08/06:42:24 solver.py:413 ] => Test NMSE: -1.7830e+01

I 06.08/06:42:24 solver.py:345 ] => LoRA monitor [epoch=27] | trainable=1310720/1310720 | non_lora_trainable=0 | lora_l2=1.142239e+01 | lora_A_l2=8.447065e+00 | lora_B_l2=7.688834e+00 | component_l2=fc_decoder:9.373893e+00,fc_encoder:6.526958e+00 | lora_abs_max=6.365845e-02 | delta_l2=9.498942e+00 | delta_rel=1.455247e+00 | train_loss=8.161724e-03 | test_loss=8.240363e-03 | nmse=-1.783024e+01
I 06.08/06:42:24 solver.py:224 ] 
=! Best NMSE: -1.7831e+01 (epoch=22)

I 06.08/06:42:25 solver.py:159 ] Epoch: [28/200][20/282] lr: 4.98e-04 | MSE loss: 1.0110e-02 | time: 0.072
I 06.08/06:42:27 solver.py:159 ] Epoch: [28/200][40/282] lr: 4.98e-04 | MSE loss: 9.4428e-03 | time: 0.071
I 06.08/06:42:28 solver.py:159 ] Epoch: [28/200][60/282] lr: 4.98e-04 | MSE loss: 8.6389e-03 | time: 0.068
I 06.08/06:42:29 solver.py:159 ] Epoch: [28/200][80/282] lr: 4.98e-04 | MSE loss: 8.6406e-03 | time: 0.065
I 06.08/06:42:30 solver.py:159 ] Epoch: [28/200][100/282] lr: 4.98e-04 | MSE loss: 8.2775e-03 | time: 0.065
I 06.08/06:42:32 solver.py:159 ] Epoch: [28/200][120/282] lr: 4.98e-04 | MSE loss: 8.5588e-03 | time: 0.066
I 06.08/06:42:33 solver.py:159 ] Epoch: [28/200][140/282] lr: 4.98e-04 | MSE loss: 8.4808e-03 | time: 0.065
I 06.08/06:42:34 solver.py:159 ] Epoch: [28/200][160/282] lr: 4.98e-04 | MSE loss: 8.2623e-03 | time: 0.065
I 06.08/06:42:35 solver.py:159 ] Epoch: [28/200][180/282] lr: 4.98e-04 | MSE loss: 8.3292e-03 | time: 0.065
I 06.08/06:42:37 solver.py:159 ] Epoch: [28/200][200/282] lr: 4.98e-04 | MSE loss: 8.2935e-03 | time: 0.064
I 06.08/06:42:38 solver.py:159 ] Epoch: [28/200][220/282] lr: 4.98e-04 | MSE loss: 8.0949e-03 | time: 0.064
I 06.08/06:42:39 solver.py:159 ] Epoch: [28/200][240/282] lr: 4.98e-04 | MSE loss: 8.0372e-03 | time: 0.064
I 06.08/06:42:40 solver.py:159 ] Epoch: [28/200][260/282] lr: 4.98e-04 | MSE loss: 8.0582e-03 | time: 0.064
I 06.08/06:42:41 solver.py:159 ] Epoch: [28/200][280/282] lr: 4.98e-04 | MSE loss: 8.1923e-03 | time: 0.063
I 06.08/06:42:41 solver.py:169 ] => Train  Loss: 8.1431e-03

I 06.08/06:42:42 solver.py:405 ] [20/32] loss: 9.3598e-03 | NMSE: -1.6780e+01 | time: 0.049
I 06.08/06:42:43 solver.py:413 ] => Test NMSE: -1.7830e+01

I 06.08/06:42:43 solver.py:345 ] => LoRA monitor [epoch=28] | trainable=1310720/1310720 | non_lora_trainable=0 | lora_l2=1.156736e+01 | lora_A_l2=8.499702e+00 | lora_B_l2=7.845949e+00 | component_l2=fc_decoder:9.512794e+00,fc_encoder:6.581078e+00 | lora_abs_max=6.431266e-02 | delta_l2=9.681016e+00 | delta_rel=1.483141e+00 | train_loss=8.143106e-03 | test_loss=8.241093e-03 | nmse=-1.782985e+01
I 06.08/06:42:43 solver.py:224 ] 
=! Best NMSE: -1.7831e+01 (epoch=22)

I 06.08/06:42:44 solver.py:159 ] Epoch: [29/200][20/282] lr: 4.98e-04 | MSE loss: 6.3759e-03 | time: 0.057
I 06.08/06:42:45 solver.py:159 ] Epoch: [29/200][40/282] lr: 4.98e-04 | MSE loss: 8.3092e-03 | time: 0.053
I 06.08/06:42:47 solver.py:159 ] Epoch: [29/200][60/282] lr: 4.98e-04 | MSE loss: 8.7552e-03 | time: 0.060
I 06.08/06:42:48 solver.py:159 ] Epoch: [29/200][80/282] lr: 4.98e-04 | MSE loss: 8.2164e-03 | time: 0.062
I 06.08/06:42:49 solver.py:159 ] Epoch: [29/200][100/282] lr: 4.98e-04 | MSE loss: 7.4234e-03 | time: 0.064
I 06.08/06:42:51 solver.py:159 ] Epoch: [29/200][120/282] lr: 4.98e-04 | MSE loss: 7.5622e-03 | time: 0.066
I 06.08/06:42:52 solver.py:159 ] Epoch: [29/200][140/282] lr: 4.98e-04 | MSE loss: 7.6004e-03 | time: 0.065
I 06.08/06:42:53 solver.py:159 ] Epoch: [29/200][160/282] lr: 4.97e-04 | MSE loss: 7.5135e-03 | time: 0.065
I 06.08/06:42:55 solver.py:159 ] Epoch: [29/200][180/282] lr: 4.97e-04 | MSE loss: 7.7865e-03 | time: 0.065
I 06.08/06:42:56 solver.py:159 ] Epoch: [29/200][200/282] lr: 4.97e-04 | MSE loss: 7.8513e-03 | time: 0.065
I 06.08/06:42:57 solver.py:159 ] Epoch: [29/200][220/282] lr: 4.97e-04 | MSE loss: 7.8224e-03 | time: 0.065
I 06.08/06:42:59 solver.py:159 ] Epoch: [29/200][240/282] lr: 4.97e-04 | MSE loss: 7.7918e-03 | time: 0.065
I 06.08/06:43:00 solver.py:159 ] Epoch: [29/200][260/282] lr: 4.97e-04 | MSE loss: 8.1058e-03 | time: 0.065
I 06.08/06:43:02 solver.py:159 ] Epoch: [29/200][280/282] lr: 4.97e-04 | MSE loss: 8.1255e-03 | time: 0.069
I 06.08/06:43:03 solver.py:169 ] => Train  Loss: 8.1804e-03

I 06.08/06:43:06 solver.py:405 ] [20/32] loss: 9.3680e-03 | NMSE: -1.6776e+01 | time: 0.137
I 06.08/06:43:06 solver.py:413 ] => Test NMSE: -1.7826e+01

I 06.08/06:43:07 solver.py:345 ] => LoRA monitor [epoch=29] | trainable=1310720/1310720 | non_lora_trainable=0 | lora_l2=1.182078e+01 | lora_A_l2=8.599850e+00 | lora_B_l2=8.110081e+00 | component_l2=fc_decoder:9.755149e+00,fc_encoder:6.675920e+00 | lora_abs_max=7.001466e-02 | delta_l2=9.989398e+00 | delta_rel=1.530385e+00 | train_loss=8.180350e-03 | test_loss=8.247828e-03 | nmse=-1.782631e+01
I 06.08/06:43:07 solver.py:224 ] 
=! Best NMSE: -1.7831e+01 (epoch=22)

I 06.08/06:43:08 solver.py:159 ] Epoch: [30/200][20/282] lr: 4.97e-04 | MSE loss: 8.3241e-03 | time: 0.088
I 06.08/06:43:10 solver.py:159 ] Epoch: [30/200][40/282] lr: 4.97e-04 | MSE loss: 8.9105e-03 | time: 0.078
I 06.08/06:43:11 solver.py:159 ] Epoch: [30/200][60/282] lr: 4.97e-04 | MSE loss: 9.0369e-03 | time: 0.073
I 06.08/06:43:13 solver.py:159 ] Epoch: [30/200][80/282] lr: 4.97e-04 | MSE loss: 9.4739e-03 | time: 0.075
I 06.08/06:43:14 solver.py:159 ] Epoch: [30/200][100/282] lr: 4.97e-04 | MSE loss: 9.6533e-03 | time: 0.078
I 06.08/06:43:16 solver.py:159 ] Epoch: [30/200][120/282] lr: 4.97e-04 | MSE loss: 9.6635e-03 | time: 0.079
I 06.08/06:43:17 solver.py:159 ] Epoch: [30/200][140/282] lr: 4.97e-04 | MSE loss: 9.6040e-03 | time: 0.078
I 06.08/06:43:19 solver.py:159 ] Epoch: [30/200][160/282] lr: 4.97e-04 | MSE loss: 1.0029e-02 | time: 0.076
I 06.08/06:43:20 solver.py:159 ] Epoch: [30/200][180/282] lr: 4.97e-04 | MSE loss: 1.1200e-02 | time: 0.074
I 06.08/06:43:21 solver.py:159 ] Epoch: [30/200][200/282] lr: 4.97e-04 | MSE loss: 1.2255e-02 | time: 0.071
I 06.08/06:43:22 solver.py:159 ] Epoch: [30/200][220/282] lr: 4.97e-04 | MSE loss: 1.2291e-02 | time: 0.069
I 06.08/06:43:23 solver.py:159 ] Epoch: [30/200][240/282] lr: 4.97e-04 | MSE loss: 1.2080e-02 | time: 0.068
I 06.08/06:43:24 solver.py:159 ] Epoch: [30/200][260/282] lr: 4.97e-04 | MSE loss: 1.1730e-02 | time: 0.067
I 06.08/06:43:25 solver.py:159 ] Epoch: [30/200][280/282] lr: 4.97e-04 | MSE loss: 1.1471e-02 | time: 0.067
I 06.08/06:43:25 solver.py:169 ] => Train  Loss: 1.1425e-02

I 06.08/06:43:27 solver.py:159 ] Epoch: [30/200][20/32] lr: 4.97e-04 | MSE loss: 9.9975e-03 | time: 0.062
I 06.08/06:43:27 solver.py:169 ] => Val  Loss: 8.7530e-03

I 06.08/06:43:29 solver.py:405 ] [20/32] loss: 9.9975e-03 | NMSE: -1.6549e+01 | time: 0.072
I 06.08/06:43:30 solver.py:413 ] => Test NMSE: -1.7472e+01

I 06.08/06:43:30 solver.py:345 ] => LoRA monitor [epoch=30] | trainable=1310720/1310720 | non_lora_trainable=0 | lora_l2=1.880024e+01 | lora_A_l2=1.283291e+01 | lora_B_l2=1.373920e+01 | component_l2=fc_decoder:1.490178e+01,fc_encoder:1.146238e+01 | lora_abs_max=1.022613e-01 | delta_l2=1.780080e+01 | delta_rel=2.727099e+00 | train_loss=1.142463e-02 | val_loss=8.753008e-03 | test_loss=8.949509e-03 | nmse=-1.747171e+01
I 06.08/06:43:30 solver.py:224 ] 
=! Best NMSE: -1.7831e+01 (epoch=22)

I 06.08/06:43:31 solver.py:159 ] Epoch: [31/200][20/282] lr: 4.97e-04 | MSE loss: 9.9519e-03 | time: 0.074
I 06.08/06:43:33 solver.py:159 ] Epoch: [31/200][40/282] lr: 4.96e-04 | MSE loss: 9.2211e-03 | time: 0.075
I 06.08/06:43:34 solver.py:159 ] Epoch: [31/200][60/282] lr: 4.96e-04 | MSE loss: 9.3152e-03 | time: 0.073
I 06.08/06:43:35 solver.py:159 ] Epoch: [31/200][80/282] lr: 4.96e-04 | MSE loss: 9.0349e-03 | time: 0.070
I 06.08/06:43:37 solver.py:159 ] Epoch: [31/200][100/282] lr: 4.96e-04 | MSE loss: 8.5767e-03 | time: 0.068
I 06.08/06:43:38 solver.py:159 ] Epoch: [31/200][120/282] lr: 4.96e-04 | MSE loss: 8.8161e-03 | time: 0.066
I 06.08/06:43:39 solver.py:159 ] Epoch: [31/200][140/282] lr: 4.96e-04 | MSE loss: 8.5017e-03 | time: 0.065
I 06.08/06:43:40 solver.py:159 ] Epoch: [31/200][160/282] lr: 4.96e-04 | MSE loss: 8.4175e-03 | time: 0.064
I 06.08/06:43:41 solver.py:159 ] Epoch: [31/200][180/282] lr: 4.96e-04 | MSE loss: 8.6985e-03 | time: 0.064
I 06.08/06:43:42 solver.py:159 ] Epoch: [31/200][200/282] lr: 4.96e-04 | MSE loss: 8.6545e-03 | time: 0.063
I 06.08/06:43:43 solver.py:159 ] Epoch: [31/200][220/282] lr: 4.96e-04 | MSE loss: 8.5286e-03 | time: 0.062
I 06.08/06:43:45 solver.py:159 ] Epoch: [31/200][240/282] lr: 4.96e-04 | MSE loss: 8.5287e-03 | time: 0.063
I 06.08/06:43:46 solver.py:159 ] Epoch: [31/200][260/282] lr: 4.96e-04 | MSE loss: 8.5341e-03 | time: 0.063
I 06.08/06:43:48 solver.py:159 ] Epoch: [31/200][280/282] lr: 4.96e-04 | MSE loss: 8.4138e-03 | time: 0.064
I 06.08/06:43:48 solver.py:169 ] => Train  Loss: 8.3657e-03

I 06.08/06:43:49 solver.py:405 ] [20/32] loss: 9.4405e-03 | NMSE: -1.6747e+01 | time: 0.067
I 06.08/06:43:50 solver.py:413 ] => Test NMSE: -1.7789e+01

I 06.08/06:43:50 solver.py:345 ] => LoRA monitor [epoch=31] | trainable=1310720/1310720 | non_lora_trainable=0 | lora_l2=1.821160e+01 | lora_A_l2=1.240953e+01 | lora_B_l2=1.332914e+01 | component_l2=fc_decoder:1.450156e+01,fc_encoder:1.101668e+01 | lora_abs_max=9.768723e-02 | delta_l2=1.718275e+01 | delta_rel=2.632414e+00 | train_loss=8.365716e-03 | test_loss=8.319629e-03 | nmse=-1.778866e+01
I 06.08/06:43:50 solver.py:224 ] 
=! Best NMSE: -1.7831e+01 (epoch=22)

I 06.08/06:43:51 solver.py:159 ] Epoch: [32/200][20/282] lr: 4.96e-04 | MSE loss: 8.5647e-03 | time: 0.081
I 06.08/06:43:53 solver.py:159 ] Epoch: [32/200][40/282] lr: 4.96e-04 | MSE loss: 8.8564e-03 | time: 0.077
I 06.08/06:43:54 solver.py:159 ] Epoch: [32/200][60/282] lr: 4.96e-04 | MSE loss: 8.8635e-03 | time: 0.076
I 06.08/06:43:56 solver.py:159 ] Epoch: [32/200][80/282] lr: 4.96e-04 | MSE loss: 8.1794e-03 | time: 0.073
I 06.08/06:43:57 solver.py:159 ] Epoch: [32/200][100/282] lr: 4.96e-04 | MSE loss: 8.2170e-03 | time: 0.070
I 06.08/06:43:58 solver.py:159 ] Epoch: [32/200][120/282] lr: 4.96e-04 | MSE loss: 8.0734e-03 | time: 0.068
I 06.08/06:43:59 solver.py:159 ] Epoch: [32/200][140/282] lr: 4.95e-04 | MSE loss: 8.0432e-03 | time: 0.066
I 06.08/06:44:00 solver.py:159 ] Epoch: [32/200][160/282] lr: 4.95e-04 | MSE loss: 7.6525e-03 | time: 0.064
I 06.08/06:44:02 solver.py:159 ] Epoch: [32/200][180/282] lr: 4.95e-04 | MSE loss: 7.7069e-03 | time: 0.067
I 06.08/06:44:04 solver.py:159 ] Epoch: [32/200][200/282] lr: 4.95e-04 | MSE loss: 7.9788e-03 | time: 0.071
I 06.08/06:44:05 solver.py:159 ] Epoch: [32/200][220/282] lr: 4.95e-04 | MSE loss: 8.0351e-03 | time: 0.070
I 06.08/06:44:06 solver.py:159 ] Epoch: [32/200][240/282] lr: 4.95e-04 | MSE loss: 8.1052e-03 | time: 0.069
I 06.08/06:44:08 solver.py:159 ] Epoch: [32/200][260/282] lr: 4.95e-04 | MSE loss: 8.0689e-03 | time: 0.068
I 06.08/06:44:09 solver.py:159 ] Epoch: [32/200][280/282] lr: 4.95e-04 | MSE loss: 8.2041e-03 | time: 0.067
I 06.08/06:44:09 solver.py:169 ] => Train  Loss: 8.2742e-03

I 06.08/06:44:10 solver.py:405 ] [20/32] loss: 9.4049e-03 | NMSE: -1.6762e+01 | time: 0.054
I 06.08/06:44:10 solver.py:413 ] => Test NMSE: -1.7807e+01

I 06.08/06:44:10 solver.py:345 ] => LoRA monitor [epoch=32] | trainable=1310720/1310720 | non_lora_trainable=0 | lora_l2=1.802797e+01 | lora_A_l2=1.230815e+01 | lora_B_l2=1.317259e+01 | component_l2=fc_decoder:1.434649e+01,fc_encoder:1.091722e+01 | lora_abs_max=9.661832e-02 | delta_l2=1.698907e+01 | delta_rel=2.602741e+00 | train_loss=8.274219e-03 | test_loss=8.284852e-03 | nmse=-1.780685e+01
I 06.08/06:44:10 solver.py:224 ] 
=! Best NMSE: -1.7831e+01 (epoch=22)

I 06.08/06:44:11 solver.py:159 ] Epoch: [33/200][20/282] lr: 4.95e-04 | MSE loss: 6.9991e-03 | time: 0.056
I 06.08/06:44:12 solver.py:159 ] Epoch: [33/200][40/282] lr: 4.95e-04 | MSE loss: 7.0473e-03 | time: 0.053
I 06.08/06:44:13 solver.py:159 ] Epoch: [33/200][60/282] lr: 4.95e-04 | MSE loss: 7.4012e-03 | time: 0.052
I 06.08/06:44:14 solver.py:159 ] Epoch: [33/200][80/282] lr: 4.95e-04 | MSE loss: 8.5516e-03 | time: 0.051
I 06.08/06:44:16 solver.py:159 ] Epoch: [33/200][100/282] lr: 4.95e-04 | MSE loss: 8.5554e-03 | time: 0.052
I 06.08/06:44:17 solver.py:159 ] Epoch: [33/200][120/282] lr: 4.95e-04 | MSE loss: 8.5434e-03 | time: 0.052
I 06.08/06:44:18 solver.py:159 ] Epoch: [33/200][140/282] lr: 4.95e-04 | MSE loss: 8.5010e-03 | time: 0.052
I 06.08/06:44:19 solver.py:159 ] Epoch: [33/200][160/282] lr: 4.95e-04 | MSE loss: 8.2713e-03 | time: 0.052
I 06.08/06:44:20 solver.py:159 ] Epoch: [33/200][180/282] lr: 4.95e-04 | MSE loss: 8.4102e-03 | time: 0.052
I 06.08/06:44:21 solver.py:159 ] Epoch: [33/200][200/282] lr: 4.94e-04 | MSE loss: 8.3353e-03 | time: 0.052
I 06.08/06:44:22 solver.py:159 ] Epoch: [33/200][220/282] lr: 4.94e-04 | MSE loss: 8.2188e-03 | time: 0.054
I 06.08/06:44:24 solver.py:159 ] Epoch: [33/200][240/282] lr: 4.94e-04 | MSE loss: 8.1877e-03 | time: 0.056
I 06.08/06:44:25 solver.py:159 ] Epoch: [33/200][260/282] lr: 4.94e-04 | MSE loss: 8.1994e-03 | time: 0.056
I 06.08/06:44:26 solver.py:159 ] Epoch: [33/200][280/282] lr: 4.94e-04 | MSE loss: 8.2084e-03 | time: 0.056
I 06.08/06:44:26 solver.py:169 ] => Train  Loss: 8.1858e-03

I 06.08/06:44:27 solver.py:405 ] [20/32] loss: 9.3905e-03 | NMSE: -1.6768e+01 | time: 0.039
I 06.08/06:44:27 solver.py:413 ] => Test NMSE: -1.7814e+01

I 06.08/06:44:27 solver.py:345 ] => LoRA monitor [epoch=33] | trainable=1310720/1310720 | non_lora_trainable=0 | lora_l2=1.790619e+01 | lora_A_l2=1.224165e+01 | lora_B_l2=1.306803e+01 | component_l2=fc_decoder:1.424236e+01,fc_encoder:1.085296e+01 | lora_abs_max=9.603621e-02 | delta_l2=1.686037e+01 | delta_rel=2.583024e+00 | train_loss=8.185810e-03 | test_loss=8.270394e-03 | nmse=-1.781444e+01
I 06.08/06:44:27 solver.py:224 ] 
=! Best NMSE: -1.7831e+01 (epoch=22)

I 06.08/06:44:29 solver.py:159 ] Epoch: [34/200][20/282] lr: 4.94e-04 | MSE loss: 8.8773e-03 | time: 0.065
I 06.08/06:44:30 solver.py:159 ] Epoch: [34/200][40/282] lr: 4.94e-04 | MSE loss: 7.6048e-03 | time: 0.057
I 06.08/06:44:31 solver.py:159 ] Epoch: [34/200][60/282] lr: 4.94e-04 | MSE loss: 7.4905e-03 | time: 0.056
I 06.08/06:44:32 solver.py:159 ] Epoch: [34/200][80/282] lr: 4.94e-04 | MSE loss: 8.1140e-03 | time: 0.055
I 06.08/06:44:33 solver.py:159 ] Epoch: [34/200][100/282] lr: 4.94e-04 | MSE loss: 8.9429e-03 | time: 0.058
I 06.08/06:44:34 solver.py:159 ] Epoch: [34/200][120/282] lr: 4.94e-04 | MSE loss: 8.7738e-03 | time: 0.060
I 06.08/06:44:36 solver.py:159 ] Epoch: [34/200][140/282] lr: 4.94e-04 | MSE loss: 8.9294e-03 | time: 0.061
I 06.08/06:44:37 solver.py:159 ] Epoch: [34/200][160/282] lr: 4.94e-04 | MSE loss: 8.7420e-03 | time: 0.063
I 06.08/06:44:39 solver.py:159 ] Epoch: [34/200][180/282] lr: 4.94e-04 | MSE loss: 8.5596e-03 | time: 0.066
I 06.08/06:44:40 solver.py:159 ] Epoch: [34/200][200/282] lr: 4.94e-04 | MSE loss: 8.4839e-03 | time: 0.065
I 06.08/06:44:41 solver.py:159 ] Epoch: [34/200][220/282] lr: 4.94e-04 | MSE loss: 8.3748e-03 | time: 0.064
I 06.08/06:44:43 solver.py:159 ] Epoch: [34/200][240/282] lr: 4.93e-04 | MSE loss: 8.3914e-03 | time: 0.064
I 06.08/06:44:44 solver.py:159 ] Epoch: [34/200][260/282] lr: 4.93e-04 | MSE loss: 8.2889e-03 | time: 0.063
I 06.08/06:44:45 solver.py:159 ] Epoch: [34/200][280/282] lr: 4.93e-04 | MSE loss: 8.2060e-03 | time: 0.062
I 06.08/06:44:45 solver.py:169 ] => Train  Loss: 8.1647e-03

I 06.08/06:44:46 solver.py:405 ] [20/32] loss: 9.3830e-03 | NMSE: -1.6771e+01 | time: 0.050
I 06.08/06:44:46 solver.py:413 ] => Test NMSE: -1.7818e+01

I 06.08/06:44:46 solver.py:345 ] => LoRA monitor [epoch=34] | trainable=1310720/1310720 | non_lora_trainable=0 | lora_l2=1.781185e+01 | lora_A_l2=1.219070e+01 | lora_B_l2=1.298648e+01 | component_l2=fc_decoder:1.416050e+01,fc_encoder:1.080472e+01 | lora_abs_max=9.574246e-02 | delta_l2=1.676072e+01 | delta_rel=2.567757e+00 | train_loss=8.164696e-03 | test_loss=8.263155e-03 | nmse=-1.781824e+01
I 06.08/06:44:46 solver.py:224 ] 
=! Best NMSE: -1.7831e+01 (epoch=22)

I 06.08/06:44:47 solver.py:159 ] Epoch: [35/200][20/282] lr: 4.93e-04 | MSE loss: 9.0379e-03 | time: 0.055
I 06.08/06:44:49 solver.py:159 ] Epoch: [35/200][40/282] lr: 4.93e-04 | MSE loss: 9.2956e-03 | time: 0.057
I 06.08/06:44:50 solver.py:159 ] Epoch: [35/200][60/282] lr: 4.93e-04 | MSE loss: 8.5702e-03 | time: 0.056
I 06.08/06:44:51 solver.py:159 ] Epoch: [35/200][80/282] lr: 4.93e-04 | MSE loss: 8.4933e-03 | time: 0.055
I 06.08/06:44:52 solver.py:159 ] Epoch: [35/200][100/282] lr: 4.93e-04 | MSE loss: 8.4502e-03 | time: 0.057
I 06.08/06:44:53 solver.py:159 ] Epoch: [35/200][120/282] lr: 4.93e-04 | MSE loss: 8.2335e-03 | time: 0.057
I 06.08/06:44:54 solver.py:159 ] Epoch: [35/200][140/282] lr: 4.93e-04 | MSE loss: 8.3370e-03 | time: 0.057
I 06.08/06:44:55 solver.py:159 ] Epoch: [35/200][160/282] lr: 4.93e-04 | MSE loss: 8.2137e-03 | time: 0.057
I 06.08/06:44:56 solver.py:159 ] Epoch: [35/200][180/282] lr: 4.93e-04 | MSE loss: 8.2495e-03 | time: 0.056
I 06.08/06:44:57 solver.py:159 ] Epoch: [35/200][200/282] lr: 4.93e-04 | MSE loss: 8.1052e-03 | time: 0.056
I 06.08/06:44:58 solver.py:159 ] Epoch: [35/200][220/282] lr: 4.93e-04 | MSE loss: 8.0136e-03 | time: 0.054
I 06.08/06:44:59 solver.py:159 ] Epoch: [35/200][240/282] lr: 4.92e-04 | MSE loss: 8.0405e-03 | time: 0.054
I 06.08/06:45:00 solver.py:159 ] Epoch: [35/200][260/282] lr: 4.92e-04 | MSE loss: 8.2076e-03 | time: 0.054
I 06.08/06:45:02 solver.py:159 ] Epoch: [35/200][280/282] lr: 4.92e-04 | MSE loss: 8.2051e-03 | time: 0.057
I 06.08/06:45:02 solver.py:169 ] => Train  Loss: 8.1583e-03

I 06.08/06:45:04 solver.py:405 ] [20/32] loss: 9.3777e-03 | NMSE: -1.6773e+01 | time: 0.090
I 06.08/06:45:05 solver.py:413 ] => Test NMSE: -1.7821e+01

I 06.08/06:45:05 solver.py:345 ] => LoRA monitor [epoch=35] | trainable=1310720/1310720 | non_lora_trainable=0 | lora_l2=1.773543e+01 | lora_A_l2=1.214872e+01 | lora_B_l2=1.292107e+01 | component_l2=fc_decoder:1.409477e+01,fc_encoder:1.076489e+01 | lora_abs_max=9.551951e-02 | delta_l2=1.667985e+01 | delta_rel=2.555368e+00 | train_loss=8.158312e-03 | test_loss=8.258007e-03 | nmse=-1.782095e+01
I 06.08/06:45:05 solver.py:224 ] 
=! Best NMSE: -1.7831e+01 (epoch=22)

I 06.08/06:45:05 solver.py:159 ] Epoch: [36/200][20/282] lr: 4.92e-04 | MSE loss: 9.3444e-03 | time: 0.043
I 06.08/06:45:06 solver.py:159 ] Epoch: [36/200][40/282] lr: 4.92e-04 | MSE loss: 8.3603e-03 | time: 0.043
I 06.08/06:45:07 solver.py:159 ] Epoch: [36/200][60/282] lr: 4.92e-04 | MSE loss: 8.9995e-03 | time: 0.046
I 06.08/06:45:08 solver.py:159 ] Epoch: [36/200][80/282] lr: 4.92e-04 | MSE loss: 9.0943e-03 | time: 0.047
I 06.08/06:45:09 solver.py:159 ] Epoch: [36/200][100/282] lr: 4.92e-04 | MSE loss: 8.7936e-03 | time: 0.048
I 06.08/06:45:10 solver.py:159 ] Epoch: [36/200][120/282] lr: 4.92e-04 | MSE loss: 9.2228e-03 | time: 0.048
I 06.08/06:45:12 solver.py:159 ] Epoch: [36/200][140/282] lr: 4.92e-04 | MSE loss: 8.9631e-03 | time: 0.049
I 06.08/06:45:13 solver.py:159 ] Epoch: [36/200][160/282] lr: 4.92e-04 | MSE loss: 8.7054e-03 | time: 0.050
I 06.08/06:45:14 solver.py:159 ] Epoch: [36/200][180/282] lr: 4.92e-04 | MSE loss: 8.6369e-03 | time: 0.050
I 06.08/06:45:15 solver.py:159 ] Epoch: [36/200][200/282] lr: 4.92e-04 | MSE loss: 8.4679e-03 | time: 0.050
I 06.08/06:45:16 solver.py:159 ] Epoch: [36/200][220/282] lr: 4.92e-04 | MSE loss: 8.2743e-03 | time: 0.050
I 06.08/06:45:17 solver.py:159 ] Epoch: [36/200][240/282] lr: 4.91e-04 | MSE loss: 8.1313e-03 | time: 0.050
I 06.08/06:45:18 solver.py:159 ] Epoch: [36/200][260/282] lr: 4.91e-04 | MSE loss: 8.2235e-03 | time: 0.050
I 06.08/06:45:18 solver.py:159 ] Epoch: [36/200][280/282] lr: 4.91e-04 | MSE loss: 8.1792e-03 | time: 0.049
I 06.08/06:45:18 solver.py:169 ] => Train  Loss: 8.1535e-03

I 06.08/06:45:19 solver.py:405 ] [20/32] loss: 9.3738e-03 | NMSE: -1.6775e+01 | time: 0.047
I 06.08/06:45:20 solver.py:413 ] => Test NMSE: -1.7823e+01

I 06.08/06:45:20 solver.py:345 ] => LoRA monitor [epoch=36] | trainable=1310720/1310720 | non_lora_trainable=0 | lora_l2=1.766948e+01 | lora_A_l2=1.211184e+01 | lora_B_l2=1.286522e+01 | component_l2=fc_decoder:1.403840e+01,fc_encoder:1.073004e+01 | lora_abs_max=9.551521e-02 | delta_l2=1.660996e+01 | delta_rel=2.544662e+00 | train_loss=8.153520e-03 | test_loss=8.254481e-03 | nmse=-1.782280e+01
I 06.08/06:45:20 solver.py:224 ] 
=! Best NMSE: -1.7831e+01 (epoch=22)

I 06.08/06:45:21 solver.py:159 ] Epoch: [37/200][20/282] lr: 4.91e-04 | MSE loss: 9.9213e-03 | time: 0.054
I 06.08/06:45:22 solver.py:159 ] Epoch: [37/200][40/282] lr: 4.91e-04 | MSE loss: 8.4496e-03 | time: 0.057
I 06.08/06:45:24 solver.py:159 ] Epoch: [37/200][60/282] lr: 4.91e-04 | MSE loss: 7.9329e-03 | time: 0.061
I 06.08/06:45:25 solver.py:159 ] Epoch: [37/200][80/282] lr: 4.91e-04 | MSE loss: 8.1323e-03 | time: 0.064
I 06.08/06:45:26 solver.py:159 ] Epoch: [37/200][100/282] lr: 4.91e-04 | MSE loss: 8.4163e-03 | time: 0.061
I 06.08/06:45:27 solver.py:159 ] Epoch: [37/200][120/282] lr: 4.91e-04 | MSE loss: 8.5673e-03 | time: 0.059
I 06.08/06:45:28 solver.py:159 ] Epoch: [37/200][140/282] lr: 4.91e-04 | MSE loss: 8.4365e-03 | time: 0.057
I 06.08/06:45:29 solver.py:159 ] Epoch: [37/200][160/282] lr: 4.91e-04 | MSE loss: 8.3537e-03 | time: 0.056
I 06.08/06:45:30 solver.py:159 ] Epoch: [37/200][180/282] lr: 4.91e-04 | MSE loss: 8.4582e-03 | time: 0.055
I 06.08/06:45:31 solver.py:159 ] Epoch: [37/200][200/282] lr: 4.90e-04 | MSE loss: 8.3155e-03 | time: 0.055
I 06.08/06:45:32 solver.py:159 ] Epoch: [37/200][220/282] lr: 4.90e-04 | MSE loss: 8.3857e-03 | time: 0.055
I 06.08/06:45:33 solver.py:159 ] Epoch: [37/200][240/282] lr: 4.90e-04 | MSE loss: 8.2968e-03 | time: 0.054
I 06.08/06:45:34 solver.py:159 ] Epoch: [37/200][260/282] lr: 4.90e-04 | MSE loss: 8.2553e-03 | time: 0.054
I 06.08/06:45:35 solver.py:159 ] Epoch: [37/200][280/282] lr: 4.90e-04 | MSE loss: 8.2002e-03 | time: 0.054
I 06.08/06:45:35 solver.py:169 ] => Train  Loss: 8.1509e-03

I 06.08/06:45:36 solver.py:405 ] [20/32] loss: 9.3712e-03 | NMSE: -1.6776e+01 | time: 0.062
I 06.08/06:45:37 solver.py:413 ] => Test NMSE: -1.7824e+01

I 06.08/06:45:37 solver.py:345 ] => LoRA monitor [epoch=37] | trainable=1310720/1310720 | non_lora_trainable=0 | lora_l2=1.761136e+01 | lora_A_l2=1.207822e+01 | lora_B_l2=1.281705e+01 | component_l2=fc_decoder:1.398961e+01,fc_encoder:1.069818e+01 | lora_abs_max=9.551644e-02 | delta_l2=1.654840e+01 | delta_rel=2.535230e+00 | train_loss=8.150873e-03 | test_loss=8.251699e-03 | nmse=-1.782427e+01
I 06.08/06:45:37 solver.py:224 ] 
=! Best NMSE: -1.7831e+01 (epoch=22)

I 06.08/06:45:38 solver.py:159 ] Epoch: [38/200][20/282] lr: 4.90e-04 | MSE loss: 7.1043e-03 | time: 0.067
I 06.08/06:45:39 solver.py:159 ] Epoch: [38/200][40/282] lr: 4.90e-04 | MSE loss: 7.9954e-03 | time: 0.058
I 06.08/06:45:40 solver.py:159 ] Epoch: [38/200][60/282] lr: 4.90e-04 | MSE loss: 8.2399e-03 | time: 0.053
I 06.08/06:45:41 solver.py:159 ] Epoch: [38/200][80/282] lr: 4.90e-04 | MSE loss: 8.5607e-03 | time: 0.054
I 06.08/06:45:43 solver.py:159 ] Epoch: [38/200][100/282] lr: 4.90e-04 | MSE loss: 7.8762e-03 | time: 0.055
I 06.08/06:45:44 solver.py:159 ] Epoch: [38/200][120/282] lr: 4.90e-04 | MSE loss: 8.1128e-03 | time: 0.054
I 06.08/06:45:45 solver.py:159 ] Epoch: [38/200][140/282] lr: 4.90e-04 | MSE loss: 8.5100e-03 | time: 0.054
I 06.08/06:45:46 solver.py:159 ] Epoch: [38/200][160/282] lr: 4.90e-04 | MSE loss: 8.4091e-03 | time: 0.054
I 06.08/06:45:47 solver.py:159 ] Epoch: [38/200][180/282] lr: 4.89e-04 | MSE loss: 8.3910e-03 | time: 0.054
I 06.08/06:45:48 solver.py:159 ] Epoch: [38/200][200/282] lr: 4.89e-04 | MSE loss: 8.1417e-03 | time: 0.053
I 06.08/06:45:49 solver.py:159 ] Epoch: [38/200][220/282] lr: 4.89e-04 | MSE loss: 8.0928e-03 | time: 0.053
I 06.08/06:45:50 solver.py:159 ] Epoch: [38/200][240/282] lr: 4.89e-04 | MSE loss: 7.9535e-03 | time: 0.053
I 06.08/06:45:51 solver.py:159 ] Epoch: [38/200][260/282] lr: 4.89e-04 | MSE loss: 7.9614e-03 | time: 0.053
I 06.08/06:45:52 solver.py:159 ] Epoch: [38/200][280/282] lr: 4.89e-04 | MSE loss: 8.1501e-03 | time: 0.054
I 06.08/06:45:52 solver.py:169 ] => Train  Loss: 8.2004e-03

I 06.08/06:45:53 solver.py:405 ] [20/32] loss: 9.3692e-03 | NMSE: -1.6776e+01 | time: 0.046
I 06.08/06:45:54 solver.py:413 ] => Test NMSE: -1.7825e+01

I 06.08/06:45:54 solver.py:345 ] => LoRA monitor [epoch=38] | trainable=1310720/1310720 | non_lora_trainable=0 | lora_l2=1.756032e+01 | lora_A_l2=1.204772e+01 | lora_B_l2=1.277565e+01 | component_l2=fc_decoder:1.394750e+01,fc_encoder:1.066922e+01 | lora_abs_max=9.526119e-02 | delta_l2=1.649424e+01 | delta_rel=2.526933e+00 | train_loss=8.200414e-03 | test_loss=8.250055e-03 | nmse=-1.782513e+01
I 06.08/06:45:54 solver.py:224 ] 
=! Best NMSE: -1.7831e+01 (epoch=22)

I 06.08/06:45:55 solver.py:159 ] Epoch: [39/200][20/282] lr: 4.89e-04 | MSE loss: 7.6711e-03 | time: 0.050
I 06.08/06:45:56 solver.py:159 ] Epoch: [39/200][40/282] lr: 4.89e-04 | MSE loss: 7.1564e-03 | time: 0.050
I 06.08/06:45:57 solver.py:159 ] Epoch: [39/200][60/282] lr: 4.89e-04 | MSE loss: 7.4004e-03 | time: 0.049
I 06.08/06:45:57 solver.py:159 ] Epoch: [39/200][80/282] lr: 4.89e-04 | MSE loss: 7.2374e-03 | time: 0.048
I 06.08/06:45:58 solver.py:159 ] Epoch: [39/200][100/282] lr: 4.89e-04 | MSE loss: 7.7208e-03 | time: 0.048
I 06.08/06:45:59 solver.py:159 ] Epoch: [39/200][120/282] lr: 4.88e-04 | MSE loss: 8.0115e-03 | time: 0.047
I 06.08/06:46:00 solver.py:159 ] Epoch: [39/200][140/282] lr: 4.88e-04 | MSE loss: 7.8707e-03 | time: 0.048
I 06.08/06:46:02 solver.py:159 ] Epoch: [39/200][160/282] lr: 4.88e-04 | MSE loss: 8.1032e-03 | time: 0.053
I 06.08/06:46:04 solver.py:159 ] Epoch: [39/200][180/282] lr: 4.88e-04 | MSE loss: 8.0913e-03 | time: 0.058
I 06.08/06:46:05 solver.py:159 ] Epoch: [39/200][200/282] lr: 4.88e-04 | MSE loss: 8.1806e-03 | time: 0.059
I 06.08/06:46:07 solver.py:159 ] Epoch: [39/200][220/282] lr: 4.88e-04 | MSE loss: 8.0162e-03 | time: 0.058
I 06.08/06:46:07 solver.py:159 ] Epoch: [39/200][240/282] lr: 4.88e-04 | MSE loss: 8.1183e-03 | time: 0.057
I 06.08/06:46:08 solver.py:159 ] Epoch: [39/200][260/282] lr: 4.88e-04 | MSE loss: 8.2550e-03 | time: 0.056
I 06.08/06:46:09 solver.py:159 ] Epoch: [39/200][280/282] lr: 4.88e-04 | MSE loss: 8.1752e-03 | time: 0.055
I 06.08/06:46:09 solver.py:169 ] => Train  Loss: 8.2119e-03

I 06.08/06:46:10 solver.py:405 ] [20/32] loss: 9.3674e-03 | NMSE: -1.6777e+01 | time: 0.056
I 06.08/06:46:11 solver.py:413 ] => Test NMSE: -1.7826e+01

I 06.08/06:46:11 solver.py:345 ] => LoRA monitor [epoch=39] | trainable=1310720/1310720 | non_lora_trainable=0 | lora_l2=1.751037e+01 | lora_A_l2=1.201522e+01 | lora_B_l2=1.273765e+01 | component_l2=fc_decoder:1.390873e+01,fc_encoder:1.063768e+01 | lora_abs_max=9.528273e-02 | delta_l2=1.644119e+01 | delta_rel=2.518806e+00 | train_loss=8.211882e-03 | test_loss=8.248231e-03 | nmse=-1.782609e+01
I 06.08/06:46:11 solver.py:224 ] 
=! Best NMSE: -1.7831e+01 (epoch=22)

I 06.08/06:46:12 solver.py:159 ] Epoch: [40/200][20/282] lr: 4.88e-04 | MSE loss: 7.2656e-03 | time: 0.049
I 06.08/06:46:13 solver.py:159 ] Epoch: [40/200][40/282] lr: 4.88e-04 | MSE loss: 8.1600e-03 | time: 0.053
I 06.08/06:46:14 solver.py:159 ] Epoch: [40/200][60/282] lr: 4.87e-04 | MSE loss: 8.1488e-03 | time: 0.054
I 06.08/06:46:15 solver.py:159 ] Epoch: [40/200][80/282] lr: 4.87e-04 | MSE loss: 8.1696e-03 | time: 0.053
I 06.08/06:46:16 solver.py:159 ] Epoch: [40/200][100/282] lr: 4.87e-04 | MSE loss: 8.0943e-03 | time: 0.052
I 06.08/06:46:17 solver.py:159 ] Epoch: [40/200][120/282] lr: 4.87e-04 | MSE loss: 8.2438e-03 | time: 0.052
I 06.08/06:46:18 solver.py:159 ] Epoch: [40/200][140/282] lr: 4.87e-04 | MSE loss: 8.6257e-03 | time: 0.052
I 06.08/06:46:19 solver.py:159 ] Epoch: [40/200][160/282] lr: 4.87e-04 | MSE loss: 8.4651e-03 | time: 0.051
I 06.08/06:46:20 solver.py:159 ] Epoch: [40/200][180/282] lr: 4.87e-04 | MSE loss: 8.7134e-03 | time: 0.052
I 06.08/06:46:21 solver.py:159 ] Epoch: [40/200][200/282] lr: 4.87e-04 | MSE loss: 8.5255e-03 | time: 0.052
I 06.08/06:46:22 solver.py:159 ] Epoch: [40/200][220/282] lr: 4.87e-04 | MSE loss: 8.5496e-03 | time: 0.051
I 06.08/06:46:23 solver.py:159 ] Epoch: [40/200][240/282] lr: 4.87e-04 | MSE loss: 8.2901e-03 | time: 0.050
I 06.08/06:46:24 solver.py:159 ] Epoch: [40/200][260/282] lr: 4.87e-04 | MSE loss: 8.0831e-03 | time: 0.050
I 06.08/06:46:25 solver.py:159 ] Epoch: [40/200][280/282] lr: 4.86e-04 | MSE loss: 8.1517e-03 | time: 0.050
I 06.08/06:46:25 solver.py:169 ] => Train  Loss: 8.1560e-03

I 06.08/06:46:26 solver.py:159 ] Epoch: [40/200][20/32] lr: 4.86e-04 | MSE loss: 9.3658e-03 | time: 0.039
I 06.08/06:46:26 solver.py:169 ] => Val  Loss: 8.0624e-03

I 06.08/06:46:28 solver.py:405 ] [20/32] loss: 9.3658e-03 | NMSE: -1.6778e+01 | time: 0.062
I 06.08/06:46:28 solver.py:413 ] => Test NMSE: -1.7827e+01

I 06.08/06:46:28 solver.py:345 ] => LoRA monitor [epoch=40] | trainable=1310720/1310720 | non_lora_trainable=0 | lora_l2=1.746607e+01 | lora_A_l2=1.198496e+01 | lora_B_l2=1.270529e+01 | component_l2=fc_decoder:1.387555e+01,fc_encoder:1.060815e+01 | lora_abs_max=9.523263e-02 | delta_l2=1.639415e+01 | delta_rel=2.511599e+00 | train_loss=8.156032e-03 | val_loss=8.062392e-03 | test_loss=8.247163e-03 | nmse=-1.782665e+01
I 06.08/06:46:28 solver.py:224 ] 
=! Best NMSE: -1.7831e+01 (epoch=22)

I 06.08/06:46:29 solver.py:159 ] Epoch: [41/200][20/282] lr: 4.86e-04 | MSE loss: 8.0102e-03 | time: 0.052
I 06.08/06:46:30 solver.py:159 ] Epoch: [41/200][40/282] lr: 4.86e-04 | MSE loss: 7.9929e-03 | time: 0.054
I 06.08/06:46:31 solver.py:159 ] Epoch: [41/200][60/282] lr: 4.86e-04 | MSE loss: 8.7951e-03 | time: 0.052
I 06.08/06:46:32 solver.py:159 ] Epoch: [41/200][80/282] lr: 4.86e-04 | MSE loss: 7.9844e-03 | time: 0.052
I 06.08/06:46:33 solver.py:159 ] Epoch: [41/200][100/282] lr: 4.86e-04 | MSE loss: 7.7049e-03 | time: 0.051
I 06.08/06:46:35 solver.py:159 ] Epoch: [41/200][120/282] lr: 4.86e-04 | MSE loss: 8.0860e-03 | time: 0.053
I 06.08/06:46:36 solver.py:159 ] Epoch: [41/200][140/282] lr: 4.86e-04 | MSE loss: 7.7602e-03 | time: 0.057
I 06.08/06:46:37 solver.py:159 ] Epoch: [41/200][160/282] lr: 4.86e-04 | MSE loss: 7.7052e-03 | time: 0.055
I 06.08/06:46:38 solver.py:159 ] Epoch: [41/200][180/282] lr: 4.86e-04 | MSE loss: 7.7739e-03 | time: 0.054
I 06.08/06:46:39 solver.py:159 ] Epoch: [41/200][200/282] lr: 4.85e-04 | MSE loss: 8.2009e-03 | time: 0.052
I 06.08/06:46:39 solver.py:159 ] Epoch: [41/200][220/282] lr: 4.85e-04 | MSE loss: 8.2082e-03 | time: 0.051
I 06.08/06:46:40 solver.py:159 ] Epoch: [41/200][240/282] lr: 4.85e-04 | MSE loss: 8.2046e-03 | time: 0.050
I 06.08/06:46:41 solver.py:159 ] Epoch: [41/200][260/282] lr: 4.85e-04 | MSE loss: 8.2154e-03 | time: 0.050
I 06.08/06:46:42 solver.py:159 ] Epoch: [41/200][280/282] lr: 4.85e-04 | MSE loss: 8.1793e-03 | time: 0.049
I 06.08/06:46:42 solver.py:169 ] => Train  Loss: 8.1449e-03

I 06.08/06:46:43 solver.py:405 ] [20/32] loss: 9.3645e-03 | NMSE: -1.6778e+01 | time: 0.048
I 06.08/06:46:44 solver.py:413 ] => Test NMSE: -1.7827e+01

I 06.08/06:46:44 solver.py:345 ] => LoRA monitor [epoch=41] | trainable=1310720/1310720 | non_lora_trainable=0 | lora_l2=1.742487e+01 | lora_A_l2=1.195426e+01 | lora_B_l2=1.267761e+01 | component_l2=fc_decoder:1.384719e+01,fc_encoder:1.057741e+01 | lora_abs_max=9.526569e-02 | delta_l2=1.635027e+01 | delta_rel=2.504876e+00 | train_loss=8.144877e-03 | test_loss=8.245976e-03 | nmse=-1.782728e+01
I 06.08/06:46:44 solver.py:224 ] 
=! Best NMSE: -1.7831e+01 (epoch=22)

I 06.08/06:46:45 solver.py:159 ] Epoch: [42/200][20/282] lr: 4.85e-04 | MSE loss: 6.8066e-03 | time: 0.061
I 06.08/06:46:46 solver.py:159 ] Epoch: [42/200][40/282] lr: 4.85e-04 | MSE loss: 7.2998e-03 | time: 0.064
I 06.08/06:46:47 solver.py:159 ] Epoch: [42/200][60/282] lr: 4.85e-04 | MSE loss: 7.6315e-03 | time: 0.056
I 06.08/06:46:48 solver.py:159 ] Epoch: [42/200][80/282] lr: 4.85e-04 | MSE loss: 7.3713e-03 | time: 0.055
I 06.08/06:46:49 solver.py:159 ] Epoch: [42/200][100/282] lr: 4.85e-04 | MSE loss: 7.3686e-03 | time: 0.054
I 06.08/06:46:50 solver.py:159 ] Epoch: [42/200][120/282] lr: 4.84e-04 | MSE loss: 7.2203e-03 | time: 0.054
I 06.08/06:46:51 solver.py:159 ] Epoch: [42/200][140/282] lr: 4.84e-04 | MSE loss: 7.7237e-03 | time: 0.054
I 06.08/06:46:52 solver.py:159 ] Epoch: [42/200][160/282] lr: 4.84e-04 | MSE loss: 7.8660e-03 | time: 0.053
I 06.08/06:46:53 solver.py:159 ] Epoch: [42/200][180/282] lr: 4.84e-04 | MSE loss: 8.1745e-03 | time: 0.053
I 06.08/06:46:55 solver.py:159 ] Epoch: [42/200][200/282] lr: 4.84e-04 | MSE loss: 8.1610e-03 | time: 0.055
I 06.08/06:46:56 solver.py:159 ] Epoch: [42/200][220/282] lr: 4.84e-04 | MSE loss: 8.0072e-03 | time: 0.055
I 06.08/06:46:57 solver.py:159 ] Epoch: [42/200][240/282] lr: 4.84e-04 | MSE loss: 8.1116e-03 | time: 0.054
I 06.08/06:46:58 solver.py:159 ] Epoch: [42/200][260/282] lr: 4.84e-04 | MSE loss: 8.1728e-03 | time: 0.054
I 06.08/06:46:59 solver.py:159 ] Epoch: [42/200][280/282] lr: 4.84e-04 | MSE loss: 8.1719e-03 | time: 0.053
I 06.08/06:46:59 solver.py:169 ] => Train  Loss: 8.1822e-03

I 06.08/06:47:00 solver.py:405 ] [20/32] loss: 9.3634e-03 | NMSE: -1.6779e+01 | time: 0.044
I 06.08/06:47:00 solver.py:413 ] => Test NMSE: -1.7828e+01

I 06.08/06:47:00 solver.py:345 ] => LoRA monitor [epoch=42] | trainable=1310720/1310720 | non_lora_trainable=0 | lora_l2=1.738439e+01 | lora_A_l2=1.192135e+01 | lora_B_l2=1.265300e+01 | component_l2=fc_decoder:1.382149e+01,fc_encoder:1.054435e+01 | lora_abs_max=9.509930e-02 | delta_l2=1.630712e+01 | delta_rel=2.498266e+00 | train_loss=8.182188e-03 | test_loss=8.244885e-03 | nmse=-1.782786e+01
I 06.08/06:47:00 solver.py:224 ] 
=! Best NMSE: -1.7831e+01 (epoch=22)

I 06.08/06:47:01 solver.py:159 ] Epoch: [43/200][20/282] lr: 4.84e-04 | MSE loss: 7.4913e-03 | time: 0.071
I 06.08/06:47:03 solver.py:159 ] Epoch: [43/200][40/282] lr: 4.83e-04 | MSE loss: 7.6171e-03 | time: 0.084
I 06.08/06:47:04 solver.py:159 ] Epoch: [43/200][60/282] lr: 4.83e-04 | MSE loss: 8.2061e-03 | time: 0.073
I 06.08/06:47:05 solver.py:159 ] Epoch: [43/200][80/282] lr: 4.83e-04 | MSE loss: 8.5278e-03 | time: 0.064
I 06.08/06:47:06 solver.py:159 ] Epoch: [43/200][100/282] lr: 4.83e-04 | MSE loss: 8.1817e-03 | time: 0.059
I 06.08/06:47:07 solver.py:159 ] Epoch: [43/200][120/282] lr: 4.83e-04 | MSE loss: 8.4586e-03 | time: 0.055
I 06.08/06:47:07 solver.py:159 ] Epoch: [43/200][140/282] lr: 4.83e-04 | MSE loss: 8.5654e-03 | time: 0.052
I 06.08/06:47:08 solver.py:159 ] Epoch: [43/200][160/282] lr: 4.83e-04 | MSE loss: 8.5041e-03 | time: 0.050
I 06.08/06:47:09 solver.py:159 ] Epoch: [43/200][180/282] lr: 4.83e-04 | MSE loss: 8.4663e-03 | time: 0.050
I 06.08/06:47:10 solver.py:159 ] Epoch: [43/200][200/282] lr: 4.83e-04 | MSE loss: 8.4455e-03 | time: 0.049
I 06.08/06:47:11 solver.py:159 ] Epoch: [43/200][220/282] lr: 4.82e-04 | MSE loss: 8.2269e-03 | time: 0.048
I 06.08/06:47:11 solver.py:159 ] Epoch: [43/200][240/282] lr: 4.82e-04 | MSE loss: 8.0892e-03 | time: 0.048
I 06.08/06:47:12 solver.py:159 ] Epoch: [43/200][260/282] lr: 4.82e-04 | MSE loss: 8.2817e-03 | time: 0.048
I 06.08/06:47:13 solver.py:159 ] Epoch: [43/200][280/282] lr: 4.82e-04 | MSE loss: 8.1822e-03 | time: 0.047
I 06.08/06:47:13 solver.py:169 ] => Train  Loss: 8.1420e-03

I 06.08/06:47:14 solver.py:405 ] [20/32] loss: 9.3628e-03 | NMSE: -1.6779e+01 | time: 0.036
I 06.08/06:47:14 solver.py:413 ] => Test NMSE: -1.7828e+01

I 06.08/06:47:14 solver.py:345 ] => LoRA monitor [epoch=43] | trainable=1310720/1310720 | non_lora_trainable=0 | lora_l2=1.734035e+01 | lora_A_l2=1.188494e+01 | lora_B_l2=1.262679e+01 | component_l2=fc_decoder:1.379499e+01,fc_encoder:1.050647e+01 | lora_abs_max=9.485041e-02 | delta_l2=1.626031e+01 | delta_rel=2.491094e+00 | train_loss=8.142048e-03 | test_loss=8.244455e-03 | nmse=-1.782808e+01
I 06.08/06:47:14 solver.py:224 ] 
=! Best NMSE: -1.7831e+01 (epoch=22)

I 06.08/06:47:15 solver.py:159 ] Epoch: [44/200][20/282] lr: 4.82e-04 | MSE loss: 7.1799e-03 | time: 0.044
I 06.08/06:47:16 solver.py:159 ] Epoch: [44/200][40/282] lr: 4.82e-04 | MSE loss: 7.4108e-03 | time: 0.043
I 06.08/06:47:17 solver.py:159 ] Epoch: [44/200][60/282] lr: 4.82e-04 | MSE loss: 7.5046e-03 | time: 0.043
I 06.08/06:47:18 solver.py:159 ] Epoch: [44/200][80/282] lr: 4.82e-04 | MSE loss: 7.6320e-03 | time: 0.045
I 06.08/06:47:19 solver.py:159 ] Epoch: [44/200][100/282] lr: 4.82e-04 | MSE loss: 7.7870e-03 | time: 0.048
I 06.08/06:47:20 solver.py:159 ] Epoch: [44/200][120/282] lr: 4.81e-04 | MSE loss: 7.7559e-03 | time: 0.048
I 06.08/06:47:21 solver.py:159 ] Epoch: [44/200][140/282] lr: 4.81e-04 | MSE loss: 8.0909e-03 | time: 0.047
I 06.08/06:47:22 solver.py:159 ] Epoch: [44/200][160/282] lr: 4.81e-04 | MSE loss: 8.1371e-03 | time: 0.047
I 06.08/06:47:23 solver.py:159 ] Epoch: [44/200][180/282] lr: 4.81e-04 | MSE loss: 8.2091e-03 | time: 0.046
I 06.08/06:47:23 solver.py:159 ] Epoch: [44/200][200/282] lr: 4.81e-04 | MSE loss: 8.1263e-03 | time: 0.045
I 06.08/06:47:24 solver.py:159 ] Epoch: [44/200][220/282] lr: 4.81e-04 | MSE loss: 8.0769e-03 | time: 0.046
I 06.08/06:47:25 solver.py:159 ] Epoch: [44/200][240/282] lr: 4.81e-04 | MSE loss: 8.2400e-03 | time: 0.046
I 06.08/06:47:27 solver.py:159 ] Epoch: [44/200][260/282] lr: 4.81e-04 | MSE loss: 8.0925e-03 | time: 0.048
I 06.08/06:47:28 solver.py:159 ] Epoch: [44/200][280/282] lr: 4.81e-04 | MSE loss: 8.1620e-03 | time: 0.047
I 06.08/06:47:28 solver.py:169 ] => Train  Loss: 8.1420e-03

I 06.08/06:47:29 solver.py:405 ] [20/32] loss: 9.3632e-03 | NMSE: -1.6779e+01 | time: 0.039
I 06.08/06:47:29 solver.py:413 ] => Test NMSE: -1.7828e+01

I 06.08/06:47:29 solver.py:345 ] => LoRA monitor [epoch=44] | trainable=1310720/1310720 | non_lora_trainable=0 | lora_l2=1.728894e+01 | lora_A_l2=1.184358e+01 | lora_B_l2=1.259511e+01 | component_l2=fc_decoder:1.376295e+01,fc_encoder:1.046367e+01 | lora_abs_max=9.505420e-02 | delta_l2=1.620570e+01 | delta_rel=2.482728e+00 | train_loss=8.141984e-03 | test_loss=8.244636e-03 | nmse=-1.782799e+01
I 06.08/06:47:29 solver.py:224 ] 
=! Best NMSE: -1.7831e+01 (epoch=22)

I 06.08/06:47:30 solver.py:159 ] Epoch: [45/200][20/282] lr: 4.80e-04 | MSE loss: 7.1502e-03 | time: 0.051
I 06.08/06:47:31 solver.py:159 ] Epoch: [45/200][40/282] lr: 4.80e-04 | MSE loss: 7.8730e-03 | time: 0.047
I 06.08/06:47:32 solver.py:159 ] Epoch: [45/200][60/282] lr: 4.80e-04 | MSE loss: 7.5233e-03 | time: 0.045
I 06.08/06:47:33 solver.py:159 ] Epoch: [45/200][80/282] lr: 4.80e-04 | MSE loss: 8.2507e-03 | time: 0.045
I 06.08/06:47:34 solver.py:159 ] Epoch: [45/200][100/282] lr: 4.80e-04 | MSE loss: 8.8374e-03 | time: 0.047
I 06.08/06:47:35 solver.py:159 ] Epoch: [45/200][120/282] lr: 4.80e-04 | MSE loss: 9.0286e-03 | time: 0.049
I 06.08/06:47:36 solver.py:159 ] Epoch: [45/200][140/282] lr: 4.80e-04 | MSE loss: 8.6908e-03 | time: 0.052
I 06.08/06:47:38 solver.py:159 ] Epoch: [45/200][160/282] lr: 4.80e-04 | MSE loss: 8.3653e-03 | time: 0.053
I 06.08/06:47:39 solver.py:159 ] Epoch: [45/200][180/282] lr: 4.80e-04 | MSE loss: 8.3927e-03 | time: 0.055
I 06.08/06:47:40 solver.py:159 ] Epoch: [45/200][200/282] lr: 4.79e-04 | MSE loss: 8.4275e-03 | time: 0.056
I 06.08/06:47:42 solver.py:159 ] Epoch: [45/200][220/282] lr: 4.79e-04 | MSE loss: 8.3345e-03 | time: 0.057
I 06.08/06:47:43 solver.py:159 ] Epoch: [45/200][240/282] lr: 4.79e-04 | MSE loss: 8.2666e-03 | time: 0.058
I 06.08/06:47:44 solver.py:159 ] Epoch: [45/200][260/282] lr: 4.79e-04 | MSE loss: 8.1804e-03 | time: 0.056
I 06.08/06:47:44 solver.py:159 ] Epoch: [45/200][280/282] lr: 4.79e-04 | MSE loss: 8.1630e-03 | time: 0.055
I 06.08/06:47:45 solver.py:169 ] => Train  Loss: 8.1438e-03

I 06.08/06:47:45 solver.py:405 ] [20/32] loss: 9.3646e-03 | NMSE: -1.6778e+01 | time: 0.038
I 06.08/06:47:46 solver.py:413 ] => Test NMSE: -1.7827e+01

I 06.08/06:47:46 solver.py:345 ] => LoRA monitor [epoch=45] | trainable=1310720/1310720 | non_lora_trainable=0 | lora_l2=1.719780e+01 | lora_A_l2=1.177877e+01 | lora_B_l2=1.253096e+01 | component_l2=fc_decoder:1.370168e+01,fc_encoder:1.039367e+01 | lora_abs_max=9.500995e-02 | delta_l2=1.610843e+01 | delta_rel=2.467826e+00 | train_loss=8.143831e-03 | test_loss=8.246454e-03 | nmse=-1.782703e+01
I 06.08/06:47:46 solver.py:224 ] 
=! Best NMSE: -1.7831e+01 (epoch=22)

I 06.08/06:47:46 solver.py:159 ] Epoch: [46/200][20/282] lr: 4.79e-04 | MSE loss: 7.5239e-03 | time: 0.034
I 06.08/06:47:47 solver.py:159 ] Epoch: [46/200][40/282] lr: 4.79e-04 | MSE loss: 6.8635e-03 | time: 0.032
I 06.08/06:47:48 solver.py:159 ] Epoch: [46/200][60/282] lr: 4.79e-04 | MSE loss: 7.2425e-03 | time: 0.032
I 06.08/06:47:48 solver.py:159 ] Epoch: [46/200][80/282] lr: 4.78e-04 | MSE loss: 7.3938e-03 | time: 0.032
I 06.08/06:47:49 solver.py:159 ] Epoch: [46/200][100/282] lr: 4.78e-04 | MSE loss: 7.3508e-03 | time: 0.033
I 06.08/06:47:50 solver.py:159 ] Epoch: [46/200][120/282] lr: 4.78e-04 | MSE loss: 7.5530e-03 | time: 0.032
I 06.08/06:47:50 solver.py:159 ] Epoch: [46/200][140/282] lr: 4.78e-04 | MSE loss: 7.4458e-03 | time: 0.032
I 06.08/06:47:51 solver.py:159 ] Epoch: [46/200][160/282] lr: 4.78e-04 | MSE loss: 7.7955e-03 | time: 0.034
I 06.08/06:47:52 solver.py:159 ] Epoch: [46/200][180/282] lr: 4.78e-04 | MSE loss: 7.9143e-03 | time: 0.034
I 06.08/06:47:52 solver.py:159 ] Epoch: [46/200][200/282] lr: 4.78e-04 | MSE loss: 7.9772e-03 | time: 0.034
I 06.08/06:47:53 solver.py:159 ] Epoch: [46/200][220/282] lr: 4.78e-04 | MSE loss: 7.9349e-03 | time: 0.034
I 06.08/06:47:54 solver.py:159 ] Epoch: [46/200][240/282] lr: 4.77e-04 | MSE loss: 8.1695e-03 | time: 0.034
I 06.08/06:47:55 solver.py:159 ] Epoch: [46/200][260/282] lr: 4.77e-04 | MSE loss: 8.2478e-03 | time: 0.034
I 06.08/06:47:55 solver.py:159 ] Epoch: [46/200][280/282] lr: 4.77e-04 | MSE loss: 8.1817e-03 | time: 0.034
I 06.08/06:47:55 solver.py:169 ] => Train  Loss: 8.1424e-03

I 06.08/06:47:56 solver.py:405 ] [20/32] loss: 9.3625e-03 | NMSE: -1.6779e+01 | time: 0.028
I 06.08/06:47:56 solver.py:413 ] => Test NMSE: -1.7828e+01

I 06.08/06:47:56 solver.py:345 ] => LoRA monitor [epoch=46] | trainable=1310720/1310720 | non_lora_trainable=0 | lora_l2=1.711597e+01 | lora_A_l2=1.169431e+01 | lora_B_l2=1.249799e+01 | component_l2=fc_decoder:1.366797e+01,fc_encoder:1.030258e+01 | lora_abs_max=9.478655e-02 | delta_l2=1.602124e+01 | delta_rel=2.454468e+00 | train_loss=8.142379e-03 | test_loss=8.244888e-03 | nmse=-1.782785e+01
I 06.08/06:47:56 solver.py:224 ] 
=! Best NMSE: -1.7831e+01 (epoch=22)

I 06.08/06:47:57 solver.py:159 ] Epoch: [47/200][20/282] lr: 4.77e-04 | MSE loss: 6.3824e-03 | time: 0.036
I 06.08/06:47:58 solver.py:159 ] Epoch: [47/200][40/282] lr: 4.77e-04 | MSE loss: 7.1457e-03 | time: 0.036
I 06.08/06:47:58 solver.py:159 ] Epoch: [47/200][60/282] lr: 4.77e-04 | MSE loss: 8.2315e-03 | time: 0.036
I 06.08/06:47:59 solver.py:159 ] Epoch: [47/200][80/282] lr: 4.77e-04 | MSE loss: 7.9567e-03 | time: 0.036
I 06.08/06:48:00 solver.py:159 ] Epoch: [47/200][100/282] lr: 4.77e-04 | MSE loss: 8.0027e-03 | time: 0.036
I 06.08/06:48:00 solver.py:159 ] Epoch: [47/200][120/282] lr: 4.76e-04 | MSE loss: 8.2671e-03 | time: 0.036
I 06.08/06:48:02 solver.py:159 ] Epoch: [47/200][140/282] lr: 4.76e-04 | MSE loss: 8.1430e-03 | time: 0.039
I 06.08/06:48:03 solver.py:159 ] Epoch: [47/200][160/282] lr: 4.76e-04 | MSE loss: 8.0633e-03 | time: 0.043
I 06.08/06:48:04 solver.py:159 ] Epoch: [47/200][180/282] lr: 4.76e-04 | MSE loss: 8.2011e-03 | time: 0.044
I 06.08/06:48:05 solver.py:159 ] Epoch: [47/200][200/282] lr: 4.76e-04 | MSE loss: 8.0013e-03 | time: 0.043
I 06.08/06:48:05 solver.py:159 ] Epoch: [47/200][220/282] lr: 4.76e-04 | MSE loss: 8.0935e-03 | time: 0.041
I 06.08/06:48:06 solver.py:159 ] Epoch: [47/200][240/282] lr: 4.76e-04 | MSE loss: 8.2786e-03 | time: 0.041
I 06.08/06:48:06 solver.py:159 ] Epoch: [47/200][260/282] lr: 4.76e-04 | MSE loss: 8.1667e-03 | time: 0.040
I 06.08/06:48:07 solver.py:159 ] Epoch: [47/200][280/282] lr: 4.75e-04 | MSE loss: 8.1731e-03 | time: 0.040
I 06.08/06:48:07 solver.py:169 ] => Train  Loss: 8.1411e-03

I 06.08/06:48:08 solver.py:405 ] [20/32] loss: 9.3619e-03 | NMSE: -1.6779e+01 | time: 0.031
I 06.08/06:48:08 solver.py:413 ] => Test NMSE: -1.7828e+01

I 06.08/06:48:08 solver.py:345 ] => LoRA monitor [epoch=47] | trainable=1310720/1310720 | non_lora_trainable=0 | lora_l2=1.704585e+01 | lora_A_l2=1.161586e+01 | lora_B_l2=1.247529e+01 | component_l2=fc_decoder:1.364397e+01,fc_encoder:1.021779e+01 | lora_abs_max=9.460764e-02 | delta_l2=1.594666e+01 | delta_rel=2.443042e+00 | train_loss=8.141072e-03 | test_loss=8.244244e-03 | nmse=-1.782819e+01
I 06.08/06:48:08 solver.py:224 ] 
=! Best NMSE: -1.7831e+01 (epoch=22)

I 06.08/06:48:09 solver.py:159 ] Epoch: [48/200][20/282] lr: 4.75e-04 | MSE loss: 8.0900e-03 | time: 0.035
I 06.08/06:48:10 solver.py:159 ] Epoch: [48/200][40/282] lr: 4.75e-04 | MSE loss: 8.8192e-03 | time: 0.037
I 06.08/06:48:11 solver.py:159 ] Epoch: [48/200][60/282] lr: 4.75e-04 | MSE loss: 8.8129e-03 | time: 0.046
I 06.08/06:48:12 solver.py:159 ] Epoch: [48/200][80/282] lr: 4.75e-04 | MSE loss: 8.4928e-03 | time: 0.048
I 06.08/06:48:13 solver.py:159 ] Epoch: [48/200][100/282] lr: 4.75e-04 | MSE loss: 8.1660e-03 | time: 0.048
I 06.08/06:48:14 solver.py:159 ] Epoch: [48/200][120/282] lr: 4.75e-04 | MSE loss: 8.0026e-03 | time: 0.045
I 06.08/06:48:14 solver.py:159 ] Epoch: [48/200][140/282] lr: 4.75e-04 | MSE loss: 8.2717e-03 | time: 0.043
I 06.08/06:48:15 solver.py:159 ] Epoch: [48/200][160/282] lr: 4.74e-04 | MSE loss: 8.3459e-03 | time: 0.042
I 06.08/06:48:16 solver.py:159 ] Epoch: [48/200][180/282] lr: 4.74e-04 | MSE loss: 8.3384e-03 | time: 0.041
I 06.08/06:48:16 solver.py:159 ] Epoch: [48/200][200/282] lr: 4.74e-04 | MSE loss: 8.4953e-03 | time: 0.040
I 06.08/06:48:17 solver.py:159 ] Epoch: [48/200][220/282] lr: 4.74e-04 | MSE loss: 8.4735e-03 | time: 0.040
I 06.08/06:48:18 solver.py:159 ] Epoch: [48/200][240/282] lr: 4.74e-04 | MSE loss: 8.6047e-03 | time: 0.040
I 06.08/06:48:18 solver.py:159 ] Epoch: [48/200][260/282] lr: 4.74e-04 | MSE loss: 8.4621e-03 | time: 0.039
I 06.08/06:48:19 solver.py:159 ] Epoch: [48/200][280/282] lr: 4.74e-04 | MSE loss: 8.1667e-03 | time: 0.039
I 06.08/06:48:19 solver.py:169 ] => Train  Loss: 8.1418e-03

I 06.08/06:48:20 solver.py:405 ] [20/32] loss: 9.3639e-03 | NMSE: -1.6778e+01 | time: 0.031
I 06.08/06:48:20 solver.py:413 ] => Test NMSE: -1.7827e+01

I 06.08/06:48:20 solver.py:345 ] => LoRA monitor [epoch=48] | trainable=1310720/1310720 | non_lora_trainable=0 | lora_l2=1.694745e+01 | lora_A_l2=1.150291e+01 | lora_B_l2=1.244585e+01 | component_l2=fc_decoder:1.361395e+01,fc_encoder:1.009338e+01 | lora_abs_max=9.465701e-02 | delta_l2=1.584150e+01 | delta_rel=2.426933e+00 | train_loss=8.141841e-03 | test_loss=8.246474e-03 | nmse=-1.782702e+01
I 06.08/06:48:20 solver.py:224 ] 
=! Best NMSE: -1.7831e+01 (epoch=22)

I 06.08/06:48:21 solver.py:159 ] Epoch: [49/200][20/282] lr: 4.74e-04 | MSE loss: 8.1927e-03 | time: 0.031
I 06.08/06:48:21 solver.py:159 ] Epoch: [49/200][40/282] lr: 4.73e-04 | MSE loss: 8.4148e-03 | time: 0.032
I 06.08/06:48:22 solver.py:159 ] Epoch: [49/200][60/282] lr: 4.73e-04 | MSE loss: 7.8532e-03 | time: 0.032
I 06.08/06:48:23 solver.py:159 ] Epoch: [49/200][80/282] lr: 4.73e-04 | MSE loss: 8.3149e-03 | time: 0.033
I 06.08/06:48:24 solver.py:159 ] Epoch: [49/200][100/282] lr: 4.73e-04 | MSE loss: 8.1352e-03 | time: 0.037
I 06.08/06:48:25 solver.py:159 ] Epoch: [49/200][120/282] lr: 4.73e-04 | MSE loss: 7.9701e-03 | time: 0.037
I 06.08/06:48:25 solver.py:159 ] Epoch: [49/200][140/282] lr: 4.73e-04 | MSE loss: 8.5201e-03 | time: 0.036
I 06.08/06:48:26 solver.py:159 ] Epoch: [49/200][160/282] lr: 4.73e-04 | MSE loss: 8.5524e-03 | time: 0.036
I 06.08/06:48:27 solver.py:159 ] Epoch: [49/200][180/282] lr: 4.72e-04 | MSE loss: 8.6360e-03 | time: 0.035
I 06.08/06:48:27 solver.py:159 ] Epoch: [49/200][200/282] lr: 4.72e-04 | MSE loss: 8.6255e-03 | time: 0.036
I 06.08/06:48:28 solver.py:159 ] Epoch: [49/200][220/282] lr: 4.72e-04 | MSE loss: 8.4929e-03 | time: 0.037
I 06.08/06:48:29 solver.py:159 ] Epoch: [49/200][240/282] lr: 4.72e-04 | MSE loss: 8.3874e-03 | time: 0.036
I 06.08/06:48:30 solver.py:159 ] Epoch: [49/200][260/282] lr: 4.72e-04 | MSE loss: 8.2714e-03 | time: 0.037
I 06.08/06:48:30 solver.py:159 ] Epoch: [49/200][280/282] lr: 4.72e-04 | MSE loss: 8.1508e-03 | time: 0.036
I 06.08/06:48:30 solver.py:169 ] => Train  Loss: 8.1447e-03

I 06.08/06:48:31 solver.py:405 ] [20/32] loss: 9.3664e-03 | NMSE: -1.6776e+01 | time: 0.027
I 06.08/06:48:31 solver.py:413 ] => Test NMSE: -1.7826e+01

I 06.08/06:48:31 solver.py:345 ] => LoRA monitor [epoch=49] | trainable=1310720/1310720 | non_lora_trainable=0 | lora_l2=1.680035e+01 | lora_A_l2=1.133703e+01 | lora_B_l2=1.239853e+01 | component_l2=fc_decoder:1.356618e+01,fc_encoder:9.910130e+00 | lora_abs_max=9.376162e-02 | delta_l2=1.568500e+01 | delta_rel=2.402956e+00 | train_loss=8.144696e-03 | test_loss=8.247893e-03 | nmse=-1.782627e+01
I 06.08/06:48:31 solver.py:224 ] 
=! Best NMSE: -1.7831e+01 (epoch=22)

I 06.08/06:48:32 solver.py:159 ] Epoch: [50/200][20/282] lr: 4.72e-04 | MSE loss: 5.6415e-03 | time: 0.032
I 06.08/06:48:33 solver.py:159 ] Epoch: [50/200][40/282] lr: 4.72e-04 | MSE loss: 6.7671e-03 | time: 0.033
I 06.08/06:48:33 solver.py:159 ] Epoch: [50/200][60/282] lr: 4.71e-04 | MSE loss: 7.6713e-03 | time: 0.035
I 06.08/06:48:34 solver.py:159 ] Epoch: [50/200][80/282] lr: 4.71e-04 | MSE loss: 7.6897e-03 | time: 0.034
I 06.08/06:48:35 solver.py:159 ] Epoch: [50/200][100/282] lr: 4.71e-04 | MSE loss: 7.7021e-03 | time: 0.034
I 06.08/06:48:35 solver.py:159 ] Epoch: [50/200][120/282] lr: 4.71e-04 | MSE loss: 8.1056e-03 | time: 0.035
I 06.08/06:48:36 solver.py:159 ] Epoch: [50/200][140/282] lr: 4.71e-04 | MSE loss: 7.9724e-03 | time: 0.035
I 06.08/06:48:37 solver.py:159 ] Epoch: [50/200][160/282] lr: 4.71e-04 | MSE loss: 8.1752e-03 | time: 0.035
I 06.08/06:48:38 solver.py:159 ] Epoch: [50/200][180/282] lr: 4.71e-04 | MSE loss: 7.9025e-03 | time: 0.035
I 06.08/06:48:38 solver.py:159 ] Epoch: [50/200][200/282] lr: 4.70e-04 | MSE loss: 8.0992e-03 | time: 0.034
I 06.08/06:48:39 solver.py:159 ] Epoch: [50/200][220/282] lr: 4.70e-04 | MSE loss: 8.3284e-03 | time: 0.035
I 06.08/06:48:40 solver.py:159 ] Epoch: [50/200][240/282] lr: 4.70e-04 | MSE loss: 8.2444e-03 | time: 0.037
I 06.08/06:48:41 solver.py:159 ] Epoch: [50/200][260/282] lr: 4.70e-04 | MSE loss: 8.2103e-03 | time: 0.037
I 06.08/06:48:42 solver.py:159 ] Epoch: [50/200][280/282] lr: 4.70e-04 | MSE loss: 8.1669e-03 | time: 0.036
I 06.08/06:48:42 solver.py:169 ] => Train  Loss: 8.1442e-03

I 06.08/06:48:42 solver.py:159 ] Epoch: [50/200][20/32] lr: 4.70e-04 | MSE loss: 9.3600e-03 | time: 0.028
I 06.08/06:48:42 solver.py:169 ] => Val  Loss: 8.0569e-03

I 06.08/06:48:43 solver.py:405 ] [20/32] loss: 9.3600e-03 | NMSE: -1.6780e+01 | time: 0.032
I 06.08/06:48:43 solver.py:413 ] => Test NMSE: -1.7830e+01

I 06.08/06:48:43 solver.py:345 ] => LoRA monitor [epoch=50] | trainable=1310720/1310720 | non_lora_trainable=0 | lora_l2=1.668577e+01 | lora_A_l2=1.119846e+01 | lora_B_l2=1.236970e+01 | component_l2=fc_decoder:1.353881e+01,fc_encoder:9.752725e+00 | lora_abs_max=9.383990e-02 | delta_l2=1.556214e+01 | delta_rel=2.384135e+00 | train_loss=8.144216e-03 | val_loss=8.056875e-03 | test_loss=8.241557e-03 | nmse=-1.782961e+01
I 06.08/06:48:43 solver.py:224 ] 
=! Best NMSE: -1.7831e+01 (epoch=22)

I 06.08/06:48:44 solver.py:159 ] Epoch: [51/200][20/282] lr: 4.70e-04 | MSE loss: 1.0630e-02 | time: 0.038
I 06.08/06:48:45 solver.py:159 ] Epoch: [51/200][40/282] lr: 4.70e-04 | MSE loss: 9.8040e-03 | time: 0.036
I 06.08/06:48:46 solver.py:159 ] Epoch: [51/200][60/282] lr: 4.69e-04 | MSE loss: 9.4314e-03 | time: 0.035
I 06.08/06:48:46 solver.py:159 ] Epoch: [51/200][80/282] lr: 4.69e-04 | MSE loss: 8.5869e-03 | time: 0.035
I 06.08/06:48:47 solver.py:159 ] Epoch: [51/200][100/282] lr: 4.69e-04 | MSE loss: 8.0130e-03 | time: 0.036
I 06.08/06:48:48 solver.py:159 ] Epoch: [51/200][120/282] lr: 4.69e-04 | MSE loss: 7.6915e-03 | time: 0.035
I 06.08/06:48:48 solver.py:159 ] Epoch: [51/200][140/282] lr: 4.69e-04 | MSE loss: 8.0230e-03 | time: 0.034
I 06.08/06:48:49 solver.py:159 ] Epoch: [51/200][160/282] lr: 4.69e-04 | MSE loss: 7.8285e-03 | time: 0.034
I 06.08/06:48:50 solver.py:159 ] Epoch: [51/200][180/282] lr: 4.69e-04 | MSE loss: 7.8521e-03 | time: 0.034
I 06.08/06:48:50 solver.py:159 ] Epoch: [51/200][200/282] lr: 4.68e-04 | MSE loss: 8.2271e-03 | time: 0.034
I 06.08/06:48:51 solver.py:159 ] Epoch: [51/200][220/282] lr: 4.68e-04 | MSE loss: 8.2506e-03 | time: 0.034
I 06.08/06:48:52 solver.py:159 ] Epoch: [51/200][240/282] lr: 4.68e-04 | MSE loss: 8.0742e-03 | time: 0.034
I 06.08/06:48:52 solver.py:159 ] Epoch: [51/200][260/282] lr: 4.68e-04 | MSE loss: 8.0970e-03 | time: 0.034
I 06.08/06:48:53 solver.py:159 ] Epoch: [51/200][280/282] lr: 4.68e-04 | MSE loss: 8.1375e-03 | time: 0.034
I 06.08/06:48:53 solver.py:169 ] => Train  Loss: 8.1565e-03

I 06.08/06:48:54 solver.py:405 ] [20/32] loss: 9.3595e-03 | NMSE: -1.6780e+01 | time: 0.028
I 06.08/06:48:54 solver.py:413 ] => Test NMSE: -1.7830e+01

I 06.08/06:48:54 solver.py:345 ] => LoRA monitor [epoch=51] | trainable=1310720/1310720 | non_lora_trainable=0 | lora_l2=1.661450e+01 | lora_A_l2=1.110551e+01 | lora_B_l2=1.235755e+01 | component_l2=fc_decoder:1.352700e+01,fc_encoder:9.646862e+00 | lora_abs_max=9.317096e-02 | delta_l2=1.548566e+01 | delta_rel=2.372417e+00 | train_loss=8.156490e-03 | test_loss=8.241184e-03 | nmse=-1.782980e+01
I 06.08/06:48:54 solver.py:224 ] 
=! Best NMSE: -1.7831e+01 (epoch=22)

I 06.08/06:48:55 solver.py:159 ] Epoch: [52/200][20/282] lr: 4.68e-04 | MSE loss: 6.6329e-03 | time: 0.034
I 06.08/06:48:56 solver.py:159 ] Epoch: [52/200][40/282] lr: 4.68e-04 | MSE loss: 8.6023e-03 | time: 0.037
I 06.08/06:48:57 solver.py:159 ] Epoch: [52/200][60/282] lr: 4.67e-04 | MSE loss: 8.3641e-03 | time: 0.048
I 06.08/06:48:58 solver.py:159 ] Epoch: [52/200][80/282] lr: 4.67e-04 | MSE loss: 8.2911e-03 | time: 0.051
I 06.08/06:48:59 solver.py:159 ] Epoch: [52/200][100/282] lr: 4.67e-04 | MSE loss: 8.1443e-03 | time: 0.048
I 06.08/06:49:00 solver.py:159 ] Epoch: [52/200][120/282] lr: 4.67e-04 | MSE loss: 8.0793e-03 | time: 0.045
I 06.08/06:49:00 solver.py:159 ] Epoch: [52/200][140/282] lr: 4.67e-04 | MSE loss: 7.8902e-03 | time: 0.045
I 06.08/06:49:02 solver.py:159 ] Epoch: [52/200][160/282] lr: 4.67e-04 | MSE loss: 8.1682e-03 | time: 0.051
I 06.08/06:49:04 solver.py:159 ] Epoch: [52/200][180/282] lr: 4.67e-04 | MSE loss: 8.1497e-03 | time: 0.057
I 06.08/06:49:05 solver.py:159 ] Epoch: [52/200][200/282] lr: 4.66e-04 | MSE loss: 8.0640e-03 | time: 0.055
I 06.08/06:49:06 solver.py:159 ] Epoch: [52/200][220/282] lr: 4.66e-04 | MSE loss: 7.8990e-03 | time: 0.053
I 06.08/06:49:07 solver.py:159 ] Epoch: [52/200][240/282] lr: 4.66e-04 | MSE loss: 8.0043e-03 | time: 0.052
I 06.08/06:49:07 solver.py:159 ] Epoch: [52/200][260/282] lr: 4.66e-04 | MSE loss: 7.9535e-03 | time: 0.051
I 06.08/06:49:08 solver.py:159 ] Epoch: [52/200][280/282] lr: 4.66e-04 | MSE loss: 8.1245e-03 | time: 0.050
I 06.08/06:49:08 solver.py:169 ] => Train  Loss: 8.1537e-03

I 06.08/06:49:09 solver.py:405 ] [20/32] loss: 9.3612e-03 | NMSE: -1.6779e+01 | time: 0.030
I 06.08/06:49:09 solver.py:413 ] => Test NMSE: -1.7829e+01

I 06.08/06:49:09 solver.py:345 ] => LoRA monitor [epoch=52] | trainable=1310720/1310720 | non_lora_trainable=0 | lora_l2=1.652170e+01 | lora_A_l2=1.098789e+01 | lora_B_l2=1.233827e+01 | component_l2=fc_decoder:1.350887e+01,fc_encoder:9.511938e+00 | lora_abs_max=9.277160e-02 | delta_l2=1.538643e+01 | delta_rel=2.357215e+00 | train_loss=8.153673e-03 | test_loss=8.243357e-03 | nmse=-1.782866e+01
I 06.08/06:49:09 solver.py:224 ] 
=! Best NMSE: -1.7831e+01 (epoch=22)

I 06.08/06:49:10 solver.py:159 ] Epoch: [53/200][20/282] lr: 4.66e-04 | MSE loss: 7.4849e-03 | time: 0.042
I 06.08/06:49:11 solver.py:159 ] Epoch: [53/200][40/282] lr: 4.66e-04 | MSE loss: 8.9792e-03 | time: 0.040
I 06.08/06:49:11 solver.py:159 ] Epoch: [53/200][60/282] lr: 4.65e-04 | MSE loss: 8.9977e-03 | time: 0.039
I 06.08/06:49:12 solver.py:159 ] Epoch: [53/200][80/282] lr: 4.65e-04 | MSE loss: 8.7125e-03 | time: 0.038
I 06.08/06:49:13 solver.py:159 ] Epoch: [53/200][100/282] lr: 4.65e-04 | MSE loss: 8.3649e-03 | time: 0.036
I 06.08/06:49:13 solver.py:159 ] Epoch: [53/200][120/282] lr: 4.65e-04 | MSE loss: 8.5372e-03 | time: 0.037
I 06.08/06:49:14 solver.py:159 ] Epoch: [53/200][140/282] lr: 4.65e-04 | MSE loss: 8.4482e-03 | time: 0.036
I 06.08/06:49:15 solver.py:159 ] Epoch: [53/200][160/282] lr: 4.65e-04 | MSE loss: 8.5004e-03 | time: 0.036
I 06.08/06:49:15 solver.py:159 ] Epoch: [53/200][180/282] lr: 4.64e-04 | MSE loss: 8.5816e-03 | time: 0.036
I 06.08/06:49:16 solver.py:159 ] Epoch: [53/200][200/282] lr: 4.64e-04 | MSE loss: 8.4236e-03 | time: 0.035
I 06.08/06:49:17 solver.py:159 ] Epoch: [53/200][220/282] lr: 4.64e-04 | MSE loss: 8.3488e-03 | time: 0.036
I 06.08/06:49:18 solver.py:159 ] Epoch: [53/200][240/282] lr: 4.64e-04 | MSE loss: 8.2639e-03 | time: 0.036
I 06.08/06:49:19 solver.py:159 ] Epoch: [53/200][260/282] lr: 4.64e-04 | MSE loss: 8.1526e-03 | time: 0.037
I 06.08/06:49:19 solver.py:159 ] Epoch: [53/200][280/282] lr: 4.64e-04 | MSE loss: 8.1612e-03 | time: 0.037
I 06.08/06:49:19 solver.py:169 ] => Train  Loss: 8.1376e-03

I 06.08/06:49:20 solver.py:405 ] [20/32] loss: 9.3588e-03 | NMSE: -1.6780e+01 | time: 0.036
I 06.08/06:49:20 solver.py:413 ] => Test NMSE: -1.7830e+01

I 06.08/06:49:20 solver.py:345 ] => LoRA monitor [epoch=53] | trainable=1310720/1310720 | non_lora_trainable=0 | lora_l2=1.642334e+01 | lora_A_l2=1.086624e+01 | lora_B_l2=1.231466e+01 | component_l2=fc_decoder:1.348856e+01,fc_encoder:9.369355e+00 | lora_abs_max=9.255684e-02 | delta_l2=1.528102e+01 | delta_rel=2.341066e+00 | train_loss=8.137628e-03 | test_loss=8.240533e-03 | nmse=-1.783015e+01
I 06.08/06:49:20 solver.py:224 ] 
=! Best NMSE: -1.7831e+01 (epoch=22)

I 06.08/06:49:21 solver.py:159 ] Epoch: [54/200][20/282] lr: 4.64e-04 | MSE loss: 7.5840e-03 | time: 0.043
I 06.08/06:49:22 solver.py:159 ] Epoch: [54/200][40/282] lr: 4.63e-04 | MSE loss: 7.5295e-03 | time: 0.041
I 06.08/06:49:23 solver.py:159 ] Epoch: [54/200][60/282] lr: 4.63e-04 | MSE loss: 7.9269e-03 | time: 0.038
I 06.08/06:49:23 solver.py:159 ] Epoch: [54/200][80/282] lr: 4.63e-04 | MSE loss: 8.5734e-03 | time: 0.036
I 06.08/06:49:24 solver.py:159 ] Epoch: [54/200][100/282] lr: 4.63e-04 | MSE loss: 8.5698e-03 | time: 0.035
I 06.08/06:49:25 solver.py:159 ] Epoch: [54/200][120/282] lr: 4.63e-04 | MSE loss: 8.4457e-03 | time: 0.035
I 06.08/06:49:25 solver.py:159 ] Epoch: [54/200][140/282] lr: 4.63e-04 | MSE loss: 8.3218e-03 | time: 0.034
I 06.08/06:49:26 solver.py:159 ] Epoch: [54/200][160/282] lr: 4.62e-04 | MSE loss: 8.3404e-03 | time: 0.035
I 06.08/06:49:27 solver.py:159 ] Epoch: [54/200][180/282] lr: 4.62e-04 | MSE loss: 8.3957e-03 | time: 0.034
I 06.08/06:49:27 solver.py:159 ] Epoch: [54/200][200/282] lr: 4.62e-04 | MSE loss: 8.2372e-03 | time: 0.035
I 06.08/06:49:28 solver.py:159 ] Epoch: [54/200][220/282] lr: 4.62e-04 | MSE loss: 8.1271e-03 | time: 0.035
I 06.08/06:49:29 solver.py:159 ] Epoch: [54/200][240/282] lr: 4.62e-04 | MSE loss: 8.1882e-03 | time: 0.036
I 06.08/06:49:30 solver.py:159 ] Epoch: [54/200][260/282] lr: 4.62e-04 | MSE loss: 8.3433e-03 | time: 0.035
I 06.08/06:49:30 solver.py:159 ] Epoch: [54/200][280/282] lr: 4.62e-04 | MSE loss: 8.1526e-03 | time: 0.035
I 06.08/06:49:30 solver.py:169 ] => Train  Loss: 8.1395e-03

I 06.08/06:49:31 solver.py:405 ] [20/32] loss: 9.3593e-03 | NMSE: -1.6780e+01 | time: 0.024
I 06.08/06:49:31 solver.py:413 ] => Test NMSE: -1.7830e+01

I 06.08/06:49:31 solver.py:345 ] => LoRA monitor [epoch=54] | trainable=1310720/1310720 | non_lora_trainable=0 | lora_l2=1.634476e+01 | lora_A_l2=1.076769e+01 | lora_B_l2=1.229666e+01 | component_l2=fc_decoder:1.347452e+01,fc_encoder:9.251398e+00 | lora_abs_max=9.079452e-02 | delta_l2=1.519646e+01 | delta_rel=2.328112e+00 | train_loss=8.139450e-03 | test_loss=8.240820e-03 | nmse=-1.783000e+01
I 06.08/06:49:31 solver.py:224 ] 
=! Best NMSE: -1.7831e+01 (epoch=22)

I 06.08/06:49:32 solver.py:159 ] Epoch: [55/200][20/282] lr: 4.61e-04 | MSE loss: 8.1611e-03 | time: 0.031
I 06.08/06:49:32 solver.py:159 ] Epoch: [55/200][40/282] lr: 4.61e-04 | MSE loss: 8.9134e-03 | time: 0.034
I 06.08/06:49:33 solver.py:159 ] Epoch: [55/200][60/282] lr: 4.61e-04 | MSE loss: 8.0348e-03 | time: 0.035
I 06.08/06:49:34 solver.py:159 ] Epoch: [55/200][80/282] lr: 4.61e-04 | MSE loss: 8.2052e-03 | time: 0.031
I 06.08/06:49:34 solver.py:159 ] Epoch: [55/200][100/282] lr: 4.61e-04 | MSE loss: 8.1476e-03 | time: 0.030
I 06.08/06:49:35 solver.py:159 ] Epoch: [55/200][120/282] lr: 4.61e-04 | MSE loss: 8.1335e-03 | time: 0.032
I 06.08/06:49:36 solver.py:159 ] Epoch: [55/200][140/282] lr: 4.60e-04 | MSE loss: 7.9762e-03 | time: 0.033
I 06.08/06:49:36 solver.py:159 ] Epoch: [55/200][160/282] lr: 4.60e-04 | MSE loss: 8.0835e-03 | time: 0.033
I 06.08/06:49:37 solver.py:159 ] Epoch: [55/200][180/282] lr: 4.60e-04 | MSE loss: 8.2065e-03 | time: 0.034
I 06.08/06:49:38 solver.py:159 ] Epoch: [55/200][200/282] lr: 4.60e-04 | MSE loss: 8.1506e-03 | time: 0.034
I 06.08/06:49:39 solver.py:159 ] Epoch: [55/200][220/282] lr: 4.60e-04 | MSE loss: 8.3658e-03 | time: 0.034
I 06.08/06:49:39 solver.py:159 ] Epoch: [55/200][240/282] lr: 4.60e-04 | MSE loss: 8.2493e-03 | time: 0.033
I 06.08/06:49:40 solver.py:159 ] Epoch: [55/200][260/282] lr: 4.59e-04 | MSE loss: 8.2828e-03 | time: 0.033
I 06.08/06:49:40 solver.py:159 ] Epoch: [55/200][280/282] lr: 4.59e-04 | MSE loss: 8.1259e-03 | time: 0.033
I 06.08/06:49:40 solver.py:169 ] => Train  Loss: 8.3221e-03

I 06.08/06:49:41 solver.py:405 ] [20/32] loss: 9.3584e-03 | NMSE: -1.6781e+01 | time: 0.032
I 06.08/06:49:41 solver.py:413 ] => Test NMSE: -1.7830e+01

I 06.08/06:49:41 solver.py:345 ] => LoRA monitor [epoch=55] | trainable=1310720/1310720 | non_lora_trainable=0 | lora_l2=1.626209e+01 | lora_A_l2=1.066609e+01 | lora_B_l2=1.227558e+01 | component_l2=fc_decoder:1.345805e+01,fc_encoder:9.128874e+00 | lora_abs_max=9.044428e-02 | delta_l2=1.510833e+01 | delta_rel=2.314610e+00 | train_loss=8.322077e-03 | test_loss=8.240409e-03 | nmse=-1.783022e+01
I 06.08/06:49:41 solver.py:224 ] 
=! Best NMSE: -1.7831e+01 (epoch=22)

I 06.08/06:49:42 solver.py:159 ] Epoch: [56/200][20/282] lr: 4.59e-04 | MSE loss: 9.2493e-03 | time: 0.026
I 06.08/06:49:42 solver.py:159 ] Epoch: [56/200][40/282] lr: 4.59e-04 | MSE loss: 8.1860e-03 | time: 0.027
I 06.08/06:49:43 solver.py:159 ] Epoch: [56/200][60/282] lr: 4.59e-04 | MSE loss: 8.9647e-03 | time: 0.034
I 06.08/06:49:44 solver.py:159 ] Epoch: [56/200][80/282] lr: 4.59e-04 | MSE loss: 8.9754e-03 | time: 0.038
I 06.08/06:49:45 solver.py:159 ] Epoch: [56/200][100/282] lr: 4.59e-04 | MSE loss: 8.9841e-03 | time: 0.039
I 06.08/06:49:46 solver.py:159 ] Epoch: [56/200][120/282] lr: 4.58e-04 | MSE loss: 8.9394e-03 | time: 0.039
I 06.08/06:49:47 solver.py:159 ] Epoch: [56/200][140/282] lr: 4.58e-04 | MSE loss: 8.8766e-03 | time: 0.038
I 06.08/06:49:47 solver.py:159 ] Epoch: [56/200][160/282] lr: 4.58e-04 | MSE loss: 8.6694e-03 | time: 0.038
I 06.08/06:49:48 solver.py:159 ] Epoch: [56/200][180/282] lr: 4.58e-04 | MSE loss: 8.5336e-03 | time: 0.037
I 06.08/06:49:49 solver.py:159 ] Epoch: [56/200][200/282] lr: 4.58e-04 | MSE loss: 8.2681e-03 | time: 0.036
I 06.08/06:49:49 solver.py:159 ] Epoch: [56/200][220/282] lr: 4.58e-04 | MSE loss: 8.1823e-03 | time: 0.036
I 06.08/06:49:50 solver.py:159 ] Epoch: [56/200][240/282] lr: 4.57e-04 | MSE loss: 7.9686e-03 | time: 0.036
I 06.08/06:49:51 solver.py:159 ] Epoch: [56/200][260/282] lr: 4.57e-04 | MSE loss: 8.1682e-03 | time: 0.036
I 06.08/06:49:51 solver.py:159 ] Epoch: [56/200][280/282] lr: 4.57e-04 | MSE loss: 8.1719e-03 | time: 0.036
I 06.08/06:49:51 solver.py:169 ] => Train  Loss: 8.1398e-03

I 06.08/06:49:52 solver.py:405 ] [20/32] loss: 9.3584e-03 | NMSE: -1.6781e+01 | time: 0.032
I 06.08/06:49:52 solver.py:413 ] => Test NMSE: -1.7830e+01

I 06.08/06:49:52 solver.py:345 ] => LoRA monitor [epoch=56] | trainable=1310720/1310720 | non_lora_trainable=0 | lora_l2=1.616034e+01 | lora_A_l2=1.054239e+01 | lora_B_l2=1.224804e+01 | component_l2=fc_decoder:1.343844e+01,fc_encoder:8.975793e+00 | lora_abs_max=8.999555e-02 | delta_l2=1.499863e+01 | delta_rel=2.297803e+00 | train_loss=8.139832e-03 | test_loss=8.240473e-03 | nmse=-1.783018e+01
I 06.08/06:49:52 solver.py:224 ] 
=! Best NMSE: -1.7831e+01 (epoch=22)

I 06.08/06:49:53 solver.py:159 ] Epoch: [57/200][20/282] lr: 4.57e-04 | MSE loss: 8.0609e-03 | time: 0.046
I 06.08/06:49:54 solver.py:159 ] Epoch: [57/200][40/282] lr: 4.57e-04 | MSE loss: 8.9151e-03 | time: 0.042
I 06.08/06:49:55 solver.py:159 ] Epoch: [57/200][60/282] lr: 4.57e-04 | MSE loss: 8.2369e-03 | time: 0.041
I 06.08/06:49:56 solver.py:159 ] Epoch: [57/200][80/282] lr: 4.56e-04 | MSE loss: 7.6380e-03 | time: 0.044
I 06.08/06:49:57 solver.py:159 ] Epoch: [57/200][100/282] lr: 4.56e-04 | MSE loss: 7.9505e-03 | time: 0.042
I 06.08/06:49:57 solver.py:159 ] Epoch: [57/200][120/282] lr: 4.56e-04 | MSE loss: 7.7487e-03 | time: 0.041
I 06.08/06:49:58 solver.py:159 ] Epoch: [57/200][140/282] lr: 4.56e-04 | MSE loss: 7.8237e-03 | time: 0.040
I 06.08/06:49:59 solver.py:159 ] Epoch: [57/200][160/282] lr: 4.56e-04 | MSE loss: 7.9627e-03 | time: 0.038
I 06.08/06:49:59 solver.py:159 ] Epoch: [57/200][180/282] lr: 4.56e-04 | MSE loss: 8.0194e-03 | time: 0.038
I 06.08/06:50:00 solver.py:159 ] Epoch: [57/200][200/282] lr: 4.55e-04 | MSE loss: 8.1178e-03 | time: 0.037
I 06.08/06:50:01 solver.py:159 ] Epoch: [57/200][220/282] lr: 4.55e-04 | MSE loss: 8.0027e-03 | time: 0.038
I 06.08/06:50:04 solver.py:159 ] Epoch: [57/200][240/282] lr: 4.55e-04 | MSE loss: 7.8433e-03 | time: 0.049
I 06.08/06:50:06 solver.py:159 ] Epoch: [57/200][260/282] lr: 4.55e-04 | MSE loss: 8.0744e-03 | time: 0.051
I 06.08/06:50:07 solver.py:159 ] Epoch: [57/200][280/282] lr: 4.55e-04 | MSE loss: 8.1530e-03 | time: 0.050
I 06.08/06:50:07 solver.py:169 ] => Train  Loss: 8.1388e-03

I 06.08/06:50:07 solver.py:405 ] [20/32] loss: 9.3567e-03 | NMSE: -1.6781e+01 | time: 0.034
I 06.08/06:50:08 solver.py:413 ] => Test NMSE: -1.7831e+01

I 06.08/06:50:08 solver.py:345 ] => LoRA monitor [epoch=57] | trainable=1310720/1310720 | non_lora_trainable=0 | lora_l2=1.606075e+01 | lora_A_l2=1.043175e+01 | lora_B_l2=1.221173e+01 | component_l2=fc_decoder:1.341012e+01,fc_encoder:8.838350e+00 | lora_abs_max=8.819102e-02 | delta_l2=1.489233e+01 | delta_rel=2.281519e+00 | train_loss=8.138814e-03 | test_loss=8.238805e-03 | nmse=-1.783106e+01
I 06.08/06:50:08 solver.py:224 ] 
=! Best NMSE: -1.7831e+01 (epoch=22)

I 06.08/06:50:09 solver.py:159 ] Epoch: [58/200][20/282] lr: 4.55e-04 | MSE loss: 9.1759e-03 | time: 0.041
I 06.08/06:50:09 solver.py:159 ] Epoch: [58/200][40/282] lr: 4.54e-04 | MSE loss: 7.5311e-03 | time: 0.038
I 06.08/06:50:10 solver.py:159 ] Epoch: [58/200][60/282] lr: 4.54e-04 | MSE loss: 8.0824e-03 | time: 0.038
I 06.08/06:50:11 solver.py:159 ] Epoch: [58/200][80/282] lr: 4.54e-04 | MSE loss: 8.7220e-03 | time: 0.038
I 06.08/06:50:11 solver.py:159 ] Epoch: [58/200][100/282] lr: 4.54e-04 | MSE loss: 8.7207e-03 | time: 0.038
I 06.08/06:50:12 solver.py:159 ] Epoch: [58/200][120/282] lr: 4.54e-04 | MSE loss: 8.5161e-03 | time: 0.038
I 06.08/06:50:13 solver.py:159 ] Epoch: [58/200][140/282] lr: 4.54e-04 | MSE loss: 8.4174e-03 | time: 0.037
I 06.08/06:50:13 solver.py:159 ] Epoch: [58/200][160/282] lr: 4.53e-04 | MSE loss: 8.1343e-03 | time: 0.036
I 06.08/06:50:14 solver.py:159 ] Epoch: [58/200][180/282] lr: 4.53e-04 | MSE loss: 8.2706e-03 | time: 0.037
I 06.08/06:50:15 solver.py:159 ] Epoch: [58/200][200/282] lr: 4.53e-04 | MSE loss: 8.2654e-03 | time: 0.038
I 06.08/06:50:16 solver.py:159 ] Epoch: [58/200][220/282] lr: 4.53e-04 | MSE loss: 8.2023e-03 | time: 0.038
I 06.08/06:50:17 solver.py:159 ] Epoch: [58/200][240/282] lr: 4.53e-04 | MSE loss: 8.1511e-03 | time: 0.038
I 06.08/06:50:18 solver.py:159 ] Epoch: [58/200][260/282] lr: 4.52e-04 | MSE loss: 8.1476e-03 | time: 0.038
I 06.08/06:50:18 solver.py:159 ] Epoch: [58/200][280/282] lr: 4.52e-04 | MSE loss: 8.1528e-03 | time: 0.039
I 06.08/06:50:19 solver.py:169 ] => Train  Loss: 8.1369e-03

I 06.08/06:50:19 solver.py:405 ] [20/32] loss: 9.3579e-03 | NMSE: -1.6780e+01 | time: 0.033
I 06.08/06:50:20 solver.py:413 ] => Test NMSE: -1.7831e+01

I 06.08/06:50:20 solver.py:345 ] => LoRA monitor [epoch=58] | trainable=1310720/1310720 | non_lora_trainable=0 | lora_l2=1.602096e+01 | lora_A_l2=1.035561e+01 | lora_B_l2=1.222426e+01 | component_l2=fc_decoder:1.342903e+01,fc_encoder:8.736837e+00 | lora_abs_max=8.871264e-02 | delta_l2=1.484867e+01 | delta_rel=2.274829e+00 | train_loss=8.136870e-03 | test_loss=8.239718e-03 | nmse=-1.783058e+01
I 06.08/06:50:20 solver.py:224 ] 
=! Best NMSE: -1.7831e+01 (epoch=22)

I 06.08/06:50:21 solver.py:159 ] Epoch: [59/200][20/282] lr: 4.52e-04 | MSE loss: 1.0053e-02 | time: 0.038
I 06.08/06:50:21 solver.py:159 ] Epoch: [59/200][40/282] lr: 4.52e-04 | MSE loss: 9.5984e-03 | time: 0.037
I 06.08/06:50:22 solver.py:159 ] Epoch: [59/200][60/282] lr: 4.52e-04 | MSE loss: 9.6377e-03 | time: 0.035
I 06.08/06:50:23 solver.py:159 ] Epoch: [59/200][80/282] lr: 4.52e-04 | MSE loss: 9.3061e-03 | time: 0.034
I 06.08/06:50:23 solver.py:159 ] Epoch: [59/200][100/282] lr: 4.51e-04 | MSE loss: 9.0337e-03 | time: 0.033
I 06.08/06:50:24 solver.py:159 ] Epoch: [59/200][120/282] lr: 4.51e-04 | MSE loss: 8.8137e-03 | time: 0.034
I 06.08/06:50:25 solver.py:159 ] Epoch: [59/200][140/282] lr: 4.51e-04 | MSE loss: 8.6395e-03 | time: 0.035
I 06.08/06:50:25 solver.py:159 ] Epoch: [59/200][160/282] lr: 4.51e-04 | MSE loss: 8.5310e-03 | time: 0.035
I 06.08/06:50:26 solver.py:159 ] Epoch: [59/200][180/282] lr: 4.51e-04 | MSE loss: 8.3334e-03 | time: 0.036
I 06.08/06:50:27 solver.py:159 ] Epoch: [59/200][200/282] lr: 4.51e-04 | MSE loss: 8.2345e-03 | time: 0.036
I 06.08/06:50:28 solver.py:159 ] Epoch: [59/200][220/282] lr: 4.50e-04 | MSE loss: 8.2720e-03 | time: 0.037
I 06.08/06:50:29 solver.py:159 ] Epoch: [59/200][240/282] lr: 4.50e-04 | MSE loss: 8.2230e-03 | time: 0.037
I 06.08/06:50:30 solver.py:159 ] Epoch: [59/200][260/282] lr: 4.50e-04 | MSE loss: 8.1907e-03 | time: 0.038
I 06.08/06:50:30 solver.py:159 ] Epoch: [59/200][280/282] lr: 4.50e-04 | MSE loss: 8.0545e-03 | time: 0.038
I 06.08/06:50:30 solver.py:169 ] => Train  Loss: 8.2784e-03

I 06.08/06:50:31 solver.py:405 ] [20/32] loss: 9.3577e-03 | NMSE: -1.6781e+01 | time: 0.031
I 06.08/06:50:31 solver.py:413 ] => Test NMSE: -1.7831e+01

I 06.08/06:50:31 solver.py:345 ] => LoRA monitor [epoch=59] | trainable=1310720/1310720 | non_lora_trainable=0 | lora_l2=1.597806e+01 | lora_A_l2=1.028137e+01 | lora_B_l2=1.223077e+01 | component_l2=fc_decoder:1.344290e+01,fc_encoder:8.636364e+00 | lora_abs_max=8.861591e-02 | delta_l2=1.480258e+01 | delta_rel=2.267769e+00 | train_loss=8.278351e-03 | test_loss=8.239226e-03 | nmse=-1.783084e+01
I 06.08/06:50:31 solver.py:224 ] 
=! Best NMSE: -1.7831e+01 (epoch=22)

I 06.08/06:50:32 solver.py:159 ] Epoch: [60/200][20/282] lr: 4.50e-04 | MSE loss: 9.6749e-03 | time: 0.034
I 06.08/06:50:33 solver.py:159 ] Epoch: [60/200][40/282] lr: 4.50e-04 | MSE loss: 7.9461e-03 | time: 0.036
I 06.08/06:50:34 solver.py:159 ] Epoch: [60/200][60/282] lr: 4.49e-04 | MSE loss: 8.1561e-03 | time: 0.036
I 06.08/06:50:34 solver.py:159 ] Epoch: [60/200][80/282] lr: 4.49e-04 | MSE loss: 7.9999e-03 | time: 0.038
I 06.08/06:50:35 solver.py:159 ] Epoch: [60/200][100/282] lr: 4.49e-04 | MSE loss: 7.5686e-03 | time: 0.038
I 06.08/06:50:36 solver.py:159 ] Epoch: [60/200][120/282] lr: 4.49e-04 | MSE loss: 7.7996e-03 | time: 0.038
I 06.08/06:50:37 solver.py:159 ] Epoch: [60/200][140/282] lr: 4.49e-04 | MSE loss: 7.7435e-03 | time: 0.040
I 06.08/06:50:38 solver.py:159 ] Epoch: [60/200][160/282] lr: 4.48e-04 | MSE loss: 7.8423e-03 | time: 0.039
I 06.08/06:50:38 solver.py:159 ] Epoch: [60/200][180/282] lr: 4.48e-04 | MSE loss: 7.9080e-03 | time: 0.038
I 06.08/06:50:39 solver.py:159 ] Epoch: [60/200][200/282] lr: 4.48e-04 | MSE loss: 7.9280e-03 | time: 0.039
I 06.08/06:50:40 solver.py:159 ] Epoch: [60/200][220/282] lr: 4.48e-04 | MSE loss: 8.0372e-03 | time: 0.041
I 06.08/06:50:41 solver.py:159 ] Epoch: [60/200][240/282] lr: 4.48e-04 | MSE loss: 8.3847e-03 | time: 0.041
I 06.08/06:50:42 solver.py:159 ] Epoch: [60/200][260/282] lr: 4.48e-04 | MSE loss: 8.4019e-03 | time: 0.040
I 06.08/06:50:43 solver.py:159 ] Epoch: [60/200][280/282] lr: 4.47e-04 | MSE loss: 8.1616e-03 | time: 0.040
I 06.08/06:50:43 solver.py:169 ] => Train  Loss: 8.2944e-03

I 06.08/06:50:43 solver.py:159 ] Epoch: [60/200][20/32] lr: 4.47e-04 | MSE loss: 9.3758e-03 | time: 0.030
I 06.08/06:50:44 solver.py:169 ] => Val  Loss: 8.0685e-03

I 06.08/06:50:44 solver.py:405 ] [20/32] loss: 9.3758e-03 | NMSE: -1.6774e+01 | time: 0.032
I 06.08/06:50:44 solver.py:413 ] => Test NMSE: -1.7823e+01

I 06.08/06:50:44 solver.py:345 ] => LoRA monitor [epoch=60] | trainable=1310720/1310720 | non_lora_trainable=0 | lora_l2=1.593266e+01 | lora_A_l2=1.020686e+01 | lora_B_l2=1.223395e+01 | component_l2=fc_decoder:1.349117e+01,fc_encoder:8.475723e+00 | lora_abs_max=8.826954e-02 | delta_l2=1.475793e+01 | delta_rel=2.260929e+00 | train_loss=8.294446e-03 | val_loss=8.068516e-03 | test_loss=8.253460e-03 | nmse=-1.782334e+01
I 06.08/06:50:44 solver.py:224 ] 
=! Best NMSE: -1.7831e+01 (epoch=22)

I 06.08/06:50:45 solver.py:159 ] Epoch: [61/200][20/282] lr: 4.47e-04 | MSE loss: 9.5267e-03 | time: 0.040
I 06.08/06:50:46 solver.py:159 ] Epoch: [61/200][40/282] lr: 4.47e-04 | MSE loss: 1.0346e-02 | time: 0.038
I 06.08/06:50:47 solver.py:159 ] Epoch: [61/200][60/282] lr: 4.47e-04 | MSE loss: 9.4398e-03 | time: 0.038
I 06.08/06:50:47 solver.py:159 ] Epoch: [61/200][80/282] lr: 4.47e-04 | MSE loss: 8.9887e-03 | time: 0.038
I 06.08/06:50:48 solver.py:159 ] Epoch: [61/200][100/282] lr: 4.46e-04 | MSE loss: 9.3123e-03 | time: 0.036
I 06.08/06:50:49 solver.py:159 ] Epoch: [61/200][120/282] lr: 4.46e-04 | MSE loss: 9.3900e-03 | time: 0.037
I 06.08/06:50:50 solver.py:159 ] Epoch: [61/200][140/282] lr: 4.46e-04 | MSE loss: 9.4573e-03 | time: 0.036
I 06.08/06:50:50 solver.py:159 ] Epoch: [61/200][160/282] lr: 4.46e-04 | MSE loss: 9.3528e-03 | time: 0.036
I 06.08/06:50:51 solver.py:159 ] Epoch: [61/200][180/282] lr: 4.46e-04 | MSE loss: 9.3869e-03 | time: 0.036
I 06.08/06:50:52 solver.py:159 ] Epoch: [61/200][200/282] lr: 4.46e-04 | MSE loss: 9.4657e-03 | time: 0.036
I 06.08/06:50:53 solver.py:159 ] Epoch: [61/200][220/282] lr: 4.45e-04 | MSE loss: 9.3276e-03 | time: 0.036
I 06.08/06:50:53 solver.py:159 ] Epoch: [61/200][240/282] lr: 4.45e-04 | MSE loss: 9.0966e-03 | time: 0.036
I 06.08/06:50:54 solver.py:159 ] Epoch: [61/200][260/282] lr: 4.45e-04 | MSE loss: 8.9691e-03 | time: 0.037
I 06.08/06:50:55 solver.py:159 ] Epoch: [61/200][280/282] lr: 4.45e-04 | MSE loss: 8.7700e-03 | time: 0.037
I 06.08/06:50:55 solver.py:169 ] => Train  Loss: 8.7338e-03

I 06.08/06:50:56 solver.py:405 ] [20/32] loss: 9.6169e-03 | NMSE: -1.6651e+01 | time: 0.032
I 06.08/06:50:56 solver.py:413 ] => Test NMSE: -1.7719e+01

I 06.08/06:50:56 solver.py:345 ] => LoRA monitor [epoch=61] | trainable=1310720/1310720 | non_lora_trainable=0 | lora_l2=1.890284e+01 | lora_A_l2=1.222154e+01 | lora_B_l2=1.442052e+01 | component_l2=fc_decoder:1.568277e+01,fc_encoder:1.055311e+01 | lora_abs_max=1.048672e-01 | delta_l2=1.797001e+01 | delta_rel=2.753022e+00 | train_loss=8.733818e-03 | test_loss=8.455053e-03 | nmse=-1.771854e+01
I 06.08/06:50:56 solver.py:224 ] 
=! Best NMSE: -1.7831e+01 (epoch=22)

I 06.08/06:50:57 solver.py:159 ] Epoch: [62/200][20/282] lr: 4.45e-04 | MSE loss: 8.8352e-03 | time: 0.033
I 06.08/06:50:57 solver.py:159 ] Epoch: [62/200][40/282] lr: 4.44e-04 | MSE loss: 8.6498e-03 | time: 0.035
I 06.08/06:50:58 solver.py:159 ] Epoch: [62/200][60/282] lr: 4.44e-04 | MSE loss: 8.8028e-03 | time: 0.038
I 06.08/06:50:59 solver.py:159 ] Epoch: [62/200][80/282] lr: 4.44e-04 | MSE loss: 8.3633e-03 | time: 0.041
I 06.08/06:51:00 solver.py:159 ] Epoch: [62/200][100/282] lr: 4.44e-04 | MSE loss: 7.9984e-03 | time: 0.040
I 06.08/06:51:01 solver.py:159 ] Epoch: [62/200][120/282] lr: 4.44e-04 | MSE loss: 8.0856e-03 | time: 0.041
I 06.08/06:51:02 solver.py:159 ] Epoch: [62/200][140/282] lr: 4.44e-04 | MSE loss: 8.0442e-03 | time: 0.045
I 06.08/06:51:04 solver.py:159 ] Epoch: [62/200][160/282] lr: 4.43e-04 | MSE loss: 8.0161e-03 | time: 0.049
I 06.08/06:51:04 solver.py:159 ] Epoch: [62/200][180/282] lr: 4.43e-04 | MSE loss: 8.0524e-03 | time: 0.048
I 06.08/06:51:05 solver.py:159 ] Epoch: [62/200][200/282] lr: 4.43e-04 | MSE loss: 7.8268e-03 | time: 0.046
I 06.08/06:51:06 solver.py:159 ] Epoch: [62/200][220/282] lr: 4.43e-04 | MSE loss: 7.8300e-03 | time: 0.045
I 06.08/06:51:06 solver.py:159 ] Epoch: [62/200][240/282] lr: 4.43e-04 | MSE loss: 7.9687e-03 | time: 0.044
I 06.08/06:51:07 solver.py:159 ] Epoch: [62/200][260/282] lr: 4.42e-04 | MSE loss: 8.1134e-03 | time: 0.044
I 06.08/06:51:08 solver.py:159 ] Epoch: [62/200][280/282] lr: 4.42e-04 | MSE loss: 8.2115e-03 | time: 0.043
I 06.08/06:51:08 solver.py:169 ] => Train  Loss: 8.2024e-03

I 06.08/06:51:09 solver.py:405 ] [20/32] loss: 9.3863e-03 | NMSE: -1.6768e+01 | time: 0.040
I 06.08/06:51:09 solver.py:413 ] => Test NMSE: -1.7818e+01

I 06.08/06:51:09 solver.py:345 ] => LoRA monitor [epoch=62] | trainable=1310720/1310720 | non_lora_trainable=0 | lora_l2=1.817499e+01 | lora_A_l2=1.168566e+01 | lora_B_l2=1.392034e+01 | component_l2=fc_decoder:1.516123e+01,fc_encoder:1.002334e+01 | lora_abs_max=1.022936e-01 | delta_l2=1.720401e+01 | delta_rel=2.635671e+00 | train_loss=8.202367e-03 | test_loss=8.264081e-03 | nmse=-1.781776e+01
I 06.08/06:51:09 solver.py:224 ] 
=! Best NMSE: -1.7831e+01 (epoch=22)

I 06.08/06:51:10 solver.py:159 ] Epoch: [63/200][20/282] lr: 4.42e-04 | MSE loss: 9.5233e-03 | time: 0.035
I 06.08/06:51:11 solver.py:159 ] Epoch: [63/200][40/282] lr: 4.42e-04 | MSE loss: 8.9211e-03 | time: 0.037
I 06.08/06:51:11 solver.py:159 ] Epoch: [63/200][60/282] lr: 4.42e-04 | MSE loss: 8.5613e-03 | time: 0.037
I 06.08/06:51:12 solver.py:159 ] Epoch: [63/200][80/282] lr: 4.41e-04 | MSE loss: 8.1235e-03 | time: 0.035
I 06.08/06:51:13 solver.py:159 ] Epoch: [63/200][100/282] lr: 4.41e-04 | MSE loss: 7.9246e-03 | time: 0.035
I 06.08/06:51:13 solver.py:159 ] Epoch: [63/200][120/282] lr: 4.41e-04 | MSE loss: 7.8538e-03 | time: 0.035
I 06.08/06:51:14 solver.py:159 ] Epoch: [63/200][140/282] lr: 4.41e-04 | MSE loss: 8.2505e-03 | time: 0.035
I 06.08/06:51:15 solver.py:159 ] Epoch: [63/200][160/282] lr: 4.41e-04 | MSE loss: 8.3882e-03 | time: 0.035
I 06.08/06:51:16 solver.py:159 ] Epoch: [63/200][180/282] lr: 4.41e-04 | MSE loss: 8.3616e-03 | time: 0.036
I 06.08/06:51:16 solver.py:159 ] Epoch: [63/200][200/282] lr: 4.40e-04 | MSE loss: 8.4250e-03 | time: 0.035
I 06.08/06:51:17 solver.py:159 ] Epoch: [63/200][220/282] lr: 4.40e-04 | MSE loss: 8.3636e-03 | time: 0.035
I 06.08/06:51:18 solver.py:159 ] Epoch: [63/200][240/282] lr: 4.40e-04 | MSE loss: 8.3139e-03 | time: 0.035
I 06.08/06:51:18 solver.py:159 ] Epoch: [63/200][260/282] lr: 4.40e-04 | MSE loss: 8.2490e-03 | time: 0.035
I 06.08/06:51:19 solver.py:159 ] Epoch: [63/200][280/282] lr: 4.40e-04 | MSE loss: 8.1774e-03 | time: 0.035
I 06.08/06:51:19 solver.py:169 ] => Train  Loss: 8.1530e-03

I 06.08/06:51:20 solver.py:405 ] [20/32] loss: 9.3737e-03 | NMSE: -1.6774e+01 | time: 0.041
I 06.08/06:51:20 solver.py:413 ] => Test NMSE: -1.7824e+01

I 06.08/06:51:20 solver.py:345 ] => LoRA monitor [epoch=63] | trainable=1310720/1310720 | non_lora_trainable=0 | lora_l2=1.798977e+01 | lora_A_l2=1.153576e+01 | lora_B_l2=1.380428e+01 | component_l2=fc_decoder:1.503859e+01,fc_encoder:9.872825e+00 | lora_abs_max=1.013706e-01 | delta_l2=1.700752e+01 | delta_rel=2.605568e+00 | train_loss=8.153011e-03 | test_loss=8.252800e-03 | nmse=-1.782369e+01
I 06.08/06:51:20 solver.py:224 ] 
=! Best NMSE: -1.7831e+01 (epoch=22)

I 06.08/06:51:21 solver.py:159 ] Epoch: [64/200][20/282] lr: 4.39e-04 | MSE loss: 7.9414e-03 | time: 0.039
I 06.08/06:51:22 solver.py:159 ] Epoch: [64/200][40/282] lr: 4.39e-04 | MSE loss: 6.9257e-03 | time: 0.037
I 06.08/06:51:22 solver.py:159 ] Epoch: [64/200][60/282] lr: 4.39e-04 | MSE loss: 7.4219e-03 | time: 0.036
I 06.08/06:51:23 solver.py:159 ] Epoch: [64/200][80/282] lr: 4.39e-04 | MSE loss: 7.7066e-03 | time: 0.037
I 06.08/06:51:24 solver.py:159 ] Epoch: [64/200][100/282] lr: 4.39e-04 | MSE loss: 7.9096e-03 | time: 0.036
I 06.08/06:51:25 solver.py:159 ] Epoch: [64/200][120/282] lr: 4.38e-04 | MSE loss: 7.9814e-03 | time: 0.037
I 06.08/06:51:25 solver.py:159 ] Epoch: [64/200][140/282] lr: 4.38e-04 | MSE loss: 8.2576e-03 | time: 0.036
I 06.08/06:51:26 solver.py:159 ] Epoch: [64/200][160/282] lr: 4.38e-04 | MSE loss: 8.2643e-03 | time: 0.037
I 06.08/06:51:27 solver.py:159 ] Epoch: [64/200][180/282] lr: 4.38e-04 | MSE loss: 8.3915e-03 | time: 0.037
I 06.08/06:51:28 solver.py:159 ] Epoch: [64/200][200/282] lr: 4.38e-04 | MSE loss: 8.2257e-03 | time: 0.037
I 06.08/06:51:28 solver.py:159 ] Epoch: [64/200][220/282] lr: 4.37e-04 | MSE loss: 8.2852e-03 | time: 0.037
I 06.08/06:51:29 solver.py:159 ] Epoch: [64/200][240/282] lr: 4.37e-04 | MSE loss: 8.3914e-03 | time: 0.037
I 06.08/06:51:30 solver.py:159 ] Epoch: [64/200][260/282] lr: 4.37e-04 | MSE loss: 8.2288e-03 | time: 0.037
I 06.08/06:51:30 solver.py:159 ] Epoch: [64/200][280/282] lr: 4.37e-04 | MSE loss: 8.1915e-03 | time: 0.037
I 06.08/06:51:31 solver.py:169 ] => Train  Loss: 8.1514e-03

I 06.08/06:51:31 solver.py:405 ] [20/32] loss: 9.3672e-03 | NMSE: -1.6777e+01 | time: 0.034
I 06.08/06:51:32 solver.py:413 ] => Test NMSE: -1.7827e+01

I 06.08/06:51:32 solver.py:345 ] => LoRA monitor [epoch=64] | trainable=1310720/1310720 | non_lora_trainable=0 | lora_l2=1.785318e+01 | lora_A_l2=1.139226e+01 | lora_B_l2=1.374599e+01 | component_l2=fc_decoder:1.497057e+01,fc_encoder:9.727183e+00 | lora_abs_max=1.024935e-01 | delta_l2=1.686190e+01 | delta_rel=2.583259e+00 | train_loss=8.151352e-03 | test_loss=8.247187e-03 | nmse=-1.782664e+01
I 06.08/06:51:32 solver.py:224 ] 
=! Best NMSE: -1.7831e+01 (epoch=22)

I 06.08/06:51:33 solver.py:159 ] Epoch: [65/200][20/282] lr: 4.37e-04 | MSE loss: 7.0837e-03 | time: 0.049
I 06.08/06:51:33 solver.py:159 ] Epoch: [65/200][40/282] lr: 4.36e-04 | MSE loss: 8.4065e-03 | time: 0.045
I 06.08/06:51:34 solver.py:159 ] Epoch: [65/200][60/282] lr: 4.36e-04 | MSE loss: 8.3825e-03 | time: 0.042
I 06.08/06:51:35 solver.py:159 ] Epoch: [65/200][80/282] lr: 4.36e-04 | MSE loss: 8.5973e-03 | time: 0.041
I 06.08/06:51:36 solver.py:159 ] Epoch: [65/200][100/282] lr: 4.36e-04 | MSE loss: 8.3110e-03 | time: 0.039
I 06.08/06:51:36 solver.py:159 ] Epoch: [65/200][120/282] lr: 4.36e-04 | MSE loss: 8.7322e-03 | time: 0.039
I 06.08/06:51:37 solver.py:159 ] Epoch: [65/200][140/282] lr: 4.35e-04 | MSE loss: 8.3545e-03 | time: 0.039
I 06.08/06:51:38 solver.py:159 ] Epoch: [65/200][160/282] lr: 4.35e-04 | MSE loss: 8.3913e-03 | time: 0.040
I 06.08/06:51:39 solver.py:159 ] Epoch: [65/200][180/282] lr: 4.35e-04 | MSE loss: 8.4678e-03 | time: 0.040
I 06.08/06:51:39 solver.py:159 ] Epoch: [65/200][200/282] lr: 4.35e-04 | MSE loss: 8.2827e-03 | time: 0.039
I 06.08/06:51:40 solver.py:159 ] Epoch: [65/200][220/282] lr: 4.35e-04 | MSE loss: 8.2259e-03 | time: 0.038
I 06.08/06:51:41 solver.py:159 ] Epoch: [65/200][240/282] lr: 4.35e-04 | MSE loss: 8.2090e-03 | time: 0.038
I 06.08/06:51:41 solver.py:159 ] Epoch: [65/200][260/282] lr: 4.34e-04 | MSE loss: 8.2266e-03 | time: 0.037
I 06.08/06:51:42 solver.py:159 ] Epoch: [65/200][280/282] lr: 4.34e-04 | MSE loss: 8.1934e-03 | time: 0.038
I 06.08/06:51:42 solver.py:169 ] => Train  Loss: 8.1429e-03

I 06.08/06:51:43 solver.py:405 ] [20/32] loss: 9.3635e-03 | NMSE: -1.6778e+01 | time: 0.033
I 06.08/06:51:43 solver.py:413 ] => Test NMSE: -1.7828e+01

I 06.08/06:51:43 solver.py:345 ] => LoRA monitor [epoch=65] | trainable=1310720/1310720 | non_lora_trainable=0 | lora_l2=1.777490e+01 | lora_A_l2=1.132463e+01 | lora_B_l2=1.370035e+01 | component_l2=fc_decoder:1.492312e+01,fc_encoder:9.656470e+00 | lora_abs_max=1.026244e-01 | delta_l2=1.677795e+01 | delta_rel=2.570397e+00 | train_loss=8.142916e-03 | test_loss=8.244429e-03 | nmse=-1.782809e+01
I 06.08/06:51:43 solver.py:224 ] 
=! Best NMSE: -1.7831e+01 (epoch=22)

I 06.08/06:51:45 solver.py:159 ] Epoch: [66/200][20/282] lr: 4.34e-04 | MSE loss: 5.9784e-03 | time: 0.066
I 06.08/06:51:46 solver.py:159 ] Epoch: [66/200][40/282] lr: 4.34e-04 | MSE loss: 7.4430e-03 | time: 0.055
I 06.08/06:51:47 solver.py:159 ] Epoch: [66/200][60/282] lr: 4.34e-04 | MSE loss: 7.8918e-03 | time: 0.054
I 06.08/06:51:48 solver.py:159 ] Epoch: [66/200][80/282] lr: 4.33e-04 | MSE loss: 8.0733e-03 | time: 0.053
I 06.08/06:51:49 solver.py:159 ] Epoch: [66/200][100/282] lr: 4.33e-04 | MSE loss: 8.3282e-03 | time: 0.053
I 06.08/06:51:50 solver.py:159 ] Epoch: [66/200][120/282] lr: 4.33e-04 | MSE loss: 8.1271e-03 | time: 0.054
I 06.08/06:51:51 solver.py:159 ] Epoch: [66/200][140/282] lr: 4.33e-04 | MSE loss: 8.1371e-03 | time: 0.054
I 06.08/06:51:52 solver.py:159 ] Epoch: [66/200][160/282] lr: 4.33e-04 | MSE loss: 8.0653e-03 | time: 0.052
I 06.08/06:51:53 solver.py:159 ] Epoch: [66/200][180/282] lr: 4.32e-04 | MSE loss: 7.9259e-03 | time: 0.052
I 06.08/06:51:54 solver.py:159 ] Epoch: [66/200][200/282] lr: 4.32e-04 | MSE loss: 7.8684e-03 | time: 0.051
I 06.08/06:51:54 solver.py:159 ] Epoch: [66/200][220/282] lr: 4.32e-04 | MSE loss: 7.9315e-03 | time: 0.049
I 06.08/06:51:55 solver.py:159 ] Epoch: [66/200][240/282] lr: 4.32e-04 | MSE loss: 7.9941e-03 | time: 0.048
I 06.08/06:51:56 solver.py:159 ] Epoch: [66/200][260/282] lr: 4.32e-04 | MSE loss: 8.1133e-03 | time: 0.047
I 06.08/06:51:57 solver.py:159 ] Epoch: [66/200][280/282] lr: 4.31e-04 | MSE loss: 8.1381e-03 | time: 0.047
I 06.08/06:51:57 solver.py:169 ] => Train  Loss: 8.2457e-03

I 06.08/06:51:58 solver.py:405 ] [20/32] loss: 9.3613e-03 | NMSE: -1.6779e+01 | time: 0.042
I 06.08/06:51:58 solver.py:413 ] => Test NMSE: -1.7829e+01

I 06.08/06:51:58 solver.py:345 ] => LoRA monitor [epoch=66] | trainable=1310720/1310720 | non_lora_trainable=0 | lora_l2=1.772712e+01 | lora_A_l2=1.127815e+01 | lora_B_l2=1.367677e+01 | component_l2=fc_decoder:1.489864e+01,fc_encoder:9.606312e+00 | lora_abs_max=1.028483e-01 | delta_l2=1.672642e+01 | delta_rel=2.562504e+00 | train_loss=8.245663e-03 | test_loss=8.242334e-03 | nmse=-1.782920e+01
I 06.08/06:51:58 solver.py:224 ] 
=! Best NMSE: -1.7831e+01 (epoch=22)

I 06.08/06:52:00 solver.py:159 ] Epoch: [67/200][20/282] lr: 4.31e-04 | MSE loss: 1.0662e-02 | time: 0.062
I 06.08/06:52:00 solver.py:159 ] Epoch: [67/200][40/282] lr: 4.31e-04 | MSE loss: 1.0224e-02 | time: 0.053
I 06.08/06:52:02 solver.py:159 ] Epoch: [67/200][60/282] lr: 4.31e-04 | MSE loss: 9.4907e-03 | time: 0.058
I 06.08/06:52:04 solver.py:159 ] Epoch: [67/200][80/282] lr: 4.30e-04 | MSE loss: 9.1672e-03 | time: 0.067
I 06.08/06:52:05 solver.py:159 ] Epoch: [67/200][100/282] lr: 4.30e-04 | MSE loss: 9.0196e-03 | time: 0.063
I 06.08/06:52:05 solver.py:159 ] Epoch: [67/200][120/282] lr: 4.30e-04 | MSE loss: 8.3432e-03 | time: 0.059
I 06.08/06:52:06 solver.py:159 ] Epoch: [67/200][140/282] lr: 4.30e-04 | MSE loss: 8.2509e-03 | time: 0.056
I 06.08/06:52:07 solver.py:159 ] Epoch: [67/200][160/282] lr: 4.30e-04 | MSE loss: 8.1499e-03 | time: 0.054
I 06.08/06:52:08 solver.py:159 ] Epoch: [67/200][180/282] lr: 4.29e-04 | MSE loss: 8.0394e-03 | time: 0.052
I 06.08/06:52:08 solver.py:159 ] Epoch: [67/200][200/282] lr: 4.29e-04 | MSE loss: 7.9343e-03 | time: 0.050
I 06.08/06:52:09 solver.py:159 ] Epoch: [67/200][220/282] lr: 4.29e-04 | MSE loss: 8.0502e-03 | time: 0.049
I 06.08/06:52:10 solver.py:159 ] Epoch: [67/200][240/282] lr: 4.29e-04 | MSE loss: 8.0424e-03 | time: 0.048
I 06.08/06:52:10 solver.py:159 ] Epoch: [67/200][260/282] lr: 4.29e-04 | MSE loss: 8.0788e-03 | time: 0.047
I 06.08/06:52:11 solver.py:159 ] Epoch: [67/200][280/282] lr: 4.28e-04 | MSE loss: 8.1657e-03 | time: 0.046
I 06.08/06:52:11 solver.py:169 ] => Train  Loss: 8.1384e-03

I 06.08/06:52:12 solver.py:405 ] [20/32] loss: 9.3604e-03 | NMSE: -1.6779e+01 | time: 0.037
I 06.08/06:52:13 solver.py:413 ] => Test NMSE: -1.7830e+01

I 06.08/06:52:13 solver.py:345 ] => LoRA monitor [epoch=67] | trainable=1310720/1310720 | non_lora_trainable=0 | lora_l2=1.768836e+01 | lora_A_l2=1.123428e+01 | lora_B_l2=1.366268e+01 | component_l2=fc_decoder:1.488341e+01,fc_encoder:9.558358e+00 | lora_abs_max=1.024597e-01 | delta_l2=1.668446e+01 | delta_rel=2.556074e+00 | train_loss=8.138382e-03 | test_loss=8.241533e-03 | nmse=-1.782962e+01
I 06.08/06:52:13 solver.py:224 ] 
=! Best NMSE: -1.7831e+01 (epoch=22)

I 06.08/06:52:14 solver.py:159 ] Epoch: [68/200][20/282] lr: 4.28e-04 | MSE loss: 8.4418e-03 | time: 0.062
I 06.08/06:52:15 solver.py:159 ] Epoch: [68/200][40/282] lr: 4.28e-04 | MSE loss: 9.4008e-03 | time: 0.052
I 06.08/06:52:16 solver.py:159 ] Epoch: [68/200][60/282] lr: 4.28e-04 | MSE loss: 9.4857e-03 | time: 0.047
I 06.08/06:52:16 solver.py:159 ] Epoch: [68/200][80/282] lr: 4.28e-04 | MSE loss: 9.0883e-03 | time: 0.045
I 06.08/06:52:17 solver.py:159 ] Epoch: [68/200][100/282] lr: 4.27e-04 | MSE loss: 8.7331e-03 | time: 0.043
I 06.08/06:52:18 solver.py:159 ] Epoch: [68/200][120/282] lr: 4.27e-04 | MSE loss: 8.6315e-03 | time: 0.041
I 06.08/06:52:18 solver.py:159 ] Epoch: [68/200][140/282] lr: 4.27e-04 | MSE loss: 8.5483e-03 | time: 0.040
I 06.08/06:52:19 solver.py:159 ] Epoch: [68/200][160/282] lr: 4.27e-04 | MSE loss: 8.4162e-03 | time: 0.039
I 06.08/06:52:20 solver.py:159 ] Epoch: [68/200][180/282] lr: 4.27e-04 | MSE loss: 8.4139e-03 | time: 0.038
I 06.08/06:52:20 solver.py:159 ] Epoch: [68/200][200/282] lr: 4.26e-04 | MSE loss: 8.2966e-03 | time: 0.039
I 06.08/06:52:21 solver.py:159 ] Epoch: [68/200][220/282] lr: 4.26e-04 | MSE loss: 8.2657e-03 | time: 0.038
I 06.08/06:52:22 solver.py:159 ] Epoch: [68/200][240/282] lr: 4.26e-04 | MSE loss: 8.1669e-03 | time: 0.038
I 06.08/06:52:22 solver.py:159 ] Epoch: [68/200][260/282] lr: 4.26e-04 | MSE loss: 8.1310e-03 | time: 0.037
I 06.08/06:52:23 solver.py:159 ] Epoch: [68/200][280/282] lr: 4.26e-04 | MSE loss: 8.1645e-03 | time: 0.036
I 06.08/06:52:23 solver.py:169 ] => Train  Loss: 8.1380e-03

I 06.08/06:52:24 solver.py:405 ] [20/32] loss: 9.3595e-03 | NMSE: -1.6780e+01 | time: 0.038
I 06.08/06:52:24 solver.py:413 ] => Test NMSE: -1.7830e+01

I 06.08/06:52:24 solver.py:345 ] => LoRA monitor [epoch=68] | trainable=1310720/1310720 | non_lora_trainable=0 | lora_l2=1.766024e+01 | lora_A_l2=1.119811e+01 | lora_B_l2=1.365601e+01 | component_l2=fc_decoder:1.487573e+01,fc_encoder:9.518232e+00 | lora_abs_max=1.032579e-01 | delta_l2=1.665382e+01 | delta_rel=2.551380e+00 | train_loss=8.138020e-03 | test_loss=8.240835e-03 | nmse=-1.782999e+01
I 06.08/06:52:24 solver.py:224 ] 
=! Best NMSE: -1.7831e+01 (epoch=22)

I 06.08/06:52:25 solver.py:159 ] Epoch: [69/200][20/282] lr: 4.25e-04 | MSE loss: 6.9104e-03 | time: 0.045
I 06.08/06:52:26 solver.py:159 ] Epoch: [69/200][40/282] lr: 4.25e-04 | MSE loss: 7.3290e-03 | time: 0.041
I 06.08/06:52:27 solver.py:159 ] Epoch: [69/200][60/282] lr: 4.25e-04 | MSE loss: 7.0750e-03 | time: 0.044
I 06.08/06:52:28 solver.py:159 ] Epoch: [69/200][80/282] lr: 4.25e-04 | MSE loss: 6.9653e-03 | time: 0.045
I 06.08/06:52:29 solver.py:159 ] Epoch: [69/200][100/282] lr: 4.25e-04 | MSE loss: 7.2887e-03 | time: 0.045
I 06.08/06:52:30 solver.py:159 ] Epoch: [69/200][120/282] lr: 4.24e-04 | MSE loss: 7.5527e-03 | time: 0.044
I 06.08/06:52:30 solver.py:159 ] Epoch: [69/200][140/282] lr: 4.24e-04 | MSE loss: 7.6500e-03 | time: 0.043
I 06.08/06:52:31 solver.py:159 ] Epoch: [69/200][160/282] lr: 4.24e-04 | MSE loss: 7.6217e-03 | time: 0.043
I 06.08/06:52:32 solver.py:159 ] Epoch: [69/200][180/282] lr: 4.24e-04 | MSE loss: 7.6200e-03 | time: 0.043
I 06.08/06:52:33 solver.py:159 ] Epoch: [69/200][200/282] lr: 4.23e-04 | MSE loss: 7.9599e-03 | time: 0.041
I 06.08/06:52:33 solver.py:159 ] Epoch: [69/200][220/282] lr: 4.23e-04 | MSE loss: 7.9144e-03 | time: 0.041
I 06.08/06:52:34 solver.py:159 ] Epoch: [69/200][240/282] lr: 4.23e-04 | MSE loss: 8.1933e-03 | time: 0.041
I 06.08/06:52:35 solver.py:159 ] Epoch: [69/200][260/282] lr: 4.23e-04 | MSE loss: 8.1124e-03 | time: 0.042
I 06.08/06:52:36 solver.py:159 ] Epoch: [69/200][280/282] lr: 4.23e-04 | MSE loss: 8.1542e-03 | time: 0.043
I 06.08/06:52:36 solver.py:169 ] => Train  Loss: 8.1364e-03

I 06.08/06:52:37 solver.py:405 ] [20/32] loss: 9.3587e-03 | NMSE: -1.6780e+01 | time: 0.028
I 06.08/06:52:37 solver.py:413 ] => Test NMSE: -1.7830e+01

I 06.08/06:52:37 solver.py:345 ] => LoRA monitor [epoch=69] | trainable=1310720/1310720 | non_lora_trainable=0 | lora_l2=1.763920e+01 | lora_A_l2=1.116158e+01 | lora_B_l2=1.365872e+01 | component_l2=fc_decoder:1.487773e+01,fc_encoder:9.475999e+00 | lora_abs_max=1.027685e-01 | delta_l2=1.663021e+01 | delta_rel=2.547764e+00 | train_loss=8.136405e-03 | test_loss=8.240118e-03 | nmse=-1.783037e+01
I 06.08/06:52:37 solver.py:224 ] 
=! Best NMSE: -1.7831e+01 (epoch=22)

I 06.08/06:52:38 solver.py:159 ] Epoch: [70/200][20/282] lr: 4.22e-04 | MSE loss: 8.3110e-03 | time: 0.035
I 06.08/06:52:39 solver.py:159 ] Epoch: [70/200][40/282] lr: 4.22e-04 | MSE loss: 7.4087e-03 | time: 0.039
I 06.08/06:52:40 solver.py:159 ] Epoch: [70/200][60/282] lr: 4.22e-04 | MSE loss: 7.9860e-03 | time: 0.037
I 06.08/06:52:40 solver.py:159 ] Epoch: [70/200][80/282] lr: 4.22e-04 | MSE loss: 8.3206e-03 | time: 0.038
I 06.08/06:52:41 solver.py:159 ] Epoch: [70/200][100/282] lr: 4.22e-04 | MSE loss: 7.9804e-03 | time: 0.038
I 06.08/06:52:42 solver.py:159 ] Epoch: [70/200][120/282] lr: 4.21e-04 | MSE loss: 8.2339e-03 | time: 0.039
I 06.08/06:52:43 solver.py:159 ] Epoch: [70/200][140/282] lr: 4.21e-04 | MSE loss: 8.1113e-03 | time: 0.041
I 06.08/06:52:44 solver.py:159 ] Epoch: [70/200][160/282] lr: 4.21e-04 | MSE loss: 8.1284e-03 | time: 0.041
I 06.08/06:52:45 solver.py:159 ] Epoch: [70/200][180/282] lr: 4.21e-04 | MSE loss: 8.0472e-03 | time: 0.040
I 06.08/06:52:45 solver.py:159 ] Epoch: [70/200][200/282] lr: 4.21e-04 | MSE loss: 7.8906e-03 | time: 0.039
I 06.08/06:52:46 solver.py:159 ] Epoch: [70/200][220/282] lr: 4.20e-04 | MSE loss: 8.0427e-03 | time: 0.039
I 06.08/06:52:46 solver.py:159 ] Epoch: [70/200][240/282] lr: 4.20e-04 | MSE loss: 8.0514e-03 | time: 0.038
I 06.08/06:52:47 solver.py:159 ] Epoch: [70/200][260/282] lr: 4.20e-04 | MSE loss: 8.1699e-03 | time: 0.037
I 06.08/06:52:48 solver.py:159 ] Epoch: [70/200][280/282] lr: 4.20e-04 | MSE loss: 8.1869e-03 | time: 0.037
I 06.08/06:52:48 solver.py:169 ] => Train  Loss: 8.1382e-03

I 06.08/06:52:49 solver.py:159 ] Epoch: [70/200][20/32] lr: 4.20e-04 | MSE loss: 9.3593e-03 | time: 0.044
I 06.08/06:52:49 solver.py:169 ] => Val  Loss: 8.0559e-03

I 06.08/06:52:50 solver.py:405 ] [20/32] loss: 9.3593e-03 | NMSE: -1.6780e+01 | time: 0.036
I 06.08/06:52:50 solver.py:413 ] => Test NMSE: -1.7830e+01

I 06.08/06:52:50 solver.py:345 ] => LoRA monitor [epoch=70] | trainable=1310720/1310720 | non_lora_trainable=0 | lora_l2=1.760464e+01 | lora_A_l2=1.110547e+01 | lora_B_l2=1.365986e+01 | component_l2=fc_decoder:1.487739e+01,fc_encoder:9.412039e+00 | lora_abs_max=1.029460e-01 | delta_l2=1.659319e+01 | delta_rel=2.542091e+00 | train_loss=8.138197e-03 | val_loss=8.055932e-03 | test_loss=8.240613e-03 | nmse=-1.783010e+01
I 06.08/06:52:50 solver.py:224 ] 
=! Best NMSE: -1.7831e+01 (epoch=22)

I 06.08/06:52:51 solver.py:159 ] Epoch: [71/200][20/282] lr: 4.19e-04 | MSE loss: 7.3575e-03 | time: 0.031
I 06.08/06:52:52 solver.py:159 ] Epoch: [71/200][40/282] lr: 4.19e-04 | MSE loss: 7.0835e-03 | time: 0.034
I 06.08/06:52:52 solver.py:159 ] Epoch: [71/200][60/282] lr: 4.19e-04 | MSE loss: 6.8060e-03 | time: 0.037
I 06.08/06:52:53 solver.py:159 ] Epoch: [71/200][80/282] lr: 4.19e-04 | MSE loss: 7.2599e-03 | time: 0.036
I 06.08/06:52:54 solver.py:159 ] Epoch: [71/200][100/282] lr: 4.19e-04 | MSE loss: 7.8055e-03 | time: 0.034
I 06.08/06:52:54 solver.py:159 ] Epoch: [71/200][120/282] lr: 4.18e-04 | MSE loss: 7.7504e-03 | time: 0.034
I 06.08/06:52:55 solver.py:159 ] Epoch: [71/200][140/282] lr: 4.18e-04 | MSE loss: 7.7088e-03 | time: 0.033
I 06.08/06:52:55 solver.py:159 ] Epoch: [71/200][160/282] lr: 4.18e-04 | MSE loss: 7.6857e-03 | time: 0.033
I 06.08/06:52:56 solver.py:159 ] Epoch: [71/200][180/282] lr: 4.18e-04 | MSE loss: 7.5312e-03 | time: 0.033
I 06.08/06:52:57 solver.py:159 ] Epoch: [71/200][200/282] lr: 4.17e-04 | MSE loss: 7.6888e-03 | time: 0.033
I 06.08/06:52:57 solver.py:159 ] Epoch: [71/200][220/282] lr: 4.17e-04 | MSE loss: 7.8497e-03 | time: 0.033
I 06.08/06:52:58 solver.py:159 ] Epoch: [71/200][240/282] lr: 4.17e-04 | MSE loss: 7.9551e-03 | time: 0.034
I 06.08/06:52:59 solver.py:159 ] Epoch: [71/200][260/282] lr: 4.17e-04 | MSE loss: 8.1626e-03 | time: 0.034
I 06.08/06:53:00 solver.py:159 ] Epoch: [71/200][280/282] lr: 4.17e-04 | MSE loss: 8.1615e-03 | time: 0.035
I 06.08/06:53:00 solver.py:169 ] => Train  Loss: 8.1369e-03

I 06.08/06:53:03 solver.py:405 ] [20/32] loss: 9.3589e-03 | NMSE: -1.6780e+01 | time: 0.133
I 06.08/06:53:04 solver.py:413 ] => Test NMSE: -1.7830e+01

I 06.08/06:53:04 solver.py:345 ] => LoRA monitor [epoch=71] | trainable=1310720/1310720 | non_lora_trainable=0 | lora_l2=1.757703e+01 | lora_A_l2=1.105597e+01 | lora_B_l2=1.366447e+01 | component_l2=fc_decoder:1.488092e+01,fc_encoder:9.354689e+00 | lora_abs_max=1.031540e-01 | delta_l2=1.656301e+01 | delta_rel=2.537468e+00 | train_loss=8.136936e-03 | test_loss=8.239944e-03 | nmse=-1.783046e+01
I 06.08/06:53:04 solver.py:224 ] 
=! Best NMSE: -1.7831e+01 (epoch=22)

I 06.08/06:53:05 solver.py:159 ] Epoch: [72/200][20/282] lr: 4.16e-04 | MSE loss: 7.5234e-03 | time: 0.056
I 06.08/06:53:06 solver.py:159 ] Epoch: [72/200][40/282] lr: 4.16e-04 | MSE loss: 8.1636e-03 | time: 0.050
I 06.08/06:53:07 solver.py:159 ] Epoch: [72/200][60/282] lr: 4.16e-04 | MSE loss: 8.1655e-03 | time: 0.049
I 06.08/06:53:08 solver.py:159 ] Epoch: [72/200][80/282] lr: 4.16e-04 | MSE loss: 7.6436e-03 | time: 0.049
I 06.08/06:53:09 solver.py:159 ] Epoch: [72/200][100/282] lr: 4.16e-04 | MSE loss: 7.4788e-03 | time: 0.047
I 06.08/06:53:10 solver.py:159 ] Epoch: [72/200][120/282] lr: 4.15e-04 | MSE loss: 7.6813e-03 | time: 0.047
I 06.08/06:53:11 solver.py:159 ] Epoch: [72/200][140/282] lr: 4.15e-04 | MSE loss: 7.9286e-03 | time: 0.046
I 06.08/06:53:12 solver.py:159 ] Epoch: [72/200][160/282] lr: 4.15e-04 | MSE loss: 8.3358e-03 | time: 0.046
I 06.08/06:53:13 solver.py:159 ] Epoch: [72/200][180/282] lr: 4.15e-04 | MSE loss: 8.3990e-03 | time: 0.047
I 06.08/06:53:13 solver.py:159 ] Epoch: [72/200][200/282] lr: 4.14e-04 | MSE loss: 8.4024e-03 | time: 0.046
I 06.08/06:53:14 solver.py:159 ] Epoch: [72/200][220/282] lr: 4.14e-04 | MSE loss: 8.4178e-03 | time: 0.046
I 06.08/06:53:15 solver.py:159 ] Epoch: [72/200][240/282] lr: 4.14e-04 | MSE loss: 8.4748e-03 | time: 0.046
I 06.08/06:53:16 solver.py:159 ] Epoch: [72/200][260/282] lr: 4.14e-04 | MSE loss: 8.3442e-03 | time: 0.046
I 06.08/06:53:17 solver.py:159 ] Epoch: [72/200][280/282] lr: 4.14e-04 | MSE loss: 8.1690e-03 | time: 0.046
I 06.08/06:53:17 solver.py:169 ] => Train  Loss: 8.1367e-03

I 06.08/06:53:18 solver.py:405 ] [20/32] loss: 9.3577e-03 | NMSE: -1.6781e+01 | time: 0.040
I 06.08/06:53:18 solver.py:413 ] => Test NMSE: -1.7831e+01

I 06.08/06:53:18 solver.py:345 ] => LoRA monitor [epoch=72] | trainable=1310720/1310720 | non_lora_trainable=0 | lora_l2=1.753329e+01 | lora_A_l2=1.099300e+01 | lora_B_l2=1.365907e+01 | component_l2=fc_decoder:1.487408e+01,fc_encoder:9.283207e+00 | lora_abs_max=1.037297e-01 | delta_l2=1.651666e+01 | delta_rel=2.530368e+00 | train_loss=8.136658e-03 | test_loss=8.239126e-03 | nmse=-1.783089e+01
I 06.08/06:53:18 solver.py:224 ] 
=! Best NMSE: -1.7831e+01 (epoch=22)

I 06.08/06:53:19 solver.py:159 ] Epoch: [73/200][20/282] lr: 4.13e-04 | MSE loss: 7.7469e-03 | time: 0.043
I 06.08/06:53:20 solver.py:159 ] Epoch: [73/200][40/282] lr: 4.13e-04 | MSE loss: 7.1656e-03 | time: 0.045
I 06.08/06:53:21 solver.py:159 ] Epoch: [73/200][60/282] lr: 4.13e-04 | MSE loss: 7.1676e-03 | time: 0.046
I 06.08/06:53:22 solver.py:159 ] Epoch: [73/200][80/282] lr: 4.13e-04 | MSE loss: 8.0690e-03 | time: 0.046
I 06.08/06:53:23 solver.py:159 ] Epoch: [73/200][100/282] lr: 4.12e-04 | MSE loss: 7.8304e-03 | time: 0.044
I 06.08/06:53:23 solver.py:159 ] Epoch: [73/200][120/282] lr: 4.12e-04 | MSE loss: 7.8250e-03 | time: 0.045
I 06.08/06:53:24 solver.py:159 ] Epoch: [73/200][140/282] lr: 4.12e-04 | MSE loss: 8.1706e-03 | time: 0.045
I 06.08/06:53:25 solver.py:159 ] Epoch: [73/200][160/282] lr: 4.12e-04 | MSE loss: 8.1086e-03 | time: 0.045
I 06.08/06:53:26 solver.py:159 ] Epoch: [73/200][180/282] lr: 4.12e-04 | MSE loss: 7.9899e-03 | time: 0.045
I 06.08/06:53:27 solver.py:159 ] Epoch: [73/200][200/282] lr: 4.11e-04 | MSE loss: 7.9763e-03 | time: 0.046
I 06.08/06:53:28 solver.py:159 ] Epoch: [73/200][220/282] lr: 4.11e-04 | MSE loss: 7.9794e-03 | time: 0.046
I 06.08/06:53:29 solver.py:159 ] Epoch: [73/200][240/282] lr: 4.11e-04 | MSE loss: 8.1138e-03 | time: 0.046
I 06.08/06:53:30 solver.py:159 ] Epoch: [73/200][260/282] lr: 4.11e-04 | MSE loss: 8.0517e-03 | time: 0.045
I 06.08/06:53:31 solver.py:159 ] Epoch: [73/200][280/282] lr: 4.10e-04 | MSE loss: 8.1478e-03 | time: 0.045
I 06.08/06:53:31 solver.py:169 ] => Train  Loss: 8.1360e-03

I 06.08/06:53:31 solver.py:405 ] [20/32] loss: 9.3569e-03 | NMSE: -1.6781e+01 | time: 0.027
I 06.08/06:53:31 solver.py:413 ] => Test NMSE: -1.7831e+01

I 06.08/06:53:32 solver.py:345 ] => LoRA monitor [epoch=73] | trainable=1310720/1310720 | non_lora_trainable=0 | lora_l2=1.750453e+01 | lora_A_l2=1.094082e+01 | lora_B_l2=1.366408e+01 | component_l2=fc_decoder:1.487895e+01,fc_encoder:9.220932e+00 | lora_abs_max=1.037865e-01 | delta_l2=1.648515e+01 | delta_rel=2.525541e+00 | train_loss=8.136023e-03 | test_loss=8.238728e-03 | nmse=-1.783110e+01
I 06.08/06:53:32 solver.py:224 ] 
=! Best NMSE: -1.7831e+01 (epoch=22)

I 06.08/06:53:32 solver.py:159 ] Epoch: [74/200][20/282] lr: 4.10e-04 | MSE loss: 7.4274e-03 | time: 0.033
I 06.08/06:53:33 solver.py:159 ] Epoch: [74/200][40/282] lr: 4.10e-04 | MSE loss: 6.4211e-03 | time: 0.036
I 06.08/06:53:34 solver.py:159 ] Epoch: [74/200][60/282] lr: 4.10e-04 | MSE loss: 7.0897e-03 | time: 0.038
I 06.08/06:53:35 solver.py:159 ] Epoch: [74/200][80/282] lr: 4.10e-04 | MSE loss: 7.5615e-03 | time: 0.040
I 06.08/06:53:36 solver.py:159 ] Epoch: [74/200][100/282] lr: 4.09e-04 | MSE loss: 7.8122e-03 | time: 0.041
I 06.08/06:53:37 solver.py:159 ] Epoch: [74/200][120/282] lr: 4.09e-04 | MSE loss: 8.0904e-03 | time: 0.042
I 06.08/06:53:37 solver.py:159 ] Epoch: [74/200][140/282] lr: 4.09e-04 | MSE loss: 8.0785e-03 | time: 0.043
I 06.08/06:53:38 solver.py:159 ] Epoch: [74/200][160/282] lr: 4.09e-04 | MSE loss: 8.3359e-03 | time: 0.043
I 06.08/06:53:39 solver.py:159 ] Epoch: [74/200][180/282] lr: 4.08e-04 | MSE loss: 8.1852e-03 | time: 0.044
I 06.08/06:53:40 solver.py:159 ] Epoch: [74/200][200/282] lr: 4.08e-04 | MSE loss: 8.1906e-03 | time: 0.045
I 06.08/06:53:42 solver.py:159 ] Epoch: [74/200][220/282] lr: 4.08e-04 | MSE loss: 8.0414e-03 | time: 0.046
I 06.08/06:53:43 solver.py:159 ] Epoch: [74/200][240/282] lr: 4.08e-04 | MSE loss: 8.1610e-03 | time: 0.046
I 06.08/06:53:43 solver.py:159 ] Epoch: [74/200][260/282] lr: 4.07e-04 | MSE loss: 8.2267e-03 | time: 0.046
I 06.08/06:53:45 solver.py:159 ] Epoch: [74/200][280/282] lr: 4.07e-04 | MSE loss: 8.1827e-03 | time: 0.047
I 06.08/06:53:45 solver.py:169 ] => Train  Loss: 8.1393e-03

I 06.08/06:53:46 solver.py:405 ] [20/32] loss: 9.3574e-03 | NMSE: -1.6781e+01 | time: 0.045
I 06.08/06:53:46 solver.py:413 ] => Test NMSE: -1.7831e+01

I 06.08/06:53:46 solver.py:345 ] => LoRA monitor [epoch=74] | trainable=1310720/1310720 | non_lora_trainable=0 | lora_l2=1.747056e+01 | lora_A_l2=1.089093e+01 | lora_B_l2=1.366046e+01 | component_l2=fc_decoder:1.487649e+01,fc_encoder:9.160271e+00 | lora_abs_max=1.044979e-01 | delta_l2=1.644909e+01 | delta_rel=2.520016e+00 | train_loss=8.139309e-03 | test_loss=8.238951e-03 | nmse=-1.783098e+01
I 06.08/06:53:46 solver.py:224 ] 
=! Best NMSE: -1.7831e+01 (epoch=22)

I 06.08/06:53:47 solver.py:159 ] Epoch: [75/200][20/282] lr: 4.07e-04 | MSE loss: 8.4751e-03 | time: 0.051
I 06.08/06:53:48 solver.py:159 ] Epoch: [75/200][40/282] lr: 4.07e-04 | MSE loss: 8.8545e-03 | time: 0.053
I 06.08/06:53:49 solver.py:159 ] Epoch: [75/200][60/282] lr: 4.07e-04 | MSE loss: 8.4048e-03 | time: 0.053
I 06.08/06:53:50 solver.py:159 ] Epoch: [75/200][80/282] lr: 4.06e-04 | MSE loss: 8.6819e-03 | time: 0.053
I 06.08/06:53:51 solver.py:159 ] Epoch: [75/200][100/282] lr: 4.06e-04 | MSE loss: 8.5783e-03 | time: 0.051
I 06.08/06:53:52 solver.py:159 ] Epoch: [75/200][120/282] lr: 4.06e-04 | MSE loss: 8.3726e-03 | time: 0.050
I 06.08/06:53:53 solver.py:159 ] Epoch: [75/200][140/282] lr: 4.06e-04 | MSE loss: 8.4294e-03 | time: 0.050
I 06.08/06:53:54 solver.py:159 ] Epoch: [75/200][160/282] lr: 4.05e-04 | MSE loss: 8.5280e-03 | time: 0.050
I 06.08/06:53:55 solver.py:159 ] Epoch: [75/200][180/282] lr: 4.05e-04 | MSE loss: 8.2493e-03 | time: 0.050
I 06.08/06:53:56 solver.py:159 ] Epoch: [75/200][200/282] lr: 4.05e-04 | MSE loss: 8.0736e-03 | time: 0.049
I 06.08/06:53:57 solver.py:159 ] Epoch: [75/200][220/282] lr: 4.05e-04 | MSE loss: 8.1415e-03 | time: 0.049
I 06.08/06:53:58 solver.py:159 ] Epoch: [75/200][240/282] lr: 4.05e-04 | MSE loss: 8.1291e-03 | time: 0.049
I 06.08/06:53:59 solver.py:159 ] Epoch: [75/200][260/282] lr: 4.04e-04 | MSE loss: 8.1675e-03 | time: 0.048
I 06.08/06:54:00 solver.py:159 ] Epoch: [75/200][280/282] lr: 4.04e-04 | MSE loss: 8.1603e-03 | time: 0.048
I 06.08/06:54:00 solver.py:169 ] => Train  Loss: 8.1365e-03

I 06.08/06:54:00 solver.py:405 ] [20/32] loss: 9.3565e-03 | NMSE: -1.6781e+01 | time: 0.040
I 06.08/06:54:01 solver.py:413 ] => Test NMSE: -1.7831e+01

I 06.08/06:54:01 solver.py:345 ] => LoRA monitor [epoch=75] | trainable=1310720/1310720 | non_lora_trainable=0 | lora_l2=1.746060e+01 | lora_A_l2=1.085398e+01 | lora_B_l2=1.367713e+01 | component_l2=fc_decoder:1.489672e+01,fc_encoder:9.108264e+00 | lora_abs_max=1.040938e-01 | delta_l2=1.643748e+01 | delta_rel=2.518237e+00 | train_loss=8.136489e-03 | test_loss=8.238332e-03 | nmse=-1.783131e+01
I 06.08/06:54:02 solver.py:224 ] 
=! Best NMSE: -1.7831e+01 (epoch=75)

I 06.08/06:54:04 solver.py:159 ] Epoch: [76/200][20/282] lr: 4.04e-04 | MSE loss: 9.3587e-03 | time: 0.112
I 06.08/06:54:05 solver.py:159 ] Epoch: [76/200][40/282] lr: 4.04e-04 | MSE loss: 7.9946e-03 | time: 0.086
I 06.08/06:54:06 solver.py:159 ] Epoch: [76/200][60/282] lr: 4.03e-04 | MSE loss: 8.3019e-03 | time: 0.071
I 06.08/06:54:07 solver.py:159 ] Epoch: [76/200][80/282] lr: 4.03e-04 | MSE loss: 7.7328e-03 | time: 0.063
I 06.08/06:54:07 solver.py:159 ] Epoch: [76/200][100/282] lr: 4.03e-04 | MSE loss: 8.0086e-03 | time: 0.059
I 06.08/06:54:08 solver.py:159 ] Epoch: [76/200][120/282] lr: 4.03e-04 | MSE loss: 8.1325e-03 | time: 0.057
I 06.08/06:54:09 solver.py:159 ] Epoch: [76/200][140/282] lr: 4.02e-04 | MSE loss: 8.6217e-03 | time: 0.055
I 06.08/06:54:10 solver.py:159 ] Epoch: [76/200][160/282] lr: 4.02e-04 | MSE loss: 8.3137e-03 | time: 0.054
I 06.08/06:54:11 solver.py:159 ] Epoch: [76/200][180/282] lr: 4.02e-04 | MSE loss: 8.3089e-03 | time: 0.053
I 06.08/06:54:12 solver.py:159 ] Epoch: [76/200][200/282] lr: 4.02e-04 | MSE loss: 8.0032e-03 | time: 0.052
I 06.08/06:54:13 solver.py:159 ] Epoch: [76/200][220/282] lr: 4.02e-04 | MSE loss: 8.2321e-03 | time: 0.051
I 06.08/06:54:14 solver.py:159 ] Epoch: [76/200][240/282] lr: 4.01e-04 | MSE loss: 8.3636e-03 | time: 0.051
I 06.08/06:54:15 solver.py:159 ] Epoch: [76/200][260/282] lr: 4.01e-04 | MSE loss: 8.2939e-03 | time: 0.050
I 06.08/06:54:16 solver.py:159 ] Epoch: [76/200][280/282] lr: 4.01e-04 | MSE loss: 8.1589e-03 | time: 0.050
I 06.08/06:54:16 solver.py:169 ] => Train  Loss: 8.2203e-03

I 06.08/06:54:17 solver.py:405 ] [20/32] loss: 9.3579e-03 | NMSE: -1.6781e+01 | time: 0.046
I 06.08/06:54:17 solver.py:413 ] => Test NMSE: -1.7831e+01

I 06.08/06:54:17 solver.py:345 ] => LoRA monitor [epoch=76] | trainable=1310720/1310720 | non_lora_trainable=0 | lora_l2=1.743179e+01 | lora_A_l2=1.081430e+01 | lora_B_l2=1.367181e+01 | component_l2=fc_decoder:1.489455e+01,fc_encoder:9.056476e+00 | lora_abs_max=1.059306e-01 | delta_l2=1.640695e+01 | delta_rel=2.513559e+00 | train_loss=8.220268e-03 | test_loss=8.239481e-03 | nmse=-1.783070e+01
I 06.08/06:54:17 solver.py:224 ] 
=! Best NMSE: -1.7831e+01 (epoch=75)

I 06.08/06:54:18 solver.py:159 ] Epoch: [77/200][20/282] lr: 4.01e-04 | MSE loss: 8.1140e-03 | time: 0.048
I 06.08/06:54:19 solver.py:159 ] Epoch: [77/200][40/282] lr: 4.00e-04 | MSE loss: 7.0767e-03 | time: 0.049
I 06.08/06:54:20 solver.py:159 ] Epoch: [77/200][60/282] lr: 4.00e-04 | MSE loss: 7.5312e-03 | time: 0.047
I 06.08/06:54:21 solver.py:159 ] Epoch: [77/200][80/282] lr: 4.00e-04 | MSE loss: 7.4498e-03 | time: 0.046
I 06.08/06:54:22 solver.py:159 ] Epoch: [77/200][100/282] lr: 4.00e-04 | MSE loss: 7.1464e-03 | time: 0.045
I 06.08/06:54:23 solver.py:159 ] Epoch: [77/200][120/282] lr: 3.99e-04 | MSE loss: 7.4079e-03 | time: 0.045
I 06.08/06:54:24 solver.py:159 ] Epoch: [77/200][140/282] lr: 3.99e-04 | MSE loss: 7.4889e-03 | time: 0.045
I 06.08/06:54:24 solver.py:159 ] Epoch: [77/200][160/282] lr: 3.99e-04 | MSE loss: 7.5815e-03 | time: 0.045
I 06.08/06:54:25 solver.py:159 ] Epoch: [77/200][180/282] lr: 3.99e-04 | MSE loss: 7.8088e-03 | time: 0.045
I 06.08/06:54:26 solver.py:159 ] Epoch: [77/200][200/282] lr: 3.98e-04 | MSE loss: 8.1800e-03 | time: 0.045
I 06.08/06:54:27 solver.py:159 ] Epoch: [77/200][220/282] lr: 3.98e-04 | MSE loss: 8.1405e-03 | time: 0.045
I 06.08/06:54:28 solver.py:159 ] Epoch: [77/200][240/282] lr: 3.98e-04 | MSE loss: 8.1802e-03 | time: 0.045
I 06.08/06:54:29 solver.py:159 ] Epoch: [77/200][260/282] lr: 3.98e-04 | MSE loss: 8.1069e-03 | time: 0.045
I 06.08/06:54:30 solver.py:159 ] Epoch: [77/200][280/282] lr: 3.98e-04 | MSE loss: 8.1678e-03 | time: 0.045
I 06.08/06:54:30 solver.py:169 ] => Train  Loss: 8.1369e-03

I 06.08/06:54:31 solver.py:405 ] [20/32] loss: 9.3582e-03 | NMSE: -1.6780e+01 | time: 0.042
I 06.08/06:54:31 solver.py:413 ] => Test NMSE: -1.7831e+01

I 06.08/06:54:31 solver.py:345 ] => LoRA monitor [epoch=77] | trainable=1310720/1310720 | non_lora_trainable=0 | lora_l2=1.738848e+01 | lora_A_l2=1.076206e+01 | lora_B_l2=1.365787e+01 | component_l2=fc_decoder:1.488419e+01,fc_encoder:8.990005e+00 | lora_abs_max=1.035118e-01 | delta_l2=1.636155e+01 | delta_rel=2.506604e+00 | train_loss=8.136923e-03 | test_loss=8.239506e-03 | nmse=-1.783069e+01
I 06.08/06:54:31 solver.py:224 ] 
=! Best NMSE: -1.7831e+01 (epoch=75)

I 06.08/06:54:32 solver.py:159 ] Epoch: [78/200][20/282] lr: 3.97e-04 | MSE loss: 6.4139e-03 | time: 0.047
I 06.08/06:54:33 solver.py:159 ] Epoch: [78/200][40/282] lr: 3.97e-04 | MSE loss: 6.5772e-03 | time: 0.046
I 06.08/06:54:34 solver.py:159 ] Epoch: [78/200][60/282] lr: 3.97e-04 | MSE loss: 7.2991e-03 | time: 0.048
I 06.08/06:54:35 solver.py:159 ] Epoch: [78/200][80/282] lr: 3.97e-04 | MSE loss: 7.5244e-03 | time: 0.047
I 06.08/06:54:36 solver.py:159 ] Epoch: [78/200][100/282] lr: 3.96e-04 | MSE loss: 7.7614e-03 | time: 0.046
I 06.08/06:54:37 solver.py:159 ] Epoch: [78/200][120/282] lr: 3.96e-04 | MSE loss: 7.8119e-03 | time: 0.046
I 06.08/06:54:38 solver.py:159 ] Epoch: [78/200][140/282] lr: 3.96e-04 | MSE loss: 7.7821e-03 | time: 0.047
I 06.08/06:54:39 solver.py:159 ] Epoch: [78/200][160/282] lr: 3.96e-04 | MSE loss: 7.9188e-03 | time: 0.047
I 06.08/06:54:40 solver.py:159 ] Epoch: [78/200][180/282] lr: 3.95e-04 | MSE loss: 8.0418e-03 | time: 0.047
I 06.08/06:54:41 solver.py:159 ] Epoch: [78/200][200/282] lr: 3.95e-04 | MSE loss: 8.3130e-03 | time: 0.047
I 06.08/06:54:42 solver.py:159 ] Epoch: [78/200][220/282] lr: 3.95e-04 | MSE loss: 8.4141e-03 | time: 0.047
I 06.08/06:54:43 solver.py:159 ] Epoch: [78/200][240/282] lr: 3.95e-04 | MSE loss: 8.3845e-03 | time: 0.047
I 06.08/06:54:43 solver.py:159 ] Epoch: [78/200][260/282] lr: 3.94e-04 | MSE loss: 8.3508e-03 | time: 0.047
I 06.08/06:54:44 solver.py:159 ] Epoch: [78/200][280/282] lr: 3.94e-04 | MSE loss: 8.1761e-03 | time: 0.047
I 06.08/06:54:44 solver.py:169 ] => Train  Loss: 8.1397e-03

I 06.08/06:54:45 solver.py:405 ] [20/32] loss: 9.3582e-03 | NMSE: -1.6781e+01 | time: 0.041
I 06.08/06:54:46 solver.py:413 ] => Test NMSE: -1.7831e+01

I 06.08/06:54:46 solver.py:345 ] => LoRA monitor [epoch=78] | trainable=1310720/1310720 | non_lora_trainable=0 | lora_l2=1.736021e+01 | lora_A_l2=1.071906e+01 | lora_B_l2=1.365572e+01 | component_l2=fc_decoder:1.489021e+01,fc_encoder:8.925165e+00 | lora_abs_max=1.032516e-01 | delta_l2=1.633135e+01 | delta_rel=2.501977e+00 | train_loss=8.139692e-03 | test_loss=8.239514e-03 | nmse=-1.783068e+01
I 06.08/06:54:46 solver.py:224 ] 
=! Best NMSE: -1.7831e+01 (epoch=75)

I 06.08/06:54:47 solver.py:159 ] Epoch: [79/200][20/282] lr: 3.94e-04 | MSE loss: 6.5823e-03 | time: 0.045
I 06.08/06:54:48 solver.py:159 ] Epoch: [79/200][40/282] lr: 3.94e-04 | MSE loss: 6.3560e-03 | time: 0.048
I 06.08/06:54:49 solver.py:159 ] Epoch: [79/200][60/282] lr: 3.94e-04 | MSE loss: 6.6676e-03 | time: 0.048
I 06.08/06:54:50 solver.py:159 ] Epoch: [79/200][80/282] lr: 3.93e-04 | MSE loss: 7.1163e-03 | time: 0.050
I 06.08/06:54:51 solver.py:159 ] Epoch: [79/200][100/282] lr: 3.93e-04 | MSE loss: 7.1782e-03 | time: 0.048
I 06.08/06:54:52 solver.py:159 ] Epoch: [79/200][120/282] lr: 3.93e-04 | MSE loss: 7.4189e-03 | time: 0.048
I 06.08/06:54:52 solver.py:159 ] Epoch: [79/200][140/282] lr: 3.93e-04 | MSE loss: 7.8405e-03 | time: 0.048
I 06.08/06:54:53 solver.py:159 ] Epoch: [79/200][160/282] lr: 3.92e-04 | MSE loss: 7.8122e-03 | time: 0.048
I 06.08/06:54:54 solver.py:159 ] Epoch: [79/200][180/282] lr: 3.92e-04 | MSE loss: 7.7041e-03 | time: 0.048
I 06.08/06:54:55 solver.py:159 ] Epoch: [79/200][200/282] lr: 3.92e-04 | MSE loss: 7.8822e-03 | time: 0.047
I 06.08/06:54:56 solver.py:159 ] Epoch: [79/200][220/282] lr: 3.92e-04 | MSE loss: 7.8233e-03 | time: 0.048
I 06.08/06:54:57 solver.py:159 ] Epoch: [79/200][240/282] lr: 3.91e-04 | MSE loss: 8.1106e-03 | time: 0.047
I 06.08/06:54:58 solver.py:159 ] Epoch: [79/200][260/282] lr: 3.91e-04 | MSE loss: 7.9834e-03 | time: 0.047
I 06.08/06:54:59 solver.py:159 ] Epoch: [79/200][280/282] lr: 3.91e-04 | MSE loss: 8.1354e-03 | time: 0.047
I 06.08/06:54:59 solver.py:169 ] => Train  Loss: 8.1515e-03

I 06.08/06:55:00 solver.py:405 ] [20/32] loss: 9.3581e-03 | NMSE: -1.6781e+01 | time: 0.065
I 06.08/06:55:02 solver.py:413 ] => Test NMSE: -1.7831e+01

I 06.08/06:55:02 solver.py:345 ] => LoRA monitor [epoch=79] | trainable=1310720/1310720 | non_lora_trainable=0 | lora_l2=1.730655e+01 | lora_A_l2=1.067010e+01 | lora_B_l2=1.362592e+01 | component_l2=fc_decoder:1.486713e+01,fc_encoder:8.859185e+00 | lora_abs_max=1.031657e-01 | delta_l2=1.627525e+01 | delta_rel=2.493383e+00 | train_loss=8.151460e-03 | test_loss=8.239519e-03 | nmse=-1.783068e+01
I 06.08/06:55:02 solver.py:224 ] 
=! Best NMSE: -1.7831e+01 (epoch=75)

I 06.08/06:55:05 solver.py:159 ] Epoch: [80/200][20/282] lr: 3.91e-04 | MSE loss: 1.0833e-02 | time: 0.133
I 06.08/06:55:06 solver.py:159 ] Epoch: [80/200][40/282] lr: 3.90e-04 | MSE loss: 9.1101e-03 | time: 0.095
I 06.08/06:55:07 solver.py:159 ] Epoch: [80/200][60/282] lr: 3.90e-04 | MSE loss: 8.5169e-03 | time: 0.080
I 06.08/06:55:08 solver.py:159 ] Epoch: [80/200][80/282] lr: 3.90e-04 | MSE loss: 8.4060e-03 | time: 0.073
I 06.08/06:55:09 solver.py:159 ] Epoch: [80/200][100/282] lr: 3.90e-04 | MSE loss: 8.0211e-03 | time: 0.068
I 06.08/06:55:10 solver.py:159 ] Epoch: [80/200][120/282] lr: 3.89e-04 | MSE loss: 8.2152e-03 | time: 0.065
I 06.08/06:55:11 solver.py:159 ] Epoch: [80/200][140/282] lr: 3.89e-04 | MSE loss: 8.4156e-03 | time: 0.062
I 06.08/06:55:12 solver.py:159 ] Epoch: [80/200][160/282] lr: 3.89e-04 | MSE loss: 8.3831e-03 | time: 0.061
I 06.08/06:55:13 solver.py:159 ] Epoch: [80/200][180/282] lr: 3.89e-04 | MSE loss: 8.2861e-03 | time: 0.059
I 06.08/06:55:13 solver.py:159 ] Epoch: [80/200][200/282] lr: 3.88e-04 | MSE loss: 8.1843e-03 | time: 0.058
I 06.08/06:55:14 solver.py:159 ] Epoch: [80/200][220/282] lr: 3.88e-04 | MSE loss: 8.2138e-03 | time: 0.057
I 06.08/06:55:16 solver.py:159 ] Epoch: [80/200][240/282] lr: 3.88e-04 | MSE loss: 8.0982e-03 | time: 0.057
I 06.08/06:55:16 solver.py:159 ] Epoch: [80/200][260/282] lr: 3.88e-04 | MSE loss: 8.1559e-03 | time: 0.056
I 06.08/06:55:17 solver.py:159 ] Epoch: [80/200][280/282] lr: 3.88e-04 | MSE loss: 8.1872e-03 | time: 0.055
I 06.08/06:55:17 solver.py:169 ] => Train  Loss: 8.1374e-03

I 06.08/06:55:18 solver.py:159 ] Epoch: [80/200][20/32] lr: 3.88e-04 | MSE loss: 9.3579e-03 | time: 0.046
I 06.08/06:55:19 solver.py:169 ] => Val  Loss: 8.0549e-03

I 06.08/06:55:20 solver.py:405 ] [20/32] loss: 9.3579e-03 | NMSE: -1.6780e+01 | time: 0.049
I 06.08/06:55:20 solver.py:413 ] => Test NMSE: -1.7831e+01

I 06.08/06:55:20 solver.py:345 ] => LoRA monitor [epoch=80] | trainable=1310720/1310720 | non_lora_trainable=0 | lora_l2=1.727318e+01 | lora_A_l2=1.063167e+01 | lora_B_l2=1.361361e+01 | component_l2=fc_decoder:1.486252e+01,fc_encoder:8.801609e+00 | lora_abs_max=1.025763e-01 | delta_l2=1.623898e+01 | delta_rel=2.487827e+00 | train_loss=8.137429e-03 | val_loss=8.054882e-03 | test_loss=8.239537e-03 | nmse=-1.783067e+01
I 06.08/06:55:20 solver.py:224 ] 
=! Best NMSE: -1.7831e+01 (epoch=75)

I 06.08/06:55:21 solver.py:159 ] Epoch: [81/200][20/282] lr: 3.87e-04 | MSE loss: 6.7510e-03 | time: 0.049
I 06.08/06:55:22 solver.py:159 ] Epoch: [81/200][40/282] lr: 3.87e-04 | MSE loss: 7.5819e-03 | time: 0.049
I 06.08/06:55:23 solver.py:159 ] Epoch: [81/200][60/282] lr: 3.87e-04 | MSE loss: 8.1580e-03 | time: 0.049
I 06.08/06:55:24 solver.py:159 ] Epoch: [81/200][80/282] lr: 3.87e-04 | MSE loss: 8.1415e-03 | time: 0.048
I 06.08/06:55:25 solver.py:159 ] Epoch: [81/200][100/282] lr: 3.86e-04 | MSE loss: 8.1077e-03 | time: 0.049
I 06.08/06:55:26 solver.py:159 ] Epoch: [81/200][120/282] lr: 3.86e-04 | MSE loss: 8.0690e-03 | time: 0.049
I 06.08/06:55:27 solver.py:159 ] Epoch: [81/200][140/282] lr: 3.86e-04 | MSE loss: 8.1600e-03 | time: 0.049
I 06.08/06:55:28 solver.py:159 ] Epoch: [81/200][160/282] lr: 3.86e-04 | MSE loss: 8.2129e-03 | time: 0.049
I 06.08/06:55:29 solver.py:159 ] Epoch: [81/200][180/282] lr: 3.85e-04 | MSE loss: 8.2732e-03 | time: 0.049
I 06.08/06:55:30 solver.py:159 ] Epoch: [81/200][200/282] lr: 3.85e-04 | MSE loss: 8.4558e-03 | time: 0.048
I 06.08/06:55:31 solver.py:159 ] Epoch: [81/200][220/282] lr: 3.85e-04 | MSE loss: 8.1719e-03 | time: 0.048
I 06.08/06:55:32 solver.py:159 ] Epoch: [81/200][240/282] lr: 3.85e-04 | MSE loss: 8.2099e-03 | time: 0.048
I 06.08/06:55:33 solver.py:159 ] Epoch: [81/200][260/282] lr: 3.84e-04 | MSE loss: 8.1656e-03 | time: 0.048
I 06.08/06:55:33 solver.py:159 ] Epoch: [81/200][280/282] lr: 3.84e-04 | MSE loss: 8.1891e-03 | time: 0.047
I 06.08/06:55:33 solver.py:169 ] => Train  Loss: 8.1376e-03

I 06.08/06:55:34 solver.py:405 ] [20/32] loss: 9.3586e-03 | NMSE: -1.6781e+01 | time: 0.040
I 06.08/06:55:35 solver.py:413 ] => Test NMSE: -1.7830e+01

I 06.08/06:55:35 solver.py:345 ] => LoRA monitor [epoch=81] | trainable=1310720/1310720 | non_lora_trainable=0 | lora_l2=1.725755e+01 | lora_A_l2=1.060060e+01 | lora_B_l2=1.361801e+01 | component_l2=fc_decoder:1.487688e+01,fc_encoder:8.746507e+00 | lora_abs_max=1.035458e-01 | delta_l2=1.622288e+01 | delta_rel=2.485360e+00 | train_loss=8.137567e-03 | test_loss=8.239880e-03 | nmse=-1.783049e+01
I 06.08/06:55:35 solver.py:224 ] 
=! Best NMSE: -1.7831e+01 (epoch=75)

I 06.08/06:55:36 solver.py:159 ] Epoch: [82/200][20/282] lr: 3.84e-04 | MSE loss: 8.0661e-03 | time: 0.047
I 06.08/06:55:37 solver.py:159 ] Epoch: [82/200][40/282] lr: 3.84e-04 | MSE loss: 7.8609e-03 | time: 0.045
I 06.08/06:55:37 solver.py:159 ] Epoch: [82/200][60/282] lr: 3.83e-04 | MSE loss: 9.0313e-03 | time: 0.044
I 06.08/06:55:38 solver.py:159 ] Epoch: [82/200][80/282] lr: 3.83e-04 | MSE loss: 8.5372e-03 | time: 0.044
I 06.08/06:55:39 solver.py:159 ] Epoch: [82/200][100/282] lr: 3.83e-04 | MSE loss: 8.7965e-03 | time: 0.044
I 06.08/06:55:40 solver.py:159 ] Epoch: [82/200][120/282] lr: 3.83e-04 | MSE loss: 8.6523e-03 | time: 0.044
I 06.08/06:55:41 solver.py:159 ] Epoch: [82/200][140/282] lr: 3.82e-04 | MSE loss: 8.6080e-03 | time: 0.044
I 06.08/06:55:42 solver.py:159 ] Epoch: [82/200][160/282] lr: 3.82e-04 | MSE loss: 8.2726e-03 | time: 0.044
I 06.08/06:55:43 solver.py:159 ] Epoch: [82/200][180/282] lr: 3.82e-04 | MSE loss: 8.1558e-03 | time: 0.044
I 06.08/06:55:44 solver.py:159 ] Epoch: [82/200][200/282] lr: 3.82e-04 | MSE loss: 8.1391e-03 | time: 0.045
I 06.08/06:55:45 solver.py:159 ] Epoch: [82/200][220/282] lr: 3.81e-04 | MSE loss: 8.1158e-03 | time: 0.045
I 06.08/06:55:46 solver.py:159 ] Epoch: [82/200][240/282] lr: 3.81e-04 | MSE loss: 8.3059e-03 | time: 0.045
I 06.08/06:55:47 solver.py:159 ] Epoch: [82/200][260/282] lr: 3.81e-04 | MSE loss: 8.1680e-03 | time: 0.045
I 06.08/06:55:48 solver.py:159 ] Epoch: [82/200][280/282] lr: 3.81e-04 | MSE loss: 8.1492e-03 | time: 0.045
I 06.08/06:55:48 solver.py:169 ] => Train  Loss: 8.2048e-03

I 06.08/06:55:49 solver.py:405 ] [20/32] loss: 9.3588e-03 | NMSE: -1.6780e+01 | time: 0.045
I 06.08/06:55:49 solver.py:413 ] => Test NMSE: -1.7830e+01

I 06.08/06:55:49 solver.py:345 ] => LoRA monitor [epoch=82] | trainable=1310720/1310720 | non_lora_trainable=0 | lora_l2=1.724752e+01 | lora_A_l2=1.058355e+01 | lora_B_l2=1.361857e+01 | component_l2=fc_decoder:1.488206e+01,fc_encoder:8.717860e+00 | lora_abs_max=1.047706e-01 | delta_l2=1.621324e+01 | delta_rel=2.483884e+00 | train_loss=8.204774e-03 | test_loss=8.239961e-03 | nmse=-1.783045e+01
I 06.08/06:55:49 solver.py:224 ] 
=! Best NMSE: -1.7831e+01 (epoch=75)

I 06.08/06:55:50 solver.py:159 ] Epoch: [83/200][20/282] lr: 3.80e-04 | MSE loss: 6.0053e-03 | time: 0.054
I 06.08/06:55:51 solver.py:159 ] Epoch: [83/200][40/282] lr: 3.80e-04 | MSE loss: 7.0304e-03 | time: 0.049
I 06.08/06:55:52 solver.py:159 ] Epoch: [83/200][60/282] lr: 3.80e-04 | MSE loss: 7.7538e-03 | time: 0.049
I 06.08/06:55:53 solver.py:159 ] Epoch: [83/200][80/282] lr: 3.80e-04 | MSE loss: 7.7978e-03 | time: 0.049
I 06.08/06:55:54 solver.py:159 ] Epoch: [83/200][100/282] lr: 3.79e-04 | MSE loss: 8.2612e-03 | time: 0.049
I 06.08/06:55:55 solver.py:159 ] Epoch: [83/200][120/282] lr: 3.79e-04 | MSE loss: 8.4199e-03 | time: 0.048
I 06.08/06:55:56 solver.py:159 ] Epoch: [83/200][140/282] lr: 3.79e-04 | MSE loss: 8.2983e-03 | time: 0.047
I 06.08/06:55:57 solver.py:159 ] Epoch: [83/200][160/282] lr: 3.79e-04 | MSE loss: 8.7125e-03 | time: 0.047
I 06.08/06:55:57 solver.py:159 ] Epoch: [83/200][180/282] lr: 3.78e-04 | MSE loss: 8.6538e-03 | time: 0.047
I 06.08/06:55:58 solver.py:159 ] Epoch: [83/200][200/282] lr: 3.78e-04 | MSE loss: 8.4569e-03 | time: 0.047
I 06.08/06:55:59 solver.py:159 ] Epoch: [83/200][220/282] lr: 3.78e-04 | MSE loss: 8.2162e-03 | time: 0.046
I 06.08/06:56:00 solver.py:159 ] Epoch: [83/200][240/282] lr: 3.78e-04 | MSE loss: 8.2557e-03 | time: 0.047
I 06.08/06:56:02 solver.py:159 ] Epoch: [83/200][260/282] lr: 3.77e-04 | MSE loss: 8.2358e-03 | time: 0.050
I 06.08/06:56:05 solver.py:159 ] Epoch: [83/200][280/282] lr: 3.77e-04 | MSE loss: 8.1775e-03 | time: 0.055
I 06.08/06:56:05 solver.py:169 ] => Train  Loss: 8.1399e-03

I 06.08/06:56:06 solver.py:405 ] [20/32] loss: 9.3592e-03 | NMSE: -1.6780e+01 | time: 0.044
I 06.08/06:56:06 solver.py:413 ] => Test NMSE: -1.7830e+01

I 06.08/06:56:06 solver.py:345 ] => LoRA monitor [epoch=83] | trainable=1310720/1310720 | non_lora_trainable=0 | lora_l2=1.723287e+01 | lora_A_l2=1.055989e+01 | lora_B_l2=1.361839e+01 | component_l2=fc_decoder:1.489081e+01,fc_encoder:8.673840e+00 | lora_abs_max=9.917151e-02 | delta_l2=1.619913e+01 | delta_rel=2.481722e+00 | train_loss=8.139924e-03 | test_loss=8.240503e-03 | nmse=-1.783016e+01
I 06.08/06:56:06 solver.py:224 ] 
=! Best NMSE: -1.7831e+01 (epoch=75)

I 06.08/06:56:07 solver.py:159 ] Epoch: [84/200][20/282] lr: 3.77e-04 | MSE loss: 8.4145e-03 | time: 0.051
I 06.08/06:56:08 solver.py:159 ] Epoch: [84/200][40/282] lr: 3.77e-04 | MSE loss: 8.2686e-03 | time: 0.052
I 06.08/06:56:09 solver.py:159 ] Epoch: [84/200][60/282] lr: 3.76e-04 | MSE loss: 7.9293e-03 | time: 0.051
I 06.08/06:56:10 solver.py:159 ] Epoch: [84/200][80/282] lr: 3.76e-04 | MSE loss: 8.4097e-03 | time: 0.050
I 06.08/06:56:11 solver.py:159 ] Epoch: [84/200][100/282] lr: 3.76e-04 | MSE loss: 8.2985e-03 | time: 0.050
I 06.08/06:56:12 solver.py:159 ] Epoch: [84/200][120/282] lr: 3.76e-04 | MSE loss: 8.2285e-03 | time: 0.049
I 06.08/06:56:13 solver.py:159 ] Epoch: [84/200][140/282] lr: 3.75e-04 | MSE loss: 8.4438e-03 | time: 0.049
I 06.08/06:56:14 solver.py:159 ] Epoch: [84/200][160/282] lr: 3.75e-04 | MSE loss: 8.3732e-03 | time: 0.049
I 06.08/06:56:15 solver.py:159 ] Epoch: [84/200][180/282] lr: 3.75e-04 | MSE loss: 8.0933e-03 | time: 0.048
I 06.08/06:56:16 solver.py:159 ] Epoch: [84/200][200/282] lr: 3.75e-04 | MSE loss: 7.9863e-03 | time: 0.048
I 06.08/06:56:17 solver.py:159 ] Epoch: [84/200][220/282] lr: 3.74e-04 | MSE loss: 8.0285e-03 | time: 0.048
I 06.08/06:56:18 solver.py:159 ] Epoch: [84/200][240/282] lr: 3.74e-04 | MSE loss: 8.2084e-03 | time: 0.048
I 06.08/06:56:19 solver.py:159 ] Epoch: [84/200][260/282] lr: 3.74e-04 | MSE loss: 8.2803e-03 | time: 0.048
I 06.08/06:56:20 solver.py:159 ] Epoch: [84/200][280/282] lr: 3.74e-04 | MSE loss: 8.1785e-03 | time: 0.048
I 06.08/06:56:20 solver.py:169 ] => Train  Loss: 8.1382e-03

I 06.08/06:56:20 solver.py:405 ] [20/32] loss: 9.3609e-03 | NMSE: -1.6779e+01 | time: 0.039
I 06.08/06:56:21 solver.py:413 ] => Test NMSE: -1.7830e+01

I 06.08/06:56:21 solver.py:345 ] => LoRA monitor [epoch=84] | trainable=1310720/1310720 | non_lora_trainable=0 | lora_l2=1.727465e+01 | lora_A_l2=1.057477e+01 | lora_B_l2=1.365971e+01 | component_l2=fc_decoder:1.493811e+01,fc_encoder:8.675627e+00 | lora_abs_max=1.020065e-01 | delta_l2=1.624319e+01 | delta_rel=2.488472e+00 | train_loss=8.138186e-03 | test_loss=8.241694e-03 | nmse=-1.782953e+01
I 06.08/06:56:21 solver.py:224 ] 
=! Best NMSE: -1.7831e+01 (epoch=75)

I 06.08/06:56:22 solver.py:159 ] Epoch: [85/200][20/282] lr: 3.73e-04 | MSE loss: 7.3178e-03 | time: 0.038
I 06.08/06:56:23 solver.py:159 ] Epoch: [85/200][40/282] lr: 3.73e-04 | MSE loss: 6.2423e-03 | time: 0.042
I 06.08/06:56:23 solver.py:159 ] Epoch: [85/200][60/282] lr: 3.73e-04 | MSE loss: 7.2853e-03 | time: 0.042
I 06.08/06:56:24 solver.py:159 ] Epoch: [85/200][80/282] lr: 3.73e-04 | MSE loss: 7.5587e-03 | time: 0.043
I 06.08/06:56:25 solver.py:159 ] Epoch: [85/200][100/282] lr: 3.72e-04 | MSE loss: 7.6382e-03 | time: 0.043
I 06.08/06:56:26 solver.py:159 ] Epoch: [85/200][120/282] lr: 3.72e-04 | MSE loss: 7.9445e-03 | time: 0.043
I 06.08/06:56:27 solver.py:159 ] Epoch: [85/200][140/282] lr: 3.72e-04 | MSE loss: 8.2530e-03 | time: 0.044
I 06.08/06:56:28 solver.py:159 ] Epoch: [85/200][160/282] lr: 3.72e-04 | MSE loss: 8.1675e-03 | time: 0.044
I 06.08/06:56:29 solver.py:159 ] Epoch: [85/200][180/282] lr: 3.71e-04 | MSE loss: 8.1303e-03 | time: 0.045
I 06.08/06:56:30 solver.py:159 ] Epoch: [85/200][200/282] lr: 3.71e-04 | MSE loss: 8.1796e-03 | time: 0.045
I 06.08/06:56:31 solver.py:159 ] Epoch: [85/200][220/282] lr: 3.71e-04 | MSE loss: 8.4110e-03 | time: 0.045
I 06.08/06:56:32 solver.py:159 ] Epoch: [85/200][240/282] lr: 3.71e-04 | MSE loss: 8.1989e-03 | time: 0.044
I 06.08/06:56:32 solver.py:159 ] Epoch: [85/200][260/282] lr: 3.70e-04 | MSE loss: 8.2385e-03 | time: 0.045
I 06.08/06:56:33 solver.py:159 ] Epoch: [85/200][280/282] lr: 3.70e-04 | MSE loss: 8.1893e-03 | time: 0.044
I 06.08/06:56:33 solver.py:169 ] => Train  Loss: 8.1389e-03

I 06.08/06:56:34 solver.py:405 ] [20/32] loss: 9.3614e-03 | NMSE: -1.6779e+01 | time: 0.046
I 06.08/06:56:35 solver.py:413 ] => Test NMSE: -1.7829e+01

I 06.08/06:56:35 solver.py:345 ] => LoRA monitor [epoch=85] | trainable=1310720/1310720 | non_lora_trainable=0 | lora_l2=1.727312e+01 | lora_A_l2=1.056470e+01 | lora_B_l2=1.366556e+01 | component_l2=fc_decoder:1.494977e+01,fc_encoder:8.652455e+00 | lora_abs_max=1.020661e-01 | delta_l2=1.624317e+01 | delta_rel=2.488468e+00 | train_loss=8.138889e-03 | test_loss=8.242480e-03 | nmse=-1.782912e+01
I 06.08/06:56:35 solver.py:224 ] 
=! Best NMSE: -1.7831e+01 (epoch=75)

I 06.08/06:56:36 solver.py:159 ] Epoch: [86/200][20/282] lr: 3.70e-04 | MSE loss: 7.6856e-03 | time: 0.042
I 06.08/06:56:37 solver.py:159 ] Epoch: [86/200][40/282] lr: 3.70e-04 | MSE loss: 1.0044e-02 | time: 0.042
I 06.08/06:56:37 solver.py:159 ] Epoch: [86/200][60/282] lr: 3.69e-04 | MSE loss: 8.5454e-03 | time: 0.043
I 06.08/06:56:38 solver.py:159 ] Epoch: [86/200][80/282] lr: 3.69e-04 | MSE loss: 8.6183e-03 | time: 0.045
I 06.08/06:56:39 solver.py:159 ] Epoch: [86/200][100/282] lr: 3.69e-04 | MSE loss: 7.9634e-03 | time: 0.044
I 06.08/06:56:40 solver.py:159 ] Epoch: [86/200][120/282] lr: 3.69e-04 | MSE loss: 8.0604e-03 | time: 0.043
I 06.08/06:56:41 solver.py:159 ] Epoch: [86/200][140/282] lr: 3.68e-04 | MSE loss: 8.2298e-03 | time: 0.043
I 06.08/06:56:42 solver.py:159 ] Epoch: [86/200][160/282] lr: 3.68e-04 | MSE loss: 8.1024e-03 | time: 0.044
I 06.08/06:56:43 solver.py:159 ] Epoch: [86/200][180/282] lr: 3.68e-04 | MSE loss: 8.1240e-03 | time: 0.044
I 06.08/06:56:44 solver.py:159 ] Epoch: [86/200][200/282] lr: 3.68e-04 | MSE loss: 8.0780e-03 | time: 0.044
I 06.08/06:56:45 solver.py:159 ] Epoch: [86/200][220/282] lr: 3.67e-04 | MSE loss: 8.2299e-03 | time: 0.044
I 06.08/06:56:45 solver.py:159 ] Epoch: [86/200][240/282] lr: 3.67e-04 | MSE loss: 8.3989e-03 | time: 0.044
I 06.08/06:56:46 solver.py:159 ] Epoch: [86/200][260/282] lr: 3.67e-04 | MSE loss: 8.4239e-03 | time: 0.044
I 06.08/06:56:47 solver.py:159 ] Epoch: [86/200][280/282] lr: 3.67e-04 | MSE loss: 8.6851e-03 | time: 0.045
I 06.08/06:56:47 solver.py:169 ] => Train  Loss: 8.6879e-03

I 06.08/06:56:48 solver.py:405 ] [20/32] loss: 1.3657e-02 | NMSE: -1.5248e+01 | time: 0.045
I 06.08/06:56:49 solver.py:413 ] => Test NMSE: -1.5964e+01

I 06.08/06:56:49 solver.py:345 ] => LoRA monitor [epoch=86] | trainable=1310720/1310720 | non_lora_trainable=0 | lora_l2=2.039682e+01 | lora_A_l2=1.370598e+01 | lora_B_l2=1.510551e+01 | component_l2=fc_decoder:1.655036e+01,fc_encoder:1.192124e+01 | lora_abs_max=1.069987e-01 | delta_l2=1.955423e+01 | delta_rel=2.995725e+00 | train_loss=8.687903e-03 | test_loss=1.266332e-02 | nmse=-1.596423e+01
I 06.08/06:56:49 solver.py:224 ] 
=! Best NMSE: -1.7831e+01 (epoch=75)

I 06.08/06:56:50 solver.py:159 ] Epoch: [87/200][20/282] lr: 3.66e-04 | MSE loss: 1.2685e-02 | time: 0.054
I 06.08/06:56:51 solver.py:159 ] Epoch: [87/200][40/282] lr: 3.66e-04 | MSE loss: 1.0798e-02 | time: 0.053
I 06.08/06:56:52 solver.py:159 ] Epoch: [87/200][60/282] lr: 3.66e-04 | MSE loss: 1.0363e-02 | time: 0.051
I 06.08/06:56:53 solver.py:159 ] Epoch: [87/200][80/282] lr: 3.65e-04 | MSE loss: 9.4204e-03 | time: 0.050
I 06.08/06:56:54 solver.py:159 ] Epoch: [87/200][100/282] lr: 3.65e-04 | MSE loss: 9.1892e-03 | time: 0.049
I 06.08/06:56:55 solver.py:159 ] Epoch: [87/200][120/282] lr: 3.65e-04 | MSE loss: 9.3343e-03 | time: 0.048
I 06.08/06:56:56 solver.py:159 ] Epoch: [87/200][140/282] lr: 3.65e-04 | MSE loss: 9.1532e-03 | time: 0.048
I 06.08/06:56:57 solver.py:159 ] Epoch: [87/200][160/282] lr: 3.64e-04 | MSE loss: 9.0152e-03 | time: 0.051
I 06.08/06:56:58 solver.py:159 ] Epoch: [87/200][180/282] lr: 3.64e-04 | MSE loss: 8.9383e-03 | time: 0.051
I 06.08/06:56:59 solver.py:159 ] Epoch: [87/200][200/282] lr: 3.64e-04 | MSE loss: 8.7014e-03 | time: 0.051
I 06.08/06:57:00 solver.py:159 ] Epoch: [87/200][220/282] lr: 3.64e-04 | MSE loss: 8.9878e-03 | time: 0.052
I 06.08/06:57:03 solver.py:159 ] Epoch: [87/200][240/282] lr: 3.63e-04 | MSE loss: 8.6857e-03 | time: 0.058
I 06.08/06:57:05 solver.py:159 ] Epoch: [87/200][260/282] lr: 3.63e-04 | MSE loss: 8.9427e-03 | time: 0.060
I 06.08/06:57:05 solver.py:159 ] Epoch: [87/200][280/282] lr: 3.63e-04 | MSE loss: 8.7992e-03 | time: 0.059
I 06.08/06:57:05 solver.py:169 ] => Train  Loss: 8.8000e-03

I 06.08/06:57:06 solver.py:405 ] [20/32] loss: 9.4051e-03 | NMSE: -1.6761e+01 | time: 0.050
I 06.08/06:57:07 solver.py:413 ] => Test NMSE: -1.7808e+01

I 06.08/06:57:07 solver.py:345 ] => LoRA monitor [epoch=87] | trainable=1310720/1310720 | non_lora_trainable=0 | lora_l2=2.009966e+01 | lora_A_l2=1.310083e+01 | lora_B_l2=1.524352e+01 | component_l2=fc_decoder:1.657522e+01,fc_encoder:1.136919e+01 | lora_abs_max=1.132293e-01 | delta_l2=1.925096e+01 | delta_rel=2.949265e+00 | train_loss=8.799958e-03 | test_loss=8.282244e-03 | nmse=-1.780822e+01
I 06.08/06:57:07 solver.py:224 ] 
=! Best NMSE: -1.7831e+01 (epoch=75)

I 06.08/06:57:08 solver.py:159 ] Epoch: [88/200][20/282] lr: 3.63e-04 | MSE loss: 8.7532e-03 | time: 0.055
I 06.08/06:57:09 solver.py:159 ] Epoch: [88/200][40/282] lr: 3.62e-04 | MSE loss: 9.1090e-03 | time: 0.050
I 06.08/06:57:10 solver.py:159 ] Epoch: [88/200][60/282] lr: 3.62e-04 | MSE loss: 9.1607e-03 | time: 0.048
I 06.08/06:57:11 solver.py:159 ] Epoch: [88/200][80/282] lr: 3.62e-04 | MSE loss: 8.3551e-03 | time: 0.046
I 06.08/06:57:12 solver.py:159 ] Epoch: [88/200][100/282] lr: 3.62e-04 | MSE loss: 8.4219e-03 | time: 0.047
I 06.08/06:57:13 solver.py:159 ] Epoch: [88/200][120/282] lr: 3.61e-04 | MSE loss: 8.4347e-03 | time: 0.047
I 06.08/06:57:14 solver.py:159 ] Epoch: [88/200][140/282] lr: 3.61e-04 | MSE loss: 8.5114e-03 | time: 0.047
I 06.08/06:57:15 solver.py:159 ] Epoch: [88/200][160/282] lr: 3.61e-04 | MSE loss: 8.6192e-03 | time: 0.047
I 06.08/06:57:16 solver.py:159 ] Epoch: [88/200][180/282] lr: 3.61e-04 | MSE loss: 8.4970e-03 | time: 0.047
I 06.08/06:57:17 solver.py:159 ] Epoch: [88/200][200/282] lr: 3.60e-04 | MSE loss: 8.2969e-03 | time: 0.047
I 06.08/06:57:18 solver.py:159 ] Epoch: [88/200][220/282] lr: 3.60e-04 | MSE loss: 8.1250e-03 | time: 0.047
I 06.08/06:57:19 solver.py:159 ] Epoch: [88/200][240/282] lr: 3.60e-04 | MSE loss: 8.3447e-03 | time: 0.047
I 06.08/06:57:19 solver.py:159 ] Epoch: [88/200][260/282] lr: 3.60e-04 | MSE loss: 8.2912e-03 | time: 0.046
I 06.08/06:57:20 solver.py:159 ] Epoch: [88/200][280/282] lr: 3.59e-04 | MSE loss: 8.1988e-03 | time: 0.047
I 06.08/06:57:20 solver.py:169 ] => Train  Loss: 8.1664e-03

I 06.08/06:57:21 solver.py:405 ] [20/32] loss: 9.3833e-03 | NMSE: -1.6770e+01 | time: 0.040
I 06.08/06:57:22 solver.py:413 ] => Test NMSE: -1.7819e+01

I 06.08/06:57:22 solver.py:345 ] => LoRA monitor [epoch=88] | trainable=1310720/1310720 | non_lora_trainable=0 | lora_l2=1.996640e+01 | lora_A_l2=1.301893e+01 | lora_B_l2=1.513819e+01 | component_l2=fc_decoder:1.646892e+01,fc_encoder:1.128858e+01 | lora_abs_max=1.129955e-01 | delta_l2=1.911142e+01 | delta_rel=2.927888e+00 | train_loss=8.166421e-03 | test_loss=8.262007e-03 | nmse=-1.781885e+01
I 06.08/06:57:22 solver.py:224 ] 
=! Best NMSE: -1.7831e+01 (epoch=75)

I 06.08/06:57:23 solver.py:159 ] Epoch: [89/200][20/282] lr: 3.59e-04 | MSE loss: 5.3865e-03 | time: 0.052
I 06.08/06:57:24 solver.py:159 ] Epoch: [89/200][40/282] lr: 3.59e-04 | MSE loss: 7.9171e-03 | time: 0.051
I 06.08/06:57:25 solver.py:159 ] Epoch: [89/200][60/282] lr: 3.59e-04 | MSE loss: 8.8287e-03 | time: 0.049
I 06.08/06:57:26 solver.py:159 ] Epoch: [89/200][80/282] lr: 3.58e-04 | MSE loss: 8.6624e-03 | time: 0.047
I 06.08/06:57:26 solver.py:159 ] Epoch: [89/200][100/282] lr: 3.58e-04 | MSE loss: 8.6801e-03 | time: 0.047
I 06.08/06:57:27 solver.py:159 ] Epoch: [89/200][120/282] lr: 3.58e-04 | MSE loss: 8.3526e-03 | time: 0.047
I 06.08/06:57:28 solver.py:159 ] Epoch: [89/200][140/282] lr: 3.57e-04 | MSE loss: 8.7659e-03 | time: 0.047
I 06.08/06:57:29 solver.py:159 ] Epoch: [89/200][160/282] lr: 3.57e-04 | MSE loss: 8.4169e-03 | time: 0.047
I 06.08/06:57:30 solver.py:159 ] Epoch: [89/200][180/282] lr: 3.57e-04 | MSE loss: 8.3120e-03 | time: 0.047
I 06.08/06:57:31 solver.py:159 ] Epoch: [89/200][200/282] lr: 3.57e-04 | MSE loss: 8.1703e-03 | time: 0.047
I 06.08/06:57:32 solver.py:159 ] Epoch: [89/200][220/282] lr: 3.56e-04 | MSE loss: 8.2055e-03 | time: 0.046
I 06.08/06:57:33 solver.py:159 ] Epoch: [89/200][240/282] lr: 3.56e-04 | MSE loss: 8.2823e-03 | time: 0.046
I 06.08/06:57:34 solver.py:159 ] Epoch: [89/200][260/282] lr: 3.56e-04 | MSE loss: 8.1878e-03 | time: 0.047
I 06.08/06:57:35 solver.py:159 ] Epoch: [89/200][280/282] lr: 3.56e-04 | MSE loss: 8.1693e-03 | time: 0.047
I 06.08/06:57:35 solver.py:169 ] => Train  Loss: 8.1561e-03

I 06.08/06:57:36 solver.py:405 ] [20/32] loss: 9.3745e-03 | NMSE: -1.6774e+01 | time: 0.042
I 06.08/06:57:36 solver.py:413 ] => Test NMSE: -1.7823e+01

I 06.08/06:57:36 solver.py:345 ] => LoRA monitor [epoch=89] | trainable=1310720/1310720 | non_lora_trainable=0 | lora_l2=1.988152e+01 | lora_A_l2=1.296600e+01 | lora_B_l2=1.507176e+01 | component_l2=fc_decoder:1.640143e+01,fc_encoder:1.123690e+01 | lora_abs_max=1.128018e-01 | delta_l2=1.902240e+01 | delta_rel=2.914249e+00 | train_loss=8.156103e-03 | test_loss=8.254303e-03 | nmse=-1.782290e+01
I 06.08/06:57:36 solver.py:224 ] 
=! Best NMSE: -1.7831e+01 (epoch=75)

I 06.08/06:57:37 solver.py:159 ] Epoch: [90/200][20/282] lr: 3.55e-04 | MSE loss: 7.5889e-03 | time: 0.048
I 06.08/06:57:38 solver.py:159 ] Epoch: [90/200][40/282] lr: 3.55e-04 | MSE loss: 6.4922e-03 | time: 0.048
I 06.08/06:57:39 solver.py:159 ] Epoch: [90/200][60/282] lr: 3.55e-04 | MSE loss: 7.3595e-03 | time: 0.047
I 06.08/06:57:40 solver.py:159 ] Epoch: [90/200][80/282] lr: 3.55e-04 | MSE loss: 7.8651e-03 | time: 0.048
I 06.08/06:57:41 solver.py:159 ] Epoch: [90/200][100/282] lr: 3.54e-04 | MSE loss: 7.6781e-03 | time: 0.047
I 06.08/06:57:42 solver.py:159 ] Epoch: [90/200][120/282] lr: 3.54e-04 | MSE loss: 7.6993e-03 | time: 0.047
I 06.08/06:57:43 solver.py:159 ] Epoch: [90/200][140/282] lr: 3.54e-04 | MSE loss: 7.8839e-03 | time: 0.047
I 06.08/06:57:44 solver.py:159 ] Epoch: [90/200][160/282] lr: 3.54e-04 | MSE loss: 7.9669e-03 | time: 0.046
I 06.08/06:57:44 solver.py:159 ] Epoch: [90/200][180/282] lr: 3.53e-04 | MSE loss: 8.0090e-03 | time: 0.045
I 06.08/06:57:45 solver.py:159 ] Epoch: [90/200][200/282] lr: 3.53e-04 | MSE loss: 8.1927e-03 | time: 0.045
I 06.08/06:57:46 solver.py:159 ] Epoch: [90/200][220/282] lr: 3.53e-04 | MSE loss: 8.1931e-03 | time: 0.045
I 06.08/06:57:47 solver.py:159 ] Epoch: [90/200][240/282] lr: 3.53e-04 | MSE loss: 8.1587e-03 | time: 0.045
I 06.08/06:57:48 solver.py:159 ] Epoch: [90/200][260/282] lr: 3.52e-04 | MSE loss: 8.2048e-03 | time: 0.044
I 06.08/06:57:49 solver.py:159 ] Epoch: [90/200][280/282] lr: 3.52e-04 | MSE loss: 8.1342e-03 | time: 0.044
I 06.08/06:57:49 solver.py:169 ] => Train  Loss: 8.1629e-03

I 06.08/06:57:50 solver.py:159 ] Epoch: [90/200][20/32] lr: 3.52e-04 | MSE loss: 9.3698e-03 | time: 0.041
I 06.08/06:57:50 solver.py:169 ] => Val  Loss: 8.0650e-03

I 06.08/06:57:51 solver.py:405 ] [20/32] loss: 9.3698e-03 | NMSE: -1.6776e+01 | time: 0.050
I 06.08/06:57:52 solver.py:413 ] => Test NMSE: -1.7825e+01

I 06.08/06:57:52 solver.py:345 ] => LoRA monitor [epoch=90] | trainable=1310720/1310720 | non_lora_trainable=0 | lora_l2=1.981943e+01 | lora_A_l2=1.292623e+01 | lora_B_l2=1.502406e+01 | component_l2=fc_decoder:1.635280e+01,fc_encoder:1.119804e+01 | lora_abs_max=1.127012e-01 | delta_l2=1.895704e+01 | delta_rel=2.904236e+00 | train_loss=8.162864e-03 | val_loss=8.064983e-03 | test_loss=8.249798e-03 | nmse=-1.782527e+01
I 06.08/06:57:52 solver.py:224 ] 
=! Best NMSE: -1.7831e+01 (epoch=75)

I 06.08/06:57:53 solver.py:159 ] Epoch: [91/200][20/282] lr: 3.52e-04 | MSE loss: 7.0907e-03 | time: 0.049
I 06.08/06:57:54 solver.py:159 ] Epoch: [91/200][40/282] lr: 3.51e-04 | MSE loss: 7.0765e-03 | time: 0.051
I 06.08/06:57:55 solver.py:159 ] Epoch: [91/200][60/282] lr: 3.51e-04 | MSE loss: 6.9527e-03 | time: 0.051
I 06.08/06:57:56 solver.py:159 ] Epoch: [91/200][80/282] lr: 3.51e-04 | MSE loss: 7.2415e-03 | time: 0.050
I 06.08/06:57:57 solver.py:159 ] Epoch: [91/200][100/282] lr: 3.51e-04 | MSE loss: 7.4042e-03 | time: 0.050
I 06.08/06:57:58 solver.py:159 ] Epoch: [91/200][120/282] lr: 3.50e-04 | MSE loss: 7.4671e-03 | time: 0.049
I 06.08/06:57:59 solver.py:159 ] Epoch: [91/200][140/282] lr: 3.50e-04 | MSE loss: 7.7421e-03 | time: 0.050
I 06.08/06:58:00 solver.py:159 ] Epoch: [91/200][160/282] lr: 3.50e-04 | MSE loss: 8.1089e-03 | time: 0.051
I 06.08/06:58:02 solver.py:159 ] Epoch: [91/200][180/282] lr: 3.50e-04 | MSE loss: 8.0322e-03 | time: 0.057
I 06.08/06:58:05 solver.py:159 ] Epoch: [91/200][200/282] lr: 3.49e-04 | MSE loss: 8.0217e-03 | time: 0.065
I 06.08/06:58:06 solver.py:159 ] Epoch: [91/200][220/282] lr: 3.49e-04 | MSE loss: 8.1953e-03 | time: 0.065
I 06.08/06:58:07 solver.py:159 ] Epoch: [91/200][240/282] lr: 3.49e-04 | MSE loss: 8.2981e-03 | time: 0.063
I 06.08/06:58:08 solver.py:159 ] Epoch: [91/200][260/282] lr: 3.49e-04 | MSE loss: 8.1670e-03 | time: 0.062
I 06.08/06:58:09 solver.py:159 ] Epoch: [91/200][280/282] lr: 3.48e-04 | MSE loss: 8.1961e-03 | time: 0.061
I 06.08/06:58:09 solver.py:169 ] => Train  Loss: 8.1506e-03

I 06.08/06:58:10 solver.py:405 ] [20/32] loss: 9.3669e-03 | NMSE: -1.6777e+01 | time: 0.043
I 06.08/06:58:10 solver.py:413 ] => Test NMSE: -1.7827e+01

I 06.08/06:58:10 solver.py:345 ] => LoRA monitor [epoch=91] | trainable=1310720/1310720 | non_lora_trainable=0 | lora_l2=1.976945e+01 | lora_A_l2=1.289310e+01 | lora_B_l2=1.498663e+01 | component_l2=fc_decoder:1.631443e+01,fc_encoder:1.116559e+01 | lora_abs_max=1.125856e-01 | delta_l2=1.890434e+01 | delta_rel=2.896162e+00 | train_loss=8.150597e-03 | test_loss=8.247226e-03 | nmse=-1.782662e+01
I 06.08/06:58:10 solver.py:224 ] 
=! Best NMSE: -1.7831e+01 (epoch=75)

I 06.08/06:58:11 solver.py:159 ] Epoch: [92/200][20/282] lr: 3.48e-04 | MSE loss: 7.3933e-03 | time: 0.045
I 06.08/06:58:12 solver.py:159 ] Epoch: [92/200][40/282] lr: 3.48e-04 | MSE loss: 7.8340e-03 | time: 0.046
I 06.08/06:58:13 solver.py:159 ] Epoch: [92/200][60/282] lr: 3.47e-04 | MSE loss: 6.9983e-03 | time: 0.047
I 06.08/06:58:14 solver.py:159 ] Epoch: [92/200][80/282] lr: 3.47e-04 | MSE loss: 7.1213e-03 | time: 0.046
I 06.08/06:58:15 solver.py:159 ] Epoch: [92/200][100/282] lr: 3.47e-04 | MSE loss: 7.3408e-03 | time: 0.045
I 06.08/06:58:16 solver.py:159 ] Epoch: [92/200][120/282] lr: 3.47e-04 | MSE loss: 7.4982e-03 | time: 0.044
I 06.08/06:58:17 solver.py:159 ] Epoch: [92/200][140/282] lr: 3.46e-04 | MSE loss: 7.4000e-03 | time: 0.044
I 06.08/06:58:18 solver.py:159 ] Epoch: [92/200][160/282] lr: 3.46e-04 | MSE loss: 7.4878e-03 | time: 0.045
I 06.08/06:58:19 solver.py:159 ] Epoch: [92/200][180/282] lr: 3.46e-04 | MSE loss: 7.6796e-03 | time: 0.045
I 06.08/06:58:20 solver.py:159 ] Epoch: [92/200][200/282] lr: 3.46e-04 | MSE loss: 8.2007e-03 | time: 0.046
I 06.08/06:58:20 solver.py:159 ] Epoch: [92/200][220/282] lr: 3.45e-04 | MSE loss: 8.1768e-03 | time: 0.046
I 06.08/06:58:21 solver.py:159 ] Epoch: [92/200][240/282] lr: 3.45e-04 | MSE loss: 8.2203e-03 | time: 0.046
I 06.08/06:58:22 solver.py:159 ] Epoch: [92/200][260/282] lr: 3.45e-04 | MSE loss: 8.1163e-03 | time: 0.046
I 06.08/06:58:23 solver.py:159 ] Epoch: [92/200][280/282] lr: 3.45e-04 | MSE loss: 8.1288e-03 | time: 0.046
I 06.08/06:58:23 solver.py:169 ] => Train  Loss: 8.1599e-03

I 06.08/06:58:24 solver.py:405 ] [20/32] loss: 9.3651e-03 | NMSE: -1.6778e+01 | time: 0.045
I 06.08/06:58:25 solver.py:413 ] => Test NMSE: -1.7827e+01

I 06.08/06:58:25 solver.py:345 ] => LoRA monitor [epoch=92] | trainable=1310720/1310720 | non_lora_trainable=0 | lora_l2=1.972315e+01 | lora_A_l2=1.285874e+01 | lora_B_l2=1.495512e+01 | component_l2=fc_decoder:1.628195e+01,fc_encoder:1.113107e+01 | lora_abs_max=1.126390e-01 | delta_l2=1.885536e+01 | delta_rel=2.888658e+00 | train_loss=8.159935e-03 | test_loss=8.245832e-03 | nmse=-1.782736e+01
I 06.08/06:58:25 solver.py:224 ] 
=! Best NMSE: -1.7831e+01 (epoch=75)

I 06.08/06:58:26 solver.py:159 ] Epoch: [93/200][20/282] lr: 3.44e-04 | MSE loss: 9.2128e-03 | time: 0.049
I 06.08/06:58:27 solver.py:159 ] Epoch: [93/200][40/282] lr: 3.44e-04 | MSE loss: 8.9178e-03 | time: 0.047
I 06.08/06:58:28 solver.py:159 ] Epoch: [93/200][60/282] lr: 3.44e-04 | MSE loss: 8.9821e-03 | time: 0.046
I 06.08/06:58:29 solver.py:159 ] Epoch: [93/200][80/282] lr: 3.43e-04 | MSE loss: 8.5913e-03 | time: 0.046
I 06.08/06:58:29 solver.py:159 ] Epoch: [93/200][100/282] lr: 3.43e-04 | MSE loss: 8.9606e-03 | time: 0.046
I 06.08/06:58:30 solver.py:159 ] Epoch: [93/200][120/282] lr: 3.43e-04 | MSE loss: 8.7003e-03 | time: 0.046
I 06.08/06:58:31 solver.py:159 ] Epoch: [93/200][140/282] lr: 3.43e-04 | MSE loss: 8.5261e-03 | time: 0.046
I 06.08/06:58:32 solver.py:159 ] Epoch: [93/200][160/282] lr: 3.42e-04 | MSE loss: 8.5346e-03 | time: 0.046
I 06.08/06:58:33 solver.py:159 ] Epoch: [93/200][180/282] lr: 3.42e-04 | MSE loss: 8.2117e-03 | time: 0.046
I 06.08/06:58:34 solver.py:159 ] Epoch: [93/200][200/282] lr: 3.42e-04 | MSE loss: 8.0893e-03 | time: 0.046
I 06.08/06:58:35 solver.py:159 ] Epoch: [93/200][220/282] lr: 3.42e-04 | MSE loss: 8.1949e-03 | time: 0.046
I 06.08/06:58:36 solver.py:159 ] Epoch: [93/200][240/282] lr: 3.41e-04 | MSE loss: 8.2752e-03 | time: 0.046
I 06.08/06:58:37 solver.py:159 ] Epoch: [93/200][260/282] lr: 3.41e-04 | MSE loss: 8.1332e-03 | time: 0.045
I 06.08/06:58:37 solver.py:159 ] Epoch: [93/200][280/282] lr: 3.41e-04 | MSE loss: 8.1920e-03 | time: 0.045
I 06.08/06:58:38 solver.py:169 ] => Train  Loss: 8.1439e-03

I 06.08/06:58:38 solver.py:405 ] [20/32] loss: 9.3649e-03 | NMSE: -1.6778e+01 | time: 0.041
I 06.08/06:58:39 solver.py:413 ] => Test NMSE: -1.7827e+01

I 06.08/06:58:39 solver.py:345 ] => LoRA monitor [epoch=93] | trainable=1310720/1310720 | non_lora_trainable=0 | lora_l2=1.968285e+01 | lora_A_l2=1.283057e+01 | lora_B_l2=1.492619e+01 | component_l2=fc_decoder:1.625235e+01,fc_encoder:1.110296e+01 | lora_abs_max=1.135499e-01 | delta_l2=1.881267e+01 | delta_rel=2.882118e+00 | train_loss=8.143913e-03 | test_loss=8.245579e-03 | nmse=-1.782749e+01
I 06.08/06:58:39 solver.py:224 ] 
=! Best NMSE: -1.7831e+01 (epoch=75)

I 06.08/06:58:40 solver.py:159 ] Epoch: [94/200][20/282] lr: 3.41e-04 | MSE loss: 9.1773e-03 | time: 0.040
I 06.08/06:58:41 solver.py:159 ] Epoch: [94/200][40/282] lr: 3.40e-04 | MSE loss: 8.6145e-03 | time: 0.042
I 06.08/06:58:41 solver.py:159 ] Epoch: [94/200][60/282] lr: 3.40e-04 | MSE loss: 9.1330e-03 | time: 0.041
I 06.08/06:58:42 solver.py:159 ] Epoch: [94/200][80/282] lr: 3.40e-04 | MSE loss: 9.1203e-03 | time: 0.042
I 06.08/06:58:43 solver.py:159 ] Epoch: [94/200][100/282] lr: 3.39e-04 | MSE loss: 8.6527e-03 | time: 0.042
I 06.08/06:58:44 solver.py:159 ] Epoch: [94/200][120/282] lr: 3.39e-04 | MSE loss: 8.9103e-03 | time: 0.042
I 06.08/06:58:45 solver.py:159 ] Epoch: [94/200][140/282] lr: 3.39e-04 | MSE loss: 9.1571e-03 | time: 0.042
I 06.08/06:58:46 solver.py:159 ] Epoch: [94/200][160/282] lr: 3.39e-04 | MSE loss: 8.7921e-03 | time: 0.043
I 06.08/06:58:47 solver.py:159 ] Epoch: [94/200][180/282] lr: 3.38e-04 | MSE loss: 8.6368e-03 | time: 0.043
I 06.08/06:58:48 solver.py:159 ] Epoch: [94/200][200/282] lr: 3.38e-04 | MSE loss: 8.6185e-03 | time: 0.043
I 06.08/06:58:48 solver.py:159 ] Epoch: [94/200][220/282] lr: 3.38e-04 | MSE loss: 8.3795e-03 | time: 0.044
I 06.08/06:58:49 solver.py:159 ] Epoch: [94/200][240/282] lr: 3.38e-04 | MSE loss: 8.3232e-03 | time: 0.044
I 06.08/06:58:50 solver.py:159 ] Epoch: [94/200][260/282] lr: 3.37e-04 | MSE loss: 8.2342e-03 | time: 0.044
I 06.08/06:58:51 solver.py:159 ] Epoch: [94/200][280/282] lr: 3.37e-04 | MSE loss: 8.1463e-03 | time: 0.045
I 06.08/06:58:51 solver.py:169 ] => Train  Loss: 8.2245e-03

I 06.08/06:58:52 solver.py:405 ] [20/32] loss: 9.3630e-03 | NMSE: -1.6779e+01 | time: 0.044
I 06.08/06:58:53 solver.py:413 ] => Test NMSE: -1.7828e+01

I 06.08/06:58:53 solver.py:345 ] => LoRA monitor [epoch=94] | trainable=1310720/1310720 | non_lora_trainable=0 | lora_l2=1.963937e+01 | lora_A_l2=1.279493e+01 | lora_B_l2=1.489948e+01 | component_l2=fc_decoder:1.622455e+01,fc_encoder:1.106656e+01 | lora_abs_max=1.160721e-01 | delta_l2=1.876680e+01 | delta_rel=2.875091e+00 | train_loss=8.224476e-03 | test_loss=8.243787e-03 | nmse=-1.782843e+01
I 06.08/06:58:53 solver.py:224 ] 
=! Best NMSE: -1.7831e+01 (epoch=75)

I 06.08/06:58:54 solver.py:159 ] Epoch: [95/200][20/282] lr: 3.37e-04 | MSE loss: 8.7118e-03 | time: 0.049
I 06.08/06:58:55 solver.py:159 ] Epoch: [95/200][40/282] lr: 3.36e-04 | MSE loss: 8.1987e-03 | time: 0.047
I 06.08/06:58:56 solver.py:159 ] Epoch: [95/200][60/282] lr: 3.36e-04 | MSE loss: 8.6327e-03 | time: 0.047
I 06.08/06:58:57 solver.py:159 ] Epoch: [95/200][80/282] lr: 3.36e-04 | MSE loss: 8.0922e-03 | time: 0.047
I 06.08/06:58:58 solver.py:159 ] Epoch: [95/200][100/282] lr: 3.36e-04 | MSE loss: 8.0517e-03 | time: 0.047
I 06.08/06:58:59 solver.py:159 ] Epoch: [95/200][120/282] lr: 3.35e-04 | MSE loss: 8.2329e-03 | time: 0.048
I 06.08/06:58:59 solver.py:159 ] Epoch: [95/200][140/282] lr: 3.35e-04 | MSE loss: 8.0501e-03 | time: 0.047
I 06.08/06:59:01 solver.py:159 ] Epoch: [95/200][160/282] lr: 3.35e-04 | MSE loss: 8.1532e-03 | time: 0.049
I 06.08/06:59:03 solver.py:159 ] Epoch: [95/200][180/282] lr: 3.35e-04 | MSE loss: 8.2266e-03 | time: 0.054
I 06.08/06:59:05 solver.py:159 ] Epoch: [95/200][200/282] lr: 3.34e-04 | MSE loss: 8.2774e-03 | time: 0.059
I 06.08/06:59:06 solver.py:159 ] Epoch: [95/200][220/282] lr: 3.34e-04 | MSE loss: 8.3567e-03 | time: 0.058
I 06.08/06:59:06 solver.py:159 ] Epoch: [95/200][240/282] lr: 3.34e-04 | MSE loss: 8.4486e-03 | time: 0.056
I 06.08/06:59:07 solver.py:159 ] Epoch: [95/200][260/282] lr: 3.34e-04 | MSE loss: 8.2137e-03 | time: 0.056
I 06.08/06:59:08 solver.py:159 ] Epoch: [95/200][280/282] lr: 3.33e-04 | MSE loss: 8.1656e-03 | time: 0.055
I 06.08/06:59:08 solver.py:169 ] => Train  Loss: 8.1530e-03

I 06.08/06:59:09 solver.py:405 ] [20/32] loss: 9.3624e-03 | NMSE: -1.6779e+01 | time: 0.043
I 06.08/06:59:10 solver.py:413 ] => Test NMSE: -1.7829e+01

I 06.08/06:59:10 solver.py:345 ] => LoRA monitor [epoch=95] | trainable=1310720/1310720 | non_lora_trainable=0 | lora_l2=1.957555e+01 | lora_A_l2=1.273192e+01 | lora_B_l2=1.486945e+01 | component_l2=fc_decoder:1.619297e+01,fc_encoder:1.099954e+01 | lora_abs_max=1.163306e-01 | delta_l2=1.869945e+01 | delta_rel=2.864773e+00 | train_loss=8.152964e-03 | test_loss=8.243294e-03 | nmse=-1.782869e+01
I 06.08/06:59:10 solver.py:224 ] 
=! Best NMSE: -1.7831e+01 (epoch=75)

I 06.08/06:59:11 solver.py:159 ] Epoch: [96/200][20/282] lr: 3.33e-04 | MSE loss: 8.1051e-03 | time: 0.046
I 06.08/06:59:12 solver.py:159 ] Epoch: [96/200][40/282] lr: 3.33e-04 | MSE loss: 7.4340e-03 | time: 0.047
I 06.08/06:59:12 solver.py:159 ] Epoch: [96/200][60/282] lr: 3.32e-04 | MSE loss: 7.0611e-03 | time: 0.045
I 06.08/06:59:13 solver.py:159 ] Epoch: [96/200][80/282] lr: 3.32e-04 | MSE loss: 7.4505e-03 | time: 0.043
I 06.08/06:59:14 solver.py:159 ] Epoch: [96/200][100/282] lr: 3.32e-04 | MSE loss: 7.6393e-03 | time: 0.044
I 06.08/06:59:15 solver.py:159 ] Epoch: [96/200][120/282] lr: 3.32e-04 | MSE loss: 7.8554e-03 | time: 0.044
I 06.08/06:59:16 solver.py:159 ] Epoch: [96/200][140/282] lr: 3.31e-04 | MSE loss: 8.1083e-03 | time: 0.045
I 06.08/06:59:17 solver.py:159 ] Epoch: [96/200][160/282] lr: 3.31e-04 | MSE loss: 8.0955e-03 | time: 0.045
I 06.08/06:59:18 solver.py:159 ] Epoch: [96/200][180/282] lr: 3.31e-04 | MSE loss: 8.0218e-03 | time: 0.045
I 06.08/06:59:19 solver.py:159 ] Epoch: [96/200][200/282] lr: 3.31e-04 | MSE loss: 8.1230e-03 | time: 0.045
I 06.08/06:59:20 solver.py:159 ] Epoch: [96/200][220/282] lr: 3.30e-04 | MSE loss: 8.1794e-03 | time: 0.045
I 06.08/06:59:21 solver.py:159 ] Epoch: [96/200][240/282] lr: 3.30e-04 | MSE loss: 8.2168e-03 | time: 0.045
I 06.08/06:59:22 solver.py:159 ] Epoch: [96/200][260/282] lr: 3.30e-04 | MSE loss: 8.1518e-03 | time: 0.046
I 06.08/06:59:22 solver.py:159 ] Epoch: [96/200][280/282] lr: 3.29e-04 | MSE loss: 8.1673e-03 | time: 0.045
I 06.08/06:59:22 solver.py:169 ] => Train  Loss: 8.1422e-03

I 06.08/06:59:23 solver.py:405 ] [20/32] loss: 9.3637e-03 | NMSE: -1.6778e+01 | time: 0.042
I 06.08/06:59:24 solver.py:413 ] => Test NMSE: -1.7828e+01

I 06.08/06:59:24 solver.py:345 ] => LoRA monitor [epoch=96] | trainable=1310720/1310720 | non_lora_trainable=0 | lora_l2=1.952195e+01 | lora_A_l2=1.269496e+01 | lora_B_l2=1.483054e+01 | component_l2=fc_decoder:1.615444e+01,fc_encoder:1.096087e+01 | lora_abs_max=1.179669e-01 | delta_l2=1.864284e+01 | delta_rel=2.856101e+00 | train_loss=8.142208e-03 | test_loss=8.245275e-03 | nmse=-1.782765e+01
I 06.08/06:59:24 solver.py:224 ] 
=! Best NMSE: -1.7831e+01 (epoch=75)

I 06.08/06:59:25 solver.py:159 ] Epoch: [97/200][20/282] lr: 3.29e-04 | MSE loss: 7.7414e-03 | time: 0.047
I 06.08/06:59:26 solver.py:159 ] Epoch: [97/200][40/282] lr: 3.29e-04 | MSE loss: 8.7244e-03 | time: 0.046
I 06.08/06:59:27 solver.py:159 ] Epoch: [97/200][60/282] lr: 3.29e-04 | MSE loss: 8.4535e-03 | time: 0.046
I 06.08/06:59:28 solver.py:159 ] Epoch: [97/200][80/282] lr: 3.28e-04 | MSE loss: 8.4563e-03 | time: 0.046
I 06.08/06:59:29 solver.py:159 ] Epoch: [97/200][100/282] lr: 3.28e-04 | MSE loss: 8.6381e-03 | time: 0.047
I 06.08/06:59:30 solver.py:159 ] Epoch: [97/200][120/282] lr: 3.28e-04 | MSE loss: 8.5849e-03 | time: 0.048
I 06.08/06:59:30 solver.py:159 ] Epoch: [97/200][140/282] lr: 3.28e-04 | MSE loss: 8.3021e-03 | time: 0.048
I 06.08/06:59:31 solver.py:159 ] Epoch: [97/200][160/282] lr: 3.27e-04 | MSE loss: 8.2116e-03 | time: 0.047
I 06.08/06:59:32 solver.py:159 ] Epoch: [97/200][180/282] lr: 3.27e-04 | MSE loss: 8.2864e-03 | time: 0.047
I 06.08/06:59:33 solver.py:159 ] Epoch: [97/200][200/282] lr: 3.27e-04 | MSE loss: 8.2576e-03 | time: 0.047
I 06.08/06:59:34 solver.py:159 ] Epoch: [97/200][220/282] lr: 3.26e-04 | MSE loss: 8.2333e-03 | time: 0.047
I 06.08/06:59:35 solver.py:159 ] Epoch: [97/200][240/282] lr: 3.26e-04 | MSE loss: 8.1531e-03 | time: 0.047
I 06.08/06:59:36 solver.py:159 ] Epoch: [97/200][260/282] lr: 3.26e-04 | MSE loss: 8.0971e-03 | time: 0.047
I 06.08/06:59:37 solver.py:159 ] Epoch: [97/200][280/282] lr: 3.26e-04 | MSE loss: 8.1805e-03 | time: 0.047
I 06.08/06:59:37 solver.py:169 ] => Train  Loss: 8.1652e-03

I 06.08/06:59:38 solver.py:405 ] [20/32] loss: 9.3606e-03 | NMSE: -1.6780e+01 | time: 0.042
I 06.08/06:59:38 solver.py:413 ] => Test NMSE: -1.7829e+01

I 06.08/06:59:38 solver.py:345 ] => LoRA monitor [epoch=97] | trainable=1310720/1310720 | non_lora_trainable=0 | lora_l2=1.946585e+01 | lora_A_l2=1.266219e+01 | lora_B_l2=1.478473e+01 | component_l2=fc_decoder:1.611041e+01,fc_encoder:1.092584e+01 | lora_abs_max=1.177791e-01 | delta_l2=1.858379e+01 | delta_rel=2.847053e+00 | train_loss=8.165227e-03 | test_loss=8.241948e-03 | nmse=-1.782940e+01
I 06.08/06:59:38 solver.py:224 ] 
=! Best NMSE: -1.7831e+01 (epoch=75)

I 06.08/06:59:39 solver.py:159 ] Epoch: [98/200][20/282] lr: 3.25e-04 | MSE loss: 9.0943e-03 | time: 0.050
I 06.08/06:59:40 solver.py:159 ] Epoch: [98/200][40/282] lr: 3.25e-04 | MSE loss: 9.0945e-03 | time: 0.047
I 06.08/06:59:41 solver.py:159 ] Epoch: [98/200][60/282] lr: 3.25e-04 | MSE loss: 8.8180e-03 | time: 0.047
I 06.08/06:59:42 solver.py:159 ] Epoch: [98/200][80/282] lr: 3.25e-04 | MSE loss: 8.2684e-03 | time: 0.047
I 06.08/06:59:43 solver.py:159 ] Epoch: [98/200][100/282] lr: 3.24e-04 | MSE loss: 8.5803e-03 | time: 0.047
I 06.08/06:59:44 solver.py:159 ] Epoch: [98/200][120/282] lr: 3.24e-04 | MSE loss: 8.4183e-03 | time: 0.047
I 06.08/06:59:45 solver.py:159 ] Epoch: [98/200][140/282] lr: 3.24e-04 | MSE loss: 8.1471e-03 | time: 0.047
I 06.08/06:59:46 solver.py:159 ] Epoch: [98/200][160/282] lr: 3.23e-04 | MSE loss: 8.2528e-03 | time: 0.046
I 06.08/06:59:47 solver.py:159 ] Epoch: [98/200][180/282] lr: 3.23e-04 | MSE loss: 8.1943e-03 | time: 0.046
I 06.08/06:59:48 solver.py:159 ] Epoch: [98/200][200/282] lr: 3.23e-04 | MSE loss: 8.3683e-03 | time: 0.046
I 06.08/06:59:49 solver.py:159 ] Epoch: [98/200][220/282] lr: 3.23e-04 | MSE loss: 8.2537e-03 | time: 0.046
I 06.08/06:59:50 solver.py:159 ] Epoch: [98/200][240/282] lr: 3.22e-04 | MSE loss: 8.1945e-03 | time: 0.046
I 06.08/06:59:50 solver.py:159 ] Epoch: [98/200][260/282] lr: 3.22e-04 | MSE loss: 8.1162e-03 | time: 0.046
I 06.08/06:59:51 solver.py:159 ] Epoch: [98/200][280/282] lr: 3.22e-04 | MSE loss: 8.1884e-03 | time: 0.046
I 06.08/06:59:51 solver.py:169 ] => Train  Loss: 8.1365e-03

I 06.08/06:59:52 solver.py:405 ] [20/32] loss: 9.3604e-03 | NMSE: -1.6780e+01 | time: 0.042
I 06.08/06:59:53 solver.py:413 ] => Test NMSE: -1.7829e+01

I 06.08/06:59:53 solver.py:345 ] => LoRA monitor [epoch=98] | trainable=1310720/1310720 | non_lora_trainable=0 | lora_l2=1.943356e+01 | lora_A_l2=1.263138e+01 | lora_B_l2=1.476860e+01 | component_l2=fc_decoder:1.609404e+01,fc_encoder:1.089243e+01 | lora_abs_max=1.187739e-01 | delta_l2=1.854937e+01 | delta_rel=2.841780e+00 | train_loss=8.136483e-03 | test_loss=8.241785e-03 | nmse=-1.782949e+01
I 06.08/06:59:53 solver.py:224 ] 
=! Best NMSE: -1.7831e+01 (epoch=75)

I 06.08/06:59:54 solver.py:159 ] Epoch: [99/200][20/282] lr: 3.22e-04 | MSE loss: 5.6055e-03 | time: 0.046
I 06.08/06:59:55 solver.py:159 ] Epoch: [99/200][40/282] lr: 3.21e-04 | MSE loss: 6.4816e-03 | time: 0.046
I 06.08/06:59:56 solver.py:159 ] Epoch: [99/200][60/282] lr: 3.21e-04 | MSE loss: 6.9134e-03 | time: 0.046
I 06.08/06:59:57 solver.py:159 ] Epoch: [99/200][80/282] lr: 3.21e-04 | MSE loss: 7.2206e-03 | time: 0.047
I 06.08/06:59:58 solver.py:159 ] Epoch: [99/200][100/282] lr: 3.20e-04 | MSE loss: 7.4333e-03 | time: 0.047
I 06.08/06:59:58 solver.py:159 ] Epoch: [99/200][120/282] lr: 3.20e-04 | MSE loss: 7.4665e-03 | time: 0.047
I 06.08/06:59:59 solver.py:159 ] Epoch: [99/200][140/282] lr: 3.20e-04 | MSE loss: 7.9850e-03 | time: 0.047
I 06.08/07:00:00 solver.py:159 ] Epoch: [99/200][160/282] lr: 3.20e-04 | MSE loss: 7.9720e-03 | time: 0.048
I 06.08/07:00:02 solver.py:159 ] Epoch: [99/200][180/282] lr: 3.19e-04 | MSE loss: 7.9795e-03 | time: 0.051
I 06.08/07:00:04 solver.py:159 ] Epoch: [99/200][200/282] lr: 3.19e-04 | MSE loss: 7.8275e-03 | time: 0.055
I 06.08/07:00:05 solver.py:159 ] Epoch: [99/200][220/282] lr: 3.19e-04 | MSE loss: 7.8813e-03 | time: 0.055
I 06.08/07:00:06 solver.py:159 ] Epoch: [99/200][240/282] lr: 3.19e-04 | MSE loss: 7.8765e-03 | time: 0.054
I 06.08/07:00:07 solver.py:159 ] Epoch: [99/200][260/282] lr: 3.18e-04 | MSE loss: 8.0243e-03 | time: 0.054
I 06.08/07:00:08 solver.py:159 ] Epoch: [99/200][280/282] lr: 3.18e-04 | MSE loss: 8.1725e-03 | time: 0.053
I 06.08/07:00:08 solver.py:169 ] => Train  Loss: 8.1482e-03

I 06.08/07:00:09 solver.py:405 ] [20/32] loss: 9.3605e-03 | NMSE: -1.6780e+01 | time: 0.045
I 06.08/07:00:09 solver.py:413 ] => Test NMSE: -1.7830e+01

I 06.08/07:00:09 solver.py:345 ] => LoRA monitor [epoch=99] | trainable=1310720/1310720 | non_lora_trainable=0 | lora_l2=1.940997e+01 | lora_A_l2=1.259889e+01 | lora_B_l2=1.476533e+01 | component_l2=fc_decoder:1.608972e+01,fc_encoder:1.085670e+01 | lora_abs_max=1.189771e-01 | delta_l2=1.852430e+01 | delta_rel=2.837939e+00 | train_loss=8.148164e-03 | test_loss=8.241628e-03 | nmse=-1.782957e+01
I 06.08/07:00:09 solver.py:224 ] 
=! Best NMSE: -1.7831e+01 (epoch=75)

I 06.08/07:00:10 solver.py:159 ] Epoch: [100/200][20/282] lr: 3.18e-04 | MSE loss: 6.3368e-03 | time: 0.048
I 06.08/07:00:11 solver.py:159 ] Epoch: [100/200][40/282] lr: 3.17e-04 | MSE loss: 7.2109e-03 | time: 0.050
I 06.08/07:00:12 solver.py:159 ] Epoch: [100/200][60/282] lr: 3.17e-04 | MSE loss: 7.1170e-03 | time: 0.048
I 06.08/07:00:13 solver.py:159 ] Epoch: [100/200][80/282] lr: 3.17e-04 | MSE loss: 7.4960e-03 | time: 0.047
I 06.08/07:00:14 solver.py:159 ] Epoch: [100/200][100/282] lr: 3.17e-04 | MSE loss: 7.6622e-03 | time: 0.046
I 06.08/07:00:15 solver.py:159 ] Epoch: [100/200][120/282] lr: 3.16e-04 | MSE loss: 7.8637e-03 | time: 0.045
I 06.08/07:00:15 solver.py:159 ] Epoch: [100/200][140/282] lr: 3.16e-04 | MSE loss: 7.9984e-03 | time: 0.045
I 06.08/07:00:16 solver.py:159 ] Epoch: [100/200][160/282] lr: 3.16e-04 | MSE loss: 8.0630e-03 | time: 0.045
I 06.08/07:00:17 solver.py:159 ] Epoch: [100/200][180/282] lr: 3.15e-04 | MSE loss: 8.0242e-03 | time: 0.045
I 06.08/07:00:18 solver.py:159 ] Epoch: [100/200][200/282] lr: 3.15e-04 | MSE loss: 8.0475e-03 | time: 0.045
I 06.08/07:00:19 solver.py:159 ] Epoch: [100/200][220/282] lr: 3.15e-04 | MSE loss: 8.1235e-03 | time: 0.045
I 06.08/07:00:20 solver.py:159 ] Epoch: [100/200][240/282] lr: 3.15e-04 | MSE loss: 8.1263e-03 | time: 0.045
I 06.08/07:00:21 solver.py:159 ] Epoch: [100/200][260/282] lr: 3.14e-04 | MSE loss: 8.0864e-03 | time: 0.045
I 06.08/07:00:22 solver.py:159 ] Epoch: [100/200][280/282] lr: 3.14e-04 | MSE loss: 8.1883e-03 | time: 0.045
I 06.08/07:00:22 solver.py:169 ] => Train  Loss: 8.1385e-03

I 06.08/07:00:23 solver.py:159 ] Epoch: [100/200][20/32] lr: 3.14e-04 | MSE loss: 9.3609e-03 | time: 0.045
I 06.08/07:00:23 solver.py:169 ] => Val  Loss: 8.0573e-03

I 06.08/07:00:24 solver.py:405 ] [20/32] loss: 9.3609e-03 | NMSE: -1.6780e+01 | time: 0.047
I 06.08/07:00:25 solver.py:413 ] => Test NMSE: -1.7829e+01

I 06.08/07:00:25 solver.py:345 ] => LoRA monitor [epoch=100] | trainable=1310720/1310720 | non_lora_trainable=0 | lora_l2=1.938205e+01 | lora_A_l2=1.256085e+01 | lora_B_l2=1.476106e+01 | component_l2=fc_decoder:1.608408e+01,fc_encoder:1.081510e+01 | lora_abs_max=1.194334e-01 | delta_l2=1.849450e+01 | delta_rel=2.833374e+00 | train_loss=8.138457e-03 | val_loss=8.057299e-03 | test_loss=8.241983e-03 | nmse=-1.782938e+01
I 06.08/07:00:25 solver.py:224 ] 
=! Best NMSE: -1.7831e+01 (epoch=75)

I 06.08/07:00:26 solver.py:159 ] Epoch: [101/200][20/282] lr: 3.14e-04 | MSE loss: 7.3982e-03 | time: 0.047
I 06.08/07:00:27 solver.py:159 ] Epoch: [101/200][40/282] lr: 3.14e-04 | MSE loss: 9.0841e-03 | time: 0.044
I 06.08/07:00:28 solver.py:159 ] Epoch: [101/200][60/282] lr: 3.13e-04 | MSE loss: 8.9546e-03 | time: 0.046
I 06.08/07:00:28 solver.py:159 ] Epoch: [101/200][80/282] lr: 3.13e-04 | MSE loss: 8.4757e-03 | time: 0.045
I 06.08/07:00:29 solver.py:159 ] Epoch: [101/200][100/282] lr: 3.13e-04 | MSE loss: 8.2538e-03 | time: 0.046
I 06.08/07:00:30 solver.py:159 ] Epoch: [101/200][120/282] lr: 3.12e-04 | MSE loss: 8.1738e-03 | time: 0.046
I 06.08/07:00:31 solver.py:159 ] Epoch: [101/200][140/282] lr: 3.12e-04 | MSE loss: 8.1710e-03 | time: 0.046
I 06.08/07:00:32 solver.py:159 ] Epoch: [101/200][160/282] lr: 3.12e-04 | MSE loss: 7.9852e-03 | time: 0.047
I 06.08/07:00:33 solver.py:159 ] Epoch: [101/200][180/282] lr: 3.12e-04 | MSE loss: 7.8413e-03 | time: 0.047
I 06.08/07:00:34 solver.py:159 ] Epoch: [101/200][200/282] lr: 3.11e-04 | MSE loss: 7.8630e-03 | time: 0.047
I 06.08/07:00:35 solver.py:159 ] Epoch: [101/200][220/282] lr: 3.11e-04 | MSE loss: 7.9726e-03 | time: 0.047
I 06.08/07:00:36 solver.py:159 ] Epoch: [101/200][240/282] lr: 3.11e-04 | MSE loss: 7.9801e-03 | time: 0.047
I 06.08/07:00:37 solver.py:159 ] Epoch: [101/200][260/282] lr: 3.11e-04 | MSE loss: 8.0867e-03 | time: 0.047
I 06.08/07:00:38 solver.py:159 ] Epoch: [101/200][280/282] lr: 3.10e-04 | MSE loss: 8.0947e-03 | time: 0.047
I 06.08/07:00:38 solver.py:169 ] => Train  Loss: 8.2874e-03

I 06.08/07:00:39 solver.py:405 ] [20/32] loss: 9.3663e-03 | NMSE: -1.6778e+01 | time: 0.041
I 06.08/07:00:39 solver.py:413 ] => Test NMSE: -1.7827e+01

I 06.08/07:00:39 solver.py:345 ] => LoRA monitor [epoch=101] | trainable=1310720/1310720 | non_lora_trainable=0 | lora_l2=1.934390e+01 | lora_A_l2=1.250022e+01 | lora_B_l2=1.476249e+01 | component_l2=fc_decoder:1.608402e+01,fc_encoder:1.074667e+01 | lora_abs_max=1.195625e-01 | delta_l2=1.845385e+01 | delta_rel=2.827147e+00 | train_loss=8.287432e-03 | test_loss=8.247142e-03 | nmse=-1.782667e+01
I 06.08/07:00:39 solver.py:224 ] 
=! Best NMSE: -1.7831e+01 (epoch=75)

I 06.08/07:00:40 solver.py:159 ] Epoch: [102/200][20/282] lr: 3.10e-04 | MSE loss: 8.7645e-03 | time: 0.050
I 06.08/07:00:41 solver.py:159 ] Epoch: [102/200][40/282] lr: 3.10e-04 | MSE loss: 8.5859e-03 | time: 0.048
I 06.08/07:00:42 solver.py:159 ] Epoch: [102/200][60/282] lr: 3.09e-04 | MSE loss: 9.6018e-03 | time: 0.048
I 06.08/07:00:43 solver.py:159 ] Epoch: [102/200][80/282] lr: 3.09e-04 | MSE loss: 8.8797e-03 | time: 0.046
I 06.08/07:00:44 solver.py:159 ] Epoch: [102/200][100/282] lr: 3.09e-04 | MSE loss: 8.5893e-03 | time: 0.045
I 06.08/07:00:45 solver.py:159 ] Epoch: [102/200][120/282] lr: 3.09e-04 | MSE loss: 8.7782e-03 | time: 0.046
I 06.08/07:00:46 solver.py:159 ] Epoch: [102/200][140/282] lr: 3.08e-04 | MSE loss: 8.3191e-03 | time: 0.046
I 06.08/07:00:47 solver.py:159 ] Epoch: [102/200][160/282] lr: 3.08e-04 | MSE loss: 8.3703e-03 | time: 0.047
I 06.08/07:00:48 solver.py:159 ] Epoch: [102/200][180/282] lr: 3.08e-04 | MSE loss: 8.1803e-03 | time: 0.047
I 06.08/07:00:49 solver.py:159 ] Epoch: [102/200][200/282] lr: 3.07e-04 | MSE loss: 8.3780e-03 | time: 0.048
I 06.08/07:00:50 solver.py:159 ] Epoch: [102/200][220/282] lr: 3.07e-04 | MSE loss: 8.4323e-03 | time: 0.048
I 06.08/07:00:51 solver.py:159 ] Epoch: [102/200][240/282] lr: 3.07e-04 | MSE loss: 8.3921e-03 | time: 0.048
I 06.08/07:00:52 solver.py:159 ] Epoch: [102/200][260/282] lr: 3.07e-04 | MSE loss: 8.2593e-03 | time: 0.048
I 06.08/07:00:53 solver.py:159 ] Epoch: [102/200][280/282] lr: 3.06e-04 | MSE loss: 8.1608e-03 | time: 0.047
I 06.08/07:00:53 solver.py:169 ] => Train  Loss: 8.2184e-03

I 06.08/07:00:54 solver.py:405 ] [20/32] loss: 9.3579e-03 | NMSE: -1.6781e+01 | time: 0.047
I 06.08/07:00:54 solver.py:413 ] => Test NMSE: -1.7831e+01

I 06.08/07:00:54 solver.py:345 ] => LoRA monitor [epoch=102] | trainable=1310720/1310720 | non_lora_trainable=0 | lora_l2=1.926118e+01 | lora_A_l2=1.238763e+01 | lora_B_l2=1.474923e+01 | component_l2=fc_decoder:1.607021e+01,fc_encoder:1.061798e+01 | lora_abs_max=1.192931e-01 | delta_l2=1.836715e+01 | delta_rel=2.813865e+00 | train_loss=8.218355e-03 | test_loss=8.239219e-03 | nmse=-1.783084e+01
I 06.08/07:00:54 solver.py:224 ] 
=! Best NMSE: -1.7831e+01 (epoch=75)

I 06.08/07:00:55 solver.py:159 ] Epoch: [103/200][20/282] lr: 3.06e-04 | MSE loss: 9.2824e-03 | time: 0.046
I 06.08/07:00:56 solver.py:159 ] Epoch: [103/200][40/282] lr: 3.06e-04 | MSE loss: 8.5742e-03 | time: 0.048
I 06.08/07:00:57 solver.py:159 ] Epoch: [103/200][60/282] lr: 3.05e-04 | MSE loss: 7.8950e-03 | time: 0.048
I 06.08/07:00:58 solver.py:159 ] Epoch: [103/200][80/282] lr: 3.05e-04 | MSE loss: 8.0476e-03 | time: 0.049
I 06.08/07:00:59 solver.py:159 ] Epoch: [103/200][100/282] lr: 3.05e-04 | MSE loss: 8.1222e-03 | time: 0.051
I 06.08/07:01:01 solver.py:159 ] Epoch: [103/200][120/282] lr: 3.05e-04 | MSE loss: 8.1664e-03 | time: 0.054
I 06.08/07:01:03 solver.py:159 ] Epoch: [103/200][140/282] lr: 3.04e-04 | MSE loss: 8.2593e-03 | time: 0.066
I 06.08/07:01:05 solver.py:159 ] Epoch: [103/200][160/282] lr: 3.04e-04 | MSE loss: 8.1381e-03 | time: 0.069
I 06.08/07:01:06 solver.py:159 ] Epoch: [103/200][180/282] lr: 3.04e-04 | MSE loss: 7.9642e-03 | time: 0.068
I 06.08/07:01:07 solver.py:159 ] Epoch: [103/200][200/282] lr: 3.04e-04 | MSE loss: 8.0107e-03 | time: 0.066
I 06.08/07:01:08 solver.py:159 ] Epoch: [103/200][220/282] lr: 3.03e-04 | MSE loss: 8.1511e-03 | time: 0.064
I 06.08/07:01:09 solver.py:159 ] Epoch: [103/200][240/282] lr: 3.03e-04 | MSE loss: 8.1525e-03 | time: 0.063
I 06.08/07:01:10 solver.py:159 ] Epoch: [103/200][260/282] lr: 3.03e-04 | MSE loss: 8.1532e-03 | time: 0.062
I 06.08/07:01:11 solver.py:159 ] Epoch: [103/200][280/282] lr: 3.02e-04 | MSE loss: 8.1839e-03 | time: 0.061
I 06.08/07:01:11 solver.py:169 ] => Train  Loss: 8.1348e-03

I 06.08/07:01:12 solver.py:405 ] [20/32] loss: 9.3577e-03 | NMSE: -1.6781e+01 | time: 0.046
I 06.08/07:01:13 solver.py:413 ] => Test NMSE: -1.7831e+01

I 06.08/07:01:13 solver.py:345 ] => LoRA monitor [epoch=103] | trainable=1310720/1310720 | non_lora_trainable=0 | lora_l2=1.923802e+01 | lora_A_l2=1.235140e+01 | lora_B_l2=1.474939e+01 | component_l2=fc_decoder:1.606947e+01,fc_encoder:1.057704e+01 | lora_abs_max=1.189625e-01 | delta_l2=1.834234e+01 | delta_rel=2.810063e+00 | train_loss=8.134790e-03 | test_loss=8.239076e-03 | nmse=-1.783092e+01
I 06.08/07:01:13 solver.py:224 ] 
=! Best NMSE: -1.7831e+01 (epoch=75)

I 06.08/07:01:14 solver.py:159 ] Epoch: [104/200][20/282] lr: 3.02e-04 | MSE loss: 8.1300e-03 | time: 0.052
I 06.08/07:01:15 solver.py:159 ] Epoch: [104/200][40/282] lr: 3.02e-04 | MSE loss: 8.4206e-03 | time: 0.048
I 06.08/07:01:16 solver.py:159 ] Epoch: [104/200][60/282] lr: 3.02e-04 | MSE loss: 8.5737e-03 | time: 0.047
I 06.08/07:01:17 solver.py:159 ] Epoch: [104/200][80/282] lr: 3.01e-04 | MSE loss: 8.7775e-03 | time: 0.047
I 06.08/07:01:17 solver.py:159 ] Epoch: [104/200][100/282] lr: 3.01e-04 | MSE loss: 8.6876e-03 | time: 0.046
I 06.08/07:01:18 solver.py:159 ] Epoch: [104/200][120/282] lr: 3.01e-04 | MSE loss: 8.3959e-03 | time: 0.046
I 06.08/07:01:19 solver.py:159 ] Epoch: [104/200][140/282] lr: 3.00e-04 | MSE loss: 8.2744e-03 | time: 0.046
I 06.08/07:01:20 solver.py:159 ] Epoch: [104/200][160/282] lr: 3.00e-04 | MSE loss: 8.3351e-03 | time: 0.045
I 06.08/07:01:21 solver.py:159 ] Epoch: [104/200][180/282] lr: 3.00e-04 | MSE loss: 8.5204e-03 | time: 0.045
I 06.08/07:01:22 solver.py:159 ] Epoch: [104/200][200/282] lr: 3.00e-04 | MSE loss: 8.2937e-03 | time: 0.045
I 06.08/07:01:23 solver.py:159 ] Epoch: [104/200][220/282] lr: 2.99e-04 | MSE loss: 8.3275e-03 | time: 0.045
I 06.08/07:01:24 solver.py:159 ] Epoch: [104/200][240/282] lr: 2.99e-04 | MSE loss: 8.2269e-03 | time: 0.045
I 06.08/07:01:25 solver.py:159 ] Epoch: [104/200][260/282] lr: 2.99e-04 | MSE loss: 8.0831e-03 | time: 0.046
I 06.08/07:01:26 solver.py:159 ] Epoch: [104/200][280/282] lr: 2.99e-04 | MSE loss: 8.1362e-03 | time: 0.046
I 06.08/07:01:26 solver.py:169 ] => Train  Loss: 8.1378e-03

I 06.08/07:01:27 solver.py:405 ] [20/32] loss: 9.3574e-03 | NMSE: -1.6781e+01 | time: 0.045
I 06.08/07:01:27 solver.py:413 ] => Test NMSE: -1.7831e+01

I 06.08/07:01:27 solver.py:345 ] => LoRA monitor [epoch=104] | trainable=1310720/1310720 | non_lora_trainable=0 | lora_l2=1.920843e+01 | lora_A_l2=1.231454e+01 | lora_B_l2=1.474164e+01 | component_l2=fc_decoder:1.606156e+01,fc_encoder:1.053519e+01 | lora_abs_max=1.190959e-01 | delta_l2=1.831077e+01 | delta_rel=2.805227e+00 | train_loss=8.137785e-03 | test_loss=8.239093e-03 | nmse=-1.783091e+01
I 06.08/07:01:27 solver.py:224 ] 
=! Best NMSE: -1.7831e+01 (epoch=75)

I 06.08/07:01:28 solver.py:159 ] Epoch: [105/200][20/282] lr: 2.98e-04 | MSE loss: 9.0051e-03 | time: 0.053
I 06.08/07:01:29 solver.py:159 ] Epoch: [105/200][40/282] lr: 2.98e-04 | MSE loss: 8.3151e-03 | time: 0.051
I 06.08/07:01:30 solver.py:159 ] Epoch: [105/200][60/282] lr: 2.98e-04 | MSE loss: 8.2464e-03 | time: 0.049
I 06.08/07:01:31 solver.py:159 ] Epoch: [105/200][80/282] lr: 2.97e-04 | MSE loss: 7.7360e-03 | time: 0.049
I 06.08/07:01:32 solver.py:159 ] Epoch: [105/200][100/282] lr: 2.97e-04 | MSE loss: 7.9271e-03 | time: 0.048
I 06.08/07:01:33 solver.py:159 ] Epoch: [105/200][120/282] lr: 2.97e-04 | MSE loss: 7.8354e-03 | time: 0.047
I 06.08/07:01:34 solver.py:159 ] Epoch: [105/200][140/282] lr: 2.97e-04 | MSE loss: 7.8348e-03 | time: 0.047
I 06.08/07:01:35 solver.py:159 ] Epoch: [105/200][160/282] lr: 2.96e-04 | MSE loss: 8.0165e-03 | time: 0.048
I 06.08/07:01:36 solver.py:159 ] Epoch: [105/200][180/282] lr: 2.96e-04 | MSE loss: 7.9691e-03 | time: 0.047
I 06.08/07:01:37 solver.py:159 ] Epoch: [105/200][200/282] lr: 2.96e-04 | MSE loss: 7.8298e-03 | time: 0.047
I 06.08/07:01:37 solver.py:159 ] Epoch: [105/200][220/282] lr: 2.95e-04 | MSE loss: 7.9282e-03 | time: 0.047
I 06.08/07:01:38 solver.py:159 ] Epoch: [105/200][240/282] lr: 2.95e-04 | MSE loss: 8.0187e-03 | time: 0.047
I 06.08/07:01:39 solver.py:159 ] Epoch: [105/200][260/282] lr: 2.95e-04 | MSE loss: 8.0445e-03 | time: 0.047
I 06.08/07:01:40 solver.py:159 ] Epoch: [105/200][280/282] lr: 2.95e-04 | MSE loss: 8.1305e-03 | time: 0.047
I 06.08/07:01:40 solver.py:169 ] => Train  Loss: 8.1395e-03

I 06.08/07:01:41 solver.py:405 ] [20/32] loss: 9.3571e-03 | NMSE: -1.6781e+01 | time: 0.049
I 06.08/07:01:42 solver.py:413 ] => Test NMSE: -1.7831e+01

I 06.08/07:01:42 solver.py:345 ] => LoRA monitor [epoch=105] | trainable=1310720/1310720 | non_lora_trainable=0 | lora_l2=1.916116e+01 | lora_A_l2=1.224766e+01 | lora_B_l2=1.473583e+01 | component_l2=fc_decoder:1.605583e+01,fc_encoder:1.045754e+01 | lora_abs_max=1.180564e-01 | delta_l2=1.826032e+01 | delta_rel=2.797498e+00 | train_loss=8.139460e-03 | test_loss=8.238785e-03 | nmse=-1.783107e+01
I 06.08/07:01:42 solver.py:224 ] 
=! Best NMSE: -1.7831e+01 (epoch=75)

I 06.08/07:01:43 solver.py:159 ] Epoch: [106/200][20/282] lr: 2.94e-04 | MSE loss: 8.8202e-03 | time: 0.051
I 06.08/07:01:44 solver.py:159 ] Epoch: [106/200][40/282] lr: 2.94e-04 | MSE loss: 7.4954e-03 | time: 0.048
I 06.08/07:01:45 solver.py:159 ] Epoch: [106/200][60/282] lr: 2.94e-04 | MSE loss: 8.0836e-03 | time: 0.047
I 06.08/07:01:46 solver.py:159 ] Epoch: [106/200][80/282] lr: 2.94e-04 | MSE loss: 8.1363e-03 | time: 0.046
I 06.08/07:01:46 solver.py:159 ] Epoch: [106/200][100/282] lr: 2.93e-04 | MSE loss: 8.4107e-03 | time: 0.046
I 06.08/07:01:47 solver.py:159 ] Epoch: [106/200][120/282] lr: 2.93e-04 | MSE loss: 8.3263e-03 | time: 0.046
I 06.08/07:01:48 solver.py:159 ] Epoch: [106/200][140/282] lr: 2.93e-04 | MSE loss: 8.3675e-03 | time: 0.045
I 06.08/07:01:49 solver.py:159 ] Epoch: [106/200][160/282] lr: 2.92e-04 | MSE loss: 8.2089e-03 | time: 0.045
I 06.08/07:01:50 solver.py:159 ] Epoch: [106/200][180/282] lr: 2.92e-04 | MSE loss: 8.1575e-03 | time: 0.045
I 06.08/07:01:51 solver.py:159 ] Epoch: [106/200][200/282] lr: 2.92e-04 | MSE loss: 8.0760e-03 | time: 0.045
I 06.08/07:01:52 solver.py:159 ] Epoch: [106/200][220/282] lr: 2.92e-04 | MSE loss: 8.2604e-03 | time: 0.044
I 06.08/07:01:53 solver.py:159 ] Epoch: [106/200][240/282] lr: 2.91e-04 | MSE loss: 8.1729e-03 | time: 0.044
I 06.08/07:01:53 solver.py:159 ] Epoch: [106/200][260/282] lr: 2.91e-04 | MSE loss: 8.1185e-03 | time: 0.044
I 06.08/07:01:54 solver.py:159 ] Epoch: [106/200][280/282] lr: 2.91e-04 | MSE loss: 8.1277e-03 | time: 0.044
I 06.08/07:01:54 solver.py:169 ] => Train  Loss: 8.1447e-03

I 06.08/07:01:55 solver.py:405 ] [20/32] loss: 9.3574e-03 | NMSE: -1.6781e+01 | time: 0.045
I 06.08/07:01:56 solver.py:413 ] => Test NMSE: -1.7831e+01

I 06.08/07:01:56 solver.py:345 ] => LoRA monitor [epoch=106] | trainable=1310720/1310720 | non_lora_trainable=0 | lora_l2=1.913221e+01 | lora_A_l2=1.219956e+01 | lora_B_l2=1.473813e+01 | component_l2=fc_decoder:1.605752e+01,fc_encoder:1.040180e+01 | lora_abs_max=1.184673e-01 | delta_l2=1.822980e+01 | delta_rel=2.792822e+00 | train_loss=8.144700e-03 | test_loss=8.238962e-03 | nmse=-1.783098e+01
I 06.08/07:01:56 solver.py:224 ] 
=! Best NMSE: -1.7831e+01 (epoch=75)

I 06.08/07:01:57 solver.py:159 ] Epoch: [107/200][20/282] lr: 2.90e-04 | MSE loss: 1.0033e-02 | time: 0.045
I 06.08/07:01:58 solver.py:159 ] Epoch: [107/200][40/282] lr: 2.90e-04 | MSE loss: 8.3628e-03 | time: 0.044
I 06.08/07:01:59 solver.py:159 ] Epoch: [107/200][60/282] lr: 2.90e-04 | MSE loss: 8.1999e-03 | time: 0.046
I 06.08/07:01:59 solver.py:159 ] Epoch: [107/200][80/282] lr: 2.90e-04 | MSE loss: 8.1801e-03 | time: 0.045
I 06.08/07:02:00 solver.py:159 ] Epoch: [107/200][100/282] lr: 2.89e-04 | MSE loss: 8.4056e-03 | time: 0.045
I 06.08/07:02:02 solver.py:159 ] Epoch: [107/200][120/282] lr: 2.89e-04 | MSE loss: 8.5131e-03 | time: 0.048
I 06.08/07:02:04 solver.py:159 ] Epoch: [107/200][140/282] lr: 2.89e-04 | MSE loss: 8.1370e-03 | time: 0.055
I 06.08/07:02:05 solver.py:159 ] Epoch: [107/200][160/282] lr: 2.88e-04 | MSE loss: 8.2423e-03 | time: 0.056
I 06.08/07:02:05 solver.py:159 ] Epoch: [107/200][180/282] lr: 2.88e-04 | MSE loss: 8.3045e-03 | time: 0.054
I 06.08/07:02:06 solver.py:159 ] Epoch: [107/200][200/282] lr: 2.88e-04 | MSE loss: 8.3390e-03 | time: 0.052
I 06.08/07:02:07 solver.py:159 ] Epoch: [107/200][220/282] lr: 2.88e-04 | MSE loss: 8.2915e-03 | time: 0.052
I 06.08/07:02:08 solver.py:159 ] Epoch: [107/200][240/282] lr: 2.87e-04 | MSE loss: 8.1212e-03 | time: 0.052
I 06.08/07:02:09 solver.py:159 ] Epoch: [107/200][260/282] lr: 2.87e-04 | MSE loss: 8.0426e-03 | time: 0.052
I 06.08/07:02:10 solver.py:159 ] Epoch: [107/200][280/282] lr: 2.87e-04 | MSE loss: 8.1782e-03 | time: 0.051
I 06.08/07:02:10 solver.py:169 ] => Train  Loss: 8.1584e-03

I 06.08/07:02:11 solver.py:405 ] [20/32] loss: 9.3563e-03 | NMSE: -1.6782e+01 | time: 0.044
I 06.08/07:02:12 solver.py:413 ] => Test NMSE: -1.7831e+01

I 06.08/07:02:12 solver.py:345 ] => LoRA monitor [epoch=107] | trainable=1310720/1310720 | non_lora_trainable=0 | lora_l2=1.909365e+01 | lora_A_l2=1.213621e+01 | lora_B_l2=1.474042e+01 | component_l2=fc_decoder:1.605936e+01,fc_encoder:1.032785e+01 | lora_abs_max=1.189749e-01 | delta_l2=1.818887e+01 | delta_rel=2.786551e+00 | train_loss=8.158366e-03 | test_loss=8.238126e-03 | nmse=-1.783142e+01
I 06.08/07:02:12 solver.py:224 ] 
=! Best NMSE: -1.7831e+01 (epoch=107)

I 06.08/07:02:13 solver.py:159 ] Epoch: [108/200][20/282] lr: 2.86e-04 | MSE loss: 1.0639e-02 | time: 0.048
I 06.08/07:02:14 solver.py:159 ] Epoch: [108/200][40/282] lr: 2.86e-04 | MSE loss: 1.0549e-02 | time: 0.047
I 06.08/07:02:15 solver.py:159 ] Epoch: [108/200][60/282] lr: 2.86e-04 | MSE loss: 9.2650e-03 | time: 0.046
I 06.08/07:02:16 solver.py:159 ] Epoch: [108/200][80/282] lr: 2.86e-04 | MSE loss: 8.6326e-03 | time: 0.046
I 06.08/07:02:17 solver.py:159 ] Epoch: [108/200][100/282] lr: 2.85e-04 | MSE loss: 7.9132e-03 | time: 0.046
I 06.08/07:02:17 solver.py:159 ] Epoch: [108/200][120/282] lr: 2.85e-04 | MSE loss: 8.1765e-03 | time: 0.045
I 06.08/07:02:18 solver.py:159 ] Epoch: [108/200][140/282] lr: 2.85e-04 | MSE loss: 7.9955e-03 | time: 0.045
I 06.08/07:02:19 solver.py:159 ] Epoch: [108/200][160/282] lr: 2.85e-04 | MSE loss: 8.2042e-03 | time: 0.045
I 06.08/07:02:20 solver.py:159 ] Epoch: [108/200][180/282] lr: 2.84e-04 | MSE loss: 8.4068e-03 | time: 0.045
I 06.08/07:02:21 solver.py:159 ] Epoch: [108/200][200/282] lr: 2.84e-04 | MSE loss: 8.5094e-03 | time: 0.044
I 06.08/07:02:22 solver.py:159 ] Epoch: [108/200][220/282] lr: 2.84e-04 | MSE loss: 8.3332e-03 | time: 0.044
I 06.08/07:02:22 solver.py:159 ] Epoch: [108/200][240/282] lr: 2.83e-04 | MSE loss: 8.1958e-03 | time: 0.044
I 06.08/07:02:23 solver.py:159 ] Epoch: [108/200][260/282] lr: 2.83e-04 | MSE loss: 8.0880e-03 | time: 0.044
I 06.08/07:02:24 solver.py:159 ] Epoch: [108/200][280/282] lr: 2.83e-04 | MSE loss: 8.1538e-03 | time: 0.044
I 06.08/07:02:24 solver.py:169 ] => Train  Loss: 8.2054e-03

I 06.08/07:02:25 solver.py:405 ] [20/32] loss: 9.3564e-03 | NMSE: -1.6781e+01 | time: 0.044
I 06.08/07:02:26 solver.py:413 ] => Test NMSE: -1.7831e+01

I 06.08/07:02:26 solver.py:345 ] => LoRA monitor [epoch=108] | trainable=1310720/1310720 | non_lora_trainable=0 | lora_l2=1.906641e+01 | lora_A_l2=1.208293e+01 | lora_B_l2=1.474893e+01 | component_l2=fc_decoder:1.606747e+01,fc_encoder:1.026472e+01 | lora_abs_max=1.182997e-01 | delta_l2=1.816000e+01 | delta_rel=2.782128e+00 | train_loss=8.205378e-03 | test_loss=8.238264e-03 | nmse=-1.783134e+01
I 06.08/07:02:26 solver.py:224 ] 
=! Best NMSE: -1.7831e+01 (epoch=107)

I 06.08/07:02:27 solver.py:159 ] Epoch: [109/200][20/282] lr: 2.83e-04 | MSE loss: 7.6911e-03 | time: 0.050
I 06.08/07:02:28 solver.py:159 ] Epoch: [109/200][40/282] lr: 2.82e-04 | MSE loss: 8.0559e-03 | time: 0.047
I 06.08/07:02:28 solver.py:159 ] Epoch: [109/200][60/282] lr: 2.82e-04 | MSE loss: 8.1022e-03 | time: 0.047
I 06.08/07:02:29 solver.py:159 ] Epoch: [109/200][80/282] lr: 2.82e-04 | MSE loss: 8.6882e-03 | time: 0.048
I 06.08/07:02:30 solver.py:159 ] Epoch: [109/200][100/282] lr: 2.81e-04 | MSE loss: 8.7628e-03 | time: 0.048
I 06.08/07:02:31 solver.py:159 ] Epoch: [109/200][120/282] lr: 2.81e-04 | MSE loss: 8.4934e-03 | time: 0.047
I 06.08/07:02:32 solver.py:159 ] Epoch: [109/200][140/282] lr: 2.81e-04 | MSE loss: 8.3802e-03 | time: 0.047
I 06.08/07:02:33 solver.py:159 ] Epoch: [109/200][160/282] lr: 2.81e-04 | MSE loss: 8.2455e-03 | time: 0.047
I 06.08/07:02:34 solver.py:159 ] Epoch: [109/200][180/282] lr: 2.80e-04 | MSE loss: 8.3985e-03 | time: 0.047
I 06.08/07:02:35 solver.py:159 ] Epoch: [109/200][200/282] lr: 2.80e-04 | MSE loss: 8.1266e-03 | time: 0.047
I 06.08/07:02:36 solver.py:159 ] Epoch: [109/200][220/282] lr: 2.80e-04 | MSE loss: 8.3286e-03 | time: 0.047
I 06.08/07:02:37 solver.py:159 ] Epoch: [109/200][240/282] lr: 2.80e-04 | MSE loss: 8.2219e-03 | time: 0.047
I 06.08/07:02:38 solver.py:159 ] Epoch: [109/200][260/282] lr: 2.79e-04 | MSE loss: 8.3147e-03 | time: 0.047
I 06.08/07:02:39 solver.py:159 ] Epoch: [109/200][280/282] lr: 2.79e-04 | MSE loss: 8.1386e-03 | time: 0.047
I 06.08/07:02:39 solver.py:169 ] => Train  Loss: 8.1730e-03

I 06.08/07:02:40 solver.py:405 ] [20/32] loss: 9.3561e-03 | NMSE: -1.6781e+01 | time: 0.041
I 06.08/07:02:40 solver.py:413 ] => Test NMSE: -1.7832e+01

I 06.08/07:02:40 solver.py:345 ] => LoRA monitor [epoch=109] | trainable=1310720/1310720 | non_lora_trainable=0 | lora_l2=1.903293e+01 | lora_A_l2=1.202713e+01 | lora_B_l2=1.475129e+01 | component_l2=fc_decoder:1.607162e+01,fc_encoder:1.019585e+01 | lora_abs_max=1.169780e-01 | delta_l2=1.812430e+01 | delta_rel=2.776660e+00 | train_loss=8.173027e-03 | test_loss=8.237858e-03 | nmse=-1.783156e+01
I 06.08/07:02:40 solver.py:224 ] 
=! Best NMSE: -1.7832e+01 (epoch=109)

I 06.08/07:02:41 solver.py:159 ] Epoch: [110/200][20/282] lr: 2.79e-04 | MSE loss: 9.1630e-03 | time: 0.048
I 06.08/07:02:42 solver.py:159 ] Epoch: [110/200][40/282] lr: 2.78e-04 | MSE loss: 8.6289e-03 | time: 0.047
I 06.08/07:02:43 solver.py:159 ] Epoch: [110/200][60/282] lr: 2.78e-04 | MSE loss: 8.9080e-03 | time: 0.047
I 06.08/07:02:44 solver.py:159 ] Epoch: [110/200][80/282] lr: 2.78e-04 | MSE loss: 8.9972e-03 | time: 0.047
I 06.08/07:02:45 solver.py:159 ] Epoch: [110/200][100/282] lr: 2.78e-04 | MSE loss: 8.7444e-03 | time: 0.047
I 06.08/07:02:46 solver.py:159 ] Epoch: [110/200][120/282] lr: 2.77e-04 | MSE loss: 8.8305e-03 | time: 0.047
I 06.08/07:02:47 solver.py:159 ] Epoch: [110/200][140/282] lr: 2.77e-04 | MSE loss: 8.5275e-03 | time: 0.047
I 06.08/07:02:48 solver.py:159 ] Epoch: [110/200][160/282] lr: 2.77e-04 | MSE loss: 8.2885e-03 | time: 0.047
I 06.08/07:02:49 solver.py:159 ] Epoch: [110/200][180/282] lr: 2.76e-04 | MSE loss: 8.4598e-03 | time: 0.047
I 06.08/07:02:50 solver.py:159 ] Epoch: [110/200][200/282] lr: 2.76e-04 | MSE loss: 8.3678e-03 | time: 0.047
I 06.08/07:02:51 solver.py:159 ] Epoch: [110/200][220/282] lr: 2.76e-04 | MSE loss: 8.3080e-03 | time: 0.047
I 06.08/07:02:52 solver.py:159 ] Epoch: [110/200][240/282] lr: 2.76e-04 | MSE loss: 8.3177e-03 | time: 0.046
I 06.08/07:02:52 solver.py:159 ] Epoch: [110/200][260/282] lr: 2.75e-04 | MSE loss: 8.2050e-03 | time: 0.046
I 06.08/07:02:53 solver.py:159 ] Epoch: [110/200][280/282] lr: 2.75e-04 | MSE loss: 8.1597e-03 | time: 0.046
I 06.08/07:02:53 solver.py:169 ] => Train  Loss: 8.1434e-03

I 06.08/07:02:54 solver.py:159 ] Epoch: [110/200][20/32] lr: 2.75e-04 | MSE loss: 9.3568e-03 | time: 0.036
I 06.08/07:02:54 solver.py:169 ] => Val  Loss: 8.0539e-03

I 06.08/07:02:55 solver.py:405 ] [20/32] loss: 9.3568e-03 | NMSE: -1.6781e+01 | time: 0.039
I 06.08/07:02:56 solver.py:413 ] => Test NMSE: -1.7831e+01

I 06.08/07:02:56 solver.py:345 ] => LoRA monitor [epoch=110] | trainable=1310720/1310720 | non_lora_trainable=0 | lora_l2=1.899093e+01 | lora_A_l2=1.197181e+01 | lora_B_l2=1.474215e+01 | component_l2=fc_decoder:1.606660e+01,fc_encoder:1.012521e+01 | lora_abs_max=1.160227e-01 | delta_l2=1.807947e+01 | delta_rel=2.769791e+00 | train_loss=8.143362e-03 | val_loss=8.053898e-03 | test_loss=8.238526e-03 | nmse=-1.783121e+01
I 06.08/07:02:56 solver.py:224 ] 
=! Best NMSE: -1.7832e+01 (epoch=109)

I 06.08/07:02:57 solver.py:159 ] Epoch: [111/200][20/282] lr: 2.75e-04 | MSE loss: 1.0511e-02 | time: 0.047
I 06.08/07:02:58 solver.py:159 ] Epoch: [111/200][40/282] lr: 2.74e-04 | MSE loss: 9.4340e-03 | time: 0.048
I 06.08/07:02:59 solver.py:159 ] Epoch: [111/200][60/282] lr: 2.74e-04 | MSE loss: 8.6243e-03 | time: 0.048
I 06.08/07:02:59 solver.py:159 ] Epoch: [111/200][80/282] lr: 2.74e-04 | MSE loss: 9.2353e-03 | time: 0.047
I 06.08/07:03:01 solver.py:159 ] Epoch: [111/200][100/282] lr: 2.74e-04 | MSE loss: 9.0380e-03 | time: 0.051
I 06.08/07:03:03 solver.py:159 ] Epoch: [111/200][120/282] lr: 2.73e-04 | MSE loss: 9.0393e-03 | time: 0.061
I 06.08/07:03:05 solver.py:159 ] Epoch: [111/200][140/282] lr: 2.73e-04 | MSE loss: 8.7960e-03 | time: 0.064
I 06.08/07:03:05 solver.py:159 ] Epoch: [111/200][160/282] lr: 2.73e-04 | MSE loss: 8.9624e-03 | time: 0.061
I 06.08/07:03:06 solver.py:159 ] Epoch: [111/200][180/282] lr: 2.72e-04 | MSE loss: 8.8760e-03 | time: 0.060
I 06.08/07:03:07 solver.py:159 ] Epoch: [111/200][200/282] lr: 2.72e-04 | MSE loss: 8.4998e-03 | time: 0.059
I 06.08/07:03:08 solver.py:159 ] Epoch: [111/200][220/282] lr: 2.72e-04 | MSE loss: 8.2959e-03 | time: 0.058
I 06.08/07:03:09 solver.py:159 ] Epoch: [111/200][240/282] lr: 2.72e-04 | MSE loss: 8.1757e-03 | time: 0.057
I 06.08/07:03:10 solver.py:159 ] Epoch: [111/200][260/282] lr: 2.71e-04 | MSE loss: 8.1696e-03 | time: 0.056
I 06.08/07:03:11 solver.py:159 ] Epoch: [111/200][280/282] lr: 2.71e-04 | MSE loss: 8.1022e-03 | time: 0.055
I 06.08/07:03:11 solver.py:169 ] => Train  Loss: 8.2313e-03

I 06.08/07:03:12 solver.py:405 ] [20/32] loss: 9.3556e-03 | NMSE: -1.6782e+01 | time: 0.047
I 06.08/07:03:13 solver.py:413 ] => Test NMSE: -1.7832e+01

I 06.08/07:03:13 solver.py:345 ] => LoRA monitor [epoch=111] | trainable=1310720/1310720 | non_lora_trainable=0 | lora_l2=1.896556e+01 | lora_A_l2=1.191555e+01 | lora_B_l2=1.475508e+01 | component_l2=fc_decoder:1.608086e+01,fc_encoder:1.005478e+01 | lora_abs_max=1.166256e-01 | delta_l2=1.805263e+01 | delta_rel=2.765679e+00 | train_loss=8.231272e-03 | test_loss=8.237515e-03 | nmse=-1.783174e+01
I 06.08/07:03:13 solver.py:224 ] 
=! Best NMSE: -1.7832e+01 (epoch=111)

I 06.08/07:03:14 solver.py:159 ] Epoch: [112/200][20/282] lr: 2.71e-04 | MSE loss: 5.3366e-03 | time: 0.050
I 06.08/07:03:15 solver.py:159 ] Epoch: [112/200][40/282] lr: 2.71e-04 | MSE loss: 6.5689e-03 | time: 0.048
I 06.08/07:03:16 solver.py:159 ] Epoch: [112/200][60/282] lr: 2.70e-04 | MSE loss: 7.1260e-03 | time: 0.047
I 06.08/07:03:17 solver.py:159 ] Epoch: [112/200][80/282] lr: 2.70e-04 | MSE loss: 7.5561e-03 | time: 0.047
I 06.08/07:03:18 solver.py:159 ] Epoch: [112/200][100/282] lr: 2.70e-04 | MSE loss: 7.8820e-03 | time: 0.047
I 06.08/07:03:19 solver.py:159 ] Epoch: [112/200][120/282] lr: 2.69e-04 | MSE loss: 7.7006e-03 | time: 0.047
I 06.08/07:03:20 solver.py:159 ] Epoch: [112/200][140/282] lr: 2.69e-04 | MSE loss: 8.1571e-03 | time: 0.047
I 06.08/07:03:21 solver.py:159 ] Epoch: [112/200][160/282] lr: 2.69e-04 | MSE loss: 7.9287e-03 | time: 0.047
I 06.08/07:03:22 solver.py:159 ] Epoch: [112/200][180/282] lr: 2.69e-04 | MSE loss: 7.7704e-03 | time: 0.047
I 06.08/07:03:22 solver.py:159 ] Epoch: [112/200][200/282] lr: 2.68e-04 | MSE loss: 7.7561e-03 | time: 0.047
I 06.08/07:03:23 solver.py:159 ] Epoch: [112/200][220/282] lr: 2.68e-04 | MSE loss: 7.8728e-03 | time: 0.047
I 06.08/07:03:24 solver.py:159 ] Epoch: [112/200][240/282] lr: 2.68e-04 | MSE loss: 7.8213e-03 | time: 0.047
I 06.08/07:03:25 solver.py:159 ] Epoch: [112/200][260/282] lr: 2.67e-04 | MSE loss: 8.0283e-03 | time: 0.047
I 06.08/07:03:26 solver.py:159 ] Epoch: [112/200][280/282] lr: 2.67e-04 | MSE loss: 8.1364e-03 | time: 0.047
I 06.08/07:03:26 solver.py:169 ] => Train  Loss: 8.1362e-03

I 06.08/07:03:27 solver.py:405 ] [20/32] loss: 9.3562e-03 | NMSE: -1.6782e+01 | time: 0.043
I 06.08/07:03:28 solver.py:413 ] => Test NMSE: -1.7832e+01

I 06.08/07:03:28 solver.py:345 ] => LoRA monitor [epoch=112] | trainable=1310720/1310720 | non_lora_trainable=0 | lora_l2=1.893910e+01 | lora_A_l2=1.186506e+01 | lora_B_l2=1.476177e+01 | component_l2=fc_decoder:1.608914e+01,fc_encoder:9.991442e+00 | lora_abs_max=1.159260e-01 | delta_l2=1.802452e+01 | delta_rel=2.761372e+00 | train_loss=8.136240e-03 | test_loss=8.237953e-03 | nmse=-1.783151e+01
I 06.08/07:03:28 solver.py:224 ] 
=! Best NMSE: -1.7832e+01 (epoch=111)

I 06.08/07:03:29 solver.py:159 ] Epoch: [113/200][20/282] lr: 2.67e-04 | MSE loss: 9.3865e-03 | time: 0.051
I 06.08/07:03:30 solver.py:159 ] Epoch: [113/200][40/282] lr: 2.67e-04 | MSE loss: 9.0383e-03 | time: 0.048
I 06.08/07:03:30 solver.py:159 ] Epoch: [113/200][60/282] lr: 2.66e-04 | MSE loss: 8.6793e-03 | time: 0.047
I 06.08/07:03:31 solver.py:159 ] Epoch: [113/200][80/282] lr: 2.66e-04 | MSE loss: 8.8511e-03 | time: 0.045
I 06.08/07:03:32 solver.py:159 ] Epoch: [113/200][100/282] lr: 2.66e-04 | MSE loss: 8.7002e-03 | time: 0.045
I 06.08/07:03:33 solver.py:159 ] Epoch: [113/200][120/282] lr: 2.65e-04 | MSE loss: 8.1922e-03 | time: 0.045
I 06.08/07:03:34 solver.py:159 ] Epoch: [113/200][140/282] lr: 2.65e-04 | MSE loss: 8.2115e-03 | time: 0.045
I 06.08/07:03:35 solver.py:159 ] Epoch: [113/200][160/282] lr: 2.65e-04 | MSE loss: 8.2139e-03 | time: 0.045
I 06.08/07:03:36 solver.py:159 ] Epoch: [113/200][180/282] lr: 2.65e-04 | MSE loss: 8.1511e-03 | time: 0.045
I 06.08/07:03:37 solver.py:159 ] Epoch: [113/200][200/282] lr: 2.64e-04 | MSE loss: 8.4701e-03 | time: 0.045
I 06.08/07:03:38 solver.py:159 ] Epoch: [113/200][220/282] lr: 2.64e-04 | MSE loss: 8.3207e-03 | time: 0.046
I 06.08/07:03:39 solver.py:159 ] Epoch: [113/200][240/282] lr: 2.64e-04 | MSE loss: 8.2884e-03 | time: 0.046
I 06.08/07:03:40 solver.py:159 ] Epoch: [113/200][260/282] lr: 2.64e-04 | MSE loss: 8.1960e-03 | time: 0.046
I 06.08/07:03:40 solver.py:159 ] Epoch: [113/200][280/282] lr: 2.63e-04 | MSE loss: 8.1447e-03 | time: 0.046
I 06.08/07:03:41 solver.py:169 ] => Train  Loss: 8.1372e-03

I 06.08/07:03:41 solver.py:405 ] [20/32] loss: 9.3562e-03 | NMSE: -1.6782e+01 | time: 0.042
I 06.08/07:03:42 solver.py:413 ] => Test NMSE: -1.7832e+01

I 06.08/07:03:42 solver.py:345 ] => LoRA monitor [epoch=113] | trainable=1310720/1310720 | non_lora_trainable=0 | lora_l2=1.893294e+01 | lora_A_l2=1.182788e+01 | lora_B_l2=1.478369e+01 | component_l2=fc_decoder:1.611442e+01,fc_encoder:9.938897e+00 | lora_abs_max=1.139665e-01 | delta_l2=1.801746e+01 | delta_rel=2.760292e+00 | train_loss=8.137178e-03 | test_loss=8.237921e-03 | nmse=-1.783152e+01
I 06.08/07:03:42 solver.py:224 ] 
=! Best NMSE: -1.7832e+01 (epoch=111)

I 06.08/07:03:43 solver.py:159 ] Epoch: [114/200][20/282] lr: 2.63e-04 | MSE loss: 9.6895e-03 | time: 0.043
I 06.08/07:03:44 solver.py:159 ] Epoch: [114/200][40/282] lr: 2.63e-04 | MSE loss: 9.1113e-03 | time: 0.046
I 06.08/07:03:45 solver.py:159 ] Epoch: [114/200][60/282] lr: 2.62e-04 | MSE loss: 8.4747e-03 | time: 0.045
I 06.08/07:03:46 solver.py:159 ] Epoch: [114/200][80/282] lr: 2.62e-04 | MSE loss: 8.1509e-03 | time: 0.046
I 06.08/07:03:47 solver.py:159 ] Epoch: [114/200][100/282] lr: 2.62e-04 | MSE loss: 8.4780e-03 | time: 0.047
I 06.08/07:03:48 solver.py:159 ] Epoch: [114/200][120/282] lr: 2.62e-04 | MSE loss: 8.5714e-03 | time: 0.046
I 06.08/07:03:48 solver.py:159 ] Epoch: [114/200][140/282] lr: 2.61e-04 | MSE loss: 8.5278e-03 | time: 0.046
I 06.08/07:03:49 solver.py:159 ] Epoch: [114/200][160/282] lr: 2.61e-04 | MSE loss: 8.2913e-03 | time: 0.046
I 06.08/07:03:50 solver.py:159 ] Epoch: [114/200][180/282] lr: 2.61e-04 | MSE loss: 8.2911e-03 | time: 0.046
I 06.08/07:03:51 solver.py:159 ] Epoch: [114/200][200/282] lr: 2.60e-04 | MSE loss: 8.3303e-03 | time: 0.047
I 06.08/07:03:52 solver.py:159 ] Epoch: [114/200][220/282] lr: 2.60e-04 | MSE loss: 8.3850e-03 | time: 0.047
I 06.08/07:03:53 solver.py:159 ] Epoch: [114/200][240/282] lr: 2.60e-04 | MSE loss: 8.1861e-03 | time: 0.047
I 06.08/07:03:54 solver.py:159 ] Epoch: [114/200][260/282] lr: 2.60e-04 | MSE loss: 8.1650e-03 | time: 0.047
I 06.08/07:03:55 solver.py:159 ] Epoch: [114/200][280/282] lr: 2.59e-04 | MSE loss: 8.1622e-03 | time: 0.047
I 06.08/07:03:55 solver.py:169 ] => Train  Loss: 8.1348e-03

I 06.08/07:03:56 solver.py:405 ] [20/32] loss: 9.3560e-03 | NMSE: -1.6781e+01 | time: 0.040
I 06.08/07:03:56 solver.py:413 ] => Test NMSE: -1.7832e+01

I 06.08/07:03:56 solver.py:345 ] => LoRA monitor [epoch=114] | trainable=1310720/1310720 | non_lora_trainable=0 | lora_l2=1.891355e+01 | lora_A_l2=1.178756e+01 | lora_B_l2=1.479107e+01 | component_l2=fc_decoder:1.612572e+01,fc_encoder:9.883493e+00 | lora_abs_max=1.157253e-01 | delta_l2=1.799704e+01 | delta_rel=2.757164e+00 | train_loss=8.134789e-03 | test_loss=8.237803e-03 | nmse=-1.783159e+01
I 06.08/07:03:56 solver.py:224 ] 
=! Best NMSE: -1.7832e+01 (epoch=111)

I 06.08/07:03:57 solver.py:159 ] Epoch: [115/200][20/282] lr: 2.59e-04 | MSE loss: 6.2630e-03 | time: 0.049
I 06.08/07:03:58 solver.py:159 ] Epoch: [115/200][40/282] lr: 2.59e-04 | MSE loss: 6.5844e-03 | time: 0.045
I 06.08/07:03:59 solver.py:159 ] Epoch: [115/200][60/282] lr: 2.58e-04 | MSE loss: 6.3860e-03 | time: 0.044
I 06.08/07:04:00 solver.py:159 ] Epoch: [115/200][80/282] lr: 2.58e-04 | MSE loss: 6.8597e-03 | time: 0.044
I 06.08/07:04:01 solver.py:159 ] Epoch: [115/200][100/282] lr: 2.58e-04 | MSE loss: 7.1519e-03 | time: 0.049
I 06.08/07:04:03 solver.py:159 ] Epoch: [115/200][120/282] lr: 2.58e-04 | MSE loss: 7.5548e-03 | time: 0.055
I 06.08/07:04:04 solver.py:159 ] Epoch: [115/200][140/282] lr: 2.57e-04 | MSE loss: 7.4178e-03 | time: 0.057
I 06.08/07:04:05 solver.py:159 ] Epoch: [115/200][160/282] lr: 2.57e-04 | MSE loss: 7.5441e-03 | time: 0.056
I 06.08/07:04:06 solver.py:159 ] Epoch: [115/200][180/282] lr: 2.57e-04 | MSE loss: 7.7154e-03 | time: 0.054
I 06.08/07:04:07 solver.py:159 ] Epoch: [115/200][200/282] lr: 2.57e-04 | MSE loss: 7.6155e-03 | time: 0.053
I 06.08/07:04:08 solver.py:159 ] Epoch: [115/200][220/282] lr: 2.56e-04 | MSE loss: 7.7101e-03 | time: 0.052
I 06.08/07:04:09 solver.py:159 ] Epoch: [115/200][240/282] lr: 2.56e-04 | MSE loss: 7.7926e-03 | time: 0.052
I 06.08/07:04:10 solver.py:159 ] Epoch: [115/200][260/282] lr: 2.56e-04 | MSE loss: 8.0536e-03 | time: 0.051
I 06.08/07:04:11 solver.py:159 ] Epoch: [115/200][280/282] lr: 2.55e-04 | MSE loss: 8.1866e-03 | time: 0.051
I 06.08/07:04:11 solver.py:169 ] => Train  Loss: 8.1343e-03

I 06.08/07:04:12 solver.py:405 ] [20/32] loss: 9.3568e-03 | NMSE: -1.6781e+01 | time: 0.042
I 06.08/07:04:12 solver.py:413 ] => Test NMSE: -1.7831e+01

I 06.08/07:04:12 solver.py:345 ] => LoRA monitor [epoch=115] | trainable=1310720/1310720 | non_lora_trainable=0 | lora_l2=1.891904e+01 | lora_A_l2=1.176362e+01 | lora_B_l2=1.481713e+01 | component_l2=fc_decoder:1.615616e+01,fc_encoder:9.844222e+00 | lora_abs_max=1.166059e-01 | delta_l2=1.800193e+01 | delta_rel=2.757912e+00 | train_loss=8.134316e-03 | test_loss=8.238544e-03 | nmse=-1.783120e+01
I 06.08/07:04:12 solver.py:224 ] 
=! Best NMSE: -1.7832e+01 (epoch=111)

I 06.08/07:04:13 solver.py:159 ] Epoch: [116/200][20/282] lr: 2.55e-04 | MSE loss: 1.0789e-02 | time: 0.044
I 06.08/07:04:14 solver.py:159 ] Epoch: [116/200][40/282] lr: 2.55e-04 | MSE loss: 9.5124e-03 | time: 0.044
I 06.08/07:04:15 solver.py:159 ] Epoch: [116/200][60/282] lr: 2.55e-04 | MSE loss: 9.2316e-03 | time: 0.045
I 06.08/07:04:16 solver.py:159 ] Epoch: [116/200][80/282] lr: 2.54e-04 | MSE loss: 8.1333e-03 | time: 0.045
I 06.08/07:04:17 solver.py:159 ] Epoch: [116/200][100/282] lr: 2.54e-04 | MSE loss: 7.8932e-03 | time: 0.045
I 06.08/07:04:18 solver.py:159 ] Epoch: [116/200][120/282] lr: 2.54e-04 | MSE loss: 7.8702e-03 | time: 0.046
I 06.08/07:04:18 solver.py:159 ] Epoch: [116/200][140/282] lr: 2.53e-04 | MSE loss: 7.5470e-03 | time: 0.046
I 06.08/07:04:19 solver.py:159 ] Epoch: [116/200][160/282] lr: 2.53e-04 | MSE loss: 7.7292e-03 | time: 0.046
I 06.08/07:04:20 solver.py:159 ] Epoch: [116/200][180/282] lr: 2.53e-04 | MSE loss: 7.7731e-03 | time: 0.047
I 06.08/07:04:21 solver.py:159 ] Epoch: [116/200][200/282] lr: 2.53e-04 | MSE loss: 7.6937e-03 | time: 0.047
I 06.08/07:04:22 solver.py:159 ] Epoch: [116/200][220/282] lr: 2.52e-04 | MSE loss: 7.6362e-03 | time: 0.047
I 06.08/07:04:23 solver.py:159 ] Epoch: [116/200][240/282] lr: 2.52e-04 | MSE loss: 7.8888e-03 | time: 0.047
I 06.08/07:04:24 solver.py:159 ] Epoch: [116/200][260/282] lr: 2.52e-04 | MSE loss: 8.0291e-03 | time: 0.047
I 06.08/07:04:25 solver.py:159 ] Epoch: [116/200][280/282] lr: 2.52e-04 | MSE loss: 8.1459e-03 | time: 0.047
I 06.08/07:04:25 solver.py:169 ] => Train  Loss: 8.1341e-03

I 06.08/07:04:26 solver.py:405 ] [20/32] loss: 9.3558e-03 | NMSE: -1.6782e+01 | time: 0.047
I 06.08/07:04:27 solver.py:413 ] => Test NMSE: -1.7832e+01

I 06.08/07:04:27 solver.py:345 ] => LoRA monitor [epoch=116] | trainable=1310720/1310720 | non_lora_trainable=0 | lora_l2=1.890398e+01 | lora_A_l2=1.172712e+01 | lora_B_l2=1.482684e+01 | component_l2=fc_decoder:1.617025e+01,fc_encoder:9.792016e+00 | lora_abs_max=1.160937e-01 | delta_l2=1.798561e+01 | delta_rel=2.755412e+00 | train_loss=8.134091e-03 | test_loss=8.237759e-03 | nmse=-1.783161e+01
I 06.08/07:04:27 solver.py:224 ] 
=! Best NMSE: -1.7832e+01 (epoch=111)

I 06.08/07:04:28 solver.py:159 ] Epoch: [117/200][20/282] lr: 2.51e-04 | MSE loss: 6.6269e-03 | time: 0.044
I 06.08/07:04:29 solver.py:159 ] Epoch: [117/200][40/282] lr: 2.51e-04 | MSE loss: 7.6884e-03 | time: 0.045
I 06.08/07:04:29 solver.py:159 ] Epoch: [117/200][60/282] lr: 2.51e-04 | MSE loss: 8.0639e-03 | time: 0.045
I 06.08/07:04:30 solver.py:159 ] Epoch: [117/200][80/282] lr: 2.50e-04 | MSE loss: 7.9706e-03 | time: 0.045
I 06.08/07:04:31 solver.py:159 ] Epoch: [117/200][100/282] lr: 2.50e-04 | MSE loss: 7.4711e-03 | time: 0.045
I 06.08/07:04:32 solver.py:159 ] Epoch: [117/200][120/282] lr: 2.50e-04 | MSE loss: 7.6546e-03 | time: 0.046
I 06.08/07:04:33 solver.py:159 ] Epoch: [117/200][140/282] lr: 2.50e-04 | MSE loss: 7.7711e-03 | time: 0.046
I 06.08/07:04:34 solver.py:159 ] Epoch: [117/200][160/282] lr: 2.49e-04 | MSE loss: 7.9096e-03 | time: 0.046
I 06.08/07:04:35 solver.py:159 ] Epoch: [117/200][180/282] lr: 2.49e-04 | MSE loss: 7.8784e-03 | time: 0.048
I 06.08/07:04:36 solver.py:159 ] Epoch: [117/200][200/282] lr: 2.49e-04 | MSE loss: 8.0515e-03 | time: 0.048
I 06.08/07:04:37 solver.py:159 ] Epoch: [117/200][220/282] lr: 2.48e-04 | MSE loss: 7.8746e-03 | time: 0.048
I 06.08/07:04:38 solver.py:159 ] Epoch: [117/200][240/282] lr: 2.48e-04 | MSE loss: 8.0362e-03 | time: 0.048
I 06.08/07:04:39 solver.py:159 ] Epoch: [117/200][260/282] lr: 2.48e-04 | MSE loss: 7.9838e-03 | time: 0.048
I 06.08/07:04:40 solver.py:159 ] Epoch: [117/200][280/282] lr: 2.48e-04 | MSE loss: 8.1685e-03 | time: 0.047
I 06.08/07:04:40 solver.py:169 ] => Train  Loss: 8.1367e-03

I 06.08/07:04:41 solver.py:405 ] [20/32] loss: 9.3560e-03 | NMSE: -1.6782e+01 | time: 0.039
I 06.08/07:04:41 solver.py:413 ] => Test NMSE: -1.7832e+01

I 06.08/07:04:41 solver.py:345 ] => LoRA monitor [epoch=117] | trainable=1310720/1310720 | non_lora_trainable=0 | lora_l2=1.889693e+01 | lora_A_l2=1.171026e+01 | lora_B_l2=1.483118e+01 | component_l2=fc_decoder:1.618017e+01,fc_encoder:9.761973e+00 | lora_abs_max=1.157071e-01 | delta_l2=1.797831e+01 | delta_rel=2.754294e+00 | train_loss=8.136672e-03 | test_loss=8.237836e-03 | nmse=-1.783157e+01
I 06.08/07:04:41 solver.py:224 ] 
=! Best NMSE: -1.7832e+01 (epoch=111)

I 06.08/07:04:43 solver.py:159 ] Epoch: [118/200][20/282] lr: 2.47e-04 | MSE loss: 7.5789e-03 | time: 0.052
I 06.08/07:04:43 solver.py:159 ] Epoch: [118/200][40/282] lr: 2.47e-04 | MSE loss: 6.8536e-03 | time: 0.042
I 06.08/07:04:44 solver.py:159 ] Epoch: [118/200][60/282] lr: 2.47e-04 | MSE loss: 7.5142e-03 | time: 0.042
I 06.08/07:04:45 solver.py:159 ] Epoch: [118/200][80/282] lr: 2.46e-04 | MSE loss: 7.5774e-03 | time: 0.041
I 06.08/07:04:46 solver.py:159 ] Epoch: [118/200][100/282] lr: 2.46e-04 | MSE loss: 7.5454e-03 | time: 0.041
I 06.08/07:04:47 solver.py:159 ] Epoch: [118/200][120/282] lr: 2.46e-04 | MSE loss: 7.7387e-03 | time: 0.042
I 06.08/07:04:47 solver.py:159 ] Epoch: [118/200][140/282] lr: 2.46e-04 | MSE loss: 8.1839e-03 | time: 0.043
I 06.08/07:04:48 solver.py:159 ] Epoch: [118/200][160/282] lr: 2.45e-04 | MSE loss: 8.4531e-03 | time: 0.043
I 06.08/07:04:49 solver.py:159 ] Epoch: [118/200][180/282] lr: 2.45e-04 | MSE loss: 8.2402e-03 | time: 0.043
I 06.08/07:04:50 solver.py:159 ] Epoch: [118/200][200/282] lr: 2.45e-04 | MSE loss: 8.3889e-03 | time: 0.043
I 06.08/07:04:51 solver.py:159 ] Epoch: [118/200][220/282] lr: 2.45e-04 | MSE loss: 8.2106e-03 | time: 0.042
I 06.08/07:04:52 solver.py:159 ] Epoch: [118/200][240/282] lr: 2.44e-04 | MSE loss: 8.1637e-03 | time: 0.042
I 06.08/07:04:52 solver.py:159 ] Epoch: [118/200][260/282] lr: 2.44e-04 | MSE loss: 8.0698e-03 | time: 0.042
I 06.08/07:04:53 solver.py:159 ] Epoch: [118/200][280/282] lr: 2.44e-04 | MSE loss: 8.0975e-03 | time: 0.042
I 06.08/07:04:53 solver.py:169 ] => Train  Loss: 8.2120e-03

I 06.08/07:04:54 solver.py:405 ] [20/32] loss: 9.3554e-03 | NMSE: -1.6782e+01 | time: 0.046
I 06.08/07:04:55 solver.py:413 ] => Test NMSE: -1.7832e+01

I 06.08/07:04:55 solver.py:345 ] => LoRA monitor [epoch=118] | trainable=1310720/1310720 | non_lora_trainable=0 | lora_l2=1.890073e+01 | lora_A_l2=1.169549e+01 | lora_B_l2=1.484766e+01 | component_l2=fc_decoder:1.620215e+01,fc_encoder:9.732817e+00 | lora_abs_max=1.162881e-01 | delta_l2=1.798196e+01 | delta_rel=2.754853e+00 | train_loss=8.211963e-03 | test_loss=8.237355e-03 | nmse=-1.783182e+01
I 06.08/07:04:55 solver.py:224 ] 
=! Best NMSE: -1.7832e+01 (epoch=118)

I 06.08/07:04:56 solver.py:159 ] Epoch: [119/200][20/282] lr: 2.43e-04 | MSE loss: 6.8982e-03 | time: 0.054
I 06.08/07:04:57 solver.py:159 ] Epoch: [119/200][40/282] lr: 2.43e-04 | MSE loss: 6.9838e-03 | time: 0.053
I 06.08/07:04:58 solver.py:159 ] Epoch: [119/200][60/282] lr: 2.43e-04 | MSE loss: 7.7587e-03 | time: 0.051
I 06.08/07:04:59 solver.py:159 ] Epoch: [119/200][80/282] lr: 2.43e-04 | MSE loss: 7.9642e-03 | time: 0.050
I 06.08/07:05:00 solver.py:159 ] Epoch: [119/200][100/282] lr: 2.42e-04 | MSE loss: 7.9450e-03 | time: 0.048
I 06.08/07:05:02 solver.py:159 ] Epoch: [119/200][120/282] lr: 2.42e-04 | MSE loss: 7.8714e-03 | time: 0.054
I 06.08/07:05:04 solver.py:159 ] Epoch: [119/200][140/282] lr: 2.42e-04 | MSE loss: 7.6757e-03 | time: 0.063
I 06.08/07:05:05 solver.py:159 ] Epoch: [119/200][160/282] lr: 2.41e-04 | MSE loss: 7.4444e-03 | time: 0.063
I 06.08/07:05:06 solver.py:159 ] Epoch: [119/200][180/282] lr: 2.41e-04 | MSE loss: 7.5177e-03 | time: 0.062
I 06.08/07:05:07 solver.py:159 ] Epoch: [119/200][200/282] lr: 2.41e-04 | MSE loss: 7.7136e-03 | time: 0.061
I 06.08/07:05:08 solver.py:159 ] Epoch: [119/200][220/282] lr: 2.41e-04 | MSE loss: 8.0074e-03 | time: 0.061
I 06.08/07:05:09 solver.py:159 ] Epoch: [119/200][240/282] lr: 2.40e-04 | MSE loss: 7.9121e-03 | time: 0.059
I 06.08/07:05:10 solver.py:159 ] Epoch: [119/200][260/282] lr: 2.40e-04 | MSE loss: 7.9742e-03 | time: 0.057
I 06.08/07:05:11 solver.py:159 ] Epoch: [119/200][280/282] lr: 2.40e-04 | MSE loss: 8.1428e-03 | time: 0.057
I 06.08/07:05:11 solver.py:169 ] => Train  Loss: 8.2112e-03

I 06.08/07:05:12 solver.py:405 ] [20/32] loss: 9.3561e-03 | NMSE: -1.6781e+01 | time: 0.040
I 06.08/07:05:12 solver.py:413 ] => Test NMSE: -1.7831e+01

I 06.08/07:05:12 solver.py:345 ] => LoRA monitor [epoch=119] | trainable=1310720/1310720 | non_lora_trainable=0 | lora_l2=1.891461e+01 | lora_A_l2=1.169531e+01 | lora_B_l2=1.486546e+01 | component_l2=fc_decoder:1.622589e+01,fc_encoder:9.720226e+00 | lora_abs_max=1.158304e-01 | delta_l2=1.799562e+01 | delta_rel=2.756945e+00 | train_loss=8.211152e-03 | test_loss=8.238009e-03 | nmse=-1.783148e+01
I 06.08/07:05:12 solver.py:224 ] 
=! Best NMSE: -1.7832e+01 (epoch=118)

I 06.08/07:05:13 solver.py:159 ] Epoch: [120/200][20/282] lr: 2.40e-04 | MSE loss: 5.8353e-03 | time: 0.049
I 06.08/07:05:14 solver.py:159 ] Epoch: [120/200][40/282] lr: 2.39e-04 | MSE loss: 6.7540e-03 | time: 0.048
I 06.08/07:05:15 solver.py:159 ] Epoch: [120/200][60/282] lr: 2.39e-04 | MSE loss: 7.9480e-03 | time: 0.049
I 06.08/07:05:16 solver.py:159 ] Epoch: [120/200][80/282] lr: 2.39e-04 | MSE loss: 8.0553e-03 | time: 0.048
I 06.08/07:05:17 solver.py:159 ] Epoch: [120/200][100/282] lr: 2.38e-04 | MSE loss: 8.1466e-03 | time: 0.049
I 06.08/07:05:18 solver.py:159 ] Epoch: [120/200][120/282] lr: 2.38e-04 | MSE loss: 8.0689e-03 | time: 0.048
I 06.08/07:05:19 solver.py:159 ] Epoch: [120/200][140/282] lr: 2.38e-04 | MSE loss: 8.0533e-03 | time: 0.048
I 06.08/07:05:20 solver.py:159 ] Epoch: [120/200][160/282] lr: 2.38e-04 | MSE loss: 8.1526e-03 | time: 0.048
I 06.08/07:05:21 solver.py:159 ] Epoch: [120/200][180/282] lr: 2.37e-04 | MSE loss: 8.2858e-03 | time: 0.048
I 06.08/07:05:22 solver.py:159 ] Epoch: [120/200][200/282] lr: 2.37e-04 | MSE loss: 8.1456e-03 | time: 0.048
I 06.08/07:05:23 solver.py:159 ] Epoch: [120/200][220/282] lr: 2.37e-04 | MSE loss: 8.0842e-03 | time: 0.048
I 06.08/07:05:24 solver.py:159 ] Epoch: [120/200][240/282] lr: 2.37e-04 | MSE loss: 8.1397e-03 | time: 0.047
I 06.08/07:05:24 solver.py:159 ] Epoch: [120/200][260/282] lr: 2.36e-04 | MSE loss: 8.0913e-03 | time: 0.047
I 06.08/07:05:25 solver.py:159 ] Epoch: [120/200][280/282] lr: 2.36e-04 | MSE loss: 8.1460e-03 | time: 0.047
I 06.08/07:05:25 solver.py:169 ] => Train  Loss: 8.2225e-03

I 06.08/07:05:26 solver.py:159 ] Epoch: [120/200][20/32] lr: 2.36e-04 | MSE loss: 9.3560e-03 | time: 0.041
I 06.08/07:05:27 solver.py:169 ] => Val  Loss: 8.0531e-03

I 06.08/07:05:27 solver.py:405 ] [20/32] loss: 9.3560e-03 | NMSE: -1.6782e+01 | time: 0.036
I 06.08/07:05:28 solver.py:413 ] => Test NMSE: -1.7832e+01

I 06.08/07:05:28 solver.py:345 ] => LoRA monitor [epoch=120] | trainable=1310720/1310720 | non_lora_trainable=0 | lora_l2=1.893363e+01 | lora_A_l2=1.170144e+01 | lora_B_l2=1.488485e+01 | component_l2=fc_decoder:1.625295e+01,fc_encoder:9.712060e+00 | lora_abs_max=1.166655e-01 | delta_l2=1.801572e+01 | delta_rel=2.760025e+00 | train_loss=8.222532e-03 | val_loss=8.053125e-03 | test_loss=8.237749e-03 | nmse=-1.783162e+01
I 06.08/07:05:28 solver.py:224 ] 
=! Best NMSE: -1.7832e+01 (epoch=118)

I 06.08/07:05:29 solver.py:159 ] Epoch: [121/200][20/282] lr: 2.36e-04 | MSE loss: 7.3861e-03 | time: 0.048
I 06.08/07:05:30 solver.py:159 ] Epoch: [121/200][40/282] lr: 2.35e-04 | MSE loss: 7.8380e-03 | time: 0.048
I 06.08/07:05:31 solver.py:159 ] Epoch: [121/200][60/282] lr: 2.35e-04 | MSE loss: 7.3714e-03 | time: 0.047
I 06.08/07:05:32 solver.py:159 ] Epoch: [121/200][80/282] lr: 2.35e-04 | MSE loss: 7.3750e-03 | time: 0.047
I 06.08/07:05:32 solver.py:159 ] Epoch: [121/200][100/282] lr: 2.35e-04 | MSE loss: 6.8310e-03 | time: 0.046
I 06.08/07:05:34 solver.py:159 ] Epoch: [121/200][120/282] lr: 2.34e-04 | MSE loss: 6.9012e-03 | time: 0.047
I 06.08/07:05:34 solver.py:159 ] Epoch: [121/200][140/282] lr: 2.34e-04 | MSE loss: 7.4312e-03 | time: 0.047
I 06.08/07:05:35 solver.py:159 ] Epoch: [121/200][160/282] lr: 2.34e-04 | MSE loss: 7.7415e-03 | time: 0.047
I 06.08/07:05:36 solver.py:159 ] Epoch: [121/200][180/282] lr: 2.33e-04 | MSE loss: 7.9224e-03 | time: 0.046
I 06.08/07:05:37 solver.py:159 ] Epoch: [121/200][200/282] lr: 2.33e-04 | MSE loss: 8.1045e-03 | time: 0.046
I 06.08/07:05:38 solver.py:159 ] Epoch: [121/200][220/282] lr: 2.33e-04 | MSE loss: 8.2480e-03 | time: 0.046
I 06.08/07:05:39 solver.py:159 ] Epoch: [121/200][240/282] lr: 2.33e-04 | MSE loss: 8.1239e-03 | time: 0.046
I 06.08/07:05:40 solver.py:159 ] Epoch: [121/200][260/282] lr: 2.32e-04 | MSE loss: 8.0350e-03 | time: 0.046
I 06.08/07:05:41 solver.py:159 ] Epoch: [121/200][280/282] lr: 2.32e-04 | MSE loss: 8.1851e-03 | time: 0.046
I 06.08/07:05:41 solver.py:169 ] => Train  Loss: 8.1347e-03

I 06.08/07:05:42 solver.py:405 ] [20/32] loss: 9.3552e-03 | NMSE: -1.6782e+01 | time: 0.042
I 06.08/07:05:42 solver.py:413 ] => Test NMSE: -1.7832e+01

I 06.08/07:05:42 solver.py:345 ] => LoRA monitor [epoch=121] | trainable=1310720/1310720 | non_lora_trainable=0 | lora_l2=1.896167e+01 | lora_A_l2=1.171229e+01 | lora_B_l2=1.491197e+01 | component_l2=fc_decoder:1.628310e+01,fc_encoder:9.716241e+00 | lora_abs_max=1.169275e-01 | delta_l2=1.804434e+01 | delta_rel=2.764409e+00 | train_loss=8.134659e-03 | test_loss=8.237223e-03 | nmse=-1.783189e+01
I 06.08/07:05:43 solver.py:224 ] 
=! Best NMSE: -1.7832e+01 (epoch=121)

I 06.08/07:05:44 solver.py:159 ] Epoch: [122/200][20/282] lr: 2.32e-04 | MSE loss: 7.3287e-03 | time: 0.050
I 06.08/07:05:45 solver.py:159 ] Epoch: [122/200][40/282] lr: 2.32e-04 | MSE loss: 7.1165e-03 | time: 0.050
I 06.08/07:05:46 solver.py:159 ] Epoch: [122/200][60/282] lr: 2.31e-04 | MSE loss: 6.8762e-03 | time: 0.052
I 06.08/07:05:47 solver.py:159 ] Epoch: [122/200][80/282] lr: 2.31e-04 | MSE loss: 7.3530e-03 | time: 0.051
I 06.08/07:05:48 solver.py:159 ] Epoch: [122/200][100/282] lr: 2.31e-04 | MSE loss: 7.4594e-03 | time: 0.050
I 06.08/07:05:48 solver.py:159 ] Epoch: [122/200][120/282] lr: 2.30e-04 | MSE loss: 7.6062e-03 | time: 0.049
I 06.08/07:05:49 solver.py:159 ] Epoch: [122/200][140/282] lr: 2.30e-04 | MSE loss: 7.5862e-03 | time: 0.049
I 06.08/07:05:50 solver.py:159 ] Epoch: [122/200][160/282] lr: 2.30e-04 | MSE loss: 7.6769e-03 | time: 0.049
I 06.08/07:05:51 solver.py:159 ] Epoch: [122/200][180/282] lr: 2.30e-04 | MSE loss: 7.7656e-03 | time: 0.049
I 06.08/07:05:52 solver.py:159 ] Epoch: [122/200][200/282] lr: 2.29e-04 | MSE loss: 7.7621e-03 | time: 0.049
I 06.08/07:05:53 solver.py:159 ] Epoch: [122/200][220/282] lr: 2.29e-04 | MSE loss: 7.8022e-03 | time: 0.049
I 06.08/07:05:54 solver.py:159 ] Epoch: [122/200][240/282] lr: 2.29e-04 | MSE loss: 8.0010e-03 | time: 0.048
I 06.08/07:05:55 solver.py:159 ] Epoch: [122/200][260/282] lr: 2.29e-04 | MSE loss: 8.0935e-03 | time: 0.048
I 06.08/07:05:56 solver.py:159 ] Epoch: [122/200][280/282] lr: 2.28e-04 | MSE loss: 8.1501e-03 | time: 0.048
I 06.08/07:05:56 solver.py:169 ] => Train  Loss: 8.1404e-03

I 06.08/07:05:57 solver.py:405 ] [20/32] loss: 9.3558e-03 | NMSE: -1.6782e+01 | time: 0.046
I 06.08/07:05:57 solver.py:413 ] => Test NMSE: -1.7832e+01

I 06.08/07:05:57 solver.py:345 ] => LoRA monitor [epoch=122] | trainable=1310720/1310720 | non_lora_trainable=0 | lora_l2=1.900077e+01 | lora_A_l2=1.173376e+01 | lora_B_l2=1.494483e+01 | component_l2=fc_decoder:1.632036e+01,fc_encoder:9.730116e+00 | lora_abs_max=1.186038e-01 | delta_l2=1.808571e+01 | delta_rel=2.770748e+00 | train_loss=8.140409e-03 | test_loss=8.237569e-03 | nmse=-1.783171e+01
I 06.08/07:05:57 solver.py:224 ] 
=! Best NMSE: -1.7832e+01 (epoch=121)

I 06.08/07:05:58 solver.py:159 ] Epoch: [123/200][20/282] lr: 2.28e-04 | MSE loss: 7.3703e-03 | time: 0.049
I 06.08/07:06:00 solver.py:159 ] Epoch: [123/200][40/282] lr: 2.28e-04 | MSE loss: 8.1041e-03 | time: 0.055
I 06.08/07:06:02 solver.py:159 ] Epoch: [123/200][60/282] lr: 2.27e-04 | MSE loss: 7.9792e-03 | time: 0.071
I 06.08/07:06:04 solver.py:159 ] Epoch: [123/200][80/282] lr: 2.27e-04 | MSE loss: 7.8325e-03 | time: 0.088
I 06.08/07:06:06 solver.py:159 ] Epoch: [123/200][100/282] lr: 2.27e-04 | MSE loss: 8.1066e-03 | time: 0.082
I 06.08/07:06:07 solver.py:159 ] Epoch: [123/200][120/282] lr: 2.27e-04 | MSE loss: 8.0229e-03 | time: 0.076
I 06.08/07:06:08 solver.py:159 ] Epoch: [123/200][140/282] lr: 2.26e-04 | MSE loss: 8.2180e-03 | time: 0.073
I 06.08/07:06:09 solver.py:159 ] Epoch: [123/200][160/282] lr: 2.26e-04 | MSE loss: 8.2085e-03 | time: 0.071
I 06.08/07:06:10 solver.py:159 ] Epoch: [123/200][180/282] lr: 2.26e-04 | MSE loss: 8.1050e-03 | time: 0.069
I 06.08/07:06:11 solver.py:159 ] Epoch: [123/200][200/282] lr: 2.25e-04 | MSE loss: 8.1298e-03 | time: 0.068
I 06.08/07:06:12 solver.py:159 ] Epoch: [123/200][220/282] lr: 2.25e-04 | MSE loss: 8.1002e-03 | time: 0.066
I 06.08/07:06:13 solver.py:159 ] Epoch: [123/200][240/282] lr: 2.25e-04 | MSE loss: 8.0673e-03 | time: 0.066
I 06.08/07:06:14 solver.py:159 ] Epoch: [123/200][260/282] lr: 2.25e-04 | MSE loss: 7.9297e-03 | time: 0.065
I 06.08/07:06:15 solver.py:159 ] Epoch: [123/200][280/282] lr: 2.24e-04 | MSE loss: 8.1438e-03 | time: 0.064
I 06.08/07:06:15 solver.py:169 ] => Train  Loss: 8.1659e-03

I 06.08/07:06:16 solver.py:405 ] [20/32] loss: 9.3557e-03 | NMSE: -1.6782e+01 | time: 0.046
I 06.08/07:06:17 solver.py:413 ] => Test NMSE: -1.7832e+01

I 06.08/07:06:17 solver.py:345 ] => LoRA monitor [epoch=123] | trainable=1310720/1310720 | non_lora_trainable=0 | lora_l2=1.902278e+01 | lora_A_l2=1.174088e+01 | lora_B_l2=1.496723e+01 | component_l2=fc_decoder:1.634864e+01,fc_encoder:9.725629e+00 | lora_abs_max=1.179847e-01 | delta_l2=1.810847e+01 | delta_rel=2.774235e+00 | train_loss=8.165880e-03 | test_loss=8.237553e-03 | nmse=-1.783172e+01
I 06.08/07:06:17 solver.py:224 ] 
=! Best NMSE: -1.7832e+01 (epoch=121)

I 06.08/07:06:18 solver.py:159 ] Epoch: [124/200][20/282] lr: 2.24e-04 | MSE loss: 7.8794e-03 | time: 0.047
I 06.08/07:06:19 solver.py:159 ] Epoch: [124/200][40/282] lr: 2.24e-04 | MSE loss: 7.9676e-03 | time: 0.048
I 06.08/07:06:20 solver.py:159 ] Epoch: [124/200][60/282] lr: 2.24e-04 | MSE loss: 8.1674e-03 | time: 0.047
I 06.08/07:06:21 solver.py:159 ] Epoch: [124/200][80/282] lr: 2.23e-04 | MSE loss: 8.3528e-03 | time: 0.047
I 06.08/07:06:22 solver.py:159 ] Epoch: [124/200][100/282] lr: 2.23e-04 | MSE loss: 8.8274e-03 | time: 0.046
I 06.08/07:06:23 solver.py:159 ] Epoch: [124/200][120/282] lr: 2.23e-04 | MSE loss: 8.4552e-03 | time: 0.047
I 06.08/07:06:23 solver.py:159 ] Epoch: [124/200][140/282] lr: 2.22e-04 | MSE loss: 8.2559e-03 | time: 0.047
I 06.08/07:06:24 solver.py:159 ] Epoch: [124/200][160/282] lr: 2.22e-04 | MSE loss: 8.1306e-03 | time: 0.047
I 06.08/07:06:25 solver.py:159 ] Epoch: [124/200][180/282] lr: 2.22e-04 | MSE loss: 8.0837e-03 | time: 0.047
I 06.08/07:06:26 solver.py:159 ] Epoch: [124/200][200/282] lr: 2.22e-04 | MSE loss: 8.1852e-03 | time: 0.047
I 06.08/07:06:27 solver.py:159 ] Epoch: [124/200][220/282] lr: 2.21e-04 | MSE loss: 8.1199e-03 | time: 0.046
I 06.08/07:06:28 solver.py:159 ] Epoch: [124/200][240/282] lr: 2.21e-04 | MSE loss: 8.1559e-03 | time: 0.046
I 06.08/07:06:29 solver.py:159 ] Epoch: [124/200][260/282] lr: 2.21e-04 | MSE loss: 8.1333e-03 | time: 0.046
I 06.08/07:06:30 solver.py:159 ] Epoch: [124/200][280/282] lr: 2.21e-04 | MSE loss: 8.1375e-03 | time: 0.046
I 06.08/07:06:30 solver.py:169 ] => Train  Loss: 8.1952e-03

I 06.08/07:06:31 solver.py:405 ] [20/32] loss: 9.3550e-03 | NMSE: -1.6782e+01 | time: 0.040
I 06.08/07:06:31 solver.py:413 ] => Test NMSE: -1.7832e+01

I 06.08/07:06:31 solver.py:345 ] => LoRA monitor [epoch=124] | trainable=1310720/1310720 | non_lora_trainable=0 | lora_l2=1.905468e+01 | lora_A_l2=1.175560e+01 | lora_B_l2=1.499622e+01 | component_l2=fc_decoder:1.638098e+01,fc_encoder:9.733672e+00 | lora_abs_max=1.193126e-01 | delta_l2=1.814216e+01 | delta_rel=2.779396e+00 | train_loss=8.195192e-03 | test_loss=8.236961e-03 | nmse=-1.783203e+01
I 06.08/07:06:31 solver.py:224 ] 
=! Best NMSE: -1.7832e+01 (epoch=124)

I 06.08/07:06:32 solver.py:159 ] Epoch: [125/200][20/282] lr: 2.20e-04 | MSE loss: 7.0032e-03 | time: 0.046
I 06.08/07:06:33 solver.py:159 ] Epoch: [125/200][40/282] lr: 2.20e-04 | MSE loss: 7.5110e-03 | time: 0.048
I 06.08/07:06:34 solver.py:159 ] Epoch: [125/200][60/282] lr: 2.20e-04 | MSE loss: 8.2359e-03 | time: 0.051
I 06.08/07:06:35 solver.py:159 ] Epoch: [125/200][80/282] lr: 2.19e-04 | MSE loss: 7.9763e-03 | time: 0.050
I 06.08/07:06:36 solver.py:159 ] Epoch: [125/200][100/282] lr: 2.19e-04 | MSE loss: 8.0345e-03 | time: 0.049
I 06.08/07:06:37 solver.py:159 ] Epoch: [125/200][120/282] lr: 2.19e-04 | MSE loss: 8.0245e-03 | time: 0.048
I 06.08/07:06:38 solver.py:159 ] Epoch: [125/200][140/282] lr: 2.19e-04 | MSE loss: 8.0927e-03 | time: 0.048
I 06.08/07:06:39 solver.py:159 ] Epoch: [125/200][160/282] lr: 2.18e-04 | MSE loss: 8.1478e-03 | time: 0.048
I 06.08/07:06:40 solver.py:159 ] Epoch: [125/200][180/282] lr: 2.18e-04 | MSE loss: 7.9717e-03 | time: 0.048
I 06.08/07:06:41 solver.py:159 ] Epoch: [125/200][200/282] lr: 2.18e-04 | MSE loss: 7.9621e-03 | time: 0.047
I 06.08/07:06:41 solver.py:159 ] Epoch: [125/200][220/282] lr: 2.18e-04 | MSE loss: 7.8669e-03 | time: 0.046
I 06.08/07:06:42 solver.py:159 ] Epoch: [125/200][240/282] lr: 2.17e-04 | MSE loss: 7.8824e-03 | time: 0.046
I 06.08/07:06:43 solver.py:159 ] Epoch: [125/200][260/282] lr: 2.17e-04 | MSE loss: 8.1873e-03 | time: 0.046
I 06.08/07:06:44 solver.py:159 ] Epoch: [125/200][280/282] lr: 2.17e-04 | MSE loss: 8.1656e-03 | time: 0.046
I 06.08/07:06:44 solver.py:169 ] => Train  Loss: 8.1364e-03

I 06.08/07:06:45 solver.py:405 ] [20/32] loss: 9.3551e-03 | NMSE: -1.6782e+01 | time: 0.046
I 06.08/07:06:46 solver.py:413 ] => Test NMSE: -1.7832e+01

I 06.08/07:06:46 solver.py:345 ] => LoRA monitor [epoch=125] | trainable=1310720/1310720 | non_lora_trainable=0 | lora_l2=1.909419e+01 | lora_A_l2=1.178448e+01 | lora_B_l2=1.502379e+01 | component_l2=fc_decoder:1.641389e+01,fc_encoder:9.755629e+00 | lora_abs_max=1.177596e-01 | delta_l2=1.818332e+01 | delta_rel=2.785701e+00 | train_loss=8.136368e-03 | test_loss=8.236804e-03 | nmse=-1.783211e+01
I 06.08/07:06:46 solver.py:224 ] 
=! Best NMSE: -1.7832e+01 (epoch=125)

I 06.08/07:06:47 solver.py:159 ] Epoch: [126/200][20/282] lr: 2.16e-04 | MSE loss: 7.1455e-03 | time: 0.048
I 06.08/07:06:48 solver.py:159 ] Epoch: [126/200][40/282] lr: 2.16e-04 | MSE loss: 8.2900e-03 | time: 0.045
I 06.08/07:06:49 solver.py:159 ] Epoch: [126/200][60/282] lr: 2.16e-04 | MSE loss: 9.0026e-03 | time: 0.044
I 06.08/07:06:50 solver.py:159 ] Epoch: [126/200][80/282] lr: 2.16e-04 | MSE loss: 8.9681e-03 | time: 0.043
I 06.08/07:06:50 solver.py:159 ] Epoch: [126/200][100/282] lr: 2.15e-04 | MSE loss: 8.6311e-03 | time: 0.043
I 06.08/07:06:51 solver.py:159 ] Epoch: [126/200][120/282] lr: 2.15e-04 | MSE loss: 8.4491e-03 | time: 0.044
I 06.08/07:06:53 solver.py:159 ] Epoch: [126/200][140/282] lr: 2.15e-04 | MSE loss: 8.3448e-03 | time: 0.046
I 06.08/07:06:53 solver.py:159 ] Epoch: [126/200][160/282] lr: 2.15e-04 | MSE loss: 8.3708e-03 | time: 0.046
I 06.08/07:06:54 solver.py:159 ] Epoch: [126/200][180/282] lr: 2.14e-04 | MSE loss: 8.2989e-03 | time: 0.046
I 06.08/07:06:55 solver.py:159 ] Epoch: [126/200][200/282] lr: 2.14e-04 | MSE loss: 8.2690e-03 | time: 0.046
I 06.08/07:06:56 solver.py:159 ] Epoch: [126/200][220/282] lr: 2.14e-04 | MSE loss: 8.0430e-03 | time: 0.046
I 06.08/07:06:57 solver.py:159 ] Epoch: [126/200][240/282] lr: 2.14e-04 | MSE loss: 8.0504e-03 | time: 0.046
I 06.08/07:06:58 solver.py:159 ] Epoch: [126/200][260/282] lr: 2.13e-04 | MSE loss: 8.1796e-03 | time: 0.046
I 06.08/07:06:59 solver.py:159 ] Epoch: [126/200][280/282] lr: 2.13e-04 | MSE loss: 8.1854e-03 | time: 0.046
I 06.08/07:06:59 solver.py:169 ] => Train  Loss: 8.1346e-03

I 06.08/07:07:00 solver.py:405 ] [20/32] loss: 9.3554e-03 | NMSE: -1.6782e+01 | time: 0.050
I 06.08/07:07:01 solver.py:413 ] => Test NMSE: -1.7832e+01

I 06.08/07:07:01 solver.py:345 ] => LoRA monitor [epoch=126] | trainable=1310720/1310720 | non_lora_trainable=0 | lora_l2=1.913171e+01 | lora_A_l2=1.180878e+01 | lora_B_l2=1.505240e+01 | component_l2=fc_decoder:1.644579e+01,fc_encoder:9.775390e+00 | lora_abs_max=1.193643e-01 | delta_l2=1.822328e+01 | delta_rel=2.791824e+00 | train_loss=8.134560e-03 | test_loss=8.237092e-03 | nmse=-1.783196e+01
I 06.08/07:07:01 solver.py:224 ] 
=! Best NMSE: -1.7832e+01 (epoch=125)

I 06.08/07:07:03 solver.py:159 ] Epoch: [127/200][20/282] lr: 2.13e-04 | MSE loss: 8.7287e-03 | time: 0.121
I 06.08/07:07:05 solver.py:159 ] Epoch: [127/200][40/282] lr: 2.12e-04 | MSE loss: 7.0020e-03 | time: 0.097
I 06.08/07:07:06 solver.py:159 ] Epoch: [127/200][60/282] lr: 2.12e-04 | MSE loss: 7.3550e-03 | time: 0.079
I 06.08/07:07:07 solver.py:159 ] Epoch: [127/200][80/282] lr: 2.12e-04 | MSE loss: 7.3405e-03 | time: 0.070
I 06.08/07:07:07 solver.py:159 ] Epoch: [127/200][100/282] lr: 2.12e-04 | MSE loss: 7.9209e-03 | time: 0.065
I 06.08/07:07:08 solver.py:159 ] Epoch: [127/200][120/282] lr: 2.11e-04 | MSE loss: 8.2443e-03 | time: 0.062
I 06.08/07:07:09 solver.py:159 ] Epoch: [127/200][140/282] lr: 2.11e-04 | MSE loss: 8.0787e-03 | time: 0.060
I 06.08/07:07:10 solver.py:159 ] Epoch: [127/200][160/282] lr: 2.11e-04 | MSE loss: 7.9428e-03 | time: 0.058
I 06.08/07:07:11 solver.py:159 ] Epoch: [127/200][180/282] lr: 2.11e-04 | MSE loss: 8.0495e-03 | time: 0.057
I 06.08/07:07:12 solver.py:159 ] Epoch: [127/200][200/282] lr: 2.10e-04 | MSE loss: 8.0444e-03 | time: 0.056
I 06.08/07:07:13 solver.py:159 ] Epoch: [127/200][220/282] lr: 2.10e-04 | MSE loss: 8.1336e-03 | time: 0.055
I 06.08/07:07:14 solver.py:159 ] Epoch: [127/200][240/282] lr: 2.10e-04 | MSE loss: 7.9968e-03 | time: 0.054
I 06.08/07:07:15 solver.py:159 ] Epoch: [127/200][260/282] lr: 2.10e-04 | MSE loss: 7.9995e-03 | time: 0.054
I 06.08/07:07:16 solver.py:159 ] Epoch: [127/200][280/282] lr: 2.09e-04 | MSE loss: 8.1055e-03 | time: 0.054
I 06.08/07:07:16 solver.py:169 ] => Train  Loss: 8.1341e-03

I 06.08/07:07:17 solver.py:405 ] [20/32] loss: 9.3547e-03 | NMSE: -1.6782e+01 | time: 0.047
I 06.08/07:07:18 solver.py:413 ] => Test NMSE: -1.7832e+01

I 06.08/07:07:18 solver.py:345 ] => LoRA monitor [epoch=127] | trainable=1310720/1310720 | non_lora_trainable=0 | lora_l2=1.916751e+01 | lora_A_l2=1.183633e+01 | lora_B_l2=1.507630e+01 | component_l2=fc_decoder:1.647413e+01,fc_encoder:9.797783e+00 | lora_abs_max=1.204878e-01 | delta_l2=1.826041e+01 | delta_rel=2.797512e+00 | train_loss=8.134129e-03 | test_loss=8.236567e-03 | nmse=-1.783224e+01
I 06.08/07:07:18 solver.py:224 ] 
=! Best NMSE: -1.7832e+01 (epoch=127)

I 06.08/07:07:19 solver.py:159 ] Epoch: [128/200][20/282] lr: 2.09e-04 | MSE loss: 7.0055e-03 | time: 0.046
I 06.08/07:07:20 solver.py:159 ] Epoch: [128/200][40/282] lr: 2.09e-04 | MSE loss: 8.0272e-03 | time: 0.046
I 06.08/07:07:21 solver.py:159 ] Epoch: [128/200][60/282] lr: 2.08e-04 | MSE loss: 7.3395e-03 | time: 0.047
I 06.08/07:07:22 solver.py:159 ] Epoch: [128/200][80/282] lr: 2.08e-04 | MSE loss: 7.6193e-03 | time: 0.046
I 06.08/07:07:22 solver.py:159 ] Epoch: [128/200][100/282] lr: 2.08e-04 | MSE loss: 7.7278e-03 | time: 0.046
I 06.08/07:07:23 solver.py:159 ] Epoch: [128/200][120/282] lr: 2.08e-04 | MSE loss: 7.9082e-03 | time: 0.045
I 06.08/07:07:24 solver.py:159 ] Epoch: [128/200][140/282] lr: 2.07e-04 | MSE loss: 7.7827e-03 | time: 0.045
I 06.08/07:07:25 solver.py:159 ] Epoch: [128/200][160/282] lr: 2.07e-04 | MSE loss: 7.7075e-03 | time: 0.045
I 06.08/07:07:26 solver.py:159 ] Epoch: [128/200][180/282] lr: 2.07e-04 | MSE loss: 8.0225e-03 | time: 0.045
I 06.08/07:07:27 solver.py:159 ] Epoch: [128/200][200/282] lr: 2.07e-04 | MSE loss: 7.8330e-03 | time: 0.045
I 06.08/07:07:28 solver.py:159 ] Epoch: [128/200][220/282] lr: 2.06e-04 | MSE loss: 7.8521e-03 | time: 0.045
I 06.08/07:07:29 solver.py:159 ] Epoch: [128/200][240/282] lr: 2.06e-04 | MSE loss: 7.9104e-03 | time: 0.045
I 06.08/07:07:30 solver.py:159 ] Epoch: [128/200][260/282] lr: 2.06e-04 | MSE loss: 7.8801e-03 | time: 0.045
I 06.08/07:07:31 solver.py:159 ] Epoch: [128/200][280/282] lr: 2.05e-04 | MSE loss: 8.1847e-03 | time: 0.045
I 06.08/07:07:31 solver.py:169 ] => Train  Loss: 8.1362e-03

I 06.08/07:07:32 solver.py:405 ] [20/32] loss: 9.3552e-03 | NMSE: -1.6782e+01 | time: 0.046
I 06.08/07:07:32 solver.py:413 ] => Test NMSE: -1.7832e+01

I 06.08/07:07:32 solver.py:345 ] => LoRA monitor [epoch=128] | trainable=1310720/1310720 | non_lora_trainable=0 | lora_l2=1.921831e+01 | lora_A_l2=1.186867e+01 | lora_B_l2=1.511549e+01 | component_l2=fc_decoder:1.651697e+01,fc_encoder:9.825132e+00 | lora_abs_max=1.219258e-01 | delta_l2=1.831362e+01 | delta_rel=2.805664e+00 | train_loss=8.136223e-03 | test_loss=8.237041e-03 | nmse=-1.783199e+01
I 06.08/07:07:32 solver.py:224 ] 
=! Best NMSE: -1.7832e+01 (epoch=127)

I 06.08/07:07:33 solver.py:159 ] Epoch: [129/200][20/282] lr: 2.05e-04 | MSE loss: 6.7389e-03 | time: 0.049
I 06.08/07:07:34 solver.py:159 ] Epoch: [129/200][40/282] lr: 2.05e-04 | MSE loss: 9.2807e-03 | time: 0.047
I 06.08/07:07:35 solver.py:159 ] Epoch: [129/200][60/282] lr: 2.05e-04 | MSE loss: 8.8754e-03 | time: 0.045
I 06.08/07:07:36 solver.py:159 ] Epoch: [129/200][80/282] lr: 2.04e-04 | MSE loss: 8.2710e-03 | time: 0.044
I 06.08/07:07:37 solver.py:159 ] Epoch: [129/200][100/282] lr: 2.04e-04 | MSE loss: 8.2329e-03 | time: 0.045
I 06.08/07:07:37 solver.py:159 ] Epoch: [129/200][120/282] lr: 2.04e-04 | MSE loss: 8.3891e-03 | time: 0.045
I 06.08/07:07:38 solver.py:159 ] Epoch: [129/200][140/282] lr: 2.04e-04 | MSE loss: 8.7304e-03 | time: 0.045
I 06.08/07:07:39 solver.py:159 ] Epoch: [129/200][160/282] lr: 2.03e-04 | MSE loss: 8.7519e-03 | time: 0.045
I 06.08/07:07:40 solver.py:159 ] Epoch: [129/200][180/282] lr: 2.03e-04 | MSE loss: 8.5149e-03 | time: 0.046
I 06.08/07:07:41 solver.py:159 ] Epoch: [129/200][200/282] lr: 2.03e-04 | MSE loss: 8.3606e-03 | time: 0.046
I 06.08/07:07:42 solver.py:159 ] Epoch: [129/200][220/282] lr: 2.03e-04 | MSE loss: 8.4294e-03 | time: 0.045
I 06.08/07:07:43 solver.py:159 ] Epoch: [129/200][240/282] lr: 2.02e-04 | MSE loss: 8.3847e-03 | time: 0.045
I 06.08/07:07:44 solver.py:159 ] Epoch: [129/200][260/282] lr: 2.02e-04 | MSE loss: 8.2622e-03 | time: 0.045
I 06.08/07:07:45 solver.py:159 ] Epoch: [129/200][280/282] lr: 2.02e-04 | MSE loss: 8.1722e-03 | time: 0.046
I 06.08/07:07:45 solver.py:169 ] => Train  Loss: 8.1391e-03

I 06.08/07:07:46 solver.py:405 ] [20/32] loss: 9.3549e-03 | NMSE: -1.6782e+01 | time: 0.042
I 06.08/07:07:46 solver.py:413 ] => Test NMSE: -1.7832e+01

I 06.08/07:07:46 solver.py:345 ] => LoRA monitor [epoch=129] | trainable=1310720/1310720 | non_lora_trainable=0 | lora_l2=1.926569e+01 | lora_A_l2=1.190126e+01 | lora_B_l2=1.515015e+01 | component_l2=fc_decoder:1.655399e+01,fc_encoder:9.855574e+00 | lora_abs_max=1.199812e-01 | delta_l2=1.836340e+01 | delta_rel=2.813290e+00 | train_loss=8.139125e-03 | test_loss=8.236752e-03 | nmse=-1.783214e+01
I 06.08/07:07:46 solver.py:224 ] 
=! Best NMSE: -1.7832e+01 (epoch=127)

I 06.08/07:07:47 solver.py:159 ] Epoch: [130/200][20/282] lr: 2.01e-04 | MSE loss: 9.5521e-03 | time: 0.050
I 06.08/07:07:48 solver.py:159 ] Epoch: [130/200][40/282] lr: 2.01e-04 | MSE loss: 1.0133e-02 | time: 0.051
I 06.08/07:07:49 solver.py:159 ] Epoch: [130/200][60/282] lr: 2.01e-04 | MSE loss: 1.0086e-02 | time: 0.051
I 06.08/07:07:50 solver.py:159 ] Epoch: [130/200][80/282] lr: 2.01e-04 | MSE loss: 9.3921e-03 | time: 0.049
I 06.08/07:07:51 solver.py:159 ] Epoch: [130/200][100/282] lr: 2.00e-04 | MSE loss: 9.0594e-03 | time: 0.048
I 06.08/07:07:52 solver.py:159 ] Epoch: [130/200][120/282] lr: 2.00e-04 | MSE loss: 8.7599e-03 | time: 0.048
I 06.08/07:07:53 solver.py:159 ] Epoch: [130/200][140/282] lr: 2.00e-04 | MSE loss: 8.5192e-03 | time: 0.047
I 06.08/07:07:54 solver.py:159 ] Epoch: [130/200][160/282] lr: 2.00e-04 | MSE loss: 8.4293e-03 | time: 0.047
I 06.08/07:07:55 solver.py:159 ] Epoch: [130/200][180/282] lr: 1.99e-04 | MSE loss: 8.0237e-03 | time: 0.046
I 06.08/07:07:56 solver.py:159 ] Epoch: [130/200][200/282] lr: 1.99e-04 | MSE loss: 7.9295e-03 | time: 0.046
I 06.08/07:07:56 solver.py:159 ] Epoch: [130/200][220/282] lr: 1.99e-04 | MSE loss: 7.7994e-03 | time: 0.045
I 06.08/07:07:57 solver.py:159 ] Epoch: [130/200][240/282] lr: 1.99e-04 | MSE loss: 7.7961e-03 | time: 0.046
I 06.08/07:07:58 solver.py:159 ] Epoch: [130/200][260/282] lr: 1.98e-04 | MSE loss: 7.8577e-03 | time: 0.046
I 06.08/07:07:59 solver.py:159 ] Epoch: [130/200][280/282] lr: 1.98e-04 | MSE loss: 8.0908e-03 | time: 0.046
I 06.08/07:07:59 solver.py:169 ] => Train  Loss: 8.2063e-03

I 06.08/07:08:01 solver.py:159 ] Epoch: [130/200][20/32] lr: 1.98e-04 | MSE loss: 9.3553e-03 | time: 0.071
I 06.08/07:08:02 solver.py:169 ] => Val  Loss: 8.0526e-03

I 06.08/07:08:05 solver.py:405 ] [20/32] loss: 9.3553e-03 | NMSE: -1.6782e+01 | time: 0.124
I 06.08/07:08:05 solver.py:413 ] => Test NMSE: -1.7832e+01

I 06.08/07:08:05 solver.py:345 ] => LoRA monitor [epoch=130] | trainable=1310720/1310720 | non_lora_trainable=0 | lora_l2=1.930845e+01 | lora_A_l2=1.193136e+01 | lora_B_l2=1.518087e+01 | component_l2=fc_decoder:1.658766e+01,fc_encoder:9.882601e+00 | lora_abs_max=1.226647e-01 | delta_l2=1.840836e+01 | delta_rel=2.820178e+00 | train_loss=8.206322e-03 | val_loss=8.052566e-03 | test_loss=8.237178e-03 | nmse=-1.783192e+01
I 06.08/07:08:05 solver.py:224 ] 
=! Best NMSE: -1.7832e+01 (epoch=127)

I 06.08/07:08:06 solver.py:159 ] Epoch: [131/200][20/282] lr: 1.98e-04 | MSE loss: 5.6912e-03 | time: 0.055
I 06.08/07:08:07 solver.py:159 ] Epoch: [131/200][40/282] lr: 1.98e-04 | MSE loss: 6.4685e-03 | time: 0.050
I 06.08/07:08:08 solver.py:159 ] Epoch: [131/200][60/282] lr: 1.97e-04 | MSE loss: 7.3443e-03 | time: 0.048
I 06.08/07:08:09 solver.py:159 ] Epoch: [131/200][80/282] lr: 1.97e-04 | MSE loss: 7.0574e-03 | time: 0.048
I 06.08/07:08:10 solver.py:159 ] Epoch: [131/200][100/282] lr: 1.97e-04 | MSE loss: 7.6114e-03 | time: 0.047
I 06.08/07:08:11 solver.py:159 ] Epoch: [131/200][120/282] lr: 1.96e-04 | MSE loss: 7.8002e-03 | time: 0.048
I 06.08/07:08:12 solver.py:159 ] Epoch: [131/200][140/282] lr: 1.96e-04 | MSE loss: 8.0893e-03 | time: 0.047
I 06.08/07:08:13 solver.py:159 ] Epoch: [131/200][160/282] lr: 1.96e-04 | MSE loss: 8.1506e-03 | time: 0.047
I 06.08/07:08:14 solver.py:159 ] Epoch: [131/200][180/282] lr: 1.96e-04 | MSE loss: 8.2062e-03 | time: 0.047
I 06.08/07:08:15 solver.py:159 ] Epoch: [131/200][200/282] lr: 1.95e-04 | MSE loss: 8.2873e-03 | time: 0.047
I 06.08/07:08:15 solver.py:159 ] Epoch: [131/200][220/282] lr: 1.95e-04 | MSE loss: 7.9999e-03 | time: 0.046
I 06.08/07:08:16 solver.py:159 ] Epoch: [131/200][240/282] lr: 1.95e-04 | MSE loss: 8.0669e-03 | time: 0.046
I 06.08/07:08:17 solver.py:159 ] Epoch: [131/200][260/282] lr: 1.95e-04 | MSE loss: 8.0861e-03 | time: 0.046
I 06.08/07:08:18 solver.py:159 ] Epoch: [131/200][280/282] lr: 1.94e-04 | MSE loss: 8.1234e-03 | time: 0.046
I 06.08/07:08:18 solver.py:169 ] => Train  Loss: 8.2460e-03

I 06.08/07:08:19 solver.py:405 ] [20/32] loss: 9.3549e-03 | NMSE: -1.6782e+01 | time: 0.041
I 06.08/07:08:19 solver.py:413 ] => Test NMSE: -1.7832e+01

I 06.08/07:08:19 solver.py:345 ] => LoRA monitor [epoch=131] | trainable=1310720/1310720 | non_lora_trainable=0 | lora_l2=1.935148e+01 | lora_A_l2=1.195993e+01 | lora_B_l2=1.521315e+01 | component_l2=fc_decoder:1.662191e+01,fc_encoder:9.909195e+00 | lora_abs_max=1.214546e-01 | delta_l2=1.845416e+01 | delta_rel=2.827194e+00 | train_loss=8.245985e-03 | test_loss=8.236719e-03 | nmse=-1.783216e+01
I 06.08/07:08:19 solver.py:224 ] 
=! Best NMSE: -1.7832e+01 (epoch=127)

I 06.08/07:08:20 solver.py:159 ] Epoch: [132/200][20/282] lr: 1.94e-04 | MSE loss: 7.4857e-03 | time: 0.043
I 06.08/07:08:21 solver.py:159 ] Epoch: [132/200][40/282] lr: 1.94e-04 | MSE loss: 8.5733e-03 | time: 0.042
I 06.08/07:08:22 solver.py:159 ] Epoch: [132/200][60/282] lr: 1.94e-04 | MSE loss: 8.5792e-03 | time: 0.043
I 06.08/07:08:23 solver.py:159 ] Epoch: [132/200][80/282] lr: 1.93e-04 | MSE loss: 7.7212e-03 | time: 0.044
I 06.08/07:08:24 solver.py:159 ] Epoch: [132/200][100/282] lr: 1.93e-04 | MSE loss: 7.3416e-03 | time: 0.045
I 06.08/07:08:25 solver.py:159 ] Epoch: [132/200][120/282] lr: 1.93e-04 | MSE loss: 7.6686e-03 | time: 0.046
I 06.08/07:08:26 solver.py:159 ] Epoch: [132/200][140/282] lr: 1.93e-04 | MSE loss: 7.6067e-03 | time: 0.046
I 06.08/07:08:27 solver.py:159 ] Epoch: [132/200][160/282] lr: 1.92e-04 | MSE loss: 7.7971e-03 | time: 0.047
I 06.08/07:08:28 solver.py:159 ] Epoch: [132/200][180/282] lr: 1.92e-04 | MSE loss: 7.8305e-03 | time: 0.047
I 06.08/07:08:29 solver.py:159 ] Epoch: [132/200][200/282] lr: 1.92e-04 | MSE loss: 7.9685e-03 | time: 0.046
I 06.08/07:08:30 solver.py:159 ] Epoch: [132/200][220/282] lr: 1.92e-04 | MSE loss: 7.9224e-03 | time: 0.046
I 06.08/07:08:31 solver.py:159 ] Epoch: [132/200][240/282] lr: 1.91e-04 | MSE loss: 8.0670e-03 | time: 0.047
I 06.08/07:08:32 solver.py:159 ] Epoch: [132/200][260/282] lr: 1.91e-04 | MSE loss: 8.0367e-03 | time: 0.047
I 06.08/07:08:33 solver.py:159 ] Epoch: [132/200][280/282] lr: 1.91e-04 | MSE loss: 8.1589e-03 | time: 0.047
I 06.08/07:08:33 solver.py:169 ] => Train  Loss: 8.1336e-03

I 06.08/07:08:34 solver.py:405 ] [20/32] loss: 9.3549e-03 | NMSE: -1.6782e+01 | time: 0.042
I 06.08/07:08:34 solver.py:413 ] => Test NMSE: -1.7832e+01

I 06.08/07:08:34 solver.py:345 ] => LoRA monitor [epoch=132] | trainable=1310720/1310720 | non_lora_trainable=0 | lora_l2=1.939919e+01 | lora_A_l2=1.199000e+01 | lora_B_l2=1.525020e+01 | component_l2=fc_decoder:1.666131e+01,fc_encoder:9.936272e+00 | lora_abs_max=1.235372e-01 | delta_l2=1.850332e+01 | delta_rel=2.834726e+00 | train_loss=8.133621e-03 | test_loss=8.236875e-03 | nmse=-1.783208e+01
I 06.08/07:08:34 solver.py:224 ] 
=! Best NMSE: -1.7832e+01 (epoch=127)

I 06.08/07:08:35 solver.py:159 ] Epoch: [133/200][20/282] lr: 1.90e-04 | MSE loss: 8.2696e-03 | time: 0.048
I 06.08/07:08:36 solver.py:159 ] Epoch: [133/200][40/282] lr: 1.90e-04 | MSE loss: 9.2714e-03 | time: 0.048
I 06.08/07:08:37 solver.py:159 ] Epoch: [133/200][60/282] lr: 1.90e-04 | MSE loss: 8.9172e-03 | time: 0.049
I 06.08/07:08:38 solver.py:159 ] Epoch: [133/200][80/282] lr: 1.90e-04 | MSE loss: 8.8976e-03 | time: 0.049
I 06.08/07:08:39 solver.py:159 ] Epoch: [133/200][100/282] lr: 1.89e-04 | MSE loss: 8.6735e-03 | time: 0.050
I 06.08/07:08:40 solver.py:159 ] Epoch: [133/200][120/282] lr: 1.89e-04 | MSE loss: 8.4458e-03 | time: 0.050
I 06.08/07:08:41 solver.py:159 ] Epoch: [133/200][140/282] lr: 1.89e-04 | MSE loss: 8.0173e-03 | time: 0.049
I 06.08/07:08:42 solver.py:159 ] Epoch: [133/200][160/282] lr: 1.89e-04 | MSE loss: 7.8129e-03 | time: 0.049
I 06.08/07:08:43 solver.py:159 ] Epoch: [133/200][180/282] lr: 1.88e-04 | MSE loss: 8.1533e-03 | time: 0.048
I 06.08/07:08:44 solver.py:159 ] Epoch: [133/200][200/282] lr: 1.88e-04 | MSE loss: 8.3231e-03 | time: 0.049
I 06.08/07:08:45 solver.py:159 ] Epoch: [133/200][220/282] lr: 1.88e-04 | MSE loss: 8.3084e-03 | time: 0.048
I 06.08/07:08:46 solver.py:159 ] Epoch: [133/200][240/282] lr: 1.88e-04 | MSE loss: 8.1128e-03 | time: 0.048
I 06.08/07:08:46 solver.py:159 ] Epoch: [133/200][260/282] lr: 1.87e-04 | MSE loss: 8.1756e-03 | time: 0.048
I 06.08/07:08:47 solver.py:159 ] Epoch: [133/200][280/282] lr: 1.87e-04 | MSE loss: 8.1271e-03 | time: 0.048
I 06.08/07:08:47 solver.py:169 ] => Train  Loss: 8.1432e-03

I 06.08/07:08:48 solver.py:405 ] [20/32] loss: 9.3545e-03 | NMSE: -1.6782e+01 | time: 0.047
I 06.08/07:08:49 solver.py:413 ] => Test NMSE: -1.7832e+01

I 06.08/07:08:49 solver.py:345 ] => LoRA monitor [epoch=133] | trainable=1310720/1310720 | non_lora_trainable=0 | lora_l2=1.943936e+01 | lora_A_l2=1.201898e+01 | lora_B_l2=1.527850e+01 | component_l2=fc_decoder:1.669134e+01,fc_encoder:9.964324e+00 | lora_abs_max=1.226948e-01 | delta_l2=1.854599e+01 | delta_rel=2.841262e+00 | train_loss=8.143249e-03 | test_loss=8.236511e-03 | nmse=-1.783227e+01
I 06.08/07:08:49 solver.py:224 ] 
=! Best NMSE: -1.7832e+01 (epoch=133)

I 06.08/07:08:50 solver.py:159 ] Epoch: [134/200][20/282] lr: 1.87e-04 | MSE loss: 7.9671e-03 | time: 0.053
I 06.08/07:08:51 solver.py:159 ] Epoch: [134/200][40/282] lr: 1.87e-04 | MSE loss: 7.3530e-03 | time: 0.050
I 06.08/07:08:52 solver.py:159 ] Epoch: [134/200][60/282] lr: 1.86e-04 | MSE loss: 7.1287e-03 | time: 0.047
I 06.08/07:08:53 solver.py:159 ] Epoch: [134/200][80/282] lr: 1.86e-04 | MSE loss: 7.8526e-03 | time: 0.046
I 06.08/07:08:54 solver.py:159 ] Epoch: [134/200][100/282] lr: 1.86e-04 | MSE loss: 7.9420e-03 | time: 0.047
I 06.08/07:08:55 solver.py:159 ] Epoch: [134/200][120/282] lr: 1.86e-04 | MSE loss: 8.3093e-03 | time: 0.047
I 06.08/07:08:56 solver.py:159 ] Epoch: [134/200][140/282] lr: 1.85e-04 | MSE loss: 8.2995e-03 | time: 0.047
I 06.08/07:08:57 solver.py:159 ] Epoch: [134/200][160/282] lr: 1.85e-04 | MSE loss: 8.3173e-03 | time: 0.046
I 06.08/07:08:58 solver.py:159 ] Epoch: [134/200][180/282] lr: 1.85e-04 | MSE loss: 8.2310e-03 | time: 0.046
I 06.08/07:08:59 solver.py:159 ] Epoch: [134/200][200/282] lr: 1.85e-04 | MSE loss: 8.2691e-03 | time: 0.046
I 06.08/07:09:00 solver.py:159 ] Epoch: [134/200][220/282] lr: 1.84e-04 | MSE loss: 8.1592e-03 | time: 0.049
I 06.08/07:09:02 solver.py:159 ] Epoch: [134/200][240/282] lr: 1.84e-04 | MSE loss: 8.2282e-03 | time: 0.054
I 06.08/07:09:05 solver.py:159 ] Epoch: [134/200][260/282] lr: 1.84e-04 | MSE loss: 8.1686e-03 | time: 0.059
I 06.08/07:09:06 solver.py:159 ] Epoch: [134/200][280/282] lr: 1.84e-04 | MSE loss: 8.1755e-03 | time: 0.058
I 06.08/07:09:06 solver.py:169 ] => Train  Loss: 8.1388e-03

I 06.08/07:09:07 solver.py:405 ] [20/32] loss: 9.3546e-03 | NMSE: -1.6782e+01 | time: 0.053
I 06.08/07:09:07 solver.py:413 ] => Test NMSE: -1.7832e+01

I 06.08/07:09:07 solver.py:345 ] => LoRA monitor [epoch=134] | trainable=1310720/1310720 | non_lora_trainable=0 | lora_l2=1.949658e+01 | lora_A_l2=1.205670e+01 | lora_B_l2=1.532163e+01 | component_l2=fc_decoder:1.673677e+01,fc_encoder:9.999848e+00 | lora_abs_max=1.234444e-01 | delta_l2=1.860572e+01 | delta_rel=2.850414e+00 | train_loss=8.138814e-03 | test_loss=8.236428e-03 | nmse=-1.783231e+01
I 06.08/07:09:08 solver.py:224 ] 
=! Best NMSE: -1.7832e+01 (epoch=134)

I 06.08/07:09:09 solver.py:159 ] Epoch: [135/200][20/282] lr: 1.83e-04 | MSE loss: 8.5953e-03 | time: 0.049
I 06.08/07:09:09 solver.py:159 ] Epoch: [135/200][40/282] lr: 1.83e-04 | MSE loss: 9.2555e-03 | time: 0.046
I 06.08/07:09:10 solver.py:159 ] Epoch: [135/200][60/282] lr: 1.83e-04 | MSE loss: 8.6639e-03 | time: 0.044
I 06.08/07:09:11 solver.py:159 ] Epoch: [135/200][80/282] lr: 1.82e-04 | MSE loss: 8.4685e-03 | time: 0.045
I 06.08/07:09:12 solver.py:159 ] Epoch: [135/200][100/282] lr: 1.82e-04 | MSE loss: 8.4007e-03 | time: 0.045
I 06.08/07:09:13 solver.py:159 ] Epoch: [135/200][120/282] lr: 1.82e-04 | MSE loss: 8.3295e-03 | time: 0.046
I 06.08/07:09:14 solver.py:159 ] Epoch: [135/200][140/282] lr: 1.82e-04 | MSE loss: 8.4073e-03 | time: 0.046
I 06.08/07:09:15 solver.py:159 ] Epoch: [135/200][160/282] lr: 1.81e-04 | MSE loss: 8.3244e-03 | time: 0.046
I 06.08/07:09:16 solver.py:159 ] Epoch: [135/200][180/282] lr: 1.81e-04 | MSE loss: 8.3474e-03 | time: 0.046
I 06.08/07:09:17 solver.py:159 ] Epoch: [135/200][200/282] lr: 1.81e-04 | MSE loss: 8.1377e-03 | time: 0.045
I 06.08/07:09:18 solver.py:159 ] Epoch: [135/200][220/282] lr: 1.81e-04 | MSE loss: 7.9180e-03 | time: 0.045
I 06.08/07:09:19 solver.py:159 ] Epoch: [135/200][240/282] lr: 1.80e-04 | MSE loss: 7.9249e-03 | time: 0.046
I 06.08/07:09:19 solver.py:159 ] Epoch: [135/200][260/282] lr: 1.80e-04 | MSE loss: 8.1380e-03 | time: 0.046
I 06.08/07:09:20 solver.py:159 ] Epoch: [135/200][280/282] lr: 1.80e-04 | MSE loss: 8.1410e-03 | time: 0.046
I 06.08/07:09:20 solver.py:169 ] => Train  Loss: 8.1320e-03

I 06.08/07:09:21 solver.py:405 ] [20/32] loss: 9.3548e-03 | NMSE: -1.6782e+01 | time: 0.040
I 06.08/07:09:22 solver.py:413 ] => Test NMSE: -1.7832e+01

I 06.08/07:09:22 solver.py:345 ] => LoRA monitor [epoch=135] | trainable=1310720/1310720 | non_lora_trainable=0 | lora_l2=1.953915e+01 | lora_A_l2=1.208681e+01 | lora_B_l2=1.535211e+01 | component_l2=fc_decoder:1.676800e+01,fc_encoder:1.003059e+01 | lora_abs_max=1.235169e-01 | delta_l2=1.865031e+01 | delta_rel=2.857245e+00 | train_loss=8.131996e-03 | test_loss=8.236585e-03 | nmse=-1.783223e+01
I 06.08/07:09:22 solver.py:224 ] 
=! Best NMSE: -1.7832e+01 (epoch=134)

I 06.08/07:09:23 solver.py:159 ] Epoch: [136/200][20/282] lr: 1.80e-04 | MSE loss: 8.8182e-03 | time: 0.050
I 06.08/07:09:24 solver.py:159 ] Epoch: [136/200][40/282] lr: 1.79e-04 | MSE loss: 7.6414e-03 | time: 0.051
I 06.08/07:09:25 solver.py:159 ] Epoch: [136/200][60/282] lr: 1.79e-04 | MSE loss: 8.2906e-03 | time: 0.050
I 06.08/07:09:26 solver.py:159 ] Epoch: [136/200][80/282] lr: 1.79e-04 | MSE loss: 8.3508e-03 | time: 0.050
I 06.08/07:09:27 solver.py:159 ] Epoch: [136/200][100/282] lr: 1.79e-04 | MSE loss: 7.8717e-03 | time: 0.049
I 06.08/07:09:28 solver.py:159 ] Epoch: [136/200][120/282] lr: 1.78e-04 | MSE loss: 7.9412e-03 | time: 0.049
I 06.08/07:09:29 solver.py:159 ] Epoch: [136/200][140/282] lr: 1.78e-04 | MSE loss: 8.0101e-03 | time: 0.049
I 06.08/07:09:29 solver.py:159 ] Epoch: [136/200][160/282] lr: 1.78e-04 | MSE loss: 8.0993e-03 | time: 0.048
I 06.08/07:09:30 solver.py:159 ] Epoch: [136/200][180/282] lr: 1.78e-04 | MSE loss: 8.1898e-03 | time: 0.046
I 06.08/07:09:31 solver.py:159 ] Epoch: [136/200][200/282] lr: 1.77e-04 | MSE loss: 7.9936e-03 | time: 0.046
I 06.08/07:09:32 solver.py:159 ] Epoch: [136/200][220/282] lr: 1.77e-04 | MSE loss: 8.2723e-03 | time: 0.045
I 06.08/07:09:33 solver.py:159 ] Epoch: [136/200][240/282] lr: 1.77e-04 | MSE loss: 8.1738e-03 | time: 0.045
I 06.08/07:09:34 solver.py:159 ] Epoch: [136/200][260/282] lr: 1.77e-04 | MSE loss: 8.1338e-03 | time: 0.045
I 06.08/07:09:34 solver.py:159 ] Epoch: [136/200][280/282] lr: 1.76e-04 | MSE loss: 8.1557e-03 | time: 0.045
I 06.08/07:09:34 solver.py:169 ] => Train  Loss: 8.2019e-03

I 06.08/07:09:35 solver.py:405 ] [20/32] loss: 9.3541e-03 | NMSE: -1.6782e+01 | time: 0.042
I 06.08/07:09:36 solver.py:413 ] => Test NMSE: -1.7832e+01

I 06.08/07:09:36 solver.py:345 ] => LoRA monitor [epoch=136] | trainable=1310720/1310720 | non_lora_trainable=0 | lora_l2=1.958029e+01 | lora_A_l2=1.211448e+01 | lora_B_l2=1.538269e+01 | component_l2=fc_decoder:1.680068e+01,fc_encoder:1.005610e+01 | lora_abs_max=1.237338e-01 | delta_l2=1.869348e+01 | delta_rel=2.863858e+00 | train_loss=8.201931e-03 | test_loss=8.236076e-03 | nmse=-1.783250e+01
I 06.08/07:09:36 solver.py:224 ] 
=! Best NMSE: -1.7832e+01 (epoch=136)

I 06.08/07:09:37 solver.py:159 ] Epoch: [137/200][20/282] lr: 1.76e-04 | MSE loss: 9.0155e-03 | time: 0.047
I 06.08/07:09:38 solver.py:159 ] Epoch: [137/200][40/282] lr: 1.76e-04 | MSE loss: 8.8316e-03 | time: 0.046
I 06.08/07:09:39 solver.py:159 ] Epoch: [137/200][60/282] lr: 1.76e-04 | MSE loss: 8.5524e-03 | time: 0.048
I 06.08/07:09:40 solver.py:159 ] Epoch: [137/200][80/282] lr: 1.75e-04 | MSE loss: 8.5612e-03 | time: 0.046
I 06.08/07:09:41 solver.py:159 ] Epoch: [137/200][100/282] lr: 1.75e-04 | MSE loss: 8.5219e-03 | time: 0.046
I 06.08/07:09:42 solver.py:159 ] Epoch: [137/200][120/282] lr: 1.75e-04 | MSE loss: 8.5417e-03 | time: 0.046
I 06.08/07:09:42 solver.py:159 ] Epoch: [137/200][140/282] lr: 1.75e-04 | MSE loss: 8.4185e-03 | time: 0.045
I 06.08/07:09:43 solver.py:159 ] Epoch: [137/200][160/282] lr: 1.74e-04 | MSE loss: 8.3861e-03 | time: 0.044
I 06.08/07:09:44 solver.py:159 ] Epoch: [137/200][180/282] lr: 1.74e-04 | MSE loss: 8.4036e-03 | time: 0.044
I 06.08/07:09:45 solver.py:159 ] Epoch: [137/200][200/282] lr: 1.74e-04 | MSE loss: 8.3545e-03 | time: 0.045
I 06.08/07:09:46 solver.py:159 ] Epoch: [137/200][220/282] lr: 1.74e-04 | MSE loss: 8.2867e-03 | time: 0.045
I 06.08/07:09:47 solver.py:159 ] Epoch: [137/200][240/282] lr: 1.73e-04 | MSE loss: 8.0951e-03 | time: 0.045
I 06.08/07:09:48 solver.py:159 ] Epoch: [137/200][260/282] lr: 1.73e-04 | MSE loss: 8.0987e-03 | time: 0.045
I 06.08/07:09:49 solver.py:159 ] Epoch: [137/200][280/282] lr: 1.73e-04 | MSE loss: 8.1478e-03 | time: 0.045
I 06.08/07:09:49 solver.py:169 ] => Train  Loss: 8.1335e-03

I 06.08/07:09:50 solver.py:405 ] [20/32] loss: 9.3548e-03 | NMSE: -1.6782e+01 | time: 0.042
I 06.08/07:09:50 solver.py:413 ] => Test NMSE: -1.7832e+01

I 06.08/07:09:50 solver.py:345 ] => LoRA monitor [epoch=137] | trainable=1310720/1310720 | non_lora_trainable=0 | lora_l2=1.962837e+01 | lora_A_l2=1.215041e+01 | lora_B_l2=1.541560e+01 | component_l2=fc_decoder:1.683426e+01,fc_encoder:1.009359e+01 | lora_abs_max=1.255990e-01 | delta_l2=1.874376e+01 | delta_rel=2.871560e+00 | train_loss=8.133494e-03 | test_loss=8.236621e-03 | nmse=-1.783221e+01
I 06.08/07:09:50 solver.py:224 ] 
=! Best NMSE: -1.7832e+01 (epoch=136)

I 06.08/07:09:51 solver.py:159 ] Epoch: [138/200][20/282] lr: 1.73e-04 | MSE loss: 5.9298e-03 | time: 0.051
I 06.08/07:09:52 solver.py:159 ] Epoch: [138/200][40/282] lr: 1.72e-04 | MSE loss: 7.1815e-03 | time: 0.050
I 06.08/07:09:53 solver.py:159 ] Epoch: [138/200][60/282] lr: 1.72e-04 | MSE loss: 8.3651e-03 | time: 0.049
I 06.08/07:09:54 solver.py:159 ] Epoch: [138/200][80/282] lr: 1.72e-04 | MSE loss: 8.1435e-03 | time: 0.049
I 06.08/07:09:55 solver.py:159 ] Epoch: [138/200][100/282] lr: 1.72e-04 | MSE loss: 8.2717e-03 | time: 0.048
I 06.08/07:09:56 solver.py:159 ] Epoch: [138/200][120/282] lr: 1.71e-04 | MSE loss: 8.3190e-03 | time: 0.048
I 06.08/07:09:57 solver.py:159 ] Epoch: [138/200][140/282] lr: 1.71e-04 | MSE loss: 8.4904e-03 | time: 0.048
I 06.08/07:09:58 solver.py:159 ] Epoch: [138/200][160/282] lr: 1.71e-04 | MSE loss: 8.4612e-03 | time: 0.047
I 06.08/07:09:59 solver.py:159 ] Epoch: [138/200][180/282] lr: 1.71e-04 | MSE loss: 8.4503e-03 | time: 0.047
I 06.08/07:10:00 solver.py:159 ] Epoch: [138/200][200/282] lr: 1.70e-04 | MSE loss: 8.2678e-03 | time: 0.047
I 06.08/07:10:01 solver.py:159 ] Epoch: [138/200][220/282] lr: 1.70e-04 | MSE loss: 8.1534e-03 | time: 0.050
I 06.08/07:10:03 solver.py:159 ] Epoch: [138/200][240/282] lr: 1.70e-04 | MSE loss: 8.0152e-03 | time: 0.055
I 06.08/07:10:05 solver.py:159 ] Epoch: [138/200][260/282] lr: 1.70e-04 | MSE loss: 8.0377e-03 | time: 0.056
I 06.08/07:10:06 solver.py:159 ] Epoch: [138/200][280/282] lr: 1.69e-04 | MSE loss: 8.1348e-03 | time: 0.056
I 06.08/07:10:06 solver.py:169 ] => Train  Loss: 8.1647e-03

I 06.08/07:10:07 solver.py:405 ] [20/32] loss: 9.3539e-03 | NMSE: -1.6782e+01 | time: 0.029
I 06.08/07:10:07 solver.py:413 ] => Test NMSE: -1.7833e+01

I 06.08/07:10:07 solver.py:345 ] => LoRA monitor [epoch=138] | trainable=1310720/1310720 | non_lora_trainable=0 | lora_l2=1.967705e+01 | lora_A_l2=1.218397e+01 | lora_B_l2=1.545112e+01 | component_l2=fc_decoder:1.687029e+01,fc_encoder:1.012816e+01 | lora_abs_max=1.262938e-01 | delta_l2=1.879492e+01 | delta_rel=2.879399e+00 | train_loss=8.164711e-03 | test_loss=8.235938e-03 | nmse=-1.783257e+01
I 06.08/07:10:07 solver.py:224 ] 
=! Best NMSE: -1.7833e+01 (epoch=138)

I 06.08/07:10:08 solver.py:159 ] Epoch: [139/200][20/282] lr: 1.69e-04 | MSE loss: 8.6958e-03 | time: 0.046
I 06.08/07:10:09 solver.py:159 ] Epoch: [139/200][40/282] lr: 1.69e-04 | MSE loss: 6.8522e-03 | time: 0.043
I 06.08/07:10:10 solver.py:159 ] Epoch: [139/200][60/282] lr: 1.69e-04 | MSE loss: 7.5433e-03 | time: 0.045
I 06.08/07:10:11 solver.py:159 ] Epoch: [139/200][80/282] lr: 1.68e-04 | MSE loss: 7.7734e-03 | time: 0.045
I 06.08/07:10:12 solver.py:159 ] Epoch: [139/200][100/282] lr: 1.68e-04 | MSE loss: 8.2126e-03 | time: 0.044
I 06.08/07:10:12 solver.py:159 ] Epoch: [139/200][120/282] lr: 1.68e-04 | MSE loss: 8.0403e-03 | time: 0.044
I 06.08/07:10:13 solver.py:159 ] Epoch: [139/200][140/282] lr: 1.68e-04 | MSE loss: 8.4604e-03 | time: 0.045
I 06.08/07:10:14 solver.py:159 ] Epoch: [139/200][160/282] lr: 1.67e-04 | MSE loss: 8.4283e-03 | time: 0.045
I 06.08/07:10:15 solver.py:159 ] Epoch: [139/200][180/282] lr: 1.67e-04 | MSE loss: 8.2171e-03 | time: 0.045
I 06.08/07:10:16 solver.py:159 ] Epoch: [139/200][200/282] lr: 1.67e-04 | MSE loss: 8.2114e-03 | time: 0.045
I 06.08/07:10:17 solver.py:159 ] Epoch: [139/200][220/282] lr: 1.67e-04 | MSE loss: 8.1946e-03 | time: 0.045
I 06.08/07:10:18 solver.py:159 ] Epoch: [139/200][240/282] lr: 1.66e-04 | MSE loss: 8.0077e-03 | time: 0.045
I 06.08/07:10:19 solver.py:159 ] Epoch: [139/200][260/282] lr: 1.66e-04 | MSE loss: 8.2363e-03 | time: 0.045
I 06.08/07:10:20 solver.py:159 ] Epoch: [139/200][280/282] lr: 1.66e-04 | MSE loss: 8.1408e-03 | time: 0.045
I 06.08/07:10:20 solver.py:169 ] => Train  Loss: 8.1323e-03

I 06.08/07:10:21 solver.py:405 ] [20/32] loss: 9.3541e-03 | NMSE: -1.6782e+01 | time: 0.040
I 06.08/07:10:21 solver.py:413 ] => Test NMSE: -1.7833e+01

I 06.08/07:10:21 solver.py:345 ] => LoRA monitor [epoch=139] | trainable=1310720/1310720 | non_lora_trainable=0 | lora_l2=1.972293e+01 | lora_A_l2=1.221841e+01 | lora_B_l2=1.548238e+01 | component_l2=fc_decoder:1.690353e+01,fc_encoder:1.016191e+01 | lora_abs_max=1.266843e-01 | delta_l2=1.884310e+01 | delta_rel=2.886780e+00 | train_loss=8.132250e-03 | test_loss=8.235968e-03 | nmse=-1.783255e+01
I 06.08/07:10:21 solver.py:224 ] 
=! Best NMSE: -1.7833e+01 (epoch=138)

I 06.08/07:10:22 solver.py:159 ] Epoch: [140/200][20/282] lr: 1.66e-04 | MSE loss: 7.8597e-03 | time: 0.049
I 06.08/07:10:23 solver.py:159 ] Epoch: [140/200][40/282] lr: 1.65e-04 | MSE loss: 7.9151e-03 | time: 0.049
I 06.08/07:10:24 solver.py:159 ] Epoch: [140/200][60/282] lr: 1.65e-04 | MSE loss: 8.0452e-03 | time: 0.049
I 06.08/07:10:25 solver.py:159 ] Epoch: [140/200][80/282] lr: 1.65e-04 | MSE loss: 8.1513e-03 | time: 0.049
I 06.08/07:10:26 solver.py:159 ] Epoch: [140/200][100/282] lr: 1.65e-04 | MSE loss: 7.9958e-03 | time: 0.049
I 06.08/07:10:27 solver.py:159 ] Epoch: [140/200][120/282] lr: 1.64e-04 | MSE loss: 8.0773e-03 | time: 0.049
I 06.08/07:10:28 solver.py:159 ] Epoch: [140/200][140/282] lr: 1.64e-04 | MSE loss: 7.9869e-03 | time: 0.049
I 06.08/07:10:29 solver.py:159 ] Epoch: [140/200][160/282] lr: 1.64e-04 | MSE loss: 8.0386e-03 | time: 0.049
I 06.08/07:10:30 solver.py:159 ] Epoch: [140/200][180/282] lr: 1.64e-04 | MSE loss: 7.8608e-03 | time: 0.048
I 06.08/07:10:31 solver.py:159 ] Epoch: [140/200][200/282] lr: 1.63e-04 | MSE loss: 7.9111e-03 | time: 0.047
I 06.08/07:10:32 solver.py:159 ] Epoch: [140/200][220/282] lr: 1.63e-04 | MSE loss: 7.9395e-03 | time: 0.047
I 06.08/07:10:33 solver.py:159 ] Epoch: [140/200][240/282] lr: 1.63e-04 | MSE loss: 8.0017e-03 | time: 0.047
I 06.08/07:10:33 solver.py:159 ] Epoch: [140/200][260/282] lr: 1.63e-04 | MSE loss: 7.9976e-03 | time: 0.047
I 06.08/07:10:34 solver.py:159 ] Epoch: [140/200][280/282] lr: 1.63e-04 | MSE loss: 8.1169e-03 | time: 0.047
I 06.08/07:10:34 solver.py:169 ] => Train  Loss: 8.1601e-03

I 06.08/07:10:35 solver.py:159 ] Epoch: [140/200][20/32] lr: 1.62e-04 | MSE loss: 9.3541e-03 | time: 0.043
I 06.08/07:10:36 solver.py:169 ] => Val  Loss: 8.0514e-03

I 06.08/07:10:37 solver.py:405 ] [20/32] loss: 9.3541e-03 | NMSE: -1.6782e+01 | time: 0.043
I 06.08/07:10:37 solver.py:413 ] => Test NMSE: -1.7833e+01

I 06.08/07:10:37 solver.py:345 ] => LoRA monitor [epoch=140] | trainable=1310720/1310720 | non_lora_trainable=0 | lora_l2=1.977709e+01 | lora_A_l2=1.225330e+01 | lora_B_l2=1.552384e+01 | component_l2=fc_decoder:1.694515e+01,fc_encoder:1.019780e+01 | lora_abs_max=1.273158e-01 | delta_l2=1.889945e+01 | delta_rel=2.895413e+00 | train_loss=8.160085e-03 | val_loss=8.051442e-03 | test_loss=8.236043e-03 | nmse=-1.783252e+01
I 06.08/07:10:37 solver.py:224 ] 
=! Best NMSE: -1.7833e+01 (epoch=138)

I 06.08/07:10:38 solver.py:159 ] Epoch: [141/200][20/282] lr: 1.62e-04 | MSE loss: 9.6066e-03 | time: 0.051
I 06.08/07:10:39 solver.py:159 ] Epoch: [141/200][40/282] lr: 1.62e-04 | MSE loss: 7.7094e-03 | time: 0.048
I 06.08/07:10:40 solver.py:159 ] Epoch: [141/200][60/282] lr: 1.62e-04 | MSE loss: 8.2931e-03 | time: 0.046
I 06.08/07:10:41 solver.py:159 ] Epoch: [141/200][80/282] lr: 1.62e-04 | MSE loss: 8.5322e-03 | time: 0.045
I 06.08/07:10:41 solver.py:159 ] Epoch: [141/200][100/282] lr: 1.61e-04 | MSE loss: 8.2188e-03 | time: 0.043
I 06.08/07:10:42 solver.py:159 ] Epoch: [141/200][120/282] lr: 1.61e-04 | MSE loss: 7.7090e-03 | time: 0.042
I 06.08/07:10:43 solver.py:159 ] Epoch: [141/200][140/282] lr: 1.61e-04 | MSE loss: 7.5542e-03 | time: 0.042
I 06.08/07:10:44 solver.py:159 ] Epoch: [141/200][160/282] lr: 1.61e-04 | MSE loss: 7.8214e-03 | time: 0.041
I 06.08/07:10:45 solver.py:159 ] Epoch: [141/200][180/282] lr: 1.60e-04 | MSE loss: 7.7524e-03 | time: 0.041
I 06.08/07:10:45 solver.py:159 ] Epoch: [141/200][200/282] lr: 1.60e-04 | MSE loss: 7.8126e-03 | time: 0.042
I 06.08/07:10:47 solver.py:159 ] Epoch: [141/200][220/282] lr: 1.60e-04 | MSE loss: 7.7018e-03 | time: 0.043
I 06.08/07:10:47 solver.py:159 ] Epoch: [141/200][240/282] lr: 1.60e-04 | MSE loss: 7.8071e-03 | time: 0.043
I 06.08/07:10:48 solver.py:159 ] Epoch: [141/200][260/282] lr: 1.59e-04 | MSE loss: 7.8584e-03 | time: 0.044
I 06.08/07:10:49 solver.py:159 ] Epoch: [141/200][280/282] lr: 1.59e-04 | MSE loss: 8.1348e-03 | time: 0.043
I 06.08/07:10:49 solver.py:169 ] => Train  Loss: 8.1324e-03

I 06.08/07:10:50 solver.py:405 ] [20/32] loss: 9.3537e-03 | NMSE: -1.6782e+01 | time: 0.036
I 06.08/07:10:50 solver.py:413 ] => Test NMSE: -1.7833e+01

I 06.08/07:10:50 solver.py:345 ] => LoRA monitor [epoch=141] | trainable=1310720/1310720 | non_lora_trainable=0 | lora_l2=1.981586e+01 | lora_A_l2=1.228178e+01 | lora_B_l2=1.555077e+01 | component_l2=fc_decoder:1.697288e+01,fc_encoder:1.022692e+01 | lora_abs_max=1.284025e-01 | delta_l2=1.893971e+01 | delta_rel=2.901581e+00 | train_loss=8.132426e-03 | test_loss=8.235752e-03 | nmse=-1.783267e+01
I 06.08/07:10:51 solver.py:224 ] 
=! Best NMSE: -1.7833e+01 (epoch=141)

I 06.08/07:10:52 solver.py:159 ] Epoch: [142/200][20/282] lr: 1.59e-04 | MSE loss: 9.1351e-03 | time: 0.046
I 06.08/07:10:52 solver.py:159 ] Epoch: [142/200][40/282] lr: 1.59e-04 | MSE loss: 7.8342e-03 | time: 0.044
I 06.08/07:10:53 solver.py:159 ] Epoch: [142/200][60/282] lr: 1.58e-04 | MSE loss: 7.8029e-03 | time: 0.045
I 06.08/07:10:54 solver.py:159 ] Epoch: [142/200][80/282] lr: 1.58e-04 | MSE loss: 7.9853e-03 | time: 0.045
I 06.08/07:10:55 solver.py:159 ] Epoch: [142/200][100/282] lr: 1.58e-04 | MSE loss: 8.0069e-03 | time: 0.045
I 06.08/07:10:56 solver.py:159 ] Epoch: [142/200][120/282] lr: 1.58e-04 | MSE loss: 7.9763e-03 | time: 0.044
I 06.08/07:10:57 solver.py:159 ] Epoch: [142/200][140/282] lr: 1.57e-04 | MSE loss: 8.1540e-03 | time: 0.044
I 06.08/07:10:58 solver.py:159 ] Epoch: [142/200][160/282] lr: 1.57e-04 | MSE loss: 8.3999e-03 | time: 0.044
I 06.08/07:10:59 solver.py:159 ] Epoch: [142/200][180/282] lr: 1.57e-04 | MSE loss: 8.3423e-03 | time: 0.044
I 06.08/07:11:00 solver.py:159 ] Epoch: [142/200][200/282] lr: 1.57e-04 | MSE loss: 8.3800e-03 | time: 0.044
I 06.08/07:11:01 solver.py:159 ] Epoch: [142/200][220/282] lr: 1.57e-04 | MSE loss: 8.2028e-03 | time: 0.046
I 06.08/07:11:02 solver.py:159 ] Epoch: [142/200][240/282] lr: 1.56e-04 | MSE loss: 8.0415e-03 | time: 0.048
I 06.08/07:11:04 solver.py:159 ] Epoch: [142/200][260/282] lr: 1.56e-04 | MSE loss: 8.2939e-03 | time: 0.051
I 06.08/07:11:05 solver.py:159 ] Epoch: [142/200][280/282] lr: 1.56e-04 | MSE loss: 8.1793e-03 | time: 0.051
I 06.08/07:11:05 solver.py:169 ] => Train  Loss: 8.1463e-03

I 06.08/07:11:06 solver.py:405 ] [20/32] loss: 9.3540e-03 | NMSE: -1.6782e+01 | time: 0.041
I 06.08/07:11:06 solver.py:413 ] => Test NMSE: -1.7833e+01

I 06.08/07:11:06 solver.py:345 ] => LoRA monitor [epoch=142] | trainable=1310720/1310720 | non_lora_trainable=0 | lora_l2=1.986104e+01 | lora_A_l2=1.231423e+01 | lora_B_l2=1.558271e+01 | component_l2=fc_decoder:1.700576e+01,fc_encoder:1.025988e+01 | lora_abs_max=1.284588e-01 | delta_l2=1.898741e+01 | delta_rel=2.908888e+00 | train_loss=8.146278e-03 | test_loss=8.235932e-03 | nmse=-1.783257e+01
I 06.08/07:11:06 solver.py:224 ] 
=! Best NMSE: -1.7833e+01 (epoch=141)

I 06.08/07:11:07 solver.py:159 ] Epoch: [143/200][20/282] lr: 1.56e-04 | MSE loss: 7.0155e-03 | time: 0.048
I 06.08/07:11:08 solver.py:159 ] Epoch: [143/200][40/282] lr: 1.55e-04 | MSE loss: 7.2232e-03 | time: 0.048
I 06.08/07:11:09 solver.py:159 ] Epoch: [143/200][60/282] lr: 1.55e-04 | MSE loss: 6.8877e-03 | time: 0.047
I 06.08/07:11:10 solver.py:159 ] Epoch: [143/200][80/282] lr: 1.55e-04 | MSE loss: 7.1337e-03 | time: 0.046
I 06.08/07:11:11 solver.py:159 ] Epoch: [143/200][100/282] lr: 1.55e-04 | MSE loss: 7.5951e-03 | time: 0.045
I 06.08/07:11:12 solver.py:159 ] Epoch: [143/200][120/282] lr: 1.54e-04 | MSE loss: 7.5239e-03 | time: 0.045
I 06.08/07:11:13 solver.py:159 ] Epoch: [143/200][140/282] lr: 1.54e-04 | MSE loss: 7.6884e-03 | time: 0.045
I 06.08/07:11:14 solver.py:159 ] Epoch: [143/200][160/282] lr: 1.54e-04 | MSE loss: 7.7659e-03 | time: 0.046
I 06.08/07:11:15 solver.py:159 ] Epoch: [143/200][180/282] lr: 1.54e-04 | MSE loss: 7.7792e-03 | time: 0.046
I 06.08/07:11:16 solver.py:159 ] Epoch: [143/200][200/282] lr: 1.53e-04 | MSE loss: 7.9589e-03 | time: 0.046
I 06.08/07:11:16 solver.py:159 ] Epoch: [143/200][220/282] lr: 1.53e-04 | MSE loss: 8.0572e-03 | time: 0.045
I 06.08/07:11:17 solver.py:159 ] Epoch: [143/200][240/282] lr: 1.53e-04 | MSE loss: 8.1599e-03 | time: 0.045
I 06.08/07:11:18 solver.py:159 ] Epoch: [143/200][260/282] lr: 1.53e-04 | MSE loss: 8.1910e-03 | time: 0.045
I 06.08/07:11:19 solver.py:159 ] Epoch: [143/200][280/282] lr: 1.52e-04 | MSE loss: 8.1110e-03 | time: 0.045
I 06.08/07:11:19 solver.py:169 ] => Train  Loss: 8.1313e-03

I 06.08/07:11:20 solver.py:405 ] [20/32] loss: 9.3537e-03 | NMSE: -1.6782e+01 | time: 0.046
I 06.08/07:11:21 solver.py:413 ] => Test NMSE: -1.7833e+01

I 06.08/07:11:21 solver.py:345 ] => LoRA monitor [epoch=143] | trainable=1310720/1310720 | non_lora_trainable=0 | lora_l2=1.990693e+01 | lora_A_l2=1.234712e+01 | lora_B_l2=1.561520e+01 | component_l2=fc_decoder:1.703826e+01,fc_encoder:1.029483e+01 | lora_abs_max=1.295043e-01 | delta_l2=1.903532e+01 | delta_rel=2.916228e+00 | train_loss=8.131296e-03 | test_loss=8.235693e-03 | nmse=-1.783270e+01
I 06.08/07:11:21 solver.py:224 ] 
=! Best NMSE: -1.7833e+01 (epoch=143)

I 06.08/07:11:22 solver.py:159 ] Epoch: [144/200][20/282] lr: 1.52e-04 | MSE loss: 9.5075e-03 | time: 0.050
I 06.08/07:11:23 solver.py:159 ] Epoch: [144/200][40/282] lr: 1.52e-04 | MSE loss: 9.9041e-03 | time: 0.050
I 06.08/07:11:24 solver.py:159 ] Epoch: [144/200][60/282] lr: 1.52e-04 | MSE loss: 9.1131e-03 | time: 0.048
I 06.08/07:11:25 solver.py:159 ] Epoch: [144/200][80/282] lr: 1.52e-04 | MSE loss: 9.1678e-03 | time: 0.046
I 06.08/07:11:25 solver.py:159 ] Epoch: [144/200][100/282] lr: 1.51e-04 | MSE loss: 8.9033e-03 | time: 0.045
I 06.08/07:11:26 solver.py:159 ] Epoch: [144/200][120/282] lr: 1.51e-04 | MSE loss: 8.5185e-03 | time: 0.045
I 06.08/07:11:27 solver.py:159 ] Epoch: [144/200][140/282] lr: 1.51e-04 | MSE loss: 8.5061e-03 | time: 0.045
I 06.08/07:11:28 solver.py:159 ] Epoch: [144/200][160/282] lr: 1.51e-04 | MSE loss: 8.2472e-03 | time: 0.045
I 06.08/07:11:29 solver.py:159 ] Epoch: [144/200][180/282] lr: 1.50e-04 | MSE loss: 8.1682e-03 | time: 0.046
I 06.08/07:11:30 solver.py:159 ] Epoch: [144/200][200/282] lr: 1.50e-04 | MSE loss: 8.0537e-03 | time: 0.045
I 06.08/07:11:31 solver.py:159 ] Epoch: [144/200][220/282] lr: 1.50e-04 | MSE loss: 8.0703e-03 | time: 0.046
I 06.08/07:11:32 solver.py:159 ] Epoch: [144/200][240/282] lr: 1.50e-04 | MSE loss: 8.0631e-03 | time: 0.046
I 06.08/07:11:33 solver.py:159 ] Epoch: [144/200][260/282] lr: 1.49e-04 | MSE loss: 7.9820e-03 | time: 0.046
I 06.08/07:11:34 solver.py:159 ] Epoch: [144/200][280/282] lr: 1.49e-04 | MSE loss: 8.1503e-03 | time: 0.046
I 06.08/07:11:34 solver.py:169 ] => Train  Loss: 8.2046e-03

I 06.08/07:11:34 solver.py:405 ] [20/32] loss: 9.3536e-03 | NMSE: -1.6782e+01 | time: 0.034
I 06.08/07:11:35 solver.py:413 ] => Test NMSE: -1.7833e+01

I 06.08/07:11:35 solver.py:345 ] => LoRA monitor [epoch=144] | trainable=1310720/1310720 | non_lora_trainable=0 | lora_l2=1.994602e+01 | lora_A_l2=1.237738e+01 | lora_B_l2=1.564112e+01 | component_l2=fc_decoder:1.706408e+01,fc_encoder:1.032768e+01 | lora_abs_max=1.311609e-01 | delta_l2=1.907604e+01 | delta_rel=2.922467e+00 | train_loss=8.204564e-03 | test_loss=8.235649e-03 | nmse=-1.783272e+01
I 06.08/07:11:35 solver.py:224 ] 
=! Best NMSE: -1.7833e+01 (epoch=144)

I 06.08/07:11:36 solver.py:159 ] Epoch: [145/200][20/282] lr: 1.49e-04 | MSE loss: 4.3957e-03 | time: 0.048
I 06.08/07:11:37 solver.py:159 ] Epoch: [145/200][40/282] lr: 1.49e-04 | MSE loss: 5.6635e-03 | time: 0.048
I 06.08/07:11:38 solver.py:159 ] Epoch: [145/200][60/282] lr: 1.48e-04 | MSE loss: 6.3898e-03 | time: 0.048
I 06.08/07:11:39 solver.py:159 ] Epoch: [145/200][80/282] lr: 1.48e-04 | MSE loss: 6.9461e-03 | time: 0.047
I 06.08/07:11:40 solver.py:159 ] Epoch: [145/200][100/282] lr: 1.48e-04 | MSE loss: 7.4989e-03 | time: 0.046
I 06.08/07:11:41 solver.py:159 ] Epoch: [145/200][120/282] lr: 1.48e-04 | MSE loss: 7.6200e-03 | time: 0.046
I 06.08/07:11:42 solver.py:159 ] Epoch: [145/200][140/282] lr: 1.48e-04 | MSE loss: 7.6712e-03 | time: 0.046
I 06.08/07:11:43 solver.py:159 ] Epoch: [145/200][160/282] lr: 1.47e-04 | MSE loss: 7.7492e-03 | time: 0.046
I 06.08/07:11:44 solver.py:159 ] Epoch: [145/200][180/282] lr: 1.47e-04 | MSE loss: 7.5514e-03 | time: 0.046
I 06.08/07:11:45 solver.py:159 ] Epoch: [145/200][200/282] lr: 1.47e-04 | MSE loss: 8.0951e-03 | time: 0.047
I 06.08/07:11:45 solver.py:159 ] Epoch: [145/200][220/282] lr: 1.47e-04 | MSE loss: 8.0838e-03 | time: 0.046
I 06.08/07:11:46 solver.py:159 ] Epoch: [145/200][240/282] lr: 1.46e-04 | MSE loss: 8.1093e-03 | time: 0.047
I 06.08/07:11:47 solver.py:159 ] Epoch: [145/200][260/282] lr: 1.46e-04 | MSE loss: 8.1223e-03 | time: 0.047
I 06.08/07:11:48 solver.py:159 ] Epoch: [145/200][280/282] lr: 1.46e-04 | MSE loss: 8.1531e-03 | time: 0.047
I 06.08/07:11:48 solver.py:169 ] => Train  Loss: 8.2034e-03

I 06.08/07:11:49 solver.py:405 ] [20/32] loss: 9.3537e-03 | NMSE: -1.6782e+01 | time: 0.044
I 06.08/07:11:50 solver.py:413 ] => Test NMSE: -1.7833e+01

I 06.08/07:11:50 solver.py:345 ] => LoRA monitor [epoch=145] | trainable=1310720/1310720 | non_lora_trainable=0 | lora_l2=1.998446e+01 | lora_A_l2=1.240671e+01 | lora_B_l2=1.566691e+01 | component_l2=fc_decoder:1.709008e+01,fc_encoder:1.035895e+01 | lora_abs_max=1.313391e-01 | delta_l2=1.911701e+01 | delta_rel=2.928743e+00 | train_loss=8.203356e-03 | test_loss=8.235599e-03 | nmse=-1.783275e+01
I 06.08/07:11:50 solver.py:224 ] 
=! Best NMSE: -1.7833e+01 (epoch=145)

I 06.08/07:11:51 solver.py:159 ] Epoch: [146/200][20/282] lr: 1.46e-04 | MSE loss: 1.0073e-02 | time: 0.050
I 06.08/07:11:52 solver.py:159 ] Epoch: [146/200][40/282] lr: 1.45e-04 | MSE loss: 9.2386e-03 | time: 0.049
I 06.08/07:11:53 solver.py:159 ] Epoch: [146/200][60/282] lr: 1.45e-04 | MSE loss: 8.9210e-03 | time: 0.050
I 06.08/07:11:54 solver.py:159 ] Epoch: [146/200][80/282] lr: 1.45e-04 | MSE loss: 8.2854e-03 | time: 0.049
I 06.08/07:11:55 solver.py:159 ] Epoch: [146/200][100/282] lr: 1.45e-04 | MSE loss: 7.9002e-03 | time: 0.048
I 06.08/07:11:56 solver.py:159 ] Epoch: [146/200][120/282] lr: 1.45e-04 | MSE loss: 8.2143e-03 | time: 0.048
I 06.08/07:11:57 solver.py:159 ] Epoch: [146/200][140/282] lr: 1.44e-04 | MSE loss: 8.0999e-03 | time: 0.048
I 06.08/07:11:58 solver.py:159 ] Epoch: [146/200][160/282] lr: 1.44e-04 | MSE loss: 7.9599e-03 | time: 0.048
I 06.08/07:11:59 solver.py:159 ] Epoch: [146/200][180/282] lr: 1.44e-04 | MSE loss: 8.0149e-03 | time: 0.047
I 06.08/07:11:59 solver.py:159 ] Epoch: [146/200][200/282] lr: 1.44e-04 | MSE loss: 8.1343e-03 | time: 0.046
I 06.08/07:12:01 solver.py:159 ] Epoch: [146/200][220/282] lr: 1.43e-04 | MSE loss: 8.2637e-03 | time: 0.049
I 06.08/07:12:03 solver.py:159 ] Epoch: [146/200][240/282] lr: 1.43e-04 | MSE loss: 7.9863e-03 | time: 0.055
I 06.08/07:12:05 solver.py:159 ] Epoch: [146/200][260/282] lr: 1.43e-04 | MSE loss: 8.0784e-03 | time: 0.058
I 06.08/07:12:06 solver.py:159 ] Epoch: [146/200][280/282] lr: 1.43e-04 | MSE loss: 8.1280e-03 | time: 0.057
I 06.08/07:12:06 solver.py:169 ] => Train  Loss: 8.1314e-03

I 06.08/07:12:07 solver.py:405 ] [20/32] loss: 9.3538e-03 | NMSE: -1.6782e+01 | time: 0.045
I 06.08/07:12:08 solver.py:413 ] => Test NMSE: -1.7833e+01

I 06.08/07:12:08 solver.py:345 ] => LoRA monitor [epoch=146] | trainable=1310720/1310720 | non_lora_trainable=0 | lora_l2=2.003143e+01 | lora_A_l2=1.243979e+01 | lora_B_l2=1.570064e+01 | component_l2=fc_decoder:1.712524e+01,fc_encoder:1.039156e+01 | lora_abs_max=1.309624e-01 | delta_l2=1.916555e+01 | delta_rel=2.936180e+00 | train_loss=8.131389e-03 | test_loss=8.235843e-03 | nmse=-1.783262e+01
I 06.08/07:12:08 solver.py:224 ] 
=! Best NMSE: -1.7833e+01 (epoch=145)

I 06.08/07:12:09 solver.py:159 ] Epoch: [147/200][20/282] lr: 1.43e-04 | MSE loss: 7.4947e-03 | time: 0.048
I 06.08/07:12:09 solver.py:159 ] Epoch: [147/200][40/282] lr: 1.42e-04 | MSE loss: 7.8023e-03 | time: 0.046
I 06.08/07:12:11 solver.py:159 ] Epoch: [147/200][60/282] lr: 1.42e-04 | MSE loss: 7.8174e-03 | time: 0.054
I 06.08/07:12:12 solver.py:159 ] Epoch: [147/200][80/282] lr: 1.42e-04 | MSE loss: 7.4514e-03 | time: 0.054
I 06.08/07:12:13 solver.py:159 ] Epoch: [147/200][100/282] lr: 1.42e-04 | MSE loss: 8.1249e-03 | time: 0.053
I 06.08/07:12:14 solver.py:159 ] Epoch: [147/200][120/282] lr: 1.41e-04 | MSE loss: 7.8016e-03 | time: 0.052
I 06.08/07:12:15 solver.py:159 ] Epoch: [147/200][140/282] lr: 1.41e-04 | MSE loss: 7.7878e-03 | time: 0.051
I 06.08/07:12:16 solver.py:159 ] Epoch: [147/200][160/282] lr: 1.41e-04 | MSE loss: 7.8838e-03 | time: 0.051
I 06.08/07:12:17 solver.py:159 ] Epoch: [147/200][180/282] lr: 1.41e-04 | MSE loss: 7.8044e-03 | time: 0.050
I 06.08/07:12:18 solver.py:159 ] Epoch: [147/200][200/282] lr: 1.41e-04 | MSE loss: 7.7068e-03 | time: 0.050
I 06.08/07:12:19 solver.py:159 ] Epoch: [147/200][220/282] lr: 1.40e-04 | MSE loss: 7.7702e-03 | time: 0.050
I 06.08/07:12:20 solver.py:159 ] Epoch: [147/200][240/282] lr: 1.40e-04 | MSE loss: 7.7394e-03 | time: 0.049
I 06.08/07:12:21 solver.py:159 ] Epoch: [147/200][260/282] lr: 1.40e-04 | MSE loss: 7.8079e-03 | time: 0.049
I 06.08/07:12:22 solver.py:159 ] Epoch: [147/200][280/282] lr: 1.40e-04 | MSE loss: 8.1374e-03 | time: 0.050
I 06.08/07:12:22 solver.py:169 ] => Train  Loss: 8.1948e-03

I 06.08/07:12:22 solver.py:405 ] [20/32] loss: 9.3537e-03 | NMSE: -1.6782e+01 | time: 0.041
I 06.08/07:12:23 solver.py:413 ] => Test NMSE: -1.7833e+01

I 06.08/07:12:23 solver.py:345 ] => LoRA monitor [epoch=147] | trainable=1310720/1310720 | non_lora_trainable=0 | lora_l2=2.007230e+01 | lora_A_l2=1.247394e+01 | lora_B_l2=1.572571e+01 | component_l2=fc_decoder:1.714995e+01,fc_encoder:1.042961e+01 | lora_abs_max=1.323114e-01 | delta_l2=1.920816e+01 | delta_rel=2.942707e+00 | train_loss=8.194784e-03 | test_loss=8.235625e-03 | nmse=-1.783274e+01
I 06.08/07:12:23 solver.py:224 ] 
=! Best NMSE: -1.7833e+01 (epoch=145)

I 06.08/07:12:24 solver.py:159 ] Epoch: [148/200][20/282] lr: 1.39e-04 | MSE loss: 7.9640e-03 | time: 0.047
I 06.08/07:12:25 solver.py:159 ] Epoch: [148/200][40/282] lr: 1.39e-04 | MSE loss: 8.2666e-03 | time: 0.045
I 06.08/07:12:26 solver.py:159 ] Epoch: [148/200][60/282] lr: 1.39e-04 | MSE loss: 8.2529e-03 | time: 0.044
I 06.08/07:12:26 solver.py:159 ] Epoch: [148/200][80/282] lr: 1.39e-04 | MSE loss: 8.3281e-03 | time: 0.044
I 06.08/07:12:27 solver.py:159 ] Epoch: [148/200][100/282] lr: 1.38e-04 | MSE loss: 8.4164e-03 | time: 0.044
I 06.08/07:12:28 solver.py:159 ] Epoch: [148/200][120/282] lr: 1.38e-04 | MSE loss: 8.2671e-03 | time: 0.044
I 06.08/07:12:29 solver.py:159 ] Epoch: [148/200][140/282] lr: 1.38e-04 | MSE loss: 8.1405e-03 | time: 0.045
I 06.08/07:12:30 solver.py:159 ] Epoch: [148/200][160/282] lr: 1.38e-04 | MSE loss: 7.9533e-03 | time: 0.045
I 06.08/07:12:31 solver.py:159 ] Epoch: [148/200][180/282] lr: 1.38e-04 | MSE loss: 8.0021e-03 | time: 0.045
I 06.08/07:12:32 solver.py:159 ] Epoch: [148/200][200/282] lr: 1.37e-04 | MSE loss: 8.1947e-03 | time: 0.045
I 06.08/07:12:33 solver.py:159 ] Epoch: [148/200][220/282] lr: 1.37e-04 | MSE loss: 8.4492e-03 | time: 0.046
I 06.08/07:12:34 solver.py:159 ] Epoch: [148/200][240/282] lr: 1.37e-04 | MSE loss: 8.2441e-03 | time: 0.046
I 06.08/07:12:35 solver.py:159 ] Epoch: [148/200][260/282] lr: 1.37e-04 | MSE loss: 8.2038e-03 | time: 0.046
I 06.08/07:12:36 solver.py:159 ] Epoch: [148/200][280/282] lr: 1.36e-04 | MSE loss: 8.1759e-03 | time: 0.046
I 06.08/07:12:36 solver.py:169 ] => Train  Loss: 8.1519e-03

I 06.08/07:12:36 solver.py:405 ] [20/32] loss: 9.3537e-03 | NMSE: -1.6782e+01 | time: 0.038
I 06.08/07:12:37 solver.py:413 ] => Test NMSE: -1.7833e+01

I 06.08/07:12:37 solver.py:345 ] => LoRA monitor [epoch=148] | trainable=1310720/1310720 | non_lora_trainable=0 | lora_l2=2.011015e+01 | lora_A_l2=1.249991e+01 | lora_B_l2=1.575341e+01 | component_l2=fc_decoder:1.717798e+01,fc_encoder:1.045633e+01 | lora_abs_max=1.322349e-01 | delta_l2=1.924768e+01 | delta_rel=2.948762e+00 | train_loss=8.151937e-03 | test_loss=8.235619e-03 | nmse=-1.783274e+01
I 06.08/07:12:37 solver.py:224 ] 
=! Best NMSE: -1.7833e+01 (epoch=145)

I 06.08/07:12:38 solver.py:159 ] Epoch: [149/200][20/282] lr: 1.36e-04 | MSE loss: 9.0783e-03 | time: 0.051
I 06.08/07:12:39 solver.py:159 ] Epoch: [149/200][40/282] lr: 1.36e-04 | MSE loss: 8.1242e-03 | time: 0.050
I 06.08/07:12:40 solver.py:159 ] Epoch: [149/200][60/282] lr: 1.36e-04 | MSE loss: 8.4883e-03 | time: 0.049
I 06.08/07:12:41 solver.py:159 ] Epoch: [149/200][80/282] lr: 1.36e-04 | MSE loss: 8.2779e-03 | time: 0.048
I 06.08/07:12:42 solver.py:159 ] Epoch: [149/200][100/282] lr: 1.35e-04 | MSE loss: 8.0746e-03 | time: 0.047
I 06.08/07:12:42 solver.py:159 ] Epoch: [149/200][120/282] lr: 1.35e-04 | MSE loss: 8.0439e-03 | time: 0.046
I 06.08/07:12:43 solver.py:159 ] Epoch: [149/200][140/282] lr: 1.35e-04 | MSE loss: 7.9878e-03 | time: 0.045
I 06.08/07:12:44 solver.py:159 ] Epoch: [149/200][160/282] lr: 1.35e-04 | MSE loss: 7.6823e-03 | time: 0.046
I 06.08/07:12:45 solver.py:159 ] Epoch: [149/200][180/282] lr: 1.35e-04 | MSE loss: 7.7974e-03 | time: 0.046
I 06.08/07:12:46 solver.py:159 ] Epoch: [149/200][200/282] lr: 1.34e-04 | MSE loss: 7.6634e-03 | time: 0.046
I 06.08/07:12:47 solver.py:159 ] Epoch: [149/200][220/282] lr: 1.34e-04 | MSE loss: 7.7525e-03 | time: 0.046
I 06.08/07:12:48 solver.py:159 ] Epoch: [149/200][240/282] lr: 1.34e-04 | MSE loss: 7.8914e-03 | time: 0.046
I 06.08/07:12:49 solver.py:159 ] Epoch: [149/200][260/282] lr: 1.34e-04 | MSE loss: 7.9610e-03 | time: 0.046
I 06.08/07:12:50 solver.py:159 ] Epoch: [149/200][280/282] lr: 1.33e-04 | MSE loss: 8.1792e-03 | time: 0.046
I 06.08/07:12:50 solver.py:169 ] => Train  Loss: 8.1424e-03

I 06.08/07:12:50 solver.py:405 ] [20/32] loss: 9.3533e-03 | NMSE: -1.6782e+01 | time: 0.035
I 06.08/07:12:51 solver.py:413 ] => Test NMSE: -1.7833e+01

I 06.08/07:12:51 solver.py:345 ] => LoRA monitor [epoch=149] | trainable=1310720/1310720 | non_lora_trainable=0 | lora_l2=2.015336e+01 | lora_A_l2=1.253139e+01 | lora_B_l2=1.578361e+01 | component_l2=fc_decoder:1.720741e+01,fc_encoder:1.049110e+01 | lora_abs_max=1.318527e-01 | delta_l2=1.929282e+01 | delta_rel=2.955678e+00 | train_loss=8.142429e-03 | test_loss=8.235289e-03 | nmse=-1.783291e+01
I 06.08/07:12:51 solver.py:224 ] 
=! Best NMSE: -1.7833e+01 (epoch=149)

I 06.08/07:12:52 solver.py:159 ] Epoch: [150/200][20/282] lr: 1.33e-04 | MSE loss: 1.0152e-02 | time: 0.045
I 06.08/07:12:53 solver.py:159 ] Epoch: [150/200][40/282] lr: 1.33e-04 | MSE loss: 1.0210e-02 | time: 0.047
I 06.08/07:12:54 solver.py:159 ] Epoch: [150/200][60/282] lr: 1.33e-04 | MSE loss: 9.4828e-03 | time: 0.045
I 06.08/07:12:55 solver.py:159 ] Epoch: [150/200][80/282] lr: 1.33e-04 | MSE loss: 8.9280e-03 | time: 0.045
I 06.08/07:12:56 solver.py:159 ] Epoch: [150/200][100/282] lr: 1.32e-04 | MSE loss: 9.4852e-03 | time: 0.045
I 06.08/07:12:57 solver.py:159 ] Epoch: [150/200][120/282] lr: 1.32e-04 | MSE loss: 8.9802e-03 | time: 0.045
I 06.08/07:12:58 solver.py:159 ] Epoch: [150/200][140/282] lr: 1.32e-04 | MSE loss: 8.8202e-03 | time: 0.045
I 06.08/07:12:58 solver.py:159 ] Epoch: [150/200][160/282] lr: 1.32e-04 | MSE loss: 8.5053e-03 | time: 0.046
I 06.08/07:12:59 solver.py:159 ] Epoch: [150/200][180/282] lr: 1.31e-04 | MSE loss: 8.5404e-03 | time: 0.046
I 06.08/07:13:00 solver.py:159 ] Epoch: [150/200][200/282] lr: 1.31e-04 | MSE loss: 8.2490e-03 | time: 0.046
I 06.08/07:13:02 solver.py:159 ] Epoch: [150/200][220/282] lr: 1.31e-04 | MSE loss: 8.1968e-03 | time: 0.050
I 06.08/07:13:04 solver.py:159 ] Epoch: [150/200][240/282] lr: 1.31e-04 | MSE loss: 8.3118e-03 | time: 0.054
I 06.08/07:13:05 solver.py:159 ] Epoch: [150/200][260/282] lr: 1.31e-04 | MSE loss: 8.2525e-03 | time: 0.053
I 06.08/07:13:06 solver.py:159 ] Epoch: [150/200][280/282] lr: 1.30e-04 | MSE loss: 8.1525e-03 | time: 0.052
I 06.08/07:13:06 solver.py:169 ] => Train  Loss: 8.1344e-03

I 06.08/07:13:07 solver.py:159 ] Epoch: [150/200][20/32] lr: 1.30e-04 | MSE loss: 9.3534e-03 | time: 0.036
I 06.08/07:13:07 solver.py:169 ] => Val  Loss: 8.0508e-03

I 06.08/07:13:08 solver.py:405 ] [20/32] loss: 9.3534e-03 | NMSE: -1.6783e+01 | time: 0.041
I 06.08/07:13:08 solver.py:413 ] => Test NMSE: -1.7833e+01

I 06.08/07:13:08 solver.py:345 ] => LoRA monitor [epoch=150] | trainable=1310720/1310720 | non_lora_trainable=0 | lora_l2=2.018901e+01 | lora_A_l2=1.255815e+01 | lora_B_l2=1.580787e+01 | component_l2=fc_decoder:1.723066e+01,fc_encoder:1.052143e+01 | lora_abs_max=1.328869e-01 | delta_l2=1.933025e+01 | delta_rel=2.961412e+00 | train_loss=8.134442e-03 | val_loss=8.050824e-03 | test_loss=8.235414e-03 | nmse=-1.783285e+01
I 06.08/07:13:08 solver.py:224 ] 
=! Best NMSE: -1.7833e+01 (epoch=149)

I 06.08/07:13:09 solver.py:159 ] Epoch: [151/200][20/282] lr: 1.30e-04 | MSE loss: 6.7459e-03 | time: 0.041
I 06.08/07:13:10 solver.py:159 ] Epoch: [151/200][40/282] lr: 1.30e-04 | MSE loss: 7.1909e-03 | time: 0.041
I 06.08/07:13:11 solver.py:159 ] Epoch: [151/200][60/282] lr: 1.30e-04 | MSE loss: 7.8315e-03 | time: 0.040
I 06.08/07:13:12 solver.py:159 ] Epoch: [151/200][80/282] lr: 1.30e-04 | MSE loss: 7.5445e-03 | time: 0.042
I 06.08/07:13:12 solver.py:159 ] Epoch: [151/200][100/282] lr: 1.29e-04 | MSE loss: 8.2288e-03 | time: 0.042
I 06.08/07:13:13 solver.py:159 ] Epoch: [151/200][120/282] lr: 1.29e-04 | MSE loss: 8.3433e-03 | time: 0.042
I 06.08/07:13:14 solver.py:159 ] Epoch: [151/200][140/282] lr: 1.29e-04 | MSE loss: 8.2060e-03 | time: 0.042
I 06.08/07:13:15 solver.py:159 ] Epoch: [151/200][160/282] lr: 1.29e-04 | MSE loss: 7.6960e-03 | time: 0.041
I 06.08/07:13:16 solver.py:159 ] Epoch: [151/200][180/282] lr: 1.28e-04 | MSE loss: 7.9093e-03 | time: 0.041
I 06.08/07:13:16 solver.py:159 ] Epoch: [151/200][200/282] lr: 1.28e-04 | MSE loss: 7.9844e-03 | time: 0.041
I 06.08/07:13:17 solver.py:159 ] Epoch: [151/200][220/282] lr: 1.28e-04 | MSE loss: 8.1350e-03 | time: 0.041
I 06.08/07:13:18 solver.py:159 ] Epoch: [151/200][240/282] lr: 1.28e-04 | MSE loss: 8.1826e-03 | time: 0.041
I 06.08/07:13:19 solver.py:159 ] Epoch: [151/200][260/282] lr: 1.28e-04 | MSE loss: 8.1326e-03 | time: 0.042
I 06.08/07:13:20 solver.py:159 ] Epoch: [151/200][280/282] lr: 1.27e-04 | MSE loss: 8.1708e-03 | time: 0.042
I 06.08/07:13:20 solver.py:169 ] => Train  Loss: 8.1316e-03

I 06.08/07:13:21 solver.py:405 ] [20/32] loss: 9.3533e-03 | NMSE: -1.6783e+01 | time: 0.043
I 06.08/07:13:21 solver.py:413 ] => Test NMSE: -1.7833e+01

I 06.08/07:13:22 solver.py:345 ] => LoRA monitor [epoch=151] | trainable=1310720/1310720 | non_lora_trainable=0 | lora_l2=2.022682e+01 | lora_A_l2=1.258638e+01 | lora_B_l2=1.583373e+01 | component_l2=fc_decoder:1.725659e+01,fc_encoder:1.055151e+01 | lora_abs_max=1.325665e-01 | delta_l2=1.937013e+01 | delta_rel=2.967521e+00 | train_loss=8.131638e-03 | test_loss=8.235357e-03 | nmse=-1.783288e+01
I 06.08/07:13:22 solver.py:224 ] 
=! Best NMSE: -1.7833e+01 (epoch=149)

I 06.08/07:13:22 solver.py:159 ] Epoch: [152/200][20/282] lr: 1.27e-04 | MSE loss: 6.5894e-03 | time: 0.049
I 06.08/07:13:23 solver.py:159 ] Epoch: [152/200][40/282] lr: 1.27e-04 | MSE loss: 7.7916e-03 | time: 0.047
I 06.08/07:13:24 solver.py:159 ] Epoch: [152/200][60/282] lr: 1.27e-04 | MSE loss: 8.1061e-03 | time: 0.046
I 06.08/07:13:25 solver.py:159 ] Epoch: [152/200][80/282] lr: 1.27e-04 | MSE loss: 8.4924e-03 | time: 0.045
I 06.08/07:13:26 solver.py:159 ] Epoch: [152/200][100/282] lr: 1.26e-04 | MSE loss: 8.3444e-03 | time: 0.045
I 06.08/07:13:27 solver.py:159 ] Epoch: [152/200][120/282] lr: 1.26e-04 | MSE loss: 8.2562e-03 | time: 0.045
I 06.08/07:13:28 solver.py:159 ] Epoch: [152/200][140/282] lr: 1.26e-04 | MSE loss: 8.1806e-03 | time: 0.045
I 06.08/07:13:29 solver.py:159 ] Epoch: [152/200][160/282] lr: 1.26e-04 | MSE loss: 8.0919e-03 | time: 0.045
I 06.08/07:13:30 solver.py:159 ] Epoch: [152/200][180/282] lr: 1.26e-04 | MSE loss: 8.0687e-03 | time: 0.045
I 06.08/07:13:31 solver.py:159 ] Epoch: [152/200][200/282] lr: 1.25e-04 | MSE loss: 8.3068e-03 | time: 0.045
I 06.08/07:13:31 solver.py:159 ] Epoch: [152/200][220/282] lr: 1.25e-04 | MSE loss: 8.2609e-03 | time: 0.045
I 06.08/07:13:32 solver.py:159 ] Epoch: [152/200][240/282] lr: 1.25e-04 | MSE loss: 8.3695e-03 | time: 0.045
I 06.08/07:13:33 solver.py:159 ] Epoch: [152/200][260/282] lr: 1.25e-04 | MSE loss: 8.2881e-03 | time: 0.045
I 06.08/07:13:34 solver.py:159 ] Epoch: [152/200][280/282] lr: 1.24e-04 | MSE loss: 8.1713e-03 | time: 0.045
I 06.08/07:13:34 solver.py:169 ] => Train  Loss: 8.1329e-03

I 06.08/07:13:35 solver.py:405 ] [20/32] loss: 9.3530e-03 | NMSE: -1.6783e+01 | time: 0.047
I 06.08/07:13:36 solver.py:413 ] => Test NMSE: -1.7833e+01

I 06.08/07:13:36 solver.py:345 ] => LoRA monitor [epoch=152] | trainable=1310720/1310720 | non_lora_trainable=0 | lora_l2=2.026599e+01 | lora_A_l2=1.261431e+01 | lora_B_l2=1.586158e+01 | component_l2=fc_decoder:1.728391e+01,fc_encoder:1.058191e+01 | lora_abs_max=1.341104e-01 | delta_l2=1.941066e+01 | delta_rel=2.973730e+00 | train_loss=8.132892e-03 | test_loss=8.235164e-03 | nmse=-1.783298e+01
I 06.08/07:13:36 solver.py:224 ] 
=! Best NMSE: -1.7833e+01 (epoch=152)

I 06.08/07:13:37 solver.py:159 ] Epoch: [153/200][20/282] lr: 1.24e-04 | MSE loss: 7.0311e-03 | time: 0.051
I 06.08/07:13:38 solver.py:159 ] Epoch: [153/200][40/282] lr: 1.24e-04 | MSE loss: 7.7816e-03 | time: 0.050
I 06.08/07:13:39 solver.py:159 ] Epoch: [153/200][60/282] lr: 1.24e-04 | MSE loss: 7.9814e-03 | time: 0.051
I 06.08/07:13:40 solver.py:159 ] Epoch: [153/200][80/282] lr: 1.24e-04 | MSE loss: 8.0351e-03 | time: 0.049
I 06.08/07:13:41 solver.py:159 ] Epoch: [153/200][100/282] lr: 1.23e-04 | MSE loss: 8.1536e-03 | time: 0.048
I 06.08/07:13:42 solver.py:159 ] Epoch: [153/200][120/282] lr: 1.23e-04 | MSE loss: 8.1438e-03 | time: 0.048
I 06.08/07:13:43 solver.py:159 ] Epoch: [153/200][140/282] lr: 1.23e-04 | MSE loss: 8.1073e-03 | time: 0.048
I 06.08/07:13:44 solver.py:159 ] Epoch: [153/200][160/282] lr: 1.23e-04 | MSE loss: 8.0614e-03 | time: 0.048
I 06.08/07:13:45 solver.py:159 ] Epoch: [153/200][180/282] lr: 1.23e-04 | MSE loss: 8.3034e-03 | time: 0.048
I 06.08/07:13:46 solver.py:159 ] Epoch: [153/200][200/282] lr: 1.22e-04 | MSE loss: 8.3527e-03 | time: 0.048
I 06.08/07:13:47 solver.py:159 ] Epoch: [153/200][220/282] lr: 1.22e-04 | MSE loss: 8.2245e-03 | time: 0.048
I 06.08/07:13:48 solver.py:159 ] Epoch: [153/200][240/282] lr: 1.22e-04 | MSE loss: 8.3134e-03 | time: 0.048
I 06.08/07:13:49 solver.py:159 ] Epoch: [153/200][260/282] lr: 1.22e-04 | MSE loss: 8.1975e-03 | time: 0.048
I 06.08/07:13:50 solver.py:159 ] Epoch: [153/200][280/282] lr: 1.22e-04 | MSE loss: 8.1738e-03 | time: 0.048
I 06.08/07:13:50 solver.py:169 ] => Train  Loss: 8.1309e-03

I 06.08/07:13:51 solver.py:405 ] [20/32] loss: 9.3532e-03 | NMSE: -1.6783e+01 | time: 0.040
I 06.08/07:13:51 solver.py:413 ] => Test NMSE: -1.7833e+01

I 06.08/07:13:51 solver.py:345 ] => LoRA monitor [epoch=153] | trainable=1310720/1310720 | non_lora_trainable=0 | lora_l2=2.030223e+01 | lora_A_l2=1.264091e+01 | lora_B_l2=1.588672e+01 | component_l2=fc_decoder:1.730928e+01,fc_encoder:1.060987e+01 | lora_abs_max=1.341553e-01 | delta_l2=1.944861e+01 | delta_rel=2.979545e+00 | train_loss=8.130891e-03 | test_loss=8.235225e-03 | nmse=-1.783294e+01
I 06.08/07:13:51 solver.py:224 ] 
=! Best NMSE: -1.7833e+01 (epoch=152)

I 06.08/07:13:52 solver.py:159 ] Epoch: [154/200][20/282] lr: 1.21e-04 | MSE loss: 7.8603e-03 | time: 0.051
I 06.08/07:13:53 solver.py:159 ] Epoch: [154/200][40/282] lr: 1.21e-04 | MSE loss: 7.8286e-03 | time: 0.049
I 06.08/07:13:54 solver.py:159 ] Epoch: [154/200][60/282] lr: 1.21e-04 | MSE loss: 7.6855e-03 | time: 0.047
I 06.08/07:13:55 solver.py:159 ] Epoch: [154/200][80/282] lr: 1.21e-04 | MSE loss: 8.1597e-03 | time: 0.045
I 06.08/07:13:56 solver.py:159 ] Epoch: [154/200][100/282] lr: 1.21e-04 | MSE loss: 8.2404e-03 | time: 0.045
I 06.08/07:13:57 solver.py:159 ] Epoch: [154/200][120/282] lr: 1.20e-04 | MSE loss: 7.6984e-03 | time: 0.046
I 06.08/07:13:58 solver.py:159 ] Epoch: [154/200][140/282] lr: 1.20e-04 | MSE loss: 8.0868e-03 | time: 0.046
I 06.08/07:13:58 solver.py:159 ] Epoch: [154/200][160/282] lr: 1.20e-04 | MSE loss: 7.9133e-03 | time: 0.046
I 06.08/07:13:59 solver.py:159 ] Epoch: [154/200][180/282] lr: 1.20e-04 | MSE loss: 7.8338e-03 | time: 0.046
I 06.08/07:14:00 solver.py:159 ] Epoch: [154/200][200/282] lr: 1.20e-04 | MSE loss: 8.1420e-03 | time: 0.047
I 06.08/07:14:03 solver.py:159 ] Epoch: [154/200][220/282] lr: 1.19e-04 | MSE loss: 8.1270e-03 | time: 0.052
I 06.08/07:14:05 solver.py:159 ] Epoch: [154/200][240/282] lr: 1.19e-04 | MSE loss: 8.2559e-03 | time: 0.056
I 06.08/07:14:05 solver.py:159 ] Epoch: [154/200][260/282] lr: 1.19e-04 | MSE loss: 8.0737e-03 | time: 0.055
I 06.08/07:14:06 solver.py:159 ] Epoch: [154/200][280/282] lr: 1.19e-04 | MSE loss: 8.1800e-03 | time: 0.054
I 06.08/07:14:06 solver.py:169 ] => Train  Loss: 8.1311e-03

I 06.08/07:14:07 solver.py:405 ] [20/32] loss: 9.3532e-03 | NMSE: -1.6783e+01 | time: 0.045
I 06.08/07:14:08 solver.py:413 ] => Test NMSE: -1.7833e+01

I 06.08/07:14:08 solver.py:345 ] => LoRA monitor [epoch=154] | trainable=1310720/1310720 | non_lora_trainable=0 | lora_l2=2.033702e+01 | lora_A_l2=1.266741e+01 | lora_B_l2=1.591010e+01 | component_l2=fc_decoder:1.733111e+01,fc_encoder:1.064081e+01 | lora_abs_max=1.349064e-01 | delta_l2=1.948479e+01 | delta_rel=2.985087e+00 | train_loss=8.131139e-03 | test_loss=8.235296e-03 | nmse=-1.783291e+01
I 06.08/07:14:08 solver.py:224 ] 
=! Best NMSE: -1.7833e+01 (epoch=152)

I 06.08/07:14:09 solver.py:159 ] Epoch: [155/200][20/282] lr: 1.19e-04 | MSE loss: 8.3412e-03 | time: 0.051
I 06.08/07:14:10 solver.py:159 ] Epoch: [155/200][40/282] lr: 1.18e-04 | MSE loss: 7.5441e-03 | time: 0.049
I 06.08/07:14:11 solver.py:159 ] Epoch: [155/200][60/282] lr: 1.18e-04 | MSE loss: 7.7705e-03 | time: 0.049
I 06.08/07:14:12 solver.py:159 ] Epoch: [155/200][80/282] lr: 1.18e-04 | MSE loss: 7.7457e-03 | time: 0.048
I 06.08/07:14:12 solver.py:159 ] Epoch: [155/200][100/282] lr: 1.18e-04 | MSE loss: 7.3142e-03 | time: 0.047
I 06.08/07:14:13 solver.py:159 ] Epoch: [155/200][120/282] lr: 1.18e-04 | MSE loss: 7.1484e-03 | time: 0.047
I 06.08/07:14:14 solver.py:159 ] Epoch: [155/200][140/282] lr: 1.17e-04 | MSE loss: 6.9071e-03 | time: 0.048
I 06.08/07:14:15 solver.py:159 ] Epoch: [155/200][160/282] lr: 1.17e-04 | MSE loss: 7.4021e-03 | time: 0.048
I 06.08/07:14:16 solver.py:159 ] Epoch: [155/200][180/282] lr: 1.17e-04 | MSE loss: 7.3439e-03 | time: 0.048
I 06.08/07:14:17 solver.py:159 ] Epoch: [155/200][200/282] lr: 1.17e-04 | MSE loss: 7.3656e-03 | time: 0.048
I 06.08/07:14:18 solver.py:159 ] Epoch: [155/200][220/282] lr: 1.17e-04 | MSE loss: 7.8382e-03 | time: 0.048
I 06.08/07:14:19 solver.py:159 ] Epoch: [155/200][240/282] lr: 1.16e-04 | MSE loss: 7.9583e-03 | time: 0.047
I 06.08/07:14:20 solver.py:159 ] Epoch: [155/200][260/282] lr: 1.16e-04 | MSE loss: 8.1379e-03 | time: 0.047
I 06.08/07:14:21 solver.py:159 ] Epoch: [155/200][280/282] lr: 1.16e-04 | MSE loss: 8.1652e-03 | time: 0.047
I 06.08/07:14:21 solver.py:169 ] => Train  Loss: 8.1315e-03

I 06.08/07:14:22 solver.py:405 ] [20/32] loss: 9.3533e-03 | NMSE: -1.6783e+01 | time: 0.048
I 06.08/07:14:23 solver.py:413 ] => Test NMSE: -1.7833e+01

I 06.08/07:14:23 solver.py:345 ] => LoRA monitor [epoch=155] | trainable=1310720/1310720 | non_lora_trainable=0 | lora_l2=2.037263e+01 | lora_A_l2=1.269237e+01 | lora_B_l2=1.593574e+01 | component_l2=fc_decoder:1.735678e+01,fc_encoder:1.066706e+01 | lora_abs_max=1.350500e-01 | delta_l2=1.952222e+01 | delta_rel=2.990822e+00 | train_loss=8.131511e-03 | test_loss=8.235249e-03 | nmse=-1.783293e+01
I 06.08/07:14:23 solver.py:224 ] 
=! Best NMSE: -1.7833e+01 (epoch=152)

I 06.08/07:14:24 solver.py:159 ] Epoch: [156/200][20/282] lr: 1.16e-04 | MSE loss: 6.9485e-03 | time: 0.057
I 06.08/07:14:25 solver.py:159 ] Epoch: [156/200][40/282] lr: 1.16e-04 | MSE loss: 7.0679e-03 | time: 0.051
I 06.08/07:14:26 solver.py:159 ] Epoch: [156/200][60/282] lr: 1.15e-04 | MSE loss: 7.3513e-03 | time: 0.050
I 06.08/07:14:27 solver.py:159 ] Epoch: [156/200][80/282] lr: 1.15e-04 | MSE loss: 7.5178e-03 | time: 0.050
I 06.08/07:14:28 solver.py:159 ] Epoch: [156/200][100/282] lr: 1.15e-04 | MSE loss: 8.3238e-03 | time: 0.049
I 06.08/07:14:29 solver.py:159 ] Epoch: [156/200][120/282] lr: 1.15e-04 | MSE loss: 8.6713e-03 | time: 0.049
I 06.08/07:14:29 solver.py:159 ] Epoch: [156/200][140/282] lr: 1.15e-04 | MSE loss: 8.4534e-03 | time: 0.048
I 06.08/07:14:31 solver.py:159 ] Epoch: [156/200][160/282] lr: 1.14e-04 | MSE loss: 8.2974e-03 | time: 0.049
I 06.08/07:14:31 solver.py:159 ] Epoch: [156/200][180/282] lr: 1.14e-04 | MSE loss: 8.1108e-03 | time: 0.048
I 06.08/07:14:32 solver.py:159 ] Epoch: [156/200][200/282] lr: 1.14e-04 | MSE loss: 8.1514e-03 | time: 0.049
I 06.08/07:14:33 solver.py:159 ] Epoch: [156/200][220/282] lr: 1.14e-04 | MSE loss: 8.1446e-03 | time: 0.048
I 06.08/07:14:34 solver.py:159 ] Epoch: [156/200][240/282] lr: 1.14e-04 | MSE loss: 8.1331e-03 | time: 0.048
I 06.08/07:14:35 solver.py:159 ] Epoch: [156/200][260/282] lr: 1.13e-04 | MSE loss: 8.2490e-03 | time: 0.048
I 06.08/07:14:36 solver.py:159 ] Epoch: [156/200][280/282] lr: 1.13e-04 | MSE loss: 8.1338e-03 | time: 0.048
I 06.08/07:14:36 solver.py:169 ] => Train  Loss: 8.1730e-03

I 06.08/07:14:37 solver.py:405 ] [20/32] loss: 9.3530e-03 | NMSE: -1.6783e+01 | time: 0.041
I 06.08/07:14:37 solver.py:413 ] => Test NMSE: -1.7833e+01

I 06.08/07:14:37 solver.py:345 ] => LoRA monitor [epoch=156] | trainable=1310720/1310720 | non_lora_trainable=0 | lora_l2=2.040933e+01 | lora_A_l2=1.271966e+01 | lora_B_l2=1.596093e+01 | component_l2=fc_decoder:1.738024e+01,fc_encoder:1.069899e+01 | lora_abs_max=1.357357e-01 | delta_l2=1.956051e+01 | delta_rel=2.996688e+00 | train_loss=8.172971e-03 | test_loss=8.235084e-03 | nmse=-1.783302e+01
I 06.08/07:14:38 solver.py:224 ] 
=! Best NMSE: -1.7833e+01 (epoch=156)

I 06.08/07:14:39 solver.py:159 ] Epoch: [157/200][20/282] lr: 1.13e-04 | MSE loss: 8.5116e-03 | time: 0.045
I 06.08/07:14:39 solver.py:159 ] Epoch: [157/200][40/282] lr: 1.13e-04 | MSE loss: 8.0405e-03 | time: 0.043
I 06.08/07:14:40 solver.py:159 ] Epoch: [157/200][60/282] lr: 1.13e-04 | MSE loss: 7.6306e-03 | time: 0.044
I 06.08/07:14:41 solver.py:159 ] Epoch: [157/200][80/282] lr: 1.12e-04 | MSE loss: 7.7638e-03 | time: 0.044
I 06.08/07:14:42 solver.py:159 ] Epoch: [157/200][100/282] lr: 1.12e-04 | MSE loss: 7.6671e-03 | time: 0.045
I 06.08/07:14:43 solver.py:159 ] Epoch: [157/200][120/282] lr: 1.12e-04 | MSE loss: 8.0636e-03 | time: 0.046
I 06.08/07:14:44 solver.py:159 ] Epoch: [157/200][140/282] lr: 1.12e-04 | MSE loss: 8.1254e-03 | time: 0.046
I 06.08/07:14:45 solver.py:159 ] Epoch: [157/200][160/282] lr: 1.12e-04 | MSE loss: 8.3403e-03 | time: 0.046
I 06.08/07:14:46 solver.py:159 ] Epoch: [157/200][180/282] lr: 1.11e-04 | MSE loss: 8.5724e-03 | time: 0.046
I 06.08/07:14:47 solver.py:159 ] Epoch: [157/200][200/282] lr: 1.11e-04 | MSE loss: 8.3656e-03 | time: 0.046
I 06.08/07:14:48 solver.py:159 ] Epoch: [157/200][220/282] lr: 1.11e-04 | MSE loss: 8.1267e-03 | time: 0.045
I 06.08/07:14:48 solver.py:159 ] Epoch: [157/200][240/282] lr: 1.11e-04 | MSE loss: 8.1456e-03 | time: 0.045
I 06.08/07:14:49 solver.py:159 ] Epoch: [157/200][260/282] lr: 1.11e-04 | MSE loss: 8.1356e-03 | time: 0.045
I 06.08/07:14:50 solver.py:159 ] Epoch: [157/200][280/282] lr: 1.10e-04 | MSE loss: 8.1395e-03 | time: 0.045
I 06.08/07:14:50 solver.py:169 ] => Train  Loss: 8.1451e-03

I 06.08/07:14:51 solver.py:405 ] [20/32] loss: 9.3525e-03 | NMSE: -1.6783e+01 | time: 0.038
I 06.08/07:14:52 solver.py:413 ] => Test NMSE: -1.7833e+01

I 06.08/07:14:52 solver.py:345 ] => LoRA monitor [epoch=157] | trainable=1310720/1310720 | non_lora_trainable=0 | lora_l2=2.044006e+01 | lora_A_l2=1.274315e+01 | lora_B_l2=1.598149e+01 | component_l2=fc_decoder:1.740091e+01,fc_encoder:1.072401e+01 | lora_abs_max=1.360597e-01 | delta_l2=1.959276e+01 | delta_rel=3.001629e+00 | train_loss=8.145104e-03 | test_loss=8.234677e-03 | nmse=-1.783323e+01
I 06.08/07:14:52 solver.py:224 ] 
=! Best NMSE: -1.7833e+01 (epoch=157)

I 06.08/07:14:53 solver.py:159 ] Epoch: [158/200][20/282] lr: 1.10e-04 | MSE loss: 7.3973e-03 | time: 0.041
I 06.08/07:14:54 solver.py:159 ] Epoch: [158/200][40/282] lr: 1.10e-04 | MSE loss: 7.7840e-03 | time: 0.042
I 06.08/07:14:55 solver.py:159 ] Epoch: [158/200][60/282] lr: 1.10e-04 | MSE loss: 7.3206e-03 | time: 0.043
I 06.08/07:14:56 solver.py:159 ] Epoch: [158/200][80/282] lr: 1.10e-04 | MSE loss: 8.0355e-03 | time: 0.044
I 06.08/07:14:56 solver.py:159 ] Epoch: [158/200][100/282] lr: 1.09e-04 | MSE loss: 8.2362e-03 | time: 0.043
I 06.08/07:14:57 solver.py:159 ] Epoch: [158/200][120/282] lr: 1.09e-04 | MSE loss: 7.8741e-03 | time: 0.044
I 06.08/07:14:58 solver.py:159 ] Epoch: [158/200][140/282] lr: 1.09e-04 | MSE loss: 7.7918e-03 | time: 0.046
I 06.08/07:14:59 solver.py:159 ] Epoch: [158/200][160/282] lr: 1.09e-04 | MSE loss: 7.8664e-03 | time: 0.046
I 06.08/07:15:00 solver.py:159 ] Epoch: [158/200][180/282] lr: 1.09e-04 | MSE loss: 7.6601e-03 | time: 0.045
I 06.08/07:15:02 solver.py:159 ] Epoch: [158/200][200/282] lr: 1.09e-04 | MSE loss: 7.7725e-03 | time: 0.049
I 06.08/07:15:04 solver.py:159 ] Epoch: [158/200][220/282] lr: 1.08e-04 | MSE loss: 8.0402e-03 | time: 0.054
I 06.08/07:15:05 solver.py:159 ] Epoch: [158/200][240/282] lr: 1.08e-04 | MSE loss: 7.9892e-03 | time: 0.055
I 06.08/07:15:06 solver.py:159 ] Epoch: [158/200][260/282] lr: 1.08e-04 | MSE loss: 7.9676e-03 | time: 0.055
I 06.08/07:15:07 solver.py:159 ] Epoch: [158/200][280/282] lr: 1.08e-04 | MSE loss: 8.0953e-03 | time: 0.055
I 06.08/07:15:07 solver.py:169 ] => Train  Loss: 8.1299e-03

I 06.08/07:15:08 solver.py:405 ] [20/32] loss: 9.3531e-03 | NMSE: -1.6783e+01 | time: 0.044
I 06.08/07:15:09 solver.py:413 ] => Test NMSE: -1.7833e+01

I 06.08/07:15:09 solver.py:345 ] => LoRA monitor [epoch=158] | trainable=1310720/1310720 | non_lora_trainable=0 | lora_l2=2.047636e+01 | lora_A_l2=1.276865e+01 | lora_B_l2=1.600759e+01 | component_l2=fc_decoder:1.742598e+01,fc_encoder:1.075251e+01 | lora_abs_max=1.368112e-01 | delta_l2=1.963038e+01 | delta_rel=3.007393e+00 | train_loss=8.129858e-03 | test_loss=8.235149e-03 | nmse=-1.783299e+01
I 06.08/07:15:09 solver.py:224 ] 
=! Best NMSE: -1.7833e+01 (epoch=157)

I 06.08/07:15:10 solver.py:159 ] Epoch: [159/200][20/282] lr: 1.08e-04 | MSE loss: 7.2948e-03 | time: 0.047
I 06.08/07:15:11 solver.py:159 ] Epoch: [159/200][40/282] lr: 1.07e-04 | MSE loss: 7.1497e-03 | time: 0.044
I 06.08/07:15:11 solver.py:159 ] Epoch: [159/200][60/282] lr: 1.07e-04 | MSE loss: 7.6592e-03 | time: 0.042
I 06.08/07:15:12 solver.py:159 ] Epoch: [159/200][80/282] lr: 1.07e-04 | MSE loss: 8.1854e-03 | time: 0.041
I 06.08/07:15:13 solver.py:159 ] Epoch: [159/200][100/282] lr: 1.07e-04 | MSE loss: 8.8236e-03 | time: 0.042
I 06.08/07:15:14 solver.py:159 ] Epoch: [159/200][120/282] lr: 1.07e-04 | MSE loss: 8.5169e-03 | time: 0.042
I 06.08/07:15:15 solver.py:159 ] Epoch: [159/200][140/282] lr: 1.06e-04 | MSE loss: 8.6686e-03 | time: 0.043
I 06.08/07:15:16 solver.py:159 ] Epoch: [159/200][160/282] lr: 1.06e-04 | MSE loss: 8.7231e-03 | time: 0.043
I 06.08/07:15:17 solver.py:159 ] Epoch: [159/200][180/282] lr: 1.06e-04 | MSE loss: 8.6742e-03 | time: 0.043
I 06.08/07:15:18 solver.py:159 ] Epoch: [159/200][200/282] lr: 1.06e-04 | MSE loss: 8.3921e-03 | time: 0.043
I 06.08/07:15:18 solver.py:159 ] Epoch: [159/200][220/282] lr: 1.06e-04 | MSE loss: 8.3676e-03 | time: 0.043
I 06.08/07:15:19 solver.py:159 ] Epoch: [159/200][240/282] lr: 1.06e-04 | MSE loss: 8.2394e-03 | time: 0.043
I 06.08/07:15:20 solver.py:159 ] Epoch: [159/200][260/282] lr: 1.05e-04 | MSE loss: 8.0746e-03 | time: 0.043
I 06.08/07:15:21 solver.py:159 ] Epoch: [159/200][280/282] lr: 1.05e-04 | MSE loss: 8.1349e-03 | time: 0.043
I 06.08/07:15:21 solver.py:169 ] => Train  Loss: 8.1319e-03

I 06.08/07:15:22 solver.py:405 ] [20/32] loss: 9.3530e-03 | NMSE: -1.6783e+01 | time: 0.043
I 06.08/07:15:22 solver.py:413 ] => Test NMSE: -1.7833e+01

I 06.08/07:15:22 solver.py:345 ] => LoRA monitor [epoch=159] | trainable=1310720/1310720 | non_lora_trainable=0 | lora_l2=2.050870e+01 | lora_A_l2=1.279275e+01 | lora_B_l2=1.602973e+01 | component_l2=fc_decoder:1.744797e+01,fc_encoder:1.077845e+01 | lora_abs_max=1.359873e-01 | delta_l2=1.966405e+01 | delta_rel=3.012550e+00 | train_loss=8.131942e-03 | test_loss=8.235044e-03 | nmse=-1.783304e+01
I 06.08/07:15:22 solver.py:224 ] 
=! Best NMSE: -1.7833e+01 (epoch=157)

I 06.08/07:15:23 solver.py:159 ] Epoch: [160/200][20/282] lr: 1.05e-04 | MSE loss: 7.2056e-03 | time: 0.048
I 06.08/07:15:24 solver.py:159 ] Epoch: [160/200][40/282] lr: 1.05e-04 | MSE loss: 7.3199e-03 | time: 0.048
I 06.08/07:15:26 solver.py:159 ] Epoch: [160/200][60/282] lr: 1.05e-04 | MSE loss: 7.1979e-03 | time: 0.054
I 06.08/07:15:27 solver.py:159 ] Epoch: [160/200][80/282] lr: 1.04e-04 | MSE loss: 7.7503e-03 | time: 0.053
I 06.08/07:15:28 solver.py:159 ] Epoch: [160/200][100/282] lr: 1.04e-04 | MSE loss: 7.8352e-03 | time: 0.052
I 06.08/07:15:29 solver.py:159 ] Epoch: [160/200][120/282] lr: 1.04e-04 | MSE loss: 7.7364e-03 | time: 0.052
I 06.08/07:15:30 solver.py:159 ] Epoch: [160/200][140/282] lr: 1.04e-04 | MSE loss: 7.5737e-03 | time: 0.052
I 06.08/07:15:31 solver.py:159 ] Epoch: [160/200][160/282] lr: 1.04e-04 | MSE loss: 7.5748e-03 | time: 0.052
I 06.08/07:15:32 solver.py:159 ] Epoch: [160/200][180/282] lr: 1.04e-04 | MSE loss: 7.3362e-03 | time: 0.051
I 06.08/07:15:32 solver.py:159 ] Epoch: [160/200][200/282] lr: 1.03e-04 | MSE loss: 7.5149e-03 | time: 0.050
I 06.08/07:15:33 solver.py:159 ] Epoch: [160/200][220/282] lr: 1.03e-04 | MSE loss: 7.5075e-03 | time: 0.050
I 06.08/07:15:34 solver.py:159 ] Epoch: [160/200][240/282] lr: 1.03e-04 | MSE loss: 7.6048e-03 | time: 0.050
I 06.08/07:15:35 solver.py:159 ] Epoch: [160/200][260/282] lr: 1.03e-04 | MSE loss: 7.9467e-03 | time: 0.049
I 06.08/07:15:36 solver.py:159 ] Epoch: [160/200][280/282] lr: 1.03e-04 | MSE loss: 8.1162e-03 | time: 0.049
I 06.08/07:15:36 solver.py:169 ] => Train  Loss: 8.2447e-03

I 06.08/07:15:37 solver.py:159 ] Epoch: [160/200][20/32] lr: 1.03e-04 | MSE loss: 9.3531e-03 | time: 0.040
I 06.08/07:15:37 solver.py:169 ] => Val  Loss: 8.0507e-03

I 06.08/07:15:38 solver.py:405 ] [20/32] loss: 9.3531e-03 | NMSE: -1.6783e+01 | time: 0.046
I 06.08/07:15:39 solver.py:413 ] => Test NMSE: -1.7833e+01

I 06.08/07:15:39 solver.py:345 ] => LoRA monitor [epoch=160] | trainable=1310720/1310720 | non_lora_trainable=0 | lora_l2=2.054098e+01 | lora_A_l2=1.281633e+01 | lora_B_l2=1.605221e+01 | component_l2=fc_decoder:1.746956e+01,fc_encoder:1.080493e+01 | lora_abs_max=1.378841e-01 | delta_l2=1.969778e+01 | delta_rel=3.017718e+00 | train_loss=8.244663e-03 | val_loss=8.050660e-03 | test_loss=8.235252e-03 | nmse=-1.783293e+01
I 06.08/07:15:39 solver.py:224 ] 
=! Best NMSE: -1.7833e+01 (epoch=157)

I 06.08/07:15:40 solver.py:159 ] Epoch: [161/200][20/282] lr: 1.02e-04 | MSE loss: 6.2256e-03 | time: 0.047
I 06.08/07:15:41 solver.py:159 ] Epoch: [161/200][40/282] lr: 1.02e-04 | MSE loss: 6.5949e-03 | time: 0.049
I 06.08/07:15:42 solver.py:159 ] Epoch: [161/200][60/282] lr: 1.02e-04 | MSE loss: 6.5784e-03 | time: 0.049
I 06.08/07:15:43 solver.py:159 ] Epoch: [161/200][80/282] lr: 1.02e-04 | MSE loss: 6.6968e-03 | time: 0.047
I 06.08/07:15:44 solver.py:159 ] Epoch: [161/200][100/282] lr: 1.02e-04 | MSE loss: 7.0009e-03 | time: 0.047
I 06.08/07:15:44 solver.py:159 ] Epoch: [161/200][120/282] lr: 1.02e-04 | MSE loss: 7.2729e-03 | time: 0.046
I 06.08/07:15:45 solver.py:159 ] Epoch: [161/200][140/282] lr: 1.01e-04 | MSE loss: 7.5399e-03 | time: 0.045
I 06.08/07:15:46 solver.py:159 ] Epoch: [161/200][160/282] lr: 1.01e-04 | MSE loss: 7.5999e-03 | time: 0.044
I 06.08/07:15:47 solver.py:159 ] Epoch: [161/200][180/282] lr: 1.01e-04 | MSE loss: 7.9772e-03 | time: 0.044
I 06.08/07:15:48 solver.py:159 ] Epoch: [161/200][200/282] lr: 1.01e-04 | MSE loss: 8.1059e-03 | time: 0.044
I 06.08/07:15:48 solver.py:159 ] Epoch: [161/200][220/282] lr: 1.01e-04 | MSE loss: 7.9998e-03 | time: 0.044
I 06.08/07:15:50 solver.py:159 ] Epoch: [161/200][240/282] lr: 1.01e-04 | MSE loss: 8.1368e-03 | time: 0.045
I 06.08/07:15:51 solver.py:159 ] Epoch: [161/200][260/282] lr: 1.00e-04 | MSE loss: 8.2141e-03 | time: 0.047
I 06.08/07:15:52 solver.py:159 ] Epoch: [161/200][280/282] lr: 1.00e-04 | MSE loss: 8.1546e-03 | time: 0.047
I 06.08/07:15:52 solver.py:169 ] => Train  Loss: 8.1567e-03

I 06.08/07:15:53 solver.py:405 ] [20/32] loss: 9.3527e-03 | NMSE: -1.6783e+01 | time: 0.037
I 06.08/07:15:53 solver.py:413 ] => Test NMSE: -1.7833e+01

I 06.08/07:15:53 solver.py:345 ] => LoRA monitor [epoch=161] | trainable=1310720/1310720 | non_lora_trainable=0 | lora_l2=2.056930e+01 | lora_A_l2=1.284038e+01 | lora_B_l2=1.606925e+01 | component_l2=fc_decoder:1.748723e+01,fc_encoder:1.083019e+01 | lora_abs_max=1.377829e-01 | delta_l2=1.972747e+01 | delta_rel=3.022267e+00 | train_loss=8.156748e-03 | test_loss=8.234835e-03 | nmse=-1.783315e+01
I 06.08/07:15:53 solver.py:224 ] 
=! Best NMSE: -1.7833e+01 (epoch=157)

I 06.08/07:15:54 solver.py:159 ] Epoch: [162/200][20/282] lr: 1.00e-04 | MSE loss: 8.9554e-03 | time: 0.051
I 06.08/07:15:55 solver.py:159 ] Epoch: [162/200][40/282] lr: 9.98e-05 | MSE loss: 8.3065e-03 | time: 0.050
I 06.08/07:15:56 solver.py:159 ] Epoch: [162/200][60/282] lr: 9.96e-05 | MSE loss: 7.4519e-03 | time: 0.047
I 06.08/07:15:57 solver.py:159 ] Epoch: [162/200][80/282] lr: 9.94e-05 | MSE loss: 7.9598e-03 | time: 0.045
I 06.08/07:15:58 solver.py:159 ] Epoch: [162/200][100/282] lr: 9.93e-05 | MSE loss: 8.3353e-03 | time: 0.044
I 06.08/07:15:59 solver.py:159 ] Epoch: [162/200][120/282] lr: 9.91e-05 | MSE loss: 8.0685e-03 | time: 0.044
I 06.08/07:15:59 solver.py:159 ] Epoch: [162/200][140/282] lr: 9.89e-05 | MSE loss: 8.1335e-03 | time: 0.044
I 06.08/07:16:01 solver.py:159 ] Epoch: [162/200][160/282] lr: 9.87e-05 | MSE loss: 8.1632e-03 | time: 0.046
I 06.08/07:16:02 solver.py:159 ] Epoch: [162/200][180/282] lr: 9.86e-05 | MSE loss: 8.2281e-03 | time: 0.050
I 06.08/07:16:04 solver.py:159 ] Epoch: [162/200][200/282] lr: 9.84e-05 | MSE loss: 8.2662e-03 | time: 0.054
I 06.08/07:16:05 solver.py:159 ] Epoch: [162/200][220/282] lr: 9.82e-05 | MSE loss: 8.1724e-03 | time: 0.054
I 06.08/07:16:06 solver.py:159 ] Epoch: [162/200][240/282] lr: 9.81e-05 | MSE loss: 8.0232e-03 | time: 0.052
I 06.08/07:16:07 solver.py:159 ] Epoch: [162/200][260/282] lr: 9.79e-05 | MSE loss: 7.9816e-03 | time: 0.051
I 06.08/07:16:08 solver.py:159 ] Epoch: [162/200][280/282] lr: 9.77e-05 | MSE loss: 8.1085e-03 | time: 0.051
I 06.08/07:16:08 solver.py:169 ] => Train  Loss: 8.1695e-03

I 06.08/07:16:09 solver.py:405 ] [20/32] loss: 9.3525e-03 | NMSE: -1.6783e+01 | time: 0.052
I 06.08/07:16:09 solver.py:413 ] => Test NMSE: -1.7833e+01

I 06.08/07:16:09 solver.py:345 ] => LoRA monitor [epoch=162] | trainable=1310720/1310720 | non_lora_trainable=0 | lora_l2=2.059724e+01 | lora_A_l2=1.286076e+01 | lora_B_l2=1.608873e+01 | component_l2=fc_decoder:1.750603e+01,fc_encoder:1.085289e+01 | lora_abs_max=1.385546e-01 | delta_l2=1.975671e+01 | delta_rel=3.026746e+00 | train_loss=8.169451e-03 | test_loss=8.234654e-03 | nmse=-1.783325e+01
I 06.08/07:16:10 solver.py:224 ] 
=! Best NMSE: -1.7833e+01 (epoch=162)

I 06.08/07:16:11 solver.py:159 ] Epoch: [163/200][20/282] lr: 9.75e-05 | MSE loss: 6.6860e-03 | time: 0.047
I 06.08/07:16:12 solver.py:159 ] Epoch: [163/200][40/282] lr: 9.74e-05 | MSE loss: 6.6941e-03 | time: 0.049
I 06.08/07:16:13 solver.py:159 ] Epoch: [163/200][60/282] lr: 9.72e-05 | MSE loss: 7.4923e-03 | time: 0.049
I 06.08/07:16:14 solver.py:159 ] Epoch: [163/200][80/282] lr: 9.70e-05 | MSE loss: 8.3542e-03 | time: 0.049
I 06.08/07:16:15 solver.py:159 ] Epoch: [163/200][100/282] lr: 9.68e-05 | MSE loss: 8.1575e-03 | time: 0.048
I 06.08/07:16:15 solver.py:159 ] Epoch: [163/200][120/282] lr: 9.67e-05 | MSE loss: 7.6694e-03 | time: 0.048
I 06.08/07:16:16 solver.py:159 ] Epoch: [163/200][140/282] lr: 9.65e-05 | MSE loss: 7.7800e-03 | time: 0.048
I 06.08/07:16:17 solver.py:159 ] Epoch: [163/200][160/282] lr: 9.63e-05 | MSE loss: 7.7052e-03 | time: 0.048
I 06.08/07:16:18 solver.py:159 ] Epoch: [163/200][180/282] lr: 9.62e-05 | MSE loss: 7.9374e-03 | time: 0.047
I 06.08/07:16:19 solver.py:159 ] Epoch: [163/200][200/282] lr: 9.60e-05 | MSE loss: 8.1602e-03 | time: 0.047
I 06.08/07:16:20 solver.py:159 ] Epoch: [163/200][220/282] lr: 9.58e-05 | MSE loss: 8.2056e-03 | time: 0.046
I 06.08/07:16:21 solver.py:159 ] Epoch: [163/200][240/282] lr: 9.57e-05 | MSE loss: 8.1372e-03 | time: 0.046
I 06.08/07:16:22 solver.py:159 ] Epoch: [163/200][260/282] lr: 9.55e-05 | MSE loss: 8.1805e-03 | time: 0.046
I 06.08/07:16:23 solver.py:159 ] Epoch: [163/200][280/282] lr: 9.53e-05 | MSE loss: 8.1667e-03 | time: 0.047
I 06.08/07:16:23 solver.py:169 ] => Train  Loss: 8.1312e-03

I 06.08/07:16:24 solver.py:405 ] [20/32] loss: 9.3526e-03 | NMSE: -1.6783e+01 | time: 0.047
I 06.08/07:16:24 solver.py:413 ] => Test NMSE: -1.7833e+01

I 06.08/07:16:24 solver.py:345 ] => LoRA monitor [epoch=163] | trainable=1310720/1310720 | non_lora_trainable=0 | lora_l2=2.062473e+01 | lora_A_l2=1.288051e+01 | lora_B_l2=1.610813e+01 | component_l2=fc_decoder:1.752374e+01,fc_encoder:1.087650e+01 | lora_abs_max=1.387589e-01 | delta_l2=1.978558e+01 | delta_rel=3.031169e+00 | train_loss=8.131236e-03 | test_loss=8.234792e-03 | nmse=-1.783317e+01
I 06.08/07:16:24 solver.py:224 ] 
=! Best NMSE: -1.7833e+01 (epoch=162)

I 06.08/07:16:25 solver.py:159 ] Epoch: [164/200][20/282] lr: 9.51e-05 | MSE loss: 7.0968e-03 | time: 0.047
I 06.08/07:16:26 solver.py:159 ] Epoch: [164/200][40/282] lr: 9.50e-05 | MSE loss: 7.3328e-03 | time: 0.046
I 06.08/07:16:27 solver.py:159 ] Epoch: [164/200][60/282] lr: 9.48e-05 | MSE loss: 8.5141e-03 | time: 0.047
I 06.08/07:16:28 solver.py:159 ] Epoch: [164/200][80/282] lr: 9.46e-05 | MSE loss: 9.1451e-03 | time: 0.047
I 06.08/07:16:29 solver.py:159 ] Epoch: [164/200][100/282] lr: 9.45e-05 | MSE loss: 8.7543e-03 | time: 0.047
I 06.08/07:16:30 solver.py:159 ] Epoch: [164/200][120/282] lr: 9.43e-05 | MSE loss: 8.9264e-03 | time: 0.047
I 06.08/07:16:31 solver.py:159 ] Epoch: [164/200][140/282] lr: 9.41e-05 | MSE loss: 8.8085e-03 | time: 0.048
I 06.08/07:16:32 solver.py:159 ] Epoch: [164/200][160/282] lr: 9.40e-05 | MSE loss: 8.6719e-03 | time: 0.047
I 06.08/07:16:33 solver.py:159 ] Epoch: [164/200][180/282] lr: 9.38e-05 | MSE loss: 8.3494e-03 | time: 0.047
I 06.08/07:16:34 solver.py:159 ] Epoch: [164/200][200/282] lr: 9.36e-05 | MSE loss: 8.4037e-03 | time: 0.046
I 06.08/07:16:34 solver.py:159 ] Epoch: [164/200][220/282] lr: 9.35e-05 | MSE loss: 8.3326e-03 | time: 0.046
I 06.08/07:16:35 solver.py:159 ] Epoch: [164/200][240/282] lr: 9.33e-05 | MSE loss: 8.3024e-03 | time: 0.046
I 06.08/07:16:36 solver.py:159 ] Epoch: [164/200][260/282] lr: 9.32e-05 | MSE loss: 8.2322e-03 | time: 0.046
I 06.08/07:16:37 solver.py:159 ] Epoch: [164/200][280/282] lr: 9.30e-05 | MSE loss: 8.1760e-03 | time: 0.046
I 06.08/07:16:37 solver.py:169 ] => Train  Loss: 8.1299e-03

I 06.08/07:16:38 solver.py:405 ] [20/32] loss: 9.3526e-03 | NMSE: -1.6783e+01 | time: 0.041
I 06.08/07:16:39 solver.py:413 ] => Test NMSE: -1.7833e+01

I 06.08/07:16:39 solver.py:345 ] => LoRA monitor [epoch=164] | trainable=1310720/1310720 | non_lora_trainable=0 | lora_l2=2.065472e+01 | lora_A_l2=1.290159e+01 | lora_B_l2=1.612968e+01 | component_l2=fc_decoder:1.754475e+01,fc_encoder:1.089951e+01 | lora_abs_max=1.388564e-01 | delta_l2=1.981669e+01 | delta_rel=3.035935e+00 | train_loss=8.129928e-03 | test_loss=8.234745e-03 | nmse=-1.783320e+01
I 06.08/07:16:39 solver.py:224 ] 
=! Best NMSE: -1.7833e+01 (epoch=162)

I 06.08/07:16:40 solver.py:159 ] Epoch: [165/200][20/282] lr: 9.28e-05 | MSE loss: 7.8011e-03 | time: 0.051
I 06.08/07:16:41 solver.py:159 ] Epoch: [165/200][40/282] lr: 9.26e-05 | MSE loss: 8.0799e-03 | time: 0.057
I 06.08/07:16:42 solver.py:159 ] Epoch: [165/200][60/282] lr: 9.25e-05 | MSE loss: 8.3025e-03 | time: 0.055
I 06.08/07:16:43 solver.py:159 ] Epoch: [165/200][80/282] lr: 9.23e-05 | MSE loss: 8.2721e-03 | time: 0.051
I 06.08/07:16:43 solver.py:159 ] Epoch: [165/200][100/282] lr: 9.22e-05 | MSE loss: 8.4829e-03 | time: 0.049
I 06.08/07:16:44 solver.py:159 ] Epoch: [165/200][120/282] lr: 9.20e-05 | MSE loss: 8.3322e-03 | time: 0.048
I 06.08/07:16:45 solver.py:159 ] Epoch: [165/200][140/282] lr: 9.18e-05 | MSE loss: 8.4598e-03 | time: 0.049
I 06.08/07:16:46 solver.py:159 ] Epoch: [165/200][160/282] lr: 9.17e-05 | MSE loss: 8.4975e-03 | time: 0.048
I 06.08/07:16:47 solver.py:159 ] Epoch: [165/200][180/282] lr: 9.15e-05 | MSE loss: 8.3811e-03 | time: 0.048
I 06.08/07:16:48 solver.py:159 ] Epoch: [165/200][200/282] lr: 9.13e-05 | MSE loss: 8.2356e-03 | time: 0.047
I 06.08/07:16:49 solver.py:159 ] Epoch: [165/200][220/282] lr: 9.12e-05 | MSE loss: 8.2777e-03 | time: 0.047
I 06.08/07:16:50 solver.py:159 ] Epoch: [165/200][240/282] lr: 9.10e-05 | MSE loss: 8.1629e-03 | time: 0.047
I 06.08/07:16:51 solver.py:159 ] Epoch: [165/200][260/282] lr: 9.09e-05 | MSE loss: 8.1234e-03 | time: 0.046
I 06.08/07:16:52 solver.py:159 ] Epoch: [165/200][280/282] lr: 9.07e-05 | MSE loss: 8.1745e-03 | time: 0.048
I 06.08/07:16:52 solver.py:169 ] => Train  Loss: 8.1326e-03

I 06.08/07:16:53 solver.py:405 ] [20/32] loss: 9.3525e-03 | NMSE: -1.6783e+01 | time: 0.052
I 06.08/07:16:54 solver.py:413 ] => Test NMSE: -1.7833e+01

I 06.08/07:16:54 solver.py:345 ] => LoRA monitor [epoch=165] | trainable=1310720/1310720 | non_lora_trainable=0 | lora_l2=2.068032e+01 | lora_A_l2=1.292077e+01 | lora_B_l2=1.614712e+01 | component_l2=fc_decoder:1.756112e+01,fc_encoder:1.092167e+01 | lora_abs_max=1.393341e-01 | delta_l2=1.984339e+01 | delta_rel=3.040025e+00 | train_loss=8.132562e-03 | test_loss=8.234633e-03 | nmse=-1.783326e+01
I 06.08/07:16:54 solver.py:224 ] 
=! Best NMSE: -1.7833e+01 (epoch=165)

I 06.08/07:16:55 solver.py:159 ] Epoch: [166/200][20/282] lr: 9.05e-05 | MSE loss: 6.2894e-03 | time: 0.053
I 06.08/07:16:56 solver.py:159 ] Epoch: [166/200][40/282] lr: 9.04e-05 | MSE loss: 7.8264e-03 | time: 0.052
I 06.08/07:16:57 solver.py:159 ] Epoch: [166/200][60/282] lr: 9.02e-05 | MSE loss: 8.5325e-03 | time: 0.052
I 06.08/07:16:58 solver.py:159 ] Epoch: [166/200][80/282] lr: 9.01e-05 | MSE loss: 8.2760e-03 | time: 0.050
I 06.08/07:16:59 solver.py:159 ] Epoch: [166/200][100/282] lr: 8.99e-05 | MSE loss: 8.2611e-03 | time: 0.049
I 06.08/07:17:00 solver.py:159 ] Epoch: [166/200][120/282] lr: 8.97e-05 | MSE loss: 8.1901e-03 | time: 0.049
I 06.08/07:17:01 solver.py:159 ] Epoch: [166/200][140/282] lr: 8.96e-05 | MSE loss: 8.1498e-03 | time: 0.051
I 06.08/07:17:03 solver.py:159 ] Epoch: [166/200][160/282] lr: 8.94e-05 | MSE loss: 8.2230e-03 | time: 0.054
I 06.08/07:17:04 solver.py:159 ] Epoch: [166/200][180/282] lr: 8.93e-05 | MSE loss: 8.2697e-03 | time: 0.056
I 06.08/07:17:05 solver.py:159 ] Epoch: [166/200][200/282] lr: 8.91e-05 | MSE loss: 8.3568e-03 | time: 0.054
I 06.08/07:17:05 solver.py:159 ] Epoch: [166/200][220/282] lr: 8.90e-05 | MSE loss: 8.3118e-03 | time: 0.052
I 06.08/07:17:06 solver.py:159 ] Epoch: [166/200][240/282] lr: 8.88e-05 | MSE loss: 8.1883e-03 | time: 0.052
I 06.08/07:17:07 solver.py:159 ] Epoch: [166/200][260/282] lr: 8.86e-05 | MSE loss: 8.2885e-03 | time: 0.051
I 06.08/07:17:08 solver.py:159 ] Epoch: [166/200][280/282] lr: 8.85e-05 | MSE loss: 8.1672e-03 | time: 0.051
I 06.08/07:17:08 solver.py:169 ] => Train  Loss: 8.1452e-03

I 06.08/07:17:09 solver.py:405 ] [20/32] loss: 9.3528e-03 | NMSE: -1.6783e+01 | time: 0.034
I 06.08/07:17:09 solver.py:413 ] => Test NMSE: -1.7833e+01

I 06.08/07:17:09 solver.py:345 ] => LoRA monitor [epoch=166] | trainable=1310720/1310720 | non_lora_trainable=0 | lora_l2=2.071058e+01 | lora_A_l2=1.294228e+01 | lora_B_l2=1.616866e+01 | component_l2=fc_decoder:1.758141e+01,fc_encoder:1.094633e+01 | lora_abs_max=1.392272e-01 | delta_l2=1.987478e+01 | delta_rel=3.044835e+00 | train_loss=8.145235e-03 | test_loss=8.234845e-03 | nmse=-1.783315e+01
I 06.08/07:17:09 solver.py:224 ] 
=! Best NMSE: -1.7833e+01 (epoch=165)

I 06.08/07:17:10 solver.py:159 ] Epoch: [167/200][20/282] lr: 8.83e-05 | MSE loss: 9.1862e-03 | time: 0.048
I 06.08/07:17:11 solver.py:159 ] Epoch: [167/200][40/282] lr: 8.82e-05 | MSE loss: 9.0580e-03 | time: 0.046
I 06.08/07:17:12 solver.py:159 ] Epoch: [167/200][60/282] lr: 8.80e-05 | MSE loss: 8.3210e-03 | time: 0.048
I 06.08/07:17:13 solver.py:159 ] Epoch: [167/200][80/282] lr: 8.78e-05 | MSE loss: 7.9664e-03 | time: 0.047
I 06.08/07:17:14 solver.py:159 ] Epoch: [167/200][100/282] lr: 8.77e-05 | MSE loss: 8.0293e-03 | time: 0.047
I 06.08/07:17:15 solver.py:159 ] Epoch: [167/200][120/282] lr: 8.75e-05 | MSE loss: 8.4075e-03 | time: 0.046
I 06.08/07:17:16 solver.py:159 ] Epoch: [167/200][140/282] lr: 8.74e-05 | MSE loss: 8.2477e-03 | time: 0.046
I 06.08/07:17:17 solver.py:159 ] Epoch: [167/200][160/282] lr: 8.72e-05 | MSE loss: 8.5210e-03 | time: 0.046
I 06.08/07:17:18 solver.py:159 ] Epoch: [167/200][180/282] lr: 8.71e-05 | MSE loss: 8.4376e-03 | time: 0.046
I 06.08/07:17:19 solver.py:159 ] Epoch: [167/200][200/282] lr: 8.69e-05 | MSE loss: 8.2476e-03 | time: 0.046
I 06.08/07:17:20 solver.py:159 ] Epoch: [167/200][220/282] lr: 8.68e-05 | MSE loss: 8.1177e-03 | time: 0.046
I 06.08/07:17:21 solver.py:159 ] Epoch: [167/200][240/282] lr: 8.66e-05 | MSE loss: 8.0076e-03 | time: 0.046
I 06.08/07:17:21 solver.py:159 ] Epoch: [167/200][260/282] lr: 8.65e-05 | MSE loss: 8.0954e-03 | time: 0.046
I 06.08/07:17:22 solver.py:159 ] Epoch: [167/200][280/282] lr: 8.63e-05 | MSE loss: 8.1572e-03 | time: 0.046
I 06.08/07:17:22 solver.py:169 ] => Train  Loss: 8.1299e-03

I 06.08/07:17:24 solver.py:405 ] [20/32] loss: 9.3524e-03 | NMSE: -1.6783e+01 | time: 0.053
I 06.08/07:17:24 solver.py:413 ] => Test NMSE: -1.7833e+01

I 06.08/07:17:24 solver.py:345 ] => LoRA monitor [epoch=167] | trainable=1310720/1310720 | non_lora_trainable=0 | lora_l2=2.073238e+01 | lora_A_l2=1.295887e+01 | lora_B_l2=1.618331e+01 | component_l2=fc_decoder:1.759508e+01,fc_encoder:1.096562e+01 | lora_abs_max=1.388517e-01 | delta_l2=1.989765e+01 | delta_rel=3.048339e+00 | train_loss=8.129880e-03 | test_loss=8.234580e-03 | nmse=-1.783329e+01
I 06.08/07:17:24 solver.py:224 ] 
=! Best NMSE: -1.7833e+01 (epoch=167)

I 06.08/07:17:25 solver.py:159 ] Epoch: [168/200][20/282] lr: 8.61e-05 | MSE loss: 8.5046e-03 | time: 0.051
I 06.08/07:17:26 solver.py:159 ] Epoch: [168/200][40/282] lr: 8.60e-05 | MSE loss: 7.2209e-03 | time: 0.050
I 06.08/07:17:27 solver.py:159 ] Epoch: [168/200][60/282] lr: 8.58e-05 | MSE loss: 7.2931e-03 | time: 0.050
I 06.08/07:17:28 solver.py:159 ] Epoch: [168/200][80/282] lr: 8.57e-05 | MSE loss: 7.6763e-03 | time: 0.049
I 06.08/07:17:29 solver.py:159 ] Epoch: [168/200][100/282] lr: 8.55e-05 | MSE loss: 7.7711e-03 | time: 0.049
I 06.08/07:17:30 solver.py:159 ] Epoch: [168/200][120/282] lr: 8.54e-05 | MSE loss: 7.7793e-03 | time: 0.049
I 06.08/07:17:31 solver.py:159 ] Epoch: [168/200][140/282] lr: 8.52e-05 | MSE loss: 8.1359e-03 | time: 0.048
I 06.08/07:17:32 solver.py:159 ] Epoch: [168/200][160/282] lr: 8.51e-05 | MSE loss: 8.2243e-03 | time: 0.047
I 06.08/07:17:33 solver.py:159 ] Epoch: [168/200][180/282] lr: 8.49e-05 | MSE loss: 8.4053e-03 | time: 0.047
I 06.08/07:17:34 solver.py:159 ] Epoch: [168/200][200/282] lr: 8.48e-05 | MSE loss: 8.2955e-03 | time: 0.047
I 06.08/07:17:35 solver.py:159 ] Epoch: [168/200][220/282] lr: 8.46e-05 | MSE loss: 8.4091e-03 | time: 0.047
I 06.08/07:17:36 solver.py:159 ] Epoch: [168/200][240/282] lr: 8.45e-05 | MSE loss: 8.3314e-03 | time: 0.046
I 06.08/07:17:36 solver.py:159 ] Epoch: [168/200][260/282] lr: 8.44e-05 | MSE loss: 8.1494e-03 | time: 0.046
I 06.08/07:17:37 solver.py:159 ] Epoch: [168/200][280/282] lr: 8.42e-05 | MSE loss: 8.1609e-03 | time: 0.047
I 06.08/07:17:37 solver.py:169 ] => Train  Loss: 8.1312e-03

I 06.08/07:17:38 solver.py:405 ] [20/32] loss: 9.3525e-03 | NMSE: -1.6783e+01 | time: 0.041
I 06.08/07:17:39 solver.py:413 ] => Test NMSE: -1.7833e+01

I 06.08/07:17:39 solver.py:345 ] => LoRA monitor [epoch=168] | trainable=1310720/1310720 | non_lora_trainable=0 | lora_l2=2.075921e+01 | lora_A_l2=1.297828e+01 | lora_B_l2=1.620213e+01 | component_l2=fc_decoder:1.761303e+01,fc_encoder:1.098753e+01 | lora_abs_max=1.395924e-01 | delta_l2=1.992540e+01 | delta_rel=3.052589e+00 | train_loss=8.131236e-03 | test_loss=8.234629e-03 | nmse=-1.783326e+01
I 06.08/07:17:39 solver.py:224 ] 
=! Best NMSE: -1.7833e+01 (epoch=167)

I 06.08/07:17:40 solver.py:159 ] Epoch: [169/200][20/282] lr: 8.40e-05 | MSE loss: 6.8317e-03 | time: 0.045
I 06.08/07:17:41 solver.py:159 ] Epoch: [169/200][40/282] lr: 8.39e-05 | MSE loss: 7.6389e-03 | time: 0.044
I 06.08/07:17:41 solver.py:159 ] Epoch: [169/200][60/282] lr: 8.37e-05 | MSE loss: 7.1225e-03 | time: 0.044
I 06.08/07:17:42 solver.py:159 ] Epoch: [169/200][80/282] lr: 8.36e-05 | MSE loss: 7.7062e-03 | time: 0.043
I 06.08/07:17:43 solver.py:159 ] Epoch: [169/200][100/282] lr: 8.35e-05 | MSE loss: 7.3786e-03 | time: 0.044
I 06.08/07:17:44 solver.py:159 ] Epoch: [169/200][120/282] lr: 8.33e-05 | MSE loss: 7.4991e-03 | time: 0.043
I 06.08/07:17:45 solver.py:159 ] Epoch: [169/200][140/282] lr: 8.32e-05 | MSE loss: 7.5405e-03 | time: 0.044
I 06.08/07:17:46 solver.py:159 ] Epoch: [169/200][160/282] lr: 8.30e-05 | MSE loss: 7.8561e-03 | time: 0.044
I 06.08/07:17:47 solver.py:159 ] Epoch: [169/200][180/282] lr: 8.29e-05 | MSE loss: 8.0189e-03 | time: 0.044
I 06.08/07:17:48 solver.py:159 ] Epoch: [169/200][200/282] lr: 8.27e-05 | MSE loss: 8.0642e-03 | time: 0.044
I 06.08/07:17:49 solver.py:159 ] Epoch: [169/200][220/282] lr: 8.26e-05 | MSE loss: 8.0706e-03 | time: 0.045
I 06.08/07:17:50 solver.py:159 ] Epoch: [169/200][240/282] lr: 8.24e-05 | MSE loss: 7.9159e-03 | time: 0.045
I 06.08/07:17:50 solver.py:159 ] Epoch: [169/200][260/282] lr: 8.23e-05 | MSE loss: 8.1795e-03 | time: 0.045
I 06.08/07:17:51 solver.py:159 ] Epoch: [169/200][280/282] lr: 8.22e-05 | MSE loss: 8.1052e-03 | time: 0.045
I 06.08/07:17:51 solver.py:169 ] => Train  Loss: 8.1938e-03

I 06.08/07:17:52 solver.py:405 ] [20/32] loss: 9.3528e-03 | NMSE: -1.6783e+01 | time: 0.044
I 06.08/07:17:53 solver.py:413 ] => Test NMSE: -1.7833e+01

I 06.08/07:17:53 solver.py:345 ] => LoRA monitor [epoch=169] | trainable=1310720/1310720 | non_lora_trainable=0 | lora_l2=2.078544e+01 | lora_A_l2=1.299779e+01 | lora_B_l2=1.622011e+01 | component_l2=fc_decoder:1.762996e+01,fc_encoder:1.100994e+01 | lora_abs_max=1.400365e-01 | delta_l2=1.995286e+01 | delta_rel=3.056796e+00 | train_loss=8.193764e-03 | test_loss=8.234953e-03 | nmse=-1.783309e+01
I 06.08/07:17:53 solver.py:224 ] 
=! Best NMSE: -1.7833e+01 (epoch=167)

I 06.08/07:17:54 solver.py:159 ] Epoch: [170/200][20/282] lr: 8.20e-05 | MSE loss: 7.8422e-03 | time: 0.046
I 06.08/07:17:55 solver.py:159 ] Epoch: [170/200][40/282] lr: 8.19e-05 | MSE loss: 7.6031e-03 | time: 0.045
I 06.08/07:17:56 solver.py:159 ] Epoch: [170/200][60/282] lr: 8.17e-05 | MSE loss: 7.3149e-03 | time: 0.046
I 06.08/07:17:57 solver.py:159 ] Epoch: [170/200][80/282] lr: 8.16e-05 | MSE loss: 7.9508e-03 | time: 0.046
I 06.08/07:17:57 solver.py:159 ] Epoch: [170/200][100/282] lr: 8.14e-05 | MSE loss: 7.8273e-03 | time: 0.046
I 06.08/07:17:58 solver.py:159 ] Epoch: [170/200][120/282] lr: 8.13e-05 | MSE loss: 7.8029e-03 | time: 0.046
I 06.08/07:17:59 solver.py:159 ] Epoch: [170/200][140/282] lr: 8.11e-05 | MSE loss: 8.1349e-03 | time: 0.046
I 06.08/07:18:00 solver.py:159 ] Epoch: [170/200][160/282] lr: 8.10e-05 | MSE loss: 8.2680e-03 | time: 0.045
I 06.08/07:18:02 solver.py:159 ] Epoch: [170/200][180/282] lr: 8.09e-05 | MSE loss: 8.1822e-03 | time: 0.049
I 06.08/07:18:04 solver.py:159 ] Epoch: [170/200][200/282] lr: 8.07e-05 | MSE loss: 8.1528e-03 | time: 0.055
I 06.08/07:18:05 solver.py:159 ] Epoch: [170/200][220/282] lr: 8.06e-05 | MSE loss: 8.1902e-03 | time: 0.056
I 06.08/07:18:06 solver.py:159 ] Epoch: [170/200][240/282] lr: 8.04e-05 | MSE loss: 8.0761e-03 | time: 0.056
I 06.08/07:18:07 solver.py:159 ] Epoch: [170/200][260/282] lr: 8.03e-05 | MSE loss: 8.2635e-03 | time: 0.055
I 06.08/07:18:08 solver.py:159 ] Epoch: [170/200][280/282] lr: 8.02e-05 | MSE loss: 8.1761e-03 | time: 0.054
I 06.08/07:18:08 solver.py:169 ] => Train  Loss: 8.1304e-03

I 06.08/07:18:09 solver.py:159 ] Epoch: [170/200][20/32] lr: 8.01e-05 | MSE loss: 9.3526e-03 | time: 0.039
I 06.08/07:18:09 solver.py:169 ] => Val  Loss: 8.0501e-03

I 06.08/07:18:10 solver.py:405 ] [20/32] loss: 9.3526e-03 | NMSE: -1.6783e+01 | time: 0.057
I 06.08/07:18:11 solver.py:413 ] => Test NMSE: -1.7833e+01

I 06.08/07:18:11 solver.py:345 ] => LoRA monitor [epoch=170] | trainable=1310720/1310720 | non_lora_trainable=0 | lora_l2=2.080710e+01 | lora_A_l2=1.301393e+01 | lora_B_l2=1.623493e+01 | component_l2=fc_decoder:1.764393e+01,fc_encoder:1.102847e+01 | lora_abs_max=1.402836e-01 | delta_l2=1.997552e+01 | delta_rel=3.060268e+00 | train_loss=8.130377e-03 | val_loss=8.050112e-03 | test_loss=8.234696e-03 | nmse=-1.783323e+01
I 06.08/07:18:11 solver.py:224 ] 
=! Best NMSE: -1.7833e+01 (epoch=167)

I 06.08/07:18:12 solver.py:159 ] Epoch: [171/200][20/282] lr: 8.00e-05 | MSE loss: 7.3914e-03 | time: 0.051
I 06.08/07:18:13 solver.py:159 ] Epoch: [171/200][40/282] lr: 7.99e-05 | MSE loss: 8.1288e-03 | time: 0.049
I 06.08/07:18:14 solver.py:159 ] Epoch: [171/200][60/282] lr: 7.97e-05 | MSE loss: 8.1904e-03 | time: 0.049
I 06.08/07:18:15 solver.py:159 ] Epoch: [171/200][80/282] lr: 7.96e-05 | MSE loss: 7.7340e-03 | time: 0.048
I 06.08/07:18:16 solver.py:159 ] Epoch: [171/200][100/282] lr: 7.95e-05 | MSE loss: 7.6429e-03 | time: 0.049
I 06.08/07:18:17 solver.py:159 ] Epoch: [171/200][120/282] lr: 7.93e-05 | MSE loss: 7.8711e-03 | time: 0.049
I 06.08/07:18:18 solver.py:159 ] Epoch: [171/200][140/282] lr: 7.92e-05 | MSE loss: 7.9839e-03 | time: 0.049
I 06.08/07:18:19 solver.py:159 ] Epoch: [171/200][160/282] lr: 7.90e-05 | MSE loss: 8.0045e-03 | time: 0.048
I 06.08/07:18:20 solver.py:159 ] Epoch: [171/200][180/282] lr: 7.89e-05 | MSE loss: 8.0874e-03 | time: 0.048
I 06.08/07:18:20 solver.py:159 ] Epoch: [171/200][200/282] lr: 7.88e-05 | MSE loss: 8.3299e-03 | time: 0.047
I 06.08/07:18:21 solver.py:159 ] Epoch: [171/200][220/282] lr: 7.86e-05 | MSE loss: 8.2241e-03 | time: 0.047
I 06.08/07:18:22 solver.py:159 ] Epoch: [171/200][240/282] lr: 7.85e-05 | MSE loss: 8.1088e-03 | time: 0.047
I 06.08/07:18:23 solver.py:159 ] Epoch: [171/200][260/282] lr: 7.84e-05 | MSE loss: 8.1636e-03 | time: 0.047
I 06.08/07:18:24 solver.py:159 ] Epoch: [171/200][280/282] lr: 7.82e-05 | MSE loss: 8.1291e-03 | time: 0.047
I 06.08/07:18:24 solver.py:169 ] => Train  Loss: 8.1313e-03

I 06.08/07:18:25 solver.py:405 ] [20/32] loss: 9.3525e-03 | NMSE: -1.6783e+01 | time: 0.049
I 06.08/07:18:26 solver.py:413 ] => Test NMSE: -1.7833e+01

I 06.08/07:18:26 solver.py:345 ] => LoRA monitor [epoch=171] | trainable=1310720/1310720 | non_lora_trainable=0 | lora_l2=2.083283e+01 | lora_A_l2=1.303253e+01 | lora_B_l2=1.625300e+01 | component_l2=fc_decoder:1.766117e+01,fc_encoder:1.104944e+01 | lora_abs_max=1.405401e-01 | delta_l2=2.000221e+01 | delta_rel=3.064356e+00 | train_loss=8.131268e-03 | test_loss=8.234622e-03 | nmse=-1.783326e+01
I 06.08/07:18:26 solver.py:224 ] 
=! Best NMSE: -1.7833e+01 (epoch=167)

I 06.08/07:18:27 solver.py:159 ] Epoch: [172/200][20/282] lr: 7.81e-05 | MSE loss: 9.9831e-03 | time: 0.049
I 06.08/07:18:27 solver.py:159 ] Epoch: [172/200][40/282] lr: 7.79e-05 | MSE loss: 9.8795e-03 | time: 0.045
I 06.08/07:18:28 solver.py:159 ] Epoch: [172/200][60/282] lr: 7.78e-05 | MSE loss: 1.0077e-02 | time: 0.042
I 06.08/07:18:29 solver.py:159 ] Epoch: [172/200][80/282] lr: 7.77e-05 | MSE loss: 1.0210e-02 | time: 0.042
I 06.08/07:18:30 solver.py:159 ] Epoch: [172/200][100/282] lr: 7.75e-05 | MSE loss: 9.5710e-03 | time: 0.043
I 06.08/07:18:31 solver.py:159 ] Epoch: [172/200][120/282] lr: 7.74e-05 | MSE loss: 9.1847e-03 | time: 0.043
I 06.08/07:18:32 solver.py:159 ] Epoch: [172/200][140/282] lr: 7.73e-05 | MSE loss: 8.8829e-03 | time: 0.042
I 06.08/07:18:32 solver.py:159 ] Epoch: [172/200][160/282] lr: 7.71e-05 | MSE loss: 8.6845e-03 | time: 0.042
I 06.08/07:18:33 solver.py:159 ] Epoch: [172/200][180/282] lr: 7.70e-05 | MSE loss: 8.3564e-03 | time: 0.043
I 06.08/07:18:34 solver.py:159 ] Epoch: [172/200][200/282] lr: 7.69e-05 | MSE loss: 8.3416e-03 | time: 0.043
I 06.08/07:18:35 solver.py:159 ] Epoch: [172/200][220/282] lr: 7.67e-05 | MSE loss: 8.3779e-03 | time: 0.043
I 06.08/07:18:36 solver.py:159 ] Epoch: [172/200][240/282] lr: 7.66e-05 | MSE loss: 8.4303e-03 | time: 0.043
I 06.08/07:18:37 solver.py:159 ] Epoch: [172/200][260/282] lr: 7.65e-05 | MSE loss: 8.2294e-03 | time: 0.043
I 06.08/07:18:38 solver.py:159 ] Epoch: [172/200][280/282] lr: 7.63e-05 | MSE loss: 8.1515e-03 | time: 0.043
I 06.08/07:18:38 solver.py:169 ] => Train  Loss: 8.1314e-03

I 06.08/07:18:39 solver.py:405 ] [20/32] loss: 9.3524e-03 | NMSE: -1.6783e+01 | time: 0.046
I 06.08/07:18:39 solver.py:413 ] => Test NMSE: -1.7833e+01

I 06.08/07:18:39 solver.py:345 ] => LoRA monitor [epoch=172] | trainable=1310720/1310720 | non_lora_trainable=0 | lora_l2=2.085640e+01 | lora_A_l2=1.304975e+01 | lora_B_l2=1.626940e+01 | component_l2=fc_decoder:1.767680e+01,fc_encoder:1.106889e+01 | lora_abs_max=1.405075e-01 | delta_l2=2.002673e+01 | delta_rel=3.068114e+00 | train_loss=8.131436e-03 | test_loss=8.234547e-03 | nmse=-1.783330e+01
I 06.08/07:18:40 solver.py:224 ] 
=! Best NMSE: -1.7833e+01 (epoch=172)

I 06.08/07:18:41 solver.py:159 ] Epoch: [173/200][20/282] lr: 7.62e-05 | MSE loss: 8.5777e-03 | time: 0.053
I 06.08/07:18:42 solver.py:159 ] Epoch: [173/200][40/282] lr: 7.61e-05 | MSE loss: 9.1092e-03 | time: 0.050
I 06.08/07:18:43 solver.py:159 ] Epoch: [173/200][60/282] lr: 7.59e-05 | MSE loss: 8.5985e-03 | time: 0.048
I 06.08/07:18:44 solver.py:159 ] Epoch: [173/200][80/282] lr: 7.58e-05 | MSE loss: 8.9527e-03 | time: 0.048
I 06.08/07:18:44 solver.py:159 ] Epoch: [173/200][100/282] lr: 7.57e-05 | MSE loss: 9.0034e-03 | time: 0.048
I 06.08/07:18:45 solver.py:159 ] Epoch: [173/200][120/282] lr: 7.56e-05 | MSE loss: 9.0288e-03 | time: 0.048
I 06.08/07:18:46 solver.py:159 ] Epoch: [173/200][140/282] lr: 7.54e-05 | MSE loss: 8.6888e-03 | time: 0.048
I 06.08/07:18:47 solver.py:159 ] Epoch: [173/200][160/282] lr: 7.53e-05 | MSE loss: 8.8371e-03 | time: 0.048
I 06.08/07:18:48 solver.py:159 ] Epoch: [173/200][180/282] lr: 7.52e-05 | MSE loss: 8.8423e-03 | time: 0.048
I 06.08/07:18:49 solver.py:159 ] Epoch: [173/200][200/282] lr: 7.50e-05 | MSE loss: 8.7746e-03 | time: 0.048
I 06.08/07:18:50 solver.py:159 ] Epoch: [173/200][220/282] lr: 7.49e-05 | MSE loss: 8.4850e-03 | time: 0.048
I 06.08/07:18:51 solver.py:159 ] Epoch: [173/200][240/282] lr: 7.48e-05 | MSE loss: 8.3488e-03 | time: 0.048
I 06.08/07:18:52 solver.py:159 ] Epoch: [173/200][260/282] lr: 7.47e-05 | MSE loss: 8.2383e-03 | time: 0.048
I 06.08/07:18:53 solver.py:159 ] Epoch: [173/200][280/282] lr: 7.45e-05 | MSE loss: 8.1385e-03 | time: 0.048
I 06.08/07:18:53 solver.py:169 ] => Train  Loss: 8.1312e-03

I 06.08/07:18:54 solver.py:405 ] [20/32] loss: 9.3523e-03 | NMSE: -1.6783e+01 | time: 0.043
I 06.08/07:18:54 solver.py:413 ] => Test NMSE: -1.7833e+01

I 06.08/07:18:54 solver.py:345 ] => LoRA monitor [epoch=173] | trainable=1310720/1310720 | non_lora_trainable=0 | lora_l2=2.087591e+01 | lora_A_l2=1.306451e+01 | lora_B_l2=1.628258e+01 | component_l2=fc_decoder:1.768900e+01,fc_encoder:1.108617e+01 | lora_abs_max=1.406637e-01 | delta_l2=2.004727e+01 | delta_rel=3.071260e+00 | train_loss=8.131225e-03 | test_loss=8.234432e-03 | nmse=-1.783337e+01
I 06.08/07:18:55 solver.py:224 ] 
=! Best NMSE: -1.7833e+01 (epoch=173)

I 06.08/07:18:56 solver.py:159 ] Epoch: [174/200][20/282] lr: 7.44e-05 | MSE loss: 7.0693e-03 | time: 0.051
I 06.08/07:18:57 solver.py:159 ] Epoch: [174/200][40/282] lr: 7.43e-05 | MSE loss: 7.7903e-03 | time: 0.049
I 06.08/07:18:58 solver.py:159 ] Epoch: [174/200][60/282] lr: 7.41e-05 | MSE loss: 7.9438e-03 | time: 0.049
I 06.08/07:18:59 solver.py:159 ] Epoch: [174/200][80/282] lr: 7.40e-05 | MSE loss: 7.4561e-03 | time: 0.048
I 06.08/07:19:00 solver.py:159 ] Epoch: [174/200][100/282] lr: 7.39e-05 | MSE loss: 7.4844e-03 | time: 0.048
I 06.08/07:19:01 solver.py:159 ] Epoch: [174/200][120/282] lr: 7.38e-05 | MSE loss: 7.8067e-03 | time: 0.053
I 06.08/07:19:03 solver.py:159 ] Epoch: [174/200][140/282] lr: 7.36e-05 | MSE loss: 8.0106e-03 | time: 0.061
I 06.08/07:19:05 solver.py:159 ] Epoch: [174/200][160/282] lr: 7.35e-05 | MSE loss: 8.2586e-03 | time: 0.064
I 06.08/07:19:06 solver.py:159 ] Epoch: [174/200][180/282] lr: 7.34e-05 | MSE loss: 8.2962e-03 | time: 0.062
I 06.08/07:19:07 solver.py:159 ] Epoch: [174/200][200/282] lr: 7.33e-05 | MSE loss: 8.3915e-03 | time: 0.060
I 06.08/07:19:08 solver.py:159 ] Epoch: [174/200][220/282] lr: 7.32e-05 | MSE loss: 8.3288e-03 | time: 0.058
I 06.08/07:19:09 solver.py:159 ] Epoch: [174/200][240/282] lr: 7.30e-05 | MSE loss: 8.4412e-03 | time: 0.058
I 06.08/07:19:10 solver.py:159 ] Epoch: [174/200][260/282] lr: 7.29e-05 | MSE loss: 8.2447e-03 | time: 0.057
I 06.08/07:19:11 solver.py:159 ] Epoch: [174/200][280/282] lr: 7.28e-05 | MSE loss: 8.1490e-03 | time: 0.056
I 06.08/07:19:11 solver.py:169 ] => Train  Loss: 8.1315e-03

I 06.08/07:19:11 solver.py:405 ] [20/32] loss: 9.3523e-03 | NMSE: -1.6783e+01 | time: 0.040
I 06.08/07:19:12 solver.py:413 ] => Test NMSE: -1.7833e+01

I 06.08/07:19:12 solver.py:345 ] => LoRA monitor [epoch=174] | trainable=1310720/1310720 | non_lora_trainable=0 | lora_l2=2.089958e+01 | lora_A_l2=1.308209e+01 | lora_B_l2=1.629881e+01 | component_l2=fc_decoder:1.770416e+01,fc_encoder:1.110653e+01 | lora_abs_max=1.410202e-01 | delta_l2=2.007193e+01 | delta_rel=3.075038e+00 | train_loss=8.131504e-03 | test_loss=8.234436e-03 | nmse=-1.783336e+01
I 06.08/07:19:12 solver.py:224 ] 
=! Best NMSE: -1.7833e+01 (epoch=173)

I 06.08/07:19:13 solver.py:159 ] Epoch: [175/200][20/282] lr: 7.26e-05 | MSE loss: 8.8224e-03 | time: 0.050
I 06.08/07:19:14 solver.py:159 ] Epoch: [175/200][40/282] lr: 7.25e-05 | MSE loss: 8.3804e-03 | time: 0.049
I 06.08/07:19:15 solver.py:159 ] Epoch: [175/200][60/282] lr: 7.24e-05 | MSE loss: 7.8890e-03 | time: 0.047
I 06.08/07:19:16 solver.py:159 ] Epoch: [175/200][80/282] lr: 7.23e-05 | MSE loss: 8.3897e-03 | time: 0.045
I 06.08/07:19:17 solver.py:159 ] Epoch: [175/200][100/282] lr: 7.22e-05 | MSE loss: 8.5384e-03 | time: 0.046
I 06.08/07:19:18 solver.py:159 ] Epoch: [175/200][120/282] lr: 7.20e-05 | MSE loss: 8.5362e-03 | time: 0.047
I 06.08/07:19:18 solver.py:159 ] Epoch: [175/200][140/282] lr: 7.19e-05 | MSE loss: 8.7681e-03 | time: 0.046
I 06.08/07:19:19 solver.py:159 ] Epoch: [175/200][160/282] lr: 7.18e-05 | MSE loss: 8.4623e-03 | time: 0.046
I 06.08/07:19:20 solver.py:159 ] Epoch: [175/200][180/282] lr: 7.17e-05 | MSE loss: 8.4678e-03 | time: 0.047
I 06.08/07:19:21 solver.py:159 ] Epoch: [175/200][200/282] lr: 7.16e-05 | MSE loss: 8.2856e-03 | time: 0.046
I 06.08/07:19:22 solver.py:159 ] Epoch: [175/200][220/282] lr: 7.14e-05 | MSE loss: 8.1327e-03 | time: 0.046
I 06.08/07:19:23 solver.py:159 ] Epoch: [175/200][240/282] lr: 7.13e-05 | MSE loss: 7.9572e-03 | time: 0.047
I 06.08/07:19:24 solver.py:159 ] Epoch: [175/200][260/282] lr: 7.12e-05 | MSE loss: 7.9787e-03 | time: 0.047
I 06.08/07:19:25 solver.py:159 ] Epoch: [175/200][280/282] lr: 7.11e-05 | MSE loss: 8.1412e-03 | time: 0.047
I 06.08/07:19:25 solver.py:169 ] => Train  Loss: 8.1296e-03

I 06.08/07:19:26 solver.py:405 ] [20/32] loss: 9.3524e-03 | NMSE: -1.6783e+01 | time: 0.047
I 06.08/07:19:27 solver.py:413 ] => Test NMSE: -1.7833e+01

I 06.08/07:19:27 solver.py:345 ] => LoRA monitor [epoch=175] | trainable=1310720/1310720 | non_lora_trainable=0 | lora_l2=2.091894e+01 | lora_A_l2=1.309642e+01 | lora_B_l2=1.631214e+01 | component_l2=fc_decoder:1.771665e+01,fc_encoder:1.112306e+01 | lora_abs_max=1.413665e-01 | delta_l2=2.009205e+01 | delta_rel=3.078121e+00 | train_loss=8.129557e-03 | test_loss=8.234516e-03 | nmse=-1.783332e+01
I 06.08/07:19:27 solver.py:224 ] 
=! Best NMSE: -1.7833e+01 (epoch=173)

I 06.08/07:19:28 solver.py:159 ] Epoch: [176/200][20/282] lr: 7.10e-05 | MSE loss: 1.0220e-02 | time: 0.050
I 06.08/07:19:28 solver.py:159 ] Epoch: [176/200][40/282] lr: 7.08e-05 | MSE loss: 9.1918e-03 | time: 0.048
I 06.08/07:19:29 solver.py:159 ] Epoch: [176/200][60/282] lr: 7.07e-05 | MSE loss: 9.7652e-03 | time: 0.048
I 06.08/07:19:30 solver.py:159 ] Epoch: [176/200][80/282] lr: 7.06e-05 | MSE loss: 9.1818e-03 | time: 0.047
I 06.08/07:19:31 solver.py:159 ] Epoch: [176/200][100/282] lr: 7.05e-05 | MSE loss: 9.3095e-03 | time: 0.046
I 06.08/07:19:32 solver.py:159 ] Epoch: [176/200][120/282] lr: 7.04e-05 | MSE loss: 8.8078e-03 | time: 0.046
I 06.08/07:19:33 solver.py:159 ] Epoch: [176/200][140/282] lr: 7.03e-05 | MSE loss: 8.7544e-03 | time: 0.046
I 06.08/07:19:34 solver.py:159 ] Epoch: [176/200][160/282] lr: 7.01e-05 | MSE loss: 8.6435e-03 | time: 0.046
I 06.08/07:19:35 solver.py:159 ] Epoch: [176/200][180/282] lr: 7.00e-05 | MSE loss: 8.3129e-03 | time: 0.046
I 06.08/07:19:36 solver.py:159 ] Epoch: [176/200][200/282] lr: 6.99e-05 | MSE loss: 8.1694e-03 | time: 0.046
I 06.08/07:19:37 solver.py:159 ] Epoch: [176/200][220/282] lr: 6.98e-05 | MSE loss: 8.4338e-03 | time: 0.046
I 06.08/07:19:38 solver.py:159 ] Epoch: [176/200][240/282] lr: 6.97e-05 | MSE loss: 8.6145e-03 | time: 0.046
I 06.08/07:19:39 solver.py:159 ] Epoch: [176/200][260/282] lr: 6.96e-05 | MSE loss: 8.4055e-03 | time: 0.046
I 06.08/07:19:39 solver.py:159 ] Epoch: [176/200][280/282] lr: 6.95e-05 | MSE loss: 8.1682e-03 | time: 0.046
I 06.08/07:19:39 solver.py:169 ] => Train  Loss: 8.1654e-03

I 06.08/07:19:40 solver.py:405 ] [20/32] loss: 9.3524e-03 | NMSE: -1.6783e+01 | time: 0.042
I 06.08/07:19:41 solver.py:413 ] => Test NMSE: -1.7833e+01

I 06.08/07:19:41 solver.py:345 ] => LoRA monitor [epoch=176] | trainable=1310720/1310720 | non_lora_trainable=0 | lora_l2=2.094133e+01 | lora_A_l2=1.311250e+01 | lora_B_l2=1.632794e+01 | component_l2=fc_decoder:1.773136e+01,fc_encoder:1.114173e+01 | lora_abs_max=1.415853e-01 | delta_l2=2.011532e+01 | delta_rel=3.081685e+00 | train_loss=8.165410e-03 | test_loss=8.234533e-03 | nmse=-1.783331e+01
I 06.08/07:19:41 solver.py:224 ] 
=! Best NMSE: -1.7833e+01 (epoch=173)

I 06.08/07:19:42 solver.py:159 ] Epoch: [177/200][20/282] lr: 6.93e-05 | MSE loss: 6.9895e-03 | time: 0.055
I 06.08/07:19:43 solver.py:159 ] Epoch: [177/200][40/282] lr: 6.92e-05 | MSE loss: 8.1960e-03 | time: 0.050
I 06.08/07:19:44 solver.py:159 ] Epoch: [177/200][60/282] lr: 6.91e-05 | MSE loss: 7.9617e-03 | time: 0.048
I 06.08/07:19:45 solver.py:159 ] Epoch: [177/200][80/282] lr: 6.90e-05 | MSE loss: 8.1043e-03 | time: 0.047
I 06.08/07:19:46 solver.py:159 ] Epoch: [177/200][100/282] lr: 6.89e-05 | MSE loss: 7.9210e-03 | time: 0.048
I 06.08/07:19:47 solver.py:159 ] Epoch: [177/200][120/282] lr: 6.88e-05 | MSE loss: 8.1258e-03 | time: 0.049
I 06.08/07:19:48 solver.py:159 ] Epoch: [177/200][140/282] lr: 6.87e-05 | MSE loss: 8.0622e-03 | time: 0.050
I 06.08/07:19:49 solver.py:159 ] Epoch: [177/200][160/282] lr: 6.86e-05 | MSE loss: 8.1757e-03 | time: 0.050
I 06.08/07:19:50 solver.py:159 ] Epoch: [177/200][180/282] lr: 6.84e-05 | MSE loss: 8.1144e-03 | time: 0.049
I 06.08/07:19:51 solver.py:159 ] Epoch: [177/200][200/282] lr: 6.83e-05 | MSE loss: 8.0805e-03 | time: 0.049
I 06.08/07:19:52 solver.py:159 ] Epoch: [177/200][220/282] lr: 6.82e-05 | MSE loss: 8.2645e-03 | time: 0.049
I 06.08/07:19:52 solver.py:159 ] Epoch: [177/200][240/282] lr: 6.81e-05 | MSE loss: 8.2320e-03 | time: 0.048
I 06.08/07:19:53 solver.py:159 ] Epoch: [177/200][260/282] lr: 6.80e-05 | MSE loss: 8.0488e-03 | time: 0.048
I 06.08/07:19:54 solver.py:159 ] Epoch: [177/200][280/282] lr: 6.79e-05 | MSE loss: 8.1587e-03 | time: 0.048
I 06.08/07:19:54 solver.py:169 ] => Train  Loss: 8.1954e-03

I 06.08/07:19:55 solver.py:405 ] [20/32] loss: 9.3525e-03 | NMSE: -1.6783e+01 | time: 0.043
I 06.08/07:19:56 solver.py:413 ] => Test NMSE: -1.7833e+01

I 06.08/07:19:56 solver.py:345 ] => LoRA monitor [epoch=177] | trainable=1310720/1310720 | non_lora_trainable=0 | lora_l2=2.096087e+01 | lora_A_l2=1.312709e+01 | lora_B_l2=1.634128e+01 | component_l2=fc_decoder:1.774374e+01,fc_encoder:1.115875e+01 | lora_abs_max=1.416840e-01 | delta_l2=2.013565e+01 | delta_rel=3.084800e+00 | train_loss=8.195442e-03 | test_loss=8.234683e-03 | nmse=-1.783323e+01
I 06.08/07:19:56 solver.py:224 ] 
=! Best NMSE: -1.7833e+01 (epoch=173)

I 06.08/07:19:57 solver.py:159 ] Epoch: [178/200][20/282] lr: 6.78e-05 | MSE loss: 6.8286e-03 | time: 0.048
I 06.08/07:19:58 solver.py:159 ] Epoch: [178/200][40/282] lr: 6.77e-05 | MSE loss: 8.1220e-03 | time: 0.048
I 06.08/07:19:59 solver.py:159 ] Epoch: [178/200][60/282] lr: 6.76e-05 | MSE loss: 8.7272e-03 | time: 0.048
I 06.08/07:19:59 solver.py:159 ] Epoch: [178/200][80/282] lr: 6.75e-05 | MSE loss: 8.9466e-03 | time: 0.046
I 06.08/07:20:00 solver.py:159 ] Epoch: [178/200][100/282] lr: 6.73e-05 | MSE loss: 8.8724e-03 | time: 0.047
I 06.08/07:20:02 solver.py:159 ] Epoch: [178/200][120/282] lr: 6.72e-05 | MSE loss: 8.7300e-03 | time: 0.053
I 06.08/07:20:04 solver.py:159 ] Epoch: [178/200][140/282] lr: 6.71e-05 | MSE loss: 8.6910e-03 | time: 0.061
I 06.08/07:20:05 solver.py:159 ] Epoch: [178/200][160/282] lr: 6.70e-05 | MSE loss: 8.7068e-03 | time: 0.060
I 06.08/07:20:06 solver.py:159 ] Epoch: [178/200][180/282] lr: 6.69e-05 | MSE loss: 8.5524e-03 | time: 0.058
I 06.08/07:20:07 solver.py:159 ] Epoch: [178/200][200/282] lr: 6.68e-05 | MSE loss: 8.3403e-03 | time: 0.057
I 06.08/07:20:08 solver.py:159 ] Epoch: [178/200][220/282] lr: 6.67e-05 | MSE loss: 8.1851e-03 | time: 0.055
I 06.08/07:20:09 solver.py:159 ] Epoch: [178/200][240/282] lr: 6.66e-05 | MSE loss: 8.3995e-03 | time: 0.054
I 06.08/07:20:10 solver.py:159 ] Epoch: [178/200][260/282] lr: 6.65e-05 | MSE loss: 8.2429e-03 | time: 0.054
I 06.08/07:20:11 solver.py:159 ] Epoch: [178/200][280/282] lr: 6.64e-05 | MSE loss: 8.1405e-03 | time: 0.053
I 06.08/07:20:11 solver.py:169 ] => Train  Loss: 8.1313e-03

I 06.08/07:20:11 solver.py:405 ] [20/32] loss: 9.3523e-03 | NMSE: -1.6783e+01 | time: 0.035
I 06.08/07:20:12 solver.py:413 ] => Test NMSE: -1.7833e+01

I 06.08/07:20:12 solver.py:345 ] => LoRA monitor [epoch=178] | trainable=1310720/1310720 | non_lora_trainable=0 | lora_l2=2.098156e+01 | lora_A_l2=1.314243e+01 | lora_B_l2=1.635551e+01 | component_l2=fc_decoder:1.775690e+01,fc_encoder:1.117669e+01 | lora_abs_max=1.417910e-01 | delta_l2=2.015731e+01 | delta_rel=3.088119e+00 | train_loss=8.131290e-03 | test_loss=8.234463e-03 | nmse=-1.783335e+01
I 06.08/07:20:12 solver.py:224 ] 
=! Best NMSE: -1.7833e+01 (epoch=173)

I 06.08/07:20:13 solver.py:159 ] Epoch: [179/200][20/282] lr: 6.63e-05 | MSE loss: 9.7309e-03 | time: 0.045
I 06.08/07:20:14 solver.py:159 ] Epoch: [179/200][40/282] lr: 6.62e-05 | MSE loss: 8.7112e-03 | time: 0.042
I 06.08/07:20:14 solver.py:159 ] Epoch: [179/200][60/282] lr: 6.61e-05 | MSE loss: 9.0966e-03 | time: 0.043
I 06.08/07:20:15 solver.py:159 ] Epoch: [179/200][80/282] lr: 6.60e-05 | MSE loss: 8.7794e-03 | time: 0.045
I 06.08/07:20:16 solver.py:159 ] Epoch: [179/200][100/282] lr: 6.59e-05 | MSE loss: 8.8337e-03 | time: 0.047
I 06.08/07:20:17 solver.py:159 ] Epoch: [179/200][120/282] lr: 6.58e-05 | MSE loss: 9.2898e-03 | time: 0.047
I 06.08/07:20:18 solver.py:159 ] Epoch: [179/200][140/282] lr: 6.57e-05 | MSE loss: 9.1652e-03 | time: 0.047
I 06.08/07:20:19 solver.py:159 ] Epoch: [179/200][160/282] lr: 6.56e-05 | MSE loss: 8.8293e-03 | time: 0.047
I 06.08/07:20:20 solver.py:159 ] Epoch: [179/200][180/282] lr: 6.55e-05 | MSE loss: 8.7160e-03 | time: 0.046
I 06.08/07:20:21 solver.py:159 ] Epoch: [179/200][200/282] lr: 6.54e-05 | MSE loss: 8.8536e-03 | time: 0.046
I 06.08/07:20:22 solver.py:159 ] Epoch: [179/200][220/282] lr: 6.53e-05 | MSE loss: 8.6901e-03 | time: 0.046
I 06.08/07:20:23 solver.py:159 ] Epoch: [179/200][240/282] lr: 6.52e-05 | MSE loss: 8.6036e-03 | time: 0.046
I 06.08/07:20:24 solver.py:159 ] Epoch: [179/200][260/282] lr: 6.51e-05 | MSE loss: 8.4363e-03 | time: 0.045
I 06.08/07:20:24 solver.py:159 ] Epoch: [179/200][280/282] lr: 6.50e-05 | MSE loss: 8.1774e-03 | time: 0.045
I 06.08/07:20:25 solver.py:169 ] => Train  Loss: 8.1306e-03

I 06.08/07:20:26 solver.py:405 ] [20/32] loss: 9.3524e-03 | NMSE: -1.6783e+01 | time: 0.051
I 06.08/07:20:26 solver.py:413 ] => Test NMSE: -1.7833e+01

I 06.08/07:20:26 solver.py:345 ] => LoRA monitor [epoch=179] | trainable=1310720/1310720 | non_lora_trainable=0 | lora_l2=2.100091e+01 | lora_A_l2=1.315634e+01 | lora_B_l2=1.636915e+01 | component_l2=fc_decoder:1.776988e+01,fc_encoder:1.119239e+01 | lora_abs_max=1.419778e-01 | delta_l2=2.017739e+01 | delta_rel=3.091194e+00 | train_loss=8.130592e-03 | test_loss=8.234485e-03 | nmse=-1.783334e+01
I 06.08/07:20:26 solver.py:224 ] 
=! Best NMSE: -1.7833e+01 (epoch=173)

I 06.08/07:20:27 solver.py:159 ] Epoch: [180/200][20/282] lr: 6.48e-05 | MSE loss: 8.1483e-03 | time: 0.046
I 06.08/07:20:28 solver.py:159 ] Epoch: [180/200][40/282] lr: 6.47e-05 | MSE loss: 9.5151e-03 | time: 0.046
I 06.08/07:20:29 solver.py:159 ] Epoch: [180/200][60/282] lr: 6.46e-05 | MSE loss: 8.7687e-03 | time: 0.045
I 06.08/07:20:30 solver.py:159 ] Epoch: [180/200][80/282] lr: 6.45e-05 | MSE loss: 8.9714e-03 | time: 0.046
I 06.08/07:20:31 solver.py:159 ] Epoch: [180/200][100/282] lr: 6.44e-05 | MSE loss: 8.9032e-03 | time: 0.046
I 06.08/07:20:32 solver.py:159 ] Epoch: [180/200][120/282] lr: 6.44e-05 | MSE loss: 9.0052e-03 | time: 0.045
I 06.08/07:20:32 solver.py:159 ] Epoch: [180/200][140/282] lr: 6.43e-05 | MSE loss: 8.6920e-03 | time: 0.045
I 06.08/07:20:33 solver.py:159 ] Epoch: [180/200][160/282] lr: 6.42e-05 | MSE loss: 8.4688e-03 | time: 0.044
I 06.08/07:20:34 solver.py:159 ] Epoch: [180/200][180/282] lr: 6.41e-05 | MSE loss: 8.1530e-03 | time: 0.044
I 06.08/07:20:35 solver.py:159 ] Epoch: [180/200][200/282] lr: 6.40e-05 | MSE loss: 8.1259e-03 | time: 0.044
I 06.08/07:20:36 solver.py:159 ] Epoch: [180/200][220/282] lr: 6.39e-05 | MSE loss: 8.3213e-03 | time: 0.045
I 06.08/07:20:37 solver.py:159 ] Epoch: [180/200][240/282] lr: 6.38e-05 | MSE loss: 8.3836e-03 | time: 0.045
I 06.08/07:20:38 solver.py:159 ] Epoch: [180/200][260/282] lr: 6.37e-05 | MSE loss: 8.3001e-03 | time: 0.045
I 06.08/07:20:39 solver.py:159 ] Epoch: [180/200][280/282] lr: 6.36e-05 | MSE loss: 8.1097e-03 | time: 0.046
I 06.08/07:20:39 solver.py:169 ] => Train  Loss: 8.2113e-03

I 06.08/07:20:40 solver.py:159 ] Epoch: [180/200][20/32] lr: 6.36e-05 | MSE loss: 9.3523e-03 | time: 0.045
I 06.08/07:20:40 solver.py:169 ] => Val  Loss: 8.0499e-03

I 06.08/07:20:41 solver.py:405 ] [20/32] loss: 9.3523e-03 | NMSE: -1.6783e+01 | time: 0.048
I 06.08/07:20:42 solver.py:413 ] => Test NMSE: -1.7833e+01

I 06.08/07:20:42 solver.py:345 ] => LoRA monitor [epoch=180] | trainable=1310720/1310720 | non_lora_trainable=0 | lora_l2=2.102025e+01 | lora_A_l2=1.317037e+01 | lora_B_l2=1.638268e+01 | component_l2=fc_decoder:1.778237e+01,fc_encoder:1.120884e+01 | lora_abs_max=1.425398e-01 | delta_l2=2.019764e+01 | delta_rel=3.094296e+00 | train_loss=8.211331e-03 | val_loss=8.049884e-03 | test_loss=8.234460e-03 | nmse=-1.783335e+01
I 06.08/07:20:42 solver.py:224 ] 
=! Best NMSE: -1.7833e+01 (epoch=173)

I 06.08/07:20:43 solver.py:159 ] Epoch: [181/200][20/282] lr: 6.35e-05 | MSE loss: 8.8832e-03 | time: 0.053
I 06.08/07:20:44 solver.py:159 ] Epoch: [181/200][40/282] lr: 6.34e-05 | MSE loss: 8.9096e-03 | time: 0.051
I 06.08/07:20:45 solver.py:159 ] Epoch: [181/200][60/282] lr: 6.33e-05 | MSE loss: 8.5115e-03 | time: 0.050
I 06.08/07:20:46 solver.py:159 ] Epoch: [181/200][80/282] lr: 6.32e-05 | MSE loss: 7.7837e-03 | time: 0.049
I 06.08/07:20:47 solver.py:159 ] Epoch: [181/200][100/282] lr: 6.31e-05 | MSE loss: 8.0311e-03 | time: 0.048
I 06.08/07:20:48 solver.py:159 ] Epoch: [181/200][120/282] lr: 6.30e-05 | MSE loss: 7.8088e-03 | time: 0.048
I 06.08/07:20:48 solver.py:159 ] Epoch: [181/200][140/282] lr: 6.29e-05 | MSE loss: 7.8424e-03 | time: 0.048
I 06.08/07:20:49 solver.py:159 ] Epoch: [181/200][160/282] lr: 6.28e-05 | MSE loss: 8.0234e-03 | time: 0.047
I 06.08/07:20:50 solver.py:159 ] Epoch: [181/200][180/282] lr: 6.27e-05 | MSE loss: 7.8830e-03 | time: 0.048
I 06.08/07:20:51 solver.py:159 ] Epoch: [181/200][200/282] lr: 6.26e-05 | MSE loss: 7.8675e-03 | time: 0.048
I 06.08/07:20:52 solver.py:159 ] Epoch: [181/200][220/282] lr: 6.25e-05 | MSE loss: 8.0689e-03 | time: 0.048
I 06.08/07:20:53 solver.py:159 ] Epoch: [181/200][240/282] lr: 6.24e-05 | MSE loss: 8.1139e-03 | time: 0.048
I 06.08/07:20:54 solver.py:159 ] Epoch: [181/200][260/282] lr: 6.24e-05 | MSE loss: 8.0715e-03 | time: 0.048
I 06.08/07:20:55 solver.py:159 ] Epoch: [181/200][280/282] lr: 6.23e-05 | MSE loss: 8.1757e-03 | time: 0.047
I 06.08/07:20:55 solver.py:169 ] => Train  Loss: 8.1359e-03

I 06.08/07:20:56 solver.py:405 ] [20/32] loss: 9.3521e-03 | NMSE: -1.6783e+01 | time: 0.057
I 06.08/07:20:57 solver.py:413 ] => Test NMSE: -1.7833e+01

I 06.08/07:20:57 solver.py:345 ] => LoRA monitor [epoch=181] | trainable=1310720/1310720 | non_lora_trainable=0 | lora_l2=2.103644e+01 | lora_A_l2=1.318308e+01 | lora_B_l2=1.639324e+01 | component_l2=fc_decoder:1.779260e+01,fc_encoder:1.122298e+01 | lora_abs_max=1.422515e-01 | delta_l2=2.021453e+01 | delta_rel=3.096885e+00 | train_loss=8.135900e-03 | test_loss=8.234267e-03 | nmse=-1.783345e+01
I 06.08/07:20:58 solver.py:224 ] 
=! Best NMSE: -1.7833e+01 (epoch=181)

I 06.08/07:20:59 solver.py:159 ] Epoch: [182/200][20/282] lr: 6.22e-05 | MSE loss: 7.9266e-03 | time: 0.050
I 06.08/07:21:00 solver.py:159 ] Epoch: [182/200][40/282] lr: 6.21e-05 | MSE loss: 8.2540e-03 | time: 0.049
I 06.08/07:21:00 solver.py:159 ] Epoch: [182/200][60/282] lr: 6.20e-05 | MSE loss: 8.6639e-03 | time: 0.048
I 06.08/07:21:02 solver.py:159 ] Epoch: [182/200][80/282] lr: 6.19e-05 | MSE loss: 8.1453e-03 | time: 0.054
I 06.08/07:21:04 solver.py:159 ] Epoch: [182/200][100/282] lr: 6.18e-05 | MSE loss: 8.2779e-03 | time: 0.068
I 06.08/07:21:06 solver.py:159 ] Epoch: [182/200][120/282] lr: 6.17e-05 | MSE loss: 8.5322e-03 | time: 0.066
I 06.08/07:21:07 solver.py:159 ] Epoch: [182/200][140/282] lr: 6.16e-05 | MSE loss: 8.2752e-03 | time: 0.064
I 06.08/07:21:07 solver.py:159 ] Epoch: [182/200][160/282] lr: 6.15e-05 | MSE loss: 8.4960e-03 | time: 0.062
I 06.08/07:21:08 solver.py:159 ] Epoch: [182/200][180/282] lr: 6.15e-05 | MSE loss: 8.6550e-03 | time: 0.060
I 06.08/07:21:09 solver.py:159 ] Epoch: [182/200][200/282] lr: 6.14e-05 | MSE loss: 8.4916e-03 | time: 0.059
I 06.08/07:21:10 solver.py:159 ] Epoch: [182/200][220/282] lr: 6.13e-05 | MSE loss: 8.4604e-03 | time: 0.058
I 06.08/07:21:11 solver.py:159 ] Epoch: [182/200][240/282] lr: 6.12e-05 | MSE loss: 8.2947e-03 | time: 0.057
I 06.08/07:21:12 solver.py:159 ] Epoch: [182/200][260/282] lr: 6.11e-05 | MSE loss: 8.3557e-03 | time: 0.056
I 06.08/07:21:13 solver.py:159 ] Epoch: [182/200][280/282] lr: 6.10e-05 | MSE loss: 8.1431e-03 | time: 0.055
I 06.08/07:21:13 solver.py:169 ] => Train  Loss: 8.1303e-03

I 06.08/07:21:14 solver.py:405 ] [20/32] loss: 9.3522e-03 | NMSE: -1.6783e+01 | time: 0.043
I 06.08/07:21:14 solver.py:413 ] => Test NMSE: -1.7833e+01

I 06.08/07:21:14 solver.py:345 ] => LoRA monitor [epoch=182] | trainable=1310720/1310720 | non_lora_trainable=0 | lora_l2=2.105500e+01 | lora_A_l2=1.319677e+01 | lora_B_l2=1.640604e+01 | component_l2=fc_decoder:1.780465e+01,fc_encoder:1.123866e+01 | lora_abs_max=1.428903e-01 | delta_l2=2.023373e+01 | delta_rel=3.099826e+00 | train_loss=8.130295e-03 | test_loss=8.234322e-03 | nmse=-1.783342e+01
I 06.08/07:21:14 solver.py:224 ] 
=! Best NMSE: -1.7833e+01 (epoch=181)

I 06.08/07:21:15 solver.py:159 ] Epoch: [183/200][20/282] lr: 6.09e-05 | MSE loss: 9.2649e-03 | time: 0.040
I 06.08/07:21:16 solver.py:159 ] Epoch: [183/200][40/282] lr: 6.08e-05 | MSE loss: 9.4284e-03 | time: 0.044
I 06.08/07:21:17 solver.py:159 ] Epoch: [183/200][60/282] lr: 6.08e-05 | MSE loss: 9.5822e-03 | time: 0.045
I 06.08/07:21:18 solver.py:159 ] Epoch: [183/200][80/282] lr: 6.07e-05 | MSE loss: 9.5187e-03 | time: 0.045
I 06.08/07:21:19 solver.py:159 ] Epoch: [183/200][100/282] lr: 6.06e-05 | MSE loss: 8.7644e-03 | time: 0.045
I 06.08/07:21:20 solver.py:159 ] Epoch: [183/200][120/282] lr: 6.05e-05 | MSE loss: 8.4130e-03 | time: 0.045
I 06.08/07:21:21 solver.py:159 ] Epoch: [183/200][140/282] lr: 6.04e-05 | MSE loss: 8.2412e-03 | time: 0.045
I 06.08/07:21:21 solver.py:159 ] Epoch: [183/200][160/282] lr: 6.03e-05 | MSE loss: 8.0144e-03 | time: 0.045
I 06.08/07:21:22 solver.py:159 ] Epoch: [183/200][180/282] lr: 6.03e-05 | MSE loss: 7.9968e-03 | time: 0.045
I 06.08/07:21:23 solver.py:159 ] Epoch: [183/200][200/282] lr: 6.02e-05 | MSE loss: 7.9683e-03 | time: 0.045
I 06.08/07:21:24 solver.py:159 ] Epoch: [183/200][220/282] lr: 6.01e-05 | MSE loss: 8.1771e-03 | time: 0.045
I 06.08/07:21:25 solver.py:159 ] Epoch: [183/200][240/282] lr: 6.00e-05 | MSE loss: 8.2278e-03 | time: 0.044
I 06.08/07:21:26 solver.py:159 ] Epoch: [183/200][260/282] lr: 5.99e-05 | MSE loss: 8.1543e-03 | time: 0.044
I 06.08/07:21:27 solver.py:159 ] Epoch: [183/200][280/282] lr: 5.98e-05 | MSE loss: 8.1573e-03 | time: 0.044
I 06.08/07:21:27 solver.py:169 ] => Train  Loss: 8.1304e-03

I 06.08/07:21:28 solver.py:405 ] [20/32] loss: 9.3525e-03 | NMSE: -1.6783e+01 | time: 0.046
I 06.08/07:21:28 solver.py:413 ] => Test NMSE: -1.7833e+01

I 06.08/07:21:28 solver.py:345 ] => LoRA monitor [epoch=183] | trainable=1310720/1310720 | non_lora_trainable=0 | lora_l2=2.107246e+01 | lora_A_l2=1.320958e+01 | lora_B_l2=1.641815e+01 | component_l2=fc_decoder:1.781534e+01,fc_encoder:1.125444e+01 | lora_abs_max=1.431470e-01 | delta_l2=2.025191e+01 | delta_rel=3.102612e+00 | train_loss=8.130413e-03 | test_loss=8.234642e-03 | nmse=-1.783325e+01
I 06.08/07:21:28 solver.py:224 ] 
=! Best NMSE: -1.7833e+01 (epoch=181)

I 06.08/07:21:29 solver.py:159 ] Epoch: [184/200][20/282] lr: 5.98e-05 | MSE loss: 1.0478e-02 | time: 0.048
I 06.08/07:21:30 solver.py:159 ] Epoch: [184/200][40/282] lr: 5.97e-05 | MSE loss: 8.9424e-03 | time: 0.045
I 06.08/07:21:31 solver.py:159 ] Epoch: [184/200][60/282] lr: 5.96e-05 | MSE loss: 8.9756e-03 | time: 0.044
I 06.08/07:21:32 solver.py:159 ] Epoch: [184/200][80/282] lr: 5.95e-05 | MSE loss: 8.9910e-03 | time: 0.044
I 06.08/07:21:32 solver.py:159 ] Epoch: [184/200][100/282] lr: 5.94e-05 | MSE loss: 8.8337e-03 | time: 0.043
I 06.08/07:21:33 solver.py:159 ] Epoch: [184/200][120/282] lr: 5.93e-05 | MSE loss: 8.6150e-03 | time: 0.042
I 06.08/07:21:34 solver.py:159 ] Epoch: [184/200][140/282] lr: 5.93e-05 | MSE loss: 8.2359e-03 | time: 0.041
I 06.08/07:21:35 solver.py:159 ] Epoch: [184/200][160/282] lr: 5.92e-05 | MSE loss: 8.1766e-03 | time: 0.041
I 06.08/07:21:35 solver.py:159 ] Epoch: [184/200][180/282] lr: 5.91e-05 | MSE loss: 8.1561e-03 | time: 0.041
I 06.08/07:21:36 solver.py:159 ] Epoch: [184/200][200/282] lr: 5.90e-05 | MSE loss: 8.1105e-03 | time: 0.041
I 06.08/07:21:37 solver.py:159 ] Epoch: [184/200][220/282] lr: 5.90e-05 | MSE loss: 8.0142e-03 | time: 0.041
I 06.08/07:21:38 solver.py:159 ] Epoch: [184/200][240/282] lr: 5.89e-05 | MSE loss: 8.0268e-03 | time: 0.042
I 06.08/07:21:39 solver.py:159 ] Epoch: [184/200][260/282] lr: 5.88e-05 | MSE loss: 8.1109e-03 | time: 0.042
I 06.08/07:21:40 solver.py:159 ] Epoch: [184/200][280/282] lr: 5.87e-05 | MSE loss: 8.1409e-03 | time: 0.042
I 06.08/07:21:40 solver.py:169 ] => Train  Loss: 8.1411e-03

I 06.08/07:21:41 solver.py:405 ] [20/32] loss: 9.3523e-03 | NMSE: -1.6783e+01 | time: 0.058
I 06.08/07:21:42 solver.py:413 ] => Test NMSE: -1.7833e+01

I 06.08/07:21:42 solver.py:345 ] => LoRA monitor [epoch=184] | trainable=1310720/1310720 | non_lora_trainable=0 | lora_l2=2.109037e+01 | lora_A_l2=1.322282e+01 | lora_B_l2=1.643049e+01 | component_l2=fc_decoder:1.782705e+01,fc_encoder:1.126944e+01 | lora_abs_max=1.432561e-01 | delta_l2=2.027052e+01 | delta_rel=3.105461e+00 | train_loss=8.141069e-03 | test_loss=8.234459e-03 | nmse=-1.783335e+01
I 06.08/07:21:42 solver.py:224 ] 
=! Best NMSE: -1.7833e+01 (epoch=181)

I 06.08/07:21:43 solver.py:159 ] Epoch: [185/200][20/282] lr: 5.86e-05 | MSE loss: 8.5583e-03 | time: 0.048
I 06.08/07:21:43 solver.py:159 ] Epoch: [185/200][40/282] lr: 5.86e-05 | MSE loss: 9.8385e-03 | time: 0.046
I 06.08/07:21:44 solver.py:159 ] Epoch: [185/200][60/282] lr: 5.85e-05 | MSE loss: 8.6656e-03 | time: 0.046
I 06.08/07:21:45 solver.py:159 ] Epoch: [185/200][80/282] lr: 5.84e-05 | MSE loss: 9.0700e-03 | time: 0.045
I 06.08/07:21:46 solver.py:159 ] Epoch: [185/200][100/282] lr: 5.83e-05 | MSE loss: 8.9218e-03 | time: 0.046
I 06.08/07:21:47 solver.py:159 ] Epoch: [185/200][120/282] lr: 5.83e-05 | MSE loss: 8.6913e-03 | time: 0.046
I 06.08/07:21:48 solver.py:159 ] Epoch: [185/200][140/282] lr: 5.82e-05 | MSE loss: 8.3838e-03 | time: 0.046
I 06.08/07:21:49 solver.py:159 ] Epoch: [185/200][160/282] lr: 5.81e-05 | MSE loss: 8.2475e-03 | time: 0.046
I 06.08/07:21:50 solver.py:159 ] Epoch: [185/200][180/282] lr: 5.80e-05 | MSE loss: 8.2593e-03 | time: 0.048
I 06.08/07:21:51 solver.py:159 ] Epoch: [185/200][200/282] lr: 5.80e-05 | MSE loss: 8.2015e-03 | time: 0.047
I 06.08/07:21:52 solver.py:159 ] Epoch: [185/200][220/282] lr: 5.79e-05 | MSE loss: 8.0867e-03 | time: 0.047
I 06.08/07:21:53 solver.py:159 ] Epoch: [185/200][240/282] lr: 5.78e-05 | MSE loss: 8.2604e-03 | time: 0.046
I 06.08/07:21:53 solver.py:159 ] Epoch: [185/200][260/282] lr: 5.77e-05 | MSE loss: 8.1709e-03 | time: 0.045
I 06.08/07:21:54 solver.py:159 ] Epoch: [185/200][280/282] lr: 5.77e-05 | MSE loss: 8.1636e-03 | time: 0.044
I 06.08/07:21:54 solver.py:169 ] => Train  Loss: 8.1297e-03

I 06.08/07:21:55 solver.py:405 ] [20/32] loss: 9.3521e-03 | NMSE: -1.6783e+01 | time: 0.028
I 06.08/07:21:55 solver.py:413 ] => Test NMSE: -1.7833e+01

I 06.08/07:21:55 solver.py:345 ] => LoRA monitor [epoch=185] | trainable=1310720/1310720 | non_lora_trainable=0 | lora_l2=2.110551e+01 | lora_A_l2=1.323413e+01 | lora_B_l2=1.644082e+01 | component_l2=fc_decoder:1.783679e+01,fc_encoder:1.128236e+01 | lora_abs_max=1.429062e-01 | delta_l2=2.028642e+01 | delta_rel=3.107899e+00 | train_loss=8.129694e-03 | test_loss=8.234308e-03 | nmse=-1.783343e+01
I 06.08/07:21:55 solver.py:224 ] 
=! Best NMSE: -1.7833e+01 (epoch=181)

I 06.08/07:21:56 solver.py:159 ] Epoch: [186/200][20/282] lr: 5.76e-05 | MSE loss: 5.5656e-03 | time: 0.032
I 06.08/07:21:56 solver.py:159 ] Epoch: [186/200][40/282] lr: 5.75e-05 | MSE loss: 7.3998e-03 | time: 0.034
I 06.08/07:21:57 solver.py:159 ] Epoch: [186/200][60/282] lr: 5.75e-05 | MSE loss: 7.1929e-03 | time: 0.033
I 06.08/07:21:58 solver.py:159 ] Epoch: [186/200][80/282] lr: 5.74e-05 | MSE loss: 7.3250e-03 | time: 0.033
I 06.08/07:21:58 solver.py:159 ] Epoch: [186/200][100/282] lr: 5.73e-05 | MSE loss: 7.7436e-03 | time: 0.032
I 06.08/07:21:59 solver.py:159 ] Epoch: [186/200][120/282] lr: 5.72e-05 | MSE loss: 7.8672e-03 | time: 0.032
I 06.08/07:21:59 solver.py:159 ] Epoch: [186/200][140/282] lr: 5.72e-05 | MSE loss: 8.1184e-03 | time: 0.032
I 06.08/07:22:00 solver.py:159 ] Epoch: [186/200][160/282] lr: 5.71e-05 | MSE loss: 8.3486e-03 | time: 0.032
I 06.08/07:22:01 solver.py:159 ] Epoch: [186/200][180/282] lr: 5.70e-05 | MSE loss: 8.4269e-03 | time: 0.034
I 06.08/07:22:02 solver.py:159 ] Epoch: [186/200][200/282] lr: 5.70e-05 | MSE loss: 8.7459e-03 | time: 0.037
I 06.08/07:22:04 solver.py:159 ] Epoch: [186/200][220/282] lr: 5.69e-05 | MSE loss: 8.4745e-03 | time: 0.041
I 06.08/07:22:05 solver.py:159 ] Epoch: [186/200][240/282] lr: 5.68e-05 | MSE loss: 8.3847e-03 | time: 0.041
I 06.08/07:22:05 solver.py:159 ] Epoch: [186/200][260/282] lr: 5.68e-05 | MSE loss: 8.2291e-03 | time: 0.040
I 06.08/07:22:06 solver.py:159 ] Epoch: [186/200][280/282] lr: 5.67e-05 | MSE loss: 8.1781e-03 | time: 0.040
I 06.08/07:22:06 solver.py:169 ] => Train  Loss: 8.1289e-03

I 06.08/07:22:07 solver.py:405 ] [20/32] loss: 9.3522e-03 | NMSE: -1.6783e+01 | time: 0.031
I 06.08/07:22:07 solver.py:413 ] => Test NMSE: -1.7833e+01

I 06.08/07:22:07 solver.py:345 ] => LoRA monitor [epoch=186] | trainable=1310720/1310720 | non_lora_trainable=0 | lora_l2=2.112240e+01 | lora_A_l2=1.324670e+01 | lora_B_l2=1.645238e+01 | component_l2=fc_decoder:1.784734e+01,fc_encoder:1.129727e+01 | lora_abs_max=1.433344e-01 | delta_l2=2.030397e+01 | delta_rel=3.110587e+00 | train_loss=8.128910e-03 | test_loss=8.234358e-03 | nmse=-1.783340e+01
I 06.08/07:22:07 solver.py:224 ] 
=! Best NMSE: -1.7833e+01 (epoch=181)

I 06.08/07:22:08 solver.py:159 ] Epoch: [187/200][20/282] lr: 5.66e-05 | MSE loss: 8.6560e-03 | time: 0.033
I 06.08/07:22:08 solver.py:159 ] Epoch: [187/200][40/282] lr: 5.65e-05 | MSE loss: 7.9723e-03 | time: 0.033
I 06.08/07:22:09 solver.py:159 ] Epoch: [187/200][60/282] lr: 5.65e-05 | MSE loss: 7.5057e-03 | time: 0.033
I 06.08/07:22:10 solver.py:159 ] Epoch: [187/200][80/282] lr: 5.64e-05 | MSE loss: 7.6670e-03 | time: 0.032
I 06.08/07:22:10 solver.py:159 ] Epoch: [187/200][100/282] lr: 5.64e-05 | MSE loss: 7.5528e-03 | time: 0.032
I 06.08/07:22:11 solver.py:159 ] Epoch: [187/200][120/282] lr: 5.63e-05 | MSE loss: 7.4391e-03 | time: 0.033
I 06.08/07:22:12 solver.py:159 ] Epoch: [187/200][140/282] lr: 5.62e-05 | MSE loss: 7.8046e-03 | time: 0.033
I 06.08/07:22:12 solver.py:159 ] Epoch: [187/200][160/282] lr: 5.62e-05 | MSE loss: 7.7498e-03 | time: 0.033
I 06.08/07:22:13 solver.py:159 ] Epoch: [187/200][180/282] lr: 5.61e-05 | MSE loss: 7.7624e-03 | time: 0.034
I 06.08/07:22:14 solver.py:159 ] Epoch: [187/200][200/282] lr: 5.60e-05 | MSE loss: 7.9346e-03 | time: 0.034
I 06.08/07:22:15 solver.py:159 ] Epoch: [187/200][220/282] lr: 5.60e-05 | MSE loss: 7.8796e-03 | time: 0.034
I 06.08/07:22:15 solver.py:159 ] Epoch: [187/200][240/282] lr: 5.59e-05 | MSE loss: 7.9244e-03 | time: 0.034
I 06.08/07:22:16 solver.py:159 ] Epoch: [187/200][260/282] lr: 5.58e-05 | MSE loss: 8.0943e-03 | time: 0.034
I 06.08/07:22:17 solver.py:159 ] Epoch: [187/200][280/282] lr: 5.58e-05 | MSE loss: 8.0807e-03 | time: 0.034
I 06.08/07:22:17 solver.py:169 ] => Train  Loss: 8.1296e-03

I 06.08/07:22:17 solver.py:405 ] [20/32] loss: 9.3522e-03 | NMSE: -1.6783e+01 | time: 0.029
I 06.08/07:22:18 solver.py:413 ] => Test NMSE: -1.7833e+01

I 06.08/07:22:18 solver.py:345 ] => LoRA monitor [epoch=187] | trainable=1310720/1310720 | non_lora_trainable=0 | lora_l2=2.113877e+01 | lora_A_l2=1.325897e+01 | lora_B_l2=1.646351e+01 | component_l2=fc_decoder:1.785781e+01,fc_encoder:1.131133e+01 | lora_abs_max=1.432690e-01 | delta_l2=2.032104e+01 | delta_rel=3.113202e+00 | train_loss=8.129621e-03 | test_loss=8.234377e-03 | nmse=-1.783339e+01
I 06.08/07:22:18 solver.py:224 ] 
=! Best NMSE: -1.7833e+01 (epoch=181)

I 06.08/07:22:18 solver.py:159 ] Epoch: [188/200][20/282] lr: 5.57e-05 | MSE loss: 7.5402e-03 | time: 0.033
I 06.08/07:22:19 solver.py:159 ] Epoch: [188/200][40/282] lr: 5.56e-05 | MSE loss: 8.3310e-03 | time: 0.032
I 06.08/07:22:20 solver.py:159 ] Epoch: [188/200][60/282] lr: 5.56e-05 | MSE loss: 8.0127e-03 | time: 0.033
I 06.08/07:22:20 solver.py:159 ] Epoch: [188/200][80/282] lr: 5.55e-05 | MSE loss: 8.5625e-03 | time: 0.034
I 06.08/07:22:21 solver.py:159 ] Epoch: [188/200][100/282] lr: 5.55e-05 | MSE loss: 8.4460e-03 | time: 0.034
I 06.08/07:22:22 solver.py:159 ] Epoch: [188/200][120/282] lr: 5.54e-05 | MSE loss: 8.0482e-03 | time: 0.034
I 06.08/07:22:22 solver.py:159 ] Epoch: [188/200][140/282] lr: 5.53e-05 | MSE loss: 7.8152e-03 | time: 0.034
I 06.08/07:22:23 solver.py:159 ] Epoch: [188/200][160/282] lr: 5.53e-05 | MSE loss: 7.8539e-03 | time: 0.034
I 06.08/07:22:24 solver.py:159 ] Epoch: [188/200][180/282] lr: 5.52e-05 | MSE loss: 8.0599e-03 | time: 0.034
I 06.08/07:22:24 solver.py:159 ] Epoch: [188/200][200/282] lr: 5.52e-05 | MSE loss: 8.3805e-03 | time: 0.034
I 06.08/07:22:25 solver.py:159 ] Epoch: [188/200][220/282] lr: 5.51e-05 | MSE loss: 8.1567e-03 | time: 0.034
I 06.08/07:22:26 solver.py:159 ] Epoch: [188/200][240/282] lr: 5.50e-05 | MSE loss: 8.1891e-03 | time: 0.034
I 06.08/07:22:26 solver.py:159 ] Epoch: [188/200][260/282] lr: 5.50e-05 | MSE loss: 8.2653e-03 | time: 0.034
I 06.08/07:22:27 solver.py:159 ] Epoch: [188/200][280/282] lr: 5.49e-05 | MSE loss: 8.1655e-03 | time: 0.033
I 06.08/07:22:27 solver.py:169 ] => Train  Loss: 8.1294e-03

I 06.08/07:22:28 solver.py:405 ] [20/32] loss: 9.3521e-03 | NMSE: -1.6783e+01 | time: 0.027
I 06.08/07:22:28 solver.py:413 ] => Test NMSE: -1.7833e+01

I 06.08/07:22:28 solver.py:345 ] => LoRA monitor [epoch=188] | trainable=1310720/1310720 | non_lora_trainable=0 | lora_l2=2.115460e+01 | lora_A_l2=1.327064e+01 | lora_B_l2=1.647444e+01 | component_l2=fc_decoder:1.786795e+01,fc_encoder:1.132490e+01 | lora_abs_max=1.432403e-01 | delta_l2=2.033751e+01 | delta_rel=3.115725e+00 | train_loss=8.129395e-03 | test_loss=8.234254e-03 | nmse=-1.783346e+01
I 06.08/07:22:28 solver.py:224 ] 
=! Best NMSE: -1.7833e+01 (epoch=188)

I 06.08/07:22:29 solver.py:159 ] Epoch: [189/200][20/282] lr: 5.49e-05 | MSE loss: 6.7503e-03 | time: 0.034
I 06.08/07:22:29 solver.py:159 ] Epoch: [189/200][40/282] lr: 5.48e-05 | MSE loss: 8.4997e-03 | time: 0.033
I 06.08/07:22:30 solver.py:159 ] Epoch: [189/200][60/282] lr: 5.47e-05 | MSE loss: 8.0555e-03 | time: 0.032
I 06.08/07:22:31 solver.py:159 ] Epoch: [189/200][80/282] lr: 5.47e-05 | MSE loss: 8.4490e-03 | time: 0.033
I 06.08/07:22:31 solver.py:159 ] Epoch: [189/200][100/282] lr: 5.46e-05 | MSE loss: 8.1570e-03 | time: 0.034
I 06.08/07:22:32 solver.py:159 ] Epoch: [189/200][120/282] lr: 5.46e-05 | MSE loss: 8.3625e-03 | time: 0.033
I 06.08/07:22:33 solver.py:159 ] Epoch: [189/200][140/282] lr: 5.45e-05 | MSE loss: 8.1543e-03 | time: 0.033
I 06.08/07:22:33 solver.py:159 ] Epoch: [189/200][160/282] lr: 5.45e-05 | MSE loss: 8.1331e-03 | time: 0.034
I 06.08/07:22:34 solver.py:159 ] Epoch: [189/200][180/282] lr: 5.44e-05 | MSE loss: 8.1573e-03 | time: 0.034
I 06.08/07:22:35 solver.py:159 ] Epoch: [189/200][200/282] lr: 5.44e-05 | MSE loss: 8.2558e-03 | time: 0.033
I 06.08/07:22:35 solver.py:159 ] Epoch: [189/200][220/282] lr: 5.43e-05 | MSE loss: 8.1353e-03 | time: 0.033
I 06.08/07:22:36 solver.py:159 ] Epoch: [189/200][240/282] lr: 5.42e-05 | MSE loss: 8.1281e-03 | time: 0.033
I 06.08/07:22:37 solver.py:159 ] Epoch: [189/200][260/282] lr: 5.42e-05 | MSE loss: 8.1594e-03 | time: 0.032
I 06.08/07:22:37 solver.py:159 ] Epoch: [189/200][280/282] lr: 5.41e-05 | MSE loss: 8.1431e-03 | time: 0.033
I 06.08/07:22:37 solver.py:169 ] => Train  Loss: 8.1313e-03

I 06.08/07:22:38 solver.py:405 ] [20/32] loss: 9.3523e-03 | NMSE: -1.6783e+01 | time: 0.027
I 06.08/07:22:38 solver.py:413 ] => Test NMSE: -1.7833e+01

I 06.08/07:22:38 solver.py:345 ] => LoRA monitor [epoch=189] | trainable=1310720/1310720 | non_lora_trainable=0 | lora_l2=2.117048e+01 | lora_A_l2=1.328219e+01 | lora_B_l2=1.648553e+01 | component_l2=fc_decoder:1.787836e+01,fc_encoder:1.133815e+01 | lora_abs_max=1.433869e-01 | delta_l2=2.035397e+01 | delta_rel=3.118247e+00 | train_loss=8.131253e-03 | test_loss=8.234407e-03 | nmse=-1.783338e+01
I 06.08/07:22:38 solver.py:224 ] 
=! Best NMSE: -1.7833e+01 (epoch=188)

I 06.08/07:22:39 solver.py:159 ] Epoch: [190/200][20/282] lr: 5.41e-05 | MSE loss: 1.0496e-02 | time: 0.033
I 06.08/07:22:39 solver.py:159 ] Epoch: [190/200][40/282] lr: 5.40e-05 | MSE loss: 9.9497e-03 | time: 0.033
I 06.08/07:22:40 solver.py:159 ] Epoch: [190/200][60/282] lr: 5.40e-05 | MSE loss: 9.2472e-03 | time: 0.033
I 06.08/07:22:41 solver.py:159 ] Epoch: [190/200][80/282] lr: 5.39e-05 | MSE loss: 8.7423e-03 | time: 0.033
I 06.08/07:22:41 solver.py:159 ] Epoch: [190/200][100/282] lr: 5.39e-05 | MSE loss: 8.7848e-03 | time: 0.033
I 06.08/07:22:42 solver.py:159 ] Epoch: [190/200][120/282] lr: 5.38e-05 | MSE loss: 8.3512e-03 | time: 0.034
I 06.08/07:22:43 solver.py:159 ] Epoch: [190/200][140/282] lr: 5.38e-05 | MSE loss: 8.2472e-03 | time: 0.034
I 06.08/07:22:44 solver.py:159 ] Epoch: [190/200][160/282] lr: 5.37e-05 | MSE loss: 8.1239e-03 | time: 0.035
I 06.08/07:22:44 solver.py:159 ] Epoch: [190/200][180/282] lr: 5.37e-05 | MSE loss: 8.0608e-03 | time: 0.035
I 06.08/07:22:45 solver.py:159 ] Epoch: [190/200][200/282] lr: 5.36e-05 | MSE loss: 7.9962e-03 | time: 0.034
I 06.08/07:22:46 solver.py:159 ] Epoch: [190/200][220/282] lr: 5.36e-05 | MSE loss: 8.1874e-03 | time: 0.034
I 06.08/07:22:46 solver.py:159 ] Epoch: [190/200][240/282] lr: 5.35e-05 | MSE loss: 8.2777e-03 | time: 0.034
I 06.08/07:22:47 solver.py:159 ] Epoch: [190/200][260/282] lr: 5.35e-05 | MSE loss: 8.1769e-03 | time: 0.034
I 06.08/07:22:48 solver.py:159 ] Epoch: [190/200][280/282] lr: 5.34e-05 | MSE loss: 8.1604e-03 | time: 0.034
I 06.08/07:22:48 solver.py:169 ] => Train  Loss: 8.1568e-03

I 06.08/07:22:48 solver.py:159 ] Epoch: [190/200][20/32] lr: 5.34e-05 | MSE loss: 9.3521e-03 | time: 0.031
I 06.08/07:22:49 solver.py:169 ] => Val  Loss: 8.0497e-03

I 06.08/07:22:49 solver.py:405 ] [20/32] loss: 9.3521e-03 | NMSE: -1.6783e+01 | time: 0.024
I 06.08/07:22:49 solver.py:413 ] => Test NMSE: -1.7833e+01

I 06.08/07:22:49 solver.py:345 ] => LoRA monitor [epoch=190] | trainable=1310720/1310720 | non_lora_trainable=0 | lora_l2=2.118504e+01 | lora_A_l2=1.329320e+01 | lora_B_l2=1.649536e+01 | component_l2=fc_decoder:1.788730e+01,fc_encoder:1.135123e+01 | lora_abs_max=1.435737e-01 | delta_l2=2.036919e+01 | delta_rel=3.120579e+00 | train_loss=8.156779e-03 | val_loss=8.049684e-03 | test_loss=8.234262e-03 | nmse=-1.783345e+01
I 06.08/07:22:49 solver.py:224 ] 
=! Best NMSE: -1.7833e+01 (epoch=188)

I 06.08/07:22:50 solver.py:159 ] Epoch: [191/200][20/282] lr: 5.34e-05 | MSE loss: 8.7545e-03 | time: 0.030
I 06.08/07:22:51 solver.py:159 ] Epoch: [191/200][40/282] lr: 5.33e-05 | MSE loss: 8.1648e-03 | time: 0.032
I 06.08/07:22:51 solver.py:159 ] Epoch: [191/200][60/282] lr: 5.33e-05 | MSE loss: 7.7501e-03 | time: 0.032
I 06.08/07:22:52 solver.py:159 ] Epoch: [191/200][80/282] lr: 5.32e-05 | MSE loss: 8.2871e-03 | time: 0.032
I 06.08/07:22:53 solver.py:159 ] Epoch: [191/200][100/282] lr: 5.32e-05 | MSE loss: 8.3569e-03 | time: 0.033
I 06.08/07:22:53 solver.py:159 ] Epoch: [191/200][120/282] lr: 5.31e-05 | MSE loss: 7.9544e-03 | time: 0.033
I 06.08/07:22:54 solver.py:159 ] Epoch: [191/200][140/282] lr: 5.31e-05 | MSE loss: 8.1309e-03 | time: 0.033
I 06.08/07:22:55 solver.py:159 ] Epoch: [191/200][160/282] lr: 5.30e-05 | MSE loss: 8.3670e-03 | time: 0.033
I 06.08/07:22:55 solver.py:159 ] Epoch: [191/200][180/282] lr: 5.30e-05 | MSE loss: 8.2843e-03 | time: 0.033
I 06.08/07:22:56 solver.py:159 ] Epoch: [191/200][200/282] lr: 5.30e-05 | MSE loss: 8.2673e-03 | time: 0.032
I 06.08/07:22:56 solver.py:159 ] Epoch: [191/200][220/282] lr: 5.29e-05 | MSE loss: 7.9949e-03 | time: 0.033
I 06.08/07:22:57 solver.py:159 ] Epoch: [191/200][240/282] lr: 5.29e-05 | MSE loss: 7.9535e-03 | time: 0.033
I 06.08/07:22:58 solver.py:159 ] Epoch: [191/200][260/282] lr: 5.28e-05 | MSE loss: 8.0937e-03 | time: 0.033
I 06.08/07:22:59 solver.py:159 ] Epoch: [191/200][280/282] lr: 5.28e-05 | MSE loss: 8.0850e-03 | time: 0.033
I 06.08/07:22:59 solver.py:169 ] => Train  Loss: 8.1839e-03

I 06.08/07:22:59 solver.py:405 ] [20/32] loss: 9.3522e-03 | NMSE: -1.6783e+01 | time: 0.032
I 06.08/07:23:00 solver.py:413 ] => Test NMSE: -1.7833e+01

I 06.08/07:23:00 solver.py:345 ] => LoRA monitor [epoch=191] | trainable=1310720/1310720 | non_lora_trainable=0 | lora_l2=2.119966e+01 | lora_A_l2=1.330409e+01 | lora_B_l2=1.650536e+01 | component_l2=fc_decoder:1.789640e+01,fc_encoder:1.136417e+01 | lora_abs_max=1.436948e-01 | delta_l2=2.038444e+01 | delta_rel=3.122915e+00 | train_loss=8.183939e-03 | test_loss=8.234387e-03 | nmse=-1.783339e+01
I 06.08/07:23:00 solver.py:224 ] 
=! Best NMSE: -1.7833e+01 (epoch=188)

I 06.08/07:23:01 solver.py:159 ] Epoch: [192/200][20/282] lr: 5.27e-05 | MSE loss: 6.0483e-03 | time: 0.055
I 06.08/07:23:02 solver.py:159 ] Epoch: [192/200][40/282] lr: 5.27e-05 | MSE loss: 6.5711e-03 | time: 0.068
I 06.08/07:23:04 solver.py:159 ] Epoch: [192/200][60/282] lr: 5.26e-05 | MSE loss: 6.6677e-03 | time: 0.078
I 06.08/07:23:05 solver.py:159 ] Epoch: [192/200][80/282] lr: 5.26e-05 | MSE loss: 7.1319e-03 | time: 0.068
I 06.08/07:23:06 solver.py:159 ] Epoch: [192/200][100/282] lr: 5.26e-05 | MSE loss: 7.5638e-03 | time: 0.061
I 06.08/07:23:06 solver.py:159 ] Epoch: [192/200][120/282] lr: 5.25e-05 | MSE loss: 7.6923e-03 | time: 0.056
I 06.08/07:23:07 solver.py:159 ] Epoch: [192/200][140/282] lr: 5.25e-05 | MSE loss: 7.6704e-03 | time: 0.053
I 06.08/07:23:08 solver.py:159 ] Epoch: [192/200][160/282] lr: 5.24e-05 | MSE loss: 7.5108e-03 | time: 0.050
I 06.08/07:23:08 solver.py:159 ] Epoch: [192/200][180/282] lr: 5.24e-05 | MSE loss: 7.8147e-03 | time: 0.048
I 06.08/07:23:09 solver.py:159 ] Epoch: [192/200][200/282] lr: 5.24e-05 | MSE loss: 7.9216e-03 | time: 0.047
I 06.08/07:23:10 solver.py:159 ] Epoch: [192/200][220/282] lr: 5.23e-05 | MSE loss: 8.0703e-03 | time: 0.046
I 06.08/07:23:10 solver.py:159 ] Epoch: [192/200][240/282] lr: 5.23e-05 | MSE loss: 8.1578e-03 | time: 0.045
I 06.08/07:23:11 solver.py:159 ] Epoch: [192/200][260/282] lr: 5.22e-05 | MSE loss: 8.0844e-03 | time: 0.044
I 06.08/07:23:12 solver.py:159 ] Epoch: [192/200][280/282] lr: 5.22e-05 | MSE loss: 8.1806e-03 | time: 0.043
I 06.08/07:23:12 solver.py:169 ] => Train  Loss: 8.1307e-03

I 06.08/07:23:12 solver.py:405 ] [20/32] loss: 9.3520e-03 | NMSE: -1.6783e+01 | time: 0.029
I 06.08/07:23:13 solver.py:413 ] => Test NMSE: -1.7833e+01

I 06.08/07:23:13 solver.py:345 ] => LoRA monitor [epoch=192] | trainable=1310720/1310720 | non_lora_trainable=0 | lora_l2=2.121467e+01 | lora_A_l2=1.331519e+01 | lora_B_l2=1.651568e+01 | component_l2=fc_decoder:1.790607e+01,fc_encoder:1.137693e+01 | lora_abs_max=1.437065e-01 | delta_l2=2.040009e+01 | delta_rel=3.125312e+00 | train_loss=8.130689e-03 | test_loss=8.234188e-03 | nmse=-1.783349e+01
I 06.08/07:23:13 solver.py:224 ] 
=! Best NMSE: -1.7833e+01 (epoch=192)

I 06.08/07:23:14 solver.py:159 ] Epoch: [193/200][20/282] lr: 5.22e-05 | MSE loss: 6.7628e-03 | time: 0.034
I 06.08/07:23:14 solver.py:159 ] Epoch: [193/200][40/282] lr: 5.21e-05 | MSE loss: 7.3077e-03 | time: 0.031
I 06.08/07:23:15 solver.py:159 ] Epoch: [193/200][60/282] lr: 5.21e-05 | MSE loss: 7.5291e-03 | time: 0.031
I 06.08/07:23:15 solver.py:159 ] Epoch: [193/200][80/282] lr: 5.20e-05 | MSE loss: 7.9234e-03 | time: 0.031
I 06.08/07:23:16 solver.py:159 ] Epoch: [193/200][100/282] lr: 5.20e-05 | MSE loss: 8.2400e-03 | time: 0.032
I 06.08/07:23:17 solver.py:159 ] Epoch: [193/200][120/282] lr: 5.20e-05 | MSE loss: 7.8931e-03 | time: 0.032
I 06.08/07:23:17 solver.py:159 ] Epoch: [193/200][140/282] lr: 5.19e-05 | MSE loss: 7.5868e-03 | time: 0.032
I 06.08/07:23:18 solver.py:159 ] Epoch: [193/200][160/282] lr: 5.19e-05 | MSE loss: 7.8025e-03 | time: 0.032
I 06.08/07:23:19 solver.py:159 ] Epoch: [193/200][180/282] lr: 5.19e-05 | MSE loss: 7.8208e-03 | time: 0.032
I 06.08/07:23:19 solver.py:159 ] Epoch: [193/200][200/282] lr: 5.18e-05 | MSE loss: 8.0019e-03 | time: 0.032
I 06.08/07:23:20 solver.py:159 ] Epoch: [193/200][220/282] lr: 5.18e-05 | MSE loss: 7.9423e-03 | time: 0.032
I 06.08/07:23:21 solver.py:159 ] Epoch: [193/200][240/282] lr: 5.17e-05 | MSE loss: 8.1439e-03 | time: 0.033
I 06.08/07:23:21 solver.py:159 ] Epoch: [193/200][260/282] lr: 5.17e-05 | MSE loss: 8.0567e-03 | time: 0.032
I 06.08/07:23:22 solver.py:159 ] Epoch: [193/200][280/282] lr: 5.17e-05 | MSE loss: 8.1686e-03 | time: 0.032
I 06.08/07:23:22 solver.py:169 ] => Train  Loss: 8.1319e-03

I 06.08/07:23:23 solver.py:405 ] [20/32] loss: 9.3522e-03 | NMSE: -1.6783e+01 | time: 0.029
I 06.08/07:23:23 solver.py:413 ] => Test NMSE: -1.7833e+01

I 06.08/07:23:23 solver.py:345 ] => LoRA monitor [epoch=193] | trainable=1310720/1310720 | non_lora_trainable=0 | lora_l2=2.122810e+01 | lora_A_l2=1.332502e+01 | lora_B_l2=1.652501e+01 | component_l2=fc_decoder:1.791459e+01,fc_encoder:1.138858e+01 | lora_abs_max=1.439545e-01 | delta_l2=2.041410e+01 | delta_rel=3.127458e+00 | train_loss=8.131919e-03 | test_loss=8.234282e-03 | nmse=-1.783344e+01
I 06.08/07:23:23 solver.py:224 ] 
=! Best NMSE: -1.7833e+01 (epoch=192)

I 06.08/07:23:24 solver.py:159 ] Epoch: [194/200][20/282] lr: 5.16e-05 | MSE loss: 8.7024e-03 | time: 0.043
I 06.08/07:23:25 solver.py:159 ] Epoch: [194/200][40/282] lr: 5.16e-05 | MSE loss: 8.7897e-03 | time: 0.041
I 06.08/07:23:25 solver.py:159 ] Epoch: [194/200][60/282] lr: 5.16e-05 | MSE loss: 9.4306e-03 | time: 0.038
I 06.08/07:23:26 solver.py:159 ] Epoch: [194/200][80/282] lr: 5.15e-05 | MSE loss: 9.1930e-03 | time: 0.036
I 06.08/07:23:27 solver.py:159 ] Epoch: [194/200][100/282] lr: 5.15e-05 | MSE loss: 9.0560e-03 | time: 0.035
I 06.08/07:23:27 solver.py:159 ] Epoch: [194/200][120/282] lr: 5.15e-05 | MSE loss: 9.0357e-03 | time: 0.035
I 06.08/07:23:28 solver.py:159 ] Epoch: [194/200][140/282] lr: 5.14e-05 | MSE loss: 8.7910e-03 | time: 0.034
I 06.08/07:23:29 solver.py:159 ] Epoch: [194/200][160/282] lr: 5.14e-05 | MSE loss: 8.7283e-03 | time: 0.035
I 06.08/07:23:29 solver.py:159 ] Epoch: [194/200][180/282] lr: 5.14e-05 | MSE loss: 8.5927e-03 | time: 0.035
I 06.08/07:23:30 solver.py:159 ] Epoch: [194/200][200/282] lr: 5.14e-05 | MSE loss: 8.5952e-03 | time: 0.034
I 06.08/07:23:31 solver.py:159 ] Epoch: [194/200][220/282] lr: 5.13e-05 | MSE loss: 8.6027e-03 | time: 0.034
I 06.08/07:23:31 solver.py:159 ] Epoch: [194/200][240/282] lr: 5.13e-05 | MSE loss: 8.4785e-03 | time: 0.034
I 06.08/07:23:32 solver.py:159 ] Epoch: [194/200][260/282] lr: 5.13e-05 | MSE loss: 8.3503e-03 | time: 0.033
I 06.08/07:23:32 solver.py:159 ] Epoch: [194/200][280/282] lr: 5.12e-05 | MSE loss: 8.1682e-03 | time: 0.033
I 06.08/07:23:32 solver.py:169 ] => Train  Loss: 8.1354e-03

I 06.08/07:23:33 solver.py:405 ] [20/32] loss: 9.3521e-03 | NMSE: -1.6783e+01 | time: 0.025
I 06.08/07:23:33 solver.py:413 ] => Test NMSE: -1.7833e+01

I 06.08/07:23:33 solver.py:345 ] => LoRA monitor [epoch=194] | trainable=1310720/1310720 | non_lora_trainable=0 | lora_l2=2.124257e+01 | lora_A_l2=1.333558e+01 | lora_B_l2=1.653508e+01 | component_l2=fc_decoder:1.792390e+01,fc_encoder:1.140089e+01 | lora_abs_max=1.439234e-01 | delta_l2=2.042914e+01 | delta_rel=3.129762e+00 | train_loss=8.135391e-03 | test_loss=8.234254e-03 | nmse=-1.783346e+01
I 06.08/07:23:33 solver.py:224 ] 
=! Best NMSE: -1.7833e+01 (epoch=192)

I 06.08/07:23:34 solver.py:159 ] Epoch: [195/200][20/282] lr: 5.12e-05 | MSE loss: 6.9391e-03 | time: 0.031
I 06.08/07:23:34 solver.py:159 ] Epoch: [195/200][40/282] lr: 5.12e-05 | MSE loss: 8.4570e-03 | time: 0.031
I 06.08/07:23:35 solver.py:159 ] Epoch: [195/200][60/282] lr: 5.11e-05 | MSE loss: 8.4712e-03 | time: 0.031
I 06.08/07:23:36 solver.py:159 ] Epoch: [195/200][80/282] lr: 5.11e-05 | MSE loss: 8.2265e-03 | time: 0.031
I 06.08/07:23:36 solver.py:159 ] Epoch: [195/200][100/282] lr: 5.11e-05 | MSE loss: 8.6198e-03 | time: 0.031
I 06.08/07:23:37 solver.py:159 ] Epoch: [195/200][120/282] lr: 5.11e-05 | MSE loss: 8.6330e-03 | time: 0.031
I 06.08/07:23:38 solver.py:159 ] Epoch: [195/200][140/282] lr: 5.10e-05 | MSE loss: 8.7905e-03 | time: 0.031
I 06.08/07:23:38 solver.py:159 ] Epoch: [195/200][160/282] lr: 5.10e-05 | MSE loss: 8.3901e-03 | time: 0.031
I 06.08/07:23:39 solver.py:159 ] Epoch: [195/200][180/282] lr: 5.10e-05 | MSE loss: 8.0371e-03 | time: 0.031
I 06.08/07:23:40 solver.py:159 ] Epoch: [195/200][200/282] lr: 5.10e-05 | MSE loss: 7.9129e-03 | time: 0.032
I 06.08/07:23:40 solver.py:159 ] Epoch: [195/200][220/282] lr: 5.09e-05 | MSE loss: 8.0344e-03 | time: 0.032
I 06.08/07:23:41 solver.py:159 ] Epoch: [195/200][240/282] lr: 5.09e-05 | MSE loss: 7.9404e-03 | time: 0.032
I 06.08/07:23:42 solver.py:159 ] Epoch: [195/200][260/282] lr: 5.09e-05 | MSE loss: 7.9956e-03 | time: 0.032
I 06.08/07:23:42 solver.py:159 ] Epoch: [195/200][280/282] lr: 5.09e-05 | MSE loss: 8.1480e-03 | time: 0.032
I 06.08/07:23:42 solver.py:169 ] => Train  Loss: 8.1293e-03

I 06.08/07:23:43 solver.py:405 ] [20/32] loss: 9.3520e-03 | NMSE: -1.6783e+01 | time: 0.030
I 06.08/07:23:43 solver.py:413 ] => Test NMSE: -1.7833e+01

I 06.08/07:23:43 solver.py:345 ] => LoRA monitor [epoch=195] | trainable=1310720/1310720 | non_lora_trainable=0 | lora_l2=2.125635e+01 | lora_A_l2=1.334601e+01 | lora_B_l2=1.654438e+01 | component_l2=fc_decoder:1.793227e+01,fc_encoder:1.141343e+01 | lora_abs_max=1.441224e-01 | delta_l2=2.044349e+01 | delta_rel=3.131961e+00 | train_loss=8.129342e-03 | test_loss=8.234199e-03 | nmse=-1.783349e+01
I 06.08/07:23:43 solver.py:224 ] 
=! Best NMSE: -1.7833e+01 (epoch=192)

I 06.08/07:23:44 solver.py:159 ] Epoch: [196/200][20/282] lr: 5.08e-05 | MSE loss: 8.6806e-03 | time: 0.033
I 06.08/07:23:44 solver.py:159 ] Epoch: [196/200][40/282] lr: 5.08e-05 | MSE loss: 8.9730e-03 | time: 0.032
I 06.08/07:23:45 solver.py:159 ] Epoch: [196/200][60/282] lr: 5.08e-05 | MSE loss: 8.2965e-03 | time: 0.032
I 06.08/07:23:46 solver.py:159 ] Epoch: [196/200][80/282] lr: 5.08e-05 | MSE loss: 8.7801e-03 | time: 0.033
I 06.08/07:23:46 solver.py:159 ] Epoch: [196/200][100/282] lr: 5.07e-05 | MSE loss: 8.5386e-03 | time: 0.033
I 06.08/07:23:47 solver.py:159 ] Epoch: [196/200][120/282] lr: 5.07e-05 | MSE loss: 8.2362e-03 | time: 0.034
I 06.08/07:23:48 solver.py:159 ] Epoch: [196/200][140/282] lr: 5.07e-05 | MSE loss: 8.3184e-03 | time: 0.034
I 06.08/07:23:49 solver.py:159 ] Epoch: [196/200][160/282] lr: 5.07e-05 | MSE loss: 8.3944e-03 | time: 0.034
I 06.08/07:23:49 solver.py:159 ] Epoch: [196/200][180/282] lr: 5.07e-05 | MSE loss: 8.4520e-03 | time: 0.033
I 06.08/07:23:50 solver.py:159 ] Epoch: [196/200][200/282] lr: 5.06e-05 | MSE loss: 8.3334e-03 | time: 0.033
I 06.08/07:23:50 solver.py:159 ] Epoch: [196/200][220/282] lr: 5.06e-05 | MSE loss: 8.1289e-03 | time: 0.033
I 06.08/07:23:51 solver.py:159 ] Epoch: [196/200][240/282] lr: 5.06e-05 | MSE loss: 8.1106e-03 | time: 0.033
I 06.08/07:23:52 solver.py:159 ] Epoch: [196/200][260/282] lr: 5.06e-05 | MSE loss: 8.1239e-03 | time: 0.033
I 06.08/07:23:52 solver.py:159 ] Epoch: [196/200][280/282] lr: 5.06e-05 | MSE loss: 8.1146e-03 | time: 0.033
I 06.08/07:23:52 solver.py:169 ] => Train  Loss: 8.2046e-03

I 06.08/07:23:53 solver.py:405 ] [20/32] loss: 9.3520e-03 | NMSE: -1.6783e+01 | time: 0.026
I 06.08/07:23:53 solver.py:413 ] => Test NMSE: -1.7833e+01

I 06.08/07:23:53 solver.py:345 ] => LoRA monitor [epoch=196] | trainable=1310720/1310720 | non_lora_trainable=0 | lora_l2=2.127098e+01 | lora_A_l2=1.335684e+01 | lora_B_l2=1.655443e+01 | component_l2=fc_decoder:1.794141e+01,fc_encoder:1.142630e+01 | lora_abs_max=1.442096e-01 | delta_l2=2.045864e+01 | delta_rel=3.134283e+00 | train_loss=8.204581e-03 | test_loss=8.234217e-03 | nmse=-1.783348e+01
I 06.08/07:23:53 solver.py:224 ] 
=! Best NMSE: -1.7833e+01 (epoch=192)

I 06.08/07:23:54 solver.py:159 ] Epoch: [197/200][20/282] lr: 5.05e-05 | MSE loss: 7.1179e-03 | time: 0.040
I 06.08/07:23:55 solver.py:159 ] Epoch: [197/200][40/282] lr: 5.05e-05 | MSE loss: 6.9299e-03 | time: 0.042
I 06.08/07:23:56 solver.py:159 ] Epoch: [197/200][60/282] lr: 5.05e-05 | MSE loss: 6.9043e-03 | time: 0.045
I 06.08/07:23:57 solver.py:159 ] Epoch: [197/200][80/282] lr: 5.05e-05 | MSE loss: 6.7087e-03 | time: 0.042
I 06.08/07:23:57 solver.py:159 ] Epoch: [197/200][100/282] lr: 5.05e-05 | MSE loss: 7.0718e-03 | time: 0.041
I 06.08/07:23:58 solver.py:159 ] Epoch: [197/200][120/282] lr: 5.04e-05 | MSE loss: 7.9216e-03 | time: 0.039
I 06.08/07:23:59 solver.py:159 ] Epoch: [197/200][140/282] lr: 5.04e-05 | MSE loss: 7.8269e-03 | time: 0.039
I 06.08/07:23:59 solver.py:159 ] Epoch: [197/200][160/282] lr: 5.04e-05 | MSE loss: 7.5771e-03 | time: 0.038
I 06.08/07:24:00 solver.py:159 ] Epoch: [197/200][180/282] lr: 5.04e-05 | MSE loss: 7.5283e-03 | time: 0.037
I 06.08/07:24:01 solver.py:159 ] Epoch: [197/200][200/282] lr: 5.04e-05 | MSE loss: 7.6117e-03 | time: 0.038
I 06.08/07:24:02 solver.py:159 ] Epoch: [197/200][220/282] lr: 5.04e-05 | MSE loss: 7.7617e-03 | time: 0.042
I 06.08/07:24:04 solver.py:159 ] Epoch: [197/200][240/282] lr: 5.03e-05 | MSE loss: 8.0797e-03 | time: 0.045
I 06.08/07:24:05 solver.py:159 ] Epoch: [197/200][260/282] lr: 5.03e-05 | MSE loss: 7.9797e-03 | time: 0.045
I 06.08/07:24:06 solver.py:159 ] Epoch: [197/200][280/282] lr: 5.03e-05 | MSE loss: 8.1203e-03 | time: 0.044
I 06.08/07:24:06 solver.py:169 ] => Train  Loss: 8.2425e-03

I 06.08/07:24:06 solver.py:405 ] [20/32] loss: 9.3522e-03 | NMSE: -1.6783e+01 | time: 0.030
I 06.08/07:24:07 solver.py:413 ] => Test NMSE: -1.7833e+01

I 06.08/07:24:07 solver.py:345 ] => LoRA monitor [epoch=197] | trainable=1310720/1310720 | non_lora_trainable=0 | lora_l2=2.128540e+01 | lora_A_l2=1.336705e+01 | lora_B_l2=1.656472e+01 | component_l2=fc_decoder:1.795110e+01,fc_encoder:1.143792e+01 | lora_abs_max=1.440562e-01 | delta_l2=2.047370e+01 | delta_rel=3.136589e+00 | train_loss=8.242509e-03 | test_loss=8.234417e-03 | nmse=-1.783337e+01
I 06.08/07:24:07 solver.py:224 ] 
=! Best NMSE: -1.7833e+01 (epoch=192)

I 06.08/07:24:07 solver.py:159 ] Epoch: [198/200][20/282] lr: 5.03e-05 | MSE loss: 8.8354e-03 | time: 0.037
I 06.08/07:24:08 solver.py:159 ] Epoch: [198/200][40/282] lr: 5.03e-05 | MSE loss: 8.3561e-03 | time: 0.035
I 06.08/07:24:09 solver.py:159 ] Epoch: [198/200][60/282] lr: 5.03e-05 | MSE loss: 7.9071e-03 | time: 0.034
I 06.08/07:24:09 solver.py:159 ] Epoch: [198/200][80/282] lr: 5.03e-05 | MSE loss: 7.9798e-03 | time: 0.034
I 06.08/07:24:10 solver.py:159 ] Epoch: [198/200][100/282] lr: 5.02e-05 | MSE loss: 8.4061e-03 | time: 0.033
I 06.08/07:24:11 solver.py:159 ] Epoch: [198/200][120/282] lr: 5.02e-05 | MSE loss: 8.4521e-03 | time: 0.033
I 06.08/07:24:11 solver.py:159 ] Epoch: [198/200][140/282] lr: 5.02e-05 | MSE loss: 8.4055e-03 | time: 0.033
I 06.08/07:24:12 solver.py:159 ] Epoch: [198/200][160/282] lr: 5.02e-05 | MSE loss: 8.4370e-03 | time: 0.033
I 06.08/07:24:12 solver.py:159 ] Epoch: [198/200][180/282] lr: 5.02e-05 | MSE loss: 8.2791e-03 | time: 0.033
I 06.08/07:24:13 solver.py:159 ] Epoch: [198/200][200/282] lr: 5.02e-05 | MSE loss: 8.2575e-03 | time: 0.032
I 06.08/07:24:14 solver.py:159 ] Epoch: [198/200][220/282] lr: 5.02e-05 | MSE loss: 8.2189e-03 | time: 0.032
I 06.08/07:24:14 solver.py:159 ] Epoch: [198/200][240/282] lr: 5.02e-05 | MSE loss: 8.2043e-03 | time: 0.032
I 06.08/07:24:15 solver.py:159 ] Epoch: [198/200][260/282] lr: 5.01e-05 | MSE loss: 8.0843e-03 | time: 0.032
I 06.08/07:24:16 solver.py:159 ] Epoch: [198/200][280/282] lr: 5.01e-05 | MSE loss: 8.1653e-03 | time: 0.032
I 06.08/07:24:16 solver.py:169 ] => Train  Loss: 8.1539e-03

I 06.08/07:24:16 solver.py:405 ] [20/32] loss: 9.3519e-03 | NMSE: -1.6783e+01 | time: 0.031
I 06.08/07:24:17 solver.py:413 ] => Test NMSE: -1.7834e+01

I 06.08/07:24:17 solver.py:345 ] => LoRA monitor [epoch=198] | trainable=1310720/1310720 | non_lora_trainable=0 | lora_l2=2.129823e+01 | lora_A_l2=1.337708e+01 | lora_B_l2=1.657312e+01 | component_l2=fc_decoder:1.795858e+01,fc_encoder:1.145006e+01 | lora_abs_max=1.443060e-01 | delta_l2=2.048712e+01 | delta_rel=3.138645e+00 | train_loss=8.153947e-03 | test_loss=8.234101e-03 | nmse=-1.783354e+01
I 06.08/07:24:17 solver.py:224 ] 
=! Best NMSE: -1.7834e+01 (epoch=198)

I 06.08/07:24:17 solver.py:159 ] Epoch: [199/200][20/282] lr: 5.01e-05 | MSE loss: 7.5666e-03 | time: 0.037
I 06.08/07:24:18 solver.py:159 ] Epoch: [199/200][40/282] lr: 5.01e-05 | MSE loss: 9.1813e-03 | time: 0.036
I 06.08/07:24:19 solver.py:159 ] Epoch: [199/200][60/282] lr: 5.01e-05 | MSE loss: 8.6349e-03 | time: 0.035
I 06.08/07:24:19 solver.py:159 ] Epoch: [199/200][80/282] lr: 5.01e-05 | MSE loss: 8.2537e-03 | time: 0.034
I 06.08/07:24:20 solver.py:159 ] Epoch: [199/200][100/282] lr: 5.01e-05 | MSE loss: 8.0862e-03 | time: 0.035
I 06.08/07:24:21 solver.py:159 ] Epoch: [199/200][120/282] lr: 5.01e-05 | MSE loss: 8.1533e-03 | time: 0.033
I 06.08/07:24:21 solver.py:159 ] Epoch: [199/200][140/282] lr: 5.01e-05 | MSE loss: 8.3508e-03 | time: 0.033
I 06.08/07:24:22 solver.py:159 ] Epoch: [199/200][160/282] lr: 5.01e-05 | MSE loss: 8.2996e-03 | time: 0.033
I 06.08/07:24:23 solver.py:159 ] Epoch: [199/200][180/282] lr: 5.01e-05 | MSE loss: 8.1252e-03 | time: 0.033
I 06.08/07:24:23 solver.py:159 ] Epoch: [199/200][200/282] lr: 5.01e-05 | MSE loss: 7.9691e-03 | time: 0.033
I 06.08/07:24:24 solver.py:159 ] Epoch: [199/200][220/282] lr: 5.01e-05 | MSE loss: 8.0410e-03 | time: 0.033
I 06.08/07:24:25 solver.py:159 ] Epoch: [199/200][240/282] lr: 5.00e-05 | MSE loss: 7.9960e-03 | time: 0.033
I 06.08/07:24:25 solver.py:159 ] Epoch: [199/200][260/282] lr: 5.00e-05 | MSE loss: 8.1438e-03 | time: 0.034
I 06.08/07:24:26 solver.py:159 ] Epoch: [199/200][280/282] lr: 5.00e-05 | MSE loss: 8.1794e-03 | time: 0.033
I 06.08/07:24:26 solver.py:169 ] => Train  Loss: 8.1292e-03

I 06.08/07:24:27 solver.py:405 ] [20/32] loss: 9.3521e-03 | NMSE: -1.6783e+01 | time: 0.028
I 06.08/07:24:27 solver.py:413 ] => Test NMSE: -1.7833e+01

I 06.08/07:24:27 solver.py:345 ] => LoRA monitor [epoch=199] | trainable=1310720/1310720 | non_lora_trainable=0 | lora_l2=2.131264e+01 | lora_A_l2=1.338780e+01 | lora_B_l2=1.658299e+01 | component_l2=fc_decoder:1.796779e+01,fc_encoder:1.146243e+01 | lora_abs_max=1.442961e-01 | delta_l2=2.050206e+01 | delta_rel=3.140934e+00 | train_loss=8.129202e-03 | test_loss=8.234289e-03 | nmse=-1.783344e+01
I 06.08/07:24:27 solver.py:224 ] 
=! Best NMSE: -1.7834e+01 (epoch=198)

I 06.08/07:24:28 solver.py:159 ] Epoch: [200/200][20/282] lr: 5.00e-05 | MSE loss: 9.1206e-03 | time: 0.033
I 06.08/07:24:28 solver.py:159 ] Epoch: [200/200][40/282] lr: 5.00e-05 | MSE loss: 8.2318e-03 | time: 0.035
I 06.08/07:24:29 solver.py:159 ] Epoch: [200/200][60/282] lr: 5.00e-05 | MSE loss: 8.0277e-03 | time: 0.034
I 06.08/07:24:30 solver.py:159 ] Epoch: [200/200][80/282] lr: 5.00e-05 | MSE loss: 8.2082e-03 | time: 0.035
I 06.08/07:24:31 solver.py:159 ] Epoch: [200/200][100/282] lr: 5.00e-05 | MSE loss: 7.9268e-03 | time: 0.037
I 06.08/07:24:31 solver.py:159 ] Epoch: [200/200][120/282] lr: 5.00e-05 | MSE loss: 7.6695e-03 | time: 0.036
I 06.08/07:24:32 solver.py:159 ] Epoch: [200/200][140/282] lr: 5.00e-05 | MSE loss: 7.7586e-03 | time: 0.036
I 06.08/07:24:33 solver.py:159 ] Epoch: [200/200][160/282] lr: 5.00e-05 | MSE loss: 7.8329e-03 | time: 0.037
I 06.08/07:24:34 solver.py:159 ] Epoch: [200/200][180/282] lr: 5.00e-05 | MSE loss: 7.9259e-03 | time: 0.037
I 06.08/07:24:34 solver.py:159 ] Epoch: [200/200][200/282] lr: 5.00e-05 | MSE loss: 7.9484e-03 | time: 0.036
I 06.08/07:24:35 solver.py:159 ] Epoch: [200/200][220/282] lr: 5.00e-05 | MSE loss: 8.0181e-03 | time: 0.036
I 06.08/07:24:35 solver.py:159 ] Epoch: [200/200][240/282] lr: 5.00e-05 | MSE loss: 8.2580e-03 | time: 0.035
I 06.08/07:24:36 solver.py:159 ] Epoch: [200/200][260/282] lr: 5.00e-05 | MSE loss: 8.1703e-03 | time: 0.035
I 06.08/07:24:37 solver.py:159 ] Epoch: [200/200][280/282] lr: 5.00e-05 | MSE loss: 8.1703e-03 | time: 0.035
I 06.08/07:24:37 solver.py:169 ] => Train  Loss: 8.1288e-03

I 06.08/07:24:37 solver.py:159 ] Epoch: [200/200][20/32] lr: 5.00e-05 | MSE loss: 9.3520e-03 | time: 0.028
I 06.08/07:24:38 solver.py:169 ] => Val  Loss: 8.0496e-03

I 06.08/07:24:38 solver.py:405 ] [20/32] loss: 9.3520e-03 | NMSE: -1.6783e+01 | time: 0.029
I 06.08/07:24:39 solver.py:413 ] => Test NMSE: -1.7833e+01

I 06.08/07:24:39 solver.py:345 ] => LoRA monitor [epoch=200] | trainable=1310720/1310720 | non_lora_trainable=0 | lora_l2=2.132652e+01 | lora_A_l2=1.339779e+01 | lora_B_l2=1.659276e+01 | component_l2=fc_decoder:1.797699e+01,fc_encoder:1.147381e+01 | lora_abs_max=1.444057e-01 | delta_l2=2.051642e+01 | delta_rel=3.143135e+00 | train_loss=8.128831e-03 | val_loss=8.049645e-03 | test_loss=8.234223e-03 | nmse=-1.783347e+01
I 06.08/07:24:39 solver.py:224 ] 
=! Best NMSE: -1.7834e+01 (epoch=198)

I 06.08/07:25:10 solver.py:247 ] => Saved encoder outputs to /home/hujiacong/zxd/Huawei/TransNet/exps/WAIRD/seed797/scenario_2/06401_lora_fc_encoder_fc_decoder_64_128_torch_independent/encoder_output.pth
I 06.08/07:25:11 solver.py:405 ] [20/32] loss: 9.3520e-03 | NMSE: -1.6783e+01 | time: 0.035
I 06.08/07:25:11 solver.py:413 ] => Test NMSE: -1.7833e+01

I 06.08/07:25:11 solver.py:370 ] 
=> Test result: 
loss: 8.2342e-03    NMSE: -1.7833e+01

I 06.08/07:25:11 main.py:110 ] 
=! Final test loss: 8.2342e-03
         test NMSE: -1.7833e+01

