I 06.07/21:55:42 main.py:23  ] => Experiment directory: /home/hujiacong/zxd/Huawei/TransNet/exps/WAIRD/seed797/scenario_2/01105_encoder_ffn_8_64_torch_independent
I 06.07/21:55:42 main.py:24  ] => PyTorch Version: 2.5.1
I 06.07/21:55:42 main.py:26  ] ==================================================
I 06.07/21:55:42 main.py:30  ] => Arguments:
	train_path: data/scenario_2/01105/train.pt
	val_path: data/scenario_2/01105/test.pt
	test_path: data/scenario_2/01105/test.pt
	batch_size: 32
	workers: 0
	evaluate: False
	pretrained: exps/WAIRD/seed797/base/torch_independent/checkpoints/best_nmse.pth
	resume: None
	seed: 797
	gpu: 3
	cpu: False
	cpu_affinity: None
	epochs: 200
	cr: 4
	exp_name: WAIRD/seed797/scenario_2/01105_encoder_ffn_8_64_torch_independent
	channel: 2
	nt: 64
	nc: 64
	d_model: 64
	dim_feedforward: 2048
	layer_sharing: independent
	transformer_backend: torch
	scheduler: cosine
	lr_init: 0.0005
	weight_decay: 0.0
	freeze_components: []
	lora_component: ['encoder_ffn']
	lora_pretrained: None
	lora_rank: 8
	lora_alpha: 64
I 06.07/21:55:42 main.py:31  ] ==================================================
I 06.07/21:55:42 init.py:17  ] Random seed set to 797
I 06.07/21:55:43 init.py:220 ] Running on GPU 3
I 06.07/21:55:44 dataloader.py:69  ] data/scenario_2/01105/train.pt loaded.
I 06.07/21:55:44 dataloader.py:74  ] data/scenario_2/01105/test.pt loaded.
I 06.07/21:55:44 dataloader.py:79  ] data/scenario_2/01105/test.pt loaded.
I 06.07/21:55:45 init.py:259 ] pretrained model loaded from exps/WAIRD/seed797/base/torch_independent/checkpoints/best_nmse.pth
I 06.07/21:55:45 init.py:179 ] => LoRA enabled on components: encoder_ffn; target_modules=['encoder.layers.0.linear1', 'encoder.layers.0.linear2', 'encoder.layers.1.linear1', 'encoder.layers.1.linear2']; (rank=8, alpha=64); 67584/34790656 scalar params trainable
I 06.07/21:55:45 init.py:288 ] => Model Name: TransNet [pretrained: exps/WAIRD/seed797/base/torch_independent/checkpoints/best_nmse.pth]
I 06.07/21:55:45 init.py:289 ] => Model Config: compression ratio=1/4; input shape=(2, 64, 64); input dim=8192; layer sharing=independent; transformer backend=torch
I 06.07/21:55:45 init.py:294 ] => Model Flops: 1.7682e+02M
I 06.07/21:55:45 init.py:295 ] => Model Params Num: 3.4691e+01M

I 06.07/21:55:45 init.py:296 ] 
==================================================
Transformer(
  (encoder): TransformerEncoder(
    (layers): ModuleList(
      (0-1): 2 x TransformerEncoderLayer(
        (self_attn): MultiheadAttention(
          (out_proj): NonDynamicallyQuantizableLinear(in_features=64, out_features=64, bias=True)
        )
        (linear1): LoRALinear(
          (base_layer): Linear(in_features=64, out_features=2048, bias=True)
          (lora_A): Linear(in_features=64, out_features=8, bias=False)
          (lora_B): Linear(in_features=8, out_features=2048, bias=False)
        )
        (dropout): Dropout(p=0.0, inplace=False)
        (linear2): LoRALinear(
          (base_layer): Linear(in_features=2048, out_features=64, bias=True)
          (lora_A): Linear(in_features=2048, out_features=8, bias=False)
          (lora_B): Linear(in_features=8, out_features=64, bias=False)
        )
        (norm1): LayerNorm((64,), eps=1e-05, elementwise_affine=True)
        (norm2): LayerNorm((64,), eps=1e-05, elementwise_affine=True)
        (dropout1): Dropout(p=0.0, inplace=False)
        (dropout2): Dropout(p=0.0, inplace=False)
      )
    )
    (norm): LayerNorm((64,), eps=1e-05, elementwise_affine=True)
  )
  (decoder): TransformerDecoder(
    (layers): ModuleList(
      (0-1): 2 x TransformerDecoderLayer(
        (self_attn): MultiheadAttention(
          (out_proj): NonDynamicallyQuantizableLinear(in_features=64, out_features=64, bias=True)
        )
        (multihead_attn): MultiheadAttention(
          (out_proj): NonDynamicallyQuantizableLinear(in_features=64, out_features=64, bias=True)
        )
        (linear1): Linear(in_features=64, out_features=2048, bias=True)
        (dropout): Dropout(p=0.0, inplace=False)
        (linear2): Linear(in_features=2048, out_features=64, bias=True)
        (norm1): LayerNorm((64,), eps=1e-05, elementwise_affine=True)
        (norm2): LayerNorm((64,), eps=1e-05, elementwise_affine=True)
        (norm3): LayerNorm((64,), eps=1e-05, elementwise_affine=True)
        (dropout1): Dropout(p=0.0, inplace=False)
        (dropout2): Dropout(p=0.0, inplace=False)
        (dropout3): Dropout(p=0.0, inplace=False)
      )
    )
    (norm): LayerNorm((64,), eps=1e-05, elementwise_affine=True)
  )
  (fc_encoder): Linear(in_features=8192, out_features=2048, bias=True)
  (fc_decoder): Linear(in_features=2048, out_features=8192, bias=True)
)
==================================================

I 06.07/21:55:45 init.py:200 ] 
encoder.layers.0.self_attn.in_proj_weight                         False    (192, 64)
encoder.layers.0.self_attn.in_proj_bias                           False    (192,)
encoder.layers.0.self_attn.out_proj.weight                        False    (64, 64)
encoder.layers.0.self_attn.out_proj.bias                          False    (64,)
encoder.layers.0.linear1.base_layer.weight                        False    (2048, 64)
encoder.layers.0.linear1.base_layer.bias                          False    (2048,)
encoder.layers.0.linear1.lora_A.weight                            True     (8, 64)
encoder.layers.0.linear1.lora_B.weight                            True     (2048, 8)
encoder.layers.0.linear2.base_layer.weight                        False    (64, 2048)
encoder.layers.0.linear2.base_layer.bias                          False    (64,)
encoder.layers.0.linear2.lora_A.weight                            True     (8, 2048)
encoder.layers.0.linear2.lora_B.weight                            True     (64, 8)
encoder.layers.0.norm1.weight                                     False    (64,)
encoder.layers.0.norm1.bias                                       False    (64,)
encoder.layers.0.norm2.weight                                     False    (64,)
encoder.layers.0.norm2.bias                                       False    (64,)
encoder.layers.1.self_attn.in_proj_weight                         False    (192, 64)
encoder.layers.1.self_attn.in_proj_bias                           False    (192,)
encoder.layers.1.self_attn.out_proj.weight                        False    (64, 64)
encoder.layers.1.self_attn.out_proj.bias                          False    (64,)
encoder.layers.1.linear1.base_layer.weight                        False    (2048, 64)
encoder.layers.1.linear1.base_layer.bias                          False    (2048,)
encoder.layers.1.linear1.lora_A.weight                            True     (8, 64)
encoder.layers.1.linear1.lora_B.weight                            True     (2048, 8)
encoder.layers.1.linear2.base_layer.weight                        False    (64, 2048)
encoder.layers.1.linear2.base_layer.bias                          False    (64,)
encoder.layers.1.linear2.lora_A.weight                            True     (8, 2048)
encoder.layers.1.linear2.lora_B.weight                            True     (64, 8)
encoder.layers.1.norm1.weight                                     False    (64,)
encoder.layers.1.norm1.bias                                       False    (64,)
encoder.layers.1.norm2.weight                                     False    (64,)
encoder.layers.1.norm2.bias                                       False    (64,)
encoder.norm.weight                                               False    (64,)
encoder.norm.bias                                                 False    (64,)
decoder.layers.0.self_attn.in_proj_weight                         False    (192, 64)
decoder.layers.0.self_attn.in_proj_bias                           False    (192,)
decoder.layers.0.self_attn.out_proj.weight                        False    (64, 64)
decoder.layers.0.self_attn.out_proj.bias                          False    (64,)
decoder.layers.0.multihead_attn.in_proj_weight                    False    (192, 64)
decoder.layers.0.multihead_attn.in_proj_bias                      False    (192,)
decoder.layers.0.multihead_attn.out_proj.weight                   False    (64, 64)
decoder.layers.0.multihead_attn.out_proj.bias                     False    (64,)
decoder.layers.0.linear1.weight                                   False    (2048, 64)
decoder.layers.0.linear1.bias                                     False    (2048,)
decoder.layers.0.linear2.weight                                   False    (64, 2048)
decoder.layers.0.linear2.bias                                     False    (64,)
decoder.layers.0.norm1.weight                                     False    (64,)
decoder.layers.0.norm1.bias                                       False    (64,)
decoder.layers.0.norm2.weight                                     False    (64,)
decoder.layers.0.norm2.bias                                       False    (64,)
decoder.layers.0.norm3.weight                                     False    (64,)
decoder.layers.0.norm3.bias                                       False    (64,)
decoder.layers.1.self_attn.in_proj_weight                         False    (192, 64)
decoder.layers.1.self_attn.in_proj_bias                           False    (192,)
decoder.layers.1.self_attn.out_proj.weight                        False    (64, 64)
decoder.layers.1.self_attn.out_proj.bias                          False    (64,)
decoder.layers.1.multihead_attn.in_proj_weight                    False    (192, 64)
decoder.layers.1.multihead_attn.in_proj_bias                      False    (192,)
decoder.layers.1.multihead_attn.out_proj.weight                   False    (64, 64)
decoder.layers.1.multihead_attn.out_proj.bias                     False    (64,)
decoder.layers.1.linear1.weight                                   False    (2048, 64)
decoder.layers.1.linear1.bias                                     False    (2048,)
decoder.layers.1.linear2.weight                                   False    (64, 2048)
decoder.layers.1.linear2.bias                                     False    (64,)
decoder.layers.1.norm1.weight                                     False    (64,)
decoder.layers.1.norm1.bias                                       False    (64,)
decoder.layers.1.norm2.weight                                     False    (64,)
decoder.layers.1.norm2.bias                                       False    (64,)
decoder.layers.1.norm3.weight                                     False    (64,)
decoder.layers.1.norm3.bias                                       False    (64,)
decoder.norm.weight                                               False    (64,)
decoder.norm.bias                                                 False    (64,)
fc_encoder.weight                                                 False    (2048, 8192)
fc_encoder.bias                                                   False    (2048,)
fc_decoder.weight                                                 False    (8192, 2048)
fc_decoder.bias                                                   False    (8192,)
==================================================
I 06.07/21:55:46 solver.py:405 ] [20/32] loss: 7.7450e-03 | NMSE: -1.7832e+01 | time: 0.024
I 06.07/21:55:47 solver.py:413 ] => Test NMSE: -1.8604e+01

I 06.07/21:55:47 solver.py:345 ] => LoRA monitor [before_train] | trainable=67584/67584 | non_lora_trainable=0 | lora_l2=3.281689e+00 | lora_A_l2=3.281689e+00 | lora_B_l2=0.000000e+00 | component_l2=encoder:3.281689e+00 | lora_abs_max=1.249508e-01 | delta_l2=0.000000e+00 | delta_rel=0.000000e+00 | test_loss=6.894979e-03 | nmse=-1.860437e+01
I 06.07/21:55:47 solver.py:159 ] Epoch: [1/200][20/282] lr: 1.77e-06 | MSE loss: 5.9028e-03 | time: 0.030
I 06.07/21:55:48 solver.py:159 ] Epoch: [1/200][40/282] lr: 3.55e-06 | MSE loss: 6.5820e-03 | time: 0.027
I 06.07/21:55:48 solver.py:159 ] Epoch: [1/200][60/282] lr: 5.32e-06 | MSE loss: 6.6399e-03 | time: 0.026
I 06.07/21:55:49 solver.py:159 ] Epoch: [1/200][80/282] lr: 7.09e-06 | MSE loss: 6.6409e-03 | time: 0.026
I 06.07/21:55:49 solver.py:159 ] Epoch: [1/200][100/282] lr: 8.87e-06 | MSE loss: 6.5529e-03 | time: 0.026
I 06.07/21:55:50 solver.py:159 ] Epoch: [1/200][120/282] lr: 1.06e-05 | MSE loss: 6.7647e-03 | time: 0.026
I 06.07/21:55:50 solver.py:159 ] Epoch: [1/200][140/282] lr: 1.24e-05 | MSE loss: 6.5504e-03 | time: 0.026
I 06.07/21:55:51 solver.py:159 ] Epoch: [1/200][160/282] lr: 1.42e-05 | MSE loss: 6.4610e-03 | time: 0.026
I 06.07/21:55:51 solver.py:159 ] Epoch: [1/200][180/282] lr: 1.60e-05 | MSE loss: 6.4517e-03 | time: 0.026
I 06.07/21:55:52 solver.py:159 ] Epoch: [1/200][200/282] lr: 1.77e-05 | MSE loss: 6.5842e-03 | time: 0.026
I 06.07/21:55:52 solver.py:159 ] Epoch: [1/200][220/282] lr: 1.95e-05 | MSE loss: 6.6362e-03 | time: 0.026
I 06.07/21:55:53 solver.py:159 ] Epoch: [1/200][240/282] lr: 2.13e-05 | MSE loss: 6.4716e-03 | time: 0.026
I 06.07/21:55:53 solver.py:159 ] Epoch: [1/200][260/282] lr: 2.30e-05 | MSE loss: 6.4690e-03 | time: 0.026
I 06.07/21:55:54 solver.py:159 ] Epoch: [1/200][280/282] lr: 2.48e-05 | MSE loss: 6.5739e-03 | time: 0.026
I 06.07/21:55:54 solver.py:169 ] => Train  Loss: 6.5945e-03

I 06.07/21:55:54 solver.py:405 ] [20/32] loss: 7.5477e-03 | NMSE: -1.7953e+01 | time: 0.013
I 06.07/21:55:54 solver.py:413 ] => Test NMSE: -1.8739e+01

I 06.07/21:55:54 solver.py:345 ] => LoRA monitor [epoch=1] | trainable=67584/67584 | non_lora_trainable=0 | lora_l2=3.320583e+00 | lora_A_l2=3.318440e+00 | lora_B_l2=1.192733e-01 | component_l2=encoder:3.320583e+00 | lora_abs_max=1.288174e-01 | delta_l2=3.590812e-01 | delta_rel=1.094196e-01 | train_loss=6.594520e-03 | test_loss=6.685097e-03 | nmse=-1.873862e+01
I 06.07/21:55:55 solver.py:224 ] 
=! Best NMSE: -1.8739e+01 (epoch=1)

I 06.07/21:55:55 solver.py:159 ] Epoch: [2/200][20/282] lr: 2.68e-05 | MSE loss: 6.3851e-03 | time: 0.027
I 06.07/21:55:56 solver.py:159 ] Epoch: [2/200][40/282] lr: 2.85e-05 | MSE loss: 6.0376e-03 | time: 0.026
I 06.07/21:55:56 solver.py:159 ] Epoch: [2/200][60/282] lr: 3.03e-05 | MSE loss: 6.7406e-03 | time: 0.026
I 06.07/21:55:57 solver.py:159 ] Epoch: [2/200][80/282] lr: 3.21e-05 | MSE loss: 6.4834e-03 | time: 0.026
I 06.07/21:55:57 solver.py:159 ] Epoch: [2/200][100/282] lr: 3.39e-05 | MSE loss: 6.3039e-03 | time: 0.026
I 06.07/21:55:58 solver.py:159 ] Epoch: [2/200][120/282] lr: 3.56e-05 | MSE loss: 6.3065e-03 | time: 0.026
I 06.07/21:55:58 solver.py:159 ] Epoch: [2/200][140/282] lr: 3.74e-05 | MSE loss: 6.2758e-03 | time: 0.026
I 06.07/21:55:59 solver.py:159 ] Epoch: [2/200][160/282] lr: 3.92e-05 | MSE loss: 6.3040e-03 | time: 0.026
I 06.07/21:55:59 solver.py:159 ] Epoch: [2/200][180/282] lr: 4.10e-05 | MSE loss: 6.4643e-03 | time: 0.027
I 06.07/21:56:00 solver.py:159 ] Epoch: [2/200][200/282] lr: 4.27e-05 | MSE loss: 6.4096e-03 | time: 0.027
I 06.07/21:56:01 solver.py:159 ] Epoch: [2/200][220/282] lr: 4.45e-05 | MSE loss: 6.2775e-03 | time: 0.029
I 06.07/21:56:02 solver.py:159 ] Epoch: [2/200][240/282] lr: 4.63e-05 | MSE loss: 6.4350e-03 | time: 0.031
I 06.07/21:56:04 solver.py:159 ] Epoch: [2/200][260/282] lr: 4.80e-05 | MSE loss: 6.3663e-03 | time: 0.034
I 06.07/21:56:05 solver.py:159 ] Epoch: [2/200][280/282] lr: 4.98e-05 | MSE loss: 6.2966e-03 | time: 0.036
I 06.07/21:56:05 solver.py:169 ] => Train  Loss: 6.2834e-03

I 06.07/21:56:05 solver.py:405 ] [20/32] loss: 7.2938e-03 | NMSE: -1.8104e+01 | time: 0.022
I 06.07/21:56:05 solver.py:413 ] => Test NMSE: -1.8919e+01

I 06.07/21:56:05 solver.py:345 ] => LoRA monitor [epoch=2] | trainable=67584/67584 | non_lora_trainable=0 | lora_l2=3.483261e+00 | lora_A_l2=3.470269e+00 | lora_B_l2=3.005667e-01 | component_l2=encoder:3.483261e+00 | lora_abs_max=1.377031e-01 | delta_l2=1.018340e+00 | delta_rel=3.103097e-01 | train_loss=6.283389e-03 | test_loss=6.413682e-03 | nmse=-1.891863e+01
I 06.07/21:56:06 solver.py:224 ] 
=! Best NMSE: -1.8919e+01 (epoch=2)

I 06.07/21:56:06 solver.py:159 ] Epoch: [3/200][20/282] lr: 5.18e-05 | MSE loss: 6.7204e-03 | time: 0.033
I 06.07/21:56:07 solver.py:159 ] Epoch: [3/200][40/282] lr: 5.35e-05 | MSE loss: 7.5176e-03 | time: 0.031
I 06.07/21:56:08 solver.py:159 ] Epoch: [3/200][60/282] lr: 5.53e-05 | MSE loss: 6.6318e-03 | time: 0.030
I 06.07/21:56:08 solver.py:159 ] Epoch: [3/200][80/282] lr: 5.71e-05 | MSE loss: 6.5151e-03 | time: 0.031
I 06.07/21:56:09 solver.py:159 ] Epoch: [3/200][100/282] lr: 5.89e-05 | MSE loss: 6.4026e-03 | time: 0.030
I 06.07/21:56:09 solver.py:159 ] Epoch: [3/200][120/282] lr: 6.06e-05 | MSE loss: 6.3079e-03 | time: 0.031
I 06.07/21:56:10 solver.py:159 ] Epoch: [3/200][140/282] lr: 6.24e-05 | MSE loss: 6.1496e-03 | time: 0.031
I 06.07/21:56:11 solver.py:159 ] Epoch: [3/200][160/282] lr: 6.42e-05 | MSE loss: 6.0381e-03 | time: 0.031
I 06.07/21:56:11 solver.py:159 ] Epoch: [3/200][180/282] lr: 6.60e-05 | MSE loss: 6.1380e-03 | time: 0.031
I 06.07/21:56:12 solver.py:159 ] Epoch: [3/200][200/282] lr: 6.77e-05 | MSE loss: 6.0923e-03 | time: 0.031
I 06.07/21:56:12 solver.py:159 ] Epoch: [3/200][220/282] lr: 6.95e-05 | MSE loss: 6.0854e-03 | time: 0.031
I 06.07/21:56:13 solver.py:159 ] Epoch: [3/200][240/282] lr: 7.13e-05 | MSE loss: 6.0999e-03 | time: 0.031
I 06.07/21:56:14 solver.py:159 ] Epoch: [3/200][260/282] lr: 7.30e-05 | MSE loss: 6.1243e-03 | time: 0.031
I 06.07/21:56:14 solver.py:159 ] Epoch: [3/200][280/282] lr: 7.48e-05 | MSE loss: 6.0970e-03 | time: 0.031
I 06.07/21:56:14 solver.py:169 ] => Train  Loss: 6.1123e-03

I 06.07/21:56:15 solver.py:405 ] [20/32] loss: 7.2185e-03 | NMSE: -1.8151e+01 | time: 0.019
I 06.07/21:56:15 solver.py:413 ] => Test NMSE: -1.8980e+01

I 06.07/21:56:15 solver.py:345 ] => LoRA monitor [epoch=3] | trainable=67584/67584 | non_lora_trainable=0 | lora_l2=3.686155e+00 | lora_A_l2=3.657504e+00 | lora_B_l2=4.586909e-01 | component_l2=encoder:3.686155e+00 | lora_abs_max=1.469289e-01 | delta_l2=1.527714e+00 | delta_rel=4.655266e-01 | train_loss=6.112346e-03 | test_loss=6.324025e-03 | nmse=-1.897976e+01
I 06.07/21:56:15 solver.py:224 ] 
=! Best NMSE: -1.8980e+01 (epoch=3)

I 06.07/21:56:16 solver.py:159 ] Epoch: [4/200][20/282] lr: 7.68e-05 | MSE loss: 6.9010e-03 | time: 0.033
I 06.07/21:56:17 solver.py:159 ] Epoch: [4/200][40/282] lr: 7.85e-05 | MSE loss: 6.0473e-03 | time: 0.033
I 06.07/21:56:17 solver.py:159 ] Epoch: [4/200][60/282] lr: 8.03e-05 | MSE loss: 6.3084e-03 | time: 0.034
I 06.07/21:56:18 solver.py:159 ] Epoch: [4/200][80/282] lr: 8.21e-05 | MSE loss: 5.9563e-03 | time: 0.034
I 06.07/21:56:19 solver.py:159 ] Epoch: [4/200][100/282] lr: 8.39e-05 | MSE loss: 5.6345e-03 | time: 0.033
I 06.07/21:56:19 solver.py:159 ] Epoch: [4/200][120/282] lr: 8.56e-05 | MSE loss: 5.6999e-03 | time: 0.033
I 06.07/21:56:20 solver.py:159 ] Epoch: [4/200][140/282] lr: 8.74e-05 | MSE loss: 5.7429e-03 | time: 0.033
I 06.07/21:56:20 solver.py:159 ] Epoch: [4/200][160/282] lr: 8.92e-05 | MSE loss: 6.0386e-03 | time: 0.033
I 06.07/21:56:21 solver.py:159 ] Epoch: [4/200][180/282] lr: 9.10e-05 | MSE loss: 6.0596e-03 | time: 0.032
I 06.07/21:56:22 solver.py:159 ] Epoch: [4/200][200/282] lr: 9.27e-05 | MSE loss: 5.9983e-03 | time: 0.033
I 06.07/21:56:22 solver.py:159 ] Epoch: [4/200][220/282] lr: 9.45e-05 | MSE loss: 5.8666e-03 | time: 0.033
I 06.07/21:56:23 solver.py:159 ] Epoch: [4/200][240/282] lr: 9.63e-05 | MSE loss: 5.8514e-03 | time: 0.033
I 06.07/21:56:24 solver.py:159 ] Epoch: [4/200][260/282] lr: 9.80e-05 | MSE loss: 5.9921e-03 | time: 0.033
I 06.07/21:56:24 solver.py:159 ] Epoch: [4/200][280/282] lr: 9.98e-05 | MSE loss: 5.9853e-03 | time: 0.033
I 06.07/21:56:24 solver.py:169 ] => Train  Loss: 5.9875e-03

I 06.07/21:56:25 solver.py:405 ] [20/32] loss: 7.1139e-03 | NMSE: -1.8214e+01 | time: 0.019
I 06.07/21:56:25 solver.py:413 ] => Test NMSE: -1.9037e+01

I 06.07/21:56:25 solver.py:345 ] => LoRA monitor [epoch=4] | trainable=67584/67584 | non_lora_trainable=0 | lora_l2=3.849438e+00 | lora_A_l2=3.803389e+00 | lora_B_l2=5.936324e-01 | component_l2=encoder:3.849438e+00 | lora_abs_max=1.564933e-01 | delta_l2=1.866203e+00 | delta_rel=5.686715e-01 | train_loss=5.987461e-03 | test_loss=6.240988e-03 | nmse=-1.903717e+01
I 06.07/21:56:25 solver.py:224 ] 
=! Best NMSE: -1.9037e+01 (epoch=4)

I 06.07/21:56:26 solver.py:159 ] Epoch: [5/200][20/282] lr: 1.02e-04 | MSE loss: 6.9672e-03 | time: 0.031
I 06.07/21:56:26 solver.py:159 ] Epoch: [5/200][40/282] lr: 1.04e-04 | MSE loss: 6.8276e-03 | time: 0.031
I 06.07/21:56:27 solver.py:159 ] Epoch: [5/200][60/282] lr: 1.05e-04 | MSE loss: 6.7187e-03 | time: 0.031
I 06.07/21:56:28 solver.py:159 ] Epoch: [5/200][80/282] lr: 1.07e-04 | MSE loss: 6.6358e-03 | time: 0.031
I 06.07/21:56:28 solver.py:159 ] Epoch: [5/200][100/282] lr: 1.09e-04 | MSE loss: 6.4492e-03 | time: 0.031
I 06.07/21:56:29 solver.py:159 ] Epoch: [5/200][120/282] lr: 1.11e-04 | MSE loss: 6.2063e-03 | time: 0.032
I 06.07/21:56:30 solver.py:159 ] Epoch: [5/200][140/282] lr: 1.12e-04 | MSE loss: 6.1658e-03 | time: 0.031
I 06.07/21:56:30 solver.py:159 ] Epoch: [5/200][160/282] lr: 1.14e-04 | MSE loss: 6.2274e-03 | time: 0.031
I 06.07/21:56:31 solver.py:159 ] Epoch: [5/200][180/282] lr: 1.16e-04 | MSE loss: 6.0517e-03 | time: 0.030
I 06.07/21:56:31 solver.py:159 ] Epoch: [5/200][200/282] lr: 1.18e-04 | MSE loss: 5.8820e-03 | time: 0.030
I 06.07/21:56:32 solver.py:159 ] Epoch: [5/200][220/282] lr: 1.20e-04 | MSE loss: 5.8968e-03 | time: 0.030
I 06.07/21:56:32 solver.py:159 ] Epoch: [5/200][240/282] lr: 1.21e-04 | MSE loss: 5.8700e-03 | time: 0.030
I 06.07/21:56:33 solver.py:159 ] Epoch: [5/200][260/282] lr: 1.23e-04 | MSE loss: 5.9141e-03 | time: 0.030
I 06.07/21:56:34 solver.py:159 ] Epoch: [5/200][280/282] lr: 1.25e-04 | MSE loss: 5.9280e-03 | time: 0.030
I 06.07/21:56:34 solver.py:169 ] => Train  Loss: 5.9214e-03

I 06.07/21:56:34 solver.py:405 ] [20/32] loss: 7.0393e-03 | NMSE: -1.8260e+01 | time: 0.024
I 06.07/21:56:34 solver.py:413 ] => Test NMSE: -1.9086e+01

I 06.07/21:56:34 solver.py:345 ] => LoRA monitor [epoch=5] | trainable=67584/67584 | non_lora_trainable=0 | lora_l2=4.018518e+00 | lora_A_l2=3.952419e+00 | lora_B_l2=7.258609e-01 | component_l2=encoder:4.018518e+00 | lora_abs_max=1.669351e-01 | delta_l2=2.185766e+00 | delta_rel=6.660490e-01 | train_loss=5.921409e-03 | test_loss=6.171286e-03 | nmse=-1.908595e+01
I 06.07/21:56:35 solver.py:224 ] 
=! Best NMSE: -1.9086e+01 (epoch=5)

I 06.07/21:56:35 solver.py:159 ] Epoch: [6/200][20/282] lr: 1.27e-04 | MSE loss: 7.2035e-03 | time: 0.029
I 06.07/21:56:36 solver.py:159 ] Epoch: [6/200][40/282] lr: 1.29e-04 | MSE loss: 6.6164e-03 | time: 0.030
I 06.07/21:56:36 solver.py:159 ] Epoch: [6/200][60/282] lr: 1.30e-04 | MSE loss: 5.7541e-03 | time: 0.031
I 06.07/21:56:37 solver.py:159 ] Epoch: [6/200][80/282] lr: 1.32e-04 | MSE loss: 5.4686e-03 | time: 0.032
I 06.07/21:56:38 solver.py:159 ] Epoch: [6/200][100/282] lr: 1.34e-04 | MSE loss: 5.6066e-03 | time: 0.033
I 06.07/21:56:39 solver.py:159 ] Epoch: [6/200][120/282] lr: 1.36e-04 | MSE loss: 5.6478e-03 | time: 0.033
I 06.07/21:56:39 solver.py:159 ] Epoch: [6/200][140/282] lr: 1.37e-04 | MSE loss: 5.6772e-03 | time: 0.033
I 06.07/21:56:40 solver.py:159 ] Epoch: [6/200][160/282] lr: 1.39e-04 | MSE loss: 5.6749e-03 | time: 0.033
I 06.07/21:56:41 solver.py:159 ] Epoch: [6/200][180/282] lr: 1.41e-04 | MSE loss: 5.6133e-03 | time: 0.033
I 06.07/21:56:41 solver.py:159 ] Epoch: [6/200][200/282] lr: 1.43e-04 | MSE loss: 5.5946e-03 | time: 0.032
I 06.07/21:56:42 solver.py:159 ] Epoch: [6/200][220/282] lr: 1.45e-04 | MSE loss: 5.8738e-03 | time: 0.032
I 06.07/21:56:42 solver.py:159 ] Epoch: [6/200][240/282] lr: 1.46e-04 | MSE loss: 5.9889e-03 | time: 0.032
I 06.07/21:56:43 solver.py:159 ] Epoch: [6/200][260/282] lr: 1.48e-04 | MSE loss: 5.9728e-03 | time: 0.033
I 06.07/21:56:44 solver.py:159 ] Epoch: [6/200][280/282] lr: 1.50e-04 | MSE loss: 5.8966e-03 | time: 0.033
I 06.07/21:56:44 solver.py:169 ] => Train  Loss: 5.8732e-03

I 06.07/21:56:45 solver.py:405 ] [20/32] loss: 6.9820e-03 | NMSE: -1.8304e+01 | time: 0.031
I 06.07/21:56:45 solver.py:413 ] => Test NMSE: -1.9120e+01

I 06.07/21:56:45 solver.py:345 ] => LoRA monitor [epoch=6] | trainable=67584/67584 | non_lora_trainable=0 | lora_l2=4.187435e+00 | lora_A_l2=4.100167e+00 | lora_B_l2=8.504347e-01 | component_l2=encoder:4.187435e+00 | lora_abs_max=1.782426e-01 | delta_l2=2.491022e+00 | delta_rel=7.590671e-01 | train_loss=5.873160e-03 | test_loss=6.123044e-03 | nmse=-1.912002e+01
I 06.07/21:56:45 solver.py:224 ] 
=! Best NMSE: -1.9120e+01 (epoch=6)

I 06.07/21:56:47 solver.py:159 ] Epoch: [7/200][20/282] lr: 1.52e-04 | MSE loss: 5.9223e-03 | time: 0.066
I 06.07/21:56:48 solver.py:159 ] Epoch: [7/200][40/282] lr: 1.54e-04 | MSE loss: 5.8714e-03 | time: 0.063
I 06.07/21:56:49 solver.py:159 ] Epoch: [7/200][60/282] lr: 1.55e-04 | MSE loss: 5.7371e-03 | time: 0.056
I 06.07/21:56:50 solver.py:159 ] Epoch: [7/200][80/282] lr: 1.57e-04 | MSE loss: 5.7680e-03 | time: 0.053
I 06.07/21:56:51 solver.py:159 ] Epoch: [7/200][100/282] lr: 1.59e-04 | MSE loss: 5.8016e-03 | time: 0.055
I 06.07/21:56:52 solver.py:159 ] Epoch: [7/200][120/282] lr: 1.61e-04 | MSE loss: 6.0272e-03 | time: 0.056
I 06.07/21:56:53 solver.py:159 ] Epoch: [7/200][140/282] lr: 1.62e-04 | MSE loss: 5.9261e-03 | time: 0.055
I 06.07/21:56:54 solver.py:159 ] Epoch: [7/200][160/282] lr: 1.64e-04 | MSE loss: 5.8130e-03 | time: 0.056
I 06.07/21:56:56 solver.py:159 ] Epoch: [7/200][180/282] lr: 1.66e-04 | MSE loss: 5.8892e-03 | time: 0.056
I 06.07/21:56:57 solver.py:159 ] Epoch: [7/200][200/282] lr: 1.68e-04 | MSE loss: 5.8229e-03 | time: 0.056
I 06.07/21:56:58 solver.py:159 ] Epoch: [7/200][220/282] lr: 1.70e-04 | MSE loss: 5.8291e-03 | time: 0.056
I 06.07/21:56:59 solver.py:159 ] Epoch: [7/200][240/282] lr: 1.71e-04 | MSE loss: 5.7473e-03 | time: 0.056
I 06.07/21:57:00 solver.py:159 ] Epoch: [7/200][260/282] lr: 1.73e-04 | MSE loss: 5.7299e-03 | time: 0.057
I 06.07/21:57:02 solver.py:159 ] Epoch: [7/200][280/282] lr: 1.75e-04 | MSE loss: 5.8471e-03 | time: 0.060
I 06.07/21:57:02 solver.py:169 ] => Train  Loss: 5.8254e-03

I 06.07/21:57:04 solver.py:405 ] [20/32] loss: 6.9465e-03 | NMSE: -1.8329e+01 | time: 0.102
I 06.07/21:57:05 solver.py:413 ] => Test NMSE: -1.9143e+01

I 06.07/21:57:05 solver.py:345 ] => LoRA monitor [epoch=7] | trainable=67584/67584 | non_lora_trainable=0 | lora_l2=4.348299e+00 | lora_A_l2=4.240020e+00 | lora_B_l2=9.643315e-01 | component_l2=encoder:4.348299e+00 | lora_abs_max=1.863955e-01 | delta_l2=2.775227e+00 | delta_rel=8.456702e-01 | train_loss=5.825405e-03 | test_loss=6.090332e-03 | nmse=-1.914329e+01
I 06.07/21:57:05 solver.py:224 ] 
=! Best NMSE: -1.9143e+01 (epoch=7)

I 06.07/21:57:06 solver.py:159 ] Epoch: [8/200][20/282] lr: 1.77e-04 | MSE loss: 6.7870e-03 | time: 0.056
I 06.07/21:57:08 solver.py:159 ] Epoch: [8/200][40/282] lr: 1.79e-04 | MSE loss: 6.5612e-03 | time: 0.056
I 06.07/21:57:09 solver.py:159 ] Epoch: [8/200][60/282] lr: 1.80e-04 | MSE loss: 6.3135e-03 | time: 0.055
I 06.07/21:57:10 solver.py:159 ] Epoch: [8/200][80/282] lr: 1.82e-04 | MSE loss: 6.2328e-03 | time: 0.053
I 06.07/21:57:11 solver.py:159 ] Epoch: [8/200][100/282] lr: 1.84e-04 | MSE loss: 6.1725e-03 | time: 0.053
I 06.07/21:57:12 solver.py:159 ] Epoch: [8/200][120/282] lr: 1.86e-04 | MSE loss: 6.1340e-03 | time: 0.053
I 06.07/21:57:13 solver.py:159 ] Epoch: [8/200][140/282] lr: 1.87e-04 | MSE loss: 6.0123e-03 | time: 0.053
I 06.07/21:57:14 solver.py:159 ] Epoch: [8/200][160/282] lr: 1.89e-04 | MSE loss: 5.9622e-03 | time: 0.053
I 06.07/21:57:15 solver.py:159 ] Epoch: [8/200][180/282] lr: 1.91e-04 | MSE loss: 5.7801e-03 | time: 0.053
I 06.07/21:57:16 solver.py:159 ] Epoch: [8/200][200/282] lr: 1.93e-04 | MSE loss: 5.7569e-03 | time: 0.053
I 06.07/21:57:17 solver.py:159 ] Epoch: [8/200][220/282] lr: 1.95e-04 | MSE loss: 5.7752e-03 | time: 0.053
I 06.07/21:57:18 solver.py:159 ] Epoch: [8/200][240/282] lr: 1.96e-04 | MSE loss: 5.7937e-03 | time: 0.053
I 06.07/21:57:19 solver.py:159 ] Epoch: [8/200][260/282] lr: 1.98e-04 | MSE loss: 5.7397e-03 | time: 0.054
I 06.07/21:57:20 solver.py:159 ] Epoch: [8/200][280/282] lr: 2.00e-04 | MSE loss: 5.7870e-03 | time: 0.054
I 06.07/21:57:20 solver.py:169 ] => Train  Loss: 5.7921e-03

I 06.07/21:57:21 solver.py:405 ] [20/32] loss: 6.9312e-03 | NMSE: -1.8339e+01 | time: 0.044
I 06.07/21:57:22 solver.py:413 ] => Test NMSE: -1.9161e+01

I 06.07/21:57:22 solver.py:345 ] => LoRA monitor [epoch=8] | trainable=67584/67584 | non_lora_trainable=0 | lora_l2=4.524287e+00 | lora_A_l2=4.394542e+00 | lora_B_l2=1.075721e+00 | component_l2=encoder:4.524287e+00 | lora_abs_max=1.927565e-01 | delta_l2=3.071846e+00 | delta_rel=9.360562e-01 | train_loss=5.792116e-03 | test_loss=6.065718e-03 | nmse=-1.916088e+01
I 06.07/21:57:22 solver.py:224 ] 
=! Best NMSE: -1.9161e+01 (epoch=8)

I 06.07/21:57:23 solver.py:159 ] Epoch: [9/200][20/282] lr: 2.02e-04 | MSE loss: 5.0848e-03 | time: 0.055
I 06.07/21:57:24 solver.py:159 ] Epoch: [9/200][40/282] lr: 2.04e-04 | MSE loss: 5.3143e-03 | time: 0.049
I 06.07/21:57:25 solver.py:159 ] Epoch: [9/200][60/282] lr: 2.05e-04 | MSE loss: 5.3984e-03 | time: 0.049
I 06.07/21:57:26 solver.py:159 ] Epoch: [9/200][80/282] lr: 2.07e-04 | MSE loss: 5.6341e-03 | time: 0.050
I 06.07/21:57:27 solver.py:159 ] Epoch: [9/200][100/282] lr: 2.09e-04 | MSE loss: 5.6052e-03 | time: 0.051
I 06.07/21:57:28 solver.py:159 ] Epoch: [9/200][120/282] lr: 2.11e-04 | MSE loss: 5.8789e-03 | time: 0.051
I 06.07/21:57:29 solver.py:159 ] Epoch: [9/200][140/282] lr: 2.12e-04 | MSE loss: 5.8553e-03 | time: 0.052
I 06.07/21:57:30 solver.py:159 ] Epoch: [9/200][160/282] lr: 2.14e-04 | MSE loss: 5.8402e-03 | time: 0.052
I 06.07/21:57:31 solver.py:159 ] Epoch: [9/200][180/282] lr: 2.16e-04 | MSE loss: 5.8152e-03 | time: 0.051
I 06.07/21:57:32 solver.py:159 ] Epoch: [9/200][200/282] lr: 2.18e-04 | MSE loss: 5.7506e-03 | time: 0.052
I 06.07/21:57:34 solver.py:159 ] Epoch: [9/200][220/282] lr: 2.20e-04 | MSE loss: 5.8136e-03 | time: 0.052
I 06.07/21:57:35 solver.py:159 ] Epoch: [9/200][240/282] lr: 2.21e-04 | MSE loss: 5.7797e-03 | time: 0.052
I 06.07/21:57:36 solver.py:159 ] Epoch: [9/200][260/282] lr: 2.23e-04 | MSE loss: 5.6967e-03 | time: 0.052
I 06.07/21:57:37 solver.py:159 ] Epoch: [9/200][280/282] lr: 2.25e-04 | MSE loss: 5.7708e-03 | time: 0.052
I 06.07/21:57:37 solver.py:169 ] => Train  Loss: 5.7691e-03

I 06.07/21:57:38 solver.py:405 ] [20/32] loss: 6.8903e-03 | NMSE: -1.8364e+01 | time: 0.041
I 06.07/21:57:38 solver.py:413 ] => Test NMSE: -1.9184e+01

I 06.07/21:57:38 solver.py:345 ] => LoRA monitor [epoch=9] | trainable=67584/67584 | non_lora_trainable=0 | lora_l2=4.700293e+00 | lora_A_l2=4.547419e+00 | lora_B_l2=1.189005e+00 | component_l2=encoder:4.700293e+00 | lora_abs_max=1.982442e-01 | delta_l2=3.363271e+00 | delta_rel=1.024860e+00 | train_loss=5.769073e-03 | test_loss=6.033753e-03 | nmse=-1.918382e+01
I 06.07/21:57:38 solver.py:224 ] 
=! Best NMSE: -1.9184e+01 (epoch=9)

I 06.07/21:57:40 solver.py:159 ] Epoch: [10/200][20/282] lr: 2.27e-04 | MSE loss: 6.6404e-03 | time: 0.059
I 06.07/21:57:41 solver.py:159 ] Epoch: [10/200][40/282] lr: 2.29e-04 | MSE loss: 6.5385e-03 | time: 0.055
I 06.07/21:57:42 solver.py:159 ] Epoch: [10/200][60/282] lr: 2.30e-04 | MSE loss: 6.0354e-03 | time: 0.053
I 06.07/21:57:43 solver.py:159 ] Epoch: [10/200][80/282] lr: 2.32e-04 | MSE loss: 5.9699e-03 | time: 0.051
I 06.07/21:57:44 solver.py:159 ] Epoch: [10/200][100/282] lr: 2.34e-04 | MSE loss: 5.7782e-03 | time: 0.051
I 06.07/21:57:45 solver.py:159 ] Epoch: [10/200][120/282] lr: 2.36e-04 | MSE loss: 5.7688e-03 | time: 0.051
I 06.07/21:57:46 solver.py:159 ] Epoch: [10/200][140/282] lr: 2.37e-04 | MSE loss: 5.7682e-03 | time: 0.051
I 06.07/21:57:47 solver.py:159 ] Epoch: [10/200][160/282] lr: 2.39e-04 | MSE loss: 5.7242e-03 | time: 0.052
I 06.07/21:57:48 solver.py:159 ] Epoch: [10/200][180/282] lr: 2.41e-04 | MSE loss: 5.7253e-03 | time: 0.052
I 06.07/21:57:49 solver.py:159 ] Epoch: [10/200][200/282] lr: 2.43e-04 | MSE loss: 5.8181e-03 | time: 0.052
I 06.07/21:57:50 solver.py:159 ] Epoch: [10/200][220/282] lr: 2.45e-04 | MSE loss: 5.9022e-03 | time: 0.052
I 06.07/21:57:51 solver.py:159 ] Epoch: [10/200][240/282] lr: 2.46e-04 | MSE loss: 5.9308e-03 | time: 0.052
I 06.07/21:57:52 solver.py:159 ] Epoch: [10/200][260/282] lr: 2.48e-04 | MSE loss: 5.8139e-03 | time: 0.051
I 06.07/21:57:53 solver.py:159 ] Epoch: [10/200][280/282] lr: 2.50e-04 | MSE loss: 5.7545e-03 | time: 0.051
I 06.07/21:57:53 solver.py:169 ] => Train  Loss: 5.7443e-03

I 06.07/21:57:54 solver.py:159 ] Epoch: [10/200][20/32] lr: 2.50e-04 | MSE loss: 6.8605e-03 | time: 0.039
I 06.07/21:57:54 solver.py:169 ] => Val  Loss: 5.9111e-03

I 06.07/21:57:55 solver.py:405 ] [20/32] loss: 6.8605e-03 | NMSE: -1.8382e+01 | time: 0.044
I 06.07/21:57:55 solver.py:413 ] => Test NMSE: -1.9205e+01

I 06.07/21:57:55 solver.py:345 ] => LoRA monitor [epoch=10] | trainable=67584/67584 | non_lora_trainable=0 | lora_l2=4.871737e+00 | lora_A_l2=4.695476e+00 | lora_B_l2=1.298587e+00 | component_l2=encoder:4.871737e+00 | lora_abs_max=2.004388e-01 | delta_l2=3.644473e+00 | delta_rel=1.110548e+00 | train_loss=5.744313e-03 | val_loss=5.911082e-03 | test_loss=6.003915e-03 | nmse=-1.920536e+01
I 06.07/21:57:56 solver.py:224 ] 
=! Best NMSE: -1.9205e+01 (epoch=10)

I 06.07/21:57:57 solver.py:159 ] Epoch: [11/200][20/282] lr: 2.52e-04 | MSE loss: 7.1120e-03 | time: 0.052
I 06.07/21:57:58 solver.py:159 ] Epoch: [11/200][40/282] lr: 2.54e-04 | MSE loss: 6.0366e-03 | time: 0.049
I 06.07/21:57:59 solver.py:159 ] Epoch: [11/200][60/282] lr: 2.55e-04 | MSE loss: 5.8391e-03 | time: 0.051
I 06.07/21:58:00 solver.py:159 ] Epoch: [11/200][80/282] lr: 2.57e-04 | MSE loss: 5.7370e-03 | time: 0.051
I 06.07/21:58:01 solver.py:159 ] Epoch: [11/200][100/282] lr: 2.59e-04 | MSE loss: 5.8583e-03 | time: 0.053
I 06.07/21:58:03 solver.py:159 ] Epoch: [11/200][120/282] lr: 2.61e-04 | MSE loss: 5.8209e-03 | time: 0.062
I 06.07/21:58:04 solver.py:159 ] Epoch: [11/200][140/282] lr: 2.62e-04 | MSE loss: 5.8098e-03 | time: 0.062
I 06.07/21:58:05 solver.py:159 ] Epoch: [11/200][160/282] lr: 2.64e-04 | MSE loss: 5.6641e-03 | time: 0.060
I 06.07/21:58:06 solver.py:159 ] Epoch: [11/200][180/282] lr: 2.66e-04 | MSE loss: 5.7969e-03 | time: 0.059
I 06.07/21:58:07 solver.py:159 ] Epoch: [11/200][200/282] lr: 2.68e-04 | MSE loss: 5.7524e-03 | time: 0.057
I 06.07/21:58:08 solver.py:159 ] Epoch: [11/200][220/282] lr: 2.70e-04 | MSE loss: 5.6322e-03 | time: 0.056
I 06.07/21:58:09 solver.py:159 ] Epoch: [11/200][240/282] lr: 2.71e-04 | MSE loss: 5.5767e-03 | time: 0.055
I 06.07/21:58:10 solver.py:159 ] Epoch: [11/200][260/282] lr: 2.73e-04 | MSE loss: 5.7091e-03 | time: 0.055
I 06.07/21:58:11 solver.py:159 ] Epoch: [11/200][280/282] lr: 2.75e-04 | MSE loss: 5.7331e-03 | time: 0.054
I 06.07/21:58:11 solver.py:169 ] => Train  Loss: 5.7451e-03

I 06.07/21:58:11 solver.py:405 ] [20/32] loss: 6.8375e-03 | NMSE: -1.8405e+01 | time: 0.033
I 06.07/21:58:12 solver.py:413 ] => Test NMSE: -1.9214e+01

I 06.07/21:58:12 solver.py:345 ] => LoRA monitor [epoch=11] | trainable=67584/67584 | non_lora_trainable=0 | lora_l2=5.045487e+00 | lora_A_l2=4.844724e+00 | lora_B_l2=1.409108e+00 | component_l2=encoder:5.045487e+00 | lora_abs_max=2.038558e-01 | delta_l2=3.922897e+00 | delta_rel=1.195390e+00 | train_loss=5.745081e-03 | test_loss=5.991860e-03 | nmse=-1.921408e+01
I 06.07/21:58:12 solver.py:224 ] 
=! Best NMSE: -1.9214e+01 (epoch=11)

I 06.07/21:58:13 solver.py:159 ] Epoch: [12/200][20/282] lr: 2.77e-04 | MSE loss: 7.0229e-03 | time: 0.054
I 06.07/21:58:14 solver.py:159 ] Epoch: [12/200][40/282] lr: 2.79e-04 | MSE loss: 6.4703e-03 | time: 0.053
I 06.07/21:58:15 solver.py:159 ] Epoch: [12/200][60/282] lr: 2.80e-04 | MSE loss: 6.1975e-03 | time: 0.051
I 06.07/21:58:16 solver.py:159 ] Epoch: [12/200][80/282] lr: 2.82e-04 | MSE loss: 6.1419e-03 | time: 0.050
I 06.07/21:58:17 solver.py:159 ] Epoch: [12/200][100/282] lr: 2.84e-04 | MSE loss: 5.9548e-03 | time: 0.049
I 06.07/21:58:18 solver.py:159 ] Epoch: [12/200][120/282] lr: 2.86e-04 | MSE loss: 5.7707e-03 | time: 0.048
I 06.07/21:58:19 solver.py:159 ] Epoch: [12/200][140/282] lr: 2.87e-04 | MSE loss: 5.8664e-03 | time: 0.048
I 06.07/21:58:20 solver.py:159 ] Epoch: [12/200][160/282] lr: 2.89e-04 | MSE loss: 5.7210e-03 | time: 0.047
I 06.07/21:58:20 solver.py:159 ] Epoch: [12/200][180/282] lr: 2.91e-04 | MSE loss: 5.7281e-03 | time: 0.046
I 06.07/21:58:21 solver.py:159 ] Epoch: [12/200][200/282] lr: 2.93e-04 | MSE loss: 5.7680e-03 | time: 0.046
I 06.07/21:58:22 solver.py:159 ] Epoch: [12/200][220/282] lr: 2.95e-04 | MSE loss: 5.6400e-03 | time: 0.046
I 06.07/21:58:23 solver.py:159 ] Epoch: [12/200][240/282] lr: 2.96e-04 | MSE loss: 5.6531e-03 | time: 0.046
I 06.07/21:58:24 solver.py:159 ] Epoch: [12/200][260/282] lr: 2.98e-04 | MSE loss: 5.6342e-03 | time: 0.045
I 06.07/21:58:25 solver.py:159 ] Epoch: [12/200][280/282] lr: 3.00e-04 | MSE loss: 5.7350e-03 | time: 0.045
I 06.07/21:58:25 solver.py:169 ] => Train  Loss: 5.7250e-03

I 06.07/21:58:26 solver.py:405 ] [20/32] loss: 6.8959e-03 | NMSE: -1.8349e+01 | time: 0.036
I 06.07/21:58:26 solver.py:413 ] => Test NMSE: -1.9179e+01

I 06.07/21:58:26 solver.py:345 ] => LoRA monitor [epoch=12] | trainable=67584/67584 | non_lora_trainable=0 | lora_l2=5.227395e+00 | lora_A_l2=4.999477e+00 | lora_B_l2=1.526722e+00 | component_l2=encoder:5.227395e+00 | lora_abs_max=2.054857e-01 | delta_l2=4.204787e+00 | delta_rel=1.281287e+00 | train_loss=5.724966e-03 | test_loss=6.040804e-03 | nmse=-1.917875e+01
I 06.07/21:58:26 solver.py:224 ] 
=! Best NMSE: -1.9214e+01 (epoch=11)

I 06.07/21:58:27 solver.py:159 ] Epoch: [13/200][20/282] lr: 3.02e-04 | MSE loss: 4.5339e-03 | time: 0.046
I 06.07/21:58:28 solver.py:159 ] Epoch: [13/200][40/282] lr: 3.04e-04 | MSE loss: 5.0828e-03 | time: 0.044
I 06.07/21:58:29 solver.py:159 ] Epoch: [13/200][60/282] lr: 3.05e-04 | MSE loss: 5.1696e-03 | time: 0.045
I 06.07/21:58:30 solver.py:159 ] Epoch: [13/200][80/282] lr: 3.07e-04 | MSE loss: 5.2047e-03 | time: 0.045
I 06.07/21:58:31 solver.py:159 ] Epoch: [13/200][100/282] lr: 3.09e-04 | MSE loss: 5.4266e-03 | time: 0.045
I 06.07/21:58:32 solver.py:159 ] Epoch: [13/200][120/282] lr: 3.11e-04 | MSE loss: 5.2499e-03 | time: 0.046
I 06.07/21:58:32 solver.py:159 ] Epoch: [13/200][140/282] lr: 3.12e-04 | MSE loss: 5.3991e-03 | time: 0.045
I 06.07/21:58:33 solver.py:159 ] Epoch: [13/200][160/282] lr: 3.14e-04 | MSE loss: 5.3004e-03 | time: 0.045
I 06.07/21:58:34 solver.py:159 ] Epoch: [13/200][180/282] lr: 3.16e-04 | MSE loss: 5.4049e-03 | time: 0.045
I 06.07/21:58:35 solver.py:159 ] Epoch: [13/200][200/282] lr: 3.18e-04 | MSE loss: 5.4313e-03 | time: 0.046
I 06.07/21:58:36 solver.py:159 ] Epoch: [13/200][220/282] lr: 3.20e-04 | MSE loss: 5.6051e-03 | time: 0.045
I 06.07/21:58:37 solver.py:159 ] Epoch: [13/200][240/282] lr: 3.21e-04 | MSE loss: 5.6867e-03 | time: 0.045
I 06.07/21:58:38 solver.py:159 ] Epoch: [13/200][260/282] lr: 3.23e-04 | MSE loss: 5.7796e-03 | time: 0.045
I 06.07/21:58:39 solver.py:159 ] Epoch: [13/200][280/282] lr: 3.25e-04 | MSE loss: 5.7143e-03 | time: 0.045
I 06.07/21:58:39 solver.py:169 ] => Train  Loss: 5.7059e-03

I 06.07/21:58:39 solver.py:405 ] [20/32] loss: 6.8202e-03 | NMSE: -1.8409e+01 | time: 0.031
I 06.07/21:58:40 solver.py:413 ] => Test NMSE: -1.9229e+01

I 06.07/21:58:40 solver.py:345 ] => LoRA monitor [epoch=13] | trainable=67584/67584 | non_lora_trainable=0 | lora_l2=5.405642e+00 | lora_A_l2=5.147785e+00 | lora_B_l2=1.649626e+00 | component_l2=encoder:5.405642e+00 | lora_abs_max=2.175077e-01 | delta_l2=4.481034e+00 | delta_rel=1.365466e+00 | train_loss=5.705944e-03 | test_loss=5.970921e-03 | nmse=-1.922929e+01
I 06.07/21:58:40 solver.py:224 ] 
=! Best NMSE: -1.9229e+01 (epoch=13)

I 06.07/21:58:41 solver.py:159 ] Epoch: [14/200][20/282] lr: 3.27e-04 | MSE loss: 4.8115e-03 | time: 0.049
I 06.07/21:58:42 solver.py:159 ] Epoch: [14/200][40/282] lr: 3.29e-04 | MSE loss: 6.0864e-03 | time: 0.045
I 06.07/21:58:43 solver.py:159 ] Epoch: [14/200][60/282] lr: 3.30e-04 | MSE loss: 6.0328e-03 | time: 0.045
I 06.07/21:58:44 solver.py:159 ] Epoch: [14/200][80/282] lr: 3.32e-04 | MSE loss: 5.9854e-03 | time: 0.044
I 06.07/21:58:45 solver.py:159 ] Epoch: [14/200][100/282] lr: 3.34e-04 | MSE loss: 6.0148e-03 | time: 0.044
I 06.07/21:58:45 solver.py:159 ] Epoch: [14/200][120/282] lr: 3.36e-04 | MSE loss: 5.9667e-03 | time: 0.045
I 06.07/21:58:46 solver.py:159 ] Epoch: [14/200][140/282] lr: 3.37e-04 | MSE loss: 5.8347e-03 | time: 0.044
I 06.07/21:58:47 solver.py:159 ] Epoch: [14/200][160/282] lr: 3.39e-04 | MSE loss: 5.7489e-03 | time: 0.045
I 06.07/21:58:48 solver.py:159 ] Epoch: [14/200][180/282] lr: 3.41e-04 | MSE loss: 5.6813e-03 | time: 0.045
I 06.07/21:58:49 solver.py:159 ] Epoch: [14/200][200/282] lr: 3.43e-04 | MSE loss: 5.6688e-03 | time: 0.045
I 06.07/21:58:50 solver.py:159 ] Epoch: [14/200][220/282] lr: 3.45e-04 | MSE loss: 5.5996e-03 | time: 0.046
I 06.07/21:58:51 solver.py:159 ] Epoch: [14/200][240/282] lr: 3.46e-04 | MSE loss: 5.5907e-03 | time: 0.046
I 06.07/21:58:52 solver.py:159 ] Epoch: [14/200][260/282] lr: 3.48e-04 | MSE loss: 5.5430e-03 | time: 0.046
I 06.07/21:58:53 solver.py:159 ] Epoch: [14/200][280/282] lr: 3.50e-04 | MSE loss: 5.7041e-03 | time: 0.046
I 06.07/21:58:53 solver.py:169 ] => Train  Loss: 5.6803e-03

I 06.07/21:58:54 solver.py:405 ] [20/32] loss: 6.8186e-03 | NMSE: -1.8428e+01 | time: 0.036
I 06.07/21:58:54 solver.py:413 ] => Test NMSE: -1.9216e+01

I 06.07/21:58:54 solver.py:345 ] => LoRA monitor [epoch=14] | trainable=67584/67584 | non_lora_trainable=0 | lora_l2=5.587415e+00 | lora_A_l2=5.298715e+00 | lora_B_l2=1.772801e+00 | component_l2=encoder:5.587415e+00 | lora_abs_max=2.373864e-01 | delta_l2=4.746913e+00 | delta_rel=1.446484e+00 | train_loss=5.680296e-03 | test_loss=5.989641e-03 | nmse=-1.921569e+01
I 06.07/21:58:54 solver.py:224 ] 
=! Best NMSE: -1.9229e+01 (epoch=13)

I 06.07/21:58:55 solver.py:159 ] Epoch: [15/200][20/282] lr: 3.52e-04 | MSE loss: 5.2800e-03 | time: 0.046
I 06.07/21:58:56 solver.py:159 ] Epoch: [15/200][40/282] lr: 3.54e-04 | MSE loss: 5.8739e-03 | time: 0.044
I 06.07/21:58:57 solver.py:159 ] Epoch: [15/200][60/282] lr: 3.55e-04 | MSE loss: 5.6638e-03 | time: 0.046
I 06.07/21:58:58 solver.py:159 ] Epoch: [15/200][80/282] lr: 3.57e-04 | MSE loss: 6.1979e-03 | time: 0.047
I 06.07/21:58:59 solver.py:159 ] Epoch: [15/200][100/282] lr: 3.59e-04 | MSE loss: 6.1203e-03 | time: 0.047
I 06.07/21:59:00 solver.py:159 ] Epoch: [15/200][120/282] lr: 3.61e-04 | MSE loss: 5.8641e-03 | time: 0.047
I 06.07/21:59:01 solver.py:159 ] Epoch: [15/200][140/282] lr: 3.62e-04 | MSE loss: 5.8634e-03 | time: 0.050
I 06.07/21:59:03 solver.py:159 ] Epoch: [15/200][160/282] lr: 3.64e-04 | MSE loss: 5.8038e-03 | time: 0.057
I 06.07/21:59:05 solver.py:159 ] Epoch: [15/200][180/282] lr: 3.66e-04 | MSE loss: 5.8175e-03 | time: 0.059
I 06.07/21:59:06 solver.py:159 ] Epoch: [15/200][200/282] lr: 3.68e-04 | MSE loss: 5.7362e-03 | time: 0.058
I 06.07/21:59:06 solver.py:159 ] Epoch: [15/200][220/282] lr: 3.70e-04 | MSE loss: 5.7873e-03 | time: 0.056
I 06.07/21:59:07 solver.py:159 ] Epoch: [15/200][240/282] lr: 3.71e-04 | MSE loss: 5.7123e-03 | time: 0.055
I 06.07/21:59:08 solver.py:159 ] Epoch: [15/200][260/282] lr: 3.73e-04 | MSE loss: 5.6444e-03 | time: 0.055
I 06.07/21:59:09 solver.py:159 ] Epoch: [15/200][280/282] lr: 3.75e-04 | MSE loss: 5.6950e-03 | time: 0.054
I 06.07/21:59:09 solver.py:169 ] => Train  Loss: 5.6726e-03

I 06.07/21:59:10 solver.py:405 ] [20/32] loss: 6.7823e-03 | NMSE: -1.8426e+01 | time: 0.039
I 06.07/21:59:10 solver.py:413 ] => Test NMSE: -1.9253e+01

I 06.07/21:59:10 solver.py:345 ] => LoRA monitor [epoch=15] | trainable=67584/67584 | non_lora_trainable=0 | lora_l2=5.772104e+00 | lora_A_l2=5.451589e+00 | lora_B_l2=1.896673e+00 | component_l2=encoder:5.772104e+00 | lora_abs_max=2.547706e-01 | delta_l2=5.013127e+00 | delta_rel=1.527606e+00 | train_loss=5.672627e-03 | test_loss=5.938769e-03 | nmse=-1.925274e+01
I 06.07/21:59:11 solver.py:224 ] 
=! Best NMSE: -1.9253e+01 (epoch=15)

I 06.07/21:59:12 solver.py:159 ] Epoch: [16/200][20/282] lr: 3.77e-04 | MSE loss: 4.5948e-03 | time: 0.047
I 06.07/21:59:13 solver.py:159 ] Epoch: [16/200][40/282] lr: 3.79e-04 | MSE loss: 4.9239e-03 | time: 0.045
I 06.07/21:59:14 solver.py:159 ] Epoch: [16/200][60/282] lr: 3.80e-04 | MSE loss: 5.4717e-03 | time: 0.045
I 06.07/21:59:14 solver.py:159 ] Epoch: [16/200][80/282] lr: 3.82e-04 | MSE loss: 5.5386e-03 | time: 0.046
I 06.07/21:59:15 solver.py:159 ] Epoch: [16/200][100/282] lr: 3.84e-04 | MSE loss: 5.6371e-03 | time: 0.047
I 06.07/21:59:16 solver.py:159 ] Epoch: [16/200][120/282] lr: 3.86e-04 | MSE loss: 5.7920e-03 | time: 0.046
I 06.07/21:59:17 solver.py:159 ] Epoch: [16/200][140/282] lr: 3.87e-04 | MSE loss: 5.5362e-03 | time: 0.047
I 06.07/21:59:18 solver.py:159 ] Epoch: [16/200][160/282] lr: 3.89e-04 | MSE loss: 5.6175e-03 | time: 0.046
I 06.07/21:59:19 solver.py:159 ] Epoch: [16/200][180/282] lr: 3.91e-04 | MSE loss: 5.6533e-03 | time: 0.046
I 06.07/21:59:20 solver.py:159 ] Epoch: [16/200][200/282] lr: 3.93e-04 | MSE loss: 5.6627e-03 | time: 0.046
I 06.07/21:59:21 solver.py:159 ] Epoch: [16/200][220/282] lr: 3.95e-04 | MSE loss: 5.6416e-03 | time: 0.047
I 06.07/21:59:22 solver.py:159 ] Epoch: [16/200][240/282] lr: 3.96e-04 | MSE loss: 5.7291e-03 | time: 0.047
I 06.07/21:59:23 solver.py:159 ] Epoch: [16/200][260/282] lr: 3.98e-04 | MSE loss: 5.7299e-03 | time: 0.047
I 06.07/21:59:24 solver.py:159 ] Epoch: [16/200][280/282] lr: 4.00e-04 | MSE loss: 5.6927e-03 | time: 0.047
I 06.07/21:59:24 solver.py:169 ] => Train  Loss: 5.6929e-03

I 06.07/21:59:25 solver.py:405 ] [20/32] loss: 6.7758e-03 | NMSE: -1.8444e+01 | time: 0.034
I 06.07/21:59:25 solver.py:413 ] => Test NMSE: -1.9256e+01

I 06.07/21:59:25 solver.py:345 ] => LoRA monitor [epoch=16] | trainable=67584/67584 | non_lora_trainable=0 | lora_l2=5.966816e+00 | lora_A_l2=5.610302e+00 | lora_B_l2=2.031601e+00 | component_l2=encoder:5.966816e+00 | lora_abs_max=2.671567e-01 | delta_l2=5.283445e+00 | delta_rel=1.609977e+00 | train_loss=5.692904e-03 | test_loss=5.934454e-03 | nmse=-1.925589e+01
I 06.07/21:59:25 solver.py:224 ] 
=! Best NMSE: -1.9256e+01 (epoch=16)

I 06.07/21:59:26 solver.py:159 ] Epoch: [17/200][20/282] lr: 4.02e-04 | MSE loss: 5.5649e-03 | time: 0.043
I 06.07/21:59:27 solver.py:159 ] Epoch: [17/200][40/282] lr: 4.04e-04 | MSE loss: 5.2210e-03 | time: 0.046
I 06.07/21:59:28 solver.py:159 ] Epoch: [17/200][60/282] lr: 4.05e-04 | MSE loss: 5.1869e-03 | time: 0.046
I 06.07/21:59:29 solver.py:159 ] Epoch: [17/200][80/282] lr: 4.07e-04 | MSE loss: 5.5468e-03 | time: 0.046
I 06.07/21:59:30 solver.py:159 ] Epoch: [17/200][100/282] lr: 4.09e-04 | MSE loss: 5.5893e-03 | time: 0.046
I 06.07/21:59:31 solver.py:159 ] Epoch: [17/200][120/282] lr: 4.11e-04 | MSE loss: 5.5068e-03 | time: 0.046
I 06.07/21:59:32 solver.py:159 ] Epoch: [17/200][140/282] lr: 4.12e-04 | MSE loss: 5.3853e-03 | time: 0.046
I 06.07/21:59:33 solver.py:159 ] Epoch: [17/200][160/282] lr: 4.14e-04 | MSE loss: 5.3809e-03 | time: 0.047
I 06.07/21:59:34 solver.py:159 ] Epoch: [17/200][180/282] lr: 4.16e-04 | MSE loss: 5.4409e-03 | time: 0.047
I 06.07/21:59:35 solver.py:159 ] Epoch: [17/200][200/282] lr: 4.18e-04 | MSE loss: 5.5252e-03 | time: 0.047
I 06.07/21:59:36 solver.py:159 ] Epoch: [17/200][220/282] lr: 4.20e-04 | MSE loss: 5.6047e-03 | time: 0.046
I 06.07/21:59:36 solver.py:159 ] Epoch: [17/200][240/282] lr: 4.21e-04 | MSE loss: 5.6843e-03 | time: 0.046
I 06.07/21:59:37 solver.py:159 ] Epoch: [17/200][260/282] lr: 4.23e-04 | MSE loss: 5.6434e-03 | time: 0.046
I 06.07/21:59:38 solver.py:159 ] Epoch: [17/200][280/282] lr: 4.25e-04 | MSE loss: 5.6627e-03 | time: 0.046
I 06.07/21:59:38 solver.py:169 ] => Train  Loss: 5.6533e-03

I 06.07/21:59:39 solver.py:405 ] [20/32] loss: 6.7707e-03 | NMSE: -1.8449e+01 | time: 0.035
I 06.07/21:59:40 solver.py:413 ] => Test NMSE: -1.9259e+01

I 06.07/21:59:40 solver.py:345 ] => LoRA monitor [epoch=17] | trainable=67584/67584 | non_lora_trainable=0 | lora_l2=6.169735e+00 | lora_A_l2=5.776865e+00 | lora_B_l2=2.166438e+00 | component_l2=encoder:6.169735e+00 | lora_abs_max=2.798547e-01 | delta_l2=5.551031e+00 | delta_rel=1.691516e+00 | train_loss=5.653316e-03 | test_loss=5.929687e-03 | nmse=-1.925938e+01
I 06.07/21:59:40 solver.py:224 ] 
=! Best NMSE: -1.9259e+01 (epoch=17)

I 06.07/21:59:41 solver.py:159 ] Epoch: [18/200][20/282] lr: 4.27e-04 | MSE loss: 5.4940e-03 | time: 0.043
I 06.07/21:59:42 solver.py:159 ] Epoch: [18/200][40/282] lr: 4.29e-04 | MSE loss: 5.5527e-03 | time: 0.045
I 06.07/21:59:43 solver.py:159 ] Epoch: [18/200][60/282] lr: 4.30e-04 | MSE loss: 5.4517e-03 | time: 0.045
I 06.07/21:59:43 solver.py:159 ] Epoch: [18/200][80/282] lr: 4.32e-04 | MSE loss: 5.7327e-03 | time: 0.044
I 06.07/21:59:44 solver.py:159 ] Epoch: [18/200][100/282] lr: 4.34e-04 | MSE loss: 5.6447e-03 | time: 0.045
I 06.07/21:59:45 solver.py:159 ] Epoch: [18/200][120/282] lr: 4.36e-04 | MSE loss: 5.6614e-03 | time: 0.045
I 06.07/21:59:46 solver.py:159 ] Epoch: [18/200][140/282] lr: 4.37e-04 | MSE loss: 5.5745e-03 | time: 0.045
I 06.07/21:59:47 solver.py:159 ] Epoch: [18/200][160/282] lr: 4.39e-04 | MSE loss: 5.7170e-03 | time: 0.046
I 06.07/21:59:48 solver.py:159 ] Epoch: [18/200][180/282] lr: 4.41e-04 | MSE loss: 5.6408e-03 | time: 0.046
I 06.07/21:59:49 solver.py:159 ] Epoch: [18/200][200/282] lr: 4.43e-04 | MSE loss: 5.6993e-03 | time: 0.046
I 06.07/21:59:50 solver.py:159 ] Epoch: [18/200][220/282] lr: 4.45e-04 | MSE loss: 5.6611e-03 | time: 0.045
I 06.07/21:59:51 solver.py:159 ] Epoch: [18/200][240/282] lr: 4.46e-04 | MSE loss: 5.6584e-03 | time: 0.045
I 06.07/21:59:52 solver.py:159 ] Epoch: [18/200][260/282] lr: 4.48e-04 | MSE loss: 5.7076e-03 | time: 0.045
I 06.07/21:59:53 solver.py:159 ] Epoch: [18/200][280/282] lr: 4.50e-04 | MSE loss: 5.6373e-03 | time: 0.046
I 06.07/21:59:53 solver.py:169 ] => Train  Loss: 5.6379e-03

I 06.07/21:59:53 solver.py:405 ] [20/32] loss: 6.7756e-03 | NMSE: -1.8436e+01 | time: 0.034
I 06.07/21:59:54 solver.py:413 ] => Test NMSE: -1.9251e+01

I 06.07/21:59:54 solver.py:345 ] => LoRA monitor [epoch=18] | trainable=67584/67584 | non_lora_trainable=0 | lora_l2=6.370313e+00 | lora_A_l2=5.940099e+00 | lora_B_l2=2.301327e+00 | component_l2=encoder:6.370313e+00 | lora_abs_max=2.867650e-01 | delta_l2=5.813980e+00 | delta_rel=1.771642e+00 | train_loss=5.637878e-03 | test_loss=5.940998e-03 | nmse=-1.925111e+01
I 06.07/21:59:54 solver.py:224 ] 
=! Best NMSE: -1.9259e+01 (epoch=17)

I 06.07/21:59:55 solver.py:159 ] Epoch: [19/200][20/282] lr: 4.52e-04 | MSE loss: 5.8457e-03 | time: 0.047
I 06.07/21:59:56 solver.py:159 ] Epoch: [19/200][40/282] lr: 4.54e-04 | MSE loss: 5.6911e-03 | time: 0.045
I 06.07/21:59:57 solver.py:159 ] Epoch: [19/200][60/282] lr: 4.55e-04 | MSE loss: 5.3421e-03 | time: 0.044
I 06.07/21:59:57 solver.py:159 ] Epoch: [19/200][80/282] lr: 4.57e-04 | MSE loss: 5.1494e-03 | time: 0.043
I 06.07/21:59:58 solver.py:159 ] Epoch: [19/200][100/282] lr: 4.59e-04 | MSE loss: 5.3922e-03 | time: 0.043
I 06.07/21:59:59 solver.py:159 ] Epoch: [19/200][120/282] lr: 4.61e-04 | MSE loss: 5.3730e-03 | time: 0.043
I 06.07/22:00:00 solver.py:159 ] Epoch: [19/200][140/282] lr: 4.62e-04 | MSE loss: 5.3924e-03 | time: 0.045
I 06.07/22:00:02 solver.py:159 ] Epoch: [19/200][160/282] lr: 4.64e-04 | MSE loss: 5.4956e-03 | time: 0.050
I 06.07/22:00:04 solver.py:159 ] Epoch: [19/200][180/282] lr: 4.66e-04 | MSE loss: 5.5544e-03 | time: 0.057
I 06.07/22:00:05 solver.py:159 ] Epoch: [19/200][200/282] lr: 4.68e-04 | MSE loss: 5.6139e-03 | time: 0.057
I 06.07/22:00:06 solver.py:159 ] Epoch: [19/200][220/282] lr: 4.70e-04 | MSE loss: 5.6386e-03 | time: 0.056
I 06.07/22:00:07 solver.py:159 ] Epoch: [19/200][240/282] lr: 4.71e-04 | MSE loss: 5.6974e-03 | time: 0.055
I 06.07/22:00:08 solver.py:159 ] Epoch: [19/200][260/282] lr: 4.73e-04 | MSE loss: 5.6232e-03 | time: 0.054
I 06.07/22:00:09 solver.py:159 ] Epoch: [19/200][280/282] lr: 4.75e-04 | MSE loss: 5.6181e-03 | time: 0.053
I 06.07/22:00:09 solver.py:169 ] => Train  Loss: 5.6425e-03

I 06.07/22:00:10 solver.py:405 ] [20/32] loss: 6.7571e-03 | NMSE: -1.8449e+01 | time: 0.034
I 06.07/22:00:10 solver.py:413 ] => Test NMSE: -1.9275e+01

I 06.07/22:00:10 solver.py:345 ] => LoRA monitor [epoch=19] | trainable=67584/67584 | non_lora_trainable=0 | lora_l2=6.575093e+00 | lora_A_l2=6.101864e+00 | lora_B_l2=2.449307e+00 | component_l2=encoder:6.575093e+00 | lora_abs_max=2.936838e-01 | delta_l2=6.074759e+00 | delta_rel=1.851107e+00 | train_loss=5.642501e-03 | test_loss=5.907959e-03 | nmse=-1.927533e+01
I 06.07/22:00:10 solver.py:224 ] 
=! Best NMSE: -1.9275e+01 (epoch=19)

I 06.07/22:00:11 solver.py:159 ] Epoch: [20/200][20/282] lr: 4.77e-04 | MSE loss: 6.4351e-03 | time: 0.051
I 06.07/22:00:12 solver.py:159 ] Epoch: [20/200][40/282] lr: 4.79e-04 | MSE loss: 6.6474e-03 | time: 0.047
I 06.07/22:00:13 solver.py:159 ] Epoch: [20/200][60/282] lr: 4.80e-04 | MSE loss: 6.2496e-03 | time: 0.046
I 06.07/22:00:14 solver.py:159 ] Epoch: [20/200][80/282] lr: 4.82e-04 | MSE loss: 5.9590e-03 | time: 0.046
I 06.07/22:00:15 solver.py:159 ] Epoch: [20/200][100/282] lr: 4.84e-04 | MSE loss: 6.0365e-03 | time: 0.046
I 06.07/22:00:16 solver.py:159 ] Epoch: [20/200][120/282] lr: 4.86e-04 | MSE loss: 6.0417e-03 | time: 0.045
I 06.07/22:00:17 solver.py:159 ] Epoch: [20/200][140/282] lr: 4.87e-04 | MSE loss: 5.8515e-03 | time: 0.045
I 06.07/22:00:18 solver.py:159 ] Epoch: [20/200][160/282] lr: 4.89e-04 | MSE loss: 5.8941e-03 | time: 0.045
I 06.07/22:00:18 solver.py:159 ] Epoch: [20/200][180/282] lr: 4.91e-04 | MSE loss: 5.8375e-03 | time: 0.045
I 06.07/22:00:19 solver.py:159 ] Epoch: [20/200][200/282] lr: 4.93e-04 | MSE loss: 5.7977e-03 | time: 0.045
I 06.07/22:00:20 solver.py:159 ] Epoch: [20/200][220/282] lr: 4.95e-04 | MSE loss: 5.8450e-03 | time: 0.045
I 06.07/22:00:21 solver.py:159 ] Epoch: [20/200][240/282] lr: 4.96e-04 | MSE loss: 5.7403e-03 | time: 0.045
I 06.07/22:00:22 solver.py:159 ] Epoch: [20/200][260/282] lr: 4.98e-04 | MSE loss: 5.7580e-03 | time: 0.045
I 06.07/22:00:23 solver.py:159 ] Epoch: [20/200][280/282] lr: 5.00e-04 | MSE loss: 5.6441e-03 | time: 0.045
I 06.07/22:00:23 solver.py:169 ] => Train  Loss: 5.6209e-03

I 06.07/22:00:24 solver.py:159 ] Epoch: [20/200][20/32] lr: 5.00e-04 | MSE loss: 6.7463e-03 | time: 0.034
I 06.07/22:00:24 solver.py:169 ] => Val  Loss: 5.8066e-03

I 06.07/22:00:25 solver.py:405 ] [20/32] loss: 6.7463e-03 | NMSE: -1.8459e+01 | time: 0.036
I 06.07/22:00:25 solver.py:413 ] => Test NMSE: -1.9281e+01

I 06.07/22:00:25 solver.py:345 ] => LoRA monitor [epoch=20] | trainable=67584/67584 | non_lora_trainable=0 | lora_l2=6.780439e+00 | lora_A_l2=6.267241e+00 | lora_B_l2=2.587671e+00 | component_l2=encoder:6.780439e+00 | lora_abs_max=2.994540e-01 | delta_l2=6.331114e+00 | delta_rel=1.929224e+00 | train_loss=5.620874e-03 | val_loss=5.806567e-03 | test_loss=5.900190e-03 | nmse=-1.928104e+01
I 06.07/22:00:26 solver.py:224 ] 
=! Best NMSE: -1.9281e+01 (epoch=20)

I 06.07/22:00:27 solver.py:159 ] Epoch: [21/200][20/282] lr: 5.00e-04 | MSE loss: 6.3106e-03 | time: 0.045
I 06.07/22:00:27 solver.py:159 ] Epoch: [21/200][40/282] lr: 5.00e-04 | MSE loss: 5.7485e-03 | time: 0.046
I 06.07/22:00:28 solver.py:159 ] Epoch: [21/200][60/282] lr: 5.00e-04 | MSE loss: 5.7619e-03 | time: 0.046
I 06.07/22:00:29 solver.py:159 ] Epoch: [21/200][80/282] lr: 5.00e-04 | MSE loss: 5.9846e-03 | time: 0.047
I 06.07/22:00:30 solver.py:159 ] Epoch: [21/200][100/282] lr: 5.00e-04 | MSE loss: 6.0161e-03 | time: 0.046
I 06.07/22:00:31 solver.py:159 ] Epoch: [21/200][120/282] lr: 5.00e-04 | MSE loss: 5.9399e-03 | time: 0.046
I 06.07/22:00:32 solver.py:159 ] Epoch: [21/200][140/282] lr: 5.00e-04 | MSE loss: 5.8584e-03 | time: 0.046
I 06.07/22:00:33 solver.py:159 ] Epoch: [21/200][160/282] lr: 5.00e-04 | MSE loss: 5.8333e-03 | time: 0.045
I 06.07/22:00:34 solver.py:159 ] Epoch: [21/200][180/282] lr: 5.00e-04 | MSE loss: 5.8506e-03 | time: 0.045
I 06.07/22:00:35 solver.py:159 ] Epoch: [21/200][200/282] lr: 5.00e-04 | MSE loss: 5.7994e-03 | time: 0.045
I 06.07/22:00:35 solver.py:159 ] Epoch: [21/200][220/282] lr: 5.00e-04 | MSE loss: 5.7601e-03 | time: 0.045
I 06.07/22:00:36 solver.py:159 ] Epoch: [21/200][240/282] lr: 5.00e-04 | MSE loss: 5.6356e-03 | time: 0.044
I 06.07/22:00:37 solver.py:159 ] Epoch: [21/200][260/282] lr: 5.00e-04 | MSE loss: 5.6787e-03 | time: 0.044
I 06.07/22:00:38 solver.py:159 ] Epoch: [21/200][280/282] lr: 5.00e-04 | MSE loss: 5.6107e-03 | time: 0.043
I 06.07/22:00:38 solver.py:169 ] => Train  Loss: 5.6167e-03

I 06.07/22:00:39 solver.py:405 ] [20/32] loss: 6.8055e-03 | NMSE: -1.8431e+01 | time: 0.035
I 06.07/22:00:39 solver.py:413 ] => Test NMSE: -1.9237e+01

I 06.07/22:00:39 solver.py:345 ] => LoRA monitor [epoch=21] | trainable=67584/67584 | non_lora_trainable=0 | lora_l2=6.988825e+00 | lora_A_l2=6.432271e+00 | lora_B_l2=2.733050e+00 | component_l2=encoder:6.988825e+00 | lora_abs_max=3.029234e-01 | delta_l2=6.583467e+00 | delta_rel=2.006121e+00 | train_loss=5.616699e-03 | test_loss=5.959784e-03 | nmse=-1.923740e+01
I 06.07/22:00:39 solver.py:224 ] 
=! Best NMSE: -1.9281e+01 (epoch=20)

I 06.07/22:00:40 solver.py:159 ] Epoch: [22/200][20/282] lr: 5.00e-04 | MSE loss: 5.7898e-03 | time: 0.042
I 06.07/22:00:41 solver.py:159 ] Epoch: [22/200][40/282] lr: 5.00e-04 | MSE loss: 5.3356e-03 | time: 0.045
I 06.07/22:00:42 solver.py:159 ] Epoch: [22/200][60/282] lr: 5.00e-04 | MSE loss: 5.1537e-03 | time: 0.044
I 06.07/22:00:43 solver.py:159 ] Epoch: [22/200][80/282] lr: 5.00e-04 | MSE loss: 5.2327e-03 | time: 0.044
I 06.07/22:00:43 solver.py:159 ] Epoch: [22/200][100/282] lr: 5.00e-04 | MSE loss: 5.3004e-03 | time: 0.044
I 06.07/22:00:44 solver.py:159 ] Epoch: [22/200][120/282] lr: 5.00e-04 | MSE loss: 5.2704e-03 | time: 0.044
I 06.07/22:00:45 solver.py:159 ] Epoch: [22/200][140/282] lr: 5.00e-04 | MSE loss: 5.3060e-03 | time: 0.044
I 06.07/22:00:46 solver.py:159 ] Epoch: [22/200][160/282] lr: 5.00e-04 | MSE loss: 5.2468e-03 | time: 0.044
I 06.07/22:00:47 solver.py:159 ] Epoch: [22/200][180/282] lr: 5.00e-04 | MSE loss: 5.3040e-03 | time: 0.043
I 06.07/22:00:48 solver.py:159 ] Epoch: [22/200][200/282] lr: 5.00e-04 | MSE loss: 5.4664e-03 | time: 0.044
I 06.07/22:00:49 solver.py:159 ] Epoch: [22/200][220/282] lr: 5.00e-04 | MSE loss: 5.5421e-03 | time: 0.044
I 06.07/22:00:50 solver.py:159 ] Epoch: [22/200][240/282] lr: 5.00e-04 | MSE loss: 5.4933e-03 | time: 0.044
I 06.07/22:00:50 solver.py:159 ] Epoch: [22/200][260/282] lr: 5.00e-04 | MSE loss: 5.5277e-03 | time: 0.044
I 06.07/22:00:51 solver.py:159 ] Epoch: [22/200][280/282] lr: 5.00e-04 | MSE loss: 5.5944e-03 | time: 0.044
I 06.07/22:00:51 solver.py:169 ] => Train  Loss: 5.6017e-03

I 06.07/22:00:52 solver.py:405 ] [20/32] loss: 6.7191e-03 | NMSE: -1.8483e+01 | time: 0.033
I 06.07/22:00:52 solver.py:413 ] => Test NMSE: -1.9287e+01

I 06.07/22:00:52 solver.py:345 ] => LoRA monitor [epoch=22] | trainable=67584/67584 | non_lora_trainable=0 | lora_l2=7.191494e+00 | lora_A_l2=6.588089e+00 | lora_B_l2=2.883518e+00 | component_l2=encoder:7.191494e+00 | lora_abs_max=3.088085e-01 | delta_l2=6.822787e+00 | delta_rel=2.079047e+00 | train_loss=5.601692e-03 | test_loss=5.892202e-03 | nmse=-1.928692e+01
I 06.07/22:00:53 solver.py:224 ] 
=! Best NMSE: -1.9287e+01 (epoch=22)

I 06.07/22:00:54 solver.py:159 ] Epoch: [23/200][20/282] lr: 5.00e-04 | MSE loss: 5.6237e-03 | time: 0.042
I 06.07/22:00:54 solver.py:159 ] Epoch: [23/200][40/282] lr: 5.00e-04 | MSE loss: 5.8552e-03 | time: 0.042
I 06.07/22:00:55 solver.py:159 ] Epoch: [23/200][60/282] lr: 5.00e-04 | MSE loss: 5.4920e-03 | time: 0.043
I 06.07/22:00:56 solver.py:159 ] Epoch: [23/200][80/282] lr: 5.00e-04 | MSE loss: 5.7280e-03 | time: 0.044
I 06.07/22:00:57 solver.py:159 ] Epoch: [23/200][100/282] lr: 5.00e-04 | MSE loss: 5.6983e-03 | time: 0.044
I 06.07/22:00:58 solver.py:159 ] Epoch: [23/200][120/282] lr: 5.00e-04 | MSE loss: 5.7760e-03 | time: 0.044
I 06.07/22:00:59 solver.py:159 ] Epoch: [23/200][140/282] lr: 5.00e-04 | MSE loss: 5.7159e-03 | time: 0.044
I 06.07/22:01:00 solver.py:159 ] Epoch: [23/200][160/282] lr: 5.00e-04 | MSE loss: 5.6542e-03 | time: 0.044
I 06.07/22:01:01 solver.py:159 ] Epoch: [23/200][180/282] lr: 5.00e-04 | MSE loss: 5.6501e-03 | time: 0.047
I 06.07/22:01:03 solver.py:159 ] Epoch: [23/200][200/282] lr: 5.00e-04 | MSE loss: 5.5612e-03 | time: 0.052
I 06.07/22:01:05 solver.py:159 ] Epoch: [23/200][220/282] lr: 5.00e-04 | MSE loss: 5.4937e-03 | time: 0.054
I 06.07/22:01:06 solver.py:159 ] Epoch: [23/200][240/282] lr: 5.00e-04 | MSE loss: 5.4456e-03 | time: 0.053
I 06.07/22:01:06 solver.py:159 ] Epoch: [23/200][260/282] lr: 5.00e-04 | MSE loss: 5.5482e-03 | time: 0.053
I 06.07/22:01:07 solver.py:159 ] Epoch: [23/200][280/282] lr: 5.00e-04 | MSE loss: 5.6142e-03 | time: 0.052
I 06.07/22:01:07 solver.py:169 ] => Train  Loss: 5.5932e-03

I 06.07/22:01:08 solver.py:405 ] [20/32] loss: 6.7243e-03 | NMSE: -1.8478e+01 | time: 0.034
I 06.07/22:01:08 solver.py:413 ] => Test NMSE: -1.9283e+01

I 06.07/22:01:08 solver.py:345 ] => LoRA monitor [epoch=23] | trainable=67584/67584 | non_lora_trainable=0 | lora_l2=7.383644e+00 | lora_A_l2=6.738696e+00 | lora_B_l2=3.017976e+00 | component_l2=encoder:7.383644e+00 | lora_abs_max=3.124472e-01 | delta_l2=7.046221e+00 | delta_rel=2.147132e+00 | train_loss=5.593160e-03 | test_loss=5.897203e-03 | nmse=-1.928324e+01
I 06.07/22:01:08 solver.py:224 ] 
=! Best NMSE: -1.9287e+01 (epoch=22)

I 06.07/22:01:09 solver.py:159 ] Epoch: [24/200][20/282] lr: 5.00e-04 | MSE loss: 5.9292e-03 | time: 0.043
I 06.07/22:01:10 solver.py:159 ] Epoch: [24/200][40/282] lr: 5.00e-04 | MSE loss: 5.4529e-03 | time: 0.042
I 06.07/22:01:11 solver.py:159 ] Epoch: [24/200][60/282] lr: 5.00e-04 | MSE loss: 5.8300e-03 | time: 0.042
I 06.07/22:01:12 solver.py:159 ] Epoch: [24/200][80/282] lr: 5.00e-04 | MSE loss: 5.5403e-03 | time: 0.042
I 06.07/22:01:13 solver.py:159 ] Epoch: [24/200][100/282] lr: 5.00e-04 | MSE loss: 5.2695e-03 | time: 0.042
I 06.07/22:01:13 solver.py:159 ] Epoch: [24/200][120/282] lr: 5.00e-04 | MSE loss: 5.4877e-03 | time: 0.042
I 06.07/22:01:14 solver.py:159 ] Epoch: [24/200][140/282] lr: 5.00e-04 | MSE loss: 5.6209e-03 | time: 0.042
I 06.07/22:01:15 solver.py:159 ] Epoch: [24/200][160/282] lr: 5.00e-04 | MSE loss: 5.5217e-03 | time: 0.042
I 06.07/22:01:16 solver.py:159 ] Epoch: [24/200][180/282] lr: 5.00e-04 | MSE loss: 5.4089e-03 | time: 0.042
I 06.07/22:01:17 solver.py:159 ] Epoch: [24/200][200/282] lr: 5.00e-04 | MSE loss: 5.4980e-03 | time: 0.042
I 06.07/22:01:18 solver.py:159 ] Epoch: [24/200][220/282] lr: 5.00e-04 | MSE loss: 5.5999e-03 | time: 0.042
I 06.07/22:01:19 solver.py:159 ] Epoch: [24/200][240/282] lr: 4.99e-04 | MSE loss: 5.5989e-03 | time: 0.042
I 06.07/22:01:19 solver.py:159 ] Epoch: [24/200][260/282] lr: 4.99e-04 | MSE loss: 5.5419e-03 | time: 0.042
I 06.07/22:01:20 solver.py:159 ] Epoch: [24/200][280/282] lr: 4.99e-04 | MSE loss: 5.5768e-03 | time: 0.042
I 06.07/22:01:20 solver.py:169 ] => Train  Loss: 5.5736e-03

I 06.07/22:01:21 solver.py:405 ] [20/32] loss: 6.6924e-03 | NMSE: -1.8488e+01 | time: 0.036
I 06.07/22:01:21 solver.py:413 ] => Test NMSE: -1.9307e+01

I 06.07/22:01:21 solver.py:345 ] => LoRA monitor [epoch=24] | trainable=67584/67584 | non_lora_trainable=0 | lora_l2=7.584088e+00 | lora_A_l2=6.898924e+00 | lora_B_l2=3.150117e+00 | component_l2=encoder:7.584088e+00 | lora_abs_max=3.179930e-01 | delta_l2=7.273107e+00 | delta_rel=2.216269e+00 | train_loss=5.573589e-03 | test_loss=5.864531e-03 | nmse=-1.930737e+01
I 06.07/22:01:22 solver.py:224 ] 
=! Best NMSE: -1.9307e+01 (epoch=24)

I 06.07/22:01:22 solver.py:159 ] Epoch: [25/200][20/282] lr: 4.99e-04 | MSE loss: 4.6660e-03 | time: 0.041
I 06.07/22:01:23 solver.py:159 ] Epoch: [25/200][40/282] lr: 4.99e-04 | MSE loss: 5.6622e-03 | time: 0.042
I 06.07/22:01:24 solver.py:159 ] Epoch: [25/200][60/282] lr: 4.99e-04 | MSE loss: 5.2981e-03 | time: 0.042
I 06.07/22:01:25 solver.py:159 ] Epoch: [25/200][80/282] lr: 4.99e-04 | MSE loss: 5.3383e-03 | time: 0.041
I 06.07/22:01:26 solver.py:159 ] Epoch: [25/200][100/282] lr: 4.99e-04 | MSE loss: 5.3627e-03 | time: 0.041
I 06.07/22:01:27 solver.py:159 ] Epoch: [25/200][120/282] lr: 4.99e-04 | MSE loss: 5.2615e-03 | time: 0.041
I 06.07/22:01:27 solver.py:159 ] Epoch: [25/200][140/282] lr: 4.99e-04 | MSE loss: 5.2247e-03 | time: 0.041
I 06.07/22:01:28 solver.py:159 ] Epoch: [25/200][160/282] lr: 4.99e-04 | MSE loss: 5.1520e-03 | time: 0.042
I 06.07/22:01:29 solver.py:159 ] Epoch: [25/200][180/282] lr: 4.99e-04 | MSE loss: 5.2077e-03 | time: 0.042
I 06.07/22:01:30 solver.py:159 ] Epoch: [25/200][200/282] lr: 4.99e-04 | MSE loss: 5.2025e-03 | time: 0.042
I 06.07/22:01:31 solver.py:159 ] Epoch: [25/200][220/282] lr: 4.99e-04 | MSE loss: 5.3494e-03 | time: 0.043
I 06.07/22:01:32 solver.py:159 ] Epoch: [25/200][240/282] lr: 4.99e-04 | MSE loss: 5.4912e-03 | time: 0.043
I 06.07/22:01:33 solver.py:159 ] Epoch: [25/200][260/282] lr: 4.99e-04 | MSE loss: 5.5523e-03 | time: 0.043
I 06.07/22:01:34 solver.py:159 ] Epoch: [25/200][280/282] lr: 4.99e-04 | MSE loss: 5.5482e-03 | time: 0.043
I 06.07/22:01:34 solver.py:169 ] => Train  Loss: 5.5683e-03

I 06.07/22:01:34 solver.py:405 ] [20/32] loss: 6.7286e-03 | NMSE: -1.8470e+01 | time: 0.034
I 06.07/22:01:35 solver.py:413 ] => Test NMSE: -1.9284e+01

I 06.07/22:01:35 solver.py:345 ] => LoRA monitor [epoch=25] | trainable=67584/67584 | non_lora_trainable=0 | lora_l2=7.755595e+00 | lora_A_l2=7.032202e+00 | lora_B_l2=3.270686e+00 | component_l2=encoder:7.755595e+00 | lora_abs_max=3.264463e-01 | delta_l2=7.471016e+00 | delta_rel=2.276576e+00 | train_loss=5.568296e-03 | test_loss=5.895805e-03 | nmse=-1.928427e+01
I 06.07/22:01:35 solver.py:224 ] 
=! Best NMSE: -1.9307e+01 (epoch=24)

I 06.07/22:01:36 solver.py:159 ] Epoch: [26/200][20/282] lr: 4.99e-04 | MSE loss: 6.6861e-03 | time: 0.041
I 06.07/22:01:36 solver.py:159 ] Epoch: [26/200][40/282] lr: 4.99e-04 | MSE loss: 6.3860e-03 | time: 0.040
I 06.07/22:01:37 solver.py:159 ] Epoch: [26/200][60/282] lr: 4.99e-04 | MSE loss: 5.7577e-03 | time: 0.039
I 06.07/22:01:38 solver.py:159 ] Epoch: [26/200][80/282] lr: 4.99e-04 | MSE loss: 5.8060e-03 | time: 0.040
I 06.07/22:01:39 solver.py:159 ] Epoch: [26/200][100/282] lr: 4.99e-04 | MSE loss: 5.9128e-03 | time: 0.040
I 06.07/22:01:40 solver.py:159 ] Epoch: [26/200][120/282] lr: 4.99e-04 | MSE loss: 5.6539e-03 | time: 0.040
I 06.07/22:01:40 solver.py:159 ] Epoch: [26/200][140/282] lr: 4.99e-04 | MSE loss: 5.7347e-03 | time: 0.041
I 06.07/22:01:41 solver.py:159 ] Epoch: [26/200][160/282] lr: 4.99e-04 | MSE loss: 5.5322e-03 | time: 0.041
I 06.07/22:01:42 solver.py:159 ] Epoch: [26/200][180/282] lr: 4.99e-04 | MSE loss: 5.3617e-03 | time: 0.041
I 06.07/22:01:43 solver.py:159 ] Epoch: [26/200][200/282] lr: 4.99e-04 | MSE loss: 5.5236e-03 | time: 0.041
I 06.07/22:01:44 solver.py:159 ] Epoch: [26/200][220/282] lr: 4.99e-04 | MSE loss: 5.5969e-03 | time: 0.041
I 06.07/22:01:45 solver.py:159 ] Epoch: [26/200][240/282] lr: 4.99e-04 | MSE loss: 5.7377e-03 | time: 0.041
I 06.07/22:01:46 solver.py:159 ] Epoch: [26/200][260/282] lr: 4.99e-04 | MSE loss: 5.6531e-03 | time: 0.042
I 06.07/22:01:46 solver.py:159 ] Epoch: [26/200][280/282] lr: 4.99e-04 | MSE loss: 5.5604e-03 | time: 0.041
I 06.07/22:01:46 solver.py:169 ] => Train  Loss: 5.6073e-03

I 06.07/22:01:47 solver.py:405 ] [20/32] loss: 6.7081e-03 | NMSE: -1.8482e+01 | time: 0.034
I 06.07/22:01:47 solver.py:413 ] => Test NMSE: -1.9309e+01

I 06.07/22:01:47 solver.py:345 ] => LoRA monitor [epoch=26] | trainable=67584/67584 | non_lora_trainable=0 | lora_l2=7.913797e+00 | lora_A_l2=7.148275e+00 | lora_B_l2=3.395637e+00 | component_l2=encoder:7.913797e+00 | lora_abs_max=3.387692e-01 | delta_l2=7.653023e+00 | delta_rel=2.332038e+00 | train_loss=5.607272e-03 | test_loss=5.862676e-03 | nmse=-1.930874e+01
I 06.07/22:01:48 solver.py:224 ] 
=! Best NMSE: -1.9309e+01 (epoch=26)

I 06.07/22:01:49 solver.py:159 ] Epoch: [27/200][20/282] lr: 4.99e-04 | MSE loss: 4.4748e-03 | time: 0.045
I 06.07/22:01:50 solver.py:159 ] Epoch: [27/200][40/282] lr: 4.99e-04 | MSE loss: 5.8687e-03 | time: 0.044
I 06.07/22:01:50 solver.py:159 ] Epoch: [27/200][60/282] lr: 4.99e-04 | MSE loss: 5.5289e-03 | time: 0.042
I 06.07/22:01:51 solver.py:159 ] Epoch: [27/200][80/282] lr: 4.99e-04 | MSE loss: 5.4727e-03 | time: 0.041
I 06.07/22:01:52 solver.py:159 ] Epoch: [27/200][100/282] lr: 4.99e-04 | MSE loss: 5.2798e-03 | time: 0.042
I 06.07/22:01:53 solver.py:159 ] Epoch: [27/200][120/282] lr: 4.99e-04 | MSE loss: 5.3097e-03 | time: 0.042
I 06.07/22:01:54 solver.py:159 ] Epoch: [27/200][140/282] lr: 4.99e-04 | MSE loss: 5.3493e-03 | time: 0.042
I 06.07/22:01:55 solver.py:159 ] Epoch: [27/200][160/282] lr: 4.99e-04 | MSE loss: 5.5506e-03 | time: 0.042
I 06.07/22:01:55 solver.py:159 ] Epoch: [27/200][180/282] lr: 4.98e-04 | MSE loss: 5.6695e-03 | time: 0.042
I 06.07/22:01:56 solver.py:159 ] Epoch: [27/200][200/282] lr: 4.98e-04 | MSE loss: 5.6928e-03 | time: 0.042
I 06.07/22:01:57 solver.py:159 ] Epoch: [27/200][220/282] lr: 4.98e-04 | MSE loss: 5.6491e-03 | time: 0.042
I 06.07/22:01:58 solver.py:159 ] Epoch: [27/200][240/282] lr: 4.98e-04 | MSE loss: 5.7058e-03 | time: 0.042
I 06.07/22:01:59 solver.py:159 ] Epoch: [27/200][260/282] lr: 4.98e-04 | MSE loss: 5.6106e-03 | time: 0.042
I 06.07/22:02:00 solver.py:159 ] Epoch: [27/200][280/282] lr: 4.98e-04 | MSE loss: 5.5799e-03 | time: 0.042
I 06.07/22:02:00 solver.py:169 ] => Train  Loss: 5.5624e-03

I 06.07/22:02:01 solver.py:405 ] [20/32] loss: 6.6696e-03 | NMSE: -1.8508e+01 | time: 0.051
I 06.07/22:02:01 solver.py:413 ] => Test NMSE: -1.9327e+01

I 06.07/22:02:01 solver.py:345 ] => LoRA monitor [epoch=27] | trainable=67584/67584 | non_lora_trainable=0 | lora_l2=8.094969e+00 | lora_A_l2=7.285943e+00 | lora_B_l2=3.527543e+00 | component_l2=encoder:8.094969e+00 | lora_abs_max=3.505078e-01 | delta_l2=7.854060e+00 | delta_rel=2.393298e+00 | train_loss=5.562396e-03 | test_loss=5.837948e-03 | nmse=-1.932710e+01
I 06.07/22:02:02 solver.py:224 ] 
=! Best NMSE: -1.9327e+01 (epoch=27)

I 06.07/22:02:04 solver.py:159 ] Epoch: [28/200][20/282] lr: 4.98e-04 | MSE loss: 6.4077e-03 | time: 0.105
I 06.07/22:02:05 solver.py:159 ] Epoch: [28/200][40/282] lr: 4.98e-04 | MSE loss: 5.6014e-03 | time: 0.080
I 06.07/22:02:06 solver.py:159 ] Epoch: [28/200][60/282] lr: 4.98e-04 | MSE loss: 5.8773e-03 | time: 0.067
I 06.07/22:02:07 solver.py:159 ] Epoch: [28/200][80/282] lr: 4.98e-04 | MSE loss: 5.6241e-03 | time: 0.060
I 06.07/22:02:08 solver.py:159 ] Epoch: [28/200][100/282] lr: 4.98e-04 | MSE loss: 5.4159e-03 | time: 0.056
I 06.07/22:02:08 solver.py:159 ] Epoch: [28/200][120/282] lr: 4.98e-04 | MSE loss: 5.5809e-03 | time: 0.054
I 06.07/22:02:09 solver.py:159 ] Epoch: [28/200][140/282] lr: 4.98e-04 | MSE loss: 5.4204e-03 | time: 0.052
I 06.07/22:02:10 solver.py:159 ] Epoch: [28/200][160/282] lr: 4.98e-04 | MSE loss: 5.5702e-03 | time: 0.051
I 06.07/22:02:11 solver.py:159 ] Epoch: [28/200][180/282] lr: 4.98e-04 | MSE loss: 5.5144e-03 | time: 0.051
I 06.07/22:02:12 solver.py:159 ] Epoch: [28/200][200/282] lr: 4.98e-04 | MSE loss: 5.6158e-03 | time: 0.050
I 06.07/22:02:13 solver.py:159 ] Epoch: [28/200][220/282] lr: 4.98e-04 | MSE loss: 5.4918e-03 | time: 0.049
I 06.07/22:02:14 solver.py:159 ] Epoch: [28/200][240/282] lr: 4.98e-04 | MSE loss: 5.3948e-03 | time: 0.049
I 06.07/22:02:14 solver.py:159 ] Epoch: [28/200][260/282] lr: 4.98e-04 | MSE loss: 5.5446e-03 | time: 0.048
I 06.07/22:02:15 solver.py:159 ] Epoch: [28/200][280/282] lr: 4.98e-04 | MSE loss: 5.5586e-03 | time: 0.048
I 06.07/22:02:15 solver.py:169 ] => Train  Loss: 5.5735e-03

I 06.07/22:02:16 solver.py:405 ] [20/32] loss: 6.6988e-03 | NMSE: -1.8484e+01 | time: 0.031
I 06.07/22:02:16 solver.py:413 ] => Test NMSE: -1.9315e+01

I 06.07/22:02:16 solver.py:345 ] => LoRA monitor [epoch=28] | trainable=67584/67584 | non_lora_trainable=0 | lora_l2=8.255419e+00 | lora_A_l2=7.404909e+00 | lora_B_l2=3.649558e+00 | component_l2=encoder:8.255419e+00 | lora_abs_max=3.672010e-01 | delta_l2=8.032700e+00 | delta_rel=2.447733e+00 | train_loss=5.573513e-03 | test_loss=5.854174e-03 | nmse=-1.931505e+01
I 06.07/22:02:16 solver.py:224 ] 
=! Best NMSE: -1.9327e+01 (epoch=27)

I 06.07/22:02:17 solver.py:159 ] Epoch: [29/200][20/282] lr: 4.98e-04 | MSE loss: 5.7239e-03 | time: 0.044
I 06.07/22:02:18 solver.py:159 ] Epoch: [29/200][40/282] lr: 4.98e-04 | MSE loss: 5.8187e-03 | time: 0.043
I 06.07/22:02:19 solver.py:159 ] Epoch: [29/200][60/282] lr: 4.98e-04 | MSE loss: 5.5449e-03 | time: 0.043
I 06.07/22:02:20 solver.py:159 ] Epoch: [29/200][80/282] lr: 4.98e-04 | MSE loss: 5.3847e-03 | time: 0.043
I 06.07/22:02:21 solver.py:159 ] Epoch: [29/200][100/282] lr: 4.98e-04 | MSE loss: 5.1541e-03 | time: 0.043
I 06.07/22:02:22 solver.py:159 ] Epoch: [29/200][120/282] lr: 4.98e-04 | MSE loss: 5.2065e-03 | time: 0.043
I 06.07/22:02:22 solver.py:159 ] Epoch: [29/200][140/282] lr: 4.98e-04 | MSE loss: 5.2186e-03 | time: 0.043
I 06.07/22:02:23 solver.py:159 ] Epoch: [29/200][160/282] lr: 4.97e-04 | MSE loss: 5.2492e-03 | time: 0.043
I 06.07/22:02:24 solver.py:159 ] Epoch: [29/200][180/282] lr: 4.97e-04 | MSE loss: 5.3725e-03 | time: 0.043
I 06.07/22:02:25 solver.py:159 ] Epoch: [29/200][200/282] lr: 4.97e-04 | MSE loss: 5.3403e-03 | time: 0.043
I 06.07/22:02:26 solver.py:159 ] Epoch: [29/200][220/282] lr: 4.97e-04 | MSE loss: 5.4955e-03 | time: 0.043
I 06.07/22:02:27 solver.py:159 ] Epoch: [29/200][240/282] lr: 4.97e-04 | MSE loss: 5.5840e-03 | time: 0.044
I 06.07/22:02:28 solver.py:159 ] Epoch: [29/200][260/282] lr: 4.97e-04 | MSE loss: 5.5882e-03 | time: 0.043
I 06.07/22:02:29 solver.py:159 ] Epoch: [29/200][280/282] lr: 4.97e-04 | MSE loss: 5.5489e-03 | time: 0.044
I 06.07/22:02:29 solver.py:169 ] => Train  Loss: 5.5446e-03

I 06.07/22:02:29 solver.py:405 ] [20/32] loss: 6.6587e-03 | NMSE: -1.8529e+01 | time: 0.033
I 06.07/22:02:30 solver.py:413 ] => Test NMSE: -1.9329e+01

I 06.07/22:02:30 solver.py:345 ] => LoRA monitor [epoch=29] | trainable=67584/67584 | non_lora_trainable=0 | lora_l2=8.417740e+00 | lora_A_l2=7.526840e+00 | lora_B_l2=3.768956e+00 | component_l2=encoder:8.417740e+00 | lora_abs_max=3.829698e-01 | delta_l2=8.209785e+00 | delta_rel=2.501695e+00 | train_loss=5.544554e-03 | test_loss=5.835351e-03 | nmse=-1.932903e+01
I 06.07/22:02:30 solver.py:224 ] 
=! Best NMSE: -1.9329e+01 (epoch=29)

I 06.07/22:02:31 solver.py:159 ] Epoch: [30/200][20/282] lr: 4.97e-04 | MSE loss: 6.3294e-03 | time: 0.040
I 06.07/22:02:32 solver.py:159 ] Epoch: [30/200][40/282] lr: 4.97e-04 | MSE loss: 5.7115e-03 | time: 0.041
I 06.07/22:02:33 solver.py:159 ] Epoch: [30/200][60/282] lr: 4.97e-04 | MSE loss: 5.6937e-03 | time: 0.042
I 06.07/22:02:33 solver.py:159 ] Epoch: [30/200][80/282] lr: 4.97e-04 | MSE loss: 5.6401e-03 | time: 0.042
I 06.07/22:02:34 solver.py:159 ] Epoch: [30/200][100/282] lr: 4.97e-04 | MSE loss: 5.5924e-03 | time: 0.042
I 06.07/22:02:35 solver.py:159 ] Epoch: [30/200][120/282] lr: 4.97e-04 | MSE loss: 5.7328e-03 | time: 0.042
I 06.07/22:02:36 solver.py:159 ] Epoch: [30/200][140/282] lr: 4.97e-04 | MSE loss: 5.5437e-03 | time: 0.042
I 06.07/22:02:37 solver.py:159 ] Epoch: [30/200][160/282] lr: 4.97e-04 | MSE loss: 5.5781e-03 | time: 0.042
I 06.07/22:02:38 solver.py:159 ] Epoch: [30/200][180/282] lr: 4.97e-04 | MSE loss: 5.7505e-03 | time: 0.043
I 06.07/22:02:39 solver.py:159 ] Epoch: [30/200][200/282] lr: 4.97e-04 | MSE loss: 5.6301e-03 | time: 0.042
I 06.07/22:02:39 solver.py:159 ] Epoch: [30/200][220/282] lr: 4.97e-04 | MSE loss: 5.5511e-03 | time: 0.043
I 06.07/22:02:40 solver.py:159 ] Epoch: [30/200][240/282] lr: 4.97e-04 | MSE loss: 5.5671e-03 | time: 0.043
I 06.07/22:02:41 solver.py:159 ] Epoch: [30/200][260/282] lr: 4.97e-04 | MSE loss: 5.5681e-03 | time: 0.043
I 06.07/22:02:42 solver.py:159 ] Epoch: [30/200][280/282] lr: 4.97e-04 | MSE loss: 5.5320e-03 | time: 0.043
I 06.07/22:02:42 solver.py:169 ] => Train  Loss: 5.5355e-03

I 06.07/22:02:43 solver.py:159 ] Epoch: [30/200][20/32] lr: 4.97e-04 | MSE loss: 6.6626e-03 | time: 0.035
I 06.07/22:02:43 solver.py:169 ] => Val  Loss: 5.7491e-03

I 06.07/22:02:44 solver.py:405 ] [20/32] loss: 6.6626e-03 | NMSE: -1.8517e+01 | time: 0.030
I 06.07/22:02:44 solver.py:413 ] => Test NMSE: -1.9324e+01

I 06.07/22:02:44 solver.py:345 ] => LoRA monitor [epoch=30] | trainable=67584/67584 | non_lora_trainable=0 | lora_l2=8.583177e+00 | lora_A_l2=7.651025e+00 | lora_B_l2=3.890082e+00 | component_l2=encoder:8.583177e+00 | lora_abs_max=3.954232e-01 | delta_l2=8.389522e+00 | delta_rel=2.556465e+00 | train_loss=5.535488e-03 | val_loss=5.749094e-03 | test_loss=5.842242e-03 | nmse=-1.932390e+01
I 06.07/22:02:44 solver.py:224 ] 
=! Best NMSE: -1.9329e+01 (epoch=29)

I 06.07/22:02:45 solver.py:159 ] Epoch: [31/200][20/282] lr: 4.97e-04 | MSE loss: 6.5372e-03 | time: 0.044
I 06.07/22:02:46 solver.py:159 ] Epoch: [31/200][40/282] lr: 4.96e-04 | MSE loss: 5.9072e-03 | time: 0.043
I 06.07/22:02:47 solver.py:159 ] Epoch: [31/200][60/282] lr: 4.96e-04 | MSE loss: 5.6235e-03 | time: 0.044
I 06.07/22:02:48 solver.py:159 ] Epoch: [31/200][80/282] lr: 4.96e-04 | MSE loss: 5.6503e-03 | time: 0.044
I 06.07/22:02:48 solver.py:159 ] Epoch: [31/200][100/282] lr: 4.96e-04 | MSE loss: 5.5794e-03 | time: 0.044
I 06.07/22:02:49 solver.py:159 ] Epoch: [31/200][120/282] lr: 4.96e-04 | MSE loss: 5.7951e-03 | time: 0.043
I 06.07/22:02:50 solver.py:159 ] Epoch: [31/200][140/282] lr: 4.96e-04 | MSE loss: 5.7320e-03 | time: 0.043
I 06.07/22:02:51 solver.py:159 ] Epoch: [31/200][160/282] lr: 4.96e-04 | MSE loss: 5.5571e-03 | time: 0.043
I 06.07/22:02:52 solver.py:159 ] Epoch: [31/200][180/282] lr: 4.96e-04 | MSE loss: 5.3936e-03 | time: 0.043
I 06.07/22:02:53 solver.py:159 ] Epoch: [31/200][200/282] lr: 4.96e-04 | MSE loss: 5.5009e-03 | time: 0.043
I 06.07/22:02:53 solver.py:159 ] Epoch: [31/200][220/282] lr: 4.96e-04 | MSE loss: 5.5421e-03 | time: 0.043
I 06.07/22:02:54 solver.py:159 ] Epoch: [31/200][240/282] lr: 4.96e-04 | MSE loss: 5.5651e-03 | time: 0.043
I 06.07/22:02:55 solver.py:159 ] Epoch: [31/200][260/282] lr: 4.96e-04 | MSE loss: 5.6273e-03 | time: 0.043
I 06.07/22:02:56 solver.py:159 ] Epoch: [31/200][280/282] lr: 4.96e-04 | MSE loss: 5.5392e-03 | time: 0.042
I 06.07/22:02:56 solver.py:169 ] => Train  Loss: 5.5548e-03

I 06.07/22:02:57 solver.py:405 ] [20/32] loss: 6.6731e-03 | NMSE: -1.8510e+01 | time: 0.034
I 06.07/22:02:57 solver.py:413 ] => Test NMSE: -1.9330e+01

I 06.07/22:02:57 solver.py:345 ] => LoRA monitor [epoch=31] | trainable=67584/67584 | non_lora_trainable=0 | lora_l2=8.719416e+00 | lora_A_l2=7.747068e+00 | lora_B_l2=4.001395e+00 | component_l2=encoder:8.719416e+00 | lora_abs_max=4.084308e-01 | delta_l2=8.540419e+00 | delta_rel=2.602446e+00 | train_loss=5.554760e-03 | test_loss=5.833459e-03 | nmse=-1.933044e+01
I 06.07/22:02:57 solver.py:224 ] 
=! Best NMSE: -1.9330e+01 (epoch=31)

I 06.07/22:02:58 solver.py:159 ] Epoch: [32/200][20/282] lr: 4.96e-04 | MSE loss: 4.8800e-03 | time: 0.039
I 06.07/22:02:59 solver.py:159 ] Epoch: [32/200][40/282] lr: 4.96e-04 | MSE loss: 4.9387e-03 | time: 0.042
I 06.07/22:03:00 solver.py:159 ] Epoch: [32/200][60/282] lr: 4.96e-04 | MSE loss: 5.0649e-03 | time: 0.046
I 06.07/22:03:02 solver.py:159 ] Epoch: [32/200][80/282] lr: 4.96e-04 | MSE loss: 5.1047e-03 | time: 0.057
I 06.07/22:03:04 solver.py:159 ] Epoch: [32/200][100/282] lr: 4.96e-04 | MSE loss: 5.3977e-03 | time: 0.066
I 06.07/22:03:05 solver.py:159 ] Epoch: [32/200][120/282] lr: 4.96e-04 | MSE loss: 5.6623e-03 | time: 0.064
I 06.07/22:03:06 solver.py:159 ] Epoch: [32/200][140/282] lr: 4.95e-04 | MSE loss: 5.7579e-03 | time: 0.061
I 06.07/22:03:07 solver.py:159 ] Epoch: [32/200][160/282] lr: 4.95e-04 | MSE loss: 5.6817e-03 | time: 0.058
I 06.07/22:03:08 solver.py:159 ] Epoch: [32/200][180/282] lr: 4.95e-04 | MSE loss: 5.6292e-03 | time: 0.057
I 06.07/22:03:08 solver.py:159 ] Epoch: [32/200][200/282] lr: 4.95e-04 | MSE loss: 5.5251e-03 | time: 0.055
I 06.07/22:03:09 solver.py:159 ] Epoch: [32/200][220/282] lr: 4.95e-04 | MSE loss: 5.4672e-03 | time: 0.054
I 06.07/22:03:10 solver.py:159 ] Epoch: [32/200][240/282] lr: 4.95e-04 | MSE loss: 5.5599e-03 | time: 0.053
I 06.07/22:03:11 solver.py:159 ] Epoch: [32/200][260/282] lr: 4.95e-04 | MSE loss: 5.5318e-03 | time: 0.052
I 06.07/22:03:12 solver.py:159 ] Epoch: [32/200][280/282] lr: 4.95e-04 | MSE loss: 5.5038e-03 | time: 0.051
I 06.07/22:03:12 solver.py:169 ] => Train  Loss: 5.5208e-03

I 06.07/22:03:12 solver.py:405 ] [20/32] loss: 6.6496e-03 | NMSE: -1.8522e+01 | time: 0.037
I 06.07/22:03:13 solver.py:413 ] => Test NMSE: -1.9333e+01

I 06.07/22:03:13 solver.py:345 ] => LoRA monitor [epoch=32] | trainable=67584/67584 | non_lora_trainable=0 | lora_l2=8.880900e+00 | lora_A_l2=7.867890e+00 | lora_B_l2=4.119065e+00 | component_l2=encoder:8.880900e+00 | lora_abs_max=4.220977e-01 | delta_l2=8.711856e+00 | delta_rel=2.654687e+00 | train_loss=5.520780e-03 | test_loss=5.830450e-03 | nmse=-1.933268e+01
I 06.07/22:03:13 solver.py:224 ] 
=! Best NMSE: -1.9333e+01 (epoch=32)

I 06.07/22:03:14 solver.py:159 ] Epoch: [33/200][20/282] lr: 4.95e-04 | MSE loss: 6.3787e-03 | time: 0.044
I 06.07/22:03:15 solver.py:159 ] Epoch: [33/200][40/282] lr: 4.95e-04 | MSE loss: 6.0870e-03 | time: 0.041
I 06.07/22:03:15 solver.py:159 ] Epoch: [33/200][60/282] lr: 4.95e-04 | MSE loss: 5.8755e-03 | time: 0.040
I 06.07/22:03:16 solver.py:159 ] Epoch: [33/200][80/282] lr: 4.95e-04 | MSE loss: 5.7192e-03 | time: 0.040
I 06.07/22:03:17 solver.py:159 ] Epoch: [33/200][100/282] lr: 4.95e-04 | MSE loss: 5.6719e-03 | time: 0.040
I 06.07/22:03:18 solver.py:159 ] Epoch: [33/200][120/282] lr: 4.95e-04 | MSE loss: 5.4997e-03 | time: 0.040
I 06.07/22:03:19 solver.py:159 ] Epoch: [33/200][140/282] lr: 4.95e-04 | MSE loss: 5.6467e-03 | time: 0.040
I 06.07/22:03:19 solver.py:159 ] Epoch: [33/200][160/282] lr: 4.95e-04 | MSE loss: 5.5667e-03 | time: 0.040
I 06.07/22:03:20 solver.py:159 ] Epoch: [33/200][180/282] lr: 4.95e-04 | MSE loss: 5.5659e-03 | time: 0.040
I 06.07/22:03:21 solver.py:159 ] Epoch: [33/200][200/282] lr: 4.94e-04 | MSE loss: 5.4873e-03 | time: 0.040
I 06.07/22:03:22 solver.py:159 ] Epoch: [33/200][220/282] lr: 4.94e-04 | MSE loss: 5.5212e-03 | time: 0.040
I 06.07/22:03:23 solver.py:159 ] Epoch: [33/200][240/282] lr: 4.94e-04 | MSE loss: 5.5343e-03 | time: 0.040
I 06.07/22:03:24 solver.py:159 ] Epoch: [33/200][260/282] lr: 4.94e-04 | MSE loss: 5.5010e-03 | time: 0.040
I 06.07/22:03:24 solver.py:159 ] Epoch: [33/200][280/282] lr: 4.94e-04 | MSE loss: 5.5188e-03 | time: 0.040
I 06.07/22:03:24 solver.py:169 ] => Train  Loss: 5.5185e-03

I 06.07/22:03:25 solver.py:405 ] [20/32] loss: 6.6142e-03 | NMSE: -1.8548e+01 | time: 0.032
I 06.07/22:03:25 solver.py:413 ] => Test NMSE: -1.9358e+01

I 06.07/22:03:25 solver.py:345 ] => LoRA monitor [epoch=33] | trainable=67584/67584 | non_lora_trainable=0 | lora_l2=9.016197e+00 | lora_A_l2=7.965104e+00 | lora_B_l2=4.224798e+00 | component_l2=encoder:9.016197e+00 | lora_abs_max=4.347467e-01 | delta_l2=8.859250e+00 | delta_rel=2.699600e+00 | train_loss=5.518546e-03 | test_loss=5.796692e-03 | nmse=-1.935790e+01
I 06.07/22:03:26 solver.py:224 ] 
=! Best NMSE: -1.9358e+01 (epoch=33)

I 06.07/22:03:27 solver.py:159 ] Epoch: [34/200][20/282] lr: 4.94e-04 | MSE loss: 6.1727e-03 | time: 0.039
I 06.07/22:03:27 solver.py:159 ] Epoch: [34/200][40/282] lr: 4.94e-04 | MSE loss: 5.9651e-03 | time: 0.039
I 06.07/22:03:28 solver.py:159 ] Epoch: [34/200][60/282] lr: 4.94e-04 | MSE loss: 6.1148e-03 | time: 0.039
I 06.07/22:03:29 solver.py:159 ] Epoch: [34/200][80/282] lr: 4.94e-04 | MSE loss: 5.9806e-03 | time: 0.039
I 06.07/22:03:30 solver.py:159 ] Epoch: [34/200][100/282] lr: 4.94e-04 | MSE loss: 6.0327e-03 | time: 0.040
I 06.07/22:03:31 solver.py:159 ] Epoch: [34/200][120/282] lr: 4.94e-04 | MSE loss: 5.9446e-03 | time: 0.040
I 06.07/22:03:31 solver.py:159 ] Epoch: [34/200][140/282] lr: 4.94e-04 | MSE loss: 5.8421e-03 | time: 0.040
I 06.07/22:03:32 solver.py:159 ] Epoch: [34/200][160/282] lr: 4.94e-04 | MSE loss: 5.6443e-03 | time: 0.040
I 06.07/22:03:33 solver.py:159 ] Epoch: [34/200][180/282] lr: 4.94e-04 | MSE loss: 5.7296e-03 | time: 0.040
I 06.07/22:03:34 solver.py:159 ] Epoch: [34/200][200/282] lr: 4.94e-04 | MSE loss: 5.7630e-03 | time: 0.040
I 06.07/22:03:35 solver.py:159 ] Epoch: [34/200][220/282] lr: 4.94e-04 | MSE loss: 5.7420e-03 | time: 0.040
I 06.07/22:03:35 solver.py:159 ] Epoch: [34/200][240/282] lr: 4.93e-04 | MSE loss: 5.6206e-03 | time: 0.040
I 06.07/22:03:36 solver.py:159 ] Epoch: [34/200][260/282] lr: 4.93e-04 | MSE loss: 5.5328e-03 | time: 0.040
I 06.07/22:03:37 solver.py:159 ] Epoch: [34/200][280/282] lr: 4.93e-04 | MSE loss: 5.5222e-03 | time: 0.040
I 06.07/22:03:37 solver.py:169 ] => Train  Loss: 5.5119e-03

I 06.07/22:03:38 solver.py:405 ] [20/32] loss: 6.6287e-03 | NMSE: -1.8540e+01 | time: 0.033
I 06.07/22:03:38 solver.py:413 ] => Test NMSE: -1.9351e+01

I 06.07/22:03:38 solver.py:345 ] => LoRA monitor [epoch=34] | trainable=67584/67584 | non_lora_trainable=0 | lora_l2=9.162573e+00 | lora_A_l2=8.072126e+00 | lora_B_l2=4.335150e+00 | component_l2=encoder:9.162573e+00 | lora_abs_max=4.474050e-01 | delta_l2=9.015081e+00 | delta_rel=2.747086e+00 | train_loss=5.511926e-03 | test_loss=5.806332e-03 | nmse=-1.935068e+01
I 06.07/22:03:38 solver.py:224 ] 
=! Best NMSE: -1.9358e+01 (epoch=33)

I 06.07/22:03:39 solver.py:159 ] Epoch: [35/200][20/282] lr: 4.93e-04 | MSE loss: 4.5257e-03 | time: 0.040
I 06.07/22:03:40 solver.py:159 ] Epoch: [35/200][40/282] lr: 4.93e-04 | MSE loss: 5.7889e-03 | time: 0.040
I 06.07/22:03:40 solver.py:159 ] Epoch: [35/200][60/282] lr: 4.93e-04 | MSE loss: 5.9643e-03 | time: 0.040
I 06.07/22:03:41 solver.py:159 ] Epoch: [35/200][80/282] lr: 4.93e-04 | MSE loss: 5.8722e-03 | time: 0.041
I 06.07/22:03:42 solver.py:159 ] Epoch: [35/200][100/282] lr: 4.93e-04 | MSE loss: 5.7086e-03 | time: 0.041
I 06.07/22:03:43 solver.py:159 ] Epoch: [35/200][120/282] lr: 4.93e-04 | MSE loss: 5.5276e-03 | time: 0.041
I 06.07/22:03:44 solver.py:159 ] Epoch: [35/200][140/282] lr: 4.93e-04 | MSE loss: 5.7426e-03 | time: 0.041
I 06.07/22:03:45 solver.py:159 ] Epoch: [35/200][160/282] lr: 4.93e-04 | MSE loss: 5.7739e-03 | time: 0.041
I 06.07/22:03:45 solver.py:159 ] Epoch: [35/200][180/282] lr: 4.93e-04 | MSE loss: 5.6018e-03 | time: 0.042
I 06.07/22:03:46 solver.py:159 ] Epoch: [35/200][200/282] lr: 4.93e-04 | MSE loss: 5.6130e-03 | time: 0.042
I 06.07/22:03:47 solver.py:159 ] Epoch: [35/200][220/282] lr: 4.93e-04 | MSE loss: 5.5543e-03 | time: 0.042
I 06.07/22:03:48 solver.py:159 ] Epoch: [35/200][240/282] lr: 4.92e-04 | MSE loss: 5.5173e-03 | time: 0.041
I 06.07/22:03:49 solver.py:159 ] Epoch: [35/200][260/282] lr: 4.92e-04 | MSE loss: 5.5655e-03 | time: 0.041
I 06.07/22:03:49 solver.py:159 ] Epoch: [35/200][280/282] lr: 4.92e-04 | MSE loss: 5.5244e-03 | time: 0.041
I 06.07/22:03:49 solver.py:169 ] => Train  Loss: 5.5134e-03

I 06.07/22:03:50 solver.py:405 ] [20/32] loss: 6.6186e-03 | NMSE: -1.8545e+01 | time: 0.031
I 06.07/22:03:50 solver.py:413 ] => Test NMSE: -1.9354e+01

I 06.07/22:03:51 solver.py:345 ] => LoRA monitor [epoch=35] | trainable=67584/67584 | non_lora_trainable=0 | lora_l2=9.302905e+00 | lora_A_l2=8.172103e+00 | lora_B_l2=4.445309e+00 | component_l2=encoder:9.302905e+00 | lora_abs_max=4.586679e-01 | delta_l2=9.164276e+00 | delta_rel=2.792548e+00 | train_loss=5.513419e-03 | test_loss=5.802108e-03 | nmse=-1.935384e+01
I 06.07/22:03:51 solver.py:224 ] 
=! Best NMSE: -1.9358e+01 (epoch=33)

I 06.07/22:03:51 solver.py:159 ] Epoch: [36/200][20/282] lr: 4.92e-04 | MSE loss: 4.9832e-03 | time: 0.041
I 06.07/22:03:52 solver.py:159 ] Epoch: [36/200][40/282] lr: 4.92e-04 | MSE loss: 5.3337e-03 | time: 0.040
I 06.07/22:03:53 solver.py:159 ] Epoch: [36/200][60/282] lr: 4.92e-04 | MSE loss: 5.4073e-03 | time: 0.039
I 06.07/22:03:54 solver.py:159 ] Epoch: [36/200][80/282] lr: 4.92e-04 | MSE loss: 5.3210e-03 | time: 0.039
I 06.07/22:03:54 solver.py:159 ] Epoch: [36/200][100/282] lr: 4.92e-04 | MSE loss: 5.3202e-03 | time: 0.040
I 06.07/22:03:55 solver.py:159 ] Epoch: [36/200][120/282] lr: 4.92e-04 | MSE loss: 5.2074e-03 | time: 0.040
I 06.07/22:03:56 solver.py:159 ] Epoch: [36/200][140/282] lr: 4.92e-04 | MSE loss: 5.2913e-03 | time: 0.040
I 06.07/22:03:57 solver.py:159 ] Epoch: [36/200][160/282] lr: 4.92e-04 | MSE loss: 5.2415e-03 | time: 0.040
I 06.07/22:03:58 solver.py:159 ] Epoch: [36/200][180/282] lr: 4.92e-04 | MSE loss: 5.2990e-03 | time: 0.040
I 06.07/22:03:58 solver.py:159 ] Epoch: [36/200][200/282] lr: 4.92e-04 | MSE loss: 5.2535e-03 | time: 0.039
I 06.07/22:03:59 solver.py:159 ] Epoch: [36/200][220/282] lr: 4.92e-04 | MSE loss: 5.3243e-03 | time: 0.040
I 06.07/22:04:00 solver.py:159 ] Epoch: [36/200][240/282] lr: 4.91e-04 | MSE loss: 5.5424e-03 | time: 0.041
I 06.07/22:04:02 solver.py:159 ] Epoch: [36/200][260/282] lr: 4.91e-04 | MSE loss: 5.5798e-03 | time: 0.044
I 06.07/22:04:04 solver.py:159 ] Epoch: [36/200][280/282] lr: 4.91e-04 | MSE loss: 5.5244e-03 | time: 0.048
I 06.07/22:04:04 solver.py:169 ] => Train  Loss: 5.5061e-03

I 06.07/22:04:05 solver.py:405 ] [20/32] loss: 6.6306e-03 | NMSE: -1.8530e+01 | time: 0.047
I 06.07/22:04:05 solver.py:413 ] => Test NMSE: -1.9349e+01

I 06.07/22:04:05 solver.py:345 ] => LoRA monitor [epoch=36] | trainable=67584/67584 | non_lora_trainable=0 | lora_l2=9.435464e+00 | lora_A_l2=8.268296e+00 | lora_B_l2=4.545684e+00 | component_l2=encoder:9.435464e+00 | lora_abs_max=4.672926e-01 | delta_l2=9.307233e+00 | delta_rel=2.836110e+00 | train_loss=5.506127e-03 | test_loss=5.808025e-03 | nmse=-1.934942e+01
I 06.07/22:04:05 solver.py:224 ] 
=! Best NMSE: -1.9358e+01 (epoch=33)

I 06.07/22:04:06 solver.py:159 ] Epoch: [37/200][20/282] lr: 4.91e-04 | MSE loss: 5.5846e-03 | time: 0.045
I 06.07/22:04:07 solver.py:159 ] Epoch: [37/200][40/282] lr: 4.91e-04 | MSE loss: 5.2555e-03 | time: 0.042
I 06.07/22:04:08 solver.py:159 ] Epoch: [37/200][60/282] lr: 4.91e-04 | MSE loss: 5.5750e-03 | time: 0.041
I 06.07/22:04:09 solver.py:159 ] Epoch: [37/200][80/282] lr: 4.91e-04 | MSE loss: 5.7979e-03 | time: 0.040
I 06.07/22:04:09 solver.py:159 ] Epoch: [37/200][100/282] lr: 4.91e-04 | MSE loss: 5.8421e-03 | time: 0.040
I 06.07/22:04:10 solver.py:159 ] Epoch: [37/200][120/282] lr: 4.91e-04 | MSE loss: 5.7451e-03 | time: 0.040
I 06.07/22:04:11 solver.py:159 ] Epoch: [37/200][140/282] lr: 4.91e-04 | MSE loss: 5.5034e-03 | time: 0.040
I 06.07/22:04:12 solver.py:159 ] Epoch: [37/200][160/282] lr: 4.91e-04 | MSE loss: 5.3625e-03 | time: 0.039
I 06.07/22:04:13 solver.py:159 ] Epoch: [37/200][180/282] lr: 4.91e-04 | MSE loss: 5.3923e-03 | time: 0.039
I 06.07/22:04:13 solver.py:159 ] Epoch: [37/200][200/282] lr: 4.90e-04 | MSE loss: 5.3659e-03 | time: 0.039
I 06.07/22:04:14 solver.py:159 ] Epoch: [37/200][220/282] lr: 4.90e-04 | MSE loss: 5.5216e-03 | time: 0.039
I 06.07/22:04:15 solver.py:159 ] Epoch: [37/200][240/282] lr: 4.90e-04 | MSE loss: 5.4291e-03 | time: 0.039
I 06.07/22:04:16 solver.py:159 ] Epoch: [37/200][260/282] lr: 4.90e-04 | MSE loss: 5.4847e-03 | time: 0.039
I 06.07/22:04:17 solver.py:159 ] Epoch: [37/200][280/282] lr: 4.90e-04 | MSE loss: 5.5235e-03 | time: 0.039
I 06.07/22:04:17 solver.py:169 ] => Train  Loss: 5.5003e-03

I 06.07/22:04:17 solver.py:405 ] [20/32] loss: 6.5978e-03 | NMSE: -1.8554e+01 | time: 0.028
I 06.07/22:04:18 solver.py:413 ] => Test NMSE: -1.9373e+01

I 06.07/22:04:18 solver.py:345 ] => LoRA monitor [epoch=37] | trainable=67584/67584 | non_lora_trainable=0 | lora_l2=9.567515e+00 | lora_A_l2=8.360953e+00 | lora_B_l2=4.651001e+00 | component_l2=encoder:9.567515e+00 | lora_abs_max=4.736922e-01 | delta_l2=9.447526e+00 | delta_rel=2.878861e+00 | train_loss=5.500320e-03 | test_loss=5.776796e-03 | nmse=-1.937283e+01
I 06.07/22:04:18 solver.py:224 ] 
=! Best NMSE: -1.9373e+01 (epoch=37)

I 06.07/22:04:19 solver.py:159 ] Epoch: [38/200][20/282] lr: 4.90e-04 | MSE loss: 6.1484e-03 | time: 0.039
I 06.07/22:04:19 solver.py:159 ] Epoch: [38/200][40/282] lr: 4.90e-04 | MSE loss: 6.2425e-03 | time: 0.039
I 06.07/22:04:20 solver.py:159 ] Epoch: [38/200][60/282] lr: 4.90e-04 | MSE loss: 6.0261e-03 | time: 0.039
I 06.07/22:04:21 solver.py:159 ] Epoch: [38/200][80/282] lr: 4.90e-04 | MSE loss: 5.8582e-03 | time: 0.039
I 06.07/22:04:22 solver.py:159 ] Epoch: [38/200][100/282] lr: 4.90e-04 | MSE loss: 5.7235e-03 | time: 0.039
I 06.07/22:04:22 solver.py:159 ] Epoch: [38/200][120/282] lr: 4.90e-04 | MSE loss: 5.5990e-03 | time: 0.039
I 06.07/22:04:23 solver.py:159 ] Epoch: [38/200][140/282] lr: 4.90e-04 | MSE loss: 5.4719e-03 | time: 0.039
I 06.07/22:04:24 solver.py:159 ] Epoch: [38/200][160/282] lr: 4.90e-04 | MSE loss: 5.3432e-03 | time: 0.039
I 06.07/22:04:25 solver.py:159 ] Epoch: [38/200][180/282] lr: 4.89e-04 | MSE loss: 5.3001e-03 | time: 0.039
I 06.07/22:04:26 solver.py:159 ] Epoch: [38/200][200/282] lr: 4.89e-04 | MSE loss: 5.2501e-03 | time: 0.039
I 06.07/22:04:26 solver.py:159 ] Epoch: [38/200][220/282] lr: 4.89e-04 | MSE loss: 5.3838e-03 | time: 0.039
I 06.07/22:04:27 solver.py:159 ] Epoch: [38/200][240/282] lr: 4.89e-04 | MSE loss: 5.4596e-03 | time: 0.039
I 06.07/22:04:28 solver.py:159 ] Epoch: [38/200][260/282] lr: 4.89e-04 | MSE loss: 5.4249e-03 | time: 0.039
I 06.07/22:04:29 solver.py:159 ] Epoch: [38/200][280/282] lr: 4.89e-04 | MSE loss: 5.5104e-03 | time: 0.039
I 06.07/22:04:29 solver.py:169 ] => Train  Loss: 5.5016e-03

I 06.07/22:04:29 solver.py:405 ] [20/32] loss: 6.6249e-03 | NMSE: -1.8530e+01 | time: 0.030
I 06.07/22:04:30 solver.py:413 ] => Test NMSE: -1.9352e+01

I 06.07/22:04:30 solver.py:345 ] => LoRA monitor [epoch=38] | trainable=67584/67584 | non_lora_trainable=0 | lora_l2=9.703214e+00 | lora_A_l2=8.459532e+00 | lora_B_l2=4.752754e+00 | component_l2=encoder:9.703214e+00 | lora_abs_max=4.844646e-01 | delta_l2=9.589914e+00 | delta_rel=2.922249e+00 | train_loss=5.501585e-03 | test_loss=5.804251e-03 | nmse=-1.935224e+01
I 06.07/22:04:30 solver.py:224 ] 
=! Best NMSE: -1.9373e+01 (epoch=37)

I 06.07/22:04:31 solver.py:159 ] Epoch: [39/200][20/282] lr: 4.89e-04 | MSE loss: 5.7638e-03 | time: 0.044
I 06.07/22:04:31 solver.py:159 ] Epoch: [39/200][40/282] lr: 4.89e-04 | MSE loss: 5.2253e-03 | time: 0.041
I 06.07/22:04:32 solver.py:159 ] Epoch: [39/200][60/282] lr: 4.89e-04 | MSE loss: 5.1101e-03 | time: 0.040
I 06.07/22:04:33 solver.py:159 ] Epoch: [39/200][80/282] lr: 4.89e-04 | MSE loss: 5.4281e-03 | time: 0.040
I 06.07/22:04:34 solver.py:159 ] Epoch: [39/200][100/282] lr: 4.89e-04 | MSE loss: 5.3665e-03 | time: 0.040
I 06.07/22:04:34 solver.py:159 ] Epoch: [39/200][120/282] lr: 4.88e-04 | MSE loss: 5.2959e-03 | time: 0.040
I 06.07/22:04:35 solver.py:159 ] Epoch: [39/200][140/282] lr: 4.88e-04 | MSE loss: 5.3719e-03 | time: 0.039
I 06.07/22:04:36 solver.py:159 ] Epoch: [39/200][160/282] lr: 4.88e-04 | MSE loss: 5.2422e-03 | time: 0.039
I 06.07/22:04:37 solver.py:159 ] Epoch: [39/200][180/282] lr: 4.88e-04 | MSE loss: 5.2658e-03 | time: 0.039
I 06.07/22:04:37 solver.py:159 ] Epoch: [39/200][200/282] lr: 4.88e-04 | MSE loss: 5.3847e-03 | time: 0.039
I 06.07/22:04:38 solver.py:159 ] Epoch: [39/200][220/282] lr: 4.88e-04 | MSE loss: 5.4271e-03 | time: 0.039
I 06.07/22:04:39 solver.py:159 ] Epoch: [39/200][240/282] lr: 4.88e-04 | MSE loss: 5.3975e-03 | time: 0.039
I 06.07/22:04:40 solver.py:159 ] Epoch: [39/200][260/282] lr: 4.88e-04 | MSE loss: 5.3950e-03 | time: 0.039
I 06.07/22:04:41 solver.py:159 ] Epoch: [39/200][280/282] lr: 4.88e-04 | MSE loss: 5.4848e-03 | time: 0.039
I 06.07/22:04:41 solver.py:169 ] => Train  Loss: 5.5273e-03

I 06.07/22:04:41 solver.py:405 ] [20/32] loss: 6.6190e-03 | NMSE: -1.8547e+01 | time: 0.032
I 06.07/22:04:42 solver.py:413 ] => Test NMSE: -1.9350e+01

I 06.07/22:04:42 solver.py:345 ] => LoRA monitor [epoch=39] | trainable=67584/67584 | non_lora_trainable=0 | lora_l2=9.830151e+00 | lora_A_l2=8.547539e+00 | lora_B_l2=4.855044e+00 | component_l2=encoder:9.830151e+00 | lora_abs_max=4.945177e-01 | delta_l2=9.723976e+00 | delta_rel=2.963101e+00 | train_loss=5.527277e-03 | test_loss=5.807336e-03 | nmse=-1.934993e+01
I 06.07/22:04:42 solver.py:224 ] 
=! Best NMSE: -1.9373e+01 (epoch=37)

I 06.07/22:04:43 solver.py:159 ] Epoch: [40/200][20/282] lr: 4.88e-04 | MSE loss: 5.4376e-03 | time: 0.039
I 06.07/22:04:43 solver.py:159 ] Epoch: [40/200][40/282] lr: 4.88e-04 | MSE loss: 5.1594e-03 | time: 0.038
I 06.07/22:04:44 solver.py:159 ] Epoch: [40/200][60/282] lr: 4.87e-04 | MSE loss: 5.4994e-03 | time: 0.038
I 06.07/22:04:45 solver.py:159 ] Epoch: [40/200][80/282] lr: 4.87e-04 | MSE loss: 5.5527e-03 | time: 0.039
I 06.07/22:04:46 solver.py:159 ] Epoch: [40/200][100/282] lr: 4.87e-04 | MSE loss: 5.3545e-03 | time: 0.039
I 06.07/22:04:46 solver.py:159 ] Epoch: [40/200][120/282] lr: 4.87e-04 | MSE loss: 5.3515e-03 | time: 0.039
I 06.07/22:04:47 solver.py:159 ] Epoch: [40/200][140/282] lr: 4.87e-04 | MSE loss: 5.4452e-03 | time: 0.039
I 06.07/22:04:48 solver.py:159 ] Epoch: [40/200][160/282] lr: 4.87e-04 | MSE loss: 5.3221e-03 | time: 0.039
I 06.07/22:04:49 solver.py:159 ] Epoch: [40/200][180/282] lr: 4.87e-04 | MSE loss: 5.4340e-03 | time: 0.039
I 06.07/22:04:50 solver.py:159 ] Epoch: [40/200][200/282] lr: 4.87e-04 | MSE loss: 5.5296e-03 | time: 0.039
I 06.07/22:04:50 solver.py:159 ] Epoch: [40/200][220/282] lr: 4.87e-04 | MSE loss: 5.5810e-03 | time: 0.039
I 06.07/22:04:51 solver.py:159 ] Epoch: [40/200][240/282] lr: 4.87e-04 | MSE loss: 5.4413e-03 | time: 0.039
I 06.07/22:04:52 solver.py:159 ] Epoch: [40/200][260/282] lr: 4.87e-04 | MSE loss: 5.4186e-03 | time: 0.039
I 06.07/22:04:53 solver.py:159 ] Epoch: [40/200][280/282] lr: 4.86e-04 | MSE loss: 5.5166e-03 | time: 0.039
I 06.07/22:04:53 solver.py:169 ] => Train  Loss: 5.4948e-03

I 06.07/22:04:53 solver.py:159 ] Epoch: [40/200][20/32] lr: 4.86e-04 | MSE loss: 6.6073e-03 | time: 0.030
I 06.07/22:04:54 solver.py:169 ] => Val  Loss: 5.7030e-03

I 06.07/22:04:54 solver.py:405 ] [20/32] loss: 6.6073e-03 | NMSE: -1.8556e+01 | time: 0.030
I 06.07/22:04:55 solver.py:413 ] => Test NMSE: -1.9358e+01

I 06.07/22:04:55 solver.py:345 ] => LoRA monitor [epoch=40] | trainable=67584/67584 | non_lora_trainable=0 | lora_l2=9.955432e+00 | lora_A_l2=8.638287e+00 | lora_B_l2=4.948800e+00 | component_l2=encoder:9.955432e+00 | lora_abs_max=5.039239e-01 | delta_l2=9.856740e+00 | delta_rel=3.003557e+00 | train_loss=5.494835e-03 | val_loss=5.703008e-03 | test_loss=5.796381e-03 | nmse=-1.935813e+01
I 06.07/22:04:55 solver.py:224 ] 
=! Best NMSE: -1.9373e+01 (epoch=37)

I 06.07/22:04:55 solver.py:159 ] Epoch: [41/200][20/282] lr: 4.86e-04 | MSE loss: 6.4681e-03 | time: 0.042
I 06.07/22:04:56 solver.py:159 ] Epoch: [41/200][40/282] lr: 4.86e-04 | MSE loss: 5.6984e-03 | time: 0.042
I 06.07/22:04:57 solver.py:159 ] Epoch: [41/200][60/282] lr: 4.86e-04 | MSE loss: 5.5110e-03 | time: 0.042
I 06.07/22:04:58 solver.py:159 ] Epoch: [41/200][80/282] lr: 4.86e-04 | MSE loss: 5.3717e-03 | time: 0.040
I 06.07/22:04:59 solver.py:159 ] Epoch: [41/200][100/282] lr: 4.86e-04 | MSE loss: 5.2496e-03 | time: 0.040
I 06.07/22:04:59 solver.py:159 ] Epoch: [41/200][120/282] lr: 4.86e-04 | MSE loss: 5.3430e-03 | time: 0.040
I 06.07/22:05:00 solver.py:159 ] Epoch: [41/200][140/282] lr: 4.86e-04 | MSE loss: 5.5926e-03 | time: 0.042
I 06.07/22:05:02 solver.py:159 ] Epoch: [41/200][160/282] lr: 4.86e-04 | MSE loss: 5.6242e-03 | time: 0.048
I 06.07/22:05:04 solver.py:159 ] Epoch: [41/200][180/282] lr: 4.86e-04 | MSE loss: 5.5846e-03 | time: 0.052
I 06.07/22:05:05 solver.py:159 ] Epoch: [41/200][200/282] lr: 4.85e-04 | MSE loss: 5.6411e-03 | time: 0.052
I 06.07/22:05:06 solver.py:159 ] Epoch: [41/200][220/282] lr: 4.85e-04 | MSE loss: 5.4921e-03 | time: 0.051
I 06.07/22:05:07 solver.py:159 ] Epoch: [41/200][240/282] lr: 4.85e-04 | MSE loss: 5.4063e-03 | time: 0.050
I 06.07/22:05:07 solver.py:159 ] Epoch: [41/200][260/282] lr: 4.85e-04 | MSE loss: 5.4568e-03 | time: 0.049
I 06.07/22:05:08 solver.py:159 ] Epoch: [41/200][280/282] lr: 4.85e-04 | MSE loss: 5.4978e-03 | time: 0.048
I 06.07/22:05:08 solver.py:169 ] => Train  Loss: 5.4816e-03

I 06.07/22:05:09 solver.py:405 ] [20/32] loss: 6.5895e-03 | NMSE: -1.8560e+01 | time: 0.029
I 06.07/22:05:09 solver.py:413 ] => Test NMSE: -1.9376e+01

I 06.07/22:05:09 solver.py:345 ] => LoRA monitor [epoch=41] | trainable=67584/67584 | non_lora_trainable=0 | lora_l2=1.008115e+01 | lora_A_l2=8.725713e+00 | lora_B_l2=5.048912e+00 | component_l2=encoder:1.008115e+01 | lora_abs_max=5.064208e-01 | delta_l2=9.987492e+00 | delta_rel=3.043400e+00 | train_loss=5.481565e-03 | test_loss=5.772764e-03 | nmse=-1.937586e+01
I 06.07/22:05:09 solver.py:224 ] 
=! Best NMSE: -1.9376e+01 (epoch=41)

I 06.07/22:05:10 solver.py:159 ] Epoch: [42/200][20/282] lr: 4.85e-04 | MSE loss: 5.8819e-03 | time: 0.039
I 06.07/22:05:11 solver.py:159 ] Epoch: [42/200][40/282] lr: 4.85e-04 | MSE loss: 6.3771e-03 | time: 0.038
I 06.07/22:05:12 solver.py:159 ] Epoch: [42/200][60/282] lr: 4.85e-04 | MSE loss: 5.9202e-03 | time: 0.038
I 06.07/22:05:12 solver.py:159 ] Epoch: [42/200][80/282] lr: 4.85e-04 | MSE loss: 5.7589e-03 | time: 0.038
I 06.07/22:05:13 solver.py:159 ] Epoch: [42/200][100/282] lr: 4.85e-04 | MSE loss: 5.6158e-03 | time: 0.038
I 06.07/22:05:14 solver.py:159 ] Epoch: [42/200][120/282] lr: 4.84e-04 | MSE loss: 5.7629e-03 | time: 0.037
I 06.07/22:05:15 solver.py:159 ] Epoch: [42/200][140/282] lr: 4.84e-04 | MSE loss: 5.6549e-03 | time: 0.037
I 06.07/22:05:15 solver.py:159 ] Epoch: [42/200][160/282] lr: 4.84e-04 | MSE loss: 5.7021e-03 | time: 0.038
I 06.07/22:05:16 solver.py:159 ] Epoch: [42/200][180/282] lr: 4.84e-04 | MSE loss: 5.6967e-03 | time: 0.037
I 06.07/22:05:17 solver.py:159 ] Epoch: [42/200][200/282] lr: 4.84e-04 | MSE loss: 5.6366e-03 | time: 0.037
I 06.07/22:05:18 solver.py:159 ] Epoch: [42/200][220/282] lr: 4.84e-04 | MSE loss: 5.5570e-03 | time: 0.037
I 06.07/22:05:18 solver.py:159 ] Epoch: [42/200][240/282] lr: 4.84e-04 | MSE loss: 5.5203e-03 | time: 0.038
I 06.07/22:05:19 solver.py:159 ] Epoch: [42/200][260/282] lr: 4.84e-04 | MSE loss: 5.5796e-03 | time: 0.038
I 06.07/22:05:20 solver.py:159 ] Epoch: [42/200][280/282] lr: 4.84e-04 | MSE loss: 5.4776e-03 | time: 0.038
I 06.07/22:05:20 solver.py:169 ] => Train  Loss: 5.4851e-03

I 06.07/22:05:21 solver.py:405 ] [20/32] loss: 6.5927e-03 | NMSE: -1.8559e+01 | time: 0.030
I 06.07/22:05:21 solver.py:413 ] => Test NMSE: -1.9379e+01

I 06.07/22:05:21 solver.py:345 ] => LoRA monitor [epoch=42] | trainable=67584/67584 | non_lora_trainable=0 | lora_l2=1.019182e+01 | lora_A_l2=8.803552e+00 | lora_B_l2=5.135239e+00 | component_l2=encoder:1.019182e+01 | lora_abs_max=5.130220e-01 | delta_l2=1.010574e+01 | delta_rel=3.079433e+00 | train_loss=5.485091e-03 | test_loss=5.768607e-03 | nmse=-1.937899e+01
I 06.07/22:05:21 solver.py:224 ] 
=! Best NMSE: -1.9379e+01 (epoch=42)

I 06.07/22:05:22 solver.py:159 ] Epoch: [43/200][20/282] lr: 4.84e-04 | MSE loss: 5.6819e-03 | time: 0.034
I 06.07/22:05:23 solver.py:159 ] Epoch: [43/200][40/282] lr: 4.83e-04 | MSE loss: 5.9476e-03 | time: 0.036
I 06.07/22:05:23 solver.py:159 ] Epoch: [43/200][60/282] lr: 4.83e-04 | MSE loss: 5.5258e-03 | time: 0.038
I 06.07/22:05:24 solver.py:159 ] Epoch: [43/200][80/282] lr: 4.83e-04 | MSE loss: 5.3179e-03 | time: 0.038
I 06.07/22:05:25 solver.py:159 ] Epoch: [43/200][100/282] lr: 4.83e-04 | MSE loss: 5.4097e-03 | time: 0.038
I 06.07/22:05:26 solver.py:159 ] Epoch: [43/200][120/282] lr: 4.83e-04 | MSE loss: 5.5202e-03 | time: 0.038
I 06.07/22:05:27 solver.py:159 ] Epoch: [43/200][140/282] lr: 4.83e-04 | MSE loss: 5.4305e-03 | time: 0.038
I 06.07/22:05:27 solver.py:159 ] Epoch: [43/200][160/282] lr: 4.83e-04 | MSE loss: 5.5547e-03 | time: 0.037
I 06.07/22:05:28 solver.py:159 ] Epoch: [43/200][180/282] lr: 4.83e-04 | MSE loss: 5.4434e-03 | time: 0.037
I 06.07/22:05:29 solver.py:159 ] Epoch: [43/200][200/282] lr: 4.83e-04 | MSE loss: 5.4502e-03 | time: 0.038
I 06.07/22:05:30 solver.py:159 ] Epoch: [43/200][220/282] lr: 4.82e-04 | MSE loss: 5.5785e-03 | time: 0.038
I 06.07/22:05:30 solver.py:159 ] Epoch: [43/200][240/282] lr: 4.82e-04 | MSE loss: 5.5325e-03 | time: 0.038
I 06.07/22:05:31 solver.py:159 ] Epoch: [43/200][260/282] lr: 4.82e-04 | MSE loss: 5.4626e-03 | time: 0.038
I 06.07/22:05:32 solver.py:159 ] Epoch: [43/200][280/282] lr: 4.82e-04 | MSE loss: 5.4861e-03 | time: 0.038
I 06.07/22:05:32 solver.py:169 ] => Train  Loss: 5.5071e-03

I 06.07/22:05:32 solver.py:405 ] [20/32] loss: 6.6292e-03 | NMSE: -1.8544e+01 | time: 0.030
I 06.07/22:05:33 solver.py:413 ] => Test NMSE: -1.9345e+01

I 06.07/22:05:33 solver.py:345 ] => LoRA monitor [epoch=43] | trainable=67584/67584 | non_lora_trainable=0 | lora_l2=1.031450e+01 | lora_A_l2=8.891287e+00 | lora_B_l2=5.228185e+00 | component_l2=encoder:1.031450e+01 | lora_abs_max=5.201164e-01 | delta_l2=1.023347e+01 | delta_rel=3.118355e+00 | train_loss=5.507135e-03 | test_loss=5.813521e-03 | nmse=-1.934531e+01
I 06.07/22:05:33 solver.py:224 ] 
=! Best NMSE: -1.9379e+01 (epoch=42)

I 06.07/22:05:34 solver.py:159 ] Epoch: [44/200][20/282] lr: 4.82e-04 | MSE loss: 4.4779e-03 | time: 0.039
I 06.07/22:05:34 solver.py:159 ] Epoch: [44/200][40/282] lr: 4.82e-04 | MSE loss: 5.3350e-03 | time: 0.038
I 06.07/22:05:35 solver.py:159 ] Epoch: [44/200][60/282] lr: 4.82e-04 | MSE loss: 4.9054e-03 | time: 0.037
I 06.07/22:05:36 solver.py:159 ] Epoch: [44/200][80/282] lr: 4.82e-04 | MSE loss: 4.8530e-03 | time: 0.037
I 06.07/22:05:37 solver.py:159 ] Epoch: [44/200][100/282] lr: 4.82e-04 | MSE loss: 5.0053e-03 | time: 0.039
I 06.07/22:05:37 solver.py:159 ] Epoch: [44/200][120/282] lr: 4.81e-04 | MSE loss: 5.0127e-03 | time: 0.038
I 06.07/22:05:38 solver.py:159 ] Epoch: [44/200][140/282] lr: 4.81e-04 | MSE loss: 5.2157e-03 | time: 0.039
I 06.07/22:05:39 solver.py:159 ] Epoch: [44/200][160/282] lr: 4.81e-04 | MSE loss: 5.2679e-03 | time: 0.038
I 06.07/22:05:40 solver.py:159 ] Epoch: [44/200][180/282] lr: 4.81e-04 | MSE loss: 5.2504e-03 | time: 0.039
I 06.07/22:05:40 solver.py:159 ] Epoch: [44/200][200/282] lr: 4.81e-04 | MSE loss: 5.3762e-03 | time: 0.038
I 06.07/22:05:41 solver.py:159 ] Epoch: [44/200][220/282] lr: 4.81e-04 | MSE loss: 5.4282e-03 | time: 0.038
I 06.07/22:05:42 solver.py:159 ] Epoch: [44/200][240/282] lr: 4.81e-04 | MSE loss: 5.4489e-03 | time: 0.039
I 06.07/22:05:43 solver.py:159 ] Epoch: [44/200][260/282] lr: 4.81e-04 | MSE loss: 5.5510e-03 | time: 0.039
I 06.07/22:05:44 solver.py:159 ] Epoch: [44/200][280/282] lr: 4.81e-04 | MSE loss: 5.4953e-03 | time: 0.039
I 06.07/22:05:44 solver.py:169 ] => Train  Loss: 5.4662e-03

I 06.07/22:05:44 solver.py:405 ] [20/32] loss: 6.5762e-03 | NMSE: -1.8572e+01 | time: 0.030
I 06.07/22:05:45 solver.py:413 ] => Test NMSE: -1.9384e+01

I 06.07/22:05:45 solver.py:345 ] => LoRA monitor [epoch=44] | trainable=67584/67584 | non_lora_trainable=0 | lora_l2=1.043062e+01 | lora_A_l2=8.972122e+00 | lora_B_l2=5.319665e+00 | component_l2=encoder:1.043062e+01 | lora_abs_max=5.285825e-01 | delta_l2=1.035351e+01 | delta_rel=3.154933e+00 | train_loss=5.466233e-03 | test_loss=5.762494e-03 | nmse=-1.938360e+01
I 06.07/22:05:45 solver.py:224 ] 
=! Best NMSE: -1.9384e+01 (epoch=44)

I 06.07/22:05:46 solver.py:159 ] Epoch: [45/200][20/282] lr: 4.80e-04 | MSE loss: 5.0703e-03 | time: 0.042
I 06.07/22:05:47 solver.py:159 ] Epoch: [45/200][40/282] lr: 4.80e-04 | MSE loss: 5.6145e-03 | time: 0.040
I 06.07/22:05:47 solver.py:159 ] Epoch: [45/200][60/282] lr: 4.80e-04 | MSE loss: 5.9430e-03 | time: 0.041
I 06.07/22:05:48 solver.py:159 ] Epoch: [45/200][80/282] lr: 4.80e-04 | MSE loss: 5.7599e-03 | time: 0.040
I 06.07/22:05:49 solver.py:159 ] Epoch: [45/200][100/282] lr: 4.80e-04 | MSE loss: 5.7386e-03 | time: 0.040
I 06.07/22:05:50 solver.py:159 ] Epoch: [45/200][120/282] lr: 4.80e-04 | MSE loss: 5.4793e-03 | time: 0.039
I 06.07/22:05:50 solver.py:159 ] Epoch: [45/200][140/282] lr: 4.80e-04 | MSE loss: 5.3865e-03 | time: 0.039
I 06.07/22:05:51 solver.py:159 ] Epoch: [45/200][160/282] lr: 4.80e-04 | MSE loss: 5.2443e-03 | time: 0.039
I 06.07/22:05:52 solver.py:159 ] Epoch: [45/200][180/282] lr: 4.80e-04 | MSE loss: 5.3159e-03 | time: 0.039
I 06.07/22:05:53 solver.py:159 ] Epoch: [45/200][200/282] lr: 4.79e-04 | MSE loss: 5.3017e-03 | time: 0.039
I 06.07/22:05:53 solver.py:159 ] Epoch: [45/200][220/282] lr: 4.79e-04 | MSE loss: 5.3315e-03 | time: 0.039
I 06.07/22:05:54 solver.py:159 ] Epoch: [45/200][240/282] lr: 4.79e-04 | MSE loss: 5.3019e-03 | time: 0.038
I 06.07/22:05:55 solver.py:159 ] Epoch: [45/200][260/282] lr: 4.79e-04 | MSE loss: 5.4313e-03 | time: 0.039
I 06.07/22:05:56 solver.py:159 ] Epoch: [45/200][280/282] lr: 4.79e-04 | MSE loss: 5.4962e-03 | time: 0.039
I 06.07/22:05:56 solver.py:169 ] => Train  Loss: 5.4681e-03

I 06.07/22:05:56 solver.py:405 ] [20/32] loss: 6.6065e-03 | NMSE: -1.8564e+01 | time: 0.030
I 06.07/22:05:57 solver.py:413 ] => Test NMSE: -1.9364e+01

I 06.07/22:05:57 solver.py:345 ] => LoRA monitor [epoch=45] | trainable=67584/67584 | non_lora_trainable=0 | lora_l2=1.054390e+01 | lora_A_l2=9.047984e+00 | lora_B_l2=5.413668e+00 | component_l2=encoder:1.054390e+01 | lora_abs_max=5.350884e-01 | delta_l2=1.047112e+01 | delta_rel=3.190771e+00 | train_loss=5.468089e-03 | test_loss=5.788651e-03 | nmse=-1.936393e+01
I 06.07/22:05:57 solver.py:224 ] 
=! Best NMSE: -1.9384e+01 (epoch=44)

I 06.07/22:05:58 solver.py:159 ] Epoch: [46/200][20/282] lr: 4.79e-04 | MSE loss: 5.3816e-03 | time: 0.040
I 06.07/22:05:58 solver.py:159 ] Epoch: [46/200][40/282] lr: 4.79e-04 | MSE loss: 5.5758e-03 | time: 0.040
I 06.07/22:05:59 solver.py:159 ] Epoch: [46/200][60/282] lr: 4.79e-04 | MSE loss: 5.0475e-03 | time: 0.040
I 06.07/22:06:00 solver.py:159 ] Epoch: [46/200][80/282] lr: 4.78e-04 | MSE loss: 5.4045e-03 | time: 0.041
I 06.07/22:06:01 solver.py:159 ] Epoch: [46/200][100/282] lr: 4.78e-04 | MSE loss: 5.6474e-03 | time: 0.044
I 06.07/22:06:03 solver.py:159 ] Epoch: [46/200][120/282] lr: 4.78e-04 | MSE loss: 5.7466e-03 | time: 0.050
I 06.07/22:06:04 solver.py:159 ] Epoch: [46/200][140/282] lr: 4.78e-04 | MSE loss: 5.6801e-03 | time: 0.055
I 06.07/22:06:05 solver.py:159 ] Epoch: [46/200][160/282] lr: 4.78e-04 | MSE loss: 5.5330e-03 | time: 0.053
I 06.07/22:06:06 solver.py:159 ] Epoch: [46/200][180/282] lr: 4.78e-04 | MSE loss: 5.4096e-03 | time: 0.052
I 06.07/22:06:07 solver.py:159 ] Epoch: [46/200][200/282] lr: 4.78e-04 | MSE loss: 5.3550e-03 | time: 0.050
I 06.07/22:06:08 solver.py:159 ] Epoch: [46/200][220/282] lr: 4.78e-04 | MSE loss: 5.3216e-03 | time: 0.049
I 06.07/22:06:08 solver.py:159 ] Epoch: [46/200][240/282] lr: 4.77e-04 | MSE loss: 5.3423e-03 | time: 0.048
I 06.07/22:06:09 solver.py:159 ] Epoch: [46/200][260/282] lr: 4.77e-04 | MSE loss: 5.3931e-03 | time: 0.047
I 06.07/22:06:10 solver.py:159 ] Epoch: [46/200][280/282] lr: 4.77e-04 | MSE loss: 5.4774e-03 | time: 0.046
I 06.07/22:06:10 solver.py:169 ] => Train  Loss: 5.5073e-03

I 06.07/22:06:10 solver.py:405 ] [20/32] loss: 6.6128e-03 | NMSE: -1.8545e+01 | time: 0.031
I 06.07/22:06:11 solver.py:413 ] => Test NMSE: -1.9357e+01

I 06.07/22:06:11 solver.py:345 ] => LoRA monitor [epoch=46] | trainable=67584/67584 | non_lora_trainable=0 | lora_l2=1.065745e+01 | lora_A_l2=9.127894e+00 | lora_B_l2=5.501153e+00 | component_l2=encoder:1.065745e+01 | lora_abs_max=5.456974e-01 | delta_l2=1.058957e+01 | delta_rel=3.226865e+00 | train_loss=5.507318e-03 | test_loss=5.798247e-03 | nmse=-1.935673e+01
I 06.07/22:06:11 solver.py:224 ] 
=! Best NMSE: -1.9384e+01 (epoch=44)

I 06.07/22:06:12 solver.py:159 ] Epoch: [47/200][20/282] lr: 4.77e-04 | MSE loss: 5.5161e-03 | time: 0.039
I 06.07/22:06:12 solver.py:159 ] Epoch: [47/200][40/282] lr: 4.77e-04 | MSE loss: 4.8634e-03 | time: 0.038
I 06.07/22:06:13 solver.py:159 ] Epoch: [47/200][60/282] lr: 4.77e-04 | MSE loss: 5.0846e-03 | time: 0.038
I 06.07/22:06:14 solver.py:159 ] Epoch: [47/200][80/282] lr: 4.77e-04 | MSE loss: 5.0214e-03 | time: 0.038
I 06.07/22:06:15 solver.py:159 ] Epoch: [47/200][100/282] lr: 4.77e-04 | MSE loss: 5.2706e-03 | time: 0.037
I 06.07/22:06:15 solver.py:159 ] Epoch: [47/200][120/282] lr: 4.76e-04 | MSE loss: 5.4382e-03 | time: 0.037
I 06.07/22:06:16 solver.py:159 ] Epoch: [47/200][140/282] lr: 4.76e-04 | MSE loss: 5.5475e-03 | time: 0.037
I 06.07/22:06:17 solver.py:159 ] Epoch: [47/200][160/282] lr: 4.76e-04 | MSE loss: 5.6348e-03 | time: 0.037
I 06.07/22:06:18 solver.py:159 ] Epoch: [47/200][180/282] lr: 4.76e-04 | MSE loss: 5.6217e-03 | time: 0.037
I 06.07/22:06:18 solver.py:159 ] Epoch: [47/200][200/282] lr: 4.76e-04 | MSE loss: 5.5441e-03 | time: 0.037
I 06.07/22:06:19 solver.py:159 ] Epoch: [47/200][220/282] lr: 4.76e-04 | MSE loss: 5.5281e-03 | time: 0.037
I 06.07/22:06:20 solver.py:159 ] Epoch: [47/200][240/282] lr: 4.76e-04 | MSE loss: 5.5035e-03 | time: 0.038
I 06.07/22:06:21 solver.py:159 ] Epoch: [47/200][260/282] lr: 4.76e-04 | MSE loss: 5.5075e-03 | time: 0.038
I 06.07/22:06:21 solver.py:159 ] Epoch: [47/200][280/282] lr: 4.75e-04 | MSE loss: 5.4877e-03 | time: 0.038
I 06.07/22:06:21 solver.py:169 ] => Train  Loss: 5.4981e-03

I 06.07/22:06:22 solver.py:405 ] [20/32] loss: 6.5516e-03 | NMSE: -1.8592e+01 | time: 0.031
I 06.07/22:06:22 solver.py:413 ] => Test NMSE: -1.9403e+01

I 06.07/22:06:22 solver.py:345 ] => LoRA monitor [epoch=47] | trainable=67584/67584 | non_lora_trainable=0 | lora_l2=1.076333e+01 | lora_A_l2=9.200782e+00 | lora_B_l2=5.585235e+00 | component_l2=encoder:1.076333e+01 | lora_abs_max=5.520936e-01 | delta_l2=1.070048e+01 | delta_rel=3.260662e+00 | train_loss=5.498072e-03 | test_loss=5.736153e-03 | nmse=-1.940349e+01
I 06.07/22:06:23 solver.py:224 ] 
=! Best NMSE: -1.9403e+01 (epoch=47)

I 06.07/22:06:23 solver.py:159 ] Epoch: [48/200][20/282] lr: 4.75e-04 | MSE loss: 5.1285e-03 | time: 0.038
I 06.07/22:06:24 solver.py:159 ] Epoch: [48/200][40/282] lr: 4.75e-04 | MSE loss: 5.8641e-03 | time: 0.038
I 06.07/22:06:25 solver.py:159 ] Epoch: [48/200][60/282] lr: 4.75e-04 | MSE loss: 5.8264e-03 | time: 0.038
I 06.07/22:06:26 solver.py:159 ] Epoch: [48/200][80/282] lr: 4.75e-04 | MSE loss: 5.9230e-03 | time: 0.038
I 06.07/22:06:26 solver.py:159 ] Epoch: [48/200][100/282] lr: 4.75e-04 | MSE loss: 5.8259e-03 | time: 0.038
I 06.07/22:06:27 solver.py:159 ] Epoch: [48/200][120/282] lr: 4.75e-04 | MSE loss: 5.8375e-03 | time: 0.038
I 06.07/22:06:28 solver.py:159 ] Epoch: [48/200][140/282] lr: 4.75e-04 | MSE loss: 5.8206e-03 | time: 0.038
I 06.07/22:06:29 solver.py:159 ] Epoch: [48/200][160/282] lr: 4.74e-04 | MSE loss: 5.7086e-03 | time: 0.038
I 06.07/22:06:30 solver.py:159 ] Epoch: [48/200][180/282] lr: 4.74e-04 | MSE loss: 5.5777e-03 | time: 0.038
I 06.07/22:06:30 solver.py:159 ] Epoch: [48/200][200/282] lr: 4.74e-04 | MSE loss: 5.5559e-03 | time: 0.038
I 06.07/22:06:31 solver.py:159 ] Epoch: [48/200][220/282] lr: 4.74e-04 | MSE loss: 5.5364e-03 | time: 0.038
I 06.07/22:06:32 solver.py:159 ] Epoch: [48/200][240/282] lr: 4.74e-04 | MSE loss: 5.6037e-03 | time: 0.038
I 06.07/22:06:33 solver.py:159 ] Epoch: [48/200][260/282] lr: 4.74e-04 | MSE loss: 5.5444e-03 | time: 0.038
I 06.07/22:06:33 solver.py:159 ] Epoch: [48/200][280/282] lr: 4.74e-04 | MSE loss: 5.4594e-03 | time: 0.038
I 06.07/22:06:33 solver.py:169 ] => Train  Loss: 5.4469e-03

I 06.07/22:06:34 solver.py:405 ] [20/32] loss: 6.5486e-03 | NMSE: -1.8592e+01 | time: 0.031
I 06.07/22:06:34 solver.py:413 ] => Test NMSE: -1.9406e+01

I 06.07/22:06:34 solver.py:345 ] => LoRA monitor [epoch=48] | trainable=67584/67584 | non_lora_trainable=0 | lora_l2=1.087261e+01 | lora_A_l2=9.278363e+00 | lora_B_l2=5.667943e+00 | component_l2=encoder:1.087261e+01 | lora_abs_max=5.582442e-01 | delta_l2=1.081302e+01 | delta_rel=3.294954e+00 | train_loss=5.446854e-03 | test_loss=5.733082e-03 | nmse=-1.940582e+01
I 06.07/22:06:35 solver.py:224 ] 
=! Best NMSE: -1.9406e+01 (epoch=48)

I 06.07/22:06:35 solver.py:159 ] Epoch: [49/200][20/282] lr: 4.74e-04 | MSE loss: 5.2492e-03 | time: 0.041
I 06.07/22:06:36 solver.py:159 ] Epoch: [49/200][40/282] lr: 4.73e-04 | MSE loss: 5.3181e-03 | time: 0.038
I 06.07/22:06:37 solver.py:159 ] Epoch: [49/200][60/282] lr: 4.73e-04 | MSE loss: 5.5875e-03 | time: 0.038
I 06.07/22:06:38 solver.py:159 ] Epoch: [49/200][80/282] lr: 4.73e-04 | MSE loss: 5.6483e-03 | time: 0.038
I 06.07/22:06:38 solver.py:159 ] Epoch: [49/200][100/282] lr: 4.73e-04 | MSE loss: 5.7278e-03 | time: 0.038
I 06.07/22:06:39 solver.py:159 ] Epoch: [49/200][120/282] lr: 4.73e-04 | MSE loss: 5.6675e-03 | time: 0.038
I 06.07/22:06:40 solver.py:159 ] Epoch: [49/200][140/282] lr: 4.73e-04 | MSE loss: 5.4907e-03 | time: 0.039
I 06.07/22:06:41 solver.py:159 ] Epoch: [49/200][160/282] lr: 4.73e-04 | MSE loss: 5.8362e-03 | time: 0.039
I 06.07/22:06:42 solver.py:159 ] Epoch: [49/200][180/282] lr: 4.72e-04 | MSE loss: 5.8229e-03 | time: 0.039
I 06.07/22:06:42 solver.py:159 ] Epoch: [49/200][200/282] lr: 4.72e-04 | MSE loss: 5.6248e-03 | time: 0.039
I 06.07/22:06:43 solver.py:159 ] Epoch: [49/200][220/282] lr: 4.72e-04 | MSE loss: 5.5607e-03 | time: 0.039
I 06.07/22:06:44 solver.py:159 ] Epoch: [49/200][240/282] lr: 4.72e-04 | MSE loss: 5.5169e-03 | time: 0.039
I 06.07/22:06:45 solver.py:159 ] Epoch: [49/200][260/282] lr: 4.72e-04 | MSE loss: 5.4512e-03 | time: 0.039
I 06.07/22:06:46 solver.py:159 ] Epoch: [49/200][280/282] lr: 4.72e-04 | MSE loss: 5.4498e-03 | time: 0.039
I 06.07/22:06:46 solver.py:169 ] => Train  Loss: 5.4589e-03

I 06.07/22:06:46 solver.py:405 ] [20/32] loss: 6.5939e-03 | NMSE: -1.8565e+01 | time: 0.034
I 06.07/22:06:47 solver.py:413 ] => Test NMSE: -1.9370e+01

I 06.07/22:06:47 solver.py:345 ] => LoRA monitor [epoch=49] | trainable=67584/67584 | non_lora_trainable=0 | lora_l2=1.097420e+01 | lora_A_l2=9.346985e+00 | lora_B_l2=5.750390e+00 | component_l2=encoder:1.097420e+01 | lora_abs_max=5.637150e-01 | delta_l2=1.091830e+01 | delta_rel=3.327037e+00 | train_loss=5.458912e-03 | test_loss=5.780288e-03 | nmse=-1.937021e+01
I 06.07/22:06:47 solver.py:224 ] 
=! Best NMSE: -1.9406e+01 (epoch=48)

I 06.07/22:06:47 solver.py:159 ] Epoch: [50/200][20/282] lr: 4.72e-04 | MSE loss: 5.1453e-03 | time: 0.038
I 06.07/22:06:48 solver.py:159 ] Epoch: [50/200][40/282] lr: 4.72e-04 | MSE loss: 5.6366e-03 | time: 0.036
I 06.07/22:06:49 solver.py:159 ] Epoch: [50/200][60/282] lr: 4.71e-04 | MSE loss: 5.4713e-03 | time: 0.036
I 06.07/22:06:50 solver.py:159 ] Epoch: [50/200][80/282] lr: 4.71e-04 | MSE loss: 5.3684e-03 | time: 0.036
I 06.07/22:06:50 solver.py:159 ] Epoch: [50/200][100/282] lr: 4.71e-04 | MSE loss: 5.5045e-03 | time: 0.036
I 06.07/22:06:51 solver.py:159 ] Epoch: [50/200][120/282] lr: 4.71e-04 | MSE loss: 5.4561e-03 | time: 0.036
I 06.07/22:06:52 solver.py:159 ] Epoch: [50/200][140/282] lr: 4.71e-04 | MSE loss: 5.6219e-03 | time: 0.037
I 06.07/22:06:53 solver.py:159 ] Epoch: [50/200][160/282] lr: 4.71e-04 | MSE loss: 5.5884e-03 | time: 0.037
I 06.07/22:06:53 solver.py:159 ] Epoch: [50/200][180/282] lr: 4.71e-04 | MSE loss: 5.5404e-03 | time: 0.038
I 06.07/22:06:54 solver.py:159 ] Epoch: [50/200][200/282] lr: 4.70e-04 | MSE loss: 5.5094e-03 | time: 0.038
I 06.07/22:06:55 solver.py:159 ] Epoch: [50/200][220/282] lr: 4.70e-04 | MSE loss: 5.6023e-03 | time: 0.038
I 06.07/22:06:56 solver.py:159 ] Epoch: [50/200][240/282] lr: 4.70e-04 | MSE loss: 5.5462e-03 | time: 0.038
I 06.07/22:06:57 solver.py:159 ] Epoch: [50/200][260/282] lr: 4.70e-04 | MSE loss: 5.5492e-03 | time: 0.038
I 06.07/22:06:57 solver.py:159 ] Epoch: [50/200][280/282] lr: 4.70e-04 | MSE loss: 5.4820e-03 | time: 0.038
I 06.07/22:06:57 solver.py:169 ] => Train  Loss: 5.4496e-03

I 06.07/22:06:58 solver.py:159 ] Epoch: [50/200][20/32] lr: 4.70e-04 | MSE loss: 6.5919e-03 | time: 0.029
I 06.07/22:06:58 solver.py:169 ] => Val  Loss: 5.6767e-03

I 06.07/22:06:59 solver.py:405 ] [20/32] loss: 6.5919e-03 | NMSE: -1.8556e+01 | time: 0.032
I 06.07/22:06:59 solver.py:413 ] => Test NMSE: -1.9378e+01

I 06.07/22:06:59 solver.py:345 ] => LoRA monitor [epoch=50] | trainable=67584/67584 | non_lora_trainable=0 | lora_l2=1.107688e+01 | lora_A_l2=9.420523e+00 | lora_B_l2=5.826745e+00 | component_l2=encoder:1.107688e+01 | lora_abs_max=5.723904e-01 | delta_l2=1.102515e+01 | delta_rel=3.359597e+00 | train_loss=5.449563e-03 | val_loss=5.676681e-03 | test_loss=5.769695e-03 | nmse=-1.937817e+01
I 06.07/22:06:59 solver.py:224 ] 
=! Best NMSE: -1.9406e+01 (epoch=48)

I 06.07/22:07:01 solver.py:159 ] Epoch: [51/200][20/282] lr: 4.70e-04 | MSE loss: 4.9479e-03 | time: 0.056
I 06.07/22:07:02 solver.py:159 ] Epoch: [51/200][40/282] lr: 4.70e-04 | MSE loss: 5.3644e-03 | time: 0.071
I 06.07/22:07:04 solver.py:159 ] Epoch: [51/200][60/282] lr: 4.69e-04 | MSE loss: 5.8278e-03 | time: 0.078
I 06.07/22:07:05 solver.py:159 ] Epoch: [51/200][80/282] lr: 4.69e-04 | MSE loss: 5.4432e-03 | time: 0.069
I 06.07/22:07:06 solver.py:159 ] Epoch: [51/200][100/282] lr: 4.69e-04 | MSE loss: 5.3841e-03 | time: 0.063
I 06.07/22:07:06 solver.py:159 ] Epoch: [51/200][120/282] lr: 4.69e-04 | MSE loss: 5.2646e-03 | time: 0.059
I 06.07/22:07:07 solver.py:159 ] Epoch: [51/200][140/282] lr: 4.69e-04 | MSE loss: 5.2707e-03 | time: 0.056
I 06.07/22:07:08 solver.py:159 ] Epoch: [51/200][160/282] lr: 4.69e-04 | MSE loss: 5.3876e-03 | time: 0.053
I 06.07/22:07:09 solver.py:159 ] Epoch: [51/200][180/282] lr: 4.69e-04 | MSE loss: 5.3932e-03 | time: 0.052
I 06.07/22:07:09 solver.py:159 ] Epoch: [51/200][200/282] lr: 4.68e-04 | MSE loss: 5.4707e-03 | time: 0.050
I 06.07/22:07:10 solver.py:159 ] Epoch: [51/200][220/282] lr: 4.68e-04 | MSE loss: 5.5847e-03 | time: 0.049
I 06.07/22:07:11 solver.py:159 ] Epoch: [51/200][240/282] lr: 4.68e-04 | MSE loss: 5.5072e-03 | time: 0.048
I 06.07/22:07:12 solver.py:159 ] Epoch: [51/200][260/282] lr: 4.68e-04 | MSE loss: 5.5484e-03 | time: 0.048
I 06.07/22:07:12 solver.py:159 ] Epoch: [51/200][280/282] lr: 4.68e-04 | MSE loss: 5.4714e-03 | time: 0.047
I 06.07/22:07:13 solver.py:169 ] => Train  Loss: 5.4716e-03

I 06.07/22:07:13 solver.py:405 ] [20/32] loss: 6.6117e-03 | NMSE: -1.8554e+01 | time: 0.036
I 06.07/22:07:14 solver.py:413 ] => Test NMSE: -1.9368e+01

I 06.07/22:07:14 solver.py:345 ] => LoRA monitor [epoch=51] | trainable=67584/67584 | non_lora_trainable=0 | lora_l2=1.118133e+01 | lora_A_l2=9.492468e+00 | lora_B_l2=5.908917e+00 | component_l2=encoder:1.118133e+01 | lora_abs_max=5.766430e-01 | delta_l2=1.113295e+01 | delta_rel=3.392446e+00 | train_loss=5.471626e-03 | test_loss=5.783695e-03 | nmse=-1.936765e+01
I 06.07/22:07:14 solver.py:224 ] 
=! Best NMSE: -1.9406e+01 (epoch=48)

I 06.07/22:07:14 solver.py:159 ] Epoch: [52/200][20/282] lr: 4.68e-04 | MSE loss: 5.3072e-03 | time: 0.039
I 06.07/22:07:15 solver.py:159 ] Epoch: [52/200][40/282] lr: 4.68e-04 | MSE loss: 4.9339e-03 | time: 0.040
I 06.07/22:07:16 solver.py:159 ] Epoch: [52/200][60/282] lr: 4.67e-04 | MSE loss: 5.2932e-03 | time: 0.039
I 06.07/22:07:17 solver.py:159 ] Epoch: [52/200][80/282] lr: 4.67e-04 | MSE loss: 5.5991e-03 | time: 0.039
I 06.07/22:07:18 solver.py:159 ] Epoch: [52/200][100/282] lr: 4.67e-04 | MSE loss: 5.4756e-03 | time: 0.040
I 06.07/22:07:19 solver.py:159 ] Epoch: [52/200][120/282] lr: 4.67e-04 | MSE loss: 5.4658e-03 | time: 0.040
I 06.07/22:07:19 solver.py:159 ] Epoch: [52/200][140/282] lr: 4.67e-04 | MSE loss: 5.5157e-03 | time: 0.040
I 06.07/22:07:20 solver.py:159 ] Epoch: [52/200][160/282] lr: 4.67e-04 | MSE loss: 5.4733e-03 | time: 0.040
I 06.07/22:07:21 solver.py:159 ] Epoch: [52/200][180/282] lr: 4.67e-04 | MSE loss: 5.5153e-03 | time: 0.039
I 06.07/22:07:22 solver.py:159 ] Epoch: [52/200][200/282] lr: 4.66e-04 | MSE loss: 5.5342e-03 | time: 0.039
I 06.07/22:07:22 solver.py:159 ] Epoch: [52/200][220/282] lr: 4.66e-04 | MSE loss: 5.4698e-03 | time: 0.039
I 06.07/22:07:23 solver.py:159 ] Epoch: [52/200][240/282] lr: 4.66e-04 | MSE loss: 5.5201e-03 | time: 0.039
I 06.07/22:07:24 solver.py:159 ] Epoch: [52/200][260/282] lr: 4.66e-04 | MSE loss: 5.5043e-03 | time: 0.039
I 06.07/22:07:25 solver.py:159 ] Epoch: [52/200][280/282] lr: 4.66e-04 | MSE loss: 5.4428e-03 | time: 0.039
I 06.07/22:07:25 solver.py:169 ] => Train  Loss: 5.4855e-03

I 06.07/22:07:25 solver.py:405 ] [20/32] loss: 6.5675e-03 | NMSE: -1.8579e+01 | time: 0.032
I 06.07/22:07:26 solver.py:413 ] => Test NMSE: -1.9389e+01

I 06.07/22:07:26 solver.py:345 ] => LoRA monitor [epoch=52] | trainable=67584/67584 | non_lora_trainable=0 | lora_l2=1.128155e+01 | lora_A_l2=9.561994e+00 | lora_B_l2=5.986782e+00 | component_l2=encoder:1.128155e+01 | lora_abs_max=5.810868e-01 | delta_l2=1.123626e+01 | delta_rel=3.423926e+00 | train_loss=5.485538e-03 | test_loss=5.754991e-03 | nmse=-1.938925e+01
I 06.07/22:07:26 solver.py:224 ] 
=! Best NMSE: -1.9406e+01 (epoch=48)

I 06.07/22:07:26 solver.py:159 ] Epoch: [53/200][20/282] lr: 4.66e-04 | MSE loss: 4.6573e-03 | time: 0.038
I 06.07/22:07:27 solver.py:159 ] Epoch: [53/200][40/282] lr: 4.66e-04 | MSE loss: 4.5922e-03 | time: 0.040
I 06.07/22:07:28 solver.py:159 ] Epoch: [53/200][60/282] lr: 4.65e-04 | MSE loss: 5.2231e-03 | time: 0.039
I 06.07/22:07:29 solver.py:159 ] Epoch: [53/200][80/282] lr: 4.65e-04 | MSE loss: 5.1758e-03 | time: 0.039
I 06.07/22:07:30 solver.py:159 ] Epoch: [53/200][100/282] lr: 4.65e-04 | MSE loss: 5.3964e-03 | time: 0.039
I 06.07/22:07:30 solver.py:159 ] Epoch: [53/200][120/282] lr: 4.65e-04 | MSE loss: 5.3639e-03 | time: 0.038
I 06.07/22:07:31 solver.py:159 ] Epoch: [53/200][140/282] lr: 4.65e-04 | MSE loss: 5.5800e-03 | time: 0.039
I 06.07/22:07:32 solver.py:159 ] Epoch: [53/200][160/282] lr: 4.65e-04 | MSE loss: 5.4456e-03 | time: 0.039
I 06.07/22:07:33 solver.py:159 ] Epoch: [53/200][180/282] lr: 4.64e-04 | MSE loss: 5.3368e-03 | time: 0.039
I 06.07/22:07:33 solver.py:159 ] Epoch: [53/200][200/282] lr: 4.64e-04 | MSE loss: 5.3662e-03 | time: 0.039
I 06.07/22:07:34 solver.py:159 ] Epoch: [53/200][220/282] lr: 4.64e-04 | MSE loss: 5.3192e-03 | time: 0.039
I 06.07/22:07:35 solver.py:159 ] Epoch: [53/200][240/282] lr: 4.64e-04 | MSE loss: 5.2793e-03 | time: 0.038
I 06.07/22:07:36 solver.py:159 ] Epoch: [53/200][260/282] lr: 4.64e-04 | MSE loss: 5.3821e-03 | time: 0.038
I 06.07/22:07:37 solver.py:159 ] Epoch: [53/200][280/282] lr: 4.64e-04 | MSE loss: 5.4533e-03 | time: 0.039
I 06.07/22:07:37 solver.py:169 ] => Train  Loss: 5.4409e-03

I 06.07/22:07:37 solver.py:405 ] [20/32] loss: 6.6030e-03 | NMSE: -1.8551e+01 | time: 0.032
I 06.07/22:07:38 solver.py:413 ] => Test NMSE: -1.9357e+01

I 06.07/22:07:38 solver.py:345 ] => LoRA monitor [epoch=53] | trainable=67584/67584 | non_lora_trainable=0 | lora_l2=1.138307e+01 | lora_A_l2=9.634143e+00 | lora_B_l2=6.062807e+00 | component_l2=encoder:1.138307e+01 | lora_abs_max=5.885724e-01 | delta_l2=1.134065e+01 | delta_rel=3.455736e+00 | train_loss=5.440899e-03 | test_loss=5.797666e-03 | nmse=-1.935717e+01
I 06.07/22:07:38 solver.py:224 ] 
=! Best NMSE: -1.9406e+01 (epoch=48)

I 06.07/22:07:39 solver.py:159 ] Epoch: [54/200][20/282] lr: 4.64e-04 | MSE loss: 4.4295e-03 | time: 0.048
I 06.07/22:07:39 solver.py:159 ] Epoch: [54/200][40/282] lr: 4.63e-04 | MSE loss: 5.5965e-03 | time: 0.043
I 06.07/22:07:40 solver.py:159 ] Epoch: [54/200][60/282] lr: 4.63e-04 | MSE loss: 6.0403e-03 | time: 0.044
I 06.07/22:07:41 solver.py:159 ] Epoch: [54/200][80/282] lr: 4.63e-04 | MSE loss: 5.8624e-03 | time: 0.045
I 06.07/22:07:42 solver.py:159 ] Epoch: [54/200][100/282] lr: 4.63e-04 | MSE loss: 5.6350e-03 | time: 0.045
I 06.07/22:07:43 solver.py:159 ] Epoch: [54/200][120/282] lr: 4.63e-04 | MSE loss: 5.6345e-03 | time: 0.044
I 06.07/22:07:44 solver.py:159 ] Epoch: [54/200][140/282] lr: 4.63e-04 | MSE loss: 5.5726e-03 | time: 0.044
I 06.07/22:07:45 solver.py:159 ] Epoch: [54/200][160/282] lr: 4.62e-04 | MSE loss: 5.5178e-03 | time: 0.044
I 06.07/22:07:46 solver.py:159 ] Epoch: [54/200][180/282] lr: 4.62e-04 | MSE loss: 5.4107e-03 | time: 0.044
I 06.07/22:07:47 solver.py:159 ] Epoch: [54/200][200/282] lr: 4.62e-04 | MSE loss: 5.4124e-03 | time: 0.045
I 06.07/22:07:48 solver.py:159 ] Epoch: [54/200][220/282] lr: 4.62e-04 | MSE loss: 5.4812e-03 | time: 0.045
I 06.07/22:07:49 solver.py:159 ] Epoch: [54/200][240/282] lr: 4.62e-04 | MSE loss: 5.4925e-03 | time: 0.046
I 06.07/22:07:50 solver.py:159 ] Epoch: [54/200][260/282] lr: 4.62e-04 | MSE loss: 5.5628e-03 | time: 0.046
I 06.07/22:07:50 solver.py:159 ] Epoch: [54/200][280/282] lr: 4.62e-04 | MSE loss: 5.4679e-03 | time: 0.046
I 06.07/22:07:51 solver.py:169 ] => Train  Loss: 5.4399e-03

I 06.07/22:07:51 solver.py:405 ] [20/32] loss: 6.5664e-03 | NMSE: -1.8580e+01 | time: 0.039
I 06.07/22:07:52 solver.py:413 ] => Test NMSE: -1.9391e+01

I 06.07/22:07:52 solver.py:345 ] => LoRA monitor [epoch=54] | trainable=67584/67584 | non_lora_trainable=0 | lora_l2=1.147785e+01 | lora_A_l2=9.700197e+00 | lora_B_l2=6.135729e+00 | component_l2=encoder:1.147785e+01 | lora_abs_max=5.916821e-01 | delta_l2=1.143859e+01 | delta_rel=3.485579e+00 | train_loss=5.439919e-03 | test_loss=5.752745e-03 | nmse=-1.939095e+01
I 06.07/22:07:52 solver.py:224 ] 
=! Best NMSE: -1.9406e+01 (epoch=48)

I 06.07/22:07:53 solver.py:159 ] Epoch: [55/200][20/282] lr: 4.61e-04 | MSE loss: 5.0255e-03 | time: 0.046
I 06.07/22:07:54 solver.py:159 ] Epoch: [55/200][40/282] lr: 4.61e-04 | MSE loss: 5.1807e-03 | time: 0.048
I 06.07/22:07:55 solver.py:159 ] Epoch: [55/200][60/282] lr: 4.61e-04 | MSE loss: 5.8795e-03 | time: 0.048
I 06.07/22:07:56 solver.py:159 ] Epoch: [55/200][80/282] lr: 4.61e-04 | MSE loss: 5.3782e-03 | time: 0.047
I 06.07/22:07:56 solver.py:159 ] Epoch: [55/200][100/282] lr: 4.61e-04 | MSE loss: 5.2829e-03 | time: 0.047
I 06.07/22:07:57 solver.py:159 ] Epoch: [55/200][120/282] lr: 4.61e-04 | MSE loss: 5.3642e-03 | time: 0.046
I 06.07/22:07:58 solver.py:159 ] Epoch: [55/200][140/282] lr: 4.60e-04 | MSE loss: 5.4037e-03 | time: 0.046
I 06.07/22:07:59 solver.py:159 ] Epoch: [55/200][160/282] lr: 4.60e-04 | MSE loss: 5.2675e-03 | time: 0.046
I 06.07/22:08:00 solver.py:159 ] Epoch: [55/200][180/282] lr: 4.60e-04 | MSE loss: 5.3004e-03 | time: 0.047
I 06.07/22:08:02 solver.py:159 ] Epoch: [55/200][200/282] lr: 4.60e-04 | MSE loss: 5.4207e-03 | time: 0.051
I 06.07/22:08:04 solver.py:159 ] Epoch: [55/200][220/282] lr: 4.60e-04 | MSE loss: 5.4854e-03 | time: 0.055
I 06.07/22:08:05 solver.py:159 ] Epoch: [55/200][240/282] lr: 4.60e-04 | MSE loss: 5.4532e-03 | time: 0.055
I 06.07/22:08:06 solver.py:159 ] Epoch: [55/200][260/282] lr: 4.59e-04 | MSE loss: 5.4616e-03 | time: 0.054
I 06.07/22:08:07 solver.py:159 ] Epoch: [55/200][280/282] lr: 4.59e-04 | MSE loss: 5.4396e-03 | time: 0.054
I 06.07/22:08:07 solver.py:169 ] => Train  Loss: 5.4587e-03

I 06.07/22:08:08 solver.py:405 ] [20/32] loss: 6.5613e-03 | NMSE: -1.8587e+01 | time: 0.038
I 06.07/22:08:08 solver.py:413 ] => Test NMSE: -1.9399e+01

I 06.07/22:08:08 solver.py:345 ] => LoRA monitor [epoch=55] | trainable=67584/67584 | non_lora_trainable=0 | lora_l2=1.157577e+01 | lora_A_l2=9.770043e+00 | lora_B_l2=6.208430e+00 | component_l2=encoder:1.157577e+01 | lora_abs_max=5.936429e-01 | delta_l2=1.153836e+01 | delta_rel=3.515983e+00 | train_loss=5.458731e-03 | test_loss=5.742520e-03 | nmse=-1.939868e+01
I 06.07/22:08:08 solver.py:224 ] 
=! Best NMSE: -1.9406e+01 (epoch=48)

I 06.07/22:08:09 solver.py:159 ] Epoch: [56/200][20/282] lr: 4.59e-04 | MSE loss: 4.8838e-03 | time: 0.045
I 06.07/22:08:10 solver.py:159 ] Epoch: [56/200][40/282] lr: 4.59e-04 | MSE loss: 4.4722e-03 | time: 0.045
I 06.07/22:08:11 solver.py:159 ] Epoch: [56/200][60/282] lr: 4.59e-04 | MSE loss: 4.6412e-03 | time: 0.045
I 06.07/22:08:12 solver.py:159 ] Epoch: [56/200][80/282] lr: 4.59e-04 | MSE loss: 4.8479e-03 | time: 0.045
I 06.07/22:08:13 solver.py:159 ] Epoch: [56/200][100/282] lr: 4.59e-04 | MSE loss: 5.1073e-03 | time: 0.046
I 06.07/22:08:14 solver.py:159 ] Epoch: [56/200][120/282] lr: 4.58e-04 | MSE loss: 5.0778e-03 | time: 0.045
I 06.07/22:08:14 solver.py:159 ] Epoch: [56/200][140/282] lr: 4.58e-04 | MSE loss: 5.2018e-03 | time: 0.045
I 06.07/22:08:15 solver.py:159 ] Epoch: [56/200][160/282] lr: 4.58e-04 | MSE loss: 5.1489e-03 | time: 0.045
I 06.07/22:08:16 solver.py:159 ] Epoch: [56/200][180/282] lr: 4.58e-04 | MSE loss: 5.2590e-03 | time: 0.045
I 06.07/22:08:17 solver.py:159 ] Epoch: [56/200][200/282] lr: 4.58e-04 | MSE loss: 5.3038e-03 | time: 0.045
I 06.07/22:08:18 solver.py:159 ] Epoch: [56/200][220/282] lr: 4.58e-04 | MSE loss: 5.3649e-03 | time: 0.045
I 06.07/22:08:19 solver.py:159 ] Epoch: [56/200][240/282] lr: 4.57e-04 | MSE loss: 5.4971e-03 | time: 0.045
I 06.07/22:08:20 solver.py:159 ] Epoch: [56/200][260/282] lr: 4.57e-04 | MSE loss: 5.5580e-03 | time: 0.045
I 06.07/22:08:21 solver.py:159 ] Epoch: [56/200][280/282] lr: 4.57e-04 | MSE loss: 5.4660e-03 | time: 0.046
I 06.07/22:08:21 solver.py:169 ] => Train  Loss: 5.4443e-03

I 06.07/22:08:22 solver.py:405 ] [20/32] loss: 6.5480e-03 | NMSE: -1.8588e+01 | time: 0.038
I 06.07/22:08:22 solver.py:413 ] => Test NMSE: -1.9406e+01

I 06.07/22:08:22 solver.py:345 ] => LoRA monitor [epoch=56] | trainable=67584/67584 | non_lora_trainable=0 | lora_l2=1.165938e+01 | lora_A_l2=9.823601e+00 | lora_B_l2=6.279964e+00 | component_l2=encoder:1.165938e+01 | lora_abs_max=6.003579e-01 | delta_l2=1.162569e+01 | delta_rel=3.542594e+00 | train_loss=5.444309e-03 | test_loss=5.732421e-03 | nmse=-1.940632e+01
I 06.07/22:08:22 solver.py:224 ] 
=! Best NMSE: -1.9406e+01 (epoch=56)

I 06.07/22:08:23 solver.py:159 ] Epoch: [57/200][20/282] lr: 4.57e-04 | MSE loss: 7.2484e-03 | time: 0.047
I 06.07/22:08:24 solver.py:159 ] Epoch: [57/200][40/282] lr: 4.57e-04 | MSE loss: 6.7053e-03 | time: 0.047
I 06.07/22:08:25 solver.py:159 ] Epoch: [57/200][60/282] lr: 4.57e-04 | MSE loss: 6.1275e-03 | time: 0.046
I 06.07/22:08:26 solver.py:159 ] Epoch: [57/200][80/282] lr: 4.56e-04 | MSE loss: 6.0036e-03 | time: 0.045
I 06.07/22:08:27 solver.py:159 ] Epoch: [57/200][100/282] lr: 4.56e-04 | MSE loss: 5.9066e-03 | time: 0.046
I 06.07/22:08:28 solver.py:159 ] Epoch: [57/200][120/282] lr: 4.56e-04 | MSE loss: 5.8069e-03 | time: 0.044
I 06.07/22:08:29 solver.py:159 ] Epoch: [57/200][140/282] lr: 4.56e-04 | MSE loss: 5.6693e-03 | time: 0.046
I 06.07/22:08:30 solver.py:159 ] Epoch: [57/200][160/282] lr: 4.56e-04 | MSE loss: 5.7015e-03 | time: 0.046
I 06.07/22:08:31 solver.py:159 ] Epoch: [57/200][180/282] lr: 4.56e-04 | MSE loss: 5.6739e-03 | time: 0.046
I 06.07/22:08:32 solver.py:159 ] Epoch: [57/200][200/282] lr: 4.55e-04 | MSE loss: 5.5944e-03 | time: 0.046
I 06.07/22:08:33 solver.py:159 ] Epoch: [57/200][220/282] lr: 4.55e-04 | MSE loss: 5.6029e-03 | time: 0.046
I 06.07/22:08:33 solver.py:159 ] Epoch: [57/200][240/282] lr: 4.55e-04 | MSE loss: 5.5497e-03 | time: 0.046
I 06.07/22:08:34 solver.py:159 ] Epoch: [57/200][260/282] lr: 4.55e-04 | MSE loss: 5.4870e-03 | time: 0.046
I 06.07/22:08:35 solver.py:159 ] Epoch: [57/200][280/282] lr: 4.55e-04 | MSE loss: 5.4722e-03 | time: 0.046
I 06.07/22:08:35 solver.py:169 ] => Train  Loss: 5.4458e-03

I 06.07/22:08:36 solver.py:405 ] [20/32] loss: 6.5513e-03 | NMSE: -1.8596e+01 | time: 0.039
I 06.07/22:08:37 solver.py:413 ] => Test NMSE: -1.9400e+01

I 06.07/22:08:37 solver.py:345 ] => LoRA monitor [epoch=57] | trainable=67584/67584 | non_lora_trainable=0 | lora_l2=1.175536e+01 | lora_A_l2=9.890502e+00 | lora_B_l2=6.353462e+00 | component_l2=encoder:1.175536e+01 | lora_abs_max=6.054775e-01 | delta_l2=1.172448e+01 | delta_rel=3.572697e+00 | train_loss=5.445824e-03 | test_loss=5.740309e-03 | nmse=-1.940035e+01
I 06.07/22:08:37 solver.py:224 ] 
=! Best NMSE: -1.9406e+01 (epoch=56)

I 06.07/22:08:38 solver.py:159 ] Epoch: [58/200][20/282] lr: 4.55e-04 | MSE loss: 4.0847e-03 | time: 0.052
I 06.07/22:08:39 solver.py:159 ] Epoch: [58/200][40/282] lr: 4.54e-04 | MSE loss: 4.8213e-03 | time: 0.050
I 06.07/22:08:40 solver.py:159 ] Epoch: [58/200][60/282] lr: 4.54e-04 | MSE loss: 5.2695e-03 | time: 0.048
I 06.07/22:08:40 solver.py:159 ] Epoch: [58/200][80/282] lr: 4.54e-04 | MSE loss: 5.5543e-03 | time: 0.047
I 06.07/22:08:41 solver.py:159 ] Epoch: [58/200][100/282] lr: 4.54e-04 | MSE loss: 5.5659e-03 | time: 0.047
I 06.07/22:08:42 solver.py:159 ] Epoch: [58/200][120/282] lr: 4.54e-04 | MSE loss: 5.4701e-03 | time: 0.046
I 06.07/22:08:43 solver.py:159 ] Epoch: [58/200][140/282] lr: 4.54e-04 | MSE loss: 5.5326e-03 | time: 0.046
I 06.07/22:08:44 solver.py:159 ] Epoch: [58/200][160/282] lr: 4.53e-04 | MSE loss: 5.5013e-03 | time: 0.046
I 06.07/22:08:45 solver.py:159 ] Epoch: [58/200][180/282] lr: 4.53e-04 | MSE loss: 5.4472e-03 | time: 0.046
I 06.07/22:08:46 solver.py:159 ] Epoch: [58/200][200/282] lr: 4.53e-04 | MSE loss: 5.3763e-03 | time: 0.046
I 06.07/22:08:47 solver.py:159 ] Epoch: [58/200][220/282] lr: 4.53e-04 | MSE loss: 5.4418e-03 | time: 0.046
I 06.07/22:08:47 solver.py:159 ] Epoch: [58/200][240/282] lr: 4.53e-04 | MSE loss: 5.3914e-03 | time: 0.045
I 06.07/22:08:48 solver.py:159 ] Epoch: [58/200][260/282] lr: 4.52e-04 | MSE loss: 5.4844e-03 | time: 0.045
I 06.07/22:08:49 solver.py:159 ] Epoch: [58/200][280/282] lr: 4.52e-04 | MSE loss: 5.4508e-03 | time: 0.045
I 06.07/22:08:49 solver.py:169 ] => Train  Loss: 5.4209e-03

I 06.07/22:08:50 solver.py:405 ] [20/32] loss: 6.5230e-03 | NMSE: -1.8606e+01 | time: 0.041
I 06.07/22:08:51 solver.py:413 ] => Test NMSE: -1.9422e+01

I 06.07/22:08:51 solver.py:345 ] => LoRA monitor [epoch=58] | trainable=67584/67584 | non_lora_trainable=0 | lora_l2=1.185294e+01 | lora_A_l2=9.960115e+00 | lora_B_l2=6.425601e+00 | component_l2=encoder:1.185294e+01 | lora_abs_max=6.072369e-01 | delta_l2=1.182347e+01 | delta_rel=3.602860e+00 | train_loss=5.420872e-03 | test_loss=5.711136e-03 | nmse=-1.942247e+01
I 06.07/22:08:51 solver.py:224 ] 
=! Best NMSE: -1.9422e+01 (epoch=58)

I 06.07/22:08:52 solver.py:159 ] Epoch: [59/200][20/282] lr: 4.52e-04 | MSE loss: 4.9375e-03 | time: 0.046
I 06.07/22:08:53 solver.py:159 ] Epoch: [59/200][40/282] lr: 4.52e-04 | MSE loss: 5.0241e-03 | time: 0.046
I 06.07/22:08:54 solver.py:159 ] Epoch: [59/200][60/282] lr: 4.52e-04 | MSE loss: 5.2080e-03 | time: 0.046
I 06.07/22:08:55 solver.py:159 ] Epoch: [59/200][80/282] lr: 4.52e-04 | MSE loss: 4.9477e-03 | time: 0.046
I 06.07/22:08:55 solver.py:159 ] Epoch: [59/200][100/282] lr: 4.51e-04 | MSE loss: 5.0750e-03 | time: 0.045
I 06.07/22:08:56 solver.py:159 ] Epoch: [59/200][120/282] lr: 4.51e-04 | MSE loss: 5.3097e-03 | time: 0.045
I 06.07/22:08:57 solver.py:159 ] Epoch: [59/200][140/282] lr: 4.51e-04 | MSE loss: 5.1538e-03 | time: 0.045
I 06.07/22:08:58 solver.py:159 ] Epoch: [59/200][160/282] lr: 4.51e-04 | MSE loss: 5.2800e-03 | time: 0.045
I 06.07/22:08:59 solver.py:159 ] Epoch: [59/200][180/282] lr: 4.51e-04 | MSE loss: 5.3914e-03 | time: 0.045
I 06.07/22:09:00 solver.py:159 ] Epoch: [59/200][200/282] lr: 4.51e-04 | MSE loss: 5.4832e-03 | time: 0.046
I 06.07/22:09:02 solver.py:159 ] Epoch: [59/200][220/282] lr: 4.50e-04 | MSE loss: 5.5026e-03 | time: 0.050
I 06.07/22:09:04 solver.py:159 ] Epoch: [59/200][240/282] lr: 4.50e-04 | MSE loss: 5.4378e-03 | time: 0.053
I 06.07/22:09:05 solver.py:159 ] Epoch: [59/200][260/282] lr: 4.50e-04 | MSE loss: 5.4027e-03 | time: 0.053
I 06.07/22:09:06 solver.py:159 ] Epoch: [59/200][280/282] lr: 4.50e-04 | MSE loss: 5.4333e-03 | time: 0.053
I 06.07/22:09:06 solver.py:169 ] => Train  Loss: 5.4416e-03

I 06.07/22:09:07 solver.py:405 ] [20/32] loss: 6.5985e-03 | NMSE: -1.8561e+01 | time: 0.041
I 06.07/22:09:07 solver.py:413 ] => Test NMSE: -1.9356e+01

I 06.07/22:09:07 solver.py:345 ] => LoRA monitor [epoch=59] | trainable=67584/67584 | non_lora_trainable=0 | lora_l2=1.193840e+01 | lora_A_l2=1.001841e+01 | lora_B_l2=6.492837e+00 | component_l2=encoder:1.193840e+01 | lora_abs_max=6.119610e-01 | delta_l2=1.191172e+01 | delta_rel=3.629754e+00 | train_loss=5.441612e-03 | test_loss=5.798579e-03 | nmse=-1.935649e+01
I 06.07/22:09:07 solver.py:224 ] 
=! Best NMSE: -1.9422e+01 (epoch=58)

I 06.07/22:09:08 solver.py:159 ] Epoch: [60/200][20/282] lr: 4.50e-04 | MSE loss: 5.6319e-03 | time: 0.044
I 06.07/22:09:09 solver.py:159 ] Epoch: [60/200][40/282] lr: 4.50e-04 | MSE loss: 5.2402e-03 | time: 0.045
I 06.07/22:09:10 solver.py:159 ] Epoch: [60/200][60/282] lr: 4.49e-04 | MSE loss: 5.6594e-03 | time: 0.044
I 06.07/22:09:10 solver.py:159 ] Epoch: [60/200][80/282] lr: 4.49e-04 | MSE loss: 5.4971e-03 | time: 0.043
I 06.07/22:09:11 solver.py:159 ] Epoch: [60/200][100/282] lr: 4.49e-04 | MSE loss: 5.3731e-03 | time: 0.044
I 06.07/22:09:12 solver.py:159 ] Epoch: [60/200][120/282] lr: 4.49e-04 | MSE loss: 5.3275e-03 | time: 0.044
I 06.07/22:09:13 solver.py:159 ] Epoch: [60/200][140/282] lr: 4.49e-04 | MSE loss: 5.3752e-03 | time: 0.045
I 06.07/22:09:14 solver.py:159 ] Epoch: [60/200][160/282] lr: 4.48e-04 | MSE loss: 5.4747e-03 | time: 0.045
I 06.07/22:09:15 solver.py:159 ] Epoch: [60/200][180/282] lr: 4.48e-04 | MSE loss: 5.4805e-03 | time: 0.045
I 06.07/22:09:16 solver.py:159 ] Epoch: [60/200][200/282] lr: 4.48e-04 | MSE loss: 5.4278e-03 | time: 0.045
I 06.07/22:09:17 solver.py:159 ] Epoch: [60/200][220/282] lr: 4.48e-04 | MSE loss: 5.3831e-03 | time: 0.045
I 06.07/22:09:18 solver.py:159 ] Epoch: [60/200][240/282] lr: 4.48e-04 | MSE loss: 5.3564e-03 | time: 0.045
I 06.07/22:09:19 solver.py:159 ] Epoch: [60/200][260/282] lr: 4.48e-04 | MSE loss: 5.4365e-03 | time: 0.046
I 06.07/22:09:20 solver.py:159 ] Epoch: [60/200][280/282] lr: 4.47e-04 | MSE loss: 5.4197e-03 | time: 0.046
I 06.07/22:09:20 solver.py:169 ] => Train  Loss: 5.4208e-03

I 06.07/22:09:21 solver.py:159 ] Epoch: [60/200][20/32] lr: 4.47e-04 | MSE loss: 6.5376e-03 | time: 0.041
I 06.07/22:09:21 solver.py:169 ] => Val  Loss: 5.6445e-03

I 06.07/22:09:22 solver.py:405 ] [20/32] loss: 6.5376e-03 | NMSE: -1.8603e+01 | time: 0.037
I 06.07/22:09:22 solver.py:413 ] => Test NMSE: -1.9403e+01

I 06.07/22:09:22 solver.py:345 ] => LoRA monitor [epoch=60] | trainable=67584/67584 | non_lora_trainable=0 | lora_l2=1.203259e+01 | lora_A_l2=1.008586e+01 | lora_B_l2=6.561904e+00 | component_l2=encoder:1.203259e+01 | lora_abs_max=6.175798e-01 | delta_l2=1.200762e+01 | delta_rel=3.658974e+00 | train_loss=5.420807e-03 | val_loss=5.644522e-03 | test_loss=5.737408e-03 | nmse=-1.940254e+01
I 06.07/22:09:22 solver.py:224 ] 
=! Best NMSE: -1.9422e+01 (epoch=58)

I 06.07/22:09:23 solver.py:159 ] Epoch: [61/200][20/282] lr: 4.47e-04 | MSE loss: 4.7503e-03 | time: 0.044
I 06.07/22:09:24 solver.py:159 ] Epoch: [61/200][40/282] lr: 4.47e-04 | MSE loss: 4.8429e-03 | time: 0.047
I 06.07/22:09:25 solver.py:159 ] Epoch: [61/200][60/282] lr: 4.47e-04 | MSE loss: 5.2058e-03 | time: 0.047
I 06.07/22:09:26 solver.py:159 ] Epoch: [61/200][80/282] lr: 4.47e-04 | MSE loss: 5.1193e-03 | time: 0.047
I 06.07/22:09:27 solver.py:159 ] Epoch: [61/200][100/282] lr: 4.46e-04 | MSE loss: 5.2077e-03 | time: 0.046
I 06.07/22:09:28 solver.py:159 ] Epoch: [61/200][120/282] lr: 4.46e-04 | MSE loss: 5.2386e-03 | time: 0.046
I 06.07/22:09:29 solver.py:159 ] Epoch: [61/200][140/282] lr: 4.46e-04 | MSE loss: 5.1344e-03 | time: 0.046
I 06.07/22:09:30 solver.py:159 ] Epoch: [61/200][160/282] lr: 4.46e-04 | MSE loss: 5.1041e-03 | time: 0.046
I 06.07/22:09:31 solver.py:159 ] Epoch: [61/200][180/282] lr: 4.46e-04 | MSE loss: 5.1929e-03 | time: 0.046
I 06.07/22:09:31 solver.py:159 ] Epoch: [61/200][200/282] lr: 4.46e-04 | MSE loss: 5.2969e-03 | time: 0.045
I 06.07/22:09:32 solver.py:159 ] Epoch: [61/200][220/282] lr: 4.45e-04 | MSE loss: 5.3178e-03 | time: 0.045
I 06.07/22:09:33 solver.py:159 ] Epoch: [61/200][240/282] lr: 4.45e-04 | MSE loss: 5.4465e-03 | time: 0.045
I 06.07/22:09:34 solver.py:159 ] Epoch: [61/200][260/282] lr: 4.45e-04 | MSE loss: 5.4175e-03 | time: 0.045
I 06.07/22:09:35 solver.py:159 ] Epoch: [61/200][280/282] lr: 4.45e-04 | MSE loss: 5.4228e-03 | time: 0.045
I 06.07/22:09:35 solver.py:169 ] => Train  Loss: 5.4348e-03

I 06.07/22:09:36 solver.py:405 ] [20/32] loss: 6.5140e-03 | NMSE: -1.8621e+01 | time: 0.040
I 06.07/22:09:36 solver.py:413 ] => Test NMSE: -1.9420e+01

I 06.07/22:09:36 solver.py:345 ] => LoRA monitor [epoch=61] | trainable=67584/67584 | non_lora_trainable=0 | lora_l2=1.211291e+01 | lora_A_l2=1.014088e+01 | lora_B_l2=6.624577e+00 | component_l2=encoder:1.211291e+01 | lora_abs_max=6.210540e-01 | delta_l2=1.208989e+01 | delta_rel=3.684045e+00 | train_loss=5.434820e-03 | test_loss=5.714315e-03 | nmse=-1.942006e+01
I 06.07/22:09:36 solver.py:224 ] 
=! Best NMSE: -1.9422e+01 (epoch=58)

I 06.07/22:09:37 solver.py:159 ] Epoch: [62/200][20/282] lr: 4.45e-04 | MSE loss: 5.2483e-03 | time: 0.050
I 06.07/22:09:38 solver.py:159 ] Epoch: [62/200][40/282] lr: 4.44e-04 | MSE loss: 5.4968e-03 | time: 0.049
I 06.07/22:09:39 solver.py:159 ] Epoch: [62/200][60/282] lr: 4.44e-04 | MSE loss: 5.3687e-03 | time: 0.047
I 06.07/22:09:40 solver.py:159 ] Epoch: [62/200][80/282] lr: 4.44e-04 | MSE loss: 5.2519e-03 | time: 0.047
I 06.07/22:09:41 solver.py:159 ] Epoch: [62/200][100/282] lr: 4.44e-04 | MSE loss: 5.1765e-03 | time: 0.047
I 06.07/22:09:42 solver.py:159 ] Epoch: [62/200][120/282] lr: 4.44e-04 | MSE loss: 5.0720e-03 | time: 0.046
I 06.07/22:09:43 solver.py:159 ] Epoch: [62/200][140/282] lr: 4.44e-04 | MSE loss: 5.0666e-03 | time: 0.046
I 06.07/22:09:44 solver.py:159 ] Epoch: [62/200][160/282] lr: 4.43e-04 | MSE loss: 5.0726e-03 | time: 0.046
I 06.07/22:09:45 solver.py:159 ] Epoch: [62/200][180/282] lr: 4.43e-04 | MSE loss: 5.1950e-03 | time: 0.046
I 06.07/22:09:46 solver.py:159 ] Epoch: [62/200][200/282] lr: 4.43e-04 | MSE loss: 5.2574e-03 | time: 0.046
I 06.07/22:09:46 solver.py:159 ] Epoch: [62/200][220/282] lr: 4.43e-04 | MSE loss: 5.2371e-03 | time: 0.046
I 06.07/22:09:47 solver.py:159 ] Epoch: [62/200][240/282] lr: 4.43e-04 | MSE loss: 5.3428e-03 | time: 0.046
I 06.07/22:09:48 solver.py:159 ] Epoch: [62/200][260/282] lr: 4.42e-04 | MSE loss: 5.4282e-03 | time: 0.046
I 06.07/22:09:49 solver.py:159 ] Epoch: [62/200][280/282] lr: 4.42e-04 | MSE loss: 5.4242e-03 | time: 0.046
I 06.07/22:09:49 solver.py:169 ] => Train  Loss: 5.4311e-03

I 06.07/22:09:50 solver.py:405 ] [20/32] loss: 6.6105e-03 | NMSE: -1.8563e+01 | time: 0.039
I 06.07/22:09:51 solver.py:413 ] => Test NMSE: -1.9361e+01

I 06.07/22:09:51 solver.py:345 ] => LoRA monitor [epoch=62] | trainable=67584/67584 | non_lora_trainable=0 | lora_l2=1.218952e+01 | lora_A_l2=1.019140e+01 | lora_B_l2=6.687281e+00 | component_l2=encoder:1.218952e+01 | lora_abs_max=6.229818e-01 | delta_l2=1.216844e+01 | delta_rel=3.707982e+00 | train_loss=5.431097e-03 | test_loss=5.792182e-03 | nmse=-1.936128e+01
I 06.07/22:09:51 solver.py:224 ] 
=! Best NMSE: -1.9422e+01 (epoch=58)

I 06.07/22:09:51 solver.py:159 ] Epoch: [63/200][20/282] lr: 4.42e-04 | MSE loss: 5.2570e-03 | time: 0.043
I 06.07/22:09:52 solver.py:159 ] Epoch: [63/200][40/282] lr: 4.42e-04 | MSE loss: 5.4485e-03 | time: 0.041
I 06.07/22:09:53 solver.py:159 ] Epoch: [63/200][60/282] lr: 4.42e-04 | MSE loss: 5.5204e-03 | time: 0.042
I 06.07/22:09:54 solver.py:159 ] Epoch: [63/200][80/282] lr: 4.41e-04 | MSE loss: 5.2306e-03 | time: 0.043
I 06.07/22:09:55 solver.py:159 ] Epoch: [63/200][100/282] lr: 4.41e-04 | MSE loss: 5.5066e-03 | time: 0.043
I 06.07/22:09:56 solver.py:159 ] Epoch: [63/200][120/282] lr: 4.41e-04 | MSE loss: 5.6062e-03 | time: 0.043
I 06.07/22:09:57 solver.py:159 ] Epoch: [63/200][140/282] lr: 4.41e-04 | MSE loss: 5.5189e-03 | time: 0.044
I 06.07/22:09:58 solver.py:159 ] Epoch: [63/200][160/282] lr: 4.41e-04 | MSE loss: 5.4918e-03 | time: 0.044
I 06.07/22:09:59 solver.py:159 ] Epoch: [63/200][180/282] lr: 4.41e-04 | MSE loss: 5.3808e-03 | time: 0.044
I 06.07/22:09:59 solver.py:159 ] Epoch: [63/200][200/282] lr: 4.40e-04 | MSE loss: 5.2991e-03 | time: 0.045
I 06.07/22:10:01 solver.py:159 ] Epoch: [63/200][220/282] lr: 4.40e-04 | MSE loss: 5.3116e-03 | time: 0.047
I 06.07/22:10:03 solver.py:159 ] Epoch: [63/200][240/282] lr: 4.40e-04 | MSE loss: 5.4725e-03 | time: 0.052
I 06.07/22:10:05 solver.py:159 ] Epoch: [63/200][260/282] lr: 4.40e-04 | MSE loss: 5.4799e-03 | time: 0.054
I 06.07/22:10:06 solver.py:159 ] Epoch: [63/200][280/282] lr: 4.40e-04 | MSE loss: 5.4427e-03 | time: 0.054
I 06.07/22:10:06 solver.py:169 ] => Train  Loss: 5.4173e-03

I 06.07/22:10:06 solver.py:405 ] [20/32] loss: 6.5219e-03 | NMSE: -1.8613e+01 | time: 0.036
I 06.07/22:10:07 solver.py:413 ] => Test NMSE: -1.9421e+01

I 06.07/22:10:07 solver.py:345 ] => LoRA monitor [epoch=63] | trainable=67584/67584 | non_lora_trainable=0 | lora_l2=1.226964e+01 | lora_A_l2=1.024715e+01 | lora_B_l2=6.748321e+00 | component_l2=encoder:1.226964e+01 | lora_abs_max=6.261067e-01 | delta_l2=1.225070e+01 | delta_rel=3.733046e+00 | train_loss=5.417260e-03 | test_loss=5.712738e-03 | nmse=-1.942126e+01
I 06.07/22:10:07 solver.py:224 ] 
=! Best NMSE: -1.9422e+01 (epoch=58)

I 06.07/22:10:08 solver.py:159 ] Epoch: [64/200][20/282] lr: 4.39e-04 | MSE loss: 5.2842e-03 | time: 0.048
I 06.07/22:10:09 solver.py:159 ] Epoch: [64/200][40/282] lr: 4.39e-04 | MSE loss: 5.1044e-03 | time: 0.046
I 06.07/22:10:10 solver.py:159 ] Epoch: [64/200][60/282] lr: 4.39e-04 | MSE loss: 5.2441e-03 | time: 0.047
I 06.07/22:10:11 solver.py:159 ] Epoch: [64/200][80/282] lr: 4.39e-04 | MSE loss: 5.3275e-03 | time: 0.047
I 06.07/22:10:12 solver.py:159 ] Epoch: [64/200][100/282] lr: 4.39e-04 | MSE loss: 5.5440e-03 | time: 0.047
I 06.07/22:10:12 solver.py:159 ] Epoch: [64/200][120/282] lr: 4.38e-04 | MSE loss: 5.3241e-03 | time: 0.046
I 06.07/22:10:13 solver.py:159 ] Epoch: [64/200][140/282] lr: 4.38e-04 | MSE loss: 5.3793e-03 | time: 0.046
I 06.07/22:10:14 solver.py:159 ] Epoch: [64/200][160/282] lr: 4.38e-04 | MSE loss: 5.4380e-03 | time: 0.046
I 06.07/22:10:15 solver.py:159 ] Epoch: [64/200][180/282] lr: 4.38e-04 | MSE loss: 5.5137e-03 | time: 0.045
I 06.07/22:10:16 solver.py:159 ] Epoch: [64/200][200/282] lr: 4.38e-04 | MSE loss: 5.5619e-03 | time: 0.045
I 06.07/22:10:17 solver.py:159 ] Epoch: [64/200][220/282] lr: 4.37e-04 | MSE loss: 5.6318e-03 | time: 0.045
I 06.07/22:10:18 solver.py:159 ] Epoch: [64/200][240/282] lr: 4.37e-04 | MSE loss: 5.5476e-03 | time: 0.045
I 06.07/22:10:19 solver.py:159 ] Epoch: [64/200][260/282] lr: 4.37e-04 | MSE loss: 5.3922e-03 | time: 0.045
I 06.07/22:10:20 solver.py:159 ] Epoch: [64/200][280/282] lr: 4.37e-04 | MSE loss: 5.4331e-03 | time: 0.045
I 06.07/22:10:20 solver.py:169 ] => Train  Loss: 5.4292e-03

I 06.07/22:10:21 solver.py:405 ] [20/32] loss: 6.5307e-03 | NMSE: -1.8607e+01 | time: 0.040
I 06.07/22:10:21 solver.py:413 ] => Test NMSE: -1.9420e+01

I 06.07/22:10:21 solver.py:345 ] => LoRA monitor [epoch=64] | trainable=67584/67584 | non_lora_trainable=0 | lora_l2=1.234648e+01 | lora_A_l2=1.030130e+01 | lora_B_l2=6.805805e+00 | component_l2=encoder:1.234648e+01 | lora_abs_max=6.277480e-01 | delta_l2=1.232947e+01 | delta_rel=3.757049e+00 | train_loss=5.429177e-03 | test_loss=5.714501e-03 | nmse=-1.941992e+01
I 06.07/22:10:21 solver.py:224 ] 
=! Best NMSE: -1.9422e+01 (epoch=58)

I 06.07/22:10:22 solver.py:159 ] Epoch: [65/200][20/282] lr: 4.37e-04 | MSE loss: 4.9896e-03 | time: 0.048
I 06.07/22:10:23 solver.py:159 ] Epoch: [65/200][40/282] lr: 4.36e-04 | MSE loss: 5.3375e-03 | time: 0.049
I 06.07/22:10:24 solver.py:159 ] Epoch: [65/200][60/282] lr: 4.36e-04 | MSE loss: 5.5923e-03 | time: 0.048
I 06.07/22:10:25 solver.py:159 ] Epoch: [65/200][80/282] lr: 4.36e-04 | MSE loss: 5.5856e-03 | time: 0.047
I 06.07/22:10:26 solver.py:159 ] Epoch: [65/200][100/282] lr: 4.36e-04 | MSE loss: 5.6594e-03 | time: 0.047
I 06.07/22:10:27 solver.py:159 ] Epoch: [65/200][120/282] lr: 4.36e-04 | MSE loss: 5.5354e-03 | time: 0.047
I 06.07/22:10:27 solver.py:159 ] Epoch: [65/200][140/282] lr: 4.35e-04 | MSE loss: 5.5044e-03 | time: 0.046
I 06.07/22:10:28 solver.py:159 ] Epoch: [65/200][160/282] lr: 4.35e-04 | MSE loss: 5.3551e-03 | time: 0.046
I 06.07/22:10:29 solver.py:159 ] Epoch: [65/200][180/282] lr: 4.35e-04 | MSE loss: 5.4230e-03 | time: 0.047
I 06.07/22:10:30 solver.py:159 ] Epoch: [65/200][200/282] lr: 4.35e-04 | MSE loss: 5.4820e-03 | time: 0.047
I 06.07/22:10:31 solver.py:159 ] Epoch: [65/200][220/282] lr: 4.35e-04 | MSE loss: 5.4587e-03 | time: 0.046
I 06.07/22:10:32 solver.py:159 ] Epoch: [65/200][240/282] lr: 4.35e-04 | MSE loss: 5.4612e-03 | time: 0.047
I 06.07/22:10:33 solver.py:159 ] Epoch: [65/200][260/282] lr: 4.34e-04 | MSE loss: 5.4260e-03 | time: 0.047
I 06.07/22:10:34 solver.py:159 ] Epoch: [65/200][280/282] lr: 4.34e-04 | MSE loss: 5.4244e-03 | time: 0.046
I 06.07/22:10:34 solver.py:169 ] => Train  Loss: 5.4089e-03

I 06.07/22:10:35 solver.py:405 ] [20/32] loss: 6.5406e-03 | NMSE: -1.8603e+01 | time: 0.040
I 06.07/22:10:35 solver.py:413 ] => Test NMSE: -1.9405e+01

I 06.07/22:10:35 solver.py:345 ] => LoRA monitor [epoch=65] | trainable=67584/67584 | non_lora_trainable=0 | lora_l2=1.243474e+01 | lora_A_l2=1.036343e+01 | lora_B_l2=6.871833e+00 | component_l2=encoder:1.243474e+01 | lora_abs_max=6.318741e-01 | delta_l2=1.241857e+01 | delta_rel=3.784200e+00 | train_loss=5.408931e-03 | test_loss=5.733893e-03 | nmse=-1.940520e+01
I 06.07/22:10:35 solver.py:224 ] 
=! Best NMSE: -1.9422e+01 (epoch=58)

I 06.07/22:10:36 solver.py:159 ] Epoch: [66/200][20/282] lr: 4.34e-04 | MSE loss: 6.1025e-03 | time: 0.035
I 06.07/22:10:37 solver.py:159 ] Epoch: [66/200][40/282] lr: 4.34e-04 | MSE loss: 5.5388e-03 | time: 0.039
I 06.07/22:10:38 solver.py:159 ] Epoch: [66/200][60/282] lr: 4.34e-04 | MSE loss: 5.3559e-03 | time: 0.042
I 06.07/22:10:39 solver.py:159 ] Epoch: [66/200][80/282] lr: 4.33e-04 | MSE loss: 5.2076e-03 | time: 0.043
I 06.07/22:10:40 solver.py:159 ] Epoch: [66/200][100/282] lr: 4.33e-04 | MSE loss: 5.2095e-03 | time: 0.043
I 06.07/22:10:40 solver.py:159 ] Epoch: [66/200][120/282] lr: 4.33e-04 | MSE loss: 5.1668e-03 | time: 0.044
I 06.07/22:10:41 solver.py:159 ] Epoch: [66/200][140/282] lr: 4.33e-04 | MSE loss: 5.1626e-03 | time: 0.044
I 06.07/22:10:42 solver.py:159 ] Epoch: [66/200][160/282] lr: 4.33e-04 | MSE loss: 5.2588e-03 | time: 0.044
I 06.07/22:10:43 solver.py:159 ] Epoch: [66/200][180/282] lr: 4.32e-04 | MSE loss: 5.3171e-03 | time: 0.044
I 06.07/22:10:44 solver.py:159 ] Epoch: [66/200][200/282] lr: 4.32e-04 | MSE loss: 5.2523e-03 | time: 0.044
I 06.07/22:10:45 solver.py:159 ] Epoch: [66/200][220/282] lr: 4.32e-04 | MSE loss: 5.3196e-03 | time: 0.044
I 06.07/22:10:46 solver.py:159 ] Epoch: [66/200][240/282] lr: 4.32e-04 | MSE loss: 5.4153e-03 | time: 0.044
I 06.07/22:10:47 solver.py:159 ] Epoch: [66/200][260/282] lr: 4.32e-04 | MSE loss: 5.4148e-03 | time: 0.044
I 06.07/22:10:48 solver.py:159 ] Epoch: [66/200][280/282] lr: 4.31e-04 | MSE loss: 5.3978e-03 | time: 0.044
I 06.07/22:10:48 solver.py:169 ] => Train  Loss: 5.4845e-03

I 06.07/22:10:49 solver.py:405 ] [20/32] loss: 6.5452e-03 | NMSE: -1.8599e+01 | time: 0.041
I 06.07/22:10:49 solver.py:413 ] => Test NMSE: -1.9407e+01

I 06.07/22:10:49 solver.py:345 ] => LoRA monitor [epoch=66] | trainable=67584/67584 | non_lora_trainable=0 | lora_l2=1.250858e+01 | lora_A_l2=1.041508e+01 | lora_B_l2=6.927528e+00 | component_l2=encoder:1.250858e+01 | lora_abs_max=6.315897e-01 | delta_l2=1.249454e+01 | delta_rel=3.807350e+00 | train_loss=5.484459e-03 | test_loss=5.731347e-03 | nmse=-1.940714e+01
I 06.07/22:10:49 solver.py:224 ] 
=! Best NMSE: -1.9422e+01 (epoch=58)

I 06.07/22:10:50 solver.py:159 ] Epoch: [67/200][20/282] lr: 4.31e-04 | MSE loss: 6.3167e-03 | time: 0.048
I 06.07/22:10:51 solver.py:159 ] Epoch: [67/200][40/282] lr: 4.31e-04 | MSE loss: 5.8163e-03 | time: 0.046
I 06.07/22:10:52 solver.py:159 ] Epoch: [67/200][60/282] lr: 4.31e-04 | MSE loss: 5.0800e-03 | time: 0.046
I 06.07/22:10:53 solver.py:159 ] Epoch: [67/200][80/282] lr: 4.30e-04 | MSE loss: 5.5006e-03 | time: 0.045
I 06.07/22:10:54 solver.py:159 ] Epoch: [67/200][100/282] lr: 4.30e-04 | MSE loss: 5.4189e-03 | time: 0.045
I 06.07/22:10:55 solver.py:159 ] Epoch: [67/200][120/282] lr: 4.30e-04 | MSE loss: 5.5087e-03 | time: 0.045
I 06.07/22:10:55 solver.py:159 ] Epoch: [67/200][140/282] lr: 4.30e-04 | MSE loss: 5.3421e-03 | time: 0.046
I 06.07/22:10:56 solver.py:159 ] Epoch: [67/200][160/282] lr: 4.30e-04 | MSE loss: 5.1885e-03 | time: 0.045
I 06.07/22:10:57 solver.py:159 ] Epoch: [67/200][180/282] lr: 4.29e-04 | MSE loss: 5.3203e-03 | time: 0.044
I 06.07/22:10:58 solver.py:159 ] Epoch: [67/200][200/282] lr: 4.29e-04 | MSE loss: 5.3522e-03 | time: 0.045
I 06.07/22:10:59 solver.py:159 ] Epoch: [67/200][220/282] lr: 4.29e-04 | MSE loss: 5.4484e-03 | time: 0.045
I 06.07/22:11:00 solver.py:159 ] Epoch: [67/200][240/282] lr: 4.29e-04 | MSE loss: 5.5297e-03 | time: 0.045
I 06.07/22:11:02 solver.py:159 ] Epoch: [67/200][260/282] lr: 4.29e-04 | MSE loss: 5.5147e-03 | time: 0.049
I 06.07/22:11:04 solver.py:159 ] Epoch: [67/200][280/282] lr: 4.28e-04 | MSE loss: 5.4301e-03 | time: 0.053
I 06.07/22:11:04 solver.py:169 ] => Train  Loss: 5.3991e-03

I 06.07/22:11:05 solver.py:405 ] [20/32] loss: 6.5026e-03 | NMSE: -1.8621e+01 | time: 0.048
I 06.07/22:11:06 solver.py:413 ] => Test NMSE: -1.9434e+01

I 06.07/22:11:06 solver.py:345 ] => LoRA monitor [epoch=67] | trainable=67584/67584 | non_lora_trainable=0 | lora_l2=1.258162e+01 | lora_A_l2=1.046760e+01 | lora_B_l2=6.980450e+00 | component_l2=encoder:1.258162e+01 | lora_abs_max=6.346408e-01 | delta_l2=1.256885e+01 | delta_rel=3.829994e+00 | train_loss=5.399077e-03 | test_loss=5.696173e-03 | nmse=-1.943387e+01
I 06.07/22:11:06 solver.py:224 ] 
=! Best NMSE: -1.9434e+01 (epoch=67)

I 06.07/22:11:07 solver.py:159 ] Epoch: [68/200][20/282] lr: 4.28e-04 | MSE loss: 5.0068e-03 | time: 0.046
I 06.07/22:11:08 solver.py:159 ] Epoch: [68/200][40/282] lr: 4.28e-04 | MSE loss: 5.4903e-03 | time: 0.046
I 06.07/22:11:09 solver.py:159 ] Epoch: [68/200][60/282] lr: 4.28e-04 | MSE loss: 5.3541e-03 | time: 0.045
I 06.07/22:11:10 solver.py:159 ] Epoch: [68/200][80/282] lr: 4.28e-04 | MSE loss: 5.0273e-03 | time: 0.045
I 06.07/22:11:10 solver.py:159 ] Epoch: [68/200][100/282] lr: 4.27e-04 | MSE loss: 4.9477e-03 | time: 0.045
I 06.07/22:11:11 solver.py:159 ] Epoch: [68/200][120/282] lr: 4.27e-04 | MSE loss: 5.0697e-03 | time: 0.046
I 06.07/22:11:12 solver.py:159 ] Epoch: [68/200][140/282] lr: 4.27e-04 | MSE loss: 5.0858e-03 | time: 0.045
I 06.07/22:11:13 solver.py:159 ] Epoch: [68/200][160/282] lr: 4.27e-04 | MSE loss: 5.2970e-03 | time: 0.045
I 06.07/22:11:14 solver.py:159 ] Epoch: [68/200][180/282] lr: 4.27e-04 | MSE loss: 5.4318e-03 | time: 0.046
I 06.07/22:11:15 solver.py:159 ] Epoch: [68/200][200/282] lr: 4.26e-04 | MSE loss: 5.3315e-03 | time: 0.045
I 06.07/22:11:16 solver.py:159 ] Epoch: [68/200][220/282] lr: 4.26e-04 | MSE loss: 5.3568e-03 | time: 0.046
I 06.07/22:11:17 solver.py:159 ] Epoch: [68/200][240/282] lr: 4.26e-04 | MSE loss: 5.3636e-03 | time: 0.045
I 06.07/22:11:18 solver.py:159 ] Epoch: [68/200][260/282] lr: 4.26e-04 | MSE loss: 5.3911e-03 | time: 0.045
I 06.07/22:11:19 solver.py:159 ] Epoch: [68/200][280/282] lr: 4.26e-04 | MSE loss: 5.3838e-03 | time: 0.045
I 06.07/22:11:19 solver.py:169 ] => Train  Loss: 5.5016e-03

I 06.07/22:11:19 solver.py:405 ] [20/32] loss: 6.5376e-03 | NMSE: -1.8596e+01 | time: 0.035
I 06.07/22:11:20 solver.py:413 ] => Test NMSE: -1.9406e+01

I 06.07/22:11:20 solver.py:345 ] => LoRA monitor [epoch=68] | trainable=67584/67584 | non_lora_trainable=0 | lora_l2=1.265440e+01 | lora_A_l2=1.051797e+01 | lora_B_l2=7.036050e+00 | component_l2=encoder:1.265440e+01 | lora_abs_max=6.372620e-01 | delta_l2=1.264307e+01 | delta_rel=3.852610e+00 | train_loss=5.501571e-03 | test_loss=5.733418e-03 | nmse=-1.940557e+01
I 06.07/22:11:20 solver.py:224 ] 
=! Best NMSE: -1.9434e+01 (epoch=67)

I 06.07/22:11:21 solver.py:159 ] Epoch: [69/200][20/282] lr: 4.25e-04 | MSE loss: 6.5090e-03 | time: 0.041
I 06.07/22:11:22 solver.py:159 ] Epoch: [69/200][40/282] lr: 4.25e-04 | MSE loss: 5.4658e-03 | time: 0.043
I 06.07/22:11:22 solver.py:159 ] Epoch: [69/200][60/282] lr: 4.25e-04 | MSE loss: 5.7952e-03 | time: 0.044
I 06.07/22:11:23 solver.py:159 ] Epoch: [69/200][80/282] lr: 4.25e-04 | MSE loss: 5.5367e-03 | time: 0.044
I 06.07/22:11:24 solver.py:159 ] Epoch: [69/200][100/282] lr: 4.25e-04 | MSE loss: 5.2726e-03 | time: 0.045
I 06.07/22:11:25 solver.py:159 ] Epoch: [69/200][120/282] lr: 4.24e-04 | MSE loss: 5.3281e-03 | time: 0.045
I 06.07/22:11:26 solver.py:159 ] Epoch: [69/200][140/282] lr: 4.24e-04 | MSE loss: 5.3412e-03 | time: 0.045
I 06.07/22:11:27 solver.py:159 ] Epoch: [69/200][160/282] lr: 4.24e-04 | MSE loss: 5.2187e-03 | time: 0.045
I 06.07/22:11:28 solver.py:159 ] Epoch: [69/200][180/282] lr: 4.24e-04 | MSE loss: 5.5112e-03 | time: 0.046
I 06.07/22:11:29 solver.py:159 ] Epoch: [69/200][200/282] lr: 4.23e-04 | MSE loss: 5.5247e-03 | time: 0.046
I 06.07/22:11:30 solver.py:159 ] Epoch: [69/200][220/282] lr: 4.23e-04 | MSE loss: 5.5322e-03 | time: 0.046
I 06.07/22:11:31 solver.py:159 ] Epoch: [69/200][240/282] lr: 4.23e-04 | MSE loss: 5.5409e-03 | time: 0.046
I 06.07/22:11:32 solver.py:159 ] Epoch: [69/200][260/282] lr: 4.23e-04 | MSE loss: 5.5037e-03 | time: 0.046
I 06.07/22:11:33 solver.py:159 ] Epoch: [69/200][280/282] lr: 4.23e-04 | MSE loss: 5.4000e-03 | time: 0.046
I 06.07/22:11:33 solver.py:169 ] => Train  Loss: 5.3964e-03

I 06.07/22:11:34 solver.py:405 ] [20/32] loss: 6.5184e-03 | NMSE: -1.8617e+01 | time: 0.039
I 06.07/22:11:34 solver.py:413 ] => Test NMSE: -1.9427e+01

I 06.07/22:11:34 solver.py:345 ] => LoRA monitor [epoch=69] | trainable=67584/67584 | non_lora_trainable=0 | lora_l2=1.272676e+01 | lora_A_l2=1.057003e+01 | lora_B_l2=7.088379e+00 | component_l2=encoder:1.272676e+01 | lora_abs_max=6.401396e-01 | delta_l2=1.271654e+01 | delta_rel=3.874997e+00 | train_loss=5.396436e-03 | test_loss=5.704978e-03 | nmse=-1.942716e+01
I 06.07/22:11:34 solver.py:224 ] 
=! Best NMSE: -1.9434e+01 (epoch=67)

I 06.07/22:11:35 solver.py:159 ] Epoch: [70/200][20/282] lr: 4.22e-04 | MSE loss: 4.6048e-03 | time: 0.045
I 06.07/22:11:36 solver.py:159 ] Epoch: [70/200][40/282] lr: 4.22e-04 | MSE loss: 5.2596e-03 | time: 0.046
I 06.07/22:11:37 solver.py:159 ] Epoch: [70/200][60/282] lr: 4.22e-04 | MSE loss: 5.1777e-03 | time: 0.046
I 06.07/22:11:38 solver.py:159 ] Epoch: [70/200][80/282] lr: 4.22e-04 | MSE loss: 4.8073e-03 | time: 0.046
I 06.07/22:11:39 solver.py:159 ] Epoch: [70/200][100/282] lr: 4.22e-04 | MSE loss: 5.1587e-03 | time: 0.046
I 06.07/22:11:40 solver.py:159 ] Epoch: [70/200][120/282] lr: 4.21e-04 | MSE loss: 4.8913e-03 | time: 0.046
I 06.07/22:11:40 solver.py:159 ] Epoch: [70/200][140/282] lr: 4.21e-04 | MSE loss: 5.0565e-03 | time: 0.046
I 06.07/22:11:41 solver.py:159 ] Epoch: [70/200][160/282] lr: 4.21e-04 | MSE loss: 5.3275e-03 | time: 0.045
I 06.07/22:11:42 solver.py:159 ] Epoch: [70/200][180/282] lr: 4.21e-04 | MSE loss: 5.3502e-03 | time: 0.046
I 06.07/22:11:43 solver.py:159 ] Epoch: [70/200][200/282] lr: 4.21e-04 | MSE loss: 5.4146e-03 | time: 0.046
I 06.07/22:11:44 solver.py:159 ] Epoch: [70/200][220/282] lr: 4.20e-04 | MSE loss: 5.4424e-03 | time: 0.046
I 06.07/22:11:45 solver.py:159 ] Epoch: [70/200][240/282] lr: 4.20e-04 | MSE loss: 5.5119e-03 | time: 0.045
I 06.07/22:11:46 solver.py:159 ] Epoch: [70/200][260/282] lr: 4.20e-04 | MSE loss: 5.4848e-03 | time: 0.046
I 06.07/22:11:47 solver.py:159 ] Epoch: [70/200][280/282] lr: 4.20e-04 | MSE loss: 5.4035e-03 | time: 0.046
I 06.07/22:11:47 solver.py:169 ] => Train  Loss: 5.3855e-03

I 06.07/22:11:48 solver.py:159 ] Epoch: [70/200][20/32] lr: 4.20e-04 | MSE loss: 6.4888e-03 | time: 0.038
I 06.07/22:11:48 solver.py:169 ] => Val  Loss: 5.5926e-03

I 06.07/22:11:49 solver.py:405 ] [20/32] loss: 6.4888e-03 | NMSE: -1.8635e+01 | time: 0.040
I 06.07/22:11:49 solver.py:413 ] => Test NMSE: -1.9442e+01

I 06.07/22:11:49 solver.py:345 ] => LoRA monitor [epoch=70] | trainable=67584/67584 | non_lora_trainable=0 | lora_l2=1.280318e+01 | lora_A_l2=1.062368e+01 | lora_B_l2=7.145551e+00 | component_l2=encoder:1.280318e+01 | lora_abs_max=6.428248e-01 | delta_l2=1.279429e+01 | delta_rel=3.898689e+00 | train_loss=5.385541e-03 | val_loss=5.592593e-03 | test_loss=5.685519e-03 | nmse=-1.944200e+01
I 06.07/22:11:50 solver.py:224 ] 
=! Best NMSE: -1.9442e+01 (epoch=70)

I 06.07/22:11:51 solver.py:159 ] Epoch: [71/200][20/282] lr: 4.19e-04 | MSE loss: 5.2396e-03 | time: 0.047
I 06.07/22:11:51 solver.py:159 ] Epoch: [71/200][40/282] lr: 4.19e-04 | MSE loss: 6.0968e-03 | time: 0.047
I 06.07/22:11:52 solver.py:159 ] Epoch: [71/200][60/282] lr: 4.19e-04 | MSE loss: 5.4601e-03 | time: 0.045
I 06.07/22:11:53 solver.py:159 ] Epoch: [71/200][80/282] lr: 4.19e-04 | MSE loss: 5.6525e-03 | time: 0.045
I 06.07/22:11:54 solver.py:159 ] Epoch: [71/200][100/282] lr: 4.19e-04 | MSE loss: 5.5256e-03 | time: 0.045
I 06.07/22:11:55 solver.py:159 ] Epoch: [71/200][120/282] lr: 4.18e-04 | MSE loss: 5.6547e-03 | time: 0.045
I 06.07/22:11:56 solver.py:159 ] Epoch: [71/200][140/282] lr: 4.18e-04 | MSE loss: 5.6719e-03 | time: 0.045
I 06.07/22:11:57 solver.py:159 ] Epoch: [71/200][160/282] lr: 4.18e-04 | MSE loss: 5.6137e-03 | time: 0.045
I 06.07/22:11:58 solver.py:159 ] Epoch: [71/200][180/282] lr: 4.18e-04 | MSE loss: 5.5814e-03 | time: 0.045
I 06.07/22:11:59 solver.py:159 ] Epoch: [71/200][200/282] lr: 4.17e-04 | MSE loss: 5.4944e-03 | time: 0.045
I 06.07/22:11:59 solver.py:159 ] Epoch: [71/200][220/282] lr: 4.17e-04 | MSE loss: 5.3257e-03 | time: 0.045
I 06.07/22:12:01 solver.py:159 ] Epoch: [71/200][240/282] lr: 4.17e-04 | MSE loss: 5.3015e-03 | time: 0.046
I 06.07/22:12:03 solver.py:159 ] Epoch: [71/200][260/282] lr: 4.17e-04 | MSE loss: 5.4082e-03 | time: 0.050
I 06.07/22:12:04 solver.py:159 ] Epoch: [71/200][280/282] lr: 4.17e-04 | MSE loss: 5.4191e-03 | time: 0.053
I 06.07/22:12:04 solver.py:169 ] => Train  Loss: 5.3918e-03

I 06.07/22:12:05 solver.py:405 ] [20/32] loss: 6.5457e-03 | NMSE: -1.8596e+01 | time: 0.040
I 06.07/22:12:06 solver.py:413 ] => Test NMSE: -1.9400e+01

I 06.07/22:12:06 solver.py:345 ] => LoRA monitor [epoch=71] | trainable=67584/67584 | non_lora_trainable=0 | lora_l2=1.286550e+01 | lora_A_l2=1.066639e+01 | lora_B_l2=7.193687e+00 | component_l2=encoder:1.286550e+01 | lora_abs_max=6.433107e-01 | delta_l2=1.285831e+01 | delta_rel=3.918198e+00 | train_loss=5.391835e-03 | test_loss=5.740131e-03 | nmse=-1.940048e+01
I 06.07/22:12:06 solver.py:224 ] 
=! Best NMSE: -1.9442e+01 (epoch=70)

I 06.07/22:12:07 solver.py:159 ] Epoch: [72/200][20/282] lr: 4.16e-04 | MSE loss: 5.4843e-03 | time: 0.045
I 06.07/22:12:07 solver.py:159 ] Epoch: [72/200][40/282] lr: 4.16e-04 | MSE loss: 5.1735e-03 | time: 0.044
I 06.07/22:12:08 solver.py:159 ] Epoch: [72/200][60/282] lr: 4.16e-04 | MSE loss: 5.3711e-03 | time: 0.044
I 06.07/22:12:09 solver.py:159 ] Epoch: [72/200][80/282] lr: 4.16e-04 | MSE loss: 5.5182e-03 | time: 0.047
I 06.07/22:12:10 solver.py:159 ] Epoch: [72/200][100/282] lr: 4.16e-04 | MSE loss: 5.7596e-03 | time: 0.047
I 06.07/22:12:11 solver.py:159 ] Epoch: [72/200][120/282] lr: 4.15e-04 | MSE loss: 5.6199e-03 | time: 0.046
I 06.07/22:12:12 solver.py:159 ] Epoch: [72/200][140/282] lr: 4.15e-04 | MSE loss: 5.6245e-03 | time: 0.046
I 06.07/22:12:13 solver.py:159 ] Epoch: [72/200][160/282] lr: 4.15e-04 | MSE loss: 5.6673e-03 | time: 0.046
I 06.07/22:12:14 solver.py:159 ] Epoch: [72/200][180/282] lr: 4.15e-04 | MSE loss: 5.6884e-03 | time: 0.046
I 06.07/22:12:15 solver.py:159 ] Epoch: [72/200][200/282] lr: 4.14e-04 | MSE loss: 5.5788e-03 | time: 0.046
I 06.07/22:12:16 solver.py:159 ] Epoch: [72/200][220/282] lr: 4.14e-04 | MSE loss: 5.6141e-03 | time: 0.046
I 06.07/22:12:17 solver.py:159 ] Epoch: [72/200][240/282] lr: 4.14e-04 | MSE loss: 5.6296e-03 | time: 0.046
I 06.07/22:12:18 solver.py:159 ] Epoch: [72/200][260/282] lr: 4.14e-04 | MSE loss: 5.5790e-03 | time: 0.046
I 06.07/22:12:19 solver.py:159 ] Epoch: [72/200][280/282] lr: 4.14e-04 | MSE loss: 5.4104e-03 | time: 0.046
I 06.07/22:12:19 solver.py:169 ] => Train  Loss: 5.3969e-03

I 06.07/22:12:19 solver.py:405 ] [20/32] loss: 6.4981e-03 | NMSE: -1.8639e+01 | time: 0.036
I 06.07/22:12:20 solver.py:413 ] => Test NMSE: -1.9443e+01

I 06.07/22:12:20 solver.py:345 ] => LoRA monitor [epoch=72] | trainable=67584/67584 | non_lora_trainable=0 | lora_l2=1.293309e+01 | lora_A_l2=1.071284e+01 | lora_B_l2=7.245680e+00 | component_l2=encoder:1.293309e+01 | lora_abs_max=6.463949e-01 | delta_l2=1.292720e+01 | delta_rel=3.939191e+00 | train_loss=5.396896e-03 | test_loss=5.684671e-03 | nmse=-1.944265e+01
I 06.07/22:12:20 solver.py:224 ] 
=! Best NMSE: -1.9443e+01 (epoch=72)

I 06.07/22:12:21 solver.py:159 ] Epoch: [73/200][20/282] lr: 4.13e-04 | MSE loss: 5.0129e-03 | time: 0.054
I 06.07/22:12:22 solver.py:159 ] Epoch: [73/200][40/282] lr: 4.13e-04 | MSE loss: 4.6296e-03 | time: 0.051
I 06.07/22:12:23 solver.py:159 ] Epoch: [73/200][60/282] lr: 4.13e-04 | MSE loss: 5.5540e-03 | time: 0.053
I 06.07/22:12:24 solver.py:159 ] Epoch: [73/200][80/282] lr: 4.13e-04 | MSE loss: 5.3420e-03 | time: 0.053
I 06.07/22:12:25 solver.py:159 ] Epoch: [73/200][100/282] lr: 4.12e-04 | MSE loss: 5.1148e-03 | time: 0.052
I 06.07/22:12:26 solver.py:159 ] Epoch: [73/200][120/282] lr: 4.12e-04 | MSE loss: 5.1672e-03 | time: 0.051
I 06.07/22:12:27 solver.py:159 ] Epoch: [73/200][140/282] lr: 4.12e-04 | MSE loss: 4.9290e-03 | time: 0.051
I 06.07/22:12:28 solver.py:159 ] Epoch: [73/200][160/282] lr: 4.12e-04 | MSE loss: 5.0032e-03 | time: 0.051
I 06.07/22:12:29 solver.py:159 ] Epoch: [73/200][180/282] lr: 4.12e-04 | MSE loss: 5.1820e-03 | time: 0.051
I 06.07/22:12:30 solver.py:159 ] Epoch: [73/200][200/282] lr: 4.11e-04 | MSE loss: 5.3891e-03 | time: 0.051
I 06.07/22:12:31 solver.py:159 ] Epoch: [73/200][220/282] lr: 4.11e-04 | MSE loss: 5.4029e-03 | time: 0.052
I 06.07/22:12:32 solver.py:159 ] Epoch: [73/200][240/282] lr: 4.11e-04 | MSE loss: 5.5045e-03 | time: 0.052
I 06.07/22:12:33 solver.py:159 ] Epoch: [73/200][260/282] lr: 4.11e-04 | MSE loss: 5.4646e-03 | time: 0.052
I 06.07/22:12:35 solver.py:159 ] Epoch: [73/200][280/282] lr: 4.10e-04 | MSE loss: 5.4004e-03 | time: 0.052
I 06.07/22:12:35 solver.py:169 ] => Train  Loss: 5.3821e-03

I 06.07/22:12:36 solver.py:405 ] [20/32] loss: 6.5212e-03 | NMSE: -1.8616e+01 | time: 0.045
I 06.07/22:12:36 solver.py:413 ] => Test NMSE: -1.9423e+01

I 06.07/22:12:36 solver.py:345 ] => LoRA monitor [epoch=73] | trainable=67584/67584 | non_lora_trainable=0 | lora_l2=1.299839e+01 | lora_A_l2=1.075918e+01 | lora_B_l2=7.293707e+00 | component_l2=encoder:1.299839e+01 | lora_abs_max=6.483849e-01 | delta_l2=1.299404e+01 | delta_rel=3.959560e+00 | train_loss=5.382109e-03 | test_loss=5.710486e-03 | nmse=-1.942297e+01
I 06.07/22:12:36 solver.py:224 ] 
=! Best NMSE: -1.9443e+01 (epoch=72)

I 06.07/22:12:37 solver.py:159 ] Epoch: [74/200][20/282] lr: 4.10e-04 | MSE loss: 4.6628e-03 | time: 0.057
I 06.07/22:12:38 solver.py:159 ] Epoch: [74/200][40/282] lr: 4.10e-04 | MSE loss: 4.9054e-03 | time: 0.057
I 06.07/22:12:39 solver.py:159 ] Epoch: [74/200][60/282] lr: 4.10e-04 | MSE loss: 5.0112e-03 | time: 0.056
I 06.07/22:12:41 solver.py:159 ] Epoch: [74/200][80/282] lr: 4.10e-04 | MSE loss: 4.9411e-03 | time: 0.056
I 06.07/22:12:42 solver.py:159 ] Epoch: [74/200][100/282] lr: 4.09e-04 | MSE loss: 5.0820e-03 | time: 0.055
I 06.07/22:12:43 solver.py:159 ] Epoch: [74/200][120/282] lr: 4.09e-04 | MSE loss: 5.0193e-03 | time: 0.055
I 06.07/22:12:44 solver.py:159 ] Epoch: [74/200][140/282] lr: 4.09e-04 | MSE loss: 5.0603e-03 | time: 0.055
I 06.07/22:12:45 solver.py:159 ] Epoch: [74/200][160/282] lr: 4.09e-04 | MSE loss: 5.0419e-03 | time: 0.054
I 06.07/22:12:46 solver.py:159 ] Epoch: [74/200][180/282] lr: 4.08e-04 | MSE loss: 5.0613e-03 | time: 0.055
I 06.07/22:12:47 solver.py:159 ] Epoch: [74/200][200/282] lr: 4.08e-04 | MSE loss: 4.9998e-03 | time: 0.055
I 06.07/22:12:48 solver.py:159 ] Epoch: [74/200][220/282] lr: 4.08e-04 | MSE loss: 5.2495e-03 | time: 0.055
I 06.07/22:12:49 solver.py:159 ] Epoch: [74/200][240/282] lr: 4.08e-04 | MSE loss: 5.3321e-03 | time: 0.055
I 06.07/22:12:50 solver.py:159 ] Epoch: [74/200][260/282] lr: 4.07e-04 | MSE loss: 5.3034e-03 | time: 0.054
I 06.07/22:12:51 solver.py:159 ] Epoch: [74/200][280/282] lr: 4.07e-04 | MSE loss: 5.3838e-03 | time: 0.053
I 06.07/22:12:51 solver.py:169 ] => Train  Loss: 5.3805e-03

I 06.07/22:12:52 solver.py:405 ] [20/32] loss: 6.5068e-03 | NMSE: -1.8631e+01 | time: 0.048
I 06.07/22:12:53 solver.py:413 ] => Test NMSE: -1.9421e+01

I 06.07/22:12:53 solver.py:345 ] => LoRA monitor [epoch=74] | trainable=67584/67584 | non_lora_trainable=0 | lora_l2=1.306856e+01 | lora_A_l2=1.080785e+01 | lora_B_l2=7.346944e+00 | component_l2=encoder:1.306856e+01 | lora_abs_max=6.509916e-01 | delta_l2=1.306499e+01 | delta_rel=3.981180e+00 | train_loss=5.380461e-03 | test_loss=5.712936e-03 | nmse=-1.942111e+01
I 06.07/22:12:53 solver.py:224 ] 
=! Best NMSE: -1.9443e+01 (epoch=72)

I 06.07/22:12:54 solver.py:159 ] Epoch: [75/200][20/282] lr: 4.07e-04 | MSE loss: 4.7446e-03 | time: 0.057
I 06.07/22:12:55 solver.py:159 ] Epoch: [75/200][40/282] lr: 4.07e-04 | MSE loss: 5.5139e-03 | time: 0.056
I 06.07/22:12:56 solver.py:159 ] Epoch: [75/200][60/282] lr: 4.07e-04 | MSE loss: 5.3529e-03 | time: 0.056
I 06.07/22:12:57 solver.py:159 ] Epoch: [75/200][80/282] lr: 4.06e-04 | MSE loss: 5.4681e-03 | time: 0.055
I 06.07/22:12:58 solver.py:159 ] Epoch: [75/200][100/282] lr: 4.06e-04 | MSE loss: 5.2544e-03 | time: 0.055
I 06.07/22:12:59 solver.py:159 ] Epoch: [75/200][120/282] lr: 4.06e-04 | MSE loss: 5.3871e-03 | time: 0.055
I 06.07/22:13:01 solver.py:159 ] Epoch: [75/200][140/282] lr: 4.06e-04 | MSE loss: 5.1952e-03 | time: 0.058
I 06.07/22:13:03 solver.py:159 ] Epoch: [75/200][160/282] lr: 4.05e-04 | MSE loss: 5.1488e-03 | time: 0.068
I 06.07/22:13:05 solver.py:159 ] Epoch: [75/200][180/282] lr: 4.05e-04 | MSE loss: 5.2427e-03 | time: 0.070
I 06.07/22:13:06 solver.py:159 ] Epoch: [75/200][200/282] lr: 4.05e-04 | MSE loss: 5.2970e-03 | time: 0.068
I 06.07/22:13:07 solver.py:159 ] Epoch: [75/200][220/282] lr: 4.05e-04 | MSE loss: 5.3174e-03 | time: 0.067
I 06.07/22:13:08 solver.py:159 ] Epoch: [75/200][240/282] lr: 4.05e-04 | MSE loss: 5.2417e-03 | time: 0.066
I 06.07/22:13:09 solver.py:159 ] Epoch: [75/200][260/282] lr: 4.04e-04 | MSE loss: 5.3240e-03 | time: 0.065
I 06.07/22:13:11 solver.py:159 ] Epoch: [75/200][280/282] lr: 4.04e-04 | MSE loss: 5.4130e-03 | time: 0.064
I 06.07/22:13:11 solver.py:169 ] => Train  Loss: 5.3882e-03

I 06.07/22:13:12 solver.py:405 ] [20/32] loss: 6.4850e-03 | NMSE: -1.8631e+01 | time: 0.048
I 06.07/22:13:12 solver.py:413 ] => Test NMSE: -1.9446e+01

I 06.07/22:13:12 solver.py:345 ] => LoRA monitor [epoch=75] | trainable=67584/67584 | non_lora_trainable=0 | lora_l2=1.313320e+01 | lora_A_l2=1.085391e+01 | lora_B_l2=7.394166e+00 | component_l2=encoder:1.313320e+01 | lora_abs_max=6.523821e-01 | delta_l2=1.313080e+01 | delta_rel=4.001233e+00 | train_loss=5.388197e-03 | test_loss=5.680794e-03 | nmse=-1.944561e+01
I 06.07/22:13:13 solver.py:224 ] 
=! Best NMSE: -1.9446e+01 (epoch=75)

I 06.07/22:13:14 solver.py:159 ] Epoch: [76/200][20/282] lr: 4.04e-04 | MSE loss: 4.3591e-03 | time: 0.060
I 06.07/22:13:15 solver.py:159 ] Epoch: [76/200][40/282] lr: 4.04e-04 | MSE loss: 4.6268e-03 | time: 0.059
I 06.07/22:13:16 solver.py:159 ] Epoch: [76/200][60/282] lr: 4.03e-04 | MSE loss: 4.6172e-03 | time: 0.056
I 06.07/22:13:17 solver.py:159 ] Epoch: [76/200][80/282] lr: 4.03e-04 | MSE loss: 4.8383e-03 | time: 0.052
I 06.07/22:13:18 solver.py:159 ] Epoch: [76/200][100/282] lr: 4.03e-04 | MSE loss: 5.3059e-03 | time: 0.052
I 06.07/22:13:19 solver.py:159 ] Epoch: [76/200][120/282] lr: 4.03e-04 | MSE loss: 5.3785e-03 | time: 0.052
I 06.07/22:13:20 solver.py:159 ] Epoch: [76/200][140/282] lr: 4.02e-04 | MSE loss: 5.3244e-03 | time: 0.053
I 06.07/22:13:21 solver.py:159 ] Epoch: [76/200][160/282] lr: 4.02e-04 | MSE loss: 5.4770e-03 | time: 0.053
I 06.07/22:13:22 solver.py:159 ] Epoch: [76/200][180/282] lr: 4.02e-04 | MSE loss: 5.5382e-03 | time: 0.053
I 06.07/22:13:23 solver.py:159 ] Epoch: [76/200][200/282] lr: 4.02e-04 | MSE loss: 5.5773e-03 | time: 0.053
I 06.07/22:13:24 solver.py:159 ] Epoch: [76/200][220/282] lr: 4.02e-04 | MSE loss: 5.5168e-03 | time: 0.052
I 06.07/22:13:25 solver.py:159 ] Epoch: [76/200][240/282] lr: 4.01e-04 | MSE loss: 5.4328e-03 | time: 0.052
I 06.07/22:13:26 solver.py:159 ] Epoch: [76/200][260/282] lr: 4.01e-04 | MSE loss: 5.4445e-03 | time: 0.052
I 06.07/22:13:27 solver.py:159 ] Epoch: [76/200][280/282] lr: 4.01e-04 | MSE loss: 5.3820e-03 | time: 0.051
I 06.07/22:13:27 solver.py:169 ] => Train  Loss: 5.3898e-03

I 06.07/22:13:28 solver.py:405 ] [20/32] loss: 6.4939e-03 | NMSE: -1.8632e+01 | time: 0.047
I 06.07/22:13:29 solver.py:413 ] => Test NMSE: -1.9434e+01

I 06.07/22:13:29 solver.py:345 ] => LoRA monitor [epoch=76] | trainable=67584/67584 | non_lora_trainable=0 | lora_l2=1.319374e+01 | lora_A_l2=1.089514e+01 | lora_B_l2=7.441151e+00 | component_l2=encoder:1.319374e+01 | lora_abs_max=6.538831e-01 | delta_l2=1.319254e+01 | delta_rel=4.020045e+00 | train_loss=5.389783e-03 | test_loss=5.696029e-03 | nmse=-1.943398e+01
I 06.07/22:13:29 solver.py:224 ] 
=! Best NMSE: -1.9446e+01 (epoch=75)

I 06.07/22:13:30 solver.py:159 ] Epoch: [77/200][20/282] lr: 4.01e-04 | MSE loss: 6.5931e-03 | time: 0.047
I 06.07/22:13:31 solver.py:159 ] Epoch: [77/200][40/282] lr: 4.00e-04 | MSE loss: 5.8144e-03 | time: 0.047
I 06.07/22:13:31 solver.py:159 ] Epoch: [77/200][60/282] lr: 4.00e-04 | MSE loss: 5.7361e-03 | time: 0.046
I 06.07/22:13:32 solver.py:159 ] Epoch: [77/200][80/282] lr: 4.00e-04 | MSE loss: 5.5713e-03 | time: 0.046
I 06.07/22:13:33 solver.py:159 ] Epoch: [77/200][100/282] lr: 4.00e-04 | MSE loss: 5.4607e-03 | time: 0.047
I 06.07/22:13:34 solver.py:159 ] Epoch: [77/200][120/282] lr: 3.99e-04 | MSE loss: 5.4417e-03 | time: 0.047
I 06.07/22:13:35 solver.py:159 ] Epoch: [77/200][140/282] lr: 3.99e-04 | MSE loss: 5.5671e-03 | time: 0.047
I 06.07/22:13:36 solver.py:159 ] Epoch: [77/200][160/282] lr: 3.99e-04 | MSE loss: 5.5194e-03 | time: 0.047
I 06.07/22:13:37 solver.py:159 ] Epoch: [77/200][180/282] lr: 3.99e-04 | MSE loss: 5.5128e-03 | time: 0.047
I 06.07/22:13:38 solver.py:159 ] Epoch: [77/200][200/282] lr: 3.98e-04 | MSE loss: 5.4203e-03 | time: 0.048
I 06.07/22:13:39 solver.py:159 ] Epoch: [77/200][220/282] lr: 3.98e-04 | MSE loss: 5.3657e-03 | time: 0.047
I 06.07/22:13:40 solver.py:159 ] Epoch: [77/200][240/282] lr: 3.98e-04 | MSE loss: 5.3895e-03 | time: 0.047
I 06.07/22:13:41 solver.py:159 ] Epoch: [77/200][260/282] lr: 3.98e-04 | MSE loss: 5.4026e-03 | time: 0.047
I 06.07/22:13:42 solver.py:159 ] Epoch: [77/200][280/282] lr: 3.98e-04 | MSE loss: 5.3845e-03 | time: 0.047
I 06.07/22:13:42 solver.py:169 ] => Train  Loss: 5.4284e-03

I 06.07/22:13:43 solver.py:405 ] [20/32] loss: 6.5061e-03 | NMSE: -1.8614e+01 | time: 0.041
I 06.07/22:13:43 solver.py:413 ] => Test NMSE: -1.9418e+01

I 06.07/22:13:43 solver.py:345 ] => LoRA monitor [epoch=77] | trainable=67584/67584 | non_lora_trainable=0 | lora_l2=1.326218e+01 | lora_A_l2=1.094508e+01 | lora_B_l2=7.489370e+00 | component_l2=encoder:1.326218e+01 | lora_abs_max=6.556057e-01 | delta_l2=1.326203e+01 | delta_rel=4.041221e+00 | train_loss=5.428397e-03 | test_loss=5.716837e-03 | nmse=-1.941814e+01
I 06.07/22:13:43 solver.py:224 ] 
=! Best NMSE: -1.9446e+01 (epoch=75)

I 06.07/22:13:44 solver.py:159 ] Epoch: [78/200][20/282] lr: 3.97e-04 | MSE loss: 4.4614e-03 | time: 0.049
I 06.07/22:13:45 solver.py:159 ] Epoch: [78/200][40/282] lr: 3.97e-04 | MSE loss: 4.7088e-03 | time: 0.048
I 06.07/22:13:46 solver.py:159 ] Epoch: [78/200][60/282] lr: 3.97e-04 | MSE loss: 4.7620e-03 | time: 0.048
I 06.07/22:13:47 solver.py:159 ] Epoch: [78/200][80/282] lr: 3.97e-04 | MSE loss: 5.3509e-03 | time: 0.048
I 06.07/22:13:48 solver.py:159 ] Epoch: [78/200][100/282] lr: 3.96e-04 | MSE loss: 5.4787e-03 | time: 0.048
I 06.07/22:13:49 solver.py:159 ] Epoch: [78/200][120/282] lr: 3.96e-04 | MSE loss: 5.3392e-03 | time: 0.048
I 06.07/22:13:50 solver.py:159 ] Epoch: [78/200][140/282] lr: 3.96e-04 | MSE loss: 5.1945e-03 | time: 0.048
I 06.07/22:13:51 solver.py:159 ] Epoch: [78/200][160/282] lr: 3.96e-04 | MSE loss: 5.2534e-03 | time: 0.047
I 06.07/22:13:52 solver.py:159 ] Epoch: [78/200][180/282] lr: 3.95e-04 | MSE loss: 5.2926e-03 | time: 0.047
I 06.07/22:13:52 solver.py:159 ] Epoch: [78/200][200/282] lr: 3.95e-04 | MSE loss: 5.3042e-03 | time: 0.047
I 06.07/22:13:53 solver.py:159 ] Epoch: [78/200][220/282] lr: 3.95e-04 | MSE loss: 5.3425e-03 | time: 0.047
I 06.07/22:13:54 solver.py:159 ] Epoch: [78/200][240/282] lr: 3.95e-04 | MSE loss: 5.4147e-03 | time: 0.047
I 06.07/22:13:55 solver.py:159 ] Epoch: [78/200][260/282] lr: 3.94e-04 | MSE loss: 5.4094e-03 | time: 0.047
I 06.07/22:13:56 solver.py:159 ] Epoch: [78/200][280/282] lr: 3.94e-04 | MSE loss: 5.3955e-03 | time: 0.047
I 06.07/22:13:56 solver.py:169 ] => Train  Loss: 5.4014e-03

I 06.07/22:13:57 solver.py:405 ] [20/32] loss: 6.4998e-03 | NMSE: -1.8621e+01 | time: 0.039
I 06.07/22:13:57 solver.py:413 ] => Test NMSE: -1.9427e+01

I 06.07/22:13:57 solver.py:345 ] => LoRA monitor [epoch=78] | trainable=67584/67584 | non_lora_trainable=0 | lora_l2=1.332036e+01 | lora_A_l2=1.098636e+01 | lora_B_l2=7.532050e+00 | component_l2=encoder:1.332036e+01 | lora_abs_max=6.586692e-01 | delta_l2=1.332165e+01 | delta_rel=4.059389e+00 | train_loss=5.401407e-03 | test_loss=5.705250e-03 | nmse=-1.942695e+01
I 06.07/22:13:57 solver.py:224 ] 
=! Best NMSE: -1.9446e+01 (epoch=75)

I 06.07/22:13:58 solver.py:159 ] Epoch: [79/200][20/282] lr: 3.94e-04 | MSE loss: 4.7606e-03 | time: 0.050
I 06.07/22:13:59 solver.py:159 ] Epoch: [79/200][40/282] lr: 3.94e-04 | MSE loss: 5.7306e-03 | time: 0.048
I 06.07/22:14:00 solver.py:159 ] Epoch: [79/200][60/282] lr: 3.94e-04 | MSE loss: 6.0927e-03 | time: 0.049
I 06.07/22:14:03 solver.py:159 ] Epoch: [79/200][80/282] lr: 3.93e-04 | MSE loss: 5.5585e-03 | time: 0.064
I 06.07/22:14:04 solver.py:159 ] Epoch: [79/200][100/282] lr: 3.93e-04 | MSE loss: 5.7441e-03 | time: 0.070
I 06.07/22:14:05 solver.py:159 ] Epoch: [79/200][120/282] lr: 3.93e-04 | MSE loss: 5.5364e-03 | time: 0.067
I 06.07/22:14:06 solver.py:159 ] Epoch: [79/200][140/282] lr: 3.93e-04 | MSE loss: 5.3252e-03 | time: 0.063
I 06.07/22:14:07 solver.py:159 ] Epoch: [79/200][160/282] lr: 3.92e-04 | MSE loss: 5.5017e-03 | time: 0.062
I 06.07/22:14:08 solver.py:159 ] Epoch: [79/200][180/282] lr: 3.92e-04 | MSE loss: 5.4125e-03 | time: 0.060
I 06.07/22:14:09 solver.py:159 ] Epoch: [79/200][200/282] lr: 3.92e-04 | MSE loss: 5.3578e-03 | time: 0.058
I 06.07/22:14:10 solver.py:159 ] Epoch: [79/200][220/282] lr: 3.92e-04 | MSE loss: 5.2996e-03 | time: 0.058
I 06.07/22:14:11 solver.py:159 ] Epoch: [79/200][240/282] lr: 3.91e-04 | MSE loss: 5.3466e-03 | time: 0.057
I 06.07/22:14:12 solver.py:159 ] Epoch: [79/200][260/282] lr: 3.91e-04 | MSE loss: 5.4363e-03 | time: 0.056
I 06.07/22:14:13 solver.py:159 ] Epoch: [79/200][280/282] lr: 3.91e-04 | MSE loss: 5.3894e-03 | time: 0.055
I 06.07/22:14:13 solver.py:169 ] => Train  Loss: 5.3665e-03

I 06.07/22:14:14 solver.py:405 ] [20/32] loss: 6.5538e-03 | NMSE: -1.8589e+01 | time: 0.044
I 06.07/22:14:15 solver.py:413 ] => Test NMSE: -1.9403e+01

I 06.07/22:14:15 solver.py:345 ] => LoRA monitor [epoch=79] | trainable=67584/67584 | non_lora_trainable=0 | lora_l2=1.338538e+01 | lora_A_l2=1.103180e+01 | lora_B_l2=7.580762e+00 | component_l2=encoder:1.338538e+01 | lora_abs_max=6.589947e-01 | delta_l2=1.338725e+01 | delta_rel=4.079376e+00 | train_loss=5.366527e-03 | test_loss=5.737173e-03 | nmse=-1.940272e+01
I 06.07/22:14:15 solver.py:224 ] 
=! Best NMSE: -1.9446e+01 (epoch=75)

I 06.07/22:14:15 solver.py:159 ] Epoch: [80/200][20/282] lr: 3.91e-04 | MSE loss: 4.5051e-03 | time: 0.046
I 06.07/22:14:16 solver.py:159 ] Epoch: [80/200][40/282] lr: 3.90e-04 | MSE loss: 5.0746e-03 | time: 0.045
I 06.07/22:14:17 solver.py:159 ] Epoch: [80/200][60/282] lr: 3.90e-04 | MSE loss: 4.9482e-03 | time: 0.046
I 06.07/22:14:18 solver.py:159 ] Epoch: [80/200][80/282] lr: 3.90e-04 | MSE loss: 5.0358e-03 | time: 0.046
I 06.07/22:14:19 solver.py:159 ] Epoch: [80/200][100/282] lr: 3.90e-04 | MSE loss: 5.0421e-03 | time: 0.047
I 06.07/22:14:20 solver.py:159 ] Epoch: [80/200][120/282] lr: 3.89e-04 | MSE loss: 5.0768e-03 | time: 0.047
I 06.07/22:14:21 solver.py:159 ] Epoch: [80/200][140/282] lr: 3.89e-04 | MSE loss: 5.5274e-03 | time: 0.047
I 06.07/22:14:22 solver.py:159 ] Epoch: [80/200][160/282] lr: 3.89e-04 | MSE loss: 5.5450e-03 | time: 0.046
I 06.07/22:14:23 solver.py:159 ] Epoch: [80/200][180/282] lr: 3.89e-04 | MSE loss: 5.3108e-03 | time: 0.046
I 06.07/22:14:24 solver.py:159 ] Epoch: [80/200][200/282] lr: 3.88e-04 | MSE loss: 5.2134e-03 | time: 0.046
I 06.07/22:14:25 solver.py:159 ] Epoch: [80/200][220/282] lr: 3.88e-04 | MSE loss: 5.1984e-03 | time: 0.046
I 06.07/22:14:26 solver.py:159 ] Epoch: [80/200][240/282] lr: 3.88e-04 | MSE loss: 5.2117e-03 | time: 0.046
I 06.07/22:14:26 solver.py:159 ] Epoch: [80/200][260/282] lr: 3.88e-04 | MSE loss: 5.2760e-03 | time: 0.046
I 06.07/22:14:27 solver.py:159 ] Epoch: [80/200][280/282] lr: 3.88e-04 | MSE loss: 5.3797e-03 | time: 0.046
I 06.07/22:14:27 solver.py:169 ] => Train  Loss: 5.3721e-03

I 06.07/22:14:28 solver.py:159 ] Epoch: [80/200][20/32] lr: 3.88e-04 | MSE loss: 6.4923e-03 | time: 0.041
I 06.07/22:14:29 solver.py:169 ] => Val  Loss: 5.6014e-03

I 06.07/22:14:29 solver.py:405 ] [20/32] loss: 6.4923e-03 | NMSE: -1.8643e+01 | time: 0.037
I 06.07/22:14:30 solver.py:413 ] => Test NMSE: -1.9435e+01

I 06.07/22:14:30 solver.py:345 ] => LoRA monitor [epoch=80] | trainable=67584/67584 | non_lora_trainable=0 | lora_l2=1.344461e+01 | lora_A_l2=1.107351e+01 | lora_B_l2=7.624635e+00 | component_l2=encoder:1.344461e+01 | lora_abs_max=6.622257e-01 | delta_l2=1.344705e+01 | delta_rel=4.097600e+00 | train_loss=5.372127e-03 | val_loss=5.601393e-03 | test_loss=5.695045e-03 | nmse=-1.943473e+01
I 06.07/22:14:30 solver.py:224 ] 
=! Best NMSE: -1.9446e+01 (epoch=75)

I 06.07/22:14:31 solver.py:159 ] Epoch: [81/200][20/282] lr: 3.87e-04 | MSE loss: 6.1714e-03 | time: 0.048
I 06.07/22:14:32 solver.py:159 ] Epoch: [81/200][40/282] lr: 3.87e-04 | MSE loss: 5.5399e-03 | time: 0.048
I 06.07/22:14:33 solver.py:159 ] Epoch: [81/200][60/282] lr: 3.87e-04 | MSE loss: 4.9236e-03 | time: 0.048
I 06.07/22:14:34 solver.py:159 ] Epoch: [81/200][80/282] lr: 3.87e-04 | MSE loss: 5.0101e-03 | time: 0.047
I 06.07/22:14:35 solver.py:159 ] Epoch: [81/200][100/282] lr: 3.86e-04 | MSE loss: 5.2668e-03 | time: 0.047
I 06.07/22:14:35 solver.py:159 ] Epoch: [81/200][120/282] lr: 3.86e-04 | MSE loss: 5.3294e-03 | time: 0.047
I 06.07/22:14:36 solver.py:159 ] Epoch: [81/200][140/282] lr: 3.86e-04 | MSE loss: 5.4474e-03 | time: 0.047
I 06.07/22:14:37 solver.py:159 ] Epoch: [81/200][160/282] lr: 3.86e-04 | MSE loss: 5.5767e-03 | time: 0.047
I 06.07/22:14:38 solver.py:159 ] Epoch: [81/200][180/282] lr: 3.85e-04 | MSE loss: 5.6648e-03 | time: 0.047
I 06.07/22:14:39 solver.py:159 ] Epoch: [81/200][200/282] lr: 3.85e-04 | MSE loss: 5.5523e-03 | time: 0.047
I 06.07/22:14:40 solver.py:159 ] Epoch: [81/200][220/282] lr: 3.85e-04 | MSE loss: 5.4711e-03 | time: 0.048
I 06.07/22:14:41 solver.py:159 ] Epoch: [81/200][240/282] lr: 3.85e-04 | MSE loss: 5.4505e-03 | time: 0.048
I 06.07/22:14:42 solver.py:159 ] Epoch: [81/200][260/282] lr: 3.84e-04 | MSE loss: 5.3929e-03 | time: 0.048
I 06.07/22:14:43 solver.py:159 ] Epoch: [81/200][280/282] lr: 3.84e-04 | MSE loss: 5.4073e-03 | time: 0.047
I 06.07/22:14:43 solver.py:169 ] => Train  Loss: 5.3799e-03

I 06.07/22:14:44 solver.py:405 ] [20/32] loss: 6.4731e-03 | NMSE: -1.8648e+01 | time: 0.029
I 06.07/22:14:44 solver.py:413 ] => Test NMSE: -1.9452e+01

I 06.07/22:14:44 solver.py:345 ] => LoRA monitor [epoch=81] | trainable=67584/67584 | non_lora_trainable=0 | lora_l2=1.349473e+01 | lora_A_l2=1.110837e+01 | lora_B_l2=7.662367e+00 | component_l2=encoder:1.349473e+01 | lora_abs_max=6.670076e-01 | delta_l2=1.349860e+01 | delta_rel=4.113309e+00 | train_loss=5.379941e-03 | test_loss=5.672256e-03 | nmse=-1.945214e+01
I 06.07/22:14:44 solver.py:224 ] 
=! Best NMSE: -1.9452e+01 (epoch=81)

I 06.07/22:14:45 solver.py:159 ] Epoch: [82/200][20/282] lr: 3.84e-04 | MSE loss: 5.4302e-03 | time: 0.046
I 06.07/22:14:46 solver.py:159 ] Epoch: [82/200][40/282] lr: 3.84e-04 | MSE loss: 5.3639e-03 | time: 0.046
I 06.07/22:14:47 solver.py:159 ] Epoch: [82/200][60/282] lr: 3.83e-04 | MSE loss: 5.2536e-03 | time: 0.046
I 06.07/22:14:48 solver.py:159 ] Epoch: [82/200][80/282] lr: 3.83e-04 | MSE loss: 5.2453e-03 | time: 0.046
I 06.07/22:14:49 solver.py:159 ] Epoch: [82/200][100/282] lr: 3.83e-04 | MSE loss: 5.3063e-03 | time: 0.046
I 06.07/22:14:50 solver.py:159 ] Epoch: [82/200][120/282] lr: 3.83e-04 | MSE loss: 5.3490e-03 | time: 0.046
I 06.07/22:14:51 solver.py:159 ] Epoch: [82/200][140/282] lr: 3.82e-04 | MSE loss: 5.2707e-03 | time: 0.046
I 06.07/22:14:52 solver.py:159 ] Epoch: [82/200][160/282] lr: 3.82e-04 | MSE loss: 5.2774e-03 | time: 0.046
I 06.07/22:14:53 solver.py:159 ] Epoch: [82/200][180/282] lr: 3.82e-04 | MSE loss: 5.2660e-03 | time: 0.047
I 06.07/22:14:54 solver.py:159 ] Epoch: [82/200][200/282] lr: 3.82e-04 | MSE loss: 5.4480e-03 | time: 0.047
I 06.07/22:14:55 solver.py:159 ] Epoch: [82/200][220/282] lr: 3.81e-04 | MSE loss: 5.3389e-03 | time: 0.046
I 06.07/22:14:56 solver.py:159 ] Epoch: [82/200][240/282] lr: 3.81e-04 | MSE loss: 5.3439e-03 | time: 0.046
I 06.07/22:14:56 solver.py:159 ] Epoch: [82/200][260/282] lr: 3.81e-04 | MSE loss: 5.3280e-03 | time: 0.046
I 06.07/22:14:57 solver.py:159 ] Epoch: [82/200][280/282] lr: 3.81e-04 | MSE loss: 5.3671e-03 | time: 0.046
I 06.07/22:14:57 solver.py:169 ] => Train  Loss: 5.4506e-03

I 06.07/22:14:58 solver.py:405 ] [20/32] loss: 6.4825e-03 | NMSE: -1.8639e+01 | time: 0.042
I 06.07/22:14:59 solver.py:413 ] => Test NMSE: -1.9440e+01

I 06.07/22:14:59 solver.py:345 ] => LoRA monitor [epoch=82] | trainable=67584/67584 | non_lora_trainable=0 | lora_l2=1.354837e+01 | lora_A_l2=1.114631e+01 | lora_B_l2=7.701832e+00 | component_l2=encoder:1.354837e+01 | lora_abs_max=6.651524e-01 | delta_l2=1.355330e+01 | delta_rel=4.129975e+00 | train_loss=5.450574e-03 | test_loss=5.688372e-03 | nmse=-1.943982e+01
I 06.07/22:14:59 solver.py:224 ] 
=! Best NMSE: -1.9452e+01 (epoch=81)

I 06.07/22:15:00 solver.py:159 ] Epoch: [83/200][20/282] lr: 3.80e-04 | MSE loss: 4.9406e-03 | time: 0.052
I 06.07/22:15:02 solver.py:159 ] Epoch: [83/200][40/282] lr: 3.80e-04 | MSE loss: 5.6053e-03 | time: 0.077
I 06.07/22:15:04 solver.py:159 ] Epoch: [83/200][60/282] lr: 3.80e-04 | MSE loss: 5.4281e-03 | time: 0.084
I 06.07/22:15:05 solver.py:159 ] Epoch: [83/200][80/282] lr: 3.80e-04 | MSE loss: 5.0935e-03 | time: 0.076
I 06.07/22:15:06 solver.py:159 ] Epoch: [83/200][100/282] lr: 3.79e-04 | MSE loss: 4.9242e-03 | time: 0.071
I 06.07/22:15:07 solver.py:159 ] Epoch: [83/200][120/282] lr: 3.79e-04 | MSE loss: 5.0499e-03 | time: 0.067
I 06.07/22:15:08 solver.py:159 ] Epoch: [83/200][140/282] lr: 3.79e-04 | MSE loss: 5.0453e-03 | time: 0.063
I 06.07/22:15:09 solver.py:159 ] Epoch: [83/200][160/282] lr: 3.79e-04 | MSE loss: 5.3379e-03 | time: 0.061
I 06.07/22:15:10 solver.py:159 ] Epoch: [83/200][180/282] lr: 3.78e-04 | MSE loss: 5.3558e-03 | time: 0.060
I 06.07/22:15:11 solver.py:159 ] Epoch: [83/200][200/282] lr: 3.78e-04 | MSE loss: 5.3223e-03 | time: 0.059
I 06.07/22:15:12 solver.py:159 ] Epoch: [83/200][220/282] lr: 3.78e-04 | MSE loss: 5.3479e-03 | time: 0.057
I 06.07/22:15:12 solver.py:159 ] Epoch: [83/200][240/282] lr: 3.78e-04 | MSE loss: 5.3374e-03 | time: 0.056
I 06.07/22:15:13 solver.py:159 ] Epoch: [83/200][260/282] lr: 3.77e-04 | MSE loss: 5.3373e-03 | time: 0.054
I 06.07/22:15:14 solver.py:159 ] Epoch: [83/200][280/282] lr: 3.77e-04 | MSE loss: 5.3944e-03 | time: 0.053
I 06.07/22:15:14 solver.py:169 ] => Train  Loss: 5.3708e-03

I 06.07/22:15:15 solver.py:405 ] [20/32] loss: 6.4839e-03 | NMSE: -1.8640e+01 | time: 0.032
I 06.07/22:15:15 solver.py:413 ] => Test NMSE: -1.9446e+01

I 06.07/22:15:15 solver.py:345 ] => LoRA monitor [epoch=83] | trainable=67584/67584 | non_lora_trainable=0 | lora_l2=1.360422e+01 | lora_A_l2=1.118621e+01 | lora_B_l2=7.742315e+00 | component_l2=encoder:1.360422e+01 | lora_abs_max=6.679434e-01 | delta_l2=1.361007e+01 | delta_rel=4.147275e+00 | train_loss=5.370829e-03 | test_loss=5.679733e-03 | nmse=-1.944642e+01
I 06.07/22:15:15 solver.py:224 ] 
=! Best NMSE: -1.9452e+01 (epoch=81)

I 06.07/22:15:16 solver.py:159 ] Epoch: [84/200][20/282] lr: 3.77e-04 | MSE loss: 3.9940e-03 | time: 0.036
I 06.07/22:15:17 solver.py:159 ] Epoch: [84/200][40/282] lr: 3.77e-04 | MSE loss: 5.1751e-03 | time: 0.038
I 06.07/22:15:17 solver.py:159 ] Epoch: [84/200][60/282] lr: 3.76e-04 | MSE loss: 4.9112e-03 | time: 0.038
I 06.07/22:15:18 solver.py:159 ] Epoch: [84/200][80/282] lr: 3.76e-04 | MSE loss: 5.1765e-03 | time: 0.038
I 06.07/22:15:19 solver.py:159 ] Epoch: [84/200][100/282] lr: 3.76e-04 | MSE loss: 5.2106e-03 | time: 0.037
I 06.07/22:15:20 solver.py:159 ] Epoch: [84/200][120/282] lr: 3.76e-04 | MSE loss: 5.4090e-03 | time: 0.038
I 06.07/22:15:20 solver.py:159 ] Epoch: [84/200][140/282] lr: 3.75e-04 | MSE loss: 5.4391e-03 | time: 0.038
I 06.07/22:15:21 solver.py:159 ] Epoch: [84/200][160/282] lr: 3.75e-04 | MSE loss: 5.3907e-03 | time: 0.038
I 06.07/22:15:22 solver.py:159 ] Epoch: [84/200][180/282] lr: 3.75e-04 | MSE loss: 5.4093e-03 | time: 0.038
I 06.07/22:15:23 solver.py:159 ] Epoch: [84/200][200/282] lr: 3.75e-04 | MSE loss: 5.3965e-03 | time: 0.038
I 06.07/22:15:23 solver.py:159 ] Epoch: [84/200][220/282] lr: 3.74e-04 | MSE loss: 5.3834e-03 | time: 0.038
I 06.07/22:15:24 solver.py:159 ] Epoch: [84/200][240/282] lr: 3.74e-04 | MSE loss: 5.3798e-03 | time: 0.037
I 06.07/22:15:25 solver.py:159 ] Epoch: [84/200][260/282] lr: 3.74e-04 | MSE loss: 5.4521e-03 | time: 0.038
I 06.07/22:15:26 solver.py:159 ] Epoch: [84/200][280/282] lr: 3.74e-04 | MSE loss: 5.3773e-03 | time: 0.038
I 06.07/22:15:26 solver.py:169 ] => Train  Loss: 5.3892e-03

I 06.07/22:15:26 solver.py:405 ] [20/32] loss: 6.4657e-03 | NMSE: -1.8656e+01 | time: 0.031
I 06.07/22:15:27 solver.py:413 ] => Test NMSE: -1.9453e+01

I 06.07/22:15:27 solver.py:345 ] => LoRA monitor [epoch=84] | trainable=67584/67584 | non_lora_trainable=0 | lora_l2=1.366088e+01 | lora_A_l2=1.122700e+01 | lora_B_l2=7.782945e+00 | component_l2=encoder:1.366088e+01 | lora_abs_max=6.709074e-01 | delta_l2=1.366740e+01 | delta_rel=4.164747e+00 | train_loss=5.389220e-03 | test_loss=5.671773e-03 | nmse=-1.945251e+01
I 06.07/22:15:27 solver.py:224 ] 
=! Best NMSE: -1.9453e+01 (epoch=84)

I 06.07/22:15:28 solver.py:159 ] Epoch: [85/200][20/282] lr: 3.73e-04 | MSE loss: 5.7437e-03 | time: 0.040
I 06.07/22:15:28 solver.py:159 ] Epoch: [85/200][40/282] lr: 3.73e-04 | MSE loss: 5.4183e-03 | time: 0.038
I 06.07/22:15:29 solver.py:159 ] Epoch: [85/200][60/282] lr: 3.73e-04 | MSE loss: 5.3538e-03 | time: 0.038
I 06.07/22:15:30 solver.py:159 ] Epoch: [85/200][80/282] lr: 3.73e-04 | MSE loss: 5.3149e-03 | time: 0.038
I 06.07/22:15:31 solver.py:159 ] Epoch: [85/200][100/282] lr: 3.72e-04 | MSE loss: 5.2133e-03 | time: 0.038
I 06.07/22:15:31 solver.py:159 ] Epoch: [85/200][120/282] lr: 3.72e-04 | MSE loss: 5.2914e-03 | time: 0.037
I 06.07/22:15:32 solver.py:159 ] Epoch: [85/200][140/282] lr: 3.72e-04 | MSE loss: 5.2212e-03 | time: 0.037
I 06.07/22:15:33 solver.py:159 ] Epoch: [85/200][160/282] lr: 3.72e-04 | MSE loss: 5.3120e-03 | time: 0.037
I 06.07/22:15:33 solver.py:159 ] Epoch: [85/200][180/282] lr: 3.71e-04 | MSE loss: 5.2560e-03 | time: 0.037
I 06.07/22:15:34 solver.py:159 ] Epoch: [85/200][200/282] lr: 3.71e-04 | MSE loss: 5.2891e-03 | time: 0.037
I 06.07/22:15:35 solver.py:159 ] Epoch: [85/200][220/282] lr: 3.71e-04 | MSE loss: 5.3451e-03 | time: 0.037
I 06.07/22:15:36 solver.py:159 ] Epoch: [85/200][240/282] lr: 3.71e-04 | MSE loss: 5.3727e-03 | time: 0.037
I 06.07/22:15:36 solver.py:159 ] Epoch: [85/200][260/282] lr: 3.70e-04 | MSE loss: 5.3761e-03 | time: 0.037
I 06.07/22:15:37 solver.py:159 ] Epoch: [85/200][280/282] lr: 3.70e-04 | MSE loss: 5.3691e-03 | time: 0.037
I 06.07/22:15:37 solver.py:169 ] => Train  Loss: 5.3748e-03

I 06.07/22:15:38 solver.py:405 ] [20/32] loss: 6.4666e-03 | NMSE: -1.8654e+01 | time: 0.031
I 06.07/22:15:38 solver.py:413 ] => Test NMSE: -1.9452e+01

I 06.07/22:15:38 solver.py:345 ] => LoRA monitor [epoch=85] | trainable=67584/67584 | non_lora_trainable=0 | lora_l2=1.371853e+01 | lora_A_l2=1.126815e+01 | lora_B_l2=7.824768e+00 | component_l2=encoder:1.371853e+01 | lora_abs_max=6.727391e-01 | delta_l2=1.372552e+01 | delta_rel=4.182455e+00 | train_loss=5.374769e-03 | test_loss=5.671880e-03 | nmse=-1.945243e+01
I 06.07/22:15:38 solver.py:224 ] 
=! Best NMSE: -1.9453e+01 (epoch=84)

I 06.07/22:15:39 solver.py:159 ] Epoch: [86/200][20/282] lr: 3.70e-04 | MSE loss: 6.2036e-03 | time: 0.040
I 06.07/22:15:40 solver.py:159 ] Epoch: [86/200][40/282] lr: 3.70e-04 | MSE loss: 5.3843e-03 | time: 0.038
I 06.07/22:15:41 solver.py:159 ] Epoch: [86/200][60/282] lr: 3.69e-04 | MSE loss: 5.4664e-03 | time: 0.039
I 06.07/22:15:41 solver.py:159 ] Epoch: [86/200][80/282] lr: 3.69e-04 | MSE loss: 5.3719e-03 | time: 0.039
I 06.07/22:15:42 solver.py:159 ] Epoch: [86/200][100/282] lr: 3.69e-04 | MSE loss: 5.3690e-03 | time: 0.039
I 06.07/22:15:43 solver.py:159 ] Epoch: [86/200][120/282] lr: 3.69e-04 | MSE loss: 5.3856e-03 | time: 0.038
I 06.07/22:15:44 solver.py:159 ] Epoch: [86/200][140/282] lr: 3.68e-04 | MSE loss: 5.3455e-03 | time: 0.038
I 06.07/22:15:44 solver.py:159 ] Epoch: [86/200][160/282] lr: 3.68e-04 | MSE loss: 5.2787e-03 | time: 0.038
I 06.07/22:15:45 solver.py:159 ] Epoch: [86/200][180/282] lr: 3.68e-04 | MSE loss: 5.2123e-03 | time: 0.038
I 06.07/22:15:46 solver.py:159 ] Epoch: [86/200][200/282] lr: 3.68e-04 | MSE loss: 5.2771e-03 | time: 0.038
I 06.07/22:15:47 solver.py:159 ] Epoch: [86/200][220/282] lr: 3.67e-04 | MSE loss: 5.2606e-03 | time: 0.038
I 06.07/22:15:47 solver.py:159 ] Epoch: [86/200][240/282] lr: 3.67e-04 | MSE loss: 5.3316e-03 | time: 0.038
I 06.07/22:15:48 solver.py:159 ] Epoch: [86/200][260/282] lr: 3.67e-04 | MSE loss: 5.3501e-03 | time: 0.038
I 06.07/22:15:49 solver.py:159 ] Epoch: [86/200][280/282] lr: 3.67e-04 | MSE loss: 5.3776e-03 | time: 0.038
I 06.07/22:15:49 solver.py:169 ] => Train  Loss: 5.3584e-03

I 06.07/22:15:50 solver.py:405 ] [20/32] loss: 6.5187e-03 | NMSE: -1.8612e+01 | time: 0.032
I 06.07/22:15:50 solver.py:413 ] => Test NMSE: -1.9424e+01

I 06.07/22:15:50 solver.py:345 ] => LoRA monitor [epoch=86] | trainable=67584/67584 | non_lora_trainable=0 | lora_l2=1.376979e+01 | lora_A_l2=1.130488e+01 | lora_B_l2=7.861731e+00 | component_l2=encoder:1.376979e+01 | lora_abs_max=6.732039e-01 | delta_l2=1.377771e+01 | delta_rel=4.198360e+00 | train_loss=5.358361e-03 | test_loss=5.709319e-03 | nmse=-1.942386e+01
I 06.07/22:15:50 solver.py:224 ] 
=! Best NMSE: -1.9453e+01 (epoch=84)

I 06.07/22:15:51 solver.py:159 ] Epoch: [87/200][20/282] lr: 3.66e-04 | MSE loss: 5.7432e-03 | time: 0.040
I 06.07/22:15:52 solver.py:159 ] Epoch: [87/200][40/282] lr: 3.66e-04 | MSE loss: 6.3722e-03 | time: 0.040
I 06.07/22:15:52 solver.py:159 ] Epoch: [87/200][60/282] lr: 3.66e-04 | MSE loss: 5.8413e-03 | time: 0.038
I 06.07/22:15:53 solver.py:159 ] Epoch: [87/200][80/282] lr: 3.65e-04 | MSE loss: 5.7030e-03 | time: 0.039
I 06.07/22:15:54 solver.py:159 ] Epoch: [87/200][100/282] lr: 3.65e-04 | MSE loss: 5.4123e-03 | time: 0.038
I 06.07/22:15:55 solver.py:159 ] Epoch: [87/200][120/282] lr: 3.65e-04 | MSE loss: 5.4115e-03 | time: 0.038
I 06.07/22:15:55 solver.py:159 ] Epoch: [87/200][140/282] lr: 3.65e-04 | MSE loss: 5.3003e-03 | time: 0.038
I 06.07/22:15:56 solver.py:159 ] Epoch: [87/200][160/282] lr: 3.64e-04 | MSE loss: 5.2182e-03 | time: 0.038
I 06.07/22:15:57 solver.py:159 ] Epoch: [87/200][180/282] lr: 3.64e-04 | MSE loss: 5.2504e-03 | time: 0.037
I 06.07/22:15:57 solver.py:159 ] Epoch: [87/200][200/282] lr: 3.64e-04 | MSE loss: 5.3409e-03 | time: 0.037
I 06.07/22:15:58 solver.py:159 ] Epoch: [87/200][220/282] lr: 3.64e-04 | MSE loss: 5.3628e-03 | time: 0.037
I 06.07/22:15:59 solver.py:159 ] Epoch: [87/200][240/282] lr: 3.63e-04 | MSE loss: 5.2985e-03 | time: 0.037
I 06.07/22:16:00 solver.py:159 ] Epoch: [87/200][260/282] lr: 3.63e-04 | MSE loss: 5.4229e-03 | time: 0.037
I 06.07/22:16:01 solver.py:159 ] Epoch: [87/200][280/282] lr: 3.63e-04 | MSE loss: 5.3662e-03 | time: 0.038
I 06.07/22:16:01 solver.py:169 ] => Train  Loss: 5.3557e-03

I 06.07/22:16:02 solver.py:405 ] [20/32] loss: 6.4836e-03 | NMSE: -1.8639e+01 | time: 0.058
I 06.07/22:16:03 solver.py:413 ] => Test NMSE: -1.9447e+01

I 06.07/22:16:03 solver.py:345 ] => LoRA monitor [epoch=87] | trainable=67584/67584 | non_lora_trainable=0 | lora_l2=1.381921e+01 | lora_A_l2=1.133943e+01 | lora_B_l2=7.898607e+00 | component_l2=encoder:1.381921e+01 | lora_abs_max=6.727118e-01 | delta_l2=1.382815e+01 | delta_rel=4.213730e+00 | train_loss=5.355730e-03 | test_loss=5.679010e-03 | nmse=-1.944698e+01
I 06.07/22:16:03 solver.py:224 ] 
=! Best NMSE: -1.9453e+01 (epoch=84)

I 06.07/22:16:04 solver.py:159 ] Epoch: [88/200][20/282] lr: 3.63e-04 | MSE loss: 5.9343e-03 | time: 0.076
I 06.07/22:16:05 solver.py:159 ] Epoch: [88/200][40/282] lr: 3.62e-04 | MSE loss: 5.6503e-03 | time: 0.058
I 06.07/22:16:06 solver.py:159 ] Epoch: [88/200][60/282] lr: 3.62e-04 | MSE loss: 5.7287e-03 | time: 0.052
I 06.07/22:16:07 solver.py:159 ] Epoch: [88/200][80/282] lr: 3.62e-04 | MSE loss: 5.5974e-03 | time: 0.048
I 06.07/22:16:07 solver.py:159 ] Epoch: [88/200][100/282] lr: 3.62e-04 | MSE loss: 5.7531e-03 | time: 0.046
I 06.07/22:16:08 solver.py:159 ] Epoch: [88/200][120/282] lr: 3.61e-04 | MSE loss: 5.5788e-03 | time: 0.045
I 06.07/22:16:09 solver.py:159 ] Epoch: [88/200][140/282] lr: 3.61e-04 | MSE loss: 5.4609e-03 | time: 0.043
I 06.07/22:16:10 solver.py:159 ] Epoch: [88/200][160/282] lr: 3.61e-04 | MSE loss: 5.3971e-03 | time: 0.042
I 06.07/22:16:10 solver.py:159 ] Epoch: [88/200][180/282] lr: 3.61e-04 | MSE loss: 5.3692e-03 | time: 0.042
I 06.07/22:16:11 solver.py:159 ] Epoch: [88/200][200/282] lr: 3.60e-04 | MSE loss: 5.4189e-03 | time: 0.042
I 06.07/22:16:12 solver.py:159 ] Epoch: [88/200][220/282] lr: 3.60e-04 | MSE loss: 5.4464e-03 | time: 0.041
I 06.07/22:16:13 solver.py:159 ] Epoch: [88/200][240/282] lr: 3.60e-04 | MSE loss: 5.4442e-03 | time: 0.041
I 06.07/22:16:13 solver.py:159 ] Epoch: [88/200][260/282] lr: 3.60e-04 | MSE loss: 5.4067e-03 | time: 0.040
I 06.07/22:16:14 solver.py:159 ] Epoch: [88/200][280/282] lr: 3.59e-04 | MSE loss: 5.3875e-03 | time: 0.040
I 06.07/22:16:14 solver.py:169 ] => Train  Loss: 5.3767e-03

I 06.07/22:16:15 solver.py:405 ] [20/32] loss: 6.4637e-03 | NMSE: -1.8655e+01 | time: 0.031
I 06.07/22:16:15 solver.py:413 ] => Test NMSE: -1.9456e+01

I 06.07/22:16:15 solver.py:345 ] => LoRA monitor [epoch=88] | trainable=67584/67584 | non_lora_trainable=0 | lora_l2=1.386374e+01 | lora_A_l2=1.137036e+01 | lora_B_l2=7.932114e+00 | component_l2=encoder:1.386374e+01 | lora_abs_max=6.733128e-01 | delta_l2=1.387327e+01 | delta_rel=4.227479e+00 | train_loss=5.376734e-03 | test_loss=5.666777e-03 | nmse=-1.945634e+01
I 06.07/22:16:15 solver.py:224 ] 
=! Best NMSE: -1.9456e+01 (epoch=88)

I 06.07/22:16:16 solver.py:159 ] Epoch: [89/200][20/282] lr: 3.59e-04 | MSE loss: 5.6424e-03 | time: 0.039
I 06.07/22:16:17 solver.py:159 ] Epoch: [89/200][40/282] lr: 3.59e-04 | MSE loss: 5.2547e-03 | time: 0.038
I 06.07/22:16:17 solver.py:159 ] Epoch: [89/200][60/282] lr: 3.59e-04 | MSE loss: 5.4395e-03 | time: 0.037
I 06.07/22:16:18 solver.py:159 ] Epoch: [89/200][80/282] lr: 3.58e-04 | MSE loss: 5.6180e-03 | time: 0.037
I 06.07/22:16:19 solver.py:159 ] Epoch: [89/200][100/282] lr: 3.58e-04 | MSE loss: 5.7239e-03 | time: 0.036
I 06.07/22:16:20 solver.py:159 ] Epoch: [89/200][120/282] lr: 3.58e-04 | MSE loss: 5.5682e-03 | time: 0.036
I 06.07/22:16:20 solver.py:159 ] Epoch: [89/200][140/282] lr: 3.57e-04 | MSE loss: 5.4822e-03 | time: 0.036
I 06.07/22:16:21 solver.py:159 ] Epoch: [89/200][160/282] lr: 3.57e-04 | MSE loss: 5.3956e-03 | time: 0.036
I 06.07/22:16:22 solver.py:159 ] Epoch: [89/200][180/282] lr: 3.57e-04 | MSE loss: 5.6501e-03 | time: 0.036
I 06.07/22:16:22 solver.py:159 ] Epoch: [89/200][200/282] lr: 3.57e-04 | MSE loss: 5.6779e-03 | time: 0.036
I 06.07/22:16:23 solver.py:159 ] Epoch: [89/200][220/282] lr: 3.56e-04 | MSE loss: 5.5285e-03 | time: 0.036
I 06.07/22:16:24 solver.py:159 ] Epoch: [89/200][240/282] lr: 3.56e-04 | MSE loss: 5.5116e-03 | time: 0.036
I 06.07/22:16:25 solver.py:159 ] Epoch: [89/200][260/282] lr: 3.56e-04 | MSE loss: 5.4353e-03 | time: 0.036
I 06.07/22:16:25 solver.py:159 ] Epoch: [89/200][280/282] lr: 3.56e-04 | MSE loss: 5.3672e-03 | time: 0.036
I 06.07/22:16:26 solver.py:169 ] => Train  Loss: 5.3751e-03

I 06.07/22:16:26 solver.py:405 ] [20/32] loss: 6.4629e-03 | NMSE: -1.8658e+01 | time: 0.030
I 06.07/22:16:27 solver.py:413 ] => Test NMSE: -1.9460e+01

I 06.07/22:16:27 solver.py:345 ] => LoRA monitor [epoch=89] | trainable=67584/67584 | non_lora_trainable=0 | lora_l2=1.391227e+01 | lora_A_l2=1.140476e+01 | lora_B_l2=7.967602e+00 | component_l2=encoder:1.391227e+01 | lora_abs_max=6.765529e-01 | delta_l2=1.392246e+01 | delta_rel=4.242467e+00 | train_loss=5.375085e-03 | test_loss=5.661582e-03 | nmse=-1.946032e+01
I 06.07/22:16:27 solver.py:224 ] 
=! Best NMSE: -1.9460e+01 (epoch=89)

I 06.07/22:16:28 solver.py:159 ] Epoch: [90/200][20/282] lr: 3.55e-04 | MSE loss: 4.1544e-03 | time: 0.038
I 06.07/22:16:28 solver.py:159 ] Epoch: [90/200][40/282] lr: 3.55e-04 | MSE loss: 4.2938e-03 | time: 0.039
I 06.07/22:16:29 solver.py:159 ] Epoch: [90/200][60/282] lr: 3.55e-04 | MSE loss: 4.7718e-03 | time: 0.038
I 06.07/22:16:30 solver.py:159 ] Epoch: [90/200][80/282] lr: 3.55e-04 | MSE loss: 4.9347e-03 | time: 0.037
I 06.07/22:16:30 solver.py:159 ] Epoch: [90/200][100/282] lr: 3.54e-04 | MSE loss: 5.2530e-03 | time: 0.037
I 06.07/22:16:31 solver.py:159 ] Epoch: [90/200][120/282] lr: 3.54e-04 | MSE loss: 5.1297e-03 | time: 0.036
I 06.07/22:16:32 solver.py:159 ] Epoch: [90/200][140/282] lr: 3.54e-04 | MSE loss: 5.1260e-03 | time: 0.036
I 06.07/22:16:33 solver.py:159 ] Epoch: [90/200][160/282] lr: 3.54e-04 | MSE loss: 5.2932e-03 | time: 0.036
I 06.07/22:16:33 solver.py:159 ] Epoch: [90/200][180/282] lr: 3.53e-04 | MSE loss: 5.4948e-03 | time: 0.036
I 06.07/22:16:34 solver.py:159 ] Epoch: [90/200][200/282] lr: 3.53e-04 | MSE loss: 5.4232e-03 | time: 0.036
I 06.07/22:16:35 solver.py:159 ] Epoch: [90/200][220/282] lr: 3.53e-04 | MSE loss: 5.3455e-03 | time: 0.036
I 06.07/22:16:36 solver.py:159 ] Epoch: [90/200][240/282] lr: 3.53e-04 | MSE loss: 5.3865e-03 | time: 0.037
I 06.07/22:16:36 solver.py:159 ] Epoch: [90/200][260/282] lr: 3.52e-04 | MSE loss: 5.3518e-03 | time: 0.037
I 06.07/22:16:37 solver.py:159 ] Epoch: [90/200][280/282] lr: 3.52e-04 | MSE loss: 5.3748e-03 | time: 0.037
I 06.07/22:16:37 solver.py:169 ] => Train  Loss: 5.3476e-03

I 06.07/22:16:38 solver.py:159 ] Epoch: [90/200][20/32] lr: 3.52e-04 | MSE loss: 6.4704e-03 | time: 0.028
I 06.07/22:16:38 solver.py:169 ] => Val  Loss: 5.5771e-03

I 06.07/22:16:39 solver.py:405 ] [20/32] loss: 6.4704e-03 | NMSE: -1.8651e+01 | time: 0.035
I 06.07/22:16:39 solver.py:413 ] => Test NMSE: -1.9453e+01

I 06.07/22:16:39 solver.py:345 ] => LoRA monitor [epoch=90] | trainable=67584/67584 | non_lora_trainable=0 | lora_l2=1.396044e+01 | lora_A_l2=1.143944e+01 | lora_B_l2=8.002073e+00 | component_l2=encoder:1.396044e+01 | lora_abs_max=6.784232e-01 | delta_l2=1.397124e+01 | delta_rel=4.257333e+00 | train_loss=5.347550e-03 | val_loss=5.577082e-03 | test_loss=5.670937e-03 | nmse=-1.945315e+01
I 06.07/22:16:39 solver.py:224 ] 
=! Best NMSE: -1.9460e+01 (epoch=89)

I 06.07/22:16:40 solver.py:159 ] Epoch: [91/200][20/282] lr: 3.52e-04 | MSE loss: 5.7240e-03 | time: 0.038
I 06.07/22:16:41 solver.py:159 ] Epoch: [91/200][40/282] lr: 3.51e-04 | MSE loss: 5.7360e-03 | time: 0.038
I 06.07/22:16:41 solver.py:159 ] Epoch: [91/200][60/282] lr: 3.51e-04 | MSE loss: 5.3653e-03 | time: 0.038
I 06.07/22:16:42 solver.py:159 ] Epoch: [91/200][80/282] lr: 3.51e-04 | MSE loss: 5.4514e-03 | time: 0.037
I 06.07/22:16:43 solver.py:159 ] Epoch: [91/200][100/282] lr: 3.51e-04 | MSE loss: 5.3212e-03 | time: 0.037
I 06.07/22:16:44 solver.py:159 ] Epoch: [91/200][120/282] lr: 3.50e-04 | MSE loss: 5.4250e-03 | time: 0.037
I 06.07/22:16:44 solver.py:159 ] Epoch: [91/200][140/282] lr: 3.50e-04 | MSE loss: 5.5035e-03 | time: 0.037
I 06.07/22:16:45 solver.py:159 ] Epoch: [91/200][160/282] lr: 3.50e-04 | MSE loss: 5.4158e-03 | time: 0.038
I 06.07/22:16:46 solver.py:159 ] Epoch: [91/200][180/282] lr: 3.50e-04 | MSE loss: 5.3762e-03 | time: 0.037
I 06.07/22:16:47 solver.py:159 ] Epoch: [91/200][200/282] lr: 3.49e-04 | MSE loss: 5.4205e-03 | time: 0.037
I 06.07/22:16:47 solver.py:159 ] Epoch: [91/200][220/282] lr: 3.49e-04 | MSE loss: 5.4250e-03 | time: 0.037
I 06.07/22:16:48 solver.py:159 ] Epoch: [91/200][240/282] lr: 3.49e-04 | MSE loss: 5.3596e-03 | time: 0.037
I 06.07/22:16:49 solver.py:159 ] Epoch: [91/200][260/282] lr: 3.49e-04 | MSE loss: 5.3334e-03 | time: 0.037
I 06.07/22:16:50 solver.py:159 ] Epoch: [91/200][280/282] lr: 3.48e-04 | MSE loss: 5.3404e-03 | time: 0.037
I 06.07/22:16:50 solver.py:169 ] => Train  Loss: 5.3500e-03

I 06.07/22:16:50 solver.py:405 ] [20/32] loss: 6.4569e-03 | NMSE: -1.8665e+01 | time: 0.030
I 06.07/22:16:51 solver.py:413 ] => Test NMSE: -1.9456e+01

I 06.07/22:16:51 solver.py:345 ] => LoRA monitor [epoch=91] | trainable=67584/67584 | non_lora_trainable=0 | lora_l2=1.400394e+01 | lora_A_l2=1.147130e+01 | lora_B_l2=8.032404e+00 | component_l2=encoder:1.400394e+01 | lora_abs_max=6.790227e-01 | delta_l2=1.401574e+01 | delta_rel=4.270892e+00 | train_loss=5.350009e-03 | test_loss=5.666682e-03 | nmse=-1.945641e+01
I 06.07/22:16:51 solver.py:224 ] 
=! Best NMSE: -1.9460e+01 (epoch=89)

I 06.07/22:16:51 solver.py:159 ] Epoch: [92/200][20/282] lr: 3.48e-04 | MSE loss: 4.4359e-03 | time: 0.039
I 06.07/22:16:52 solver.py:159 ] Epoch: [92/200][40/282] lr: 3.48e-04 | MSE loss: 4.8128e-03 | time: 0.039
I 06.07/22:16:53 solver.py:159 ] Epoch: [92/200][60/282] lr: 3.47e-04 | MSE loss: 5.0416e-03 | time: 0.037
I 06.07/22:16:54 solver.py:159 ] Epoch: [92/200][80/282] lr: 3.47e-04 | MSE loss: 4.8743e-03 | time: 0.038
I 06.07/22:16:54 solver.py:159 ] Epoch: [92/200][100/282] lr: 3.47e-04 | MSE loss: 5.0153e-03 | time: 0.037
I 06.07/22:16:55 solver.py:159 ] Epoch: [92/200][120/282] lr: 3.47e-04 | MSE loss: 5.1932e-03 | time: 0.037
I 06.07/22:16:56 solver.py:159 ] Epoch: [92/200][140/282] lr: 3.46e-04 | MSE loss: 5.1284e-03 | time: 0.037
I 06.07/22:16:56 solver.py:159 ] Epoch: [92/200][160/282] lr: 3.46e-04 | MSE loss: 5.1217e-03 | time: 0.037
I 06.07/22:16:57 solver.py:159 ] Epoch: [92/200][180/282] lr: 3.46e-04 | MSE loss: 5.2566e-03 | time: 0.037
I 06.07/22:16:58 solver.py:159 ] Epoch: [92/200][200/282] lr: 3.46e-04 | MSE loss: 5.2679e-03 | time: 0.037
I 06.07/22:16:59 solver.py:159 ] Epoch: [92/200][220/282] lr: 3.45e-04 | MSE loss: 5.3771e-03 | time: 0.037
I 06.07/22:16:59 solver.py:159 ] Epoch: [92/200][240/282] lr: 3.45e-04 | MSE loss: 5.3735e-03 | time: 0.037
I 06.07/22:17:00 solver.py:159 ] Epoch: [92/200][260/282] lr: 3.45e-04 | MSE loss: 5.3206e-03 | time: 0.037
I 06.07/22:17:02 solver.py:159 ] Epoch: [92/200][280/282] lr: 3.45e-04 | MSE loss: 5.3475e-03 | time: 0.040
I 06.07/22:17:02 solver.py:169 ] => Train  Loss: 5.3627e-03

I 06.07/22:17:04 solver.py:405 ] [20/32] loss: 6.4673e-03 | NMSE: -1.8650e+01 | time: 0.084
I 06.07/22:17:04 solver.py:413 ] => Test NMSE: -1.9457e+01

I 06.07/22:17:04 solver.py:345 ] => LoRA monitor [epoch=92] | trainable=67584/67584 | non_lora_trainable=0 | lora_l2=1.405390e+01 | lora_A_l2=1.150813e+01 | lora_B_l2=8.066911e+00 | component_l2=encoder:1.405390e+01 | lora_abs_max=6.802268e-01 | delta_l2=1.406636e+01 | delta_rel=4.286317e+00 | train_loss=5.362672e-03 | test_loss=5.666203e-03 | nmse=-1.945678e+01
I 06.07/22:17:04 solver.py:224 ] 
=! Best NMSE: -1.9460e+01 (epoch=89)

I 06.07/22:17:05 solver.py:159 ] Epoch: [93/200][20/282] lr: 3.44e-04 | MSE loss: 5.4789e-03 | time: 0.045
I 06.07/22:17:06 solver.py:159 ] Epoch: [93/200][40/282] lr: 3.44e-04 | MSE loss: 5.2701e-03 | time: 0.041
I 06.07/22:17:07 solver.py:159 ] Epoch: [93/200][60/282] lr: 3.44e-04 | MSE loss: 5.2431e-03 | time: 0.041
I 06.07/22:17:07 solver.py:159 ] Epoch: [93/200][80/282] lr: 3.43e-04 | MSE loss: 4.9120e-03 | time: 0.040
I 06.07/22:17:08 solver.py:159 ] Epoch: [93/200][100/282] lr: 3.43e-04 | MSE loss: 4.8515e-03 | time: 0.039
I 06.07/22:17:09 solver.py:159 ] Epoch: [93/200][120/282] lr: 3.43e-04 | MSE loss: 5.2726e-03 | time: 0.039
I 06.07/22:17:10 solver.py:159 ] Epoch: [93/200][140/282] lr: 3.43e-04 | MSE loss: 5.2043e-03 | time: 0.039
I 06.07/22:17:10 solver.py:159 ] Epoch: [93/200][160/282] lr: 3.42e-04 | MSE loss: 5.1330e-03 | time: 0.039
I 06.07/22:17:11 solver.py:159 ] Epoch: [93/200][180/282] lr: 3.42e-04 | MSE loss: 5.2475e-03 | time: 0.039
I 06.07/22:17:12 solver.py:159 ] Epoch: [93/200][200/282] lr: 3.42e-04 | MSE loss: 5.2758e-03 | time: 0.039
I 06.07/22:17:13 solver.py:159 ] Epoch: [93/200][220/282] lr: 3.42e-04 | MSE loss: 5.3122e-03 | time: 0.039
I 06.07/22:17:14 solver.py:159 ] Epoch: [93/200][240/282] lr: 3.41e-04 | MSE loss: 5.2839e-03 | time: 0.039
I 06.07/22:17:14 solver.py:159 ] Epoch: [93/200][260/282] lr: 3.41e-04 | MSE loss: 5.3273e-03 | time: 0.038
I 06.07/22:17:15 solver.py:159 ] Epoch: [93/200][280/282] lr: 3.41e-04 | MSE loss: 5.3350e-03 | time: 0.038
I 06.07/22:17:15 solver.py:169 ] => Train  Loss: 5.3964e-03

I 06.07/22:17:16 solver.py:405 ] [20/32] loss: 6.4632e-03 | NMSE: -1.8658e+01 | time: 0.026
I 06.07/22:17:16 solver.py:413 ] => Test NMSE: -1.9454e+01

I 06.07/22:17:16 solver.py:345 ] => LoRA monitor [epoch=93] | trainable=67584/67584 | non_lora_trainable=0 | lora_l2=1.409686e+01 | lora_A_l2=1.153819e+01 | lora_B_l2=8.098876e+00 | component_l2=encoder:1.409686e+01 | lora_abs_max=6.818658e-01 | delta_l2=1.410987e+01 | delta_rel=4.299575e+00 | train_loss=5.396395e-03 | test_loss=5.669662e-03 | nmse=-1.945413e+01
I 06.07/22:17:16 solver.py:224 ] 
=! Best NMSE: -1.9460e+01 (epoch=89)

I 06.07/22:17:17 solver.py:159 ] Epoch: [94/200][20/282] lr: 3.41e-04 | MSE loss: 6.3299e-03 | time: 0.035
I 06.07/22:17:17 solver.py:159 ] Epoch: [94/200][40/282] lr: 3.40e-04 | MSE loss: 6.2309e-03 | time: 0.034
I 06.07/22:17:18 solver.py:159 ] Epoch: [94/200][60/282] lr: 3.40e-04 | MSE loss: 6.0998e-03 | time: 0.035
I 06.07/22:17:19 solver.py:159 ] Epoch: [94/200][80/282] lr: 3.40e-04 | MSE loss: 6.1694e-03 | time: 0.036
I 06.07/22:17:19 solver.py:159 ] Epoch: [94/200][100/282] lr: 3.39e-04 | MSE loss: 5.9269e-03 | time: 0.036
I 06.07/22:17:20 solver.py:159 ] Epoch: [94/200][120/282] lr: 3.39e-04 | MSE loss: 5.8789e-03 | time: 0.036
I 06.07/22:17:21 solver.py:159 ] Epoch: [94/200][140/282] lr: 3.39e-04 | MSE loss: 5.7118e-03 | time: 0.036
I 06.07/22:17:22 solver.py:159 ] Epoch: [94/200][160/282] lr: 3.39e-04 | MSE loss: 5.6462e-03 | time: 0.036
I 06.07/22:17:22 solver.py:159 ] Epoch: [94/200][180/282] lr: 3.38e-04 | MSE loss: 5.6303e-03 | time: 0.036
I 06.07/22:17:23 solver.py:159 ] Epoch: [94/200][200/282] lr: 3.38e-04 | MSE loss: 5.5776e-03 | time: 0.037
I 06.07/22:17:24 solver.py:159 ] Epoch: [94/200][220/282] lr: 3.38e-04 | MSE loss: 5.5860e-03 | time: 0.037
I 06.07/22:17:25 solver.py:159 ] Epoch: [94/200][240/282] lr: 3.38e-04 | MSE loss: 5.5204e-03 | time: 0.037
I 06.07/22:17:25 solver.py:159 ] Epoch: [94/200][260/282] lr: 3.37e-04 | MSE loss: 5.3934e-03 | time: 0.037
I 06.07/22:17:26 solver.py:159 ] Epoch: [94/200][280/282] lr: 3.37e-04 | MSE loss: 5.3440e-03 | time: 0.037
I 06.07/22:17:26 solver.py:169 ] => Train  Loss: 5.3819e-03

I 06.07/22:17:27 solver.py:405 ] [20/32] loss: 6.4603e-03 | NMSE: -1.8664e+01 | time: 0.030
I 06.07/22:17:27 solver.py:413 ] => Test NMSE: -1.9461e+01

I 06.07/22:17:27 solver.py:345 ] => LoRA monitor [epoch=94] | trainable=67584/67584 | non_lora_trainable=0 | lora_l2=1.414212e+01 | lora_A_l2=1.157025e+01 | lora_B_l2=8.131956e+00 | component_l2=encoder:1.414212e+01 | lora_abs_max=6.825503e-01 | delta_l2=1.415576e+01 | delta_rel=4.313560e+00 | train_loss=5.381924e-03 | test_loss=5.660678e-03 | nmse=-1.946102e+01
I 06.07/22:17:27 solver.py:224 ] 
=! Best NMSE: -1.9461e+01 (epoch=94)

I 06.07/22:17:28 solver.py:159 ] Epoch: [95/200][20/282] lr: 3.37e-04 | MSE loss: 6.0179e-03 | time: 0.037
I 06.07/22:17:29 solver.py:159 ] Epoch: [95/200][40/282] lr: 3.36e-04 | MSE loss: 5.6710e-03 | time: 0.037
I 06.07/22:17:30 solver.py:159 ] Epoch: [95/200][60/282] lr: 3.36e-04 | MSE loss: 5.7367e-03 | time: 0.037
I 06.07/22:17:30 solver.py:159 ] Epoch: [95/200][80/282] lr: 3.36e-04 | MSE loss: 5.5663e-03 | time: 0.037
I 06.07/22:17:31 solver.py:159 ] Epoch: [95/200][100/282] lr: 3.36e-04 | MSE loss: 5.4478e-03 | time: 0.037
I 06.07/22:17:32 solver.py:159 ] Epoch: [95/200][120/282] lr: 3.35e-04 | MSE loss: 5.5446e-03 | time: 0.037
I 06.07/22:17:33 solver.py:159 ] Epoch: [95/200][140/282] lr: 3.35e-04 | MSE loss: 5.4229e-03 | time: 0.038
I 06.07/22:17:33 solver.py:159 ] Epoch: [95/200][160/282] lr: 3.35e-04 | MSE loss: 5.4783e-03 | time: 0.038
I 06.07/22:17:34 solver.py:159 ] Epoch: [95/200][180/282] lr: 3.35e-04 | MSE loss: 5.5221e-03 | time: 0.038
I 06.07/22:17:35 solver.py:159 ] Epoch: [95/200][200/282] lr: 3.34e-04 | MSE loss: 5.5265e-03 | time: 0.038
I 06.07/22:17:36 solver.py:159 ] Epoch: [95/200][220/282] lr: 3.34e-04 | MSE loss: 5.5265e-03 | time: 0.038
I 06.07/22:17:36 solver.py:159 ] Epoch: [95/200][240/282] lr: 3.34e-04 | MSE loss: 5.4810e-03 | time: 0.038
I 06.07/22:17:37 solver.py:159 ] Epoch: [95/200][260/282] lr: 3.34e-04 | MSE loss: 5.4298e-03 | time: 0.037
I 06.07/22:17:38 solver.py:159 ] Epoch: [95/200][280/282] lr: 3.33e-04 | MSE loss: 5.3246e-03 | time: 0.037
I 06.07/22:17:38 solver.py:169 ] => Train  Loss: 5.3374e-03

I 06.07/22:17:39 solver.py:405 ] [20/32] loss: 6.4771e-03 | NMSE: -1.8645e+01 | time: 0.030
I 06.07/22:17:39 solver.py:413 ] => Test NMSE: -1.9449e+01

I 06.07/22:17:39 solver.py:345 ] => LoRA monitor [epoch=95] | trainable=67584/67584 | non_lora_trainable=0 | lora_l2=1.418168e+01 | lora_A_l2=1.159945e+01 | lora_B_l2=8.159217e+00 | component_l2=encoder:1.418168e+01 | lora_abs_max=6.855921e-01 | delta_l2=1.419576e+01 | delta_rel=4.325747e+00 | train_loss=5.337436e-03 | test_loss=5.676488e-03 | nmse=-1.944890e+01
I 06.07/22:17:39 solver.py:224 ] 
=! Best NMSE: -1.9461e+01 (epoch=94)

I 06.07/22:17:40 solver.py:159 ] Epoch: [96/200][20/282] lr: 3.33e-04 | MSE loss: 4.0963e-03 | time: 0.039
I 06.07/22:17:40 solver.py:159 ] Epoch: [96/200][40/282] lr: 3.33e-04 | MSE loss: 4.5681e-03 | time: 0.038
I 06.07/22:17:41 solver.py:159 ] Epoch: [96/200][60/282] lr: 3.32e-04 | MSE loss: 4.7677e-03 | time: 0.038
I 06.07/22:17:42 solver.py:159 ] Epoch: [96/200][80/282] lr: 3.32e-04 | MSE loss: 5.1035e-03 | time: 0.039
I 06.07/22:17:43 solver.py:159 ] Epoch: [96/200][100/282] lr: 3.32e-04 | MSE loss: 5.1427e-03 | time: 0.039
I 06.07/22:17:44 solver.py:159 ] Epoch: [96/200][120/282] lr: 3.32e-04 | MSE loss: 5.5683e-03 | time: 0.039
I 06.07/22:17:44 solver.py:159 ] Epoch: [96/200][140/282] lr: 3.31e-04 | MSE loss: 5.4358e-03 | time: 0.038
I 06.07/22:17:45 solver.py:159 ] Epoch: [96/200][160/282] lr: 3.31e-04 | MSE loss: 5.4838e-03 | time: 0.039
I 06.07/22:17:46 solver.py:159 ] Epoch: [96/200][180/282] lr: 3.31e-04 | MSE loss: 5.3746e-03 | time: 0.038
I 06.07/22:17:46 solver.py:159 ] Epoch: [96/200][200/282] lr: 3.31e-04 | MSE loss: 5.2915e-03 | time: 0.038
I 06.07/22:17:47 solver.py:159 ] Epoch: [96/200][220/282] lr: 3.30e-04 | MSE loss: 5.3039e-03 | time: 0.038
I 06.07/22:17:48 solver.py:159 ] Epoch: [96/200][240/282] lr: 3.30e-04 | MSE loss: 5.2293e-03 | time: 0.038
I 06.07/22:17:49 solver.py:159 ] Epoch: [96/200][260/282] lr: 3.30e-04 | MSE loss: 5.1909e-03 | time: 0.037
I 06.07/22:17:49 solver.py:159 ] Epoch: [96/200][280/282] lr: 3.29e-04 | MSE loss: 5.3361e-03 | time: 0.037
I 06.07/22:17:49 solver.py:169 ] => Train  Loss: 5.3806e-03

I 06.07/22:17:50 solver.py:405 ] [20/32] loss: 6.4842e-03 | NMSE: -1.8645e+01 | time: 0.030
I 06.07/22:17:50 solver.py:413 ] => Test NMSE: -1.9434e+01

I 06.07/22:17:50 solver.py:345 ] => LoRA monitor [epoch=96] | trainable=67584/67584 | non_lora_trainable=0 | lora_l2=1.422336e+01 | lora_A_l2=1.162809e+01 | lora_B_l2=8.190946e+00 | component_l2=encoder:1.422336e+01 | lora_abs_max=6.844414e-01 | delta_l2=1.423797e+01 | delta_rel=4.338611e+00 | train_loss=5.380594e-03 | test_loss=5.695784e-03 | nmse=-1.943416e+01
I 06.07/22:17:50 solver.py:224 ] 
=! Best NMSE: -1.9461e+01 (epoch=94)

I 06.07/22:17:51 solver.py:159 ] Epoch: [97/200][20/282] lr: 3.29e-04 | MSE loss: 5.6791e-03 | time: 0.036
I 06.07/22:17:52 solver.py:159 ] Epoch: [97/200][40/282] lr: 3.29e-04 | MSE loss: 5.4527e-03 | time: 0.034
I 06.07/22:17:52 solver.py:159 ] Epoch: [97/200][60/282] lr: 3.29e-04 | MSE loss: 5.5251e-03 | time: 0.036
I 06.07/22:17:53 solver.py:159 ] Epoch: [97/200][80/282] lr: 3.28e-04 | MSE loss: 5.2484e-03 | time: 0.036
I 06.07/22:17:54 solver.py:159 ] Epoch: [97/200][100/282] lr: 3.28e-04 | MSE loss: 5.1586e-03 | time: 0.036
I 06.07/22:17:55 solver.py:159 ] Epoch: [97/200][120/282] lr: 3.28e-04 | MSE loss: 5.0391e-03 | time: 0.035
I 06.07/22:17:55 solver.py:159 ] Epoch: [97/200][140/282] lr: 3.28e-04 | MSE loss: 5.0715e-03 | time: 0.036
I 06.07/22:17:56 solver.py:159 ] Epoch: [97/200][160/282] lr: 3.27e-04 | MSE loss: 5.1721e-03 | time: 0.036
I 06.07/22:17:57 solver.py:159 ] Epoch: [97/200][180/282] lr: 3.27e-04 | MSE loss: 5.1559e-03 | time: 0.036
I 06.07/22:17:58 solver.py:159 ] Epoch: [97/200][200/282] lr: 3.27e-04 | MSE loss: 5.2102e-03 | time: 0.036
I 06.07/22:17:58 solver.py:159 ] Epoch: [97/200][220/282] lr: 3.26e-04 | MSE loss: 5.2651e-03 | time: 0.036
I 06.07/22:17:59 solver.py:159 ] Epoch: [97/200][240/282] lr: 3.26e-04 | MSE loss: 5.2370e-03 | time: 0.036
I 06.07/22:18:00 solver.py:159 ] Epoch: [97/200][260/282] lr: 3.26e-04 | MSE loss: 5.2700e-03 | time: 0.036
I 06.07/22:18:01 solver.py:159 ] Epoch: [97/200][280/282] lr: 3.26e-04 | MSE loss: 5.3417e-03 | time: 0.038
I 06.07/22:18:01 solver.py:169 ] => Train  Loss: 5.3674e-03

I 06.07/22:18:03 solver.py:405 ] [20/32] loss: 6.4338e-03 | NMSE: -1.8670e+01 | time: 0.082
I 06.07/22:18:04 solver.py:413 ] => Test NMSE: -1.9472e+01

I 06.07/22:18:04 solver.py:345 ] => LoRA monitor [epoch=97] | trainable=67584/67584 | non_lora_trainable=0 | lora_l2=1.426003e+01 | lora_A_l2=1.165214e+01 | lora_B_l2=8.220481e+00 | component_l2=encoder:1.426003e+01 | lora_abs_max=6.850648e-01 | delta_l2=1.427541e+01 | delta_rel=4.350018e+00 | train_loss=5.367368e-03 | test_loss=5.646022e-03 | nmse=-1.947227e+01
I 06.07/22:18:04 solver.py:224 ] 
=! Best NMSE: -1.9472e+01 (epoch=97)

I 06.07/22:18:05 solver.py:159 ] Epoch: [98/200][20/282] lr: 3.25e-04 | MSE loss: 4.5335e-03 | time: 0.049
I 06.07/22:18:06 solver.py:159 ] Epoch: [98/200][40/282] lr: 3.25e-04 | MSE loss: 5.5798e-03 | time: 0.043
I 06.07/22:18:06 solver.py:159 ] Epoch: [98/200][60/282] lr: 3.25e-04 | MSE loss: 5.1926e-03 | time: 0.041
I 06.07/22:18:07 solver.py:159 ] Epoch: [98/200][80/282] lr: 3.25e-04 | MSE loss: 5.7261e-03 | time: 0.040
I 06.07/22:18:08 solver.py:159 ] Epoch: [98/200][100/282] lr: 3.24e-04 | MSE loss: 5.8298e-03 | time: 0.039
I 06.07/22:18:09 solver.py:159 ] Epoch: [98/200][120/282] lr: 3.24e-04 | MSE loss: 5.5284e-03 | time: 0.039
I 06.07/22:18:09 solver.py:159 ] Epoch: [98/200][140/282] lr: 3.24e-04 | MSE loss: 5.4537e-03 | time: 0.038
I 06.07/22:18:10 solver.py:159 ] Epoch: [98/200][160/282] lr: 3.23e-04 | MSE loss: 5.5823e-03 | time: 0.038
I 06.07/22:18:11 solver.py:159 ] Epoch: [98/200][180/282] lr: 3.23e-04 | MSE loss: 5.3702e-03 | time: 0.038
I 06.07/22:18:12 solver.py:159 ] Epoch: [98/200][200/282] lr: 3.23e-04 | MSE loss: 5.3139e-03 | time: 0.038
I 06.07/22:18:12 solver.py:159 ] Epoch: [98/200][220/282] lr: 3.23e-04 | MSE loss: 5.2280e-03 | time: 0.038
I 06.07/22:18:13 solver.py:159 ] Epoch: [98/200][240/282] lr: 3.22e-04 | MSE loss: 5.3425e-03 | time: 0.038
I 06.07/22:18:14 solver.py:159 ] Epoch: [98/200][260/282] lr: 3.22e-04 | MSE loss: 5.4170e-03 | time: 0.037
I 06.07/22:18:14 solver.py:159 ] Epoch: [98/200][280/282] lr: 3.22e-04 | MSE loss: 5.3445e-03 | time: 0.037
I 06.07/22:18:14 solver.py:169 ] => Train  Loss: 5.3682e-03

I 06.07/22:18:15 solver.py:405 ] [20/32] loss: 6.4772e-03 | NMSE: -1.8650e+01 | time: 0.030
I 06.07/22:18:15 solver.py:413 ] => Test NMSE: -1.9447e+01

I 06.07/22:18:15 solver.py:345 ] => LoRA monitor [epoch=98] | trainable=67584/67584 | non_lora_trainable=0 | lora_l2=1.430325e+01 | lora_A_l2=1.168403e+01 | lora_B_l2=8.250250e+00 | component_l2=encoder:1.430325e+01 | lora_abs_max=6.864073e-01 | delta_l2=1.431920e+01 | delta_rel=4.363361e+00 | train_loss=5.368238e-03 | test_loss=5.679588e-03 | nmse=-1.944653e+01
I 06.07/22:18:15 solver.py:224 ] 
=! Best NMSE: -1.9472e+01 (epoch=97)

I 06.07/22:18:16 solver.py:159 ] Epoch: [99/200][20/282] lr: 3.22e-04 | MSE loss: 5.7294e-03 | time: 0.040
I 06.07/22:18:17 solver.py:159 ] Epoch: [99/200][40/282] lr: 3.21e-04 | MSE loss: 5.5254e-03 | time: 0.037
I 06.07/22:18:18 solver.py:159 ] Epoch: [99/200][60/282] lr: 3.21e-04 | MSE loss: 6.0104e-03 | time: 0.037
I 06.07/22:18:18 solver.py:159 ] Epoch: [99/200][80/282] lr: 3.21e-04 | MSE loss: 5.5235e-03 | time: 0.038
I 06.07/22:18:19 solver.py:159 ] Epoch: [99/200][100/282] lr: 3.20e-04 | MSE loss: 5.4832e-03 | time: 0.038
I 06.07/22:18:20 solver.py:159 ] Epoch: [99/200][120/282] lr: 3.20e-04 | MSE loss: 5.6521e-03 | time: 0.038
I 06.07/22:18:21 solver.py:159 ] Epoch: [99/200][140/282] lr: 3.20e-04 | MSE loss: 5.5416e-03 | time: 0.038
I 06.07/22:18:21 solver.py:159 ] Epoch: [99/200][160/282] lr: 3.20e-04 | MSE loss: 5.4489e-03 | time: 0.037
I 06.07/22:18:22 solver.py:159 ] Epoch: [99/200][180/282] lr: 3.19e-04 | MSE loss: 5.2534e-03 | time: 0.037
I 06.07/22:18:23 solver.py:159 ] Epoch: [99/200][200/282] lr: 3.19e-04 | MSE loss: 5.1714e-03 | time: 0.037
I 06.07/22:18:24 solver.py:159 ] Epoch: [99/200][220/282] lr: 3.19e-04 | MSE loss: 5.1702e-03 | time: 0.038
I 06.07/22:18:25 solver.py:159 ] Epoch: [99/200][240/282] lr: 3.19e-04 | MSE loss: 5.2524e-03 | time: 0.038
I 06.07/22:18:25 solver.py:159 ] Epoch: [99/200][260/282] lr: 3.18e-04 | MSE loss: 5.2137e-03 | time: 0.038
I 06.07/22:18:26 solver.py:159 ] Epoch: [99/200][280/282] lr: 3.18e-04 | MSE loss: 5.3332e-03 | time: 0.038
I 06.07/22:18:26 solver.py:169 ] => Train  Loss: 5.3309e-03

I 06.07/22:18:27 solver.py:405 ] [20/32] loss: 6.4391e-03 | NMSE: -1.8673e+01 | time: 0.027
I 06.07/22:18:27 solver.py:413 ] => Test NMSE: -1.9466e+01

I 06.07/22:18:27 solver.py:345 ] => LoRA monitor [epoch=99] | trainable=67584/67584 | non_lora_trainable=0 | lora_l2=1.434025e+01 | lora_A_l2=1.171199e+01 | lora_B_l2=8.274790e+00 | component_l2=encoder:1.434025e+01 | lora_abs_max=6.890558e-01 | delta_l2=1.435647e+01 | delta_rel=4.374720e+00 | train_loss=5.330875e-03 | test_loss=5.653595e-03 | nmse=-1.946645e+01
I 06.07/22:18:27 solver.py:224 ] 
=! Best NMSE: -1.9472e+01 (epoch=97)

I 06.07/22:18:28 solver.py:159 ] Epoch: [100/200][20/282] lr: 3.18e-04 | MSE loss: 4.0557e-03 | time: 0.041
I 06.07/22:18:29 solver.py:159 ] Epoch: [100/200][40/282] lr: 3.17e-04 | MSE loss: 4.6890e-03 | time: 0.039
I 06.07/22:18:29 solver.py:159 ] Epoch: [100/200][60/282] lr: 3.17e-04 | MSE loss: 4.9048e-03 | time: 0.039
I 06.07/22:18:30 solver.py:159 ] Epoch: [100/200][80/282] lr: 3.17e-04 | MSE loss: 5.0793e-03 | time: 0.038
I 06.07/22:18:31 solver.py:159 ] Epoch: [100/200][100/282] lr: 3.17e-04 | MSE loss: 5.0747e-03 | time: 0.039
I 06.07/22:18:32 solver.py:159 ] Epoch: [100/200][120/282] lr: 3.16e-04 | MSE loss: 5.1798e-03 | time: 0.038
I 06.07/22:18:32 solver.py:159 ] Epoch: [100/200][140/282] lr: 3.16e-04 | MSE loss: 5.3347e-03 | time: 0.038
I 06.07/22:18:33 solver.py:159 ] Epoch: [100/200][160/282] lr: 3.16e-04 | MSE loss: 5.3767e-03 | time: 0.038
I 06.07/22:18:34 solver.py:159 ] Epoch: [100/200][180/282] lr: 3.15e-04 | MSE loss: 5.3841e-03 | time: 0.038
I 06.07/22:18:34 solver.py:159 ] Epoch: [100/200][200/282] lr: 3.15e-04 | MSE loss: 5.4631e-03 | time: 0.038
I 06.07/22:18:35 solver.py:159 ] Epoch: [100/200][220/282] lr: 3.15e-04 | MSE loss: 5.3827e-03 | time: 0.037
I 06.07/22:18:36 solver.py:159 ] Epoch: [100/200][240/282] lr: 3.15e-04 | MSE loss: 5.4836e-03 | time: 0.037
I 06.07/22:18:37 solver.py:159 ] Epoch: [100/200][260/282] lr: 3.14e-04 | MSE loss: 5.4189e-03 | time: 0.037
I 06.07/22:18:37 solver.py:159 ] Epoch: [100/200][280/282] lr: 3.14e-04 | MSE loss: 5.3486e-03 | time: 0.037
I 06.07/22:18:37 solver.py:169 ] => Train  Loss: 5.3272e-03

I 06.07/22:18:38 solver.py:159 ] Epoch: [100/200][20/32] lr: 3.14e-04 | MSE loss: 6.4281e-03 | time: 0.027
I 06.07/22:18:38 solver.py:169 ] => Val  Loss: 5.5452e-03

I 06.07/22:18:39 solver.py:405 ] [20/32] loss: 6.4281e-03 | NMSE: -1.8684e+01 | time: 0.027
I 06.07/22:18:39 solver.py:413 ] => Test NMSE: -1.9479e+01

I 06.07/22:18:39 solver.py:345 ] => LoRA monitor [epoch=100] | trainable=67584/67584 | non_lora_trainable=0 | lora_l2=1.438242e+01 | lora_A_l2=1.174280e+01 | lora_B_l2=8.304243e+00 | component_l2=encoder:1.438242e+01 | lora_abs_max=6.898481e-01 | delta_l2=1.439929e+01 | delta_rel=4.387768e+00 | train_loss=5.327196e-03 | val_loss=5.545214e-03 | test_loss=5.637873e-03 | nmse=-1.947855e+01
I 06.07/22:18:39 solver.py:224 ] 
=! Best NMSE: -1.9479e+01 (epoch=100)

I 06.07/22:18:40 solver.py:159 ] Epoch: [101/200][20/282] lr: 3.14e-04 | MSE loss: 6.5499e-03 | time: 0.038
I 06.07/22:18:41 solver.py:159 ] Epoch: [101/200][40/282] lr: 3.14e-04 | MSE loss: 5.3281e-03 | time: 0.038
I 06.07/22:18:42 solver.py:159 ] Epoch: [101/200][60/282] lr: 3.13e-04 | MSE loss: 5.2831e-03 | time: 0.037
I 06.07/22:18:42 solver.py:159 ] Epoch: [101/200][80/282] lr: 3.13e-04 | MSE loss: 5.0466e-03 | time: 0.036
I 06.07/22:18:43 solver.py:159 ] Epoch: [101/200][100/282] lr: 3.13e-04 | MSE loss: 5.2280e-03 | time: 0.036
I 06.07/22:18:44 solver.py:159 ] Epoch: [101/200][120/282] lr: 3.12e-04 | MSE loss: 5.2247e-03 | time: 0.037
I 06.07/22:18:44 solver.py:159 ] Epoch: [101/200][140/282] lr: 3.12e-04 | MSE loss: 5.3130e-03 | time: 0.037
I 06.07/22:18:45 solver.py:159 ] Epoch: [101/200][160/282] lr: 3.12e-04 | MSE loss: 5.2467e-03 | time: 0.037
I 06.07/22:18:46 solver.py:159 ] Epoch: [101/200][180/282] lr: 3.12e-04 | MSE loss: 5.3480e-03 | time: 0.037
I 06.07/22:18:47 solver.py:159 ] Epoch: [101/200][200/282] lr: 3.11e-04 | MSE loss: 5.3361e-03 | time: 0.037
I 06.07/22:18:47 solver.py:159 ] Epoch: [101/200][220/282] lr: 3.11e-04 | MSE loss: 5.2895e-03 | time: 0.037
I 06.07/22:18:48 solver.py:159 ] Epoch: [101/200][240/282] lr: 3.11e-04 | MSE loss: 5.3219e-03 | time: 0.037
I 06.07/22:18:49 solver.py:159 ] Epoch: [101/200][260/282] lr: 3.11e-04 | MSE loss: 5.3491e-03 | time: 0.037
I 06.07/22:18:50 solver.py:159 ] Epoch: [101/200][280/282] lr: 3.10e-04 | MSE loss: 5.3505e-03 | time: 0.037
I 06.07/22:18:50 solver.py:169 ] => Train  Loss: 5.3228e-03

I 06.07/22:18:50 solver.py:405 ] [20/32] loss: 6.4145e-03 | NMSE: -1.8690e+01 | time: 0.028
I 06.07/22:18:51 solver.py:413 ] => Test NMSE: -1.9490e+01

I 06.07/22:18:51 solver.py:345 ] => LoRA monitor [epoch=101] | trainable=67584/67584 | non_lora_trainable=0 | lora_l2=1.441452e+01 | lora_A_l2=1.176598e+01 | lora_B_l2=8.327069e+00 | component_l2=encoder:1.441452e+01 | lora_abs_max=6.909824e-01 | delta_l2=1.443225e+01 | delta_rel=4.397811e+00 | train_loss=5.322816e-03 | test_loss=5.623423e-03 | nmse=-1.948969e+01
I 06.07/22:18:51 solver.py:224 ] 
=! Best NMSE: -1.9490e+01 (epoch=101)

I 06.07/22:18:52 solver.py:159 ] Epoch: [102/200][20/282] lr: 3.10e-04 | MSE loss: 4.8331e-03 | time: 0.040
I 06.07/22:18:52 solver.py:159 ] Epoch: [102/200][40/282] lr: 3.10e-04 | MSE loss: 5.7414e-03 | time: 0.040
I 06.07/22:18:53 solver.py:159 ] Epoch: [102/200][60/282] lr: 3.09e-04 | MSE loss: 5.8580e-03 | time: 0.038
I 06.07/22:18:54 solver.py:159 ] Epoch: [102/200][80/282] lr: 3.09e-04 | MSE loss: 5.6951e-03 | time: 0.038
I 06.07/22:18:55 solver.py:159 ] Epoch: [102/200][100/282] lr: 3.09e-04 | MSE loss: 5.6869e-03 | time: 0.038
I 06.07/22:18:55 solver.py:159 ] Epoch: [102/200][120/282] lr: 3.09e-04 | MSE loss: 5.5371e-03 | time: 0.038
I 06.07/22:18:56 solver.py:159 ] Epoch: [102/200][140/282] lr: 3.08e-04 | MSE loss: 5.4011e-03 | time: 0.038
I 06.07/22:18:57 solver.py:159 ] Epoch: [102/200][160/282] lr: 3.08e-04 | MSE loss: 5.3682e-03 | time: 0.038
I 06.07/22:18:58 solver.py:159 ] Epoch: [102/200][180/282] lr: 3.08e-04 | MSE loss: 5.4528e-03 | time: 0.038
I 06.07/22:18:58 solver.py:159 ] Epoch: [102/200][200/282] lr: 3.07e-04 | MSE loss: 5.4324e-03 | time: 0.037
I 06.07/22:18:59 solver.py:159 ] Epoch: [102/200][220/282] lr: 3.07e-04 | MSE loss: 5.3741e-03 | time: 0.037
I 06.07/22:19:00 solver.py:159 ] Epoch: [102/200][240/282] lr: 3.07e-04 | MSE loss: 5.3350e-03 | time: 0.037
I 06.07/22:19:01 solver.py:159 ] Epoch: [102/200][260/282] lr: 3.07e-04 | MSE loss: 5.2363e-03 | time: 0.040
I 06.07/22:19:03 solver.py:159 ] Epoch: [102/200][280/282] lr: 3.06e-04 | MSE loss: 5.3386e-03 | time: 0.043
I 06.07/22:19:03 solver.py:169 ] => Train  Loss: 5.3373e-03

I 06.07/22:19:04 solver.py:405 ] [20/32] loss: 6.4454e-03 | NMSE: -1.8673e+01 | time: 0.071
I 06.07/22:19:05 solver.py:413 ] => Test NMSE: -1.9461e+01

I 06.07/22:19:05 solver.py:345 ] => LoRA monitor [epoch=102] | trainable=67584/67584 | non_lora_trainable=0 | lora_l2=1.445217e+01 | lora_A_l2=1.179217e+01 | lora_B_l2=8.355248e+00 | component_l2=encoder:1.445217e+01 | lora_abs_max=6.911841e-01 | delta_l2=1.446980e+01 | delta_rel=4.409255e+00 | train_loss=5.337291e-03 | test_loss=5.660994e-03 | nmse=-1.946077e+01
I 06.07/22:19:05 solver.py:224 ] 
=! Best NMSE: -1.9490e+01 (epoch=101)

I 06.07/22:19:06 solver.py:159 ] Epoch: [103/200][20/282] lr: 3.06e-04 | MSE loss: 4.8015e-03 | time: 0.038
I 06.07/22:19:06 solver.py:159 ] Epoch: [103/200][40/282] lr: 3.06e-04 | MSE loss: 4.5793e-03 | time: 0.038
I 06.07/22:19:07 solver.py:159 ] Epoch: [103/200][60/282] lr: 3.05e-04 | MSE loss: 4.7197e-03 | time: 0.038
I 06.07/22:19:08 solver.py:159 ] Epoch: [103/200][80/282] lr: 3.05e-04 | MSE loss: 4.9455e-03 | time: 0.037
I 06.07/22:19:09 solver.py:159 ] Epoch: [103/200][100/282] lr: 3.05e-04 | MSE loss: 5.1159e-03 | time: 0.037
I 06.07/22:19:09 solver.py:159 ] Epoch: [103/200][120/282] lr: 3.05e-04 | MSE loss: 5.1795e-03 | time: 0.037
I 06.07/22:19:10 solver.py:159 ] Epoch: [103/200][140/282] lr: 3.04e-04 | MSE loss: 5.1784e-03 | time: 0.037
I 06.07/22:19:11 solver.py:159 ] Epoch: [103/200][160/282] lr: 3.04e-04 | MSE loss: 5.3334e-03 | time: 0.036
I 06.07/22:19:11 solver.py:159 ] Epoch: [103/200][180/282] lr: 3.04e-04 | MSE loss: 5.3082e-03 | time: 0.036
I 06.07/22:19:12 solver.py:159 ] Epoch: [103/200][200/282] lr: 3.04e-04 | MSE loss: 5.2313e-03 | time: 0.036
I 06.07/22:19:13 solver.py:159 ] Epoch: [103/200][220/282] lr: 3.03e-04 | MSE loss: 5.2825e-03 | time: 0.036
I 06.07/22:19:14 solver.py:159 ] Epoch: [103/200][240/282] lr: 3.03e-04 | MSE loss: 5.2839e-03 | time: 0.036
I 06.07/22:19:14 solver.py:159 ] Epoch: [103/200][260/282] lr: 3.03e-04 | MSE loss: 5.3154e-03 | time: 0.036
I 06.07/22:19:15 solver.py:159 ] Epoch: [103/200][280/282] lr: 3.02e-04 | MSE loss: 5.3383e-03 | time: 0.036
I 06.07/22:19:15 solver.py:169 ] => Train  Loss: 5.3290e-03

I 06.07/22:19:16 solver.py:405 ] [20/32] loss: 6.4251e-03 | NMSE: -1.8683e+01 | time: 0.032
I 06.07/22:19:16 solver.py:413 ] => Test NMSE: -1.9482e+01

I 06.07/22:19:16 solver.py:345 ] => LoRA monitor [epoch=103] | trainable=67584/67584 | non_lora_trainable=0 | lora_l2=1.448443e+01 | lora_A_l2=1.181561e+01 | lora_B_l2=8.377947e+00 | component_l2=encoder:1.448443e+01 | lora_abs_max=6.928371e-01 | delta_l2=1.450265e+01 | delta_rel=4.419264e+00 | train_loss=5.329029e-03 | test_loss=5.633835e-03 | nmse=-1.948166e+01
I 06.07/22:19:16 solver.py:224 ] 
=! Best NMSE: -1.9490e+01 (epoch=101)

I 06.07/22:19:17 solver.py:159 ] Epoch: [104/200][20/282] lr: 3.02e-04 | MSE loss: 5.8201e-03 | time: 0.038
I 06.07/22:19:18 solver.py:159 ] Epoch: [104/200][40/282] lr: 3.02e-04 | MSE loss: 5.4829e-03 | time: 0.036
I 06.07/22:19:18 solver.py:159 ] Epoch: [104/200][60/282] lr: 3.02e-04 | MSE loss: 5.7240e-03 | time: 0.037
I 06.07/22:19:19 solver.py:159 ] Epoch: [104/200][80/282] lr: 3.01e-04 | MSE loss: 5.3226e-03 | time: 0.037
I 06.07/22:19:20 solver.py:159 ] Epoch: [104/200][100/282] lr: 3.01e-04 | MSE loss: 5.2182e-03 | time: 0.037
I 06.07/22:19:21 solver.py:159 ] Epoch: [104/200][120/282] lr: 3.01e-04 | MSE loss: 5.1842e-03 | time: 0.037
I 06.07/22:19:21 solver.py:159 ] Epoch: [104/200][140/282] lr: 3.00e-04 | MSE loss: 5.1310e-03 | time: 0.037
I 06.07/22:19:22 solver.py:159 ] Epoch: [104/200][160/282] lr: 3.00e-04 | MSE loss: 5.0693e-03 | time: 0.037
I 06.07/22:19:23 solver.py:159 ] Epoch: [104/200][180/282] lr: 3.00e-04 | MSE loss: 5.2396e-03 | time: 0.036
I 06.07/22:19:23 solver.py:159 ] Epoch: [104/200][200/282] lr: 3.00e-04 | MSE loss: 5.2548e-03 | time: 0.036
I 06.07/22:19:24 solver.py:159 ] Epoch: [104/200][220/282] lr: 2.99e-04 | MSE loss: 5.3150e-03 | time: 0.036
I 06.07/22:19:25 solver.py:159 ] Epoch: [104/200][240/282] lr: 2.99e-04 | MSE loss: 5.2739e-03 | time: 0.036
I 06.07/22:19:26 solver.py:159 ] Epoch: [104/200][260/282] lr: 2.99e-04 | MSE loss: 5.2818e-03 | time: 0.036
I 06.07/22:19:26 solver.py:159 ] Epoch: [104/200][280/282] lr: 2.99e-04 | MSE loss: 5.3337e-03 | time: 0.037
I 06.07/22:19:26 solver.py:169 ] => Train  Loss: 5.3181e-03

I 06.07/22:19:27 solver.py:405 ] [20/32] loss: 6.4432e-03 | NMSE: -1.8680e+01 | time: 0.028
I 06.07/22:19:27 solver.py:413 ] => Test NMSE: -1.9467e+01

I 06.07/22:19:27 solver.py:345 ] => LoRA monitor [epoch=104] | trainable=67584/67584 | non_lora_trainable=0 | lora_l2=1.452009e+01 | lora_A_l2=1.184108e+01 | lora_B_l2=8.403682e+00 | component_l2=encoder:1.452009e+01 | lora_abs_max=6.937416e-01 | delta_l2=1.453856e+01 | delta_rel=4.430207e+00 | train_loss=5.318146e-03 | test_loss=5.653532e-03 | nmse=-1.946650e+01
I 06.07/22:19:27 solver.py:224 ] 
=! Best NMSE: -1.9490e+01 (epoch=101)

I 06.07/22:19:28 solver.py:159 ] Epoch: [105/200][20/282] lr: 2.98e-04 | MSE loss: 4.7756e-03 | time: 0.038
I 06.07/22:19:29 solver.py:159 ] Epoch: [105/200][40/282] lr: 2.98e-04 | MSE loss: 5.2608e-03 | time: 0.038
I 06.07/22:19:30 solver.py:159 ] Epoch: [105/200][60/282] lr: 2.98e-04 | MSE loss: 5.3355e-03 | time: 0.037
I 06.07/22:19:30 solver.py:159 ] Epoch: [105/200][80/282] lr: 2.97e-04 | MSE loss: 5.1755e-03 | time: 0.037
I 06.07/22:19:31 solver.py:159 ] Epoch: [105/200][100/282] lr: 2.97e-04 | MSE loss: 4.9988e-03 | time: 0.037
I 06.07/22:19:32 solver.py:159 ] Epoch: [105/200][120/282] lr: 2.97e-04 | MSE loss: 4.9529e-03 | time: 0.037
I 06.07/22:19:33 solver.py:159 ] Epoch: [105/200][140/282] lr: 2.97e-04 | MSE loss: 5.1752e-03 | time: 0.037
I 06.07/22:19:33 solver.py:159 ] Epoch: [105/200][160/282] lr: 2.96e-04 | MSE loss: 5.2238e-03 | time: 0.037
I 06.07/22:19:34 solver.py:159 ] Epoch: [105/200][180/282] lr: 2.96e-04 | MSE loss: 5.2651e-03 | time: 0.037
I 06.07/22:19:35 solver.py:159 ] Epoch: [105/200][200/282] lr: 2.96e-04 | MSE loss: 5.2409e-03 | time: 0.037
I 06.07/22:19:35 solver.py:159 ] Epoch: [105/200][220/282] lr: 2.95e-04 | MSE loss: 5.2635e-03 | time: 0.037
I 06.07/22:19:36 solver.py:159 ] Epoch: [105/200][240/282] lr: 2.95e-04 | MSE loss: 5.2034e-03 | time: 0.037
I 06.07/22:19:37 solver.py:159 ] Epoch: [105/200][260/282] lr: 2.95e-04 | MSE loss: 5.3061e-03 | time: 0.037
I 06.07/22:19:38 solver.py:159 ] Epoch: [105/200][280/282] lr: 2.95e-04 | MSE loss: 5.3285e-03 | time: 0.037
I 06.07/22:19:38 solver.py:169 ] => Train  Loss: 5.3174e-03

I 06.07/22:19:38 solver.py:405 ] [20/32] loss: 6.4364e-03 | NMSE: -1.8678e+01 | time: 0.029
I 06.07/22:19:39 solver.py:413 ] => Test NMSE: -1.9471e+01

I 06.07/22:19:39 solver.py:345 ] => LoRA monitor [epoch=105] | trainable=67584/67584 | non_lora_trainable=0 | lora_l2=1.455015e+01 | lora_A_l2=1.186377e+01 | lora_B_l2=8.423651e+00 | component_l2=encoder:1.455015e+01 | lora_abs_max=6.941917e-01 | delta_l2=1.456942e+01 | delta_rel=4.439610e+00 | train_loss=5.317395e-03 | test_loss=5.647170e-03 | nmse=-1.947139e+01
I 06.07/22:19:39 solver.py:224 ] 
=! Best NMSE: -1.9490e+01 (epoch=101)

I 06.07/22:19:39 solver.py:159 ] Epoch: [106/200][20/282] lr: 2.94e-04 | MSE loss: 4.8321e-03 | time: 0.036
I 06.07/22:19:40 solver.py:159 ] Epoch: [106/200][40/282] lr: 2.94e-04 | MSE loss: 5.8509e-03 | time: 0.037
I 06.07/22:19:41 solver.py:159 ] Epoch: [106/200][60/282] lr: 2.94e-04 | MSE loss: 5.5988e-03 | time: 0.036
I 06.07/22:19:41 solver.py:159 ] Epoch: [106/200][80/282] lr: 2.94e-04 | MSE loss: 5.9550e-03 | time: 0.036
I 06.07/22:19:42 solver.py:159 ] Epoch: [106/200][100/282] lr: 2.93e-04 | MSE loss: 5.6959e-03 | time: 0.036
I 06.07/22:19:43 solver.py:159 ] Epoch: [106/200][120/282] lr: 2.93e-04 | MSE loss: 5.4924e-03 | time: 0.037
I 06.07/22:19:44 solver.py:159 ] Epoch: [106/200][140/282] lr: 2.93e-04 | MSE loss: 5.3661e-03 | time: 0.037
I 06.07/22:19:44 solver.py:159 ] Epoch: [106/200][160/282] lr: 2.92e-04 | MSE loss: 5.3443e-03 | time: 0.037
I 06.07/22:19:45 solver.py:159 ] Epoch: [106/200][180/282] lr: 2.92e-04 | MSE loss: 5.2615e-03 | time: 0.036
I 06.07/22:19:46 solver.py:159 ] Epoch: [106/200][200/282] lr: 2.92e-04 | MSE loss: 5.4603e-03 | time: 0.036
I 06.07/22:19:47 solver.py:159 ] Epoch: [106/200][220/282] lr: 2.92e-04 | MSE loss: 5.5600e-03 | time: 0.036
I 06.07/22:19:47 solver.py:159 ] Epoch: [106/200][240/282] lr: 2.91e-04 | MSE loss: 5.3966e-03 | time: 0.036
I 06.07/22:19:48 solver.py:159 ] Epoch: [106/200][260/282] lr: 2.91e-04 | MSE loss: 5.3790e-03 | time: 0.036
I 06.07/22:19:49 solver.py:159 ] Epoch: [106/200][280/282] lr: 2.91e-04 | MSE loss: 5.3432e-03 | time: 0.036
I 06.07/22:19:49 solver.py:169 ] => Train  Loss: 5.3123e-03

I 06.07/22:19:49 solver.py:405 ] [20/32] loss: 6.4046e-03 | NMSE: -1.8703e+01 | time: 0.031
I 06.07/22:19:50 solver.py:413 ] => Test NMSE: -1.9496e+01

I 06.07/22:19:50 solver.py:345 ] => LoRA monitor [epoch=106] | trainable=67584/67584 | non_lora_trainable=0 | lora_l2=1.458566e+01 | lora_A_l2=1.188972e+01 | lora_B_l2=8.448423e+00 | component_l2=encoder:1.458566e+01 | lora_abs_max=6.966915e-01 | delta_l2=1.460510e+01 | delta_rel=4.450482e+00 | train_loss=5.312343e-03 | test_loss=5.614997e-03 | nmse=-1.949621e+01
I 06.07/22:19:50 solver.py:224 ] 
=! Best NMSE: -1.9496e+01 (epoch=106)

I 06.07/22:19:51 solver.py:159 ] Epoch: [107/200][20/282] lr: 2.90e-04 | MSE loss: 4.2451e-03 | time: 0.037
I 06.07/22:19:52 solver.py:159 ] Epoch: [107/200][40/282] lr: 2.90e-04 | MSE loss: 4.9091e-03 | time: 0.036
I 06.07/22:19:52 solver.py:159 ] Epoch: [107/200][60/282] lr: 2.90e-04 | MSE loss: 5.1570e-03 | time: 0.036
I 06.07/22:19:53 solver.py:159 ] Epoch: [107/200][80/282] lr: 2.90e-04 | MSE loss: 5.5047e-03 | time: 0.037
I 06.07/22:19:54 solver.py:159 ] Epoch: [107/200][100/282] lr: 2.89e-04 | MSE loss: 5.6511e-03 | time: 0.036
I 06.07/22:19:54 solver.py:159 ] Epoch: [107/200][120/282] lr: 2.89e-04 | MSE loss: 5.5156e-03 | time: 0.036
I 06.07/22:19:55 solver.py:159 ] Epoch: [107/200][140/282] lr: 2.89e-04 | MSE loss: 5.6528e-03 | time: 0.036
I 06.07/22:19:56 solver.py:159 ] Epoch: [107/200][160/282] lr: 2.88e-04 | MSE loss: 5.5061e-03 | time: 0.036
I 06.07/22:19:57 solver.py:159 ] Epoch: [107/200][180/282] lr: 2.88e-04 | MSE loss: 5.3338e-03 | time: 0.036
I 06.07/22:19:57 solver.py:159 ] Epoch: [107/200][200/282] lr: 2.88e-04 | MSE loss: 5.3555e-03 | time: 0.036
I 06.07/22:19:58 solver.py:159 ] Epoch: [107/200][220/282] lr: 2.88e-04 | MSE loss: 5.2868e-03 | time: 0.036
I 06.07/22:19:59 solver.py:159 ] Epoch: [107/200][240/282] lr: 2.87e-04 | MSE loss: 5.3270e-03 | time: 0.036
I 06.07/22:20:00 solver.py:159 ] Epoch: [107/200][260/282] lr: 2.87e-04 | MSE loss: 5.2809e-03 | time: 0.036
I 06.07/22:20:01 solver.py:159 ] Epoch: [107/200][280/282] lr: 2.87e-04 | MSE loss: 5.3330e-03 | time: 0.038
I 06.07/22:20:01 solver.py:169 ] => Train  Loss: 5.3214e-03

I 06.07/22:20:03 solver.py:405 ] [20/32] loss: 6.4344e-03 | NMSE: -1.8677e+01 | time: 0.104
I 06.07/22:20:04 solver.py:413 ] => Test NMSE: -1.9480e+01

I 06.07/22:20:04 solver.py:345 ] => LoRA monitor [epoch=107] | trainable=67584/67584 | non_lora_trainable=0 | lora_l2=1.461562e+01 | lora_A_l2=1.191146e+01 | lora_B_l2=8.469558e+00 | component_l2=encoder:1.461562e+01 | lora_abs_max=6.966327e-01 | delta_l2=1.463545e+01 | delta_rel=4.459729e+00 | train_loss=5.321433e-03 | test_loss=5.636247e-03 | nmse=-1.947980e+01
I 06.07/22:20:04 solver.py:224 ] 
=! Best NMSE: -1.9496e+01 (epoch=106)

I 06.07/22:20:05 solver.py:159 ] Epoch: [108/200][20/282] lr: 2.86e-04 | MSE loss: 4.5885e-03 | time: 0.050
I 06.07/22:20:06 solver.py:159 ] Epoch: [108/200][40/282] lr: 2.86e-04 | MSE loss: 5.4948e-03 | time: 0.044
I 06.07/22:20:07 solver.py:159 ] Epoch: [108/200][60/282] lr: 2.86e-04 | MSE loss: 5.3445e-03 | time: 0.041
I 06.07/22:20:07 solver.py:159 ] Epoch: [108/200][80/282] lr: 2.86e-04 | MSE loss: 5.3813e-03 | time: 0.040
I 06.07/22:20:08 solver.py:159 ] Epoch: [108/200][100/282] lr: 2.85e-04 | MSE loss: 5.5476e-03 | time: 0.040
I 06.07/22:20:09 solver.py:159 ] Epoch: [108/200][120/282] lr: 2.85e-04 | MSE loss: 5.5243e-03 | time: 0.039
I 06.07/22:20:10 solver.py:159 ] Epoch: [108/200][140/282] lr: 2.85e-04 | MSE loss: 5.5473e-03 | time: 0.039
I 06.07/22:20:10 solver.py:159 ] Epoch: [108/200][160/282] lr: 2.85e-04 | MSE loss: 5.5915e-03 | time: 0.039
I 06.07/22:20:11 solver.py:159 ] Epoch: [108/200][180/282] lr: 2.84e-04 | MSE loss: 5.5464e-03 | time: 0.038
I 06.07/22:20:12 solver.py:159 ] Epoch: [108/200][200/282] lr: 2.84e-04 | MSE loss: 5.4953e-03 | time: 0.038
I 06.07/22:20:13 solver.py:159 ] Epoch: [108/200][220/282] lr: 2.84e-04 | MSE loss: 5.4845e-03 | time: 0.038
I 06.07/22:20:13 solver.py:159 ] Epoch: [108/200][240/282] lr: 2.83e-04 | MSE loss: 5.4272e-03 | time: 0.038
I 06.07/22:20:14 solver.py:159 ] Epoch: [108/200][260/282] lr: 2.83e-04 | MSE loss: 5.3528e-03 | time: 0.038
I 06.07/22:20:15 solver.py:159 ] Epoch: [108/200][280/282] lr: 2.83e-04 | MSE loss: 5.3369e-03 | time: 0.038
I 06.07/22:20:15 solver.py:169 ] => Train  Loss: 5.3244e-03

I 06.07/22:20:15 solver.py:405 ] [20/32] loss: 6.4303e-03 | NMSE: -1.8678e+01 | time: 0.028
I 06.07/22:20:16 solver.py:413 ] => Test NMSE: -1.9478e+01

I 06.07/22:20:16 solver.py:345 ] => LoRA monitor [epoch=108] | trainable=67584/67584 | non_lora_trainable=0 | lora_l2=1.464753e+01 | lora_A_l2=1.193444e+01 | lora_B_l2=8.492293e+00 | component_l2=encoder:1.464753e+01 | lora_abs_max=6.975482e-01 | delta_l2=1.466769e+01 | delta_rel=4.469556e+00 | train_loss=5.324407e-03 | test_loss=5.638928e-03 | nmse=-1.947774e+01
I 06.07/22:20:16 solver.py:224 ] 
=! Best NMSE: -1.9496e+01 (epoch=106)

I 06.07/22:20:16 solver.py:159 ] Epoch: [109/200][20/282] lr: 2.83e-04 | MSE loss: 5.8946e-03 | time: 0.037
I 06.07/22:20:17 solver.py:159 ] Epoch: [109/200][40/282] lr: 2.82e-04 | MSE loss: 6.0581e-03 | time: 0.038
I 06.07/22:20:18 solver.py:159 ] Epoch: [109/200][60/282] lr: 2.82e-04 | MSE loss: 5.6458e-03 | time: 0.038
I 06.07/22:20:19 solver.py:159 ] Epoch: [109/200][80/282] lr: 2.82e-04 | MSE loss: 5.3167e-03 | time: 0.038
I 06.07/22:20:19 solver.py:159 ] Epoch: [109/200][100/282] lr: 2.81e-04 | MSE loss: 5.5189e-03 | time: 0.037
I 06.07/22:20:20 solver.py:159 ] Epoch: [109/200][120/282] lr: 2.81e-04 | MSE loss: 5.6128e-03 | time: 0.036
I 06.07/22:20:21 solver.py:159 ] Epoch: [109/200][140/282] lr: 2.81e-04 | MSE loss: 5.5091e-03 | time: 0.037
I 06.07/22:20:22 solver.py:159 ] Epoch: [109/200][160/282] lr: 2.81e-04 | MSE loss: 5.3058e-03 | time: 0.037
I 06.07/22:20:22 solver.py:159 ] Epoch: [109/200][180/282] lr: 2.80e-04 | MSE loss: 5.2814e-03 | time: 0.037
I 06.07/22:20:23 solver.py:159 ] Epoch: [109/200][200/282] lr: 2.80e-04 | MSE loss: 5.2849e-03 | time: 0.037
I 06.07/22:20:24 solver.py:159 ] Epoch: [109/200][220/282] lr: 2.80e-04 | MSE loss: 5.4168e-03 | time: 0.037
I 06.07/22:20:25 solver.py:159 ] Epoch: [109/200][240/282] lr: 2.80e-04 | MSE loss: 5.3299e-03 | time: 0.037
I 06.07/22:20:25 solver.py:159 ] Epoch: [109/200][260/282] lr: 2.79e-04 | MSE loss: 5.3519e-03 | time: 0.037
I 06.07/22:20:26 solver.py:159 ] Epoch: [109/200][280/282] lr: 2.79e-04 | MSE loss: 5.3182e-03 | time: 0.037
I 06.07/22:20:26 solver.py:169 ] => Train  Loss: 5.3426e-03

I 06.07/22:20:27 solver.py:405 ] [20/32] loss: 6.4386e-03 | NMSE: -1.8670e+01 | time: 0.030
I 06.07/22:20:27 solver.py:413 ] => Test NMSE: -1.9465e+01

I 06.07/22:20:27 solver.py:345 ] => LoRA monitor [epoch=109] | trainable=67584/67584 | non_lora_trainable=0 | lora_l2=1.467774e+01 | lora_A_l2=1.195500e+01 | lora_B_l2=8.515520e+00 | component_l2=encoder:1.467774e+01 | lora_abs_max=6.981910e-01 | delta_l2=1.469813e+01 | delta_rel=4.478829e+00 | train_loss=5.342605e-03 | test_loss=5.655093e-03 | nmse=-1.946530e+01
I 06.07/22:20:27 solver.py:224 ] 
=! Best NMSE: -1.9496e+01 (epoch=106)

I 06.07/22:20:28 solver.py:159 ] Epoch: [110/200][20/282] lr: 2.79e-04 | MSE loss: 5.1092e-03 | time: 0.039
I 06.07/22:20:29 solver.py:159 ] Epoch: [110/200][40/282] lr: 2.78e-04 | MSE loss: 5.4945e-03 | time: 0.040
I 06.07/22:20:29 solver.py:159 ] Epoch: [110/200][60/282] lr: 2.78e-04 | MSE loss: 5.2540e-03 | time: 0.039
I 06.07/22:20:30 solver.py:159 ] Epoch: [110/200][80/282] lr: 2.78e-04 | MSE loss: 5.1099e-03 | time: 0.038
I 06.07/22:20:31 solver.py:159 ] Epoch: [110/200][100/282] lr: 2.78e-04 | MSE loss: 5.3014e-03 | time: 0.037
I 06.07/22:20:32 solver.py:159 ] Epoch: [110/200][120/282] lr: 2.77e-04 | MSE loss: 5.2036e-03 | time: 0.037
I 06.07/22:20:32 solver.py:159 ] Epoch: [110/200][140/282] lr: 2.77e-04 | MSE loss: 5.2784e-03 | time: 0.037
I 06.07/22:20:33 solver.py:159 ] Epoch: [110/200][160/282] lr: 2.77e-04 | MSE loss: 5.3162e-03 | time: 0.037
I 06.07/22:20:34 solver.py:159 ] Epoch: [110/200][180/282] lr: 2.76e-04 | MSE loss: 5.2438e-03 | time: 0.037
I 06.07/22:20:34 solver.py:159 ] Epoch: [110/200][200/282] lr: 2.76e-04 | MSE loss: 5.3721e-03 | time: 0.037
I 06.07/22:20:35 solver.py:159 ] Epoch: [110/200][220/282] lr: 2.76e-04 | MSE loss: 5.3346e-03 | time: 0.037
I 06.07/22:20:36 solver.py:159 ] Epoch: [110/200][240/282] lr: 2.76e-04 | MSE loss: 5.3484e-03 | time: 0.037
I 06.07/22:20:37 solver.py:159 ] Epoch: [110/200][260/282] lr: 2.75e-04 | MSE loss: 5.3083e-03 | time: 0.036
I 06.07/22:20:37 solver.py:159 ] Epoch: [110/200][280/282] lr: 2.75e-04 | MSE loss: 5.3232e-03 | time: 0.036
I 06.07/22:20:37 solver.py:169 ] => Train  Loss: 5.3470e-03

I 06.07/22:20:38 solver.py:159 ] Epoch: [110/200][20/32] lr: 2.75e-04 | MSE loss: 6.4440e-03 | time: 0.029
I 06.07/22:20:38 solver.py:169 ] => Val  Loss: 5.5617e-03

I 06.07/22:20:39 solver.py:405 ] [20/32] loss: 6.4440e-03 | NMSE: -1.8671e+01 | time: 0.029
I 06.07/22:20:39 solver.py:413 ] => Test NMSE: -1.9466e+01

I 06.07/22:20:39 solver.py:345 ] => LoRA monitor [epoch=110] | trainable=67584/67584 | non_lora_trainable=0 | lora_l2=1.470749e+01 | lora_A_l2=1.197791e+01 | lora_B_l2=8.534619e+00 | component_l2=encoder:1.470749e+01 | lora_abs_max=6.989490e-01 | delta_l2=1.472848e+01 | delta_rel=4.488079e+00 | train_loss=5.347040e-03 | val_loss=5.561687e-03 | test_loss=5.654486e-03 | nmse=-1.946577e+01
I 06.07/22:20:39 solver.py:224 ] 
=! Best NMSE: -1.9496e+01 (epoch=106)

I 06.07/22:20:40 solver.py:159 ] Epoch: [111/200][20/282] lr: 2.75e-04 | MSE loss: 6.3547e-03 | time: 0.035
I 06.07/22:20:41 solver.py:159 ] Epoch: [111/200][40/282] lr: 2.74e-04 | MSE loss: 6.2177e-03 | time: 0.036
I 06.07/22:20:41 solver.py:159 ] Epoch: [111/200][60/282] lr: 2.74e-04 | MSE loss: 5.8329e-03 | time: 0.036
I 06.07/22:20:42 solver.py:159 ] Epoch: [111/200][80/282] lr: 2.74e-04 | MSE loss: 5.6722e-03 | time: 0.036
I 06.07/22:20:43 solver.py:159 ] Epoch: [111/200][100/282] lr: 2.74e-04 | MSE loss: 5.6323e-03 | time: 0.036
I 06.07/22:20:43 solver.py:159 ] Epoch: [111/200][120/282] lr: 2.73e-04 | MSE loss: 5.6011e-03 | time: 0.036
I 06.07/22:20:44 solver.py:159 ] Epoch: [111/200][140/282] lr: 2.73e-04 | MSE loss: 5.5271e-03 | time: 0.036
I 06.07/22:20:45 solver.py:159 ] Epoch: [111/200][160/282] lr: 2.73e-04 | MSE loss: 5.5850e-03 | time: 0.036
I 06.07/22:20:46 solver.py:159 ] Epoch: [111/200][180/282] lr: 2.72e-04 | MSE loss: 5.5204e-03 | time: 0.036
I 06.07/22:20:46 solver.py:159 ] Epoch: [111/200][200/282] lr: 2.72e-04 | MSE loss: 5.4191e-03 | time: 0.036
I 06.07/22:20:47 solver.py:159 ] Epoch: [111/200][220/282] lr: 2.72e-04 | MSE loss: 5.3512e-03 | time: 0.036
I 06.07/22:20:48 solver.py:159 ] Epoch: [111/200][240/282] lr: 2.72e-04 | MSE loss: 5.4741e-03 | time: 0.036
I 06.07/22:20:49 solver.py:159 ] Epoch: [111/200][260/282] lr: 2.71e-04 | MSE loss: 5.3633e-03 | time: 0.037
I 06.07/22:20:49 solver.py:159 ] Epoch: [111/200][280/282] lr: 2.71e-04 | MSE loss: 5.3171e-03 | time: 0.037
I 06.07/22:20:49 solver.py:169 ] => Train  Loss: 5.3052e-03

I 06.07/22:20:50 solver.py:405 ] [20/32] loss: 6.4030e-03 | NMSE: -1.8701e+01 | time: 0.031
I 06.07/22:20:50 solver.py:413 ] => Test NMSE: -1.9498e+01

I 06.07/22:20:50 solver.py:345 ] => LoRA monitor [epoch=111] | trainable=67584/67584 | non_lora_trainable=0 | lora_l2=1.473532e+01 | lora_A_l2=1.199723e+01 | lora_B_l2=8.555471e+00 | component_l2=encoder:1.473532e+01 | lora_abs_max=7.000942e-01 | delta_l2=1.475653e+01 | delta_rel=4.496626e+00 | train_loss=5.305206e-03 | test_loss=5.612701e-03 | nmse=-1.949798e+01
I 06.07/22:20:51 solver.py:224 ] 
=! Best NMSE: -1.9498e+01 (epoch=111)

I 06.07/22:20:51 solver.py:159 ] Epoch: [112/200][20/282] lr: 2.71e-04 | MSE loss: 6.3895e-03 | time: 0.039
I 06.07/22:20:52 solver.py:159 ] Epoch: [112/200][40/282] lr: 2.71e-04 | MSE loss: 4.9650e-03 | time: 0.038
I 06.07/22:20:53 solver.py:159 ] Epoch: [112/200][60/282] lr: 2.70e-04 | MSE loss: 5.2932e-03 | time: 0.038
I 06.07/22:20:54 solver.py:159 ] Epoch: [112/200][80/282] lr: 2.70e-04 | MSE loss: 5.3407e-03 | time: 0.039
I 06.07/22:20:54 solver.py:159 ] Epoch: [112/200][100/282] lr: 2.70e-04 | MSE loss: 5.2642e-03 | time: 0.038
I 06.07/22:20:55 solver.py:159 ] Epoch: [112/200][120/282] lr: 2.69e-04 | MSE loss: 5.4272e-03 | time: 0.038
I 06.07/22:20:56 solver.py:159 ] Epoch: [112/200][140/282] lr: 2.69e-04 | MSE loss: 5.3575e-03 | time: 0.037
I 06.07/22:20:56 solver.py:159 ] Epoch: [112/200][160/282] lr: 2.69e-04 | MSE loss: 5.1282e-03 | time: 0.037
I 06.07/22:20:57 solver.py:159 ] Epoch: [112/200][180/282] lr: 2.69e-04 | MSE loss: 5.2393e-03 | time: 0.037
I 06.07/22:20:58 solver.py:159 ] Epoch: [112/200][200/282] lr: 2.68e-04 | MSE loss: 5.2345e-03 | time: 0.037
I 06.07/22:20:59 solver.py:159 ] Epoch: [112/200][220/282] lr: 2.68e-04 | MSE loss: 5.2686e-03 | time: 0.037
I 06.07/22:20:59 solver.py:159 ] Epoch: [112/200][240/282] lr: 2.68e-04 | MSE loss: 5.2922e-03 | time: 0.037
I 06.07/22:21:00 solver.py:159 ] Epoch: [112/200][260/282] lr: 2.67e-04 | MSE loss: 5.3673e-03 | time: 0.038
I 06.07/22:21:02 solver.py:159 ] Epoch: [112/200][280/282] lr: 2.67e-04 | MSE loss: 5.3000e-03 | time: 0.041
I 06.07/22:21:02 solver.py:169 ] => Train  Loss: 5.3005e-03

I 06.07/22:21:04 solver.py:405 ] [20/32] loss: 6.4092e-03 | NMSE: -1.8698e+01 | time: 0.089
I 06.07/22:21:05 solver.py:413 ] => Test NMSE: -1.9494e+01

I 06.07/22:21:05 solver.py:345 ] => LoRA monitor [epoch=112] | trainable=67584/67584 | non_lora_trainable=0 | lora_l2=1.476400e+01 | lora_A_l2=1.201820e+01 | lora_B_l2=8.575460e+00 | component_l2=encoder:1.476400e+01 | lora_abs_max=7.001752e-01 | delta_l2=1.478549e+01 | delta_rel=4.505450e+00 | train_loss=5.300541e-03 | test_loss=5.617976e-03 | nmse=-1.949390e+01
I 06.07/22:21:05 solver.py:224 ] 
=! Best NMSE: -1.9498e+01 (epoch=111)

I 06.07/22:21:06 solver.py:159 ] Epoch: [113/200][20/282] lr: 2.67e-04 | MSE loss: 4.7845e-03 | time: 0.041
I 06.07/22:21:06 solver.py:159 ] Epoch: [113/200][40/282] lr: 2.67e-04 | MSE loss: 4.9417e-03 | time: 0.038
I 06.07/22:21:07 solver.py:159 ] Epoch: [113/200][60/282] lr: 2.66e-04 | MSE loss: 5.3061e-03 | time: 0.037
I 06.07/22:21:08 solver.py:159 ] Epoch: [113/200][80/282] lr: 2.66e-04 | MSE loss: 5.1502e-03 | time: 0.037
I 06.07/22:21:09 solver.py:159 ] Epoch: [113/200][100/282] lr: 2.66e-04 | MSE loss: 5.0033e-03 | time: 0.038
I 06.07/22:21:09 solver.py:159 ] Epoch: [113/200][120/282] lr: 2.65e-04 | MSE loss: 5.0963e-03 | time: 0.038
I 06.07/22:21:10 solver.py:159 ] Epoch: [113/200][140/282] lr: 2.65e-04 | MSE loss: 5.2510e-03 | time: 0.038
I 06.07/22:21:11 solver.py:159 ] Epoch: [113/200][160/282] lr: 2.65e-04 | MSE loss: 5.1199e-03 | time: 0.038
I 06.07/22:21:12 solver.py:159 ] Epoch: [113/200][180/282] lr: 2.65e-04 | MSE loss: 5.1258e-03 | time: 0.038
I 06.07/22:21:12 solver.py:159 ] Epoch: [113/200][200/282] lr: 2.64e-04 | MSE loss: 5.2082e-03 | time: 0.038
I 06.07/22:21:13 solver.py:159 ] Epoch: [113/200][220/282] lr: 2.64e-04 | MSE loss: 5.2286e-03 | time: 0.038
I 06.07/22:21:14 solver.py:159 ] Epoch: [113/200][240/282] lr: 2.64e-04 | MSE loss: 5.3000e-03 | time: 0.038
I 06.07/22:21:15 solver.py:159 ] Epoch: [113/200][260/282] lr: 2.64e-04 | MSE loss: 5.3135e-03 | time: 0.038
I 06.07/22:21:15 solver.py:159 ] Epoch: [113/200][280/282] lr: 2.63e-04 | MSE loss: 5.3067e-03 | time: 0.038
I 06.07/22:21:15 solver.py:169 ] => Train  Loss: 5.3313e-03

I 06.07/22:21:16 solver.py:405 ] [20/32] loss: 6.3935e-03 | NMSE: -1.8703e+01 | time: 0.027
I 06.07/22:21:16 solver.py:413 ] => Test NMSE: -1.9502e+01

I 06.07/22:21:16 solver.py:345 ] => LoRA monitor [epoch=113] | trainable=67584/67584 | non_lora_trainable=0 | lora_l2=1.479185e+01 | lora_A_l2=1.203868e+01 | lora_B_l2=8.594698e+00 | component_l2=encoder:1.479185e+01 | lora_abs_max=7.013688e-01 | delta_l2=1.481350e+01 | delta_rel=4.513987e+00 | train_loss=5.331298e-03 | test_loss=5.608127e-03 | nmse=-1.950152e+01
I 06.07/22:21:17 solver.py:224 ] 
=! Best NMSE: -1.9502e+01 (epoch=113)

I 06.07/22:21:17 solver.py:159 ] Epoch: [114/200][20/282] lr: 2.63e-04 | MSE loss: 6.0946e-03 | time: 0.039
I 06.07/22:21:18 solver.py:159 ] Epoch: [114/200][40/282] lr: 2.63e-04 | MSE loss: 5.7036e-03 | time: 0.039
I 06.07/22:21:19 solver.py:159 ] Epoch: [114/200][60/282] lr: 2.62e-04 | MSE loss: 4.9177e-03 | time: 0.038
I 06.07/22:21:20 solver.py:159 ] Epoch: [114/200][80/282] lr: 2.62e-04 | MSE loss: 5.0449e-03 | time: 0.038
I 06.07/22:21:20 solver.py:159 ] Epoch: [114/200][100/282] lr: 2.62e-04 | MSE loss: 5.0055e-03 | time: 0.038
I 06.07/22:21:21 solver.py:159 ] Epoch: [114/200][120/282] lr: 2.62e-04 | MSE loss: 5.2667e-03 | time: 0.038
I 06.07/22:21:22 solver.py:159 ] Epoch: [114/200][140/282] lr: 2.61e-04 | MSE loss: 5.1117e-03 | time: 0.038
I 06.07/22:21:23 solver.py:159 ] Epoch: [114/200][160/282] lr: 2.61e-04 | MSE loss: 5.0420e-03 | time: 0.037
I 06.07/22:21:23 solver.py:159 ] Epoch: [114/200][180/282] lr: 2.61e-04 | MSE loss: 4.9475e-03 | time: 0.037
I 06.07/22:21:24 solver.py:159 ] Epoch: [114/200][200/282] lr: 2.60e-04 | MSE loss: 5.0529e-03 | time: 0.037
I 06.07/22:21:25 solver.py:159 ] Epoch: [114/200][220/282] lr: 2.60e-04 | MSE loss: 5.2549e-03 | time: 0.037
I 06.07/22:21:26 solver.py:159 ] Epoch: [114/200][240/282] lr: 2.60e-04 | MSE loss: 5.2347e-03 | time: 0.037
I 06.07/22:21:26 solver.py:159 ] Epoch: [114/200][260/282] lr: 2.60e-04 | MSE loss: 5.3021e-03 | time: 0.037
I 06.07/22:21:27 solver.py:159 ] Epoch: [114/200][280/282] lr: 2.59e-04 | MSE loss: 5.3260e-03 | time: 0.037
I 06.07/22:21:27 solver.py:169 ] => Train  Loss: 5.2968e-03

I 06.07/22:21:28 solver.py:405 ] [20/32] loss: 6.4219e-03 | NMSE: -1.8696e+01 | time: 0.031
I 06.07/22:21:28 solver.py:413 ] => Test NMSE: -1.9485e+01

I 06.07/22:21:28 solver.py:345 ] => LoRA monitor [epoch=114] | trainable=67584/67584 | non_lora_trainable=0 | lora_l2=1.481930e+01 | lora_A_l2=1.205861e+01 | lora_B_l2=8.614034e+00 | component_l2=encoder:1.481930e+01 | lora_abs_max=7.010950e-01 | delta_l2=1.484125e+01 | delta_rel=4.522443e+00 | train_loss=5.296790e-03 | test_loss=5.629898e-03 | nmse=-1.948470e+01
I 06.07/22:21:28 solver.py:224 ] 
=! Best NMSE: -1.9502e+01 (epoch=113)

I 06.07/22:21:29 solver.py:159 ] Epoch: [115/200][20/282] lr: 2.59e-04 | MSE loss: 4.7116e-03 | time: 0.036
I 06.07/22:21:29 solver.py:159 ] Epoch: [115/200][40/282] lr: 2.59e-04 | MSE loss: 5.4352e-03 | time: 0.038
I 06.07/22:21:30 solver.py:159 ] Epoch: [115/200][60/282] lr: 2.58e-04 | MSE loss: 5.7057e-03 | time: 0.037
I 06.07/22:21:31 solver.py:159 ] Epoch: [115/200][80/282] lr: 2.58e-04 | MSE loss: 5.4949e-03 | time: 0.037
I 06.07/22:21:32 solver.py:159 ] Epoch: [115/200][100/282] lr: 2.58e-04 | MSE loss: 5.4658e-03 | time: 0.037
I 06.07/22:21:32 solver.py:159 ] Epoch: [115/200][120/282] lr: 2.58e-04 | MSE loss: 5.4584e-03 | time: 0.037
I 06.07/22:21:33 solver.py:159 ] Epoch: [115/200][140/282] lr: 2.57e-04 | MSE loss: 5.4384e-03 | time: 0.037
I 06.07/22:21:34 solver.py:159 ] Epoch: [115/200][160/282] lr: 2.57e-04 | MSE loss: 5.3595e-03 | time: 0.037
I 06.07/22:21:35 solver.py:159 ] Epoch: [115/200][180/282] lr: 2.57e-04 | MSE loss: 5.2082e-03 | time: 0.037
I 06.07/22:21:35 solver.py:159 ] Epoch: [115/200][200/282] lr: 2.57e-04 | MSE loss: 5.2697e-03 | time: 0.037
I 06.07/22:21:36 solver.py:159 ] Epoch: [115/200][220/282] lr: 2.56e-04 | MSE loss: 5.2898e-03 | time: 0.037
I 06.07/22:21:37 solver.py:159 ] Epoch: [115/200][240/282] lr: 2.56e-04 | MSE loss: 5.3233e-03 | time: 0.037
I 06.07/22:21:38 solver.py:159 ] Epoch: [115/200][260/282] lr: 2.56e-04 | MSE loss: 5.3585e-03 | time: 0.037
I 06.07/22:21:38 solver.py:159 ] Epoch: [115/200][280/282] lr: 2.55e-04 | MSE loss: 5.3254e-03 | time: 0.037
I 06.07/22:21:38 solver.py:169 ] => Train  Loss: 5.3052e-03

I 06.07/22:21:39 solver.py:405 ] [20/32] loss: 6.4058e-03 | NMSE: -1.8693e+01 | time: 0.029
I 06.07/22:21:39 solver.py:413 ] => Test NMSE: -1.9492e+01

I 06.07/22:21:39 solver.py:345 ] => LoRA monitor [epoch=115] | trainable=67584/67584 | non_lora_trainable=0 | lora_l2=1.484179e+01 | lora_A_l2=1.207507e+01 | lora_B_l2=8.629686e+00 | component_l2=encoder:1.484179e+01 | lora_abs_max=7.012495e-01 | delta_l2=1.486428e+01 | delta_rel=4.529460e+00 | train_loss=5.305208e-03 | test_loss=5.620347e-03 | nmse=-1.949207e+01
I 06.07/22:21:39 solver.py:224 ] 
=! Best NMSE: -1.9502e+01 (epoch=113)

I 06.07/22:21:40 solver.py:159 ] Epoch: [116/200][20/282] lr: 2.55e-04 | MSE loss: 5.7507e-03 | time: 0.038
I 06.07/22:21:41 solver.py:159 ] Epoch: [116/200][40/282] lr: 2.55e-04 | MSE loss: 5.6110e-03 | time: 0.036
I 06.07/22:21:42 solver.py:159 ] Epoch: [116/200][60/282] lr: 2.55e-04 | MSE loss: 5.3970e-03 | time: 0.038
I 06.07/22:21:42 solver.py:159 ] Epoch: [116/200][80/282] lr: 2.54e-04 | MSE loss: 5.4618e-03 | time: 0.037
I 06.07/22:21:43 solver.py:159 ] Epoch: [116/200][100/282] lr: 2.54e-04 | MSE loss: 5.3536e-03 | time: 0.037
I 06.07/22:21:44 solver.py:159 ] Epoch: [116/200][120/282] lr: 2.54e-04 | MSE loss: 5.3234e-03 | time: 0.037
I 06.07/22:21:45 solver.py:159 ] Epoch: [116/200][140/282] lr: 2.53e-04 | MSE loss: 5.2593e-03 | time: 0.037
I 06.07/22:21:45 solver.py:159 ] Epoch: [116/200][160/282] lr: 2.53e-04 | MSE loss: 5.1695e-03 | time: 0.037
I 06.07/22:21:46 solver.py:159 ] Epoch: [116/200][180/282] lr: 2.53e-04 | MSE loss: 5.1608e-03 | time: 0.037
I 06.07/22:21:47 solver.py:159 ] Epoch: [116/200][200/282] lr: 2.53e-04 | MSE loss: 5.1393e-03 | time: 0.037
I 06.07/22:21:47 solver.py:159 ] Epoch: [116/200][220/282] lr: 2.52e-04 | MSE loss: 5.2979e-03 | time: 0.037
I 06.07/22:21:48 solver.py:159 ] Epoch: [116/200][240/282] lr: 2.52e-04 | MSE loss: 5.2783e-03 | time: 0.037
I 06.07/22:21:49 solver.py:159 ] Epoch: [116/200][260/282] lr: 2.52e-04 | MSE loss: 5.3564e-03 | time: 0.037
I 06.07/22:21:50 solver.py:159 ] Epoch: [116/200][280/282] lr: 2.52e-04 | MSE loss: 5.3119e-03 | time: 0.037
I 06.07/22:21:50 solver.py:169 ] => Train  Loss: 5.2986e-03

I 06.07/22:21:50 solver.py:405 ] [20/32] loss: 6.3999e-03 | NMSE: -1.8704e+01 | time: 0.028
I 06.07/22:21:51 solver.py:413 ] => Test NMSE: -1.9502e+01

I 06.07/22:21:51 solver.py:345 ] => LoRA monitor [epoch=116] | trainable=67584/67584 | non_lora_trainable=0 | lora_l2=1.486755e+01 | lora_A_l2=1.209352e+01 | lora_B_l2=8.648164e+00 | component_l2=encoder:1.486755e+01 | lora_abs_max=7.010557e-01 | delta_l2=1.489016e+01 | delta_rel=4.537346e+00 | train_loss=5.298608e-03 | test_loss=5.607799e-03 | nmse=-1.950178e+01
I 06.07/22:21:51 solver.py:224 ] 
=! Best NMSE: -1.9502e+01 (epoch=116)

I 06.07/22:21:52 solver.py:159 ] Epoch: [117/200][20/282] lr: 2.51e-04 | MSE loss: 5.0773e-03 | time: 0.040
I 06.07/22:21:52 solver.py:159 ] Epoch: [117/200][40/282] lr: 2.51e-04 | MSE loss: 5.3621e-03 | time: 0.039
I 06.07/22:21:53 solver.py:159 ] Epoch: [117/200][60/282] lr: 2.51e-04 | MSE loss: 5.2385e-03 | time: 0.039
I 06.07/22:21:54 solver.py:159 ] Epoch: [117/200][80/282] lr: 2.50e-04 | MSE loss: 5.0178e-03 | time: 0.038
I 06.07/22:21:55 solver.py:159 ] Epoch: [117/200][100/282] lr: 2.50e-04 | MSE loss: 5.0641e-03 | time: 0.038
I 06.07/22:21:55 solver.py:159 ] Epoch: [117/200][120/282] lr: 2.50e-04 | MSE loss: 5.3381e-03 | time: 0.038
I 06.07/22:21:56 solver.py:159 ] Epoch: [117/200][140/282] lr: 2.50e-04 | MSE loss: 5.2650e-03 | time: 0.038
I 06.07/22:21:57 solver.py:159 ] Epoch: [117/200][160/282] lr: 2.49e-04 | MSE loss: 5.3152e-03 | time: 0.037
I 06.07/22:21:58 solver.py:159 ] Epoch: [117/200][180/282] lr: 2.49e-04 | MSE loss: 5.4355e-03 | time: 0.037
I 06.07/22:21:58 solver.py:159 ] Epoch: [117/200][200/282] lr: 2.49e-04 | MSE loss: 5.3554e-03 | time: 0.037
I 06.07/22:21:59 solver.py:159 ] Epoch: [117/200][220/282] lr: 2.48e-04 | MSE loss: 5.3209e-03 | time: 0.037
I 06.07/22:22:00 solver.py:159 ] Epoch: [117/200][240/282] lr: 2.48e-04 | MSE loss: 5.2426e-03 | time: 0.038
I 06.07/22:22:02 solver.py:159 ] Epoch: [117/200][260/282] lr: 2.48e-04 | MSE loss: 5.3131e-03 | time: 0.042
I 06.07/22:22:04 solver.py:159 ] Epoch: [117/200][280/282] lr: 2.48e-04 | MSE loss: 5.2951e-03 | time: 0.047
I 06.07/22:22:04 solver.py:169 ] => Train  Loss: 5.3007e-03

I 06.07/22:22:05 solver.py:405 ] [20/32] loss: 6.3859e-03 | NMSE: -1.8713e+01 | time: 0.051
I 06.07/22:22:05 solver.py:413 ] => Test NMSE: -1.9507e+01

I 06.07/22:22:05 solver.py:345 ] => LoRA monitor [epoch=117] | trainable=67584/67584 | non_lora_trainable=0 | lora_l2=1.488973e+01 | lora_A_l2=1.210990e+01 | lora_B_l2=8.663387e+00 | component_l2=encoder:1.488973e+01 | lora_abs_max=7.025147e-01 | delta_l2=1.491289e+01 | delta_rel=4.544272e+00 | train_loss=5.300678e-03 | test_loss=5.601191e-03 | nmse=-1.950690e+01
I 06.07/22:22:06 solver.py:224 ] 
=! Best NMSE: -1.9507e+01 (epoch=117)

I 06.07/22:22:06 solver.py:159 ] Epoch: [118/200][20/282] lr: 2.47e-04 | MSE loss: 5.3826e-03 | time: 0.037
I 06.07/22:22:07 solver.py:159 ] Epoch: [118/200][40/282] lr: 2.47e-04 | MSE loss: 4.6542e-03 | time: 0.037
I 06.07/22:22:08 solver.py:159 ] Epoch: [118/200][60/282] lr: 2.47e-04 | MSE loss: 5.2948e-03 | time: 0.037
I 06.07/22:22:09 solver.py:159 ] Epoch: [118/200][80/282] lr: 2.46e-04 | MSE loss: 5.1585e-03 | time: 0.037
I 06.07/22:22:09 solver.py:159 ] Epoch: [118/200][100/282] lr: 2.46e-04 | MSE loss: 5.1527e-03 | time: 0.037
I 06.07/22:22:10 solver.py:159 ] Epoch: [118/200][120/282] lr: 2.46e-04 | MSE loss: 5.2116e-03 | time: 0.037
I 06.07/22:22:11 solver.py:159 ] Epoch: [118/200][140/282] lr: 2.46e-04 | MSE loss: 5.3069e-03 | time: 0.037
I 06.07/22:22:12 solver.py:159 ] Epoch: [118/200][160/282] lr: 2.45e-04 | MSE loss: 5.3700e-03 | time: 0.037
I 06.07/22:22:12 solver.py:159 ] Epoch: [118/200][180/282] lr: 2.45e-04 | MSE loss: 5.4228e-03 | time: 0.037
I 06.07/22:22:13 solver.py:159 ] Epoch: [118/200][200/282] lr: 2.45e-04 | MSE loss: 5.3286e-03 | time: 0.037
I 06.07/22:22:14 solver.py:159 ] Epoch: [118/200][220/282] lr: 2.45e-04 | MSE loss: 5.3345e-03 | time: 0.037
I 06.07/22:22:15 solver.py:159 ] Epoch: [118/200][240/282] lr: 2.44e-04 | MSE loss: 5.3237e-03 | time: 0.037
I 06.07/22:22:15 solver.py:159 ] Epoch: [118/200][260/282] lr: 2.44e-04 | MSE loss: 5.3388e-03 | time: 0.037
I 06.07/22:22:16 solver.py:159 ] Epoch: [118/200][280/282] lr: 2.44e-04 | MSE loss: 5.3024e-03 | time: 0.037
I 06.07/22:22:16 solver.py:169 ] => Train  Loss: 5.2923e-03

I 06.07/22:22:17 solver.py:405 ] [20/32] loss: 6.3870e-03 | NMSE: -1.8714e+01 | time: 0.033
I 06.07/22:22:17 solver.py:413 ] => Test NMSE: -1.9508e+01

I 06.07/22:22:17 solver.py:345 ] => LoRA monitor [epoch=118] | trainable=67584/67584 | non_lora_trainable=0 | lora_l2=1.491581e+01 | lora_A_l2=1.212856e+01 | lora_B_l2=8.682128e+00 | component_l2=encoder:1.491581e+01 | lora_abs_max=7.029784e-01 | delta_l2=1.493895e+01 | delta_rel=4.552214e+00 | train_loss=5.292323e-03 | test_loss=5.599155e-03 | nmse=-1.950847e+01
I 06.07/22:22:17 solver.py:224 ] 
=! Best NMSE: -1.9508e+01 (epoch=118)

I 06.07/22:22:18 solver.py:159 ] Epoch: [119/200][20/282] lr: 2.43e-04 | MSE loss: 5.5973e-03 | time: 0.037
I 06.07/22:22:19 solver.py:159 ] Epoch: [119/200][40/282] lr: 2.43e-04 | MSE loss: 5.1222e-03 | time: 0.037
I 06.07/22:22:19 solver.py:159 ] Epoch: [119/200][60/282] lr: 2.43e-04 | MSE loss: 4.6436e-03 | time: 0.036
I 06.07/22:22:20 solver.py:159 ] Epoch: [119/200][80/282] lr: 2.43e-04 | MSE loss: 4.8762e-03 | time: 0.036
I 06.07/22:22:21 solver.py:159 ] Epoch: [119/200][100/282] lr: 2.42e-04 | MSE loss: 4.9345e-03 | time: 0.036
I 06.07/22:22:22 solver.py:159 ] Epoch: [119/200][120/282] lr: 2.42e-04 | MSE loss: 4.9821e-03 | time: 0.037
I 06.07/22:22:22 solver.py:159 ] Epoch: [119/200][140/282] lr: 2.42e-04 | MSE loss: 4.9908e-03 | time: 0.037
I 06.07/22:22:23 solver.py:159 ] Epoch: [119/200][160/282] lr: 2.41e-04 | MSE loss: 5.0765e-03 | time: 0.037
I 06.07/22:22:24 solver.py:159 ] Epoch: [119/200][180/282] lr: 2.41e-04 | MSE loss: 5.1026e-03 | time: 0.037
I 06.07/22:22:25 solver.py:159 ] Epoch: [119/200][200/282] lr: 2.41e-04 | MSE loss: 5.1260e-03 | time: 0.037
I 06.07/22:22:25 solver.py:159 ] Epoch: [119/200][220/282] lr: 2.41e-04 | MSE loss: 5.2205e-03 | time: 0.037
I 06.07/22:22:26 solver.py:159 ] Epoch: [119/200][240/282] lr: 2.40e-04 | MSE loss: 5.1906e-03 | time: 0.037
I 06.07/22:22:27 solver.py:159 ] Epoch: [119/200][260/282] lr: 2.40e-04 | MSE loss: 5.2432e-03 | time: 0.037
I 06.07/22:22:28 solver.py:159 ] Epoch: [119/200][280/282] lr: 2.40e-04 | MSE loss: 5.3141e-03 | time: 0.037
I 06.07/22:22:28 solver.py:169 ] => Train  Loss: 5.2931e-03

I 06.07/22:22:28 solver.py:405 ] [20/32] loss: 6.4117e-03 | NMSE: -1.8693e+01 | time: 0.027
I 06.07/22:22:29 solver.py:413 ] => Test NMSE: -1.9493e+01

I 06.07/22:22:29 solver.py:345 ] => LoRA monitor [epoch=119] | trainable=67584/67584 | non_lora_trainable=0 | lora_l2=1.493887e+01 | lora_A_l2=1.214496e+01 | lora_B_l2=8.698842e+00 | component_l2=encoder:1.493887e+01 | lora_abs_max=7.030820e-01 | delta_l2=1.496224e+01 | delta_rel=4.559312e+00 | train_loss=5.293136e-03 | test_loss=5.619421e-03 | nmse=-1.949278e+01
I 06.07/22:22:29 solver.py:224 ] 
=! Best NMSE: -1.9508e+01 (epoch=118)

I 06.07/22:22:29 solver.py:159 ] Epoch: [120/200][20/282] lr: 2.40e-04 | MSE loss: 4.6901e-03 | time: 0.036
I 06.07/22:22:30 solver.py:159 ] Epoch: [120/200][40/282] lr: 2.39e-04 | MSE loss: 4.7598e-03 | time: 0.036
I 06.07/22:22:31 solver.py:159 ] Epoch: [120/200][60/282] lr: 2.39e-04 | MSE loss: 5.0057e-03 | time: 0.036
I 06.07/22:22:31 solver.py:159 ] Epoch: [120/200][80/282] lr: 2.39e-04 | MSE loss: 5.4378e-03 | time: 0.036
I 06.07/22:22:32 solver.py:159 ] Epoch: [120/200][100/282] lr: 2.38e-04 | MSE loss: 5.4128e-03 | time: 0.037
I 06.07/22:22:33 solver.py:159 ] Epoch: [120/200][120/282] lr: 2.38e-04 | MSE loss: 5.5078e-03 | time: 0.036
I 06.07/22:22:34 solver.py:159 ] Epoch: [120/200][140/282] lr: 2.38e-04 | MSE loss: 5.4811e-03 | time: 0.036
I 06.07/22:22:34 solver.py:159 ] Epoch: [120/200][160/282] lr: 2.38e-04 | MSE loss: 5.6047e-03 | time: 0.036
I 06.07/22:22:35 solver.py:159 ] Epoch: [120/200][180/282] lr: 2.37e-04 | MSE loss: 5.4092e-03 | time: 0.036
I 06.07/22:22:36 solver.py:159 ] Epoch: [120/200][200/282] lr: 2.37e-04 | MSE loss: 5.3940e-03 | time: 0.036
I 06.07/22:22:36 solver.py:159 ] Epoch: [120/200][220/282] lr: 2.37e-04 | MSE loss: 5.3207e-03 | time: 0.036
I 06.07/22:22:37 solver.py:159 ] Epoch: [120/200][240/282] lr: 2.37e-04 | MSE loss: 5.3654e-03 | time: 0.036
I 06.07/22:22:38 solver.py:159 ] Epoch: [120/200][260/282] lr: 2.36e-04 | MSE loss: 5.3189e-03 | time: 0.036
I 06.07/22:22:39 solver.py:159 ] Epoch: [120/200][280/282] lr: 2.36e-04 | MSE loss: 5.3160e-03 | time: 0.036
I 06.07/22:22:39 solver.py:169 ] => Train  Loss: 5.2926e-03

I 06.07/22:22:39 solver.py:159 ] Epoch: [120/200][20/32] lr: 2.36e-04 | MSE loss: 6.4405e-03 | time: 0.030
I 06.07/22:22:40 solver.py:169 ] => Val  Loss: 5.5622e-03

I 06.07/22:22:40 solver.py:405 ] [20/32] loss: 6.4405e-03 | NMSE: -1.8680e+01 | time: 0.031
I 06.07/22:22:41 solver.py:413 ] => Test NMSE: -1.9465e+01

I 06.07/22:22:41 solver.py:345 ] => LoRA monitor [epoch=120] | trainable=67584/67584 | non_lora_trainable=0 | lora_l2=1.495861e+01 | lora_A_l2=1.215871e+01 | lora_B_l2=8.713539e+00 | component_l2=encoder:1.495861e+01 | lora_abs_max=7.027290e-01 | delta_l2=1.498246e+01 | delta_rel=4.565470e+00 | train_loss=5.292554e-03 | val_loss=5.562241e-03 | test_loss=5.655306e-03 | nmse=-1.946514e+01
I 06.07/22:22:41 solver.py:224 ] 
=! Best NMSE: -1.9508e+01 (epoch=118)

I 06.07/22:22:41 solver.py:159 ] Epoch: [121/200][20/282] lr: 2.36e-04 | MSE loss: 5.0063e-03 | time: 0.036
I 06.07/22:22:42 solver.py:159 ] Epoch: [121/200][40/282] lr: 2.35e-04 | MSE loss: 5.9443e-03 | time: 0.036
I 06.07/22:22:43 solver.py:159 ] Epoch: [121/200][60/282] lr: 2.35e-04 | MSE loss: 5.8826e-03 | time: 0.037
I 06.07/22:22:44 solver.py:159 ] Epoch: [121/200][80/282] lr: 2.35e-04 | MSE loss: 5.3416e-03 | time: 0.038
I 06.07/22:22:45 solver.py:159 ] Epoch: [121/200][100/282] lr: 2.35e-04 | MSE loss: 5.3865e-03 | time: 0.038
I 06.07/22:22:45 solver.py:159 ] Epoch: [121/200][120/282] lr: 2.34e-04 | MSE loss: 5.4367e-03 | time: 0.038
I 06.07/22:22:46 solver.py:159 ] Epoch: [121/200][140/282] lr: 2.34e-04 | MSE loss: 5.4071e-03 | time: 0.038
I 06.07/22:22:47 solver.py:159 ] Epoch: [121/200][160/282] lr: 2.34e-04 | MSE loss: 5.3153e-03 | time: 0.038
I 06.07/22:22:48 solver.py:159 ] Epoch: [121/200][180/282] lr: 2.33e-04 | MSE loss: 5.3050e-03 | time: 0.038
I 06.07/22:22:48 solver.py:159 ] Epoch: [121/200][200/282] lr: 2.33e-04 | MSE loss: 5.4423e-03 | time: 0.038
I 06.07/22:22:49 solver.py:159 ] Epoch: [121/200][220/282] lr: 2.33e-04 | MSE loss: 5.3511e-03 | time: 0.038
I 06.07/22:22:50 solver.py:159 ] Epoch: [121/200][240/282] lr: 2.33e-04 | MSE loss: 5.3637e-03 | time: 0.038
I 06.07/22:22:51 solver.py:159 ] Epoch: [121/200][260/282] lr: 2.32e-04 | MSE loss: 5.3390e-03 | time: 0.038
I 06.07/22:22:51 solver.py:159 ] Epoch: [121/200][280/282] lr: 2.32e-04 | MSE loss: 5.3144e-03 | time: 0.038
I 06.07/22:22:51 solver.py:169 ] => Train  Loss: 5.2895e-03

I 06.07/22:22:52 solver.py:405 ] [20/32] loss: 6.3804e-03 | NMSE: -1.8708e+01 | time: 0.029
I 06.07/22:22:52 solver.py:413 ] => Test NMSE: -1.9507e+01

I 06.07/22:22:52 solver.py:345 ] => LoRA monitor [epoch=121] | trainable=67584/67584 | non_lora_trainable=0 | lora_l2=1.497927e+01 | lora_A_l2=1.217406e+01 | lora_B_l2=8.727591e+00 | component_l2=encoder:1.497927e+01 | lora_abs_max=7.034978e-01 | delta_l2=1.500359e+01 | delta_rel=4.571910e+00 | train_loss=5.289532e-03 | test_loss=5.600747e-03 | nmse=-1.950724e+01
I 06.07/22:22:52 solver.py:224 ] 
=! Best NMSE: -1.9508e+01 (epoch=118)

I 06.07/22:22:53 solver.py:159 ] Epoch: [122/200][20/282] lr: 2.32e-04 | MSE loss: 4.9611e-03 | time: 0.041
I 06.07/22:22:54 solver.py:159 ] Epoch: [122/200][40/282] lr: 2.32e-04 | MSE loss: 5.0142e-03 | time: 0.037
I 06.07/22:22:55 solver.py:159 ] Epoch: [122/200][60/282] lr: 2.31e-04 | MSE loss: 5.0010e-03 | time: 0.037
I 06.07/22:22:55 solver.py:159 ] Epoch: [122/200][80/282] lr: 2.31e-04 | MSE loss: 5.1284e-03 | time: 0.037
I 06.07/22:22:56 solver.py:159 ] Epoch: [122/200][100/282] lr: 2.31e-04 | MSE loss: 5.2538e-03 | time: 0.037
I 06.07/22:22:57 solver.py:159 ] Epoch: [122/200][120/282] lr: 2.30e-04 | MSE loss: 5.2869e-03 | time: 0.037
I 06.07/22:22:58 solver.py:159 ] Epoch: [122/200][140/282] lr: 2.30e-04 | MSE loss: 5.3693e-03 | time: 0.036
I 06.07/22:22:58 solver.py:159 ] Epoch: [122/200][160/282] lr: 2.30e-04 | MSE loss: 5.4079e-03 | time: 0.036
I 06.07/22:22:59 solver.py:159 ] Epoch: [122/200][180/282] lr: 2.30e-04 | MSE loss: 5.3448e-03 | time: 0.036
I 06.07/22:23:00 solver.py:159 ] Epoch: [122/200][200/282] lr: 2.29e-04 | MSE loss: 5.3357e-03 | time: 0.037
I 06.07/22:23:01 solver.py:159 ] Epoch: [122/200][220/282] lr: 2.29e-04 | MSE loss: 5.1566e-03 | time: 0.038
I 06.07/22:23:03 solver.py:159 ] Epoch: [122/200][240/282] lr: 2.29e-04 | MSE loss: 5.1381e-03 | time: 0.042
I 06.07/22:23:04 solver.py:159 ] Epoch: [122/200][260/282] lr: 2.29e-04 | MSE loss: 5.2524e-03 | time: 0.045
I 06.07/22:23:05 solver.py:159 ] Epoch: [122/200][280/282] lr: 2.28e-04 | MSE loss: 5.3094e-03 | time: 0.045
I 06.07/22:23:05 solver.py:169 ] => Train  Loss: 5.2801e-03

I 06.07/22:23:06 solver.py:405 ] [20/32] loss: 6.3910e-03 | NMSE: -1.8706e+01 | time: 0.028
I 06.07/22:23:06 solver.py:413 ] => Test NMSE: -1.9501e+01

I 06.07/22:23:06 solver.py:345 ] => LoRA monitor [epoch=122] | trainable=67584/67584 | non_lora_trainable=0 | lora_l2=1.500348e+01 | lora_A_l2=1.219181e+01 | lora_B_l2=8.744382e+00 | component_l2=encoder:1.500348e+01 | lora_abs_max=7.034683e-01 | delta_l2=1.502782e+01 | delta_rel=4.579293e+00 | train_loss=5.280125e-03 | test_loss=5.608525e-03 | nmse=-1.950121e+01
I 06.07/22:23:06 solver.py:224 ] 
=! Best NMSE: -1.9508e+01 (epoch=118)

I 06.07/22:23:07 solver.py:159 ] Epoch: [123/200][20/282] lr: 2.28e-04 | MSE loss: 4.3728e-03 | time: 0.037
I 06.07/22:23:08 solver.py:159 ] Epoch: [123/200][40/282] lr: 2.28e-04 | MSE loss: 5.0924e-03 | time: 0.036
I 06.07/22:23:08 solver.py:159 ] Epoch: [123/200][60/282] lr: 2.27e-04 | MSE loss: 5.0540e-03 | time: 0.036
I 06.07/22:23:09 solver.py:159 ] Epoch: [123/200][80/282] lr: 2.27e-04 | MSE loss: 5.3428e-03 | time: 0.036
I 06.07/22:23:10 solver.py:159 ] Epoch: [123/200][100/282] lr: 2.27e-04 | MSE loss: 5.3438e-03 | time: 0.036
I 06.07/22:23:10 solver.py:159 ] Epoch: [123/200][120/282] lr: 2.27e-04 | MSE loss: 5.4118e-03 | time: 0.037
I 06.07/22:23:11 solver.py:159 ] Epoch: [123/200][140/282] lr: 2.26e-04 | MSE loss: 5.3892e-03 | time: 0.036
I 06.07/22:23:12 solver.py:159 ] Epoch: [123/200][160/282] lr: 2.26e-04 | MSE loss: 5.3521e-03 | time: 0.037
I 06.07/22:23:13 solver.py:159 ] Epoch: [123/200][180/282] lr: 2.26e-04 | MSE loss: 5.3467e-03 | time: 0.036
I 06.07/22:23:13 solver.py:159 ] Epoch: [123/200][200/282] lr: 2.25e-04 | MSE loss: 5.3446e-03 | time: 0.037
I 06.07/22:23:14 solver.py:159 ] Epoch: [123/200][220/282] lr: 2.25e-04 | MSE loss: 5.2699e-03 | time: 0.037
I 06.07/22:23:15 solver.py:159 ] Epoch: [123/200][240/282] lr: 2.25e-04 | MSE loss: 5.2667e-03 | time: 0.037
I 06.07/22:23:16 solver.py:159 ] Epoch: [123/200][260/282] lr: 2.25e-04 | MSE loss: 5.3554e-03 | time: 0.037
I 06.07/22:23:16 solver.py:159 ] Epoch: [123/200][280/282] lr: 2.24e-04 | MSE loss: 5.2901e-03 | time: 0.037
I 06.07/22:23:16 solver.py:169 ] => Train  Loss: 5.3104e-03

I 06.07/22:23:17 solver.py:405 ] [20/32] loss: 6.3678e-03 | NMSE: -1.8723e+01 | time: 0.032
I 06.07/22:23:17 solver.py:413 ] => Test NMSE: -1.9517e+01

I 06.07/22:23:17 solver.py:345 ] => LoRA monitor [epoch=123] | trainable=67584/67584 | non_lora_trainable=0 | lora_l2=1.502521e+01 | lora_A_l2=1.220822e+01 | lora_B_l2=8.758785e+00 | component_l2=encoder:1.502521e+01 | lora_abs_max=7.038435e-01 | delta_l2=1.504977e+01 | delta_rel=4.585982e+00 | train_loss=5.310425e-03 | test_loss=5.587856e-03 | nmse=-1.951725e+01
I 06.07/22:23:18 solver.py:224 ] 
=! Best NMSE: -1.9517e+01 (epoch=123)

I 06.07/22:23:18 solver.py:159 ] Epoch: [124/200][20/282] lr: 2.24e-04 | MSE loss: 4.1374e-03 | time: 0.037
I 06.07/22:23:19 solver.py:159 ] Epoch: [124/200][40/282] lr: 2.24e-04 | MSE loss: 5.0643e-03 | time: 0.036
I 06.07/22:23:20 solver.py:159 ] Epoch: [124/200][60/282] lr: 2.24e-04 | MSE loss: 5.0068e-03 | time: 0.036
I 06.07/22:23:21 solver.py:159 ] Epoch: [124/200][80/282] lr: 2.23e-04 | MSE loss: 5.1243e-03 | time: 0.037
I 06.07/22:23:21 solver.py:159 ] Epoch: [124/200][100/282] lr: 2.23e-04 | MSE loss: 5.4077e-03 | time: 0.036
I 06.07/22:23:22 solver.py:159 ] Epoch: [124/200][120/282] lr: 2.23e-04 | MSE loss: 5.5780e-03 | time: 0.036
I 06.07/22:23:23 solver.py:159 ] Epoch: [124/200][140/282] lr: 2.22e-04 | MSE loss: 5.6572e-03 | time: 0.037
I 06.07/22:23:24 solver.py:159 ] Epoch: [124/200][160/282] lr: 2.22e-04 | MSE loss: 5.6032e-03 | time: 0.037
I 06.07/22:23:24 solver.py:159 ] Epoch: [124/200][180/282] lr: 2.22e-04 | MSE loss: 5.4098e-03 | time: 0.037
I 06.07/22:23:25 solver.py:159 ] Epoch: [124/200][200/282] lr: 2.22e-04 | MSE loss: 5.3933e-03 | time: 0.036
I 06.07/22:23:26 solver.py:159 ] Epoch: [124/200][220/282] lr: 2.21e-04 | MSE loss: 5.4424e-03 | time: 0.036
I 06.07/22:23:26 solver.py:159 ] Epoch: [124/200][240/282] lr: 2.21e-04 | MSE loss: 5.3093e-03 | time: 0.036
I 06.07/22:23:27 solver.py:159 ] Epoch: [124/200][260/282] lr: 2.21e-04 | MSE loss: 5.2903e-03 | time: 0.036
I 06.07/22:23:28 solver.py:159 ] Epoch: [124/200][280/282] lr: 2.21e-04 | MSE loss: 5.2694e-03 | time: 0.036
I 06.07/22:23:28 solver.py:169 ] => Train  Loss: 5.2830e-03

I 06.07/22:23:29 solver.py:405 ] [20/32] loss: 6.3916e-03 | NMSE: -1.8707e+01 | time: 0.028
I 06.07/22:23:29 solver.py:413 ] => Test NMSE: -1.9500e+01

I 06.07/22:23:29 solver.py:345 ] => LoRA monitor [epoch=124] | trainable=67584/67584 | non_lora_trainable=0 | lora_l2=1.504371e+01 | lora_A_l2=1.222131e+01 | lora_B_l2=8.772278e+00 | component_l2=encoder:1.504371e+01 | lora_abs_max=7.031887e-01 | delta_l2=1.506854e+01 | delta_rel=4.591701e+00 | train_loss=5.282965e-03 | test_loss=5.610082e-03 | nmse=-1.950001e+01
I 06.07/22:23:29 solver.py:224 ] 
=! Best NMSE: -1.9517e+01 (epoch=123)

I 06.07/22:23:30 solver.py:159 ] Epoch: [125/200][20/282] lr: 2.20e-04 | MSE loss: 4.6011e-03 | time: 0.038
I 06.07/22:23:30 solver.py:159 ] Epoch: [125/200][40/282] lr: 2.20e-04 | MSE loss: 4.6698e-03 | time: 0.037
I 06.07/22:23:31 solver.py:159 ] Epoch: [125/200][60/282] lr: 2.20e-04 | MSE loss: 4.7621e-03 | time: 0.037
I 06.07/22:23:32 solver.py:159 ] Epoch: [125/200][80/282] lr: 2.19e-04 | MSE loss: 5.1239e-03 | time: 0.037
I 06.07/22:23:33 solver.py:159 ] Epoch: [125/200][100/282] lr: 2.19e-04 | MSE loss: 4.9533e-03 | time: 0.037
I 06.07/22:23:33 solver.py:159 ] Epoch: [125/200][120/282] lr: 2.19e-04 | MSE loss: 5.0646e-03 | time: 0.037
I 06.07/22:23:34 solver.py:159 ] Epoch: [125/200][140/282] lr: 2.19e-04 | MSE loss: 5.0926e-03 | time: 0.037
I 06.07/22:23:35 solver.py:159 ] Epoch: [125/200][160/282] lr: 2.18e-04 | MSE loss: 5.0820e-03 | time: 0.037
I 06.07/22:23:36 solver.py:159 ] Epoch: [125/200][180/282] lr: 2.18e-04 | MSE loss: 5.1247e-03 | time: 0.037
I 06.07/22:23:36 solver.py:159 ] Epoch: [125/200][200/282] lr: 2.18e-04 | MSE loss: 5.1570e-03 | time: 0.037
I 06.07/22:23:37 solver.py:159 ] Epoch: [125/200][220/282] lr: 2.18e-04 | MSE loss: 5.1623e-03 | time: 0.037
I 06.07/22:23:38 solver.py:159 ] Epoch: [125/200][240/282] lr: 2.17e-04 | MSE loss: 5.2074e-03 | time: 0.037
I 06.07/22:23:38 solver.py:159 ] Epoch: [125/200][260/282] lr: 2.17e-04 | MSE loss: 5.1325e-03 | time: 0.037
I 06.07/22:23:39 solver.py:159 ] Epoch: [125/200][280/282] lr: 2.17e-04 | MSE loss: 5.2724e-03 | time: 0.037
I 06.07/22:23:39 solver.py:169 ] => Train  Loss: 5.2872e-03

I 06.07/22:23:40 solver.py:405 ] [20/32] loss: 6.3826e-03 | NMSE: -1.8715e+01 | time: 0.028
I 06.07/22:23:40 solver.py:413 ] => Test NMSE: -1.9510e+01

I 06.07/22:23:40 solver.py:345 ] => LoRA monitor [epoch=125] | trainable=67584/67584 | non_lora_trainable=0 | lora_l2=1.506539e+01 | lora_A_l2=1.223688e+01 | lora_B_l2=8.787766e+00 | component_l2=encoder:1.506539e+01 | lora_abs_max=7.033856e-01 | delta_l2=1.509037e+01 | delta_rel=4.598354e+00 | train_loss=5.287183e-03 | test_loss=5.597340e-03 | nmse=-1.950988e+01
I 06.07/22:23:40 solver.py:224 ] 
=! Best NMSE: -1.9517e+01 (epoch=123)

I 06.07/22:23:41 solver.py:159 ] Epoch: [126/200][20/282] lr: 2.16e-04 | MSE loss: 5.6801e-03 | time: 0.041
I 06.07/22:23:42 solver.py:159 ] Epoch: [126/200][40/282] lr: 2.16e-04 | MSE loss: 5.4065e-03 | time: 0.039
I 06.07/22:23:43 solver.py:159 ] Epoch: [126/200][60/282] lr: 2.16e-04 | MSE loss: 5.9843e-03 | time: 0.038
I 06.07/22:23:43 solver.py:159 ] Epoch: [126/200][80/282] lr: 2.16e-04 | MSE loss: 5.9294e-03 | time: 0.038
I 06.07/22:23:44 solver.py:159 ] Epoch: [126/200][100/282] lr: 2.15e-04 | MSE loss: 5.6129e-03 | time: 0.038
I 06.07/22:23:45 solver.py:159 ] Epoch: [126/200][120/282] lr: 2.15e-04 | MSE loss: 5.6331e-03 | time: 0.038
I 06.07/22:23:46 solver.py:159 ] Epoch: [126/200][140/282] lr: 2.15e-04 | MSE loss: 5.7875e-03 | time: 0.038
I 06.07/22:23:46 solver.py:159 ] Epoch: [126/200][160/282] lr: 2.15e-04 | MSE loss: 5.7641e-03 | time: 0.038
I 06.07/22:23:47 solver.py:159 ] Epoch: [126/200][180/282] lr: 2.14e-04 | MSE loss: 5.6974e-03 | time: 0.038
I 06.07/22:23:48 solver.py:159 ] Epoch: [126/200][200/282] lr: 2.14e-04 | MSE loss: 5.5313e-03 | time: 0.038
I 06.07/22:23:49 solver.py:159 ] Epoch: [126/200][220/282] lr: 2.14e-04 | MSE loss: 5.4043e-03 | time: 0.038
I 06.07/22:23:49 solver.py:159 ] Epoch: [126/200][240/282] lr: 2.14e-04 | MSE loss: 5.3543e-03 | time: 0.038
I 06.07/22:23:50 solver.py:159 ] Epoch: [126/200][260/282] lr: 2.13e-04 | MSE loss: 5.3281e-03 | time: 0.038
I 06.07/22:23:51 solver.py:159 ] Epoch: [126/200][280/282] lr: 2.13e-04 | MSE loss: 5.3032e-03 | time: 0.038
I 06.07/22:23:51 solver.py:169 ] => Train  Loss: 5.2766e-03

I 06.07/22:23:52 solver.py:405 ] [20/32] loss: 6.4116e-03 | NMSE: -1.8710e+01 | time: 0.031
I 06.07/22:23:52 solver.py:413 ] => Test NMSE: -1.9492e+01

I 06.07/22:23:52 solver.py:345 ] => LoRA monitor [epoch=126] | trainable=67584/67584 | non_lora_trainable=0 | lora_l2=1.508223e+01 | lora_A_l2=1.224865e+01 | lora_B_l2=8.800249e+00 | component_l2=encoder:1.508223e+01 | lora_abs_max=7.028794e-01 | delta_l2=1.510738e+01 | delta_rel=4.603539e+00 | train_loss=5.276617e-03 | test_loss=5.619986e-03 | nmse=-1.949235e+01
I 06.07/22:23:52 solver.py:224 ] 
=! Best NMSE: -1.9517e+01 (epoch=123)

I 06.07/22:23:53 solver.py:159 ] Epoch: [127/200][20/282] lr: 2.13e-04 | MSE loss: 5.5627e-03 | time: 0.039
I 06.07/22:23:54 solver.py:159 ] Epoch: [127/200][40/282] lr: 2.12e-04 | MSE loss: 5.5730e-03 | time: 0.040
I 06.07/22:23:54 solver.py:159 ] Epoch: [127/200][60/282] lr: 2.12e-04 | MSE loss: 5.1615e-03 | time: 0.039
I 06.07/22:23:55 solver.py:159 ] Epoch: [127/200][80/282] lr: 2.12e-04 | MSE loss: 5.0751e-03 | time: 0.039
I 06.07/22:23:56 solver.py:159 ] Epoch: [127/200][100/282] lr: 2.12e-04 | MSE loss: 5.0608e-03 | time: 0.039
I 06.07/22:23:57 solver.py:159 ] Epoch: [127/200][120/282] lr: 2.11e-04 | MSE loss: 5.1644e-03 | time: 0.039
I 06.07/22:23:57 solver.py:159 ] Epoch: [127/200][140/282] lr: 2.11e-04 | MSE loss: 5.3015e-03 | time: 0.039
I 06.07/22:23:58 solver.py:159 ] Epoch: [127/200][160/282] lr: 2.11e-04 | MSE loss: 5.3735e-03 | time: 0.039
I 06.07/22:23:59 solver.py:159 ] Epoch: [127/200][180/282] lr: 2.11e-04 | MSE loss: 5.4229e-03 | time: 0.039
I 06.07/22:24:00 solver.py:159 ] Epoch: [127/200][200/282] lr: 2.10e-04 | MSE loss: 5.4369e-03 | time: 0.039
I 06.07/22:24:01 solver.py:159 ] Epoch: [127/200][220/282] lr: 2.10e-04 | MSE loss: 5.3356e-03 | time: 0.041
I 06.07/22:24:02 solver.py:159 ] Epoch: [127/200][240/282] lr: 2.10e-04 | MSE loss: 5.2725e-03 | time: 0.044
I 06.07/22:24:04 solver.py:159 ] Epoch: [127/200][260/282] lr: 2.10e-04 | MSE loss: 5.3256e-03 | time: 0.046
I 06.07/22:24:05 solver.py:159 ] Epoch: [127/200][280/282] lr: 2.09e-04 | MSE loss: 5.2966e-03 | time: 0.046
I 06.07/22:24:05 solver.py:169 ] => Train  Loss: 5.2818e-03

I 06.07/22:24:05 solver.py:405 ] [20/32] loss: 6.3726e-03 | NMSE: -1.8716e+01 | time: 0.026
I 06.07/22:24:06 solver.py:413 ] => Test NMSE: -1.9511e+01

I 06.07/22:24:06 solver.py:345 ] => LoRA monitor [epoch=127] | trainable=67584/67584 | non_lora_trainable=0 | lora_l2=1.510299e+01 | lora_A_l2=1.226405e+01 | lora_B_l2=8.814378e+00 | component_l2=encoder:1.510299e+01 | lora_abs_max=7.030720e-01 | delta_l2=1.512836e+01 | delta_rel=4.609931e+00 | train_loss=5.281761e-03 | test_loss=5.595805e-03 | nmse=-1.951107e+01
I 06.07/22:24:06 solver.py:224 ] 
=! Best NMSE: -1.9517e+01 (epoch=123)

I 06.07/22:24:06 solver.py:159 ] Epoch: [128/200][20/282] lr: 2.09e-04 | MSE loss: 5.0759e-03 | time: 0.038
I 06.07/22:24:07 solver.py:159 ] Epoch: [128/200][40/282] lr: 2.09e-04 | MSE loss: 5.5184e-03 | time: 0.038
I 06.07/22:24:08 solver.py:159 ] Epoch: [128/200][60/282] lr: 2.08e-04 | MSE loss: 5.3376e-03 | time: 0.037
I 06.07/22:24:09 solver.py:159 ] Epoch: [128/200][80/282] lr: 2.08e-04 | MSE loss: 5.1335e-03 | time: 0.037
I 06.07/22:24:09 solver.py:159 ] Epoch: [128/200][100/282] lr: 2.08e-04 | MSE loss: 4.9301e-03 | time: 0.037
I 06.07/22:24:10 solver.py:159 ] Epoch: [128/200][120/282] lr: 2.08e-04 | MSE loss: 4.9796e-03 | time: 0.038
I 06.07/22:24:11 solver.py:159 ] Epoch: [128/200][140/282] lr: 2.07e-04 | MSE loss: 4.9937e-03 | time: 0.037
I 06.07/22:24:12 solver.py:159 ] Epoch: [128/200][160/282] lr: 2.07e-04 | MSE loss: 5.0067e-03 | time: 0.038
I 06.07/22:24:12 solver.py:159 ] Epoch: [128/200][180/282] lr: 2.07e-04 | MSE loss: 4.9692e-03 | time: 0.037
I 06.07/22:24:13 solver.py:159 ] Epoch: [128/200][200/282] lr: 2.07e-04 | MSE loss: 5.0223e-03 | time: 0.037
I 06.07/22:24:14 solver.py:159 ] Epoch: [128/200][220/282] lr: 2.06e-04 | MSE loss: 5.1559e-03 | time: 0.037
I 06.07/22:24:15 solver.py:159 ] Epoch: [128/200][240/282] lr: 2.06e-04 | MSE loss: 5.2928e-03 | time: 0.037
I 06.07/22:24:15 solver.py:159 ] Epoch: [128/200][260/282] lr: 2.06e-04 | MSE loss: 5.2535e-03 | time: 0.037
I 06.07/22:24:16 solver.py:159 ] Epoch: [128/200][280/282] lr: 2.05e-04 | MSE loss: 5.2468e-03 | time: 0.037
I 06.07/22:24:16 solver.py:169 ] => Train  Loss: 5.3836e-03

I 06.07/22:24:17 solver.py:405 ] [20/32] loss: 6.3845e-03 | NMSE: -1.8712e+01 | time: 0.029
I 06.07/22:24:17 solver.py:413 ] => Test NMSE: -1.9508e+01

I 06.07/22:24:17 solver.py:345 ] => LoRA monitor [epoch=128] | trainable=67584/67584 | non_lora_trainable=0 | lora_l2=1.512042e+01 | lora_A_l2=1.227701e+01 | lora_B_l2=8.826216e+00 | component_l2=encoder:1.512042e+01 | lora_abs_max=7.026074e-01 | delta_l2=1.514604e+01 | delta_rel=4.615317e+00 | train_loss=5.383640e-03 | test_loss=5.600369e-03 | nmse=-1.950753e+01
I 06.07/22:24:17 solver.py:224 ] 
=! Best NMSE: -1.9517e+01 (epoch=123)

I 06.07/22:24:18 solver.py:159 ] Epoch: [129/200][20/282] lr: 2.05e-04 | MSE loss: 5.2156e-03 | time: 0.038
I 06.07/22:24:19 solver.py:159 ] Epoch: [129/200][40/282] lr: 2.05e-04 | MSE loss: 5.0738e-03 | time: 0.038
I 06.07/22:24:19 solver.py:159 ] Epoch: [129/200][60/282] lr: 2.05e-04 | MSE loss: 5.3399e-03 | time: 0.036
I 06.07/22:24:20 solver.py:159 ] Epoch: [129/200][80/282] lr: 2.04e-04 | MSE loss: 5.1647e-03 | time: 0.036
I 06.07/22:24:21 solver.py:159 ] Epoch: [129/200][100/282] lr: 2.04e-04 | MSE loss: 5.1836e-03 | time: 0.037
I 06.07/22:24:22 solver.py:159 ] Epoch: [129/200][120/282] lr: 2.04e-04 | MSE loss: 5.1071e-03 | time: 0.037
I 06.07/22:24:22 solver.py:159 ] Epoch: [129/200][140/282] lr: 2.04e-04 | MSE loss: 5.1107e-03 | time: 0.037
I 06.07/22:24:23 solver.py:159 ] Epoch: [129/200][160/282] lr: 2.03e-04 | MSE loss: 5.1801e-03 | time: 0.037
I 06.07/22:24:24 solver.py:159 ] Epoch: [129/200][180/282] lr: 2.03e-04 | MSE loss: 5.1507e-03 | time: 0.037
I 06.07/22:24:25 solver.py:159 ] Epoch: [129/200][200/282] lr: 2.03e-04 | MSE loss: 5.2248e-03 | time: 0.037
I 06.07/22:24:25 solver.py:159 ] Epoch: [129/200][220/282] lr: 2.03e-04 | MSE loss: 5.2352e-03 | time: 0.037
I 06.07/22:24:26 solver.py:159 ] Epoch: [129/200][240/282] lr: 2.02e-04 | MSE loss: 5.3334e-03 | time: 0.037
I 06.07/22:24:27 solver.py:159 ] Epoch: [129/200][260/282] lr: 2.02e-04 | MSE loss: 5.3672e-03 | time: 0.037
I 06.07/22:24:28 solver.py:159 ] Epoch: [129/200][280/282] lr: 2.02e-04 | MSE loss: 5.2987e-03 | time: 0.037
I 06.07/22:24:28 solver.py:169 ] => Train  Loss: 5.2752e-03

I 06.07/22:24:28 solver.py:405 ] [20/32] loss: 6.4082e-03 | NMSE: -1.8707e+01 | time: 0.029
I 06.07/22:24:29 solver.py:413 ] => Test NMSE: -1.9492e+01

I 06.07/22:24:29 solver.py:345 ] => LoRA monitor [epoch=129] | trainable=67584/67584 | non_lora_trainable=0 | lora_l2=1.513639e+01 | lora_A_l2=1.228861e+01 | lora_B_l2=8.837448e+00 | component_l2=encoder:1.513639e+01 | lora_abs_max=7.023387e-01 | delta_l2=1.516231e+01 | delta_rel=4.620275e+00 | train_loss=5.275177e-03 | test_loss=5.619891e-03 | nmse=-1.949242e+01
I 06.07/22:24:29 solver.py:224 ] 
=! Best NMSE: -1.9517e+01 (epoch=123)

I 06.07/22:24:29 solver.py:159 ] Epoch: [130/200][20/282] lr: 2.01e-04 | MSE loss: 5.7483e-03 | time: 0.038
I 06.07/22:24:30 solver.py:159 ] Epoch: [130/200][40/282] lr: 2.01e-04 | MSE loss: 5.4709e-03 | time: 0.038
I 06.07/22:24:31 solver.py:159 ] Epoch: [130/200][60/282] lr: 2.01e-04 | MSE loss: 5.0544e-03 | time: 0.039
I 06.07/22:24:32 solver.py:159 ] Epoch: [130/200][80/282] lr: 2.01e-04 | MSE loss: 5.1735e-03 | time: 0.039
I 06.07/22:24:32 solver.py:159 ] Epoch: [130/200][100/282] lr: 2.00e-04 | MSE loss: 5.3029e-03 | time: 0.038
I 06.07/22:24:33 solver.py:159 ] Epoch: [130/200][120/282] lr: 2.00e-04 | MSE loss: 5.3458e-03 | time: 0.038
I 06.07/22:24:34 solver.py:159 ] Epoch: [130/200][140/282] lr: 2.00e-04 | MSE loss: 5.1309e-03 | time: 0.037
I 06.07/22:24:34 solver.py:159 ] Epoch: [130/200][160/282] lr: 2.00e-04 | MSE loss: 5.1603e-03 | time: 0.037
I 06.07/22:24:35 solver.py:159 ] Epoch: [130/200][180/282] lr: 1.99e-04 | MSE loss: 5.1621e-03 | time: 0.037
I 06.07/22:24:36 solver.py:159 ] Epoch: [130/200][200/282] lr: 1.99e-04 | MSE loss: 5.2744e-03 | time: 0.037
I 06.07/22:24:37 solver.py:159 ] Epoch: [130/200][220/282] lr: 1.99e-04 | MSE loss: 5.2791e-03 | time: 0.037
I 06.07/22:24:37 solver.py:159 ] Epoch: [130/200][240/282] lr: 1.99e-04 | MSE loss: 5.2275e-03 | time: 0.037
I 06.07/22:24:38 solver.py:159 ] Epoch: [130/200][260/282] lr: 1.98e-04 | MSE loss: 5.2269e-03 | time: 0.037
I 06.07/22:24:39 solver.py:159 ] Epoch: [130/200][280/282] lr: 1.98e-04 | MSE loss: 5.2781e-03 | time: 0.037
I 06.07/22:24:39 solver.py:169 ] => Train  Loss: 5.3034e-03

I 06.07/22:24:40 solver.py:159 ] Epoch: [130/200][20/32] lr: 1.98e-04 | MSE loss: 6.3754e-03 | time: 0.030
I 06.07/22:24:40 solver.py:169 ] => Val  Loss: 5.4970e-03

I 06.07/22:24:41 solver.py:405 ] [20/32] loss: 6.3754e-03 | NMSE: -1.8721e+01 | time: 0.036
I 06.07/22:24:41 solver.py:413 ] => Test NMSE: -1.9516e+01

I 06.07/22:24:41 solver.py:345 ] => LoRA monitor [epoch=130] | trainable=67584/67584 | non_lora_trainable=0 | lora_l2=1.515357e+01 | lora_A_l2=1.230131e+01 | lora_B_l2=8.849211e+00 | component_l2=encoder:1.515357e+01 | lora_abs_max=7.017819e-01 | delta_l2=1.517986e+01 | delta_rel=4.625624e+00 | train_loss=5.303429e-03 | val_loss=5.497017e-03 | test_loss=5.589491e-03 | nmse=-1.951598e+01
I 06.07/22:24:41 solver.py:224 ] 
=! Best NMSE: -1.9517e+01 (epoch=123)

I 06.07/22:24:42 solver.py:159 ] Epoch: [131/200][20/282] lr: 1.98e-04 | MSE loss: 5.0132e-03 | time: 0.042
I 06.07/22:24:43 solver.py:159 ] Epoch: [131/200][40/282] lr: 1.98e-04 | MSE loss: 5.1090e-03 | time: 0.038
I 06.07/22:24:43 solver.py:159 ] Epoch: [131/200][60/282] lr: 1.97e-04 | MSE loss: 5.2873e-03 | time: 0.038
I 06.07/22:24:44 solver.py:159 ] Epoch: [131/200][80/282] lr: 1.97e-04 | MSE loss: 5.1599e-03 | time: 0.037
I 06.07/22:24:45 solver.py:159 ] Epoch: [131/200][100/282] lr: 1.97e-04 | MSE loss: 5.5548e-03 | time: 0.038
I 06.07/22:24:45 solver.py:159 ] Epoch: [131/200][120/282] lr: 1.96e-04 | MSE loss: 5.4469e-03 | time: 0.037
I 06.07/22:24:46 solver.py:159 ] Epoch: [131/200][140/282] lr: 1.96e-04 | MSE loss: 5.3646e-03 | time: 0.037
I 06.07/22:24:47 solver.py:159 ] Epoch: [131/200][160/282] lr: 1.96e-04 | MSE loss: 5.3462e-03 | time: 0.037
I 06.07/22:24:48 solver.py:159 ] Epoch: [131/200][180/282] lr: 1.96e-04 | MSE loss: 5.4418e-03 | time: 0.037
I 06.07/22:24:48 solver.py:159 ] Epoch: [131/200][200/282] lr: 1.95e-04 | MSE loss: 5.4718e-03 | time: 0.037
I 06.07/22:24:49 solver.py:159 ] Epoch: [131/200][220/282] lr: 1.95e-04 | MSE loss: 5.3726e-03 | time: 0.037
I 06.07/22:24:50 solver.py:159 ] Epoch: [131/200][240/282] lr: 1.95e-04 | MSE loss: 5.2556e-03 | time: 0.037
I 06.07/22:24:51 solver.py:159 ] Epoch: [131/200][260/282] lr: 1.95e-04 | MSE loss: 5.2920e-03 | time: 0.037
I 06.07/22:24:51 solver.py:159 ] Epoch: [131/200][280/282] lr: 1.94e-04 | MSE loss: 5.2785e-03 | time: 0.037
I 06.07/22:24:51 solver.py:169 ] => Train  Loss: 5.2814e-03

I 06.07/22:24:52 solver.py:405 ] [20/32] loss: 6.3681e-03 | NMSE: -1.8725e+01 | time: 0.029
I 06.07/22:24:52 solver.py:413 ] => Test NMSE: -1.9517e+01

I 06.07/22:24:52 solver.py:345 ] => LoRA monitor [epoch=131] | trainable=67584/67584 | non_lora_trainable=0 | lora_l2=1.516943e+01 | lora_A_l2=1.231290e+01 | lora_B_l2=8.860257e+00 | component_l2=encoder:1.516943e+01 | lora_abs_max=7.019643e-01 | delta_l2=1.519586e+01 | delta_rel=4.630499e+00 | train_loss=5.281385e-03 | test_loss=5.588595e-03 | nmse=-1.951667e+01
I 06.07/22:24:52 solver.py:224 ] 
=! Best NMSE: -1.9517e+01 (epoch=123)

I 06.07/22:24:53 solver.py:159 ] Epoch: [132/200][20/282] lr: 1.94e-04 | MSE loss: 5.4388e-03 | time: 0.040
I 06.07/22:24:54 solver.py:159 ] Epoch: [132/200][40/282] lr: 1.94e-04 | MSE loss: 6.0104e-03 | time: 0.038
I 06.07/22:24:55 solver.py:159 ] Epoch: [132/200][60/282] lr: 1.94e-04 | MSE loss: 5.7112e-03 | time: 0.038
I 06.07/22:24:55 solver.py:159 ] Epoch: [132/200][80/282] lr: 1.93e-04 | MSE loss: 5.8489e-03 | time: 0.039
I 06.07/22:24:56 solver.py:159 ] Epoch: [132/200][100/282] lr: 1.93e-04 | MSE loss: 5.7143e-03 | time: 0.038
I 06.07/22:24:57 solver.py:159 ] Epoch: [132/200][120/282] lr: 1.93e-04 | MSE loss: 5.5437e-03 | time: 0.038
I 06.07/22:24:58 solver.py:159 ] Epoch: [132/200][140/282] lr: 1.93e-04 | MSE loss: 5.5341e-03 | time: 0.038
I 06.07/22:24:58 solver.py:159 ] Epoch: [132/200][160/282] lr: 1.92e-04 | MSE loss: 5.5562e-03 | time: 0.038
I 06.07/22:24:59 solver.py:159 ] Epoch: [132/200][180/282] lr: 1.92e-04 | MSE loss: 5.4138e-03 | time: 0.038
I 06.07/22:25:00 solver.py:159 ] Epoch: [132/200][200/282] lr: 1.92e-04 | MSE loss: 5.3938e-03 | time: 0.038
I 06.07/22:25:01 solver.py:159 ] Epoch: [132/200][220/282] lr: 1.92e-04 | MSE loss: 5.3757e-03 | time: 0.041
I 06.07/22:25:03 solver.py:159 ] Epoch: [132/200][240/282] lr: 1.91e-04 | MSE loss: 5.3224e-03 | time: 0.045
I 06.07/22:25:04 solver.py:159 ] Epoch: [132/200][260/282] lr: 1.91e-04 | MSE loss: 5.3356e-03 | time: 0.046
I 06.07/22:25:05 solver.py:159 ] Epoch: [132/200][280/282] lr: 1.91e-04 | MSE loss: 5.2889e-03 | time: 0.046
I 06.07/22:25:05 solver.py:169 ] => Train  Loss: 5.2652e-03

I 06.07/22:25:06 solver.py:405 ] [20/32] loss: 6.3737e-03 | NMSE: -1.8731e+01 | time: 0.026
I 06.07/22:25:06 solver.py:413 ] => Test NMSE: -1.9517e+01

I 06.07/22:25:06 solver.py:345 ] => LoRA monitor [epoch=132] | trainable=67584/67584 | non_lora_trainable=0 | lora_l2=1.518853e+01 | lora_A_l2=1.232743e+01 | lora_B_l2=8.872771e+00 | component_l2=encoder:1.518853e+01 | lora_abs_max=7.015917e-01 | delta_l2=1.521500e+01 | delta_rel=4.636332e+00 | train_loss=5.265238e-03 | test_loss=5.588386e-03 | nmse=-1.951684e+01
I 06.07/22:25:06 solver.py:224 ] 
=! Best NMSE: -1.9517e+01 (epoch=123)

I 06.07/22:25:07 solver.py:159 ] Epoch: [133/200][20/282] lr: 1.90e-04 | MSE loss: 5.4888e-03 | time: 0.036
I 06.07/22:25:08 solver.py:159 ] Epoch: [133/200][40/282] lr: 1.90e-04 | MSE loss: 4.9748e-03 | time: 0.037
I 06.07/22:25:09 solver.py:159 ] Epoch: [133/200][60/282] lr: 1.90e-04 | MSE loss: 5.0462e-03 | time: 0.037
I 06.07/22:25:09 solver.py:159 ] Epoch: [133/200][80/282] lr: 1.90e-04 | MSE loss: 4.8522e-03 | time: 0.037
I 06.07/22:25:10 solver.py:159 ] Epoch: [133/200][100/282] lr: 1.89e-04 | MSE loss: 5.0980e-03 | time: 0.037
I 06.07/22:25:11 solver.py:159 ] Epoch: [133/200][120/282] lr: 1.89e-04 | MSE loss: 5.0741e-03 | time: 0.037
I 06.07/22:25:12 solver.py:159 ] Epoch: [133/200][140/282] lr: 1.89e-04 | MSE loss: 5.1171e-03 | time: 0.037
I 06.07/22:25:12 solver.py:159 ] Epoch: [133/200][160/282] lr: 1.89e-04 | MSE loss: 5.1436e-03 | time: 0.037
I 06.07/22:25:13 solver.py:159 ] Epoch: [133/200][180/282] lr: 1.88e-04 | MSE loss: 5.2537e-03 | time: 0.037
I 06.07/22:25:14 solver.py:159 ] Epoch: [133/200][200/282] lr: 1.88e-04 | MSE loss: 5.3690e-03 | time: 0.037
I 06.07/22:25:14 solver.py:159 ] Epoch: [133/200][220/282] lr: 1.88e-04 | MSE loss: 5.3189e-03 | time: 0.037
I 06.07/22:25:15 solver.py:159 ] Epoch: [133/200][240/282] lr: 1.88e-04 | MSE loss: 5.2082e-03 | time: 0.037
I 06.07/22:25:16 solver.py:159 ] Epoch: [133/200][260/282] lr: 1.87e-04 | MSE loss: 5.2433e-03 | time: 0.037
I 06.07/22:25:17 solver.py:159 ] Epoch: [133/200][280/282] lr: 1.87e-04 | MSE loss: 5.2698e-03 | time: 0.037
I 06.07/22:25:17 solver.py:169 ] => Train  Loss: 5.2687e-03

I 06.07/22:25:17 solver.py:405 ] [20/32] loss: 6.3676e-03 | NMSE: -1.8724e+01 | time: 0.030
I 06.07/22:25:18 solver.py:413 ] => Test NMSE: -1.9518e+01

I 06.07/22:25:18 solver.py:345 ] => LoRA monitor [epoch=133] | trainable=67584/67584 | non_lora_trainable=0 | lora_l2=1.520184e+01 | lora_A_l2=1.233653e+01 | lora_B_l2=8.882912e+00 | component_l2=encoder:1.520184e+01 | lora_abs_max=7.004522e-01 | delta_l2=1.522862e+01 | delta_rel=4.640481e+00 | train_loss=5.268677e-03 | test_loss=5.587137e-03 | nmse=-1.951781e+01
I 06.07/22:25:18 solver.py:224 ] 
=! Best NMSE: -1.9518e+01 (epoch=133)

I 06.07/22:25:19 solver.py:159 ] Epoch: [134/200][20/282] lr: 1.87e-04 | MSE loss: 6.5106e-03 | time: 0.041
I 06.07/22:25:20 solver.py:159 ] Epoch: [134/200][40/282] lr: 1.87e-04 | MSE loss: 5.8054e-03 | time: 0.039
I 06.07/22:25:20 solver.py:159 ] Epoch: [134/200][60/282] lr: 1.86e-04 | MSE loss: 5.4522e-03 | time: 0.038
I 06.07/22:25:21 solver.py:159 ] Epoch: [134/200][80/282] lr: 1.86e-04 | MSE loss: 5.5154e-03 | time: 0.037
I 06.07/22:25:22 solver.py:159 ] Epoch: [134/200][100/282] lr: 1.86e-04 | MSE loss: 5.3867e-03 | time: 0.037
I 06.07/22:25:22 solver.py:159 ] Epoch: [134/200][120/282] lr: 1.86e-04 | MSE loss: 5.2752e-03 | time: 0.037
I 06.07/22:25:23 solver.py:159 ] Epoch: [134/200][140/282] lr: 1.85e-04 | MSE loss: 5.3555e-03 | time: 0.037
I 06.07/22:25:24 solver.py:159 ] Epoch: [134/200][160/282] lr: 1.85e-04 | MSE loss: 5.2984e-03 | time: 0.037
I 06.07/22:25:25 solver.py:159 ] Epoch: [134/200][180/282] lr: 1.85e-04 | MSE loss: 5.2806e-03 | time: 0.037
I 06.07/22:25:25 solver.py:159 ] Epoch: [134/200][200/282] lr: 1.85e-04 | MSE loss: 5.2592e-03 | time: 0.037
I 06.07/22:25:26 solver.py:159 ] Epoch: [134/200][220/282] lr: 1.84e-04 | MSE loss: 5.2616e-03 | time: 0.037
I 06.07/22:25:27 solver.py:159 ] Epoch: [134/200][240/282] lr: 1.84e-04 | MSE loss: 5.3167e-03 | time: 0.037
I 06.07/22:25:28 solver.py:159 ] Epoch: [134/200][260/282] lr: 1.84e-04 | MSE loss: 5.3491e-03 | time: 0.037
I 06.07/22:25:29 solver.py:159 ] Epoch: [134/200][280/282] lr: 1.84e-04 | MSE loss: 5.2560e-03 | time: 0.037
I 06.07/22:25:29 solver.py:169 ] => Train  Loss: 5.2702e-03

I 06.07/22:25:29 solver.py:405 ] [20/32] loss: 6.3634e-03 | NMSE: -1.8728e+01 | time: 0.037
I 06.07/22:25:30 solver.py:413 ] => Test NMSE: -1.9520e+01

I 06.07/22:25:30 solver.py:345 ] => LoRA monitor [epoch=134] | trainable=67584/67584 | non_lora_trainable=0 | lora_l2=1.521788e+01 | lora_A_l2=1.234763e+01 | lora_B_l2=8.894933e+00 | component_l2=encoder:1.521788e+01 | lora_abs_max=7.006387e-01 | delta_l2=1.524463e+01 | delta_rel=4.645359e+00 | train_loss=5.270198e-03 | test_loss=5.584516e-03 | nmse=-1.951985e+01
I 06.07/22:25:30 solver.py:224 ] 
=! Best NMSE: -1.9520e+01 (epoch=134)

I 06.07/22:25:31 solver.py:159 ] Epoch: [135/200][20/282] lr: 1.83e-04 | MSE loss: 5.4455e-03 | time: 0.047
I 06.07/22:25:32 solver.py:159 ] Epoch: [135/200][40/282] lr: 1.83e-04 | MSE loss: 5.6099e-03 | time: 0.044
I 06.07/22:25:33 solver.py:159 ] Epoch: [135/200][60/282] lr: 1.83e-04 | MSE loss: 5.5757e-03 | time: 0.042
I 06.07/22:25:33 solver.py:159 ] Epoch: [135/200][80/282] lr: 1.82e-04 | MSE loss: 5.4565e-03 | time: 0.042
I 06.07/22:25:34 solver.py:159 ] Epoch: [135/200][100/282] lr: 1.82e-04 | MSE loss: 5.7432e-03 | time: 0.043
I 06.07/22:25:35 solver.py:159 ] Epoch: [135/200][120/282] lr: 1.82e-04 | MSE loss: 5.7025e-03 | time: 0.043
I 06.07/22:25:36 solver.py:159 ] Epoch: [135/200][140/282] lr: 1.82e-04 | MSE loss: 5.7301e-03 | time: 0.044
I 06.07/22:25:37 solver.py:159 ] Epoch: [135/200][160/282] lr: 1.81e-04 | MSE loss: 5.5122e-03 | time: 0.044
I 06.07/22:25:38 solver.py:159 ] Epoch: [135/200][180/282] lr: 1.81e-04 | MSE loss: 5.5756e-03 | time: 0.044
I 06.07/22:25:39 solver.py:159 ] Epoch: [135/200][200/282] lr: 1.81e-04 | MSE loss: 5.4440e-03 | time: 0.044
I 06.07/22:25:40 solver.py:159 ] Epoch: [135/200][220/282] lr: 1.81e-04 | MSE loss: 5.4311e-03 | time: 0.045
I 06.07/22:25:41 solver.py:159 ] Epoch: [135/200][240/282] lr: 1.80e-04 | MSE loss: 5.4011e-03 | time: 0.045
I 06.07/22:25:42 solver.py:159 ] Epoch: [135/200][260/282] lr: 1.80e-04 | MSE loss: 5.2646e-03 | time: 0.045
I 06.07/22:25:43 solver.py:159 ] Epoch: [135/200][280/282] lr: 1.80e-04 | MSE loss: 5.2879e-03 | time: 0.045
I 06.07/22:25:43 solver.py:169 ] => Train  Loss: 5.2801e-03

I 06.07/22:25:44 solver.py:405 ] [20/32] loss: 6.3600e-03 | NMSE: -1.8725e+01 | time: 0.038
I 06.07/22:25:44 solver.py:413 ] => Test NMSE: -1.9524e+01

I 06.07/22:25:44 solver.py:345 ] => LoRA monitor [epoch=135] | trainable=67584/67584 | non_lora_trainable=0 | lora_l2=1.523318e+01 | lora_A_l2=1.235942e+01 | lora_B_l2=8.904747e+00 | component_l2=encoder:1.523318e+01 | lora_abs_max=7.006860e-01 | delta_l2=1.526013e+01 | delta_rel=4.650083e+00 | train_loss=5.280113e-03 | test_loss=5.578811e-03 | nmse=-1.952428e+01
I 06.07/22:25:45 solver.py:224 ] 
=! Best NMSE: -1.9524e+01 (epoch=135)

I 06.07/22:25:45 solver.py:159 ] Epoch: [136/200][20/282] lr: 1.80e-04 | MSE loss: 5.0367e-03 | time: 0.047
I 06.07/22:25:46 solver.py:159 ] Epoch: [136/200][40/282] lr: 1.79e-04 | MSE loss: 5.3350e-03 | time: 0.046
I 06.07/22:25:47 solver.py:159 ] Epoch: [136/200][60/282] lr: 1.79e-04 | MSE loss: 5.3808e-03 | time: 0.047
I 06.07/22:25:48 solver.py:159 ] Epoch: [136/200][80/282] lr: 1.79e-04 | MSE loss: 5.5061e-03 | time: 0.046
I 06.07/22:25:49 solver.py:159 ] Epoch: [136/200][100/282] lr: 1.79e-04 | MSE loss: 5.3545e-03 | time: 0.046
I 06.07/22:25:50 solver.py:159 ] Epoch: [136/200][120/282] lr: 1.78e-04 | MSE loss: 5.3155e-03 | time: 0.046
I 06.07/22:25:51 solver.py:159 ] Epoch: [136/200][140/282] lr: 1.78e-04 | MSE loss: 5.4751e-03 | time: 0.046
I 06.07/22:25:52 solver.py:159 ] Epoch: [136/200][160/282] lr: 1.78e-04 | MSE loss: 5.2123e-03 | time: 0.046
I 06.07/22:25:53 solver.py:159 ] Epoch: [136/200][180/282] lr: 1.78e-04 | MSE loss: 5.2854e-03 | time: 0.046
I 06.07/22:25:54 solver.py:159 ] Epoch: [136/200][200/282] lr: 1.77e-04 | MSE loss: 5.2416e-03 | time: 0.047
I 06.07/22:25:55 solver.py:159 ] Epoch: [136/200][220/282] lr: 1.77e-04 | MSE loss: 5.1341e-03 | time: 0.047
I 06.07/22:25:56 solver.py:159 ] Epoch: [136/200][240/282] lr: 1.77e-04 | MSE loss: 5.1458e-03 | time: 0.047
I 06.07/22:25:57 solver.py:159 ] Epoch: [136/200][260/282] lr: 1.77e-04 | MSE loss: 5.1841e-03 | time: 0.047
I 06.07/22:25:58 solver.py:159 ] Epoch: [136/200][280/282] lr: 1.76e-04 | MSE loss: 5.2750e-03 | time: 0.047
I 06.07/22:25:58 solver.py:169 ] => Train  Loss: 5.2909e-03

I 06.07/22:25:59 solver.py:405 ] [20/32] loss: 6.3771e-03 | NMSE: -1.8722e+01 | time: 0.042
I 06.07/22:25:59 solver.py:413 ] => Test NMSE: -1.9507e+01

I 06.07/22:25:59 solver.py:345 ] => LoRA monitor [epoch=136] | trainable=67584/67584 | non_lora_trainable=0 | lora_l2=1.524582e+01 | lora_A_l2=1.236875e+01 | lora_B_l2=8.913413e+00 | component_l2=encoder:1.524582e+01 | lora_abs_max=7.013765e-01 | delta_l2=1.527311e+01 | delta_rel=4.654039e+00 | train_loss=5.290870e-03 | test_loss=5.601117e-03 | nmse=-1.950695e+01
I 06.07/22:25:59 solver.py:224 ] 
=! Best NMSE: -1.9524e+01 (epoch=135)

I 06.07/22:26:00 solver.py:159 ] Epoch: [137/200][20/282] lr: 1.76e-04 | MSE loss: 4.7935e-03 | time: 0.052
I 06.07/22:26:02 solver.py:159 ] Epoch: [137/200][40/282] lr: 1.76e-04 | MSE loss: 5.5249e-03 | time: 0.065
I 06.07/22:26:04 solver.py:159 ] Epoch: [137/200][60/282] lr: 1.76e-04 | MSE loss: 5.4415e-03 | time: 0.081
I 06.07/22:26:05 solver.py:159 ] Epoch: [137/200][80/282] lr: 1.75e-04 | MSE loss: 5.2382e-03 | time: 0.076
I 06.07/22:26:06 solver.py:159 ] Epoch: [137/200][100/282] lr: 1.75e-04 | MSE loss: 5.2179e-03 | time: 0.070
I 06.07/22:26:07 solver.py:159 ] Epoch: [137/200][120/282] lr: 1.75e-04 | MSE loss: 5.2453e-03 | time: 0.066
I 06.07/22:26:08 solver.py:159 ] Epoch: [137/200][140/282] lr: 1.75e-04 | MSE loss: 5.2016e-03 | time: 0.064
I 06.07/22:26:09 solver.py:159 ] Epoch: [137/200][160/282] lr: 1.74e-04 | MSE loss: 5.3190e-03 | time: 0.062
I 06.07/22:26:10 solver.py:159 ] Epoch: [137/200][180/282] lr: 1.74e-04 | MSE loss: 5.3540e-03 | time: 0.060
I 06.07/22:26:11 solver.py:159 ] Epoch: [137/200][200/282] lr: 1.74e-04 | MSE loss: 5.3041e-03 | time: 0.059
I 06.07/22:26:12 solver.py:159 ] Epoch: [137/200][220/282] lr: 1.74e-04 | MSE loss: 5.3433e-03 | time: 0.058
I 06.07/22:26:13 solver.py:159 ] Epoch: [137/200][240/282] lr: 1.73e-04 | MSE loss: 5.2613e-03 | time: 0.057
I 06.07/22:26:14 solver.py:159 ] Epoch: [137/200][260/282] lr: 1.73e-04 | MSE loss: 5.2106e-03 | time: 0.056
I 06.07/22:26:15 solver.py:159 ] Epoch: [137/200][280/282] lr: 1.73e-04 | MSE loss: 5.2772e-03 | time: 0.055
I 06.07/22:26:15 solver.py:169 ] => Train  Loss: 5.2634e-03

I 06.07/22:26:16 solver.py:405 ] [20/32] loss: 6.3633e-03 | NMSE: -1.8736e+01 | time: 0.043
I 06.07/22:26:16 solver.py:413 ] => Test NMSE: -1.9523e+01

I 06.07/22:26:16 solver.py:345 ] => LoRA monitor [epoch=137] | trainable=67584/67584 | non_lora_trainable=0 | lora_l2=1.526111e+01 | lora_A_l2=1.238007e+01 | lora_B_l2=8.923868e+00 | component_l2=encoder:1.526111e+01 | lora_abs_max=7.006349e-01 | delta_l2=1.528846e+01 | delta_rel=4.658716e+00 | train_loss=5.263444e-03 | test_loss=5.580559e-03 | nmse=-1.952292e+01
I 06.07/22:26:16 solver.py:224 ] 
=! Best NMSE: -1.9524e+01 (epoch=135)

I 06.07/22:26:17 solver.py:159 ] Epoch: [138/200][20/282] lr: 1.73e-04 | MSE loss: 4.5235e-03 | time: 0.051
I 06.07/22:26:18 solver.py:159 ] Epoch: [138/200][40/282] lr: 1.72e-04 | MSE loss: 4.6634e-03 | time: 0.052
I 06.07/22:26:19 solver.py:159 ] Epoch: [138/200][60/282] lr: 1.72e-04 | MSE loss: 5.2965e-03 | time: 0.051
I 06.07/22:26:20 solver.py:159 ] Epoch: [138/200][80/282] lr: 1.72e-04 | MSE loss: 5.3393e-03 | time: 0.050
I 06.07/22:26:21 solver.py:159 ] Epoch: [138/200][100/282] lr: 1.72e-04 | MSE loss: 5.2835e-03 | time: 0.050
I 06.07/22:26:22 solver.py:159 ] Epoch: [138/200][120/282] lr: 1.71e-04 | MSE loss: 5.2093e-03 | time: 0.049
I 06.07/22:26:23 solver.py:159 ] Epoch: [138/200][140/282] lr: 1.71e-04 | MSE loss: 5.4451e-03 | time: 0.049
I 06.07/22:26:24 solver.py:159 ] Epoch: [138/200][160/282] lr: 1.71e-04 | MSE loss: 5.3838e-03 | time: 0.049
I 06.07/22:26:25 solver.py:159 ] Epoch: [138/200][180/282] lr: 1.71e-04 | MSE loss: 5.3596e-03 | time: 0.049
I 06.07/22:26:26 solver.py:159 ] Epoch: [138/200][200/282] lr: 1.70e-04 | MSE loss: 5.3781e-03 | time: 0.048
I 06.07/22:26:27 solver.py:159 ] Epoch: [138/200][220/282] lr: 1.70e-04 | MSE loss: 5.3500e-03 | time: 0.048
I 06.07/22:26:28 solver.py:159 ] Epoch: [138/200][240/282] lr: 1.70e-04 | MSE loss: 5.3179e-03 | time: 0.048
I 06.07/22:26:28 solver.py:159 ] Epoch: [138/200][260/282] lr: 1.70e-04 | MSE loss: 5.2936e-03 | time: 0.047
I 06.07/22:26:29 solver.py:159 ] Epoch: [138/200][280/282] lr: 1.69e-04 | MSE loss: 5.2695e-03 | time: 0.047
I 06.07/22:26:29 solver.py:169 ] => Train  Loss: 5.2864e-03

I 06.07/22:26:30 solver.py:405 ] [20/32] loss: 6.3587e-03 | NMSE: -1.8728e+01 | time: 0.041
I 06.07/22:26:31 solver.py:413 ] => Test NMSE: -1.9526e+01

I 06.07/22:26:31 solver.py:345 ] => LoRA monitor [epoch=138] | trainable=67584/67584 | non_lora_trainable=0 | lora_l2=1.527205e+01 | lora_A_l2=1.238813e+01 | lora_B_l2=8.931382e+00 | component_l2=encoder:1.527205e+01 | lora_abs_max=7.000994e-01 | delta_l2=1.529967e+01 | delta_rel=4.662132e+00 | train_loss=5.286362e-03 | test_loss=5.577134e-03 | nmse=-1.952559e+01
I 06.07/22:26:31 solver.py:224 ] 
=! Best NMSE: -1.9526e+01 (epoch=138)

I 06.07/22:26:32 solver.py:159 ] Epoch: [139/200][20/282] lr: 1.69e-04 | MSE loss: 4.6420e-03 | time: 0.042
I 06.07/22:26:33 solver.py:159 ] Epoch: [139/200][40/282] lr: 1.69e-04 | MSE loss: 4.6615e-03 | time: 0.040
I 06.07/22:26:33 solver.py:159 ] Epoch: [139/200][60/282] lr: 1.69e-04 | MSE loss: 4.7331e-03 | time: 0.040
I 06.07/22:26:34 solver.py:159 ] Epoch: [139/200][80/282] lr: 1.68e-04 | MSE loss: 4.7906e-03 | time: 0.040
I 06.07/22:26:35 solver.py:159 ] Epoch: [139/200][100/282] lr: 1.68e-04 | MSE loss: 4.8155e-03 | time: 0.039
I 06.07/22:26:36 solver.py:159 ] Epoch: [139/200][120/282] lr: 1.68e-04 | MSE loss: 4.9256e-03 | time: 0.039
I 06.07/22:26:36 solver.py:159 ] Epoch: [139/200][140/282] lr: 1.68e-04 | MSE loss: 4.9380e-03 | time: 0.039
I 06.07/22:26:37 solver.py:159 ] Epoch: [139/200][160/282] lr: 1.67e-04 | MSE loss: 4.9387e-03 | time: 0.038
I 06.07/22:26:38 solver.py:159 ] Epoch: [139/200][180/282] lr: 1.67e-04 | MSE loss: 5.2636e-03 | time: 0.038
I 06.07/22:26:39 solver.py:159 ] Epoch: [139/200][200/282] lr: 1.67e-04 | MSE loss: 5.1986e-03 | time: 0.038
I 06.07/22:26:39 solver.py:159 ] Epoch: [139/200][220/282] lr: 1.67e-04 | MSE loss: 5.2090e-03 | time: 0.038
I 06.07/22:26:40 solver.py:159 ] Epoch: [139/200][240/282] lr: 1.66e-04 | MSE loss: 5.2189e-03 | time: 0.038
I 06.07/22:26:41 solver.py:159 ] Epoch: [139/200][260/282] lr: 1.66e-04 | MSE loss: 5.2591e-03 | time: 0.038
I 06.07/22:26:42 solver.py:159 ] Epoch: [139/200][280/282] lr: 1.66e-04 | MSE loss: 5.2675e-03 | time: 0.038
I 06.07/22:26:42 solver.py:169 ] => Train  Loss: 5.2925e-03

I 06.07/22:26:42 solver.py:405 ] [20/32] loss: 6.3679e-03 | NMSE: -1.8713e+01 | time: 0.032
I 06.07/22:26:43 solver.py:413 ] => Test NMSE: -1.9516e+01

I 06.07/22:26:43 solver.py:345 ] => LoRA monitor [epoch=139] | trainable=67584/67584 | non_lora_trainable=0 | lora_l2=1.528636e+01 | lora_A_l2=1.239866e+01 | lora_B_l2=8.941246e+00 | component_l2=encoder:1.528636e+01 | lora_abs_max=7.005612e-01 | delta_l2=1.531405e+01 | delta_rel=4.666515e+00 | train_loss=5.292492e-03 | test_loss=5.589987e-03 | nmse=-1.951559e+01
I 06.07/22:26:43 solver.py:224 ] 
=! Best NMSE: -1.9526e+01 (epoch=138)

I 06.07/22:26:44 solver.py:159 ] Epoch: [140/200][20/282] lr: 1.66e-04 | MSE loss: 5.1374e-03 | time: 0.040
I 06.07/22:26:44 solver.py:159 ] Epoch: [140/200][40/282] lr: 1.65e-04 | MSE loss: 6.1509e-03 | time: 0.040
I 06.07/22:26:45 solver.py:159 ] Epoch: [140/200][60/282] lr: 1.65e-04 | MSE loss: 5.6195e-03 | time: 0.038
I 06.07/22:26:46 solver.py:159 ] Epoch: [140/200][80/282] lr: 1.65e-04 | MSE loss: 5.6832e-03 | time: 0.038
I 06.07/22:26:47 solver.py:159 ] Epoch: [140/200][100/282] lr: 1.65e-04 | MSE loss: 6.0511e-03 | time: 0.039
I 06.07/22:26:47 solver.py:159 ] Epoch: [140/200][120/282] lr: 1.64e-04 | MSE loss: 5.9445e-03 | time: 0.039
I 06.07/22:26:48 solver.py:159 ] Epoch: [140/200][140/282] lr: 1.64e-04 | MSE loss: 5.8259e-03 | time: 0.039
I 06.07/22:26:49 solver.py:159 ] Epoch: [140/200][160/282] lr: 1.64e-04 | MSE loss: 5.8019e-03 | time: 0.038
I 06.07/22:26:50 solver.py:159 ] Epoch: [140/200][180/282] lr: 1.64e-04 | MSE loss: 5.6402e-03 | time: 0.038
I 06.07/22:26:50 solver.py:159 ] Epoch: [140/200][200/282] lr: 1.63e-04 | MSE loss: 5.5609e-03 | time: 0.038
I 06.07/22:26:51 solver.py:159 ] Epoch: [140/200][220/282] lr: 1.63e-04 | MSE loss: 5.4106e-03 | time: 0.038
I 06.07/22:26:52 solver.py:159 ] Epoch: [140/200][240/282] lr: 1.63e-04 | MSE loss: 5.3565e-03 | time: 0.038
I 06.07/22:26:53 solver.py:159 ] Epoch: [140/200][260/282] lr: 1.63e-04 | MSE loss: 5.3600e-03 | time: 0.038
I 06.07/22:26:53 solver.py:159 ] Epoch: [140/200][280/282] lr: 1.63e-04 | MSE loss: 5.2625e-03 | time: 0.038
I 06.07/22:26:54 solver.py:169 ] => Train  Loss: 5.2657e-03

I 06.07/22:26:54 solver.py:159 ] Epoch: [140/200][20/32] lr: 1.62e-04 | MSE loss: 6.3461e-03 | time: 0.031
I 06.07/22:26:54 solver.py:169 ] => Val  Loss: 5.4750e-03

I 06.07/22:26:55 solver.py:405 ] [20/32] loss: 6.3461e-03 | NMSE: -1.8745e+01 | time: 0.030
I 06.07/22:26:55 solver.py:413 ] => Test NMSE: -1.9533e+01

I 06.07/22:26:55 solver.py:345 ] => LoRA monitor [epoch=140] | trainable=67584/67584 | non_lora_trainable=0 | lora_l2=1.530017e+01 | lora_A_l2=1.240920e+01 | lora_B_l2=8.950254e+00 | component_l2=encoder:1.530017e+01 | lora_abs_max=7.004046e-01 | delta_l2=1.532795e+01 | delta_rel=4.670751e+00 | train_loss=5.265671e-03 | val_loss=5.475044e-03 | test_loss=5.567193e-03 | nmse=-1.953334e+01
I 06.07/22:26:56 solver.py:224 ] 
=! Best NMSE: -1.9533e+01 (epoch=140)

I 06.07/22:26:56 solver.py:159 ] Epoch: [141/200][20/282] lr: 1.62e-04 | MSE loss: 6.6727e-03 | time: 0.040
I 06.07/22:26:57 solver.py:159 ] Epoch: [141/200][40/282] lr: 1.62e-04 | MSE loss: 6.2707e-03 | time: 0.037
I 06.07/22:26:58 solver.py:159 ] Epoch: [141/200][60/282] lr: 1.62e-04 | MSE loss: 5.7247e-03 | time: 0.038
I 06.07/22:26:59 solver.py:159 ] Epoch: [141/200][80/282] lr: 1.62e-04 | MSE loss: 5.5908e-03 | time: 0.037
I 06.07/22:26:59 solver.py:159 ] Epoch: [141/200][100/282] lr: 1.61e-04 | MSE loss: 5.3321e-03 | time: 0.037
I 06.07/22:27:00 solver.py:159 ] Epoch: [141/200][120/282] lr: 1.61e-04 | MSE loss: 5.2253e-03 | time: 0.039
I 06.07/22:27:02 solver.py:159 ] Epoch: [141/200][140/282] lr: 1.61e-04 | MSE loss: 5.1594e-03 | time: 0.044
I 06.07/22:27:04 solver.py:159 ] Epoch: [141/200][160/282] lr: 1.61e-04 | MSE loss: 5.1588e-03 | time: 0.050
I 06.07/22:27:05 solver.py:159 ] Epoch: [141/200][180/282] lr: 1.60e-04 | MSE loss: 5.1382e-03 | time: 0.051
I 06.07/22:27:06 solver.py:159 ] Epoch: [141/200][200/282] lr: 1.60e-04 | MSE loss: 5.2226e-03 | time: 0.049
I 06.07/22:27:06 solver.py:159 ] Epoch: [141/200][220/282] lr: 1.60e-04 | MSE loss: 5.3391e-03 | time: 0.048
I 06.07/22:27:07 solver.py:159 ] Epoch: [141/200][240/282] lr: 1.60e-04 | MSE loss: 5.3403e-03 | time: 0.047
I 06.07/22:27:08 solver.py:159 ] Epoch: [141/200][260/282] lr: 1.59e-04 | MSE loss: 5.2963e-03 | time: 0.047
I 06.07/22:27:09 solver.py:159 ] Epoch: [141/200][280/282] lr: 1.59e-04 | MSE loss: 5.2755e-03 | time: 0.046
I 06.07/22:27:09 solver.py:169 ] => Train  Loss: 5.2508e-03

I 06.07/22:27:09 solver.py:405 ] [20/32] loss: 6.3812e-03 | NMSE: -1.8727e+01 | time: 0.031
I 06.07/22:27:10 solver.py:413 ] => Test NMSE: -1.9515e+01

I 06.07/22:27:10 solver.py:345 ] => LoRA monitor [epoch=141] | trainable=67584/67584 | non_lora_trainable=0 | lora_l2=1.531306e+01 | lora_A_l2=1.241832e+01 | lora_B_l2=8.959640e+00 | component_l2=encoder:1.531306e+01 | lora_abs_max=7.000780e-01 | delta_l2=1.534076e+01 | delta_rel=4.674654e+00 | train_loss=5.250787e-03 | test_loss=5.591387e-03 | nmse=-1.951451e+01
I 06.07/22:27:10 solver.py:224 ] 
=! Best NMSE: -1.9533e+01 (epoch=140)

I 06.07/22:27:10 solver.py:159 ] Epoch: [142/200][20/282] lr: 1.59e-04 | MSE loss: 4.5369e-03 | time: 0.040
I 06.07/22:27:11 solver.py:159 ] Epoch: [142/200][40/282] lr: 1.59e-04 | MSE loss: 5.3264e-03 | time: 0.038
I 06.07/22:27:12 solver.py:159 ] Epoch: [142/200][60/282] lr: 1.58e-04 | MSE loss: 4.7092e-03 | time: 0.038
I 06.07/22:27:13 solver.py:159 ] Epoch: [142/200][80/282] lr: 1.58e-04 | MSE loss: 5.3721e-03 | time: 0.038
I 06.07/22:27:13 solver.py:159 ] Epoch: [142/200][100/282] lr: 1.58e-04 | MSE loss: 5.3940e-03 | time: 0.038
I 06.07/22:27:14 solver.py:159 ] Epoch: [142/200][120/282] lr: 1.58e-04 | MSE loss: 5.3529e-03 | time: 0.037
I 06.07/22:27:15 solver.py:159 ] Epoch: [142/200][140/282] lr: 1.57e-04 | MSE loss: 5.2534e-03 | time: 0.037
I 06.07/22:27:16 solver.py:159 ] Epoch: [142/200][160/282] lr: 1.57e-04 | MSE loss: 5.3628e-03 | time: 0.037
I 06.07/22:27:16 solver.py:159 ] Epoch: [142/200][180/282] lr: 1.57e-04 | MSE loss: 5.3296e-03 | time: 0.037
I 06.07/22:27:17 solver.py:159 ] Epoch: [142/200][200/282] lr: 1.57e-04 | MSE loss: 5.2834e-03 | time: 0.037
I 06.07/22:27:18 solver.py:159 ] Epoch: [142/200][220/282] lr: 1.57e-04 | MSE loss: 5.3355e-03 | time: 0.037
I 06.07/22:27:19 solver.py:159 ] Epoch: [142/200][240/282] lr: 1.56e-04 | MSE loss: 5.2620e-03 | time: 0.037
I 06.07/22:27:19 solver.py:159 ] Epoch: [142/200][260/282] lr: 1.56e-04 | MSE loss: 5.2720e-03 | time: 0.037
I 06.07/22:27:20 solver.py:159 ] Epoch: [142/200][280/282] lr: 1.56e-04 | MSE loss: 5.2757e-03 | time: 0.037
I 06.07/22:27:20 solver.py:169 ] => Train  Loss: 5.2520e-03

I 06.07/22:27:21 solver.py:405 ] [20/32] loss: 6.3841e-03 | NMSE: -1.8718e+01 | time: 0.030
I 06.07/22:27:21 solver.py:413 ] => Test NMSE: -1.9505e+01

I 06.07/22:27:21 solver.py:345 ] => LoRA monitor [epoch=142] | trainable=67584/67584 | non_lora_trainable=0 | lora_l2=1.532390e+01 | lora_A_l2=1.242658e+01 | lora_B_l2=8.966725e+00 | component_l2=encoder:1.532390e+01 | lora_abs_max=6.996096e-01 | delta_l2=1.535190e+01 | delta_rel=4.678049e+00 | train_loss=5.252043e-03 | test_loss=5.603033e-03 | nmse=-1.950547e+01
I 06.07/22:27:21 solver.py:224 ] 
=! Best NMSE: -1.9533e+01 (epoch=140)

I 06.07/22:27:22 solver.py:159 ] Epoch: [143/200][20/282] lr: 1.56e-04 | MSE loss: 5.1761e-03 | time: 0.039
I 06.07/22:27:23 solver.py:159 ] Epoch: [143/200][40/282] lr: 1.55e-04 | MSE loss: 5.4218e-03 | time: 0.040
I 06.07/22:27:24 solver.py:159 ] Epoch: [143/200][60/282] lr: 1.55e-04 | MSE loss: 5.4158e-03 | time: 0.038
I 06.07/22:27:24 solver.py:159 ] Epoch: [143/200][80/282] lr: 1.55e-04 | MSE loss: 5.5882e-03 | time: 0.038
I 06.07/22:27:25 solver.py:159 ] Epoch: [143/200][100/282] lr: 1.55e-04 | MSE loss: 5.4604e-03 | time: 0.038
I 06.07/22:27:26 solver.py:159 ] Epoch: [143/200][120/282] lr: 1.54e-04 | MSE loss: 5.3592e-03 | time: 0.038
I 06.07/22:27:27 solver.py:159 ] Epoch: [143/200][140/282] lr: 1.54e-04 | MSE loss: 5.3526e-03 | time: 0.038
I 06.07/22:27:27 solver.py:159 ] Epoch: [143/200][160/282] lr: 1.54e-04 | MSE loss: 5.4151e-03 | time: 0.038
I 06.07/22:27:28 solver.py:159 ] Epoch: [143/200][180/282] lr: 1.54e-04 | MSE loss: 5.3287e-03 | time: 0.039
I 06.07/22:27:29 solver.py:159 ] Epoch: [143/200][200/282] lr: 1.53e-04 | MSE loss: 5.3142e-03 | time: 0.039
I 06.07/22:27:30 solver.py:159 ] Epoch: [143/200][220/282] lr: 1.53e-04 | MSE loss: 5.2524e-03 | time: 0.039
I 06.07/22:27:30 solver.py:159 ] Epoch: [143/200][240/282] lr: 1.53e-04 | MSE loss: 5.2725e-03 | time: 0.039
I 06.07/22:27:31 solver.py:159 ] Epoch: [143/200][260/282] lr: 1.53e-04 | MSE loss: 5.2275e-03 | time: 0.038
I 06.07/22:27:32 solver.py:159 ] Epoch: [143/200][280/282] lr: 1.52e-04 | MSE loss: 5.2738e-03 | time: 0.038
I 06.07/22:27:32 solver.py:169 ] => Train  Loss: 5.2566e-03

I 06.07/22:27:33 solver.py:405 ] [20/32] loss: 6.3555e-03 | NMSE: -1.8732e+01 | time: 0.031
I 06.07/22:27:33 solver.py:413 ] => Test NMSE: -1.9530e+01

I 06.07/22:27:33 solver.py:345 ] => LoRA monitor [epoch=143] | trainable=67584/67584 | non_lora_trainable=0 | lora_l2=1.533511e+01 | lora_A_l2=1.243501e+01 | lora_B_l2=8.974197e+00 | component_l2=encoder:1.533511e+01 | lora_abs_max=7.004320e-01 | delta_l2=1.536338e+01 | delta_rel=4.681547e+00 | train_loss=5.256611e-03 | test_loss=5.571312e-03 | nmse=-1.953013e+01
I 06.07/22:27:33 solver.py:224 ] 
=! Best NMSE: -1.9533e+01 (epoch=140)

I 06.07/22:27:34 solver.py:159 ] Epoch: [144/200][20/282] lr: 1.52e-04 | MSE loss: 5.6073e-03 | time: 0.040
I 06.07/22:27:35 solver.py:159 ] Epoch: [144/200][40/282] lr: 1.52e-04 | MSE loss: 5.2788e-03 | time: 0.038
I 06.07/22:27:35 solver.py:159 ] Epoch: [144/200][60/282] lr: 1.52e-04 | MSE loss: 4.9200e-03 | time: 0.038
I 06.07/22:27:36 solver.py:159 ] Epoch: [144/200][80/282] lr: 1.52e-04 | MSE loss: 5.2190e-03 | time: 0.038
I 06.07/22:27:37 solver.py:159 ] Epoch: [144/200][100/282] lr: 1.51e-04 | MSE loss: 5.2812e-03 | time: 0.037
I 06.07/22:27:38 solver.py:159 ] Epoch: [144/200][120/282] lr: 1.51e-04 | MSE loss: 5.0700e-03 | time: 0.037
I 06.07/22:27:38 solver.py:159 ] Epoch: [144/200][140/282] lr: 1.51e-04 | MSE loss: 5.1044e-03 | time: 0.038
I 06.07/22:27:39 solver.py:159 ] Epoch: [144/200][160/282] lr: 1.51e-04 | MSE loss: 5.2476e-03 | time: 0.038
I 06.07/22:27:40 solver.py:159 ] Epoch: [144/200][180/282] lr: 1.50e-04 | MSE loss: 5.1573e-03 | time: 0.037
I 06.07/22:27:41 solver.py:159 ] Epoch: [144/200][200/282] lr: 1.50e-04 | MSE loss: 5.1161e-03 | time: 0.038
I 06.07/22:27:41 solver.py:159 ] Epoch: [144/200][220/282] lr: 1.50e-04 | MSE loss: 5.1647e-03 | time: 0.038
I 06.07/22:27:42 solver.py:159 ] Epoch: [144/200][240/282] lr: 1.50e-04 | MSE loss: 5.2351e-03 | time: 0.038
I 06.07/22:27:43 solver.py:159 ] Epoch: [144/200][260/282] lr: 1.49e-04 | MSE loss: 5.3009e-03 | time: 0.038
I 06.07/22:27:44 solver.py:159 ] Epoch: [144/200][280/282] lr: 1.49e-04 | MSE loss: 5.2593e-03 | time: 0.038
I 06.07/22:27:44 solver.py:169 ] => Train  Loss: 5.2448e-03

I 06.07/22:27:44 solver.py:405 ] [20/32] loss: 6.3671e-03 | NMSE: -1.8722e+01 | time: 0.031
I 06.07/22:27:45 solver.py:413 ] => Test NMSE: -1.9519e+01

I 06.07/22:27:45 solver.py:345 ] => LoRA monitor [epoch=144] | trainable=67584/67584 | non_lora_trainable=0 | lora_l2=1.534907e+01 | lora_A_l2=1.244510e+01 | lora_B_l2=8.984070e+00 | component_l2=encoder:1.534907e+01 | lora_abs_max=6.996583e-01 | delta_l2=1.537737e+01 | delta_rel=4.685810e+00 | train_loss=5.244766e-03 | test_loss=5.585724e-03 | nmse=-1.951891e+01
I 06.07/22:27:45 solver.py:224 ] 
=! Best NMSE: -1.9533e+01 (epoch=140)

I 06.07/22:27:45 solver.py:159 ] Epoch: [145/200][20/282] lr: 1.49e-04 | MSE loss: 5.5130e-03 | time: 0.038
I 06.07/22:27:46 solver.py:159 ] Epoch: [145/200][40/282] lr: 1.49e-04 | MSE loss: 5.2479e-03 | time: 0.036
I 06.07/22:27:47 solver.py:159 ] Epoch: [145/200][60/282] lr: 1.48e-04 | MSE loss: 5.3697e-03 | time: 0.036
I 06.07/22:27:48 solver.py:159 ] Epoch: [145/200][80/282] lr: 1.48e-04 | MSE loss: 5.2888e-03 | time: 0.038
I 06.07/22:27:48 solver.py:159 ] Epoch: [145/200][100/282] lr: 1.48e-04 | MSE loss: 5.1204e-03 | time: 0.037
I 06.07/22:27:49 solver.py:159 ] Epoch: [145/200][120/282] lr: 1.48e-04 | MSE loss: 5.0664e-03 | time: 0.037
I 06.07/22:27:50 solver.py:159 ] Epoch: [145/200][140/282] lr: 1.48e-04 | MSE loss: 5.2179e-03 | time: 0.037
I 06.07/22:27:51 solver.py:159 ] Epoch: [145/200][160/282] lr: 1.47e-04 | MSE loss: 5.1631e-03 | time: 0.037
I 06.07/22:27:51 solver.py:159 ] Epoch: [145/200][180/282] lr: 1.47e-04 | MSE loss: 5.1230e-03 | time: 0.037
I 06.07/22:27:52 solver.py:159 ] Epoch: [145/200][200/282] lr: 1.47e-04 | MSE loss: 5.0706e-03 | time: 0.037
I 06.07/22:27:53 solver.py:159 ] Epoch: [145/200][220/282] lr: 1.47e-04 | MSE loss: 5.0495e-03 | time: 0.037
I 06.07/22:27:54 solver.py:159 ] Epoch: [145/200][240/282] lr: 1.46e-04 | MSE loss: 5.1583e-03 | time: 0.037
I 06.07/22:27:54 solver.py:159 ] Epoch: [145/200][260/282] lr: 1.46e-04 | MSE loss: 5.2546e-03 | time: 0.037
I 06.07/22:27:55 solver.py:159 ] Epoch: [145/200][280/282] lr: 1.46e-04 | MSE loss: 5.2492e-03 | time: 0.037
I 06.07/22:27:55 solver.py:169 ] => Train  Loss: 5.2486e-03

I 06.07/22:27:56 solver.py:405 ] [20/32] loss: 6.3577e-03 | NMSE: -1.8736e+01 | time: 0.028
I 06.07/22:27:56 solver.py:413 ] => Test NMSE: -1.9526e+01

I 06.07/22:27:56 solver.py:345 ] => LoRA monitor [epoch=145] | trainable=67584/67584 | non_lora_trainable=0 | lora_l2=1.535927e+01 | lora_A_l2=1.245269e+01 | lora_B_l2=8.990977e+00 | component_l2=encoder:1.535927e+01 | lora_abs_max=6.993839e-01 | delta_l2=1.538772e+01 | delta_rel=4.688963e+00 | train_loss=5.248649e-03 | test_loss=5.576584e-03 | nmse=-1.952602e+01
I 06.07/22:27:56 solver.py:224 ] 
=! Best NMSE: -1.9533e+01 (epoch=140)

I 06.07/22:27:57 solver.py:159 ] Epoch: [146/200][20/282] lr: 1.46e-04 | MSE loss: 4.9604e-03 | time: 0.038
I 06.07/22:27:58 solver.py:159 ] Epoch: [146/200][40/282] lr: 1.45e-04 | MSE loss: 4.8080e-03 | time: 0.037
I 06.07/22:27:58 solver.py:159 ] Epoch: [146/200][60/282] lr: 1.45e-04 | MSE loss: 5.3446e-03 | time: 0.038
I 06.07/22:27:59 solver.py:159 ] Epoch: [146/200][80/282] lr: 1.45e-04 | MSE loss: 5.3813e-03 | time: 0.038
I 06.07/22:28:00 solver.py:159 ] Epoch: [146/200][100/282] lr: 1.45e-04 | MSE loss: 5.5336e-03 | time: 0.038
I 06.07/22:28:01 solver.py:159 ] Epoch: [146/200][120/282] lr: 1.45e-04 | MSE loss: 5.5810e-03 | time: 0.042
I 06.07/22:28:03 solver.py:159 ] Epoch: [146/200][140/282] lr: 1.44e-04 | MSE loss: 5.2624e-03 | time: 0.049
I 06.07/22:28:04 solver.py:159 ] Epoch: [146/200][160/282] lr: 1.44e-04 | MSE loss: 5.3783e-03 | time: 0.053
I 06.07/22:28:05 solver.py:159 ] Epoch: [146/200][180/282] lr: 1.44e-04 | MSE loss: 5.2747e-03 | time: 0.051
I 06.07/22:28:06 solver.py:159 ] Epoch: [146/200][200/282] lr: 1.44e-04 | MSE loss: 5.2789e-03 | time: 0.050
I 06.07/22:28:07 solver.py:159 ] Epoch: [146/200][220/282] lr: 1.43e-04 | MSE loss: 5.2156e-03 | time: 0.049
I 06.07/22:28:08 solver.py:159 ] Epoch: [146/200][240/282] lr: 1.43e-04 | MSE loss: 5.2414e-03 | time: 0.048
I 06.07/22:28:08 solver.py:159 ] Epoch: [146/200][260/282] lr: 1.43e-04 | MSE loss: 5.3171e-03 | time: 0.047
I 06.07/22:28:09 solver.py:159 ] Epoch: [146/200][280/282] lr: 1.43e-04 | MSE loss: 5.2503e-03 | time: 0.047
I 06.07/22:28:09 solver.py:169 ] => Train  Loss: 5.2539e-03

I 06.07/22:28:10 solver.py:405 ] [20/32] loss: 6.3472e-03 | NMSE: -1.8746e+01 | time: 0.025
I 06.07/22:28:10 solver.py:413 ] => Test NMSE: -1.9533e+01

I 06.07/22:28:10 solver.py:345 ] => LoRA monitor [epoch=146] | trainable=67584/67584 | non_lora_trainable=0 | lora_l2=1.536797e+01 | lora_A_l2=1.245915e+01 | lora_B_l2=8.996898e+00 | component_l2=encoder:1.536797e+01 | lora_abs_max=6.991408e-01 | delta_l2=1.539660e+01 | delta_rel=4.691669e+00 | train_loss=5.253933e-03 | test_loss=5.567853e-03 | nmse=-1.953282e+01
I 06.07/22:28:10 solver.py:224 ] 
=! Best NMSE: -1.9533e+01 (epoch=140)

I 06.07/22:28:11 solver.py:159 ] Epoch: [147/200][20/282] lr: 1.43e-04 | MSE loss: 5.3873e-03 | time: 0.037
I 06.07/22:28:12 solver.py:159 ] Epoch: [147/200][40/282] lr: 1.42e-04 | MSE loss: 5.0649e-03 | time: 0.037
I 06.07/22:28:12 solver.py:159 ] Epoch: [147/200][60/282] lr: 1.42e-04 | MSE loss: 4.9879e-03 | time: 0.038
I 06.07/22:28:13 solver.py:159 ] Epoch: [147/200][80/282] lr: 1.42e-04 | MSE loss: 4.9479e-03 | time: 0.038
I 06.07/22:28:14 solver.py:159 ] Epoch: [147/200][100/282] lr: 1.42e-04 | MSE loss: 5.1247e-03 | time: 0.039
I 06.07/22:28:15 solver.py:159 ] Epoch: [147/200][120/282] lr: 1.41e-04 | MSE loss: 5.1046e-03 | time: 0.038
I 06.07/22:28:15 solver.py:159 ] Epoch: [147/200][140/282] lr: 1.41e-04 | MSE loss: 5.0632e-03 | time: 0.038
I 06.07/22:28:16 solver.py:159 ] Epoch: [147/200][160/282] lr: 1.41e-04 | MSE loss: 5.1686e-03 | time: 0.037
I 06.07/22:28:17 solver.py:159 ] Epoch: [147/200][180/282] lr: 1.41e-04 | MSE loss: 5.2369e-03 | time: 0.037
I 06.07/22:28:17 solver.py:159 ] Epoch: [147/200][200/282] lr: 1.41e-04 | MSE loss: 5.2059e-03 | time: 0.037
I 06.07/22:28:18 solver.py:159 ] Epoch: [147/200][220/282] lr: 1.40e-04 | MSE loss: 5.0918e-03 | time: 0.037
I 06.07/22:28:19 solver.py:159 ] Epoch: [147/200][240/282] lr: 1.40e-04 | MSE loss: 5.2426e-03 | time: 0.037
I 06.07/22:28:20 solver.py:159 ] Epoch: [147/200][260/282] lr: 1.40e-04 | MSE loss: 5.2540e-03 | time: 0.037
I 06.07/22:28:20 solver.py:159 ] Epoch: [147/200][280/282] lr: 1.40e-04 | MSE loss: 5.2633e-03 | time: 0.037
I 06.07/22:28:20 solver.py:169 ] => Train  Loss: 5.2428e-03

I 06.07/22:28:21 solver.py:405 ] [20/32] loss: 6.3585e-03 | NMSE: -1.8739e+01 | time: 0.033
I 06.07/22:28:22 solver.py:413 ] => Test NMSE: -1.9526e+01

I 06.07/22:28:22 solver.py:345 ] => LoRA monitor [epoch=147] | trainable=67584/67584 | non_lora_trainable=0 | lora_l2=1.537874e+01 | lora_A_l2=1.246713e+01 | lora_B_l2=9.004244e+00 | component_l2=encoder:1.537874e+01 | lora_abs_max=6.990482e-01 | delta_l2=1.540738e+01 | delta_rel=4.694954e+00 | train_loss=5.242840e-03 | test_loss=5.576574e-03 | nmse=-1.952603e+01
I 06.07/22:28:22 solver.py:224 ] 
=! Best NMSE: -1.9533e+01 (epoch=140)

I 06.07/22:28:22 solver.py:159 ] Epoch: [148/200][20/282] lr: 1.39e-04 | MSE loss: 6.2155e-03 | time: 0.043
I 06.07/22:28:23 solver.py:159 ] Epoch: [148/200][40/282] lr: 1.39e-04 | MSE loss: 5.7487e-03 | time: 0.039
I 06.07/22:28:24 solver.py:159 ] Epoch: [148/200][60/282] lr: 1.39e-04 | MSE loss: 5.5161e-03 | time: 0.039
I 06.07/22:28:25 solver.py:159 ] Epoch: [148/200][80/282] lr: 1.39e-04 | MSE loss: 5.3795e-03 | time: 0.039
I 06.07/22:28:25 solver.py:159 ] Epoch: [148/200][100/282] lr: 1.38e-04 | MSE loss: 5.3946e-03 | time: 0.038
I 06.07/22:28:26 solver.py:159 ] Epoch: [148/200][120/282] lr: 1.38e-04 | MSE loss: 5.4332e-03 | time: 0.039
I 06.07/22:28:27 solver.py:159 ] Epoch: [148/200][140/282] lr: 1.38e-04 | MSE loss: 5.4443e-03 | time: 0.038
I 06.07/22:28:28 solver.py:159 ] Epoch: [148/200][160/282] lr: 1.38e-04 | MSE loss: 5.3771e-03 | time: 0.038
I 06.07/22:28:28 solver.py:159 ] Epoch: [148/200][180/282] lr: 1.38e-04 | MSE loss: 5.4283e-03 | time: 0.038
I 06.07/22:28:29 solver.py:159 ] Epoch: [148/200][200/282] lr: 1.37e-04 | MSE loss: 5.4024e-03 | time: 0.038
I 06.07/22:28:30 solver.py:159 ] Epoch: [148/200][220/282] lr: 1.37e-04 | MSE loss: 5.4772e-03 | time: 0.038
I 06.07/22:28:31 solver.py:159 ] Epoch: [148/200][240/282] lr: 1.37e-04 | MSE loss: 5.3501e-03 | time: 0.038
I 06.07/22:28:31 solver.py:159 ] Epoch: [148/200][260/282] lr: 1.37e-04 | MSE loss: 5.3142e-03 | time: 0.038
I 06.07/22:28:32 solver.py:159 ] Epoch: [148/200][280/282] lr: 1.36e-04 | MSE loss: 5.2690e-03 | time: 0.038
I 06.07/22:28:32 solver.py:169 ] => Train  Loss: 5.2465e-03

I 06.07/22:28:33 solver.py:405 ] [20/32] loss: 6.3440e-03 | NMSE: -1.8751e+01 | time: 0.030
I 06.07/22:28:33 solver.py:413 ] => Test NMSE: -1.9535e+01

I 06.07/22:28:33 solver.py:345 ] => LoRA monitor [epoch=148] | trainable=67584/67584 | non_lora_trainable=0 | lora_l2=1.538883e+01 | lora_A_l2=1.247411e+01 | lora_B_l2=9.011815e+00 | component_l2=encoder:1.538883e+01 | lora_abs_max=6.987532e-01 | delta_l2=1.541759e+01 | delta_rel=4.698065e+00 | train_loss=5.246507e-03 | test_loss=5.564809e-03 | nmse=-1.953520e+01
I 06.07/22:28:33 solver.py:224 ] 
=! Best NMSE: -1.9535e+01 (epoch=148)

I 06.07/22:28:34 solver.py:159 ] Epoch: [149/200][20/282] lr: 1.36e-04 | MSE loss: 4.9830e-03 | time: 0.041
I 06.07/22:28:35 solver.py:159 ] Epoch: [149/200][40/282] lr: 1.36e-04 | MSE loss: 5.4006e-03 | time: 0.039
I 06.07/22:28:36 solver.py:159 ] Epoch: [149/200][60/282] lr: 1.36e-04 | MSE loss: 5.1185e-03 | time: 0.039
I 06.07/22:28:36 solver.py:159 ] Epoch: [149/200][80/282] lr: 1.36e-04 | MSE loss: 5.3510e-03 | time: 0.038
I 06.07/22:28:37 solver.py:159 ] Epoch: [149/200][100/282] lr: 1.35e-04 | MSE loss: 5.3791e-03 | time: 0.039
I 06.07/22:28:38 solver.py:159 ] Epoch: [149/200][120/282] lr: 1.35e-04 | MSE loss: 5.3469e-03 | time: 0.038
I 06.07/22:28:39 solver.py:159 ] Epoch: [149/200][140/282] lr: 1.35e-04 | MSE loss: 5.3319e-03 | time: 0.038
I 06.07/22:28:39 solver.py:159 ] Epoch: [149/200][160/282] lr: 1.35e-04 | MSE loss: 5.3193e-03 | time: 0.038
I 06.07/22:28:40 solver.py:159 ] Epoch: [149/200][180/282] lr: 1.35e-04 | MSE loss: 5.1887e-03 | time: 0.038
I 06.07/22:28:41 solver.py:159 ] Epoch: [149/200][200/282] lr: 1.34e-04 | MSE loss: 5.0757e-03 | time: 0.038
I 06.07/22:28:42 solver.py:159 ] Epoch: [149/200][220/282] lr: 1.34e-04 | MSE loss: 5.1859e-03 | time: 0.038
I 06.07/22:28:42 solver.py:159 ] Epoch: [149/200][240/282] lr: 1.34e-04 | MSE loss: 5.1398e-03 | time: 0.037
I 06.07/22:28:43 solver.py:159 ] Epoch: [149/200][260/282] lr: 1.34e-04 | MSE loss: 5.1862e-03 | time: 0.037
I 06.07/22:28:44 solver.py:159 ] Epoch: [149/200][280/282] lr: 1.33e-04 | MSE loss: 5.2421e-03 | time: 0.037
I 06.07/22:28:44 solver.py:169 ] => Train  Loss: 5.2423e-03

I 06.07/22:28:45 solver.py:405 ] [20/32] loss: 6.3428e-03 | NMSE: -1.8747e+01 | time: 0.032
I 06.07/22:28:45 solver.py:413 ] => Test NMSE: -1.9535e+01

I 06.07/22:28:45 solver.py:345 ] => LoRA monitor [epoch=149] | trainable=67584/67584 | non_lora_trainable=0 | lora_l2=1.539855e+01 | lora_A_l2=1.248183e+01 | lora_B_l2=9.017710e+00 | component_l2=encoder:1.539855e+01 | lora_abs_max=6.980648e-01 | delta_l2=1.542730e+01 | delta_rel=4.701025e+00 | train_loss=5.242341e-03 | test_loss=5.565176e-03 | nmse=-1.953491e+01
I 06.07/22:28:45 solver.py:224 ] 
=! Best NMSE: -1.9535e+01 (epoch=148)

I 06.07/22:28:46 solver.py:159 ] Epoch: [150/200][20/282] lr: 1.33e-04 | MSE loss: 4.8854e-03 | time: 0.036
I 06.07/22:28:46 solver.py:159 ] Epoch: [150/200][40/282] lr: 1.33e-04 | MSE loss: 5.4595e-03 | time: 0.037
I 06.07/22:28:47 solver.py:159 ] Epoch: [150/200][60/282] lr: 1.33e-04 | MSE loss: 5.3228e-03 | time: 0.038
I 06.07/22:28:48 solver.py:159 ] Epoch: [150/200][80/282] lr: 1.33e-04 | MSE loss: 5.2097e-03 | time: 0.038
I 06.07/22:28:49 solver.py:159 ] Epoch: [150/200][100/282] lr: 1.32e-04 | MSE loss: 5.0571e-03 | time: 0.038
I 06.07/22:28:49 solver.py:159 ] Epoch: [150/200][120/282] lr: 1.32e-04 | MSE loss: 5.1272e-03 | time: 0.037
I 06.07/22:28:50 solver.py:159 ] Epoch: [150/200][140/282] lr: 1.32e-04 | MSE loss: 5.0752e-03 | time: 0.037
I 06.07/22:28:51 solver.py:159 ] Epoch: [150/200][160/282] lr: 1.32e-04 | MSE loss: 4.9967e-03 | time: 0.037
I 06.07/22:28:52 solver.py:159 ] Epoch: [150/200][180/282] lr: 1.31e-04 | MSE loss: 4.8990e-03 | time: 0.037
I 06.07/22:28:52 solver.py:159 ] Epoch: [150/200][200/282] lr: 1.31e-04 | MSE loss: 4.9679e-03 | time: 0.037
I 06.07/22:28:53 solver.py:159 ] Epoch: [150/200][220/282] lr: 1.31e-04 | MSE loss: 5.0760e-03 | time: 0.037
I 06.07/22:28:54 solver.py:159 ] Epoch: [150/200][240/282] lr: 1.31e-04 | MSE loss: 5.1302e-03 | time: 0.037
I 06.07/22:28:55 solver.py:159 ] Epoch: [150/200][260/282] lr: 1.31e-04 | MSE loss: 5.2493e-03 | time: 0.037
I 06.07/22:28:55 solver.py:159 ] Epoch: [150/200][280/282] lr: 1.30e-04 | MSE loss: 5.2601e-03 | time: 0.037
I 06.07/22:28:55 solver.py:169 ] => Train  Loss: 5.2391e-03

I 06.07/22:28:56 solver.py:159 ] Epoch: [150/200][20/32] lr: 1.30e-04 | MSE loss: 6.3366e-03 | time: 0.026
I 06.07/22:28:56 solver.py:169 ] => Val  Loss: 5.4672e-03

I 06.07/22:28:57 solver.py:405 ] [20/32] loss: 6.3366e-03 | NMSE: -1.8749e+01 | time: 0.029
I 06.07/22:28:57 solver.py:413 ] => Test NMSE: -1.9539e+01

I 06.07/22:28:57 solver.py:345 ] => LoRA monitor [epoch=150] | trainable=67584/67584 | non_lora_trainable=0 | lora_l2=1.540874e+01 | lora_A_l2=1.248918e+01 | lora_B_l2=9.024944e+00 | component_l2=encoder:1.540874e+01 | lora_abs_max=6.980852e-01 | delta_l2=1.543756e+01 | delta_rel=4.704150e+00 | train_loss=5.239084e-03 | val_loss=5.467181e-03 | test_loss=5.559510e-03 | nmse=-1.953933e+01
I 06.07/22:28:57 solver.py:224 ] 
=! Best NMSE: -1.9539e+01 (epoch=150)

I 06.07/22:28:58 solver.py:159 ] Epoch: [151/200][20/282] lr: 1.30e-04 | MSE loss: 4.3816e-03 | time: 0.042
I 06.07/22:28:59 solver.py:159 ] Epoch: [151/200][40/282] lr: 1.30e-04 | MSE loss: 4.8082e-03 | time: 0.042
I 06.07/22:29:00 solver.py:159 ] Epoch: [151/200][60/282] lr: 1.30e-04 | MSE loss: 5.1925e-03 | time: 0.041
I 06.07/22:29:01 solver.py:159 ] Epoch: [151/200][80/282] lr: 1.30e-04 | MSE loss: 4.9415e-03 | time: 0.047
I 06.07/22:29:03 solver.py:159 ] Epoch: [151/200][100/282] lr: 1.29e-04 | MSE loss: 5.0621e-03 | time: 0.057
I 06.07/22:29:04 solver.py:159 ] Epoch: [151/200][120/282] lr: 1.29e-04 | MSE loss: 5.2452e-03 | time: 0.058
I 06.07/22:29:05 solver.py:159 ] Epoch: [151/200][140/282] lr: 1.29e-04 | MSE loss: 5.5064e-03 | time: 0.055
I 06.07/22:29:06 solver.py:159 ] Epoch: [151/200][160/282] lr: 1.29e-04 | MSE loss: 5.3468e-03 | time: 0.053
I 06.07/22:29:07 solver.py:159 ] Epoch: [151/200][180/282] lr: 1.28e-04 | MSE loss: 5.2727e-03 | time: 0.051
I 06.07/22:29:07 solver.py:159 ] Epoch: [151/200][200/282] lr: 1.28e-04 | MSE loss: 5.2123e-03 | time: 0.050
I 06.07/22:29:08 solver.py:159 ] Epoch: [151/200][220/282] lr: 1.28e-04 | MSE loss: 5.2930e-03 | time: 0.049
I 06.07/22:29:09 solver.py:159 ] Epoch: [151/200][240/282] lr: 1.28e-04 | MSE loss: 5.3263e-03 | time: 0.048
I 06.07/22:29:10 solver.py:159 ] Epoch: [151/200][260/282] lr: 1.28e-04 | MSE loss: 5.2734e-03 | time: 0.047
I 06.07/22:29:10 solver.py:159 ] Epoch: [151/200][280/282] lr: 1.27e-04 | MSE loss: 5.2647e-03 | time: 0.047
I 06.07/22:29:10 solver.py:169 ] => Train  Loss: 5.2390e-03

I 06.07/22:29:11 solver.py:405 ] [20/32] loss: 6.3513e-03 | NMSE: -1.8734e+01 | time: 0.027
I 06.07/22:29:11 solver.py:413 ] => Test NMSE: -1.9529e+01

I 06.07/22:29:11 solver.py:345 ] => LoRA monitor [epoch=151] | trainable=67584/67584 | non_lora_trainable=0 | lora_l2=1.541539e+01 | lora_A_l2=1.249361e+01 | lora_B_l2=9.030161e+00 | component_l2=encoder:1.541539e+01 | lora_abs_max=6.976611e-01 | delta_l2=1.544445e+01 | delta_rel=4.706250e+00 | train_loss=5.239038e-03 | test_loss=5.572660e-03 | nmse=-1.952907e+01
I 06.07/22:29:11 solver.py:224 ] 
=! Best NMSE: -1.9539e+01 (epoch=150)

I 06.07/22:29:12 solver.py:159 ] Epoch: [152/200][20/282] lr: 1.27e-04 | MSE loss: 4.7388e-03 | time: 0.039
I 06.07/22:29:13 solver.py:159 ] Epoch: [152/200][40/282] lr: 1.27e-04 | MSE loss: 5.6091e-03 | time: 0.038
I 06.07/22:29:14 solver.py:159 ] Epoch: [152/200][60/282] lr: 1.27e-04 | MSE loss: 5.4753e-03 | time: 0.039
I 06.07/22:29:14 solver.py:159 ] Epoch: [152/200][80/282] lr: 1.27e-04 | MSE loss: 5.3986e-03 | time: 0.038
I 06.07/22:29:15 solver.py:159 ] Epoch: [152/200][100/282] lr: 1.26e-04 | MSE loss: 5.7392e-03 | time: 0.038
I 06.07/22:29:16 solver.py:159 ] Epoch: [152/200][120/282] lr: 1.26e-04 | MSE loss: 5.6462e-03 | time: 0.037
I 06.07/22:29:17 solver.py:159 ] Epoch: [152/200][140/282] lr: 1.26e-04 | MSE loss: 5.7213e-03 | time: 0.037
I 06.07/22:29:17 solver.py:159 ] Epoch: [152/200][160/282] lr: 1.26e-04 | MSE loss: 5.5704e-03 | time: 0.037
I 06.07/22:29:18 solver.py:159 ] Epoch: [152/200][180/282] lr: 1.26e-04 | MSE loss: 5.4841e-03 | time: 0.037
I 06.07/22:29:19 solver.py:159 ] Epoch: [152/200][200/282] lr: 1.25e-04 | MSE loss: 5.5027e-03 | time: 0.037
I 06.07/22:29:20 solver.py:159 ] Epoch: [152/200][220/282] lr: 1.25e-04 | MSE loss: 5.3782e-03 | time: 0.037
I 06.07/22:29:20 solver.py:159 ] Epoch: [152/200][240/282] lr: 1.25e-04 | MSE loss: 5.2578e-03 | time: 0.037
I 06.07/22:29:21 solver.py:159 ] Epoch: [152/200][260/282] lr: 1.25e-04 | MSE loss: 5.2640e-03 | time: 0.037
I 06.07/22:29:22 solver.py:159 ] Epoch: [152/200][280/282] lr: 1.24e-04 | MSE loss: 5.2522e-03 | time: 0.037
I 06.07/22:29:22 solver.py:169 ] => Train  Loss: 5.2366e-03

I 06.07/22:29:23 solver.py:405 ] [20/32] loss: 6.3479e-03 | NMSE: -1.8737e+01 | time: 0.036
I 06.07/22:29:23 solver.py:413 ] => Test NMSE: -1.9533e+01

I 06.07/22:29:23 solver.py:345 ] => LoRA monitor [epoch=152] | trainable=67584/67584 | non_lora_trainable=0 | lora_l2=1.542386e+01 | lora_A_l2=1.250006e+01 | lora_B_l2=9.035698e+00 | component_l2=encoder:1.542386e+01 | lora_abs_max=6.975209e-01 | delta_l2=1.545302e+01 | delta_rel=4.708860e+00 | train_loss=5.236611e-03 | test_loss=5.567242e-03 | nmse=-1.953330e+01
I 06.07/22:29:23 solver.py:224 ] 
=! Best NMSE: -1.9539e+01 (epoch=150)

I 06.07/22:29:24 solver.py:159 ] Epoch: [153/200][20/282] lr: 1.24e-04 | MSE loss: 4.2019e-03 | time: 0.037
I 06.07/22:29:24 solver.py:159 ] Epoch: [153/200][40/282] lr: 1.24e-04 | MSE loss: 4.3912e-03 | time: 0.037
I 06.07/22:29:25 solver.py:159 ] Epoch: [153/200][60/282] lr: 1.24e-04 | MSE loss: 4.8715e-03 | time: 0.037
I 06.07/22:29:26 solver.py:159 ] Epoch: [153/200][80/282] lr: 1.24e-04 | MSE loss: 4.8556e-03 | time: 0.037
I 06.07/22:29:27 solver.py:159 ] Epoch: [153/200][100/282] lr: 1.23e-04 | MSE loss: 5.1581e-03 | time: 0.037
I 06.07/22:29:27 solver.py:159 ] Epoch: [153/200][120/282] lr: 1.23e-04 | MSE loss: 4.9341e-03 | time: 0.037
I 06.07/22:29:28 solver.py:159 ] Epoch: [153/200][140/282] lr: 1.23e-04 | MSE loss: 4.8981e-03 | time: 0.037
I 06.07/22:29:29 solver.py:159 ] Epoch: [153/200][160/282] lr: 1.23e-04 | MSE loss: 5.0966e-03 | time: 0.037
I 06.07/22:29:30 solver.py:159 ] Epoch: [153/200][180/282] lr: 1.23e-04 | MSE loss: 5.1471e-03 | time: 0.037
I 06.07/22:29:30 solver.py:159 ] Epoch: [153/200][200/282] lr: 1.22e-04 | MSE loss: 5.1350e-03 | time: 0.037
I 06.07/22:29:31 solver.py:159 ] Epoch: [153/200][220/282] lr: 1.22e-04 | MSE loss: 5.1282e-03 | time: 0.037
I 06.07/22:29:32 solver.py:159 ] Epoch: [153/200][240/282] lr: 1.22e-04 | MSE loss: 5.2507e-03 | time: 0.038
I 06.07/22:29:33 solver.py:159 ] Epoch: [153/200][260/282] lr: 1.22e-04 | MSE loss: 5.2362e-03 | time: 0.038
I 06.07/22:29:34 solver.py:159 ] Epoch: [153/200][280/282] lr: 1.22e-04 | MSE loss: 5.2454e-03 | time: 0.038
I 06.07/22:29:34 solver.py:169 ] => Train  Loss: 5.2413e-03

I 06.07/22:29:34 solver.py:405 ] [20/32] loss: 6.3358e-03 | NMSE: -1.8745e+01 | time: 0.029
I 06.07/22:29:35 solver.py:413 ] => Test NMSE: -1.9536e+01

I 06.07/22:29:35 solver.py:345 ] => LoRA monitor [epoch=153] | trainable=67584/67584 | non_lora_trainable=0 | lora_l2=1.543194e+01 | lora_A_l2=1.250574e+01 | lora_B_l2=9.041648e+00 | component_l2=encoder:1.543194e+01 | lora_abs_max=6.977602e-01 | delta_l2=1.546120e+01 | delta_rel=4.711354e+00 | train_loss=5.241302e-03 | test_loss=5.564255e-03 | nmse=-1.953563e+01
I 06.07/22:29:35 solver.py:224 ] 
=! Best NMSE: -1.9539e+01 (epoch=150)

I 06.07/22:29:35 solver.py:159 ] Epoch: [154/200][20/282] lr: 1.21e-04 | MSE loss: 5.2516e-03 | time: 0.040
I 06.07/22:29:36 solver.py:159 ] Epoch: [154/200][40/282] lr: 1.21e-04 | MSE loss: 5.1681e-03 | time: 0.038
I 06.07/22:29:37 solver.py:159 ] Epoch: [154/200][60/282] lr: 1.21e-04 | MSE loss: 5.3608e-03 | time: 0.038
I 06.07/22:29:38 solver.py:159 ] Epoch: [154/200][80/282] lr: 1.21e-04 | MSE loss: 5.3392e-03 | time: 0.037
I 06.07/22:29:38 solver.py:159 ] Epoch: [154/200][100/282] lr: 1.21e-04 | MSE loss: 5.3223e-03 | time: 0.037
I 06.07/22:29:39 solver.py:159 ] Epoch: [154/200][120/282] lr: 1.20e-04 | MSE loss: 5.2828e-03 | time: 0.037
I 06.07/22:29:40 solver.py:159 ] Epoch: [154/200][140/282] lr: 1.20e-04 | MSE loss: 5.2511e-03 | time: 0.037
I 06.07/22:29:40 solver.py:159 ] Epoch: [154/200][160/282] lr: 1.20e-04 | MSE loss: 5.2437e-03 | time: 0.037
I 06.07/22:29:41 solver.py:159 ] Epoch: [154/200][180/282] lr: 1.20e-04 | MSE loss: 5.2840e-03 | time: 0.037
I 06.07/22:29:42 solver.py:159 ] Epoch: [154/200][200/282] lr: 1.20e-04 | MSE loss: 5.3378e-03 | time: 0.037
I 06.07/22:29:43 solver.py:159 ] Epoch: [154/200][220/282] lr: 1.19e-04 | MSE loss: 5.2884e-03 | time: 0.037
I 06.07/22:29:44 solver.py:159 ] Epoch: [154/200][240/282] lr: 1.19e-04 | MSE loss: 5.2633e-03 | time: 0.037
I 06.07/22:29:44 solver.py:159 ] Epoch: [154/200][260/282] lr: 1.19e-04 | MSE loss: 5.2800e-03 | time: 0.037
I 06.07/22:29:45 solver.py:159 ] Epoch: [154/200][280/282] lr: 1.19e-04 | MSE loss: 5.2448e-03 | time: 0.037
I 06.07/22:29:45 solver.py:169 ] => Train  Loss: 5.2334e-03

I 06.07/22:29:46 solver.py:405 ] [20/32] loss: 6.3453e-03 | NMSE: -1.8741e+01 | time: 0.034
I 06.07/22:29:46 solver.py:413 ] => Test NMSE: -1.9533e+01

I 06.07/22:29:46 solver.py:345 ] => LoRA monitor [epoch=154] | trainable=67584/67584 | non_lora_trainable=0 | lora_l2=1.544057e+01 | lora_A_l2=1.251209e+01 | lora_B_l2=9.047593e+00 | component_l2=encoder:1.544057e+01 | lora_abs_max=6.970101e-01 | delta_l2=1.546980e+01 | delta_rel=4.713974e+00 | train_loss=5.233407e-03 | test_loss=5.567952e-03 | nmse=-1.953275e+01
I 06.07/22:29:46 solver.py:224 ] 
=! Best NMSE: -1.9539e+01 (epoch=150)

I 06.07/22:29:47 solver.py:159 ] Epoch: [155/200][20/282] lr: 1.19e-04 | MSE loss: 5.5896e-03 | time: 0.037
I 06.07/22:29:48 solver.py:159 ] Epoch: [155/200][40/282] lr: 1.18e-04 | MSE loss: 5.4178e-03 | time: 0.038
I 06.07/22:29:48 solver.py:159 ] Epoch: [155/200][60/282] lr: 1.18e-04 | MSE loss: 5.1170e-03 | time: 0.037
I 06.07/22:29:49 solver.py:159 ] Epoch: [155/200][80/282] lr: 1.18e-04 | MSE loss: 4.8874e-03 | time: 0.037
I 06.07/22:29:50 solver.py:159 ] Epoch: [155/200][100/282] lr: 1.18e-04 | MSE loss: 5.3314e-03 | time: 0.037
I 06.07/22:29:51 solver.py:159 ] Epoch: [155/200][120/282] lr: 1.18e-04 | MSE loss: 5.2610e-03 | time: 0.037
I 06.07/22:29:51 solver.py:159 ] Epoch: [155/200][140/282] lr: 1.17e-04 | MSE loss: 5.3718e-03 | time: 0.036
I 06.07/22:29:52 solver.py:159 ] Epoch: [155/200][160/282] lr: 1.17e-04 | MSE loss: 5.3782e-03 | time: 0.036
I 06.07/22:29:53 solver.py:159 ] Epoch: [155/200][180/282] lr: 1.17e-04 | MSE loss: 5.2454e-03 | time: 0.036
I 06.07/22:29:54 solver.py:159 ] Epoch: [155/200][200/282] lr: 1.17e-04 | MSE loss: 5.1394e-03 | time: 0.037
I 06.07/22:29:54 solver.py:159 ] Epoch: [155/200][220/282] lr: 1.17e-04 | MSE loss: 5.1373e-03 | time: 0.037
I 06.07/22:29:55 solver.py:159 ] Epoch: [155/200][240/282] lr: 1.16e-04 | MSE loss: 5.1877e-03 | time: 0.037
I 06.07/22:29:56 solver.py:159 ] Epoch: [155/200][260/282] lr: 1.16e-04 | MSE loss: 5.1971e-03 | time: 0.037
I 06.07/22:29:56 solver.py:159 ] Epoch: [155/200][280/282] lr: 1.16e-04 | MSE loss: 5.2296e-03 | time: 0.036
I 06.07/22:29:56 solver.py:169 ] => Train  Loss: 5.3085e-03

I 06.07/22:29:57 solver.py:405 ] [20/32] loss: 6.3337e-03 | NMSE: -1.8755e+01 | time: 0.030
I 06.07/22:29:57 solver.py:413 ] => Test NMSE: -1.9541e+01

I 06.07/22:29:58 solver.py:345 ] => LoRA monitor [epoch=155] | trainable=67584/67584 | non_lora_trainable=0 | lora_l2=1.544807e+01 | lora_A_l2=1.251726e+01 | lora_B_l2=9.053226e+00 | component_l2=encoder:1.544807e+01 | lora_abs_max=6.966683e-01 | delta_l2=1.547730e+01 | delta_rel=4.716259e+00 | train_loss=5.308532e-03 | test_loss=5.557685e-03 | nmse=-1.954076e+01
I 06.07/22:29:58 solver.py:224 ] 
=! Best NMSE: -1.9541e+01 (epoch=155)

I 06.07/22:29:59 solver.py:159 ] Epoch: [156/200][20/282] lr: 1.16e-04 | MSE loss: 3.6848e-03 | time: 0.038
I 06.07/22:29:59 solver.py:159 ] Epoch: [156/200][40/282] lr: 1.16e-04 | MSE loss: 4.2854e-03 | time: 0.038
I 06.07/22:30:00 solver.py:159 ] Epoch: [156/200][60/282] lr: 1.15e-04 | MSE loss: 5.0606e-03 | time: 0.042
I 06.07/22:30:02 solver.py:159 ] Epoch: [156/200][80/282] lr: 1.15e-04 | MSE loss: 5.0131e-03 | time: 0.051
I 06.07/22:30:04 solver.py:159 ] Epoch: [156/200][100/282] lr: 1.15e-04 | MSE loss: 4.9045e-03 | time: 0.060
I 06.07/22:30:05 solver.py:159 ] Epoch: [156/200][120/282] lr: 1.15e-04 | MSE loss: 5.1646e-03 | time: 0.059
I 06.07/22:30:06 solver.py:159 ] Epoch: [156/200][140/282] lr: 1.15e-04 | MSE loss: 5.2244e-03 | time: 0.056
I 06.07/22:30:06 solver.py:159 ] Epoch: [156/200][160/282] lr: 1.14e-04 | MSE loss: 5.3284e-03 | time: 0.053
I 06.07/22:30:07 solver.py:159 ] Epoch: [156/200][180/282] lr: 1.14e-04 | MSE loss: 5.3023e-03 | time: 0.052
I 06.07/22:30:08 solver.py:159 ] Epoch: [156/200][200/282] lr: 1.14e-04 | MSE loss: 5.3493e-03 | time: 0.050
I 06.07/22:30:09 solver.py:159 ] Epoch: [156/200][220/282] lr: 1.14e-04 | MSE loss: 5.4154e-03 | time: 0.049
I 06.07/22:30:09 solver.py:159 ] Epoch: [156/200][240/282] lr: 1.14e-04 | MSE loss: 5.2984e-03 | time: 0.048
I 06.07/22:30:10 solver.py:159 ] Epoch: [156/200][260/282] lr: 1.13e-04 | MSE loss: 5.3624e-03 | time: 0.047
I 06.07/22:30:11 solver.py:159 ] Epoch: [156/200][280/282] lr: 1.13e-04 | MSE loss: 5.2602e-03 | time: 0.046
I 06.07/22:30:11 solver.py:169 ] => Train  Loss: 5.2393e-03

I 06.07/22:30:11 solver.py:405 ] [20/32] loss: 6.3351e-03 | NMSE: -1.8749e+01 | time: 0.027
I 06.07/22:30:12 solver.py:413 ] => Test NMSE: -1.9541e+01

I 06.07/22:30:12 solver.py:345 ] => LoRA monitor [epoch=156] | trainable=67584/67584 | non_lora_trainable=0 | lora_l2=1.545579e+01 | lora_A_l2=1.252308e+01 | lora_B_l2=9.058364e+00 | component_l2=encoder:1.545579e+01 | lora_abs_max=6.959216e-01 | delta_l2=1.548519e+01 | delta_rel=4.718664e+00 | train_loss=5.239281e-03 | test_loss=5.557267e-03 | nmse=-1.954109e+01
I 06.07/22:30:12 solver.py:224 ] 
=! Best NMSE: -1.9541e+01 (epoch=156)

I 06.07/22:30:13 solver.py:159 ] Epoch: [157/200][20/282] lr: 1.13e-04 | MSE loss: 5.1335e-03 | time: 0.041
I 06.07/22:30:14 solver.py:159 ] Epoch: [157/200][40/282] lr: 1.13e-04 | MSE loss: 5.2692e-03 | time: 0.040
I 06.07/22:30:14 solver.py:159 ] Epoch: [157/200][60/282] lr: 1.13e-04 | MSE loss: 5.4646e-03 | time: 0.039
I 06.07/22:30:15 solver.py:159 ] Epoch: [157/200][80/282] lr: 1.12e-04 | MSE loss: 5.5976e-03 | time: 0.039
I 06.07/22:30:16 solver.py:159 ] Epoch: [157/200][100/282] lr: 1.12e-04 | MSE loss: 5.5418e-03 | time: 0.038
I 06.07/22:30:16 solver.py:159 ] Epoch: [157/200][120/282] lr: 1.12e-04 | MSE loss: 5.3886e-03 | time: 0.037
I 06.07/22:30:17 solver.py:159 ] Epoch: [157/200][140/282] lr: 1.12e-04 | MSE loss: 5.3602e-03 | time: 0.037
I 06.07/22:30:18 solver.py:159 ] Epoch: [157/200][160/282] lr: 1.12e-04 | MSE loss: 5.3903e-03 | time: 0.037
I 06.07/22:30:19 solver.py:159 ] Epoch: [157/200][180/282] lr: 1.11e-04 | MSE loss: 5.3637e-03 | time: 0.037
I 06.07/22:30:19 solver.py:159 ] Epoch: [157/200][200/282] lr: 1.11e-04 | MSE loss: 5.2741e-03 | time: 0.037
I 06.07/22:30:20 solver.py:159 ] Epoch: [157/200][220/282] lr: 1.11e-04 | MSE loss: 5.2637e-03 | time: 0.037
I 06.07/22:30:21 solver.py:159 ] Epoch: [157/200][240/282] lr: 1.11e-04 | MSE loss: 5.3057e-03 | time: 0.037
I 06.07/22:30:21 solver.py:159 ] Epoch: [157/200][260/282] lr: 1.11e-04 | MSE loss: 5.2729e-03 | time: 0.037
I 06.07/22:30:22 solver.py:159 ] Epoch: [157/200][280/282] lr: 1.10e-04 | MSE loss: 5.2536e-03 | time: 0.037
I 06.07/22:30:22 solver.py:169 ] => Train  Loss: 5.2463e-03

I 06.07/22:30:23 solver.py:405 ] [20/32] loss: 6.3412e-03 | NMSE: -1.8740e+01 | time: 0.032
I 06.07/22:30:23 solver.py:413 ] => Test NMSE: -1.9536e+01

I 06.07/22:30:23 solver.py:345 ] => LoRA monitor [epoch=157] | trainable=67584/67584 | non_lora_trainable=0 | lora_l2=1.546264e+01 | lora_A_l2=1.252810e+01 | lora_B_l2=9.063099e+00 | component_l2=encoder:1.546264e+01 | lora_abs_max=6.961712e-01 | delta_l2=1.549218e+01 | delta_rel=4.720793e+00 | train_loss=5.246297e-03 | test_loss=5.564348e-03 | nmse=-1.953556e+01
I 06.07/22:30:23 solver.py:224 ] 
=! Best NMSE: -1.9541e+01 (epoch=156)

I 06.07/22:30:24 solver.py:159 ] Epoch: [158/200][20/282] lr: 1.10e-04 | MSE loss: 5.6691e-03 | time: 0.038
I 06.07/22:30:25 solver.py:159 ] Epoch: [158/200][40/282] lr: 1.10e-04 | MSE loss: 5.5256e-03 | time: 0.037
I 06.07/22:30:26 solver.py:159 ] Epoch: [158/200][60/282] lr: 1.10e-04 | MSE loss: 5.5514e-03 | time: 0.037
I 06.07/22:30:26 solver.py:159 ] Epoch: [158/200][80/282] lr: 1.10e-04 | MSE loss: 5.7848e-03 | time: 0.038
I 06.07/22:30:27 solver.py:159 ] Epoch: [158/200][100/282] lr: 1.09e-04 | MSE loss: 5.7015e-03 | time: 0.037
I 06.07/22:30:28 solver.py:159 ] Epoch: [158/200][120/282] lr: 1.09e-04 | MSE loss: 5.5054e-03 | time: 0.037
I 06.07/22:30:28 solver.py:159 ] Epoch: [158/200][140/282] lr: 1.09e-04 | MSE loss: 5.4779e-03 | time: 0.037
I 06.07/22:30:29 solver.py:159 ] Epoch: [158/200][160/282] lr: 1.09e-04 | MSE loss: 5.5679e-03 | time: 0.037
I 06.07/22:30:30 solver.py:159 ] Epoch: [158/200][180/282] lr: 1.09e-04 | MSE loss: 5.4364e-03 | time: 0.037
I 06.07/22:30:31 solver.py:159 ] Epoch: [158/200][200/282] lr: 1.09e-04 | MSE loss: 5.3875e-03 | time: 0.037
I 06.07/22:30:31 solver.py:159 ] Epoch: [158/200][220/282] lr: 1.08e-04 | MSE loss: 5.3974e-03 | time: 0.037
I 06.07/22:30:32 solver.py:159 ] Epoch: [158/200][240/282] lr: 1.08e-04 | MSE loss: 5.2958e-03 | time: 0.037
I 06.07/22:30:33 solver.py:159 ] Epoch: [158/200][260/282] lr: 1.08e-04 | MSE loss: 5.1691e-03 | time: 0.037
I 06.07/22:30:34 solver.py:159 ] Epoch: [158/200][280/282] lr: 1.08e-04 | MSE loss: 5.2239e-03 | time: 0.037
I 06.07/22:30:34 solver.py:169 ] => Train  Loss: 5.2281e-03

I 06.07/22:30:34 solver.py:405 ] [20/32] loss: 6.3347e-03 | NMSE: -1.8754e+01 | time: 0.033
I 06.07/22:30:35 solver.py:413 ] => Test NMSE: -1.9540e+01

I 06.07/22:30:35 solver.py:345 ] => LoRA monitor [epoch=158] | trainable=67584/67584 | non_lora_trainable=0 | lora_l2=1.546802e+01 | lora_A_l2=1.253183e+01 | lora_B_l2=9.067128e+00 | component_l2=encoder:1.546802e+01 | lora_abs_max=6.959109e-01 | delta_l2=1.549761e+01 | delta_rel=4.722448e+00 | train_loss=5.228081e-03 | test_loss=5.558078e-03 | nmse=-1.954045e+01
I 06.07/22:30:35 solver.py:224 ] 
=! Best NMSE: -1.9541e+01 (epoch=156)

I 06.07/22:30:36 solver.py:159 ] Epoch: [159/200][20/282] lr: 1.08e-04 | MSE loss: 4.5581e-03 | time: 0.039
I 06.07/22:30:36 solver.py:159 ] Epoch: [159/200][40/282] lr: 1.07e-04 | MSE loss: 4.8632e-03 | time: 0.037
I 06.07/22:30:37 solver.py:159 ] Epoch: [159/200][60/282] lr: 1.07e-04 | MSE loss: 5.2932e-03 | time: 0.036
I 06.07/22:30:38 solver.py:159 ] Epoch: [159/200][80/282] lr: 1.07e-04 | MSE loss: 5.2612e-03 | time: 0.037
I 06.07/22:30:38 solver.py:159 ] Epoch: [159/200][100/282] lr: 1.07e-04 | MSE loss: 5.1574e-03 | time: 0.036
I 06.07/22:30:39 solver.py:159 ] Epoch: [159/200][120/282] lr: 1.07e-04 | MSE loss: 5.0947e-03 | time: 0.037
I 06.07/22:30:40 solver.py:159 ] Epoch: [159/200][140/282] lr: 1.06e-04 | MSE loss: 5.1922e-03 | time: 0.037
I 06.07/22:30:41 solver.py:159 ] Epoch: [159/200][160/282] lr: 1.06e-04 | MSE loss: 5.0550e-03 | time: 0.036
I 06.07/22:30:41 solver.py:159 ] Epoch: [159/200][180/282] lr: 1.06e-04 | MSE loss: 5.1085e-03 | time: 0.037
I 06.07/22:30:42 solver.py:159 ] Epoch: [159/200][200/282] lr: 1.06e-04 | MSE loss: 5.0584e-03 | time: 0.037
I 06.07/22:30:43 solver.py:159 ] Epoch: [159/200][220/282] lr: 1.06e-04 | MSE loss: 5.1929e-03 | time: 0.037
I 06.07/22:30:44 solver.py:159 ] Epoch: [159/200][240/282] lr: 1.06e-04 | MSE loss: 5.1867e-03 | time: 0.037
I 06.07/22:30:44 solver.py:159 ] Epoch: [159/200][260/282] lr: 1.05e-04 | MSE loss: 5.1528e-03 | time: 0.037
I 06.07/22:30:45 solver.py:159 ] Epoch: [159/200][280/282] lr: 1.05e-04 | MSE loss: 5.2313e-03 | time: 0.037
I 06.07/22:30:45 solver.py:169 ] => Train  Loss: 5.2248e-03

I 06.07/22:30:46 solver.py:405 ] [20/32] loss: 6.3335e-03 | NMSE: -1.8747e+01 | time: 0.029
I 06.07/22:30:46 solver.py:413 ] => Test NMSE: -1.9538e+01

I 06.07/22:30:46 solver.py:345 ] => LoRA monitor [epoch=159] | trainable=67584/67584 | non_lora_trainable=0 | lora_l2=1.547550e+01 | lora_A_l2=1.253754e+01 | lora_B_l2=9.072009e+00 | component_l2=encoder:1.547550e+01 | lora_abs_max=6.960497e-01 | delta_l2=1.550523e+01 | delta_rel=4.724772e+00 | train_loss=5.224822e-03 | test_loss=5.560739e-03 | nmse=-1.953838e+01
I 06.07/22:30:46 solver.py:224 ] 
=! Best NMSE: -1.9541e+01 (epoch=156)

I 06.07/22:30:47 solver.py:159 ] Epoch: [160/200][20/282] lr: 1.05e-04 | MSE loss: 5.3316e-03 | time: 0.041
I 06.07/22:30:48 solver.py:159 ] Epoch: [160/200][40/282] lr: 1.05e-04 | MSE loss: 5.1858e-03 | time: 0.039
I 06.07/22:30:48 solver.py:159 ] Epoch: [160/200][60/282] lr: 1.05e-04 | MSE loss: 4.5334e-03 | time: 0.038
I 06.07/22:30:49 solver.py:159 ] Epoch: [160/200][80/282] lr: 1.04e-04 | MSE loss: 5.0429e-03 | time: 0.038
I 06.07/22:30:50 solver.py:159 ] Epoch: [160/200][100/282] lr: 1.04e-04 | MSE loss: 5.1349e-03 | time: 0.038
I 06.07/22:30:51 solver.py:159 ] Epoch: [160/200][120/282] lr: 1.04e-04 | MSE loss: 5.1642e-03 | time: 0.037
I 06.07/22:30:51 solver.py:159 ] Epoch: [160/200][140/282] lr: 1.04e-04 | MSE loss: 5.2303e-03 | time: 0.037
I 06.07/22:30:52 solver.py:159 ] Epoch: [160/200][160/282] lr: 1.04e-04 | MSE loss: 5.1377e-03 | time: 0.038
I 06.07/22:30:53 solver.py:159 ] Epoch: [160/200][180/282] lr: 1.04e-04 | MSE loss: 5.2624e-03 | time: 0.038
I 06.07/22:30:54 solver.py:159 ] Epoch: [160/200][200/282] lr: 1.03e-04 | MSE loss: 5.3142e-03 | time: 0.038
I 06.07/22:30:54 solver.py:159 ] Epoch: [160/200][220/282] lr: 1.03e-04 | MSE loss: 5.2560e-03 | time: 0.038
I 06.07/22:30:55 solver.py:159 ] Epoch: [160/200][240/282] lr: 1.03e-04 | MSE loss: 5.2195e-03 | time: 0.038
I 06.07/22:30:56 solver.py:159 ] Epoch: [160/200][260/282] lr: 1.03e-04 | MSE loss: 5.1938e-03 | time: 0.037
I 06.07/22:30:57 solver.py:159 ] Epoch: [160/200][280/282] lr: 1.03e-04 | MSE loss: 5.2414e-03 | time: 0.037
I 06.07/22:30:57 solver.py:169 ] => Train  Loss: 5.2284e-03

I 06.07/22:30:57 solver.py:159 ] Epoch: [160/200][20/32] lr: 1.03e-04 | MSE loss: 6.3438e-03 | time: 0.031
I 06.07/22:30:58 solver.py:169 ] => Val  Loss: 5.4711e-03

I 06.07/22:30:58 solver.py:405 ] [20/32] loss: 6.3438e-03 | NMSE: -1.8747e+01 | time: 0.029
I 06.07/22:30:59 solver.py:413 ] => Test NMSE: -1.9536e+01

I 06.07/22:30:59 solver.py:345 ] => LoRA monitor [epoch=160] | trainable=67584/67584 | non_lora_trainable=0 | lora_l2=1.548303e+01 | lora_A_l2=1.254311e+01 | lora_B_l2=9.077149e+00 | component_l2=encoder:1.548303e+01 | lora_abs_max=6.953376e-01 | delta_l2=1.551279e+01 | delta_rel=4.727076e+00 | train_loss=5.228366e-03 | val_loss=5.471059e-03 | test_loss=5.563376e-03 | nmse=-1.953632e+01
I 06.07/22:30:59 solver.py:224 ] 
=! Best NMSE: -1.9541e+01 (epoch=156)

I 06.07/22:30:59 solver.py:159 ] Epoch: [161/200][20/282] lr: 1.02e-04 | MSE loss: 5.2484e-03 | time: 0.037
I 06.07/22:31:00 solver.py:159 ] Epoch: [161/200][40/282] lr: 1.02e-04 | MSE loss: 5.1997e-03 | time: 0.040
I 06.07/22:31:02 solver.py:159 ] Epoch: [161/200][60/282] lr: 1.02e-04 | MSE loss: 5.1502e-03 | time: 0.054
I 06.07/22:31:04 solver.py:159 ] Epoch: [161/200][80/282] lr: 1.02e-04 | MSE loss: 5.1924e-03 | time: 0.064
I 06.07/22:31:05 solver.py:159 ] Epoch: [161/200][100/282] lr: 1.02e-04 | MSE loss: 5.4096e-03 | time: 0.061
I 06.07/22:31:05 solver.py:159 ] Epoch: [161/200][120/282] lr: 1.02e-04 | MSE loss: 5.1932e-03 | time: 0.058
I 06.07/22:31:06 solver.py:159 ] Epoch: [161/200][140/282] lr: 1.01e-04 | MSE loss: 5.1429e-03 | time: 0.055
I 06.07/22:31:07 solver.py:159 ] Epoch: [161/200][160/282] lr: 1.01e-04 | MSE loss: 5.1091e-03 | time: 0.053
I 06.07/22:31:08 solver.py:159 ] Epoch: [161/200][180/282] lr: 1.01e-04 | MSE loss: 5.0524e-03 | time: 0.051
I 06.07/22:31:08 solver.py:159 ] Epoch: [161/200][200/282] lr: 1.01e-04 | MSE loss: 5.1017e-03 | time: 0.049
I 06.07/22:31:09 solver.py:159 ] Epoch: [161/200][220/282] lr: 1.01e-04 | MSE loss: 5.0861e-03 | time: 0.048
I 06.07/22:31:10 solver.py:159 ] Epoch: [161/200][240/282] lr: 1.01e-04 | MSE loss: 5.2552e-03 | time: 0.048
I 06.07/22:31:11 solver.py:159 ] Epoch: [161/200][260/282] lr: 1.00e-04 | MSE loss: 5.2171e-03 | time: 0.047
I 06.07/22:31:11 solver.py:159 ] Epoch: [161/200][280/282] lr: 1.00e-04 | MSE loss: 5.2449e-03 | time: 0.046
I 06.07/22:31:12 solver.py:169 ] => Train  Loss: 5.2253e-03

I 06.07/22:31:12 solver.py:405 ] [20/32] loss: 6.3440e-03 | NMSE: -1.8747e+01 | time: 0.030
I 06.07/22:31:12 solver.py:413 ] => Test NMSE: -1.9539e+01

I 06.07/22:31:12 solver.py:345 ] => LoRA monitor [epoch=161] | trainable=67584/67584 | non_lora_trainable=0 | lora_l2=1.548867e+01 | lora_A_l2=1.254691e+01 | lora_B_l2=9.081514e+00 | component_l2=encoder:1.548867e+01 | lora_abs_max=6.948871e-01 | delta_l2=1.551846e+01 | delta_rel=4.728803e+00 | train_loss=5.225257e-03 | test_loss=5.560158e-03 | nmse=-1.953883e+01
I 06.07/22:31:12 solver.py:224 ] 
=! Best NMSE: -1.9541e+01 (epoch=156)

I 06.07/22:31:13 solver.py:159 ] Epoch: [162/200][20/282] lr: 1.00e-04 | MSE loss: 4.1092e-03 | time: 0.038
I 06.07/22:31:14 solver.py:159 ] Epoch: [162/200][40/282] lr: 9.98e-05 | MSE loss: 4.6500e-03 | time: 0.037
I 06.07/22:31:15 solver.py:159 ] Epoch: [162/200][60/282] lr: 9.96e-05 | MSE loss: 4.6634e-03 | time: 0.038
I 06.07/22:31:16 solver.py:159 ] Epoch: [162/200][80/282] lr: 9.94e-05 | MSE loss: 5.0847e-03 | time: 0.038
I 06.07/22:31:16 solver.py:159 ] Epoch: [162/200][100/282] lr: 9.93e-05 | MSE loss: 5.2838e-03 | time: 0.038
I 06.07/22:31:17 solver.py:159 ] Epoch: [162/200][120/282] lr: 9.91e-05 | MSE loss: 5.4896e-03 | time: 0.037
I 06.07/22:31:18 solver.py:159 ] Epoch: [162/200][140/282] lr: 9.89e-05 | MSE loss: 5.3668e-03 | time: 0.037
I 06.07/22:31:18 solver.py:159 ] Epoch: [162/200][160/282] lr: 9.87e-05 | MSE loss: 5.4810e-03 | time: 0.037
I 06.07/22:31:19 solver.py:159 ] Epoch: [162/200][180/282] lr: 9.86e-05 | MSE loss: 5.4171e-03 | time: 0.038
I 06.07/22:31:20 solver.py:159 ] Epoch: [162/200][200/282] lr: 9.84e-05 | MSE loss: 5.3710e-03 | time: 0.038
I 06.07/22:31:21 solver.py:159 ] Epoch: [162/200][220/282] lr: 9.82e-05 | MSE loss: 5.3603e-03 | time: 0.038
I 06.07/22:31:22 solver.py:159 ] Epoch: [162/200][240/282] lr: 9.81e-05 | MSE loss: 5.3630e-03 | time: 0.038
I 06.07/22:31:22 solver.py:159 ] Epoch: [162/200][260/282] lr: 9.79e-05 | MSE loss: 5.2559e-03 | time: 0.038
I 06.07/22:31:23 solver.py:159 ] Epoch: [162/200][280/282] lr: 9.77e-05 | MSE loss: 5.2461e-03 | time: 0.038
I 06.07/22:31:23 solver.py:169 ] => Train  Loss: 5.2234e-03

I 06.07/22:31:24 solver.py:405 ] [20/32] loss: 6.3287e-03 | NMSE: -1.8754e+01 | time: 0.029
I 06.07/22:31:24 solver.py:413 ] => Test NMSE: -1.9547e+01

I 06.07/22:31:24 solver.py:345 ] => LoRA monitor [epoch=162] | trainable=67584/67584 | non_lora_trainable=0 | lora_l2=1.549459e+01 | lora_A_l2=1.255136e+01 | lora_B_l2=9.085463e+00 | component_l2=encoder:1.549459e+01 | lora_abs_max=6.945656e-01 | delta_l2=1.552450e+01 | delta_rel=4.730642e+00 | train_loss=5.223353e-03 | test_loss=5.550108e-03 | nmse=-1.954669e+01
I 06.07/22:31:24 solver.py:224 ] 
=! Best NMSE: -1.9547e+01 (epoch=162)

I 06.07/22:31:25 solver.py:159 ] Epoch: [163/200][20/282] lr: 9.75e-05 | MSE loss: 4.5584e-03 | time: 0.037
I 06.07/22:31:26 solver.py:159 ] Epoch: [163/200][40/282] lr: 9.74e-05 | MSE loss: 5.5722e-03 | time: 0.038
I 06.07/22:31:27 solver.py:159 ] Epoch: [163/200][60/282] lr: 9.72e-05 | MSE loss: 5.6886e-03 | time: 0.038
I 06.07/22:31:27 solver.py:159 ] Epoch: [163/200][80/282] lr: 9.70e-05 | MSE loss: 5.4250e-03 | time: 0.039
I 06.07/22:31:28 solver.py:159 ] Epoch: [163/200][100/282] lr: 9.68e-05 | MSE loss: 5.1625e-03 | time: 0.038
I 06.07/22:31:29 solver.py:159 ] Epoch: [163/200][120/282] lr: 9.67e-05 | MSE loss: 5.2424e-03 | time: 0.038
I 06.07/22:31:30 solver.py:159 ] Epoch: [163/200][140/282] lr: 9.65e-05 | MSE loss: 5.2251e-03 | time: 0.037
I 06.07/22:31:30 solver.py:159 ] Epoch: [163/200][160/282] lr: 9.63e-05 | MSE loss: 5.2368e-03 | time: 0.037
I 06.07/22:31:31 solver.py:159 ] Epoch: [163/200][180/282] lr: 9.62e-05 | MSE loss: 5.2703e-03 | time: 0.037
I 06.07/22:31:32 solver.py:159 ] Epoch: [163/200][200/282] lr: 9.60e-05 | MSE loss: 5.2969e-03 | time: 0.037
I 06.07/22:31:32 solver.py:159 ] Epoch: [163/200][220/282] lr: 9.58e-05 | MSE loss: 5.3542e-03 | time: 0.037
I 06.07/22:31:33 solver.py:159 ] Epoch: [163/200][240/282] lr: 9.57e-05 | MSE loss: 5.2983e-03 | time: 0.037
I 06.07/22:31:34 solver.py:159 ] Epoch: [163/200][260/282] lr: 9.55e-05 | MSE loss: 5.2707e-03 | time: 0.037
I 06.07/22:31:35 solver.py:159 ] Epoch: [163/200][280/282] lr: 9.53e-05 | MSE loss: 5.2270e-03 | time: 0.037
I 06.07/22:31:35 solver.py:169 ] => Train  Loss: 5.2313e-03

I 06.07/22:31:35 solver.py:405 ] [20/32] loss: 6.3394e-03 | NMSE: -1.8737e+01 | time: 0.029
I 06.07/22:31:36 solver.py:413 ] => Test NMSE: -1.9536e+01

I 06.07/22:31:36 solver.py:345 ] => LoRA monitor [epoch=163] | trainable=67584/67584 | non_lora_trainable=0 | lora_l2=1.549964e+01 | lora_A_l2=1.255475e+01 | lora_B_l2=9.089393e+00 | component_l2=encoder:1.549964e+01 | lora_abs_max=6.943833e-01 | delta_l2=1.552957e+01 | delta_rel=4.732188e+00 | train_loss=5.231264e-03 | test_loss=5.564214e-03 | nmse=-1.953566e+01
I 06.07/22:31:36 solver.py:224 ] 
=! Best NMSE: -1.9547e+01 (epoch=162)

I 06.07/22:31:36 solver.py:159 ] Epoch: [164/200][20/282] lr: 9.51e-05 | MSE loss: 6.0716e-03 | time: 0.036
I 06.07/22:31:37 solver.py:159 ] Epoch: [164/200][40/282] lr: 9.50e-05 | MSE loss: 5.4086e-03 | time: 0.037
I 06.07/22:31:38 solver.py:159 ] Epoch: [164/200][60/282] lr: 9.48e-05 | MSE loss: 5.1287e-03 | time: 0.037
I 06.07/22:31:39 solver.py:159 ] Epoch: [164/200][80/282] lr: 9.46e-05 | MSE loss: 5.4311e-03 | time: 0.037
I 06.07/22:31:39 solver.py:159 ] Epoch: [164/200][100/282] lr: 9.45e-05 | MSE loss: 5.4396e-03 | time: 0.037
I 06.07/22:31:40 solver.py:159 ] Epoch: [164/200][120/282] lr: 9.43e-05 | MSE loss: 5.5166e-03 | time: 0.037
I 06.07/22:31:41 solver.py:159 ] Epoch: [164/200][140/282] lr: 9.41e-05 | MSE loss: 5.5087e-03 | time: 0.037
I 06.07/22:31:42 solver.py:159 ] Epoch: [164/200][160/282] lr: 9.40e-05 | MSE loss: 5.4229e-03 | time: 0.037
I 06.07/22:31:42 solver.py:159 ] Epoch: [164/200][180/282] lr: 9.38e-05 | MSE loss: 5.3862e-03 | time: 0.037
I 06.07/22:31:43 solver.py:159 ] Epoch: [164/200][200/282] lr: 9.36e-05 | MSE loss: 5.3124e-03 | time: 0.037
I 06.07/22:31:44 solver.py:159 ] Epoch: [164/200][220/282] lr: 9.35e-05 | MSE loss: 5.3345e-03 | time: 0.037
I 06.07/22:31:44 solver.py:159 ] Epoch: [164/200][240/282] lr: 9.33e-05 | MSE loss: 5.2475e-03 | time: 0.037
I 06.07/22:31:45 solver.py:159 ] Epoch: [164/200][260/282] lr: 9.32e-05 | MSE loss: 5.2303e-03 | time: 0.037
I 06.07/22:31:46 solver.py:159 ] Epoch: [164/200][280/282] lr: 9.30e-05 | MSE loss: 5.2314e-03 | time: 0.037
I 06.07/22:31:46 solver.py:169 ] => Train  Loss: 5.2231e-03

I 06.07/22:31:47 solver.py:405 ] [20/32] loss: 6.3265e-03 | NMSE: -1.8751e+01 | time: 0.031
I 06.07/22:31:47 solver.py:413 ] => Test NMSE: -1.9550e+01

I 06.07/22:31:47 solver.py:345 ] => LoRA monitor [epoch=164] | trainable=67584/67584 | non_lora_trainable=0 | lora_l2=1.550569e+01 | lora_A_l2=1.255926e+01 | lora_B_l2=9.093495e+00 | component_l2=encoder:1.550569e+01 | lora_abs_max=6.937330e-01 | delta_l2=1.553575e+01 | delta_rel=4.734070e+00 | train_loss=5.223052e-03 | test_loss=5.546470e-03 | nmse=-1.954954e+01
I 06.07/22:31:47 solver.py:224 ] 
=! Best NMSE: -1.9550e+01 (epoch=164)

I 06.07/22:31:48 solver.py:159 ] Epoch: [165/200][20/282] lr: 9.28e-05 | MSE loss: 5.7267e-03 | time: 0.037
I 06.07/22:31:49 solver.py:159 ] Epoch: [165/200][40/282] lr: 9.26e-05 | MSE loss: 4.8348e-03 | time: 0.038
I 06.07/22:31:49 solver.py:159 ] Epoch: [165/200][60/282] lr: 9.25e-05 | MSE loss: 5.4642e-03 | time: 0.038
I 06.07/22:31:50 solver.py:159 ] Epoch: [165/200][80/282] lr: 9.23e-05 | MSE loss: 5.1843e-03 | time: 0.038
I 06.07/22:31:51 solver.py:159 ] Epoch: [165/200][100/282] lr: 9.22e-05 | MSE loss: 5.0911e-03 | time: 0.038
I 06.07/22:31:52 solver.py:159 ] Epoch: [165/200][120/282] lr: 9.20e-05 | MSE loss: 5.2954e-03 | time: 0.038
I 06.07/22:31:52 solver.py:159 ] Epoch: [165/200][140/282] lr: 9.18e-05 | MSE loss: 5.3365e-03 | time: 0.038
I 06.07/22:31:53 solver.py:159 ] Epoch: [165/200][160/282] lr: 9.17e-05 | MSE loss: 5.2529e-03 | time: 0.038
I 06.07/22:31:54 solver.py:159 ] Epoch: [165/200][180/282] lr: 9.15e-05 | MSE loss: 5.3616e-03 | time: 0.038
I 06.07/22:31:55 solver.py:159 ] Epoch: [165/200][200/282] lr: 9.13e-05 | MSE loss: 5.2272e-03 | time: 0.038
I 06.07/22:31:55 solver.py:159 ] Epoch: [165/200][220/282] lr: 9.12e-05 | MSE loss: 5.1299e-03 | time: 0.038
I 06.07/22:31:56 solver.py:159 ] Epoch: [165/200][240/282] lr: 9.10e-05 | MSE loss: 5.1775e-03 | time: 0.038
I 06.07/22:31:57 solver.py:159 ] Epoch: [165/200][260/282] lr: 9.09e-05 | MSE loss: 5.2747e-03 | time: 0.037
I 06.07/22:31:58 solver.py:159 ] Epoch: [165/200][280/282] lr: 9.07e-05 | MSE loss: 5.2436e-03 | time: 0.038
I 06.07/22:31:58 solver.py:169 ] => Train  Loss: 5.2291e-03

I 06.07/22:31:58 solver.py:405 ] [20/32] loss: 6.3250e-03 | NMSE: -1.8761e+01 | time: 0.030
I 06.07/22:31:59 solver.py:413 ] => Test NMSE: -1.9547e+01

I 06.07/22:31:59 solver.py:345 ] => LoRA monitor [epoch=165] | trainable=67584/67584 | non_lora_trainable=0 | lora_l2=1.551217e+01 | lora_A_l2=1.256395e+01 | lora_B_l2=9.098048e+00 | component_l2=encoder:1.551217e+01 | lora_abs_max=6.938363e-01 | delta_l2=1.554223e+01 | delta_rel=4.736046e+00 | train_loss=5.229141e-03 | test_loss=5.549769e-03 | nmse=-1.954695e+01
I 06.07/22:31:59 solver.py:224 ] 
=! Best NMSE: -1.9550e+01 (epoch=164)

I 06.07/22:32:00 solver.py:159 ] Epoch: [166/200][20/282] lr: 9.05e-05 | MSE loss: 4.6747e-03 | time: 0.040
I 06.07/22:32:01 solver.py:159 ] Epoch: [166/200][40/282] lr: 9.04e-05 | MSE loss: 5.4469e-03 | time: 0.049
I 06.07/22:32:02 solver.py:159 ] Epoch: [166/200][60/282] lr: 9.02e-05 | MSE loss: 5.2567e-03 | time: 0.061
I 06.07/22:32:04 solver.py:159 ] Epoch: [166/200][80/282] lr: 9.01e-05 | MSE loss: 5.0200e-03 | time: 0.068
I 06.07/22:32:05 solver.py:159 ] Epoch: [166/200][100/282] lr: 8.99e-05 | MSE loss: 5.1981e-03 | time: 0.064
I 06.07/22:32:06 solver.py:159 ] Epoch: [166/200][120/282] lr: 8.97e-05 | MSE loss: 5.2217e-03 | time: 0.059
I 06.07/22:32:07 solver.py:159 ] Epoch: [166/200][140/282] lr: 8.96e-05 | MSE loss: 5.1132e-03 | time: 0.056
I 06.07/22:32:07 solver.py:159 ] Epoch: [166/200][160/282] lr: 8.94e-05 | MSE loss: 5.1656e-03 | time: 0.054
I 06.07/22:32:08 solver.py:159 ] Epoch: [166/200][180/282] lr: 8.93e-05 | MSE loss: 5.2547e-03 | time: 0.052
I 06.07/22:32:09 solver.py:159 ] Epoch: [166/200][200/282] lr: 8.91e-05 | MSE loss: 5.2938e-03 | time: 0.050
I 06.07/22:32:10 solver.py:159 ] Epoch: [166/200][220/282] lr: 8.90e-05 | MSE loss: 5.2988e-03 | time: 0.049
I 06.07/22:32:10 solver.py:159 ] Epoch: [166/200][240/282] lr: 8.88e-05 | MSE loss: 5.2627e-03 | time: 0.048
I 06.07/22:32:11 solver.py:159 ] Epoch: [166/200][260/282] lr: 8.86e-05 | MSE loss: 5.2817e-03 | time: 0.048
I 06.07/22:32:12 solver.py:159 ] Epoch: [166/200][280/282] lr: 8.85e-05 | MSE loss: 5.2407e-03 | time: 0.047
I 06.07/22:32:12 solver.py:169 ] => Train  Loss: 5.2294e-03

I 06.07/22:32:13 solver.py:405 ] [20/32] loss: 6.3243e-03 | NMSE: -1.8757e+01 | time: 0.027
I 06.07/22:32:13 solver.py:413 ] => Test NMSE: -1.9548e+01

I 06.07/22:32:13 solver.py:345 ] => LoRA monitor [epoch=166] | trainable=67584/67584 | non_lora_trainable=0 | lora_l2=1.551795e+01 | lora_A_l2=1.256819e+01 | lora_B_l2=9.102048e+00 | component_l2=encoder:1.551795e+01 | lora_abs_max=6.931910e-01 | delta_l2=1.554803e+01 | delta_rel=4.737813e+00 | train_loss=5.229387e-03 | test_loss=5.548302e-03 | nmse=-1.954810e+01
I 06.07/22:32:13 solver.py:224 ] 
=! Best NMSE: -1.9550e+01 (epoch=164)

I 06.07/22:32:14 solver.py:159 ] Epoch: [167/200][20/282] lr: 8.83e-05 | MSE loss: 4.4568e-03 | time: 0.041
I 06.07/22:32:14 solver.py:159 ] Epoch: [167/200][40/282] lr: 8.82e-05 | MSE loss: 4.9045e-03 | time: 0.039
I 06.07/22:32:15 solver.py:159 ] Epoch: [167/200][60/282] lr: 8.80e-05 | MSE loss: 4.9386e-03 | time: 0.038
I 06.07/22:32:16 solver.py:159 ] Epoch: [167/200][80/282] lr: 8.78e-05 | MSE loss: 5.3413e-03 | time: 0.039
I 06.07/22:32:17 solver.py:159 ] Epoch: [167/200][100/282] lr: 8.77e-05 | MSE loss: 5.3233e-03 | time: 0.039
I 06.07/22:32:18 solver.py:159 ] Epoch: [167/200][120/282] lr: 8.75e-05 | MSE loss: 5.2612e-03 | time: 0.038
I 06.07/22:32:18 solver.py:159 ] Epoch: [167/200][140/282] lr: 8.74e-05 | MSE loss: 5.2466e-03 | time: 0.038
I 06.07/22:32:19 solver.py:159 ] Epoch: [167/200][160/282] lr: 8.72e-05 | MSE loss: 5.1860e-03 | time: 0.038
I 06.07/22:32:20 solver.py:159 ] Epoch: [167/200][180/282] lr: 8.71e-05 | MSE loss: 5.2118e-03 | time: 0.038
I 06.07/22:32:21 solver.py:159 ] Epoch: [167/200][200/282] lr: 8.69e-05 | MSE loss: 5.2341e-03 | time: 0.038
I 06.07/22:32:21 solver.py:159 ] Epoch: [167/200][220/282] lr: 8.68e-05 | MSE loss: 5.2384e-03 | time: 0.038
I 06.07/22:32:22 solver.py:159 ] Epoch: [167/200][240/282] lr: 8.66e-05 | MSE loss: 5.2257e-03 | time: 0.038
I 06.07/22:32:23 solver.py:159 ] Epoch: [167/200][260/282] lr: 8.65e-05 | MSE loss: 5.2052e-03 | time: 0.038
I 06.07/22:32:24 solver.py:159 ] Epoch: [167/200][280/282] lr: 8.63e-05 | MSE loss: 5.2407e-03 | time: 0.038
I 06.07/22:32:24 solver.py:169 ] => Train  Loss: 5.2176e-03

I 06.07/22:32:24 solver.py:405 ] [20/32] loss: 6.3320e-03 | NMSE: -1.8746e+01 | time: 0.031
I 06.07/22:32:25 solver.py:413 ] => Test NMSE: -1.9541e+01

I 06.07/22:32:25 solver.py:345 ] => LoRA monitor [epoch=167] | trainable=67584/67584 | non_lora_trainable=0 | lora_l2=1.552132e+01 | lora_A_l2=1.257032e+01 | lora_B_l2=9.104862e+00 | component_l2=encoder:1.552132e+01 | lora_abs_max=6.929395e-01 | delta_l2=1.555155e+01 | delta_rel=4.738885e+00 | train_loss=5.217624e-03 | test_loss=5.557674e-03 | nmse=-1.954077e+01
I 06.07/22:32:25 solver.py:224 ] 
=! Best NMSE: -1.9550e+01 (epoch=164)

I 06.07/22:32:25 solver.py:159 ] Epoch: [168/200][20/282] lr: 8.61e-05 | MSE loss: 4.5958e-03 | time: 0.038
I 06.07/22:32:26 solver.py:159 ] Epoch: [168/200][40/282] lr: 8.60e-05 | MSE loss: 4.7914e-03 | time: 0.038
I 06.07/22:32:27 solver.py:159 ] Epoch: [168/200][60/282] lr: 8.58e-05 | MSE loss: 5.2878e-03 | time: 0.038
I 06.07/22:32:28 solver.py:159 ] Epoch: [168/200][80/282] lr: 8.57e-05 | MSE loss: 5.4049e-03 | time: 0.038
I 06.07/22:32:28 solver.py:159 ] Epoch: [168/200][100/282] lr: 8.55e-05 | MSE loss: 5.3989e-03 | time: 0.038
I 06.07/22:32:29 solver.py:159 ] Epoch: [168/200][120/282] lr: 8.54e-05 | MSE loss: 5.3322e-03 | time: 0.037
I 06.07/22:32:30 solver.py:159 ] Epoch: [168/200][140/282] lr: 8.52e-05 | MSE loss: 5.1967e-03 | time: 0.038
I 06.07/22:32:31 solver.py:159 ] Epoch: [168/200][160/282] lr: 8.51e-05 | MSE loss: 5.2166e-03 | time: 0.037
I 06.07/22:32:31 solver.py:159 ] Epoch: [168/200][180/282] lr: 8.49e-05 | MSE loss: 5.2013e-03 | time: 0.038
I 06.07/22:32:32 solver.py:159 ] Epoch: [168/200][200/282] lr: 8.48e-05 | MSE loss: 5.2135e-03 | time: 0.038
I 06.07/22:32:33 solver.py:159 ] Epoch: [168/200][220/282] lr: 8.46e-05 | MSE loss: 5.1885e-03 | time: 0.038
I 06.07/22:32:34 solver.py:159 ] Epoch: [168/200][240/282] lr: 8.45e-05 | MSE loss: 5.2399e-03 | time: 0.038
I 06.07/22:32:34 solver.py:159 ] Epoch: [168/200][260/282] lr: 8.44e-05 | MSE loss: 5.2663e-03 | time: 0.038
I 06.07/22:32:35 solver.py:159 ] Epoch: [168/200][280/282] lr: 8.42e-05 | MSE loss: 5.2319e-03 | time: 0.038
I 06.07/22:32:35 solver.py:169 ] => Train  Loss: 5.2231e-03

I 06.07/22:32:36 solver.py:405 ] [20/32] loss: 6.3312e-03 | NMSE: -1.8754e+01 | time: 0.028
I 06.07/22:32:36 solver.py:413 ] => Test NMSE: -1.9544e+01

I 06.07/22:32:36 solver.py:345 ] => LoRA monitor [epoch=168] | trainable=67584/67584 | non_lora_trainable=0 | lora_l2=1.552731e+01 | lora_A_l2=1.257466e+01 | lora_B_l2=9.109072e+00 | component_l2=encoder:1.552731e+01 | lora_abs_max=6.924285e-01 | delta_l2=1.555751e+01 | delta_rel=4.740702e+00 | train_loss=5.223061e-03 | test_loss=5.553883e-03 | nmse=-1.954374e+01
I 06.07/22:32:36 solver.py:224 ] 
=! Best NMSE: -1.9550e+01 (epoch=164)

I 06.07/22:32:37 solver.py:159 ] Epoch: [169/200][20/282] lr: 8.40e-05 | MSE loss: 4.2354e-03 | time: 0.037
I 06.07/22:32:38 solver.py:159 ] Epoch: [169/200][40/282] lr: 8.39e-05 | MSE loss: 4.8940e-03 | time: 0.037
I 06.07/22:32:38 solver.py:159 ] Epoch: [169/200][60/282] lr: 8.37e-05 | MSE loss: 4.8247e-03 | time: 0.037
I 06.07/22:32:39 solver.py:159 ] Epoch: [169/200][80/282] lr: 8.36e-05 | MSE loss: 4.8513e-03 | time: 0.038
I 06.07/22:32:40 solver.py:159 ] Epoch: [169/200][100/282] lr: 8.35e-05 | MSE loss: 4.8069e-03 | time: 0.038
I 06.07/22:32:41 solver.py:159 ] Epoch: [169/200][120/282] lr: 8.33e-05 | MSE loss: 5.0794e-03 | time: 0.039
I 06.07/22:32:42 solver.py:159 ] Epoch: [169/200][140/282] lr: 8.32e-05 | MSE loss: 5.0831e-03 | time: 0.039
I 06.07/22:32:42 solver.py:159 ] Epoch: [169/200][160/282] lr: 8.30e-05 | MSE loss: 5.0392e-03 | time: 0.038
I 06.07/22:32:43 solver.py:159 ] Epoch: [169/200][180/282] lr: 8.29e-05 | MSE loss: 5.2656e-03 | time: 0.038
I 06.07/22:32:44 solver.py:159 ] Epoch: [169/200][200/282] lr: 8.27e-05 | MSE loss: 5.2595e-03 | time: 0.038
I 06.07/22:32:45 solver.py:159 ] Epoch: [169/200][220/282] lr: 8.26e-05 | MSE loss: 5.3464e-03 | time: 0.038
I 06.07/22:32:45 solver.py:159 ] Epoch: [169/200][240/282] lr: 8.24e-05 | MSE loss: 5.3111e-03 | time: 0.038
I 06.07/22:32:46 solver.py:159 ] Epoch: [169/200][260/282] lr: 8.23e-05 | MSE loss: 5.2719e-03 | time: 0.038
I 06.07/22:32:47 solver.py:159 ] Epoch: [169/200][280/282] lr: 8.22e-05 | MSE loss: 5.2197e-03 | time: 0.038
I 06.07/22:32:47 solver.py:169 ] => Train  Loss: 5.2260e-03

I 06.07/22:32:48 solver.py:405 ] [20/32] loss: 6.3422e-03 | NMSE: -1.8752e+01 | time: 0.030
I 06.07/22:32:48 solver.py:413 ] => Test NMSE: -1.9538e+01

I 06.07/22:32:48 solver.py:345 ] => LoRA monitor [epoch=169] | trainable=67584/67584 | non_lora_trainable=0 | lora_l2=1.553253e+01 | lora_A_l2=1.257843e+01 | lora_B_l2=9.112765e+00 | component_l2=encoder:1.553253e+01 | lora_abs_max=6.923344e-01 | delta_l2=1.556271e+01 | delta_rel=4.742285e+00 | train_loss=5.225959e-03 | test_loss=5.560664e-03 | nmse=-1.953843e+01
I 06.07/22:32:48 solver.py:224 ] 
=! Best NMSE: -1.9550e+01 (epoch=164)

I 06.07/22:32:49 solver.py:159 ] Epoch: [170/200][20/282] lr: 8.20e-05 | MSE loss: 5.8384e-03 | time: 0.039
I 06.07/22:32:49 solver.py:159 ] Epoch: [170/200][40/282] lr: 8.19e-05 | MSE loss: 5.6624e-03 | time: 0.038
I 06.07/22:32:50 solver.py:159 ] Epoch: [170/200][60/282] lr: 8.17e-05 | MSE loss: 5.4763e-03 | time: 0.037
I 06.07/22:32:51 solver.py:159 ] Epoch: [170/200][80/282] lr: 8.16e-05 | MSE loss: 5.2504e-03 | time: 0.037
I 06.07/22:32:52 solver.py:159 ] Epoch: [170/200][100/282] lr: 8.14e-05 | MSE loss: 5.3612e-03 | time: 0.037
I 06.07/22:32:52 solver.py:159 ] Epoch: [170/200][120/282] lr: 8.13e-05 | MSE loss: 5.3183e-03 | time: 0.037
I 06.07/22:32:53 solver.py:159 ] Epoch: [170/200][140/282] lr: 8.11e-05 | MSE loss: 5.3768e-03 | time: 0.037
I 06.07/22:32:54 solver.py:159 ] Epoch: [170/200][160/282] lr: 8.10e-05 | MSE loss: 5.3176e-03 | time: 0.038
I 06.07/22:32:55 solver.py:159 ] Epoch: [170/200][180/282] lr: 8.09e-05 | MSE loss: 5.3981e-03 | time: 0.037
I 06.07/22:32:55 solver.py:159 ] Epoch: [170/200][200/282] lr: 8.07e-05 | MSE loss: 5.3325e-03 | time: 0.037
I 06.07/22:32:56 solver.py:159 ] Epoch: [170/200][220/282] lr: 8.06e-05 | MSE loss: 5.2046e-03 | time: 0.037
I 06.07/22:32:57 solver.py:159 ] Epoch: [170/200][240/282] lr: 8.04e-05 | MSE loss: 5.2535e-03 | time: 0.037
I 06.07/22:32:58 solver.py:159 ] Epoch: [170/200][260/282] lr: 8.03e-05 | MSE loss: 5.2693e-03 | time: 0.037
I 06.07/22:32:58 solver.py:159 ] Epoch: [170/200][280/282] lr: 8.02e-05 | MSE loss: 5.2204e-03 | time: 0.037
I 06.07/22:32:58 solver.py:169 ] => Train  Loss: 5.2500e-03

I 06.07/22:32:59 solver.py:159 ] Epoch: [170/200][20/32] lr: 8.01e-05 | MSE loss: 6.3274e-03 | time: 0.027
I 06.07/22:32:59 solver.py:169 ] => Val  Loss: 5.4571e-03

I 06.07/22:33:00 solver.py:405 ] [20/32] loss: 6.3274e-03 | NMSE: -1.8757e+01 | time: 0.030
I 06.07/22:33:00 solver.py:413 ] => Test NMSE: -1.9547e+01

I 06.07/22:33:00 solver.py:345 ] => LoRA monitor [epoch=170] | trainable=67584/67584 | non_lora_trainable=0 | lora_l2=1.553720e+01 | lora_A_l2=1.258209e+01 | lora_B_l2=9.115680e+00 | component_l2=encoder:1.553720e+01 | lora_abs_max=6.920336e-01 | delta_l2=1.556749e+01 | delta_rel=4.743742e+00 | train_loss=5.249951e-03 | val_loss=5.457140e-03 | test_loss=5.549249e-03 | nmse=-1.954736e+01
I 06.07/22:33:00 solver.py:224 ] 
=! Best NMSE: -1.9550e+01 (epoch=164)

I 06.07/22:33:02 solver.py:159 ] Epoch: [171/200][20/282] lr: 8.00e-05 | MSE loss: 5.5071e-03 | time: 0.091
I 06.07/22:33:04 solver.py:159 ] Epoch: [171/200][40/282] lr: 7.99e-05 | MSE loss: 5.1265e-03 | time: 0.081
I 06.07/22:33:05 solver.py:159 ] Epoch: [171/200][60/282] lr: 7.97e-05 | MSE loss: 5.5123e-03 | time: 0.073
I 06.07/22:33:06 solver.py:159 ] Epoch: [171/200][80/282] lr: 7.96e-05 | MSE loss: 5.2705e-03 | time: 0.065
I 06.07/22:33:06 solver.py:159 ] Epoch: [171/200][100/282] lr: 7.95e-05 | MSE loss: 5.1217e-03 | time: 0.059
I 06.07/22:33:07 solver.py:159 ] Epoch: [171/200][120/282] lr: 7.93e-05 | MSE loss: 5.0834e-03 | time: 0.056
I 06.07/22:33:08 solver.py:159 ] Epoch: [171/200][140/282] lr: 7.92e-05 | MSE loss: 5.3717e-03 | time: 0.053
I 06.07/22:33:08 solver.py:159 ] Epoch: [171/200][160/282] lr: 7.90e-05 | MSE loss: 5.3812e-03 | time: 0.051
I 06.07/22:33:09 solver.py:159 ] Epoch: [171/200][180/282] lr: 7.89e-05 | MSE loss: 5.1983e-03 | time: 0.049
I 06.07/22:33:10 solver.py:159 ] Epoch: [171/200][200/282] lr: 7.88e-05 | MSE loss: 5.3427e-03 | time: 0.048
I 06.07/22:33:11 solver.py:159 ] Epoch: [171/200][220/282] lr: 7.86e-05 | MSE loss: 5.3408e-03 | time: 0.047
I 06.07/22:33:11 solver.py:159 ] Epoch: [171/200][240/282] lr: 7.85e-05 | MSE loss: 5.3496e-03 | time: 0.046
I 06.07/22:33:12 solver.py:159 ] Epoch: [171/200][260/282] lr: 7.84e-05 | MSE loss: 5.3332e-03 | time: 0.045
I 06.07/22:33:13 solver.py:159 ] Epoch: [171/200][280/282] lr: 7.82e-05 | MSE loss: 5.2294e-03 | time: 0.045
I 06.07/22:33:13 solver.py:169 ] => Train  Loss: 5.2279e-03

I 06.07/22:33:14 solver.py:405 ] [20/32] loss: 6.3336e-03 | NMSE: -1.8754e+01 | time: 0.029
I 06.07/22:33:14 solver.py:413 ] => Test NMSE: -1.9541e+01

I 06.07/22:33:14 solver.py:345 ] => LoRA monitor [epoch=171] | trainable=67584/67584 | non_lora_trainable=0 | lora_l2=1.554061e+01 | lora_A_l2=1.258426e+01 | lora_B_l2=9.118489e+00 | component_l2=encoder:1.554061e+01 | lora_abs_max=6.915648e-01 | delta_l2=1.557101e+01 | delta_rel=4.744816e+00 | train_loss=5.227915e-03 | test_loss=5.557677e-03 | nmse=-1.954077e+01
I 06.07/22:33:14 solver.py:224 ] 
=! Best NMSE: -1.9550e+01 (epoch=164)

I 06.07/22:33:15 solver.py:159 ] Epoch: [172/200][20/282] lr: 7.81e-05 | MSE loss: 4.9932e-03 | time: 0.039
I 06.07/22:33:15 solver.py:159 ] Epoch: [172/200][40/282] lr: 7.79e-05 | MSE loss: 5.6492e-03 | time: 0.038
I 06.07/22:33:16 solver.py:159 ] Epoch: [172/200][60/282] lr: 7.78e-05 | MSE loss: 5.5909e-03 | time: 0.038
I 06.07/22:33:17 solver.py:159 ] Epoch: [172/200][80/282] lr: 7.77e-05 | MSE loss: 5.3169e-03 | time: 0.037
I 06.07/22:33:18 solver.py:159 ] Epoch: [172/200][100/282] lr: 7.75e-05 | MSE loss: 5.2763e-03 | time: 0.037
I 06.07/22:33:18 solver.py:159 ] Epoch: [172/200][120/282] lr: 7.74e-05 | MSE loss: 5.2098e-03 | time: 0.037
I 06.07/22:33:19 solver.py:159 ] Epoch: [172/200][140/282] lr: 7.73e-05 | MSE loss: 5.1714e-03 | time: 0.037
I 06.07/22:33:20 solver.py:159 ] Epoch: [172/200][160/282] lr: 7.71e-05 | MSE loss: 5.1819e-03 | time: 0.037
I 06.07/22:33:21 solver.py:159 ] Epoch: [172/200][180/282] lr: 7.70e-05 | MSE loss: 5.2128e-03 | time: 0.037
I 06.07/22:33:21 solver.py:159 ] Epoch: [172/200][200/282] lr: 7.69e-05 | MSE loss: 5.2008e-03 | time: 0.037
I 06.07/22:33:22 solver.py:159 ] Epoch: [172/200][220/282] lr: 7.67e-05 | MSE loss: 5.1736e-03 | time: 0.037
I 06.07/22:33:23 solver.py:159 ] Epoch: [172/200][240/282] lr: 7.66e-05 | MSE loss: 5.2622e-03 | time: 0.037
I 06.07/22:33:24 solver.py:159 ] Epoch: [172/200][260/282] lr: 7.65e-05 | MSE loss: 5.1786e-03 | time: 0.037
I 06.07/22:33:24 solver.py:159 ] Epoch: [172/200][280/282] lr: 7.63e-05 | MSE loss: 5.2346e-03 | time: 0.037
I 06.07/22:33:24 solver.py:169 ] => Train  Loss: 5.2119e-03

I 06.07/22:33:25 solver.py:405 ] [20/32] loss: 6.3190e-03 | NMSE: -1.8762e+01 | time: 0.031
I 06.07/22:33:25 solver.py:413 ] => Test NMSE: -1.9550e+01

I 06.07/22:33:25 solver.py:345 ] => LoRA monitor [epoch=172] | trainable=67584/67584 | non_lora_trainable=0 | lora_l2=1.554550e+01 | lora_A_l2=1.258780e+01 | lora_B_l2=9.121939e+00 | component_l2=encoder:1.554550e+01 | lora_abs_max=6.913859e-01 | delta_l2=1.557594e+01 | delta_rel=4.746318e+00 | train_loss=5.211879e-03 | test_loss=5.545366e-03 | nmse=-1.955040e+01
I 06.07/22:33:26 solver.py:224 ] 
=! Best NMSE: -1.9550e+01 (epoch=172)

I 06.07/22:33:26 solver.py:159 ] Epoch: [173/200][20/282] lr: 7.62e-05 | MSE loss: 4.1847e-03 | time: 0.041
I 06.07/22:33:27 solver.py:159 ] Epoch: [173/200][40/282] lr: 7.61e-05 | MSE loss: 5.0940e-03 | time: 0.039
I 06.07/22:33:28 solver.py:159 ] Epoch: [173/200][60/282] lr: 7.59e-05 | MSE loss: 5.0083e-03 | time: 0.039
I 06.07/22:33:29 solver.py:159 ] Epoch: [173/200][80/282] lr: 7.58e-05 | MSE loss: 5.2614e-03 | time: 0.038
I 06.07/22:33:29 solver.py:159 ] Epoch: [173/200][100/282] lr: 7.57e-05 | MSE loss: 5.1127e-03 | time: 0.038
I 06.07/22:33:30 solver.py:159 ] Epoch: [173/200][120/282] lr: 7.56e-05 | MSE loss: 5.1700e-03 | time: 0.038
I 06.07/22:33:31 solver.py:159 ] Epoch: [173/200][140/282] lr: 7.54e-05 | MSE loss: 5.1232e-03 | time: 0.038
I 06.07/22:33:32 solver.py:159 ] Epoch: [173/200][160/282] lr: 7.53e-05 | MSE loss: 5.2276e-03 | time: 0.037
I 06.07/22:33:32 solver.py:159 ] Epoch: [173/200][180/282] lr: 7.52e-05 | MSE loss: 5.2179e-03 | time: 0.037
I 06.07/22:33:33 solver.py:159 ] Epoch: [173/200][200/282] lr: 7.50e-05 | MSE loss: 5.1818e-03 | time: 0.037
I 06.07/22:33:34 solver.py:159 ] Epoch: [173/200][220/282] lr: 7.49e-05 | MSE loss: 5.1743e-03 | time: 0.037
I 06.07/22:33:34 solver.py:159 ] Epoch: [173/200][240/282] lr: 7.48e-05 | MSE loss: 5.1988e-03 | time: 0.037
I 06.07/22:33:35 solver.py:159 ] Epoch: [173/200][260/282] lr: 7.47e-05 | MSE loss: 5.2004e-03 | time: 0.037
I 06.07/22:33:36 solver.py:159 ] Epoch: [173/200][280/282] lr: 7.45e-05 | MSE loss: 5.2249e-03 | time: 0.037
I 06.07/22:33:36 solver.py:169 ] => Train  Loss: 5.2103e-03

I 06.07/22:33:37 solver.py:405 ] [20/32] loss: 6.3190e-03 | NMSE: -1.8758e+01 | time: 0.030
I 06.07/22:33:37 solver.py:413 ] => Test NMSE: -1.9551e+01

I 06.07/22:33:37 solver.py:345 ] => LoRA monitor [epoch=173] | trainable=67584/67584 | non_lora_trainable=0 | lora_l2=1.554916e+01 | lora_A_l2=1.259028e+01 | lora_B_l2=9.124760e+00 | component_l2=encoder:1.554916e+01 | lora_abs_max=6.910952e-01 | delta_l2=1.557965e+01 | delta_rel=4.747447e+00 | train_loss=5.210266e-03 | test_loss=5.545183e-03 | nmse=-1.955054e+01
I 06.07/22:33:37 solver.py:224 ] 
=! Best NMSE: -1.9551e+01 (epoch=173)

I 06.07/22:33:38 solver.py:159 ] Epoch: [174/200][20/282] lr: 7.44e-05 | MSE loss: 5.0805e-03 | time: 0.039
I 06.07/22:33:39 solver.py:159 ] Epoch: [174/200][40/282] lr: 7.43e-05 | MSE loss: 4.4322e-03 | time: 0.039
I 06.07/22:33:40 solver.py:159 ] Epoch: [174/200][60/282] lr: 7.41e-05 | MSE loss: 4.5207e-03 | time: 0.039
I 06.07/22:33:40 solver.py:159 ] Epoch: [174/200][80/282] lr: 7.40e-05 | MSE loss: 4.4637e-03 | time: 0.039
I 06.07/22:33:41 solver.py:159 ] Epoch: [174/200][100/282] lr: 7.39e-05 | MSE loss: 4.5670e-03 | time: 0.039
I 06.07/22:33:42 solver.py:159 ] Epoch: [174/200][120/282] lr: 7.38e-05 | MSE loss: 4.8025e-03 | time: 0.039
I 06.07/22:33:43 solver.py:159 ] Epoch: [174/200][140/282] lr: 7.36e-05 | MSE loss: 4.9048e-03 | time: 0.039
I 06.07/22:33:43 solver.py:159 ] Epoch: [174/200][160/282] lr: 7.35e-05 | MSE loss: 4.9457e-03 | time: 0.039
I 06.07/22:33:44 solver.py:159 ] Epoch: [174/200][180/282] lr: 7.34e-05 | MSE loss: 4.8948e-03 | time: 0.039
I 06.07/22:33:45 solver.py:159 ] Epoch: [174/200][200/282] lr: 7.33e-05 | MSE loss: 5.0678e-03 | time: 0.039
I 06.07/22:33:46 solver.py:159 ] Epoch: [174/200][220/282] lr: 7.32e-05 | MSE loss: 5.0381e-03 | time: 0.039
I 06.07/22:33:47 solver.py:159 ] Epoch: [174/200][240/282] lr: 7.30e-05 | MSE loss: 5.1285e-03 | time: 0.039
I 06.07/22:33:47 solver.py:159 ] Epoch: [174/200][260/282] lr: 7.29e-05 | MSE loss: 5.1956e-03 | time: 0.039
I 06.07/22:33:48 solver.py:159 ] Epoch: [174/200][280/282] lr: 7.28e-05 | MSE loss: 5.2242e-03 | time: 0.039
I 06.07/22:33:48 solver.py:169 ] => Train  Loss: 5.2128e-03

I 06.07/22:33:49 solver.py:405 ] [20/32] loss: 6.3203e-03 | NMSE: -1.8755e+01 | time: 0.033
I 06.07/22:33:49 solver.py:413 ] => Test NMSE: -1.9552e+01

I 06.07/22:33:49 solver.py:345 ] => LoRA monitor [epoch=174] | trainable=67584/67584 | non_lora_trainable=0 | lora_l2=1.555308e+01 | lora_A_l2=1.259322e+01 | lora_B_l2=9.127387e+00 | component_l2=encoder:1.555308e+01 | lora_abs_max=6.908712e-01 | delta_l2=1.558367e+01 | delta_rel=4.748672e+00 | train_loss=5.212751e-03 | test_loss=5.543938e-03 | nmse=-1.955152e+01
I 06.07/22:33:49 solver.py:224 ] 
=! Best NMSE: -1.9552e+01 (epoch=174)

I 06.07/22:33:50 solver.py:159 ] Epoch: [175/200][20/282] lr: 7.26e-05 | MSE loss: 4.4114e-03 | time: 0.040
I 06.07/22:33:51 solver.py:159 ] Epoch: [175/200][40/282] lr: 7.25e-05 | MSE loss: 4.5610e-03 | time: 0.040
I 06.07/22:33:52 solver.py:159 ] Epoch: [175/200][60/282] lr: 7.24e-05 | MSE loss: 4.6669e-03 | time: 0.040
I 06.07/22:33:53 solver.py:159 ] Epoch: [175/200][80/282] lr: 7.23e-05 | MSE loss: 4.7315e-03 | time: 0.039
I 06.07/22:33:53 solver.py:159 ] Epoch: [175/200][100/282] lr: 7.22e-05 | MSE loss: 4.7741e-03 | time: 0.039
I 06.07/22:33:54 solver.py:159 ] Epoch: [175/200][120/282] lr: 7.20e-05 | MSE loss: 4.8484e-03 | time: 0.039
I 06.07/22:33:55 solver.py:159 ] Epoch: [175/200][140/282] lr: 7.19e-05 | MSE loss: 4.8473e-03 | time: 0.039
I 06.07/22:33:56 solver.py:159 ] Epoch: [175/200][160/282] lr: 7.18e-05 | MSE loss: 4.9844e-03 | time: 0.039
I 06.07/22:33:56 solver.py:159 ] Epoch: [175/200][180/282] lr: 7.17e-05 | MSE loss: 5.0834e-03 | time: 0.039
I 06.07/22:33:57 solver.py:159 ] Epoch: [175/200][200/282] lr: 7.16e-05 | MSE loss: 5.0902e-03 | time: 0.039
I 06.07/22:33:58 solver.py:159 ] Epoch: [175/200][220/282] lr: 7.14e-05 | MSE loss: 5.0387e-03 | time: 0.038
I 06.07/22:33:59 solver.py:159 ] Epoch: [175/200][240/282] lr: 7.13e-05 | MSE loss: 5.3399e-03 | time: 0.038
I 06.07/22:33:59 solver.py:159 ] Epoch: [175/200][260/282] lr: 7.12e-05 | MSE loss: 5.3292e-03 | time: 0.038
I 06.07/22:34:00 solver.py:159 ] Epoch: [175/200][280/282] lr: 7.11e-05 | MSE loss: 5.2390e-03 | time: 0.039
I 06.07/22:34:00 solver.py:169 ] => Train  Loss: 5.2140e-03

I 06.07/22:34:02 solver.py:405 ] [20/32] loss: 6.3205e-03 | NMSE: -1.8760e+01 | time: 0.057
I 06.07/22:34:02 solver.py:413 ] => Test NMSE: -1.9552e+01

I 06.07/22:34:02 solver.py:345 ] => LoRA monitor [epoch=175] | trainable=67584/67584 | non_lora_trainable=0 | lora_l2=1.555768e+01 | lora_A_l2=1.259654e+01 | lora_B_l2=9.130633e+00 | component_l2=encoder:1.555768e+01 | lora_abs_max=6.905997e-01 | delta_l2=1.558826e+01 | delta_rel=4.750071e+00 | train_loss=5.214011e-03 | test_loss=5.543734e-03 | nmse=-1.955168e+01
I 06.07/22:34:03 solver.py:224 ] 
=! Best NMSE: -1.9552e+01 (epoch=175)

I 06.07/22:34:05 solver.py:159 ] Epoch: [176/200][20/282] lr: 7.10e-05 | MSE loss: 4.1693e-03 | time: 0.089
I 06.07/22:34:05 solver.py:159 ] Epoch: [176/200][40/282] lr: 7.08e-05 | MSE loss: 4.4902e-03 | time: 0.064
I 06.07/22:34:06 solver.py:159 ] Epoch: [176/200][60/282] lr: 7.07e-05 | MSE loss: 4.3822e-03 | time: 0.056
I 06.07/22:34:07 solver.py:159 ] Epoch: [176/200][80/282] lr: 7.06e-05 | MSE loss: 4.6390e-03 | time: 0.052
I 06.07/22:34:08 solver.py:159 ] Epoch: [176/200][100/282] lr: 7.05e-05 | MSE loss: 4.7955e-03 | time: 0.050
I 06.07/22:34:09 solver.py:159 ] Epoch: [176/200][120/282] lr: 7.04e-05 | MSE loss: 4.8740e-03 | time: 0.048
I 06.07/22:34:09 solver.py:159 ] Epoch: [176/200][140/282] lr: 7.03e-05 | MSE loss: 4.9241e-03 | time: 0.046
I 06.07/22:34:10 solver.py:159 ] Epoch: [176/200][160/282] lr: 7.01e-05 | MSE loss: 4.9988e-03 | time: 0.045
I 06.07/22:34:11 solver.py:159 ] Epoch: [176/200][180/282] lr: 7.00e-05 | MSE loss: 5.1175e-03 | time: 0.044
I 06.07/22:34:11 solver.py:159 ] Epoch: [176/200][200/282] lr: 6.99e-05 | MSE loss: 5.2380e-03 | time: 0.043
I 06.07/22:34:12 solver.py:159 ] Epoch: [176/200][220/282] lr: 6.98e-05 | MSE loss: 5.3415e-03 | time: 0.043
I 06.07/22:34:13 solver.py:159 ] Epoch: [176/200][240/282] lr: 6.97e-05 | MSE loss: 5.2976e-03 | time: 0.042
I 06.07/22:34:14 solver.py:159 ] Epoch: [176/200][260/282] lr: 6.96e-05 | MSE loss: 5.2531e-03 | time: 0.042
I 06.07/22:34:14 solver.py:159 ] Epoch: [176/200][280/282] lr: 6.95e-05 | MSE loss: 5.2158e-03 | time: 0.041
I 06.07/22:34:14 solver.py:169 ] => Train  Loss: 5.2150e-03

I 06.07/22:34:15 solver.py:405 ] [20/32] loss: 6.3123e-03 | NMSE: -1.8763e+01 | time: 0.032
I 06.07/22:34:15 solver.py:413 ] => Test NMSE: -1.9553e+01

I 06.07/22:34:15 solver.py:345 ] => LoRA monitor [epoch=176] | trainable=67584/67584 | non_lora_trainable=0 | lora_l2=1.556062e+01 | lora_A_l2=1.259859e+01 | lora_B_l2=9.132813e+00 | component_l2=encoder:1.556062e+01 | lora_abs_max=6.902518e-01 | delta_l2=1.559135e+01 | delta_rel=4.751014e+00 | train_loss=5.215030e-03 | test_loss=5.542188e-03 | nmse=-1.955289e+01
I 06.07/22:34:16 solver.py:224 ] 
=! Best NMSE: -1.9553e+01 (epoch=176)

I 06.07/22:34:16 solver.py:159 ] Epoch: [177/200][20/282] lr: 6.93e-05 | MSE loss: 6.1540e-03 | time: 0.036
I 06.07/22:34:17 solver.py:159 ] Epoch: [177/200][40/282] lr: 6.92e-05 | MSE loss: 5.6249e-03 | time: 0.038
I 06.07/22:34:18 solver.py:159 ] Epoch: [177/200][60/282] lr: 6.91e-05 | MSE loss: 5.6187e-03 | time: 0.039
I 06.07/22:34:19 solver.py:159 ] Epoch: [177/200][80/282] lr: 6.90e-05 | MSE loss: 5.2450e-03 | time: 0.038
I 06.07/22:34:20 solver.py:159 ] Epoch: [177/200][100/282] lr: 6.89e-05 | MSE loss: 5.2843e-03 | time: 0.038
I 06.07/22:34:20 solver.py:159 ] Epoch: [177/200][120/282] lr: 6.88e-05 | MSE loss: 4.9839e-03 | time: 0.038
I 06.07/22:34:21 solver.py:159 ] Epoch: [177/200][140/282] lr: 6.87e-05 | MSE loss: 5.1275e-03 | time: 0.038
I 06.07/22:34:22 solver.py:159 ] Epoch: [177/200][160/282] lr: 6.86e-05 | MSE loss: 5.2446e-03 | time: 0.038
I 06.07/22:34:23 solver.py:159 ] Epoch: [177/200][180/282] lr: 6.84e-05 | MSE loss: 5.2654e-03 | time: 0.038
I 06.07/22:34:23 solver.py:159 ] Epoch: [177/200][200/282] lr: 6.83e-05 | MSE loss: 5.2401e-03 | time: 0.038
I 06.07/22:34:24 solver.py:159 ] Epoch: [177/200][220/282] lr: 6.82e-05 | MSE loss: 5.2925e-03 | time: 0.038
I 06.07/22:34:25 solver.py:159 ] Epoch: [177/200][240/282] lr: 6.81e-05 | MSE loss: 5.2157e-03 | time: 0.038
I 06.07/22:34:26 solver.py:159 ] Epoch: [177/200][260/282] lr: 6.80e-05 | MSE loss: 5.1769e-03 | time: 0.038
I 06.07/22:34:26 solver.py:159 ] Epoch: [177/200][280/282] lr: 6.79e-05 | MSE loss: 5.2154e-03 | time: 0.038
I 06.07/22:34:26 solver.py:169 ] => Train  Loss: 5.2109e-03

I 06.07/22:34:27 solver.py:405 ] [20/32] loss: 6.3312e-03 | NMSE: -1.8753e+01 | time: 0.033
I 06.07/22:34:28 solver.py:413 ] => Test NMSE: -1.9543e+01

I 06.07/22:34:28 solver.py:345 ] => LoRA monitor [epoch=177] | trainable=67584/67584 | non_lora_trainable=0 | lora_l2=1.556460e+01 | lora_A_l2=1.260163e+01 | lora_B_l2=9.135411e+00 | component_l2=encoder:1.556460e+01 | lora_abs_max=6.900899e-01 | delta_l2=1.559531e+01 | delta_rel=4.752219e+00 | train_loss=5.210891e-03 | test_loss=5.554407e-03 | nmse=-1.954332e+01
I 06.07/22:34:28 solver.py:224 ] 
=! Best NMSE: -1.9553e+01 (epoch=176)

I 06.07/22:34:28 solver.py:159 ] Epoch: [178/200][20/282] lr: 6.78e-05 | MSE loss: 3.5560e-03 | time: 0.038
I 06.07/22:34:29 solver.py:159 ] Epoch: [178/200][40/282] lr: 6.77e-05 | MSE loss: 4.5169e-03 | time: 0.040
I 06.07/22:34:30 solver.py:159 ] Epoch: [178/200][60/282] lr: 6.76e-05 | MSE loss: 4.6004e-03 | time: 0.040
I 06.07/22:34:31 solver.py:159 ] Epoch: [178/200][80/282] lr: 6.75e-05 | MSE loss: 4.7325e-03 | time: 0.038
I 06.07/22:34:31 solver.py:159 ] Epoch: [178/200][100/282] lr: 6.73e-05 | MSE loss: 4.9002e-03 | time: 0.038
I 06.07/22:34:32 solver.py:159 ] Epoch: [178/200][120/282] lr: 6.72e-05 | MSE loss: 5.0003e-03 | time: 0.038
I 06.07/22:34:33 solver.py:159 ] Epoch: [178/200][140/282] lr: 6.71e-05 | MSE loss: 5.0899e-03 | time: 0.038
I 06.07/22:34:34 solver.py:159 ] Epoch: [178/200][160/282] lr: 6.70e-05 | MSE loss: 5.0190e-03 | time: 0.038
I 06.07/22:34:34 solver.py:159 ] Epoch: [178/200][180/282] lr: 6.69e-05 | MSE loss: 4.9724e-03 | time: 0.038
I 06.07/22:34:35 solver.py:159 ] Epoch: [178/200][200/282] lr: 6.68e-05 | MSE loss: 4.9728e-03 | time: 0.037
I 06.07/22:34:36 solver.py:159 ] Epoch: [178/200][220/282] lr: 6.67e-05 | MSE loss: 5.0602e-03 | time: 0.038
I 06.07/22:34:37 solver.py:159 ] Epoch: [178/200][240/282] lr: 6.66e-05 | MSE loss: 5.1744e-03 | time: 0.038
I 06.07/22:34:37 solver.py:159 ] Epoch: [178/200][260/282] lr: 6.65e-05 | MSE loss: 5.2261e-03 | time: 0.038
I 06.07/22:34:38 solver.py:159 ] Epoch: [178/200][280/282] lr: 6.64e-05 | MSE loss: 5.2211e-03 | time: 0.038
I 06.07/22:34:38 solver.py:169 ] => Train  Loss: 5.2308e-03

I 06.07/22:34:39 solver.py:405 ] [20/32] loss: 6.3121e-03 | NMSE: -1.8765e+01 | time: 0.034
I 06.07/22:34:39 solver.py:413 ] => Test NMSE: -1.9556e+01

I 06.07/22:34:39 solver.py:345 ] => LoRA monitor [epoch=178] | trainable=67584/67584 | non_lora_trainable=0 | lora_l2=1.556884e+01 | lora_A_l2=1.260453e+01 | lora_B_l2=9.138628e+00 | component_l2=encoder:1.556884e+01 | lora_abs_max=6.896736e-01 | delta_l2=1.559956e+01 | delta_rel=4.753515e+00 | train_loss=5.230775e-03 | test_loss=5.538033e-03 | nmse=-1.955614e+01
I 06.07/22:34:40 solver.py:224 ] 
=! Best NMSE: -1.9556e+01 (epoch=178)

I 06.07/22:34:40 solver.py:159 ] Epoch: [179/200][20/282] lr: 6.63e-05 | MSE loss: 5.8568e-03 | time: 0.041
I 06.07/22:34:41 solver.py:159 ] Epoch: [179/200][40/282] lr: 6.62e-05 | MSE loss: 5.6425e-03 | time: 0.039
I 06.07/22:34:42 solver.py:159 ] Epoch: [179/200][60/282] lr: 6.61e-05 | MSE loss: 5.4277e-03 | time: 0.038
I 06.07/22:34:43 solver.py:159 ] Epoch: [179/200][80/282] lr: 6.60e-05 | MSE loss: 5.2119e-03 | time: 0.037
I 06.07/22:34:43 solver.py:159 ] Epoch: [179/200][100/282] lr: 6.59e-05 | MSE loss: 5.3527e-03 | time: 0.036
I 06.07/22:34:44 solver.py:159 ] Epoch: [179/200][120/282] lr: 6.58e-05 | MSE loss: 5.1879e-03 | time: 0.037
I 06.07/22:34:45 solver.py:159 ] Epoch: [179/200][140/282] lr: 6.57e-05 | MSE loss: 5.0688e-03 | time: 0.037
I 06.07/22:34:45 solver.py:159 ] Epoch: [179/200][160/282] lr: 6.56e-05 | MSE loss: 5.2480e-03 | time: 0.037
I 06.07/22:34:46 solver.py:159 ] Epoch: [179/200][180/282] lr: 6.55e-05 | MSE loss: 5.3513e-03 | time: 0.037
I 06.07/22:34:47 solver.py:159 ] Epoch: [179/200][200/282] lr: 6.54e-05 | MSE loss: 5.2763e-03 | time: 0.037
I 06.07/22:34:48 solver.py:159 ] Epoch: [179/200][220/282] lr: 6.53e-05 | MSE loss: 5.3229e-03 | time: 0.037
I 06.07/22:34:48 solver.py:159 ] Epoch: [179/200][240/282] lr: 6.52e-05 | MSE loss: 5.1993e-03 | time: 0.037
I 06.07/22:34:49 solver.py:159 ] Epoch: [179/200][260/282] lr: 6.51e-05 | MSE loss: 5.1888e-03 | time: 0.037
I 06.07/22:34:50 solver.py:159 ] Epoch: [179/200][280/282] lr: 6.50e-05 | MSE loss: 5.2168e-03 | time: 0.037
I 06.07/22:34:50 solver.py:169 ] => Train  Loss: 5.2261e-03

I 06.07/22:34:51 solver.py:405 ] [20/32] loss: 6.3271e-03 | NMSE: -1.8760e+01 | time: 0.032
I 06.07/22:34:51 solver.py:413 ] => Test NMSE: -1.9547e+01

I 06.07/22:34:51 solver.py:345 ] => LoRA monitor [epoch=179] | trainable=67584/67584 | non_lora_trainable=0 | lora_l2=1.557091e+01 | lora_A_l2=1.260580e+01 | lora_B_l2=9.140414e+00 | component_l2=encoder:1.557091e+01 | lora_abs_max=6.894097e-01 | delta_l2=1.560171e+01 | delta_rel=4.754169e+00 | train_loss=5.226102e-03 | test_loss=5.549310e-03 | nmse=-1.954731e+01
I 06.07/22:34:51 solver.py:224 ] 
=! Best NMSE: -1.9556e+01 (epoch=178)

I 06.07/22:34:52 solver.py:159 ] Epoch: [180/200][20/282] lr: 6.48e-05 | MSE loss: 5.8117e-03 | time: 0.039
I 06.07/22:34:53 solver.py:159 ] Epoch: [180/200][40/282] lr: 6.47e-05 | MSE loss: 4.9404e-03 | time: 0.038
I 06.07/22:34:53 solver.py:159 ] Epoch: [180/200][60/282] lr: 6.46e-05 | MSE loss: 5.1929e-03 | time: 0.038
I 06.07/22:34:54 solver.py:159 ] Epoch: [180/200][80/282] lr: 6.45e-05 | MSE loss: 5.2819e-03 | time: 0.038
I 06.07/22:34:55 solver.py:159 ] Epoch: [180/200][100/282] lr: 6.44e-05 | MSE loss: 5.2755e-03 | time: 0.038
I 06.07/22:34:56 solver.py:159 ] Epoch: [180/200][120/282] lr: 6.44e-05 | MSE loss: 5.3093e-03 | time: 0.038
I 06.07/22:34:56 solver.py:159 ] Epoch: [180/200][140/282] lr: 6.43e-05 | MSE loss: 5.4282e-03 | time: 0.039
I 06.07/22:34:57 solver.py:159 ] Epoch: [180/200][160/282] lr: 6.42e-05 | MSE loss: 5.2899e-03 | time: 0.038
I 06.07/22:34:58 solver.py:159 ] Epoch: [180/200][180/282] lr: 6.41e-05 | MSE loss: 5.3287e-03 | time: 0.038
I 06.07/22:34:59 solver.py:159 ] Epoch: [180/200][200/282] lr: 6.40e-05 | MSE loss: 5.4001e-03 | time: 0.038
I 06.07/22:34:59 solver.py:159 ] Epoch: [180/200][220/282] lr: 6.39e-05 | MSE loss: 5.4119e-03 | time: 0.038
I 06.07/22:35:00 solver.py:159 ] Epoch: [180/200][240/282] lr: 6.38e-05 | MSE loss: 5.2335e-03 | time: 0.039
I 06.07/22:35:02 solver.py:159 ] Epoch: [180/200][260/282] lr: 6.37e-05 | MSE loss: 5.3043e-03 | time: 0.042
I 06.07/22:35:04 solver.py:159 ] Epoch: [180/200][280/282] lr: 6.36e-05 | MSE loss: 5.2208e-03 | time: 0.046
I 06.07/22:35:04 solver.py:169 ] => Train  Loss: 5.2605e-03

I 06.07/22:35:05 solver.py:159 ] Epoch: [180/200][20/32] lr: 6.36e-05 | MSE loss: 6.3160e-03 | time: 0.044
I 06.07/22:35:05 solver.py:169 ] => Val  Loss: 5.4501e-03

I 06.07/22:35:06 solver.py:405 ] [20/32] loss: 6.3160e-03 | NMSE: -1.8763e+01 | time: 0.029
I 06.07/22:35:06 solver.py:413 ] => Test NMSE: -1.9553e+01

I 06.07/22:35:06 solver.py:345 ] => LoRA monitor [epoch=180] | trainable=67584/67584 | non_lora_trainable=0 | lora_l2=1.557514e+01 | lora_A_l2=1.260910e+01 | lora_B_l2=9.143048e+00 | component_l2=encoder:1.557514e+01 | lora_abs_max=6.894791e-01 | delta_l2=1.560594e+01 | delta_rel=4.755459e+00 | train_loss=5.260468e-03 | val_loss=5.450125e-03 | test_loss=5.542073e-03 | nmse=-1.955298e+01
I 06.07/22:35:06 solver.py:224 ] 
=! Best NMSE: -1.9556e+01 (epoch=178)

I 06.07/22:35:07 solver.py:159 ] Epoch: [181/200][20/282] lr: 6.35e-05 | MSE loss: 5.5865e-03 | time: 0.039
I 06.07/22:35:08 solver.py:159 ] Epoch: [181/200][40/282] lr: 6.34e-05 | MSE loss: 5.2809e-03 | time: 0.038
I 06.07/22:35:09 solver.py:159 ] Epoch: [181/200][60/282] lr: 6.33e-05 | MSE loss: 5.8451e-03 | time: 0.038
I 06.07/22:35:09 solver.py:159 ] Epoch: [181/200][80/282] lr: 6.32e-05 | MSE loss: 5.6406e-03 | time: 0.037
I 06.07/22:35:10 solver.py:159 ] Epoch: [181/200][100/282] lr: 6.31e-05 | MSE loss: 5.7094e-03 | time: 0.037
I 06.07/22:35:11 solver.py:159 ] Epoch: [181/200][120/282] lr: 6.30e-05 | MSE loss: 5.7429e-03 | time: 0.038
I 06.07/22:35:12 solver.py:159 ] Epoch: [181/200][140/282] lr: 6.29e-05 | MSE loss: 5.7162e-03 | time: 0.038
I 06.07/22:35:12 solver.py:159 ] Epoch: [181/200][160/282] lr: 6.28e-05 | MSE loss: 5.7928e-03 | time: 0.038
I 06.07/22:35:13 solver.py:159 ] Epoch: [181/200][180/282] lr: 6.27e-05 | MSE loss: 5.6843e-03 | time: 0.038
I 06.07/22:35:14 solver.py:159 ] Epoch: [181/200][200/282] lr: 6.26e-05 | MSE loss: 5.6417e-03 | time: 0.038
I 06.07/22:35:14 solver.py:159 ] Epoch: [181/200][220/282] lr: 6.25e-05 | MSE loss: 5.5328e-03 | time: 0.037
I 06.07/22:35:15 solver.py:159 ] Epoch: [181/200][240/282] lr: 6.24e-05 | MSE loss: 5.4128e-03 | time: 0.037
I 06.07/22:35:16 solver.py:159 ] Epoch: [181/200][260/282] lr: 6.24e-05 | MSE loss: 5.3124e-03 | time: 0.037
I 06.07/22:35:17 solver.py:159 ] Epoch: [181/200][280/282] lr: 6.23e-05 | MSE loss: 5.2276e-03 | time: 0.037
I 06.07/22:35:17 solver.py:169 ] => Train  Loss: 5.2146e-03

I 06.07/22:35:17 solver.py:405 ] [20/32] loss: 6.3192e-03 | NMSE: -1.8753e+01 | time: 0.033
I 06.07/22:35:18 solver.py:413 ] => Test NMSE: -1.9551e+01

I 06.07/22:35:18 solver.py:345 ] => LoRA monitor [epoch=181] | trainable=67584/67584 | non_lora_trainable=0 | lora_l2=1.557813e+01 | lora_A_l2=1.261119e+01 | lora_B_l2=9.145283e+00 | component_l2=encoder:1.557813e+01 | lora_abs_max=6.892048e-01 | delta_l2=1.560902e+01 | delta_rel=4.756396e+00 | train_loss=5.214582e-03 | test_loss=5.544842e-03 | nmse=-1.955081e+01
I 06.07/22:35:18 solver.py:224 ] 
=! Best NMSE: -1.9556e+01 (epoch=178)

I 06.07/22:35:19 solver.py:159 ] Epoch: [182/200][20/282] lr: 6.22e-05 | MSE loss: 5.1429e-03 | time: 0.040
I 06.07/22:35:20 solver.py:159 ] Epoch: [182/200][40/282] lr: 6.21e-05 | MSE loss: 5.0826e-03 | time: 0.041
I 06.07/22:35:20 solver.py:159 ] Epoch: [182/200][60/282] lr: 6.20e-05 | MSE loss: 4.9614e-03 | time: 0.040
I 06.07/22:35:21 solver.py:159 ] Epoch: [182/200][80/282] lr: 6.19e-05 | MSE loss: 5.3984e-03 | time: 0.039
I 06.07/22:35:22 solver.py:159 ] Epoch: [182/200][100/282] lr: 6.18e-05 | MSE loss: 5.3633e-03 | time: 0.038
I 06.07/22:35:22 solver.py:159 ] Epoch: [182/200][120/282] lr: 6.17e-05 | MSE loss: 5.3918e-03 | time: 0.038
I 06.07/22:35:23 solver.py:159 ] Epoch: [182/200][140/282] lr: 6.16e-05 | MSE loss: 5.3543e-03 | time: 0.038
I 06.07/22:35:24 solver.py:159 ] Epoch: [182/200][160/282] lr: 6.15e-05 | MSE loss: 5.2811e-03 | time: 0.038
I 06.07/22:35:25 solver.py:159 ] Epoch: [182/200][180/282] lr: 6.15e-05 | MSE loss: 5.3251e-03 | time: 0.038
I 06.07/22:35:26 solver.py:159 ] Epoch: [182/200][200/282] lr: 6.14e-05 | MSE loss: 5.1563e-03 | time: 0.038
I 06.07/22:35:26 solver.py:159 ] Epoch: [182/200][220/282] lr: 6.13e-05 | MSE loss: 5.1639e-03 | time: 0.038
I 06.07/22:35:27 solver.py:159 ] Epoch: [182/200][240/282] lr: 6.12e-05 | MSE loss: 5.2915e-03 | time: 0.038
I 06.07/22:35:28 solver.py:159 ] Epoch: [182/200][260/282] lr: 6.11e-05 | MSE loss: 5.2153e-03 | time: 0.038
I 06.07/22:35:29 solver.py:159 ] Epoch: [182/200][280/282] lr: 6.10e-05 | MSE loss: 5.2280e-03 | time: 0.038
I 06.07/22:35:29 solver.py:169 ] => Train  Loss: 5.2036e-03

I 06.07/22:35:29 solver.py:405 ] [20/32] loss: 6.3149e-03 | NMSE: -1.8764e+01 | time: 0.032
I 06.07/22:35:30 solver.py:413 ] => Test NMSE: -1.9554e+01

I 06.07/22:35:30 solver.py:345 ] => LoRA monitor [epoch=182] | trainable=67584/67584 | non_lora_trainable=0 | lora_l2=1.558088e+01 | lora_A_l2=1.261317e+01 | lora_B_l2=9.147227e+00 | component_l2=encoder:1.558088e+01 | lora_abs_max=6.889712e-01 | delta_l2=1.561179e+01 | delta_rel=4.757242e+00 | train_loss=5.203627e-03 | test_loss=5.540717e-03 | nmse=-1.955404e+01
I 06.07/22:35:30 solver.py:224 ] 
=! Best NMSE: -1.9556e+01 (epoch=178)

I 06.07/22:35:30 solver.py:159 ] Epoch: [183/200][20/282] lr: 6.09e-05 | MSE loss: 5.5078e-03 | time: 0.040
I 06.07/22:35:31 solver.py:159 ] Epoch: [183/200][40/282] lr: 6.08e-05 | MSE loss: 4.8926e-03 | time: 0.040
I 06.07/22:35:32 solver.py:159 ] Epoch: [183/200][60/282] lr: 6.08e-05 | MSE loss: 5.4789e-03 | time: 0.039
I 06.07/22:35:33 solver.py:159 ] Epoch: [183/200][80/282] lr: 6.07e-05 | MSE loss: 5.3457e-03 | time: 0.038
I 06.07/22:35:33 solver.py:159 ] Epoch: [183/200][100/282] lr: 6.06e-05 | MSE loss: 5.1370e-03 | time: 0.038
I 06.07/22:35:34 solver.py:159 ] Epoch: [183/200][120/282] lr: 6.05e-05 | MSE loss: 5.1435e-03 | time: 0.038
I 06.07/22:35:35 solver.py:159 ] Epoch: [183/200][140/282] lr: 6.04e-05 | MSE loss: 5.0799e-03 | time: 0.037
I 06.07/22:35:36 solver.py:159 ] Epoch: [183/200][160/282] lr: 6.03e-05 | MSE loss: 5.0363e-03 | time: 0.037
I 06.07/22:35:36 solver.py:159 ] Epoch: [183/200][180/282] lr: 6.03e-05 | MSE loss: 5.1486e-03 | time: 0.037
I 06.07/22:35:37 solver.py:159 ] Epoch: [183/200][200/282] lr: 6.02e-05 | MSE loss: 5.2010e-03 | time: 0.037
I 06.07/22:35:38 solver.py:159 ] Epoch: [183/200][220/282] lr: 6.01e-05 | MSE loss: 5.1908e-03 | time: 0.037
I 06.07/22:35:39 solver.py:159 ] Epoch: [183/200][240/282] lr: 6.00e-05 | MSE loss: 5.2238e-03 | time: 0.037
I 06.07/22:35:39 solver.py:159 ] Epoch: [183/200][260/282] lr: 5.99e-05 | MSE loss: 5.2443e-03 | time: 0.037
I 06.07/22:35:40 solver.py:159 ] Epoch: [183/200][280/282] lr: 5.98e-05 | MSE loss: 5.2164e-03 | time: 0.037
I 06.07/22:35:40 solver.py:169 ] => Train  Loss: 5.2053e-03

I 06.07/22:35:41 solver.py:405 ] [20/32] loss: 6.3136e-03 | NMSE: -1.8766e+01 | time: 0.030
I 06.07/22:35:41 solver.py:413 ] => Test NMSE: -1.9556e+01

I 06.07/22:35:41 solver.py:345 ] => LoRA monitor [epoch=183] | trainable=67584/67584 | non_lora_trainable=0 | lora_l2=1.558545e+01 | lora_A_l2=1.261650e+01 | lora_B_l2=9.150413e+00 | component_l2=encoder:1.558545e+01 | lora_abs_max=6.887773e-01 | delta_l2=1.561631e+01 | delta_rel=4.758621e+00 | train_loss=5.205350e-03 | test_loss=5.538185e-03 | nmse=-1.955602e+01
I 06.07/22:35:41 solver.py:224 ] 
=! Best NMSE: -1.9556e+01 (epoch=178)

I 06.07/22:35:42 solver.py:159 ] Epoch: [184/200][20/282] lr: 5.98e-05 | MSE loss: 4.6367e-03 | time: 0.037
I 06.07/22:35:43 solver.py:159 ] Epoch: [184/200][40/282] lr: 5.97e-05 | MSE loss: 4.5614e-03 | time: 0.036
I 06.07/22:35:43 solver.py:159 ] Epoch: [184/200][60/282] lr: 5.96e-05 | MSE loss: 5.2082e-03 | time: 0.036
I 06.07/22:35:44 solver.py:159 ] Epoch: [184/200][80/282] lr: 5.95e-05 | MSE loss: 5.2253e-03 | time: 0.037
I 06.07/22:35:45 solver.py:159 ] Epoch: [184/200][100/282] lr: 5.94e-05 | MSE loss: 5.3698e-03 | time: 0.037
I 06.07/22:35:46 solver.py:159 ] Epoch: [184/200][120/282] lr: 5.93e-05 | MSE loss: 5.3008e-03 | time: 0.037
I 06.07/22:35:46 solver.py:159 ] Epoch: [184/200][140/282] lr: 5.93e-05 | MSE loss: 5.2771e-03 | time: 0.037
I 06.07/22:35:47 solver.py:159 ] Epoch: [184/200][160/282] lr: 5.92e-05 | MSE loss: 5.2896e-03 | time: 0.037
I 06.07/22:35:48 solver.py:159 ] Epoch: [184/200][180/282] lr: 5.91e-05 | MSE loss: 5.2594e-03 | time: 0.037
I 06.07/22:35:48 solver.py:159 ] Epoch: [184/200][200/282] lr: 5.90e-05 | MSE loss: 5.2355e-03 | time: 0.036
I 06.07/22:35:49 solver.py:159 ] Epoch: [184/200][220/282] lr: 5.90e-05 | MSE loss: 5.2175e-03 | time: 0.037
I 06.07/22:35:50 solver.py:159 ] Epoch: [184/200][240/282] lr: 5.89e-05 | MSE loss: 5.2542e-03 | time: 0.037
I 06.07/22:35:51 solver.py:159 ] Epoch: [184/200][260/282] lr: 5.88e-05 | MSE loss: 5.2350e-03 | time: 0.037
I 06.07/22:35:52 solver.py:159 ] Epoch: [184/200][280/282] lr: 5.87e-05 | MSE loss: 5.2142e-03 | time: 0.037
I 06.07/22:35:52 solver.py:169 ] => Train  Loss: 5.2169e-03

I 06.07/22:35:52 solver.py:405 ] [20/32] loss: 6.3171e-03 | NMSE: -1.8764e+01 | time: 0.032
I 06.07/22:35:53 solver.py:413 ] => Test NMSE: -1.9553e+01

I 06.07/22:35:53 solver.py:345 ] => LoRA monitor [epoch=184] | trainable=67584/67584 | non_lora_trainable=0 | lora_l2=1.558837e+01 | lora_A_l2=1.261877e+01 | lora_B_l2=9.152258e+00 | component_l2=encoder:1.558837e+01 | lora_abs_max=6.884491e-01 | delta_l2=1.561931e+01 | delta_rel=4.759533e+00 | train_loss=5.216927e-03 | test_loss=5.541783e-03 | nmse=-1.955321e+01
I 06.07/22:35:53 solver.py:224 ] 
=! Best NMSE: -1.9556e+01 (epoch=178)

I 06.07/22:35:53 solver.py:159 ] Epoch: [185/200][20/282] lr: 5.86e-05 | MSE loss: 4.2163e-03 | time: 0.038
I 06.07/22:35:54 solver.py:159 ] Epoch: [185/200][40/282] lr: 5.86e-05 | MSE loss: 4.6772e-03 | time: 0.037
I 06.07/22:35:55 solver.py:159 ] Epoch: [185/200][60/282] lr: 5.85e-05 | MSE loss: 4.9162e-03 | time: 0.038
I 06.07/22:35:56 solver.py:159 ] Epoch: [185/200][80/282] lr: 5.84e-05 | MSE loss: 4.8825e-03 | time: 0.038
I 06.07/22:35:56 solver.py:159 ] Epoch: [185/200][100/282] lr: 5.83e-05 | MSE loss: 4.6205e-03 | time: 0.037
I 06.07/22:35:57 solver.py:159 ] Epoch: [185/200][120/282] lr: 5.83e-05 | MSE loss: 4.6872e-03 | time: 0.037
I 06.07/22:35:58 solver.py:159 ] Epoch: [185/200][140/282] lr: 5.82e-05 | MSE loss: 4.8177e-03 | time: 0.037
I 06.07/22:35:58 solver.py:159 ] Epoch: [185/200][160/282] lr: 5.81e-05 | MSE loss: 4.8830e-03 | time: 0.037
I 06.07/22:35:59 solver.py:159 ] Epoch: [185/200][180/282] lr: 5.80e-05 | MSE loss: 4.9810e-03 | time: 0.037
I 06.07/22:36:00 solver.py:159 ] Epoch: [185/200][200/282] lr: 5.80e-05 | MSE loss: 5.0303e-03 | time: 0.037
I 06.07/22:36:02 solver.py:159 ] Epoch: [185/200][220/282] lr: 5.79e-05 | MSE loss: 5.0079e-03 | time: 0.041
I 06.07/22:36:03 solver.py:159 ] Epoch: [185/200][240/282] lr: 5.78e-05 | MSE loss: 5.1553e-03 | time: 0.045
I 06.07/22:36:05 solver.py:159 ] Epoch: [185/200][260/282] lr: 5.77e-05 | MSE loss: 5.1604e-03 | time: 0.046
I 06.07/22:36:05 solver.py:159 ] Epoch: [185/200][280/282] lr: 5.77e-05 | MSE loss: 5.2082e-03 | time: 0.045
I 06.07/22:36:05 solver.py:169 ] => Train  Loss: 5.2371e-03

I 06.07/22:36:06 solver.py:405 ] [20/32] loss: 6.3120e-03 | NMSE: -1.8762e+01 | time: 0.031
I 06.07/22:36:06 solver.py:413 ] => Test NMSE: -1.9554e+01

I 06.07/22:36:06 solver.py:345 ] => LoRA monitor [epoch=185] | trainable=67584/67584 | non_lora_trainable=0 | lora_l2=1.559106e+01 | lora_A_l2=1.262063e+01 | lora_B_l2=9.154284e+00 | component_l2=encoder:1.559106e+01 | lora_abs_max=6.881889e-01 | delta_l2=1.562206e+01 | delta_rel=4.760371e+00 | train_loss=5.237142e-03 | test_loss=5.540249e-03 | nmse=-1.955441e+01
I 06.07/22:36:06 solver.py:224 ] 
=! Best NMSE: -1.9556e+01 (epoch=178)

I 06.07/22:36:07 solver.py:159 ] Epoch: [186/200][20/282] lr: 5.76e-05 | MSE loss: 5.4405e-03 | time: 0.038
I 06.07/22:36:08 solver.py:159 ] Epoch: [186/200][40/282] lr: 5.75e-05 | MSE loss: 5.2972e-03 | time: 0.036
I 06.07/22:36:09 solver.py:159 ] Epoch: [186/200][60/282] lr: 5.75e-05 | MSE loss: 5.5506e-03 | time: 0.036
I 06.07/22:36:09 solver.py:159 ] Epoch: [186/200][80/282] lr: 5.74e-05 | MSE loss: 5.3501e-03 | time: 0.037
I 06.07/22:36:10 solver.py:159 ] Epoch: [186/200][100/282] lr: 5.73e-05 | MSE loss: 5.3538e-03 | time: 0.037
I 06.07/22:36:11 solver.py:159 ] Epoch: [186/200][120/282] lr: 5.72e-05 | MSE loss: 5.1402e-03 | time: 0.037
I 06.07/22:36:12 solver.py:159 ] Epoch: [186/200][140/282] lr: 5.72e-05 | MSE loss: 5.2048e-03 | time: 0.037
I 06.07/22:36:12 solver.py:159 ] Epoch: [186/200][160/282] lr: 5.71e-05 | MSE loss: 5.1883e-03 | time: 0.037
I 06.07/22:36:13 solver.py:159 ] Epoch: [186/200][180/282] lr: 5.70e-05 | MSE loss: 5.1708e-03 | time: 0.036
I 06.07/22:36:14 solver.py:159 ] Epoch: [186/200][200/282] lr: 5.70e-05 | MSE loss: 5.2877e-03 | time: 0.036
I 06.07/22:36:14 solver.py:159 ] Epoch: [186/200][220/282] lr: 5.69e-05 | MSE loss: 5.2289e-03 | time: 0.036
I 06.07/22:36:15 solver.py:159 ] Epoch: [186/200][240/282] lr: 5.68e-05 | MSE loss: 5.1282e-03 | time: 0.036
I 06.07/22:36:16 solver.py:159 ] Epoch: [186/200][260/282] lr: 5.68e-05 | MSE loss: 5.2249e-03 | time: 0.036
I 06.07/22:36:17 solver.py:159 ] Epoch: [186/200][280/282] lr: 5.67e-05 | MSE loss: 5.2091e-03 | time: 0.037
I 06.07/22:36:17 solver.py:169 ] => Train  Loss: 5.2032e-03

I 06.07/22:36:17 solver.py:405 ] [20/32] loss: 6.3110e-03 | NMSE: -1.8765e+01 | time: 0.028
I 06.07/22:36:18 solver.py:413 ] => Test NMSE: -1.9557e+01

I 06.07/22:36:18 solver.py:345 ] => LoRA monitor [epoch=186] | trainable=67584/67584 | non_lora_trainable=0 | lora_l2=1.559403e+01 | lora_A_l2=1.262281e+01 | lora_B_l2=9.156337e+00 | component_l2=encoder:1.559403e+01 | lora_abs_max=6.878425e-01 | delta_l2=1.562508e+01 | delta_rel=4.761293e+00 | train_loss=5.203188e-03 | test_loss=5.537284e-03 | nmse=-1.955673e+01
I 06.07/22:36:18 solver.py:224 ] 
=! Best NMSE: -1.9557e+01 (epoch=186)

I 06.07/22:36:19 solver.py:159 ] Epoch: [187/200][20/282] lr: 5.66e-05 | MSE loss: 5.9813e-03 | time: 0.038
I 06.07/22:36:19 solver.py:159 ] Epoch: [187/200][40/282] lr: 5.65e-05 | MSE loss: 5.6294e-03 | time: 0.037
I 06.07/22:36:20 solver.py:159 ] Epoch: [187/200][60/282] lr: 5.65e-05 | MSE loss: 5.0678e-03 | time: 0.036
I 06.07/22:36:21 solver.py:159 ] Epoch: [187/200][80/282] lr: 5.64e-05 | MSE loss: 4.8497e-03 | time: 0.037
I 06.07/22:36:22 solver.py:159 ] Epoch: [187/200][100/282] lr: 5.64e-05 | MSE loss: 4.7880e-03 | time: 0.037
I 06.07/22:36:22 solver.py:159 ] Epoch: [187/200][120/282] lr: 5.63e-05 | MSE loss: 4.8948e-03 | time: 0.037
I 06.07/22:36:23 solver.py:159 ] Epoch: [187/200][140/282] lr: 5.62e-05 | MSE loss: 4.8449e-03 | time: 0.037
I 06.07/22:36:24 solver.py:159 ] Epoch: [187/200][160/282] lr: 5.62e-05 | MSE loss: 4.8330e-03 | time: 0.037
I 06.07/22:36:25 solver.py:159 ] Epoch: [187/200][180/282] lr: 5.61e-05 | MSE loss: 4.8718e-03 | time: 0.037
I 06.07/22:36:25 solver.py:159 ] Epoch: [187/200][200/282] lr: 5.60e-05 | MSE loss: 4.9270e-03 | time: 0.037
I 06.07/22:36:26 solver.py:159 ] Epoch: [187/200][220/282] lr: 5.60e-05 | MSE loss: 4.9515e-03 | time: 0.037
I 06.07/22:36:27 solver.py:159 ] Epoch: [187/200][240/282] lr: 5.59e-05 | MSE loss: 5.0003e-03 | time: 0.038
I 06.07/22:36:28 solver.py:159 ] Epoch: [187/200][260/282] lr: 5.58e-05 | MSE loss: 5.0630e-03 | time: 0.038
I 06.07/22:36:28 solver.py:159 ] Epoch: [187/200][280/282] lr: 5.58e-05 | MSE loss: 5.1994e-03 | time: 0.037
I 06.07/22:36:28 solver.py:169 ] => Train  Loss: 5.2341e-03

I 06.07/22:36:29 solver.py:405 ] [20/32] loss: 6.3084e-03 | NMSE: -1.8770e+01 | time: 0.029
I 06.07/22:36:29 solver.py:413 ] => Test NMSE: -1.9557e+01

I 06.07/22:36:29 solver.py:345 ] => LoRA monitor [epoch=187] | trainable=67584/67584 | non_lora_trainable=0 | lora_l2=1.559671e+01 | lora_A_l2=1.262456e+01 | lora_B_l2=9.158488e+00 | component_l2=encoder:1.559671e+01 | lora_abs_max=6.876096e-01 | delta_l2=1.562781e+01 | delta_rel=4.762122e+00 | train_loss=5.234096e-03 | test_loss=5.536744e-03 | nmse=-1.955716e+01
I 06.07/22:36:30 solver.py:224 ] 
=! Best NMSE: -1.9557e+01 (epoch=187)

I 06.07/22:36:30 solver.py:159 ] Epoch: [188/200][20/282] lr: 5.57e-05 | MSE loss: 5.2690e-03 | time: 0.035
I 06.07/22:36:31 solver.py:159 ] Epoch: [188/200][40/282] lr: 5.56e-05 | MSE loss: 5.1654e-03 | time: 0.037
I 06.07/22:36:32 solver.py:159 ] Epoch: [188/200][60/282] lr: 5.56e-05 | MSE loss: 5.2363e-03 | time: 0.036
I 06.07/22:36:33 solver.py:159 ] Epoch: [188/200][80/282] lr: 5.55e-05 | MSE loss: 5.5865e-03 | time: 0.037
I 06.07/22:36:33 solver.py:159 ] Epoch: [188/200][100/282] lr: 5.55e-05 | MSE loss: 5.3791e-03 | time: 0.037
I 06.07/22:36:34 solver.py:159 ] Epoch: [188/200][120/282] lr: 5.54e-05 | MSE loss: 5.2973e-03 | time: 0.037
I 06.07/22:36:35 solver.py:159 ] Epoch: [188/200][140/282] lr: 5.53e-05 | MSE loss: 5.3921e-03 | time: 0.037
I 06.07/22:36:35 solver.py:159 ] Epoch: [188/200][160/282] lr: 5.53e-05 | MSE loss: 5.3546e-03 | time: 0.037
I 06.07/22:36:36 solver.py:159 ] Epoch: [188/200][180/282] lr: 5.52e-05 | MSE loss: 5.3867e-03 | time: 0.037
I 06.07/22:36:37 solver.py:159 ] Epoch: [188/200][200/282] lr: 5.52e-05 | MSE loss: 5.2488e-03 | time: 0.037
I 06.07/22:36:38 solver.py:159 ] Epoch: [188/200][220/282] lr: 5.51e-05 | MSE loss: 5.2891e-03 | time: 0.038
I 06.07/22:36:39 solver.py:159 ] Epoch: [188/200][240/282] lr: 5.50e-05 | MSE loss: 5.3587e-03 | time: 0.038
I 06.07/22:36:40 solver.py:159 ] Epoch: [188/200][260/282] lr: 5.50e-05 | MSE loss: 5.2433e-03 | time: 0.038
I 06.07/22:36:40 solver.py:159 ] Epoch: [188/200][280/282] lr: 5.49e-05 | MSE loss: 5.2126e-03 | time: 0.038
I 06.07/22:36:40 solver.py:169 ] => Train  Loss: 5.2222e-03

I 06.07/22:36:41 solver.py:405 ] [20/32] loss: 6.3111e-03 | NMSE: -1.8769e+01 | time: 0.030
I 06.07/22:36:41 solver.py:413 ] => Test NMSE: -1.9557e+01

I 06.07/22:36:41 solver.py:345 ] => LoRA monitor [epoch=188] | trainable=67584/67584 | non_lora_trainable=0 | lora_l2=1.559947e+01 | lora_A_l2=1.262655e+01 | lora_B_l2=9.160437e+00 | component_l2=encoder:1.559947e+01 | lora_abs_max=6.874151e-01 | delta_l2=1.563059e+01 | delta_rel=4.762970e+00 | train_loss=5.222213e-03 | test_loss=5.536544e-03 | nmse=-1.955731e+01
I 06.07/22:36:42 solver.py:224 ] 
=! Best NMSE: -1.9557e+01 (epoch=188)

I 06.07/22:36:42 solver.py:159 ] Epoch: [189/200][20/282] lr: 5.49e-05 | MSE loss: 5.3085e-03 | time: 0.039
I 06.07/22:36:43 solver.py:159 ] Epoch: [189/200][40/282] lr: 5.48e-05 | MSE loss: 5.8832e-03 | time: 0.039
I 06.07/22:36:44 solver.py:159 ] Epoch: [189/200][60/282] lr: 5.47e-05 | MSE loss: 5.6867e-03 | time: 0.040
I 06.07/22:36:45 solver.py:159 ] Epoch: [189/200][80/282] lr: 5.47e-05 | MSE loss: 5.8062e-03 | time: 0.041
I 06.07/22:36:46 solver.py:159 ] Epoch: [189/200][100/282] lr: 5.46e-05 | MSE loss: 5.6223e-03 | time: 0.041
I 06.07/22:36:47 solver.py:159 ] Epoch: [189/200][120/282] lr: 5.46e-05 | MSE loss: 5.6383e-03 | time: 0.041
I 06.07/22:36:47 solver.py:159 ] Epoch: [189/200][140/282] lr: 5.45e-05 | MSE loss: 5.5149e-03 | time: 0.042
I 06.07/22:36:48 solver.py:159 ] Epoch: [189/200][160/282] lr: 5.45e-05 | MSE loss: 5.3875e-03 | time: 0.042
I 06.07/22:36:49 solver.py:159 ] Epoch: [189/200][180/282] lr: 5.44e-05 | MSE loss: 5.3400e-03 | time: 0.042
I 06.07/22:36:50 solver.py:159 ] Epoch: [189/200][200/282] lr: 5.44e-05 | MSE loss: 5.2827e-03 | time: 0.041
I 06.07/22:36:51 solver.py:159 ] Epoch: [189/200][220/282] lr: 5.43e-05 | MSE loss: 5.2643e-03 | time: 0.042
I 06.07/22:36:52 solver.py:159 ] Epoch: [189/200][240/282] lr: 5.42e-05 | MSE loss: 5.2216e-03 | time: 0.042
I 06.07/22:36:52 solver.py:159 ] Epoch: [189/200][260/282] lr: 5.42e-05 | MSE loss: 5.1425e-03 | time: 0.042
I 06.07/22:36:53 solver.py:159 ] Epoch: [189/200][280/282] lr: 5.41e-05 | MSE loss: 5.2138e-03 | time: 0.042
I 06.07/22:36:53 solver.py:169 ] => Train  Loss: 5.2205e-03

I 06.07/22:36:54 solver.py:405 ] [20/32] loss: 6.3130e-03 | NMSE: -1.8759e+01 | time: 0.034
I 06.07/22:36:54 solver.py:413 ] => Test NMSE: -1.9555e+01

I 06.07/22:36:54 solver.py:345 ] => LoRA monitor [epoch=189] | trainable=67584/67584 | non_lora_trainable=0 | lora_l2=1.560214e+01 | lora_A_l2=1.262839e+01 | lora_B_l2=9.162451e+00 | component_l2=encoder:1.560214e+01 | lora_abs_max=6.870844e-01 | delta_l2=1.563330e+01 | delta_rel=4.763795e+00 | train_loss=5.220545e-03 | test_loss=5.539698e-03 | nmse=-1.955484e+01
I 06.07/22:36:54 solver.py:224 ] 
=! Best NMSE: -1.9557e+01 (epoch=188)

I 06.07/22:36:55 solver.py:159 ] Epoch: [190/200][20/282] lr: 5.41e-05 | MSE loss: 5.9248e-03 | time: 0.042
I 06.07/22:36:56 solver.py:159 ] Epoch: [190/200][40/282] lr: 5.40e-05 | MSE loss: 5.3973e-03 | time: 0.040
I 06.07/22:36:57 solver.py:159 ] Epoch: [190/200][60/282] lr: 5.40e-05 | MSE loss: 5.2223e-03 | time: 0.040
I 06.07/22:36:57 solver.py:159 ] Epoch: [190/200][80/282] lr: 5.39e-05 | MSE loss: 5.1455e-03 | time: 0.038
I 06.07/22:36:58 solver.py:159 ] Epoch: [190/200][100/282] lr: 5.39e-05 | MSE loss: 5.1930e-03 | time: 0.037
I 06.07/22:36:59 solver.py:159 ] Epoch: [190/200][120/282] lr: 5.38e-05 | MSE loss: 5.2107e-03 | time: 0.035
I 06.07/22:36:59 solver.py:159 ] Epoch: [190/200][140/282] lr: 5.38e-05 | MSE loss: 5.1777e-03 | time: 0.034
I 06.07/22:37:00 solver.py:159 ] Epoch: [190/200][160/282] lr: 5.37e-05 | MSE loss: 5.1771e-03 | time: 0.034
I 06.07/22:37:01 solver.py:159 ] Epoch: [190/200][180/282] lr: 5.37e-05 | MSE loss: 5.2219e-03 | time: 0.037
I 06.07/22:37:03 solver.py:159 ] Epoch: [190/200][200/282] lr: 5.36e-05 | MSE loss: 5.1790e-03 | time: 0.043
I 06.07/22:37:04 solver.py:159 ] Epoch: [190/200][220/282] lr: 5.36e-05 | MSE loss: 5.1225e-03 | time: 0.045
I 06.07/22:37:05 solver.py:159 ] Epoch: [190/200][240/282] lr: 5.35e-05 | MSE loss: 5.0872e-03 | time: 0.043
I 06.07/22:37:05 solver.py:159 ] Epoch: [190/200][260/282] lr: 5.35e-05 | MSE loss: 5.0965e-03 | time: 0.042
I 06.07/22:37:06 solver.py:159 ] Epoch: [190/200][280/282] lr: 5.34e-05 | MSE loss: 5.2280e-03 | time: 0.041
I 06.07/22:37:06 solver.py:169 ] => Train  Loss: 5.1978e-03

I 06.07/22:37:06 solver.py:159 ] Epoch: [190/200][20/32] lr: 5.34e-05 | MSE loss: 6.3126e-03 | time: 0.020
I 06.07/22:37:07 solver.py:169 ] => Val  Loss: 5.4446e-03

I 06.07/22:37:07 solver.py:405 ] [20/32] loss: 6.3126e-03 | NMSE: -1.8768e+01 | time: 0.023
I 06.07/22:37:07 solver.py:413 ] => Test NMSE: -1.9557e+01

I 06.07/22:37:07 solver.py:345 ] => LoRA monitor [epoch=190] | trainable=67584/67584 | non_lora_trainable=0 | lora_l2=1.560488e+01 | lora_A_l2=1.263055e+01 | lora_B_l2=9.164137e+00 | component_l2=encoder:1.560488e+01 | lora_abs_max=6.869045e-01 | delta_l2=1.563607e+01 | delta_rel=4.764640e+00 | train_loss=5.197762e-03 | val_loss=5.444566e-03 | test_loss=5.536465e-03 | nmse=-1.955738e+01
I 06.07/22:37:08 solver.py:224 ] 
=! Best NMSE: -1.9557e+01 (epoch=190)

I 06.07/22:37:08 solver.py:159 ] Epoch: [191/200][20/282] lr: 5.34e-05 | MSE loss: 5.5938e-03 | time: 0.028
I 06.07/22:37:09 solver.py:159 ] Epoch: [191/200][40/282] lr: 5.33e-05 | MSE loss: 5.6506e-03 | time: 0.027
I 06.07/22:37:09 solver.py:159 ] Epoch: [191/200][60/282] lr: 5.33e-05 | MSE loss: 5.1815e-03 | time: 0.027
I 06.07/22:37:10 solver.py:159 ] Epoch: [191/200][80/282] lr: 5.32e-05 | MSE loss: 5.4431e-03 | time: 0.027
I 06.07/22:37:10 solver.py:159 ] Epoch: [191/200][100/282] lr: 5.32e-05 | MSE loss: 5.2885e-03 | time: 0.027
I 06.07/22:37:11 solver.py:159 ] Epoch: [191/200][120/282] lr: 5.31e-05 | MSE loss: 5.3409e-03 | time: 0.027
I 06.07/22:37:11 solver.py:159 ] Epoch: [191/200][140/282] lr: 5.31e-05 | MSE loss: 5.3226e-03 | time: 0.027
I 06.07/22:37:12 solver.py:159 ] Epoch: [191/200][160/282] lr: 5.30e-05 | MSE loss: 5.3371e-03 | time: 0.027
I 06.07/22:37:13 solver.py:159 ] Epoch: [191/200][180/282] lr: 5.30e-05 | MSE loss: 5.4524e-03 | time: 0.027
I 06.07/22:37:13 solver.py:159 ] Epoch: [191/200][200/282] lr: 5.30e-05 | MSE loss: 5.3718e-03 | time: 0.027
I 06.07/22:37:14 solver.py:159 ] Epoch: [191/200][220/282] lr: 5.29e-05 | MSE loss: 5.2797e-03 | time: 0.028
I 06.07/22:37:14 solver.py:159 ] Epoch: [191/200][240/282] lr: 5.29e-05 | MSE loss: 5.2539e-03 | time: 0.028
I 06.07/22:37:15 solver.py:159 ] Epoch: [191/200][260/282] lr: 5.28e-05 | MSE loss: 5.2318e-03 | time: 0.028
I 06.07/22:37:15 solver.py:159 ] Epoch: [191/200][280/282] lr: 5.28e-05 | MSE loss: 5.2051e-03 | time: 0.027
I 06.07/22:37:15 solver.py:169 ] => Train  Loss: 5.2108e-03

I 06.07/22:37:16 solver.py:405 ] [20/32] loss: 6.3108e-03 | NMSE: -1.8765e+01 | time: 0.020
I 06.07/22:37:16 solver.py:413 ] => Test NMSE: -1.9557e+01

I 06.07/22:37:16 solver.py:345 ] => LoRA monitor [epoch=191] | trainable=67584/67584 | non_lora_trainable=0 | lora_l2=1.560649e+01 | lora_A_l2=1.263148e+01 | lora_B_l2=9.165594e+00 | component_l2=encoder:1.560649e+01 | lora_abs_max=6.865411e-01 | delta_l2=1.563776e+01 | delta_rel=4.765156e+00 | train_loss=5.210763e-03 | test_loss=5.536496e-03 | nmse=-1.955735e+01
I 06.07/22:37:16 solver.py:224 ] 
=! Best NMSE: -1.9557e+01 (epoch=190)

I 06.07/22:37:17 solver.py:159 ] Epoch: [192/200][20/282] lr: 5.27e-05 | MSE loss: 5.0920e-03 | time: 0.028
I 06.07/22:37:17 solver.py:159 ] Epoch: [192/200][40/282] lr: 5.27e-05 | MSE loss: 5.1671e-03 | time: 0.027
I 06.07/22:37:18 solver.py:159 ] Epoch: [192/200][60/282] lr: 5.26e-05 | MSE loss: 4.7568e-03 | time: 0.027
I 06.07/22:37:18 solver.py:159 ] Epoch: [192/200][80/282] lr: 5.26e-05 | MSE loss: 4.6642e-03 | time: 0.027
I 06.07/22:37:19 solver.py:159 ] Epoch: [192/200][100/282] lr: 5.26e-05 | MSE loss: 4.6032e-03 | time: 0.027
I 06.07/22:37:19 solver.py:159 ] Epoch: [192/200][120/282] lr: 5.25e-05 | MSE loss: 4.4917e-03 | time: 0.027
I 06.07/22:37:20 solver.py:159 ] Epoch: [192/200][140/282] lr: 5.25e-05 | MSE loss: 4.5306e-03 | time: 0.027
I 06.07/22:37:20 solver.py:159 ] Epoch: [192/200][160/282] lr: 5.24e-05 | MSE loss: 4.5389e-03 | time: 0.027
I 06.07/22:37:21 solver.py:159 ] Epoch: [192/200][180/282] lr: 5.24e-05 | MSE loss: 4.7006e-03 | time: 0.027
I 06.07/22:37:21 solver.py:159 ] Epoch: [192/200][200/282] lr: 5.24e-05 | MSE loss: 4.7826e-03 | time: 0.027
I 06.07/22:37:22 solver.py:159 ] Epoch: [192/200][220/282] lr: 5.23e-05 | MSE loss: 4.8782e-03 | time: 0.027
I 06.07/22:37:22 solver.py:159 ] Epoch: [192/200][240/282] lr: 5.23e-05 | MSE loss: 5.0331e-03 | time: 0.027
I 06.07/22:37:23 solver.py:159 ] Epoch: [192/200][260/282] lr: 5.22e-05 | MSE loss: 5.1180e-03 | time: 0.027
I 06.07/22:37:24 solver.py:159 ] Epoch: [192/200][280/282] lr: 5.22e-05 | MSE loss: 5.2098e-03 | time: 0.028
I 06.07/22:37:24 solver.py:169 ] => Train  Loss: 5.1968e-03

I 06.07/22:37:24 solver.py:405 ] [20/32] loss: 6.3138e-03 | NMSE: -1.8765e+01 | time: 0.019
I 06.07/22:37:24 solver.py:413 ] => Test NMSE: -1.9557e+01

I 06.07/22:37:24 solver.py:345 ] => LoRA monitor [epoch=192] | trainable=67584/67584 | non_lora_trainable=0 | lora_l2=1.561007e+01 | lora_A_l2=1.263413e+01 | lora_B_l2=9.168053e+00 | component_l2=encoder:1.561007e+01 | lora_abs_max=6.863872e-01 | delta_l2=1.564135e+01 | delta_rel=4.766249e+00 | train_loss=5.196845e-03 | test_loss=5.537262e-03 | nmse=-1.955675e+01
I 06.07/22:37:24 solver.py:224 ] 
=! Best NMSE: -1.9557e+01 (epoch=190)

I 06.07/22:37:25 solver.py:159 ] Epoch: [193/200][20/282] lr: 5.22e-05 | MSE loss: 5.5331e-03 | time: 0.030
I 06.07/22:37:26 solver.py:159 ] Epoch: [193/200][40/282] lr: 5.21e-05 | MSE loss: 5.1413e-03 | time: 0.029
I 06.07/22:37:26 solver.py:159 ] Epoch: [193/200][60/282] lr: 5.21e-05 | MSE loss: 5.1915e-03 | time: 0.029
I 06.07/22:37:27 solver.py:159 ] Epoch: [193/200][80/282] lr: 5.20e-05 | MSE loss: 5.2035e-03 | time: 0.029
I 06.07/22:37:27 solver.py:159 ] Epoch: [193/200][100/282] lr: 5.20e-05 | MSE loss: 5.2189e-03 | time: 0.029
I 06.07/22:37:28 solver.py:159 ] Epoch: [193/200][120/282] lr: 5.20e-05 | MSE loss: 5.1238e-03 | time: 0.028
I 06.07/22:37:28 solver.py:159 ] Epoch: [193/200][140/282] lr: 5.19e-05 | MSE loss: 5.1134e-03 | time: 0.028
I 06.07/22:37:29 solver.py:159 ] Epoch: [193/200][160/282] lr: 5.19e-05 | MSE loss: 5.1077e-03 | time: 0.028
I 06.07/22:37:29 solver.py:159 ] Epoch: [193/200][180/282] lr: 5.19e-05 | MSE loss: 5.0992e-03 | time: 0.028
I 06.07/22:37:30 solver.py:159 ] Epoch: [193/200][200/282] lr: 5.18e-05 | MSE loss: 5.1703e-03 | time: 0.029
I 06.07/22:37:31 solver.py:159 ] Epoch: [193/200][220/282] lr: 5.18e-05 | MSE loss: 5.1571e-03 | time: 0.029
I 06.07/22:37:31 solver.py:159 ] Epoch: [193/200][240/282] lr: 5.17e-05 | MSE loss: 5.2072e-03 | time: 0.030
I 06.07/22:37:32 solver.py:159 ] Epoch: [193/200][260/282] lr: 5.17e-05 | MSE loss: 5.1865e-03 | time: 0.030
I 06.07/22:37:33 solver.py:159 ] Epoch: [193/200][280/282] lr: 5.17e-05 | MSE loss: 5.2230e-03 | time: 0.030
I 06.07/22:37:33 solver.py:169 ] => Train  Loss: 5.2057e-03

I 06.07/22:37:34 solver.py:405 ] [20/32] loss: 6.3151e-03 | NMSE: -1.8760e+01 | time: 0.028
I 06.07/22:37:34 solver.py:413 ] => Test NMSE: -1.9551e+01

I 06.07/22:37:34 solver.py:345 ] => LoRA monitor [epoch=193] | trainable=67584/67584 | non_lora_trainable=0 | lora_l2=1.561205e+01 | lora_A_l2=1.263528e+01 | lora_B_l2=9.169836e+00 | component_l2=encoder:1.561205e+01 | lora_abs_max=6.860950e-01 | delta_l2=1.564336e+01 | delta_rel=4.766862e+00 | train_loss=5.205670e-03 | test_loss=5.544215e-03 | nmse=-1.955130e+01
I 06.07/22:37:34 solver.py:224 ] 
=! Best NMSE: -1.9557e+01 (epoch=190)

I 06.07/22:37:34 solver.py:159 ] Epoch: [194/200][20/282] lr: 5.16e-05 | MSE loss: 4.4525e-03 | time: 0.036
I 06.07/22:37:35 solver.py:159 ] Epoch: [194/200][40/282] lr: 5.16e-05 | MSE loss: 4.8552e-03 | time: 0.033
I 06.07/22:37:36 solver.py:159 ] Epoch: [194/200][60/282] lr: 5.16e-05 | MSE loss: 4.5202e-03 | time: 0.031
I 06.07/22:37:36 solver.py:159 ] Epoch: [194/200][80/282] lr: 5.15e-05 | MSE loss: 4.5172e-03 | time: 0.031
I 06.07/22:37:37 solver.py:159 ] Epoch: [194/200][100/282] lr: 5.15e-05 | MSE loss: 4.6678e-03 | time: 0.031
I 06.07/22:37:37 solver.py:159 ] Epoch: [194/200][120/282] lr: 5.15e-05 | MSE loss: 5.0127e-03 | time: 0.030
I 06.07/22:37:38 solver.py:159 ] Epoch: [194/200][140/282] lr: 5.14e-05 | MSE loss: 5.0947e-03 | time: 0.030
I 06.07/22:37:39 solver.py:159 ] Epoch: [194/200][160/282] lr: 5.14e-05 | MSE loss: 5.2275e-03 | time: 0.030
I 06.07/22:37:39 solver.py:159 ] Epoch: [194/200][180/282] lr: 5.14e-05 | MSE loss: 5.2273e-03 | time: 0.030
I 06.07/22:37:40 solver.py:159 ] Epoch: [194/200][200/282] lr: 5.14e-05 | MSE loss: 5.1259e-03 | time: 0.030
I 06.07/22:37:40 solver.py:159 ] Epoch: [194/200][220/282] lr: 5.13e-05 | MSE loss: 5.1159e-03 | time: 0.029
I 06.07/22:37:41 solver.py:159 ] Epoch: [194/200][240/282] lr: 5.13e-05 | MSE loss: 5.2095e-03 | time: 0.029
I 06.07/22:37:41 solver.py:159 ] Epoch: [194/200][260/282] lr: 5.13e-05 | MSE loss: 5.2062e-03 | time: 0.029
I 06.07/22:37:42 solver.py:159 ] Epoch: [194/200][280/282] lr: 5.12e-05 | MSE loss: 5.2238e-03 | time: 0.029
I 06.07/22:37:42 solver.py:169 ] => Train  Loss: 5.2017e-03

I 06.07/22:37:42 solver.py:405 ] [20/32] loss: 6.3085e-03 | NMSE: -1.8764e+01 | time: 0.019
I 06.07/22:37:43 solver.py:413 ] => Test NMSE: -1.9558e+01

I 06.07/22:37:43 solver.py:345 ] => LoRA monitor [epoch=194] | trainable=67584/67584 | non_lora_trainable=0 | lora_l2=1.561558e+01 | lora_A_l2=1.263803e+01 | lora_B_l2=9.172051e+00 | component_l2=encoder:1.561558e+01 | lora_abs_max=6.857750e-01 | delta_l2=1.564689e+01 | delta_rel=4.767936e+00 | train_loss=5.201697e-03 | test_loss=5.536280e-03 | nmse=-1.955752e+01
I 06.07/22:37:43 solver.py:224 ] 
=! Best NMSE: -1.9558e+01 (epoch=194)

I 06.07/22:37:43 solver.py:159 ] Epoch: [195/200][20/282] lr: 5.12e-05 | MSE loss: 6.5451e-03 | time: 0.028
I 06.07/22:37:44 solver.py:159 ] Epoch: [195/200][40/282] lr: 5.12e-05 | MSE loss: 6.9480e-03 | time: 0.030
I 06.07/22:37:45 solver.py:159 ] Epoch: [195/200][60/282] lr: 5.11e-05 | MSE loss: 6.1154e-03 | time: 0.029
I 06.07/22:37:45 solver.py:159 ] Epoch: [195/200][80/282] lr: 5.11e-05 | MSE loss: 5.7814e-03 | time: 0.029
I 06.07/22:37:46 solver.py:159 ] Epoch: [195/200][100/282] lr: 5.11e-05 | MSE loss: 5.6211e-03 | time: 0.028
I 06.07/22:37:46 solver.py:159 ] Epoch: [195/200][120/282] lr: 5.11e-05 | MSE loss: 5.5410e-03 | time: 0.028
I 06.07/22:37:47 solver.py:159 ] Epoch: [195/200][140/282] lr: 5.10e-05 | MSE loss: 5.4195e-03 | time: 0.028
I 06.07/22:37:47 solver.py:159 ] Epoch: [195/200][160/282] lr: 5.10e-05 | MSE loss: 5.1831e-03 | time: 0.028
I 06.07/22:37:48 solver.py:159 ] Epoch: [195/200][180/282] lr: 5.10e-05 | MSE loss: 5.2621e-03 | time: 0.028
I 06.07/22:37:48 solver.py:159 ] Epoch: [195/200][200/282] lr: 5.10e-05 | MSE loss: 5.2086e-03 | time: 0.028
I 06.07/22:37:49 solver.py:159 ] Epoch: [195/200][220/282] lr: 5.09e-05 | MSE loss: 5.2070e-03 | time: 0.028
I 06.07/22:37:49 solver.py:159 ] Epoch: [195/200][240/282] lr: 5.09e-05 | MSE loss: 5.1320e-03 | time: 0.028
I 06.07/22:37:50 solver.py:159 ] Epoch: [195/200][260/282] lr: 5.09e-05 | MSE loss: 5.1622e-03 | time: 0.028
I 06.07/22:37:51 solver.py:159 ] Epoch: [195/200][280/282] lr: 5.09e-05 | MSE loss: 5.2143e-03 | time: 0.028
I 06.07/22:37:51 solver.py:169 ] => Train  Loss: 5.2002e-03

I 06.07/22:37:51 solver.py:405 ] [20/32] loss: 6.3038e-03 | NMSE: -1.8768e+01 | time: 0.025
I 06.07/22:37:52 solver.py:413 ] => Test NMSE: -1.9559e+01

I 06.07/22:37:52 solver.py:345 ] => LoRA monitor [epoch=195] | trainable=67584/67584 | non_lora_trainable=0 | lora_l2=1.561705e+01 | lora_A_l2=1.263891e+01 | lora_B_l2=9.173343e+00 | component_l2=encoder:1.561705e+01 | lora_abs_max=6.855966e-01 | delta_l2=1.564843e+01 | delta_rel=4.768407e+00 | train_loss=5.200204e-03 | test_loss=5.534030e-03 | nmse=-1.955928e+01
I 06.07/22:37:52 solver.py:224 ] 
=! Best NMSE: -1.9559e+01 (epoch=195)

I 06.07/22:37:52 solver.py:159 ] Epoch: [196/200][20/282] lr: 5.08e-05 | MSE loss: 5.0538e-03 | time: 0.031
I 06.07/22:37:53 solver.py:159 ] Epoch: [196/200][40/282] lr: 5.08e-05 | MSE loss: 4.9969e-03 | time: 0.031
I 06.07/22:37:54 solver.py:159 ] Epoch: [196/200][60/282] lr: 5.08e-05 | MSE loss: 5.1562e-03 | time: 0.030
I 06.07/22:37:54 solver.py:159 ] Epoch: [196/200][80/282] lr: 5.08e-05 | MSE loss: 5.4719e-03 | time: 0.031
I 06.07/22:37:55 solver.py:159 ] Epoch: [196/200][100/282] lr: 5.07e-05 | MSE loss: 5.4353e-03 | time: 0.030
I 06.07/22:37:55 solver.py:159 ] Epoch: [196/200][120/282] lr: 5.07e-05 | MSE loss: 5.3269e-03 | time: 0.030
I 06.07/22:37:56 solver.py:159 ] Epoch: [196/200][140/282] lr: 5.07e-05 | MSE loss: 5.2304e-03 | time: 0.030
I 06.07/22:37:57 solver.py:159 ] Epoch: [196/200][160/282] lr: 5.07e-05 | MSE loss: 5.2072e-03 | time: 0.030
I 06.07/22:37:57 solver.py:159 ] Epoch: [196/200][180/282] lr: 5.07e-05 | MSE loss: 5.2936e-03 | time: 0.030
I 06.07/22:37:58 solver.py:159 ] Epoch: [196/200][200/282] lr: 5.06e-05 | MSE loss: 5.2163e-03 | time: 0.029
I 06.07/22:37:58 solver.py:159 ] Epoch: [196/200][220/282] lr: 5.06e-05 | MSE loss: 5.1206e-03 | time: 0.029
I 06.07/22:37:59 solver.py:159 ] Epoch: [196/200][240/282] lr: 5.06e-05 | MSE loss: 5.1300e-03 | time: 0.029
I 06.07/22:37:59 solver.py:159 ] Epoch: [196/200][260/282] lr: 5.06e-05 | MSE loss: 5.1562e-03 | time: 0.029
I 06.07/22:38:00 solver.py:159 ] Epoch: [196/200][280/282] lr: 5.06e-05 | MSE loss: 5.2069e-03 | time: 0.029
I 06.07/22:38:00 solver.py:169 ] => Train  Loss: 5.2258e-03

I 06.07/22:38:01 solver.py:405 ] [20/32] loss: 6.3068e-03 | NMSE: -1.8766e+01 | time: 0.043
I 06.07/22:38:01 solver.py:413 ] => Test NMSE: -1.9559e+01

I 06.07/22:38:01 solver.py:345 ] => LoRA monitor [epoch=196] | trainable=67584/67584 | non_lora_trainable=0 | lora_l2=1.561957e+01 | lora_A_l2=1.264079e+01 | lora_B_l2=9.175048e+00 | component_l2=encoder:1.561957e+01 | lora_abs_max=6.852228e-01 | delta_l2=1.565098e+01 | delta_rel=4.769183e+00 | train_loss=5.225803e-03 | test_loss=5.534925e-03 | nmse=-1.955858e+01
I 06.07/22:38:01 solver.py:224 ] 
=! Best NMSE: -1.9559e+01 (epoch=195)

I 06.07/22:38:03 solver.py:159 ] Epoch: [197/200][20/282] lr: 5.05e-05 | MSE loss: 5.3411e-03 | time: 0.096
I 06.07/22:38:05 solver.py:159 ] Epoch: [197/200][40/282] lr: 5.05e-05 | MSE loss: 5.4909e-03 | time: 0.079
I 06.07/22:38:05 solver.py:159 ] Epoch: [197/200][60/282] lr: 5.05e-05 | MSE loss: 5.2423e-03 | time: 0.061
I 06.07/22:38:06 solver.py:159 ] Epoch: [197/200][80/282] lr: 5.05e-05 | MSE loss: 5.0396e-03 | time: 0.053
I 06.07/22:38:06 solver.py:159 ] Epoch: [197/200][100/282] lr: 5.05e-05 | MSE loss: 5.2092e-03 | time: 0.048
I 06.07/22:38:07 solver.py:159 ] Epoch: [197/200][120/282] lr: 5.04e-05 | MSE loss: 5.0709e-03 | time: 0.045
I 06.07/22:38:07 solver.py:159 ] Epoch: [197/200][140/282] lr: 5.04e-05 | MSE loss: 5.1218e-03 | time: 0.042
I 06.07/22:38:08 solver.py:159 ] Epoch: [197/200][160/282] lr: 5.04e-05 | MSE loss: 5.2053e-03 | time: 0.040
I 06.07/22:38:08 solver.py:159 ] Epoch: [197/200][180/282] lr: 5.04e-05 | MSE loss: 5.0834e-03 | time: 0.039
I 06.07/22:38:09 solver.py:159 ] Epoch: [197/200][200/282] lr: 5.04e-05 | MSE loss: 5.1621e-03 | time: 0.037
I 06.07/22:38:09 solver.py:159 ] Epoch: [197/200][220/282] lr: 5.04e-05 | MSE loss: 5.0926e-03 | time: 0.036
I 06.07/22:38:10 solver.py:159 ] Epoch: [197/200][240/282] lr: 5.03e-05 | MSE loss: 5.2406e-03 | time: 0.036
I 06.07/22:38:11 solver.py:159 ] Epoch: [197/200][260/282] lr: 5.03e-05 | MSE loss: 5.2662e-03 | time: 0.035
I 06.07/22:38:11 solver.py:159 ] Epoch: [197/200][280/282] lr: 5.03e-05 | MSE loss: 5.2098e-03 | time: 0.035
I 06.07/22:38:11 solver.py:169 ] => Train  Loss: 5.2395e-03

I 06.07/22:38:12 solver.py:405 ] [20/32] loss: 6.3179e-03 | NMSE: -1.8759e+01 | time: 0.017
I 06.07/22:38:12 solver.py:413 ] => Test NMSE: -1.9553e+01

I 06.07/22:38:12 solver.py:345 ] => LoRA monitor [epoch=197] | trainable=67584/67584 | non_lora_trainable=0 | lora_l2=1.562132e+01 | lora_A_l2=1.264205e+01 | lora_B_l2=9.176283e+00 | component_l2=encoder:1.562132e+01 | lora_abs_max=6.849387e-01 | delta_l2=1.565282e+01 | delta_rel=4.769743e+00 | train_loss=5.239519e-03 | test_loss=5.541453e-03 | nmse=-1.955346e+01
I 06.07/22:38:12 solver.py:224 ] 
=! Best NMSE: -1.9559e+01 (epoch=195)

I 06.07/22:38:12 solver.py:159 ] Epoch: [198/200][20/282] lr: 5.03e-05 | MSE loss: 5.7673e-03 | time: 0.027
I 06.07/22:38:13 solver.py:159 ] Epoch: [198/200][40/282] lr: 5.03e-05 | MSE loss: 5.6704e-03 | time: 0.027
I 06.07/22:38:13 solver.py:159 ] Epoch: [198/200][60/282] lr: 5.03e-05 | MSE loss: 5.1311e-03 | time: 0.027
I 06.07/22:38:14 solver.py:159 ] Epoch: [198/200][80/282] lr: 5.03e-05 | MSE loss: 5.1864e-03 | time: 0.028
I 06.07/22:38:14 solver.py:159 ] Epoch: [198/200][100/282] lr: 5.02e-05 | MSE loss: 5.3047e-03 | time: 0.028
I 06.07/22:38:15 solver.py:159 ] Epoch: [198/200][120/282] lr: 5.02e-05 | MSE loss: 5.2068e-03 | time: 0.028
I 06.07/22:38:16 solver.py:159 ] Epoch: [198/200][140/282] lr: 5.02e-05 | MSE loss: 5.1788e-03 | time: 0.028
I 06.07/22:38:16 solver.py:159 ] Epoch: [198/200][160/282] lr: 5.02e-05 | MSE loss: 5.2636e-03 | time: 0.028
I 06.07/22:38:17 solver.py:159 ] Epoch: [198/200][180/282] lr: 5.02e-05 | MSE loss: 5.2353e-03 | time: 0.028
I 06.07/22:38:17 solver.py:159 ] Epoch: [198/200][200/282] lr: 5.02e-05 | MSE loss: 5.1507e-03 | time: 0.028
I 06.07/22:38:18 solver.py:159 ] Epoch: [198/200][220/282] lr: 5.02e-05 | MSE loss: 5.1780e-03 | time: 0.028
I 06.07/22:38:18 solver.py:159 ] Epoch: [198/200][240/282] lr: 5.02e-05 | MSE loss: 5.2360e-03 | time: 0.028
I 06.07/22:38:19 solver.py:159 ] Epoch: [198/200][260/282] lr: 5.01e-05 | MSE loss: 5.2554e-03 | time: 0.028
I 06.07/22:38:19 solver.py:159 ] Epoch: [198/200][280/282] lr: 5.01e-05 | MSE loss: 5.2236e-03 | time: 0.028
I 06.07/22:38:20 solver.py:169 ] => Train  Loss: 5.1988e-03

I 06.07/22:38:20 solver.py:405 ] [20/32] loss: 6.3075e-03 | NMSE: -1.8769e+01 | time: 0.020
I 06.07/22:38:20 solver.py:413 ] => Test NMSE: -1.9560e+01

I 06.07/22:38:20 solver.py:345 ] => LoRA monitor [epoch=198] | trainable=67584/67584 | non_lora_trainable=0 | lora_l2=1.562438e+01 | lora_A_l2=1.264400e+01 | lora_B_l2=9.178811e+00 | component_l2=encoder:1.562438e+01 | lora_abs_max=6.847306e-01 | delta_l2=1.565588e+01 | delta_rel=4.770676e+00 | train_loss=5.198799e-03 | test_loss=5.533582e-03 | nmse=-1.955964e+01
I 06.07/22:38:20 solver.py:224 ] 
=! Best NMSE: -1.9560e+01 (epoch=198)

I 06.07/22:38:21 solver.py:159 ] Epoch: [199/200][20/282] lr: 5.01e-05 | MSE loss: 3.7024e-03 | time: 0.031
I 06.07/22:38:22 solver.py:159 ] Epoch: [199/200][40/282] lr: 5.01e-05 | MSE loss: 4.5818e-03 | time: 0.030
I 06.07/22:38:22 solver.py:159 ] Epoch: [199/200][60/282] lr: 5.01e-05 | MSE loss: 4.8261e-03 | time: 0.030
I 06.07/22:38:23 solver.py:159 ] Epoch: [199/200][80/282] lr: 5.01e-05 | MSE loss: 5.0201e-03 | time: 0.029
I 06.07/22:38:23 solver.py:159 ] Epoch: [199/200][100/282] lr: 5.01e-05 | MSE loss: 5.0437e-03 | time: 0.029
I 06.07/22:38:24 solver.py:159 ] Epoch: [199/200][120/282] lr: 5.01e-05 | MSE loss: 5.1998e-03 | time: 0.028
I 06.07/22:38:24 solver.py:159 ] Epoch: [199/200][140/282] lr: 5.01e-05 | MSE loss: 5.2414e-03 | time: 0.028
I 06.07/22:38:25 solver.py:159 ] Epoch: [199/200][160/282] lr: 5.01e-05 | MSE loss: 5.1853e-03 | time: 0.028
I 06.07/22:38:25 solver.py:159 ] Epoch: [199/200][180/282] lr: 5.01e-05 | MSE loss: 5.1849e-03 | time: 0.028
I 06.07/22:38:26 solver.py:159 ] Epoch: [199/200][200/282] lr: 5.01e-05 | MSE loss: 5.1205e-03 | time: 0.028
I 06.07/22:38:27 solver.py:159 ] Epoch: [199/200][220/282] lr: 5.01e-05 | MSE loss: 5.2306e-03 | time: 0.028
I 06.07/22:38:27 solver.py:159 ] Epoch: [199/200][240/282] lr: 5.00e-05 | MSE loss: 5.1758e-03 | time: 0.028
I 06.07/22:38:28 solver.py:159 ] Epoch: [199/200][260/282] lr: 5.00e-05 | MSE loss: 5.2266e-03 | time: 0.028
I 06.07/22:38:28 solver.py:159 ] Epoch: [199/200][280/282] lr: 5.00e-05 | MSE loss: 5.2104e-03 | time: 0.028
I 06.07/22:38:28 solver.py:169 ] => Train  Loss: 5.1942e-03

I 06.07/22:38:29 solver.py:405 ] [20/32] loss: 6.3066e-03 | NMSE: -1.8768e+01 | time: 0.021
I 06.07/22:38:29 solver.py:413 ] => Test NMSE: -1.9559e+01

I 06.07/22:38:29 solver.py:345 ] => LoRA monitor [epoch=199] | trainable=67584/67584 | non_lora_trainable=0 | lora_l2=1.562586e+01 | lora_A_l2=1.264487e+01 | lora_B_l2=9.180126e+00 | component_l2=encoder:1.562586e+01 | lora_abs_max=6.844149e-01 | delta_l2=1.565739e+01 | delta_rel=4.771139e+00 | train_loss=5.194209e-03 | test_loss=5.534154e-03 | nmse=-1.955919e+01
I 06.07/22:38:29 solver.py:224 ] 
=! Best NMSE: -1.9560e+01 (epoch=198)

I 06.07/22:38:30 solver.py:159 ] Epoch: [200/200][20/282] lr: 5.00e-05 | MSE loss: 5.9501e-03 | time: 0.027
I 06.07/22:38:30 solver.py:159 ] Epoch: [200/200][40/282] lr: 5.00e-05 | MSE loss: 5.4242e-03 | time: 0.028
I 06.07/22:38:31 solver.py:159 ] Epoch: [200/200][60/282] lr: 5.00e-05 | MSE loss: 5.5703e-03 | time: 0.028
I 06.07/22:38:31 solver.py:159 ] Epoch: [200/200][80/282] lr: 5.00e-05 | MSE loss: 5.5506e-03 | time: 0.028
I 06.07/22:38:32 solver.py:159 ] Epoch: [200/200][100/282] lr: 5.00e-05 | MSE loss: 5.4811e-03 | time: 0.027
I 06.07/22:38:32 solver.py:159 ] Epoch: [200/200][120/282] lr: 5.00e-05 | MSE loss: 5.3117e-03 | time: 0.027
I 06.07/22:38:33 solver.py:159 ] Epoch: [200/200][140/282] lr: 5.00e-05 | MSE loss: 5.4109e-03 | time: 0.027
I 06.07/22:38:33 solver.py:159 ] Epoch: [200/200][160/282] lr: 5.00e-05 | MSE loss: 5.5845e-03 | time: 0.027
I 06.07/22:38:34 solver.py:159 ] Epoch: [200/200][180/282] lr: 5.00e-05 | MSE loss: 5.4989e-03 | time: 0.027
I 06.07/22:38:34 solver.py:159 ] Epoch: [200/200][200/282] lr: 5.00e-05 | MSE loss: 5.3834e-03 | time: 0.027
I 06.07/22:38:35 solver.py:159 ] Epoch: [200/200][220/282] lr: 5.00e-05 | MSE loss: 5.3315e-03 | time: 0.027
I 06.07/22:38:35 solver.py:159 ] Epoch: [200/200][240/282] lr: 5.00e-05 | MSE loss: 5.2230e-03 | time: 0.027
I 06.07/22:38:36 solver.py:159 ] Epoch: [200/200][260/282] lr: 5.00e-05 | MSE loss: 5.1849e-03 | time: 0.027
I 06.07/22:38:37 solver.py:159 ] Epoch: [200/200][280/282] lr: 5.00e-05 | MSE loss: 5.2121e-03 | time: 0.027
I 06.07/22:38:37 solver.py:169 ] => Train  Loss: 5.1939e-03

I 06.07/22:38:37 solver.py:159 ] Epoch: [200/200][20/32] lr: 5.00e-05 | MSE loss: 6.3084e-03 | time: 0.020
I 06.07/22:38:37 solver.py:169 ] => Val  Loss: 5.4413e-03

I 06.07/22:38:38 solver.py:405 ] [20/32] loss: 6.3084e-03 | NMSE: -1.8771e+01 | time: 0.021
I 06.07/22:38:38 solver.py:413 ] => Test NMSE: -1.9560e+01

I 06.07/22:38:38 solver.py:345 ] => LoRA monitor [epoch=200] | trainable=67584/67584 | non_lora_trainable=0 | lora_l2=1.562851e+01 | lora_A_l2=1.264692e+01 | lora_B_l2=9.181811e+00 | component_l2=encoder:1.562851e+01 | lora_abs_max=6.843532e-01 | delta_l2=1.566008e+01 | delta_rel=4.771956e+00 | train_loss=5.193941e-03 | val_loss=5.441316e-03 | test_loss=5.533045e-03 | nmse=-1.956006e+01
I 06.07/22:38:38 solver.py:224 ] 
=! Best NMSE: -1.9560e+01 (epoch=200)

I 06.07/22:38:52 solver.py:247 ] => Saved encoder outputs to /home/hujiacong/zxd/Huawei/TransNet/exps/WAIRD/seed797/scenario_2/01105_encoder_ffn_8_64_torch_independent/encoder_output.pth
I 06.07/22:38:52 solver.py:405 ] [20/32] loss: 6.3084e-03 | NMSE: -1.8771e+01 | time: 0.021
I 06.07/22:38:52 solver.py:413 ] => Test NMSE: -1.9560e+01

I 06.07/22:38:52 solver.py:370 ] 
=> Test result: 
loss: 5.5330e-03    NMSE: -1.9560e+01

I 06.07/22:38:52 main.py:110 ] 
=! Final test loss: 5.5330e-03
         test NMSE: -1.9560e+01

